
> political-life-rpg@0.2.0 build
> npm run typecheck && node scripts/clean-build.mjs && vite build && node scripts/prepare-sites-build.mjs


> political-life-rpg@0.2.0 typecheck
> node --import tsx scripts/dev-lab/typecheck.ts

(!) Your Vite config uses features that are unsupported by `configLoader: 'native'`, which is planned to become the default in a future major version of Vite:
  - import "./scripts/dev-lab/vite-identity" without a file extension (vite.config.ts:6:33). Add the file extension
  - import "./identity" without a file extension (scripts/dev-lab/vite-identity.ts:3:32). Add the file extension
Set `VITE_CONFIG_NATIVE_IGNORE_WARNING=true` to suppress this warning.
vite v8.2.2 building client environment for production...
transforming...
✓ 2233 modules transformed.
rendering chunks...
computing gzip size...
dist/client/review.html                                                                                                                 0.75 kB │ gzip:   0.37 kB
dist/client/index.html                                                                                                                  4.26 kB │ gzip:   1.08 kB
dist/client/assets/dev_top_tee_teal_seated_v1-HQmX5SCx.png                                                                              4.99 kB
dist/client/assets/dev_top_tee_teal_standing_v1-BVnQ-B2k.png                                                                            5.34 kB
dist/client/assets/dev_g2_top_knit_olive_seated_v1-Dd8QdQvn.png                                                                         5.78 kB
dist/client/assets/fit_body_adult_heavy_standing_v1-D70wrA52.png                                                                        5.92 kB
dist/client/assets/dev_body_adult_seated_v1-BQl4lFOH.png                                                                                6.44 kB
dist/client/assets/dev_g2_top_knit_olive_standing_v1-BUcg9Xq3.png                                                                       6.47 kB
dist/client/assets/standing-listening__front-CJwSdjip.svg                                                                               6.55 kB │ gzip:   1.02 kB
dist/client/assets/standing-conversational__front-CvEznG6k.svg                                                                          6.56 kB │ gzip:   1.07 kB
dist/client/assets/standing-neutral__front-yZyThIeq.svg                                                                                 6.56 kB │ gzip:   1.04 kB
dist/client/assets/standing-podium-or-lectern__front-C8mNl2_B.svg                                                                       6.56 kB │ gzip:   1.04 kB
dist/client/assets/dev_g2_body_slim_deep_rich_seated_v1-DCCAGizV.png                                                                    6.57 kB
dist/client/assets/dev_g2_body_slim_medium_warm_seated_v1-DvpNAfzA.png                                                                  6.73 kB
dist/client/assets/dev_g2_body_broad_deep_rich_seated_v1-BijtEZf5.png                                                                   6.74 kB
dist/client/assets/dev_g2_body_slim_light_seated_v1-BW1AcQ55.png                                                                        6.75 kB
dist/client/assets/seated-at-desk__front-CEqfjtvD.svg                                                                                   6.79 kB │ gzip:   1.06 kB
dist/client/assets/seated-guest-neutral__front-B7GBPIE8.svg                                                                             6.79 kB │ gzip:   1.07 kB
dist/client/assets/dev_g2_body_broad_medium_warm_seated_v1-CVbgFVPi.png                                                                 6.90 kB
dist/client/assets/dev_g2_body_broad_light_seated_v1-Bou7y5ZO.png                                                                       6.93 kB
dist/client/assets/fit_body_adult_average_standing_v1-I0kmOrkY.png                                                                      7.18 kB
dist/client/assets/fit_body_adult_lean_standing_v1-CRLYd83A.png                                                                         7.50 kB
dist/client/assets/dev_top_blazer_navy_seated_v1-LC-OILeA.png                                                                           7.83 kB
dist/client/assets/dev_g2_top_suit_charcoal_seated_v1-BSAkGVWV.png                                                                      8.33 kB
dist/client/assets/dev_body_adult_standing_v1-Vd4DR-d3.png                                                                              8.36 kB
dist/client/assets/dev_top_blazer_navy_standing_v1-DaRODaFE.png                                                                         8.60 kB
dist/client/assets/dev_g2_body_slim_deep_rich_standing_v1-CxiLQLG-.png                                                                  8.94 kB
dist/client/assets/dev_g2_body_broad_deep_rich_standing_v1-D2J8qjq0.png                                                                 9.06 kB
dist/client/assets/dev_g2_body_slim_light_standing_v1-C8G3qi5O.png                                                                      9.07 kB
dist/client/assets/dev_g2_body_slim_medium_warm_standing_v1-16N7x4bF.png                                                                9.11 kB
dist/client/assets/dev_g2_top_suit_charcoal_standing_v1-BCkNlxRk.png                                                                    9.17 kB
dist/client/assets/dev_g2_body_broad_light_standing_v1-JyoE0AzC.png                                                                     9.21 kB
dist/client/assets/dev_g2_body_broad_medium_warm_standing_v1-D6fugbdk.png                                                               9.22 kB
dist/client/assets/pv4_hair_24_olive_oval_adult_v1_back-Y1IzgLd7.png                                                                   10.15 kB
dist/client/assets/pv4_hair_24_light_long_older_v1_back-D-mKTCiQ.png                                                                   10.37 kB
dist/client/assets/pv4_hair_24_tan_round_young_v1_back-B4BGLse9.png                                                                    10.73 kB
dist/client/assets/pv4_hair_24_light_square_older_masc_v1_back-DGdEbeT3.png                                                            11.08 kB
dist/client/assets/pv4_hair_24_light_square_older_lined_v1_back-BPRRbNI5.png                                                           11.30 kB
dist/client/assets/pv4_hair_25_olive_oval_adult_v1_back-B6HFI0Ml.png                                                                   14.14 kB
dist/client/assets/pv4_hair_25_light_long_older_v1_back-DzpNMSes.png                                                                   14.52 kB
dist/client/assets/pv4_hair_25_tan_round_young_v1_back-CvI52_zN.png                                                                    15.00 kB
dist/client/assets/pv4_hair_49_olive_oval_adult_v1_front-CeL4ubpX.png                                                                  15.13 kB
dist/client/assets/pv4_hair_49_light_long_older_v1_front-CDvxTTEu.png                                                                  15.45 kB
dist/client/assets/pv4_hair_15_olive_oval_adult_v1_back-BgcWevgv.png                                                                   15.48 kB
dist/client/assets/pv4_hair_25_light_square_older_masc_v1_back-286fBPba.png                                                            15.53 kB
dist/client/assets/pv4_hair_15_light_long_older_v1_back-BwILnPGV.png                                                                   15.69 kB
dist/client/assets/pv4_hair_25_light_square_older_lined_v1_back-Dd9aqeE3.png                                                           15.84 kB
dist/client/assets/pv4_hair_49_tan_round_young_v1_front-B9JBOkTB.png                                                                   16.02 kB
dist/client/assets/pv4_hair_15_tan_round_young_v1_back-CE1WTh-M.png                                                                    16.10 kB
dist/client/assets/pv4_hair_49_light_square_older_masc_v1_front-CKbgtoMe.png                                                           16.58 kB
dist/client/assets/pv4_hair_15_light_square_older_masc_v1_back-Df45lWs3.png                                                            16.74 kB
dist/client/assets/pv4_hair_51_olive_oval_adult_v1_front-qXVu-tIZ.png                                                                  16.84 kB
dist/client/assets/pv4_hair_49_light_square_older_lined_v1_front-C6FI6qWu.png                                                          16.96 kB
dist/client/assets/pv4_hair_15_light_square_older_lined_v1_back-DSjhaWUl.png                                                           17.05 kB
dist/client/assets/pv4_hair_51_light_long_older_v1_front-C4FB6hYB.png                                                                  17.08 kB
dist/client/assets/pv4_hair_27_olive_oval_adult_v1_back-DjREYK54.png                                                                   17.15 kB
dist/client/assets/pv4_hair_27_light_long_older_v1_back-CemuG5XZ.png                                                                   17.42 kB
dist/client/assets/pv4_hair_51_tan_round_young_v1_front-BCy-0GCr.png                                                                   17.71 kB
dist/client/assets/pv4_hair_45_olive_oval_adult_v1_front-CV9S6ZbW.png                                                                  17.81 kB
dist/client/assets/pv4_hair_27_tan_round_young_v1_back-BthBxD4T.png                                                                    17.98 kB
dist/client/assets/pv4_hair_45_light_long_older_v1_front-CfSbScuG.png                                                                  18.10 kB
dist/client/assets/pv4_hair_51_light_square_older_masc_v1_front-jTSFh0gL.png                                                           18.33 kB
dist/client/assets/pv4_hair_61_olive_oval_adult_v1_front-CQvty-DM.png                                                                  18.46 kB
dist/client/assets/pv4_hair_50_olive_oval_adult_v1_front-DNe1VL36.png                                                                  18.50 kB
dist/client/assets/pv4_hair_27_light_square_older_masc_v1_back-BDcYjrgb.png                                                            18.68 kB
dist/client/assets/pv4_hair_51_light_square_older_lined_v1_front-VRkaU_O9.png                                                          18.69 kB
dist/client/assets/pv4_hair_50_light_long_older_v1_front-CDTErihg.png                                                                  18.78 kB
dist/client/assets/pv4_hair_61_light_long_older_v1_front-7KPlQqAe.png                                                                  18.87 kB
dist/client/assets/pv4_hair_45_tan_round_young_v1_front-fYaRsxL7.png                                                                   19.01 kB
dist/client/assets/pv4_hair_27_light_square_older_lined_v1_back-Bf43wQUM.png                                                           19.16 kB
dist/client/assets/pv4_hair_48_olive_oval_adult_v1_front-D5GHfywh.png                                                                  19.39 kB
dist/client/assets/pv4_hair_61_tan_round_young_v1_front-CWduOo1-.png                                                                   19.48 kB
dist/client/assets/pv4_hair_50_tan_round_young_v1_front-CPwNhckg.png                                                                   19.59 kB
dist/client/assets/pv4_hair_45_light_square_older_masc_v1_front-B6fWYbgN.png                                                           19.67 kB
dist/client/assets/pv4_hair_48_light_long_older_v1_front-CXFaIwCZ.png                                                                  19.84 kB
dist/client/assets/pv4_hair_45_light_square_older_lined_v1_front-7izF_4sC.png                                                          19.93 kB
dist/client/assets/pv4_hair_18_olive_oval_adult_v1_back-DR2cYcHH.png                                                                   20.01 kB
dist/client/assets/pv4_hair_13_olive_oval_adult_v1_back-DRyEFjk6.png                                                                   20.13 kB
dist/client/assets/pv4_hair_61_light_square_older_masc_v1_front-DSsDW8UE.png                                                           20.15 kB
dist/client/assets/pv4_hair_50_light_square_older_masc_v1_front-CJXE_8EM.png                                                           20.20 kB
dist/client/assets/pv4_hair_13_light_long_older_v1_back-C_XXYEkw.png                                                                   20.47 kB
dist/client/assets/pv4_hair_48_tan_round_young_v1_front-DkgB1I3Q.png                                                                   20.49 kB
dist/client/assets/pv4_hair_61_light_square_older_lined_v1_front-DgVHnsub.png                                                          20.61 kB
dist/client/assets/pv4_hair_50_light_square_older_lined_v1_front-BYUUU5ut.png                                                          20.67 kB
dist/client/assets/pv4_hair_25_olive_oval_adult_v1_front-BGWViAfo.png                                                                  20.71 kB
dist/client/assets/pv4_hair_18_light_long_older_v1_back-1p29Fg0p.png                                                                   20.90 kB
dist/client/assets/pv4_hair_25_light_long_older_v1_front-F4wcaoRh.png                                                                  20.99 kB
dist/client/assets/pv4_hair_13_tan_round_young_v1_back-BnNNrzgi.png                                                                    21.14 kB
dist/client/assets/pv4_hair_48_light_square_older_masc_v1_front-Drp1kIp4.png                                                           21.19 kB
dist/client/assets/pg_shoe_009_low_practical_flats_wave_a_skinny_woman_rt960_standing_neutral_v1-C81ea7SB.png                          21.40 kB
dist/client/assets/pv4_hair_41_olive_oval_adult_v1_front-CMOPVnVt.png                                                                  21.48 kB
dist/client/assets/pv4_hair_18_tan_round_young_v1_back-QtA16YWm.png                                                                    21.54 kB
dist/client/assets/pv4_hair_48_light_square_older_lined_v1_front-C6rutYGB.png                                                          21.56 kB
dist/client/assets/pv4_hair_46_olive_oval_adult_v1_front-I6WmCXnh.png                                                                  21.63 kB
dist/client/assets/pg_shoe_009_low_practical_flats_wave_a_average_woman_rt960_standing_neutral_v1-CBAkq7o3.png                         21.65 kB
dist/client/assets/pv4_hair_41_light_long_older_v1_front-CRrBG95D.png                                                                  21.73 kB
dist/client/assets/pv4_hair_25_tan_round_young_v1_front-Db3HLjLl.png                                                                   21.79 kB
dist/client/assets/pg_hair_f_black_001_short_tapered_afro_v1-DiemAqh0.png                                                              21.79 kB
dist/client/assets/pg_shoe_004_leather_loafers_wave_a_skinny_woman_rt960_standing_neutral_v1-DVqijP0D.png                              21.81 kB
dist/client/assets/pv4_hair_01_olive_oval_adult_v1_front-CtCoS-L0.png                                                                  21.88 kB
dist/client/assets/pv4_hair_33_olive_oval_adult_v1_front-FlW9D5_B.png                                                                  21.89 kB
dist/client/assets/pv4_hair_13_light_square_older_masc_v1_back-DcqAFIbO.png                                                            21.90 kB
dist/client/assets/pv4_hair_18_light_square_older_masc_v1_back-Akq5bWHD.png                                                            21.97 kB
dist/client/assets/pg_shoe_004_leather_loafers_wave_a_average_woman_rt960_standing_neutral_v1-DbZrQXal.png                             22.05 kB
dist/client/assets/pv4_hair_60_olive_oval_adult_v1_front-Bakisqv4.png                                                                  22.10 kB
dist/client/assets/pv4_hair_46_light_long_older_v1_front-g-XCJEFb.png                                                                  22.11 kB
dist/client/assets/pv4_hair_24_olive_oval_adult_v1_front-Bc1hO7EE.png                                                                  22.16 kB
dist/client/assets/pv4_hair_01_light_long_older_v1_front-CsGVEhIP.png                                                                  22.21 kB
dist/client/assets/pv4_hair_41_olive_oval_adult_v1_back-rLfTr9mv.png                                                                   22.27 kB
dist/client/assets/pv4_hair_07_olive_oval_adult_v1_back-ZsJ3Tu14.png                                                                   22.27 kB
dist/client/assets/pv4_hair_33_light_long_older_v1_front-DMrx7JNT.png                                                                  22.31 kB
dist/client/assets/pv4_hair_13_light_square_older_lined_v1_back-DPUNdS0A.png                                                           22.33 kB
dist/client/assets/pv4_hair_41_tan_round_young_v1_front-C4Of9QsP.png                                                                   22.38 kB
dist/client/assets/pv4_hair_18_light_square_older_lined_v1_back-BVEQR6yz.png                                                           22.40 kB
dist/client/assets/pv4_hair_57_olive_oval_adult_v1_front-VM4fXWfK.png                                                                  22.43 kB
dist/client/assets/pg_head_m_002_white_adult_v1-D4qpGeqN.png                                                                           22.46 kB
dist/client/assets/pv4_hair_60_light_long_older_v1_front-aTaK6yKO.png                                                                  22.48 kB
dist/client/assets/pv4_hair_24_light_long_older_v1_front-CWqTA_hu.png                                                                  22.49 kB
dist/client/assets/pv4_hair_25_light_square_older_masc_v1_front-I-0QDdcB.png                                                           22.57 kB
dist/client/assets/pv4_hair_41_light_long_older_v1_back-BZO6aTGO.png                                                                   22.59 kB
dist/client/assets/pv4_hair_53_olive_oval_adult_v1_front-lgDZM94I.png                                                                  22.59 kB
dist/client/assets/pg_shoe_009_low_practical_flats_ml_v1-C-zVK61N.png                                                                  22.69 kB
dist/client/assets/pg_head_f_01_bald_neutral_v1-CmQQrFjg.png                                                                           22.73 kB
dist/client/assets/pg_head_m_001_black_young_adult_v1-Ab6IF1KI.png                                                                     22.76 kB
dist/client/assets/pv4_hair_25_light_square_older_lined_v1_front-B4ppSAh3.png                                                          22.80 kB
dist/client/assets/pv4_hair_46_tan_round_young_v1_front-BOhjspC7.png                                                                   22.89 kB
dist/client/assets/pv4_hair_57_light_long_older_v1_front-rDqqYhHa.png                                                                  22.90 kB
dist/client/assets/pv4_hair_07_light_long_older_v1_back-DJS3pHbJ.png                                                                   22.90 kB
dist/client/assets/pg_shoe_009_low_practical_flats_wave_a_skinny_man_rt960_standing_neutral_v1-Vx5lgsCR.png                            22.93 kB
dist/client/assets/pv4_hair_53_light_long_older_v1_front-CLSXSbx4.png                                                                  22.97 kB
dist/client/assets/pv4_hair_01_tan_round_young_v1_front-BUOcZ6c8.png                                                                   23.04 kB
dist/client/assets/pg_shoe_004_leather_loafers_ml_v1-486R6jIn.png                                                                      23.07 kB
dist/client/assets/pv4_hair_33_tan_round_young_v1_front-CXWzXSv6.png                                                                   23.21 kB
dist/client/assets/pv4_hair_24_tan_round_young_v1_front-BhF7WdK8.png                                                                   23.30 kB
dist/client/assets/pv4_hair_60_tan_round_young_v1_front-BAXJjI7k.png                                                                   23.38 kB
dist/client/assets/pv4_hair_41_light_square_older_masc_v1_front-CZKrg5_E.png                                                           23.39 kB
dist/client/assets/pv4_hair_41_tan_round_young_v1_back-VPdBhipR.png                                                                    23.57 kB
dist/client/assets/pv4_hair_07_tan_round_young_v1_back-BSQ6cGid.png                                                                    23.59 kB
dist/client/assets/pv4_hair_46_light_square_older_masc_v1_front-GTBTOpY_.png                                                           23.61 kB
dist/client/assets/pv4_hair_57_tan_round_young_v1_front-BYzz-s1Q.png                                                                   23.64 kB
dist/client/assets/pg_shoe_004_leather_loafers_wave_a_skinny_man_rt960_standing_neutral_v1-Cc2z--X0.png                                23.64 kB
dist/client/assets/pv4_hair_41_light_square_older_lined_v1_front-rdNDvBLn.png                                                          23.81 kB
dist/client/assets/pv4_hair_33_light_square_older_masc_v1_front-Brkr6Yio.png                                                           23.84 kB
dist/client/assets/pv4_hair_53_tan_round_young_v1_front-uu5b11Jn.png                                                                   23.85 kB
dist/client/assets/pv4_hair_01_light_square_older_masc_v1_front-CKLspw0Q.png                                                           23.87 kB
dist/client/assets/pv4_hair_02_olive_oval_adult_v1_front-CaIS6kC9.png                                                                  24.06 kB
dist/client/assets/pg_shoe_001_low_top_sneakers_wave_a_skinny_woman_rt960_standing_neutral_v1-DPwiFLHj.png                             24.09 kB
dist/client/assets/pv4_hair_46_light_square_older_lined_v1_front-DQUrwA2W.png                                                          24.11 kB
dist/client/assets/pv4_hair_24_light_square_older_masc_v1_front-Ckks-rje.png                                                           24.19 kB
dist/client/assets/pv4_hair_60_light_square_older_masc_v1_front-15-Ld5s8.png                                                           24.26 kB
dist/client/assets/pg_head_m_004_east_asian_young_adult_v1-CjBrw0-B.png                                                                24.26 kB
dist/client/assets/pv4_hair_33_light_square_older_lined_v1_front-pploOGai.png                                                          24.26 kB
dist/client/assets/pv4_hair_07_light_square_older_masc_v1_back-DDeQDGiG.png                                                            24.29 kB
dist/client/assets/pv4_hair_41_light_square_older_masc_v1_back-B8VJyUA_.png                                                            24.33 kB
dist/client/assets/pv4_hair_01_light_square_older_lined_v1_front-B-EFx9Vt.png                                                          24.34 kB
dist/client/assets/pv4_hair_57_light_square_older_masc_v1_front-97QgLWOK.png                                                           24.42 kB
dist/client/assets/pv4_hair_02_light_long_older_v1_front-CDe_xo2S.png                                                                  24.45 kB
dist/client/assets/pv4_hair_60_light_square_older_lined_v1_front-D_EGHpeM.png                                                          24.57 kB
dist/client/assets/pv4_hair_62_olive_oval_adult_v1_front-haHyoP2y.png                                                                  24.58 kB
dist/client/assets/pv4_hair_24_light_square_older_lined_v1_front-CFYYZdFg.png                                                          24.59 kB
dist/client/assets/pg_shoe_001_low_top_sneakers_wave_a_average_woman_rt960_standing_neutral_v1-D5FFyr9p.png                            24.61 kB
dist/client/assets/pv4_hair_53_light_square_older_masc_v1_front-BCoqt1QT.png                                                           24.65 kB
dist/client/assets/pv4_hair_43_olive_oval_adult_v1_front-Dz_PYnBX.png                                                                  24.77 kB
dist/client/assets/pv4_hair_41_light_square_older_lined_v1_back-DaoCo0ut.png                                                           24.79 kB
dist/client/assets/pv4_hair_57_light_square_older_lined_v1_front-oWU5Fp8r.png                                                          24.84 kB
dist/client/assets/pv4_hair_07_light_square_older_lined_v1_back-BXtxnV69.png                                                           24.91 kB
dist/client/assets/pv4_hair_62_light_long_older_v1_front-D0tSK8Yk.png                                                                  24.95 kB
dist/client/assets/pv4_hair_53_light_square_older_lined_v1_front-BjEOW68S.png                                                          25.13 kB
dist/client/assets/pv4_hair_43_light_long_older_v1_front-gYbYZlFo.png                                                                  25.19 kB
dist/client/assets/pg_shoe_009_low_practical_flats_wave_a_older_woman_rt960_standing_neutral_v1-BTGBN3xA.png                           25.33 kB
dist/client/assets/pv4_hair_02_tan_round_young_v1_front-DOzXk5Mx.png                                                                   25.34 kB
dist/client/assets/pv4_hair_04_olive_oval_adult_v1_front-CfGFbP5C.png                                                                  25.60 kB
dist/client/assets/pg_shoe_001_low_top_sneakers_ml_v1-3lMRE4sR.png                                                                     25.62 kB
dist/client/assets/pv4_hair_44_olive_oval_adult_v1_front-BIGXL7zx.png                                                                  25.66 kB
dist/client/assets/pg_head_m_005_black_older_adult_v1-sgQwoMtP.png                                                                     25.97 kB
dist/client/assets/pv4_hair_62_tan_round_young_v1_front-CKa1UhWw.png                                                                   25.99 kB
dist/client/assets/pv4_hair_43_tan_round_young_v1_front-QZyzxSKa.png                                                                   26.06 kB
dist/client/assets/pv4_hair_44_light_long_older_v1_front-DMi_Av17.png                                                                  26.10 kB
dist/client/assets/pg_shoe_004_leather_loafers_wave_a_older_woman_rt960_standing_neutral_v1-yu0oXH_f.png                               26.10 kB
dist/client/assets/pv4_hair_04_light_long_older_v1_front-ciqhebpK.png                                                                  26.12 kB
dist/client/assets/pg_shoe_001_low_top_sneakers_wave_a_skinny_man_rt960_standing_neutral_v1-DEhAQK-P.png                               26.25 kB
dist/client/assets/pv4_hair_02_light_square_older_masc_v1_front-DXI1aGeU.png                                                           26.29 kB
dist/client/assets/pg_shoe_009_low_practical_flats_wave_a_fat_man_rt960_standing_neutral_v1-CJxYsxWG.png                               26.65 kB
dist/client/assets/pv4_hair_02_light_square_older_lined_v1_front-CEc6E3uk.png                                                          26.77 kB
dist/client/assets/pg_shoe_009_low_practical_flats_wave_a_average_man_rt960_standing_neutral_v1-kwPhY78g.png                           26.85 kB
dist/client/assets/pv4_hair_43_light_square_older_masc_v1_front-DWuflN_D.png                                                           26.90 kB
dist/client/assets/pv4_hair_62_light_square_older_masc_v1_front-DtsDjGuB.png                                                           26.98 kB
dist/client/assets/pv4_hair_04_tan_round_young_v1_front-BzQL7fTK.png                                                                   27.10 kB
dist/client/assets/pv4_hair_44_tan_round_young_v1_front-RWkYzT2G.png                                                                   27.14 kB
dist/client/assets/pg_shoe_004_leather_loafers_wave_a_fat_man_rt960_standing_neutral_v1-DSMh5CQi.png                                   27.43 kB
dist/client/assets/pv4_hair_62_light_square_older_lined_v1_front-C3-Q1p0E.png                                                          27.48 kB
dist/client/assets/pv4_hair_43_light_square_older_lined_v1_front-TY9PmxLO.png                                                          27.49 kB
dist/client/assets/pv4_hair_42_olive_oval_adult_v1_front-BVyyvHtX.png                                                                  27.50 kB
dist/client/assets/pg_shoe_004_leather_loafers_wave_a_average_man_rt960_standing_neutral_v1-BbaUFmAT.png                               27.52 kB
dist/client/assets/pv4_hair_33_olive_oval_adult_v1_back-Dv4Kayfd.png                                                                   27.56 kB
dist/client/assets/pv4_hair_56_olive_oval_adult_v1_front-CrPXCXMJ.png                                                                  27.60 kB
dist/client/assets/pv4_hair_42_light_long_older_v1_front-CO57DYdc.png                                                                  27.87 kB
dist/client/assets/pv4_hair_19_olive_oval_adult_v1_back-iKsGHqwN.png                                                                   28.04 kB
dist/client/assets/pv4_hair_04_light_square_older_masc_v1_front-BtaWX29z.png                                                           28.09 kB
dist/client/assets/pv4_hair_56_light_long_older_v1_front-BY2ew3DK.png                                                                  28.14 kB
dist/client/assets/pv4_hair_33_light_long_older_v1_back-Dsy9iv3A.png                                                                   28.14 kB
dist/client/assets/pv4_hair_44_light_square_older_masc_v1_front-BJl6JJMn.png                                                           28.17 kB
dist/client/assets/pv4_hair_19_light_long_older_v1_back-DN9YZlvS.png                                                                   28.51 kB
dist/client/assets/pv4_hair_04_light_square_older_lined_v1_front-yb1sFmd3.png                                                          28.57 kB
dist/client/assets/pv4_hair_44_light_square_older_lined_v1_front-C-OYu-JC.png                                                          28.72 kB
dist/client/assets/pg_shoe_001_low_top_sneakers_wave_a_older_woman_rt960_standing_neutral_v1-Bc0qlDEP.png                              28.92 kB
dist/client/assets/pv4_hair_30_olive_oval_adult_v1_front-DnnrZMhy.png                                                                  29.05 kB
dist/client/assets/pv4_hair_42_tan_round_young_v1_front-BAYTD0e6.png                                                                   29.07 kB
dist/client/assets/pv4_hair_33_tan_round_young_v1_back-CUBC5itz.png                                                                    29.11 kB
dist/client/assets/pv4_hair_56_tan_round_young_v1_front-BB_vfTy1.png                                                                   29.20 kB
dist/client/assets/pv4_hair_30_light_long_older_v1_front-4h6bWd4H.png                                                                  29.65 kB
dist/client/assets/pv4_hair_19_tan_round_young_v1_back-BV9ju8AN.png                                                                    29.65 kB
dist/client/assets/pv4_hair_42_light_square_older_masc_v1_front-CIzq303w.png                                                           30.08 kB
dist/client/assets/pv4_hair_33_light_square_older_masc_v1_back-BpV57w3w.png                                                            30.17 kB
dist/client/assets/pg_shoe_001_low_top_sneakers_wave_a_fat_man_rt960_standing_neutral_v1-B3OUmNmp.png                                  30.26 kB
dist/client/assets/pv4_hair_56_light_square_older_masc_v1_front-QLPswJVV.png                                                           30.32 kB
dist/client/assets/pv4_hair_37_olive_oval_adult_v1_front-D27sMTqG.png                                                                  30.35 kB
dist/client/assets/pv4_hair_47_olive_oval_adult_v1_front-BK9u4mgh.png                                                                  30.44 kB
dist/client/assets/pv4_hair_42_light_square_older_lined_v1_front-xVbzvLn4.png                                                          30.48 kB
dist/client/assets/pv4_hair_19_light_square_older_masc_v1_back-BDD3SZKw.png                                                            30.57 kB
dist/client/assets/pv4_hair_30_tan_round_young_v1_front-Ba3-6Pjg.png                                                                   30.61 kB
dist/client/assets/pg_shoe_001_low_top_sneakers_wave_a_average_man_rt960_standing_neutral_v1-DKHGBL6C.png                              30.62 kB
dist/client/assets/pv4_hair_33_light_square_older_lined_v1_back-BMQfR01F.png                                                           30.66 kB
dist/client/assets/pv4_hair_56_light_square_older_lined_v1_front-DsVWpdxO.png                                                          30.95 kB
dist/client/assets/pg_hair_f_black_005_high_puff_v1-CgVnNKgp.png                                                                       30.96 kB
dist/client/assets/pv4_hair_37_light_long_older_v1_front-BZWb-MYj.png                                                                  30.96 kB
dist/client/assets/pv4_hair_47_light_long_older_v1_front-6gXi75BY.png                                                                  30.97 kB
dist/client/assets/pv4_hair_19_light_square_older_lined_v1_back-B3XVuR7n.png                                                           31.15 kB
dist/client/assets/pv4_hair_06_olive_oval_adult_v1_back-u8ZBfb1I.png                                                                   31.23 kB
dist/client/assets/pv4_hair_55_olive_oval_adult_v1_front-Di4j5R4v.png                                                                  31.23 kB
dist/client/assets/pv4_hair_22_olive_oval_adult_v1_front-Bv-qsK1-.png                                                                  31.64 kB
dist/client/assets/pv4_hair_30_light_square_older_masc_v1_front-C4Xz8SYf.png                                                           31.72 kB
dist/client/assets/pv4_hair_06_light_long_older_v1_back-CldVUhIE.png                                                                   31.73 kB
dist/client/assets/pv4_hair_55_light_long_older_v1_front-JtqeeWZF.png                                                                  31.79 kB
dist/client/assets/pv4_hair_47_tan_round_young_v1_front-W5DTT0Za.png                                                                   32.04 kB
dist/client/assets/pv4_hair_37_tan_round_young_v1_front-DMeH_oNB.png                                                                   32.14 kB
dist/client/assets/pv4_hair_30_light_square_older_lined_v1_front--H6GLu27.png                                                          32.20 kB
dist/client/assets/pv4_hair_22_light_long_older_v1_front-rVpPO_MY.png                                                                  32.29 kB
dist/client/assets/pv4_hair_36_olive_oval_adult_v1_front-DWvzyEnG.png                                                                  32.39 kB
dist/client/assets/pv4_hair_59_olive_oval_adult_v1_front-BtYc9yh5.png                                                                  32.75 kB
dist/client/assets/pv4_hair_55_tan_round_young_v1_front-ov7SNSLK.png                                                                   32.93 kB
dist/client/assets/pv4_hair_36_light_long_older_v1_front-DxuhGc6O.png                                                                  33.06 kB
dist/client/assets/pv4_hair_06_tan_round_young_v1_back-jVm1e7r_.png                                                                    33.13 kB
dist/client/assets/pv4_hair_47_light_square_older_masc_v1_front-Dnpo70Nb.png                                                           33.19 kB
dist/client/assets/pv4_hair_59_light_long_older_v1_front-o067aarf.png                                                                  33.23 kB
dist/client/assets/pv4_hair_37_light_square_older_masc_v1_front-CTk3176_.png                                                           33.27 kB
dist/client/assets/pv4_hair_03_olive_oval_adult_v1_front-BQlva7g2.png                                                                  33.27 kB
dist/client/assets/pv4_hair_22_tan_round_young_v1_front-BpKAHOSN.png                                                                   33.59 kB
dist/client/assets/pv4_hair_22_olive_oval_adult_v1_back-CntFVSWv.png                                                                   33.72 kB
dist/client/assets/pv4_hair_03_light_long_older_v1_front-8dIL69R_.png                                                                  33.77 kB
dist/client/assets/pv4_hair_37_light_square_older_lined_v1_front-BOzNt1RR.png                                                          33.80 kB
dist/client/assets/pv4_hair_47_light_square_older_lined_v1_front-Cm4sL66g.png                                                          33.96 kB
dist/client/assets/pv4_hair_06_light_square_older_masc_v1_back-CVddrmZT.png                                                            34.07 kB
dist/client/assets/pv4_hair_55_light_square_older_masc_v1_front-CoQfu37E.png                                                           34.14 kB
dist/client/assets/pv4_hair_22_light_long_older_v1_back-BJ-O_p_s.png                                                                   34.30 kB
dist/client/assets/pv4_hair_36_tan_round_young_v1_front-CVvlio6R.png                                                                   34.34 kB
dist/client/assets/pv4_hair_15_olive_oval_adult_v1_front-B1YjeRq5.png                                                                  34.39 kB
dist/client/assets/pv4_hair_59_tan_round_young_v1_front-Cjw3KnG6.png                                                                   34.54 kB
dist/client/assets/pv4_hair_06_light_square_older_lined_v1_back--712T435.png                                                           34.65 kB
dist/client/assets/pv4_hair_22_light_square_older_masc_v1_front-BsD594Fi.png                                                           34.76 kB
dist/client/assets/pv4_hair_55_light_square_older_lined_v1_front-CLhgNXJh.png                                                          34.82 kB
dist/client/assets/pv4_hair_03_tan_round_young_v1_front-DPL2S3YN.png                                                                   34.98 kB
dist/client/assets/pv4_hair_15_light_long_older_v1_front-CGixbvXV.png                                                                  35.01 kB
dist/client/assets/pv4_hair_22_light_square_older_lined_v1_front-CLsj14QO.png                                                          35.51 kB
dist/client/assets/pv4_hair_36_light_square_older_masc_v1_front-DhY5gtya.png                                                           35.57 kB
dist/client/assets/pv4_hair_22_tan_round_young_v1_back-BYC-IDOe.png                                                                    35.77 kB
dist/client/assets/pv4_hair_59_light_square_older_masc_v1_front-BrrkP25Z.png                                                           35.88 kB
dist/client/assets/pv4_hair_36_light_square_older_lined_v1_front-BIbpm4dP.png                                                          36.04 kB
dist/client/assets/pv4_wave_a_footwear_flat_green_v1_wave_a_skinny_woman_standing_neutral_front_a_v1_pv4-Bi0jS4f9.png                  36.08 kB
dist/client/assets/pv4_wave_a_footwear_flat_green_v1_wave_a_skinny_woman_standing_neutral_front_b_v1_pv4-C4ipcrXG.png                  36.10 kB
dist/client/assets/pv4_wave_a_footwear_flat_green_v1_wave_a_average_woman_standing_neutral_front_a_v1_pv4-CAMeVHoo.png                 36.12 kB
dist/client/assets/pv4_wave_a_footwear_flat_green_v1_wave_a_older_woman_standing_neutral_front_a_v1_pv4-Bz3RxWOv.png                   36.14 kB
dist/client/assets/pv4_wave_a_footwear_flat_green_v1_wave_a_skinny_man_standing_neutral_front_a_v1_pv4-CsnSSrv-.png                    36.15 kB
dist/client/assets/pv4_wave_a_footwear_flat_green_v1_wave_a_average_man_standing_neutral_front_a_v1_pv4-DQVE5rl0.png                   36.16 kB
dist/client/assets/pv4_wave_a_footwear_flat_green_v1_wave_a_fat_man_standing_neutral_front_a_v1_pv4-Ct80bgnu.png                       36.17 kB
dist/client/assets/pv4_hair_59_light_square_older_lined_v1_front-0PvQiiMo.png                                                          36.35 kB
dist/client/assets/pv4_wave_a_footwear_flat_green_v1_wave_a_older_woman_standing_neutral_front_b_v1_pv4-dZfV-ifq.png                   36.41 kB
dist/client/assets/pv4_hair_03_light_square_older_masc_v1_front-DkyFoGIT.png                                                           36.42 kB
dist/client/assets/pv4_hair_15_tan_round_young_v1_front-CjtAQ2NL.png                                                                   36.47 kB
dist/client/assets/pv4_hair_22_light_square_older_masc_v1_back-B5okGdFS.png                                                            36.88 kB
dist/client/assets/pv4_hair_03_light_square_older_lined_v1_front-CMj6D2L8.png                                                          36.93 kB
dist/client/assets/pv4_hair_22_light_square_older_lined_v1_back-5psazh4B.png                                                           37.67 kB
dist/client/assets/pv4_hair_15_light_square_older_masc_v1_front-DzM7oA0G.png                                                           37.71 kB
dist/client/assets/pv4_hair_32_olive_oval_adult_v1_front-DyhsLHol.png                                                                  37.85 kB
dist/client/assets/pv4_hair_51_light_oval_young_fem_v1-DNBnb-i8.png                                                                    38.17 kB
dist/client/assets/pv4_hair_51_olive_oval_adult_v1-D1LKaK9z.png                                                                        38.28 kB
dist/client/assets/pv4_hair_15_light_square_older_lined_v1_front-C7xzIMf0.png                                                          38.47 kB
dist/client/assets/pg_hair_f_black_010_cornrows_low_bun_v1-zQJBE2bG.png                                                                38.60 kB
dist/client/assets/pv4_hair_32_light_long_older_v1_front-Cv4FJBoQ.png                                                                  38.69 kB
dist/client/assets/pv4_hair_38_olive_oval_adult_v1_front-D3DPZWsb.png                                                                  38.86 kB
dist/client/assets/pv4_hair_51_light_oval_young_v1-D7F-ajgJ.png                                                                        39.21 kB
dist/client/assets/pv4_hair_51_tan_square_adult_masc_v1-BuhKclN6.png                                                                   39.23 kB
dist/client/assets/pv4_hair_49_light_oval_young_fem_v1-BGlbnQ8A.png                                                                    39.30 kB
dist/client/assets/pv4_hair_49_olive_oval_adult_v1-CMbYBtx6.png                                                                        39.36 kB
dist/client/assets/pv4_hair_38_light_long_older_v1_front-TxQCV6iw.png                                                                  39.46 kB
dist/client/assets/pv4_hair_51_tan_oval_adult_fem_v1-BCyMH-u6.png                                                                      39.65 kB
dist/client/assets/pv4_hair_51_tan_round_young_v1-BJRVEvSk.png                                                                         39.95 kB
dist/client/assets/pv4_hair_32_tan_round_young_v1_front-CcnVjmEQ.png                                                                   40.06 kB
dist/client/assets/pv4_hair_28_olive_oval_adult_v1_front-C3uujgX1.png                                                                  40.36 kB
dist/client/assets/pv4_hair_34_olive_oval_adult_v1_front-UJYXGBOa.png                                                                  40.48 kB
dist/client/assets/pv4_hair_49_light_oval_young_v1-Ht2KDMdD.png                                                                        40.74 kB
dist/client/assets/pg_bottom_010_a_line_knee_skirt_wave_a_skinny_woman_rt960_standing_neutral_v1-BCrmc_ap.png                          40.80 kB
dist/client/assets/pv4_hair_49_tan_square_adult_masc_v1-X8IFuVr7.png                                                                   40.93 kB
dist/client/assets/pv4_hair_28_light_long_older_v1_front-CTsHNUV8.png                                                                  41.14 kB
dist/client/assets/pv4_hair_38_tan_round_young_v1_front-CA_58EEa.png                                                                   41.17 kB
dist/client/assets/pv4_hair_49_tan_oval_adult_fem_v1-213djQ09.png                                                                      41.18 kB
dist/client/assets/pv4_hair_34_light_long_older_v1_front-BKHsmzrC.png                                                                  41.24 kB
dist/client/assets/pv4_hair_32_light_square_older_masc_v1_front-Bzcd7onL.png                                                           41.26 kB
dist/client/assets/pv4_hair_51_light_long_older_v1-BoZvtL3h.png                                                                        41.35 kB
dist/client/assets/pv4_hair_49_tan_round_young_v1-qAgmVR9r.png                                                                         41.52 kB
dist/client/assets/pv4_hair_50_light_oval_young_fem_v1-CYaMpfca.png                                                                    41.87 kB
dist/client/assets/pv4_wave_a_footwear_loafer_brown_v1_wave_a_skinny_woman_standing_neutral_front_a_v1_pv4-CgV6YeNZ.png                41.87 kB
dist/client/assets/pv4_wave_a_footwear_loafer_brown_v1_wave_a_skinny_woman_standing_neutral_front_b_v1_pv4-BzZXO7MJ.png                41.90 kB
dist/client/assets/pv4_wave_a_footwear_loafer_brown_v1_wave_a_average_woman_standing_neutral_front_b_v1_pv4-BhhjvJpO.png               41.91 kB
dist/client/assets/pv4_wave_a_footwear_loafer_brown_v1_wave_a_average_woman_standing_neutral_front_a_v1_pv4-jRq3ox5e.png               41.91 kB
dist/client/assets/pv4_wave_a_footwear_loafer_brown_v1_wave_a_older_woman_standing_neutral_front_a_v1_pv4-BxDECner.png                 41.95 kB
dist/client/assets/pv4_wave_a_footwear_loafer_brown_v1_wave_a_average_man_standing_neutral_front_a_v1_pv4-BscgE2mC.png                 41.96 kB
dist/client/assets/pv4_wave_a_footwear_loafer_brown_v1_wave_a_skinny_man_standing_neutral_front_a_v1_pv4-DFtxZa4T.png                  41.96 kB
dist/client/assets/pv4_hair_45_olive_oval_adult_v1-DLBtx0Xe.png                                                                        41.97 kB
dist/client/assets/pv4_hair_45_light_oval_young_fem_v1-Dd36Mgrd.png                                                                    41.98 kB
dist/client/assets/pv4_wave_a_footwear_loafer_brown_v1_wave_a_fat_man_standing_neutral_front_a_v1_pv4-08lgyujY.png                     42.00 kB
dist/client/assets/pv4_hair_32_light_square_older_lined_v1_front-BadgVcKI.png                                                          42.03 kB
dist/client/assets/pv4_wave_a_footwear_pump_burgundy_v1_wave_a_skinny_woman_standing_neutral_front_a_v1_pv4-BFBlM8Lj.png               42.06 kB
dist/client/assets/pv4_wave_a_footwear_pump_burgundy_v1_wave_a_skinny_woman_standing_neutral_front_b_v1_pv4-BVNxUiBc.png               42.08 kB
dist/client/assets/pv4_wave_a_footwear_pump_burgundy_v1_wave_a_average_woman_standing_neutral_front_b_v1_pv4-BCnAuxwA.png              42.10 kB
dist/client/assets/pv4_wave_a_footwear_pump_burgundy_v1_wave_a_average_woman_standing_neutral_front_a_v1_pv4-BV-cDIMb.png              42.10 kB
dist/client/assets/pv4_wave_a_footwear_loafer_brown_v1_wave_a_older_woman_standing_neutral_front_b_v1_pv4-B5H37EP2.png                 42.12 kB
dist/client/assets/pv4_wave_a_footwear_pump_burgundy_v1_wave_a_older_woman_standing_neutral_front_a_v1_pv4-CcUQ6_KV.png                42.13 kB
dist/client/assets/pv4_wave_a_footwear_pump_burgundy_v1_wave_a_skinny_man_standing_neutral_front_a_v1_pv4-BT6ZBCrW.png                 42.14 kB
dist/client/assets/pv4_wave_a_footwear_pump_burgundy_v1_wave_a_fat_man_standing_neutral_front_a_v1_pv4-BjSBUK4b.png                    42.16 kB
dist/client/assets/pv4_wave_a_footwear_pump_burgundy_v1_wave_a_average_man_standing_neutral_front_a_v1_pv4-6D7aYIVx.png                42.16 kB
dist/client/assets/pv4_hair_50_olive_oval_adult_v1-BezpqxJl.png                                                                        42.20 kB
dist/client/assets/pv4_wave_a_footwear_pump_burgundy_v1_wave_a_older_woman_standing_neutral_front_b_v1_pv4-yMRuAqn7.png                42.39 kB
dist/client/assets/pv4_ocd_head_adult_light_oval_young_fem_v1-MUSO1ds_.png                                                             42.40 kB
dist/client/assets/pv4_hair_28_tan_round_young_v1_front-y31DrSfB.png                                                                   42.66 kB
dist/client/assets/pv4_hair_38_light_square_older_masc_v1_front-D6SLVB1G.png                                                           42.76 kB
dist/client/assets/pv4_ocd_head_adult_olive_oval_adult_v1-cNg0DldP.png                                                                 42.80 kB
dist/client/assets/pv4_hair_61_light_oval_young_fem_v1-pb1LLgke.png                                                                    42.89 kB
dist/client/assets/pv4_hair_34_tan_round_young_v1_front-Du3GPuf2.png                                                                   42.93 kB
dist/client/assets/pv4_hair_61_olive_oval_adult_v1-BOLoBYUp.png                                                                        42.95 kB
dist/client/assets/pv4_wave_a_footwear_pump_gray_v1_wave_a_skinny_woman_standing_neutral_front_a_v1_pv4-CmbR0uc_.png                   43.16 kB
dist/client/assets/pv4_wave_a_footwear_pump_gray_v1_wave_a_skinny_woman_standing_neutral_front_b_v1_pv4-kMZY6pdl.png                   43.19 kB
dist/client/assets/pv4_wave_a_footwear_pump_gray_v1_wave_a_average_woman_standing_neutral_front_a_v1_pv4-BICWVN3a.png                  43.20 kB
dist/client/assets/pv4_wave_a_footwear_pump_gray_v1_wave_a_average_woman_standing_neutral_front_b_v1_pv4-DTKRUlmr.png                  43.20 kB
dist/client/assets/pv4_wave_a_footwear_pump_gray_v1_wave_a_older_woman_standing_neutral_front_a_v1_pv4-D3U4rho3.png                    43.25 kB
dist/client/assets/pv4_hair_49_light_long_older_v1-CGtyG-bB.png                                                                        43.26 kB
dist/client/assets/pv4_wave_a_footwear_pump_gray_v1_wave_a_average_man_standing_neutral_front_a_v1_pv4-iwmOO8nc.png                    43.26 kB
dist/client/assets/pv4_wave_a_footwear_pump_gray_v1_wave_a_skinny_man_standing_neutral_front_a_v1_pv4-Drj6nrL_.png                     43.28 kB
dist/client/assets/pv4_wave_a_footwear_pump_gray_v1_wave_a_fat_man_standing_neutral_front_a_v1_pv4-DCLKnGif.png                        43.30 kB
dist/client/assets/pv4_ocd_head_adult_tan_square_adult_masc_v1-Cjcodic-.png                                                            43.32 kB
dist/client/assets/pv4_ocd_head_adult_light_oval_young_v1-DKe9xaiw.png                                                                 43.41 kB
dist/client/assets/pg_bottom_010_a_line_knee_skirt_wave_a_skinny_man_rt960_standing_neutral_v1-Dl4YxgDP.png                            43.44 kB
dist/client/assets/pv4_hair_50_light_oval_young_v1-D6x3B9d-.png                                                                        43.45 kB
dist/client/assets/pv4_hair_51_light_square_older_masc_v1-BDq0yPas.png                                                                 43.46 kB
dist/client/assets/pv4_hair_38_light_square_older_lined_v1_front-DUwnrOrJ.png                                                          43.48 kB
dist/client/assets/pv4_wave_a_footwear_pump_gray_v1_wave_a_older_woman_standing_neutral_front_b_v1_pv4-BUqYdSnB.png                    43.51 kB
dist/client/assets/pv4_hair_45_light_oval_young_v1-CumLovSx.png                                                                        43.54 kB
dist/client/assets/pv4_hair_50_tan_square_adult_masc_v1-BZKLUVr8.png                                                                   43.59 kB
dist/client/assets/pg_bottom_010_a_line_knee_skirt_fl_v1-Dln4liZ4.png                                                                  43.73 kB
dist/client/assets/pv4_hair_48_light_oval_young_fem_v1-DGDVpDjR.png                                                                    43.80 kB
dist/client/assets/pv4_hair_45_tan_square_adult_masc_v1-Bk_N6KS_.png                                                                   43.83 kB
dist/client/assets/pv4_hair_48_olive_oval_adult_v1-C44_t11v.png                                                                        43.85 kB
dist/client/assets/pv4_hair_50_tan_oval_adult_fem_v1-gmL3wEjm.png                                                                      43.85 kB
dist/client/assets/pv4_hair_28_light_square_older_masc_v1_front-_Qsaxrqg.png                                                           44.13 kB
dist/client/assets/pv4_hair_45_tan_oval_adult_fem_v1-CzuNrfyz.png                                                                      44.13 kB
dist/client/assets/pv4_hair_50_tan_round_young_v1-KE_sEskb.png                                                                         44.17 kB
dist/client/assets/pv4_wave_a_footwear_athletic_sneaker_blue_v1_wave_a_skinny_woman_standing_neutral_front_a_v1_pv4-DQ6XcvMu.png       44.20 kB
dist/client/assets/pv4_ocd_head_adult_tan_round_young_v1-CjN-ub29.png                                                                  44.21 kB
dist/client/assets/pv4_wave_a_footwear_athletic_sneaker_blue_v1_wave_a_skinny_woman_standing_neutral_front_b_v1_pv4-CWVjBoX0.png       44.21 kB
dist/client/assets/pv4_wave_a_footwear_athletic_sneaker_blue_v1_wave_a_average_woman_standing_neutral_front_a_v1_pv4-3cLOF039.png      44.22 kB
dist/client/assets/pv4_wave_a_footwear_athletic_sneaker_blue_v1_wave_a_average_woman_standing_neutral_front_b_v1_pv4-CUb_y3sy.png      44.22 kB
dist/client/assets/pv4_wave_a_footwear_athletic_sneaker_blue_v1_wave_a_older_woman_standing_neutral_front_a_v1_pv4-BCppkfMY.png        44.22 kB
dist/client/assets/pv4_wave_a_footwear_athletic_sneaker_blue_v1_wave_a_skinny_man_standing_neutral_front_a_v1_pv4-BTzP6Aos.png         44.23 kB
dist/client/assets/pv4_wave_a_footwear_athletic_sneaker_blue_v1_wave_a_fat_man_standing_neutral_front_a_v1_pv4-UFuVh1fM.png            44.25 kB
dist/client/assets/pv4_wave_a_footwear_athletic_sneaker_blue_v1_wave_a_average_man_standing_neutral_front_a_v1_pv4-CyX9QYqo.png        44.27 kB
dist/client/assets/pv4_hair_45_tan_round_young_v1-CD5b2vwy.png                                                                         44.32 kB
dist/client/assets/pv4_hair_27_olive_oval_adult_v1_front-DviuLXAD.png                                                                  44.35 kB
dist/client/assets/pv4_ocd_head_adult_tan_oval_adult_fem_v1-BIR2SsRY.png                                                               44.36 kB
dist/client/assets/pv4_hair_34_light_square_older_masc_v1_front-B-6A2TEX.png                                                           44.45 kB
dist/client/assets/pv4_wave_a_footwear_athletic_sneaker_blue_v1_wave_a_older_woman_standing_neutral_front_b_v1_pv4-C8HNdvWh.png        44.45 kB
dist/client/assets/pv4_hair_61_light_oval_young_v1-DmAyw2wf.png                                                                        44.46 kB
dist/client/assets/pv4_wave_a_footwear_oxford_black_v1_wave_a_skinny_woman_standing_neutral_front_a_v1_pv4-BM3tAfiN.png                44.49 kB
dist/client/assets/pv4_wave_a_footwear_oxford_black_v1_wave_a_skinny_woman_standing_neutral_front_b_v1_pv4-DI6pOq0D.png                44.53 kB
dist/client/assets/pv4_wave_a_footwear_oxford_black_v1_wave_a_average_woman_standing_neutral_front_b_v1_pv4-BOENVNuo.png               44.54 kB
dist/client/assets/pv4_wave_a_footwear_oxford_black_v1_wave_a_average_woman_standing_neutral_front_a_v1_pv4-DSbuQjq5.png               44.54 kB
dist/client/assets/pv4_wave_a_footwear_oxford_black_v1_wave_a_older_woman_standing_neutral_front_a_v1_pv4-Dt83Do3R.png                 44.55 kB
dist/client/assets/pv4_wave_a_footwear_oxford_black_v1_wave_a_skinny_man_standing_neutral_front_a_v1_pv4-BZK8YcyR.png                  44.56 kB
dist/client/assets/pv4_wave_a_footwear_oxford_black_v1_wave_a_fat_man_standing_neutral_front_a_v1_pv4-8y7fsnMU.png                     44.58 kB
dist/client/assets/pv4_wave_a_footwear_oxford_black_v1_wave_a_average_man_standing_neutral_front_a_v1_pv4-W2HkGO_v.png                 44.58 kB
dist/client/assets/pv4_wave_a_footwear_sandal_brown_v1_wave_a_skinny_woman_standing_neutral_front_a_v1_pv4-XN1vqLHR.png                44.64 kB
dist/client/assets/pv4_hair_61_tan_square_adult_masc_v1-CPGfDew5.png                                                                   44.66 kB
dist/client/assets/pv4_wave_a_footwear_sandal_brown_v1_wave_a_skinny_woman_standing_neutral_front_b_v1_pv4-CtAtQem-.png                44.67 kB
dist/client/assets/pv4_wave_a_footwear_sandal_brown_v1_wave_a_average_woman_standing_neutral_front_a_v1_pv4--T0rM9GJ.png               44.67 kB
dist/client/assets/pv4_wave_a_footwear_sandal_brown_v1_wave_a_average_woman_standing_neutral_front_b_v1_pv4-BwvsUj8p.png               44.68 kB
dist/client/assets/pv4_wave_a_footwear_sandal_brown_v1_wave_a_older_woman_standing_neutral_front_a_v1_pv4-BkhjWUjs.png                 44.72 kB
dist/client/assets/pv4_wave_a_footwear_sandal_brown_v1_wave_a_skinny_man_standing_neutral_front_a_v1_pv4-DsG0x9so.png                  44.73 kB
dist/client/assets/pv4_wave_a_footwear_sandal_brown_v1_wave_a_average_man_standing_neutral_front_a_v1_pv4-eQGENV9q.png                 44.74 kB
dist/client/assets/pv4_wave_a_footwear_oxford_black_v1_wave_a_older_woman_standing_neutral_front_b_v1_pv4-fw84jJn0.png                 44.74 kB
dist/client/assets/pv4_wave_a_footwear_sandal_brown_v1_wave_a_fat_man_standing_neutral_front_a_v1_pv4-DvfVN75C.png                     44.75 kB
dist/client/assets/pv4_hair_28_light_square_older_lined_v1_front-DumrW04m.png                                                          44.86 kB
dist/client/assets/pv4_hair_61_tan_oval_adult_fem_v1-Ba06ui2N.png                                                                      44.89 kB
dist/client/assets/pv4_hair_27_light_long_older_v1_front-DD-anMJW.png                                                                  44.97 kB
dist/client/assets/pv4_wave_a_footwear_sandal_brown_v1_wave_a_older_woman_standing_neutral_front_b_v1_pv4-C40p4hK3.png                 44.98 kB
dist/client/assets/pv4_hair_46_olive_oval_adult_v1-Bb4UuSTd.png                                                                        45.09 kB
dist/client/assets/pv4_hair_61_tan_round_young_v1-BX5BRrOW.png                                                                         45.12 kB
dist/client/assets/pv4_hair_34_light_square_older_lined_v1_front-BHdsqhDm.png                                                          45.15 kB
dist/client/assets/pv4_hair_46_light_oval_young_fem_v1-BvmReP7w.png                                                                    45.18 kB
dist/client/assets/pv4_hair_51_light_square_older_lined_v1-BaXaeBU2.png                                                                45.18 kB
dist/client/assets/pv4_wave_a_footwear_canvas_sneaker_navy_v1_wave_a_skinny_woman_standing_neutral_front_a_v1_pv4-DZ_zvcHG.png         45.46 kB
dist/client/assets/pv4_wave_a_footwear_canvas_sneaker_navy_v1_wave_a_skinny_woman_standing_neutral_front_b_v1_pv4-Clt0ADRq.png         45.48 kB
dist/client/assets/pv4_wave_a_footwear_canvas_sneaker_navy_v1_wave_a_average_woman_standing_neutral_front_a_v1_pv4-C8eNTA5i.png        45.49 kB
dist/client/assets/pv4_wave_a_footwear_canvas_sneaker_navy_v1_wave_a_average_woman_standing_neutral_front_b_v1_pv4-DTf-DPDl.png        45.49 kB
dist/client/assets/pv4_wave_a_footwear_canvas_sneaker_navy_v1_wave_a_average_man_standing_neutral_front_a_v1_pv4-DXkuHog0.png          45.52 kB
dist/client/assets/pv4_wave_a_footwear_canvas_sneaker_navy_v1_wave_a_older_woman_standing_neutral_front_a_v1_pv4-6lYrqOvr.png          45.59 kB
dist/client/assets/pv4_wave_a_footwear_canvas_sneaker_navy_v1_wave_a_skinny_man_standing_neutral_front_a_v1_pv4-DydMB6eG.png           45.60 kB
dist/client/assets/pv4_wave_a_footwear_canvas_sneaker_navy_v1_wave_a_fat_man_standing_neutral_front_a_v1_pv4-D-yb-z9q.png              45.62 kB
dist/client/assets/pv4_hair_48_light_oval_young_v1-BbndDsLJ.png                                                                        45.64 kB
dist/client/assets/pv4_hair_48_tan_square_adult_masc_v1-CHEi1NmI.png                                                                   45.70 kB
dist/client/assets/pv4_wave_a_footwear_canvas_sneaker_navy_v1_wave_a_older_woman_standing_neutral_front_b_v1_pv4-DHxhicZa.png          45.73 kB
dist/client/assets/pv4_hair_49_light_square_older_masc_v1-CU-0OYfx.png                                                                 45.80 kB
dist/client/assets/pv4_hair_50_light_long_older_v1-6-3PqbdZ.png                                                                        45.93 kB
dist/client/assets/pv4_hair_48_tan_oval_adult_fem_v1-BC9RxgwX.png                                                                      46.01 kB
dist/client/assets/pv4_hair_57_light_oval_young_fem_v1-CaOI2qQE.png                                                                    46.06 kB
dist/client/assets/pv4_hair_01_light_oval_young_fem_v1-C3R0DkW5.png                                                                    46.08 kB
dist/client/assets/pg_bottom_010_a_line_knee_skirt_wave_a_average_woman_rt960_standing_neutral_v1-CJGYb8Zz.png                         46.10 kB
dist/client/assets/pv4_hair_01_olive_oval_adult_v1-CVnwLhS5.png                                                                        46.11 kB
dist/client/assets/pv4_hair_57_olive_oval_adult_v1-D9IEtfEd.png                                                                        46.11 kB
dist/client/assets/pv4_hair_48_tan_round_young_v1-p_VoJiM9.png                                                                         46.24 kB
dist/client/assets/pv4_hair_45_light_long_older_v1-1ScoQiWq.png                                                                        46.27 kB
dist/client/assets/pv4_ocd_head_adult_light_long_older_v1-BM7Yf1rW.png                                                                 46.41 kB
dist/client/assets/pv4_hair_60_light_oval_young_fem_v1-D--kt6ZQ.png                                                                    46.61 kB
dist/client/assets/pv4_hair_60_olive_oval_adult_v1-DdTuKvLK.png                                                                        46.71 kB
dist/client/assets/pv4_hair_27_tan_round_young_v1_front-BY3ZjWVr.png                                                                   46.76 kB
dist/client/assets/pv4_hair_53_light_oval_young_fem_v1-DGrYzsYb.png                                                                    46.80 kB
dist/client/assets/pv4_hair_46_light_oval_young_v1-MLPsCn__.png                                                                        46.88 kB
dist/client/assets/pv4_hair_61_light_long_older_v1-RWsaMCQq.png                                                                        46.90 kB
dist/client/assets/pv4_hair_53_olive_oval_adult_v1-B4BFDi14.png                                                                        46.95 kB
dist/client/assets/pv4_hair_43_olive_oval_adult_v1-CKWpnWpE.png                                                                        47.03 kB
dist/client/assets/pg_bottom_010_a_line_knee_skirt_wave_a_average_man_rt960_standing_neutral_v1-D75lZaw0.png                           47.08 kB
dist/client/assets/pv4_ocd_head_adult_light_square_older_masc_v1-Cs8eiaju.png                                                          47.09 kB
dist/client/assets/pv4_hair_46_tan_square_adult_masc_v1-DEVd3QMy.png                                                                   47.15 kB
dist/client/assets/pv4_hair_43_light_oval_young_fem_v1-oWqwh1wZ.png                                                                    47.18 kB
dist/client/assets/pv4_hair_46_tan_oval_adult_fem_v1-D9KAfGyv.png                                                                      47.34 kB
dist/client/assets/pv4_hair_46_tan_round_young_v1-BlYbwtIJ.png                                                                         47.49 kB
dist/client/assets/pv4_hair_57_tan_square_adult_masc_v1-DynGtXm6.png                                                                   47.56 kB
dist/client/assets/pv4_hair_49_light_square_older_lined_v1-yWtJXSdv.png                                                                47.65 kB
dist/client/assets/pv4_hair_57_light_oval_young_v1-Cutdu_iO.png                                                                        47.69 kB
dist/client/assets/pg_top_001_short_sleeve_crew_tee_wave_a_average_woman_rt960_seated_guest_neutral_v1-DxAFtGT_.png                    47.87 kB
dist/client/assets/pv4_hair_02_olive_oval_adult_v1-CIjW9vOi.png                                                                        47.95 kB
dist/client/assets/pv4_hair_57_tan_oval_adult_fem_v1-B2hcZCA-.png                                                                      47.98 kB
dist/client/assets/pv4_hair_02_light_oval_young_fem_v1-_LasFi32.png                                                                    48.01 kB
dist/client/assets/pv4_hair_01_tan_square_adult_masc_v1-C8iU6UcH.png                                                                   48.01 kB
dist/client/assets/pv4_hair_01_light_oval_young_v1-CsQUvyV4.png                                                                        48.08 kB
dist/client/assets/pv4_hair_48_light_long_older_v1-KvhEVle0.png                                                                        48.16 kB
dist/client/assets/pv4_hair_57_tan_round_young_v1-C4VbYVMj.png                                                                         48.32 kB
dist/client/assets/pv4_hair_62_light_oval_young_fem_v1-CNDAg7UH.png                                                                    48.40 kB
dist/client/assets/pv4_wave_a_footwear_low_top_sneaker_gray_v1_wave_a_skinny_woman_standing_neutral_front_a_v1_pv4-BeWTprUv.png        48.44 kB
dist/client/assets/pv4_wave_a_footwear_low_top_sneaker_gray_v1_wave_a_older_woman_standing_neutral_front_a_v1_pv4-BulN80pX.png         48.45 kB
dist/client/assets/pv4_wave_a_footwear_low_top_sneaker_gray_v1_wave_a_skinny_woman_standing_neutral_front_b_v1_pv4-DPfkgkS4.png        48.46 kB
dist/client/assets/pv4_wave_a_footwear_low_top_sneaker_gray_v1_wave_a_skinny_man_standing_neutral_front_a_v1_pv4-BdjUa5Ne.png          48.47 kB
dist/client/assets/pv4_hair_01_tan_oval_adult_fem_v1-v0HYQBHB.png                                                                      48.47 kB
dist/client/assets/pv4_wave_a_footwear_low_top_sneaker_gray_v1_wave_a_average_woman_standing_neutral_front_b_v1_pv4-CpIlXP20.png       48.47 kB
dist/client/assets/pv4_wave_a_footwear_low_top_sneaker_gray_v1_wave_a_average_woman_standing_neutral_front_a_v1_pv4-CAWBD3t0.png       48.48 kB
dist/client/assets/pv4_wave_a_footwear_low_top_sneaker_gray_v1_wave_a_fat_man_standing_neutral_front_a_v1_pv4-Cy3k_O3A.png             48.48 kB
dist/client/assets/pv4_wave_a_footwear_low_top_sneaker_gray_v1_wave_a_average_man_standing_neutral_front_a_v1_pv4-D38GezJB.png         48.52 kB
dist/client/assets/pv4_hair_43_tan_square_adult_masc_v1-qUmVm-o6.png                                                                   48.52 kB
dist/client/assets/pv4_hair_27_light_square_older_masc_v1_front-Dybi4oQj.png                                                           48.53 kB
dist/client/assets/pv4_hair_60_light_oval_young_v1-Cb4CwGAv.png                                                                        48.56 kB
dist/client/assets/pv4_hair_50_light_square_older_masc_v1-DMFRoGsh.png                                                                 48.58 kB
dist/client/assets/pv4_hair_62_olive_oval_adult_v1-CEfXNUz0.png                                                                        48.58 kB
dist/client/assets/pv4_hair_60_tan_square_adult_masc_v1-Dm9DN5MD.png                                                                   48.59 kB
dist/client/assets/pv4_wave_a_footwear_low_top_sneaker_gray_v1_wave_a_older_woman_standing_neutral_front_b_v1_pv4-DbIwwy_u.png         48.59 kB
dist/client/assets/pv4_hair_01_tan_round_young_v1-CxyoRwee.png                                                                         48.73 kB
dist/client/assets/pv4_hair_45_light_square_older_masc_v1-DDFSnSEb.png                                                                 48.75 kB
dist/client/assets/pv4_hair_43_light_oval_young_v1-yHdVZiKv.png                                                                        48.78 kB
dist/client/assets/pv4_hair_53_light_oval_young_v1-C1l_Hfeg.png                                                                        48.81 kB
dist/client/assets/pv4_wave_a_footwear_chukka_taupe_v1_wave_a_skinny_woman_standing_neutral_front_a_v1_pv4-CDwjlX0J.png                48.81 kB
dist/client/assets/pv4_hair_60_tan_oval_adult_fem_v1-CZAUITbD.png                                                                      48.84 kB
dist/client/assets/pv4_wave_a_footwear_chukka_taupe_v1_wave_a_average_woman_standing_neutral_front_a_v1_pv4-BxWEHUAh.png               48.84 kB
dist/client/assets/pv4_hair_53_tan_square_adult_masc_v1-zsyKo8iz.png                                                                   48.84 kB
dist/client/assets/pv4_wave_a_footwear_chukka_taupe_v1_wave_a_average_woman_standing_neutral_front_b_v1_pv4-O-9DpJ9P.png               48.85 kB
dist/client/assets/pv4_wave_a_footwear_chukka_taupe_v1_wave_a_skinny_woman_standing_neutral_front_b_v1_pv4-BjIVWEmk.png                48.85 kB
dist/client/assets/pv4_wave_a_footwear_chukka_taupe_v1_wave_a_average_man_standing_neutral_front_a_v1_pv4-CASoQr7m.png                 48.90 kB
dist/client/assets/pv4_wave_a_footwear_chukka_taupe_v1_wave_a_older_woman_standing_neutral_front_a_v1_pv4-BlCo83_p.png                 48.91 kB
dist/client/assets/pv4_wave_a_footwear_chukka_taupe_v1_wave_a_skinny_man_standing_neutral_front_a_v1_pv4-DKsIC6cq.png                  48.92 kB
dist/client/assets/pv4_hair_43_tan_oval_adult_fem_v1-BJYGwnm-.png                                                                      48.93 kB
dist/client/assets/pv4_wave_a_footwear_chukka_taupe_v1_wave_a_fat_man_standing_neutral_front_a_v1_pv4-DBG6z070.png                     48.94 kB
dist/client/assets/pv4_wave_a_footwear_chukka_taupe_v1_wave_a_older_woman_standing_neutral_front_b_v1_pv4-VMnO6imZ.png                 49.14 kB
dist/client/assets/pv4_hair_60_tan_round_young_v1-DdYD7Bwg.png                                                                         49.15 kB
dist/client/assets/pv4_hair_61_light_square_older_masc_v1-Cid3u69S.png                                                                 49.18 kB
dist/client/assets/pv4_hair_53_tan_oval_adult_fem_v1-kFAPc3jJ.png                                                                      49.21 kB
dist/client/assets/pv4_hair_27_light_square_older_lined_v1_front-4esQPAfW.png                                                          49.25 kB
dist/client/assets/pv4_hair_04_light_oval_young_fem_v1-BbMTcLiE.png                                                                    49.34 kB
dist/client/assets/pv4_ocd_head_adult_light_square_older_lined_v1-CTgMDYhi.png                                                         49.39 kB
dist/client/assets/pv4_hair_04_olive_oval_adult_v1-DS-zM7wl.png                                                                        49.42 kB
dist/client/assets/pv4_hair_43_tan_round_young_v1-nnDlmEmu.png                                                                         49.45 kB
dist/client/assets/pv4_hair_53_tan_round_young_v1-jDC1CK4S.png                                                                         49.46 kB
dist/client/assets/pv4_hair_44_light_oval_young_fem_v1-p-THeSCS.png                                                                    49.46 kB
dist/client/assets/pv4_hair_46_light_long_older_v1-CGo0_Jpm.png                                                                        49.49 kB
dist/client/assets/pv4_hair_44_olive_oval_adult_v1-DffHKGNv.png                                                                        49.51 kB
dist/client/assets/pv4_hair_39_olive_oval_adult_v1_front-XvzmDUdm.png                                                                  49.63 kB
dist/client/assets/pv4_hair_57_light_long_older_v1-LkpxG7ZM.png                                                                        49.73 kB
dist/client/assets/pv4_hair_02_tan_square_adult_masc_v1-DO3cki3F.png                                                                   49.88 kB
dist/client/assets/pv4_hair_02_light_oval_young_v1-CyZ2-Lwb.png                                                                        49.92 kB
dist/client/assets/pv4_hair_62_tan_square_adult_masc_v1-CtjGFvuL.png                                                                   50.16 kB
dist/client/assets/pv4_hair_02_tan_oval_adult_fem_v1-CIG5xFAA.png                                                                      50.26 kB
dist/client/assets/pv4_hair_62_light_oval_young_v1-kgERddgE.png                                                                        50.28 kB
dist/client/assets/pv4_hair_01_light_long_older_v1-BbzBdlRE.png                                                                        50.31 kB
dist/client/assets/pv4_hair_50_light_square_older_lined_v1-DaG8d8SX.png                                                                50.42 kB
dist/client/assets/pv4_hair_39_light_long_older_v1_front-HP28RnwD.png                                                                  50.50 kB
dist/client/assets/pv4_hair_02_tan_round_young_v1-C_c5gam1.png                                                                         50.52 kB
dist/client/assets/pv4_hair_43_light_long_older_v1-D5tuSv3K.png                                                                        50.55 kB
dist/client/assets/pv4_hair_62_tan_oval_adult_fem_v1-AAbhSr3m.png                                                                      50.62 kB
dist/client/assets/pv4_hair_60_light_long_older_v1-DRFaubjX.png                                                                        50.74 kB
dist/client/assets/pv4_hair_45_light_square_older_lined_v1-DoKjkeL7.png                                                                50.85 kB
dist/client/assets/pv4_hair_48_light_square_older_masc_v1-r-7Lhzxs.png                                                                 50.86 kB
dist/client/assets/pv4_hair_42_olive_oval_adult_v1-BhkCs6ue.png                                                                        50.86 kB
dist/client/assets/pv4_hair_42_light_oval_young_fem_v1-B3B0BCx-.png                                                                    50.88 kB
dist/client/assets/pv4_hair_58_olive_oval_adult_v1_front-B9-ERWbo.png                                                                  50.92 kB
dist/client/assets/pv4_hair_62_tan_round_young_v1-Dru6yd3x.png                                                                         50.96 kB
dist/client/assets/pv4_hair_53_light_long_older_v1-B2u8vwfz.png                                                                        51.17 kB
dist/client/assets/pv4_hair_04_tan_square_adult_masc_v1-BXK3aUa2.png                                                                   51.37 kB
dist/client/assets/pv4_hair_04_light_oval_young_v1-DOooVSWi.png                                                                        51.39 kB
dist/client/assets/pv4_hair_61_light_square_older_lined_v1-1Wf16Uhm.png                                                                51.39 kB
dist/client/assets/pv4_hair_44_tan_square_adult_masc_v1-B2rGI3gv.png                                                                   51.44 kB
dist/client/assets/pv4_hair_44_light_oval_young_v1-CnegL91e.png                                                                        51.56 kB
dist/client/assets/pv4_hair_04_tan_oval_adult_fem_v1-GpQloZj7.png                                                                      51.64 kB
dist/client/assets/pv4_hair_58_light_long_older_v1_front-pYvoX0_P.png                                                                  51.77 kB
dist/client/assets/pv4_hair_44_tan_oval_adult_fem_v1-CEuV760I.png                                                                      51.92 kB
dist/client/assets/pv4_hair_04_tan_round_young_v1-CV-ypV3W.png                                                                         51.98 kB
dist/client/assets/pv4_hair_46_light_square_older_masc_v1-DCGYXy90.png                                                                 51.98 kB
dist/client/assets/pv4_hair_24_light_oval_young_fem_v1-B6sMwy5T.png                                                                    52.02 kB
dist/client/assets/pv4_hair_24_olive_oval_adult_v1-Cl1APNy_.png                                                                        52.06 kB
dist/client/assets/pv4_hair_56_light_oval_young_fem_v1-Bbt2hSdP.png                                                                    52.11 kB
dist/client/assets/pv4_hair_02_light_long_older_v1-CFT9PoOT.png                                                                        52.15 kB
dist/client/assets/pv4_hair_39_tan_round_young_v1_front-NfgoftH9.png                                                                   52.15 kB
dist/client/assets/pv4_hair_44_tan_round_young_v1-C0RTi3u_.png                                                                         52.20 kB
dist/client/assets/pv4_hair_56_olive_oval_adult_v1-DKjQnVMP.png                                                                        52.21 kB
dist/client/assets/pv4_hair_62_light_long_older_v1-DLmocR4Q.png                                                                        52.24 kB
dist/client/assets/pg_bottom_010_a_line_knee_skirt_wave_a_fat_man_rt960_standing_neutral_v1-CfJb1faE.png                               52.34 kB
dist/client/assets/pv4_hair_42_tan_square_adult_masc_v1-DdU0AOGw.png                                                                   52.62 kB
dist/client/assets/pv4_hair_30_olive_oval_adult_v1-CILac_wv.png                                                                        52.79 kB
dist/client/assets/pv4_hair_30_light_oval_young_fem_v1-VtSUo8Fj.png                                                                    52.80 kB
dist/client/assets/pv4_hair_57_light_square_older_masc_v1-B2KeePPK.png                                                                 52.81 kB
dist/client/assets/pv4_hair_42_light_oval_young_v1-DLRq3kC-.png                                                                        52.89 kB
dist/client/assets/pv4_hair_47_light_oval_young_fem_v1-BNt3B9nL.png                                                                    52.94 kB
dist/client/assets/pv4_hair_01_light_square_older_masc_v1-MlY42XJM.png                                                                 53.02 kB
dist/client/assets/pv4_hair_48_light_square_older_lined_v1-DcndSCgn.png                                                                53.04 kB
dist/client/assets/pv4_hair_47_olive_oval_adult_v1-CrYVVVwC.png                                                                        53.12 kB
dist/client/assets/pv4_hair_41_light_oval_young_fem_v1-ztogZJMi.png                                                                    53.13 kB
dist/client/assets/pv4_hair_41_olive_oval_adult_v1-DvMUbAMQ.png                                                                        53.14 kB
dist/client/assets/pv4_hair_42_tan_oval_adult_fem_v1-CKyNvHOc.png                                                                      53.25 kB
dist/client/assets/pv4_hair_25_light_oval_young_fem_v1-CwE_mcfN.png                                                                    53.27 kB
dist/client/assets/pv4_hair_43_light_square_older_masc_v1-Cne39xLH.png                                                                 53.34 kB
dist/client/assets/pv4_hair_60_light_square_older_masc_v1-CBiWQ9o5.png                                                                 53.42 kB
dist/client/assets/pv4_hair_25_olive_oval_adult_v1-DEJm0qkd.png                                                                        53.43 kB
dist/client/assets/pv4_hair_04_light_long_older_v1-S_10ZkVK.png                                                                        53.45 kB
dist/client/assets/pv4_hair_24_tan_square_adult_masc_v1-Diosn4U6.png                                                                   53.46 kB
dist/client/assets/pv4_hair_42_tan_round_young_v1-BNOdp-Bm.png                                                                         53.47 kB
dist/client/assets/pv4_hair_58_tan_round_young_v1_front-B7gwLR-C.png                                                                   53.56 kB
dist/client/assets/pv4_hair_44_light_long_older_v1-DhFz86Iv.png                                                                        53.61 kB
dist/client/assets/pv4_hair_56_tan_square_adult_masc_v1-WDGstsTJ.png                                                                   53.78 kB
dist/client/assets/pv4_hair_53_light_square_older_masc_v1-DiBIeSaD.png                                                                 53.85 kB
dist/client/assets/pv4_hair_13_olive_oval_adult_v1_front-D4l6Am6X.png                                                                  53.91 kB
dist/client/assets/pv4_hair_19_olive_oval_adult_v1_front-C_iinrJi.png                                                                  53.94 kB
dist/client/assets/pv4_hair_56_light_oval_young_v1-Cy-hGnSO.png                                                                        53.95 kB
dist/client/assets/pv4_hair_37_olive_oval_adult_v1-BCkRqND3.png                                                                        54.00 kB
dist/client/assets/pv4_hair_39_light_square_older_masc_v1_front-BwsFdh8w.png                                                           54.15 kB
dist/client/assets/pv4_hair_46_light_square_older_lined_v1-DjdNPJvy.png                                                                54.18 kB
dist/client/assets/pv4_hair_37_light_oval_young_fem_v1--nk7QOom.png                                                                    54.18 kB
dist/client/assets/pv4_hair_56_tan_oval_adult_fem_v1-C0zuGLtX.png                                                                      54.33 kB
dist/client/assets/pv4_hair_56_tan_round_young_v1-B7NDZx_K.png                                                                         54.62 kB
dist/client/assets/pv4_hair_24_light_oval_young_v1-DJ-FNG9L.png                                                                        54.71 kB
dist/client/assets/pv4_hair_30_tan_square_adult_masc_v1-CzVFehxg.png                                                                   54.74 kB
dist/client/assets/pv4_hair_13_light_long_older_v1_front-z9It6I_Z.png                                                                  54.85 kB
dist/client/assets/pg_bottom_010_a_line_knee_skirt_wave_a_older_woman_rt960_standing_neutral_v1-BOs8PVF1.png                           54.88 kB
dist/client/assets/pv4_hair_57_light_square_older_lined_v1-CtnMjZPD.png                                                                54.89 kB
dist/client/assets/pv4_hair_30_light_oval_young_v1-BKX7Ywaz.png                                                                        54.92 kB
dist/client/assets/pv4_hair_19_light_long_older_v1_front-bDazGbS8.png                                                                  54.93 kB
dist/client/assets/pv4_hair_25_tan_square_adult_masc_v1-CCt0ON2L.png                                                                   55.09 kB
dist/client/assets/pv4_hair_39_light_square_older_lined_v1_front-q1te4e3a.png                                                          55.11 kB
dist/client/assets/pv4_hair_47_tan_square_adult_masc_v1-CENx5ZmF.png                                                                   55.11 kB
dist/client/assets/pv4_hair_24_tan_oval_adult_fem_v1-CmgGjUOd.png                                                                      55.12 kB
dist/client/assets/pv4_hair_42_light_long_older_v1-CZ4FGqs7.png                                                                        55.14 kB
dist/client/assets/pv4_hair_24_tan_round_young_v1-D5dhPEdg.png                                                                         55.23 kB
dist/client/assets/pv4_hair_41_tan_square_adult_masc_v1-CLZUXb-7.png                                                                   55.23 kB
dist/client/assets/pv4_hair_30_tan_oval_adult_fem_v1-BVzU6qEV.png                                                                      55.24 kB
dist/client/assets/pv4_hair_02_light_square_older_masc_v1-DohHYiSp.png                                                                 55.28 kB
dist/client/assets/pv4_hair_43_light_square_older_lined_v1-3q9JtcG8.png                                                                55.34 kB
dist/client/assets/pv4_hair_62_light_square_older_masc_v1-D-qxvtrh.png                                                                 55.40 kB
dist/client/assets/pv4_hair_01_light_square_older_lined_v1-AEP5y-84.png                                                                55.40 kB
dist/client/assets/pv4_hair_47_light_oval_young_v1-BC_09qYP.png                                                                        55.45 kB
dist/client/assets/pv4_hair_58_light_square_older_masc_v1_front-B5JZ6T6u.png                                                           55.55 kB
dist/client/assets/pv4_hair_30_tan_round_young_v1-BhSmkZUU.png                                                                         55.58 kB
dist/client/assets/pv4_hair_60_light_square_older_lined_v1-BgtlqKfw.png                                                                55.62 kB
dist/client/assets/pv4_hair_47_tan_oval_adult_fem_v1-Bp0Rli0q.png                                                                      55.71 kB
dist/client/assets/pv4_hair_55_light_oval_young_fem_v1-Ba5bV-9U.png                                                                    55.74 kB
dist/client/assets/pv4_hair_55_olive_oval_adult_v1-BpV5EKn-.png                                                                        55.75 kB
dist/client/assets/pv4_hair_08_olive_oval_adult_v1_front-CT5u-rsw.png                                                                  55.84 kB
dist/client/assets/pg_shoe_009_low_practical_flats_fl_v1-BARNaqj0.png                                                                  55.94 kB
dist/client/assets/pv4_hair_53_light_square_older_lined_v1-BHGsj03b.png                                                                55.95 kB
dist/client/assets/pv4_hair_25_light_oval_young_v1-DwYOLVDK.png                                                                        55.97 kB
dist/client/assets/pv4_hair_41_light_oval_young_v1-GDtt0Wlg.png                                                                        56.02 kB
dist/client/assets/pv4_hair_56_light_long_older_v1-BZOzccex.png                                                                        56.03 kB
dist/client/assets/pv4_hair_24_light_long_older_v1-CfndlCXt.png                                                                        56.08 kB
dist/client/assets/pv4_hair_47_tan_round_young_v1-DKU5rFk1.png                                                                         56.12 kB
dist/client/assets/pv4_hair_37_tan_square_adult_masc_v1-M5Vd1M_B.png                                                                   56.21 kB
dist/client/assets/pv4_hair_25_tan_oval_adult_fem_v1-CimnqAGS.png                                                                      56.23 kB
dist/client/assets/pv4_hair_37_light_oval_young_v1-DxYKfC1S.png                                                                        56.33 kB
dist/client/assets/pv4_hair_41_tan_oval_adult_fem_v1-DJ7dXsKK.png                                                                      56.34 kB
dist/client/assets/pv4_hair_58_light_square_older_lined_v1_front-DrlImPHM.png                                                          56.52 kB
dist/client/assets/pv4_hair_41_tan_round_young_v1-CZiWCPJH.png                                                                         56.52 kB
dist/client/assets/pv4_hair_04_light_square_older_masc_v1-Xltv-YJj.png                                                                 56.57 kB
dist/client/assets/pv4_hair_25_tan_round_young_v1-BHqwofNn.png                                                                         56.61 kB
dist/client/assets/pv4_hair_44_light_square_older_masc_v1-BJMwy8BC.png                                                                 56.67 kB
dist/client/assets/pv4_hair_36_light_oval_young_fem_v1-wKz9-QfQ.png                                                                    56.68 kB
dist/client/assets/pv4_hair_37_tan_oval_adult_fem_v1-BlnJGx0U.png                                                                      56.74 kB
dist/client/assets/pv4_hair_13_tan_round_young_v1_front-BZHrVGsB.png                                                                   56.89 kB
dist/client/assets/pv4_hair_36_olive_oval_adult_v1-BdrKXVGJ.png                                                                        56.91 kB
dist/client/assets/pv4_hair_37_tan_round_young_v1-DSvUI4hu.png                                                                         56.97 kB
dist/client/assets/pv4_hair_08_light_long_older_v1_front-YJbKcFRa.png                                                                  56.98 kB
dist/client/assets/pv4_hair_30_light_long_older_v1-CJ4d0qCV.png                                                                        57.04 kB
dist/client/assets/pv4_hair_19_tan_round_young_v1_front-C9sWId0N.png                                                                   57.05 kB
dist/client/assets/pv4_hair_59_olive_oval_adult_v1-nVU_F5Ol.png                                                                        57.30 kB
dist/client/assets/pv4_hair_59_light_oval_young_fem_v1-C4MOOAut.png                                                                    57.30 kB
dist/client/assets/pv4_hair_02_light_square_older_lined_v1-uXTubeXi.png                                                                57.31 kB
dist/client/assets/pv4_hair_25_light_long_older_v1-BiQv-YLy.png                                                                        57.34 kB
dist/client/assets/pv4_hair_41_light_long_older_v1-CZ_LxKXd.png                                                                        57.45 kB
dist/client/assets/pv4_wave_a_footwear_work_boot_tan_v1_wave_a_skinny_woman_standing_neutral_front_a_v1_pv4-DE0Ig-NG.png               57.46 kB
dist/client/assets/pv4_hair_62_light_square_older_lined_v1-IQkLV0Mg.png                                                                57.46 kB
dist/client/assets/pv4_hair_47_light_long_older_v1-BzNT2gZl.png                                                                        57.49 kB
dist/client/assets/pv4_wave_a_footwear_work_boot_tan_v1_wave_a_average_woman_standing_neutral_front_b_v1_pv4-i0cL8kI8.png              57.50 kB
dist/client/assets/pv4_wave_a_footwear_work_boot_tan_v1_wave_a_average_woman_standing_neutral_front_a_v1_pv4-CnVRpnZV.png              57.50 kB
dist/client/assets/pv4_wave_a_footwear_work_boot_tan_v1_wave_a_skinny_woman_standing_neutral_front_b_v1_pv4-DHGxFIqH.png               57.51 kB
dist/client/assets/pv4_wave_a_footwear_work_boot_tan_v1_wave_a_older_woman_standing_neutral_front_a_v1_pv4-D6mEDK6r.png                57.53 kB
dist/client/assets/pv4_wave_a_footwear_work_boot_tan_v1_wave_a_skinny_man_standing_neutral_front_a_v1_pv4-DRoT8TKZ.png                 57.54 kB
dist/client/assets/pv4_wave_a_footwear_work_boot_tan_v1_wave_a_average_man_standing_neutral_front_a_v1_pv4-DM4kGKEP.png                57.56 kB
dist/client/assets/pv4_wave_a_footwear_work_boot_tan_v1_wave_a_fat_man_standing_neutral_front_a_v1_pv4-DwlMCfWh.png                    57.56 kB
dist/client/assets/pv4_wave_a_footwear_work_boot_tan_v1_wave_a_older_woman_standing_neutral_front_b_v1_pv4--qFb_BrY.png                57.71 kB
dist/client/assets/pg_top_001_short_sleeve_crew_tee_wave_a_skinny_woman_rt960_seated_guest_neutral_v1-B1pzVhHX.png                     57.74 kB
dist/client/assets/pv4_hair_55_tan_square_adult_masc_v1-EkrbT9D7.png                                                                   57.87 kB
dist/client/assets/pv4_hair_55_light_oval_young_v1-BBznPZhg.png                                                                        58.01 kB
dist/client/assets/pv4_hair_03_light_oval_young_fem_v1-CV11Ryih.png                                                                    58.22 kB
dist/client/assets/pv4_hair_42_light_square_older_masc_v1-CFhBbyb4.png                                                                 58.34 kB
dist/client/assets/pv4_hair_63_olive_oval_adult_v1_front-Cou0YsLk.png                                                                  58.35 kB
dist/client/assets/pv4_hair_03_olive_oval_adult_v1-zDZEh-Jn.png                                                                        58.39 kB
dist/client/assets/pv4_hair_37_light_long_older_v1-BYt-0amB.png                                                                        58.42 kB
dist/client/assets/pv4_hair_55_tan_oval_adult_fem_v1-COh2WnjI.png                                                                      58.49 kB
dist/client/assets/pv4_hair_55_tan_round_young_v1-BMhL3BrP.png                                                                         58.60 kB
dist/client/assets/pv4_wave_a_footwear_combat_boot_olive_v1_wave_a_skinny_woman_standing_neutral_front_a_v1_pv4-Bb_et9En.png           58.65 kB
dist/client/assets/pv4_hair_04_light_square_older_lined_v1-B_ezS4Nn.png                                                                58.67 kB
dist/client/assets/pv4_wave_a_footwear_combat_boot_olive_v1_wave_a_average_woman_standing_neutral_front_b_v1_pv4-D9CIzAXD.png          58.68 kB
dist/client/assets/pv4_wave_a_footwear_combat_boot_olive_v1_wave_a_average_woman_standing_neutral_front_a_v1_pv4-BuIQVKFS.png          58.68 kB
dist/client/assets/pv4_wave_a_footwear_combat_boot_olive_v1_wave_a_skinny_woman_standing_neutral_front_b_v1_pv4-B9bymmWN.png           58.69 kB
dist/client/assets/pv4_hair_36_tan_square_adult_masc_v1-BCbYEFhJ.png                                                                   58.70 kB
dist/client/assets/pv4_wave_a_footwear_combat_boot_olive_v1_wave_a_older_woman_standing_neutral_front_a_v1_pv4-CdygaDF-.png            58.71 kB
dist/client/assets/pv4_wave_a_footwear_combat_boot_olive_v1_wave_a_skinny_man_standing_neutral_front_a_v1_pv4-CyFY22LT.png             58.72 kB
dist/client/assets/pv4_wave_a_footwear_combat_boot_olive_v1_wave_a_fat_man_standing_neutral_front_a_v1_pv4-Brkg5fMe.png                58.74 kB
dist/client/assets/pv4_wave_a_footwear_combat_boot_olive_v1_wave_a_average_man_standing_neutral_front_a_v1_pv4-buYwmJsa.png            58.77 kB
dist/client/assets/pv4_hair_44_light_square_older_lined_v1-Bw9vVa1e.png                                                                58.88 kB
dist/client/assets/pv4_wave_a_footwear_combat_boot_olive_v1_wave_a_older_woman_standing_neutral_front_b_v1_pv4-D2B7wz0v.png            58.90 kB
dist/client/assets/pv4_hair_19_light_square_older_masc_v1_front-KNydUWRW.png                                                           58.96 kB
dist/client/assets/pv4_hair_13_light_square_older_masc_v1_front-Br6De_5Y.png                                                           58.97 kB
dist/client/assets/pv4_hair_08_tan_round_young_v1_front-DzslrJK0.png                                                                   59.14 kB
dist/client/assets/pv4_hair_56_light_square_older_masc_v1-SjbCO3DN.png                                                                 59.17 kB
dist/client/assets/pv4_hair_36_light_oval_young_v1-TNGkf6Sq.png                                                                        59.28 kB
dist/client/assets/pv4_hair_63_light_long_older_v1_front-z1-z18Du.png                                                                  59.38 kB
dist/client/assets/pg_bottom_010_a_line_knee_skirt_ml_v1-C__o1Wd2.png                                                                  59.41 kB
dist/client/assets/pv4_hair_59_tan_square_adult_masc_v1-BGxRPaH9.png                                                                   59.45 kB
dist/client/assets/pv4_hair_36_tan_oval_adult_fem_v1-CCqZWC9G.png                                                                      59.60 kB
dist/client/assets/pg_bottom_005_dress_trousers_wave_a_skinny_woman_rt960_standing_neutral_v1-DXcnc2eE.png                             59.62 kB
dist/client/assets/pg_shoe_004_leather_loafers_fl_v1-Bhdq2ea2.png                                                                      59.66 kB
dist/client/assets/pv4_hair_24_light_square_older_masc_v1-Du6jR3Y5.png                                                                 59.74 kB
dist/client/assets/pv4_hair_59_light_oval_young_v1-DYGrqrcN.png                                                                        59.95 kB
dist/client/assets/pv4_hair_19_light_square_older_lined_v1_front-Bq5Apv51.png                                                          60.03 kB
dist/client/assets/pv4_hair_36_tan_round_young_v1-_Pg8iSsL.png                                                                         60.08 kB
dist/client/assets/pv4_hair_13_light_square_older_lined_v1_front-qvA1venl.png                                                          60.17 kB
dist/client/assets/pv4_hair_55_light_long_older_v1-I8JsFQt5.png                                                                        60.20 kB
dist/client/assets/pv4_hair_59_tan_oval_adult_fem_v1-D0Rey4f-.png                                                                      60.32 kB
dist/client/assets/pv4_hair_30_light_square_older_masc_v1-CaVEer4b.png                                                                 60.33 kB
dist/client/assets/pv4_hair_03_tan_square_adult_masc_v1-JZbYTbU4.png                                                                   60.40 kB
dist/client/assets/pv4_hair_42_light_square_older_lined_v1-DOnk4Vxe.png                                                                60.52 kB
dist/client/assets/pv4_hair_59_tan_round_young_v1-Dw_NEwqH.png                                                                         60.60 kB
dist/client/assets/pv4_hair_03_light_oval_young_v1-DU5JIxzn.png                                                                        60.64 kB
dist/client/assets/pv4_hair_36_light_long_older_v1-CuYFVApR.png                                                                        60.98 kB
dist/client/assets/pv4_hair_03_tan_oval_adult_fem_v1-CGM4fqom.png                                                                      61.06 kB
dist/client/assets/pv4_hair_47_light_square_older_masc_v1-CU3i4OEq.png                                                                 61.16 kB
dist/client/assets/pv4_hair_08_light_square_older_masc_v1_front-CumQi3G_.png                                                           61.34 kB
dist/client/assets/pv4_hair_32_olive_oval_adult_v1-BB9OVtDd.png                                                                        61.38 kB
dist/client/assets/pv4_hair_03_tan_round_young_v1-C9bZvjf1.png                                                                         61.41 kB
dist/client/assets/pv4_hair_32_light_oval_young_fem_v1-CdItz1Yx.png                                                                    61.46 kB
dist/client/assets/pv4_hair_41_light_square_older_masc_v1-C-M-Qg1k.png                                                                 61.49 kB
dist/client/assets/pv4_hair_56_light_square_older_lined_v1-B0XXfjNR.png                                                                61.50 kB
dist/client/assets/pv4_hair_25_light_square_older_masc_v1-CV5fVwr7.png                                                                 61.53 kB
dist/client/assets/pv4_hair_63_tan_round_young_v1_front-02DWp9oA.png                                                                   61.71 kB
dist/client/assets/pv4_hair_59_light_long_older_v1-T-QRhvE6.png                                                                        61.71 kB
dist/client/assets/pv4_hair_37_light_square_older_masc_v1-DUbxp90C.png                                                                 61.84 kB
dist/client/assets/pv4_hair_24_light_square_older_lined_v1-CZkw_a8C.png                                                                61.98 kB
dist/client/assets/pv4_hair_28_light_oval_young_fem_v1-Bs8e5BUK.png                                                                    62.15 kB
dist/client/assets/pv4_hair_28_olive_oval_adult_v1-DVqbjdoS.png                                                                        62.26 kB
dist/client/assets/pv4_hair_08_light_square_older_lined_v1_front-Cby8jr_A.png                                                          62.44 kB
dist/client/assets/pv4_hair_30_light_square_older_lined_v1-BWFU46FH.png                                                                62.53 kB
dist/client/assets/pv4_hair_03_light_long_older_v1-BCK3hOIH.png                                                                        62.88 kB
dist/client/assets/pv4_hair_33_olive_oval_adult_v1-ersBzOfT.png                                                                        63.03 kB
dist/client/assets/pg_bottom_005_dress_trousers_fl_v1-CrUQ7PPz.png                                                                     63.11 kB
dist/client/assets/pv4_hair_33_light_oval_young_fem_v1-Cg388Hgx.png                                                                    63.17 kB
dist/client/assets/pv4_hair_47_light_square_older_lined_v1-BarXM_Pm.png                                                                63.21 kB
dist/client/assets/pg_top_006_pullover_sweater_wave_a_average_woman_rt960_seated_guest_neutral_v1-PAgPn8Sf.png                         63.51 kB
dist/client/assets/pv4_hair_28_tan_square_adult_masc_v1-Cvx4oLCw.png                                                                   63.53 kB
dist/client/assets/pv4_hair_41_light_square_older_lined_v1-B-KOJTx7.png                                                                63.68 kB
dist/client/assets/pv4_hair_32_tan_square_adult_masc_v1-CUNchyUU.png                                                                   63.72 kB
dist/client/assets/pv4_hair_63_light_square_older_masc_v1_front-DBgNdZju.png                                                           63.73 kB
dist/client/assets/pv4_hair_55_light_square_older_masc_v1-CxlQvbso.png                                                                 63.74 kB
dist/client/assets/pv4_hair_25_light_square_older_lined_v1-BEe0Aakq.png                                                                63.88 kB
dist/client/assets/pv4_hair_32_light_oval_young_v1-u3FvU0OE.png                                                                        64.21 kB
dist/client/assets/pv4_hair_38_light_oval_young_fem_v1-CTi7p4Yz.png                                                                    64.35 kB
dist/client/assets/pv4_hair_28_light_oval_young_v1-Dm7TWNLO.png                                                                        64.43 kB
dist/client/assets/pv4_hair_37_light_square_older_lined_v1-D7vIVhHt.png                                                                64.47 kB
dist/client/assets/pv4_hair_06_olive_oval_adult_v1_front-BMNSIrQD.png                                                                  64.50 kB
dist/client/assets/pv4_hair_33_tan_square_adult_masc_v1-AzHyOnB8.png                                                                   64.55 kB
dist/client/assets/pv4_hair_17_olive_oval_adult_v1_back-B6-hDBH_.png                                                                   64.59 kB
dist/client/assets/pv4_hair_32_tan_oval_adult_fem_v1-QCx4dRdQ.png                                                                      64.59 kB
dist/client/assets/pv4_hair_38_olive_oval_adult_v1-DekWl44W.png                                                                        64.61 kB
dist/client/assets/pv4_hair_07_olive_oval_adult_v1_front-Bf576lFM.png                                                                  64.75 kB
dist/client/assets/pv4_hair_63_light_square_older_lined_v1_front-8rHPgJlN.png                                                          64.78 kB
dist/client/assets/pv4_hair_32_tan_round_young_v1-C9EIG7LU.png                                                                         64.80 kB
dist/client/assets/pv4_hair_36_light_square_older_masc_v1-BdUzZ28k.png                                                                 64.81 kB
dist/client/assets/pg_top_001_short_sleeve_crew_tee_fl_v1-CoSReDUo.png                                                                 64.86 kB
dist/client/assets/pv4_hair_34_olive_oval_adult_v1-Bf7TU1Is.png                                                                        64.89 kB
dist/client/assets/pv4_hair_34_light_oval_young_fem_v1-7d6-IXVU.png                                                                    64.90 kB
dist/client/assets/pg_bottom_005_dress_trousers_wave_a_skinny_man_rt960_standing_neutral_v1-DLGvlPcm.png                               64.91 kB
dist/client/assets/pv4_hair_28_tan_oval_adult_fem_v1-zYxfKVGJ.png                                                                      65.15 kB
dist/client/assets/pv4_hair_28_tan_round_young_v1-Dc6-IVmr.png                                                                         65.20 kB
dist/client/assets/pg_top_001_short_sleeve_crew_tee_wave_a_skinny_woman_rt960_standing_neutral_v1-Dq1PXzA1.png                         65.20 kB
dist/client/assets/pv4_hair_59_light_square_older_masc_v1-CjrMW9NR.png                                                                 65.46 kB
dist/client/assets/pv4_hair_17_light_long_older_v1_back-DT13MI4s.png                                                                   65.60 kB
dist/client/assets/pv4_hair_06_light_long_older_v1_front-DgE2FYf6.png                                                                  65.65 kB
dist/client/assets/pv4_hair_07_light_long_older_v1_front-Cs5G_xBu.png                                                                  65.80 kB
dist/client/assets/pv4_hair_28_light_long_older_v1-9PgF8nAz.png                                                                        65.88 kB
dist/client/assets/pv4_hair_32_light_long_older_v1-CTekIV8J.png                                                                        66.01 kB
dist/client/assets/pv4_hair_15_light_oval_young_fem_v1-ONVguMEA.png                                                                    66.10 kB
dist/client/assets/pg_shoe_001_low_top_sneakers_fl_v1-BlFXYvSQ.png                                                                     66.14 kB
dist/client/assets/pv4_hair_55_light_square_older_lined_v1-ZEKpwz-B.png                                                                66.21 kB
dist/client/assets/pv4_hair_15_olive_oval_adult_v1-D89rZ4yh.png                                                                        66.37 kB
dist/client/assets/pv4_hair_33_light_oval_young_v1-BL2-530F.png                                                                        66.40 kB
dist/client/assets/pv4_hair_03_light_square_older_masc_v1-vCrkIYcD.png                                                                 66.62 kB
dist/client/assets/pv4_hair_38_tan_square_adult_masc_v1-CuF_2Exz.png                                                                   66.65 kB
dist/client/assets/pv4_hair_33_tan_round_young_v1-BWAaECRq.png                                                                         66.69 kB
dist/client/assets/pv4_hair_36_light_square_older_lined_v1-BQ4YDCts.png                                                                66.79 kB
dist/client/assets/pv4_hair_33_tan_oval_adult_fem_v1-DHTVmW2q.png                                                                      66.86 kB
dist/client/assets/pv4_hair_34_tan_square_adult_masc_v1-BzNiPaYQ.png                                                                   67.13 kB
dist/client/assets/pv4_hair_33_light_long_older_v1-C6J1OUcc.png                                                                        67.26 kB
dist/client/assets/pv4_hair_38_light_oval_young_v1-BTXPH9aE.png                                                                        67.42 kB
dist/client/assets/pv4_hair_59_light_square_older_lined_v1-CsPIt7ep.png                                                                67.58 kB
dist/client/assets/pv4_hair_15_tan_square_adult_masc_v1-Cz1wwSe6.png                                                                   67.64 kB
dist/client/assets/pg_bottom_005_dress_trousers_wave_a_average_woman_rt960_standing_neutral_v1-CEuQpmjg.png                            67.76 kB
dist/client/assets/pv4_hair_34_light_oval_young_v1-m3A0K5E0.png                                                                        67.84 kB
dist/client/assets/pv4_hair_34_tan_oval_adult_fem_v1-BhJ-xtlI.png                                                                      67.97 kB
dist/client/assets/pv4_hair_17_tan_round_young_v1_back-DsAxRFfd.png                                                                    68.04 kB
dist/client/assets/pv4_hair_38_tan_oval_adult_fem_v1-Dr7ydrer.png                                                                      68.06 kB
dist/client/assets/pv4_hair_06_tan_round_young_v1_front-BJkjH7l4.png                                                                   68.08 kB
dist/client/assets/pv4_hair_40_olive_oval_adult_v1_front-QztiIfBS.png                                                                  68.32 kB
dist/client/assets/pv4_hair_38_tan_round_young_v1-BY3cOmVp.png                                                                         68.36 kB
dist/client/assets/pv4_hair_07_tan_round_young_v1_front-BTyMM0Eo.png                                                                   68.37 kB
dist/client/assets/pv4_hair_34_tan_round_young_v1-DGi5ZGYU.png                                                                         68.39 kB
dist/client/assets/pv4_hair_38_light_long_older_v1-CGFwwwXr.png                                                                        68.61 kB
dist/client/assets/pv4_hair_17_olive_oval_adult_v1_front-CDIHG416.png                                                                  68.61 kB
dist/client/assets/pv4_hair_15_light_oval_young_v1-DCsHdCtd.png                                                                        68.79 kB
dist/client/assets/pv4_hair_03_light_square_older_lined_v1-BDJ8LsPa.png                                                                69.08 kB
dist/client/assets/pv4_hair_29_olive_oval_adult_v1_front-oZnbJ9NQ.png                                                                  69.20 kB
dist/client/assets/pv4_hair_34_light_long_older_v1-BGsYzw-L.png                                                                        69.25 kB
dist/client/assets/pv4_hair_15_tan_round_young_v1-DzviwduN.png                                                                         69.49 kB
dist/client/assets/pv4_hair_15_tan_oval_adult_fem_v1-B93XIWql.png                                                                      69.50 kB
dist/client/assets/pv4_hair_40_light_long_older_v1_front-BGcK7scJ.png                                                                  69.70 kB
dist/client/assets/pv4_hair_32_light_square_older_masc_v1-B64f7PPP.png                                                                 69.70 kB
dist/client/assets/pg_bottom_005_dress_trousers_wave_a_average_man_rt960_standing_neutral_v1-BcC4vg2d.png                              69.87 kB
dist/client/assets/pv4_hair_28_light_square_older_masc_v1-CoNEIAjR.png                                                                 69.95 kB
dist/client/assets/pv4_hair_15_light_long_older_v1-B-ZcjjYK.png                                                                        69.96 kB
dist/client/assets/pv4_hair_17_light_long_older_v1_front-KOqXgOlm.png                                                                  70.22 kB
dist/client/assets/pv4_hair_17_light_square_older_masc_v1_back-2mIHxtel.png                                                            70.60 kB
dist/client/assets/pv4_hair_29_light_long_older_v1_front-DWbsM3_I.png                                                                  70.70 kB
dist/client/assets/pv4_hair_06_light_square_older_masc_v1_front-BuIt5pHJ.png                                                           70.85 kB
dist/client/assets/pv4_hair_07_light_square_older_masc_v1_front-Db4axAj_.png                                                           71.04 kB
dist/client/assets/pg_top_001_short_sleeve_crew_tee_wave_a_average_woman_rt960_standing_neutral_v1-DL153Nj3.png                        71.64 kB
dist/client/assets/pv4_hair_17_light_square_older_lined_v1_back-sqkZbUAq.png                                                           71.64 kB
dist/client/assets/pv4_hair_33_light_square_older_masc_v1-Cyl2jcR3.png                                                                 71.76 kB
dist/client/assets/pv4_hair_07_light_square_older_lined_v1_front-seexSh4L.png                                                          71.98 kB
dist/client/assets/pv4_hair_32_light_square_older_lined_v1-F2xD1l5G.png                                                                72.08 kB
dist/client/assets/pv4_hair_40_tan_round_young_v1_front-8iL6UCF_.png                                                                   72.12 kB
dist/client/assets/pv4_hair_06_light_square_older_lined_v1_front-D86eYykj.png                                                          72.13 kB
dist/client/assets/pv4_hair_28_light_square_older_lined_v1-BTkbRn6C.png                                                                72.29 kB
dist/client/assets/pg_top_001_short_sleeve_crew_tee_wave_a_older_woman_rt960_standing_neutral_v1-Cm3Qxyu5.png                          72.36 kB
dist/client/assets/pv4_hair_17_tan_round_young_v1_front-B1IC2IIU.png                                                                   72.91 kB
dist/client/assets/pv4_hair_38_light_square_older_masc_v1-BvQgPbU3.png                                                                 73.36 kB
dist/client/assets/pv4_hair_29_tan_round_young_v1_front-Dz-PjqsL.png                                                                   73.37 kB
dist/client/assets/pv4_hair_34_light_square_older_masc_v1-B6Zmhh7n.png                                                                 73.45 kB
dist/client/assets/pv4_hair_39_olive_oval_adult_v1-H4AhrNxH.png                                                                        73.61 kB
dist/client/assets/pv4_hair_39_light_oval_young_fem_v1-CNkfnjJx.png                                                                    73.84 kB
dist/client/assets/pv4_hair_33_light_square_older_lined_v1-mzGfJbiz.png                                                                74.28 kB
dist/client/assets/pv4_hair_15_light_square_older_masc_v1-pzaYWXeV.png                                                                 74.63 kB
dist/client/assets/pv4_hair_40_light_square_older_masc_v1_front-CGoXfOBP.png                                                           74.83 kB
dist/client/assets/pg_top_006_pullover_sweater_wave_a_skinny_woman_rt960_seated_guest_neutral_v1-Ss0J8lLA.png                          74.92 kB
dist/client/assets/pv4_hair_17_light_square_older_masc_v1_front-DBe2_L3z.png                                                           75.09 kB
dist/client/assets/pg_top_005_long_sleeve_button_shirt_wave_a_average_woman_rt960_seated_guest_neutral_v1-BOuXMae7.png                 75.25 kB
dist/client/assets/pg_top_011_structured_blazer_wave_a_average_woman_rt960_seated_guest_neutral_v1-D2AmhtMr.png                        75.45 kB
dist/client/assets/pv4_hair_58_light_oval_young_fem_v1-CqoMBHPW.png                                                                    75.47 kB
dist/client/assets/pv4_hair_38_light_square_older_lined_v1-CmjV1X-_.png                                                                75.56 kB
dist/client/assets/pv4_hair_58_olive_oval_adult_v1-DtlG0hRo.png                                                                        75.88 kB
dist/client/assets/pv4_hair_39_tan_square_adult_masc_v1-DoOUsH3E.png                                                                   75.91 kB
dist/client/assets/pv4_hair_34_light_square_older_lined_v1-D-hPdcfu.png                                                                75.97 kB
dist/client/assets/pv4_hair_40_light_square_older_lined_v1_front-CtI3sCqH.png                                                          76.04 kB
dist/client/assets/pv4_hair_29_light_square_older_masc_v1_front-DeSV_EDC.png                                                           76.06 kB
dist/client/assets/pv4_hair_22_light_oval_young_fem_v1-Bqy5bhus.png                                                                    76.61 kB
dist/client/assets/pv4_hair_22_olive_oval_adult_v1-Cz2jhiGk.png                                                                        76.61 kB
dist/client/assets/pv4_hair_17_light_square_older_lined_v1_front-BSDTCoDs.png                                                          76.73 kB
dist/client/assets/pv4_hair_39_light_oval_young_v1-BabMm96p.png                                                                        76.76 kB
dist/client/assets/pv4_hair_08_light_oval_young_fem_v1-DGlV10cT.png                                                                    76.92 kB
dist/client/assets/pv4_hair_39_tan_oval_adult_fem_v1-DIid7gRQ.png                                                                      77.09 kB
dist/client/assets/pv4_hair_63_light_oval_young_fem_v1-DliGU-0b.png                                                                    77.18 kB
dist/client/assets/pv4_hair_15_light_square_older_lined_v1-BsYpOkqn.png                                                                77.20 kB
dist/client/assets/pv4_hair_08_olive_oval_adult_v1-Dv_n-pL5.png                                                                        77.22 kB
dist/client/assets/pv4_hair_63_olive_oval_adult_v1-CuP3FaCC.png                                                                        77.46 kB
dist/client/assets/pg_bottom_005_dress_trousers_wave_a_fat_man_rt960_standing_neutral_v1-C9WaKid2.png                                  77.51 kB
dist/client/assets/pv4_hair_29_light_square_older_lined_v1_front-BaHt_chw.png                                                          77.58 kB
dist/client/assets/pg_top_001_short_sleeve_crew_tee_ml_v1-BNGryPZk.png                                                                 77.60 kB
dist/client/assets/pv4_hair_39_tan_round_young_v1-C0ZplTYv.png                                                                         77.65 kB
dist/client/assets/pv4_hair_22_tan_square_adult_masc_v1-DFU3pJq1.png                                                                   77.83 kB
dist/client/assets/pv4_hair_39_light_long_older_v1-wqEBxOi0.png                                                                        77.84 kB
dist/client/assets/pv4_hair_58_tan_square_adult_masc_v1-D_C9AX0Q.png                                                                   77.97 kB
dist/client/assets/pg_top_001_short_sleeve_crew_tee_wave_a_skinny_man_rt960_standing_neutral_v1-Dl60unoo.png                           78.28 kB
dist/client/assets/pv4_hair_08_tan_square_adult_masc_v1-Cka3PHj_.png                                                                   78.39 kB
dist/client/assets/pv4_hair_58_light_oval_young_v1-Bj3ozmjU.png                                                                        78.62 kB
dist/client/assets/pv4_hair_58_tan_oval_adult_fem_v1-BblxQ9QS.png                                                                      79.15 kB
dist/client/assets/pv4_hair_63_tan_square_adult_masc_v1-41oiy49G.png                                                                   79.17 kB
dist/client/assets/pv4_hair_58_tan_round_young_v1-CToZSmwf.png                                                                         79.58 kB
dist/client/assets/pg_bottom_005_dress_trousers_wave_a_older_woman_rt960_standing_neutral_v1-DPJP8gom.png                              79.62 kB
dist/client/assets/pv4_hair_08_light_oval_young_v1-7uaeUJvE.png                                                                        80.31 kB
dist/client/assets/pg_bottom_001_straight_leg_blue_jeans_wave_a_skinny_woman_rt960_standing_neutral_v1-BHvxJrqI.png                    80.32 kB
dist/client/assets/pv4_hair_08_light_long_older_v1-BP8cQF0P.png                                                                        80.37 kB
dist/client/assets/pv4_hair_58_light_long_older_v1-CCCrqMG8.png                                                                        80.39 kB
dist/client/assets/pv4_hair_22_light_oval_young_v1-BTH0p_a-.png                                                                        80.44 kB
dist/client/assets/pv4_hair_63_light_oval_young_v1-DjauYC7s.png                                                                        80.52 kB
dist/client/assets/pv4_hair_22_tan_round_young_v1-HvXJRHyE.png                                                                         80.99 kB
dist/client/assets/pv4_hair_63_tan_oval_adult_fem_v1-C99R_JzD.png                                                                      81.01 kB
dist/client/assets/pv4_hair_22_tan_oval_adult_fem_v1-CsgwRYNB.png                                                                      81.01 kB
dist/client/assets/pv4_hair_08_tan_oval_adult_fem_v1-B_tDUk6U.png                                                                      81.04 kB
dist/client/assets/pv4_hair_08_tan_round_young_v1-1ZxEiu_b.png                                                                         81.05 kB
dist/client/assets/pv4_hair_22_light_long_older_v1-Bkrs4xNi.png                                                                        81.10 kB
dist/client/assets/pv4_hair_52_olive_oval_adult_v1_front-BK1JQ_EL.png                                                                  81.19 kB
dist/client/assets/pv4_hair_63_light_long_older_v1-Bmi5W07A.png                                                                        81.40 kB
dist/client/assets/pv4_hair_63_tan_round_young_v1-BQiyIMlU.png                                                                         81.45 kB
dist/client/assets/pg_top_001_short_sleeve_crew_tee_wave_a_average_man_rt960_standing_neutral_v1-Ckz84xus.png                          81.80 kB
dist/client/assets/pv4_hair_39_light_square_older_masc_v1-Rwf4pTw_.png                                                                 82.63 kB
dist/client/assets/pv4_hair_52_light_long_older_v1_front-DGJ8gZgX.png                                                                  82.67 kB
dist/client/assets/pg_hair_f_black_002_rounded_medium_afro_v1-BpNhH6JB.png                                                             82.81 kB
dist/client/assets/pg_top_006_pullover_sweater_fl_v1-CakYV2CK.png                                                                      83.31 kB
dist/client/assets/pg_top_006_pullover_sweater_wave_a_skinny_woman_rt960_standing_neutral_v1-DPZzSjxC.png                              83.86 kB
dist/client/assets/pv4_hair_27_light_oval_young_fem_v1-0-_1g63h.png                                                                    84.03 kB
dist/client/assets/pv4_hair_27_olive_oval_adult_v1-IXrDu10a.png                                                                        84.20 kB
dist/client/assets/pg_bottom_005_dress_trousers_ml_v1-CFHKpYrT.png                                                                     84.93 kB
dist/client/assets/pv4_hair_39_light_square_older_lined_v1-qAidpXyf.png                                                                85.00 kB
dist/client/assets/pg_bottom_001_straight_leg_blue_jeans_fl_v1-D_hFk_Tp.png                                                            85.41 kB
dist/client/assets/pv4_hair_52_tan_round_young_v1_front-BXtqtxuW.png                                                                   85.52 kB
dist/client/assets/pv4_hair_58_light_square_older_masc_v1-NzY3SFG2.png                                                                 85.53 kB
dist/client/assets/pg_bottom_001_straight_leg_blue_jeans_wave_a_skinny_man_rt960_standing_neutral_v1-aHPtef7Z.png                      85.54 kB
dist/client/assets/pv4_hair_08_light_square_older_masc_v1-Cgnn_hSu.png                                                                 85.79 kB
dist/client/assets/pv4_hair_27_tan_square_adult_masc_v1-CDLnc2nq.png                                                                   86.46 kB
dist/client/assets/pv4_hair_63_light_square_older_masc_v1-OWMX3SlV.png                                                                 86.62 kB
dist/client/assets/pg_top_001_short_sleeve_crew_tee_wave_a_fat_man_rt960_standing_neutral_v1-zGJQneHp.png                              86.99 kB
dist/client/assets/pv4_hair_22_light_square_older_masc_v1-nJk6m9nF.png                                                                 87.07 kB
dist/client/assets/pv4_hair_27_light_oval_young_v1-m6eLI2R2.png                                                                        87.85 kB
dist/client/assets/pv4_hair_08_light_square_older_lined_v1-BMD74edw.png                                                                88.01 kB
dist/client/assets/pg_top_011_structured_blazer_wave_a_skinny_woman_rt960_seated_guest_neutral_v1-DUeMCD1j.png                         88.03 kB
dist/client/assets/pv4_hair_58_light_square_older_lined_v1-DZqFgEJV.png                                                                88.22 kB
dist/client/assets/pv4_hair_11_olive_oval_adult_v1_front-CH-_OJtT.png                                                                  88.35 kB
dist/client/assets/pv4_hair_29_light_oval_young_fem_v1-D4SkT7G1.png                                                                    88.40 kB
dist/client/assets/pv4_hair_27_tan_oval_adult_fem_v1-DqrZbhbx.png                                                                      88.42 kB
dist/client/assets/pv4_hair_29_olive_oval_adult_v1-gUUbZLIl.png                                                                        88.56 kB
dist/client/assets/pv4_hair_27_tan_round_young_v1-DLeCkQkE.png                                                                         88.66 kB
dist/client/assets/pg_top_005_long_sleeve_button_shirt_wave_a_skinny_woman_rt960_seated_guest_neutral_v1-BhnEzMoM.png                  88.72 kB
dist/client/assets/pv4_hair_52_light_square_older_masc_v1_front-CEBw-5e8.png                                                           88.78 kB
dist/client/assets/pv4_hair_63_light_square_older_lined_v1-BLlO5I93.png                                                                89.33 kB
dist/client/assets/pv4_hair_27_light_long_older_v1-CPThYJPY.png                                                                        89.43 kB
dist/client/assets/pv4_hair_22_light_square_older_lined_v1-Vf5POKjz.png                                                                89.78 kB
dist/client/assets/pv4_hair_11_light_long_older_v1_front-CojZJ-_-.png                                                                  90.05 kB
dist/client/assets/pv4_hair_29_tan_square_adult_masc_v1-C5IAeXKK.png                                                                   90.11 kB
dist/client/assets/pg_bottom_001_straight_leg_blue_jeans_wave_a_average_woman_rt960_standing_neutral_v1-BVeQPnEn.png                   90.29 kB
dist/client/assets/pv4_hair_52_light_square_older_lined_v1_front-C8MVT3b_.png                                                          90.37 kB
dist/client/assets/pg_bottom_001_straight_leg_blue_jeans_wave_a_average_man_rt960_standing_neutral_v1-DAARGMPF.png                     91.95 kB
dist/client/assets/pv4_hair_29_light_long_older_v1-CvgZ_HDz.png                                                                        92.16 kB
dist/client/assets/pv4_hair_29_light_oval_young_v1-BLzcgfq_.png                                                                        92.46 kB
dist/client/assets/pv4_hair_29_tan_oval_adult_fem_v1-CM-_Gb1h.png                                                                      92.84 kB
dist/client/assets/pg_top_006_pullover_sweater_wave_a_average_woman_rt960_standing_neutral_v1-CzyxD4g4.png                             93.09 kB
dist/client/assets/pv4_hair_54_olive_oval_adult_v1_front-CazIk3Xu.png                                                                  93.10 kB
dist/client/assets/pv4_hair_29_tan_round_young_v1-EzulnrUP.png                                                                         93.18 kB
dist/client/assets/pv4_hair_11_tan_round_young_v1_front-CVHQuAI9.png                                                                   93.57 kB
dist/client/assets/pv4_hair_40_olive_oval_adult_v1-J7X-aCui.png                                                                        93.94 kB
dist/client/assets/pv4_hair_40_light_oval_young_fem_v1-SYWO59_v.png                                                                    94.00 kB
dist/client/assets/pg_top_006_pullover_sweater_wave_a_older_woman_rt960_standing_neutral_v1-dgefs0q9.png                               94.60 kB
dist/client/assets/pv4_hair_54_light_long_older_v1_front-CCdPY35n.png                                                                  94.69 kB
dist/client/assets/pv4_hair_27_light_square_older_masc_v1-DJyGKujh.png                                                                 95.33 kB
dist/client/assets/pv4_hair_18_olive_oval_adult_v1_front-C8pAAura.png                                                                  96.04 kB
dist/client/assets/pv4_hair_40_tan_square_adult_masc_v1-0pKBtRFr.png                                                                   96.53 kB
dist/client/assets/pv4_hair_19_olive_oval_adult_v1-CcdZy028.png                                                                        96.57 kB
dist/client/assets/pv4_hair_19_light_oval_young_fem_v1-uAC_Gp2m.png                                                                    96.71 kB
dist/client/assets/pv4_hair_11_light_square_older_masc_v1_front-ctU4iDII.png                                                           96.73 kB
dist/client/assets/pg_top_011_structured_blazer_fl_v1-D69RsT31.png                                                                     96.95 kB
dist/client/assets/pv4_hair_18_light_long_older_v1_front-CtzGyw_p.png                                                                  97.31 kB
dist/client/assets/pg_top_011_structured_blazer_wave_a_skinny_woman_rt960_standing_neutral_v1-B0Ny8AgQ.png                             97.37 kB
dist/client/assets/pv4_hair_13_light_oval_young_fem_v1-B9T6yb7v.png                                                                    97.43 kB
dist/client/assets/pv4_hair_13_olive_oval_adult_v1-hyK7S8gP.png                                                                        97.66 kB
dist/client/assets/pv4_hair_54_tan_round_young_v1_front-Pxzzyk4l.png                                                                   98.19 kB
dist/client/assets/pv4_hair_19_tan_square_adult_masc_v1-BTxw707O.png                                                                   98.27 kB
dist/client/assets/pv4_hair_11_light_square_older_lined_v1_front-C1-WfrMK.png                                                          98.52 kB
dist/client/assets/pv4_hair_27_light_square_older_lined_v1-DAf1xtIO.png                                                                98.58 kB
dist/client/assets/pv4_hair_29_light_square_older_masc_v1-lt6viFWk.png                                                                 98.70 kB
dist/client/assets/pv4_hair_40_light_oval_young_v1-fhFILqoo.png                                                                        98.71 kB
dist/client/assets/pg_top_005_long_sleeve_button_shirt_fl_v1-DZNu4jQo.png                                                              98.95 kB
dist/client/assets/pv4_hair_40_tan_oval_adult_fem_v1-C2cv7kyO.png                                                                      99.10 kB
dist/client/assets/pv4_hair_40_light_long_older_v1-Deajlet-.png                                                                        99.13 kB
dist/client/assets/pg_top_005_long_sleeve_button_shirt_wave_a_skinny_woman_rt960_standing_neutral_v1-C4-pnyl6.png                      99.30 kB
dist/client/assets/pv4_hair_40_tan_round_young_v1-B5opxRjE.png                                                                         99.42 kB
dist/client/assets/pv4_hair_23_olive_oval_adult_v1_front-OteYsbbQ.png                                                                 100.07 kB
dist/client/assets/pv4_hair_13_tan_square_adult_masc_v1-DPUMWYCX.png                                                                  100.17 kB
dist/client/assets/pv4_hair_19_light_long_older_v1-Do3xtQaf.png                                                                       100.54 kB
dist/client/assets/pv4_hair_05_olive_oval_adult_v1_front-FvhSyDUM.png                                                                 100.68 kB
dist/client/assets/pg_top_006_pullover_sweater_ml_v1-CLHX_yLG.png                                                                     100.68 kB
dist/client/assets/pv4_hair_18_tan_round_young_v1_front-B5kNyI4H.png                                                                  100.87 kB
dist/client/assets/pv4_hair_29_light_square_older_lined_v1-BXFaoHbn.png                                                               101.37 kB
dist/client/assets/pv4_hair_19_light_oval_young_v1-1rxkgY4z.png                                                                       101.44 kB
dist/client/assets/pg_top_006_pullover_sweater_wave_a_skinny_man_rt960_standing_neutral_v1-B7tS3Rm3.png                               101.78 kB
dist/client/assets/pv4_hair_54_light_square_older_masc_v1_front-BghudeDx.png                                                          101.78 kB
dist/client/assets/pv4_hair_19_tan_oval_adult_fem_v1-C_1-OWEz.png                                                                     101.82 kB
dist/client/assets/pg_bottom_001_straight_leg_blue_jeans_wave_a_fat_man_rt960_standing_neutral_v1-XmeIJhPc.png                        101.91 kB
dist/client/assets/pv4_hair_19_tan_round_young_v1-xU6cqLuA.png                                                                        101.99 kB
dist/client/assets/pv4_hair_23_light_long_older_v1_front-Du_XfcOA.png                                                                 102.11 kB
dist/client/assets/pv4_hair_13_light_oval_young_v1-wmsfNG9y.png                                                                       102.43 kB
dist/client/assets/pv4_hair_05_light_long_older_v1_front-B8vncB7a.png                                                                 102.54 kB
dist/client/assets/pv4_hair_13_light_long_older_v1-CgoAf8oU.png                                                                       102.55 kB
dist/client/assets/pv4_hair_13_tan_oval_adult_fem_v1-By7n36r5.png                                                                     103.01 kB
dist/client/assets/pv4_hair_13_tan_round_young_v1-4AyUz9-I.png                                                                        103.25 kB
dist/client/assets/pv4_hair_54_light_square_older_lined_v1_front-BJjTF2CK.png                                                         103.50 kB
dist/client/assets/pv4_hair_52_light_oval_young_fem_v1-DHLCx3XI.png                                                                   103.52 kB
dist/client/assets/pv4_hair_52_olive_oval_adult_v1-CAXaPdgT.png                                                                       103.87 kB
dist/client/assets/pv4_hair_18_light_square_older_masc_v1_front-BzXW-01R.png                                                          104.62 kB
dist/client/assets/pv4_hair_40_light_square_older_masc_v1-BS6qsNaS.png                                                                105.71 kB
dist/client/assets/pg_bottom_001_straight_leg_blue_jeans_wave_a_older_woman_rt960_standing_neutral_v1-_p5VqhUa.png                    105.77 kB
dist/client/assets/pv4_hair_23_tan_round_young_v1_front-Ay0zOBJO.png                                                                  105.94 kB
dist/client/assets/pv4_hair_18_light_square_older_lined_v1_front-D1X3yQ7R.png                                                         106.29 kB
dist/client/assets/pv4_hair_05_tan_round_young_v1_front-KPnglpnn.png                                                                  106.34 kB
dist/client/assets/pv4_hair_52_tan_square_adult_masc_v1-Y2aJC71a.png                                                                  106.58 kB
dist/client/assets/pg_top_006_pullover_sweater_wave_a_average_man_rt960_standing_neutral_v1-DOm4WZfp.png                              106.60 kB
dist/client/assets/pv4_hair_19_light_square_older_masc_v1-D9rRJu4p.png                                                                107.49 kB
dist/client/assets/pv4_hair_52_light_oval_young_v1-Itbp98uI.png                                                                       108.24 kB
dist/client/assets/pg_top_011_structured_blazer_wave_a_average_woman_rt960_standing_neutral_v1-jZy6g2kq.png                           108.38 kB
dist/client/assets/pv4_hair_40_light_square_older_lined_v1-B-Heffzx.png                                                               108.41 kB
dist/client/assets/pv4_hair_52_tan_oval_adult_fem_v1-Bb8vKY6E.png                                                                     108.70 kB
dist/client/assets/pv4_hair_52_light_long_older_v1-Q_YneG7S.png                                                                       108.97 kB
dist/client/assets/pv4_hair_52_tan_round_young_v1-B0zIXP4v.png                                                                        109.25 kB
dist/client/assets/pv4_hair_11_light_oval_young_fem_v1-CDpCttea.png                                                                   109.51 kB
dist/client/assets/pv4_hair_11_olive_oval_adult_v1-Cz6j0sS5.png                                                                       109.55 kB
dist/client/assets/pv4_hair_13_light_square_older_masc_v1-D3efTx65.png                                                                109.63 kB
dist/client/assets/pv4_hair_23_light_square_older_masc_v1_front-Bz7rOdmK.png                                                          109.99 kB
dist/client/assets/pg_top_005_long_sleeve_button_shirt_wave_a_average_woman_rt960_standing_neutral_v1-BiHm1x2C.png                    110.36 kB
dist/client/assets/pv4_hair_05_light_square_older_masc_v1_front-D8PM7Ku7.png                                                          110.43 kB
dist/client/assets/pv4_hair_19_light_square_older_lined_v1-Ck-fTfQA.png                                                               110.55 kB
dist/client/assets/pg_top_011_structured_blazer_wave_a_older_woman_rt960_standing_neutral_v1-1M36LvvK.png                             110.66 kB
dist/client/assets/pv4_wave_a_male_bottom_khaki_shorts_v1-CtkG_tmz.png                                                                110.67 kB
dist/client/assets/pv4_hair_07_light_oval_young_fem_v1-jRv92p_S.png                                                                   110.78 kB
dist/client/assets/pv4_hair_07_olive_oval_adult_v1-CtWPaqw_.png                                                                       110.93 kB
dist/client/assets/pv4_hair_12_olive_oval_adult_v1_front-DEXOWiKM.png                                                                 111.07 kB
dist/client/assets/pv4_hair_11_tan_square_adult_masc_v1-CLzvTLVb.png                                                                  111.20 kB
dist/client/assets/pv4_hair_21_olive_oval_adult_v1_front-SqH7aBzE.png                                                                 111.43 kB
dist/client/assets/pv4_hair_23_light_square_older_lined_v1_front-pQ-6IeGa.png                                                         111.78 kB
dist/client/assets/pv4_hair_16_olive_oval_adult_v1_front-CNu6BWqY.png                                                                 111.83 kB
dist/client/assets/pv4_hair_06_olive_oval_adult_v1-Bhoy8wq0.png                                                                       111.86 kB
dist/client/assets/pv4_hair_06_light_oval_young_fem_v1-BL6KT2f6.png                                                                   111.89 kB
dist/client/assets/pg_top_005_long_sleeve_button_shirt_wave_a_older_woman_rt960_standing_neutral_v1-BxnIIdpc.png                      112.28 kB
dist/client/assets/pv4_hair_05_light_square_older_lined_v1_front--kXM63S3.png                                                         112.33 kB
dist/client/assets/pv4_hair_13_light_square_older_lined_v1-BRhmYnoD.png                                                               112.65 kB
dist/client/assets/pv4_hair_12_light_long_older_v1_front-DqKlygfF.png                                                                 113.25 kB
dist/client/assets/pv4_hair_11_light_long_older_v1-Cchzwkw2.png                                                                       113.46 kB
dist/client/assets/pv4_hair_21_light_long_older_v1_front-B1WSVGxI.png                                                                 113.48 kB
dist/client/assets/pv4_hair_06_tan_square_adult_masc_v1-D70qQeP-.png                                                                  113.86 kB
dist/client/assets/pv4_hair_07_tan_square_adult_masc_v1-BW-C5fJv.png                                                                  114.00 kB
dist/client/assets/pv4_hair_16_light_long_older_v1_front-DikjiZFR.png                                                                 114.04 kB
dist/client/assets/pg_top_006_pullover_sweater_wave_a_fat_man_rt960_standing_neutral_v1-D9l3EJwC.png                                  114.08 kB
dist/client/assets/pg_hair_f_black_007_shoulder_box_braids_v1-BF2mfnxw.png                                                            114.09 kB
dist/client/assets/pv4_hair_11_light_oval_young_v1-Sodj7XY7.png                                                                       114.61 kB
dist/client/assets/pg_bottom_001_straight_leg_blue_jeans_ml_v1-Bo--gDUz.png                                                           115.05 kB
dist/client/assets/pv4_hair_11_tan_round_young_v1-CuiCnQxA.png                                                                        115.12 kB
dist/client/assets/pv4_hair_11_tan_oval_adult_fem_v1-CbPHDDdB.png                                                                     115.27 kB
dist/client/assets/pv4_hair_31_olive_oval_adult_v1_front-Bx7VI_af.png                                                                 116.02 kB
dist/client/assets/pv4_hair_52_light_square_older_masc_v1-CitK-LKj.png                                                                116.03 kB
dist/client/assets/pv4_hair_07_light_oval_young_v1-Dbj1LD55.png                                                                       116.20 kB
dist/client/assets/pv4_hair_06_light_long_older_v1-Fylz2Yno.png                                                                       116.25 kB
dist/client/assets/pv4_hair_07_light_long_older_v1-Ck05-_OO.png                                                                       116.43 kB
dist/client/assets/pv4_hair_07_tan_oval_adult_fem_v1-BWPJrvK6.png                                                                     116.72 kB
dist/client/assets/pv4_hair_07_tan_round_young_v1-D7gPg6GA.png                                                                        116.96 kB
dist/client/assets/pg_top_011_structured_blazer_ml_v1-dWmLEVpf.png                                                                    117.30 kB
dist/client/assets/pv4_hair_12_tan_round_young_v1_front-BcAWnMLf.png                                                                  117.30 kB
dist/client/assets/pv4_hair_21_tan_round_young_v1_front-DizQHUcG.png                                                                  117.62 kB
dist/client/assets/pv4_hair_06_light_oval_young_v1-DB6axleU.png                                                                       117.95 kB
dist/client/assets/pv4_hair_16_tan_round_young_v1_front-4IGuT8tN.png                                                                  118.15 kB
dist/client/assets/pv4_hair_31_light_long_older_v1_front-yN3OHHbj.png                                                                 118.17 kB
dist/client/assets/pv4_hair_06_tan_oval_adult_fem_v1-Dv3wDVKh.png                                                                     118.39 kB
dist/client/assets/pg_top_011_structured_blazer_wave_a_skinny_man_rt960_standing_neutral_v1-BFS-fS5g.png                              118.45 kB
dist/client/assets/pv4_hair_06_tan_round_young_v1-CN5xYPyy.png                                                                        118.49 kB
dist/client/assets/pv4_hair_52_light_square_older_lined_v1-DJbRFP9P.png                                                               119.08 kB
dist/client/assets/pv4_hair_54_light_oval_young_fem_v1-BwYqAqCI.png                                                                   119.13 kB
dist/client/assets/pv4_hair_54_olive_oval_adult_v1-C4wcEGOU.png                                                                       119.50 kB
dist/client/assets/pg_top_005_long_sleeve_button_shirt_ml_v1-C_DEe9KZ.png                                                             119.56 kB
dist/client/assets/pg_top_005_long_sleeve_button_shirt_wave_a_skinny_man_rt960_standing_neutral_v1-PLWfycUE.png                       120.73 kB
dist/client/assets/pv4_hair_11_light_square_older_masc_v1-BZvqWceW.png                                                                121.02 kB
dist/client/assets/pv4_hair_21_light_square_older_masc_v1_front-CnyTcfXX.png                                                          121.69 kB
dist/client/assets/pv4_hair_12_light_square_older_masc_v1_front-CoJN87Ir.png                                                          121.77 kB
dist/client/assets/pv4_hair_31_tan_round_young_v1_front-Dusq9t2E.png                                                                  122.47 kB
dist/client/assets/pv4_hair_54_tan_square_adult_masc_v1-DhqosGA9.png                                                                  122.49 kB
dist/client/assets/pv4_hair_16_light_square_older_masc_v1_front-DbXgitex.png                                                          122.57 kB
dist/client/assets/pv4_hair_21_light_square_older_lined_v1_front-D3fZ8LHw.png                                                         123.99 kB
dist/client/assets/pv4_hair_12_light_square_older_lined_v1_front-CokoyK-A.png                                                         124.10 kB
dist/client/assets/pv4_hair_11_light_square_older_lined_v1-wEddYCSl.png                                                               124.23 kB
dist/client/assets/pv4_hair_07_light_square_older_masc_v1-BEfPv3QX.png                                                                124.25 kB
dist/client/assets/pg_top_011_structured_blazer_wave_a_average_man_rt960_standing_neutral_v1-DNlk0rv7.png                             124.32 kB
dist/client/assets/pv4_hair_54_light_long_older_v1-OhiL7a2V.png                                                                       124.36 kB
dist/client/assets/pv4_hair_23_light_oval_young_fem_v1-DMOZ38_u.png                                                                   124.44 kB
dist/client/assets/pv4_hair_06_light_square_older_masc_v1-BLD9vvyf.png                                                                124.53 kB
dist/client/assets/pv4_hair_23_olive_oval_adult_v1-dFTiE3tj.png                                                                       124.53 kB
dist/client/assets/pv4_hair_54_light_oval_young_v1-SWccPjA5.png                                                                       124.66 kB
dist/client/assets/pv4_hair_05_light_oval_young_fem_v1-BXdAPQOq.png                                                                   124.90 kB
dist/client/assets/pv4_hair_16_light_square_older_lined_v1_front-CAqj0WUg.png                                                         124.94 kB
dist/client/assets/pv4_hair_05_olive_oval_adult_v1-rCLiE5kH.png                                                                       125.17 kB
dist/client/assets/pv4_hair_54_tan_oval_adult_fem_v1-Bz4AmL19.png                                                                     125.34 kB
dist/client/assets/pv4_hair_54_tan_round_young_v1-CMEINUTp.png                                                                        125.81 kB
dist/client/assets/pv4_hair_31_light_square_older_masc_v1_front-CsmT-P6p.png                                                          126.58 kB
dist/client/assets/pg_top_005_long_sleeve_button_shirt_wave_a_average_man_rt960_standing_neutral_v1-DgQxc76c.png                      126.63 kB
dist/client/assets/pv4_hair_06_light_square_older_lined_v1-DpjDkuTQ.png                                                               127.67 kB
dist/client/assets/pv4_hair_07_light_square_older_lined_v1-T28SyozW.png                                                               127.73 kB
dist/client/assets/pv4_hair_23_tan_square_adult_masc_v1-CuzJ5qDi.png                                                                  128.06 kB
dist/client/assets/pv4_hair_05_tan_square_adult_masc_v1-DDU3-Vo6.png                                                                  128.64 kB
dist/client/assets/pv4_hair_31_light_square_older_lined_v1_front-DQrse_j0.png                                                         128.86 kB
dist/client/assets/pv4_hair_20_olive_oval_adult_v1_front-COZEnGKn.png                                                                 129.11 kB
dist/client/assets/pv4_hair_23_light_long_older_v1-C0rpJ1V3.png                                                                       130.06 kB
dist/client/assets/pv4_hair_05_light_long_older_v1-DivB2w_m.png                                                                       130.67 kB
dist/client/assets/pv4_hair_10_olive_oval_adult_v1_front-F7xPP9RL.png                                                                 130.88 kB
dist/client/assets/pv4_hair_23_light_oval_young_v1-CgDlPgeH.png                                                                       131.11 kB
dist/client/assets/pv4_hair_23_tan_oval_adult_fem_v1-h1Wb79iu.png                                                                     131.40 kB
dist/client/assets/pv4_hair_20_light_long_older_v1_front-UeW1ZYQ-.png                                                                 131.55 kB
dist/client/assets/pv4_hair_05_light_oval_young_v1-BNdKTJ8_.png                                                                       131.58 kB
dist/client/assets/pv4_hair_23_tan_round_young_v1-Bsx4Rl1H.png                                                                        131.87 kB
dist/client/assets/pv4_hair_05_tan_oval_adult_fem_v1-B90f6sQU.png                                                                     131.95 kB
dist/client/assets/pv4_hair_05_tan_round_young_v1-O4XRp6H5.png                                                                        132.41 kB
dist/client/assets/pg_hair_f_black_012_shoulder_locs_v1-C4Qcolk0.png                                                                  132.44 kB
dist/client/assets/pv4_hair_16_light_oval_young_fem_v1-APDyJ4-W.png                                                                   133.10 kB
dist/client/assets/pv4_hair_54_light_square_older_masc_v1-C37jJhIp.png                                                                133.23 kB
dist/client/assets/pv4_hair_16_olive_oval_adult_v1-Df9GS1AH.png                                                                       133.26 kB
dist/client/assets/pg_top_011_structured_blazer_wave_a_fat_man_rt960_standing_neutral_v1-cxOi6lei.png                                 133.45 kB
dist/client/assets/pv4_hair_10_light_long_older_v1_front-DPsNrhvm.png                                                                 133.52 kB
dist/client/assets/pv4_hair_16_tan_square_adult_masc_v1-CxGMzXoD.png                                                                  135.04 kB
dist/client/assets/pv4_hair_21_light_oval_young_fem_v1-Dq_YJTmH.png                                                                   135.16 kB
dist/client/assets/pv4_hair_21_olive_oval_adult_v1-Ds7fBGro.png                                                                       135.23 kB
dist/client/assets/pg_top_005_long_sleeve_button_shirt_wave_a_fat_man_rt960_standing_neutral_v1-Cr2PXDjB.png                          135.49 kB
dist/client/assets/pv4_hair_12_light_oval_young_fem_v1-BvEbPTzx.png                                                                   135.79 kB
dist/client/assets/pv4_hair_12_olive_oval_adult_v1-BJPhAsna.png                                                                       136.16 kB
dist/client/assets/pv4_hair_20_tan_round_young_v1_front-Bgsa51EZ.png                                                                  136.45 kB
dist/client/assets/pv4_hair_54_light_square_older_lined_v1-DClzdv87.png                                                               136.45 kB
dist/client/assets/pv4_hair_09_olive_oval_adult_v1_front-DeRKEip6.png                                                                 137.26 kB
dist/client/assets/pv4_hair_16_light_long_older_v1-BUGlO4Vp.png                                                                       137.83 kB
dist/client/assets/pv4_hair_18_light_oval_young_fem_v1-B85lGWVy.png                                                                   138.41 kB
dist/client/assets/pv4_hair_10_tan_round_young_v1_front-C0eILkR1.png                                                                  138.44 kB
dist/client/assets/pv4_hair_18_olive_oval_adult_v1-C17TtGgg.png                                                                       138.50 kB
dist/client/assets/pv4_hair_21_tan_square_adult_masc_v1-B-Wga-No.png                                                                  138.86 kB
dist/client/assets/pv4_hair_23_light_square_older_masc_v1-Jno0b05R.png                                                                139.43 kB
dist/client/assets/pv4_hair_12_tan_square_adult_masc_v1-CRjpWxul.png                                                                  139.52 kB
dist/client/assets/pv4_hair_16_light_oval_young_v1-Cq0mXTQD.png                                                                       139.60 kB
dist/client/assets/pv4_hair_09_light_long_older_v1_front-33chLkkT.png                                                                 139.70 kB
dist/client/assets/pv4_hair_05_light_square_older_masc_v1-BmIeB3ep.png                                                                140.01 kB
dist/client/assets/pv4_hair_16_tan_round_young_v1-CfJCCRow.png                                                                        140.07 kB
dist/client/assets/pv4_hair_31_light_oval_young_fem_v1-D5hOo2_K.png                                                                   140.24 kB
dist/client/assets/pv4_hair_16_tan_oval_adult_fem_v1-BtrCvV8b.png                                                                     140.43 kB
dist/client/assets/pv4_hair_31_olive_oval_adult_v1-BrpjaDyV.png                                                                       140.45 kB
dist/client/assets/pv4_hair_21_light_long_older_v1-DXbrrRx0.png                                                                       141.38 kB
dist/client/assets/pv4_hair_20_light_square_older_masc_v1_front-CF4N-jjx.png                                                          141.55 kB
dist/client/assets/pv4_hair_12_light_long_older_v1-DWdyFBUz.png                                                                       141.58 kB
dist/client/assets/pv4_hair_18_tan_square_adult_masc_v1-DMfQiR8d.png                                                                  141.77 kB
dist/client/assets/pv4_hair_21_light_oval_young_v1-jPNQbESO.png                                                                       142.02 kB
dist/client/assets/pv4_hair_21_tan_oval_adult_fem_v1-CEq0Vnho.png                                                                     142.32 kB
dist/client/assets/pv4_hair_23_light_square_older_lined_v1-D76w3L2S.png                                                               142.58 kB
dist/client/assets/pv4_hair_21_tan_round_young_v1-BhOBCmcv.png                                                                        142.92 kB
dist/client/assets/pv4_hair_05_light_square_older_lined_v1-DEPl6zWs.png                                                               143.36 kB
dist/client/assets/pv4_hair_10_light_square_older_masc_v1_front-msik37Ee.png                                                          143.47 kB
dist/client/assets/pv4_hair_12_light_oval_young_v1-C8vbSzSw.png                                                                       143.49 kB
dist/client/assets/pv4_hair_31_tan_square_adult_masc_v1-Dl5N3m4p.png                                                                  143.64 kB
dist/client/assets/pv4_hair_12_tan_oval_adult_fem_v1-BdKexbhG.png                                                                     143.72 kB
dist/client/assets/pv4_hair_20_light_square_older_lined_v1_front-BLlP_IOT.png                                                         143.75 kB
dist/client/assets/pv4_hair_18_light_long_older_v1-03SdpwVY.png                                                                       143.98 kB
dist/client/assets/pv4_hair_12_tan_round_young_v1-B_cItbi6.png                                                                        144.22 kB
dist/client/assets/pv4_hair_09_tan_round_young_v1_front-DhS5-ESz.png                                                                  144.81 kB
dist/client/assets/pv4_hair_18_light_oval_young_v1-DMLhB0cq.png                                                                       145.65 kB
dist/client/assets/pv4_hair_18_tan_oval_adult_fem_v1-j4J_4Cmo.png                                                                     145.95 kB
dist/client/assets/pv4_hair_10_light_square_older_lined_v1_front-BFwLquUf.png                                                         146.10 kB
dist/client/assets/pv4_hair_31_light_long_older_v1-BZ7k-lZ-.png                                                                       146.36 kB
dist/client/assets/pv4_hair_18_tan_round_young_v1-m0W2AMqK.png                                                                        146.43 kB
dist/client/assets/pv4_hair_31_light_oval_young_v1-D9283H7I.png                                                                       147.01 kB
dist/client/assets/pv4_hair_16_light_square_older_masc_v1-DG_3HF5J.png                                                                147.29 kB
dist/client/assets/pv4_hair_31_tan_oval_adult_fem_v1-WJx0Mezf.png                                                                     147.45 kB
dist/client/assets/pv4_hair_31_tan_round_young_v1-B_wt0qOQ.png                                                                        148.06 kB
dist/client/assets/pv4_hair_14_olive_oval_adult_v1_front-CYuOFc-R.png                                                                 148.91 kB
dist/client/assets/pv4_hair_09_light_square_older_masc_v1_front-C76u-7eb.png                                                          150.17 kB
dist/client/assets/pv4_hair_21_light_square_older_masc_v1-uJH0loe5.png                                                                150.65 kB
dist/client/assets/pv4_hair_16_light_square_older_lined_v1-CgyfTbGz.png                                                               151.22 kB
dist/client/assets/pv4_hair_14_light_long_older_v1_front-BMlmVuGk.png                                                                 151.62 kB
dist/client/assets/pv4_hair_12_light_square_older_masc_v1-CGGxzFHT.png                                                                151.96 kB
dist/client/assets/pv4_hair_20_light_oval_young_fem_v1-D5r2Sm0j.png                                                                   152.31 kB
dist/client/assets/pv4_hair_20_olive_oval_adult_v1-CzV0OfnS.png                                                                       152.39 kB
dist/client/assets/pv4_hair_09_light_square_older_lined_v1_front-t6-Vmvta.png                                                         152.93 kB
dist/client/assets/pv4_hair_18_light_square_older_masc_v1-BkYU8MPq.png                                                                153.95 kB
dist/client/assets/pv4_hair_10_light_oval_young_fem_v1-DfuaWDDx.png                                                                   154.22 kB
dist/client/assets/pv4_hair_10_olive_oval_adult_v1-XwCndkmZ.png                                                                       154.35 kB
dist/client/assets/pv4_hair_21_light_square_older_lined_v1-3s3f4ue-.png                                                               154.43 kB
dist/client/assets/pv4_hair_12_light_square_older_lined_v1-C7tJ1RaA.png                                                               155.53 kB
dist/client/assets/pv4_hair_20_tan_square_adult_masc_v1-BZOWWKI7.png                                                                  156.05 kB
dist/client/assets/pv4_hair_31_light_square_older_masc_v1-DniE4D1r.png                                                                156.32 kB
dist/client/assets/pv4_hair_14_tan_round_young_v1_front-CSNpnVrU.png                                                                  156.88 kB
dist/client/assets/pv4_hair_17_light_oval_young_fem_v1-4xXUshQX.png                                                                   157.00 kB
dist/client/assets/pv4_hair_17_olive_oval_adult_v1-Dag8EbNa.png                                                                       157.07 kB
dist/client/assets/pv4_hair_18_light_square_older_lined_v1-CT6pR_kf.png                                                               158.05 kB
dist/client/assets/pv4_hair_20_light_long_older_v1-bg5d0VLU.png                                                                       158.19 kB
dist/client/assets/pv4_hair_10_tan_square_adult_masc_v1-4QhC2qnn.png                                                                  158.42 kB
dist/client/assets/pg_hair_f_black_004_shoulder_natural_curls_v1-D-4xirj7.png                                                         159.84 kB
dist/client/assets/pv4_hair_20_light_oval_young_v1-BlwUf-6L.png                                                                       160.07 kB
dist/client/assets/pv4_hair_20_tan_oval_adult_fem_v1-C1wlK2MB.png                                                                     160.30 kB
dist/client/assets/pv4_hair_31_light_square_older_lined_v1-BCZ8Vdrw.png                                                               160.32 kB
dist/client/assets/pv4_hair_09_light_oval_young_fem_v1-B2Z-UlVx.png                                                                   160.34 kB
dist/client/assets/pv4_hair_09_olive_oval_adult_v1-dHTbqVym.png                                                                       160.46 kB
dist/client/assets/pv4_hair_10_light_long_older_v1-DjuBNJ5_.png                                                                       160.49 kB
dist/client/assets/pv4_hair_20_tan_round_young_v1-BsBOetAl.png                                                                        160.79 kB
dist/client/assets/pv4_hair_17_tan_square_adult_masc_v1-BZ5fH91Z.png                                                                  161.05 kB
dist/client/assets/pv4_hair_10_light_oval_young_v1-DkvhfI9j.png                                                                       162.15 kB
dist/client/assets/pv4_hair_10_tan_oval_adult_fem_v1-C4f54MpH.png                                                                     162.40 kB
dist/client/assets/pv4_hair_14_light_square_older_masc_v1_front-sblXBebt.png                                                          162.49 kB
dist/client/assets/pv4_hair_10_tan_round_young_v1-CCo502Ak.png                                                                        162.95 kB
dist/client/assets/pv4_hair_17_light_long_older_v1-DmiuWLS4.png                                                                       162.99 kB
dist/client/assets/pv4_hair_09_tan_square_adult_masc_v1-CUX4xYx3.png                                                                  164.57 kB
dist/client/assets/pv4_hair_14_light_square_older_lined_v1_front-D2HsLjiQ.png                                                         165.28 kB
dist/client/assets/pv4_hair_17_light_oval_young_v1-DsS3nWcu.png                                                                       165.40 kB
dist/client/assets/pv4_hair_17_tan_oval_adult_fem_v1-DPJh6SF-.png                                                                     165.86 kB
dist/client/assets/pv4_wave_a_male_bottom_charcoal_dress_trousers_v1-VXhk6Aob.png                                                     166.17 kB
dist/client/assets/pv4_hair_17_tan_round_young_v1-470JtXbO.png                                                                        166.29 kB
dist/client/assets/pv4_hair_09_light_long_older_v1-C4PX7PJ8.png                                                                       166.43 kB
dist/client/assets/pv4_hair_09_light_oval_young_v1-B45SibVp.png                                                                       168.44 kB
dist/client/assets/pv4_hair_09_tan_oval_adult_fem_v1-Bif4JSyd.png                                                                     168.72 kB
dist/client/assets/pv4_hair_09_tan_round_young_v1-rEPJTpeY.png                                                                        169.25 kB
dist/client/assets/pv4_hair_20_light_square_older_masc_v1-BJy1BdCd.png                                                                169.33 kB
dist/client/assets/pv4_hair_14_light_oval_young_fem_v1-DR1gvD3K.png                                                                   170.97 kB
dist/client/assets/pv4_wave_a_male_bottom_light_gray_dress_trousers_v1-rM3SwhuD.png                                                   171.04 kB
dist/client/assets/pv4_hair_14_olive_oval_adult_v1-BMhO60CT.png                                                                       171.09 kB
dist/client/assets/pv4_hair_10_light_square_older_masc_v1-_tDRwO5Z.png                                                                171.41 kB
dist/client/assets/pv4_hair_20_light_square_older_lined_v1-DM97nnGq.png                                                               173.01 kB
dist/client/assets/pv4_hair_17_light_square_older_masc_v1-XqYFzO6h.png                                                                174.65 kB
dist/client/assets/pv4_hair_14_tan_square_adult_masc_v1-0vj3BeX5.png                                                                  175.23 kB
dist/client/assets/pv4_hair_10_light_square_older_lined_v1-CrDQ-CWB.png                                                               175.50 kB
dist/client/assets/pv4_hair_14_light_long_older_v1-BH17UUwB.png                                                                       177.54 kB
dist/client/assets/pv4_hair_09_light_square_older_masc_v1-ByAnizYj.png                                                                177.95 kB
dist/client/assets/pv4_hair_17_light_square_older_lined_v1-D8DwqLH0.png                                                               178.72 kB
dist/client/assets/pv4_hair_14_light_oval_young_v1-CiGErZ35.png                                                                       179.71 kB
dist/client/assets/pv4_hair_14_tan_oval_adult_fem_v1-CuMQplTF.png                                                                     179.89 kB
dist/client/assets/pv4_hair_14_tan_round_young_v1-BL-WHsqS.png                                                                        180.40 kB
dist/client/assets/pv4_wave_a_male_bottom_brown_corduroy_trousers_v1-Bu75ntjr.png                                                     180.94 kB
dist/client/assets/pv4_hair_09_light_square_older_lined_v1-XFPV9CeS.png                                                               182.03 kB
dist/client/assets/pg_hair_f_black_008_long_box_braids_v1-Dj3v3mnM.png                                                                188.24 kB
dist/client/assets/pv4_hair_14_light_square_older_masc_v1-ClYZWYe5.png                                                                189.66 kB
dist/client/assets/pv4_wave_a_male_bottom_khaki_chinos_v1-CzAehDQq.png                                                                193.01 kB
dist/client/assets/pv4_hair_14_light_square_older_lined_v1-B2XpIx1x.png                                                               193.95 kB
dist/client/assets/pv4_wave_a_male_bottom_black_joggers_v1-C6ZNQgcY.png                                                               197.55 kB
dist/client/assets/pv4_wave_a_male_top_burgundy_long_sleeve_polo_v1--NqEpNu4.png                                                      201.87 kB
dist/client/assets/pv4_wave_a_male_bottom_navy_work_trousers_v1-Cr_0dIXs.png                                                          206.41 kB
dist/client/assets/pv4_wave_a_male_bottom_tan_cargo_trousers_v1-DyWtdI-W.png                                                          207.38 kB
dist/client/assets/pv4_wave_a_male_bottom_light_blue_dress_trousers_v1-Bwk-eJS0.png                                                   215.36 kB
dist/client/assets/pv4_wave_a_male_bottom_blue_straight_jeans_v1-Cux2PqNT.png                                                         217.28 kB
dist/client/assets/pv4_wave_a_male_bottom_dark_blue_slim_jeans_v1-Ojd4hsOy.png                                                        217.87 kB
dist/client/assets/pv4_wave_a_male_bottom_olive_cargo_trousers_v1-vgpporqW.png                                                        221.18 kB
dist/client/assets/pv4_wave_a_female_top_gray_short_sleeve_tee_v1-CregF8Ya.png                                                        226.30 kB
dist/client/assets/pv4_wave_a_male_top_navy_zip_hoodie_v1-B2I1rAcR.png                                                                233.88 kB
dist/client/assets/pv4_wave_a_male_top_white_button_up_shirt_v1-Cl6LGX6H.png                                                          236.85 kB
dist/client/assets/wave_a_supplies_R1C3_single_earbud_case_v1-BsUVslsQ.png                                                            244.28 kB
dist/client/assets/pv4_wave_a_female_top_navy_zip_hoodie_v1-BEEkShp7.png                                                              245.60 kB
dist/client/assets/pv4_wave_a_male_top_tan_utility_shirt_v1-BPSloccs.png                                                              246.01 kB
dist/client/assets/pv4_wave_a_female_top_teal_shell_jacket_v1-Ckw16bAx.png                                                            246.95 kB
dist/client/assets/pv4_wave_a_male_top_olive_shell_jacket_v1-l4lRpr8b.png                                                             249.95 kB
dist/client/assets/pv4_wave_a_female_top_olive_button_up_shirt_v1-CXNLzCRd.png                                                        250.08 kB
dist/client/assets/pv4_wave_a_male_top_charcoal_blazer_v1-D68Cikzr.png                                                                253.16 kB
dist/client/assets/pv4_wave_a_female_top_charcoal_blazer_v1-BtU2wt5q.png                                                              254.61 kB
dist/client/assets/pv4_wave_a_female_top_burgundy_short_sleeve_polo_v1-BgX7dyj9.png                                                   254.79 kB
dist/client/assets/pv4_wave_a_female_top_olive_puffer_vest_layered_v1-D6t5-B_e.png                                                    264.97 kB
dist/client/assets/pv4_wave_a_male_top_charcoal_puffer_vest_layered_v1-Bwvh0806.png                                                   267.82 kB
dist/client/assets/pv4_wave_a_female_top_tan_utility_shirt_v1-Dv-Qzmd7.png                                                            269.43 kB
dist/client/assets/env_lexington_council_staff_office_prompt30_foreground_mask_2x_v1-BEHEzT7L.png                                     277.78 kB
dist/client/assets/pv4_wave_a_male_top_plaid_overshirt_v1-DUC-IJPn.png                                                                282.40 kB
dist/client/assets/pv4_wave_a_male_top_gray_long_sleeve_tee_v1-C6TVecZD.png                                                           288.78 kB
dist/client/assets/pv4_wave_a_female_top_plaid_overshirt_v1-ca1MqDze.png                                                              298.80 kB
dist/client/assets/pv4_wave_a_male_top_cream_cardigan_v1-BZuV7tDJ.png                                                                 317.38 kB
dist/client/assets/pv4_wave_a_male_top_green_cable_sweater_v1-CVsr-G1N.png                                                            324.35 kB
dist/client/assets/pv4_wave_a_male_top_brown_fur_hood_parka_v1-FXa_Fg22.png                                                           332.99 kB
dist/client/assets/pv4_wave_a_female_top_brown_fur_hood_parka_v1-Dwm7QdIZ.png                                                         333.89 kB
dist/client/assets/pv4_wave_a_female_top_cream_cardigan_v1-BRCsNSSZ.png                                                               335.04 kB
dist/client/assets/wave_a_supplies_R2C4_single_sticky_notes_v1-CRnkKA00.png                                                           340.75 kB
dist/client/assets/pv4_wave_a_female_top_mustard_cable_sweater_v1-Bh0Eae8v.png                                                        355.08 kB
dist/client/assets/human_candidate_A01_primary_desk_seated_v1-oI84f8ST.png                                                            359.57 kB
dist/client/assets/OCD_HAIR_MASC_STRAIGHT_DENSE_SHORT_DENSE_CROP_V1-BOf0Fv3p.png                                                      360.81 kB
dist/client/assets/pg_body_fl_standing_v1-CU0nOpFz.png                                                                                364.60 kB
dist/client/assets/OCD_HAIR_MASC_LIGHT_COLOR_AGE_MASCULINE_SILVER_GRAY_SHORT_RECEDING_V1-BNwZK2Zx.png                                 382.72 kB
dist/client/assets/pg_body_ml_standing_v1-BRzfQ679.png                                                                                389.50 kB
dist/client/assets/OCD_HAIR_MASC_STRAIGHT_DENSE_MATURE_RECEDING_SHORT_V1-KQjl3TQp.png                                                 390.59 kB
dist/client/assets/OCD_HAIR_MASC_WAVY_CURLY_CURLY_FRINGE_SHORT_TAPER_V1-CfNBiaSx.png                                                  399.05 kB
dist/client/assets/human_candidate_B01_left_guest_seated_v1-D9PzlhiB.png                                                              399.36 kB
dist/client/assets/OCD_HAIR_FEM_STRAIGHT_DENSE_LOW_PRACTICAL_BUN_V1-B_YLiksw.png                                                      401.50 kB
dist/client/assets/OCD_HAIR_MASC_COILY_CAESAR_COILY_CROP_TAPER_V1-DEgr4ewT.png                                                        444.79 kB
dist/client/assets/wave_a_supplies_R2C3_single_stapler_v1-BVdMi8vf.png                                                                459.71 kB
dist/client/assets/GEMINI_OUTPUT_31_PROMPT34_human_candidate_A01_primary_desk_seated_base_APPROVED_v1-BG5lL1YA.png                    462.99 kB
dist/client/assets/wave_a_male_bottom_khaki_shorts_v1-DoJJPw2N.png                                                                    463.65 kB
dist/client/assets/OCD_HAIR_MASC_STRAIGHT_DENSE_SHORT_SIDE_PART_DENSE_V1-B9p3ndDF.png                                                 466.40 kB
dist/client/assets/OCD_HAIR_MASC_STRAIGHT_DENSE_OLDER_SALT_PEPPER_THINNING_V1-BMhyS1xZ.png                                            470.28 kB
dist/client/assets/habs_tx3326_00013a_normalized-Dru7r5Nc.jpg                                                                         470.63 kB
dist/client/assets/page-15-Cet4zGyU.png                                                                                               475.94 kB
dist/client/assets/OCD_HAIR_MASC_LIGHT_COLOR_AGE_MASCULINE_SANDY_BLOND_TEXTURED_CROP_V1-Djk6edsu.png                                  480.23 kB
dist/client/assets/OCD_HAIR_FEM_COILY_TAPERED_NATURAL_SHORT_V1-Cvg5v9ve.png                                                           484.74 kB
dist/client/assets/OCD_HAIR_FEM_STRAIGHT_DENSE_LOW_PONYTAIL_V1-C0HF97X-.png                                                           485.55 kB
dist/client/assets/OCD_HAIR_MASC_STRAIGHT_DENSE_TWO_BLOCK_MODERATE_V1-zpb2oC13.png                                                    492.33 kB
dist/client/assets/GEMINI_OUTPUT_32_PROMPT35_human_candidate_B01_left_guest_seated_base_APPROVED_v1-C-JBmRbL.png                      493.08 kB
dist/client/assets/wave_a_supplies_R1C1_single_phone_v1-6Js7z_ER.png                                                                  506.60 kB
dist/client/assets/OCD_HAIR_MASC_STRAIGHT_DENSE_BRUSHED_BACK_MEDIUM_V1-33OAV1x_.png                                                   507.78 kB
dist/client/assets/OCD_HAIR_MASC_COILY_CORNROW_TOP_TAPER_V1-zmhKl-Jj.png                                                              509.42 kB
dist/client/assets/OCD_HAIR_MASC_STRAIGHT_DENSE_TEXTURED_FRINGE_SHORT_V1-DzMfJgTl.png                                                 512.78 kB
dist/client/assets/OCD_HAIR_MASC_LIGHT_COLOR_AGE_MASCULINE_LIGHT_BROWN_SIDE_PART_V1-BWfdUcqe.png                                      517.61 kB
dist/client/assets/OCD_HAIR_MASC_COILY_360_WAVES_LOW_TAPER_V1-BL6AK2WA.png                                                            521.77 kB
dist/client/assets/OCD_HAIR_MASC_WAVY_CURLY_SWEPT_BACK_WAVES_MEDIUM_V1-BvmcLEwb.png                                                   522.23 kB
dist/client/assets/OCD_HAIR_MASC_COILY_MATURE_COILY_RECEDING_SHORT_V1-BP4HdjJa.png                                                    526.98 kB
dist/client/assets/OCD_HAIR_MASC_WAVY_CURLY_CLASSIC_WAVY_SIDE_PART_V1-DsM1b66n.png                                                    529.08 kB
dist/client/assets/wave_a_supplies_R1C4_single_usb_cable_v1-BZfnqhLH.png                                                              541.49 kB
dist/client/assets/OCD_HAIR_MASC_LIGHT_COLOR_AGE_MASCULINE_AUBURN_WAVY_CROP_V1-2KVIPjum.png                                           547.07 kB
dist/client/assets/OCD_HAIR_FEM_STRAIGHT_DENSE_CHIN_LENGTH_STRAIGHT_BOB_V1-B7Diyt_b.png                                               587.08 kB
dist/client/assets/OCD_HAIR_MASC_WAVY_CURLY_MATURE_SALT_PEPPER_WAVY_RECEDING_V1-2wf7JSLa.png                                          588.09 kB
dist/client/assets/OCD_HAIR_MASC_WAVY_CURLY_DENSE_WAVY_CROP_MEDIUM_SHORT_V1-Cy6Iacba.png                                              602.36 kB
dist/client/assets/OCD_HAIR_MASC_COILY_SPONGE_TWIST_CURLS_SHORT_V1-Bosi9KYY.png                                                       605.36 kB
dist/client/assets/OCD_HAIR_MASC_WAVY_CURLY_LONG_WAVY_LOW_TIE_V1-CFTT1HdF.png                                                         613.48 kB
dist/client/assets/wave_a_male_bottom_charcoal_dress_trousers_v1-B1dkcjB4.png                                                         618.75 kB
dist/client/assets/wave_a_male_bottom_light_gray_dress_trousers_v1-CyqlxpFu.png                                                       626.19 kB
dist/client/assets/OCD_HAIR_FEM_COILY_TWO_LOW_NATURAL_PUFFS_V1-Dwl2WSdB.png                                                           632.06 kB
dist/client/assets/OCD_HAIR_MASC_WAVY_CURLY_SHORT_LOOSE_CURL_CROP_V1-D9GUiqlw.png                                                     649.73 kB
dist/client/assets/wave_a_male_bottom_black_joggers_v1-Bw6IhNjX.png                                                                   650.44 kB
dist/client/assets/OCD_HAIR_MASC_COILY_HIGH_TOP_COILY_CURLS_V1-CdU8cb6a.png                                                           670.06 kB
dist/client/assets/OCD_HAIR_FEM_COILY_HIGH_NATURAL_PUFF_V1-oG2d-bu4.png                                                               672.98 kB
dist/client/assets/OCD_HAIR_FEM_WAVY_CURLY_LONG_LOW_BRAID_V1-BOqbUkq3.png                                                             702.09 kB
dist/client/assets/OCD_HAIR_FEM_COILY_BRAIDED_BUN_UPDO_V1-C04b0kZD.png                                                                703.33 kB
dist/client/assets/wave_a_skinny_man_standing_neutral_front_a_v1_rt960-C4l4e9vD.png                                                   704.44 kB
dist/client/assets/wave_a_average_man_standing_neutral_front_b_v1_rt960-AnB1ic4C.png                                                  705.12 kB
dist/client/assets/wave_a_male_bottom_navy_work_trousers_v1-ByNPm_Mw.png                                                              706.10 kB
dist/client/assets/wave_a_skinny_man_standing_neutral_front_a_v1_pv4-DaBniiP2.png                                                     711.63 kB
dist/client/assets/wave_a_male_bottom_khaki_chinos_v1-DbFdiJEr.png                                                                    713.83 kB
dist/client/assets/wave_a_male_bottom_brown_corduroy_trousers_v1-DAyGUzoI.png                                                         716.27 kB
dist/client/assets/OCD_HAIR_MASC_STRAIGHT_DENSE_SIDE_SWEPT_LAYERED_MEDIUM_V1-C9NBgXHP.png                                             726.94 kB
dist/client/assets/wave_a_female_top_gray_short_sleeve_tee_v1-DmYwwJzz.png                                                            732.79 kB
dist/client/assets/wave_a_male_bottom_dark_blue_slim_jeans_v1-BULHxv9x.png                                                            735.01 kB
dist/client/assets/wave_a_average_man_standing_neutral_front_a_v1_rt960-BCkdpZGV.png                                                  738.04 kB
dist/client/assets/wave_a_skinny_woman_standing_neutral_front_b_v1_rt960-DCyc0r2C.png                                                 738.54 kB
dist/client/assets/OCD_HAIR_MASC_STRAIGHT_DENSE_CENTER_PART_CURTAINS_MEDIUM_V1-Db_-zQi9.png                                           740.84 kB
dist/client/assets/wave_a_average_man_standing_neutral_front_a_v1_pv4-BI-JvDpG.png                                                    745.26 kB
dist/client/assets/wave_a_skinny_woman_standing_neutral_front_b_v1_pv4-76jXJjKx.png                                                   745.50 kB
dist/client/assets/OCD_HAIR_FEM_WAVY_CURLY_CHIN_LENGTH_WAVY_BOB_V1-CPKQVLAm.png                                                       757.80 kB
dist/client/assets/wave_a_supplies_R2C1_single_legal_pad_v1-BZWSkLxT.png                                                              761.74 kB
dist/client/assets/wave_a_male_bottom_light_blue_dress_trousers_v1-Bdzzxn0m.png                                                       764.92 kB
dist/client/assets/wave_a_male_bottom_olive_cargo_trousers_v1-CG0eDZ8h.png                                                            766.93 kB
dist/client/assets/ocd_head_adult_deep_square_adult_masc_v1-C2jETk05.png                                                              767.56 kB
dist/client/assets/OCD_HAIR_FEM_STRAIGHT_DENSE_SHOULDER_LENGTH_LOB_V1-aSNPDaFa.png                                                    769.62 kB
dist/client/assets/OCD_HAIR_MASC_WAVY_CURLY_LOOSE_CURLS_MEDIUM_V1-BuT2M_Jh.png                                                        771.46 kB
dist/client/assets/OCD_HAIR_FEM_WAVY_CURLY_LOW_BUN_WAVY_CROWN_V1-CxyuOlIM.png                                                         771.71 kB
dist/client/assets/ocd_head_adult_deep_round_young_v1-BLHTGRhQ.png                                                                    779.82 kB
dist/client/assets/OCD_HAIR_MASC_COILY_STARTER_LOCS_SHORT_V1-WBbnuzsw.png                                                             782.15 kB
dist/client/assets/wave_a_male_top_burgundy_long_sleeve_polo_v1-CCpozI00.png                                                          795.39 kB
dist/client/assets/wave_a_male_bottom_tan_cargo_trousers_v1-Da3hx6wP.png                                                              801.01 kB
dist/client/assets/wave_a_skinny_woman_seated_front_neutral_v1_rt960-CVOH3D-R.png                                                     807.04 kB
dist/client/assets/wave_a_fat_man_standing_neutral_front_a_v1_rt960-CxoD2iVN.png                                                      807.22 kB
dist/client/assets/ocd_head_adult_light_oval_young_fem_v1-DVe2FX4x.png                                                                811.25 kB
dist/client/assets/wave_a_male_bottom_blue_straight_jeans_v1-BrqGdP_l.png                                                             811.79 kB
dist/client/assets/wave_a_average_woman_seated_front_neutral_v1_rt960-DoJkY_8n.png                                                    812.47 kB
dist/client/assets/wave_a_skinny_woman_seated_front_neutral_v1_pv4-CZz6I_r9.png                                                       814.28 kB
dist/client/assets/wave_a_fat_man_standing_neutral_front_a_v1_pv4-CKzLyEjW.png                                                        814.56 kB
dist/client/assets/page-03-Dv3Lqz-t.png                                                                                               817.63 kB
dist/client/assets/ocd_head_adult_light_oval_young_v1-DXnfAhmC.png                                                                    818.50 kB
dist/client/assets/wave_a_average_woman_seated_front_neutral_v1_pv4-DD70DBxx.png                                                      818.87 kB
dist/client/assets/ocd_head_adult_deep_oval_adult_v1-CLW4Dwia.png                                                                     826.80 kB
dist/client/assets/OCD_HAIR_FEM_LIGHT_COLOR_AGE_FEMININE_SILVER_GRAY_SHORT_LAYERED_V1-BOcAEJvo.png                                    830.21 kB
dist/client/assets/ocd_head_adult_olive_oval_adult_v1-DJ__G-Dl.png                                                                    832.17 kB
dist/client/assets/page-04-BjjeckpE.png                                                                                               848.37 kB
dist/client/assets/ocd_head_adult_tan_square_adult_masc_v1-CKjcXlJ8.png                                                               848.99 kB
dist/client/assets/ocd_head_adult_tan_oval_adult_fem_v1-BJ5Oqm5L.png                                                                  854.40 kB
dist/client/assets/ocd_head_adult_tan_round_young_v1-CBzCTEGT.png                                                                     860.82 kB
dist/client/assets/OCD_HAIR_MASC_COILY_LOCS_MEDIUM_SWEPT_BACK_V1-B3FpnwS7.png                                                         867.48 kB
dist/client/assets/OCD_HAIR_FEM_COILY_FLAT_TWIST_SWEPT_UPDO_V1-D7lSNssu.png                                                           869.70 kB
dist/client/assets/wave_a_skinny_woman_standing_neutral_front_a_v1_rt960-BKJc04Vc.png                                                 876.69 kB
dist/client/assets/wave_a_skinny_woman_standing_neutral_front_a_v1_pv4-BXkwCZim.png                                                   883.97 kB
dist/client/assets/page-05-DK63cfOo.png                                                                                               894.14 kB
dist/client/assets/ocd_footwear_green_ballet_flat_v1-EsFKCdez.png                                                                     897.70 kB
dist/client/assets/ocd_footwear_plum_mid_block_heel_v1-C1dekygr.png                                                                   914.67 kB
dist/client/assets/OCD_HAIR_FEM_STRAIGHT_DENSE_MATURE_GRAY_BOB_V1-EZS8YlEs.png                                                        926.77 kB
dist/client/assets/ocd_head_adult_light_long_older_v1-BrdQS6e2.png                                                                    928.92 kB
dist/client/assets/wave_a_fat_man_standing_neutral_profile_v1-BpO5e8__.png                                                            933.01 kB
dist/client/assets/OCD_HAIR_FEM_LIGHT_COLOR_AGE_FEMININE_WHITE_GRAY_SWEPT_BACK_BOB_V1-DyUA0hb0.png                                    933.39 kB
dist/client/assets/ocd_head_adult_light_square_older_masc_v1-DpfFk8B2.png                                                             938.49 kB
dist/client/assets/OCD_HAIR_FEM_WAVY_CURLY_SHOULDER_LENGTH_LOOSE_WAVES_V1-BKMcx8X2.png                                                940.79 kB
dist/client/assets/ocd_footwear_grey_low_block_heel_v1-BSWNGBoY.png                                                                   943.78 kB
dist/client/assets/wave_a_supplies_R3C4_multiple_pencil_briefcase_v1-91OwUVtL.png                                                     954.80 kB
dist/client/assets/ocd_footwear_black_cap_toe_oxford_v1-BDSzCGXn.png                                                                  957.07 kB
dist/client/assets/OCD_HAIR_FEM_STRAIGHT_DENSE_SHOULDER_LENGTH_SOFT_WAVES_V1-CuoFet17.png                                             964.93 kB
dist/client/assets/wave_a_older_woman_standing_neutral_front_b_v1_rt960-D8Us4NLp.png                                                  964.94 kB
dist/client/assets/wave_a_average_woman_standing_neutral_front_b_v1_rt960-C4uIfytp.png                                                965.22 kB
dist/client/assets/OCD_HAIR_FEM_WAVY_CURLY_LONG_WAVES_CENTER_PART_V1-B9Z8d1S7.png                                                     967.01 kB
dist/client/assets/wave_a_average_man_standing_neutral_three_quarter_v1-CiXyGH85.png                                                  968.96 kB
dist/client/assets/wave_a_older_woman_standing_neutral_front_b_v1_pv4-DGlwlIun.png                                                    969.27 kB
dist/client/assets/wave_a_average_woman_standing_neutral_front_b_v1_pv4-B3M54rhu.png                                                  971.74 kB
dist/client/assets/env_lexington_council_staff_office_prompt30_v1-BILtlfyO.png                                                        973.98 kB
dist/client/assets/OCD_HAIR_MASC_COILY_TWO_STRAND_TWISTS_MEDIUM_V1-Cd6jfpkL.png                                                       977.05 kB
dist/client/assets/wave_a_footwear_flat_green_v1-B35uQ7my.png                                                                         980.93 kB
dist/client/assets/OCD_HAIR_FEM_LIGHT_COLOR_AGE_FEMININE_STRAWBERRY_BLOND_BOB_V1-C0WJ3_Sg.png                                         988.82 kB
dist/client/assets/wave_a_male_top_navy_zip_hoodie_v1-CY1WnyBC.png                                                                    991.26 kB
dist/client/assets/OCD_HAIR_FEM_STRAIGHT_DENSE_SHOULDER_LENGTH_CURTAIN_FRINGE_V1-DL7p5875.png                                         995.08 kB
dist/client/assets/wave_a_footwear_pump_gray_v1-CIBCE3cf.png                                                                          995.88 kB
dist/client/assets/ocd_footwear_brown_penny_loafer_v1-Dnb0uz2e.png                                                                  1,001.39 kB
dist/client/assets/OCD_HAIR_MASC_WAVY_CURLY_LONG_WAVY_SWEPT_BACK_V1-bGK0mh56.png                                                    1,005.49 kB
dist/client/assets/wave_a_supplies_R3C1_multiple_bottle_note_envelope_v1-C6b8s5rc.png                                               1,008.58 kB
dist/client/assets/page-01-f-vL78cY.png                                                                                             1,012.14 kB
dist/client/assets/ocd_head_adult_light_square_older_lined_v1-CwcSPNJg.png                                                          1,013.78 kB
dist/client/assets/wave_a_footwear_pump_burgundy_v1-TqZjMNNU.png                                                                    1,021.26 kB
dist/client/assets/OCD_HAIR_FEM_WAVY_CURLY_HALF_UP_HALF_DOWN_WAVY_V1-BxuUHLPI.png                                                   1,030.59 kB
dist/client/assets/page-02-IQlmHp18.png                                                                                             1,032.77 kB
dist/client/assets/OCD_HAIR_FEM_COILY_LOCS_SHOULDER_LENGTH_V1-DERnwowX.png                                                          1,036.37 kB
dist/client/assets/ocd_footwear_grey_court_sneaker_v1-B1Dx9cGe.png                                                                  1,037.08 kB
dist/client/assets/wave_a_skinny_woman_standing_neutral_three_quarter_v1-BaB7-0Ge.png                                               1,037.86 kB
dist/client/assets/wave_a_skinny_man_standing_neutral_three_quarter_v1-BxoQ1Kwx.png                                                 1,038.19 kB
dist/client/assets/wave_a_average_woman_standing_neutral_front_a_v1_rt960-CQssbOg8.png                                              1,038.73 kB
dist/client/assets/OCD_HAIR_FEM_STRAIGHT_DENSE_SIDE_SWEPT_LAYERED_MEDIUM_V1-8AMNvxbZ.png                                            1,042.25 kB
dist/client/assets/wave_a_male_top_white_button_up_shirt_v1-Bws4V8aM.png                                                            1,043.01 kB
dist/client/assets/wave_a_average_woman_standing_neutral_front_a_v1_pv4-DDvrvMC8.png                                                1,043.21 kB
dist/client/assets/OCD_HAIR_FEM_COILY_AFRO_MEDIUM_ROUNDED_V1-DoxdOXSL.png                                                           1,062.40 kB
dist/client/assets/ocd_footwear_navy_canvas_plimsoll_v1-Dp9Qni1C.png                                                                1,068.54 kB
dist/client/assets/wave_a_female_top_burgundy_short_sleeve_polo_v1-DhrZ38fs.png                                                     1,068.99 kB
dist/client/assets/wave_a_average_woman_standing_neutral_three_quarter_v1-ByzQ4ouT.png                                              1,077.65 kB
dist/client/assets/wave_a_male_top_olive_shell_jacket_v1-BSRLolaa.png                                                               1,080.03 kB
dist/client/assets/wave_a_average_man_standing_neutral_front_b_v1-oyUoj1nh.png                                                      1,083.42 kB
dist/client/assets/wave_a_skinny_man_standing_neutral_back_v1-BhTys1I_.png                                                          1,091.03 kB
dist/client/assets/OCD_HAIR_FEM_WAVY_CURLY_MATURE_SALT_PEPPER_SHOULDER_WAVES_V1-DkRDbonf.png                                        1,094.27 kB
dist/client/assets/wave_a_male_top_tan_utility_shirt_v1-hVL3MD2C.png                                                                1,104.08 kB
dist/client/assets/wave_a_male_top_charcoal_puffer_vest_layered_v1-D-gx_Hv4.png                                                     1,108.75 kB
dist/client/assets/wave_a_skinny_man_standing_neutral_front_a_v1-D6EO28b_.png                                                       1,111.65 kB
dist/client/assets/wave_a_skinny_woman_standing_neutral_front_b_v1-oLpxSA1D.png                                                     1,114.21 kB
dist/client/assets/wave_a_average_man_standing_neutral_front_a_v1-zGuJUpqJ.png                                                      1,118.06 kB
dist/client/assets/wave_a_female_top_olive_button_up_shirt_v1-YpFlQPGA.png                                                          1,119.62 kB
dist/client/assets/ocd_footwear_brown_strap_sandal_v1-BGxJLe3t.png                                                                  1,130.42 kB
dist/client/assets/wave_a_male_top_charcoal_blazer_v1-BlIK6Gyy.png                                                                  1,132.43 kB
dist/client/assets/wave_a_female_top_charcoal_blazer_v1-BzAUG3hE.png                                                                1,144.89 kB
dist/client/assets/wave_a_female_top_navy_zip_hoodie_v1-_hS-IdI_.png                                                                1,151.08 kB
dist/client/assets/wave_a_footwear_oxford_black_v1-BDnKbYAs.png                                                                     1,154.34 kB
dist/client/assets/wave_a_skinny_woman_seated_front_neutral_v1-DMqqkjDf.png                                                         1,160.26 kB
dist/client/assets/wave_a_average_man_seated_front_neutral_v1-B1_gv2G2.png                                                          1,164.45 kB
dist/client/assets/wave_a_fat_man_standing_neutral_back_v1-i4QJtgLB.png                                                             1,171.87 kB
dist/client/assets/wave_a_female_top_teal_shell_jacket_v1-d8MVd3TT.png                                                              1,183.00 kB
dist/client/assets/env_residence_apartment_living_canonical_03_v1-DS2Ga1i0.png                                                      1,187.96 kB
dist/client/assets/ocd_footwear_blue_running_shoe_v1-CTxzOW8C.png                                                                   1,188.30 kB
dist/client/assets/OCD_HAIR_FEM_WAVY_CURLY_SHOULDER_LENGTH_DEFINED_CURLS_V1-71Zu9dGS.png                                            1,189.67 kB
dist/client/assets/wave_a_older_woman_standing_neutral_three_quarter_v1-D1nlfsM8.png                                                1,191.24 kB
dist/client/assets/wave_a_average_woman_seated_front_neutral_v1-DE-1L2pI.png                                                        1,191.45 kB
dist/client/assets/OCD_HAIR_FEM_WAVY_CURLY_LONG_DEFINED_CURLS_V1-Ka9tk2MB.png                                                       1,196.77 kB
dist/client/assets/wave_a_skinny_woman_standing_neutral_front_a_v1-BwlJcSdw.png                                                     1,197.95 kB
dist/client/assets/wave_a_footwear_loafer_brown_v1-DXH_kXfi.png                                                                     1,200.96 kB
dist/client/assets/OCD_HAIR_FEM_LIGHT_COLOR_AGE_FEMININE_MEDIUM_BROWN_LONG_WAVY_V1-CjRV3S7W.png                                     1,202.29 kB
dist/client/assets/wave_a_skinny_man_seated_front_chair_v1-BJ3u6ir4.png                                                             1,202.60 kB
dist/client/assets/wave_a_male_top_gray_long_sleeve_tee_v1-DXvQIVJn.png                                                             1,207.62 kB
dist/client/assets/ocd_body_adult_fem_seated_guest_three_quarter_v1-D_LGsVUh.png                                                    1,209.00 kB
dist/client/assets/wave_a_female_top_olive_puffer_vest_layered_v1-CR4zTx-Y.png                                                      1,222.17 kB
dist/client/assets/OCD_HAIR_FEM_STRAIGHT_DENSE_LONG_STRAIGHT_LAYERED_V1-CXV35tCf.png                                                1,227.58 kB
dist/client/assets/wave_a_fat_man_standing_neutral_front_a_v1-MGJFkK6y.png                                                          1,227.74 kB
dist/client/assets/wave_a_older_woman_standing_neutral_front_a_v1_rt960-Dt1dPAOu.png                                                1,229.11 kB
dist/client/assets/ocd_body_adult_fem_seated_gesture_forward_v1-C-actkwr.png                                                        1,229.33 kB
dist/client/assets/wave_a_older_woman_standing_neutral_front_a_v1_pv4-CLAzu4ms.png                                                  1,233.22 kB
dist/client/assets/ocd_body_adult_fem_standing_conversational_b_v1-oWqUtYAV.png                                                     1,236.22 kB
dist/client/assets/wave_a_fat_man_seated_front_chair_v1-D6CI0zJq.png                                                                1,245.21 kB
dist/client/assets/ocd_body_adult_fem_seated_guest_three_quarter_v1-YBwEKPBL.png                                                    1,250.54 kB
dist/client/assets/env_residence_apartment_living_ordinary_02_v1-oyHurSTa.png                                                       1,251.87 kB
dist/client/assets/ocd_footwear_taupe_chukka_boot_v1-B48gjxJR.png                                                                   1,255.46 kB
dist/client/assets/ocd_body_adult_fem_standing_neutral_b_v1-B7tbZXgK.png                                                            1,255.86 kB
dist/client/assets/wave_a_male_top_cream_cardigan_v1-BUc_tncr.png                                                                   1,258.39 kB
dist/client/assets/wave_a_skinny_woman_standing_interaction_surface_v1-DWS8AjPz.png                                                 1,258.42 kB
dist/client/assets/ocd_body_adult_fem_standing_conversational_a_v1-CD9mFMJo.png                                                     1,259.83 kB
dist/client/assets/ocd_body_adult_fem_seated_gesture_forward_v1-C3EgBb-N.png                                                        1,262.39 kB
dist/client/assets/ocd_body_adult_fem_standing_conversational_b_v1-CaPkiQBF.png                                                     1,270.83 kB
dist/client/assets/ocd_body_adult_fem_seated_guest_front_v1-DAZNc7js.png                                                            1,275.79 kB
dist/client/assets/wave_a_older_woman_seated_front_neutral_v1-lJDPOVsq.png                                                          1,294.65 kB
dist/client/assets/ocd_body_adult_fem_standing_conversational_a_v1-ES-D07i7.png                                                     1,297.17 kB
dist/client/assets/ocd_body_adult_fem_standing_neutral_b_v1-q-L58hiS.png                                                            1,299.09 kB
dist/client/assets/ocd_body_adult_fem_seated_conversational_left_v1-BgK8sLyQ.png                                                    1,306.11 kB
dist/client/assets/OCD_HAIR_FEM_LIGHT_COLOR_AGE_FEMININE_WARM_BLOND_SHOULDER_LAYERED_V1-vMjwrkSY.png                                1,313.22 kB
dist/client/assets/wave_a_supplies_R3C3_multiple_cards_umbrella_backpack_v1-CiSfbXrI.png                                            1,313.61 kB
dist/client/assets/ocd_body_adult_fem_seated_guest_front_v1-pEKTy5Or.png                                                            1,319.87 kB
dist/client/assets/wave_a_average_woman_standing_interaction_surface_v1-AGx4_Xpo.png                                                1,320.07 kB
dist/client/assets/wave_a_footwear_low_top_sneaker_gray_v1-_MAlK8aG.png                                                             1,321.01 kB
dist/client/assets/wave_a_female_top_tan_utility_shirt_v1-CcV0xeKT.png                                                              1,321.13 kB
dist/client/assets/wave_a_average_man_seated_conversational_open_hand_v1-LmdWrOBV.png                                               1,323.54 kB
dist/client/assets/wave_a_average_man_standing_conversational_open_hand_v1-jfWGVRor.png                                             1,323.73 kB
dist/client/assets/ocd_body_adult_fem_standing_neutral_a_v1-UPheQcek.png                                                            1,323.93 kB
dist/client/assets/OCD_HAIR_FEM_COILY_TWIST_OUT_FULL_V1-Bwr-IVwn.png                                                                1,324.45 kB
dist/client/assets/wave_a_skinny_woman_standing_conversational_open_hand_v1-OWFiAwix.png                                            1,329.16 kB
dist/client/assets/wave_a_male_top_plaid_overshirt_v1-DLaLyND8.png                                                                  1,330.21 kB
dist/client/assets/wave_a_older_woman_standing_neutral_front_b_v1-X9PcjKPt.png                                                      1,333.23 kB
dist/client/assets/ocd_body_adult_fem_seated_conversational_left_v1-DJJ9YsHW.png                                                    1,335.39 kB
dist/client/assets/wave_a_average_woman_standing_neutral_front_b_v1-CEruPTrR.png                                                    1,335.79 kB
dist/client/assets/wave_a_average_man_standing_interaction_surface_v1-BgE8WtAQ.png                                                  1,339.88 kB
dist/client/assets/wave_a_footwear_canvas_sneaker_navy_v1-tvEBJV5n.png                                                              1,341.97 kB
dist/client/assets/wave_a_footwear_sandal_brown_v1-iKFwgtxJ.png                                                                     1,355.55 kB
dist/client/assets/page-13-C4NJF7be.png                                                                                             1,362.27 kB
dist/client/assets/wave_a_average_woman_standing_neutral_front_a_v1-0Xt7PRVj.png                                                    1,362.66 kB
dist/client/assets/wave_a_skinny_man_standing_conversational_open_hand_v1--2VZ4kKx.png                                              1,368.09 kB
dist/client/assets/ocd_body_adult_fem_standing_neutral_a_v1-xn2LY94O.png                                                            1,369.59 kB
dist/client/assets/wave_a_fat_man_seated_conversational_open_hand_v1-cs8xsKfM.png                                                   1,375.31 kB
dist/client/assets/wave_a_skinny_man_seated_conversational_open_hand_v1-SdLVWHXT.png                                                1,375.72 kB
dist/client/assets/ocd_footwear_tan_work_boot_v1-_8Y-F_QX.png                                                                       1,386.30 kB
dist/client/assets/wave_a_skinny_woman_seated_interaction_surface_v1-BoeNFkyW.png                                                   1,393.52 kB
dist/client/assets/wave_a_average_woman_standing_conversational_open_hand_v1-BG6tRw3F.png                                           1,402.25 kB
dist/client/assets/wave_a_male_top_brown_fur_hood_parka_v1-BMs9phY4.png                                                             1,403.62 kB
dist/client/assets/wave_a_average_woman_seated_conversational_open_hand_v1-Cna2Qo7y.png                                             1,403.79 kB
dist/client/assets/wave_a_fat_man_standing_conversational_open_hand_v1-1C0FjKIn.png                                                 1,404.44 kB
dist/client/assets/page-06-DDsOXfI6.png                                                                                             1,409.12 kB
dist/client/assets/wave_a_older_woman_seated_conversational_open_hand_v1-BRe5Ayd9.png                                               1,411.60 kB
dist/client/assets/wave_a_skinny_woman_seated_conversational_open_hand_v1-DA0p5PwQ.png                                              1,414.10 kB
dist/client/assets/wave_a_fat_man_standing_lectern_interaction_v1-BAMDIIma.png                                                      1,415.95 kB
dist/client/assets/page-14-gjSRFYH5.png                                                                                             1,416.82 kB
dist/client/assets/wave_a_older_woman_standing_conversational_open_hand_v1-CcKIWh84.png                                             1,418.30 kB
dist/client/assets/wave_a_female_top_brown_fur_hood_parka_v1-CPOGM5IT.png                                                           1,421.19 kB
dist/client/assets/wave_a_skinny_man_standing_lectern_interaction_v1-C68wipiD.png                                                   1,430.01 kB
dist/client/assets/office-clipping-after-1440x900-BeEofdGr.png                                                                      1,434.67 kB
dist/client/assets/wave_a_older_woman_standing_interaction_surface_v1-DpET-YTg.png                                                  1,438.79 kB
dist/client/assets/office-clipping-before-1440x900-DeLoAt8M.png                                                                     1,441.22 kB
dist/client/assets/wave_a_footwear_athletic_sneaker_blue_v1-CuTSOdFg.png                                                            1,446.76 kB
dist/client/assets/ocd_footwear_olive_hiking_boot_v1-CBfgebyv.png                                                                   1,446.79 kB
dist/client/assets/wave_a_male_top_green_cable_sweater_v1-BKytfLIL.png                                                              1,447.83 kB
dist/client/assets/wave_a_footwear_chukka_taupe_v1-CsENbSH6.png                                                                     1,469.58 kB
dist/client/assets/wave_a_older_woman_standing_neutral_front_a_v1-C30GlgsY.png                                                      1,474.82 kB
dist/client/assets/wave_a_average_woman_seated_interaction_surface_v1-lSxPQxjj.png                                                  1,474.94 kB
dist/client/assets/OCD_HAIR_FEM_COILY_BOX_BRAIDS_SHOULDER_LENGTH_V1-j8yU8fqs.png                                                    1,492.70 kB
dist/client/assets/wave_a_skinny_man_seated_interaction_surface_v1-DmhgV48J.png                                                     1,531.01 kB
dist/client/assets/wave_a_female_top_plaid_overshirt_v1-Bt1MK5Zx.png                                                                1,561.62 kB
dist/client/assets/wave_a_average_man_seated_interaction_surface_v1-BmcS_Stu.png                                                    1,632.06 kB
dist/client/assets/wave_a_older_woman_seated_interaction_surface_v1-CCuBgJta.png                                                    1,632.96 kB
dist/client/assets/env_civic_hearing_room_v1-CS1lQeVE.png                                                                           1,640.65 kB
dist/client/assets/wave_a_fat_man_seated_interaction_surface_v1-C5ILfmZU.png                                                        1,657.01 kB
dist/client/assets/wave_a_female_top_cream_cardigan_v1-BHK0Sozd.png                                                                 1,686.53 kB
dist/client/assets/env_courtroom_empty_v1-BEK0Iii4.png                                                                              1,694.94 kB
dist/client/assets/wave_a_footwear_combat_boot_olive_v1-CrFZ8oBP.png                                                                1,724.60 kB
dist/client/assets/wave_a_female_top_mustard_cable_sweater_v1-Coh9QBc7.png                                                          1,731.89 kB
dist/client/assets/wave_a_additional_fat_female_standing_lectern_interaction_v1-ls0qSNNo.png                                        1,743.29 kB
dist/client/assets/title_bg_civic_community_meeting_hero_slot_v1-DXAYd1AF.png                                                       1,765.79 kB
dist/client/assets/wave_a_footwear_work_boot_tan_v1-ak5xyc8n.png                                                                    1,776.19 kB
dist/client/assets/page-10-JRMvV4DP.png                                                                                             1,850.18 kB
dist/client/assets/page-12-DURPXMiz.png                                                                                             1,895.86 kB
dist/client/assets/page-09-C1jAFlRh.png                                                                                             1,955.28 kB
dist/client/assets/page-08-CVf5SFvv.png                                                                                             1,962.98 kB
dist/client/assets/env_shared_workroom_office_v1-IHDMN9D1.png                                                                       1,972.00 kB
dist/client/assets/wave_a_supplies_R2C2_multiple_binder_folder_document_wallet_v1-B9DBVbtL.png                                      1,978.55 kB
dist/client/assets/env_legislative_chamber_floor_v1-BaxlsD7G.png                                                                    1,981.31 kB
dist/client/assets/page-07-Ba4HI8WT.png                                                                                             2,007.24 kB
dist/client/assets/wave_a_supplies_R1C2_multiple_notebook_clipboard_lanyard_v1-iHic_nzs.png                                         2,101.47 kB
dist/client/assets/page-11-D-GQeCU6.png                                                                                             2,213.56 kB
dist/client/assets/contact-4-DZvVWJEB.png                                                                                           2,719.45 kB
dist/client/assets/contact-8-P-ncBdSU.png                                                                                           2,942.46 kB
dist/client/assets/env_lexington_council_staff_office_prompt30_runtime_2x_v1-CwM71ntn.png                                           3,027.43 kB
dist/client/assets/IMG_5205-hbLDLwTc.JPG                                                                                            3,068.03 kB
dist/client/assets/IMG_5202-CTMaHfAs.JPG                                                                                            3,068.79 kB
dist/client/assets/contact-6-DJLft7r2.png                                                                                           3,076.42 kB
dist/client/assets/contact-7-D22d9_ey.png                                                                                           3,170.42 kB
dist/client/assets/contact-5-Bqr9pxd1.png                                                                                           3,214.02 kB
dist/client/assets/IMG_5190-DBycS8O4.JPG                                                                                            3,230.84 kB
dist/client/assets/IMG_5207-crUe_N5y.JPG                                                                                            3,230.84 kB
dist/client/assets/wave_a_additional_fat_female_seated_interaction_surface_v1-b2NejsAB.png                                          3,273.65 kB
dist/client/assets/IMG_5189-C1R4BiEU.JPG                                                                                            3,418.16 kB
dist/client/assets/IMG_5204-D8BwkB-g.JPG                                                                                            3,464.12 kB
dist/client/assets/wave_a_additional_fat_female_standing_conversational_hands_clasped_v1-CMVJP2EI.png                               3,556.53 kB
dist/client/assets/contact-2-DcjMjGms.png                                                                                           3,560.09 kB
dist/client/assets/contact-3-CktQzJqh.png                                                                                           3,655.98 kB
dist/client/assets/title_bg_civic_community_meeting_hero_slot_runtime_2048_v1-DPM2k6pp.png                                          3,747.35 kB
dist/client/assets/contact-1-BpywnYmd.png                                                                                           3,787.26 kB
dist/client/assets/wave_a_supplies_R3C2_multiple_coffee_mug_keys_writing_news_v1-KmNEGBYU.png                                       4,428.49 kB
dist/client/assets/env_civic_hearing_room_runtime_2x_v1-Dw7e7nN7.png                                                                6,066.40 kB
dist/client/assets/env_courtroom_empty_runtime_2x_v1-BCKVNoR8.png                                                                   6,164.97 kB
dist/client/assets/env_legislative_chamber_floor_runtime_2x_v1-DIihQ3bt.png                                                         6,371.11 kB
dist/client/assets/env_shared_workroom_office_runtime_2x_v1-C9Euk7aS.png                                                            6,876.81 kB
dist/client/assets/male bottom-w1C6MXOT.png                                                                                         8,613.66 kB
dist/client/assets/additional fat female pose-Chay_d_9.png                                                                          8,689.61 kB
dist/client/assets/average man-BgWjef25.png                                                                                        11,056.10 kB
dist/client/assets/fat man-B_hdNq55.png                                                                                            11,141.18 kB
dist/client/assets/skinny man-CwH5NXq2.png                                                                                         11,159.70 kB
dist/client/assets/skinny woman-BTcoWsi3.png                                                                                       11,597.35 kB
dist/client/assets/male tops-DHZyIZET.png                                                                                          11,732.44 kB
dist/client/assets/older woman-BEJh9yFg.png                                                                                        11,868.93 kB
dist/client/assets/average woman-BkyVXV7t.png                                                                                      11,873.61 kB
dist/client/assets/female top-Tlk3zs9C.png                                                                                         12,485.78 kB
dist/client/assets/supplies-Bxzdm9xQ.png                                                                                           13,399.36 kB
dist/client/assets/shoes-BawHeOsX.png                                                                                              22,343.99 kB
dist/client/assets/CharacterProofView-DZG7UIP_.css                                                                                      0.94 kB │ gzip:   0.38 kB
dist/client/assets/CausalTraceView-BZ97Y6_r.css                                                                                         2.18 kB │ gzip:   0.79 kB
dist/client/assets/ContentBrowserView-BdrTeF6O.css                                                                                      3.41 kB │ gzip:   1.05 kB
dist/client/assets/app-BqmjiIqk.css                                                                                                    23.64 kB │ gzip:   5.35 kB
dist/client/assets/player-0QnNvlAk.css                                                                                                119.65 kB │ gzip:  25.39 kB
dist/client/assets/IMG_5189-BjHyTQ9p.js                                                                                                 0.05 kB │ gzip:   0.07 kB
dist/client/assets/IMG_5190-BpSFhyLu.js                                                                                                 0.05 kB │ gzip:   0.07 kB
dist/client/assets/IMG_5202-BKcJQtaZ.js                                                                                                 0.05 kB │ gzip:   0.07 kB
dist/client/assets/IMG_5204-CrGnlgDi.js                                                                                                 0.05 kB │ gzip:   0.07 kB
dist/client/assets/IMG_5205-ZJrjpQPp.js                                                                                                 0.05 kB │ gzip:   0.07 kB
dist/client/assets/IMG_5207-CQkJhS93.js                                                                                                 0.05 kB │ gzip:   0.07 kB
dist/client/assets/review-Dglni1Aw.js                                                                                                   0.22 kB │ gzip:   0.19 kB
dist/client/assets/scene-transform-BMIkD-Wl.js                                                                                          1.55 kB │ gzip:   0.64 kB
dist/client/assets/run-b-fixture-CWTicdfk.js                                                                                            1.89 kB │ gzip:   0.80 kB
dist/client/assets/useSceneTransform-DqhqJt5y.js                                                                                        2.21 kB │ gzip:   0.85 kB
dist/client/assets/legislation-world-B8nsxx2H.js                                                                                        2.74 kB │ gzip:   1.30 kB
dist/client/assets/run-a-fixture-DFGYnLnx.js                                                                                            2.97 kB │ gzip:   1.44 kB
dist/client/assets/SceneSurfaceLayer-OSTKkDnW.js                                                                                        3.23 kB │ gzip:   1.22 kB
dist/client/assets/ordinary-life-DP3Ia2w7.js                                                                                            3.62 kB │ gzip:   1.62 kB
dist/client/assets/character-proof-UbJElhP3.js                                                                                          6.04 kB │ gzip:   2.43 kB
dist/client/assets/legislative-session-window-ZN4QO18o.js                                                                               6.32 kB │ gzip:   2.30 kB
dist/client/assets/SceneDebugOverlay-Cf4Dnry4.js                                                                                        6.98 kB │ gzip:   1.97 kB
dist/client/assets/ProductionOfficeProofView-C-AxSfW5.js                                                                                7.08 kB │ gzip:   2.55 kB
dist/client/assets/LegislationWorkspace-BiwmS1Nh.js                                                                                     8.17 kB │ gzip:   2.34 kB
dist/client/assets/surface-binding-LxqXpo--.js                                                                                          8.24 kB │ gzip:   2.99 kB
dist/client/assets/legislation-projection-BoavPS-B.js                                                                                   9.55 kB │ gzip:   3.56 kB
dist/client/assets/SceneAuthoringProofView-DiZuqLFR.js                                                                                 10.03 kB │ gzip:   3.69 kB
dist/client/assets/jsx-runtime-Dnh8-twc.js                                                                                             10.17 kB │ gzip:   4.00 kB
dist/client/assets/ScenePresentationProofView-DL6I-zJB.js                                                                              18.86 kB │ gzip:   6.03 kB
dist/client/assets/OfficeScene-DwjCQZUS.js                                                                                             24.17 kB │ gzip:   6.58 kB
dist/client/assets/run-d-lite-CEylH-ap.js                                                                                              24.53 kB │ gzip:   7.38 kB
dist/client/assets/PlayerOffice-BkuOTW61.js                                                                                            36.43 kB │ gzip:   9.73 kB
dist/client/assets/DeveloperViewer-BoJ5q7Vv.js                                                                                         38.58 kB │ gzip:   8.33 kB
dist/client/assets/ContentBrowserView-B4T0oLM8.js                                                                                      52.65 kB │ gzip:  14.58 kB
dist/client/assets/CausalTraceView-NrPg_YRj.js                                                                                         61.53 kB │ gzip:  13.61 kB
dist/client/assets/player-capabilities-BAyovcRj.js                                                                                     67.97 kB │ gzip:  19.47 kB
dist/client/assets/run-b-conversation-BVZLlsys.js                                                                                     110.37 kB │ gzip:  28.88 kB
dist/client/assets/MeasureFloorView-CEJi_n7J.js                                                                                       221.08 kB │ gzip:  48.76 kB
dist/client/assets/player-XBEk36v1.js                                                                                                 289.36 kB │ gzip:  86.06 kB
dist/client/assets/SceneGalleryView-Cw9Hg84h.js                                                                                       380.71 kB │ gzip:  63.57 kB
dist/client/assets/visual-integration-BmBOvgvl.js                                                                                     615.94 kB │ gzip: 118.57 kB
dist/client/assets/CharacterProofView-DSl_FJfC.js                                                                                   1,128.91 kB │ gzip: 105.83 kB
dist/client/assets/simulation-YfZNUi_z.js                                                                                           1,653.74 kB │ gzip: 456.48 kB
dist/client/assets/app-CYdLtiUm.js                                                                                                  2,483.01 kB │ gzip: 175.24 kB
dist/client/assets/serialization-BKjATNzv.js                                                                                        3,655.10 kB │ gzip: 452.66 kB

[plugin builtin:vite-reporter] 
(!) Some chunks are larger than 500 kB after minification. Consider:
- Using dynamic import() to code-split the application
- Use build.rolldownOptions.output.codeSplitting to improve chunking: https://rolldown.rs/reference/OutputOptions.codeSplitting
- Adjust chunk size limit for this warning via build.chunkSizeWarningLimit.
✓ built in 931ms
