id,kind,source,text,occurrences,age_range,place,scene,present,flags,mark,notes
S-0001,Scene,played,"Ibrahim Rocha, your older sister has come in after everyone else three nights this week, and said a different place each time. Nobody has said anything about it at breakfast, and you have started waiting to see whether they will.",1,age 5,"Kentucky","episode","Ibrahim Rocha, your older sister","vocative-binding",,
S-0002,Scene,played,"Something got broken in the corridor at your school and your name is the one that came up. You were there. You did not do it. The person who did is standing four feet away saying nothing.",15,ages 5–10,"Kentucky","episode","","",,
S-0003,Scene,played,"Ibrahim Rocha has not brought up the conversation again, and neither have you. Tonight she asks you for money, and does not say what for.",1,age 5,"Kentucky","episode","Ibrahim Rocha, your older sister","",,
S-0004,Scene,played,"Someone at home has been in bed for days. The mornings are quieter than they should be, and nobody has explained why.",1,age 5,"Kentucky","formative","","",,
S-0005,Scene,played,"There is a phone call at an hour when phone calls are never good, and it is about Ibrahim Rocha. By the time anybody explains it to you properly, the part where you could have said something has been over for a year.",1,age 6,"Kentucky","episode","Ibrahim Rocha, your older sister","",,
S-0006,Scene,played,"A room of children you do not know, a coat hook with your name on it, and an adult who claps twice when it is time to listen.",1,age 7,"Kentucky","formative","","",,
S-0007,Scene,played,"The table is full except for one gap, and someone is standing at the end of it holding a tray.",5,ages 8–12,"Kentucky","formative","Bo Hill, who is in your class","",,
S-0008,Scene,played,"You and Bo Hill have spent most of this year in each other's houses. This afternoon they want you to come somewhere you have already said you would not go.",1,age 8,"Kentucky","episode","Bo Hill, who is in your class","",,
S-0009,Scene,played,"Miranda Rosario, your younger sister has come in after everyone else three nights this week, and said a different place each time. Nobody has said anything about it at breakfast, and you have started waiting to see whether they will.",1,age 8,"Kentucky","episode","Miranda Rosario, your younger sister","vocative-binding",,
S-0010,Scene,played,"The house needs you on the same afternoons the thing you signed up for does.",7,ages 8–11,"Kentucky","formative","","vague-referent",,
S-0011,Scene,played,"The person you named has not spoken to you since, and has told other people their own version. One of them asks you, straight out, what actually happened.",7,ages 9–11,"Kentucky","episode","","",,
S-0012,Scene,played,"A teacher keeps you back for a minute after the others go, and offers to help with the thing you keep getting wrong.",8,ages 9–11,"Kentucky","formative","Selena Wynn","vague-referent",,
S-0013,Scene,played,"Miranda Rosario is up before you most mornings now, and has been for a while. Neither of you has ever gone back over the year it took, and there is a version of this evening where one of you does.",1,age 9,"Kentucky","episode","Miranda Rosario, your younger sister","",,
S-0014,Scene,played,"You and Selena Wynn have spent most of this year in each other's houses. This afternoon they want you to come somewhere you have already said you would not go.",1,age 9,"Kentucky","episode","Selena Wynn","",,
S-0015,Scene,played,"The school is changing a rule, and for once it is asking the people the rule is about.",2,ages 9–12,"Kentucky","formative","","",,
S-0016,Scene,played,"Deborah Perez, your younger brother has come in after everyone else three nights this week, and said a different place each time. Nobody has said anything about it at breakfast, and you have started waiting to see whether they will.",2,age 10,"Kentucky","episode","Deborah Perez, your younger brother","vocative-binding",,
S-0017,Scene,played,"Deborah Perez has not brought up the conversation again, and neither have you. Tonight he asks you for money, and does not say what for.",2,age 11,"Kentucky","episode","Deborah Perez, your younger brother","",,
S-0018,Scene,played,"There is a phone call at an hour when phone calls are never good, and it is about Deborah Perez. By the time anybody explains it to you properly, the part where you could have said something has been over for a year.",2,age 12,"Kentucky","episode","Deborah Perez, your younger brother","",,
S-0019,Scene,played,"You and Dawn Duncan have spent most of this year in each other's houses. This afternoon they want you to come somewhere you have already said you would not go.",2,age 12,"Kentucky","episode","Dawn Duncan","",,
S-0020,Scene,played,"You and Sean Johnson have spent most of this year in each other's houses. This afternoon they want you to come somewhere you have already said you would not go.",2,age 13,"Kentucky","episode","Sean Johnson, who is in your class","",,
S-0021,Scene,played,"You and Quentin Williams have spent most of this year in each other's houses. This afternoon they want you to come somewhere you have already said you would not go.",1,age 11,"Nebraska","episode","Quentin Williams","",,
S-0022,Scene,played,"The thing that was planned for this month is not happening any more. The reason given is short, and the subject gets changed.",3,ages 11–12,"Nebraska","formative","","vague-referent",,
S-0023,Scene,played,"There is a sign-up sheet, a practice schedule, and only so many afternoons in a week.",6,ages 13–14,"Nebraska","formative","","",,
S-0024,Scene,played,"Amara Stephens, your younger brother has come in after everyone else three nights this week, and said a different place each time. Nobody has said anything about it at breakfast, and you have started waiting to see whether they will.",1,age 12,"Alaska","episode","Amara Stephens, your younger brother","vocative-binding",,
S-0025,Scene,played,"Something local needs hands on a Saturday, and someone has asked whether you are one of them.",5,ages 13–16,"Alaska","formative","","",,
S-0026,Scene,played,"It has been months, and the nights have not stopped. Amara Stephens looks through you at breakfast now, which is new.",1,age 13,"Alaska","episode","Amara Stephens, your younger brother","",,
S-0027,Scene,played,"Somebody at home needs more looking after than the household can spread around, and you are old enough now for that to mean you.",4,ages 13–16,"Alaska","formative","","",,
S-0028,Scene,played,"There is a phone call at an hour when phone calls are never good, and it is about Amara Stephens. By the time anybody explains it to you properly, the part where you could have said something has been over for a year.",1,age 14,"Alaska","episode","Amara Stephens, your younger brother","",,
S-0029,Scene,played,"The year is running out, and people keep asking what comes after it.",5,ages 13–16,"Alaska","formative","","",,
S-0030,Scene,played,"Raymond Wilcox, your younger brother has come in after everyone else three nights this week, and said a different place each time. Nobody has said anything about it at breakfast, and you have started waiting to see whether they will.",1,age 13,"Lexington, Kentucky","episode","Raymond Wilcox, your younger brother","vocative-binding",,
S-0031,Scene,played,"Something at school is wrong enough that people are talking about doing something, and the talking has reached you.",3,ages 13–17,"Lexington, Kentucky","formative","","",,
S-0032,Scene,played,"There is a phone call at an hour when phone calls are never good, and it is about Raymond Wilcox. By the time anybody explains it to you properly, the part where you could have said something has been over for a year.",1,age 14,"Lexington, Kentucky","episode","Raymond Wilcox, your younger brother","",,
S-0033,Scene,played,"Someone you respect says something you think is wrong, and says it as though it settles the matter.",3,ages 15–17,"Lexington, Kentucky","formative","Vivian Morrison","",,
S-0034,Scene,played,"There is a job going. The hours are real, and the law has something to say about which of them you are allowed to work.",1,age 14,"Kentucky","formative","","",,
S-0035,Scene,played,"It is a year later and it is still on your record at school, in a sentence somebody else wrote about you. A teacher who was not there brings it up as though it settles something.",3,ages 11–14,"Kentucky","episode","","",,
S-0036,Scene,played,"Noah Vinson, your younger brother has come in after everyone else three nights this week, and said a different place each time. Nobody has said anything about it at breakfast, and you have started waiting to see whether they will.",1,age 16,"Nebraska","episode","Noah Vinson, your younger brother","vocative-binding",,
S-0037,Scene,played,"Noah Vinson is up before you most mornings now, and has been for a while. Neither of you has ever gone back over the year it took, and there is a version of this evening where one of you does.",1,age 17,"Nebraska","episode","Noah Vinson, your younger brother","",,
S-0038,Scene,played,"Malik Pollard, your younger brother has come in after everyone else three nights this week, and said a different place each time. Nobody has said anything about it at breakfast, and you have started waiting to see whether they will.",1,age 16,"Alaska","episode","Malik Pollard, your younger brother","vocative-binding",,
S-0039,Scene,played,"Malik Pollard is up before you most mornings now, and has been for a while. Neither of you has ever gone back over the year it took, and there is a version of this evening where one of you does.",1,age 18,"Alaska","episode","Malik Pollard, your younger brother","",,
S-0040,Scene,played,"Somebody in the family needs two weeks of your time, and those two weeks are ones you had already given to something else.",13,ages 18–19,"Alaska","adult","Justin Pollard, your dad","",,
S-0041,Scene,played,"A day with nothing owed on it, and weather that makes staying indoors feel like a waste.",12,ages 18–20,"Alaska","adult","","",,
S-0042,Scene,played,"Logan Roberts, your younger sister has come in after everyone else three nights this week, and said a different place each time. Nobody has said anything about it at breakfast, and you have started waiting to see whether they will.",1,age 16,"Kentucky","episode","Logan Roberts, your younger sister","vocative-binding",,
S-0043,Scene,played,"Logan Roberts is up before you most mornings now, and has been for a while. Neither of you has ever gone back over the year it took, and there is a version of this evening where one of you does.",1,age 18,"Kentucky","episode","Logan Roberts, your younger sister","",,
S-0044,Scene,played,"Something in the place has stopped working properly. It is not urgent, and it will not fix itself.",12,ages 18–26,"Kentucky","adult","","",,
S-0045,Scene,played,"The looking-after that has been shared out is about to stop being shared out, and everyone is waiting to see who says something first.",12,ages 18–25,"Kentucky","adult","Ayanna Roberts, your dad","",,
S-0046,Scene,played,"There is a thing on at the weekend that you would probably enjoy and have no obligation to attend.",11,ages 18–26,"Kentucky","adult","","",,
S-0047,Scene,played,"Piper Rich says, not for the first time but for the first time out loud, that the week does not divide evenly. They are right, and they have picked a bad evening to be right on.",1,age 18,"Kentucky","episode","Piper Rich, who you live with","",,
S-0048,Scene,played,"The place the group meets in is going to close. Keeping it open means keeping a charge alive that everybody was told would end this year, and the people who would pay it are not the people who use it.",12,ages 18–25,"Kentucky","adult","","",,
S-0049,Scene,played,"A small amount of money has arrived that nothing is already claiming.",10,ages 18–35,"Kentucky","adult","","",,
S-0050,Scene,played,"The same thing has gone undone three weeks running, and it is not going to be mentioned again unless you mention it.",5,ages 19–52,"Kentucky","adult","Piper Rich, who you live with","",,
S-0051,Scene,played,"Piper Rich raises it again, and this time they have the specifics: dates, which weeks, what they did instead. It is not an argument about the laundry any more.",1,age 19,"Kentucky","episode","Piper Rich, who you live with","",,
S-0052,Scene,played,"The month does not add up the way it did. Nothing has gone wrong; the numbers have simply moved.",11,ages 18–26,"Kentucky","adult","","",,
S-0053,Scene,played,"Something has broken that has to be replaced, and it was not in the month's arithmetic.",5,ages 19–46,"Nebraska","adult","","",,
S-0054,Scene,played,"There is a notice on the door of the building at the end of the road about what is going to happen to it. The meeting is on Tuesday and nobody you know is going.",4,ages 19–62,"Nebraska","episode","","",,
S-0055,Scene,played,"Lance McLaughlin says, not for the first time but for the first time out loud, that the week does not divide evenly. They are right, and they have picked a bad evening to be right on.",1,age 25,"Kentucky","episode","Lance McLaughlin, who you live with","",,
S-0056,Scene,played,"Nothing is owed to anybody this evening, and the other person is in.",5,ages 25–52,"Kentucky","adult","Lance McLaughlin, who you live with","",,
S-0057,Scene,played,"Lance McLaughlin raises it again, and this time they have the specifics: dates, which weeks, what they did instead. It is not an argument about the laundry any more.",1,age 26,"Kentucky","episode","Lance McLaughlin, who you live with","",,
S-0058,Scene,played,"Something you said you would do has arrived, and it is less convenient than it was when you said it.",3,ages 25–35,"Alaska","adult","","",,
S-0059,Scene,played,"Victoria Stone says, not for the first time but for the first time out loud, that the week does not divide evenly. They are right, and they have picked a bad evening to be right on.",1,age 34,"Nebraska","episode","Victoria Stone, who you live with","",,
S-0060,Scene,played,"Victoria Stone raises it again, and this time they have the specifics: dates, which weeks, what they did instead. It is not an argument about the laundry any more.",1,age 35,"Nebraska","episode","Victoria Stone, who you live with","",,
S-0061,Scene,played,"Philip Wiley says, not for the first time but for the first time out loud, that the week does not divide evenly. They are right, and they have picked a bad evening to be right on.",1,age 45,"Kentucky","episode","Philip Wiley, who you live with","",,
S-0062,Scene,played,"Philip Wiley raises it again, and this time they have the specifics: dates, which weeks, what they did instead. It is not an argument about the laundry any more.",1,age 46,"Kentucky","episode","Philip Wiley, who you live with","",,
S-0063,Scene,played,"Carmen Drake says, not for the first time but for the first time out loud, that the week does not divide evenly. They are right, and they have picked a bad evening to be right on.",1,age 62,"Alaska","episode","Carmen Drake, who you live with","",,
S-0064,Scene,played,"Carmen Drake raises it again, and this time they have the specifics: dates, which weeks, what they did instead. It is not an argument about the laundry any more.",1,age 62,"Alaska","episode","Carmen Drake, who you live with","",,
S-0065,Scene,played,"Malik Black says, not for the first time but for the first time out loud, that the week does not divide evenly. They are right, and they have picked a bad evening to be right on.",1,age 34,"Kentucky","episode","Malik Black, who you live with","",,
S-0066,Scene,played,"There is more work than week, and somebody has decided the difference is yours.",3,ages 34–52,"Kentucky","adult","","",,
S-0067,Scene,played,"Something better paid has been mentioned to you, somewhere else, and mentioning it back is the part that costs.",3,ages 34–52,"Kentucky","adult","","",,
S-0068,Scene,played,"Malik Black raises it again, and this time they have the specifics: dates, which weeks, what they did instead. It is not an argument about the laundry any more.",1,age 34,"Kentucky","episode","Malik Black, who you live with","",,
S-0069,Scene,played,"The week went well. Nothing dramatic; it simply worked.",2,ages 45–53,"Nebraska","adult","","",,
S-0070,Scene,played,"Austin Patel says, not for the first time but for the first time out loud, that the week does not divide evenly. They are right, and they have picked a bad evening to be right on.",1,age 52,"Alaska","episode","Austin Patel, who you live with","",,
S-0071,Scene,played,"Austin Patel raises it again, and this time they have the specifics: dates, which weeks, what they did instead. It is not an argument about the laundry any more.",1,age 52,"Alaska","episode","Austin Patel, who you live with","",,
S-0072,Scene,played,"Kian Keller, your younger sister has come in after everyone else three nights this week, and said a different place each time. Nobody has said anything about it at breakfast, and you have started waiting to see whether they will.",1,age 10,"Kentucky","episode","Kian Keller, your younger sister","vocative-binding",,
S-0073,Scene,played,"There is a phone call at an hour when phone calls are never good, and it is about Kian Keller. By the time anybody explains it to you properly, the part where you could have said something has been over for a year.",1,age 12,"Kentucky","episode","Kian Keller, your younger sister","",,
S-0074,Scene,played,"You and Sara Snyder have spent most of this year in each other's houses. This afternoon they want you to come somewhere you have already said you would not go.",1,age 12,"Kentucky","episode","Sara Snyder","",,
S-0075,Scene,played,"Bianca Turner, your younger brother has come in after everyone else three nights this week, and said a different place each time. Nobody has said anything about it at breakfast, and you have started waiting to see whether they will.",1,age 11,"Kentucky","episode","Bianca Turner, your younger brother","vocative-binding",,
S-0076,Scene,played,"Bianca Turner has not brought up the conversation again, and neither have you. Tonight he asks you for money, and does not say what for.",1,age 11,"Kentucky","episode","Bianca Turner, your younger brother","",,
S-0077,Scene,played,"There is a phone call at an hour when phone calls are never good, and it is about Bianca Turner. By the time anybody explains it to you properly, the part where you could have said something has been over for a year.",1,age 12,"Kentucky","episode","Bianca Turner, your younger brother","",,
S-0078,Scene,played,"You and Simon Garner have spent most of this year in each other's houses. This afternoon they want you to come somewhere you have already said you would not go.",1,age 12,"Kentucky","episode","Simon Garner","",,
S-0079,Scene,played,"Erica Lopez, your younger brother has come in after everyone else three nights this week, and said a different place each time. Nobody has said anything about it at breakfast, and you have started waiting to see whether they will.",1,age 10,"Kentucky","episode","Erica Lopez, your younger brother","vocative-binding",,
S-0080,Scene,played,"Something got said that should not have been, and now the two of you are being careful with each other.",1,age 11,"Kentucky","formative","Heather Hill, who is in your class","",,
S-0081,Scene,played,"It has been months, and the nights have not stopped. Erica Lopez looks through you at breakfast now, which is new.",1,age 11,"Kentucky","episode","Erica Lopez, your younger brother","",,
S-0082,Scene,played,"You and Heather Hill have spent most of this year in each other's houses. This afternoon they want you to come somewhere you have already said you would not go.",1,age 11,"Kentucky","episode","Heather Hill, who is in your class","",,
S-0083,Scene,played,"Charlotte Harrington, your younger sister has come in after everyone else three nights this week, and said a different place each time. Nobody has said anything about it at breakfast, and you have started waiting to see whether they will.",1,age 10,"Kentucky","episode","Charlotte Harrington, your younger sister","vocative-binding",,
S-0084,Scene,played,"Charlotte Harrington is up before you most mornings now, and has been for a while. Neither of you has ever gone back over the year it took, and there is a version of this evening where one of you does.",1,age 11,"Kentucky","episode","Charlotte Harrington, your younger sister","",,
S-0085,Scene,played,"You and Yosef Harmon have spent most of this year in each other's houses. This afternoon they want you to come somewhere you have already said you would not go.",1,age 12,"Kentucky","episode","Yosef Harmon","",,
S-0086,Scene,played,"Julian Chan says, not for the first time but for the first time out loud, that the week does not divide evenly. They are right, and they have picked a bad evening to be right on.",1,age 34,"Nebraska","episode","Julian Chan, who you live with","",,
S-0087,Scene,bank,"{who:household-peer} has come in after everyone else three nights this week, and said a different place each time. Nobody has said anything about it at breakfast, and you have started waiting to see whether they will.",1,authored template,"","episode","","",,
S-0088,Scene,bank,"You asked {role:household-peer} where {they:household-peer} had been, and got an answer that did not fit.",1,authored template,"","episode-memory","","",,
S-0089,Scene,bank,"You told somebody at home about {role:household-peer} coming in late, and {they:household-peer} found out you had.",1,authored template,"","episode-memory","","",,
S-0090,Scene,bank,"You said nothing about {role:household-peer}, and kept count of the nights.",1,authored template,"","episode-memory","","",,
S-0091,Scene,bank,"You backed up {role:household-peer}'s story once, and {they:household-peer} knew you had.",1,authored template,"","episode-memory","","",,
S-0092,Scene,bank,"{role:household-peer} has not brought up the conversation again, and neither have you. Tonight {they:household-peer} ask{s:household-peer} you for money, and {does:household-peer} not say what for.",1,authored template,"","episode","","",,
S-0093,Scene,bank,"You gave {role:household-peer} the money and did not ask what for.",1,authored template,"","episode-memory","","",,
S-0094,Scene,bank,"You made {role:household-peer} say what the money was for before you handed it over.",1,authored template,"","episode-memory","","",,
S-0095,Scene,bank,"You told {role:household-peer} no, and said out loud why.",1,authored template,"","episode-memory","","",,
S-0096,Scene,bank,"It has been months, and the nights have not stopped. {role:household-peer} looks through you at breakfast now, which is new.",1,authored template,"","episode","","",,
S-0097,Scene,bank,"You finally said out loud what you had been counting about {role:household-peer}.",1,authored template,"","episode-memory","","",,
S-0098,Scene,bank,"You kept what you had seen about {role:household-peer} to yourself, again.",1,authored template,"","episode-memory","","",,
S-0099,Scene,bank,"There is a phone call at an hour when phone calls are never good, and it is about {role:household-peer}. By the time anybody explains it to you properly, the part where you could have said something has been over for a year.",1,authored template,"","episode","","",,
S-0100,Scene,bank,"You went when the call came about {role:household-peer}, and you stayed.",1,authored template,"","episode-memory","","",,
S-0101,Scene,bank,"You took the practical end of what happened to {role:household-peer}, because nobody else was going to.",1,authored template,"","episode-memory","","",,
S-0102,Scene,bank,"You kept out of what happened to {role:household-peer}, and everybody noticed which way you went.",1,authored template,"","episode-memory","","",,
S-0103,Scene,bank,"{role:household-peer} is up before you most mornings now, and has been for a while. Neither of you has ever gone back over the year it took, and there is a version of this evening where one of you does.",1,authored template,"","episode","","",,
S-0104,Scene,bank,"You told {role:household-peer} it had been you, in the end.",1,authored template,"","episode-memory","","",,
S-0105,Scene,bank,"You never told {role:household-peer} it had been you, and the mornings went on being fine.",1,authored template,"","episode-memory","","",,
S-0106,Scene,bank,"You and {role:familiar} have spent most of this year in each other's houses. This afternoon they want you to come somewhere you have already said you would not go.",1,authored template,"","episode","","",,
S-0107,Scene,bank,"You went with {role:familiar} instead, and it was worth it.",1,authored template,"","episode-memory","","",,
S-0108,Scene,bank,"You did not go with {role:familiar}, and they did not let it drop for a while.",1,authored template,"","episode-memory","","",,
S-0109,Scene,bank,"You talked {role:familiar} into coming with you, and they were bored the whole way through.",1,authored template,"","episode-memory","","",,
S-0110,Scene,bank,"You and {role:familiar} are down to running into each other. Neither of you did anything. There is a version of this where you call them, and a version where the year goes past.",1,authored template,"","episode","","",,
S-0111,Scene,bank,"You called {role:familiar} for no reason, and it was easy, which surprised you both.",1,authored template,"","episode-memory","","",,
S-0112,Scene,bank,"You and {role:familiar} stopped ringing each other.",1,authored template,"","episode-memory","","",,
S-0113,Scene,bank,"{role:familiar} is in touch, years on, and it is not small talk. They want something specific, and they have clearly been working up to asking.",1,authored template,"","episode","","",,
S-0114,Scene,bank,"You said yes to {role:familiar} before you had heard the whole of what they wanted.",1,authored template,"","episode-memory","","",,
S-0115,Scene,bank,"You made {role:familiar} say the whole of it before you would answer.",1,authored template,"","episode-memory","","",,
S-0116,Scene,bank,"You turned {role:familiar} down after all those years, and heard how it landed.",1,authored template,"","episode-memory","","",,
S-0117,Scene,bank,"{role:familiar} is in touch after years of nothing much, and gets to it quickly. Somewhere in the first two minutes they bring up the afternoon you did not come, and they are laughing when they say it.",1,authored template,"","episode","","",,
S-0118,Scene,bank,"You agreed with {role:familiar} that you had not come that day, and it took the edge off it.",1,authored template,"","episode-memory","","",,
S-0119,Scene,bank,"You told {role:familiar} the afternoon they keep bringing up was a long time ago.",1,authored template,"","episode-memory","","",,
S-0120,Scene,bank,"You helped {role:familiar} with what they had come to ask, and neither of you mentioned the afternoon again.",1,authored template,"","episode-memory","","",,
S-0121,Scene,bank,"Something got broken in the corridor at your school and your name is the one that came up. You were there. You did not do it. The person who did is standing four feet away saying nothing.",1,authored template,"","episode","","",,
S-0122,Scene,bank,"You said who had actually done it, in front of them.",1,authored template,"","episode-memory","","",,
S-0123,Scene,bank,"You took the blame for it and never said otherwise.",1,authored template,"","episode-memory","","",,
S-0124,Scene,bank,"You said it had not been you, and stopped talking there.",1,authored template,"","episode-memory","","",,
S-0125,Scene,bank,"It is a year later and it is still on your record at school, in a sentence somebody else wrote about you. A teacher who was not there brings it up as though it settles something.",1,authored template,"","episode","","",,
S-0126,Scene,bank,"A year on you told them what had actually happened in the corridor.",1,authored template,"","episode-memory","","",,
S-0127,Scene,bank,"You let the school keep the version of the corridor that was not true.",1,authored template,"","episode-memory","","",,
S-0128,Scene,bank,"The person you named has not spoken to you since, and has told other people their own version. One of them asks you, straight out, what actually happened.",1,authored template,"","episode","","",,
S-0129,Scene,bank,"You told the corridor story again, the same way, to somebody who had only heard the other one.",1,authored template,"","episode-memory","","",,
S-0130,Scene,bank,"You refused to go through the corridor business again with anybody.",1,authored template,"","episode-memory","","",,
S-0131,Scene,bank,"{role:household-peer} says, not for the first time but for the first time out loud, that the week does not divide evenly. They are right, and they have picked a bad evening to be right on.",1,authored template,"","episode","","",,
S-0132,Scene,bank,"You named which parts of the week you would take back off {role:household-peer}.",1,authored template,"","episode-memory","","",,
S-0133,Scene,bank,"You told {role:household-peer} what your own week looked like instead of answering.",1,authored template,"","episode-memory","","",,
S-0134,Scene,bank,"You offered to pay somebody to take the part of the week you and {role:household-peer} were arguing about.",1,authored template,"","episode-memory","","",,
S-0135,Scene,bank,"You told {role:household-peer} you would sort the week out at the weekend.",1,authored template,"","episode-memory","","",,
S-0136,Scene,bank,"Five months on, the parts you took are still yours, and nobody has had to mention it again. Tonight {role:household-peer} asks whether you would rather swap two of them.",1,authored template,"","episode","","",,
S-0137,Scene,bank,"You and {role:household-peer} swapped two parts of the week over, and it held.",1,authored template,"","episode-memory","","",,
S-0138,Scene,bank,"You left the week as it was, because it was working for once.",1,authored template,"","episode-memory","","",,
S-0139,Scene,bank,"{role:household-peer} raises it again, and this time they have the specifics: dates, which weeks, what they did instead. It is not an argument about the laundry any more.",1,authored template,"","episode","","",,
S-0140,Scene,bank,"You changed something real about your week after {role:household-peer} brought the dates.",1,authored template,"","episode-memory","","",,
S-0141,Scene,bank,"You told {role:household-peer} plainly that it was not going to change.",1,authored template,"","episode-memory","","",,
S-0142,Scene,bank,"You asked {role:household-peer} for six months, and said what would happen at the end of them.",1,authored template,"","episode-memory","","",,
S-0143,Scene,bank,"The rule is clear and applying it to the person in front of you would be obviously wrong. {role:colleague} is watching to see which way you go, and will remember.",1,authored template,"","episode","","",,
S-0144,Scene,bank,"You applied the rule with {role:colleague} watching, and said so afterwards.",1,authored template,"","episode-memory","","",,
S-0145,Scene,bank,"You let it go once, and {role:colleague} saw you do it.",1,authored template,"","episode-memory","","",,
S-0146,Scene,bank,"You put the decision up the line rather than making it, and it took two weeks.",1,authored template,"","episode-memory","","",,
S-0147,Scene,bank,"{role:colleague} brings up what you did that morning, in front of two people who were not there. The way they tell it is not quite the way it happened.",1,authored template,"","episode","","",,
S-0148,Scene,bank,"You corrected {role:colleague}'s version of it in the room.",1,authored template,"","episode-memory","","",,
S-0149,Scene,bank,"You waited and said it to {role:colleague} afterwards, on your own.",1,authored template,"","episode-memory","","",,
S-0150,Scene,bank,"You let {role:colleague}'s version of that morning stand.",1,authored template,"","episode-memory","","",,
S-0151,Scene,bank,"Somebody who heard about how you handled that morning wants you somewhere else. It pays better and it is further away, and they want an answer this week.",1,authored template,"","episode","","",,
S-0152,Scene,bank,"You took the job that came out of that morning.",1,authored template,"","episode-memory","","",,
S-0153,Scene,bank,"You turned down the job and stayed where people already knew how you worked.",1,authored template,"","episode-memory","","",,
S-0154,Scene,bank,"You told your own side about the offer, and watched what they did with it.",1,authored template,"","episode-memory","","",,
S-0155,Scene,bank,"The answer came back down eventually, and it was the one you would have given. {role:colleague} mentions, without any particular edge, that it took nine weeks and that the person it was about had stopped asking by then.",1,authored template,"","episode","","",,
S-0156,Scene,bank,"You said out loud that the nine weeks had been the problem, to somebody who could do something about it.",1,authored template,"","episode-memory","","",,
S-0157,Scene,bank,"You decided that the next one like it would not be going up the line.",1,authored template,"","episode-memory","","",,
S-0158,Scene,bank,"You left the nine weeks alone, on the grounds that the process was not yours.",1,authored template,"","episode-memory","","",,
S-0159,Scene,bank,"The letter is polite and the number at the bottom is not one you can pay this month. There is a phone number on it, and a date fourteen days out.",1,authored template,"","episode","","",,
S-0160,Scene,bank,"You rang the number on the letter and said what you could actually manage.",1,authored template,"","episode-memory","","",,
S-0161,Scene,bank,"You sent part of it and hoped that would be read as good faith.",1,authored template,"","episode-memory","","",,
S-0162,Scene,bank,"You put the letter in a drawer and waited for the next one.",1,authored template,"","episode-memory","","",,
S-0163,Scene,bank,"The arrangement has held for eight months, which is longer than you expected of yourself. The last payment is close enough now to see, and there is a version of the next few months where you clear it early.",1,authored template,"","episode","","",,
S-0164,Scene,bank,"You cleared it early and had nothing behind you for a month.",1,authored template,"","episode-memory","","",,
S-0165,Scene,bank,"You ran the arrangement out to the end and kept a margin.",1,authored template,"","episode-memory","","",,
S-0166,Scene,bank,"It is not letters any more. Somebody rings during the day, and they have your work number. The number is larger than it was and the reason it is larger is on the second page.",1,authored template,"","episode","","",,
S-0167,Scene,bank,"You asked somebody for help with it, and had to say how it had got that far.",1,authored template,"","episode-memory","","",,
S-0168,Scene,bank,"You dealt with it on your own, which took twice as long as it needed to.",1,authored template,"","episode-memory","","",,
S-0169,Scene,bank,"You challenged how the number had grown, and it took months to find out whether you were right.",1,authored template,"","episode-memory","","",,
S-0170,Scene,bank,"Nobody decided that {role:relative} would be mostly your job. It arrived one week at a time. This week the question is whether to say out loud that it has.",1,authored template,"","episode","","",,
S-0171,Scene,bank,"You said out loud that {role:relative} had become mostly yours.",1,authored template,"","episode-memory","","",,
S-0172,Scene,bank,"You went on carrying {role:relative} without saying anything about it.",1,authored template,"","episode-memory","","",,
S-0173,Scene,bank,"You started looking into what paid help for {role:relative} would actually cost.",1,authored template,"","episode-memory","","",,
S-0174,Scene,bank,"Some of it did get taken off you, and some of it came back within the month. {role:relative} has started ringing you first regardless of whose week it is.",1,authored template,"","episode","","",,
S-0175,Scene,bank,"You went on answering whenever {role:relative} rang, whoever's week it was.",1,authored template,"","episode-memory","","",,
S-0176,Scene,bank,"You started sending {role:relative} to whoever's week it actually was.",1,authored template,"","episode-memory","","",,
S-0177,Scene,bank,"A year of it, and you have stopped counting the hours because counting them was making it worse. Something you wanted to do this year is now not going to happen, and it is not going to happen because of this.",1,authored template,"","episode","","",,
S-0178,Scene,bank,"You gave up the other thing outright rather than let it hang over the year.",1,authored template,"","episode-memory","","",,
S-0179,Scene,bank,"You asked for help with {role:relative} a year after you could have.",1,authored template,"","episode-memory","","",,
S-0180,Scene,bank,"You tried to do both, and did the year badly in two directions.",1,authored template,"","episode-memory","","",,
S-0181,Scene,bank,"There is a notice on the door of the building at the end of the road about what is going to happen to it. The meeting is on Tuesday and nobody you know is going.",1,authored template,"","episode","","",,
S-0182,Scene,bank,"You went to the meeting about the building at the end of the road.",1,authored template,"","episode-memory","","",,
S-0183,Scene,bank,"You read the notice about the building properly and wrote to the address on it.",1,authored template,"","episode-memory","","",,
S-0184,Scene,bank,"You left the meeting about the building to whoever else turned up.",1,authored template,"","episode-memory","","",,
S-0185,Scene,bank,"The group has settled into eight people and one of them keeps looking at you when a decision needs making. There is a position going that nobody wants and that somebody has to hold.",1,authored template,"","episode","","",,
S-0186,Scene,bank,"You took the position in the group about the building, six hours a month and a title.",1,authored template,"","episode-memory","","",,
S-0187,Scene,bank,"You did the work for the group and let somebody else's name go on it.",1,authored template,"","episode-memory","","",,
S-0188,Scene,bank,"You stepped back from the group once it stopped being about the building.",1,authored template,"","episode-memory","","",,
S-0189,Scene,bank,"It is not one building now. The same decision is being made about four streets, and somebody has asked you to put your name to a position on it in public. You have read enough by now to have one. That is not the same as wanting it attached to you.",1,authored template,"","episode","","",,
S-0190,Scene,bank,"You put your name in public to a position about the four streets.",1,authored template,"","episode-memory","","",,
S-0191,Scene,bank,"You handed the four streets to somebody who wanted the attention, and briefed them properly.",1,authored template,"","episode-memory","","",,
S-0192,Scene,bank,"You kept to the one building you actually knew about, and said so.",1,authored template,"","episode-memory","","",,
S-0193,Scene,bank,"The building went the way it was always going to go, and the group stopped meeting some time in the spring. Somebody from it asks whether you would come back for one evening about something else entirely.",1,authored template,"","episode","","",,
S-0194,Scene,bank,"You gave them one more evening, and said at the start it was one.",1,authored template,"","episode-memory","","",,
S-0195,Scene,bank,"You said no to going back, on the grounds that you had done the building.",1,authored template,"","episode-memory","","",,
S-0196,Scene,bank,"{role:community-member} asks whether you would meet somebody from the party that has been losing this district for twenty years. They are not asking you to join anything. They say that twice, which is once more than necessary.",1,authored template,"","episode","","",,
S-0197,Scene,bank,"You took the meeting {role:community-member} set up, and did not commit to anything.",1,authored template,"","episode-memory","","",,
S-0198,Scene,bank,"You told {role:community-member} plainly that you were not interested in meeting the party.",1,authored template,"","episode-memory","","",,
S-0199,Scene,bank,"You met them, and said what you would not do before anybody had asked you to.",1,authored template,"","episode-memory","","",,
S-0200,Scene,bank,"They want your name on something. Not a ballot — a letter, with about forty other names on it, about the four streets. One of the other names is somebody you have spent two years disagreeing with in public.",1,authored template,"","episode","","",,
S-0201,Scene,bank,"You signed the letter about the four streets, next to a name you had spent two years arguing with.",1,authored template,"","episode-memory","","",,
S-0202,Scene,bank,"You wrote your own letter about the four streets rather than sign theirs.",1,authored template,"","episode-memory","","",,
S-0203,Scene,bank,"You kept your name off the letter and told them exactly why.",1,authored template,"","episode-memory","","",,
S-0204,Scene,bank,"The letter worked. Two of the streets came off the list, and the two that stayed on are the ones with nobody organised in them. Somebody who lives in one of them stops you outside the shop to ask what happened.",1,authored template,"","episode","","",,
S-0205,Scene,bank,"You told them how the two streets came off the list, including your part in it.",1,authored template,"","episode-memory","","",,
S-0206,Scene,bank,"You told somebody outside the shop you would take their street up, without knowing whether you could.",1,authored template,"","episode-memory","","",,
S-0207,Scene,bank,"You pointed them at the council, which was true and was not an answer.",1,authored template,"","episode-memory","","",,
S-0208,Scene,bank,"The letter went out without you and did about as well as these things do. Nobody has mentioned it since, and nobody has asked you for anything since either.",1,authored template,"","episode","","",,
S-0209,Scene,bank,"Nothing came of keeping your name off the letter, one way or the other.",1,authored template,"","episode-memory","","",,
S-0210,Scene,bank,"You went back to them a year later, on terms you set yourself.",1,authored template,"","episode-memory","","",,
S-0211,Scene,bank,"The district went the way it always goes, and the group you are still in is now dealing with the consequences of a decision nobody in it was at the table for. Somebody says, not unkindly, that you had the chance.",1,authored template,"","episode","","",,
S-0212,Scene,bank,"You said, a year late, that you would take the meeting after all.",1,authored template,"","episode-memory","","",,
S-0213,Scene,bank,"You said you would do the same again, and the room heard you say it.",1,authored template,"","episode-memory","","",,
S-0214,Scene,bank,"The same thing has gone undone three weeks running, and it is not going to be mentioned again unless you mention it.",1,authored template,"","adult","","",,
S-0215,Scene,bank,"You said out loud which of it had been yours for three weeks, and the room did not enjoy it.",1,authored template,"","adult-memory","","",,
S-0216,Scene,bank,"You did it again yourself, and did not say so, and it stayed that way.",1,authored template,"","adult-memory","","",,
S-0217,Scene,bank,"You turned it into an arrangement instead of an argument, and it mostly held.",1,authored template,"","adult-memory","","",,
S-0218,Scene,bank,"Something in the place has stopped working properly. It is not urgent, and it will not fix itself.",1,authored template,"","adult","","",,
S-0219,Scene,bank,"You gave up an afternoon to it, and it stopped being a thing you thought about.",1,authored template,"","adult-memory","","",,
S-0220,Scene,bank,"You left it, on the grounds that it worked well enough, and mostly it did.",1,authored template,"","adult-memory","","",,
S-0221,Scene,bank,"You asked somebody who knew, and learned rather more than you needed to.",1,authored template,"","adult-memory","","",,
S-0222,Scene,bank,"The month does not add up the way it did. Nothing has gone wrong; the numbers have simply moved.",1,authored template,"","adult","","",,
S-0223,Scene,bank,"You took the month out of your own share of it and did not mention that you had.",1,authored template,"","adult-memory","","",,
S-0224,Scene,bank,"You said the month was tight before anyone had to notice, and it was less awkward than you expected.",1,authored template,"","adult-memory","","",,
S-0225,Scene,bank,"You found the difference somewhere, and the weeks got noticeably fuller.",1,authored template,"","adult-memory","","",,
S-0226,Scene,bank,"Nothing is owed to anybody this evening, and the other person is in.",1,authored template,"","adult","","",,
S-0227,Scene,bank,"You spent an evening on nothing in particular, with company, and it was one of the better ones.",1,authored template,"","adult-memory","","",,
S-0228,Scene,bank,"You took the evening for yourself, and it was exactly as long as you wanted it to be.",1,authored template,"","adult-memory","","",,
S-0229,Scene,bank,"Somebody in the family needs two weeks of your time, and those two weeks are ones you had already given to something else.",1,authored template,"","adult","","",,
S-0230,Scene,bank,"You gave the two weeks, and what you had planned for them went without you.",1,authored template,"","adult-memory","","",,
S-0231,Scene,bank,"You said you could not come, and held on to the two weeks you had already spent.",1,authored template,"","adult-memory","","",,
S-0232,Scene,bank,"You split the two weeks down the middle, and neither half got what it needed.",1,authored template,"","adult-memory","","",,
S-0233,Scene,bank,"You found somebody else to go, which worked, and which you thought about for a while afterwards.",1,authored template,"","adult-memory","","",,
S-0234,Scene,bank,"The looking-after that has been shared out is about to stop being shared out, and everyone is waiting to see who says something first.",1,authored template,"","adult","","",,
S-0235,Scene,bank,"You said you would, and it turned out to mean every week rather than this one.",1,authored template,"","adult-memory","","",,
S-0236,Scene,bank,"You said exactly what you could manage before it became assumed, and the rest was worked out around it.",1,authored template,"","adult-memory","","",,
S-0237,Scene,bank,"You let the silence run, and somebody else broke it, and you both knew it.",1,authored template,"","adult-memory","","",,
S-0238,Scene,bank,"The two of you want the next few years in slightly different places, and it has stopped being a hypothetical.",1,authored template,"","adult","","",,
S-0239,Scene,bank,"You took the version that suited them, and did not make it a favour.",1,authored template,"","adult-memory","","",,
S-0240,Scene,bank,"You held out for yours, and got it, and noticed what it had cost.",1,authored template,"","adult-memory","","",,
S-0241,Scene,bank,"You put it off, and it stayed put off, which was its own answer.",1,authored template,"","adult-memory","","",,
S-0242,Scene,bank,"There is a way the place actually runs and a way it is supposed to, and today somebody senior wants the second one, in front of everybody.",1,authored template,"","adult","","",,
S-0243,Scene,bank,"You did it the way it was written, in front of people who do not, and the rest of the day was quiet.",1,authored template,"","adult-memory","","",,
S-0244,Scene,bank,"You did it the way the place does it, and nobody said anything, which was the point.",1,authored template,"","adult-memory","","",,
S-0245,Scene,bank,"You said out loud that the rule did not survive contact with the job, and then had to defend saying it.",1,authored template,"","adult-memory","","",,
S-0246,Scene,bank,"There is more work than week, and somebody has decided the difference is yours.",1,authored template,"","adult","","",,
S-0247,Scene,bank,"You took the hours, and for a while everything else got the leftovers.",1,authored template,"","adult-memory","","",,
S-0248,Scene,bank,"You said no, plainly and without a reason attached, and kept the week you had.",1,authored template,"","adult-memory","","",,
S-0249,Scene,bank,"You took the half of it that fitted and handed the rest back, which annoyed exactly one person.",1,authored template,"","adult-memory","","",,
S-0250,Scene,bank,"Something you did most of has been described upward as somebody else's, and the person who described it that way is standing next to you.",1,authored template,"","adult","","",,
S-0251,Scene,bank,"You said whose it was while everyone was still in the room, and the room noticed both halves of that.",1,authored template,"","adult-memory","","",,
S-0252,Scene,bank,"You let it go, and it stayed gone, and you were not sure afterwards whether that had been generosity.",1,authored template,"","adult-memory","","",,
S-0253,Scene,bank,"You had it out with them afterwards, quietly, and they were careful with you for a month.",1,authored template,"","adult-memory","","",,
S-0254,Scene,bank,"Somebody you work with is not managing, and so far you are the only one who has noticed.",1,authored template,"","adult","","",,
S-0255,Scene,bank,"You covered for them without saying so, and they either did not notice or did not say.",1,authored template,"","adult-memory","","",,
S-0256,Scene,bank,"You asked them directly, and got a shorter answer than the question deserved, and then a longer one.",1,authored template,"","adult-memory","","",,
S-0257,Scene,bank,"You put it where it could actually be dealt with, and never entirely settled whether that had been loyal.",1,authored template,"","adult-memory","","",,
S-0258,Scene,bank,"Something better paid has been mentioned to you, somewhere else, and mentioning it back is the part that costs.",1,authored template,"","adult","","",,
S-0259,Scene,bank,"You followed it up properly, which meant telling people, which was most of the difficulty.",1,authored template,"","adult-memory","","",,
S-0260,Scene,bank,"You stayed, and told yourself it was the sensible one, and half meant it.",1,authored template,"","adult-memory","","",,
S-0261,Scene,bank,"You took it to the people you already worked for, and found out precisely what they thought you were worth.",1,authored template,"","adult-memory","","",,
S-0262,Scene,bank,"You let it pass without telling anybody it had happened, and that was the whole of it.",1,authored template,"","adult-memory","","",,
S-0263,Scene,bank,"The week went well. Nothing dramatic; it simply worked.",1,authored template,"","adult","","",,
S-0264,Scene,bank,"The week worked, start to finish, and you let yourself notice that it had.",1,authored template,"","adult-memory","","",,
S-0265,Scene,bank,"You used the good week rather than enjoying it, and got a fair way before it ran out.",1,authored template,"","adult-memory","","",,
S-0266,Scene,bank,"What it costs to stay where you are is going up, and staying is now a decision rather than a default.",1,authored template,"","adult","","",,
S-0267,Scene,bank,"You found the money and stayed, and the rest of the year was arranged around having found it.",1,authored template,"","adult-memory","","",,
S-0268,Scene,bank,"You started looking, which turned out to be the beginning of a much longer few months.",1,authored template,"","adult-memory","","",,
S-0269,Scene,bank,"You argued it, which was uncomfortable, and got somewhere with about half of it.",1,authored template,"","adult-memory","","",,
S-0270,Scene,bank,"Something that is not yours to fix has not been fixed, and the person whose job it is has stopped replying.",1,authored template,"","adult","","",,
S-0271,Scene,bank,"You put it in writing and waited, which was slower and left you with a record.",1,authored template,"","adult-memory","","",,
S-0272,Scene,bank,"You fixed it yourself and stopped thinking about it, and never got the money back.",1,authored template,"","adult-memory","","",,
S-0273,Scene,bank,"You stopped paying until it was done, which worked, and which you were told repeatedly was unwise.",1,authored template,"","adult-memory","","",,
S-0274,Scene,bank,"Somebody wants what is owed, on a schedule that is not the one you had in mind.",1,authored template,"","adult","","",,
S-0275,Scene,bank,"You paid what you could immediately and felt better about it than the balance justified.",1,authored template,"","adult-memory","","",,
S-0276,Scene,bank,"You asked for different terms, which meant explaining rather more of your month than you wanted to.",1,authored template,"","adult-memory","","",,
S-0277,Scene,bank,"You borrowed it from somebody you knew, which solved it, and changed something between you.",1,authored template,"","adult-memory","","",,
S-0278,Scene,bank,"Something has broken that has to be replaced, and it was not in the month's arithmetic.",1,authored template,"","adult","","",,
S-0279,Scene,bank,"You replaced it and moved on, and the month was a little tighter than it had been.",1,authored template,"","adult-memory","","",,
S-0280,Scene,bank,"You went without, and it lasted much longer than anyone expected it to.",1,authored template,"","adult-memory","","",,
S-0281,Scene,bank,"A small amount of money has arrived that nothing is already claiming.",1,authored template,"","adult","","",,
S-0282,Scene,bank,"You put it somewhere safe, and it was still there when something eventually needed it.",1,authored template,"","adult-memory","","",,
S-0283,Scene,bank,"You spent it on something that was not necessary at all, and were glad you had.",1,authored template,"","adult-memory","","",,
S-0284,Scene,bank,"You gave it to somebody who needed it more, and did not make a thing of it.",1,authored template,"","adult-memory","","",,
S-0285,Scene,bank,"Somebody you know has asked for something that is easy for you and would matter quite a lot to them.",1,authored template,"","adult","","",,
S-0286,Scene,bank,"You said yes without making them ask twice, and it cost you an afternoon.",1,authored template,"","adult-memory","","",,
S-0287,Scene,bank,"You said yes and said where it stopped, which they took better than you had expected.",1,authored template,"","adult-memory","","",,
S-0288,Scene,bank,"You said no, and it was fine, and it was slightly less fine than they said it was.",1,authored template,"","adult-memory","","",,
S-0289,Scene,bank,"Somebody who already has a good deal of say over how your week goes has offered to sort out the thing you have been unable to sort out. They have not asked for anything.",1,authored template,"","adult","","",,
S-0290,Scene,bank,"You let them sort it out, and it was sorted out, and something between you was different afterwards.",1,authored template,"","adult-memory","","",,
S-0291,Scene,bank,"You accepted and insisted on settling up, which they found faintly insulting and you found necessary.",1,authored template,"","adult-memory","","",,
S-0292,Scene,bank,"You turned it down and kept the problem, and were not sure for months whether that had been pride.",1,authored template,"","adult-memory","","",,
S-0293,Scene,bank,"Somebody you know has got themselves into something, and they have told you rather than anybody else.",1,authored template,"","adult","","",,
S-0294,Scene,bank,"You kept it, because they had told you rather than anybody else, and that had to mean something.",1,authored template,"","adult-memory","","",,
S-0295,Scene,bank,"You told them you would not carry it, and made them go and deal with it, and they did.",1,authored template,"","adult-memory","","",,
S-0296,Scene,bank,"You stepped back from it, and were not entirely sure afterwards whether that had been sense.",1,authored template,"","adult-memory","","",,
S-0297,Scene,bank,"Somebody you know has had a piece of luck, and wants you there.",1,authored template,"","adult","","",,
S-0298,Scene,bank,"You went, and it was a good evening, and being there was most of the point.",1,authored template,"","adult-memory","","",,
S-0299,Scene,bank,"You sent word rather than going, meant it, and it was not the same thing.",1,authored template,"","adult-memory","","",,
S-0300,Scene,bank,"Another household here has put something on the agenda of the posted meeting that would cost you if it passed.",1,authored template,"","adult","","",,
S-0301,Scene,bank,"You went and spoke against it, in the room, on the record, and it was not comfortable.",1,authored template,"","adult-memory","","",,
S-0302,Scene,bank,"You went and talked to them before the meeting, and about half of it went away.",1,authored template,"","adult-memory","","",,
S-0303,Scene,bank,"You let it run, on the grounds that it might not pass, and did not find out for months whether that had been right.",1,authored template,"","adult-memory","","",,
S-0304,Scene,bank,"The meeting on the calendar is tonight. Nobody has asked you to go, and the agenda is public.",1,authored template,"","adult","","",,
S-0305,Scene,bank,"You gave it an evening and found out how much of the decision had already been made elsewhere.",1,authored template,"","adult-memory","","",,
S-0306,Scene,bank,"You read the minutes afterwards, which told you what was decided and nothing about how.",1,authored template,"","adult-memory","","",,
S-0307,Scene,bank,"You gave it a miss, and the evening was yours.",1,authored template,"","adult-memory","","",,
S-0308,Scene,bank,"Something local is short of hands, and somebody has worked out that you have a Saturday.",1,authored template,"","adult","","",,
S-0309,Scene,bank,"You put your name down, and it turned out to be most Saturdays rather than one.",1,authored template,"","adult-memory","","",,
S-0310,Scene,bank,"You helped for one Saturday and were careful not to promise a second.",1,authored template,"","adult-memory","","",,
S-0311,Scene,bank,"You kept the Saturdays, and nobody made anything of it.",1,authored template,"","adult-memory","","",,
S-0312,Scene,bank,"The place the group meets in is going to close. Keeping it open means keeping a charge alive that everybody was told would end this year, and the people who would pay it are not the people who use it.",1,authored template,"","adult","","",,
S-0313,Scene,bank,"You argued for keeping the charge going, and had to look at the people who had been told it would stop.",1,authored template,"","adult-memory","","",,
S-0314,Scene,bank,"You argued for moving, kept the group together, and watched what the building had been doing become obvious once it was gone.",1,authored template,"","adult-memory","","",,
S-0315,Scene,bank,"You paid for it out of something else, and spent a long time afterwards being asked which something.",1,authored template,"","adult-memory","","",,
S-0316,Scene,bank,"You went looking for money instead, which might have worked, and which took the whole autumn.",1,authored template,"","adult-memory","","",,
S-0317,Scene,bank,"You have read the agenda properly, and you have a view about it. Nobody has asked for it.",1,authored template,"","adult","","",,
S-0318,Scene,bank,"You worked out what you actually thought about it, on your own, and told nobody.",1,authored template,"","adult-memory","","",,
S-0319,Scene,bank,"You did not settle it, on the grounds that you would know more later, and later you did.",1,authored template,"","adult-memory","","",,
S-0320,Scene,bank,"You worked out that the people you usually agree with had this one wrong, and kept that to yourself as well.",1,authored template,"","adult-memory","","",,
S-0321,Scene,bank,"Somebody wants your name on something. It is public, it is local, and it will be read by people who know you.",1,authored template,"","adult","","",,
S-0322,Scene,bank,"You signed it, and it was read by people who knew you, which was the point and also the cost.",1,authored template,"","adult-memory","","",,
S-0323,Scene,bank,"You did the work and kept your name off it, which most people took for not helping.",1,authored template,"","adult-memory","","",,
S-0324,Scene,bank,"You said no to putting your name to it, and gave the real reason, which was worse.",1,authored template,"","adult-memory","","",,
S-0325,Scene,bank,"Somebody has asked, in as many words, whether you would ever stand for anything.",1,authored template,"","adult","","",,
S-0326,Scene,bank,"You said you would think about it, which everybody correctly heard as most of a yes.",1,authored template,"","adult-memory","","",,
S-0327,Scene,bank,"You said no, plainly, and they asked somebody else within the month.",1,authored template,"","adult-memory","","",,
S-0328,Scene,bank,"You asked whose idea it actually was, and the answer was more interesting than the question.",1,authored template,"","adult-memory","","",,
S-0329,Scene,bank,"What happened has stopped happening, and the part that is left is the part you have to do something about.",1,authored template,"","adult","","",,
S-0330,Scene,bank,"You got your own straight first, which was sensible and which you were slightly ashamed of.",1,authored template,"","adult-memory","","",,
S-0331,Scene,bank,"You spent the first day on other people's and the second on your own, and both were worse for it.",1,authored template,"","adult-memory","","",,
S-0332,Scene,bank,"You started asking who was supposed to have stopped it, and found out how long that kind of question takes.",1,authored template,"","adult-memory","","",,
S-0333,Scene,bank,"Another household here came off worse than yours did, and somebody is going round asking.",1,authored template,"","adult","","",,
S-0334,Scene,bank,"You gave what you had, which was not much, and it was taken as though it were.",1,authored template,"","adult-memory","","",,
S-0335,Scene,bank,"You kept what you had, on the grounds that you might need it, and did not.",1,authored template,"","adult-memory","","",,
S-0336,Scene,bank,"Something you said you would do has arrived, and it is less convenient than it was when you said it.",1,authored template,"","adult","","",,
S-0337,Scene,bank,"You did it anyway, at a considerably worse time than the one you had agreed to.",1,authored template,"","adult-memory","","",,
S-0338,Scene,bank,"You asked to move it and offered something in its place, and the offer was accepted a little too quickly.",1,authored template,"","adult-memory","","",,
S-0339,Scene,bank,"You let it go, on the assumption that it would not be raised, and it was not.",1,authored template,"","adult-memory","","",,
S-0340,Scene,bank,"Somebody you helped once, a long time ago and without making anything of it, has turned up needing something rather larger.",1,authored template,"","adult","","",,
S-0341,Scene,bank,"You helped again, at a scale the first time had not implied, and did not raise the difference.",1,authored template,"","adult-memory","","",,
S-0342,Scene,bank,"You helped and said plainly that it was not the same favour, and both halves of that were heard.",1,authored template,"","adult-memory","","",,
S-0343,Scene,bank,"You said the first one had not bought this one, which was true, and landed badly.",1,authored template,"","adult-memory","","",,
S-0344,Scene,bank,"A day with nothing owed on it, and weather that makes staying indoors feel like a waste.",1,authored template,"","adult","","",,
S-0345,Scene,bank,"You spent the whole day outside for no reason at all, and remembered it longer than several more important ones.",1,authored template,"","adult-memory","","",,
S-0346,Scene,bank,"You used it on the backlog, cleared most of it, and felt unreasonably good about that.",1,authored template,"","adult-memory","","",,
S-0347,Scene,bank,"You wasted it deliberately, which is not the same as wasting it.",1,authored template,"","adult-memory","","",,
S-0348,Scene,bank,"There is a thing on at the weekend that you would probably enjoy and have no obligation to attend.",1,authored template,"","adult","","",,
S-0349,Scene,bank,"You went, and knew about a third of the room by the end of it.",1,authored template,"","adult-memory","","",,
S-0350,Scene,bank,"You stayed in, and the weekend was exactly what you wanted.",1,authored template,"","adult-memory","","",,
S-0351,Scene,bank,"It is eleven at night and Dana is at the kitchen table with the bills spread out, which is not where Dana usually is. You have been out. She looks up and says the furnace is worse than she told you — it is not a part, it is the whole unit.",1,authored template,"","calibration:lived-personal","","",,
S-0352,Scene,bank,"Marcus tells you, in confidence, that he took money out of the trip fund and is going to put it back before anyone counts it. He is not asking for anything. He just wanted somebody to know.",1,authored template,"","calibration:lived-relational","","",,
S-0353,Scene,bank,"Priya has asked you to put your name to a reference. Most of it is accurate. One line about what she ran last year is not, and she wrote it herself.",1,authored template,"","calibration:lived-moral","","",,
S-0354,Scene,bank,"Your brother Ray has borrowed the car three times this month and brought it back on an empty tank each time. He is between jobs. You need it on Thursday.",1,authored template,"","calibration:lived-personal","","",,
S-0355,Scene,bank,"Nell has found somewhere better for both of you, forty minutes further out. It is cheaper and it is not near anyone you know. She wants an answer by Friday.",1,authored template,"","calibration:lived-personal","","",,
S-0356,Scene,bank,"Curtis asks you to take his Saturday. He has asked twice before and you have said yes twice before. This Saturday is one you had plans for.",1,authored template,"","calibration:lived-personal","","",,
S-0357,Scene,bank,"Eight hundred dollars arrives that nothing is already claiming. Dana does not know about it yet. The furnace is still the furnace, and you have not had a week away in two years.",1,authored template,"","calibration:lived-personal","","",,
S-0358,Scene,bank,"Ms. Whitfield taught you and got you the placement you are in. You are checking the grant application she asked you to proofread, and the participation numbers in it are not the numbers you have been keeping.",1,authored template,"","calibration:lived-relational","","",,
S-0359,Scene,bank,"In the meeting, Marcus describes the thing you spent three weeks on as something the team put together. He is not wrong exactly. Two people in the room think it was his.",1,authored template,"","calibration:lived-relational","","",,
S-0360,Scene,bank,"Priya says something at the meeting that is straightforwardly untrue, about a person who is not there. Nobody corrects her. You know it is untrue because you were the one who told her the true version.",1,authored template,"","calibration:lived-relational","","",,
S-0361,Scene,bank,"There is an opening where you work and Ray would be adequate at it. Somebody else who applied would be better and you do not know them. You are asked, informally, what you think.",1,authored template,"","calibration:lived-relational","","",,
S-0362,Scene,bank,"The kid on the register has undercharged you by nine dollars and has not noticed. There is a line behind you. The manager is the one who took Curtis's hours off him last month for less.",1,authored template,"","calibration:lived-moral","","",,
S-0363,Scene,bank,"From the bus you watched a van clip a parked car and drive on. You have the plate. The car belongs to nobody you know and the police non-emergency line takes about forty minutes.",1,authored template,"","calibration:lived-moral","","",,
S-0364,Scene,bank,"The form asks a question you can answer two ways, both defensible. One way gets Dana's hours covered from next month. The other is the one you would give if somebody asked you out loud.",1,authored template,"","calibration:lived-moral","","",,
S-0365,Scene,bank,"Somebody at the door wants your name on a petition about the road. You agree with about two-thirds of what is on the sheet. The third you disagree with is the part that will get quoted.",1,authored template,"","calibration:lived-moral","","",,
S-0366,Scene,bank,"The rule about the fire door is clear and Curtis has been propping it open every shift because the alternative is walking the long way round twelve times a night. You are the one who has been asked whether it happens.",1,authored template,"","calibration:lived-moral","","",,
S-0367,Scene,bank,"The transit authority is cutting the bus that Dana takes to work and that about forty other people on your street use. Comments close Monday, and the replacement route leaves a two-mile walk at either end.",1,authored template,"","calibration:civic-lived","","",,
S-0368,Scene,bank,"The trucking yard at the end of the street has applied to run overnight. It employs about thirty people, four of whom live on your street. The trucks would pass Nell's window every eleven minutes.",1,authored template,"","calibration:civic-lived","","",,
S-0369,Scene,bank,"The school attendance boundary is being redrawn. Under the new line the kids on your street go to the school two miles further out, and the kids on the street behind take those seats. Both streets have shown up to the board meeting.",1,authored template,"","calibration:civic-lived","","",,
S-0370,Scene,bank,"The field behind the apartments is going to be built on. Ninety units, a third of them at rents people on your street could actually pay. It is also the only open ground within a mile.",1,authored template,"","calibration:civic-lived","","",,
S-0371,Scene,bank,"The building has been without power for two days. The utility says Thursday. There is a man on the next floor who needs a refrigerator for what he takes, and a council member who has not returned three calls.",1,authored template,"","calibration:civic-lived","","",,
S-0372,Scene,bank,"The same man has spoken for eleven of the meeting's twenty minutes, on something the meeting is not about. Two people who came to say something specific have not spoken and are putting their coats on.",1,authored template,"","calibration:civic-lived","","",,
S-0373,Scene,bank,"The district has about $400,000 left and three claims on it: the senior center Ray's neighbor uses, repaving the street the buses were pulled off, and the two youth workers whose positions end in April.",1,authored template,"","calibration:policy-lived","","",,
S-0374,Scene,bank,"The shop on the corner has applied to sell alcohol until two. It is the only shop within half a mile that opens late. The three residents who objected all live above it.",1,authored template,"","calibration:policy-lived","","",,
S-0375,Scene,bank,"The bakery on the block fails on two counts. One is paperwork. The other would cost about $9,000 to put right, which the family who run it do not have, and the inspector has to decide what to write.",1,authored template,"","calibration:policy-lived","","",,
S-0376,Scene,bank,"There is money for a camera on the block, where two people were assaulted last year. It would also record every person going in and out of the legal aid office and the mosque next to it.",1,authored template,"","calibration:policy-lived","","",,
S-0377,Scene,bank,"The sanitation yard has been out for nine days. The trash has not been collected on your street or the one behind it. Marcus is on the picket line, and Nell has started using the word disgrace about people you both know.",1,authored template,"","calibration:policy-lived","","",,
S-0378,Scene,bank,"Somebody has left a printout on your desk showing the after-school program spent two fifths of its budget on an outside consultant, and that attendance did not move. They were not supposed to give it to you, and the department will work out who did.",1,authored template,"","calibration:policy-lived","","",,
S-0379,Scene,bank,"The transit board wants to borrow against twenty-five years of fares to run a line from the outer districts to the hospital and the university. It is the only way anybody out there reaches either without two buses. It is also a sixth of what the city can borrow for a generation.",1,authored template,"","calibration:policy-lived","","",,
S-0380,Scene,bank,"You get up for water and the kitchen light is still on. Dee is at the table with a calculator and the mail in two piles, and does not hear you come in. When she does she says go back to bed, in the voice that means it, and then says sorry in a different voice.",1,authored template,"","calibration:lived-personal","","",,
S-0381,Scene,bank,"Theo shows you a handheld game that belongs to Kenny, who has been telling everyone it went missing. Theo says he is giving it back on Monday and that it is not the same as stealing it. He says this to you and to nobody else.",1,authored template,"","calibration:lived-relational","","",,
S-0382,Scene,bank,"The trip note has to come back signed by Friday and it costs eleven dollars. You have had it in your bag since Monday and you have not shown it to Dee, because you already know what she will say about the eleven dollars.",1,authored template,"","calibration:lived-moral","","",,
S-0383,Scene,bank,"The bathroom door does not shut properly any more and it was you who swung it. Bea says it was her, before you have said anything at all, and Dee believes her because Bea is the one who breaks things.",1,authored template,"","calibration:lived-relational","","",,
S-0384,Scene,bank,"Kenny has eaten at the end of the far table on his own for two weeks. Theo says he is weird and that if Kenny sits with you, Theo will sit somewhere else. Kenny is standing there with his tray.",1,authored template,"","calibration:lived-relational","","",,
S-0385,Scene,bank,"Ms. Ruiz went out and left the answers face up on her desk. Four people have already been up to look. She comes back and asks the class whether anyone went near the desk, and waits.",1,authored template,"","calibration:lived-moral","","",,
S-0386,Scene,bank,"There is a way home through the yard behind the shops that saves ten minutes, and Dee has said not to go that way. Theo goes that way every day. It is starting to get dark at four.",1,authored template,"","calibration:lived-personal","","",,
S-0387,Scene,bank,"Through the wall you hear Dee on the phone saying the word moving, twice, and a month. Nobody has said anything to you or to Bea. In the morning everything is completely normal.",1,authored template,"","calibration:lived-personal","","",,
S-0388,Scene,bank,"The bus that stopped at the end of your road does not stop there any more, so getting to school is a walk to the main road in the rain. Ms. Ruiz says the class can write to the transit people, and half the class thinks that is pointless.",1,authored template,"","calibration:civic-lived","","",,
S-0389,Scene,bank,"The field everyone plays on has a gate on it now and a sign about insurance. The man from the club says under-twelves can use it Tuesdays if an adult signs them in. Theo says everyone should just climb it like before.",1,authored template,"","calibration:policy-lived","","",,
S-0390,Scene,bank,"You have the Thursday shift and a test Friday you have not opened a book for. Marisol, who does the schedule, has already moved two shifts around for you this month and made a point of saying so.",1,authored template,"","calibration:lived-personal","","",,
S-0391,Scene,bank,"Theo has had his license three weeks and has had two drinks. He is holding the keys and there are four of you and it is eleven miles home. He says he is completely fine and he is annoyed that you looked at him.",1,authored template,"","calibration:lived-relational","","",,
S-0392,Scene,bank,"Bea left for college and left two years of her old coursework in the room. One paragraph of it would fit your assignment almost exactly. Nobody has read it since her teacher did, and Ms. Ruiz has stopped believing you about deadlines.",1,authored template,"","calibration:lived-moral","","",,
S-0393,Scene,bank,"The register is forty dollars short at the end of your shift. You did not take it. Marisol says she will write it off as a miscount rather than send it up, and that she is doing you a favor by saying so.",1,authored template,"","calibration:lived-moral","","",,
S-0394,Scene,bank,"Bea has not called in three weeks and Dee has stopped asking out loud whether she is going to. You have Bea's number and you know she reads messages and does not answer them.",1,authored template,"","calibration:lived-relational","","",,
S-0395,Scene,bank,"Somebody has started a letter about the coach, and about half of what is in it you saw happen and half you did not. Signing it means putting your name to all of it. Two of the people who did see the rest of it will not sign.",1,authored template,"","calibration:civic-lived","","",,
S-0396,Scene,bank,"You have nine hundred dollars saved from eleven months of shifts. There is a car for eleven hundred that would end the two-bus commute, and there is a course in the spring that costs eight hundred and takes the whole summer.",1,authored template,"","calibration:lived-personal","","",,
S-0397,Scene,bank,"The library room that stays open until eight is closing at five from January, because the person who staffed it went to four days. Some of the people who use it have somewhere else to be until eight and some have nowhere.",1,authored template,"","calibration:policy-lived","","",,
S-0398,Scene,bank,"Marisol has started saying things about the new girl on evenings that are not true, in front of people who repeat them. Marisol writes the schedule and has been good to you since your first week.",1,authored template,"","calibration:lived-relational","","",,
S-0399,Scene,bank,"A close friend did something that could get them in real trouble. Someone asks you directly what happened.",1,authored template,"","calibration:lived-relational","","",,
S-0400,Scene,bank,"You have a safe path that is going fine and a riskier path with a real chance to get much farther.",1,authored template,"","calibration:lived-personal","","",,
S-0401,Scene,bank,"A rule is being applied consistently, but the result seems unfair.",1,authored template,"","calibration:lived-moral","","",,
S-0402,Scene,bank,"A family member needs you at the same time as an opportunity that matters a lot to you.",1,authored template,"","calibration:lived-personal","","",,
S-0403,Scene,bank,"You make a public mistake and could probably avoid taking the blame.",1,authored template,"","calibration:lived-moral","","",,
S-0404,Scene,bank,"You are offered leadership over a group you care about.",1,authored template,"","calibration:lived-personal","","",,
S-0405,Scene,bank,"Your side can win by doing something technically allowed but clearly against the spirit of the rules.",1,authored template,"","calibration:lived-moral","","",,
S-0406,Scene,bank,"A person you respect disagrees with you on something important.",1,authored template,"","calibration:lived-relational","","",,
C-0407,Choice,played,"Ask Ibrahim Rocha where she has been — When there is nobody else in the room.",1,age 5,"Kentucky","episode","Ibrahim Rocha, your older sister","",,
C-0408,Choice,played,"Tell a grown-up at home — Then it is theirs to deal with, and they will know it came from you.",13,ages 5–10,"Kentucky","episode","Ibrahim Rocha, your older sister","",,
C-0409,Choice,played,"Say nothing, and keep count — Wait until you actually know something.",13,ages 5–10,"Kentucky","episode","Ibrahim Rocha, your older sister","",,
C-0410,Choice,played,"Back up whatever she says — If anybody asks you, you say the same thing she said.",5,ages 5–16,"Kentucky","episode","Ibrahim Rocha, your older sister","",,
C-0411,Choice,played,"Say who did it — Out loud, in front of them.",15,ages 5–10,"Kentucky","episode","","",,
C-0412,Choice,played,"Take the blame — Whatever it costs this week.",15,ages 5–10,"Kentucky","episode","","",,
C-0413,Choice,played,"Say only that it wasn't you — Without saying who it was.",15,ages 5–10,"Kentucky","episode","","",,
C-0414,Choice,played,"Give it to them — Without asking again.",4,ages 5–11,"Kentucky","episode","Ibrahim Rocha, your older sister","",,
C-0415,Choice,played,"Give it, on a condition — They tell you what it is for first.",4,ages 5–11,"Kentucky","episode","Ibrahim Rocha, your older sister","",,
C-0416,Choice,played,"Say you will not — And say why.",4,ages 5–11,"Kentucky","episode","Ibrahim Rocha, your older sister","",,
C-0417,Choice,played,"Stay near them — Spend the quiet hours in the same room.",1,age 5,"Kentucky","formative","","",,
C-0418,Choice,played,"Keep everything else going — Hold on to the ordinary parts of the day.",1,age 5,"Kentucky","formative","","",,
C-0419,Choice,played,"Go, and stay — Whatever else was happening this week.",7,ages 6–14,"Kentucky","episode","Ibrahim Rocha, your older sister","",,
C-0420,Choice,played,"Handle the practical end — Somebody has to make the calls.",7,ages 6–14,"Kentucky","episode","Ibrahim Rocha, your older sister","",,
C-0421,Choice,played,"Keep out of it — You have been kept out of it for a year already.",7,ages 6–14,"Kentucky","episode","Ibrahim Rocha, your older sister","",,
C-0422,Choice,played,"Join in — Take part in the new classroom routine.",1,age 7,"Kentucky","formative","","",,
C-0423,Choice,played,"Hang back and watch — Learn how the room works before joining it.",1,age 7,"Kentucky","formative","","",,
C-0424,Choice,played,"Make room — Invite the other child to join the table.",5,ages 8–12,"Kentucky","formative","Bo Hill, who is in your class","",,
C-0425,Choice,played,"Look away — Avoid getting involved in the moment.",5,ages 8–12,"Kentucky","formative","Bo Hill, who is in your class","",,
C-0426,Choice,played,"Go and sit somewhere else with them — Leave the full table rather than squeeze one more in.",5,ages 8–12,"Kentucky","formative","Bo Hill, who is in your class","",,
C-0427,Choice,played,"Go with them — Sort the rest out afterwards.",11,ages 8–13,"Kentucky","episode","Bo Hill, who is in your class","",,
C-0428,Choice,played,"Stay where you said you'd be — They will be annoyed.",11,ages 8–13,"Kentucky","episode","Bo Hill, who is in your class","",,
C-0429,Choice,played,"Ask them to come with you instead — It is duller and they will say so.",11,ages 8–13,"Kentucky","episode","Bo Hill, who is in your class","",,
C-0430,Choice,played,"Ask Miranda Rosario where she has been — When there is nobody else in the room.",1,age 8,"Kentucky","episode","Miranda Rosario, your younger sister","",,
C-0431,Choice,played,"Cover things at home — Be the one the household can count on.",7,ages 8–11,"Kentucky","formative","","",,
C-0432,Choice,played,"Keep the commitment — Hold on to what you already agreed to.",7,ages 8–11,"Kentucky","formative","","",,
C-0433,Choice,played,"Try to do both — Split the afternoons and give each of them less.",7,ages 8–11,"Kentucky","formative","","",,
C-0434,Choice,played,"Tell it again — The same way you told it the first time.",7,ages 9–11,"Kentucky","episode","","",,
C-0435,Choice,played,"Say it's over — And leave it there.",7,ages 9–11,"Kentucky","episode","","",,
C-0436,Choice,played,"Accept guidance — Follow up with the adult who offered help.",8,ages 9–11,"Kentucky","formative","Selena Wynn","",,
C-0437,Choice,played,"Handle it alone — Thank them, then try independently.",8,ages 9–11,"Kentucky","formative","Selena Wynn","",,
C-0438,Choice,played,"Bring it up — Say that you were the one who told.",5,ages 9–18,"Kentucky","episode","Miranda Rosario, your younger sister","",,
C-0439,Choice,played,"Let it lie — It is going well. That can be enough.",5,ages 9–18,"Kentucky","episode","Miranda Rosario, your younger sister","",,
C-0440,Choice,played,"Say what you think — Give the school your actual view of the rule.",2,ages 9–12,"Kentucky","formative","","",,
C-0441,Choice,played,"Leave it to others — Let the people who want to speak do the speaking.",2,ages 9–12,"Kentucky","formative","","",,
C-0442,Choice,played,"Put it in writing — Say it where it has to be read rather than heard.",2,ages 9–12,"Kentucky","formative","","",,
C-0443,Choice,played,"Ask Deborah Perez where he has been — When there is nobody else in the room.",2,age 10,"Kentucky","episode","Deborah Perez, your younger brother","",,
C-0444,Choice,played,"Back up whatever he says — If anybody asks you, you say the same thing he said.",8,ages 10–13,"Kentucky","episode","Deborah Perez, your younger brother","",,
C-0445,Choice,played,"Ask what happened — Ask directly why the plan changed.",3,ages 11–12,"Nebraska","formative","","",,
C-0446,Choice,played,"Let it go — Accept the change without pressing.",3,ages 11–12,"Nebraska","formative","","",,
C-0447,Choice,played,"Join the activity — Commit time to a new group or activity.",6,ages 13–14,"Nebraska","formative","","",,
C-0448,Choice,played,"Leave the activity — Make room for another priority.",6,ages 13–14,"Nebraska","formative","","",,
C-0449,Choice,played,"Stay, but do less of it — Keep a foot in without giving it the week.",6,ages 13–14,"Nebraska","formative","","",,
C-0450,Choice,played,"Ask Amara Stephens where he has been — When there is nobody else in the room.",1,age 12,"Alaska","episode","Amara Stephens, your younger brother","",,
C-0451,Choice,played,"Volunteer — Contribute time to a local effort.",5,ages 13–16,"Alaska","formative","","",,
C-0452,Choice,played,"Observe first — Learn about the work before committing.",5,ages 13–16,"Alaska","formative","","",,
C-0453,Choice,played,"Get other people to go — Find the hands rather than be them.",5,ages 13–16,"Alaska","formative","","",,
C-0454,Choice,played,"Say what you've seen — All of it, at once.",2,ages 11–13,"Alaska","episode","Amara Stephens, your younger brother","",,
C-0455,Choice,played,"Keep watching, say nothing — Nothing has actually happened yet.",2,ages 11–13,"Alaska","episode","Amara Stephens, your younger brother","",,
C-0456,Choice,played,"Take it on — Carry the regular share nobody else can.",4,ages 13–16,"Alaska","formative","","",,
C-0457,Choice,played,"Say what you can manage — Name the limit before it becomes assumed.",4,ages 13–16,"Alaska","formative","","",,
C-0458,Choice,played,"Look for help from outside the house — Find somebody who is not in the family to carry part of it.",4,ages 13–16,"Alaska","formative","","",,
C-0459,Choice,played,"Take a concrete step — Move on education, training, work, or service while there is time.",5,ages 13–16,"Alaska","formative","","",,
C-0460,Choice,played,"Keep your options open — Decide later, on better information.",5,ages 13–16,"Alaska","formative","","",,
C-0461,Choice,played,"Ask somebody who has done it — Go and find out what it is actually like first.",5,ages 13–16,"Alaska","formative","","",,
C-0462,Choice,played,"Ask Raymond Wilcox where he has been — When there is nobody else in the room.",1,age 13,"Lexington, Kentucky","episode","Raymond Wilcox, your younger brother","",,
C-0463,Choice,played,"Help organize it — Put your name and your time behind it.",3,ages 13–17,"Lexington, Kentucky","formative","","",,
C-0464,Choice,played,"Stay out of it — Let it happen without you.",3,ages 13–17,"Lexington, Kentucky","formative","","",,
C-0465,Choice,played,"Say you disagree — Tell them, to their face, that you see it differently.",3,ages 15–17,"Lexington, Kentucky","formative","Vivian Morrison","",,
C-0466,Choice,played,"Let it pass — Keep the disagreement to yourself for now.",3,ages 15–17,"Lexington, Kentucky","formative","Vivian Morrison","",,
C-0467,Choice,played,"Accept the opportunity — Take on the offered role if it is permitted.",1,age 14,"Kentucky","formative","","",,
C-0468,Choice,played,"Decline for now — Keep the current commitments manageable.",1,age 14,"Kentucky","formative","","",,
C-0469,Choice,played,"Correct the record — A year late, and it names somebody.",3,ages 11–14,"Kentucky","episode","","",,
C-0470,Choice,played,"Let it stand — It is a sentence on a file.",3,ages 11–14,"Kentucky","episode","","",,
C-0471,Choice,played,"Ask Noah Vinson where he has been — When there is nobody else in the room.",1,age 16,"Nebraska","episode","Noah Vinson, your younger brother","",,
C-0472,Choice,played,"Ask Malik Pollard where he has been — When there is nobody else in the room.",1,age 16,"Alaska","episode","Malik Pollard, your younger brother","",,
C-0473,Choice,played,"Give the two weeks — Give the two weeks and deal with the rest afterwards.",13,ages 18–19,"Alaska","adult","Justin Pollard, your dad","",,
C-0474,Choice,played,"Stay with what you had — Hold the plan and say you cannot.",13,ages 18–19,"Alaska","adult","Justin Pollard, your dad","",,
C-0475,Choice,played,"Split the two weeks — Half of each, and neither done properly.",13,ages 18–19,"Alaska","adult","Justin Pollard, your dad","",,
C-0476,Choice,played,"Find somebody else to go — Arrange cover rather than provide it.",13,ages 18–19,"Alaska","adult","Justin Pollard, your dad","",,
C-0477,Choice,played,"Go out into it — Spend the day outside.",12,ages 18–20,"Alaska","adult","","",,
C-0478,Choice,played,"Get things done — Use the day on the backlog.",12,ages 18–20,"Alaska","adult","","",,
C-0479,Choice,played,"Do nothing at all — Waste it deliberately.",12,ages 18–20,"Alaska","adult","","",,
C-0480,Choice,played,"Ask Logan Roberts where she has been — When there is nobody else in the room.",1,age 16,"Kentucky","episode","Logan Roberts, your younger sister","",,
C-0481,Choice,played,"Fix it this afternoon — Spend the afternoon and the money now.",12,ages 18–26,"Kentucky","adult","","",,
C-0482,Choice,played,"Leave it for now — It works well enough.",12,ages 18–26,"Kentucky","adult","","",,
C-0483,Choice,played,"Ask someone who knows — Get somebody involved rather than guessing.",12,ages 18–26,"Kentucky","adult","","",,
C-0484,Choice,played,"Take it on — Say you will, and mean the standing version.",12,ages 18–25,"Kentucky","adult","Ayanna Roberts, your dad","",,
C-0485,Choice,played,"Say what you can manage — Offer a share, and be specific about its edges.",12,ages 18–25,"Kentucky","adult","Ayanna Roberts, your dad","",,
C-0486,Choice,played,"Wait for somebody else — Let the silence run and see who breaks it.",12,ages 18–25,"Kentucky","adult","Ayanna Roberts, your dad","",,
C-0487,Choice,played,"Say you will come — Go, and see who is there.",11,ages 18–26,"Kentucky","adult","","",,
C-0488,Choice,played,"Keep the weekend — Keep the weekend as it is.",11,ages 18–26,"Kentucky","adult","","",,
C-0489,Choice,played,"Take some of it back — Name which parts, tonight.",8,ages 18–45,"Kentucky","episode","Piper Rich, who you live with","",,
C-0490,Choice,played,"Explain what your week looks like — It is also true, and it is not an answer.",8,ages 18–45,"Kentucky","episode","Piper Rich, who you live with","",,
C-0491,Choice,played,"Offer to pay someone — It costs money you would notice.",8,ages 18–45,"Kentucky","episode","Piper Rich, who you live with","",,
C-0492,Choice,played,"Say you'll sort it at the weekend — You mean it when you say it.",8,ages 18–45,"Kentucky","episode","Piper Rich, who you live with","",,
C-0493,Choice,played,"Keep the charge going — Extend what was supposed to end.",12,ages 18–25,"Kentucky","adult","","",,
C-0494,Choice,played,"Move somewhere cheaper — Keep the group, lose the building.",12,ages 18–25,"Kentucky","adult","","",,
C-0495,Choice,played,"Pay for it out of something else — Keep the building; something else goes.",12,ages 18–25,"Kentucky","adult","","",,
C-0496,Choice,played,"Go and find the money — Take it to people who might fund it, with no promises.",12,ages 18–25,"Kentucky","adult","","",,
C-0497,Choice,played,"Put it away — Keep it for something later.",10,ages 18–35,"Kentucky","adult","","",,
C-0498,Choice,played,"Spend it on something good — Enjoy it while it is here.",10,ages 18–35,"Kentucky","adult","","",,
C-0499,Choice,played,"Give it to somebody who needs it — Pass it on.",10,ages 18–35,"Kentucky","adult","","",,
C-0500,Choice,played,"Say it plainly — Name what has been left, and to whom.",5,ages 19–52,"Kentucky","adult","Piper Rich, who you live with","",,
C-0501,Choice,played,"Do it yourself again — Take it on rather than have the conversation.",5,ages 19–52,"Kentucky","adult","Piper Rich, who you live with","",,
C-0502,Choice,played,"Work out who does what — Turn it into a standing arrangement rather than a row.",5,ages 19–52,"Kentucky","adult","Piper Rich, who you live with","",,
C-0503,Choice,played,"Change something real — Hours, or a standing commitment.",7,ages 19–46,"Kentucky","episode","Piper Rich, who you live with","",,
C-0504,Choice,played,"Say it isn't going to change — Honestly, and without an excuse.",7,ages 19–46,"Kentucky","episode","Piper Rich, who you live with","",,
C-0505,Choice,played,"Ask for six months — You say what happens at the end of them.",7,ages 19–46,"Kentucky","episode","Piper Rich, who you live with","",,
C-0506,Choice,played,"Cut back quietly — Take it out of what only you would miss.",11,ages 18–26,"Kentucky","adult","","",,
C-0507,Choice,played,"Say the month is tight — Put it in front of whoever else it affects.",11,ages 18–26,"Kentucky","adult","","",,
C-0508,Choice,played,"Find the difference — Pick up whatever makes up the shortfall.",11,ages 18–26,"Kentucky","adult","","",,
C-0509,Choice,played,"Replace it now — Replace it and move on.",5,ages 19–46,"Nebraska","adult","","",,
C-0510,Choice,played,"Go without it — Go without and see how long it lasts.",5,ages 19–46,"Nebraska","adult","","",,
C-0511,Choice,played,"Go on Tuesday — And see who else does.",4,ages 19–62,"Nebraska","episode","","",,
C-0512,Choice,played,"Read the notice properly — There is a comment address on it.",4,ages 19–62,"Nebraska","episode","","",,
C-0513,Choice,played,"Leave it to whoever turns up — Somebody always does.",4,ages 19–62,"Nebraska","episode","","",,
C-0514,Choice,played,"Spend it together — Nothing in particular, with company.",5,ages 25–52,"Kentucky","adult","Lance McLaughlin, who you live with","",,
C-0515,Choice,played,"Keep the evening — Take the evening back for your own.",5,ages 25–52,"Kentucky","adult","Lance McLaughlin, who you live with","",,
C-0516,Choice,played,"Do it anyway — You said you would.",3,ages 25–35,"Alaska","adult","","",,
C-0517,Choice,played,"Ask to move it — Say why, and offer something else.",3,ages 25–35,"Alaska","adult","","",,
C-0518,Choice,played,"Leave it unsaid — Say nothing about it, and see whether they do.",3,ages 25–35,"Alaska","adult","","",,
C-0519,Choice,played,"Take the hours — Absorb the difference.",3,ages 34–52,"Kentucky","adult","","",,
C-0520,Choice,played,"Keep your week — Keep the week you have.",3,ages 34–52,"Kentucky","adult","","",,
C-0521,Choice,played,"Take some, trade the rest — Give what you can and hand back what you cannot.",3,ages 34–52,"Kentucky","adult","","",,
C-0522,Choice,played,"Go after it — Follow it up properly.",3,ages 34–52,"Kentucky","adult","","",,
C-0523,Choice,played,"Keep the job you have — Keep the thing that already works.",3,ages 34–52,"Kentucky","adult","","",,
C-0524,Choice,played,"Use it where you are — Take the offer to the people you already work for.",3,ages 34–52,"Kentucky","adult","","",,
C-0525,Choice,played,"Say nothing to anyone — Let it pass without it becoming a conversation.",3,ages 34–52,"Kentucky","adult","","",,
C-0526,Choice,played,"Take the win — Let it be a good week.",2,ages 45–53,"Nebraska","adult","","",,
C-0527,Choice,played,"Push while it is going well — Use the run rather than enjoy it.",2,ages 45–53,"Nebraska","adult","","",,
C-0528,Choice,played,"Ask Kian Keller where she has been — When there is nobody else in the room.",1,age 10,"Kentucky","episode","Kian Keller, your younger sister","",,
C-0529,Choice,played,"Ask Bianca Turner where he has been — When there is nobody else in the room.",1,age 11,"Kentucky","episode","Bianca Turner, your younger brother","",,
C-0530,Choice,played,"Ask Erica Lopez where he has been — When there is nobody else in the room.",1,age 10,"Kentucky","episode","Erica Lopez, your younger brother","",,
C-0531,Choice,played,"Try to repair it — Speak directly and attempt a repair.",1,age 11,"Kentucky","formative","Heather Hill, who is in your class","",,
C-0532,Choice,played,"Step back — Take space rather than force a resolution.",1,age 11,"Kentucky","formative","Heather Hill, who is in your class","",,
C-0533,Choice,played,"Get somebody else involved — Bring in a third person rather than manage it alone.",1,age 11,"Kentucky","formative","Heather Hill, who is in your class","",,
C-0534,Choice,played,"Ask Charlotte Harrington where she has been — When there is nobody else in the room.",1,age 10,"Kentucky","episode","Charlotte Harrington, your younger sister","",,
C-0535,Choice,bank,"Ask {role:household-peer} where {they:household-peer} {has:household-peer} been — When there is nobody else in the room.",1,authored template,"","episode","","",,
C-0536,Choice,bank,"Tell a grown-up at home — Then it is theirs to deal with, and they will know it came from you.",1,authored template,"","episode","","",,
C-0537,Choice,bank,"Say nothing, and keep count — Wait until you actually know something.",1,authored template,"","episode","","",,
C-0538,Choice,bank,"Back up whatever {they:household-peer} say{s:household-peer} — If anybody asks you, you say the same thing {they:household-peer} said.",1,authored template,"","episode","","",,
C-0539,Choice,bank,"Give it to them — Without asking again.",1,authored template,"","episode","","",,
C-0540,Choice,bank,"Give it, on a condition — They tell you what it is for first.",1,authored template,"","episode","","",,
C-0541,Choice,bank,"Say you will not — And say why.",1,authored template,"","episode","","",,
C-0542,Choice,bank,"Say what you've seen — All of it, at once.",1,authored template,"","episode","","",,
C-0543,Choice,bank,"Keep watching, say nothing — Nothing has actually happened yet.",1,authored template,"","episode","","",,
C-0544,Choice,bank,"Go, and stay — Whatever else was happening this week.",1,authored template,"","episode","","",,
C-0545,Choice,bank,"Handle the practical end — Somebody has to make the calls.",1,authored template,"","episode","","",,
C-0546,Choice,bank,"Keep out of it — You have been kept out of it for a year already.",1,authored template,"","episode","","",,
C-0547,Choice,bank,"Bring it up — Say that you were the one who told.",1,authored template,"","episode","","",,
C-0548,Choice,bank,"Let it lie — It is going well. That can be enough.",1,authored template,"","episode","","",,
C-0549,Choice,bank,"Go with them — Sort the rest out afterwards.",1,authored template,"","episode","","",,
C-0550,Choice,bank,"Stay where you said you'd be — They will be annoyed.",1,authored template,"","episode","","",,
C-0551,Choice,bank,"Ask them to come with you instead — It is duller and they will say so.",1,authored template,"","episode","","",,
C-0552,Choice,bank,"Call them — No occasion.",1,authored template,"","episode","","",,
C-0553,Choice,bank,"Let it lapse — People drift. This is what that looks like.",1,authored template,"","episode","","",,
C-0554,Choice,bank,"Agree before you hear it — Before hearing the whole of it.",1,authored template,"","episode","","",,
C-0555,Choice,bank,"Hear the whole of it first — Then decide.",1,authored template,"","episode","","",,
C-0556,Choice,bank,"Turn them down — It has been years, and this is a lot.",1,authored template,"","episode","","",,
C-0557,Choice,bank,"Agree that you did not come — Say it plainly, and then hear what they want.",1,authored template,"","episode","","",,
C-0558,Choice,bank,"Say that was a long time ago — You are not doing this part again.",1,authored template,"","episode","","",,
C-0559,Choice,bank,"Help with whatever it is — Whatever they are working up to, say yes to it.",1,authored template,"","episode","","",,
C-0560,Choice,bank,"Say who did it — Out loud, in front of them.",1,authored template,"","episode","","",,
C-0561,Choice,bank,"Take the blame — Whatever it costs this week.",1,authored template,"","episode","","",,
C-0562,Choice,bank,"Say only that it wasn't you — Without saying who it was.",1,authored template,"","episode","","",,
C-0563,Choice,bank,"Correct the record — A year late, and it names somebody.",1,authored template,"","episode","","",,
C-0564,Choice,bank,"Let it stand — It is a sentence on a file.",1,authored template,"","episode","","",,
C-0565,Choice,bank,"Tell it again — The same way you told it the first time.",1,authored template,"","episode","","",,
C-0566,Choice,bank,"Say it's over — And leave it there.",1,authored template,"","episode","","",,
C-0567,Choice,bank,"Take some of it back — Name which parts, tonight.",1,authored template,"","episode","","",,
C-0568,Choice,bank,"Explain what your week looks like — It is also true, and it is not an answer.",1,authored template,"","episode","","",,
C-0569,Choice,bank,"Offer to pay someone — It costs money you would notice.",1,authored template,"","episode","","",,
C-0570,Choice,bank,"Say you'll sort it at the weekend — You mean it when you say it.",1,authored template,"","episode","","",,
C-0571,Choice,bank,"Trade the jobs — It costs nothing to try.",1,authored template,"","episode","","",,
C-0572,Choice,bank,"Keep it as it is — It is working.",1,authored template,"","episode","","",,
C-0573,Choice,bank,"Change something real — Hours, or a standing commitment.",1,authored template,"","episode","","",,
C-0574,Choice,bank,"Say it isn't going to change — Honestly, and without an excuse.",1,authored template,"","episode","","",,
C-0575,Choice,bank,"Ask for six months — You say what happens at the end of them.",1,authored template,"","episode","","",,
C-0576,Choice,bank,"Apply the rule — And say that you did.",1,authored template,"","episode","","",,
C-0577,Choice,bank,"Let it go this once — Nobody else needs to know.",1,authored template,"","episode","","",,
C-0578,Choice,bank,"Put it up the line — It sits with somebody else, and it takes two weeks.",1,authored template,"","episode","","",,
C-0579,Choice,bank,"Correct it there — In front of the same people.",1,authored template,"","episode","","",,
C-0580,Choice,bank,"Say something afterwards — Quietly, to them.",1,authored template,"","episode","","",,
C-0581,Choice,bank,"Say nothing to it — It is a story about a morning.",1,authored template,"","episode","","",,
C-0582,Choice,bank,"Take the job — Hand your notice in this week.",1,authored template,"","episode","","",,
C-0583,Choice,bank,"Stay where you are — And stay where people know you.",1,authored template,"","episode","","",,
C-0584,Choice,bank,"Tell your own side you have it — It may get you something. It may not go down well.",1,authored template,"","episode","","",,
C-0585,Choice,bank,"Say it should not have taken nine weeks — To the person who can change how it is done.",1,authored template,"","episode","","",,
C-0586,Choice,bank,"Decide the next one yourself — And do not put it up the line.",1,authored template,"","episode","","",,
C-0587,Choice,bank,"Leave the process where it is — It is not yours to redesign.",1,authored template,"","episode","","",,
C-0588,Choice,bank,"Call the number — And say what you can actually manage.",1,authored template,"","episode","","",,
C-0589,Choice,bank,"Send what you have — It is not the number on the letter.",1,authored template,"","episode","","",,
C-0590,Choice,bank,"Wait for the next one — There is always a next one.",1,authored template,"","episode","","",,
C-0591,Choice,bank,"Clear it early — It empties everything else out.",1,authored template,"","episode","","",,
C-0592,Choice,bank,"Run it to the end — Keep something back.",1,authored template,"","episode","","",,
C-0593,Choice,bank,"Ask someone for help — You will have to say how it got here.",1,authored template,"","episode","","",,
C-0594,Choice,bank,"Deal with it yourself — It takes longer and costs more.",1,authored template,"","episode","","",,
C-0595,Choice,bank,"Challenge the second page — It might be wrong. It will take months either way.",1,authored template,"","episode","","",,
C-0596,Choice,bank,"Say it out loud — To the people who could take some.",1,authored template,"","episode","","",,
C-0597,Choice,bank,"Carry it quietly — It is easier than the conversation.",1,authored template,"","episode","","",,
C-0598,Choice,bank,"Look into paid help — You do not know yet what it costs.",1,authored template,"","episode","","",,
C-0599,Choice,bank,"Keep answering — It is easier than the alternative.",1,authored template,"","episode","","",,
C-0600,Choice,bank,"Send them to whoever's week it is — Every time, until it sticks.",1,authored template,"","episode","","",,
C-0601,Choice,bank,"Give up the other thing — Say so, so it stops hanging over the year.",1,authored template,"","episode","","",,
C-0602,Choice,bank,"Ask for help now — A year later than you could have.",1,authored template,"","episode","","",,
C-0603,Choice,bank,"Try to do both — You already know how that goes.",1,authored template,"","episode","","",,
C-0604,Choice,bank,"Go on Tuesday — And see who else does.",1,authored template,"","episode","","",,
C-0605,Choice,bank,"Read the notice properly — There is a comment address on it.",1,authored template,"","episode","","",,
C-0606,Choice,bank,"Leave it to whoever turns up — Somebody always does.",1,authored template,"","episode","","",,
C-0607,Choice,bank,"Take the title — It has a title and about six hours a month.",1,authored template,"","episode","","",,
C-0608,Choice,bank,"Do the work without the title — Somebody else's name goes on it.",1,authored template,"","episode","","",,
C-0609,Choice,bank,"Stop at the building — You came about one building.",1,authored template,"","episode","","",,
C-0610,Choice,bank,"Put your name to it — In public, with the position spelled out.",1,authored template,"","episode","","",,
C-0611,Choice,bank,"Give it to somebody who wants it — They take the position and the attention.",1,authored template,"","episode","","",,
C-0612,Choice,bank,"Hold it to the one building — It is what you actually know about.",1,authored template,"","episode","","",,
C-0613,Choice,bank,"Give them the evening — One, and say so.",1,authored template,"","episode","","",,
C-0614,Choice,bank,"That was the last of it — You did the building.",1,authored template,"","episode","","",,
C-0615,Choice,bank,"Take the meeting — Coffee, an hour, no commitment.",1,authored template,"","episode","","",,
C-0616,Choice,bank,"Say you're not interested — Plainly, so it does not come round again.",1,authored template,"","episode","","",,
C-0617,Choice,bank,"Meet, but say what you won't do — Up front, before anybody has asked.",1,authored template,"","episode","","",,
C-0618,Choice,bank,"Sign with the others — Alongside all forty.",1,authored template,"","episode","","",,
C-0619,Choice,bank,"Write your own instead — It carries less. It carries only you.",1,authored template,"","episode","","",,
C-0620,Choice,bank,"Keep your name off it — And tell them why.",1,authored template,"","episode","","",,
C-0621,Choice,bank,"Tell them what happened — Including the part where you signed.",1,authored template,"","episode","","",,
C-0622,Choice,bank,"Say you'll take their street up — You do not know yet whether you can.",1,authored template,"","episode","","",,
C-0623,Choice,bank,"Point them at the council — It is where the decision was actually made.",1,authored template,"","episode","","",,
C-0624,Choice,bank,"Leave it there — You said what you thought at the time.",1,authored template,"","episode","","",,
C-0625,Choice,bank,"Go back to them — On your own terms this time.",1,authored template,"","episode","","",,
C-0626,Choice,bank,"Say you'd take the meeting now — A year later, with less standing.",1,authored template,"","episode","","",,
C-0627,Choice,bank,"Say you'd do the same again — And mean it.",1,authored template,"","episode","","",,
C-0628,Choice,bank,"Say it plainly — Name what has been left, and to whom.",1,authored template,"","adult","","",,
C-0629,Choice,bank,"Do it yourself again — Take it on rather than have the conversation.",1,authored template,"","adult","","",,
C-0630,Choice,bank,"Work out who does what — Turn it into a standing arrangement rather than a row.",1,authored template,"","adult","","",,
C-0631,Choice,bank,"Fix it this afternoon — Spend the afternoon and the money now.",1,authored template,"","adult","","",,
C-0632,Choice,bank,"Leave it for now — It works well enough.",1,authored template,"","adult","","",,
C-0633,Choice,bank,"Ask someone who knows — Get somebody involved rather than guessing.",1,authored template,"","adult","","",,
C-0634,Choice,bank,"Cut back quietly — Take it out of what only you would miss.",1,authored template,"","adult","","",,
C-0635,Choice,bank,"Say the month is tight — Put it in front of whoever else it affects.",1,authored template,"","adult","","",,
C-0636,Choice,bank,"Find the difference — Pick up whatever makes up the shortfall.",1,authored template,"","adult","","",,
C-0637,Choice,bank,"Spend it together — Nothing in particular, with company.",1,authored template,"","adult","","",,
C-0638,Choice,bank,"Keep the evening — Take the evening back for your own.",1,authored template,"","adult","","",,
C-0639,Choice,bank,"Give the two weeks — Give the two weeks and deal with the rest afterwards.",1,authored template,"","adult","","",,
C-0640,Choice,bank,"Stay with what you had — Hold the plan and say you cannot.",1,authored template,"","adult","","",,
C-0641,Choice,bank,"Split the two weeks — Half of each, and neither done properly.",1,authored template,"","adult","","",,
C-0642,Choice,bank,"Find somebody else to go — Arrange cover rather than provide it.",1,authored template,"","adult","","",,
C-0643,Choice,bank,"Take it on — Say you will, and mean the standing version.",1,authored template,"","adult","","",,
C-0644,Choice,bank,"Say what you can manage — Offer a share, and be specific about its edges.",1,authored template,"","adult","","",,
C-0645,Choice,bank,"Wait for somebody else — Let the silence run and see who breaks it.",1,authored template,"","adult","","",,
C-0646,Choice,bank,"Go their way — Take the version that suits them.",1,authored template,"","adult","","",,
C-0647,Choice,bank,"Hold out for yours — Say plainly that yours is the one that works.",1,authored template,"","adult","","",,
C-0648,Choice,bank,"Put it off — Neither, for now.",1,authored template,"","adult","","",,
C-0649,Choice,bank,"Do it by the book — Follow the rule as stated.",1,authored template,"","adult","","",,
C-0650,Choice,bank,"Do it the usual way — Do what the place actually does.",1,authored template,"","adult","","",,
C-0651,Choice,bank,"Say the rule is wrong — Take the disagreement upward rather than sideways.",1,authored template,"","adult","","",,
C-0652,Choice,bank,"Take the hours — Absorb the difference.",1,authored template,"","adult","","",,
C-0653,Choice,bank,"Keep your week — Keep the week you have.",1,authored template,"","adult","","",,
C-0654,Choice,bank,"Take some, trade the rest — Give what you can and hand back what you cannot.",1,authored template,"","adult","","",,
C-0655,Choice,bank,"Correct it there and then — Say whose it was, while everyone is still in the room.",1,authored template,"","adult","","",,
C-0656,Choice,bank,"Let them have it — It is not worth the room.",1,authored template,"","adult","","",,
C-0657,Choice,bank,"Say it to them afterwards — Have the conversation, but not in public.",1,authored template,"","adult","","",,
C-0658,Choice,bank,"Take up the slack — Quietly take up the slack.",1,authored template,"","adult","","",,
C-0659,Choice,bank,"Ask them about it — Say what you have seen, to them.",1,authored template,"","adult","","",,
C-0660,Choice,bank,"Tell somebody who can act — Put it where it can actually be dealt with.",1,authored template,"","adult","","",,
C-0661,Choice,bank,"Go after it — Follow it up properly.",1,authored template,"","adult","","",,
C-0662,Choice,bank,"Keep the job you have — Keep the thing that already works.",1,authored template,"","adult","","",,
C-0663,Choice,bank,"Use it where you are — Take the offer to the people you already work for.",1,authored template,"","adult","","",,
C-0664,Choice,bank,"Say nothing to anyone — Let it pass without it becoming a conversation.",1,authored template,"","adult","","",,
C-0665,Choice,bank,"Take the win — Let it be a good week.",1,authored template,"","adult","","",,
C-0666,Choice,bank,"Push while it is going well — Use the run rather than enjoy it.",1,authored template,"","adult","","",,
C-0667,Choice,bank,"Find the money — Stay, and make the rest fit.",1,authored template,"","adult","","",,
C-0668,Choice,bank,"Look for somewhere else — Take the disruption rather than the cost.",1,authored template,"","adult","","",,
C-0669,Choice,bank,"Push back on it — Argue the increase rather than accept it.",1,authored template,"","adult","","",,
C-0670,Choice,bank,"Put it in writing — Do it through the process that exists.",1,authored template,"","adult","","",,
C-0671,Choice,bank,"Just fix it — Sort it and stop thinking about it.",1,authored template,"","adult","","",,
C-0672,Choice,bank,"Stop paying until it is done — Make the silence expensive.",1,authored template,"","adult","","",,
C-0673,Choice,bank,"Pay what you can now — Take the hit and clear it.",1,authored template,"","adult","","",,
C-0674,Choice,bank,"Ask for different terms — Have the conversation rather than the payment.",1,authored template,"","adult","","",,
C-0675,Choice,bank,"Borrow it from someone — Move the problem, and owe a person instead.",1,authored template,"","adult","","",,
C-0676,Choice,bank,"Replace it now — Replace it and move on.",1,authored template,"","adult","","",,
C-0677,Choice,bank,"Go without it — Go without and see how long it lasts.",1,authored template,"","adult","","",,
C-0678,Choice,bank,"Put it away — Keep it for something later.",1,authored template,"","adult","","",,
C-0679,Choice,bank,"Spend it on something good — Enjoy it while it is here.",1,authored template,"","adult","","",,
C-0680,Choice,bank,"Give it to somebody who needs it — Pass it on.",1,authored template,"","adult","","",,
C-0681,Choice,bank,"Say yes and do it — Say yes and get on with it.",1,authored template,"","adult","","",,
C-0682,Choice,bank,"Do it, with conditions — Yes, and be clear about where it stops.",1,authored template,"","adult","","",,
C-0683,Choice,bank,"Tell them you cannot — Not this one.",1,authored template,"","adult","","",,
C-0684,Choice,bank,"Take the help — Let them sort it out.",1,authored template,"","adult","","",,
C-0685,Choice,bank,"Take it, and settle up — Accept, and insist on paying your way.",1,authored template,"","adult","","",,
C-0686,Choice,bank,"Refuse the help — Keep the problem, and keep the ledger clear.",1,authored template,"","adult","","",,
C-0687,Choice,bank,"Tell nobody else — They told you, and that is where it stops.",1,authored template,"","adult","","",,
C-0688,Choice,bank,"Push them to sort it — Say you will not carry it for them.",1,authored template,"","adult","","",,
C-0689,Choice,bank,"Keep your distance — This is not somewhere you can be.",1,authored template,"","adult","","",,
C-0690,Choice,bank,"Turn up for them — Turn up for it.",1,authored template,"","adult","","",,
C-0691,Choice,bank,"Send word instead — Mean it from here.",1,authored template,"","adult","","",,
C-0692,Choice,bank,"Speak against it at the meeting — Take it to the room it was put in.",1,authored template,"","adult","","",,
C-0693,Choice,bank,"Talk to them first — Try to settle it before the meeting does.",1,authored template,"","adult","","",,
C-0694,Choice,bank,"Let it run — It may not pass, and it may not matter.",1,authored template,"","adult","","",,
C-0695,Choice,bank,"Go to the meeting — Give it the evening.",1,authored template,"","adult","","",,
C-0696,Choice,bank,"Read the minutes afterwards — Know what happened without spending the evening.",1,authored template,"","adult","","",,
C-0697,Choice,bank,"Give it a miss — It is an evening.",1,authored template,"","adult","","",,
C-0698,Choice,bank,"Put your name down — Give it the Saturdays and see.",1,authored template,"","adult","","",,
C-0699,Choice,bank,"Help this Saturday — This Saturday, and no undertaking beyond it.",1,authored template,"","adult","","",,
C-0700,Choice,bank,"Not this time — Keep the Saturdays.",1,authored template,"","adult","","",,
C-0701,Choice,bank,"Keep the charge going — Extend what was supposed to end.",1,authored template,"","adult","","",,
C-0702,Choice,bank,"Move somewhere cheaper — Keep the group, lose the building.",1,authored template,"","adult","","",,
C-0703,Choice,bank,"Pay for it out of something else — Keep the building; something else goes.",1,authored template,"","adult","","",,
C-0704,Choice,bank,"Go and find the money — Take it to people who might fund it, with no promises.",1,authored template,"","adult","","",,
C-0705,Choice,bank,"Make your mind up about it — Decide what you actually think, for yourself.",1,authored template,"","adult","","",,
C-0706,Choice,bank,"Leave it open — Decide it when it matters.",1,authored template,"","adult","","",,
C-0707,Choice,bank,"Admit you disagree with your own side — Work out that the people you agree with are wrong here.",1,authored template,"","adult","","",,
C-0708,Choice,bank,"Add your name — Put your name to it.",1,authored template,"","adult","","",,
C-0709,Choice,bank,"Help without signing — Do the work, keep the name off it.",1,authored template,"","adult","","",,
C-0710,Choice,bank,"Decline the petition — Not something you will put your name to.",1,authored template,"","adult","","",,
C-0711,Choice,bank,"Say you would think about it — Do not close it off.",1,authored template,"","adult","","",,
C-0712,Choice,bank,"Rule it out now — Close it off, plainly.",1,authored template,"","adult","","",,
C-0713,Choice,bank,"Ask what they actually want — Find out whose idea this is before answering.",1,authored template,"","adult","","",,
C-0714,Choice,bank,"Sort out your own first — Get your household straight before anything else.",1,authored template,"","adult","","",,
C-0715,Choice,bank,"Help with the clearing up — Yours can wait a day.",1,authored template,"","adult","","",,
C-0716,Choice,bank,"Ask who was supposed to have prevented it — Turn it into a question somebody has to answer.",1,authored template,"","adult","","",,
C-0717,Choice,bank,"Give what you can — Time, space, or what is in the cupboard.",1,authored template,"","adult","","",,
C-0718,Choice,bank,"Keep what you have — You may need it.",1,authored template,"","adult","","",,
C-0719,Choice,bank,"Do it anyway — You said you would.",1,authored template,"","adult","","",,
C-0720,Choice,bank,"Ask to move it — Say why, and offer something else.",1,authored template,"","adult","","",,
C-0721,Choice,bank,"Leave it unsaid — Say nothing about it, and see whether they do.",1,authored template,"","adult","","",,
C-0722,Choice,bank,"Help again — It is larger, and it is still them.",1,authored template,"","adult","","",,
C-0723,Choice,bank,"Say this is a different thing — Help, and say plainly that it is not the same favour.",1,authored template,"","adult","","",,
C-0724,Choice,bank,"Not for this one — The first one did not buy this one.",1,authored template,"","adult","","",,
C-0725,Choice,bank,"Go out into it — Spend the day outside.",1,authored template,"","adult","","",,
C-0726,Choice,bank,"Get things done — Use the day on the backlog.",1,authored template,"","adult","","",,
C-0727,Choice,bank,"Do nothing at all — Waste it deliberately.",1,authored template,"","adult","","",,
C-0728,Choice,bank,"Say you will come — Go, and see who is there.",1,authored template,"","adult","","",,
C-0729,Choice,bank,"Keep the weekend — Keep the weekend as it is.",1,authored template,"","adult","","",,
C-0730,Choice,bank,"Sit down and go through them with her",1,authored template,"","calibration:lived-personal","","",,
C-0731,Choice,bank,"Ask what she actually needs from you",1,authored template,"","calibration:lived-personal","","",,
C-0732,Choice,bank,"Say you will get the furnace sorted",1,authored template,"","calibration:lived-personal","","",,
C-0733,Choice,bank,"Tell her you can't do this tonight",1,authored template,"","calibration:lived-personal","","",,
C-0734,Choice,bank,"Keep it to yourself",1,authored template,"","calibration:lived-relational","","",,
C-0735,Choice,bank,"Tell him to say it himself, this week",1,authored template,"","calibration:lived-relational","","",,
C-0736,Choice,bank,"Put the money back for him yourself",1,authored template,"","calibration:lived-relational","","",,
C-0737,Choice,bank,"Tell whoever is responsible for the fund",1,authored template,"","calibration:lived-relational","","",,
C-0738,Choice,bank,"Sign it as written",1,authored template,"","calibration:lived-moral","","",,
C-0739,Choice,bank,"Change the line and sign the rest",1,authored template,"","calibration:lived-moral","","",,
C-0740,Choice,bank,"Tell her you'll sign a different version",1,authored template,"","calibration:lived-moral","","",,
C-0741,Choice,bank,"Say you'd rather not write one",1,authored template,"","calibration:lived-moral","","",,
C-0742,Choice,bank,"Tell him Thursday is yours",1,authored template,"","calibration:lived-personal","","",,
C-0743,Choice,bank,"Sort out Thursday around him",1,authored template,"","calibration:lived-personal","","",,
C-0744,Choice,bank,"Say he can have it if he fills it",1,authored template,"","calibration:lived-personal","","",,
C-0745,Choice,bank,"Ask him what is actually going on",1,authored template,"","calibration:lived-personal","","",,
C-0746,Choice,bank,"Say yes",1,authored template,"","calibration:lived-personal","","",,
C-0747,Choice,bank,"Say you want to stay where you are",1,authored template,"","calibration:lived-personal","","",,
C-0748,Choice,bank,"Ask her to give it another year here",1,authored template,"","calibration:lived-personal","","",,
C-0749,Choice,bank,"Take it",1,authored template,"","calibration:lived-personal","","",,
C-0750,Choice,bank,"Say no this time",1,authored template,"","calibration:lived-personal","","",,
C-0751,Choice,bank,"Offer him a different day",1,authored template,"","calibration:lived-personal","","",,
C-0752,Choice,bank,"Take it and say it's the last one",1,authored template,"","calibration:lived-personal","","",,
C-0753,Choice,bank,"Put it toward the furnace",1,authored template,"","calibration:lived-personal","","",,
C-0754,Choice,bank,"Book the week away",1,authored template,"","calibration:lived-personal","","",,
C-0755,Choice,bank,"Say nothing and put it by",1,authored template,"","calibration:lived-personal","","",,
C-0756,Choice,bank,"Tell her about it and let her decide",1,authored template,"","calibration:lived-personal","","",,
C-0757,Choice,bank,"Tell her the numbers are wrong",1,authored template,"","calibration:lived-relational","","",,
C-0758,Choice,bank,"Correct them and say nothing",1,authored template,"","calibration:lived-relational","","",,
C-0759,Choice,bank,"Leave it as she wrote it",1,authored template,"","calibration:lived-relational","","",,
C-0760,Choice,bank,"Ask her where the figures came from",1,authored template,"","calibration:lived-relational","","",,
C-0761,Choice,bank,"Say it was yours, in the room",1,authored template,"","calibration:lived-relational","","",,
C-0762,Choice,bank,"Raise it with him afterwards",1,authored template,"","calibration:lived-relational","","",,
C-0763,Choice,bank,"Leave it",1,authored template,"","calibration:lived-relational","","",,
C-0764,Choice,bank,"Send round a note listing who did what",1,authored template,"","calibration:lived-relational","","",,
C-0765,Choice,bank,"Correct her there",1,authored template,"","calibration:lived-relational","","",,
C-0766,Choice,bank,"Take it up with her afterwards",1,authored template,"","calibration:lived-relational","","",,
C-0767,Choice,bank,"Tell the person it was about",1,authored template,"","calibration:lived-relational","","",,
C-0768,Choice,bank,"Say nothing to anyone",2,authored template,"","calibration:lived-relational","","",,
C-0769,Choice,bank,"Put Ray forward",1,authored template,"","calibration:lived-relational","","",,
C-0770,Choice,bank,"Say the other candidate is stronger",1,authored template,"","calibration:lived-relational","","",,
C-0771,Choice,bank,"Say he's your brother and step out of it",1,authored template,"","calibration:lived-relational","","",,
C-0772,Choice,bank,"Say so at the register",1,authored template,"","calibration:lived-moral","","",,
C-0773,Choice,bank,"Leave it and go",1,authored template,"","calibration:lived-moral","","",,
C-0774,Choice,bank,"Catch them outside and hand it back",1,authored template,"","calibration:lived-moral","","",,
C-0775,Choice,bank,"Ring it in",1,authored template,"","calibration:lived-moral","","",,
C-0776,Choice,bank,"Leave the plate under the wiper",1,authored template,"","calibration:lived-moral","","",,
C-0777,Choice,bank,"Do nothing",1,authored template,"","calibration:lived-moral","","",,
C-0778,Choice,bank,"Answer the way that gets the hours",1,authored template,"","calibration:lived-moral","","",,
C-0779,Choice,bank,"Answer the way you would say it",1,authored template,"","calibration:lived-moral","","",,
C-0780,Choice,bank,"Ring and ask which they mean",1,authored template,"","calibration:lived-moral","","",,
C-0781,Choice,bank,"Sign it",2,authored template,"","calibration:lived-moral","","",,
C-0782,Choice,bank,"Sign it and write your objection on it",1,authored template,"","calibration:lived-moral","","",,
C-0783,Choice,bank,"Say no and say which part",1,authored template,"","calibration:lived-moral","","",,
C-0784,Choice,bank,"Say you'll read it properly first",1,authored template,"","calibration:lived-moral","","",,
C-0785,Choice,bank,"Say that it happens",1,authored template,"","calibration:lived-moral","","",,
C-0786,Choice,bank,"Say it doesn't",1,authored template,"","calibration:lived-moral","","",,
C-0787,Choice,bank,"Say why the long way round exists",1,authored template,"","calibration:lived-moral","","",,
C-0788,Choice,bank,"Tell Curtis you're going to be asked again",1,authored template,"","calibration:lived-moral","","",,
C-0789,Choice,bank,"Write to the consultation",1,authored template,"","calibration:civic-lived","","",,
C-0790,Choice,bank,"Knock on doors and get others to write",1,authored template,"","calibration:civic-lived","","",,
C-0791,Choice,bank,"Work out how Dana gets to work instead",1,authored template,"","calibration:civic-lived","","",,
C-0792,Choice,bank,"Corner your council member about it",1,authored template,"","calibration:civic-lived","","",,
C-0793,Choice,bank,"Object to the application",1,authored template,"","calibration:civic-lived","","",,
C-0794,Choice,bank,"Support it",1,authored template,"","calibration:civic-lived","","",,
C-0795,Choice,bank,"Object unless they cut the night hours",1,authored template,"","calibration:civic-lived","","",,
C-0796,Choice,bank,"Stay out of it",2,authored template,"","calibration:civic-lived","","",,
C-0797,Choice,bank,"Argue for your own road",1,authored template,"","calibration:civic-lived","","",,
C-0798,Choice,bank,"Argue for whichever line is defensible",1,authored template,"","calibration:civic-lived","","",,
C-0799,Choice,bank,"Argue for whoever has the furthest to travel",1,authored template,"","calibration:civic-lived","","",,
C-0800,Choice,bank,"Argue that the line is the wrong argument",1,authored template,"","calibration:civic-lived","","",,
C-0801,Choice,bank,"Back the development",1,authored template,"","calibration:civic-lived","","",,
C-0802,Choice,bank,"Oppose it",1,authored template,"","calibration:civic-lived","","",,
C-0803,Choice,bank,"Back it only if the affordable share goes up",1,authored template,"","calibration:civic-lived","","",,
C-0804,Choice,bank,"Push for the empty site by the depot instead",1,authored template,"","calibration:civic-lived","","",,
C-0805,Choice,bank,"Get it in the paper",1,authored template,"","calibration:civic-lived","","",,
C-0806,Choice,bank,"Sort out the fridge yourself",1,authored template,"","calibration:civic-lived","","",,
C-0807,Choice,bank,"Log every hour and every call",1,authored template,"","calibration:civic-lived","","",,
C-0808,Choice,bank,"Get the whole floor to go down there together",1,authored template,"","calibration:civic-lived","","",,
C-0809,Choice,bank,"Cut him off",1,authored template,"","calibration:civic-lived","","",,
C-0810,Choice,bank,"Let him finish",1,authored template,"","calibration:civic-lived","","",,
C-0811,Choice,bank,"Ask the two in coats to go next",1,authored template,"","calibration:civic-lived","","",,
C-0812,Choice,bank,"Propose a time limit for everyone",1,authored template,"","calibration:civic-lived","","",,
C-0813,Choice,bank,"Keep the senior center open",1,authored template,"","calibration:policy-lived","","",,
C-0814,Choice,bank,"Do the road",1,authored template,"","calibration:policy-lived","","",,
C-0815,Choice,bank,"Keep the youth workers",1,authored template,"","calibration:policy-lived","","",,
C-0816,Choice,bank,"Split it three ways and shorten all three",1,authored template,"","calibration:policy-lived","","",,
C-0817,Choice,bank,"Grant it",1,authored template,"","calibration:policy-lived","","",,
C-0818,Choice,bank,"Refuse it",1,authored template,"","calibration:policy-lived","","",,
C-0819,Choice,bank,"Grant it to midnight and review it in a year",1,authored template,"","calibration:policy-lived","","",,
C-0820,Choice,bank,"Enforce both, on the same terms as anyone",1,authored template,"","calibration:policy-lived","","",,
C-0821,Choice,bank,"Give them six months on the expensive one",1,authored template,"","calibration:policy-lived","","",,
C-0822,Choice,bank,"Write up the paperwork failure only",1,authored template,"","calibration:policy-lived","","",,
C-0823,Choice,bank,"Enforce it and go looking for a grant for them",1,authored template,"","calibration:policy-lived","","",,
C-0824,Choice,bank,"Put it up",1,authored template,"","calibration:policy-lived","","",,
C-0825,Choice,bank,"Don't",1,authored template,"","calibration:policy-lived","","",,
C-0826,Choice,bank,"Put it up pointing only at the two entrances",1,authored template,"","calibration:policy-lived","","",,
C-0827,Choice,bank,"Spend it on lighting and a warden instead",1,authored template,"","calibration:policy-lived","","",,
C-0828,Choice,bank,"Back the strike out loud",1,authored template,"","calibration:policy-lived","","",,
C-0829,Choice,bank,"Say the trash has to get collected",1,authored template,"","calibration:policy-lived","","",,
C-0830,Choice,bank,"Try to get both sides in a room",1,authored template,"","calibration:policy-lived","","",,
C-0831,Choice,bank,"Say nothing to either of them",1,authored template,"","calibration:policy-lived","","",,
C-0832,Choice,bank,"Give it to the paper",1,authored template,"","calibration:policy-lived","","",,
C-0833,Choice,bank,"Hand it back and ask for the audit properly",1,authored template,"","calibration:policy-lived","","",,
C-0834,Choice,bank,"Push for a way to report this without being found out",1,authored template,"","calibration:policy-lived","","",,
C-0835,Choice,bank,"Use it in the budget meeting and never say where from",1,authored template,"","calibration:policy-lived","","",,
C-0836,Choice,bank,"Borrow it and build the line",1,authored template,"","calibration:policy-lived","","",,
C-0837,Choice,bank,"Do not take the debt on",1,authored template,"","calibration:policy-lived","","",,
C-0838,Choice,bank,"Run buses on the roads that already exist",1,authored template,"","calibration:policy-lived","","",,
C-0839,Choice,bank,"Let somebody else build it and charge fares to get it back",1,authored template,"","calibration:policy-lived","","",,
C-0840,Choice,bank,"Go back to bed",1,authored template,"","calibration:lived-personal","","",,
C-0841,Choice,bank,"Ask what is wrong",1,authored template,"","calibration:lived-personal","","",,
C-0842,Choice,bank,"Sit on the stairs and listen",1,authored template,"","calibration:lived-personal","","",,
C-0843,Choice,bank,"Wake Bea and tell her",1,authored template,"","calibration:lived-personal","","",,
C-0844,Choice,bank,"Tell him to give it back Monday, and check",1,authored template,"","calibration:lived-relational","","",,
C-0845,Choice,bank,"Tell Kenny where it is",1,authored template,"","calibration:lived-relational","","",,
C-0846,Choice,bank,"Tell Ms. Ruiz",1,authored template,"","calibration:lived-relational","","",,
C-0847,Choice,bank,"Give her the note tonight",1,authored template,"","calibration:lived-moral","","",,
C-0848,Choice,bank,"Say the note never came",1,authored template,"","calibration:lived-moral","","",,
C-0849,Choice,bank,"Ask Bea for the money",1,authored template,"","calibration:lived-moral","","",,
C-0850,Choice,bank,"Ask Ms. Ruiz if anyone else is not going",1,authored template,"","calibration:lived-moral","","",,
C-0851,Choice,bank,"Say it was you",1,authored template,"","calibration:lived-relational","","",,
C-0852,Choice,bank,"Let it stand",1,authored template,"","calibration:lived-relational","","",,
C-0853,Choice,bank,"Say nothing now and square it with Bea after",1,authored template,"","calibration:lived-relational","","",,
C-0854,Choice,bank,"Tell Kenny to sit down",1,authored template,"","calibration:lived-relational","","",,
C-0855,Choice,bank,"Stay where you are and say nothing",1,authored template,"","calibration:lived-relational","","",,
C-0856,Choice,bank,"Take your tray over to Kenny",1,authored template,"","calibration:lived-relational","","",,
C-0857,Choice,bank,"Work on Theo about it later",1,authored template,"","calibration:lived-relational","","",,
C-0858,Choice,bank,"Say you looked",1,authored template,"","calibration:lived-moral","","",,
C-0859,Choice,bank,"Say nothing",1,authored template,"","calibration:lived-moral","","",,
C-0860,Choice,bank,"Say how many people went up",1,authored template,"","calibration:lived-moral","","",,
C-0861,Choice,bank,"Tell her afterwards, on your own",1,authored template,"","calibration:lived-moral","","",,
C-0862,Choice,bank,"Go the long way",1,authored template,"","calibration:lived-personal","","",,
C-0863,Choice,bank,"Go through with Theo",1,authored template,"","calibration:lived-personal","","",,
C-0864,Choice,bank,"Ask Dee again, now it is dark early",1,authored template,"","calibration:lived-personal","","",,
C-0865,Choice,bank,"Ask her at breakfast",1,authored template,"","calibration:lived-personal","","",,
C-0866,Choice,bank,"Tell Bea what you heard",1,authored template,"","calibration:lived-personal","","",,
C-0867,Choice,bank,"Wait and see if anyone says anything",1,authored template,"","calibration:lived-personal","","",,
C-0868,Choice,bank,"Tell Theo you might be moving",1,authored template,"","calibration:lived-personal","","",,
C-0869,Choice,bank,"Write yours",1,authored template,"","calibration:civic-lived","","",,
C-0870,Choice,bank,"Get the others to write theirs",1,authored template,"","calibration:civic-lived","","",,
C-0871,Choice,bank,"Say out loud that it will not work",1,authored template,"","calibration:civic-lived","","",,
C-0872,Choice,bank,"Tell Dee, and let her deal with it",1,authored template,"","calibration:civic-lived","","",,
C-0873,Choice,bank,"Climb it like before",1,authored template,"","calibration:policy-lived","","",,
C-0874,Choice,bank,"Go on Tuesdays with somebody signed in",1,authored template,"","calibration:policy-lived","","",,
C-0875,Choice,bank,"Ask the man for more than Tuesdays",1,authored template,"","calibration:policy-lived","","",,
C-0876,Choice,bank,"Find somewhere else to play",1,authored template,"","calibration:policy-lived","","",,
C-0877,Choice,bank,"Work the shift",1,authored template,"","calibration:lived-personal","","",,
C-0878,Choice,bank,"Ask Marisol one more time",1,authored template,"","calibration:lived-personal","","",,
C-0879,Choice,bank,"Find somebody to swap with yourself",1,authored template,"","calibration:lived-personal","","",,
C-0880,Choice,bank,"Work it and take the test cold",1,authored template,"","calibration:lived-personal","","",,
C-0881,Choice,bank,"Get in",1,authored template,"","calibration:lived-relational","","",,
C-0882,Choice,bank,"Take the keys off him",1,authored template,"","calibration:lived-relational","","",,
C-0883,Choice,bank,"Say you are getting a ride and take whoever will come",1,authored template,"","calibration:lived-relational","","",,
C-0884,Choice,bank,"Call home and get picked up",1,authored template,"","calibration:lived-relational","","",,
C-0885,Choice,bank,"Use the paragraph",1,authored template,"","calibration:lived-moral","","",,
C-0886,Choice,bank,"Write your own and hand it in late",1,authored template,"","calibration:lived-moral","","",,
C-0887,Choice,bank,"Ask Ms. Ruiz for two more days",1,authored template,"","calibration:lived-moral","","",,
C-0888,Choice,bank,"Ask Bea if you can use it",1,authored template,"","calibration:lived-moral","","",,
C-0889,Choice,bank,"Let her write it off",1,authored template,"","calibration:lived-moral","","",,
C-0890,Choice,bank,"Ask her to send it up anyway",1,authored template,"","calibration:lived-moral","","",,
C-0891,Choice,bank,"Put forty dollars in yourself",1,authored template,"","calibration:lived-moral","","",,
C-0892,Choice,bank,"Say you want to know what happened first",1,authored template,"","calibration:lived-moral","","",,
C-0893,Choice,bank,"Keep messaging her",1,authored template,"","calibration:lived-relational","","",,
C-0894,Choice,bank,"Tell Dee she is reading them",1,authored template,"","calibration:lived-relational","","",,
C-0895,Choice,bank,"Leave her alone until she is ready",1,authored template,"","calibration:lived-relational","","",,
C-0896,Choice,bank,"Get on a bus and turn up",1,authored template,"","calibration:lived-relational","","",,
C-0897,Choice,bank,"Write down only what you saw, and sign that",1,authored template,"","calibration:civic-lived","","",,
C-0898,Choice,bank,"Say no and say why",1,authored template,"","calibration:civic-lived","","",,
C-0899,Choice,bank,"Go and talk to the two who will not sign",1,authored template,"","calibration:civic-lived","","",,
C-0900,Choice,bank,"Put it toward the car",1,authored template,"","calibration:lived-personal","","",,
C-0901,Choice,bank,"Book the course",1,authored template,"","calibration:lived-personal","","",,
C-0902,Choice,bank,"Keep it where it is",1,authored template,"","calibration:lived-personal","","",,
C-0903,Choice,bank,"Give some of it to Dee for the house",1,authored template,"","calibration:lived-personal","","",,
C-0904,Choice,bank,"Go to the meeting about it",1,authored template,"","calibration:policy-lived","","",,
C-0905,Choice,bank,"Get the names of everyone who uses it",1,authored template,"","calibration:policy-lived","","",,
C-0906,Choice,bank,"Ask for two nights a week instead of five",1,authored template,"","calibration:policy-lived","","",,
C-0907,Choice,bank,"Work out where else to go",1,authored template,"","calibration:policy-lived","","",,
C-0908,Choice,bank,"Tell Marisol it is not true",1,authored template,"","calibration:lived-relational","","",,
C-0909,Choice,bank,"Tell the new girl what is being said",1,authored template,"","calibration:lived-relational","","",,
C-0910,Choice,bank,"Stop it going any further where you are standing",1,authored template,"","calibration:lived-relational","","",,
C-0911,Choice,bank,"Tell the truth, even if the friend is angry.",1,authored template,"","calibration:lived-relational","","",,
C-0912,Choice,bank,"Protect the friend unless someone could be hurt.",1,authored template,"","calibration:lived-relational","","",,
C-0913,Choice,bank,"Refuse to get pulled into it if you can.",1,authored template,"","calibration:lived-relational","","",,
C-0914,Choice,bank,"Keep the safer path.",1,authored template,"","calibration:lived-personal","","",,
C-0915,Choice,bank,"Take the risk if the upside matters enough.",1,authored template,"","calibration:lived-personal","","",,
C-0916,Choice,bank,"Learn more before committing either way.",1,authored template,"","calibration:lived-personal","","",,
C-0917,Choice,bank,"Follow it for now and work to change it properly.",1,authored template,"","calibration:lived-moral","","",,
C-0918,Choice,bank,"Challenge it immediately.",1,authored template,"","calibration:lived-moral","","",,
C-0919,Choice,bank,"Find a way to protect the person affected without blowing up the whole process.",1,authored template,"","calibration:lived-moral","","",,
C-0920,Choice,bank,"Be there for the family member.",1,authored template,"","calibration:lived-personal","","",,
C-0921,Choice,bank,"Take the opportunity.",1,authored template,"","calibration:lived-personal","","",,
C-0922,Choice,bank,"Try to rearrange both, even if neither gets everything it wanted.",1,authored template,"","calibration:lived-personal","","",,
C-0923,Choice,bank,"Admit it plainly.",1,authored template,"","calibration:lived-moral","","",,
C-0924,Choice,bank,"Fix the damage first, then decide what needs to be said.",1,authored template,"","calibration:lived-moral","","",,
C-0925,Choice,bank,"Say nothing unless someone asks directly.",1,authored template,"","calibration:lived-moral","","",,
C-0926,Choice,bank,"Take it; you want the responsibility.",1,authored template,"","calibration:lived-personal","","",,
C-0927,Choice,bank,"Take it only if the group clearly wants you there.",1,authored template,"","calibration:lived-personal","","",,
C-0928,Choice,bank,"You would rather influence the result without holding the title.",1,authored template,"","calibration:lived-personal","","",,
C-0929,Choice,bank,"Use the opening; winning matters.",1,authored template,"","calibration:lived-moral","","",,
C-0930,Choice,bank,"Do not use it; the standard matters more than the result.",1,authored template,"","calibration:lived-moral","","",,
C-0931,Choice,bank,"Push for another way to win without crossing that line.",1,authored template,"","calibration:lived-moral","","",,
C-0932,Choice,bank,"Argue the point directly.",1,authored template,"","calibration:lived-relational","","",,
C-0933,Choice,bank,"Ask questions until you understand how they got there.",1,authored template,"","calibration:lived-relational","","",,
C-0934,Choice,bank,"Let the disagreement sit unless it actually requires a decision.",1,authored template,"","calibration:lived-relational","","",,
N-0935,Narration,played,"Michael Rocha is 5, and lives in Kentucky.",1,age 5,"Kentucky","episode","Ibrahim Rocha, your older sister","",,
N-0936,Narration,played,"School carried on being the thing the week was built around.",50,ages 5–8,"Kentucky","episode","Ibrahim Rocha, your older sister","machine-cadence repeated-adjacent repeated-run",,
N-0937,Narration,played,"The house went on being Dennis Rocha and Ibrahim Rocha, and most evenings in it were unremarkable.",4,ages 5–8,"Kentucky","episode","Ibrahim Rocha, your older sister","machine-cadence repeated-adjacent repeated-run",,
N-0938,Narration,played,"A month later.",97,ages 5–9,"Kentucky","episode","","repeated-adjacent repeated-run",,
N-0939,Narration,played,"By the spring.",14,ages 5–10,"Kentucky","episode","Ibrahim Rocha, your older sister","",,
N-0940,Narration,played,"Kentucky went on as it does, and so did Michael Rocha.",2,age 5,"Kentucky","episode","Ibrahim Rocha, your older sister","machine-cadence repeated-adjacent",,
N-0941,Narration,played,"By the summer.",4,ages 5–13,"Kentucky","formative","","",,
N-0942,Narration,played,"A year on, and into another spring, and Michael Rocha is 6.",1,age 6,"Kentucky","episode","Ibrahim Rocha, your older sister","",,
N-0943,Narration,played,"Half a year on, and Michael Rocha is 7.",1,age 7,"Kentucky","formative","","",,
N-0944,Narration,played,"A year on, and into another summer, and Michael Rocha is 8.",1,age 8,"Kentucky","formative","Bo Hill, who is in your class","",,
N-0945,Narration,played,"A year on, and into another spring.",1,age 8,"Kentucky","episode","Bo Hill, who is in your class","",,
N-0946,Narration,played,"Audrey Rosario is 8, and lives in Kentucky.",1,age 8,"Kentucky","episode","Miranda Rosario, your younger sister","",,
N-0947,Narration,played,"The house went on being Miranda Rosario and Cora Rosario, and most evenings in it were unremarkable.",3,ages 8–9,"Kentucky","episode","Miranda Rosario, your younger sister","machine-cadence repeated-run",,
N-0948,Narration,played,"Kentucky went on as it does, and so did Audrey Rosario.",3,ages 8–9,"Kentucky","formative","","machine-cadence repeated-run",,
N-0949,Narration,played,"Half a year on, and Audrey Rosario is 9.",1,age 9,"Kentucky","episode","","",,
N-0950,Narration,played,"Half a year on.",16,ages 9–13,"Kentucky","episode","Miranda Rosario, your younger sister","",,
N-0951,Narration,played,"Noor Perez is 10, and lives in Kentucky.",2,age 10,"Kentucky","episode","","",,
N-0952,Narration,played,"The house went on being Deborah Perez and Keanu Perez, and most evenings in it were unremarkable.",10,ages 10–11,"Kentucky","episode","","machine-cadence repeated-adjacent repeated-run",,
N-0953,Narration,played,"A month later, and Noor Perez is 11.",2,age 11,"Kentucky","formative","","",,
N-0954,Narration,played,"A year on, and into another autumn.",3,ages 11–14,"Kentucky","episode","","",,
N-0955,Narration,played,"Kentucky went on as it does, and so did Noor Perez.",6,ages 11–12,"Kentucky","episode","Deborah Perez, your younger brother","machine-cadence repeated-adjacent repeated-run",,
N-0956,Narration,played,"By the winter.",7,ages 11–14,"Kentucky","formative","Dawn Duncan","",,
N-0957,Narration,played,"Half a year on, and Noor Perez is 12.",2,age 12,"Kentucky","episode","Deborah Perez, your younger brother","",,
N-0958,Narration,played,"By the spring, and Noor Perez is 13.",2,age 13,"Kentucky","episode","Sean Johnson, who is in your class","",,
N-0959,Narration,played,"Tracy Marshall is 10, and lives in Nebraska.",1,age 10,"Nebraska","episode","","",,
N-0960,Narration,played,"Arjun Marshall was in the house every evening, and most of them were unremarkable.",3,ages 10–11,"Nebraska","episode","","machine-cadence repeated-adjacent repeated-run",,
N-0961,Narration,played,"A year on, and into another spring, and Tracy Marshall is 11.",1,age 11,"Nebraska","episode","","",,
N-0962,Narration,played,"Nebraska went on as it does, and so did Tracy Marshall.",2,age 11,"Nebraska","episode","","machine-cadence repeated-adjacent",,
N-0963,Narration,played,"Half a year on, and Tracy Marshall is 12.",1,age 12,"Nebraska","formative","Kian Gill, who is in your class","",,
N-0964,Narration,played,"A year on, and into another summer, and Tracy Marshall is 13.",1,age 13,"Nebraska","formative","","",,
N-0965,Narration,played,"Mara Stephens is 12, and lives in Alaska.",1,age 12,"Alaska","episode","Amara Stephens, your younger brother","",,
N-0966,Narration,played,"The house went on being Amara Stephens and Amos Stephens, and most evenings in it were unremarkable.",2,ages 12–14,"Alaska","episode","Amara Stephens, your younger brother","machine-cadence",,
N-0967,Narration,played,"By the spring, and Mara Stephens is 13.",1,age 13,"Alaska","formative","","",,
N-0968,Narration,played,"Alaska went on as it does, and so did Mara Stephens.",3,ages 13–14,"Alaska","formative","","machine-cadence repeated-adjacent repeated-run",,
N-0969,Narration,played,"Half a year on, and Mara Stephens is 14.",1,age 14,"Alaska","episode","Amara Stephens, your younger brother","",,
N-0970,Narration,played,"Philip Wilcox is 13, and lives in Lexington, Kentucky.",1,age 13,"Lexington, Kentucky","episode","Raymond Wilcox, your younger brother","",,
N-0971,Narration,played,"The house went on being Raymond Wilcox and Ramon Wilcox, and most evenings in it were unremarkable.",3,ages 13–15,"Lexington, Kentucky","episode","Raymond Wilcox, your younger brother","machine-cadence repeated-run",,
N-0972,Narration,played,"Lexington, Kentucky went on as it does, and so did Philip Wilcox.",3,ages 13–14,"Lexington, Kentucky","formative","","machine-cadence repeated-adjacent repeated-run",,
N-0973,Narration,played,"The next day.",6,ages 13–16,"Lexington, Kentucky","formative","","",,
N-0974,Narration,played,"A year on, and into another winter, and Philip Wilcox is 14.",1,age 14,"Lexington, Kentucky","formative","","",,
N-0975,Narration,played,"Half a year on, and Philip Wilcox is 15.",1,age 15,"Lexington, Kentucky","formative","Vivian Morrison","",,
N-0976,Narration,played,"Noor McMahon is 13, and lives in Kentucky.",1,age 13,"Kentucky","episode","","",,
N-0977,Narration,played,"Frances McMahon was in the house every evening, and most of them were unremarkable.",3,ages 13–14,"Kentucky","episode","","machine-cadence repeated-adjacent repeated-run",,
N-0978,Narration,played,"By the summer, and Noor McMahon is 14.",1,age 14,"Kentucky","formative","","",,
N-0979,Narration,played,"Kentucky went on as it does, and so did Noor McMahon.",2,ages 14–15,"Kentucky","formative","","machine-cadence repeated-adjacent",,
N-0980,Narration,played,"Half a year on, and Noor McMahon is 15.",1,age 15,"Kentucky","formative","","",,
N-0981,Narration,played,"Brian Vinson is 16, and lives in Nebraska.",1,age 16,"Nebraska","episode","Noah Vinson, your younger brother","",,
N-0982,Narration,played,"The house went on being Noah Vinson and Aiko Vinson, and most evenings in it were unremarkable.",3,ages 16–17,"Nebraska","episode","Noah Vinson, your younger brother","machine-cadence repeated-run",,
N-0983,Narration,played,"Nebraska went on as it does, and so did Brian Vinson.",1,age 16,"Nebraska","formative","","machine-cadence",,
N-0984,Narration,played,"Within the week.",1,age 16,"Nebraska","formative","","",,
N-0985,Narration,played,"Half a year on, and Brian Vinson is 17.",1,age 17,"Nebraska","episode","","",,
N-0986,Narration,played,"Nina Pollard is 16, and lives in Alaska.",1,age 16,"Alaska","episode","Malik Pollard, your younger brother","",,
N-0987,Narration,played,"The house went on being Justin Pollard and Malik Pollard, and most evenings in it were unremarkable.",3,ages 16–18,"Alaska","episode","Malik Pollard, your younger brother","machine-cadence repeated-run",,
N-0988,Narration,played,"Alaska went on as it does, and so did Nina Pollard.",2,ages 16–18,"Alaska","formative","","machine-cadence",,
N-0989,Narration,played,"Half a year on, and Nina Pollard is 17.",1,age 17,"Alaska","formative","","",,
N-0990,Narration,played,"Half a year on, and Nina Pollard is 18.",1,age 18,"Alaska","episode","Malik Pollard, your younger brother","",,
N-0991,Narration,played,"Holly Roberts is 16, and lives in Kentucky.",1,age 16,"Kentucky","episode","Logan Roberts, your younger sister","",,
N-0992,Narration,played,"The house went on being Logan Roberts and Ayanna Roberts, and most evenings in it were unremarkable.",3,ages 16–18,"Kentucky","episode","Logan Roberts, your younger sister","machine-cadence repeated-run",,
N-0993,Narration,played,"Kentucky went on as it does, and so did Holly Roberts.",5,ages 16–18,"Kentucky","formative","","machine-cadence repeated-adjacent repeated-run",,
N-0994,Narration,played,"Half a year on, and Holly Roberts is 17.",1,age 17,"Kentucky","episode","","",,
N-0995,Narration,played,"Half a year on, and Holly Roberts is 18.",1,age 18,"Kentucky","episode","Logan Roberts, your younger sister","",,
N-0996,Narration,played,"A couple of weeks on.",42,ages 18–19,"Kentucky","adult","Ayanna Roberts, your dad","repeated-adjacent repeated-run",,
N-0997,Narration,played,"Curtis Reyes is 18, and lives in Kentucky.",1,age 18,"Kentucky","episode","Piper Rich, who you live with","",,
N-0998,Narration,played,"Piper Rich was in the house every evening, and most of them were unremarkable.",5,ages 18–19,"Kentucky","episode","Piper Rich, who you live with","machine-cadence repeated-adjacent repeated-run",,
N-0999,Narration,played,"The meetings kept happening, roughly monthly, mostly dull.",38,ages 18–19,"Kentucky","episode","Piper Rich, who you live with","machine-cadence repeated-adjacent repeated-run",,
N-1000,Narration,played,"A month later, and Curtis Reyes is 19.",1,age 19,"Kentucky","adult","","",,
N-1001,Narration,played,"Kentucky went on as it does, and so did Curtis Reyes.",2,age 19,"Kentucky","adult","","machine-cadence",,
N-1002,Narration,played,"What you said you would do about Tyler Reyes came back around.",1,age 19,"Kentucky","adult","Piper Rich, who you live with","",,
N-1003,Narration,played,"A couple of weeks on, and Curtis Reyes is 20.",1,age 20,"Kentucky","adult","","",,
N-1004,Narration,played,"What you said you would do about Piper Rich came back around.",1,age 20,"Kentucky","adult","","",,
N-1005,Narration,played,"Grace Giles is 18, and lives in Nebraska.",1,age 18,"Nebraska","adult","","",,
N-1006,Narration,played,"A couple of weeks on, and Grace Giles is 19.",1,age 19,"Nebraska","adult","","",,
N-1007,Narration,played,"Nebraska went on as it does, and so did Grace Giles.",1,age 19,"Nebraska","episode","","machine-cadence",,
N-1008,Narration,played,"Gregory Riley is 25, and lives in Kentucky.",1,age 25,"Kentucky","episode","Lance McLaughlin, who you live with","",,
N-1009,Narration,played,"Lance McLaughlin was in the house every evening, and most of them were unremarkable.",2,age 25,"Kentucky","episode","Lance McLaughlin, who you live with","machine-cadence repeated-adjacent",,
N-1010,Narration,played,"Kentucky went on as it does, and so did Gregory Riley.",2,age 25,"Kentucky","adult","Lance McLaughlin, who you live with","machine-cadence",,
N-1011,Narration,played,"A month later, and Gregory Riley is 26.",1,age 26,"Kentucky","adult","","",,
N-1012,Narration,played,"What you said you would do about Lance McLaughlin came back around.",1,age 26,"Kentucky","adult","","",,
N-1013,Narration,played,"What you said you would do about Kayla Riley came back around.",1,age 26,"Kentucky","adult","","",,
N-1014,Narration,played,"Cynthia Hubbard is 25, and lives in Alaska.",1,age 25,"Alaska","adult","","",,
N-1015,Narration,played,"Looking after somebody at home went on taking its hours out of the week.",4,ages 25–35,"Alaska","episode","","",,
N-1016,Narration,played,"What you said you would do about Fiona Hubbard came back around.",1,age 25,"Alaska","adult","","",,
N-1017,Narration,played,"A month later, and Cynthia Hubbard is 26.",1,age 26,"Alaska","adult","","",,
N-1018,Narration,played,"What you said you would do about Looking after somebody at home came back around.",2,ages 26–35,"Alaska","adult","","",,
N-1019,Narration,played,"Trevor Lin is 34, and lives in Nebraska.",1,age 34,"Nebraska","episode","Victoria Stone, who you live with","",,
N-1020,Narration,played,"Victoria Stone was in the house every evening, and most of them were unremarkable.",2,age 34,"Nebraska","episode","Victoria Stone, who you live with","machine-cadence repeated-adjacent",,
N-1021,Narration,played,"A month later, and Trevor Lin is 35.",1,age 35,"Nebraska","adult","Victoria Stone, who you live with","",,
N-1022,Narration,played,"Nebraska went on as it does, and so did Trevor Lin.",2,age 35,"Nebraska","adult","Victoria Stone, who you live with","machine-cadence",,
N-1023,Narration,played,"What you said you would do about Victoria Stone came back around.",2,age 35,"Nebraska","adult","","repeated-adjacent",,
N-1024,Narration,played,"What you said you would do about Aria Lin came back around.",1,age 35,"Nebraska","adult","","",,
N-1025,Narration,played,"Alice Lawson is 34, and lives in Lexington, Kentucky.",1,age 34,"Lexington, Kentucky","adult","","",,
N-1026,Narration,played,"A month later, and Alice Lawson is 35.",1,age 35,"Lexington, Kentucky","adult","","",,
N-1027,Narration,played,"Lexington, Kentucky went on as it does, and so did Alice Lawson.",2,age 35,"Lexington, Kentucky","adult","","machine-cadence",,
N-1028,Narration,played,"What you said you would do about Arthur Lawson came back around.",1,age 35,"Lexington, Kentucky","adult","","",,
N-1029,Narration,played,"Morgan Hester is 45, and lives in Kentucky.",1,age 45,"Kentucky","episode","Philip Wiley, who you live with","",,
N-1030,Narration,played,"Philip Wiley was in the house every evening, and most of them were unremarkable.",5,ages 45–46,"Kentucky","episode","Philip Wiley, who you live with","machine-cadence repeated-adjacent repeated-run",,
N-1031,Narration,played,"Kentucky went on as it does, and so did Morgan Hester.",2,ages 45–46,"Kentucky","adult","","machine-cadence",,
N-1032,Narration,played,"A couple of weeks on, and Morgan Hester is 46.",1,age 46,"Kentucky","adult","Shannon Hester, your mom","",,
N-1033,Narration,played,"What you said you would do about Shannon Hester came back around.",1,age 46,"Kentucky","adult","","",,
N-1034,Narration,played,"Zara Schultz is 62, and lives in Alaska.",1,age 62,"Alaska","adult","","",,
N-1035,Narration,played,"Carmen Drake was in the house every evening, and most of them were unremarkable.",3,age 62,"Alaska","adult","","machine-cadence repeated-run",,
N-1036,Narration,played,"Alaska went on as it does, and so did Zara Schultz.",1,age 62,"Alaska","adult","Selena Schultz, your dad","machine-cadence",,
N-1037,Narration,played,"What you said you would do about Selena Schultz came back around.",1,age 62,"Alaska","adult","","",,
N-1038,Narration,played,"Clara Meadows is 34, and lives in Kentucky.",1,age 34,"Kentucky","episode","Malik Black, who you live with","",,
N-1039,Narration,played,"Work went on being work: the same shifts, the same people, the same road there.",8,ages 34–45,"Kentucky","episode","Malik Black, who you live with","machine-cadence repeated-adjacent repeated-run",,
N-1040,Narration,played,"Malik Black was in the house every evening, and most of them were unremarkable.",1,age 34,"Kentucky","episode","Malik Black, who you live with","machine-cadence",,
N-1041,Narration,played,"Half a year on, and Clara Meadows is 35.",1,age 35,"Kentucky","episode","","",,
N-1042,Narration,played,"Curtis Zamora is 45, and lives in Nebraska.",1,age 45,"Nebraska","adult","","",,
N-1043,Narration,played,"A month later, and Curtis Zamora is 46.",1,age 46,"Nebraska","adult","Jacob Zamora, your dad","",,
N-1044,Narration,played,"Nebraska went on as it does, and so did Curtis Zamora.",2,age 46,"Nebraska","adult","","machine-cadence",,
N-1045,Narration,played,"Ian Shannon is 52, and lives in Alaska.",1,age 52,"Alaska","adult","","",,
N-1046,Narration,played,"Austin Patel was in the house every evening, and most of them were unremarkable.",1,age 52,"Alaska","adult","","machine-cadence",,
N-1047,Narration,played,"Alaska went on as it does, and so did Ian Shannon.",2,age 52,"Alaska","adult","","machine-cadence",,
N-1048,Narration,played,"Half a year on, and Ian Shannon is 53.",1,age 53,"Alaska","adult","Travis Shannon, your mom","",,
N-1049,Narration,played,"What you said you would do about Austin Patel came back around.",1,age 53,"Alaska","adult","Travis Shannon, your mom","",,
N-1050,Narration,played,"What you said you would do about Something decided earlier came back around.",1,age 53,"Alaska","adult","Travis Shannon, your mom","",,
N-1051,Narration,played,"Eva Keller is 10, and lives in Kentucky.",1,age 10,"Kentucky","episode","Kian Keller, your younger sister","",,
N-1052,Narration,played,"The house went on being Kian Keller and Parker Keller, and most evenings in it were unremarkable.",4,ages 10–12,"Kentucky","episode","Kian Keller, your younger sister","machine-cadence repeated-adjacent repeated-run",,
N-1053,Narration,played,"Kentucky went on as it does, and so did Eva Keller.",1,age 10,"Kentucky","formative","","machine-cadence",,
N-1054,Narration,played,"A year on, and into another autumn, and Eva Keller is 11.",1,age 11,"Kentucky","episode","","",,
N-1055,Narration,played,"Half a year on, and Eva Keller is 12.",1,age 12,"Kentucky","episode","Kian Keller, your younger sister","",,
N-1056,Narration,played,"Charles Turner is 10, and lives in Kentucky.",1,age 10,"Kentucky","episode","","",,
N-1057,Narration,played,"The house went on being Rene Turner and Bianca Turner, and most evenings in it were unremarkable.",4,ages 10–11,"Kentucky","episode","","machine-cadence repeated-adjacent repeated-run",,
N-1058,Narration,played,"By the spring, and Charles Turner is 11.",1,age 11,"Kentucky","episode","Bianca Turner, your younger brother","",,
N-1059,Narration,played,"Half a year on, and Charles Turner is 12.",1,age 12,"Kentucky","episode","Bianca Turner, your younger brother","",,
N-1060,Narration,played,"Thomas Lopez is 10, and lives in Kentucky.",1,age 10,"Kentucky","episode","Erica Lopez, your younger brother","",,
N-1061,Narration,played,"The house went on being Erica Lopez and Marshall Lopez, and most evenings in it were unremarkable.",3,ages 10–11,"Kentucky","episode","Erica Lopez, your younger brother","machine-cadence repeated-run",,
N-1062,Narration,played,"By the spring, and Thomas Lopez is 11.",1,age 11,"Kentucky","formative","Heather Hill, who is in your class","",,
N-1063,Narration,played,"Kentucky went on as it does, and so did Thomas Lopez.",2,age 11,"Kentucky","formative","Heather Hill, who is in your class","machine-cadence",,
N-1064,Narration,played,"Colin Harrington is 10, and lives in Kentucky.",1,age 10,"Kentucky","episode","Charlotte Harrington, your younger sister","",,
N-1065,Narration,played,"The house went on being Charlotte Harrington and Brian Harrington, and most evenings in it were unremarkable.",2,ages 10–11,"Kentucky","episode","Charlotte Harrington, your younger sister","machine-cadence",,
N-1066,Narration,played,"Kentucky went on as it does, and so did Colin Harrington.",3,ages 10–12,"Kentucky","formative","","machine-cadence repeated-adjacent repeated-run",,
N-1067,Narration,played,"A year on, and into another winter, and Colin Harrington is 11.",1,age 11,"Kentucky","episode","","",,
N-1068,Narration,played,"Half a year on, and Colin Harrington is 12.",1,age 12,"Kentucky","episode","Yosef Harmon","",,
N-1069,Narration,played,"Emmanuel Michael is 34, and lives in Nebraska.",1,age 34,"Nebraska","adult","","",,
N-1070,Narration,played,"Julian Chan was in the house every evening, and most of them were unremarkable.",4,age 34,"Nebraska","adult","","machine-cadence repeated-run",,
N-1071,Narration,played,"What you said you would do about Isaiah Michael came back around.",1,age 34,"Nebraska","adult","","",,
T-1072,Thread,played,"You and Ibrahim Rocha have something unfinished.",5,ages 5–6,"Kentucky","episode","","",,
T-1073,Thread,played,"Whatever was going on at home with Ibrahim Rocha has been quiet for a long time.",2,age 8,"Kentucky","formative","Bo Hill, who is in your class","",,
T-1074,Thread,played,"You and Bo Hill are still in the middle of something.",1,age 8,"Kentucky","episode","Bo Hill, who is in your class","",,
T-1075,Thread,played,"You and Miranda Rosario have something unfinished.",6,ages 8–9,"Kentucky","episode","","",,
T-1076,Thread,played,"You and Selena Wynn are still in the middle of something.",3,age 9,"Kentucky","episode","Miranda Rosario, your younger sister","",,
T-1077,Thread,played,"Whatever was going on at home with Miranda Rosario has been quiet for a long time.",1,age 9,"Kentucky","episode","Miranda Rosario, your younger sister","",,
T-1078,Thread,played,"You and Deborah Perez have something unfinished.",16,age 11,"Kentucky","formative","","",,
T-1079,Thread,played,"You and Dawn Duncan are still in the middle of something.",8,ages 12–13,"Kentucky","episode","Deborah Perez, your younger brother","",,
T-1080,Thread,played,"You and Sean Johnson are still in the middle of something.",2,age 13,"Kentucky","episode","Sean Johnson, who is in your class","",,
T-1081,Thread,played,"You and Quentin Williams are still in the middle of something.",4,ages 11–12,"Nebraska","episode","","",,
T-1082,Thread,played,"You and Kian Gill are still in the middle of something.",1,age 13,"Nebraska","formative","","",,
T-1083,Thread,played,"You and Quentin Williams have not spoken in a long time.",1,age 13,"Nebraska","formative","","",,
T-1084,Thread,played,"You and Amara Stephens have something unfinished.",7,ages 12–13,"Alaska","episode","","",,
T-1085,Thread,played,"You and Raymond Wilcox have something unfinished.",6,age 13,"Lexington, Kentucky","episode","","",,
T-1086,Thread,played,"Whatever was going on at home with Raymond Wilcox has been quiet for a long time.",1,age 14,"Lexington, Kentucky","episode","Raymond Wilcox, your younger brother","",,
T-1087,Thread,played,"You and Noah Vinson have something unfinished.",8,age 16,"Nebraska","episode","","",,
T-1088,Thread,played,"Whatever was going on at home with Noah Vinson has been quiet for a long time.",1,age 17,"Nebraska","episode","Noah Vinson, your younger brother","",,
T-1089,Thread,played,"You and Malik Pollard have something unfinished.",6,ages 16–17,"Alaska","episode","","",,
T-1090,Thread,played,"Whatever was going on at home with Malik Pollard has been quiet for a long time.",1,age 18,"Alaska","episode","Malik Pollard, your younger brother","",,
T-1091,Thread,played,"You and Justin Pollard have something unfinished.",1,age 18,"Alaska","adult","","",,
T-1092,Thread,played,"You and Logan Roberts have something unfinished.",8,ages 16–17,"Kentucky","episode","","",,
T-1093,Thread,played,"Whatever was going on at home with Logan Roberts has been quiet for a long time.",1,age 18,"Kentucky","episode","Logan Roberts, your younger sister","",,
T-1094,Thread,played,"You and Ayanna Roberts have something unfinished.",3,age 18,"Kentucky","adult","","",,
T-1095,Thread,played,"You said you would do something about Looking after somebody at home.",7,ages 18–35,"Kentucky","adult","","",,
T-1096,Thread,played,"You and Marshall Fitzgerald have not spoken in a long time.",7,ages 18–19,"Kentucky","episode","Piper Rich, who you live with","",,
T-1097,Thread,played,"You and Omar Miles have not spoken in a long time.",4,ages 18–19,"Kentucky","episode","Piper Rich, who you live with","",,
T-1098,Thread,played,"You and Piper Rich have something unfinished.",11,age 19,"Kentucky","adult","","",,
T-1099,Thread,played,"Things with Tyler Reyes are not settled.",7,age 19,"Kentucky","adult","","",,
T-1100,Thread,played,"What you said about Tyler Reyes has come round.",5,age 19,"Kentucky","adult","Piper Rich, who you live with","",,
T-1101,Thread,played,"What you said about Piper Rich has come round.",1,age 20,"Kentucky","adult","","",,
T-1102,Thread,played,"You and Valerie McKay have not spoken in a long time.",10,age 18,"Nebraska","adult","","",,
T-1103,Thread,played,"You and Jose Brown have not spoken in a long time.",10,age 18,"Nebraska","adult","","",,
T-1104,Thread,played,"Things with Jesse Giles are not settled.",7,age 18,"Nebraska","adult","","",,
T-1105,Thread,played,"You and Samantha Weaver have not spoken in a long time.",8,age 25,"Kentucky","episode","Lance McLaughlin, who you live with","",,
T-1106,Thread,played,"You and Erica Valencia have not spoken in a long time.",5,age 25,"Kentucky","episode","Lance McLaughlin, who you live with","",,
T-1107,Thread,played,"You and Lance McLaughlin have something unfinished.",7,age 25,"Kentucky","adult","","",,
T-1108,Thread,played,"Things with Kayla Riley are not settled.",3,ages 25–26,"Kentucky","adult","Kayla Riley, your dad","",,
T-1109,Thread,played,"What you said about Lance McLaughlin has come round.",2,age 26,"Kentucky","adult","","",,
T-1110,Thread,played,"What you said about Kayla Riley has come round.",2,age 26,"Kentucky","adult","","",,
T-1111,Thread,played,"You said you would do something about The half of the week you agreed to hold.",9,ages 26–46,"Kentucky","adult","","",,
T-1112,Thread,played,"You and Dakota Cook have not spoken in a long time.",6,age 25,"Alaska","adult","","",,
T-1113,Thread,played,"You and Haris Velez have not spoken in a long time.",5,age 25,"Alaska","adult","","",,
T-1114,Thread,played,"Things with Fiona Hubbard are not settled.",7,age 25,"Alaska","adult","","",,
T-1115,Thread,played,"What you said about Fiona Hubbard has come round.",4,ages 25–26,"Alaska","adult","","",,
T-1116,Thread,played,"What you said about Looking after somebody at home has come round.",6,ages 26–35,"Alaska","adult","","",,
T-1117,Thread,played,"You and Brian Spears have not spoken in a long time.",9,ages 34–35,"Nebraska","episode","Victoria Stone, who you live with","",,
T-1118,Thread,played,"You and David Shah have not spoken in a long time.",5,ages 34–35,"Nebraska","episode","Victoria Stone, who you live with","",,
T-1119,Thread,played,"You and Victoria Stone have something unfinished.",8,ages 34–35,"Nebraska","adult","","",,
T-1120,Thread,played,"Things with Aria Lin are not settled.",4,age 35,"Nebraska","adult","Victoria Stone, who you live with","",,
T-1121,Thread,played,"What you said about Victoria Stone has come round.",5,age 35,"Nebraska","adult","","",,
T-1122,Thread,played,"What you said about Aria Lin has come round.",3,age 35,"Nebraska","adult","","",,
T-1123,Thread,played,"You and Asher Holloway have not spoken in a long time.",7,ages 34–35,"Lexington, Kentucky","adult","","",,
T-1124,Thread,played,"You and Parker Parrish have not spoken in a long time.",7,ages 34–35,"Lexington, Kentucky","adult","","",,
T-1125,Thread,played,"Things with Arthur Lawson are not settled.",5,age 35,"Lexington, Kentucky","adult","","",,
T-1126,Thread,played,"What you said about Arthur Lawson has come round.",3,age 35,"Lexington, Kentucky","adult","","",,
T-1127,Thread,played,"You and Ezra Campbell have not spoken in a long time.",7,age 45,"Kentucky","episode","Philip Wiley, who you live with","",,
T-1128,Thread,played,"You and Kieran Woodard have not spoken in a long time.",4,age 45,"Kentucky","episode","Philip Wiley, who you live with","",,
T-1129,Thread,played,"You and Philip Wiley have something unfinished.",11,age 45,"Kentucky","adult","","",,
T-1130,Thread,played,"Things with Shannon Hester are not settled.",5,ages 45–46,"Kentucky","adult","","",,
T-1131,Thread,played,"What you said about Shannon Hester has come round.",5,age 46,"Kentucky","adult","","",,
T-1132,Thread,played,"You and Fatima Robles have not spoken in a long time.",7,age 62,"Alaska","adult","","",,
T-1133,Thread,played,"You and Amir Woodward have not spoken in a long time.",5,age 62,"Alaska","adult","","",,
T-1134,Thread,played,"You and Carmen Drake have something unfinished.",7,age 62,"Alaska","adult","","",,
T-1135,Thread,played,"Things with Selena Schultz are not settled.",5,age 62,"Alaska","episode","","",,
T-1136,Thread,played,"What you said about Selena Schultz has come round.",3,age 62,"Alaska","adult","","",,
T-1137,Thread,played,"You and Lana Malone have not spoken in a long time.",8,age 34,"Kentucky","episode","Malik Black, who you live with","",,
T-1138,Thread,played,"You and Deborah Wise have not spoken in a long time.",8,age 34,"Kentucky","episode","Malik Black, who you live with","",,
T-1139,Thread,played,"You and Malik Black have something unfinished.",11,age 34,"Kentucky","adult","","",,
T-1140,Thread,played,"Things with Lara Meadows are not settled.",1,age 34,"Kentucky","episode","Malik Black, who you live with","",,
T-1141,Thread,played,"You and Damian Savage have not spoken in a long time.",12,age 45,"Nebraska","adult","","",,
T-1142,Thread,played,"You and Roland Murphy have not spoken in a long time.",12,age 45,"Nebraska","adult","","",,
T-1143,Thread,played,"You and Kai Sanchez have not spoken in a long time.",10,age 52,"Alaska","adult","","",,
T-1144,Thread,played,"You and Sara Mack have not spoken in a long time.",10,age 52,"Alaska","adult","","",,
T-1145,Thread,played,"You and Austin Patel have something unfinished.",9,age 52,"Alaska","adult","Austin Patel, who you live with","",,
T-1146,Thread,played,"What you said about Austin Patel has come round.",2,age 53,"Alaska","adult","Travis Shannon, your mom","",,
T-1147,Thread,played,"What you said about Something decided earlier has come round.",2,age 53,"Alaska","adult","Travis Shannon, your mom","",,
T-1148,Thread,played,"Things with Travis Shannon are not settled.",1,age 53,"Alaska","adult","","",,
T-1149,Thread,played,"You and Kian Keller have something unfinished.",6,ages 10–11,"Kentucky","episode","","",,
T-1150,Thread,played,"You and Sara Snyder are still in the middle of something.",3,age 12,"Kentucky","episode","Kian Keller, your younger sister","",,
T-1151,Thread,played,"Whatever was going on at home with Kian Keller has been quiet for a long time.",1,age 12,"Kentucky","episode","Kian Keller, your younger sister","",,
T-1152,Thread,played,"You and Bianca Turner have something unfinished.",6,age 11,"Kentucky","formative","","",,
T-1153,Thread,played,"You and Simon Garner are still in the middle of something.",2,age 12,"Kentucky","episode","Bianca Turner, your younger brother","",,
T-1154,Thread,played,"You and Erica Lopez have something unfinished.",7,ages 10–11,"Kentucky","episode","","",,
T-1155,Thread,played,"You and Heather Hill are still in the middle of something.",5,age 11,"Kentucky","episode","Erica Lopez, your younger brother","",,
T-1156,Thread,played,"You and Charlotte Harrington have something unfinished.",6,ages 10–11,"Kentucky","episode","","",,
T-1157,Thread,played,"Whatever was going on at home with Charlotte Harrington has been quiet for a long time.",1,age 11,"Kentucky","episode","Charlotte Harrington, your younger sister","",,
T-1158,Thread,played,"You and Yosef Harmon are still in the middle of something.",2,age 12,"Kentucky","episode","Yosef Harmon","",,
T-1159,Thread,played,"You and Ivan Villarreal have not spoken in a long time.",7,age 34,"Nebraska","adult","","",,
T-1160,Thread,played,"You and Tracy Powell have not spoken in a long time.",4,age 34,"Nebraska","adult","","",,
T-1161,Thread,played,"You and Julian Chan have something unfinished.",8,age 34,"Nebraska","adult","","",,
T-1162,Thread,played,"Things with Isaiah Michael are not settled.",6,age 34,"Nebraska","adult","","",,
T-1163,Thread,played,"What you said about Isaiah Michael has come round.",3,age 34,"Nebraska","adult","","",,