engine,file,lines,reachable
screens,src/App.tsx,77,true
screens,src/art-desk-entry.tsx,12,true
screens,src/authoring/art-desk-cards.ts,1049,true
screens,src/authoring/art-desk-notifications.ts,89,true
screens,src/authoring/art-desk-request-code.ts,29,true
screens,src/authoring/art-desk-usage.ts,76,true
screens,src/authoring/art-desk.ts,465,true
screens,src/authoring/art-request-intake.ts,1069,false
screens,src/authoring/artbench-request-draft.ts,172,true
screens,src/authoring/artbench-upscale.ts,55,true
screens,src/authoring/artbench.ts,1559,true
screens,src/authoring/asset-bank.ts,625,false
screens,src/authoring/asset-brief.ts,290,true
screens,src/authoring/asset-claim.ts,207,true
screens,src/authoring/asset-compatibility.ts,530,true
screens,src/authoring/asset-lineage.ts,591,true
screens,src/authoring/asset-readiness.ts,579,true
screens,src/authoring/asset-request.ts,422,true
screens,src/authoring/asset-review.ts,192,true
screens,src/authoring/authoring-capture.ts,208,true
screens,src/authoring/canonical-json.ts,62,true
screens,src/authoring/civic-symbols.ts,446,false
screens,src/authoring/dynamic-components.ts,624,false
screens,src/authoring/dynamic-surfaces.ts,339,false
screens,src/authoring/external-packs.ts,444,false
screens,src/authoring/fixtures/dynamic-surface-authoring.ts,545,false
screens,src/authoring/fixtures/external-packs.ts,267,false
screens,src/authoring/fixtures/generation-queue.ts,180,false
screens,src/authoring/fixtures/measured-geometry.ts,200,false
screens,src/authoring/fixtures/production-asset-bank.ts,270,false
screens,src/authoring/fixtures/production-scene-families.ts,319,false
screens,src/authoring/fixtures/production-scenes.ts,1302,false
screens,src/authoring/fixtures/scene-families.ts,273,false
screens,src/authoring/generation-queue.ts,188,false
screens,src/authoring/measured-geometry.ts,559,false
screens,src/authoring/regional-scene-coverage.ts,1017,true
screens,src/authoring/scene-scaffold.ts,760,true
screens,src/authoring/semantic-context.ts,467,false
screens,src/authoring/tier-plan.ts,311,true
screens,src/cli/compare-seeds-options.ts,120,false
screens,src/cli/compare-seeds.ts,41,false
screens,src/cli/content-export.ts,38,false
screens,src/cli/demo.ts,34,false
screens,src/cli/stress-persons.ts,85,false
screens,src/cli/trace-export.ts,170,false
screens,src/connectivity/connectivity-map.ts,685,false
screens,src/connectivity/producer-links.ts,380,false
source-data,src/content/adapters/conversation-subjects.ts,139,true
source-data,src/content/adapters/index.ts,45,true
source-data,src/content/adapters/legislative-blueprints.ts,187,true
source-data,src/content/adapters/legislative-rule-packs.ts,200,true
source-data,src/content/adapters/life-episodes.ts,415,true
source-data,src/content/adapters/life-situations.ts,157,true
source-data,src/content/adapters/ordinary-life.ts,106,true
source-data,src/content/adapters/setup-questionnaire.ts,196,true
source-data,src/content/adapters/simulation-catalogs.ts,471,true
source-data,src/content/content-bank.ts,353,true
source-data,src/content/content-export.ts,252,true
source-data,src/content/content-registry.ts,283,true
source-data,src/content/index.ts,32,true
screens,src/devtools/index.ts,20,true
screens,src/devtools/observer-trace.ts,395,true
screens,src/devtools/review-session.ts,47,true
screens,src/devtools/seed-comparison.ts,491,true
screens,src/devtools/trace-adapters.ts,2393,true
screens,src/devtools/trace-export.ts,236,true
screens,src/devtools/trace-fixture.ts,200,true
screens,src/devtools/trace-index.ts,313,true
screens,src/devtools/trace-model.ts,339,true
screens,src/devtools/trace-sources.ts,94,true
screens,src/devtools/trace-walk.ts,352,true
elections,src/districts/catalog.ts,40,true
elections,src/districts/identities.generated.d.json.ts,24,false
elections,src/districts/members-per-district.ts,54,true
elections,src/districts/place-district-population.generated.d.json.ts,21,false
elections,src/districts/place-membership.generated.d.json.ts,32,false
elections,src/districts/place-membership.ts,210,true
elections,src/districts/place-population-share.ts,56,true
elections,src/districts/place-precinct-population.generated.d.json.ts,31,false
elections,src/districts/query.ts,292,true
elections,src/districts/types.ts,64,true
substrate,src/education/catalog-load.ts,90,true
substrate,src/education/catalog.ts,61,true
substrate,src/education/college-places.ts,93,true
substrate,src/education/compact.ts,119,true
substrate,src/education/study-provider.ts,788,true
substrate,src/education/tuition-prices.ts,466,true
substrate,src/education/types.ts,50,true
substrate,src/education/vintage.ts,136,true
governing,src/environment/environment-scene-spec.ts,2070,true
governing,src/environment/environment-sources.ts,607,true
governing,src/environment/reference/catalog.ts,372,false
governing,src/environment/reference/corpus.ts,1141,false
governing,src/environment/reference/index.ts,15,false
governing,src/environment/reference/resolve.ts,185,false
governing,src/environment/reference/shape.ts,101,false
governing,src/environment/reference/types.ts,141,false
governing,src/environment/scenes/campaign-storefront-production.ts,201,true
governing,src/environment/scenes/civic-community-meeting-room-production.ts,163,true
governing,src/environment/scenes/civic-hearing-room-production.ts,255,true
governing,src/environment/scenes/committee-room-fixture.ts,177,true
governing,src/environment/scenes/courtroom-empty-production.ts,302,true
governing,src/environment/scenes/executive-office-production.ts,287,true
governing,src/environment/scenes/legislative-chamber-production.ts,208,true
governing,src/environment/scenes/office-council-staff-fixture.ts,344,true
governing,src/environment/scenes/park-community-pavilion-production.ts,180,true
governing,src/environment/scenes/press-briefing-room-candidate.ts,129,true
governing,src/environment/scenes/residence-apartment-living-production.ts,546,true
governing,src/environment/scenes/residence-large-house-wave2.ts,624,true
governing,src/environment/scenes/residence-mobile-home-wave2.ts,744,true
governing,src/environment/scenes/residence-rowhouse-wave2.ts,624,true
governing,src/environment/scenes/residence-rural-farmhouse-wave2.ts,777,true
governing,src/environment/scenes/residence-small-apartment-wave2.ts,624,true
governing,src/environment/scenes/residence-suburban-house-wave2.ts,696,true
governing,src/environment/scenes/shared-workroom-office-production.ts,312,true
economy,src/fiscal-authority/query.ts,237,true
screens,src/main.tsx,42,true
screens,src/maps/MapPlaceContext.tsx,105,true
screens,src/maps/PoliticalMap.tsx,1342,true
screens,src/maps/data/membership-candidates.generated.d.json.ts,84,false
screens,src/maps/geometry-runtime.ts,221,true
screens,src/maps/geometry-types.ts,52,true
screens,src/maps/map-preferences.ts,104,true
screens,src/maps/map-preview-entry.tsx,111,false
screens,src/maps/map-view.ts,99,true
screens,src/maps/party-palette.ts,83,true
screens,src/maps/political-map-model.ts,1437,true
screens,src/maps/projection.ts,116,true
screens,src/persistence/sqlite-world-repository.ts,202,false
screens,src/player/AfterOfficeEndorsementPanel.tsx,116,true
screens,src/player/AppearanceOutfitDialog.tsx,55,true
screens,src/player/BackdropSurfaceLayer.tsx,276,true
screens,src/player/BudgetEconomyWorkspace.tsx,213,true
screens,src/player/CalendarWorkspace.tsx,372,true
screens,src/player/CampaignActionChoicesPanel.tsx,146,true
screens,src/player/CampaignFilings.tsx,107,true
screens,src/player/CampaignHoursPanel.tsx,224,true
screens,src/player/CampaignLifePanel.tsx,355,true
screens,src/player/CampaignOwnMoney.tsx,82,true
screens,src/player/CampaignSpendingReports.tsx,77,true
screens,src/player/CampaignWeekPanel.tsx,115,true
screens,src/player/CampaignWorkspace.tsx,1171,true
screens,src/player/CandidateGuidancePanel.tsx,180,false
screens,src/player/CareerPathsPanel.tsx,222,false
screens,src/player/ChildhoodMomentPanel.tsx,125,true
screens,src/player/CivilPersonnelPanel.tsx,511,true
screens,src/player/ClerkFilingPanel.tsx,206,true
screens,src/player/CongressCandidacySection.tsx,159,true
screens,src/player/ConstitutionalWorkspace.tsx,384,true
screens,src/player/ContactsPanel.tsx,379,true
screens,src/player/ContentPackWorkspace.tsx,105,true
screens,src/player/ConversationStrip.tsx,361,true
screens,src/player/CreatorAppearanceStep.tsx,323,true
screens,src/player/CreatorBirthdayFields.tsx,246,true
screens,src/player/CrisisNoticesPanel.tsx,314,true
screens,src/player/DistrictResidencePanel.tsx,231,true
screens,src/player/DocketWorkspace.tsx,2192,true
screens,src/player/EconomicContextPanel.tsx,575,true
screens,src/player/EducationOptionsPanel.tsx,436,true
screens,src/player/EngineAppearanceControls.tsx,354,true
screens,src/player/EnginePerson.tsx,145,true
screens,src/player/ExecutiveBillResults.tsx,73,true
screens,src/player/ExecutiveBudgetRequest.tsx,280,true
screens,src/player/ExecutiveWorkCard.tsx,266,true
screens,src/player/GoverningBriefing.tsx,265,true
screens,src/player/GoverningOfficeDesk.tsx,380,true
screens,src/player/GuideHighlighter.tsx,380,true
screens,src/player/GuideTerm.tsx,354,true
screens,src/player/GuideWorkspace.tsx,188,true
screens,src/player/HeardOfficialViewsList.tsx,60,true
screens,src/player/HomePurchasePanel.tsx,77,true
screens,src/player/IncidentResponsePanel.tsx,253,true
screens,src/player/InterruptionChecklist.tsx,68,true
screens,src/player/JobListingsPanel.tsx,152,true
screens,src/player/JudicialOfficeWork.tsx,186,true
screens,src/player/LegalRecord.tsx,231,true
screens,src/player/LegislationWorkspace.tsx,560,true
screens,src/player/LifeContinuationPanel.tsx,213,true
screens,src/player/LifePathsPanel.tsx,618,true
screens,src/player/LifeStartTransition.tsx,79,true
screens,src/player/MacroConditionsPanel.tsx,142,true
screens,src/player/MeasureFloorSurface.tsx,296,true
screens,src/player/MeasureFloorView.tsx,49,true
screens,src/player/MeasurePaperWorkspace.tsx,381,true
screens,src/player/MeetingStopActions.tsx,90,true
screens,src/player/MemberVotesPanel.tsx,73,true
screens,src/player/ModeledAccountHistory.tsx,129,true
screens,src/player/ModularCharacter.tsx,431,true
screens,src/player/MogulOffersPanel.tsx,104,true
screens,src/player/MoneyLaws.tsx,76,true
screens,src/player/MunicipalWorkspace.tsx,1388,true
screens,src/player/NationalElectionResults.tsx,124,true
screens,src/player/NationwideCandidacyWorkspace.tsx,331,true
screens,src/player/ObserverWorkspace.tsx,578,true
screens,src/player/OfficeOnboardingWorkspace.tsx,344,true
screens,src/player/OfficeScene.tsx,526,true
screens,src/player/OfficeStaffHiring.tsx,128,true
screens,src/player/OfficeTransitionPanel.tsx,99,true
screens,src/player/OpeningStatePopulation.tsx,109,true
screens,src/player/OpeningStateVoting.tsx,163,true
screens,src/player/OpponentActivityPanel.tsx,57,true
screens,src/player/OptionsScreen.tsx,49,true
screens,src/player/OrdinaryMeetingPanel.tsx,296,false
screens,src/player/PartyChapterSurface.tsx,142,true
screens,src/player/PeopleRelationshipWeb.tsx,280,false
screens,src/player/PermanentShell.tsx,221,true
screens,src/player/PersonAppearanceControls.tsx,936,true
screens,src/player/PersonCard.tsx,714,true
screens,src/player/PersonPortrait.tsx,254,true
screens,src/player/PersonSceneActionMenu.tsx,209,true
screens,src/player/PersonalGoalsPanel.tsx,236,true
screens,src/player/PersonalObligations.tsx,112,true
screens,src/player/PersonalRecordWorkspace.tsx,335,true
screens,src/player/PersonalRoutinePanel.tsx,61,true
screens,src/player/PinRail.tsx,178,true
screens,src/player/PlaceConditions.tsx,73,true
screens,src/player/PlacePeopleLayer.tsx,201,true
screens,src/player/PlacesWorkspace.tsx,358,true
screens,src/player/PlayerGame.tsx,5496,true
screens,src/player/PlayerOffice.tsx,613,true
screens,src/player/PreparedAppearanceControls.tsx,282,true
screens,src/player/PressDeskPanel.tsx,651,true
screens,src/player/PressInterviewPanel.tsx,381,true
screens,src/player/PressSourceDesk.tsx,356,true
screens,src/player/PressWorkspace.tsx,699,true
screens,src/player/PublicInformationPanel.tsx,351,true
screens,src/player/QuestionnaireScreenView.tsx,94,true
screens,src/player/QuickDossier.tsx,102,true
screens,src/player/RecallCardsPanel.tsx,78,false
screens,src/player/RecordedSittingAdmission.tsx,92,true
screens,src/player/RetireFromPlayAction.tsx,104,true
screens,src/player/ReturnToTitleAction.tsx,60,true
screens,src/player/RoomMedia.tsx,102,true
screens,src/player/SaveTransferControls.tsx,151,true
screens,src/player/SavedAppearance.tsx,243,true
screens,src/player/SavedPersonFigure.tsx,182,true
screens,src/player/SavesScreen.tsx,184,true
screens,src/player/SceneBackdrop.tsx,918,true
screens,src/player/SceneChapterTransition.tsx,196,true
screens,src/player/SceneConversation.tsx,377,true
screens,src/player/SceneSurfaceLayer.tsx,187,true
screens,src/player/SceneSurfaceReader.tsx,70,true
screens,src/player/SetupScreen.tsx,1145,true
screens,src/player/ShellDossier.tsx,149,true
screens,src/player/ShellNav.tsx,736,true
screens,src/player/ShellPinRail.tsx,328,true
screens,src/player/ShellWorkspaces.tsx,1877,true
screens,src/player/StorySceneDayPanel.tsx,45,false
screens,src/player/SwearingInPanel.tsx,181,true
screens,src/player/TaxWorkWorkspace.tsx,592,true
screens,src/player/TimeCommandDevOverlay.tsx,38,true
screens,src/player/TitleScreen.tsx,600,true
screens,src/player/TitleTableau.tsx,475,true
screens,src/player/TownBusinessesPanel.tsx,45,true
screens,src/player/TransitCashSummary.tsx,44,true
screens,src/player/TransitWorkspace.tsx,296,true
screens,src/player/UX39CalendarGrid.tsx,243,true
screens,src/player/VenueActivityPanel.tsx,140,true
screens,src/player/WardrobeFigure.tsx,257,true
screens,src/player/WorkPendingWorkspace.tsx,155,true
screens,src/player/WorkingDocumentWorkspace.tsx,420,true
screens,src/player/World39Journal.tsx,194,true
screens,src/player/World39News.tsx,295,true
screens,src/player/WorldOrientationEntry.tsx,52,true
screens,src/player/WorldOrientationPanel.tsx,1333,true
screens,src/player/background-save-preparation.ts,82,true
screens,src/player/campaign-planning-layout.ts,66,true
screens,src/player/candidate-establishing-plate.ts,70,true
screens,src/player/controls/AppearanceChoice.tsx,54,true
screens,src/player/controls/GameDateField.tsx,148,true
screens,src/player/controls/GameRange.tsx,37,true
screens,src/player/controls/GameSelect.tsx,584,true
screens,src/player/controls/InlineDayControl.tsx,84,true
screens,src/player/controls/PinToggle.tsx,62,true
screens,src/player/diagnostics-profile.ts,36,true
screens,src/player/education-study-display.ts,81,true
screens,src/player/engine-people29-svg.ts,569,true
screens,src/player/municipal-directory.ts,298,true
screens,src/player/native-session-bridge.ts,27,true
screens,src/player/news/NewsDesk.tsx,411,true
screens,src/player/observer-inspector-entry.ts,13,true
screens,src/player/observer-run-controller.ts,279,true
screens,src/player/observer-run-protocol.ts,22,true
screens,src/player/observer-run.worker.ts,140,true
screens,src/player/opening-life/LifeScenePanel.tsx,302,true
screens,src/player/opening-life/OpeningLifeFlow.tsx,135,true
screens,src/player/overlay-focus.ts,155,true
screens,src/player/overlay-viewport.tsx,124,true
screens,src/player/politics/GovernmentBrowser.tsx,567,true
screens,src/player/politics/JudiciaryPanel.tsx,121,true
screens,src/player/politics/PartyInitiativesPanel.tsx,394,true
screens,src/player/politics/PoliticsTabs.tsx,123,true
screens,src/player/politics/PublicServicePanel.tsx,117,true
screens,src/player/proposal/ProposalLayout.tsx,177,true
screens,src/player/public-information-search.ts,40,true
screens,src/player/public-information-views.ts,46,true
screens,src/player/raster-material.ts,37,true
screens,src/player/return-to-title-bridge.ts,31,true
screens,src/player/room-press-read.ts,29,true
screens,src/player/save-preparation.worker.ts,28,true
screens,src/player/time-command-runner.tsx,309,true
screens,src/player/use-crisis-stop.ts,48,true
screens,src/player/useRasterTier.ts,119,true
screens,src/player/useSceneTransform.ts,112,true
screens,src/player/useShell.ts,162,true
screens,src/player/useWorldOrientation.ts,59,true
screens,src/player/ux39-calendar-dates.ts,57,true
screens,src/presentation/SocialInvitationPanel.tsx,118,true
screens,src/presentation/activity-attendance.ts,48,true
screens,src/presentation/adult-life.ts,668,true
screens,src/presentation/appearance-engine/anchors.ts,116,true
screens,src/presentation/appearance-engine/assemble.ts,322,true
screens,src/presentation/appearance-engine/checks.ts,119,false
screens,src/presentation/appearance-engine/cloth-edges.ts,43,true
screens,src/presentation/appearance-engine/compose-turns.ts,44,true
screens,src/presentation/appearance-engine/expression-chooser.ts,372,true
screens,src/presentation/appearance-engine/extract.ts,595,false
screens,src/presentation/appearance-engine/fabric.ts,167,true
screens,src/presentation/appearance-engine/face-extras.ts,322,true
screens,src/presentation/appearance-engine/hair-face-window.ts,109,true
screens,src/presentation/appearance-engine/hero-posture.ts,64,true
screens,src/presentation/appearance-engine/marital-status.ts,14,true
screens,src/presentation/appearance-engine/pack.ts,1330,true
screens,src/presentation/appearance-engine/pose-chooser.ts,248,true
screens,src/presentation/appearance-engine/raster.ts,92,true
screens,src/presentation/appearance-engine/recipe.ts,413,true
screens,src/presentation/appearance-engine/register.ts,62,false
screens,src/presentation/appearance-engine/runtime.ts,192,true
screens,src/presentation/appearance-engine/skin.ts,209,true
screens,src/presentation/appearance-engine/white-matte.ts,167,true
screens,src/presentation/appearance-lifecycle.ts,107,true
screens,src/presentation/art-preview.ts,259,true
screens,src/presentation/backdrop-people.ts,683,true
screens,src/presentation/backdrop-surfaces.ts,881,true
screens,src/presentation/backdrop-urls.ts,19,true
english,src/presentation/bank-english.ts,593,true
screens,src/presentation/bill-paper.ts,290,true
screens,src/presentation/browser-shell-state.ts,462,true
screens,src/presentation/browser-world-repository-protocol.ts,241,true
screens,src/presentation/browser-world-repository.ts,2292,true
screens,src/presentation/budget-economy.ts,307,true
screens,src/presentation/build-profile.ts,17,true
screens,src/presentation/bundled-art.ts,96,true
screens,src/presentation/calendar-campaign-life.ts,176,true
screens,src/presentation/calendar-time-control.ts,316,true
screens,src/presentation/campaign-compliance-projection.ts,173,true
screens,src/presentation/campaign-hours-text.ts,14,true
screens,src/presentation/campaign-life-actions.ts,294,true
screens,src/presentation/campaign-life-surface.ts,629,true
screens,src/presentation/campaign-office-discovery.ts,131,true
screens,src/presentation/campaign-projection.ts,1573,true
screens,src/presentation/campaign-spending-reports.ts,123,true
screens,src/presentation/campaign-strategy.ts,334,true
screens,src/presentation/campus-backdrops.ts,147,true
screens,src/presentation/candidate-guidance-prose.ts,60,true
screens,src/presentation/candidate-guidance-scene.ts,423,true
screens,src/presentation/candidate-review.ts,558,true
screens,src/presentation/career-path7-provider.ts,17,true
screens,src/presentation/career-wage.ts,34,true
screens,src/presentation/catalog-approval.ts,133,false
screens,src/presentation/catalog-family-label.ts,27,false
screens,src/presentation/character-components.ts,3259,true
screens,src/presentation/character-proof.ts,282,true
screens,src/presentation/character-render-plan.ts,401,true
screens,src/presentation/character-review-framing.ts,50,true
story,src/presentation/childhood.ts,502,true
screens,src/presentation/civic-glossary.ts,107,true
screens,src/presentation/civic-hold.ts,29,true
screens,src/presentation/civil-personnel-evidence.ts,127,true
screens,src/presentation/clerk-filing-scene.ts,704,true
screens,src/presentation/compiled-art-consumers.ts,236,false
screens,src/presentation/complete-outfit.ts,549,true
screens,src/presentation/component-masters.ts,273,true
screens,src/presentation/congress-candidacy.ts,349,true
screens,src/presentation/content-pack-import.ts,15,true
screens,src/presentation/contextual-scene-families.ts,2036,true
screens,src/presentation/contextual-scene-producers.ts,1414,true
story,src/presentation/contextual-scenes.ts,673,true
story,src/presentation/conversation-consequences.ts,416,true
story,src/presentation/conversation-contact.ts,102,true
story,src/presentation/conversation-continuity.ts,369,true
english,src/presentation/conversation-register.ts,32,true
story,src/presentation/conversation-subjects.ts,1576,true
screens,src/presentation/council-meeting-agenda.ts,77,false
screens,src/presentation/courtroom-presence.ts,51,true
screens,src/presentation/creator-appearance-preview.ts,161,true
screens,src/presentation/creator-character.ts,58,true
screens,src/presentation/creator-full-birthday.ts,249,true
screens,src/presentation/creator-hometown-page.ts,73,true
screens,src/presentation/creator-location.ts,143,true
screens,src/presentation/creator-name-preview.ts,46,true
screens,src/presentation/crisis-shell.ts,477,true
screens,src/presentation/current-matters.ts,47,true
screens,src/presentation/day-clothing.ts,101,true
screens,src/presentation/day-overview.ts,482,true
screens,src/presentation/day-rhythm.ts,48,false
screens,src/presentation/death-news.ts,58,true
screens,src/presentation/district-selection.ts,161,true
screens,src/presentation/dress-code.ts,93,true
screens,src/presentation/economic-context-bindings.ts,156,true
screens,src/presentation/economic-context-browser-types.ts,186,true
screens,src/presentation/economic-context-browser.ts,628,true
screens,src/presentation/economic-context.ts,211,true
screens,src/presentation/economic-graphs.ts,319,true
screens,src/presentation/economy-visibility.ts,106,true
english,src/presentation/election-speech-english.ts,305,true
screens,src/presentation/enact-law-fixture.ts,133,false
screens,src/presentation/engine-people29-data.ts,414,true
screens,src/presentation/engine-people29-review.ts,131,true
english,src/presentation/english-composition.ts,544,true
english,src/presentation/english-grades.ts,60,true
english,src/presentation/english-grammar.ts,236,true
english,src/presentation/everyday-english.ts,117,true
screens,src/presentation/executive-bill-results.ts,91,true
screens,src/presentation/executive-entry.ts,65,true
screens,src/presentation/executive-inbox.ts,133,true
screens,src/presentation/executive-scene-offers.ts,96,false
screens,src/presentation/executive-work.ts,299,true
screens,src/presentation/fiscal-authority-work.ts,182,false
screens,src/presentation/formative-context.ts,462,true
screens,src/presentation/formative-play.ts,637,true
screens,src/presentation/funded-service-capability.ts,279,true
screens,src/presentation/garment-fit.ts,1422,true
screens,src/presentation/governing-briefing.ts,182,true
screens,src/presentation/governing-office-desk.ts,518,true
english,src/presentation/grounded-english.ts,320,true
screens,src/presentation/guide-terms.ts,380,true
screens,src/presentation/home-purchase-view.ts,78,true
screens,src/presentation/home-scenes.ts,184,true
screens,src/presentation/household-papers.ts,148,true
screens,src/presentation/interruption-policy.ts,144,true
screens,src/presentation/intro-placement-trace.ts,72,true
english,src/presentation/job-listings-english.ts,74,true
screens,src/presentation/job-listings-view.ts,302,true
story,src/presentation/journal-chapters.ts,225,false
story,src/presentation/journal-first-person.ts,199,true
story,src/presentation/journal-own-case.ts,51,true
story,src/presentation/journal-significance.ts,33,true
story,src/presentation/journal-views.ts,321,true
screens,src/presentation/judicial-office.ts,86,true
screens,src/presentation/judiciary.ts,110,true
screens,src/presentation/law-effects-here.ts,155,true
screens,src/presentation/law-effects-prose.ts,204,true
screens,src/presentation/law-exposure-lines.ts,382,true
screens,src/presentation/learned-traits.ts,147,true
english,src/presentation/legal-record-english.ts,47,true
screens,src/presentation/legal-record.ts,186,true
screens,src/presentation/legislation-analysis.ts,583,true
screens,src/presentation/legislation-bundle-composition.ts,691,false
screens,src/presentation/legislation-bundle-docket.ts,634,false
screens,src/presentation/legislation-composition.ts,385,true
screens,src/presentation/legislation-content-catalog.ts,621,true
screens,src/presentation/legislation-docket-selection.ts,70,true
screens,src/presentation/legislation-docket.ts,1391,true
screens,src/presentation/legislation-estimate-action.ts,449,true
screens,src/presentation/legislation-projection.ts,618,true
screens,src/presentation/legislation-session.ts,660,true
screens,src/presentation/legislation-world.ts,886,true
screens,src/presentation/legislative-authored-sitting.ts,502,true
screens,src/presentation/legislative-bargaining-actions.ts,513,true
screens,src/presentation/legislative-bargaining-brief.ts,354,true
screens,src/presentation/legislative-bargaining-fixture.ts,496,true
screens,src/presentation/legislative-bargaining-world.ts,481,true
screens,src/presentation/legislative-bargaining.ts,1365,true
screens,src/presentation/legislative-context-person.ts,52,true
english,src/presentation/legislative-cost-objection-english.ts,204,true
screens,src/presentation/legislative-current-member-action.ts,198,false
english,src/presentation/legislative-dialogue-motifs.ts,278,true
screens,src/presentation/legislative-filing-entry.ts,90,true
screens,src/presentation/legislative-fiscal-proposal.ts,38,false
screens,src/presentation/legislative-member-seat.ts,377,true
english,src/presentation/legislative-motif-english.ts,1043,true
screens,src/presentation/legislative-office-context.ts,287,true
screens,src/presentation/legislative-procedure-availability.ts,99,true
screens,src/presentation/legislative-routine-plan.ts,362,false
screens,src/presentation/legislative-session-window.ts,26,true
screens,src/presentation/lie-marker.ts,70,true
screens,src/presentation/life-continuation-shell.ts,144,true
story,src/presentation/life-conversation.ts,1124,true
screens,src/presentation/life-diagnostics.ts,610,false
screens,src/presentation/life-introduction.ts,320,true
story,src/presentation/life-narration.ts,966,true
screens,src/presentation/life-record.ts,412,true
english,src/presentation/life-reply-english.ts,252,true
screens,src/presentation/life-scene-flow.ts,954,true
screens,src/presentation/life-scene-people.ts,995,true
screens,src/presentation/life-scene.ts,189,true
english,src/presentation/life-so-far-english.ts,181,true
screens,src/presentation/life-story.ts,1096,true
story,src/presentation/life-talk-conversation.ts,261,true
story,src/presentation/life-talk-presence.ts,39,true
story,src/presentation/life-talk-proposals.ts,87,true
story,src/presentation/life-talk-running.ts,536,true
story,src/presentation/life-talk-topics.ts,287,true
screens,src/presentation/life-time-handlers.ts,12,true
screens,src/presentation/lives-record.ts,180,true
screens,src/presentation/living-scene-facts.ts,456,true
screens,src/presentation/living-scene-prose.ts,313,true
screens,src/presentation/living-scene-surfaces.ts,368,true
screens,src/presentation/living-world-orientation.ts,192,true
screens,src/presentation/local-economy-carried.ts,254,true
screens,src/presentation/local-governing-seat.ts,125,true
screens,src/presentation/location-art-review.ts,36,true
screens,src/presentation/location-surfaces.ts,34,true
screens,src/presentation/macro-conditions.ts,340,true
screens,src/presentation/map-place-demography.ts,314,true
screens,src/presentation/meeting-home-route.ts,166,true
screens,src/presentation/member-votes.ts,75,true
screens,src/presentation/modeled-account-history.ts,323,true
screens,src/presentation/mogul-offers-view.ts,103,true
screens,src/presentation/money-display.ts,15,true
screens,src/presentation/money-laws.ts,255,true
screens,src/presentation/municipal-governing.ts,684,true
screens,src/presentation/municipal-ordinance-paper.ts,52,true
screens,src/presentation/municipal-orientation-holder.ts,77,true
screens,src/presentation/municipal-venue.ts,39,true
screens,src/presentation/municipal-workspace.ts,200,true
screens,src/presentation/national-election-results.ts,106,true
screens,src/presentation/nationwide-candidacy.ts,219,true
screens,src/presentation/new-game-birthday.ts,51,true
screens,src/presentation/new-game-geography.ts,418,true
screens,src/presentation/new-game-identity.ts,656,true
screens,src/presentation/new-game.ts,736,true
screens,src/presentation/news-front-page.ts,264,true
screens,src/presentation/news-headlines.ts,12,true
screens,src/presentation/observer-history-checkpoint.ts,98,true
screens,src/presentation/observer-world.ts,654,true
screens,src/presentation/offer-deadlines.ts,184,true
screens,src/presentation/office-onboarding.ts,550,true
screens,src/presentation/office-response.ts,348,true
screens,src/presentation/office-transition.ts,396,true
screens,src/presentation/office-vote-instruction.ts,259,true
screens,src/presentation/one-save-slots.ts,14,true
screens,src/presentation/open-saved-played-life.ts,12,true
screens,src/presentation/opening-federal-geography.ts,4,true
screens,src/presentation/opening-life.ts,786,true
screens,src/presentation/opening-officeholders.ts,354,true
screens,src/presentation/opening-prior-service.ts,152,true
screens,src/presentation/opening-region-context.ts,43,true
screens,src/presentation/opening-region-profiles.ts,72,true
screens,src/presentation/opening-regional-candidates.ts,118,true
screens,src/presentation/opening-regional-eligibility.ts,86,false
screens,src/presentation/opening-regional-plate.ts,135,true
screens,src/presentation/opening-state-estimates.ts,39,true
screens,src/presentation/opening-story.ts,368,true
screens,src/presentation/opening-tour-people.ts,298,true
screens,src/presentation/opening-work-location.ts,110,true
screens,src/presentation/opening-world-snapshot.ts,140,true
screens,src/presentation/optional-glob.ts,29,true
screens,src/presentation/ordinary-community.ts,177,true
screens,src/presentation/ordinary-life.ts,812,true
screens,src/presentation/ordinary-meeting-actions.ts,471,true
screens,src/presentation/ordinary-meeting-scene.ts,213,true
screens,src/presentation/organization-ref.ts,26,true
screens,src/presentation/own-election.ts,142,true
screens,src/presentation/party-chapter-actions.ts,148,true
screens,src/presentation/party-chapter-surface.ts,118,true
screens,src/presentation/party-initiatives.ts,282,true
screens,src/presentation/people-contacts.ts,496,true
screens,src/presentation/people-continuation.ts,411,true
screens,src/presentation/people-directory.ts,336,true
screens,src/presentation/people-goals.ts,669,true
screens,src/presentation/people-recall-cards.ts,73,false
english,src/presentation/person-card-english.ts,87,true
screens,src/presentation/person-contact.ts,213,true
story,src/presentation/person-conversation-entry.ts,107,true
screens,src/presentation/person-dossier.ts,772,true
screens,src/presentation/person-render-snapshot.ts,103,true
screens,src/presentation/person-scene-appearance.ts,8,true
screens,src/presentation/person-visual-selection.ts,343,true
screens,src/presentation/person-visual.ts,156,true
screens,src/presentation/personal-obligations.ts,222,true
screens,src/presentation/personal-record.ts,251,true
screens,src/presentation/place-backdrops.ts,659,true
screens,src/presentation/place-conditions.ts,399,true
screens,src/presentation/place-hometown-population.ts,154,true
screens,src/presentation/place-journey-backdrop.ts,16,true
screens,src/presentation/place-regional-facts.ts,111,true
screens,src/presentation/place-start-summary.ts,55,true
screens,src/presentation/place-travel.ts,201,true
screens,src/presentation/play-scene-context.ts,486,true
screens,src/presentation/player-calendar.ts,255,true
screens,src/presentation/player-capabilities.ts,234,true
story,src/presentation/player-conversation.ts,353,true
screens,src/presentation/player-copy.ts,172,false
screens,src/presentation/player-places.ts,281,true
screens,src/presentation/playtest65-visual-layout.ts,104,true
screens,src/presentation/politics-government.ts,1249,true
screens,src/presentation/politics-issues.ts,45,true
screens,src/presentation/portable-save.ts,586,true
screens,src/presentation/pose-control-plate.ts,354,true
screens,src/presentation/pose-families.ts,1112,true
screens,src/presentation/pose-proof.ts,410,true
screens,src/presentation/pose41-adapter.ts,157,true
screens,src/presentation/practical-activity.ts,38,false
screens,src/presentation/practical-opportunities.ts,135,true
screens,src/presentation/press-desk-stories.ts,149,true
screens,src/presentation/press-disclosure.ts,270,true
english,src/presentation/press-english.ts,321,true
screens,src/presentation/press-request.ts,247,true
screens,src/presentation/prior-work-evidence.ts,82,true
screens,src/presentation/private-candidate-manifests.ts,157,true
screens,src/presentation/private-test-inputs.ts,21,false
screens,src/presentation/production-office.ts,222,true
screens,src/presentation/production-world.ts,2029,true
screens,src/presentation/prose-dates.ts,82,true
screens,src/presentation/protest-presence.ts,32,true
screens,src/presentation/public-information-adapters.ts,106,true
screens,src/presentation/public-service-conditions.ts,168,true
screens,src/presentation/publish-executive-transition.ts,54,true
screens,src/presentation/publish-legislative-transition.ts,71,true
screens,src/presentation/quiet-stretch.ts,297,true
screens,src/presentation/raster-tiers.ts,401,true
screens,src/presentation/recall.ts,112,true
screens,src/presentation/recorded-room-presence.ts,136,true
screens,src/presentation/regional-opening-plate.ts,217,true
screens,src/presentation/relationship-strain.ts,38,true
screens,src/presentation/relationship-web.ts,612,true
screens,src/presentation/release-identity.ts,119,true
screens,src/presentation/rent-estimate.ts,31,true
english,src/presentation/reply-meaning.ts,373,true
screens,src/presentation/room-media.ts,253,true
screens,src/presentation/routine-outcome.ts,178,true
screens,src/presentation/run-a-fixture.ts,191,true
screens,src/presentation/run-a-layout.ts,107,false
screens,src/presentation/run-a-learning.ts,46,true
screens,src/presentation/run-a-projection.ts,254,true
screens,src/presentation/run-a-state.ts,216,true
screens,src/presentation/run-b-conversation-progress.ts,418,true
screens,src/presentation/run-b-conversation-state.ts,174,true
screens,src/presentation/run-b-conversation.ts,2409,true
screens,src/presentation/run-b-fixture.ts,106,true
screens,src/presentation/run-b-layout.ts,114,false
screens,src/presentation/run-c-document-state.ts,72,true
screens,src/presentation/run-c-working-document.ts,1049,true
screens,src/presentation/run-d-lite-state.ts,50,true
screens,src/presentation/run-d-lite.ts,490,true
screens,src/presentation/runtime-art.ts,135,true
screens,src/presentation/runtime-text-origin.ts,37,true
screens,src/presentation/save-role-summary.ts,213,true
screens,src/presentation/scene-composition.ts,532,true
screens,src/presentation/scene-consumers.ts,397,true
story,src/presentation/scene-conversation-frame.ts,239,true
story,src/presentation/scene-conversation.ts,581,true
screens,src/presentation/scene-framing.ts,182,true
screens,src/presentation/scene-frozen-alpha.ts,61,true
screens,src/presentation/scene-occlusion.ts,37,true
screens,src/presentation/scene-occupancy.ts,58,true
screens,src/presentation/scene-person-reasons.ts,179,true
screens,src/presentation/scene-placement.ts,467,true
screens,src/presentation/scene-player-presence.ts,19,true
screens,src/presentation/scene-proof.ts,154,true
screens,src/presentation/scene-registry.ts,415,true
screens,src/presentation/scene-slot-contract.ts,30,true
screens,src/presentation/scene-source-pose.ts,125,true
screens,src/presentation/scene-transform.ts,258,true
screens,src/presentation/scene-venues.ts,417,true
screens,src/presentation/scheduled-activity-choice.ts,380,true
screens,src/presentation/session-seed.ts,65,true
screens,src/presentation/setup-questionnaire-flow.ts,193,true
screens,src/presentation/sha256.ts,81,true
screens,src/presentation/shell-navigation.ts,1100,true
screens,src/presentation/situation-scene.ts,422,true
english,src/presentation/small-talk-english.ts,907,true
screens,src/presentation/social-invitation-language.ts,88,true
screens,src/presentation/social-invitation.ts,553,true
screens,src/presentation/speaker-traits.ts,56,true
english,src/presentation/speech-registers.ts,428,true
english,src/presentation/speech-remembered-english.ts,189,true
screens,src/presentation/spoken-exchange.ts,79,true
screens,src/presentation/state-executive-term-description.ts,67,true
screens,src/presentation/state-voting-context.ts,300,true
screens,src/presentation/story-scene-day.ts,140,true
screens,src/presentation/story-scene-player-options.ts,80,false
screens,src/presentation/story-scene-resolver.ts,784,true
english,src/presentation/story-voice.ts,99,true
english,src/presentation/subject-reply-english.ts,1467,true
screens,src/presentation/surface-binding.ts,274,true
screens,src/presentation/surface-projection.ts,274,true
screens,src/presentation/surface-review.ts,84,true
english,src/presentation/talk-choice-english.ts,140,false
screens,src/presentation/tax-enactment-input.ts,71,false
screens,src/presentation/tax-work.ts,402,true
screens,src/presentation/text39-ui-copy.ts,43,true
screens,src/presentation/time-command.ts,573,true
screens,src/presentation/time-target-label.ts,49,true
screens,src/presentation/title-ambient.ts,268,true
screens,src/presentation/title-civic-rotation.ts,329,true
screens,src/presentation/title-engine-hero.ts,66,true
screens,src/presentation/title-hero.ts,90,true
screens,src/presentation/title-lectern-hero.ts,130,true
screens,src/presentation/title-lectern-pose.ts,110,true
screens,src/presentation/title-lectern-scene.ts,104,true
screens,src/presentation/title-picture-hero.ts,79,true
screens,src/presentation/title-tableau.ts,400,true
screens,src/presentation/title41-private-inputs.ts,57,true
screens,src/presentation/town-businesses-view.ts,92,true
screens,src/presentation/transit-cash-snapshot.ts,88,true
screens,src/presentation/transit-report-reading.ts,149,true
screens,src/presentation/transit-work.ts,211,true
screens,src/presentation/unsaved-work-guard.ts,86,true
screens,src/presentation/venue-activity.ts,898,true
screens,src/presentation/visual-integration.ts,880,true
english,src/presentation/work-session-english.ts,10,true
english,src/presentation/work-start-journal-english.ts,182,false
screens,src/presentation/work-uniform.ts,126,true
screens,src/presentation/workplace-presence.ts,95,true
screens,src/presentation/workspace-layout.ts,57,true
screens,src/presentation/world-change-guard.ts,72,true
screens,src/presentation/world-orientation-contract.ts,24,true
screens,src/presentation/world-orientation.ts,429,true
screens,src/presentation/world-recap.ts,421,true
story,src/presentation/world39-journal.ts,749,true
screens,src/presentation/world39-news.ts,388,true
screens,src/release/build-identity.ts,44,true
source-data,src/research/built-since.ts,156,false
source-data,src/research/research-request.ts,995,false
screens,src/review.tsx,11,true
substrate,src/simulation/adult-situations.ts,2614,true
campaigns,src/simulation/after-office-endorsements.ts,825,true
elections,src/simulation/age-of-majority.ts,85,true
economy,src/simulation/aggregate-customers.ts,30,true
substrate,src/simulation/appearance-material.ts,65,true
elections,src/simulation/apportionment.ts,107,false
legislatures,src/simulation/bill-numbering-derivation.ts,439,true
legislatures,src/simulation/bill-numbering-styles.generated.ts,1209,true
legislatures,src/simulation/bill-numbering-styles.ts,86,true
substrate,src/simulation/birth-rates.ts,32,true
laws,src/simulation/business-tax-payers.ts,32,true
campaigns,src/simulation/campaign-canvass.ts,443,true
campaigns,src/simulation/campaign-compliance-rules.ts,441,true
campaigns,src/simulation/campaign-compliance.generated.ts,208,true
campaigns,src/simulation/campaign-compliance.ts,853,true
campaigns,src/simulation/campaign-contact-calibration.ts,76,true
campaigns,src/simulation/campaign-donors.ts,366,true
campaigns,src/simulation/campaign-geography.ts,44,true
campaigns,src/simulation/campaign-help-decision.ts,43,true
campaigns,src/simulation/campaign-helpers.ts,537,true
campaigns,src/simulation/campaign-integrity.ts,859,true
campaigns,src/simulation/campaign-life-activities.ts,2479,true
campaigns,src/simulation/campaign-life-catalog.ts,169,true
campaigns,src/simulation/campaign-life-handlers.ts,30,true
campaigns,src/simulation/campaign-life-integrity.ts,212,true
campaigns,src/simulation/campaign-life-types.ts,294,true
campaigns,src/simulation/campaign-managers.ts,263,true
campaigns,src/simulation/campaign-money-source-queries.ts,57,true
campaigns,src/simulation/campaign-money-sources.ts,549,true
campaigns,src/simulation/campaign-operating-costs.ts,404,true
campaigns,src/simulation/campaign-opponent-integrity.ts,270,true
campaigns,src/simulation/campaign-opponents.ts,1565,true
campaigns,src/simulation/campaign-polling-estimate.ts,213,true
campaigns,src/simulation/campaign-polling.ts,111,true
campaigns,src/simulation/campaign-queries.ts,280,true
campaigns,src/simulation/campaign-recognition.ts,158,true
campaigns,src/simulation/campaign-routine.ts,353,true
campaigns,src/simulation/campaign-speeches.ts,283,true
campaigns,src/simulation/campaign-stands.ts,130,true
campaigns,src/simulation/campaign-support.ts,361,true
campaigns,src/simulation/campaign-week-actions.ts,340,true
campaigns,src/simulation/campaign-weekly-plan-integrity.ts,281,true
campaigns,src/simulation/campaign-weekly-plans.ts,1418,true
campaigns,src/simulation/campaigns.ts,2881,true
elections,src/simulation/candidacy-packs.ts,657,true
elections,src/simulation/candidacy.ts,1034,true
elections,src/simulation/candidate-filing-terms.ts,115,true
elections,src/simulation/candidate-petition-review.ts,115,false
elections,src/simulation/candidate-petitions.ts,330,true
elections,src/simulation/candidate-qualification.ts,406,true
substrate,src/simulation/canonical-json.ts,206,true
economy,src/simulation/career-path7.ts,746,true
economy,src/simulation/careers/another-term-decision.ts,15,true
economy,src/simulation/careers/another-term.ts,506,true
story,src/simulation/character-history.ts,4641,true
story,src/simulation/childhood-record-queries.ts,96,false
story,src/simulation/childhood-record.ts,246,true
courts,src/simulation/citizenship-creation.ts,64,true
courts,src/simulation/citizenship-types.ts,31,true
courts,src/simulation/citizenship.ts,300,true
governing,src/simulation/civic-office-definitions.ts,60,true
governing,src/simulation/civil-personnel-actions.ts,2283,true
governing,src/simulation/civil-personnel-contract.ts,151,true
governing,src/simulation/civil-personnel-integrity.ts,578,true
governing,src/simulation/civil-personnel-rules.ts,43,true
governing,src/simulation/civil-personnel-sources.generated.ts,3897,true
governing,src/simulation/civil-personnel-start.ts,379,true
governing,src/simulation/civil-personnel.ts,585,true
story,src/simulation/claim-contradiction-routes.ts,57,true
story,src/simulation/claim-contradictions.ts,626,true
laws,src/simulation/claim-stances.ts,233,true
substrate,src/simulation/coming-of-age.ts,71,true
substrate,src/simulation/commitment-seam.ts,280,true
substrate,src/simulation/compiled-trait-packs.ts,24,true
economy,src/simulation/completed-hourly-gross.ts,30,true
substrate,src/simulation/confidants.ts,108,true
legislatures,src/simulation/congress-rule-pack.ts,567,true
governing,src/simulation/constituent-casework-routing.ts,248,true
legislatures,src/simulation/constitutional-process.ts,1366,true
legislatures,src/simulation/constitutional-ratification-rules.ts,204,true
legislatures,src/simulation/constitutional-sources.generated.ts,44,true
legislatures,src/simulation/constitutional-types.ts,148,true
laws,src/simulation/consumer-loan-law.ts,90,true
story,src/simulation/contextual-character-history.ts,196,true
economy,src/simulation/cost-of-living.ts,674,true
economy,src/simulation/county-budget-record.ts,104,true
substrate,src/simulation/county-citizenship.generated.d.json.ts,32,false
substrate,src/simulation/county-citizenship.ts,59,true
economy,src/simulation/county-home-value.generated.ts,20,true
economy,src/simulation/county-home-value.ts,87,true
governing,src/simulation/county-service-authority.ts,79,true
governing,src/simulation/county-services.ts,87,true
substrate,src/simulation/couple-stage-contract.ts,72,true
substrate,src/simulation/couple-stage-data.ts,78,true
substrate,src/simulation/couples.ts,451,true
courts,src/simulation/crime/causes.ts,137,true
courts,src/simulation/crime/contract.ts,148,true
courts,src/simulation/crime/dated-inputs.ts,146,true
courts,src/simulation/crime/index.ts,6,true
courts,src/simulation/crime/journal.ts,65,true
courts,src/simulation/crime/offenders.ts,456,true
courts,src/simulation/crime/producer.ts,1220,true
courts,src/simulation/crime/reporting.ts,456,true
governing,src/simulation/crisis/ambient.ts,24,true
substrate,src/simulation/crisis/condition-onset.ts,153,true
substrate,src/simulation/crisis/condition-pack.ts,597,true
governing,src/simulation/crisis/continuity.ts,118,true
substrate,src/simulation/crisis/death-causes.ts,144,true
substrate,src/simulation/crisis/death-notices.ts,179,true
governing,src/simulation/crisis/disaster-warrants.ts,32,true
governing,src/simulation/crisis/disaster.ts,1088,true
governing,src/simulation/crisis/epidemic.ts,1361,true
substrate,src/simulation/crisis/fatal-illness.ts,186,true
governing,src/simulation/crisis/fixed-point.ts,75,true
governing,src/simulation/crisis/handling-reactions.ts,456,true
governing,src/simulation/crisis/hazard-producer.ts,608,true
governing,src/simulation/crisis/hazard.ts,216,true
substrate,src/simulation/crisis/health-coverage-exposure.ts,34,true
substrate,src/simulation/crisis/health-coverage-pass.ts,63,true
substrate,src/simulation/crisis/health-coverage.ts,562,true
substrate,src/simulation/crisis/health-queries.ts,100,true
substrate,src/simulation/crisis/health.ts,760,true
governing,src/simulation/crisis/index.ts,126,true
governing,src/simulation/crisis/international-test-actors.ts,31,false
governing,src/simulation/crisis/international.ts,1305,true
laws,src/simulation/crisis/medicare-drug-negotiation.ts,65,true
substrate,src/simulation/crisis/mortality-table.ts,85,true
substrate,src/simulation/crisis/mortality.ts,666,true
governing,src/simulation/crisis/notices.ts,496,true
governing,src/simulation/crisis/offices.ts,279,true
governing,src/simulation/crisis/official-funeral.ts,253,true
governing,src/simulation/crisis/outside-shock.ts,124,true
governing,src/simulation/crisis/political-attack-intent.ts,301,true
governing,src/simulation/crisis/records.ts,551,true
substrate,src/simulation/crisis/snap-participation-producer.ts,49,true
substrate,src/simulation/crisis/snap-participation.ts,80,true
governing,src/simulation/crisis/storm-catalog.generated.d.json.ts,97,false
governing,src/simulation/crisis/types.ts,424,true
governing,src/simulation/crisis-office-continuity.ts,4,false
governing,src/simulation/crisis-response-funding-rows.ts,42,true
laws,src/simulation/crisis-standing-appropriations.ts,109,true
economy,src/simulation/currency-code.ts,2,true
laws,src/simulation/data-tables.ts,22,true
substrate,src/simulation/dates.ts,534,true
legislatures,src/simulation/dc-council-sittings.ts,306,true
substrate,src/simulation/decision-peer-estimates.ts,163,true
substrate,src/simulation/decision-scores.ts,51,true
substrate,src/simulation/decisions.ts,843,true
substrate,src/simulation/degree-levels.ts,93,true
substrate,src/simulation/demo-jurisdiction-context.ts,46,true
substrate,src/simulation/demo.ts,846,true
elections,src/simulation/district-residence.ts,897,true
campaigns,src/simulation/door-conversations.ts,241,true
laws,src/simulation/earned-law-pay-integrity.ts,496,true
economy,src/simulation/economy.ts,346,true
substrate,src/simulation/education-study-progression.ts,1165,true
substrate,src/simulation/education-study-terms.ts,299,true
laws,src/simulation/effect-records.ts,995,true
elections,src/simulation/election-candidate-prospect.ts,129,true
elections,src/simulation/election-contests.ts,1349,true
laws,src/simulation/enacted-appropriations.ts,176,true
laws,src/simulation/enacted-coverage.ts,249,true
laws,src/simulation/enacted-duties.ts,575,true
laws,src/simulation/enacted-duty-integrity.ts,142,true
laws,src/simulation/enacted-eligibility.ts,162,true
laws,src/simulation/enacted-law-effects.ts,1012,true
laws,src/simulation/enacted-program-terms.ts,194,true
laws,src/simulation/enacted-rule-changes.ts,1456,true
story,src/simulation/episode-bank.ts,2605,true
substrate,src/simulation/event-index.ts,69,true
substrate,src/simulation/evidence-integrity.ts,507,true
substrate,src/simulation/evidence.ts,325,true
governing,src/simulation/executive-action-authority.ts,99,true
governing,src/simulation/executive-authority-game-profile.ts,659,true
governing,src/simulation/executive-authority-rule-packs.ts,94,true
governing,src/simulation/executive-authority-rules.ts,841,true
governing,src/simulation/executive-governing-kernel-bank.ts,3689,true
governing,src/simulation/executive-governing-kernels.ts,1231,true
governing,src/simulation/executive-work-context.ts,539,true
governing,src/simulation/executive-work-entry.ts,534,true
governing,src/simulation/executive-work.ts,836,true
laws,src/simulation/fairness-pay-law.ts,157,true
substrate,src/simulation/faith-record.ts,456,true
substrate,src/simulation/family-shape.ts,247,true
legislatures,src/simulation/favor-collection.ts,623,true
legislatures,src/simulation/favors.ts,480,true
laws,src/simulation/federal-cost-ledger.ts,152,true
laws,src/simulation/federal-data-privacy-law.ts,255,true
laws,src/simulation/federal-defense-spending.ts,61,true
laws,src/simulation/federal-farm-payments.ts,162,true
laws,src/simulation/federal-farm-subsidy-law.ts,30,true
laws,src/simulation/federal-outlay-laws.ts,240,true
laws,src/simulation/federal-passenger-rail.ts,20,true
laws,src/simulation/federal-state-program-payments.ts,383,true
governing,src/simulation/federal-tenures.ts,142,true
laws,src/simulation/federal-top-income-tax-law.ts,92,true
elections,src/simulation/filing-office.ts,168,true
campaigns,src/simulation/filing-visit.ts,265,true
substrate,src/simulation/future-transition-registry.ts,126,true
substrate,src/simulation/future-transitions.ts,1087,true
substrate,src/simulation/given-name-cohorts.ts,143,true
legislatures,src/simulation/governing/amendment-authors.ts,702,true
legislatures,src/simulation/governing/article-v.ts,859,true
legislatures,src/simulation/governing/automatic-legislation.ts,1422,true
legislatures,src/simulation/governing/body-partisanship.ts,55,true
economy,src/simulation/governing/budget-stakes.ts,92,true
legislatures,src/simulation/governing/chamber-procedure.ts,489,true
legislatures,src/simulation/governing/chamber-votes.ts,2028,true
courts,src/simulation/governing/chief-justice-vacancy.ts,478,true
legislatures,src/simulation/governing/committee-assignment.ts,133,true
legislatures,src/simulation/governing/congress-chambers.ts,292,true
legislatures,src/simulation/governing/congress-lawmaking.ts,322,true
governing,src/simulation/governing/constituent-views.ts,149,true
legislatures,src/simulation/governing/constitutional-amendments.ts,168,true
legislatures,src/simulation/governing/council-lawmaking.ts,172,true
courts,src/simulation/governing/court-size-law.ts,174,true
legislatures,src/simulation/governing/executive-bill-roster.ts,46,true
governing,src/simulation/governing/executive-budget-requests.ts,327,true
laws,src/simulation/governing/final-law-term-query.ts,978,true
courts,src/simulation/governing/finding-restitution.ts,400,true
legislatures,src/simulation/governing/governing-calendar.ts,167,true
legislatures,src/simulation/governing/governor-bill-decision.ts,475,true
laws,src/simulation/governing/institution-authority.ts,223,true
legislatures,src/simulation/governing/item-veto.ts,364,true
legislatures,src/simulation/governing/joint-assembly.ts,410,true
laws,src/simulation/governing/law-effect-paths.ts,347,false
laws,src/simulation/governing/law-in-force.ts,840,true
legislatures,src/simulation/governing/leaders-adjourn.ts,182,true
legislatures,src/simulation/governing/legislative-clock.ts,1841,true
legislatures,src/simulation/governing/legislative-sittings.ts,35,true
legislatures,src/simulation/governing/majority-agenda.ts,61,true
legislatures,src/simulation/governing/member-agenda-settings.ts,87,true
legislatures,src/simulation/governing/member-agenda.ts,1229,true
elections,src/simulation/governing/member-ballots.ts,96,true
legislatures,src/simulation/governing/member-filing-caps.ts,308,true
legislatures,src/simulation/governing/member-seating.ts,123,true
legislatures,src/simulation/governing/member-vote-decision.ts,57,true
governing,src/simulation/governing/office-consequence.ts,608,true
governing,src/simulation/governing/office-continuity.ts,1972,true
governing,src/simulation/governing/office-staff-hiring.ts,526,true
governing,src/simulation/governing/office-staffing.ts,345,true
governing,src/simulation/governing/officeholder-principles.ts,374,true
laws,src/simulation/governing/ordinance-effective-date.ts,13,true
economy,src/simulation/governing/outside-mandate-payment.ts,207,true
legislatures,src/simulation/governing/presiding-officers.ts,222,true
laws,src/simulation/governing/program-families.ts,25,true
governing,src/simulation/governing/program-governing.ts,1491,true
laws,src/simulation/governing/public-program-transit.ts,172,true
laws,src/simulation/governing/public-program.ts,1456,true
governing,src/simulation/governing/question-authority.ts,462,true
governing,src/simulation/governing/repair-funding.ts,145,true
legislatures,src/simulation/governing/rider-rule-trail.ts,52,true
elections,src/simulation/governing/senate-selection.ts,123,true
legislatures,src/simulation/governing/session-adjournments.ts,167,true
governing,src/simulation/governing/staff-evidence.ts,179,true
legislatures,src/simulation/governing/standing-considerations.ts,99,true
governing,src/simulation/governing/state-disposition.ts,101,true
governing,src/simulation/governing/state-governing.ts,4039,true
legislatures,src/simulation/governing/statehood-admission.ts,86,true
laws,src/simulation/governing/statute-effective-date.ts,415,true
courts,src/simulation/governing/supreme-court-appointment-profile.ts,49,true
courts,src/simulation/governing/supreme-court-appointments.ts,1035,true
economy,src/simulation/government-fiscal-metrics.ts,93,true
governing,src/simulation/government-units.generated.ts,38,true
governing,src/simulation/government-units.ts,355,true
legislatures,src/simulation/heard-official-views.ts,111,true
substrate,src/simulation/historical-past-mode.ts,40,true
substrate,src/simulation/historical-world-inputs.ts,58,true
substrate,src/simulation/history-index.ts,764,true
substrate,src/simulation/history.ts,1067,true
economy,src/simulation/home-down-payment.ts,120,true
economy,src/simulation/home-purchase.ts,555,true
economy,src/simulation/household-loans.ts,1350,true
economy,src/simulation/household-mix.generated.ts,27,true
economy,src/simulation/household-mix.ts,85,true
economy,src/simulation/household-pay.ts,165,true
laws,src/simulation/housing-voucher-eligibility.ts,125,true
substrate,src/simulation/ids.ts,124,true
courts,src/simulation/incident-catalog.ts,374,true
courts,src/simulation/incident-integrity.ts,591,true
courts,src/simulation/incident-legacy-modes.ts,39,true
courts,src/simulation/incident-response.ts,691,true
courts,src/simulation/incidents.ts,886,true
laws,src/simulation/income-tax-withholding.ts,408,true
substrate,src/simulation/index.ts,399,true
story,src/simulation/initiator-occasions.ts,547,true
substrate,src/simulation/installed-trait-packs.ts,245,true
substrate,src/simulation/invented-person-age.ts,302,true
laws,src/simulation/issue-record.ts,467,true
economy,src/simulation/job-market-integrity.ts,77,true
economy,src/simulation/job-market-types.ts,110,true
economy,src/simulation/job-market.ts,2323,true
substrate,src/simulation/json-chunks.ts,300,true
courts,src/simulation/judicial-gameplay-kernel-bank.ts,894,true
courts,src/simulation/judicial-gameplay-kernels.ts,794,true
courts,src/simulation/judicial-office-content.ts,188,true
courts,src/simulation/judicial-office-start.ts,199,true
courts,src/simulation/judicial-office-work.ts,814,true
courts,src/simulation/judiciary/court-for.ts,97,true
courts,src/simulation/judiciary/courts.ts,1018,true
courts,src/simulation/judiciary/generated/federal-courts.ts,10,true
courts,src/simulation/judiciary/generated/federal-seat-counts.ts,10,true
courts,src/simulation/judiciary/generated/selection-profiles.ts,10,true
courts,src/simulation/judiciary/judicial-review.ts,606,true
courts,src/simulation/judiciary/opening.ts,246,true
courts,src/simulation/judiciary/philosophy.ts,616,true
courts,src/simulation/judiciary/profiles.ts,103,true
courts,src/simulation/judiciary/types.ts,288,true
courts,src/simulation/justice/appeals.ts,634,true
courts,src/simulation/justice/cash-bail.ts,235,true
courts,src/simulation/justice/clemency-decisions.ts,23,true
courts,src/simulation/justice/clemency-reasoning.ts,361,true
courts,src/simulation/justice/clemency-records.ts,76,true
courts,src/simulation/justice/clemency-rules.ts,315,true
courts,src/simulation/justice/clemency-transitions.ts,97,true
courts,src/simulation/justice/clemency.ts,1144,true
courts,src/simulation/justice/county-office-reflection.ts,167,true
courts,src/simulation/justice/county-office-work.ts,197,true
courts,src/simulation/justice/county-offices.ts,48,true
courts,src/simulation/justice/court-decisions.ts,38,true
courts,src/simulation/justice/court-reasoning.ts,896,true
courts,src/simulation/justice/courtroom-sitting.ts,91,true
courts,src/simulation/justice/finding-referral.ts,57,true
courts,src/simulation/justice/jail-absence.ts,169,true
courts,src/simulation/justice/jail-terms.ts,237,true
courts,src/simulation/justice/jury-catchment.ts,92,true
courts,src/simulation/justice/juvenile-court.ts,105,true
courts,src/simulation/justice/juvenile-law-term.ts,74,true
courts,src/simulation/justice/pretrial.ts,306,true
courts,src/simulation/justice/prosecution-timing.ts,71,true
courts,src/simulation/justice/prosecution-transitions.ts,117,true
courts,src/simulation/justice/prosecution.ts,1608,true
courts,src/simulation/justice/sentencing-applicability.ts,141,true
courts,src/simulation/justice/sentencing-ranges.ts,207,true
courts,src/simulation/justice/sentencing-term.ts,180,true
courts,src/simulation/justice/voting-standing.ts,233,true
substrate,src/simulation/largest-remainder.ts,49,true
governing,src/simulation/late-term-entry-events.ts,28,true
laws,src/simulation/law-consequence-amount.ts,103,true
laws,src/simulation/law-consequence-integrity-gap.ts,20,true
laws,src/simulation/law-consequence-module-manifest.ts,64,true
laws,src/simulation/law-consequence-registry.ts,73,true
laws,src/simulation/law-consequence-types.ts,640,true
laws,src/simulation/law-consequence-validation.ts,77,true
laws,src/simulation/law-consequences/annual-office-pay.ts,292,true
laws,src/simulation/law-consequences/coverage-eligibility-rows.ts,67,true
laws,src/simulation/law-consequences/coverage-eligibility.ts,228,true
laws,src/simulation/law-consequences/enforcement-priority.ts,45,false
laws,src/simulation/law-consequences/government-operations-rows.ts,109,true
laws,src/simulation/law-consequences/housing-voucher-rows.ts,37,true
laws,src/simulation/law-consequences/institution-rule.ts,245,true
laws,src/simulation/law-consequences/legal-outcome-rows.ts,62,true
laws,src/simulation/law-consequences/legal-outcome.ts,483,true
laws,src/simulation/law-consequences/lw17-person-landing-rows.ts,7,true
laws,src/simulation/law-consequences/modules/election-local-landings/index.ts,90,true
laws,src/simulation/law-consequences/modules/election-state-landings/index.ts,125,true
laws,src/simulation/law-consequences/modules/election-ward-landings/index.ts,87,true
laws,src/simulation/law-consequences/modules/federal-justice-rights/index.ts,47,true
laws,src/simulation/law-consequences/modules/government-operations/index.ts,342,true
laws,src/simulation/law-consequences/modules/justice-pretrial-landings/index.ts,77,true
laws,src/simulation/law-consequences/modules/justice-sentencing-landings/index.ts,172,true
laws,src/simulation/law-consequences/modules/lw08-curriculum/data.ts,43,true
laws,src/simulation/law-consequences/modules/lw08-curriculum/index.ts,306,true
laws,src/simulation/law-consequences/modules/lw08-development-incentive-cap/index.ts,553,true
laws,src/simulation/law-consequences/modules/lw08-development-incentive-cap/rows.ts,47,true
laws,src/simulation/law-consequences/modules/lw08-library-materials/data.ts,46,true
laws,src/simulation/law-consequences/modules/lw08-library-materials/index.ts,330,true
laws,src/simulation/law-consequences/modules/lw17-person-landings/index.ts,332,true
laws,src/simulation/law-consequences/modules/snap-participation/index.ts,418,true
laws,src/simulation/law-consequences/modules/snap-participation/rows.ts,37,true
laws,src/simulation/law-consequences/pay-rows.ts,70,true
laws,src/simulation/law-consequences/pay.ts,632,true
laws,src/simulation/law-consequences/permission-records.ts,276,true
laws,src/simulation/law-consequences/price-cost.ts,540,true
laws,src/simulation/law-consequences/rent-construction-coverage.ts,34,true
laws,src/simulation/law-consequences/rent-stabilization-row.ts,67,true
laws,src/simulation/law-consequences/right-permission.ts,316,true
laws,src/simulation/law-consequences/service-delivered-data.ts,420,true
laws,src/simulation/law-consequences/service-delivered.ts,652,true
laws,src/simulation/law-consequences/tax.ts,506,true
laws,src/simulation/law-consequences/tuition-freeze-noticed.ts,60,true
laws,src/simulation/law-consequences/tuition-freeze-row.ts,39,true
laws,src/simulation/law-effect-stamp.ts,361,true
laws,src/simulation/law-effects-noticed.ts,106,true
laws,src/simulation/law-exposure.ts,536,true
laws,src/simulation/law-hierarchy.ts,137,true
laws,src/simulation/law-structured-terms.ts,162,true
laws,src/simulation/legislation-administration-families.ts,20,true
legislatures,src/simulation/legislation-bundle.ts,707,false
legislatures,src/simulation/legislation-content-contracts.ts,862,true
legislatures,src/simulation/legislation-draft-lineage.ts,395,true
legislatures,src/simulation/legislation-drafting.ts,1074,true
laws,src/simulation/legislation-family-data.ts,201,true
laws,src/simulation/legislation-federal-rail-family.ts,14,true
laws,src/simulation/legislation-fiscal-families.ts,39,true
laws,src/simulation/legislation-infrastructure-families.ts,16,true
legislatures,src/simulation/legislation-integrity.ts,644,true
laws,src/simulation/legislation-levers.ts,45,true
laws,src/simulation/legislation-local-fiscal-families.ts,14,true
laws,src/simulation/legislation-operative-sections.ts,145,true
laws,src/simulation/legislation-program-families.ts,321,true
laws,src/simulation/legislation-resilience-families.ts,16,true
legislatures,src/simulation/legislation-scenarios.ts,878,true
laws,src/simulation/legislation-service-families.ts,16,true
laws,src/simulation/legislation-tax-identity.ts,243,true
laws,src/simulation/legislation-transit-families.ts,29,true
legislatures,src/simulation/legislation.ts,3952,true
legislatures,src/simulation/legislative-bargaining-decisions.ts,42,true
laws,src/simulation/legislative-effective-date.ts,139,true
elections,src/simulation/legislative-election-rules.ts,190,true
legislatures,src/simulation/legislative-institutions.ts,164,true
legislatures,src/simulation/legislative-member-decisions.ts,738,true
legislatures,src/simulation/legislative-office-terms.ts,848,true
legislatures,src/simulation/legislative-politics-integrity.ts,394,true
legislatures,src/simulation/legislative-politics.ts,1658,true
legislatures,src/simulation/legislative-procedure-world.ts,194,true
legislatures,src/simulation/legislative-session-calendar-data.ts,9,true
legislatures,src/simulation/legislative-session-calendar.ts,94,true
legislatures,src/simulation/legislative-starting-procedures.ts,184,true
legislatures,src/simulation/legislative-term-rules.ts,135,true
legislatures,src/simulation/legislative-work-key.ts,11,true
legislatures,src/simulation/legislature-game-profile.ts,1197,true
legislatures,src/simulation/legislature-manner.ts,209,true
legislatures,src/simulation/legislature-rule-packs.ts,82,true
legislatures,src/simulation/legislature-rules.ts,1418,true
legislatures,src/simulation/legislature-trait-pack.ts,155,true
story,src/simulation/life-callbacks.ts,693,true
story,src/simulation/life-choice-evidence.ts,401,true
substrate,src/simulation/life-circumstances.ts,1290,true
substrate,src/simulation/life-content-92c.ts,2027,true
substrate,src/simulation/life-eligibility.ts,123,true
story,src/simulation/life-episodes.ts,2544,true
substrate,src/simulation/life-integrity.ts,1547,true
substrate,src/simulation/life-mind-content.ts,180,true
substrate,src/simulation/life-opportunities.ts,1109,true
substrate,src/simulation/life-paths2-catalog.ts,396,true
substrate,src/simulation/life-paths2-resources.ts,60,true
substrate,src/simulation/life-paths2-workers.ts,35,true
substrate,src/simulation/life-paths2.ts,1783,true
substrate,src/simulation/life-personality.ts,346,true
substrate,src/simulation/life-places.ts,1024,true
substrate,src/simulation/life-queries.ts,1207,true
substrate,src/simulation/life-request-details.ts,46,true
substrate,src/simulation/life-sources.ts,635,true
substrate,src/simulation/life.ts,2458,true
economy,src/simulation/living-costs-category-data.ts,709,true
economy,src/simulation/living-costs-data.ts,182,true
campaigns,src/simulation/living-world/civic-actions.ts,846,true
legislatures,src/simulation/living-world/congress-aggregate-outcome.ts,42,true
elections,src/simulation/living-world/congress-candidates.ts,576,true
legislatures,src/simulation/living-world/congress-member-work.ts,121,true
elections,src/simulation/living-world/congress-seats.ts,179,true
elections,src/simulation/living-world/congress-turnover.ts,1233,true
legislatures,src/simulation/living-world/congress.ts,463,true
legislatures,src/simulation/living-world/constitutional-reform.ts,1098,true
substrate,src/simulation/living-world/contract.ts,130,true
legislatures,src/simulation/living-world/council-quiet-items.ts,225,true
elections,src/simulation/living-world/council-seat-office.ts,60,true
economy,src/simulation/living-world/county-budget-hearings.ts,557,true
governing,src/simulation/living-world/developments.ts,189,true
legislatures,src/simulation/living-world/federal-reform.ts,769,true
elections,src/simulation/living-world/house-delegates.ts,533,true
economy,src/simulation/living-world/housing-market.ts,312,true
economy,src/simulation/living-world/housing-price-model.ts,61,true
substrate,src/simulation/living-world/index.ts,10,true
campaigns,src/simulation/living-world/law-interest-groups.ts,627,true
substrate,src/simulation/living-world/leaving-home.ts,218,true
substrate,src/simulation/living-world/lived-outcomes.ts,200,true
legislatures,src/simulation/living-world/local-council-binding.ts,55,true
legislatures,src/simulation/living-world/local-council-meetings.ts,652,true
elections,src/simulation/living-world/local-council-term-limits.ts,137,true
elections,src/simulation/living-world/local-elections.ts,1752,true
governing,src/simulation/living-world/local-government-roles.ts,3,true
elections,src/simulation/living-world/local-government-seats.ts,1030,true
campaigns,src/simulation/living-world/movement-succession.ts,828,true
campaigns,src/simulation/living-world/movements.ts,102,false
press,src/simulation/living-world/news-habits.ts,100,true
legislatures,src/simulation/living-world/official-views.ts,1284,true
substrate,src/simulation/living-world/opening-keys.ts,3,true
economy,src/simulation/living-world/opening-mortgage-evidence.ts,28,true
economy,src/simulation/living-world/opening-mortgages.ts,275,true
substrate,src/simulation/living-world/opening.ts,694,true
elections,src/simulation/living-world/party-chapters.ts,1037,true
elections,src/simulation/living-world/party-evolution.ts,2031,true
elections,src/simulation/living-world/party-registry.ts,219,true
legislatures,src/simulation/living-world/political-reflection-outcomes.ts,61,true
legislatures,src/simulation/living-world/political-reflection-schedule.ts,67,true
legislatures,src/simulation/living-world/political-reflection.ts,270,true
campaigns,src/simulation/living-world/protests.ts,583,true
elections,src/simulation/living-world/statehood-seats.ts,383,true
economy,src/simulation/living-world/town-bank-shapes.generated.ts,134,true
economy,src/simulation/living-world/town-business-books.generated.ts,14,true
economy,src/simulation/living-world/town-business-books.ts,172,true
economy,src/simulation/living-world/town-businesses.ts,904,true
substrate,src/simulation/living-world/town-couple-actor-adapter.ts,262,true
economy,src/simulation/living-world/town-deposits.generated.ts,20,true
economy,src/simulation/living-world/town-economy-measures.ts,153,true
economy,src/simulation/living-world/town-employment.generated.ts,72,true
economy,src/simulation/living-world/town-employment.ts,1894,true
substrate,src/simulation/living-world/town-families.ts,858,true
substrate,src/simulation/living-world/town-family-plans.ts,601,true
economy,src/simulation/living-world/town-finance-types.ts,175,true
economy,src/simulation/living-world/town-finances.ts,2128,true
economy,src/simulation/living-world/town-homes.ts,846,true
economy,src/simulation/living-world/town-job-soc.ts,97,true
economy,src/simulation/living-world/town-labor-market.ts,572,true
economy,src/simulation/living-world/town-pay.generated.ts,210,true
economy,src/simulation/living-world/town-pay.ts,2170,true
economy,src/simulation/living-world/town-rent.generated.ts,34,true
economy,src/simulation/living-world/town-rent.ts,2964,true
substrate,src/simulation/living-world/town-residents.ts,978,true
elections,src/simulation/living-world/town-wards.ts,962,true
economy,src/simulation/living-world/work-absence.ts,146,true
economy,src/simulation/living-world/work-schedules.ts,715,true
economy,src/simulation/local-business-counts.generated.ts,37,true
economy,src/simulation/local-business-counts.ts,279,true
economy,src/simulation/local-economy.ts,900,true
economy,src/simulation/local-fiscal-authority.ts,459,true
economy,src/simulation/local-fiscal-predicate-authority.ts,50,true
governing,src/simulation/local-institutions-data.ts,35,true
governing,src/simulation/local-institutions.ts,79,true
legislatures,src/simulation/local-ordinance-game-profile.ts,462,true
legislatures,src/simulation/local-ordinance-source-anchors.generated.ts,889,true
laws,src/simulation/local-tax-authority.ts,220,true
economy,src/simulation/macro-economy/central-bank.ts,1161,true
economy,src/simulation/macro-economy/conditions.ts,89,true
economy,src/simulation/macro-economy/credit.ts,368,true
economy,src/simulation/macro-economy/cycle.ts,268,true
economy,src/simulation/macro-economy/index.ts,19,true
economy,src/simulation/macro-economy/kernel.ts,331,true
economy,src/simulation/macro-economy/policy.ts,338,true
economy,src/simulation/macro-economy/producer.ts,679,true
economy,src/simulation/macro-economy/rate-choice.ts,295,true
economy,src/simulation/macro-economy/readers.ts,154,true
economy,src/simulation/macro-economy/sources.ts,430,true
economy,src/simulation/macro-economy/store.ts,348,true
economy,src/simulation/macro-economy/types.ts,209,true
elections,src/simulation/measure-numbering.ts,438,true
elections,src/simulation/measure-title.ts,116,true
legislatures,src/simulation/member-record.ts,817,false
substrate,src/simulation/migration/causes.ts,633,true
substrate,src/simulation/migration/contract.ts,265,true
substrate,src/simulation/migration/employers-elsewhere.ts,306,true
substrate,src/simulation/migration/index.ts,7,true
substrate,src/simulation/migration/job-offers.ts,515,true
substrate,src/simulation/migration/relocate.ts,788,true
substrate,src/simulation/migration/review.ts,1020,true
substrate,src/simulation/migration/waves.ts,436,true
substrate,src/simulation/mind-catalog.ts,403,true
substrate,src/simulation/mind-integrity.ts,1633,true
substrate,src/simulation/mind.ts,1295,true
laws,src/simulation/minimum-wage.ts,561,true
legislatures,src/simulation/minority-party-procedure.ts,115,true
economy,src/simulation/mogul-decisions.ts,9,true
economy,src/simulation/moguls.ts,1279,true
economy,src/simulation/money-text.ts,23,true
governing,src/simulation/monthly-service-receipts.ts,159,true
economy,src/simulation/mortgage-financing.ts,238,true
elections,src/simulation/municipal-ballot-rules.ts,743,true
substrate,src/simulation/municipal-capacity.generated.d.json.ts,218,false
substrate,src/simulation/municipal-capacity.ts,31,true
legislatures,src/simulation/municipal-council-opening.ts,245,true
elections,src/simulation/municipal-election-rule-packs.ts,1223,true
elections,src/simulation/municipal-election-rules.ts,602,true
governing,src/simulation/municipal-government.ts,1431,true
governing,src/simulation/municipal-governments.generated.ts,30,true
legislatures,src/simulation/municipal-ordinance-procedure.ts,1526,true
legislatures,src/simulation/municipal-procedure-placeholders.ts,51,true
governing,src/simulation/municipal-public-work.ts,2018,true
elections,src/simulation/municipal-qualification-estimate.ts,120,true
laws,src/simulation/municipal-rule-registry.generated.ts,13,true
laws,src/simulation/municipal-rule-registry.ts,25,true
elections,src/simulation/municipal-seat-identity.ts,106,true
substrate,src/simulation/names-data.ts,1729,true
story,src/simulation/narrative-threads.ts,1048,true
elections,src/simulation/national-counties.generated.ts,14,true
elections,src/simulation/national-election-consumer.ts,462,true
elections,src/simulation/national-election-geography.ts,52,true
elections,src/simulation/national-election-offices.ts,24,true
elections,src/simulation/national-election-rules.ts,176,true
elections,src/simulation/national-election-types.ts,146,true
elections,src/simulation/national-elections.ts,1132,true
press,src/simulation/national-mood.ts,275,true
elections,src/simulation/national-places.generated.ts,31,true
governing,src/simulation/nationwide-world/chief-executive-baseline.generated.ts,30,true
governing,src/simulation/nationwide-world/chief-executive-baseline.ts,91,true
governing,src/simulation/nationwide-world/chief-executive-commencements.ts,113,true
elections,src/simulation/nationwide-world/chief-executive-election-cycles.ts,108,true
elections,src/simulation/nationwide-world/congress-candidacy-packs.ts,196,true
elections,src/simulation/nationwide-world/county-election-calendar.ts,221,true
legislatures,src/simulation/nationwide-world/county-governing-body-rules.ts,314,true
governing,src/simulation/nationwide-world/county-row-offices.ts,126,true
legislatures,src/simulation/nationwide-world/district-of-columbia-council-opening.ts,137,true
governing,src/simulation/nationwide-world/district-of-columbia-identity.ts,46,true
governing,src/simulation/nationwide-world/district-of-columbia.ts,64,true
elections,src/simulation/nationwide-world/executive-term-limits.ts,261,true
governing,src/simulation/nationwide-world/executive-term-rules-in-world.ts,279,true
governing,src/simulation/nationwide-world/government-jurisdiction.ts,88,true
governing,src/simulation/nationwide-world/government-unit-names.ts,113,true
elections,src/simulation/nationwide-world/governor-succession.ts,190,true
governing,src/simulation/nationwide-world/local-chief-executive-rules.ts,176,true
elections,src/simulation/nationwide-world/local-governing-body-candidacy-packs.ts,319,true
legislatures,src/simulation/nationwide-world/local-governing-body-names.ts,148,true
legislatures,src/simulation/nationwide-world/local-governing-body-rules.ts,235,true
governing,src/simulation/nationwide-world/local-governments.ts,594,true
governing,src/simulation/nationwide-world/place-population.generated.ts,24,true
governing,src/simulation/nationwide-world/place-population.ts,88,true
governing,src/simulation/nationwide-world/political-culture.ts,119,true
elections,src/simulation/nationwide-world/presidential-turnover.ts,1193,true
elections,src/simulation/nationwide-world/prior-terms.ts,98,true
elections,src/simulation/nationwide-world/residence-duration.ts,193,true
laws,src/simulation/nationwide-world/rule-capability-port.ts,143,true
laws,src/simulation/nationwide-world/rules-capability-binding.ts,51,true
elections,src/simulation/nationwide-world/senate-vacancy-law.ts,146,true
elections,src/simulation/nationwide-world/state-executive-candidacy-packs.ts,257,true
governing,src/simulation/nationwide-world/state-executive-term-rules.ts,556,true
governing,src/simulation/nationwide-world/state-executive-terms.ts,633,true
elections,src/simulation/nationwide-world/state-executive-turnover-calendar.ts,179,true
elections,src/simulation/nationwide-world/state-executive-turnover.ts,515,true
governing,src/simulation/nationwide-world/state-executives.ts,716,true
elections,src/simulation/nationwide-world/state-legislative-election-calendar.ts,228,true
elections,src/simulation/nationwide-world/state-legislative-term-limits.ts,305,true
elections,src/simulation/nationwide-world/state-legislature-candidates.ts,875,true
elections,src/simulation/nationwide-world/state-legislature-opening.ts,1460,true
elections,src/simulation/nationwide-world/state-legislature-queue.ts,467,true
elections,src/simulation/nationwide-world/state-legislature-turnover.ts,1582,true
governing,src/simulation/nationwide-world/territory-governor-catch-up.ts,41,true
elections,src/simulation/nationwide-world/town-election-calendar.ts,84,true
legislatures,src/simulation/nationwide-world/township-governing-body-rules.ts,150,true
legislatures,src/simulation/nationwide-world/typical-council-size.ts,78,true
legislatures,src/simulation/nationwide-world/typical-council-spread.ts,54,true
press,src/simulation/neighbor-news.ts,207,true
elections,src/simulation/nominations/candidate-pool.ts,124,true
elections,src/simulation/nominations/date-rules.ts,205,true
elections,src/simulation/nominations/field-entry.ts,149,true
elections,src/simulation/nominations/filing-gap.ts,54,true
elections,src/simulation/nominations/nomination-rules.ts,443,true
elections,src/simulation/nominations/party-nominations.ts,683,true
governing,src/simulation/oath-of-office.ts,109,true
governing,src/simulation/office-entry-repair.ts,26,true
governing,src/simulation/office-pay.generated.ts,42,true
governing,src/simulation/office-pay.ts,362,true
elections,src/simulation/office-qualification-profile.ts,210,true
elections,src/simulation/office-qualification-rules.ts,773,true
elections,src/simulation/office-qualifications.generated.ts,6,true
governing,src/simulation/office-salary.ts,407,true
governing,src/simulation/office-transition.ts,625,true
governing,src/simulation/office-workflow.ts,471,true
legislatures,src/simulation/official-view-reads.ts,445,true
economy,src/simulation/opening-employer-cash.ts,439,true
substrate,src/simulation/opening-federal-geography.ts,86,true
substrate,src/simulation/opening-life-content.ts,366,true
substrate,src/simulation/ordinary-meeting-presence.ts,651,true
laws,src/simulation/outcome-web/area-residents.generated.ts,23,true
laws,src/simulation/outcome-web/electricity-generation-mix.ts,160,true
laws,src/simulation/outcome-web/environment-energy-landings.ts,67,true
laws,src/simulation/outcome-web/index.ts,880,true
laws,src/simulation/outcome-web/legacy-effect-evaluator.ts,505,true
laws,src/simulation/outcome-web/person-outcome-landings.ts,915,true
laws,src/simulation/outcome-web/place-outcome-store.ts,375,true
laws,src/simulation/outcome-web/place-outcomes.ts,330,true
laws,src/simulation/paid-leave-benefits.ts,278,true
laws,src/simulation/paid-leave-estimates.ts,92,true
elections,src/simulation/party-questions-data.ts,80,true
legislatures,src/simulation/patronage/appointments.ts,657,true
legislatures,src/simulation/patronage/favor-refs.ts,47,true
legislatures,src/simulation/patronage/federal-circle.ts,51,true
legislatures,src/simulation/patronage/following.ts,146,false
economy,src/simulation/pay-coverage-predicates.ts,157,true
economy,src/simulation/pay-coverage-query.ts,382,true
economy,src/simulation/pay-coverage-types.ts,31,true
economy,src/simulation/pay-coverage.ts,197,true
laws,src/simulation/paycheck-tax-bases.ts,121,true
laws,src/simulation/payroll-tax-bases.ts,109,true
substrate,src/simulation/people-bereavement.ts,325,true
substrate,src/simulation/people-contact-decisions.ts,30,true
substrate,src/simulation/people-contact-events.ts,18,true
substrate,src/simulation/people-continuation.ts,976,true
substrate,src/simulation/people-family-plan.ts,524,true
substrate,src/simulation/people-family.ts,496,true
substrate,src/simulation/people-goal-pursuit-content.ts,128,true
substrate,src/simulation/people-goal-pursuit.ts,340,true
substrate,src/simulation/people-goal-review.ts,1114,true
substrate,src/simulation/people-own-ties.ts,234,true
substrate,src/simulation/people-player-traits.ts,269,true
substrate,src/simulation/people-promise.ts,161,false
substrate,src/simulation/people-study-plan.ts,725,true
substrate,src/simulation/people-study.ts,295,true
substrate,src/simulation/people-trait-change.ts,435,true
substrate,src/simulation/people-trait-definitions.ts,110,true
substrate,src/simulation/people-trait-occasions.ts,157,true
substrate,src/simulation/people-trait-pack.ts,295,true
substrate,src/simulation/people-traits.ts,662,true
substrate,src/simulation/people-upbringing.ts,1703,true
substrate,src/simulation/people.ts,873,true
substrate,src/simulation/perception.ts,282,true
laws,src/simulation/permit-types.ts,44,true
laws,src/simulation/permits.ts,264,true
substrate,src/simulation/person-appearance.ts,200,true
substrate,src/simulation/person-context.ts,861,true
substrate,src/simulation/person-identity.ts,263,true
economy,src/simulation/person-money-index.ts,97,true
substrate,src/simulation/person-stress-harness.ts,314,true
substrate,src/simulation/personality-catalogue.generated.ts,1389,true
substrate,src/simulation/personality-catalogue.ts,247,true
substrate,src/simulation/personality-trait-registry.ts,362,true
elections,src/simulation/petition-signers.ts,98,true
substrate,src/simulation/place-county-relations.generated.ts,675,true
substrate,src/simulation/place-demography.ts,242,true
substrate,src/simulation/place-name-corpus.ts,36,true
substrate,src/simulation/play-settings.ts,126,true
governing,src/simulation/playable-work.ts,42,false
substrate,src/simulation/player-model.ts,655,true
laws,src/simulation/policy-decision.ts,246,true
laws,src/simulation/policy-pack-registry.ts,212,true
laws,src/simulation/policy-pack-tax-terms.ts,222,true
laws,src/simulation/policy-pack-us-federal-positions.ts,803,true
laws,src/simulation/policy-pack-us-federal.ts,1138,true
laws,src/simulation/policy-pack-us-policy-positions.ts,3433,true
laws,src/simulation/policy-pack-us-state-and-local.ts,1149,true
laws,src/simulation/policy-packs.ts,653,true
laws,src/simulation/policy-proposition-index.ts,43,true
laws,src/simulation/policy-provisions.ts,173,true
laws,src/simulation/policy-semantics.ts,2231,true
laws,src/simulation/policy.ts,720,true
substrate,src/simulation/political-belief-formation.ts,735,true
laws,src/simulation/political-opinion-subjects.ts,87,true
elections,src/simulation/politics.ts,871,true
substrate,src/simulation/portability-fixture.ts,51,true
press,src/simulation/press/caught-lying.ts,142,true
press,src/simulation/press/claim-route.ts,166,true
press,src/simulation/press/desk.ts,2247,true
press,src/simulation/press/editorial.ts,581,true
press,src/simulation/press/finding-consequences.ts,149,true
press,src/simulation/press/findings.ts,148,true
press,src/simulation/press/generated-state-oversight.ts,170,true
press,src/simulation/press/governing-adapter.ts,50,true
press,src/simulation/press/index.ts,24,true
press,src/simulation/press/inquiries.ts,242,true
press,src/simulation/press/inquiry-subpoena-rules.ts,29,false
press,src/simulation/press/integrity.ts,862,true
press,src/simulation/press/law-effect-news.ts,799,true
press,src/simulation/press/matters.ts,1906,true
press,src/simulation/press/media-purchase-payment.ts,106,true
press,src/simulation/press/outlets.ts,860,true
press,src/simulation/press/ownership-pack-default.ts,188,true
press,src/simulation/press/ownership-packs.ts,367,true
press,src/simulation/press/ownership.ts,1250,true
press,src/simulation/press/player-misconduct-situations.ts,33,true
press,src/simulation/press/procedures.ts,1025,true
press,src/simulation/press/read-publication.ts,95,true
press,src/simulation/press/records.ts,716,true
press,src/simulation/press/reporter-history.ts,19,true
press,src/simulation/press/responses.ts,395,true
press,src/simulation/press/shared.ts,13,true
press,src/simulation/press/sources.ts,515,true
press,src/simulation/press/spending-reports.ts,283,true
press,src/simulation/press/state-ethics-bodies.ts,65,true
press,src/simulation/press/state-ethics.ts,73,true
press,src/simulation/press/store.ts,188,true
press,src/simulation/press/story-effort-data.ts,34,true
press,src/simulation/press/story-exposure.ts,127,true
press,src/simulation/press/story-voice.ts,268,true
press,src/simulation/press/story-work.ts,243,true
press,src/simulation/press/subject-response-decision.ts,9,true
press,src/simulation/press/transitions.ts,91,true
press,src/simulation/press/views.ts,458,true
press,src/simulation/press-interview-producers.ts,1250,true
press,src/simulation/press-interviews.ts,1278,true
press,src/simulation/press-reach.ts,206,true
campaigns,src/simulation/pressure/anger.ts,140,true
campaigns,src/simulation/pressure/causes.ts,205,true
campaigns,src/simulation/pressure/contract.ts,376,true
campaigns,src/simulation/pressure/events.ts,50,true
campaigns,src/simulation/pressure/flows.ts,123,true
campaigns,src/simulation/pressure/index.ts,8,true
campaigns,src/simulation/pressure/integrity.ts,50,true
campaigns,src/simulation/pressure/ladder.ts,641,true
campaigns,src/simulation/pressure/step.ts,227,true
substrate,src/simulation/principle-packing.ts,277,true
substrate,src/simulation/principle-strength.ts,63,true
substrate,src/simulation/principled-view-formation.ts,91,true
substrate,src/simulation/principles-from-life.ts,957,true
economy,src/simulation/production-catalog.ts,295,true
laws,src/simulation/property-tax-bases.ts,276,true
laws,src/simulation/property-tax-schedule.ts,39,true
laws,src/simulation/provision-public-face.ts,153,true
governing,src/simulation/public-appropriation-balance.ts,75,true
laws,src/simulation/public-benefit-formulas.ts,245,true
economy,src/simulation/public-budgets/cannabis-sales-revenue.ts,412,true
economy,src/simulation/public-budgets/federal-budget-categories.ts,33,true
economy,src/simulation/public-budgets/federal-treasury.ts,386,true
economy,src/simulation/public-budgets/fiscal.ts,328,true
economy,src/simulation/public-budgets/index.ts,261,true
economy,src/simulation/public-budgets/mileage-law-stamp.ts,65,false
economy,src/simulation/public-budgets/month.ts,1920,true
economy,src/simulation/public-budgets/opening-cash-profile.ts,100,true
economy,src/simulation/public-budgets/opening-government-accounts.ts,463,true
economy,src/simulation/public-budgets/opening.ts,1185,true
economy,src/simulation/public-budgets/pension-share.ts,2,false
economy,src/simulation/public-budgets/reserve-rule.ts,55,true
economy,src/simulation/public-budgets/road-usage-charge-constants.ts,24,true
economy,src/simulation/public-budgets/road-usage-charge.ts,87,true
economy,src/simulation/public-budgets/rules.ts,258,true
economy,src/simulation/public-budgets/staffing.ts,407,true
economy,src/simulation/public-budgets/store.ts,447,true
economy,src/simulation/public-budgets/tuition-freeze-backfill.ts,163,true
economy,src/simulation/public-fiscal.ts,441,true
governing,src/simulation/public-government-identity.ts,207,true
press,src/simulation/public-information-integrity.ts,452,true
press,src/simulation/public-information.ts,410,true
laws,src/simulation/public-program-capacity-outturn.ts,91,true
laws,src/simulation/public-program-integrity.ts,320,true
governing,src/simulation/public-service-producer.ts,948,true
governing,src/simulation/public-service-requests.ts,539,true
economy,src/simulation/quantity.ts,255,true
substrate,src/simulation/queries.ts,1276,true
elections,src/simulation/recall.ts,1931,true
governing,src/simulation/record-in-office.ts,127,true
economy,src/simulation/recorded-employer.ts,76,true
economy,src/simulation/recorded-work-pay.ts,121,true
substrate,src/simulation/records.ts,449,true
governing,src/simulation/regional-issues/regional-issues.ts,166,false
governing,src/simulation/regional-issues/regional-measures.generated.d.json.ts,65,false
governing,src/simulation/regional-issues/regional-measures.ts,154,true
substrate,src/simulation/relationship-absence.ts,628,true
substrate,src/simulation/relationship-contact.ts,1678,true
substrate,src/simulation/relationship-integration.ts,268,true
legislatures,src/simulation/relationship-leverage.ts,183,true
substrate,src/simulation/relationship-standing.ts,504,true
laws,src/simulation/research-rule-tables.ts,21,true
economy,src/simulation/resource-income.ts,128,true
economy,src/simulation/resource-integrity.ts,1144,true
economy,src/simulation/resource-payments.ts,307,true
economy,src/simulation/resource-pressure.ts,164,true
economy,src/simulation/resource-queries.ts,923,true
economy,src/simulation/resources.ts,1592,true
substrate,src/simulation/rng.ts,118,true
legislatures,src/simulation/roll-call-packing.ts,236,true
governing,src/simulation/routine-hook-members.ts,9,true
laws,src/simulation/rule-capability-resolver.ts,931,true
substrate,src/simulation/runtime-content-packs.ts,381,true
laws,src/simulation/sales-tax-bases.ts,105,true
substrate,src/simulation/sample-spread.ts,15,true
story,src/simulation/scene-bindings.ts,208,true
governing,src/simulation/scheduled-activity-answer.ts,89,true
substrate,src/simulation/school-calendar.ts,140,true
substrate,src/simulation/school-moves.ts,139,true
substrate,src/simulation/school-name-patterns.d.json.ts,93,false
substrate,src/simulation/school-names.ts,467,true
substrate,src/simulation/school-stages.ts,861,true
governing,src/simulation/seats-of-government.generated.ts,6,true
substrate,src/simulation/semantic-transition-key.ts,11,true
substrate,src/simulation/serialization.ts,550,true
governing,src/simulation/service-delivery-response.ts,184,true
elections,src/simulation/settled-qualifications.ts,55,true
substrate,src/simulation/setup-curated-question-bank.ts,137,true
substrate,src/simulation/setup-generation-inputs.ts,186,true
substrate,src/simulation/setup-opening-bank.ts,1699,true
substrate,src/simulation/setup-playtest65-copy.ts,602,true
substrate,src/simulation/setup-priors.ts,174,true
substrate,src/simulation/setup-questionnaire-bank.ts,2027,true
substrate,src/simulation/setup-questionnaire.ts,1064,true
substrate,src/simulation/setup-text39-copy.ts,601,true
substrate,src/simulation/setup-young-life-bank.ts,843,true
substrate,src/simulation/sha256.ts,177,true
substrate,src/simulation/shared-places.ts,160,true
story,src/simulation/situation-profiles.ts,301,true
story,src/simulation/situation-selection.ts,392,true
substrate,src/simulation/social-introductions.ts,661,true
campaigns,src/simulation/speech-moves.ts,39,true
campaigns,src/simulation/speech-reception.ts,458,true
press,src/simulation/speech-retelling.ts,419,true
legislatures,src/simulation/standing-committee.ts,101,true
substrate,src/simulation/starting-birthday.ts,134,true
economy,src/simulation/starting-money.ts,258,true
governing,src/simulation/state-funded-service-game-profiles.ts,319,true
laws,src/simulation/state-income-tax-law.ts,443,true
substrate,src/simulation/state-jurisdiction-id.ts,94,true
laws,src/simulation/state-paid-leave-law.ts,231,true
substrate,src/simulation/state-reference.ts,495,true
laws,src/simulation/state-tax-authority.ts,84,true
governing,src/simulation/state-transit-service-profile.ts,97,true
elections,src/simulation/statewide-electorate.ts,267,true
laws,src/simulation/statutory-tax-law-attribution.ts,304,true
laws,src/simulation/statutory-tax-rules.ts,173,true
laws,src/simulation/statutory-tax.ts,1122,true
story,src/simulation/story/moments.ts,998,true
story,src/simulation/story/situation-binding.ts,320,true
story,src/simulation/story/situations.ts,338,true
story,src/simulation/story/threads.ts,651,true
story,src/simulation/story-people-store.ts,46,true
story,src/simulation/story-people.ts,112,true
laws,src/simulation/student-aid-facts.ts,169,true
economy,src/simulation/student-debt.ts,253,true
substrate,src/simulation/study-path-resolver.ts,28,true
laws,src/simulation/tax-law-term-binding.ts,313,true
laws,src/simulation/tax-law-term-keys.ts,52,true
laws,src/simulation/tax-policy-activation.ts,118,true
laws,src/simulation/tax-policy.ts,2353,true
laws,src/simulation/tax-types.ts,194,true
substrate,src/simulation/taxonomy.ts,346,true
laws,src/simulation/teacher-salary-floor.ts,327,true
substrate,src/simulation/tendency-packing.ts,278,true
substrate,src/simulation/territory-places.ts,120,true
economy,src/simulation/time-work.ts,2833,true
legislatures,src/simulation/town-council-profile-inputs.generated.ts,430,true
legislatures,src/simulation/town-council-profile-inputs.ts,17,true
legislatures,src/simulation/town-council-profile.ts,272,true
substrate,src/simulation/trait-packs.ts,674,true
substrate,src/simulation/trait-readings.ts,214,true
substrate,src/simulation/trait-registry.ts,125,true
substrate,src/simulation/trait-resistance.ts,242,true
substrate,src/simulation/traits/act-pulls.ts,231,true
campaigns,src/simulation/traits/campaign-door-answer-effects.ts,30,true
substrate,src/simulation/traits/effects/action-despite-fear.ts,25,true
substrate,src/simulation/traits/effects/bond-loyalty.ts,26,true
substrate,src/simulation/traits/effects/concern-for-distress.ts,25,true
substrate,src/simulation/traits/effects/facet-acquisitive.ts,21,true
substrate,src/simulation/traits/effects/facet-affectionate.ts,67,true
substrate,src/simulation/traits/effects/facet-ambitious.ts,21,true
substrate,src/simulation/traits/effects/facet-analytical.ts,20,true
substrate,src/simulation/traits/effects/facet-approval-seeking.ts,17,true
substrate,src/simulation/traits/effects/facet-arbitrary.ts,17,true
substrate,src/simulation/traits/effects/facet-argumentative.ts,22,true
substrate,src/simulation/traits/effects/facet-assertive.ts,20,true
substrate,src/simulation/traits/effects/facet-blunt.ts,18,true
substrate,src/simulation/traits/effects/facet-brazen.ts,22,true
substrate,src/simulation/traits/effects/facet-brooding.ts,22,true
substrate,src/simulation/traits/effects/facet-calm.ts,20,true
substrate,src/simulation/traits/effects/facet-closeness-seeking.ts,18,true
substrate,src/simulation/traits/effects/facet-cocky.ts,22,true
substrate,src/simulation/traits/effects/facet-comforting.ts,15,true
substrate,src/simulation/traits/effects/facet-competitive.ts,20,true
substrate,src/simulation/traits/effects/facet-contented.ts,21,true
substrate,src/simulation/traits/effects/facet-cruel.ts,55,true
substrate,src/simulation/traits/effects/facet-philanthropic.ts,20,true
substrate,src/simulation/traits/effects/facet-polite.ts,30,true
substrate,src/simulation/traits/effects/facet-practical.ts,20,true
substrate,src/simulation/traits/effects/facet-proud.ts,63,true
substrate,src/simulation/traits/effects/facet-restless.ts,22,true
substrate,src/simulation/traits/effects/facet-self-conscious.ts,65,true
substrate,src/simulation/traits/effects/facet-skeptical.ts,21,true
substrate,src/simulation/traits/effects/facet-slow-to-warm-up.ts,27,true
substrate,src/simulation/traits/effects/facet-studious.ts,21,true
substrate,src/simulation/traits/effects/facet-supportive.ts,15,true
substrate,src/simulation/traits/effects/facet-tactful.ts,18,true
substrate,src/simulation/traits/effects/facet-teasing.ts,21,true
substrate,src/simulation/traits/effects/facet-tender-hearted.ts,15,true
substrate,src/simulation/traits/effects/facet-thrill-seeking.ts,21,true
substrate,src/simulation/traits/effects/facet-vindictive.ts,21,true
substrate,src/simulation/traits/effects/facet-work-centered.ts,20,true
substrate,src/simulation/traits/effects/facet-zealous.ts,21,true
substrate,src/simulation/traits/effects/index.ts,92,true
substrate,src/simulation/traits/effects/initial-trust.ts,41,true
substrate,src/simulation/traits/effects/method-revision.ts,25,true
substrate,src/simulation/traits/effects/outward-emotional-display.ts,26,true
substrate,src/simulation/traits/effects/trait-proof-support.ts,370,false
substrate,src/simulation/traits/effects.ts,2,true
substrate,src/simulation/traits/jobs-decisions.ts,24,true
substrate,src/simulation/traits/jobs.ts,23,true
substrate,src/simulation/traits/votes-and-outreach-decisions.ts,57,true
laws,src/simulation/transit-contract-definitions.ts,32,true
governing,src/simulation/transit-funding.ts,306,true
governing,src/simulation/transit-service.ts,885,true
substrate,src/simulation/types.ts,6209,true
legislatures,src/simulation/undertakings.ts,446,true
legislatures,src/simulation/veto-override-source-readings.ts,378,true
substrate,src/simulation/vitality-catalog.ts,216,true
substrate,src/simulation/vitality-integrity.ts,1074,true
substrate,src/simulation/vitality.ts,310,true
substrate,src/simulation/voice-bands.ts,214,true
legislatures,src/simulation/vote-bundle.ts,379,true
legislatures,src/simulation/vote-readings.ts,31,false
substrate,src/simulation/world-integrity-changed.ts,272,true
substrate,src/simulation/world-metrics.ts,1393,true
substrate,src/simulation/world-setup/census-regions.ts,86,true
substrate,src/simulation/world-setup/conditions.ts,266,true
substrate,src/simulation/world-setup/deterministic-math.ts,143,true
substrate,src/simulation/world-setup/electoral-calibration.generated.d.json.ts,170,false
substrate,src/simulation/world-setup/index.ts,33,true
substrate,src/simulation/world-setup/integrity.ts,377,true
elections,src/simulation/world-setup/party-store.ts,50,true
laws,src/simulation/world-setup/policy.ts,45,true
substrate,src/simulation/world-setup/political-start.ts,395,true
laws,src/simulation/world-setup/state-tax-service-profiles.ts,264,true
substrate,src/simulation/world-setup/types.ts,338,true
substrate,src/simulation/world.ts,4621,true
source-data,src/source/adapters/civil-personnel-procedures.ts,415,false
source-data,src/source/adapters/civil-personnel.ts,119,false
source-data,src/source/adapters/economic-context.ts,964,false
source-data,src/source/core/aggregate.ts,125,false
source-data,src/source/core/archive/xlsx.ts,169,false
source-data,src/source/core/archive/zip.ts,182,false
source-data,src/source/core/artifact.ts,255,false
source-data,src/source/core/calendar.ts,35,false
source-data,src/source/core/canonical-json.ts,79,false
source-data,src/source/core/capability.ts,365,false
source-data,src/source/core/census-government-id.ts,38,false
source-data,src/source/core/corpus.ts,134,false
source-data,src/source/core/domain.ts,88,false
source-data,src/source/core/enacted-text.ts,286,false
source-data,src/source/core/errors.ts,31,false
source-data,src/source/core/fabricated-score.ts,252,false
source-data,src/source/core/hashing.ts,28,false
source-data,src/source/core/index.ts,32,false
source-data,src/source/core/parse/bls-timeseries.ts,72,false
source-data,src/source/core/parse/delimited.ts,227,false
source-data,src/source/core/parse/errors.ts,33,false
source-data,src/source/core/parse/fixed-width.ts,80,false
source-data,src/source/core/parse/html-text.ts,163,false
source-data,src/source/core/value.ts,380,false
source-data,src/source/core/write.ts,95,false
source-data,src/source/domains/acs-pums/acquisition.ts,428,false
source-data,src/source/domains/acs-pums/dictionary.ts,139,false
source-data,src/source/domains/acs-pums/donor.ts,823,false
source-data,src/source/domains/acs-pums/index.ts,301,false
source-data,src/source/domains/acs-pums/normalize.ts,100,false
source-data,src/source/domains/acs-pums/projection.ts,81,false
source-data,src/source/domains/acs-pums/types.ts,54,false
source-data,src/source/domains/acs-pums/validate.ts,179,false
source-data,src/source/domains/bea-regional/acquisition.ts,80,false
source-data,src/source/domains/bea-regional/index.ts,308,false
source-data,src/source/domains/bea-regional/normalize.ts,197,false
source-data,src/source/domains/bea-regional/parse.ts,87,false
source-data,src/source/domains/bea-regional/types.ts,57,false
source-data,src/source/domains/bea-regional/validate.ts,218,false
source-data,src/source/domains/bls-laus/acquisition.ts,149,false
source-data,src/source/domains/bls-laus/index.ts,301,false
source-data,src/source/domains/bls-laus/normalize.ts,104,false
source-data,src/source/domains/bls-laus/types.ts,57,false
source-data,src/source/domains/bls-laus/validate.ts,210,false
source-data,src/source/domains/career-occupations/compile.ts,215,false
source-data,src/source/domains/career-occupations/index.ts,95,false
source-data,src/source/domains/cd-place-relations/acquisition.ts,42,false
source-data,src/source/domains/cd-place-relations/identity.ts,69,false
source-data,src/source/domains/cd-place-relations/index.ts,129,false
source-data,src/source/domains/cd-place-relations/normalize.ts,192,false
source-data,src/source/domains/cd-place-relations/parse.ts,61,false
source-data,src/source/domains/cd-place-relations/types.ts,32,false
source-data,src/source/domains/cd-place-relations/validate.ts,158,false
source-data,src/source/domains/census-voting-registration/acquisition.ts,55,false
source-data,src/source/domains/census-voting-registration/index.ts,103,false
source-data,src/source/domains/census-voting-registration/parse.ts,201,false
source-data,src/source/domains/census-voting-registration/types.ts,40,false
source-data,src/source/domains/census-voting-registration/validate.ts,160,false
source-data,src/source/domains/civil-service-labor/acquisition.ts,261,false
source-data,src/source/domains/civil-service-labor/facts.ts,568,false
source-data,src/source/domains/civil-service-labor/index.ts,91,false
source-data,src/source/domains/civil-service-labor/profiles.ts,118,false
source-data,src/source/domains/civil-service-labor/types.ts,118,false
source-data,src/source/domains/civil-service-labor/validate.ts,138,false
source-data,src/source/domains/constitutional-process/index.ts,98,false
source-data,src/source/domains/constitutional-process/sources.ts,372,false
source-data,src/source/domains/counties/acquisition.ts,44,false
source-data,src/source/domains/counties/identity.ts,99,false
source-data,src/source/domains/counties/index.ts,123,false
source-data,src/source/domains/counties/normalize.ts,247,false
source-data,src/source/domains/counties/parse.ts,34,false
source-data,src/source/domains/counties/types.ts,53,false
source-data,src/source/domains/counties/validate.ts,153,false
source-data,src/source/domains/education/acquisition.ts,60,false
source-data,src/source/domains/education/index.ts,310,false
source-data,src/source/domains/federal-courts/acquisition.ts,73,false
source-data,src/source/domains/federal-courts/index.ts,173,false
source-data,src/source/domains/federal-courts/normalize.ts,348,false
source-data,src/source/domains/federal-courts/parse.ts,141,false
source-data,src/source/domains/federal-courts/types.ts,69,false
source-data,src/source/domains/federal-courts/validate.ts,202,false
source-data,src/source/domains/government-finances/acquisition.ts,137,false
source-data,src/source/domains/government-finances/codebook.ts,262,false
source-data,src/source/domains/government-finances/index.ts,116,false
source-data,src/source/domains/government-finances/normalize.ts,297,false
source-data,src/source/domains/government-finances/parse.ts,92,false
source-data,src/source/domains/government-finances/production.ts,360,false
source-data,src/source/domains/government-finances/survey-year.ts,51,false
source-data,src/source/domains/government-finances/types.ts,124,false
source-data,src/source/domains/government-finances/validate.ts,198,false
source-data,src/source/domains/government-units/acquisition.ts,67,false
source-data,src/source/domains/government-units/identity.ts,189,false
source-data,src/source/domains/government-units/index.ts,235,false
source-data,src/source/domains/government-units/normalize.ts,271,false
source-data,src/source/domains/government-units/parse.ts,77,false
source-data,src/source/domains/government-units/published-2025.ts,109,false
source-data,src/source/domains/government-units/types.ts,98,false
source-data,src/source/domains/government-units/validate.ts,182,false
source-data,src/source/domains/hud-housing/acquisition.ts,75,false
source-data,src/source/domains/hud-housing/index.ts,166,false
source-data,src/source/domains/hud-housing/normalize.ts,206,false
source-data,src/source/domains/hud-housing/types.ts,85,false
source-data,src/source/domains/hud-housing/validate.ts,165,false
source-data,src/source/domains/judicial-office-selection/index.ts,133,false
source-data,src/source/domains/judicial-office-selection/normalize.ts,991,false
source-data,src/source/domains/judicial-office-selection/parse.ts,540,false
source-data,src/source/domains/judicial-office-selection/types.ts,189,false
source-data,src/source/domains/judicial-office-selection/validate.ts,377,false
source-data,src/source/domains/municipal-governance/acquisition.ts,452,false
source-data,src/source/domains/municipal-governance/council-size-readings.ts,79,false
source-data,src/source/domains/municipal-governance/dc-production.ts,348,false
source-data,src/source/domains/municipal-governance/identity-links.ts,96,false
source-data,src/source/domains/municipal-governance/index.ts,242,false
source-data,src/source/domains/municipal-governance/national-corpus.ts,4000,false
source-data,src/source/domains/municipal-governance/national-packs.ts,504,false
source-data,src/source/domains/municipal-governance/national-research.ts,241,false
source-data,src/source/domains/municipal-governance/normalize.ts,649,false
source-data,src/source/domains/municipal-governance/parse.ts,415,false
source-data,src/source/domains/municipal-governance/production-packs.ts,1779,false
source-data,src/source/domains/municipal-governance/production.ts,279,false
source-data,src/source/domains/municipal-governance/research-expansion.ts,198,false
source-data,src/source/domains/municipal-governance/supplemental-production.ts,169,false
source-data,src/source/domains/municipal-governance/types.ts,548,false
source-data,src/source/domains/municipal-governance/validate.ts,467,false
source-data,src/source/domains/place-county-relations/acquisition.ts,572,false
source-data,src/source/domains/place-county-relations/index.ts,199,false
source-data,src/source/domains/place-county-relations/normalize.ts,243,false
source-data,src/source/domains/place-county-relations/parse.ts,24,false
source-data,src/source/domains/place-county-relations/types.ts,62,false
source-data,src/source/domains/place-county-relations/validate.ts,209,false
source-data,src/source/domains/places/acquisition.ts,45,false
source-data,src/source/domains/places/identity.ts,79,false
source-data,src/source/domains/places/index.ts,121,false
source-data,src/source/domains/places/normalize.ts,293,false
source-data,src/source/domains/places/parse.ts,37,false
source-data,src/source/domains/places/types.ts,53,false
source-data,src/source/domains/places/validate.ts,159,false
source-data,src/source/domains/political-districts/acquisition.ts,75,false
source-data,src/source/domains/political-districts/identity.ts,143,false
source-data,src/source/domains/political-districts/index.ts,176,false
source-data,src/source/domains/political-districts/normalize.ts,221,false
source-data,src/source/domains/political-districts/parse.ts,59,false
source-data,src/source/domains/political-districts/types.ts,55,false
source-data,src/source/domains/political-districts/validate.ts,218,false
source-data,src/source/domains/public-employment/acquisition.ts,98,false
source-data,src/source/domains/public-employment/codebook.ts,42,false
source-data,src/source/domains/public-employment/index.ts,114,false
source-data,src/source/domains/public-employment/normalize.ts,232,false
source-data,src/source/domains/public-employment/parse.ts,84,false
source-data,src/source/domains/public-employment/production.ts,285,false
source-data,src/source/domains/public-employment/types.ts,80,false
source-data,src/source/domains/public-employment/validate.ts,172,false
source-data,src/source/domains/sld-place-relations/acquisition.ts,62,false
source-data,src/source/domains/sld-place-relations/identity.ts,58,false
source-data,src/source/domains/sld-place-relations/index.ts,145,false
source-data,src/source/domains/sld-place-relations/normalize.ts,232,false
source-data,src/source/domains/sld-place-relations/parse.ts,93,false
source-data,src/source/domains/sld-place-relations/types.ts,36,false
source-data,src/source/domains/sld-place-relations/validate.ts,194,false
source-data,src/source/domains/state-campaign-compliance/acquisition.ts,212,false
source-data,src/source/domains/state-campaign-compliance/index.ts,279,false
source-data,src/source/domains/state-campaign-compliance/reviewed.ts,201,false
source-data,src/source/domains/state-campaign-compliance/types.ts,93,false
source-data,src/source/domains/state-legislatures/acquisition.ts,596,false
source-data,src/source/domains/state-legislatures/coverage.ts,208,false
source-data,src/source/domains/state-legislatures/declarations.ts,1858,false
source-data,src/source/domains/state-legislatures/index.ts,199,false
source-data,src/source/domains/state-legislatures/normalize.ts,902,false
source-data,src/source/domains/state-legislatures/text.ts,15,false
source-data,src/source/domains/state-legislatures/types.ts,105,false
source-data,src/source/domains/state-legislatures/validate.ts,391,false
source-data,src/source/domains/state-local-fiscal-authority/acquisition.ts,261,false
source-data,src/source/domains/state-local-fiscal-authority/classify.ts,219,false
source-data,src/source/domains/state-local-fiscal-authority/declarations.ts,337,false
source-data,src/source/domains/state-local-fiscal-authority/index.ts,323,false
source-data,src/source/domains/state-local-fiscal-authority/normalize.ts,697,false
source-data,src/source/domains/state-local-fiscal-authority/parse.ts,87,false
source-data,src/source/domains/state-local-fiscal-authority/schema.ts,298,false
source-data,src/source/domains/state-local-fiscal-authority/session-law.ts,181,false
source-data,src/source/domains/state-local-fiscal-authority/types.ts,310,false
source-data,src/source/domains/state-local-fiscal-authority/validate.ts,364,false
source-data,src/source/domains/state-office-qualifications/acquisition.ts,1001,false
source-data,src/source/domains/state-office-qualifications/compile.ts,553,false
source-data,src/source/domains/state-office-qualifications/index.ts,244,false
source-data,src/source/domains/state-office-qualifications/normalize.ts,338,false
source-data,src/source/domains/state-office-qualifications/parse.ts,131,false
source-data,src/source/domains/state-office-qualifications/temporal.ts,367,false
source-data,src/source/domains/state-office-qualifications/transcription.ts,933,false
source-data,src/source/domains/state-office-qualifications/types.ts,169,false
source-data,src/source/domains/state-office-qualifications/validate.ts,180,false
screens,src/ui/ArtBenchImage.tsx,104,true
screens,src/ui/ArtDeskView.tsx,3459,true
screens,src/ui/CandidateAdmissionReview.tsx,556,true
screens,src/ui/CausalTraceView.tsx,850,true
screens,src/ui/CharacterProofView.tsx,661,true
screens,src/ui/ContentBrowserView.tsx,524,true
screens,src/ui/DeveloperReviewHub.tsx,482,true
screens,src/ui/DeveloperViewer.tsx,205,true
screens,src/ui/EducationPathProof.tsx,94,false
screens,src/ui/EventHistory.tsx,221,true
screens,src/ui/LifePaths2Proof.tsx,115,false
screens,src/ui/LocationCompositionReview.tsx,178,true
screens,src/ui/MindProfile.tsx,486,true
screens,src/ui/ObserverDevRoute.tsx,261,true
screens,src/ui/PeopleList.tsx,60,true
screens,src/ui/PersonInspector.tsx,258,true
screens,src/ui/PoliticalProfile.tsx,532,true
screens,src/ui/PoseContactProof.tsx,375,true
screens,src/ui/ProductionOfficeProofView.tsx,253,true
screens,src/ui/SceneAuthoringProofView.tsx,460,true
screens,src/ui/SceneDebugOverlay.tsx,411,true
screens,src/ui/SceneGalleryView.tsx,922,true
screens,src/ui/ScenePresentationProofView.tsx,291,true
screens,src/ui/WorldControls.tsx,101,true
screens,src/ui/WorldSummary.tsx,52,true
screens,src/ui/review-context.tsx,16,true
screens,src/ui/scene-venue-exercise.ts,239,true
