{
  "type": "FeatureCollection",
  "features": [
    {
      "type": "Feature",
      "id": 1903,
      "geometry": {
        "type": "Polygon",
        "coordinates": [
          [
            [-84.563752999747024, 38.059344999802789],
            [-84.563757999769905, 38.059300000090346],
            [-84.563736000028598, 38.059223999664333],
            [-84.563684000150047, 38.05917100019542],
            [-84.563527999616127, 38.05909300006639],
            [-84.563268000223445, 38.058988999764992],
            [-84.56205600042864, 38.058543999934791],
            [-84.560567999550983, 38.057997999680779],
            [-84.559591999757728, 38.057619000061628],
            [-84.558487999917958, 38.057204999820925],
            [-84.558092999907728, 38.057024999785433],
            [-84.557981999579667, 38.05696800017698],
            [-84.557846000035539, 38.056888000192579],
            [-84.557606999660933, 38.056738999714383],
            [-84.557490000383382, 38.056655000208295],
            [-84.556749999693366, 38.056019000112187],
            [-84.556143999795964, 38.056446000134684],
            [-84.556077999673704, 38.056492999827562],
            [-84.55526300043725, 38.057012999908764],
            [-84.554624000029563, 38.05740200003617],
            [-84.554243000263057, 38.057625999755075],
            [-84.553233999959531, 38.058179000303134],
            [-84.552814999659873, 38.058400000030097],
            [-84.552315999892571, 38.058654999756307],
            [-84.551965000263309, 38.058827000306948],
            [-84.551116999618259, 38.05922700007352],
            [-84.550032000045036, 38.059695000158285],
            [-84.549189000321178, 38.060038000085008],
            [-84.548914999786462, 38.060138999938495],
            [-84.548775999869306, 38.060189999874581],
            [-84.548503000057821, 38.060288999981864],
            [-84.548493999836992, 38.060274000274276],
            [-84.548452999829124, 38.060200999814498],
            [-84.548417999668999, 38.060138999938495],
            [-84.548270000429326, 38.059876000119971],
            [-84.548277000102019, 38.059846999953002],
            [-84.548298999843325, 38.059795999777862],
            [-84.548240000292097, 38.059762000348712],
            [-84.548180000017638, 38.05972900032593],
            [-84.547831000038187, 38.059534999698293],
            [-84.547594000211717, 38.059413999874003],
            [-84.547420999959357, 38.059332000171636],
            [-84.547253999554769, 38.059261999887212],
            [-84.547070000330081, 38.059193999809523],
            [-84.546875000336399, 38.059127999944117],
            [-84.546680000342747, 38.059068000143441],
            [-84.546522999983893, 38.059028000249008],
            [-84.546334999662918, 38.058986000053373],
            [-84.54629799985301, 38.058978999782624],
            [-84.546136000369614, 38.058947000254292],
            [-84.544559999628405, 38.058714999895599],
            [-84.543905000225521, 38.058613000053924],
            [-84.543399999712136, 38.058519999970351],
            [-84.543184999626973, 38.058473000164568],
            [-84.542742999761103, 38.058349999702216],
            [-84.542555000338439, 38.058289999970995],
            [-84.542411000398388, 38.058236999825596],
            [-84.542310000116075, 38.058199999928235],
            [-84.542136000038781, 38.058128999824262],
            [-84.540749000341805, 38.057561000049368],
            [-84.539658000022499, 38.05710699995084],
            [-84.538436000181932, 38.056598000311723],
            [-84.537498999848424, 38.056207999977239],
            [-84.537390000068484, 38.056161000101277],
            [-84.536574000108786, 38.055810999820075],
            [-84.536138999915607, 38.055613000087874],
            [-84.533680999990779, 38.054324999886248],
            [-84.533316000117807, 38.054140999724964],
            [-84.533158999758967, 38.054061000187225],
            [-84.532881999749549, 38.053942000217866],
            [-84.532386000355302, 38.05376000022337],
            [-84.532191000361649, 38.053696000125562],
            [-84.531998999842699, 38.053641999977351],
            [-84.531499000250491, 38.053511000290669],
            [-84.527585000133399, 38.052557999762747],
            [-84.527496000444941, 38.052535999705725],
            [-84.526452999806224, 38.052282000111902],
            [-84.526166999575963, 38.052216999904303],
            [-84.525831999840193, 38.052152999872057],
            [-84.525574999922256, 38.05211399996864],
            [-84.525359999837093, 38.052088999783848],
            [-84.525180999736961, 38.052073999810304],
            [-84.524841999803229, 38.052060000068082],
            [-84.524609000174735, 38.052061999829327],
            [-84.524394999914492, 38.052072000049435],
            [-84.524049000308082, 38.052103000227923],
            [-84.52394899985066, 38.052116999961925],
            [-84.524467999709415, 38.052569000142483],
            [-84.524645000159751, 38.052758999945382],
            [-84.524747000266984, 38.05289300023211],
            [-84.524886000184168, 38.053204000289988],
            [-84.524921000344278, 38.053363999736703],
            [-84.524937000237784, 38.053511000290669],
            [-84.524941000435746, 38.053683999703068],
            [-84.524875000313514, 38.055725999772008],
            [-84.524859000419994, 38.056046000021759],
            [-84.524777000404228, 38.056487999666011],
            [-84.524706000259116, 38.056718999840726],
            [-84.524646999809576, 38.056872999787878],
            [-84.5245780002126, 38.057023000159774],
            [-84.524491000173967, 38.057178000338979],
            [-84.524339999662899, 38.057425000206244],
            [-84.524251999799347, 38.057558000279165],
            [-84.524146000392477, 38.057691000110438],
            [-84.523911000215818, 38.057948999939391],
            [-84.523631999658249, 38.058226999740462],
            [-84.52356800008414, 38.058292000269311],
            [-84.523352000174071, 38.058512000216197],
            [-84.523279000379148, 38.058584000093774],
            [-84.523249000241918, 38.058621999941657],
            [-84.523144999586535, 38.058733000352198],
            [-84.52305099987521, 38.058860000029156],
            [-84.522969999684349, 38.058996000034789],
            [-84.522910000308215, 38.059119000118621],
            [-84.522782000261685, 38.059629000037461],
            [-84.522543999711985, 38.060627000074746],
            [-84.522443000327982, 38.060886999682332],
            [-84.522238000288553, 38.061334999733319],
            [-84.521854000149006, 38.062152999690454],
            [-84.521654999957363, 38.062535000148863],
            [-84.521566000268933, 38.062683000053333],
            [-84.521439000047295, 38.062844000082627],
            [-84.521254000099376, 38.063026000119621],
            [-84.520586000277703, 38.063642000041348],
            [-84.519590000392938, 38.062976000123484],
            [-84.519386000178457, 38.062842999995659],
            [-84.519094000100409, 38.0626520001125],
            [-84.518521999639859, 38.062295999895632],
            [-84.518085999621761, 38.062034000147484],
            [-84.517236000225211, 38.061533999649797],
            [-84.516481000364891, 38.061088999735453],
            [-84.516174000218228, 38.06090099985807],
            [-84.515753000268745, 38.060642999827024],
            [-84.515667000055018, 38.060849999710257],
            [-84.515323999923353, 38.06153900017388],
            [-84.515050000286948, 38.062101000318158],
            [-84.514313999794894, 38.063575999944135],
            [-84.514204000190048, 38.063739000279746],
            [-84.514174000052819, 38.063784000091459],
            [-84.514071999945557, 38.063912000269063],
            [-84.5138140002027, 38.064184999706313],
            [-84.513593000269765, 38.064403000193849],
            [-84.513327000131, 38.064628999825423],
            [-84.513003000265883, 38.064912000003865],
            [-84.512356000360597, 38.065416000257514],
            [-84.511928999665031, 38.06573799995752],
            [-84.511481999776265, 38.066071000126797],
            [-84.51138700024002, 38.066140000220749],
            [-84.510765000449098, 38.066593000113564],
            [-84.510055999721232, 38.067135999801614],
            [-84.509767999841131, 38.0673310001049],
            [-84.509703000442116, 38.067374999804052],
            [-84.509470999740202, 38.067524999865448],
            [-84.509259000028095, 38.067654999905614],
            [-84.508544000350753, 38.06812299983477],
            [-84.508291999557358, 38.06828899997894],
            [-84.509838999986243, 38.069288000002267],
            [-84.509703000442116, 38.069598999693447],
            [-84.509860999727536, 38.069901000270271],
            [-84.509557999778835, 38.07005700003306],
            [-84.510265999783499, 38.070956000297812],
            [-84.510341000126587, 38.07112400032559],
            [-84.509740000252037, 38.071295999853277],
            [-84.509802000176322, 38.07143300005113],
            [-84.509921999826901, 38.071651000157004],
            [-84.510097999554006, 38.072034999742968],
            [-84.510413999921511, 38.071954000003586],
            [-84.510525000249586, 38.071968000183212],
            [-84.510625999633618, 38.07211200025894],
            [-84.510859000160437, 38.07260500021799],
            [-84.510371000263788, 38.072596999882244],
            [-84.510326000057958, 38.072609999985353],
            [-84.509898000435783, 38.072573000284152],
            [-84.509573999672369, 38.072675999711691],
            [-84.509634999771748, 38.072922000352811],
            [-84.509526999816714, 38.073247000086482],
            [-84.509299000211072, 38.073235000041464],
            [-84.508971000148023, 38.072473999825768],
            [-84.508867000390936, 38.072492999681273],
            [-84.508390000364969, 38.072536999811511],
            [-84.508347999633855, 38.072548999971048],
            [-84.508308000349217, 38.072570999669054],
            [-84.508218999762434, 38.072663000327509],
            [-84.50818500032554, 38.072713000067978],
            [-84.508157999663055, 38.072737000327272],
            [-84.508121999678039, 38.072758000017309],
            [-84.50806399995173, 38.072776999799039],
            [-84.507935000080295, 38.072785000115097],
            [-84.507810000406835, 38.07390199985074],
            [-84.507503000260158, 38.07387500016533],
            [-84.506401999895118, 38.073783000324234],
            [-84.505907000325792, 38.073747999677863],
            [-84.505820000287159, 38.073755999887659],
            [-84.505683000019815, 38.073783000324234],
            [-84.505925999694057, 38.074521999837835],
            [-84.505944999960633, 38.074577999988485],
            [-84.505960000029248, 38.074624000130669],
            [-84.505970999899901, 38.074639999650685],
            [-84.505471000307708, 38.074729999979219],
            [-84.503847999710828, 38.074997999751616],
            [-84.503291000217246, 38.075074000057185],
            [-84.502881000138402, 38.075124000270996],
            [-84.502599999931022, 38.075153999958594],
            [-84.502298999632146, 38.075177000205727],
            [-84.502055000132984, 38.075191999686616],
            [-84.5016340001835, 38.075220000217975],
            [-84.500639999948575, 38.075239999984781],
            [-84.500495000183633, 38.075237000232264],
            [-84.500007000286985, 38.075229000184407],
            [-84.499542999781497, 38.075203000199664],
            [-84.498998999808379, 38.07516000017749],
            [-84.49873100001976, 38.075130999704186],
            [-84.498222000206738, 38.075076999816439],
            [-84.49529599957846, 38.074645999911738],
            [-84.495262999966499, 38.074653000097832],
            [-84.495132000445253, 38.074622000278843],
            [-84.495047999881351, 38.074616000015759],
            [-84.494954000170026, 38.074850999932075],
            [-84.494816000077748, 38.0751620000146],
            [-84.494801000009133, 38.075199999738459],
            [-84.494765999849037, 38.075287000334598],
            [-84.49466799993975, 38.07553700033364],
            [-84.494123999966618, 38.076820000346331],
            [-84.493913000079431, 38.077286999734568],
            [-84.493190000006152, 38.079022000287686],
            [-84.49312399988392, 38.079180000123841],
            [-84.492753000163148, 38.080069000052099],
            [-84.492692999888689, 38.080205000230961],
            [-84.49165400034623, 38.082560999681981],
            [-84.491470000223231, 38.082989000172674],
            [-84.491352000222449, 38.083252000336643],
            [-84.491194999863623, 38.083602999960824],
            [-84.490306999933892, 38.085642999809927],
            [-84.490267999575849, 38.085730000001995],
            [-84.490236999613714, 38.085804000213955],
            [-84.490271999773796, 38.085820999888959],
            [-84.490368000033271, 38.085867999801728],
            [-84.489923999619265, 38.086900999672217],
            [-84.489865000068022, 38.087030999918944],
            [-84.489289000307863, 38.088310000109622],
            [-84.488767000076024, 38.089560000140857],
            [-84.487906999735401, 38.091562000226553],
            [-84.48774899955167, 38.091931000317395],
            [-84.487289999967345, 38.092998999991295],
            [-84.487233999890861, 38.093148000143117],
            [-84.486927999569104, 38.094061999898841],
            [-84.486706999636155, 38.094850999647036],
            [-84.486585000335737, 38.095384999895842],
            [-84.486438000022645, 38.096028000175735],
            [-84.486300999755301, 38.09676800001246],
            [-84.485895999699352, 38.098412000256374],
            [-84.48584200017099, 38.098668999664703],
            [-84.48565200020019, 38.099595999906683],
            [-84.485623999712786, 38.099728000069057],
            [-84.485592999750651, 38.099881999957105],
            [-84.485410000350839, 38.099792999772184],
            [-84.485186000044862, 38.099684000041407],
            [-84.481298999691958, 38.097748000167229],
            [-84.480389999845841, 38.097295000254562],
            [-84.477623999949444, 38.095918999777759],
            [-84.47692400034073, 38.095571999873478],
            [-84.476106999657802, 38.095166000202241],
            [-84.475229999598739, 38.094730000269088],
            [-84.474673999930047, 38.094453999933364],
            [-84.474346999691903, 38.094272999987545],
            [-84.472513999931067, 38.093256000053834],
            [-84.469823000377758, 38.091513000342644],
            [-84.468227000443378, 38.090343000024056],
            [-84.466521000005841, 38.088985999979585],
            [-84.466401000355262, 38.088878999853947],
            [-84.46579799993259, 38.088340000043971],
            [-84.465105999821461, 38.087722999789236],
            [-84.464924000246569, 38.087559999871097],
            [-84.463947999555003, 38.086587999788712],
            [-84.463372999619736, 38.086015999871329],
            [-84.462011999861986, 38.084464000043184],
            [-84.461863999723988, 38.084272000252838],
            [-84.46174599972322, 38.084118999793766],
            [-84.46013999974312, 38.085426000180036],
            [-84.45851399967151, 38.086708999918379],
            [-84.456707999674862, 38.08815200020517],
            [-84.455228000091452, 38.089243999737683],
            [-84.452837999938694, 38.090803999658846],
            [-84.451450000416799, 38.091638000284561],
            [-84.450467000052512, 38.092205999890211],
            [-84.450236000073829, 38.092438000082623],
            [-84.447325000412505, 38.09429300019886],
            [-84.444839999825192, 38.091650000137619],
            [-84.444553999594916, 38.091330999779139],
            [-84.444008999796878, 38.090860999770605],
            [-84.443344000348247, 38.090382999764017],
            [-84.442503000274201, 38.089636999879978],
            [-84.442155999944561, 38.089007999682096],
            [-84.44207700030185, 38.088881000022909],
            [-84.441672000245902, 38.087612000235815],
            [-84.44039099995581, 38.085365000249602],
            [-84.440170999847766, 38.085506999846821],
            [-84.439756999570989, 38.085774999719376],
            [-84.438973000296656, 38.086305000041598],
            [-84.438116000329089, 38.086867999871934],
            [-84.437953999947382, 38.086969000156451],
            [-84.436831999665941, 38.08772100029563],
            [-84.433510000100867, 38.089923999735618],
            [-84.432602999904589, 38.090542999919045],
            [-84.429893999909595, 38.09236900005358],
            [-84.429850000426995, 38.092398000053201],
            [-84.429727000403318, 38.092480000160641],
            [-84.426697000017981, 38.094480000142688],
            [-84.426563000123679, 38.094566999715248],
            [-84.425544999599339, 38.095230999721366],
            [-84.42362399997495, 38.096492999930575],
            [-84.422602999975837, 38.097192000157285],
            [-84.420698000244997, 38.09847299990345],
            [-84.420514999946874, 38.098596000056737],
            [-84.417681000278435, 38.100518999998634],
            [-84.416962000403117, 38.101005999786011],
            [-84.41547600007361, 38.10199999974288],
            [-84.413557000099033, 38.103293000092648],
            [-84.411961000164681, 38.104366999785817],
            [-84.411725000163145, 38.104526000205432],
            [-84.411480999765658, 38.104691999709672],
            [-84.410672000376977, 38.10524000031787],
            [-84.408410000270749, 38.106763000146479],
            [-84.407210999996408, 38.107570999820069],
            [-84.40713300017859, 38.10762400026578],
            [-84.40702500022357, 38.107697000043224],
            [-84.406892000154187, 38.107785999789328],
            [-84.406019000293085, 38.108381000087761],
            [-84.40489799983655, 38.109144000097466],
            [-84.404354999688337, 38.109513999920168],
            [-84.403886999883184, 38.109830999769585],
            [-84.402966000341522, 38.110455000276751],
            [-84.40217299994805, 38.110995999824134],
            [-84.401501999753322, 38.111454999678067],
            [-84.400085999744007, 38.112408999861863],
            [-84.398990000300131, 38.11314699968414],
            [-84.395747000377781, 38.115335999870993],
            [-84.392574999702219, 38.117454999759687],
            [-84.389437000260159, 38.119629999916384],
            [-84.389325000107164, 38.119686000141463],
            [-84.387175999978822, 38.121074000324981],
            [-84.384477999854511, 38.122843000173305],
            [-84.383136000363365, 38.123729999827717],
            [-84.382243000410767, 38.124332999889916],
            [-84.380341999979549, 38.125595999781723],
            [-84.38023300019961, 38.125668000035411],
            [-84.37902200022971, 38.126472999970154],
            [-84.378104999987684, 38.127090000212071],
            [-84.377136999692027, 38.127734999679426],
            [-84.375702000314462, 38.128805999988089],
            [-84.374302000198668, 38.12989400015045],
            [-84.373990000029139, 38.130126999961021],
            [-84.373398000375445, 38.130563999792813],
            [-84.37263799959392, 38.131134000342001],
            [-84.371963999924461, 38.131627000049868],
            [-84.371246999698968, 38.132139999703476],
            [-84.370531000196721, 38.132644000029451],
            [-84.36977100031352, 38.133167000037474],
            [-84.369131000080927, 38.133600999856291],
            [-84.368992999988663, 38.133694999659383],
            [-84.368473000304988, 38.134043999710677],
            [-84.368481999627491, 38.134004999670381],
            [-84.368490000023414, 38.133972999766641],
            [-84.368499000244256, 38.133871000333215],
            [-84.368515999962682, 38.133685000001776],
            [-84.368507999566759, 38.133649999776246],
            [-84.368494000221375, 38.133591000185817],
            [-84.36846400008416, 38.133489000218518],
            [-84.36841499968034, 38.133309000011515],
            [-84.368279000136226, 38.133081000336873],
            [-84.367910999890185, 38.132856000164217],
            [-84.367750000231709, 38.132617999977207],
            [-84.367595000421019, 38.132050999958729],
            [-84.367467000374489, 38.131182999798384],
            [-84.367445999559777, 38.130557000014967],
            [-84.367386000183643, 38.130042000085979],
            [-84.367403999726989, 38.129849000043734],
            [-84.367489999940702, 38.129697000200437],
            [-84.367639999728539, 38.129587999866935],
            [-84.367853999988768, 38.129461999959233],
            [-84.368018000020314, 38.1293529999814],
            [-84.368122999602292, 38.129206999833904],
            [-84.368187000074713, 38.128973999913185],
            [-84.368078000294773, 38.128358999843819],
            [-84.367927999608625, 38.12758999973699],
            [-84.367960000293991, 38.127343000136797],
            [-84.368139000394152, 38.127084999930965],
            [-84.368263000242706, 38.126940000110764],
            [-84.368362999801803, 38.126796999840316],
            [-84.36841700022849, 38.126605000326371],
            [-84.36847900015276, 38.126206000174172],
            [-84.36858899975762, 38.12590099990836],
            [-84.368834999804903, 38.125735999777987],
            [-84.369275999845883, 38.125506999831266],
            [-84.369439999877414, 38.125347999856203],
            [-84.369568999748836, 38.125075999767056],
            [-84.370390999556307, 38.124441000345513],
            [-84.3705589997858, 38.124376999911618],
            [-84.371208000239221, 38.124360999971046],
            [-84.372681999974844, 38.124092000312523],
            [-84.372959999809211, 38.123985000004694],
            [-84.373246999864378, 38.123771000331949],
            [-84.373805999906125, 38.123198000332444],
            [-84.37408999958825, 38.123047000037737],
            [-84.374511000436044, 38.122871000119162],
            [-84.37492200033978, 38.122795000039233],
            [-84.375723000230863, 38.122822000030169],
            [-84.375986999821492, 38.122733000231534],
            [-84.376628999703911, 38.122435000147803],
            [-84.37669099962821, 38.122406000055726],
            [-84.376909999911319, 38.122213000319377],
            [-84.376960999964936, 38.122103000135162],
            [-84.377008999645511, 38.121993999769913],
            [-84.377097000407375, 38.121793999739829],
            [-84.377263999913623, 38.121603999769135],
            [-84.377756000008233, 38.121308000012526],
            [-84.377791999993249, 38.121265000256052],
            [-84.377865999613078, 38.12117099999351],
            [-84.377931999735324, 38.120969999830535],
            [-84.377906999620961, 38.120738999772101],
            [-84.377692000434138, 38.120370000282868],
            [-84.377070999569781, 38.119640000085923],
            [-84.377006999995686, 38.119413000140383],
            [-84.377028999736993, 38.119297999870611],
            [-84.377094999859239, 38.118891999878926],
            [-84.377152999585562, 38.118379999741762],
            [-84.377236000324544, 38.118147999933271],
            [-84.377452000234612, 38.117900000151536],
            [-84.37807599967536, 38.117656999747936],
            [-84.378854000000231, 38.117381999839928],
            [-84.379009999635841, 38.117259000216634],
            [-84.37919499958376, 38.116894000321821],
            [-84.379352999767519, 38.116734999965608],
            [-84.379578999723321, 38.116655000335612],
            [-84.379827000318755, 38.116560999792547],
            [-84.379938999573426, 38.116432999896112],
            [-84.379938999573426, 38.116072999735529],
            [-84.379827000318755, 38.115564999913801],
            [-84.379773999716988, 38.115334999795188],
            [-84.379856999557674, 38.115070999792486],
            [-84.380047000426785, 38.114862999932086],
            [-84.380541000171192, 38.114350999817894],
            [-84.380788000043395, 38.113959999894888],
            [-84.380935000356487, 38.113490999930185],
            [-84.380920000287887, 38.113495000334439],
            [-84.380920000287887, 38.113310999888469],
            [-84.380915000265006, 38.11313399972115],
            [-84.380608999943249, 38.11246899972366],
            [-84.380080000038745, 38.111939999832735],
            [-84.379732999709105, 38.111620999694161],
            [-84.379613000058512, 38.111455999807006],
            [-84.379510000126345, 38.111196999874949],
            [-84.379368999661025, 38.111121999794079],
            [-84.379207000177644, 38.111149999993501],
            [-84.379040999597976, 38.111268000059574],
            [-84.378795000449003, 38.111591000127973],
            [-84.378638999915069, 38.111669000105429],
            [-84.378417000157228, 38.111654999753128],
            [-84.378073000200629, 38.111449000317592],
            [-84.377340000081617, 38.11076600015997],
            [-84.376741999681812, 38.110215999716651],
            [-84.376529999969705, 38.110039999972464],
            [-84.376184000363295, 38.109965000117249],
            [-84.37580600007152, 38.11001499979367],
            [-84.375199000349212, 38.110212999985649],
            [-84.374910999570815, 38.110288000293046],
            [-84.374555999743578, 38.11027099994736],
            [-84.373281000199569, 38.109863999804148],
            [-84.372779999884159, 38.109825999720186],
            [-84.372327000147621, 38.109690000224951],
            [-84.371999999909463, 38.109493000184798],
            [-84.371701999983628, 38.109382999924044],
            [-84.371279000384334, 38.109102999862309],
            [-84.37104900023057, 38.109039000121555],
            [-84.370726000190388, 38.109049999782826],
            [-84.370315000286652, 38.109080999847293],
            [-84.369907999682539, 38.109004000096093],
            [-84.36982099964392, 38.108872999892206],
            [-84.369781000359254, 38.108812999903826],
            [-84.369642000442084, 38.108453000352334],
            [-84.369432000379788, 38.10816900027109],
            [-84.369404999717304, 38.108007000183193],
            [-84.369430999656586, 38.10750199994235],
            [-84.369429999831667, 38.107259999764004],
            [-84.369562999901049, 38.10682600027517],
            [-84.369755000419985, 38.106500999948537],
            [-84.36995999956109, 38.105973000158826],
            [-84.370097999653353, 38.105657000033759],
            [-84.370172000171522, 38.105402000180007],
            [-84.370122999767716, 38.105216000124472],
            [-84.369953999713317, 38.105135999894117],
            [-84.369691999772471, 38.105157000175168],
            [-84.368373999672471, 38.105059999735545],
            [-84.367915000088146, 38.104919000171343],
            [-84.367739000361055, 38.104839000322656],
            [-84.36747099967414, 38.104759999900196],
            [-84.367289999924168, 38.104599000251064],
            [-84.367354000396588, 38.104154000108522],
            [-84.367381999985668, 38.103596000299646],
            [-84.367286999551126, 38.103288000302662],
            [-84.366877000370607, 38.102769000023542],
            [-84.366215000396721, 38.102068999868777],
            [-84.365848999800491, 38.101812999955179],
            [-84.365451000315559, 38.101722999739295],
            [-84.365002999703577, 38.101524000305815],
            [-84.364472999974154, 38.101057000210368],
            [-84.363765999794424, 38.100604000310014],
            [-84.363400999921438, 38.100380000008208],
            [-84.363077999881241, 38.100305000132437],
            [-84.362851999925439, 38.100381000288827],
            [-84.362086000194452, 38.100840999957413],
            [-84.361798000314366, 38.100979000212305],
            [-84.361681999963409, 38.100976999667488],
            [-84.361655000199221, 38.100942000021],
            [-84.361394000083337, 38.100739999754282],
            [-84.361286999953194, 38.100376999873262],
            [-84.361199999914561, 38.099699999733211],
            [-84.360973999958773, 38.099148999803091],
            [-84.360804999904346, 38.098919999900588],
            [-84.360559999681982, 38.098708000200126],
            [-84.360075000158389, 38.098633000022076],
            [-84.35905300033437, 38.098476000116577],
            [-84.358700000156972, 38.098359999798561],
            [-84.358158999658571, 38.098054999875565],
            [-84.357874000151526, 38.09802499968692],
            [-84.357433000110547, 38.098124000192065],
            [-84.356961000107447, 38.098158000170386],
            [-84.356441000423771, 38.09807900030043],
            [-84.355892000427787, 38.097837000015105],
            [-84.355751999787387, 38.097847000340742],
            [-84.35530400007373, 38.098215000202508],
            [-84.354976999835571, 38.098320999784349],
            [-84.354622000008334, 38.098370999653802],
            [-84.354298999968137, 38.098336999774581],
            [-84.354022999783638, 38.098245999916053],
            [-84.353810000246597, 38.0980830001348],
            [-84.353576999719778, 38.097856000349829],
            [-84.352769000156016, 38.097528000165561],
            [-84.35227799988634, 38.097416999948692],
            [-84.351784000141933, 38.097433999750791],
            [-84.351046000000039, 38.097566999896024],
            [-84.350800999777647, 38.09757799987063],
            [-84.350539999661763, 38.097530999710521],
            [-84.349460999936326, 38.096949000141791],
            [-84.34912799985041, 38.096666000210796],
            [-84.349009000024694, 38.096411000083762],
            [-84.34899999980388, 38.096145000292246],
            [-84.349090000215554, 38.095889999761248],
            [-84.34925199969895, 38.095610000301924],
            [-84.349342999935544, 38.095319000163798],
            [-84.3493460003086, 38.095130999893371],
            [-84.349234000155604, 38.095000999912372],
            [-84.348964999643769, 38.094996000261986],
            [-84.348299000370233, 38.095088999924769],
            [-84.347750000374234, 38.095106999914293],
            [-84.346894000231572, 38.095056999932524],
            [-84.345693000307406, 38.094994000260343],
            [-84.344897000439204, 38.094976000243044],
            [-84.344606000186062, 38.094942000198209],
            [-84.34442999956066, 38.094852000003286],
            [-84.344157999574108, 38.094653000239248],
            [-84.344130999809906, 38.094453999933364],
            [-84.344120999764172, 38.093854000310841],
            [-84.344151999726307, 38.093489999784197],
            [-84.344186999886418, 38.092964000058615],
            [-84.344172999642709, 38.092562999856661],
            [-84.344085999604076, 38.092360000075715],
            [-84.344046000319423, 38.092293999732945],
            [-84.344011000159327, 38.091891999700309],
            [-84.343981999846989, 38.091490999980081],
            [-84.343841000280008, 38.09123499977327],
            [-84.343581999813921, 38.091036000059205],
            [-84.343351999660158, 38.090993999858462],
            [-84.342971999718557, 38.091076000126961],
            [-84.342637999807707, 38.091099000315097],
            [-84.342231000101933, 38.091081000045506],
            [-84.342056000199747, 38.091005999817291],
            [-84.341919999757295, 38.090840000329962],
            [-84.341830000243945, 38.090680999824443],
            [-84.341470000393841, 38.090613999672371],
            [-84.341077000033437, 38.090545999750688],
            [-84.340772000434896, 38.09044500016612],
            [-84.340025999897108, 38.090000000082718],
            [-84.339835999926322, 38.089850999876738],
            [-84.339352000227635, 38.08979500010993],
            [-84.3388490002624, 38.08983399972481],
            [-84.338685000230868, 38.089800000116085],
            [-84.338491999887026, 38.089636000159331],
            [-84.338404000023459, 38.08941400033018],
            [-84.338393999977725, 38.089111999728594],
            [-84.338362000190671, 38.088902999756968],
            [-84.338168000021938, 38.088570000309957],
            [-84.337916999951744, 38.088412000260369],
            [-84.337419999834296, 38.088155999875831],
            [-84.337173999786998, 38.088133000175723],
            [-84.336690000088325, 38.088095000102065],
            [-84.336258000268188, 38.087688999905737],
            [-84.336106999757135, 38.08759099986181],
            [-84.335845999641222, 38.087584000207208],
            [-84.335699000226455, 38.087582000002698],
            [-84.335234999720939, 38.087562000076154],
            [-84.334843999908699, 38.087508000176399],
            [-84.334643999892165, 38.08742300018794],
            [-84.334289999889833, 38.087131000223366],
            [-84.334223999767602, 38.086917000041367],
            [-84.334186000132775, 38.086569000059839],
            [-84.334094000071246, 38.08637799990629],
            [-84.333870999590189, 38.086332999853006],
            [-84.333513000288207, 38.086486999684887],
            [-84.332946999675457, 38.086559000312185],
            [-84.332469999649476, 38.086525999650512],
            [-84.331010999982468, 38.086208999798579],
            [-84.330683999744323, 38.086049000056207],
            [-84.330620000170214, 38.085977000340698],
            [-84.330488999750656, 38.085814000064822],
            [-84.330037999663929, 38.085218000057303],
            [-84.3298179995559, 38.0850870003392],
            [-84.329524999652946, 38.085058000267281],
            [-84.329128999817826, 38.085147999794565],
            [-84.328523999745343, 38.085369000072696],
            [-84.328198000230415, 38.085388000113426],
            [-84.327922000045888, 38.085296999687515],
            [-84.327453000415844, 38.084966000353234],
            [-84.327239999980492, 38.084795000236085],
            [-84.326963999795993, 38.084716000063437],
            [-84.326670000068106, 38.084732000203765],
            [-84.326364999571254, 38.0849640000771],
            [-84.325829999818964, 38.085407000149225],
            [-84.325180000438948, 38.085860000209863],
            [-84.324624999696837, 38.086171999906988],
            [-84.324168999587272, 38.086557999842448],
            [-84.323915000042376, 38.086841000024251],
            [-84.323735000117324, 38.087269000206703],
            [-84.323472000351586, 38.087637000302784],
            [-84.323383999589723, 38.087819000165233],
            [-84.323150000136309, 38.08794499980457],
            [-84.322971000036176, 38.087936999732939],
            [-84.322494999835115, 38.087861999814081],
            [-84.322140999832769, 38.087863000265976],
            [-84.321898999983432, 38.087952999875334],
            [-84.321709000012632, 38.088141999966993],
            [-84.321709000012632, 38.08850199990087],
            [-84.321666000354924, 38.088664000105801],
            [-84.321576999768155, 38.088743000254468],
            [-84.321534000110461, 38.088768999667181],
            [-84.321308000154644, 38.088844999801005],
            [-84.320600999974886, 38.08901799980174],
            [-84.320384000239926, 38.089111999728594],
            [-84.320265000414238, 38.089258000142451],
            [-84.320159000109015, 38.089539000326461],
            [-84.320071000245477, 38.09046500001093],
            [-84.31981199977939, 38.091014000260081],
            [-84.319650000296008, 38.091374999886973],
            [-84.319543000165879, 38.091460999924863],
            [-84.319499999609846, 38.091497000272398],
            [-84.319123999866207, 38.091701000021544],
            [-84.318124999608429, 38.092885000229877],
            [-84.317810999789074, 38.093103999688594],
            [-84.317594000054086, 38.093178999885069],
            [-84.317354999679495, 38.093152000247414],
            [-84.316843000391742, 38.092949999656724],
            [-84.316644000200085, 38.092905000114065],
            [-84.316502999734794, 38.093014999732709],
            [-84.316369999665397, 38.092992999822222],
            [-84.316304000441491, 38.092983000246328],
            [-84.31609600002902, 38.092785999697469],
            [-84.315930000347663, 38.092736000248856],
            [-84.315721000110287, 38.092817000299959],
            [-84.315372999955727, 38.093109999848551],
            [-84.315203000076423, 38.093178999885069],
            [-84.314823999959742, 38.093202000118396],
            [-84.31453199988168, 38.093122999839906],
            [-84.314372000048124, 38.093011000327898],
            [-84.314269000115956, 38.09279300026801],
            [-84.313980000410965, 38.092456999700069],
            [-84.313752999731918, 38.092011000158429],
            [-84.31354199984473, 38.091416000172501],
            [-84.313514000255637, 38.090833999983658],
            [-84.313496999638886, 38.090661999745357],
            [-84.313566999959093, 38.090284999796637],
            [-84.313513000430731, 38.089942000290122],
            [-84.31323700024619, 38.089565999884712],
            [-84.313022999985961, 38.089501999999143],
            [-84.312889000091658, 38.089494999820495],
            [-84.312398999646902, 38.089420999809619],
            [-84.312115999789683, 38.08932000008469],
            [-84.311877000313402, 38.089030000084954],
            [-84.311873999940346, 38.088736999736035],
            [-84.311894000031828, 38.088358000281495],
            [-84.311853000023945, 38.08810199970781],
            [-84.311846000351238, 38.087867999697245],
            [-84.31183899978025, 38.08758299975144],
            [-84.31190099970452, 38.087238000079395],
            [-84.311924000169043, 38.087057999696455],
            [-84.311882000336254, 38.08690399965333],
            [-84.311731999650121, 38.08675599996733],
            [-84.311541999679321, 38.086717999884961],
            [-84.311350000058709, 38.086700999711482],
            [-84.311015000322939, 38.086722000341098],
            [-84.31043700001463, 38.08669099998189],
            [-84.309713999941351, 38.086605999750567],
            [-84.308964999928818, 38.086607000219651],
            [-84.308549000002216, 38.086533999876565],
            [-84.308200999847671, 38.086293000018109],
            [-84.307697000057516, 38.085686000031593],
            [-84.307527000178197, 38.085398999799793],
            [-84.307496000216062, 38.085042000198349],
            [-84.30748799982014, 38.084839000035693],
            [-84.30750600026181, 38.084613999705347],
            [-84.307502999888754, 38.084424999684664],
            [-84.307457999682924, 38.0842660000745],
            [-84.30728600015378, 38.084135999860564],
            [-84.30701499999212, 38.084134000268861],
            [-84.306645000096267, 38.084156999812862],
            [-84.306293999568666, 38.084289000284066],
            [-84.305917000000122, 38.084599999825294],
            [-84.305630999769846, 38.084971999767056],
            [-84.305282999615315, 38.085622000284452],
            [-84.305126000154786, 38.085752999751051],
            [-84.304957000100401, 38.085785000281327],
            [-84.304796000441925, 38.085749999722715],
            [-84.304591000402496, 38.085560999810475],
            [-84.304360000423813, 38.085185999985917],
            [-84.304145000338664, 38.084848000232476],
            [-84.303941000124169, 38.084608000262094],
            [-84.30365800026695, 38.084494000141646],
            [-84.303243999990158, 38.084420999809879],
            [-84.302741999849815, 38.084432000348805],
            [-84.302603999757565, 38.084379999843385],
            [-84.302089000096771, 38.083634000215305],
            [-84.301633999812097, 38.08300599979512],
            [-84.301369000396548, 38.082770000107381],
            [-84.30096500016549, 38.08257599976961],
            [-84.30044200010876, 38.082450999887996],
            [-84.300172999596938, 38.082441000284199],
            [-84.299950999839083, 38.082359000228898],
            [-84.299488000056797, 38.081893999650575],
            [-84.298723999975664, 38.081204000139984],
            [-84.298501000392903, 38.080793999785833],
            [-84.298390000064828, 38.080286999873429],
            [-84.298373000346373, 38.080065999790541],
            [-84.298282000109779, 38.079941999713867],
            [-84.298166999583742, 38.07993000006028],
            [-84.297979999985998, 38.079979999782559],
            [-84.29729399972264, 38.080351999895477],
            [-84.297056999896171, 38.080468999648147],
            [-84.29681800041989, 38.080580000146966],
            [-84.296365999609947, 38.08078099972326],
            [-84.29590700002565, 38.080904999791358],
            [-84.295435000022536, 38.080970999810269],
            [-84.294994999806491, 38.081000999927774],
            [-84.294485999993455, 38.08094899981058],
            [-84.293829000042436, 38.080704999691584],
            [-84.29346400016945, 38.080471000047204],
            [-84.293085000052756, 38.080205000230961],
            [-84.29295700000624, 38.080012999863371],
            [-84.293001000387164, 38.079812000297345],
            [-84.293114000365065, 38.079546000205262],
            [-84.293237000388729, 38.079272000247123],
            [-84.293330000275134, 38.078900000296983],
            [-84.293315000206533, 38.078578999714303],
            [-84.293281999696248, 38.078353999919841],
            [-84.293132999733331, 38.078134000237128],
            [-84.292890000059089, 38.077943999849964],
            [-84.292392999941626, 38.077797000294751],
            [-84.29170099983051, 38.077649999736913],
            [-84.291388999660967, 38.077530000058189],
            [-84.291151999834511, 38.077367999932171],
            [-84.290802000030126, 38.076972999814153],
            [-84.290569000401618, 38.076709999694629],
            [-84.290258999881914, 38.076490999916629],
            [-84.289769000335468, 38.076336000342586],
            [-84.289108000186474, 38.076198000230995],
            [-84.28856199966522, 38.076136999673366],
            [-84.288200999990181, 38.076037999796078],
            [-84.287811999827753, 38.075903000261775],
            [-84.287432999711072, 38.075755000229336],
            [-84.287288999771036, 38.075665999659478],
            [-84.287258999633806, 38.075591999794497],
            [-84.287386999680322, 38.075469999738878],
            [-84.287621000032061, 38.075299000042939],
            [-84.287780999865618, 38.075014999817519],
            [-84.287810000177942, 38.074776999949592],
            [-84.2878069998049, 38.074244999649103],
            [-84.287893999843519, 38.073822999931167],
            [-84.287877000125093, 38.073592999947863],
            [-84.287769999994964, 38.073221000104347],
            [-84.287359000091229, 38.072643999808967],
            [-84.287129999762385, 38.072184000190475],
            [-84.286954000035266, 38.071779000007247],
            [-84.286629000345258, 38.071315999985877],
            [-84.286528999887835, 38.071169999811296],
            [-84.286369999879184, 38.071030999878005],
            [-84.286145999573179, 38.071012000349938],
            [-84.285528999805138, 38.071055999956748],
            [-84.28523699972709, 38.07101800020147],
            [-84.284915000410123, 38.070888999749727],
            [-84.284703999624611, 38.070699000342216],
            [-84.284471999821008, 38.070343999661468],
            [-84.284357000193282, 38.070018999758815],
            [-84.284322999858105, 38.069667999996028],
            [-84.284336000276895, 38.069410999758482],
            [-84.284373000086831, 38.069169000041292],
            [-84.284465999973236, 38.06909099996188],
            [-84.284783000165632, 38.068800000345966],
            [-84.285276000085148, 38.068477999978413],
            [-84.285500000391124, 38.06831200026317],
            [-84.28645199989495, 38.067149000168065],
            [-84.286461000115764, 38.067028000204274],
            [-84.283818000243045, 38.067644999693087],
            [-84.283489000355061, 38.067723999920119],
            [-84.283260999851123, 38.067776000246809],
            [-84.282930000313314, 38.067853000295415],
            [-84.282274000187201, 38.068007000149549],
            [-84.281855999712462, 38.068104000258643],
            [-84.28162999975666, 38.068158999650926],
            [-84.281465999725114, 38.068198000197924],
            [-84.279216000212784, 38.068722999879668],
            [-84.27642699985185, 38.069375999848887],
            [-84.273562000221247, 38.070046000160431],
            [-84.273318999648694, 38.070104000177466],
            [-84.270166000138019, 38.070849999930246],
            [-84.26744399972425, 38.071478000080795],
            [-84.26380300031694, 38.07232999975551],
            [-84.261684000325843, 38.072826000218328],
            [-84.260820999612179, 38.073022000152662],
            [-84.260116999805476, 38.073187999787315],
            [-84.256889999776647, 38.07394799971096],
            [-84.2538879998787, 38.07465100024676],
            [-84.25358800030304, 38.074721999875912],
            [-84.253337000232875, 38.074782000275704],
            [-84.253213000384321, 38.074806999779526],
            [-84.253123999797566, 38.074824999813004],
            [-84.251508999596609, 38.07520699987154],
            [-84.248365000306762, 38.075951000093319],
            [-84.24697000021385, 38.076269999676057],
            [-84.245546999633518, 38.076604999786042],
            [-84.241331000290941, 38.077590000275713],
            [-84.239848000334476, 38.077938999740091],
            [-84.237207999936487, 38.078553000213432],
            [-84.233714999768864, 38.079371999850132],
            [-84.232107000138939, 38.079751999781585],
            [-84.224312000415011, 38.081571999652198],
            [-84.222770999833926, 38.081932999945018],
            [-84.222696000389163, 38.081951000345832],
            [-84.222538000205418, 38.081988000252302],
            [-84.221427999619536, 38.082246999780615],
            [-84.220440999955628, 38.082477999942725],
            [-84.219291999909998, 38.082747000127014],
            [-84.218141000214558, 38.083016999839906],
            [-84.217478000415738, 38.083172000101897],
            [-84.215166999905719, 38.083713000142957],
            [-84.213235000410677, 38.08416600009361],
            [-84.210980999802061, 38.084689000128073],
            [-84.208670000190324, 38.085233000306907],
            [-84.20694200001148, 38.085636999744104],
            [-84.205187000068463, 38.086046999809703],
            [-84.202919999939354, 38.086578999806129],
            [-84.201366999662682, 38.08694200034607],
            [-84.196213000161691, 38.088147999827243],
            [-84.195743999633308, 38.088256999794915],
            [-84.187829000258816, 38.090111000252222],
            [-84.187182000353516, 38.090262999771483],
            [-84.187069000375615, 38.090288000345893],
            [-84.186962000245487, 38.090311000074955],
            [-84.181027999871489, 38.091701999713948],
            [-84.176833000445328, 38.092681000250337],
            [-84.175270000122921, 38.09304299980203],
            [-84.173905000167224, 38.093380999842871],
            [-84.1713409999372, 38.093965999944984],
            [-84.169729999934219, 38.094345999672022],
            [-84.168739999897269, 38.094578000141404],
            [-84.163060999791384, 38.095906999918618],
            [-84.161986000263937, 38.096157999743824],
            [-84.161906999722902, 38.096176000176968],
            [-84.156213000446726, 38.097506999812637],
            [-84.152516999889514, 38.098370000052618],
            [-84.147069999587245, 38.099643000152469],
            [-84.146404000313709, 38.09980200024853],
            [-84.137980000227856, 38.101765999691331],
            [-84.137340999820168, 38.101915000348527],
            [-84.136185000101861, 38.102184999954076],
            [-84.134645000243992, 38.102544999996795],
            [-84.131764999646464, 38.103214000119088],
            [-84.130938999641032, 38.103406000344748],
            [-84.130819999815344, 38.103430999957808],
            [-84.130680999898175, 38.103468000302513],
            [-84.130095999917174, 38.103599999832021],
            [-84.128669999862097, 38.103931999843731],
            [-84.127863000123241, 38.10412100032201],
            [-84.127631000319667, 38.104174999964954],
            [-84.127290999662719, 38.104251999857986],
            [-84.126099999784287, 38.104529999686903],
            [-84.123621999767991, 38.105105000276126],
            [-84.123214000237311, 38.105200000226759],
            [-84.122984999908454, 38.105253000272036],
            [-84.122733999838289, 38.105310999930765],
            [-84.122362000292611, 38.105398000039344],
            [-84.12217399997165, 38.105440999949138],
            [-84.121958000061582, 38.105492000105265],
            [-84.121866000000054, 38.105513000283935],
            [-84.121742999976419, 38.105542000015845],
            [-84.121440999852624, 38.105613000042126],
            [-84.121020999728046, 38.105710999955114],
            [-84.120429999899272, 38.105847999995369],
            [-84.120268000415876, 38.105886000028107],
            [-84.120150000415094, 38.105912999909165],
            [-84.119459000128884, 38.10607299999424],
            [-84.11919399981501, 38.106134999809321],
            [-84.118840999637584, 38.106217000053952],
            [-84.118459000046158, 38.106306000189456],
            [-84.118136999830909, 38.10638100026717],
            [-84.117592999857777, 38.106506999715343],
            [-84.116824999578654, 38.10668499987819],
            [-84.116678000163873, 38.10671900011414],
            [-84.115916999557456, 38.106896000275896],
            [-84.114991999817832, 38.107111000111267],
            [-84.11405600020754, 38.107328999870305],
            [-84.113138000140594, 38.107542000186726],
            [-84.112199000157261, 38.107760000073249],
            [-84.111256999800872, 38.107979000192664],
            [-84.110343999756793, 38.108190999853932],
            [-84.109558999759258, 38.108374000303684],
            [-84.109473000443842, 38.108393000018985],
            [-84.108654999936022, 38.108582999727474],
            [-84.107903000448744, 38.108757999989002],
            [-84.107596000302081, 38.108828000258931],
            [-84.107063000199616, 38.108953000271256],
            [-84.106540999967791, 38.109075000291888],
            [-84.105962999659468, 38.109208999905881],
            [-84.105113000262904, 38.109407000162165],
            [-84.10393900010294, 38.109678999953275],
            [-84.102727000308121, 38.109961000226498],
            [-84.101491000223859, 38.110248000138654],
            [-84.100377000338341, 38.110506999901695],
            [-84.09898899991812, 38.11082899966366],
            [-84.098732999825074, 38.110889000116593],
            [-84.097096999707745, 38.111269000191072],
            [-84.095228999786798, 38.111703000142043],
            [-84.093340999774384, 38.112142000232595],
            [-84.091513999861348, 38.112566000220561],
            [-84.09028799982282, 38.112851000279463],
            [-84.090102000049995, 38.112890999715148],
            [-84.088604999849821, 38.113241999778445],
            [-84.086793999830306, 38.113663000152449],
            [-84.085982000068569, 38.113851000096389],
            [-84.084351999799011, 38.11423000021901],
            [-84.082486000426215, 38.114664000245121],
            [-84.081140999663702, 38.114975999956933],
            [-84.080527000268688, 38.115117999977898],
            [-84.080349999818367, 38.115266000183773],
            [-84.079327000169442, 38.116111000103253],
            [-84.079149999719121, 38.116257999647047],
            [-84.078305000345438, 38.116954000032834],
            [-84.076999999765889, 38.118031999752624],
            [-84.076881999765106, 38.11812799989093],
            [-84.076726999954417, 38.118257999715027],
            [-84.07558600030471, 38.119198999788331],
            [-84.074026000355346, 38.1205119997095],
            [-84.073391999970539, 38.12104599968999],
            [-84.071851000287751, 38.122342999937928],
            [-84.070397999570204, 38.123566999663652],
            [-84.070113999888079, 38.12380600034772],
            [-84.070019000351834, 38.123901999961681],
            [-84.069798000418899, 38.124115000001581],
            [-84.069605999899963, 38.124301999939028],
            [-84.068700000426901, 38.125291999733605],
            [-84.067833000413586, 38.12624600006815],
            [-84.067419999961714, 38.126674999743891],
            [-84.067200999678604, 38.127006000249835],
            [-84.066792000322991, 38.127813999984909],
            [-84.066460999886885, 38.128349000161819],
            [-84.066320000319891, 38.128554000082133],
            [-84.066056999655842, 38.128966999982936],
            [-84.065808999958733, 38.129205999948013],
            [-84.065394999681942, 38.129527000056555],
            [-84.064485000010933, 38.130271999810418],
            [-84.063375000323376, 38.131348000336104],
            [-84.062800000388094, 38.131674000177817],
            [-84.061919000131084, 38.132306999884385],
            [-84.060823999613802, 38.13324100025747],
            [-84.060273999792912, 38.133733000041524],
            [-84.060072999951444, 38.133900999931946],
            [-84.059893999851312, 38.13402500030967],
            [-84.059578000382118, 38.134127000234464],
            [-84.058740999607721, 38.134321999901751],
            [-84.057411999637054, 38.134516999754659],
            [-84.056559999692354, 38.134609000167416],
            [-84.056004999848554, 38.13477000008082],
            [-84.055882999649825, 38.134800999825863],
            [-84.052645999575248, 38.135992000299659],
            [-84.051098000219781, 38.136497999740001],
            [-84.050828999707946, 38.136583999653524],
            [-84.050362999552618, 38.136810999907972],
            [-84.049751999632349, 38.137079000258069],
            [-84.049544999943109, 38.137179999670607],
            [-84.048781999686867, 38.137668999732718],
            [-84.047158000163407, 38.138739000070068],
            [-84.046057999623272, 38.139458999772962],
            [-84.04562400015331, 38.139708999990333],
            [-84.043942000005231, 38.140541000304786],
            [-84.043059000098395, 38.141029000022108],
            [-84.042889000219077, 38.141133999922587],
            [-84.042683000354756, 38.14126399975828],
            [-84.042454999850804, 38.141416000239815],
            [-84.042365000337441, 38.141576000255895],
            [-84.041714000234194, 38.142428999930715],
            [-84.041279000041001, 38.142986000063701],
            [-84.041037000191665, 38.143289999893774],
            [-84.040870999612011, 38.143520000257432],
            [-84.040233999752445, 38.14438300012462],
            [-84.040085999614462, 38.144577999938889],
            [-84.039828999696496, 38.144932999657541],
            [-84.039728000312479, 38.145058999701519],
            [-84.039556999709944, 38.145280000323993],
            [-84.039400000249429, 38.145493000149706],
            [-84.039192999661864, 38.145693000242531],
            [-84.038859999575934, 38.145908000295911],
            [-84.038313999952976, 38.146274000312772],
            [-84.037770999804764, 38.146587000227484],
            [-84.03575700029397, 38.147291000337709],
            [-84.034030999764951, 38.147886000162678],
            [-84.032080999828253, 38.148561999776121],
            [-84.030223999777974, 38.149869000218033],
            [-84.02920000030413, 38.150584000205072],
            [-84.028903000203229, 38.150785999649003],
            [-84.028613999599912, 38.150994000296244],
            [-84.027652999875272, 38.151680000088064],
            [-84.027232999750694, 38.151971999884971],
            [-84.027084999612683, 38.152069000170954],
            [-84.026451999951107, 38.152430999967876],
            [-84.024421999648467, 38.153697999942239],
            [-84.021471999629071, 38.155535999997454],
            [-84.020065999665491, 38.156411999718927],
            [-84.019296999561462, 38.156891000135246],
            [-84.016416000037339, 38.1586870001154],
            [-84.01538300034268, 38.159330999839156],
            [-84.015080000393965, 38.159523000130285],
            [-84.014193000289183, 38.160067000328553],
            [-84.012779999754585, 38.160954000323812],
            [-84.012219000063041, 38.161300000197848],
            [-84.008626000336307, 38.163526999763484],
            [-84.008114999975149, 38.163840999917284],
            [-84.00723100024338, 38.164391000342192],
            [-84.006621000148016, 38.164768999979998],
            [-84.006563000421721, 38.164804000108909],
            [-84.005749000111834, 38.165309000199485],
            [-84.004682000081971, 38.165970000146515],
            [-84.003851999878592, 38.166483999954849],
            [-84.003600999808427, 38.16663600014644],
            [-84.00205099990481, 38.16757099970205],
            [-84.000454000145524, 38.168535000112151],
            [-83.999921999867965, 38.168856000224515],
            [-83.999644999858532, 38.16903400021004],
            [-83.998322999560543, 38.169874999698614],
            [-83.996971000023649, 38.170735999832971],
            [-83.995600000220179, 38.17160899981635],
            [-83.994221999845706, 38.172486999931195],
            [-83.99284500019445, 38.173364000075239],
            [-83.991984000028921, 38.173912000016955],
            [-83.991023000304267, 38.174525000335898],
            [-83.990589999760914, 38.174800000308061],
            [-83.990439999973077, 38.174895999920487],
            [-83.990239000131638, 38.17502299971364],
            [-83.990171000359567, 38.175067000240951],
            [-83.989535000324949, 38.17595299997307],
            [-83.988866999604937, 38.176882999662752],
            [-83.98819600030852, 38.17781699989785],
            [-83.987448999945812, 38.178856000133251],
            [-83.987351000036512, 38.178994999709211],
            [-83.986745000139095, 38.179839999655982],
            [-83.985867000255141, 38.181054999806712],
            [-83.985750000079278, 38.181219999816321],
            [-83.985046000272561, 38.182203000029489],
            [-83.984919999875871, 38.182379000171927],
            [-83.98454300030734, 38.182904999748615],
            [-83.983902000249813, 38.183796000134159],
            [-83.983055000327994, 38.184974999842353],
            [-83.982270000330445, 38.186066999651807],
            [-83.981408000339997, 38.187267999781632],
            [-83.980830000031688, 38.188076000000372],
            [-83.980300000302265, 38.188810999957639],
            [-83.979825999751014, 38.18947599974814],
            [-83.977977999921578, 38.192043999758418],
            [-83.97795399963212, 38.192077000037024],
            [-83.977924000393216, 38.192118000255334],
            [-83.977866999593488, 38.192165999964949],
            [-83.975221000246023, 38.194363999903423],
            [-83.97355499999145, 38.195747999694895],
            [-83.969892999769428, 38.198792000266238],
            [-83.969081999832611, 38.199462999880637],
            [-83.968097999643433, 38.200264999820881],
            [-83.96463499961304, 38.20308500010448],
            [-83.961922000318424, 38.205295000347967],
            [-83.960793000364291, 38.206214999976325],
            [-83.953746999754586, 38.211952000318504],
            [-83.948240999901088, 38.216436000330894],
            [-83.944260999661751, 38.219677999975787],
            [-83.939744999845217, 38.223355999660093],
            [-83.939456000140197, 38.223591000054469],
            [-83.936579999740658, 38.225932999881763],
            [-83.936308999578984, 38.226154000165764],
            [-83.928412999572757, 38.23258400028098],
            [-83.912690000055534, 38.245392000230545],
            [-83.910193999597553, 38.24742599974563],
            [-83.907627999717718, 38.249534999808652],
            [-83.905897999889049, 38.250957999720832],
            [-83.904579999789021, 38.252043999667258],
            [-83.902725000286878, 38.253568999792485],
            [-83.898271000394615, 38.257232999735983],
            [-83.897698000109173, 38.257703999726836],
            [-83.894983000266407, 38.259935000064822],
            [-83.893630000006283, 38.261048000158951],
            [-83.891899000352709, 38.262470000163262],
            [-83.891829999857421, 38.262527000169541],
            [-83.89173000029831, 38.262609999665543],
            [-83.89168300044264, 38.262647999836581],
            [-83.890536000046851, 38.263591000070832],
            [-83.886878000022776, 38.266597999841814],
            [-83.886222999721582, 38.267136000090261],
            [-83.881557999942132, 38.27097099998435],
            [-83.878285999707458, 38.273659999683723],
            [-83.874938000203088, 38.276412000242651],
            [-83.870867999552075, 38.279697999956568],
            [-83.870204999753255, 38.280233999911246],
            [-83.870156000247775, 38.280272999957404],
            [-83.869598999855853, 38.280723000276616],
            [-83.864067999887979, 38.285190999771579],
            [-83.862116000301484, 38.286765999739799],
            [-83.860896999935662, 38.287751000324377],
            [-83.851755999624302, 38.295127999948306],
            [-83.850354999683603, 38.296258000008358],
            [-83.849884000403733, 38.296639000001591],
            [-83.848670999885698, 38.296884999877982],
            [-83.848355000416504, 38.296948999668992],
            [-83.848273000400752, 38.296622999814502],
            [-83.848127999737486, 38.296429999703442],
            [-83.847794999651541, 38.296376000048028],
            [-83.847295999884267, 38.296371000104045],
            [-83.846777000025497, 38.296505999881518],
            [-83.846319000266092, 38.296764000151889],
            [-83.845915999859969, 38.297055000101984],
            [-83.845377999734609, 38.297664999783315],
            [-83.845354000343491, 38.297693000235036],
            [-83.844714000110898, 38.298725000078797],
            [-83.844087000297094, 38.299569000242592],
            [-83.843518000209599, 38.300148000070173],
            [-83.842956999619716, 38.300663999876107],
            [-83.841794000228731, 38.301498999791839],
            [-83.841482999884093, 38.30169399978513],
            [-83.84070000043468, 38.302181000129096],
            [-83.840148000065639, 38.302408999975725],
            [-83.839347000174556, 38.302563999984827],
            [-83.838414000039009, 38.302695999954274],
            [-83.836835999648002, 38.30270699999965],
            [-83.835655999640224, 38.302630000352075],
            [-83.834236000331273, 38.302416000160648],
            [-83.831945999737627, 38.302111000137572],
            [-83.830097000083285, 38.30182599992775],
            [-83.829014999984793, 38.301620000080753],
            [-83.828398000216737, 38.301502000110226],
            [-83.826316999860467, 38.301253999689941],
            [-83.822956999762255, 38.300809000107797],
            [-83.822899000035932, 38.300795000132098],
            [-83.821913000196929, 38.3005510001218],
            [-83.821246000200148, 38.30027200016184],
            [-83.820863999710411, 38.299883000124758],
            [-83.820614000363477, 38.299448000057737],
            [-83.820672999914706, 38.298738000074714],
            [-83.820779000219915, 38.298477999713114],
            [-83.820935999680444, 38.298091999681326],
            [-83.821596000004519, 38.296700000197696],
            [-83.822016999954002, 38.295805999981042],
            [-83.822072000205594, 38.295244000265868],
            [-83.821864999618043, 38.294617000316578],
            [-83.821333000238795, 38.294183999877497],
            [-83.820683999785359, 38.293922999672198],
            [-83.819768000266563, 38.293757999990007],
            [-83.818102999836896, 38.293623000035147],
            [-83.817357000197418, 38.293490000027177],
            [-83.816133999633635, 38.292933999936025],
            [-83.815582000162905, 38.292586000039542],
            [-83.814762999830165, 38.291740000187495],
            [-83.814070999719036, 38.29100500006539],
            [-83.813790000409952, 38.290351999983095],
            [-83.813798999732469, 38.29001500025069],
            [-83.814399999606991, 38.288783999655173],
            [-83.814869000135388, 38.28815199978667],
            [-83.81521700028992, 38.287198000185143],
            [-83.815286999711788, 38.286312999973013],
            [-83.815305999978378, 38.286073999864207],
            [-83.815129000426381, 38.285109999715502],
            [-83.814727999670069, 38.284054000298731],
            [-83.814043999954848, 38.283093999677817],
            [-83.813313000383971, 38.282424999848011],
            [-83.813074999834285, 38.282305999787887],
            [-83.813036000374538, 38.282287000263864],
            [-83.812719000182128, 38.282191999748811],
            [-83.810867000154715, 38.282012000213349],
            [-83.809370999779475, 38.281849000060866],
            [-83.807639000300981, 38.281298999830597],
            [-83.806953999862543, 38.281035000073437],
            [-83.80623199961417, 38.280754999901632],
            [-83.805569999640284, 38.280460999687222],
            [-83.803378999679168, 38.279490000171428],
            [-83.802638999887449, 38.279211000330726],
            [-83.802320999870119, 38.279162000275861],
            [-83.801976000088644, 38.279248000335869],
            [-83.801868999958529, 38.279276000136662],
            [-83.80123799994675, 38.279682000265474],
            [-83.800601999912132, 38.280213999915603],
            [-83.799980000121195, 38.280945000337482],
            [-83.799662000103879, 38.281514000160278],
            [-83.79936500000295, 38.282044999879503],
            [-83.79934800028451, 38.28208000004328],
            [-83.799096000389426, 38.282583999825327],
            [-83.798676000264877, 38.28345900011702],
            [-83.798284999554298, 38.284926000201146],
            [-83.797922000229462, 38.286385000087542],
            [-83.79740800039356, 38.288491999859886],
            [-83.797226999745277, 38.288870000303],
            [-83.796498999649131, 38.290634000077567],
            [-83.795893999576649, 38.291614999843098],
            [-83.795421999573549, 38.292153999937256],
            [-83.794906000087821, 38.292468999942621],
            [-83.794300000190404, 38.292650000097105],
            [-83.792017999992694, 38.293020999649364],
            [-83.786481000177048, 38.294301000029449],
            [-83.785211999582529, 38.294707999751395],
            [-83.784572000248232, 38.294785000051732],
            [-83.78393700003852, 38.294681999723046],
            [-83.783799999771162, 38.29463499970246],
            [-83.78330500020185, 38.294465999886988],
            [-83.783244000102471, 38.294428999883174],
            [-83.782752999832795, 38.294127000042437],
            [-83.782259999913293, 38.293677000329247],
            [-83.781445999603434, 38.29262300027802],
            [-83.781370000333752, 38.292498999804693],
            [-83.781089000126357, 38.292041000325028],
            [-83.780911999676036, 38.291666000201403],
            [-83.780841000429248, 38.291555999853969],
            [-83.78076699991108, 38.291440999761143],
            [-83.780562999696585, 38.291123999965698],
            [-83.780303000303903, 38.290722000217706],
            [-83.779745000087075, 38.289913999793889],
            [-83.779252000167574, 38.288855000328546],
            [-83.77857699977487, 38.287584000350286],
            [-83.777596999783654, 38.286498999887812],
            [-83.77707999957471, 38.286059000017048],
            [-83.776268999637878, 38.285732000039189],
            [-83.775444000355691, 38.285687000276212],
            [-83.774880000291063, 38.285752999777955],
            [-83.774501999999302, 38.285927000099754],
            [-83.774357000234346, 38.286032999710422],
            [-83.773769999705195, 38.286456000287295],
            [-83.773009999821994, 38.287341000166016],
            [-83.77229199977161, 38.288177000219591],
            [-83.771018999877441, 38.29002900019124],
            [-83.770134000320752, 38.291316000311873],
            [-83.769268000132342, 38.292395999756444],
            [-83.76838100002756, 38.293503000256059],
            [-83.768356999738103, 38.293532999690619],
            [-83.767472000181442, 38.294247000199654],
            [-83.766138000187894, 38.294935000090874],
            [-83.764521000337126, 38.295320000276178],
            [-83.764475000306376, 38.295331000029854],
            [-83.763343999804107, 38.295457999757339],
            [-83.762469000293194, 38.295293999762137],
            [-83.76187000006847, 38.295109000255451],
            [-83.760968999719978, 38.294612000251327],
            [-83.760271999585967, 38.294052999670285],
            [-83.759648000145205, 38.293022000107406],
            [-83.759423999839214, 38.291700000185344],
            [-83.759300999815579, 38.289624999713837],
            [-83.759387999854212, 38.288237999773223],
            [-83.75941100031875, 38.287866999742484],
            [-83.759264000005643, 38.28712399979846],
            [-83.758792999827463, 38.286291999691137],
            [-83.7580560004088, 38.285532000174108],
            [-83.757174000326884, 38.284895000164276],
            [-83.756319000009128, 38.284622999727745],
            [-83.755424000406734, 38.284476999715977],
            [-83.753266000057565, 38.28444899980569],
            [-83.752101999943335, 38.284443999745079],
            [-83.750454000130404, 38.284380000207442],
            [-83.749211000373478, 38.284502999874775],
            [-83.748997000113221, 38.284512999987626],
            [-83.747520999829447, 38.284577999982396],
            [-83.745041000163326, 38.284648999834253],
            [-83.744080000438686, 38.284712999839847],
            [-83.742832999585474, 38.285056000097974],
            [-83.741751000385307, 38.285512000227797],
            [-83.740869000303377, 38.286087000011378],
            [-83.740479000316043, 38.286593999702106],
            [-83.740195999560513, 38.28724400025412],
            [-83.740079000282961, 38.287814999710193],
            [-83.739997000267181, 38.288216000229056],
            [-83.739916000076335, 38.288997999865103],
            [-83.739969999604696, 38.289711000070199],
            [-83.73985499997697, 38.29035599984708],
            [-83.739533999586598, 38.29105600014725],
            [-83.738992000161602, 38.291576000250025],
            [-83.736588999590083, 38.292850999844852],
            [-83.735880999585419, 38.293308999852684],
            [-83.735422000001108, 38.293611000277629],
            [-83.734776999745634, 38.293791999698847],
            [-83.734005000166874, 38.293877000311255],
            [-83.732466000133911, 38.293848999797071],
            [-83.730520000395174, 38.293722000073643],
            [-83.728420999597262, 38.293619000351171],
            [-83.726982999846626, 38.293353000076863],
            [-83.72601999957385, 38.292979999894733],
            [-83.725392999760047, 38.292583999816522],
            [-83.724960999939924, 38.292024999829124],
            [-83.724607999762497, 38.291310000242625],
            [-83.724349000194735, 38.290564000226325],
            [-83.723970999902946, 38.288245999733981],
            [-83.723821000115109, 38.286796999682736],
            [-83.723739000099357, 38.286011000203089],
            [-83.72369899991638, 38.285534999742538],
            [-83.724005000238151, 38.284696999843725],
            [-83.724322000430561, 38.284170999859064],
            [-83.725030000435197, 38.283695000024863],
            [-83.725730999868858, 38.28356200015623],
            [-83.726595000407428, 38.283486999704031],
            [-83.729099000362993, 38.283773999783783],
            [-83.730467999618327, 38.283814999803262],
            [-83.731635999930532, 38.28365900005268],
            [-83.7323179999959, 38.283451000333798],
            [-83.732759000036864, 38.283154999977498],
            [-83.733533000163774, 38.282414000253574],
            [-83.734319999811134, 38.281233999720385],
            [-83.734840000393135, 38.280162999972298],
            [-83.7353309997645, 38.278838000102333],
            [-83.735654999629602, 38.277469000073566],
            [-83.736844999683115, 38.272948999852034],
            [-83.737003999691765, 38.272394999756379],
            [-83.737074000011972, 38.27215200021157],
            [-83.738229999730294, 38.268149999662221],
            [-83.738286999631683, 38.267542999788418],
            [-83.738181000224785, 38.266715000025172],
            [-83.737792999887276, 38.265285000219912],
            [-83.737098000301415, 38.264149999659743],
            [-83.736280999618501, 38.263242999866463],
            [-83.735325999741633, 38.262572000180015],
            [-83.734288999848999, 38.262155999945755],
            [-83.733713000088827, 38.262087999796201],
            [-83.733512000247373, 38.262063999728255],
            [-83.733241999910646, 38.262032000330677],
            [-83.732599000203322, 38.262166999787631],
            [-83.732291000231726, 38.26235499984125],
            [-83.731778000220743, 38.262667000267321],
            [-83.731477999746772, 38.262996000069904],
            [-83.731020999812287, 38.263496999940791],
            [-83.728025999587032, 38.267480999667967],
            [-83.727306999711729, 38.268290000207607],
            [-83.726716999707847, 38.268602999916759],
            [-83.725770000226902, 38.268877999974407],
            [-83.72478799968755, 38.268981000246015],
            [-83.724059999591404, 38.268979000077827],
            [-83.722733999993764, 38.26881999992834],
            [-83.720584999865466, 38.268544000266267],
            [-83.719778999951515, 38.268521000305853],
            [-83.718946000273391, 38.268727999687322],
            [-83.718398999927217, 38.268833999724812],
            [-83.717818999969069, 38.268794999882061],
            [-83.715814999605698, 38.268679999699309],
            [-83.715730999940106, 38.268671999698221],
            [-83.71334800035838, 38.268444999740929],
            [-83.710803000394932, 38.268170000159714],
            [-83.70972299994628, 38.267941999945634],
            [-83.70896499971289, 38.267542999788418],
            [-83.708358999815502, 38.267101999885718],
            [-83.707798999948849, 38.266436999884299],
            [-83.706982000164246, 38.265176999667347],
            [-83.706855999767541, 38.264982999734336],
            [-83.706062000447488, 38.263758000219433],
            [-83.705842000339459, 38.26330900002116],
            [-83.705797999958534, 38.263219000180094],
            [-83.705714000292943, 38.262918999904493],
            [-83.705685999805524, 38.262749000138818],
            [-83.705683000330794, 38.26273399970475],
            [-83.705977999883586, 38.261085000248855],
            [-83.706197999991602, 38.2605110001642],
            [-83.706382999939535, 38.260099999740738],
            [-83.70702700037009, 38.259312000017495],
            [-83.707666999704372, 38.258720000210367],
            [-83.709095000307556, 38.257977999898294],
            [-83.710610000051076, 38.2574710000141],
            [-83.712631000132887, 38.257141000338329],
            [-83.712797999639136, 38.257114000009928],
            [-83.713837000079906, 38.256891000206032],
            [-83.714637000146084, 38.256476000147188],
            [-83.715503000334479, 38.255784000101436],
            [-83.716259999844624, 38.254968000134873],
            [-83.716833000130066, 38.254045999876574],
            [-83.71717700008665, 38.253181999792865],
            [-83.717299000285379, 38.252294000250259],
            [-83.717271999622895, 38.251941999684654],
            [-83.716937999712059, 38.251252000150728],
            [-83.716090999790225, 38.250223000144594],
            [-83.715997000078886, 38.250108999829536],
            [-83.715232000172833, 38.249398000159829],
            [-83.714432000106655, 38.248601000320704],
            [-83.712902000294534, 38.247121000063643],
            [-83.712450000382916, 38.246595000228417],
            [-83.712168000350601, 38.245997000239733],
            [-83.712109999725968, 38.245804000292786],
            [-83.711894999640819, 38.245102000324174],
            [-83.710478999631491, 38.244256000326757],
            [-83.710147000268805, 38.244144999691514],
            [-83.709067999645058, 38.243784000229041],
            [-83.708245000012667, 38.24367999978351],
            [-83.707953999759553, 38.243687999714538],
            [-83.707364999580577, 38.243702999847351],
            [-83.70532599995542, 38.244047999931958],
            [-83.703959000349897, 38.244382999796933],
            [-83.702958000442294, 38.244846000019557],
            [-83.701852000054359, 38.245418999975684],
            [-83.701210999996874, 38.245568000008603],
            [-83.700419000326619, 38.245680000286818],
            [-83.699450000206056, 38.246057999951859],
            [-83.695695000097629, 38.248618999827535],
            [-83.694418000005498, 38.249849000248986],
            [-83.693603999695611, 38.250672999716464],
            [-83.6932220001042, 38.251509000087417],
            [-83.692821000246212, 38.252937999862063],
            [-83.692524999970203, 38.254605999826211],
            [-83.6924349995585, 38.256298000165579],
            [-83.692524000145283, 38.25822400029957],
            [-83.692379000380313, 38.259274000217658],
            [-83.69197699979911, 38.260158999901556],
            [-83.691006000028722, 38.261162999728498],
            [-83.69008700013687, 38.261753999901138],
            [-83.68921900029865, 38.261895000259543],
            [-83.688487000004528, 38.261911999819027],
            [-83.688121000306637, 38.261698999657106],
            [-83.687594000051959, 38.26107999999001],
            [-83.687280000232604, 38.260536000240258],
            [-83.686742999932164, 38.259601000146688],
            [-83.686723999665588, 38.259568999664204],
            [-83.685896000010331, 38.257851999731521],
            [-83.685870000071063, 38.257791000042509],
            [-83.685039000042764, 38.255864000158184],
            [-83.684666999598775, 38.254592000109326],
            [-83.684571000237611, 38.253020000132572],
            [-83.684567999864569, 38.252976999752768],
            [-83.684594999628743, 38.252103000020639],
            [-83.684596000351974, 38.252057999875014],
            [-83.684642000382723, 38.251780000082],
            [-83.684802000216308, 38.251488000321565],
            [-83.685204999724121, 38.25118399967235],
            [-83.686220999700339, 38.250744000267652],
            [-83.686261999708222, 38.250725999876138],
            [-83.687657999626055, 38.250122000066327],
            [-83.690327000336367, 38.248711000137661],
            [-83.692776000040354, 38.247189999789143],
            [-83.693890999750792, 38.246307000269894],
            [-83.694395000439272, 38.245812999687594],
            [-83.695089000200213, 38.244642999881165],
            [-83.695607000234077, 38.243617000031477],
            [-83.695671999633092, 38.242789999668716],
            [-83.695440999654409, 38.241779000301392],
            [-83.695009999659177, 38.240742999753145],
            [-83.694062000353327, 38.238459999983021],
            [-83.693746999810742, 38.237869000163862],
            [-83.693566999885689, 38.237532000294038],
            [-83.692165999945004, 38.236128000342397],
            [-83.691689999743929, 38.235581999704081],
            [-83.691571999743161, 38.235334999731684],
            [-83.691380000122535, 38.23491199987857],
            [-83.691245000403313, 38.234395000009421],
            [-83.691335999741597, 38.232144999667106],
            [-83.69144200004682, 38.231138999963044],
            [-83.691694999766796, 38.230241000168405],
            [-83.691938000339363, 38.229671000310965],
            [-83.692381999855058, 38.229206000275575],
            [-83.693417000097867, 38.228572999983975],
            [-83.695079000154465, 38.227585000044328],
            [-83.695956000213542, 38.227062999826252],
            [-83.696367000117263, 38.22656599986049],
            [-83.696740000386171, 38.225981999849417],
            [-83.697132000023331, 38.224835000289609],
            [-83.697301000077729, 38.224138999670771],
            [-83.697363999826919, 38.223911000331888],
            [-83.69761599972199, 38.223007000154041],
            [-83.697641999661272, 38.22291299975624],
            [-83.697698999562675, 38.222019000127617],
            [-83.697717000004346, 38.221734000300181],
            [-83.697720000377387, 38.221685000294151],
            [-83.697655999904967, 38.221245000201478],
            [-83.697654000255156, 38.221223000126955],
            [-83.697650000057195, 38.221203000117647],
            [-83.697501999919197, 38.2201739996651],
            [-83.697429000124245, 38.219555999995094],
            [-83.697494000421571, 38.219227999819452],
            [-83.697733999722772, 38.218807000293118],
            [-83.698159999695122, 38.218374000257612],
            [-83.698200999703005, 38.218241000071757],
            [-83.698264000350505, 38.218033000073646],
            [-83.698334999597321, 38.217590000223545],
            [-83.698146000349738, 38.216968000108771],
            [-83.697654000255156, 38.215948000022429],
            [-83.696649000149563, 38.21391199985019],
            [-83.696591000423254, 38.213361999850321],
            [-83.696665999868017, 38.212772000221371],
            [-83.697193000122695, 38.212103000076176],
            [-83.698121000235389, 38.211237000226873],
            [-83.699108999724217, 38.210179000225473],
            [-83.700658999627834, 38.208609999855334],
            [-83.7012279997153, 38.207774999872122],
            [-83.701318000127003, 38.207291000276321],
            [-83.701086000323386, 38.206316000335185],
            [-83.700668999673567, 38.205240999996207],
            [-83.700588000381032, 38.204823999656689],
            [-83.700713999879412, 38.203227999758518],
            [-83.700581999634935, 38.202634999700997],
            [-83.700600000076591, 38.202067000171446],
            [-83.700544000000093, 38.201846000143789],
            [-83.700498999794249, 38.201678000057257],
            [-83.700211999739068, 38.201228000134265],
            [-83.699507000107474, 38.200474000093635],
            [-83.698264000350505, 38.1988219999865],
            [-83.69757300006431, 38.198121999763124],
            [-83.696392000231626, 38.197552999963392],
            [-83.694680999771208, 38.197148999887887],
            [-83.693410000425175, 38.197031999985647],
            [-83.691498999948223, 38.197040999767594],
            [-83.689994000250451, 38.197233000262884],
            [-83.68934399997211, 38.197608000024033],
            [-83.68903099997766, 38.198043000066654],
            [-83.688976999550988, 38.198547000323124],
            [-83.689412999569086, 38.199576999819236],
            [-83.69038599988761, 38.201429000123547],
            [-83.690934999883609, 38.2023529996682],
            [-83.691293999908794, 38.202959000102453],
            [-83.692766999819511, 38.205599999687003],
            [-83.693968999568597, 38.207931000211126],
            [-83.694424999678176, 38.208936999688433],
            [-83.694412000157698, 38.209385000267282],
            [-83.694060999630111, 38.209807000146419],
            [-83.693262000287177, 38.210172000325009],
            [-83.69190099963113, 38.210547999973763],
            [-83.691390000168269, 38.210631999712454],
            [-83.690036000083239, 38.210855999718056],
            [-83.689034000350716, 38.211066000111785],
            [-83.688344999714317, 38.211560000289133],
            [-83.686961000390369, 38.212625000349533],
            [-83.686397000325769, 38.213303999964815],
            [-83.685828000238274, 38.214108000146837],
            [-83.685177999959933, 38.214480000122329],
            [-83.684596000351974, 38.214631000281294],
            [-83.683862000408055, 38.214614000250982],
            [-83.683342999650961, 38.214442000177868],
            [-83.683079000060332, 38.214377999669388],
            [-83.682683000225211, 38.213955000043278],
            [-83.681899000052553, 38.212653999862802],
            [-83.681104999834176, 38.210433000090241],
            [-83.680238999645795, 38.208182000217725],
            [-83.680200000186019, 38.208103999653162],
            [-83.679709999741263, 38.207118000313827],
            [-83.678952000406213, 38.2056100000719],
            [-83.678908000025288, 38.205569999935989],
            [-83.678569999916476, 38.205261000157314],
            [-83.677436999764367, 38.204324000156348],
            [-83.676602000436432, 38.203448999826541],
            [-83.676342000145425, 38.20281999966236],
            [-83.676024999953015, 38.202117999865365],
            [-83.675614999874185, 38.201475000141443],
            [-83.675030999718103, 38.200693000120779],
            [-83.67435700004863, 38.199791000187979],
            [-83.673257000406807, 38.198704999948632],
            [-83.673038999948602, 38.198159000109783],
            [-83.672370000302024, 38.197485000100578],
            [-83.672350000210528, 38.197464000265107],
            [-83.671634999634861, 38.196960999941282],
            [-83.671544000296592, 38.196923999691819],
            [-83.671375000242165, 38.196855000283122],
            [-83.670941999698826, 38.196904999728176],
            [-83.670540999840838, 38.197208999963919],
            [-83.669720999683179, 38.19818199974339],
            [-83.66967899985039, 38.198257999647431],
            [-83.668985999914341, 38.199517000282519],
            [-83.668503999865493, 38.200367999901928],
            [-83.66792899993024, 38.200946000299105],
            [-83.666898999710298, 38.201549999832018],
            [-83.665818000335051, 38.201926000250474],
            [-83.66447799959542, 38.202207999819407],
            [-83.663336999945699, 38.202398999808182],
            [-83.662202999968699, 38.202422999808313],
            [-83.661083000235394, 38.202238000250013],
            [-83.660222000069851, 38.201954000196423],
            [-83.659931999641628, 38.201858000235994],
            [-83.659176999781309, 38.201521999730645],
            [-83.65864600022698, 38.201042000050222],
            [-83.65825000039186, 38.200021999840537],
            [-83.657949000092984, 38.198847000096926],
            [-83.657448999602465, 38.196927000094391],
            [-83.657277000073336, 38.19653100025149],
            [-83.657220999996852, 38.19639799968391],
            [-83.656625999970075, 38.195707000108186],
            [-83.655933000034025, 38.194983999660813],
            [-83.655409000152403, 38.194436999757322],
            [-83.654399999848863, 38.193186999798492],
            [-83.653373999826883, 38.191253000330711],
            [-83.652571000285988, 38.189669999945608],
            [-83.651414999669356, 38.186845000077639],
            [-83.650975000351622, 38.185994999695133],
            [-83.650645999565327, 38.185112999922652],
            [-83.64997500026891, 38.183310000311835],
            [-83.649715999802837, 38.182549999879051],
            [-83.649653999878552, 38.182164000317485],
            [-83.649935000085947, 38.181395000338348],
            [-83.650196000201859, 38.180414000302235],
            [-83.650134000277561, 38.179480000166485],
            [-83.649807000039431, 38.177934000302287],
            [-83.649616000243711, 38.176329999733262],
            [-83.64926800008918, 38.175482000167769],
            [-83.648045000423707, 38.173842999994612],
            [-83.647441000176116, 38.172808000294381],
            [-83.647112000288146, 38.171965000030994],
            [-83.646964999975054, 38.171313000202439],
            [-83.64682400040806, 38.171073999746788],
            [-83.646545999675396, 38.170962999747367],
            [-83.646149999840276, 38.171000999785285],
            [-83.645466000125069, 38.171296999960042],
            [-83.644488999608583, 38.172137000170324],
            [-83.643058000428979, 38.17336800002272],
            [-83.642870000108005, 38.173538999691282],
            [-83.641761000245339, 38.174545999723236],
            [-83.641321999854199, 38.174943999679243],
            [-83.639798999714756, 38.176868999814687],
            [-83.639005000394704, 38.178045000276981],
            [-83.638853999883651, 38.178270000184064],
            [-83.638422999888419, 38.179343999817952],
            [-83.638345999895535, 38.179534999752448],
            [-83.637847000128247, 38.180982999839458],
            [-83.637341999614861, 38.182478999838779],
            [-83.636792999618876, 38.18410700030249],
            [-83.636700999557362, 38.184596999787892],
            [-83.63656699966306, 38.185298999740127],
            [-83.636420000248279, 38.18642500016464],
            [-83.63623600012528, 38.186844000275698],
            [-83.636148000261713, 38.186954000291379],
            [-83.636046000154465, 38.187089999849988],
            [-83.635846999962837, 38.187291999826385],
            [-83.635559999907656, 38.187476999935519],
            [-83.635344999822507, 38.187516000333694],
            [-83.635195000034685, 38.187524999879464],
            [-83.634949999812292, 38.187482000313608],
            [-83.634697000092316, 38.187360000028001],
            [-83.634127000179916, 38.1869779997335],
            [-83.633837999576585, 38.18678199982142],
            [-83.632886999897693, 38.185891999760884],
            [-83.631738999676983, 38.184647999713526],
            [-83.630392999987862, 38.183193999918593],
            [-83.630368999698433, 38.18317300019897],
            [-83.629549000439098, 38.182467000083719],
            [-83.628757999695438, 38.182002999800829],
            [-83.62785100039747, 38.181655000297418],
            [-83.626871000406254, 38.181276999963913],
            [-83.625265000426154, 38.180546999694734],
            [-83.625021000028667, 38.180411999815718],
            [-83.624363000252714, 38.18004800004104],
            [-83.62342000007142, 38.179290999899003],
            [-83.622560999555716, 38.178577000270387],
            [-83.621891000084219, 38.177741999775129],
            [-83.621152999942311, 38.176428000044595],
            [-83.620712999726265, 38.175816000150242],
            [-83.620295999974743, 38.175593000346588],
            [-83.619804999705082, 38.175568999978665],
            [-83.619635999650654, 38.175611000264176],
            [-83.61934199992281, 38.175682999890277],
            [-83.618910000102659, 38.175926999820312],
            [-83.61826900004516, 38.176446999700573],
            [-83.618125000105124, 38.176562000300251],
            [-83.61744600041277, 38.177033000186881],
            [-83.616761999799252, 38.177395000330598],
            [-83.615967999580874, 38.177617000340646],
            [-83.615469999638506, 38.177609000205713],
            [-83.615289999713454, 38.177605999713563],
            [-83.614432999745858, 38.177333000308771],
            [-83.612962000383277, 38.176566000072206],
            [-83.612374000029234, 38.176390999956944],
            [-83.611847999599448, 38.176415000054135],
            [-83.611279000410292, 38.176652000059569],
            [-83.610912999814076, 38.176925999835184],
            [-83.610701000101969, 38.177216000351642],
            [-83.610542999918209, 38.177855999818149],
            [-83.610522000001808, 38.178513000009445],
            [-83.610527999849609, 38.178552000263394],
            [-83.610658000444261, 38.179460999889002],
            [-83.610917999836943, 38.180236999757192],
            [-83.611248000448128, 38.180727999736305],
            [-83.613236999844574, 38.182855999728332],
            [-83.613825000198645, 38.183477999701743],
            [-83.613884999574779, 38.183746000162557],
            [-83.614075000443904, 38.184701999803607],
            [-83.614123000124465, 38.185787999864559],
            [-83.61404500030666, 38.186633000108188],
            [-83.613806999756989, 38.187207000191187],
            [-83.613668999664711, 38.187336999800777],
            [-83.613403000424242, 38.18758800019917],
            [-83.61299099979729, 38.187764999830669],
            [-83.612408000364425, 38.187941999738143],
            [-83.611830000056102, 38.187928999683827],
            [-83.611341000334548, 38.187825999659857],
            [-83.610922000034904, 38.18757699966531],
            [-83.610725000391412, 38.187460999711853],
            [-83.610404999825946, 38.186917999701159],
            [-83.610387000282614, 38.186888000019465],
            [-83.609987000249518, 38.186087999949407],
            [-83.609675000079989, 38.185076000008657],
            [-83.609451999598903, 38.183770999799584],
            [-83.609444000101306, 38.183633999847515],
            [-83.609408999941209, 38.182990000166875],
            [-83.609274000222001, 38.182441000136912],
            [-83.60877899975435, 38.181958999931098],
            [-83.608228999933445, 38.181668000059162],
            [-83.607421000369683, 38.181464000271269],
            [-83.606402999845315, 38.181390000248577],
            [-83.606011000208142, 38.181487000234398],
            [-83.605630000441636, 38.181709999653812],
            [-83.605261000370703, 38.182076999907046],
            [-83.604898999972434, 38.182679000172961],
            [-83.60470099960574, 38.183083999874199],
            [-83.604703000153876, 38.183112000003987],
            [-83.604739000138892, 38.183513000026032],
            [-83.604969000292641, 38.183748999695801],
            [-83.605533000357269, 38.184148999903343],
            [-83.606253000057492, 38.184471000275309],
            [-83.606885999719054, 38.184831999647038],
            [-83.607381000186706, 38.185277999921176],
            [-83.607659000021044, 38.185605999865295],
            [-83.607813999831762, 38.186079000226094],
            [-83.607782999869613, 38.186466000034152],
            [-83.607639999754483, 38.186717999707092],
            [-83.607219999629905, 38.187097999649936],
            [-83.606668999984095, 38.187316999658712],
            [-83.606006000185289, 38.187342000188472],
            [-83.605570000167191, 38.187184999712933],
            [-83.605226000210607, 38.186792999769189],
            [-83.605114000057597, 38.186600999992542],
            [-83.604437000015096, 38.185444999894301],
            [-83.603904999737523, 38.184605999694298],
            [-83.603390999901634, 38.184202999657153],
            [-83.602852999776289, 38.18403499982081],
            [-83.60222500013758, 38.184020999934667],
            [-83.601507000087167, 38.184206999715784],
            [-83.600187000337314, 38.184596999787892],
            [-83.598836999551949, 38.184810999693468],
            [-83.597850999712932, 38.184858999981913],
            [-83.597124000340017, 38.184788000073574],
            [-83.596573999620787, 38.184442999961782],
            [-83.596213999770683, 38.183990999766038],
            [-83.596084999899247, 38.183307000054448],
            [-83.596078000226555, 38.182473999823408],
            [-83.596460999642886, 38.182146999766587],
            [-83.596994999570285, 38.181927999750094],
            [-83.598356000226318, 38.181864000314242],
            [-83.59953200003612, 38.181813999722834],
            [-83.600289000444576, 38.181673000129855],
            [-83.600943999847473, 38.181420999952351],
            [-83.601396999584011, 38.181041999935537],
            [-83.601444000337978, 38.180962000188686],
            [-83.601731000393158, 38.180466000221053],
            [-83.601837999624948, 38.179995999823909],
            [-83.601685000362409, 38.179513999684296],
            [-83.601292000002019, 38.179047999843519],
            [-83.601241999773293, 38.179021000179638],
            [-83.600691999952403, 38.178728999958587],
            [-83.599438000324781, 38.178350999980523],
            [-83.598860999841378, 38.178100000239937],
            [-83.598269000187699, 38.177739999921485],
            [-83.597855999735813, 38.17740399971435],
            [-83.597495000060775, 38.177042000321471],
            [-83.59721100037865, 38.176641999934851],
            [-83.596103000340918, 38.174955999967089],
            [-83.595570000238439, 38.174363999888548],
            [-83.595027000090226, 38.173835000151563],
            [-83.593991999847418, 38.173002999672946],
            [-83.593340999744171, 38.172669000216089],
            [-83.591593000372157, 38.172118000096837],
            [-83.591092000056733, 38.171855999991273],
            [-83.590729999658492, 38.171526000270184],
            [-83.590579999870656, 38.171174000097814],
            [-83.590513999748424, 38.1705730001459],
            [-83.590665000259477, 38.170095999985669],
            [-83.590813000397475, 38.16988199994168],
            [-83.591040000178211, 38.169552999797126],
            [-83.591639000402921, 38.16916000028619],
            [-83.592335999638593, 38.168905999820012],
            [-83.593379000277324, 38.16864300012292],
            [-83.594113000221242, 38.168290000096043],
            [-83.595196000144625, 38.16813300023508],
            [-83.596079999876395, 38.168063999685387],
            [-83.596434999703632, 38.168127999941582],
            [-83.597196000310049, 38.168514999752546],
            [-83.59875899973413, 38.169240000277483],
            [-83.599063000406062, 38.169280999930074],
            [-83.599255000026687, 38.169238000190525],
            [-83.599665000105503, 38.16912700022003],
            [-83.599979999749777, 38.169056999859038],
            [-83.600687999754442, 38.168910000012154],
            [-83.600713999693696, 38.168904999771897],
            [-83.601037999558798, 38.168758999668547],
            [-83.60106000019843, 38.168748999873287],
            [-83.601319999591098, 38.168526999686428],
            [-83.601399999957053, 38.168078999871888],
            [-83.6013890000864, 38.167735999874289],
            [-83.601252999643947, 38.167479999960896],
            [-83.600985999680262, 38.167341000315496],
            [-83.599999000016354, 38.166888999971682],
            [-83.599617000424942, 38.166620999663067],
            [-83.599143999698597, 38.166309999727474],
            [-83.598957000100867, 38.166038999853235],
            [-83.598782000198668, 38.165674000233821],
            [-83.598681999741245, 38.165084999929462],
            [-83.598738999642634, 38.164623000068168],
            [-83.599060000033006, 38.163667999858106],
            [-83.59940499981451, 38.163228000148187],
            [-83.599906000129934, 38.162995000091662],
            [-83.600572000301796, 38.16285599966384],
            [-83.601400999781958, 38.162823000275395],
            [-83.60200400020463, 38.162903000158252],
            [-83.602408000435673, 38.163030999788269],
            [-83.603190000060181, 38.163526000347893],
            [-83.604236000173628, 38.164357000125463],
            [-83.604626000160991, 38.164532000178411],
            [-83.605038999714537, 38.164620999854471],
            [-83.605540999854853, 38.164562999990622],
            [-83.606022999903715, 38.164391999745874],
            [-83.606542999587404, 38.164025000125754],
            [-83.606848999909147, 38.163759000120081],
            [-83.607011000290854, 38.163492999850128],
            [-83.607012000115759, 38.16321800030051],
            [-83.60678000031217, 38.16253999994111],
            [-83.606263000103226, 38.161701000173764],
            [-83.606028999751501, 38.161081999843894],
            [-83.605954000306753, 38.160732999867513],
            [-83.606065999561423, 38.160452000224829],
            [-83.606264999753037, 38.16006600015924],
            [-83.606581000120556, 38.159729999701199],
            [-83.606598999663888, 38.15971099992543],
            [-83.606944000343702, 38.159532000308104],
            [-83.607558999563636, 38.159436999709243],
            [-83.607734000364118, 38.159493999942136],
            [-83.608248000200007, 38.159664000198667],
            [-83.609053000289066, 38.160108000195912],
            [-83.609230999665982, 38.160205999716503],
            [-83.610240999794428, 38.160991999928889],
            [-83.610844000217099, 38.161265999952285],
            [-83.611296000128718, 38.161357999832305],
            [-83.611485000274598, 38.161397000084229],
            [-83.612086000149134, 38.16145999968645],
            [-83.612143999875457, 38.161465999881166],
            [-83.6129280000481, 38.161375999733835],
            [-83.613615000136349, 38.16113500029126],
            [-83.614236999927286, 38.160824000261201],
            [-83.614810000212742, 38.160412000009202],
            [-83.615406000064397, 38.15984799964744],
            [-83.615918000250474, 38.159240999881824],
            [-83.615994000418453, 38.15918800017679],
            [-83.616422000040629, 38.158891000090584],
            [-83.617073999968781, 38.158309000023969],
            [-83.617260999566525, 38.158140000335855],
            [-83.61782700017929, 38.157404000173948],
            [-83.618089000120108, 38.156690999665685],
            [-83.618366999954446, 38.155914999855625],
            [-83.618483000305403, 38.155696999648505],
            [-83.618609999628688, 38.15546300001656],
            [-83.618720999956793, 38.155256000341161],
            [-83.619054999867615, 38.154642000202394],
            [-83.619243000188604, 38.15407200032454],
            [-83.619245999663335, 38.153985999832273],
            [-83.619264999929896, 38.153401000100722],
            [-83.619043999996975, 38.152830999706836],
            [-83.618799999599489, 38.152491000139193],
            [-83.618403999764382, 38.152168999748042],
            [-83.617819999608272, 38.151863000327339],
            [-83.616858000058727, 38.151683000234655],
            [-83.615847999930281, 38.1514469998639],
            [-83.615264999599091, 38.151100999861576],
            [-83.614662999899636, 38.150268000281748],
            [-83.614375999844441, 38.149700999649752],
            [-83.614257999843687, 38.1491479997852],
            [-83.614506000439121, 38.148817999708193],
            [-83.61480000016698, 38.148637000252151],
            [-83.615177999560444, 38.148522000102936],
            [-83.615584000339624, 38.148529000276937],
            [-83.616733000385253, 38.148728999817116],
            [-83.617694000109893, 38.148964000183256],
            [-83.618243000105892, 38.149267999828361],
            [-83.618755000291969, 38.149719000309446],
            [-83.619271999602603, 38.150027000155511],
            [-83.61965900011522, 38.15010199983162],
            [-83.620188999844629, 38.150004000154588],
            [-83.620685999962092, 38.149842999945143],
            [-83.62113700004879, 38.149567000172226],
            [-83.621574999716714, 38.149120000029292],
            [-83.621643000387095, 38.148613000193002],
            [-83.6213909995937, 38.147998000310068],
            [-83.621092999667866, 38.147723999884974],
            [-83.620726999969961, 38.147527999661008],
            [-83.620465999854062, 38.147399000026446],
            [-83.619991000376231, 38.147164999909982],
            [-83.619212000226469, 38.146625000254353],
            [-83.618701999690202, 38.146091999835157],
            [-83.618463000213922, 38.145629999735547],
            [-83.618437000274653, 38.145415000275776],
            [-83.618396000266756, 38.145079000137052],
            [-83.618506999696535, 38.144160999929802],
            [-83.618557999750166, 38.143736000043212],
            [-83.618663000230455, 38.14312199971662],
            [-83.618511999719402, 38.14255500006027],
            [-83.61829900018239, 38.142270000079122],
            [-83.617966000096445, 38.142061999990062],
            [-83.617290999703769, 38.14197900001318],
            [-83.616134999985448, 38.141995000331036],
            [-83.615254999553329, 38.141939000262987],
            [-83.614467000081063, 38.141641000162167],
            [-83.613901000366624, 38.141308999892004],
            [-83.613580999801158, 38.14073700022437],
            [-83.613595000044882, 38.140241999705211],
            [-83.613964000115814, 38.139861000178634],
            [-83.614627999739525, 38.139288999757639],
            [-83.614775999877537, 38.138902000269724],
            [-83.614561999617308, 38.138188999769696],
            [-83.614189000246725, 38.137668999732718],
            [-83.613769999947053, 38.137489999715996],
            [-83.613298999768872, 38.137373000111126],
            [-83.612533000037885, 38.137394000307637],
            [-83.611173000105069, 38.137541000100995],
            [-83.61051500032913, 38.137504999832906],
            [-83.610157999953756, 38.137404000163606],
            [-83.6099649996099, 38.137086999894805],
            [-83.610019000036573, 38.136431999704783],
            [-83.610340000426945, 38.135972000199423],
            [-83.610825999775429, 38.135644000176022],
            [-83.611378999969403, 38.135514000219807],
            [-83.612071000080519, 38.135480999764674],
            [-83.612813000420374, 38.135588999978189],
            [-83.61360300044079, 38.135810000316106],
            [-83.614014000344525, 38.135749000053131],
            [-83.614221999858671, 38.135584000279344],
            [-83.614473999753756, 38.135122999863484],
            [-83.61439099991307, 38.134571000241401],
            [-83.61410800005585, 38.133892000124284],
            [-83.613722000266478, 38.133213999880354],
            [-83.613119999668712, 38.132399000256612],
            [-83.612346000440141, 38.131683000258995],
            [-83.611782000375527, 38.131388000239006],
            [-83.611373999946522, 38.131304000276316],
            [-83.610595999621651, 38.131217999793755],
            [-83.608967000075339, 38.131206999938357],
            [-83.607395000430415, 38.131026999756401],
            [-83.606350999966764, 38.130872999813668],
            [-83.606026000276756, 38.130825000012848],
            [-83.604954000224041, 38.130415000339774],
            [-83.604205000211493, 38.129929999933204],
            [-83.603826000094813, 38.12958600010564],
            [-83.603539000039646, 38.129045999661756],
            [-83.603520999597976, 38.12852299980365],
            [-83.603735999683124, 38.128190999916619],
            [-83.604190999967798, 38.127798999996102],
            [-83.604931999584423, 38.127409999822014],
            [-83.605539000205042, 38.126991000095003],
            [-83.606031000299637, 38.126505000335371],
            [-83.606459999746718, 38.125806000028753],
            [-83.606617999930464, 38.12517600030214],
            [-83.606494999906815, 38.124729999784414],
            [-83.606236000339038, 38.124361999923231],
            [-83.605853999849316, 38.12410399978247],
            [-83.605232999883299, 38.123873999704578],
            [-83.60455800038892, 38.123782999854669],
            [-83.603980000080597, 38.123811000146716],
            [-83.603277999923733, 38.124047000162555],
            [-83.602687000094932, 38.124439999687709],
            [-83.601974000067415, 38.124986999889366],
            [-83.601303999697592, 38.125724999803104],
            [-83.600469000369628, 38.126379999977374],
            [-83.599614000051872, 38.126922000190959],
            [-83.598890000153716, 38.127400000010013],
            [-83.598492999595351, 38.127683000308217],
            [-83.597842000390429, 38.128366999729771],
            [-83.597526000022924, 38.128681999929967],
            [-83.597172000020592, 38.129144999818415],
            [-83.596915000102641, 38.129626000267493],
            [-83.59652000009244, 38.130391999809028],
            [-83.596018999777016, 38.131166000077229],
            [-83.595494999895379, 38.131664000243319],
            [-83.595010000371801, 38.131979000347783],
            [-83.594916999587056, 38.132004000073536],
            [-83.594187999666019, 38.132202999846221],
            [-83.593242999834899, 38.13251799974428],
            [-83.592518999936715, 38.132879999754032],
            [-83.591450000257041, 38.13340700021066],
            [-83.59089600023816, 38.133756000226001],
            [-83.59026199985334, 38.134436000009458],
            [-83.588937999905539, 38.135992000299659],
            [-83.588311999916641, 38.136945999985862],
            [-83.588208999984488, 38.13736799982793],
            [-83.58815399973291, 38.137597000011688],
            [-83.588086999785745, 38.137771000216929],
            [-83.588015999640632, 38.137963000035008],
            [-83.587895000165133, 38.138289999765618],
            [-83.587678000430145, 38.1393229996511],
            [-83.58755500040651, 38.139744000136112],
            [-83.587371000283497, 38.140354000283594],
            [-83.587027000326913, 38.141504000150746],
            [-83.586546999927862, 38.142701000353114],
            [-83.585829999702398, 38.144352000211178],
            [-83.585216000307383, 38.145478000261939],
            [-83.584833999817647, 38.145882999681504],
            [-83.58481100025142, 38.145908000295911],
            [-83.584087000353236, 38.146256000215907],
            [-83.583115999684551, 38.146341000281097],
            [-83.582744999963779, 38.14625699986815],
            [-83.582544000122311, 38.146211000307531],
            [-83.581867000079797, 38.145660000151977],
            [-83.581071000211594, 38.145023999985888],
            [-83.581034000401672, 38.145011999716168],
            [-83.580231999787358, 38.14475199974617],
            [-83.579469000429455, 38.144738999758687],
            [-83.579004999923953, 38.144919000031706],
            [-83.578602000416126, 38.145312999880005],
            [-83.578330000429574, 38.145786000353233],
            [-83.577912999779741, 38.146144000219813],
            [-83.57741999986024, 38.146647000260884],
            [-83.576932999788525, 38.146961000337207],
            [-83.576391000363529, 38.14713599975267],
            [-83.574705999842379, 38.147131999778829],
            [-83.573120999778681, 38.147323999690478],
            [-83.572872000256638, 38.14734000024901],
            [-83.572287000275622, 38.147375999903346],
            [-83.57146299992003, 38.147291999975771],
            [-83.571024000427187, 38.147246999999986],
            [-83.57036199955499, 38.147072000144334],
            [-83.570292000133094, 38.147046000287418],
            [-83.569405000028297, 38.146719000235834],
            [-83.569362000370589, 38.146701000248719],
            [-83.567932999942485, 38.146109000318233],
            [-83.567409999885754, 38.145778000257224],
            [-83.56640300013035, 38.145141000039374],
            [-83.5663570000996, 38.145117999910838],
            [-83.565635999676161, 38.144749000021008],
            [-83.564926000021686, 38.144116000142105],
            [-83.563332999562036, 38.143032999941234],
            [-83.562591999945425, 38.142812999982979],
            [-83.562030000428948, 38.142867999681492],
            [-83.56153400013639, 38.143007999754609],
            [-83.561134999928228, 38.143280000137935],
            [-83.560936999561505, 38.143598000038011],
            [-83.560833999629338, 38.14414900022463],
            [-83.560546999574186, 38.145136000288495],
            [-83.560333000212239, 38.145449000140474],
            [-83.559949000072692, 38.145795000106986],
            [-83.559416999795104, 38.145954000047645],
            [-83.558784999958462, 38.1460480001872],
            [-83.558348000115444, 38.145919000054917],
            [-83.557900000401773, 38.145631000102846],
            [-83.557671999897835, 38.145344000091541],
            [-83.5575489998742, 38.144976000308162],
            [-83.557569999790587, 38.144310000284669],
            [-83.557840999952234, 38.143498999704491],
            [-83.557917999945133, 38.143289000200838],
            [-83.557963999975883, 38.143169000213049],
            [-83.55808299980157, 38.142154000075394],
            [-83.558044000341823, 38.141467999718294],
            [-83.557938999861534, 38.140985000146699],
            [-83.55770399968489, 38.140264999957836],
            [-83.557639000285874, 38.140160999955668],
            [-83.557522000110012, 38.139980999954837],
            [-83.557445000117113, 38.139861000178634],
            [-83.557019000144763, 38.139405999823133],
            [-83.556820999778054, 38.139045999891728],
            [-83.556689000431888, 38.138635999769235],
            [-83.556654000271777, 38.138152999821344],
            [-83.556693999556444, 38.137469000253617],
            [-83.556747999983102, 38.136879999649246],
            [-83.556599999845119, 38.136338999682295],
            [-83.556417000445308, 38.136081999976277],
            [-83.555952999939819, 38.135763000025314],
            [-83.555527999792375, 38.135585000077853],
            [-83.555316000080268, 38.135496000294587],
            [-83.554827000358742, 38.135405000094323],
            [-83.554232000331979, 38.135473999751866],
            [-83.553951999949504, 38.135682000249929],
            [-83.553775000397493, 38.135918999836683],
            [-83.553746000085169, 38.136266000272954],
            [-83.553852000390393, 38.136647000199581],
            [-83.554314000347745, 38.137553000186394],
            [-83.554598999854804, 38.138205000212096],
            [-83.55461599957323, 38.138687000059853],
            [-83.554531000082733, 38.139194000345455],
            [-83.554296999730994, 38.139645999968231],
            [-83.553711999749979, 38.140371999717082],
            [-83.553522999604084, 38.140584999741399],
            [-83.552741999804525, 38.141464999858101],
            [-83.551793999600349, 38.142411000298196],
            [-83.551169000334681, 38.142829999817138],
            [-83.55077199977633, 38.143034000344201],
            [-83.550190999993276, 38.143157000344722],
            [-83.550094999733801, 38.143158999734169],
            [-83.549544999912897, 38.143169000213049],
            [-83.548750999694519, 38.143074000200535],
            [-83.548330999569941, 38.142930999747627],
            [-83.548118999857834, 38.142685999891299],
            [-83.547894999551858, 38.142265000131495],
            [-83.547841000023496, 38.141883999864163],
            [-83.547954000001411, 38.141514000150018],
            [-83.548102999964328, 38.141351000133092],
            [-83.548200999873615, 38.141250999855806],
            [-83.548299999607806, 38.141176999986307],
            [-83.548583000363351, 38.140965000001906],
            [-83.549115999567505, 38.140613999676695],
            [-83.549277000124292, 38.140508000003386],
            [-83.550467000177804, 38.139958000319176],
            [-83.551145000045224, 38.139513999880165],
            [-83.551552999575904, 38.139011999869204],
            [-83.551684999820395, 38.138524999844677],
            [-83.551626000269167, 38.137771000216929],
            [-83.551211000167456, 38.136571000330363],
            [-83.551177999657199, 38.136473999926828],
            [-83.551047999960844, 38.136394999808815],
            [-83.550726999570472, 38.136199000237823],
            [-83.550582999630436, 38.135938000157779],
            [-83.55020299968885, 38.135107999963488],
            [-83.549507000278069, 38.133069000222719],
            [-83.549359999964977, 38.132406999699789],
            [-83.549329000002828, 38.131816000230181],
            [-83.549478999790665, 38.131402000341133],
            [-83.550175999924676, 38.130309999854838],
            [-83.550363000420745, 38.129855000012469],
            [-83.550724000095755, 38.128672000292205],
            [-83.551196000098869, 38.127704999666207],
            [-83.551673000124822, 38.127150999938941],
            [-83.551822999912659, 38.127032000181188],
            [-83.551919000172134, 38.126957000109449],
            [-83.552222000120835, 38.126716999927552],
            [-83.552525999894456, 38.12647699966324],
            [-83.553197000089185, 38.125726999670178],
            [-83.553808000009468, 38.125177000243227],
            [-83.554455999739659, 38.124625000308896],
            [-83.554669999999902, 38.124252000150044],
            [-83.554684000243597, 38.123865000073913],
            [-83.554474000181315, 38.123553000178873],
            [-83.554223999936056, 38.123427999713215],
            [-83.553920000162449, 38.123373000203735],
            [-83.553869000108818, 38.12336399980466],
            [-83.552952999691698, 38.123358999975054],
            [-83.552448000076637, 38.123213999821189],
            [-83.552151999800628, 38.122940000318515],
            [-83.552135000082188, 38.122907999804013],
            [-83.551944000286468, 38.122560000193474],
            [-83.55193599989056, 38.122311999848748],
            [-83.552027000127168, 38.122098000219253],
            [-83.552156999823495, 38.12196600019444],
            [-83.552227999968608, 38.121895999795328],
            [-83.552655999590783, 38.121602999779114],
            [-83.553058000172001, 38.121459999655436],
            [-83.553546999893541, 38.1212870001346],
            [-83.554376000272029, 38.120873999894997],
            [-83.554777000130017, 38.120561999939518],
            [-83.555439000103917, 38.119527000210596],
            [-83.555684000326309, 38.11927800014319],
            [-83.555998000145664, 38.119017000336214],
            [-83.556983000159747, 38.118526999665413],
            [-83.55782900025666, 38.118084000343835],
            [-83.558249000381238, 38.117672999744151],
            [-83.558285000366254, 38.117623999700591],
            [-83.558959999860633, 38.116697999979792],
            [-83.559164999900034, 38.116108999972802],
            [-83.559056999945014, 38.115840999665444],
            [-83.558101000243241, 38.114947999810703],
            [-83.557662999676992, 38.114452999668636],
            [-83.556265000109363, 38.113033999656587],
            [-83.556130000390141, 38.11292999972693],
            [-83.555759999595963, 38.112642999750911],
            [-83.555587000241943, 38.112509000075292],
            [-83.555166000292445, 38.112406000220872],
            [-83.554722999703344, 38.112438999798904],
            [-83.553386000235065, 38.112787000288662],
            [-83.552119000188668, 38.113205000143246],
            [-83.551611000200552, 38.113428999997311],
            [-83.551150999893011, 38.113672000333743],
            [-83.550606999919879, 38.113956000222899],
            [-83.549743000279619, 38.114410000116195],
            [-83.548390000019495, 38.11494200003041],
            [-83.546938999850099, 38.115317999917472],
            [-83.546870000253122, 38.115330000122576],
            [-83.545407000388138, 38.115583999878908],
            [-83.544359999551446, 38.115660999761324],
            [-83.54306400009105, 38.11550300032804],
            [-83.542484999957807, 38.115555999965785],
            [-83.542018999802508, 38.115809000280287],
            [-83.540941999726911, 38.116712000072127],
            [-83.540643999801077, 38.11696099970144],
            [-83.54013300033823, 38.117279999839454],
            [-83.539098000095422, 38.117654999659827],
            [-83.538288999808415, 38.11795999974283],
            [-83.538045000309268, 38.118051999821311],
            [-83.537240000220223, 38.118356999659625],
            [-83.536220999870949, 38.118862999793151],
            [-83.53496300004538, 38.119585999860838],
            [-83.534952999999632, 38.119604000175869],
            [-83.534516000156643, 38.119902999812908],
            [-83.533417000339725, 38.120306999821686],
            [-83.532916000024301, 38.12039299973096],
            [-83.532725000228581, 38.12042599994038],
            [-83.532184999555113, 38.120328999988928],
            [-83.531792999917968, 38.120124000294076],
            [-83.531530000152216, 38.11998500014942],
            [-83.530528000419707, 38.119356999705943],
            [-83.529711999561684, 38.119061000027884],
            [-83.529103000189551, 38.118931000219831],
            [-83.528499999766865, 38.118882000313697],
            [-83.527990999953857, 38.119001999953397],
            [-83.526393000369652, 38.119450000164072],
            [-83.526077000002161, 38.11945800031954],
            [-83.525435999944648, 38.119350000266998],
            [-83.524549999664771, 38.118839999863141],
            [-83.524089000430635, 38.118462999701343],
            [-83.523830999789453, 38.118108999880938],
            [-83.523559999627807, 38.117461000040294],
            [-83.523224000067145, 38.116893000267289],
            [-83.522899000377137, 38.116653000220055],
            [-83.522424999825901, 38.116482000032057],
            [-83.521173999673024, 38.116440000321425],
            [-83.520509000224379, 38.116358000244588],
            [-83.520059999787492, 38.11608299968541],
            [-83.519920000045417, 38.115884999857201],
            [-83.519874999839573, 38.115357000046828],
            [-83.519965000251247, 38.113921999821528],
            [-83.519802000044649, 38.113173999708593],
            [-83.519647000233931, 38.112826999759392],
            [-83.519017000047086, 38.112345000190523],
            [-83.518438999738763, 38.112147000123407],
            [-83.517282000195536, 38.11177999987536],
            [-83.516561999597002, 38.111483999878402],
            [-83.516093999791863, 38.111158999777643],
            [-83.515754999858146, 38.110706999745254],
            [-83.51557999995596, 38.110293000310762],
            [-83.515481000221754, 38.109527999976002],
            [-83.515286000228087, 38.10851800006882],
            [-83.515258999565603, 38.108088999740289],
            [-83.515430999993043, 38.107913999996583],
            [-83.515685000436264, 38.107804000185439],
            [-83.51628899978553, 38.107832000243043],
            [-83.51734400011982, 38.108132999654316],
            [-83.518237999897309, 38.108218000296745],
            [-83.519053999856993, 38.108120999680388],
            [-83.520233999864772, 38.107722999781686],
            [-83.520985000425441, 38.107313999914183],
            [-83.521202000160429, 38.106886999966527],
            [-83.521178999695877, 38.106391000130294],
            [-83.520884000143099, 38.105229000082915],
            [-83.520915000105234, 38.104870000053559],
            [-83.520936999846555, 38.104768000251056],
            [-83.521114000296876, 38.103934000307639],
            [-83.521648000224246, 38.102954999946768],
            [-83.522542000001749, 38.101850999965876],
            [-83.52361300022956, 38.100950000083067],
            [-83.52448299971762, 38.100538000342922],
            [-83.525174999828749, 38.100406000229967],
            [-83.525613000394969, 38.100414000350675],
            [-83.526005000032129, 38.100556999975417],
            [-83.526696000318353, 38.101080999649199],
            [-83.527379000208654, 38.101903000060162],
            [-83.528033999611552, 38.102247000241036],
            [-83.528427999796847, 38.102344999720763],
            [-83.528761999707697, 38.102317999934932],
            [-83.529082000273149, 38.102079999872608],
            [-83.529371999803047, 38.101574999661693],
            [-83.529407999788063, 38.101062000153021],
            [-83.529237999908759, 38.099433000309006],
            [-83.529360999932408, 38.098785999794657],
            [-83.529745999896875, 38.098513999741897],
            [-83.530340000098718, 38.098179999940029],
            [-83.531674999917186, 38.097548000193065],
            [-83.532978999773491, 38.096738000002425],
            [-83.533710000242678, 38.095995999887663],
            [-83.53419300011646, 38.09524899967591],
            [-83.534419999897153, 38.094692999741504],
            [-83.534331000208695, 38.09424400002483],
            [-83.533920000304974, 38.09344400019851],
            [-83.53331000020961, 38.092938999692528],
            [-83.53241200023416, 38.09254600033546],
            [-83.531539000373044, 38.09229199965737],
            [-83.530831000368394, 38.092275999757689],
            [-83.530179000440242, 38.092460000160166],
            [-83.529515999743111, 38.092885999906088],
            [-83.528569000262166, 38.093146000090904],
            [-83.527671000286702, 38.093210000320823],
            [-83.526820999991827, 38.093040999746897],
            [-83.525604999999047, 38.092620999690517],
            [-83.522916000095563, 38.091293999651874],
            [-83.522201000418207, 38.090848999787973],
            [-83.520879999945137, 38.089823999716785],
            [-83.519617000096702, 38.088889999722099],
            [-83.519501999570679, 38.088624999866724],
            [-83.519597000005206, 38.088280999902139],
            [-83.519790000349076, 38.088120999745307],
            [-83.520464999843455, 38.087869999893918],
            [-83.521100999878087, 38.087587000160283],
            [-83.522024999792805, 38.086781000327044],
            [-83.522725000299857, 38.085838000267067],
            [-83.522957999928366, 38.085084000283537],
            [-83.522899000377137, 38.084456000297642],
            [-83.522516000062467, 38.083935000314966],
            [-83.522107999633477, 38.083698000288571],
            [-83.521628000132765, 38.083702000202869],
            [-83.521249999841004, 38.083794000293338],
            [-83.520863000226711, 38.084115999698383],
            [-83.520063999985453, 38.084951000048839],
            [-83.519462000286012, 38.08545699966156],
            [-83.519018999696897, 38.085610999924569],
            [-83.518431000241165, 38.085696999673132],
            [-83.517918000230182, 38.085489000321395],
            [-83.517284999670267, 38.085082000010622],
            [-83.516964000178206, 38.084676999839346],
            [-83.516959999980259, 38.084176000168569],
            [-83.517180000088274, 38.083849999707624],
            [-83.517802999704145, 38.083300000294038],
            [-83.51816400027748, 38.082881999754541],
            [-83.518498000188316, 38.081879999956811],
            [-83.518715999748196, 38.080994000349285],
            [-83.518638999755311, 38.080149999996706],
            [-83.51828899995094, 38.079417999805464],
            [-83.517508999976258, 38.078454000071105],
            [-83.516753000291033, 38.077349999817429],
            [-83.516605999977941, 38.076768999981162],
            [-83.51666500042748, 38.075613000079102],
            [-83.516621999871447, 38.0750219999683],
            [-83.516171999609668, 38.073761000283582],
            [-83.516093999791863, 38.073344000319025],
            [-83.516229000409396, 38.072455999920891],
            [-83.516117000256386, 38.07207500030583],
            [-83.515493999742233, 38.071366999910417],
            [-83.514398000298371, 38.070500999876195],
            [-83.514324999605122, 38.070157000213726],
            [-83.514149999702951, 38.069803999715106],
            [-83.513946000386753, 38.069650000107821],
            [-83.513619000148609, 38.069496000176386],
            [-83.51312200003116, 38.069386999822271],
            [-83.512518999608474, 38.069435999683662],
            [-83.51192299975682, 38.069658000058666],
            [-83.510731000053482, 38.07042399978598],
            [-83.509973999645027, 38.071185000113921],
            [-83.509326999739727, 38.072481000219753],
            [-83.508726999690111, 38.074778999797232],
            [-83.50823499959553, 38.078210000112335],
            [-83.507908000255696, 38.081136999787397],
            [-83.507813999646061, 38.082687999713947],
            [-83.507150999847241, 38.086259000176547],
            [-83.506822999784177, 38.087343000274934],
            [-83.506432999796843, 38.087764000002068],
            [-83.505964999991704, 38.088002999767561],
            [-83.50508299990976, 38.088215000118502],
            [-83.503974000047123, 38.088272000128029],
            [-83.502852999590573, 38.088180999756773],
            [-83.501840999812302, 38.087839000021468],
            [-83.50000800005148, 38.086532000350388],
            [-83.498196000207045, 38.085240000186666],
            [-83.497293000208714, 38.084955999679245],
            [-83.496663000021869, 38.084924000200203],
            [-83.49581799974986, 38.085273000014737],
            [-83.492650999995476, 38.086660000316542],
            [-83.491926000272386, 38.086826999863639],
            [-83.491269000321353, 38.0867230001016],
            [-83.49055200009586, 38.086155000313539],
            [-83.489150000330255, 38.085036999866702],
            [-83.488264999875284, 38.084722000204842],
            [-83.484298000054736, 38.083638999935815],
            [-83.482726000409812, 38.083276999773354],
            [-83.480394999808283, 38.082501000007703],
            [-83.479563999779984, 38.082399000094881],
            [-83.479100000172792, 38.082587999696088],
            [-83.478818999965398, 38.082845000300445],
            [-83.478613000101078, 38.083370000204937],
            [-83.478409999711488, 38.084454000007618],
            [-83.478024999747035, 38.085321000059473],
            [-83.477681999615342, 38.085607999890399],
            [-83.476915999884369, 38.085907000097563],
            [-83.47614799960526, 38.085957999745972],
            [-83.475426000255212, 38.085692999867973],
            [-83.474879999733957, 38.085176999830736],
            [-83.473805000206482, 38.08431599966007],
            [-83.472676000252349, 38.083167000349448],
            [-83.472204000249249, 38.082367000203881],
            [-83.471962000399927, 38.082098000035721],
            [-83.471527000206734, 38.082021999958748],
            [-83.471148999914959, 38.082078999847113],
            [-83.470825000049857, 38.082402000260721],
            [-83.470209000106706, 38.083330000163066],
            [-83.46951199997271, 38.083902999681982],
            [-83.468802000318234, 38.084224000226435],
            [-83.466751000099194, 38.08446000017053],
            [-83.465817000138713, 38.084310000192424],
            [-83.465398999663989, 38.084044999997559],
            [-83.464944000277626, 38.083581000046003],
            [-83.464277000280859, 38.082394000289625],
            [-83.463447999902357, 38.080437000326633],
            [-83.463284999695759, 38.079711000025412],
            [-83.463308000160282, 38.079018999983163],
            [-83.463531999567962, 38.078573999647851],
            [-83.464308000243008, 38.077833000299727],
            [-83.464488999992966, 38.077410000182624],
            [-83.464448999809989, 38.076796000012578],
            [-83.464324000136514, 38.076170999978864],
            [-83.463833999691744, 38.075228000266755],
            [-83.463180999938686, 38.073646000284853],
            [-83.462821999913487, 38.072548999971048],
            [-83.46276400018715, 38.071803999830294],
            [-83.462805000195047, 38.07065199987295],
            [-83.463247999885837, 38.069242000040298],
            [-83.464017999814772, 38.068120999805203],
            [-83.465193999624574, 38.066679000304084],
            [-83.466437000279839, 38.065680000015163],
            [-83.467240999645654, 38.06530400002972],
            [-83.468095999963396, 38.065288999935625],
            [-83.468778000028792, 38.065499000265241],
            [-83.469326000199871, 38.065906999990702],
            [-83.469480000185655, 38.066321999838792],
            [-83.469930000447448, 38.068393999803199],
            [-83.470271000030976, 38.068782000244241],
            [-83.471109999556901, 38.069244000039276],
            [-83.472328999922738, 38.069550999936517],
            [-83.473950999796358, 38.069694999819973],
            [-83.475890999687323, 38.06971699966914],
            [-83.47752000013196, 38.069602999671766],
            [-83.4795079997035, 38.069365999871671],
            [-83.480475999999157, 38.069143000024063],
            [-83.480903999621304, 38.06883599982897],
            [-83.481296999981708, 38.068253000226768],
            [-83.48163199971745, 38.067019999965815],
            [-83.481972000374412, 38.066249999795296],
            [-83.48253300006597, 38.065703999752991],
            [-83.483133000115586, 38.065241000179824],
            [-83.483554999889975, 38.065064000277623],
            [-83.484118999954575, 38.065044999907059],
            [-83.485485999560098, 38.065306000136289],
            [-83.486114000097118, 38.065253000121729],
            [-83.486709999948786, 38.064901000064879],
            [-83.487212999914036, 38.064186999843486],
            [-83.487190000347809, 38.063645000269382],
            [-83.487070999623811, 38.063196000133942],
            [-83.486899000094681, 38.062758999715946],
            [-83.486552999589961, 38.062256999738793],
            [-83.486304000067932, 38.061663999725972],
            [-83.486374000388111, 38.061179999871285],
            [-83.486417000045833, 38.060924000343057],
            [-83.48658299972719, 38.06048799991374],
            [-83.486765000200378, 38.060091999757887],
            [-83.487058000103332, 38.059723000255872],
            [-83.487371000097781, 38.059331000036678],
            [-83.487689999940017, 38.059070999851699],
            [-83.488024999675758, 38.058905000012167],
            [-83.488233000088229, 38.058802999727988],
            [-83.48875399959681, 38.058810000015569],
            [-83.489157000002947, 38.058857999746323],
            [-83.48949699976157, 38.058944999973882],
            [-83.489967999939751, 38.059062000019189],
            [-83.49033000033802, 38.05913199978761],
            [-83.490886000006711, 38.059246999969105],
            [-83.49119800017624, 38.059301999653734],
            [-83.491635000019244, 38.059287999879388],
            [-83.492190999687949, 38.059213999714075],
            [-83.492547000238403, 38.05911199986059],
            [-83.492907999913427, 38.058952000247828],
            [-83.493240999999344, 38.058692000130954],
            [-83.493518999833711, 38.058460999817989],
            [-83.49390999964595, 38.058112000078076],
            [-83.494154000043423, 38.057814000265722],
            [-83.494384000197201, 38.057391999836938],
            [-83.49458599986356, 38.057151000139683],
            [-83.494689999620647, 38.056995999903343],
            [-83.494947000436895, 38.056764999895599],
            [-83.495802999681231, 38.05614699972606],
            [-83.496094999759293, 38.055798999744411],
            [-83.496261000338961, 38.055641999810611],
            [-83.49666499967168, 38.055387999677649],
            [-83.497473999958686, 38.054913999879275],
            [-83.497721999655809, 38.054749000003646],
            [-83.498291999568195, 38.054404999842802],
            [-83.498562999729856, 38.054157000187928],
            [-83.498603999737725, 38.054113000321152],
            [-83.498701999647025, 38.053858999833423],
            [-83.498813999800007, 38.053226999657248],
            [-83.498850999609928, 38.052864000127492],
            [-83.49890699968644, 38.052347000261719],
            [-83.498921999755055, 38.051797999749262],
            [-83.498915999907283, 38.051316000212246],
            [-83.498881999572077, 38.050949999653078],
            [-83.498845999587061, 38.050620000050223],
            [-83.49855600005715, 38.05025100018581],
            [-83.49614699963783, 38.049201999651707],
            [-83.495564000204951, 38.049121000100712],
            [-83.495038999600084, 38.048985000137762],
            [-83.494585000038654, 38.0488810003285],
            [-83.493625000138906, 38.04871999999903],
            [-83.493558000191754, 38.048708000175594],
            [-83.493455000259587, 38.048688000229724],
            [-83.492793000285701, 38.048575000291258],
            [-83.491467999614656, 38.04835099975368],
            [-83.490446999615571, 38.048121999919928],
            [-83.490091999788319, 38.048003000199202],
            [-83.489793999862499, 38.047886000160332],
            [-83.489648000272624, 38.047831999970498],
            [-83.489217000277392, 38.04767499992596],
            [-83.488606000357137, 38.047477000115194],
            [-83.488037000269657, 38.047337999738751],
            [-83.487766999932902, 38.047266999709301],
            [-83.487376999945553, 38.047228000032455],
            [-83.486920000011068, 38.047182999944226],
            [-83.486647000199596, 38.047116000264616],
            [-83.486392999756376, 38.04704100022321],
            [-83.486203999610495, 38.047013000225753],
            [-83.484426999926157, 38.046508999855845],
            [-83.483981999687231, 38.046455000065222],
            [-83.483343000177868, 38.046405000066351],
            [-83.482892000091155, 38.046440999955777],
            [-83.482251999858562, 38.046467000257955],
            [-83.481907000077058, 38.04653599973625],
            [-83.48106500017812, 38.046705999854872],
            [-83.480625999786966, 38.04703100002326],
            [-83.480229000126926, 38.047573000261821],
            [-83.479589999719266, 38.048189000093672],
            [-83.47881200029272, 38.048472000182855],
            [-83.478327999695722, 38.048475999901335],
            [-83.477783999722604, 38.048482000186027],
            [-83.476894000143062, 38.048251999768269],
            [-83.476534000292943, 38.048120000051043],
            [-83.47619399963601, 38.047976000152389],
            [-83.475632000119546, 38.047736999749482],
            [-83.475116999560427, 38.047599999749821],
            [-83.474493000119651, 38.047532000155655],
            [-83.474422999799458, 38.047525000204246],
            [-83.473666000289313, 38.047609999872058],
            [-83.472602999559115, 38.047857999778671],
            [-83.47225500030288, 38.04802700007523],
            [-83.471157000310882, 38.048728999688485],
            [-83.470404999925307, 38.049264000304277],
            [-83.469286000016908, 38.049838999826441],
            [-83.468742999868695, 38.050034000244374],
            [-83.468278000436584, 38.050078999994959],
            [-83.467999999703935, 38.050050000190296],
            [-83.467603000043894, 38.050020000111935],
            [-83.467117999622005, 38.050017000032703],
            [-83.466417000188343, 38.050045999850447],
            [-83.465949000383205, 38.050088999778566],
            [-83.465547999626907, 38.050126999792731],
            [-83.464894000048915, 38.05019700032571],
            [-83.464478000122313, 38.050238999905972],
            [-83.464068999868388, 38.050213999788163],
            [-83.463786999836103, 38.049991999839079],
            [-83.463611999933903, 38.049840000091116],
            [-83.463494999758041, 38.049660000335116],
            [-83.463466000344042, 38.049443000056492],
            [-83.463453999750172, 38.049217999779536],
            [-83.463700999622361, 38.048648000321492],
            [-83.464001000096331, 38.048013000266394],
            [-83.464288000151512, 38.047408999699385],
            [-83.464274999732709, 38.046994999716496],
            [-83.464376000015065, 38.046524999864801],
            [-83.464425000418871, 38.046184000199958],
            [-83.464505999711406, 38.045743999814604],
            [-83.464792999766573, 38.044785000161987],
            [-83.464902000444823, 38.044360000000836],
            [-83.465064999753153, 38.043753000088827],
            [-83.465135000073346, 38.043312999950793],
            [-83.465141999746038, 38.042866999961653],
            [-83.46511800035492, 38.042466000271048],
            [-83.465202000020497, 38.04218500034365],
            [-83.465556000022815, 38.041749000066474],
            [-83.465942999637107, 38.041455000241179],
            [-83.46634400039342, 38.040979999687323],
            [-83.466571999999033, 38.040713000217188],
            [-83.466734000380754, 38.040479000000353],
            [-83.466939000420183, 38.040155999842227],
            [-83.467107999576257, 38.039912999903464],
            [-83.467244000018695, 38.03977300032961],
            [-83.467394999631424, 38.039601999981706],
            [-83.467437000362537, 38.039585000177674],
            [-83.467730000265519, 38.039432000348839],
            [-83.468126000100625, 38.039339999650466],
            [-83.468527999783518, 38.039244000028987],
            [-83.469002000334768, 38.039155000326403],
            [-83.469188999932513, 38.039101999768484],
            [-83.469584999767633, 38.038991999716231],
            [-83.470195999687917, 38.038889000276491],
            [-83.470856000012006, 38.038764999742178],
            [-83.471336000411029, 38.038571999862228],
            [-83.472650000313095, 38.038143000147421],
            [-83.473123000141101, 38.037982000260669],
            [-83.473462000074832, 38.037726000252462],
            [-83.473616000060602, 38.03757800011585],
            [-83.473900999567633, 38.037238999985689],
            [-83.47420699988939, 38.036896999792084],
            [-83.474452000111782, 38.036549000276942],
            [-83.474723000273428, 38.036200999815804],
            [-83.475022000024182, 38.035790999842689],
            [-83.47553099983719, 38.034950000165345],
            [-83.475556999776472, 38.034883999666782],
            [-83.475725000005966, 38.034631999917508],
            [-83.476026000304842, 38.034392999825947],
            [-83.476496999584725, 38.034091999657974],
            [-83.477532999652425, 38.033369999922833],
            [-83.477925000187909, 38.03311600034646],
            [-83.478083000371655, 38.03301400021298],
            [-83.478459999940213, 38.032676999768],
            [-83.478746000170474, 38.032364999748062],
            [-83.478870000019043, 38.031932999649179],
            [-83.478902999630989, 38.031529000101287],
            [-83.479044999921229, 38.03104199966883],
            [-83.479107999670404, 38.030611999898149],
            [-83.479178999815517, 38.030168000043396],
            [-83.479270000052111, 38.029696999909419],
            [-83.479318999557591, 38.029293999896673],
            [-83.479445999779202, 38.028793000227616],
            [-83.479480000114393, 38.028469000337523],
            [-83.479510000251622, 38.027699999915697],
            [-83.479496000007927, 38.027325999856352],
            [-83.479392000250854, 38.026967000177372],
            [-83.479248000310804, 38.026755999813332],
            [-83.479018999981946, 38.026573000296665],
            [-83.478484000229656, 38.026358999872237],
            [-83.477997999982861, 38.02621799998505],
            [-83.477650999653207, 38.026004999821623],
            [-83.477419999674524, 38.025888999900708],
            [-83.477165000304737, 38.025760999750446],
            [-83.476643999897817, 38.025646000038392],
            [-83.476526999721941, 38.025620000127716],
            [-83.475861000448404, 38.025545999895925],
            [-83.475381999874287, 38.025581000244344],
            [-83.47491700044219, 38.025757000206532],
            [-83.474536999602279, 38.025967999909476],
            [-83.474047000055833, 38.026268000322361],
            [-83.47384500038946, 38.026373000282852],
            [-83.473484999641045, 38.026686000222327],
            [-83.472908999880858, 38.027075000155428],
            [-83.472461999992106, 38.027392000088774],
            [-83.471975999745311, 38.027709000065812],
            [-83.471502000092386, 38.027982000082929],
            [-83.471175999679133, 38.028175000271752],
            [-83.470799999935508, 38.028344999851988],
            [-83.47034800002389, 38.02845299992147],
            [-83.469799999852796, 38.028593999752907],
            [-83.469656999737666, 38.028641000344038],
            [-83.469138999703802, 38.02881200010242],
            [-83.46881999986158, 38.028920000191064],
            [-83.468716999929413, 38.028955000342883],
            [-83.468514000438134, 38.029024000047315],
            [-83.467213999881466, 38.0295109997436],
            [-83.466582999869701, 38.029748999658295],
            [-83.466366999959646, 38.029846000234194],
            [-83.466039999721488, 38.030066000050439],
            [-83.465417999930565, 38.030428000284843],
            [-83.464572999658543, 38.030860000060812],
            [-83.462698000064933, 38.031740000162408],
            [-83.462427999728192, 38.031845999866448],
            [-83.462196999749509, 38.03193700027105],
            [-83.461535999600514, 38.032178000189951],
            [-83.460888999695229, 38.032329999810308],
            [-83.460406999646381, 38.032440999757405],
            [-83.460300000414563, 38.03246499978124],
            [-83.4595210002648, 38.032604000088831],
            [-83.457610999612754, 38.032825999691937],
            [-83.456860999775316, 38.032880000335133],
            [-83.456423999932298, 38.032794000051986],
            [-83.456166000189441, 38.032706000085618],
            [-83.455890000004928, 38.032553000037147],
            [-83.455647000330686, 38.032409999744488],
            [-83.455445999590907, 38.032143000162854],
            [-83.455209999589371, 38.031798000112929],
            [-83.454843000066546, 38.031241999673021],
            [-83.454691999555493, 38.030855000271231],
            [-83.454658000118627, 38.030669000215234],
            [-83.454610000438052, 38.030244000209422],
            [-83.454611000262958, 38.029843000035967],
            [-83.454739000309473, 38.029553999702166],
            [-83.454882000424604, 38.02938300026058],
            [-83.455091999588575, 38.02916799971343],
            [-83.455542999675288, 38.028844999910511],
            [-83.456176000235203, 38.028367999952188],
            [-83.456741000124708, 38.027968999835608],
            [-83.457401000448797, 38.027504000304347],
            [-83.457851999637185, 38.027193000054261],
            [-83.458240999799614, 38.026947999824031],
            [-83.458535000425798, 38.026839999658812],
            [-83.459069000353182, 38.026573000296665],
            [-83.459895000358614, 38.026129999902921],
            [-83.460359999790697, 38.025826999977454],
            [-83.460772000417677, 38.025538999965733],
            [-83.461140999590299, 38.025225000186396],
            [-83.461494999592631, 38.024934000239583],
            [-83.461738999990104, 38.024698000051714],
            [-83.462004000303978, 38.024553000188924],
            [-83.462364000154082, 38.024423999923442],
            [-83.462920999647693, 38.024269999654663],
            [-83.463267000152413, 38.024181000155863],
            [-83.463770000117648, 38.024020000008704],
            [-83.464719999971635, 38.023625999848655],
            [-83.465422000128513, 38.023386999938708],
            [-83.46615799972227, 38.023078999672009],
            [-83.466843000160708, 38.022771000233682],
            [-83.466853000206456, 38.022765999892059],
            [-83.467695000105394, 38.022274000275658],
            [-83.468153999689704, 38.022026999999383],
            [-83.468516999912865, 38.021749999968421],
            [-83.468681999769316, 38.0215110003086],
            [-83.468723999602119, 38.021424000179721],
            [-83.468800999595004, 38.021261999688839],
            [-83.468885000158906, 38.02079999991274],
            [-83.468921999968828, 38.020230000053822],
            [-83.468866999717264, 38.019646999698921],
            [-83.468789999724351, 38.019198000039282],
            [-83.468471999707035, 38.018882000019673],
            [-83.468347999858466, 38.018800000212948],
            [-83.468193999872682, 38.018698999945173],
            [-83.467806000433484, 38.018516000121409],
            [-83.467425999593573, 38.01840600029368],
            [-83.466952999765567, 38.018197000024507],
            [-83.466509000249872, 38.017908999747036],
            [-83.466387000051128, 38.017834000226273],
            [-83.466135000156044, 38.017682000254347],
            [-83.465760000237339, 38.017593999828513],
            [-83.465282000386424, 38.017494000020584],
            [-83.464775000223241, 38.017380000073125],
            [-83.464253999816322, 38.017205999811438],
            [-83.464174000348692, 38.017182999745948],
            [-83.463816999973318, 38.017081000076182],
            [-83.463407999719408, 38.016975000241189],
            [-83.46311499981644, 38.016996999658737],
            [-83.462815000240795, 38.017104000173681],
            [-83.462452000017635, 38.017247999912449],
            [-83.461908000044502, 38.017513999993113],
            [-83.46112899989474, 38.017774999841592],
            [-83.460947000319862, 38.017812000352244],
            [-83.460822999572983, 38.017837000208587],
            [-83.460490000385363, 38.01788999987572],
            [-83.459685000296332, 38.017888999882352],
            [-83.459036999667816, 38.017894999842348],
            [-83.458538999725434, 38.017858000081269],
            [-83.457997000300466, 38.017769999866772],
            [-83.456712999637304, 38.017583999853848],
            [-83.456618000101074, 38.017574999875528],
            [-83.456266999573472, 38.017529999967159],
            [-83.456196000326671, 38.017521999980602],
            [-83.456066999556924, 38.017509000000487],
            [-83.455874000111393, 38.017529999967159],
            [-83.45550599986538, 38.017586999846394],
            [-83.454956000044447, 38.017674000284323],
            [-83.454219999552393, 38.01788599990217],
            [-83.453672000279624, 38.018045000097722],
            [-83.453129000131412, 38.018254000092647],
            [-83.452469999632243, 38.018518000091021],
            [-83.451944000100781, 38.018721000260598],
            [-83.451553000288527, 38.018873000200706],
            [-83.451101000376894, 38.01904899999824],
            [-83.45068299990217, 38.019201999941224],
            [-83.450523000068586, 38.019291999800075],
            [-83.450432999656911, 38.019370999844604],
            [-83.450368000257896, 38.019534000240654],
            [-83.450321000402226, 38.019723000163481],
            [-83.450334999747611, 38.020285999995529],
            [-83.450339999770492, 38.020772999743862],
            [-83.45036599970976, 38.021282999995471],
            [-83.45041199974051, 38.021972999848138],
            [-83.450588000365926, 38.022484000170806],
            [-83.450755999697094, 38.023065999970044],
            [-83.450840000260996, 38.023563000217464],
            [-83.451114999722307, 38.025037000197251],
            [-83.451117000270443, 38.025047999758243],
            [-83.451272999906038, 38.025936000104274],
            [-83.451328000157616, 38.02649400023261],
            [-83.451509999732508, 38.027674000026295],
            [-83.451503000059816, 38.028079000168056],
            [-83.451447999808224, 38.028400999960283],
            [-83.45135699957163, 38.028601000098838],
            [-83.451112000247562, 38.029043999703404],
            [-83.450856000154516, 38.029423999914762],
            [-83.45063199984854, 38.029813000169398],
            [-83.450359999861988, 38.0302200001655],
            [-83.449907000125435, 38.030655999737192],
            [-83.449344999710647, 38.030914000030563],
            [-83.448720000444979, 38.031035000263756],
            [-83.448255000114585, 38.03102100003651],
            [-83.447737999905627, 38.030941000000496],
            [-83.447351000291349, 38.030875999951142],
            [-83.446720000279569, 38.030779999848967],
            [-83.445546000119592, 38.030639999798751],
            [-83.445080999789198, 38.030604999744384],
            [-83.444936000024242, 38.030599999937444],
            [-83.444443999929632, 38.030548999905655],
            [-83.443967999728571, 38.030560999874702],
            [-83.442526999604922, 38.03054499991557],
            [-83.441929999928334, 38.030536000113855],
            [-83.441192999611374, 38.03054499991557],
            [-83.440589000262108, 38.03059500013012],
            [-83.439902000173831, 38.030685999966089],
            [-83.439318000017735, 38.030776999688939],
            [-83.438642999625046, 38.030884999711027],
            [-83.4385270001724, 38.030920000339215],
            [-83.438416999669229, 38.030952999905331],
            [-83.438102000024955, 38.031037999705617],
            [-83.437512000021073, 38.03121799995607],
            [-83.436912999796377, 38.031478999816649],
            [-83.43643400012057, 38.031703000316334],
            [-83.436036999562219, 38.031934000158465],
            [-83.435655999795713, 38.032196000096285],
            [-83.43517399974688, 38.032593000247175],
            [-83.43481100042203, 38.032982999734976],
            [-83.434345000266717, 38.033446000304579],
            [-83.434011000355866, 38.03388300026171],
            [-83.433941999860579, 38.033974000258318],
            [-83.433853000172107, 38.034201000223675],
            [-83.433763999585338, 38.034432999738712],
            [-83.43350400019267, 38.034979000290591],
            [-83.433274999863812, 38.035693000313422],
            [-83.433181000152459, 38.036239999705749],
            [-83.433094000113826, 38.036679999892051],
            [-83.432898000295239, 38.037225999966175],
            [-83.432605000392286, 38.037645000033095],
            [-83.432160999978279, 38.038365999656442],
            [-83.432228999750336, 38.038674000038135],
            [-83.432298000245623, 38.038870000185447],
            [-83.432421000269287, 38.039027000008083],
            [-83.432747999609106, 38.039127000143239],
            [-83.433011000273169, 38.039206999728513],
            [-83.433372999773084, 38.039244999730911],
            [-83.434476999612869, 38.039536000137844],
            [-83.434859000102605, 38.039669000169738],
            [-83.436032000437677, 38.03986600017744],
            [-83.436476999778264, 38.039951999939227],
            [-83.437366000431226, 38.039915999689271],
            [-83.437995999719746, 38.039912000210663],
            [-83.438621999708644, 38.039914000303746],
            [-83.439205000039834, 38.040191999974191],
            [-83.439302000124201, 38.040321000065958],
            [-83.438926000380576, 38.040624999860547],
            [-83.438538000043053, 38.040820000058112],
            [-83.437929999597515, 38.041088000229863],
            [-83.43674999958975, 38.041721999835765],
            [-83.436393999937593, 38.041885999694976],
            [-83.4358170003525, 38.042346000187237],
            [-83.435481999718448, 38.042764000312474],
            [-83.435316999861996, 38.042781000085988],
            [-83.434440999627853, 38.042809000286951],
            [-83.43351699971312, 38.043027999720643],
            [-83.432952999648521, 38.04316499978605],
            [-83.43238299973612, 38.043394999913296],
            [-83.431520999745686, 38.043741999799252],
            [-83.431242999911333, 38.043874000335336],
            [-83.430818999588794, 38.044261999911583],
            [-83.43060299967874, 38.044665000341446],
            [-83.430140999721374, 38.045484000176899],
            [-83.430038999614126, 38.046023000306249],
            [-83.430478999830186, 38.046499000290659],
            [-83.430638999663742, 38.046788000261969],
            [-83.430637999838837, 38.046959000099434],
            [-83.430486000401189, 38.047067000312303],
            [-83.430291000407522, 38.047066000009742],
            [-83.429755999756921, 38.046913999845863],
            [-83.428861000154498, 38.046705999854872],
            [-83.428256999906921, 38.046581000222211],
            [-83.427943999912486, 38.046521000039718],
            [-83.427521000313178, 38.046390999947349],
            [-83.427049000310063, 38.046258999704456],
            [-83.426613000291979, 38.046065999767642],
            [-83.426354999650798, 38.045909999791498],
            [-83.425899000439529, 38.045620999891597],
            [-83.425552000109917, 38.045434999839763],
            [-83.425259000206935, 38.045312999724125],
            [-83.424860999823679, 38.045360000198677],
            [-83.424572000118687, 38.045495000204753],
            [-83.42437700012502, 38.04562400015098],
            [-83.424064000130571, 38.045916000286496],
            [-83.423680999815929, 38.046234000349756],
            [-83.423290000003675, 38.046501000203826],
            [-83.422991000252921, 38.046663000061862],
            [-83.422650999595973, 38.046836999693575],
            [-83.422129000262487, 38.047128000349005],
            [-83.421622000099291, 38.047356000163724],
            [-83.420884999782317, 38.047599000161973],
            [-83.419981999783971, 38.047796000057623],
            [-83.419683999858151, 38.047773999984273],
            [-83.418703999866935, 38.047578000324954],
            [-83.418266000199012, 38.047573000261821],
            [-83.418001999710057, 38.047857999778671],
            [-83.417738999944319, 38.047930999816508],
            [-83.416890000372661, 38.048013000266394],
            [-83.41635600044529, 38.047667999988271],
            [-83.416219000177946, 38.04722200035242],
            [-83.416172000322277, 38.046797000188931],
            [-83.415985999651127, 38.046012999967239],
            [-83.415805999726075, 38.045728000342478],
            [-83.415568999899605, 38.04551399999179],
            [-83.415286999867291, 38.045338000100699],
            [-83.414973999872842, 38.045275000040903],
            [-83.414397000287764, 38.045230000167109],
            [-83.414015999622947, 38.045155000315987],
            [-83.413557999863528, 38.045069000297872],
            [-83.413146999959793, 38.044947999903869],
            [-83.412717999614415, 38.044840999727931],
            [-83.412349000441779, 38.044698999709226],
            [-83.412218000022207, 38.044379999714167],
            [-83.412212000174435, 38.044248999723855],
            [-83.412212999999326, 38.043739999810732],
            [-83.412270999725664, 38.043448999838439],
            [-83.412314000281668, 38.042846999835056],
            [-83.412209999626299, 38.042398000153391],
            [-83.41208599977773, 38.042028999880671],
            [-83.41181700016422, 38.041713999660672],
            [-83.411289999909513, 38.041014000058709],
            [-83.410841000370951, 38.040611999734587],
            [-83.410479999797602, 38.040305000116277],
            [-83.410049999627304, 38.039921999967987],
            [-83.40975199970147, 38.03968300015903],
            [-83.409170000093525, 38.039359000327138],
            [-83.408852000076195, 38.039196000171039],
            [-83.40838000007308, 38.039019000246029],
            [-83.407865000412286, 38.039094000014671],
            [-83.407287999928883, 38.039265000133817],
            [-83.406523000022801, 38.039571000169637],
            [-83.406466999946318, 38.039695000046699],
            [-83.406513999801987, 38.039953000338983],
            [-83.406686000229428, 38.040503000220241],
            [-83.406985999805102, 38.040921000253825],
            [-83.407523999930433, 38.041678000276939],
            [-83.407764000129944, 38.042005000160934],
            [-83.407937000382304, 38.042261999728566],
            [-83.408118999957182, 38.042970000173426],
            [-83.407645000304271, 38.043518999682156],
            [-83.406834000367425, 38.044810000011402],
            [-83.40639300032646, 38.044981000224055],
            [-83.405877999767355, 38.044902000204438],
            [-83.40551200006945, 38.044561999684241],
            [-83.403598999942687, 38.040742000182917],
            [-83.402772000112336, 38.039491999972988],
            [-83.40198200009192, 38.038914000016447],
            [-83.401535000203182, 38.038913000310011],
            [-83.401315999920058, 38.03895099975739],
            [-83.400008999690684, 38.039217999991905],
            [-83.399858999902875, 38.039179000272753],
            [-83.399755999970708, 38.03915399991574],
            [-83.399350000089839, 38.039050000291766],
            [-83.398662000176657, 38.038875000135391],
            [-83.39719099991575, 38.039797999767792],
            [-83.396575999797506, 38.040617000273102],
            [-83.396145999627208, 38.040771000137148],
            [-83.395954000006597, 38.040954000266595],
            [-83.395436999797639, 38.041648999974406],
            [-83.395189000100515, 38.042047999859626],
            [-83.395153000115528, 38.042104999766821],
            [-83.39509600021411, 38.042526000239185],
            [-83.395102999886802, 38.042905000187183],
            [-83.396056999938764, 38.04562400015098],
            [-83.395912000173809, 38.045812999974288],
            [-83.395440000170694, 38.046121999768701],
            [-83.39435200022443, 38.046795999882669],
            [-83.393603000211897, 38.047151999804434],
            [-83.392063000354028, 38.047833999847256],
            [-83.391818999956556, 38.048082999991124],
            [-83.391629999810675, 38.048378999946777],
            [-83.391567000061485, 38.048590000274324],
            [-83.391531000076469, 38.048708000175594],
            [-83.391516999832774, 38.04875400031338],
            [-83.391382999938457, 38.049371999946331],
            [-83.390757999774479, 38.050162999974141],
            [-83.390665999712979, 38.050601999720392],
            [-83.390645999621498, 38.051010999991256],
            [-83.390696999675114, 38.051747000331424],
            [-83.390170000318747, 38.053747999811421],
            [-83.389905000004873, 38.054569000293895],
            [-83.389689000094819, 38.054715999842436],
            [-83.389411000260452, 38.054725000209402],
            [-83.388929000211618, 38.054562000308017],
            [-83.388314000093374, 38.054020000178028],
            [-83.387684999731434, 38.053821000341898],
            [-83.387312000360851, 38.053952999682224],
            [-83.386923000198408, 38.054224999994375],
            [-83.386652999861681, 38.054298000049151],
            [-83.386508000096725, 38.054337999699435],
            [-83.386190000079409, 38.054167000121815],
            [-83.385503999816052, 38.053681999986139],
            [-83.384414000219977, 38.0526709999193],
            [-83.383358999885687, 38.051461999684996],
            [-83.383069000355775, 38.051078999890848],
            [-83.382916000194896, 38.05091300031615],
            [-83.382798000194128, 38.050851000352864],
            [-83.382501000093214, 38.05070599991425],
            [-83.382229000106634, 38.050665999693912],
            [-83.382019000044366, 38.050704999661413],
            [-83.381110000198248, 38.051114000064231],
            [-83.380670999807109, 38.051365999686553],
            [-83.380461999569746, 38.051549000215928],
            [-83.380423000109985, 38.051669000071179],
            [-83.38045400007212, 38.051854999847123],
            [-83.3805300002401, 38.052140999903983],
            [-83.380639000020054, 38.052409999894849],
            [-83.380827000341029, 38.052731000012848],
            [-83.38113100011465, 38.053178000258434],
            [-83.381441999560948, 38.053656000124384],
            [-83.382017000394541, 38.054417000147033],
            [-83.382403000183928, 38.054986999954167],
            [-83.382636999637342, 38.055553000234738],
            [-83.382747999965417, 38.055948000014297],
            [-83.382870999989052, 38.056366000286971],
            [-83.382882999684625, 38.056758000119792],
            [-83.382849000247745, 38.057126999718463],
            [-83.382672999622343, 38.05757199967718],
            [-83.382531000230443, 38.058035999832946],
            [-83.382308999574263, 38.058524999993068],
            [-83.382189999748576, 38.058718999761673],
            [-83.382132999847173, 38.058969999938803],
            [-83.382091999839304, 38.059224999800755],
            [-83.381951000272295, 38.05964399987726],
            [-83.38187299955618, 38.059974999944743],
            [-83.381424999842523, 38.061316999916777],
            [-83.3813670001162, 38.061554000329465],
            [-83.381320000260544, 38.061737000140788],
            [-83.381137999787327, 38.061929999782201],
            [-83.381018999961654, 38.062065000350195],
            [-83.380844000059483, 38.062150000108488],
            [-83.380635999647026, 38.062152999690454],
            [-83.3805799995705, 38.062135000075131],
            [-83.380476999638333, 38.062102999804999],
            [-83.380206000375011, 38.061994999851002],
            [-83.379726999800909, 38.061765000164328],
            [-83.379243000102235, 38.061487999763436],
            [-83.378597000021855, 38.061149000000931],
            [-83.378084000010858, 38.060907999944966],
            [-83.377535999839779, 38.060598000205459],
            [-83.376892000307535, 38.060267000126736],
            [-83.376642000062276, 38.060130999654064],
            [-83.376390999992125, 38.059995000343157],
            [-83.376099999738997, 38.059864000003465],
            [-83.375704999728768, 38.059722000126307],
            [-83.375160999755636, 38.05956899994024],
            [-83.374927000302236, 38.059503999838334],
            [-83.374721000437901, 38.059389000060719],
            [-83.37446899964452, 38.05927400010237],
            [-83.374174999916647, 38.05917399989945],
            [-83.374099999573573, 38.059161000237921],
            [-83.374014000258157, 38.059146999729286],
            [-83.373691000217974, 38.059263000023108],
            [-83.373414000208541, 38.059331000036678],
            [-83.373039000289822, 38.059381999828567],
            [-83.372836999725138, 38.059394000024049],
            [-83.372614999967297, 38.059333999734157],
            [-83.372578999982281, 38.059323999798977],
            [-83.372426999646308, 38.059336000003981],
            [-83.372204999888453, 38.059396999718999],
            [-83.37192899970394, 38.059443000212511],
            [-83.371699000448473, 38.05944900030552],
            [-83.371470999944535, 38.059509999926348],
            [-83.371198000133063, 38.059802999970458],
            [-83.371044000147265, 38.060275999811104],
            [-83.370880000115747, 38.060829000138298],
            [-83.370700000190681, 38.061724000227272],
            [-83.370670999878357, 38.061872999750513],
            [-83.370624000022715, 38.062127000008921],
            [-83.370629999870488, 38.062356999972316],
            [-83.370633000243529, 38.062488000092671],
            [-83.370637000441491, 38.062551000191192],
            [-83.370630999695393, 38.062961000259456],
            [-83.370650999786889, 38.063357999821612],
            [-83.370709000411523, 38.063544999674363],
            [-83.37128400034679, 38.064031999657495],
            [-83.37163099977812, 38.06435599992308],
            [-83.37180300020556, 38.064649999721311],
            [-83.371820999748905, 38.064898999947168],
            [-83.371764999672408, 38.065239000071465],
            [-83.371658000440604, 38.065573999782224],
            [-83.37154799993742, 38.066470999900062],
            [-83.371573999876702, 38.066824000215526],
            [-83.371732000060447, 38.067647999757021],
            [-83.371886999871151, 38.068125999879108],
            [-83.371962000214211, 38.068498000174323],
            [-83.37188299967319, 38.068827999788226],
            [-83.371820999748905, 38.069258000030366],
            [-83.371443000355441, 38.069510000119237],
            [-83.371368000012367, 38.069559999893357],
            [-83.371229000095184, 38.069512000110841],
            [-83.371082999607026, 38.069461000307477],
            [-83.370550000402858, 38.069278000013014],
            [-83.369665999772792, 38.068670000218852],
            [-83.368450999604917, 38.067930000263033],
            [-83.367519000192601, 38.067431999792859],
            [-83.366877000310183, 38.067235999731928],
            [-83.366093000137539, 38.066933000145085],
            [-83.364845000357718, 38.066524999776185],
            [-83.363963000275788, 38.066231999773386],
            [-83.363293999730871, 38.066116999960911],
            [-83.362542000243607, 38.065953999972386],
            [-83.361733999781521, 38.065847000090578],
            [-83.361108999617556, 38.065823999738619],
            [-83.36043999997095, 38.065766999911453],
            [-83.359803000111398, 38.065739000004854],
            [-83.359091999733707, 38.06570699989647],
            [-83.358181000237764, 38.065697000124977],
            [-83.357783999679413, 38.065923000002911],
            [-83.357478000255981, 38.066096999821326],
            [-83.35732199972206, 38.066186000011534],
            [-83.357175000307279, 38.066269999893059],
            [-83.356571999884608, 38.06674499972388],
            [-83.356509999960323, 38.066793999940415],
            [-83.355812000001407, 38.066961000301923],
            [-83.354867999995193, 38.067062999822738],
            [-83.354354000159304, 38.067036999764262],
            [-83.353920999615951, 38.067014999816315],
            [-83.353303000022976, 38.066936000238165],
            [-83.353143000189405, 38.066914000259906],
            [-83.352786999638937, 38.066804000269215],
            [-83.352335999552238, 38.066502000344641],
            [-83.35204000017454, 38.0661870000528],
            [-83.351952000310988, 38.065999999880113],
            [-83.351888999663473, 38.065866000252861],
            [-83.351738999875664, 38.065569000241162],
            [-83.351651999837031, 38.065319000120667],
            [-83.351477999759751, 38.064893999652718],
            [-83.351261999849683, 38.064901000064879],
            [-83.35107699990175, 38.065043999850175],
            [-83.350547000172341, 38.065789000234631],
            [-83.35002199956746, 38.06645299993253],
            [-83.349581000424806, 38.06712800028221],
            [-83.349547999914549, 38.067708000301785],
            [-83.349198999935069, 38.067980999719332],
            [-83.348211000446256, 38.067945999832808],
            [-83.347183999701059, 38.06799499995212],
            [-83.346751000056017, 38.068034999895325],
            [-83.34616100005212, 38.068117999760716],
            [-83.346065999617579, 38.068140000084149],
            [-83.345920999852623, 38.06815800034385],
            [-83.345139000228116, 38.068368000217703],
            [-83.344693000164284, 38.068683000312646],
            [-83.344166999734512, 38.068775000203431],
            [-83.343631999982222, 38.06882999979846],
            [-83.343384000285099, 38.068931000245833],
            [-83.342970999833227, 38.06917400004356],
            [-83.342833999565869, 38.069322999953954],
            [-83.342728000158985, 38.069479000242133],
            [-83.342790000083255, 38.069655000077219],
            [-83.343333000231453, 38.07015900018768],
            [-83.343801999861526, 38.070424999769266],
            [-83.345120999786459, 38.071214000030224],
            [-83.345754000346346, 38.071679999888545],
            [-83.346014999563963, 38.071877000028486],
            [-83.34611599984629, 38.072056000341746],
            [-83.346145000158614, 38.07220999983403],
            [-83.346090999731942, 38.07233500024892],
            [-83.345653000064004, 38.072702999839748],
            [-83.344714000080671, 38.073197000003866],
            [-83.344397999713195, 38.073375999915498],
            [-83.344144000168299, 38.073547999805065],
            [-83.343929000083122, 38.073997000052884],
            [-83.343903000143868, 38.074148999836723],
            [-83.343918000212469, 38.074657999725204],
            [-83.343965999893044, 38.075101999926595],
            [-83.3440189995965, 38.075432000155303],
            [-83.344010000273997, 38.075719999819555],
            [-83.343902000318948, 38.076271000286575],
            [-83.343514999806345, 38.076879999732107],
            [-83.343236000147087, 38.077240999853011],
            [-83.343137000412895, 38.077528000285831],
            [-83.343036000130553, 38.077819999710684],
            [-83.342970999833227, 38.078116000310928],
            [-83.342765999793798, 38.078256999967735],
            [-83.342655000364033, 38.07833500017265],
            [-83.342222999645585, 38.078205000020652],
            [-83.34170399978683, 38.078013000058796],
            [-83.341262999745865, 38.078175000170333],
            [-83.340928999835, 38.078651000350881],
            [-83.340733000016428, 38.079391999895755],
            [-83.34069399965837, 38.079448999712945],
            [-83.340507999885546, 38.079717999726711],
            [-83.340167000301989, 38.080121999938726],
            [-83.340019000163991, 38.080447000204494],
            [-83.340009000118258, 38.080599999862201],
            [-83.339865000178207, 38.08083799987191],
            [-83.339377000281573, 38.081209999862494],
            [-83.33911600016566, 38.081380000045534],
            [-83.338915000324221, 38.08150299997309],
            [-83.338682999622307, 38.081670999815806],
            [-83.338002000280156, 38.082139999690838],
            [-83.337617000315689, 38.082375999997865],
            [-83.337620999615325, 38.083052000292703],
            [-83.337822000355089, 38.083540000315558],
            [-83.338307999703574, 38.084396999849545],
            [-83.338509000443338, 38.084736999849149],
            [-83.338573999842353, 38.084945999710968],
            [-83.338619999873131, 38.085182000152756],
            [-83.338805999645956, 38.085392999713946],
            [-83.339074000332872, 38.085764000089576],
            [-83.339122999838366, 38.086310000286474],
            [-83.339034000149894, 38.086861000148048],
            [-83.338651999660158, 38.087232000144482],
            [-83.337938999632627, 38.087461999654245],
            [-83.337680999889784, 38.087850999791186],
            [-83.337582000155564, 38.087987000343098],
            [-83.337526999903986, 38.088089000237481],
            [-83.3374289999947, 38.088166999852788],
            [-83.336193999735357, 38.0883629996789],
            [-83.335872000418391, 38.088413999735124],
            [-83.335608999754356, 38.088456000004193],
            [-83.335390000369557, 38.088490999974333],
            [-83.335105999789093, 38.088531999756434],
            [-83.33489200042716, 38.088627999777074],
            [-83.334713000327028, 38.088754000143084],
            [-83.33459500032626, 38.088834999657685],
            [-83.33451300031048, 38.088891999890762],
            [-83.334068999896473, 38.088886999822492],
            [-83.333929999979304, 38.088501000164698],
            [-83.333806999955655, 38.088161999734922],
            [-83.333637999901256, 38.087511999882302],
            [-83.333656000342927, 38.087298000108589],
            [-83.333678999909139, 38.087045999796572],
            [-83.333987999705613, 38.086374999903597],
            [-83.33407499974426, 38.086187999728615],
            [-83.334088000163064, 38.085984000149175],
            [-83.334114000102318, 38.08557699976582],
            [-83.334130999820744, 38.085095999798391],
            [-83.334139000216666, 38.084859999786069],
            [-83.334143000414628, 38.084698000343323],
            [-83.334155999935106, 38.084245000153466],
            [-83.33364799994699, 38.08411199980668],
            [-83.333217999776679, 38.084201999791404],
            [-83.332590000137984, 38.084051999991061],
            [-83.331754000086804, 38.084318999747246],
            [-83.331282999908609, 38.084565000113528],
            [-83.3310789996941, 38.084672000189805],
            [-83.330399000176854, 38.085263000089824],
            [-83.33013399986298, 38.0853469999822],
            [-83.329598000285785, 38.08551699973831],
            [-83.32911000038915, 38.085595999752506],
            [-83.328891999930931, 38.085630999677782],
            [-83.328775999579975, 38.085649999650428],
            [-83.328390999615507, 38.08571300030583],
            [-83.327944999551676, 38.085636999744104],
            [-83.327846999642389, 38.08559100016587],
            [-83.327777000220507, 38.085557999774259],
            [-83.327732000014663, 38.085537000224321],
            [-83.327595999572239, 38.085473000346795],
            [-83.32743900011171, 38.085264999650697],
            [-83.327263000384619, 38.085075000115793],
            [-83.327070999865668, 38.084875000109129],
            [-83.326786000358638, 38.084793999742139],
            [-83.326319000378405, 38.084775000254169],
            [-83.326006000383956, 38.08477399975996],
            [-83.325596000305126, 38.084815000212529],
            [-83.325177999830387, 38.08515399990052],
            [-83.324715000048116, 38.085379999761969],
            [-83.324494999940086, 38.085489000321395],
            [-83.324305999794205, 38.085560999810475],
            [-83.323941999746125, 38.085699999703643],
            [-83.323139000205217, 38.085878000350959],
            [-83.322810000317247, 38.086205999788952],
            [-83.322312000374879, 38.086325000312023],
            [-83.321786999770026, 38.08654299986469],
            [-83.32143600014075, 38.086806999730541],
            [-83.321308999919125, 38.087545999848182],
            [-83.321081000313498, 38.088097000292535],
            [-83.320760999748046, 38.088510999646722],
            [-83.32040900029385, 38.088746999892749],
            [-83.320386999654232, 38.088749000065384],
            [-83.319619000273434, 38.088852999773316],
            [-83.318972000368149, 38.088756000315477],
            [-83.318554999718316, 38.088703000324124],
            [-83.318296000150525, 38.088640000124258],
            [-83.317957000216822, 38.088706000231284],
            [-83.317511999977896, 38.088791999874182],
            [-83.317311000136442, 38.088825999951723],
            [-83.317064000264239, 38.088738000175951],
            [-83.316932999844667, 38.088597999960911],
            [-83.316835999760286, 38.088549999946679],
            [-83.316655000010329, 38.088594000314423],
            [-83.316676999751635, 38.088733999830147],
            [-83.316554999552906, 38.08885200004196],
            [-83.316336999992998, 38.088799999852249],
            [-83.31612100008293, 38.088680000089134],
            [-83.315916999868435, 38.088520999834408],
            [-83.315675000019112, 38.088166000112032],
            [-83.314983999732888, 38.087941999866182],
            [-83.314390000429356, 38.088207000076416],
            [-83.313946000015349, 38.088746999892749],
            [-83.313354000361642, 38.089092999948662],
            [-83.31275199976389, 38.089237000241297],
            [-83.31266899992319, 38.08925699970959],
            [-83.31226300004235, 38.089550000095365],
            [-83.311946999674859, 38.089967999983415],
            [-83.311400000226982, 38.08983399972481],
            [-83.311025000308263, 38.089915000163728],
            [-83.310697000245199, 38.090037000157913],
            [-83.310133000180585, 38.090374999959188],
            [-83.309667000025271, 38.090648000316456],
            [-83.30931200019802, 38.090745000091744],
            [-83.308410999849528, 38.090829999752557],
            [-83.307701000195038, 38.090857000247937],
            [-83.307113999665901, 38.090950999930975],
            [-83.306848000425447, 38.090943000188261],
            [-83.306593999982226, 38.090848999787973],
            [-83.306348999759834, 38.090805999775135],
            [-83.305937000031193, 38.090629999935864],
            [-83.305696999831682, 38.090321000016353],
            [-83.305311999867214, 38.089952999998324],
            [-83.3050299998349, 38.089835999867638],
            [-83.304655999741101, 38.089770000073877],
            [-83.304023999904416, 38.089800000116085],
            [-83.303597000107146, 38.089890000168758],
            [-83.303370000326439, 38.090067999805306],
            [-83.303245999579559, 38.090396999950642],
            [-83.303055999608759, 38.090629999935864],
            [-83.302935000133246, 38.090702999723796],
            [-83.302641000405373, 38.090778999967924],
            [-83.302454999734223, 38.090889999661513],
            [-83.302354000350206, 38.0909910000452],
            [-83.301924000179895, 38.091161999809614],
            [-83.301724999988267, 38.091304000165863],
            [-83.301519000123932, 38.091477999698405],
            [-83.300898000157915, 38.091714999955727],
            [-83.300195000176132, 38.092106999852128],
            [-83.299219000382877, 38.092400000125934],
            [-83.298990999878939, 38.092487999735098],
            [-83.298904999665211, 38.092535999991405],
            [-83.298856999984636, 38.092562000176045],
            [-83.298812999603683, 38.092586000283838],
            [-83.298753000227549, 38.092763999718052],
            [-83.298824000372662, 38.093176000161478],
            [-83.298785000014604, 38.093692999961576],
            [-83.29888399974881, 38.093898999976162],
            [-83.299098999833959, 38.094175999945357],
            [-83.299164000131285, 38.094402999849457],
            [-83.299122000298482, 38.094744000330017],
            [-83.299139999841842, 38.0950649999319],
            [-83.299405999980621, 38.095704000234953],
            [-83.299448999638329, 38.09614199998348],
            [-83.299559999966405, 38.096662999923367],
            [-83.299671000294495, 38.096999999862952],
            [-83.300098999916671, 38.097513000318017],
            [-83.300067999954521, 38.09765200010655],
            [-83.299910999595681, 38.097930999911441],
            [-83.299861000265295, 38.098163999915421],
            [-83.299871000311029, 38.0984889998604],
            [-83.299632999761357, 38.098971999959957],
            [-83.299596999776341, 38.099124999729646],
            [-83.299507000262963, 38.099517000177435],
            [-83.299334000010589, 38.099687999787925],
            [-83.298692000128185, 38.099861000280661],
            [-83.298293999744928, 38.09986199986146],
            [-83.297609000204801, 38.099704999768718],
            [-83.296902000025042, 38.099660000143679],
            [-83.295918999660785, 38.099692000241205],
            [-83.295438000335167, 38.099780000260324],
            [-83.294947000065477, 38.099910000223218],
            [-83.294475000062377, 38.100133000267959],
            [-83.29415500039525, 38.100356999913096],
            [-83.293938999586871, 38.100629999745145],
            [-83.293556000170526, 38.101438000091647],
            [-83.29346099973597, 38.101558000115958],
            [-83.293363999651604, 38.101682999843398],
            [-83.29314600009171, 38.101784999711377],
            [-83.292704000225825, 38.101901000247544],
            [-83.292313000413586, 38.101884000070797],
            [-83.291403999669157, 38.101532000304161],
            [-83.290831000282026, 38.101500000305563],
            [-83.290448999792289, 38.101492000303708],
            [-83.289982999636962, 38.101558999673529],
            [-83.289325999685943, 38.101771999846996],
            [-83.288836000139483, 38.101901000247544],
            [-83.288573000373759, 38.101991999795771],
            [-83.288189000234198, 38.101975000347103],
            [-83.287889999585147, 38.101969999760023],
            [-83.287523999887242, 38.102016999892641],
            [-83.287379999947206, 38.102139000186071],
            [-83.287326000418844, 38.102249000044182],
            [-83.287242999679862, 38.102336999811435],
            [-83.287144999770575, 38.102369999696862],
            [-83.287004000203567, 38.10227099999593],
            [-83.286801999638882, 38.102169999648709],
            [-83.286601999622349, 38.10212699993442],
            [-83.286364999795893, 38.102161000170938],
            [-83.286075000265981, 38.102281999969343],
            [-83.285867999678416, 38.102378999855794],
            [-83.285688999578284, 38.102462999872074],
            [-83.285587000369347, 38.102591000216108],
            [-83.28553399976758, 38.102724000164834],
            [-83.285558999881943, 38.103112000125343],
            [-83.285554999683981, 38.103387000039341],
            [-83.285485000262099, 38.103870999805707],
            [-83.285208000252652, 38.104370999982876],
            [-83.284747999945111, 38.104743999902603],
            [-83.284147999895481, 38.105017999818642],
            [-83.283879000281985, 38.105310999930765],
            [-83.283758999733081, 38.10547399984636],
            [-83.283365000446068, 38.105570000233556],
            [-83.28291799965902, 38.105623000010425],
            [-83.28258999959597, 38.105720999909991],
            [-83.282065999714334, 38.10610500011061],
            [-83.281762999765618, 38.106316000062904],
            [-83.281735000176525, 38.106334000114408],
            [-83.281464999839784, 38.106505000028754],
            [-83.28122999966314, 38.106578000217503],
            [-83.280969000445538, 38.106661000159548],
            [-83.28004899983047, 38.106748000074198],
            [-83.279240000441803, 38.106907000259852],
            [-83.278536999561695, 38.107289999695276],
            [-83.278000000159579, 38.107236999714097],
            [-83.277415000178564, 38.107263999802655],
            [-83.277020000168363, 38.107385999816699],
            [-83.276701000326128, 38.10766499991734],
            [-83.276358000194449, 38.107938000010485],
            [-83.276030000131385, 38.108477000189154],
            [-83.275784000084101, 38.108666999679109],
            [-83.274932999964307, 38.109269999727921],
            [-83.274726000275081, 38.109466999662644],
            [-83.274597000403631, 38.109696999882921],
            [-83.274414000105537, 38.11001499979367],
            [-83.274415999755362, 38.110123999662314],
            [-83.274410999732481, 38.110317000249886],
            [-83.274323999693863, 38.110670000239594],
            [-83.27415499963945, 38.110962000165244],
            [-83.273942999927343, 38.111206999785637],
            [-83.273496000038591, 38.111566999900631],
            [-83.272968999783899, 38.11189299972262],
            [-83.271099000213155, 38.112698000274492],
            [-83.269261000429452, 38.113328000233352],
            [-83.268011000101495, 38.113693999672755],
            [-83.267154000133914, 38.114145000211529],
            [-83.266893999842921, 38.114234999966925],
            [-83.266420000189996, 38.114315000127554],
            [-83.265704999614343, 38.114387000197219],
            [-83.265316000350211, 38.11450900032991],
            [-83.265015999876255, 38.114662000075036],
            [-83.263972000310929, 38.115453000167768],
            [-83.263289000420627, 38.115386000111378],
            [-83.263180999567282, 38.115617000141384],
            [-83.262871999770795, 38.116246999657768],
            [-83.26271299976213, 38.116394999695949],
            [-83.262512999745596, 38.116506000057804],
            [-83.262354999561836, 38.116549999848907],
            [-83.262224000040604, 38.116593000261688],
            [-83.262090000146301, 38.116633999826291],
            [-83.261955000427079, 38.11667999965514],
            [-83.261931999962542, 38.116684999942102],
            [-83.261628000188921, 38.116755999739162],
            [-83.261346000156607, 38.116923999830135],
            [-83.261162999858513, 38.117093000293124],
            [-83.261023999941358, 38.11729599991822],
            [-83.260979999560419, 38.117501999824349],
            [-83.260967999864832, 38.11770399968259],
            [-83.261049999880598, 38.118873000067723],
            [-83.260951000146406, 38.119355999685148],
            [-83.260767999848312, 38.119625999848189],
            [-83.260494000211921, 38.119845999740214],
            [-83.260130999988746, 38.120037000056563],
            [-83.259749000397335, 38.120146999819653],
            [-83.259300999785367, 38.120073999764067],
            [-83.259212000096909, 38.120147999829562],
            [-83.25445600008085, 38.124070999821981],
            [-83.254411999699926, 38.124106999649683],
            [-83.25421900025438, 38.124266000207484],
            [-83.253559999755211, 38.124809999754554],
            [-83.253393000248948, 38.124947999956433],
            [-83.253394999898788, 38.125223000343766],
            [-83.253213000323896, 38.12563999974892],
            [-83.252946000360211, 38.125960999991854],
            [-83.252628000342881, 38.126217000076522],
            [-83.252389999793209, 38.126758000167627],
            [-83.252178999905993, 38.126905000184117],
            [-83.251788000093754, 38.12702699989611],
            [-83.251362000121404, 38.127125999964363],
            [-83.250983999829629, 38.12724899992638],
            [-83.250643000246114, 38.127377999853451],
            [-83.250052000417298, 38.127718999768135],
            [-83.249809999669665, 38.127878000232364],
            [-83.249662000429964, 38.128107999708924],
            [-83.24944300014684, 38.128689999780519],
            [-83.249380000397665, 38.129012999815288],
            [-83.249162999764366, 38.129308000247804],
            [-83.248777999799898, 38.129638000241073],
            [-83.247928000403348, 38.130150999741588],
            [-83.247263999881298, 38.13040000017881],
            [-83.246538000333288, 38.130530000058222],
            [-83.245725999673255, 38.130567000101138],
            [-83.244966999614974, 38.130546999927489],
            [-83.244610999962831, 38.13052300027713],
            [-83.244221999800388, 38.130470000197008],
            [-83.243405000015784, 38.13025900006955],
            [-83.242628000414157, 38.130305999665183],
            [-83.242108999657063, 38.130473999671104],
            [-83.241779999769093, 38.130662000144596],
            [-83.241645999874791, 38.130731999911539],
            [-83.241366000390627, 38.130878999698176],
            [-83.24082499989224, 38.131109000318304],
            [-83.240091999773213, 38.131341999783523],
            [-83.239788999824526, 38.131642999811191],
            [-83.239242000376677, 38.132097999813652],
            [-83.238873000305716, 38.132184999811003],
            [-83.238305999868061, 38.132139999703476],
            [-83.237800000428081, 38.131985000141427],
            [-83.237232000165505, 38.131934999961764],
            [-83.236935999889496, 38.131975000249589],
            [-83.23660100015374, 38.132113000332239],
            [-83.236330999817, 38.132247999914902],
            [-83.235943000377802, 38.132491999647186],
            [-83.234816000073479, 38.132874000033951],
            [-83.234509999751737, 38.132896999782581],
            [-83.2342679999024, 38.13289800032446],
            [-83.234024000403252, 38.132727999863199],
            [-83.233754999891417, 38.132561999778893],
            [-83.233544000004215, 38.132533000176586],
            [-83.233128000077613, 38.132622999879295],
            [-83.232560999639944, 38.132731000082586],
            [-83.232377000415255, 38.132679000030862],
            [-83.232182000421588, 38.13258799985109],
            [-83.232009999994119, 38.132374999802067],
            [-83.231804999954704, 38.131813999823308],
            [-83.231659000364857, 38.131697000304591],
            [-83.231438000431908, 38.131617999961783],
            [-83.230922000047869, 38.131542999655608],
            [-83.230323999648078, 38.131541999801776],
            [-83.22957299998572, 38.13162600019718],
            [-83.22886400015615, 38.131728999792998],
            [-83.227044999740698, 38.131453999889516],
            [-83.226535999927663, 38.131356999750899],
            [-83.225873000128871, 38.131146000067716],
            [-83.2254749997456, 38.131142999783187],
            [-83.224950999863964, 38.131329000233222],
            [-83.224006999857764, 38.131726000238999],
            [-83.223538000227691, 38.131845999967041],
            [-83.223317000294756, 38.131870999738311],
            [-83.222950999698554, 38.131912999758804],
            [-83.222441999885518, 38.132072000273467],
            [-83.222126000416338, 38.132364000120994],
            [-83.222000999844553, 38.132498999946023],
            [-83.221781999561443, 38.132995999662256],
            [-83.221634000321757, 38.133420000097416],
            [-83.221511000298108, 38.134054999845112],
            [-83.221641999819354, 38.134451999861561],
            [-83.221620999902953, 38.134995999812048],
            [-83.221498999704224, 38.135274999712372],
            [-83.221292000014998, 38.135560999964376],
            [-83.220859000369941, 38.135781999680503],
            [-83.220624000193297, 38.135881999680571],
            [-83.220436999697228, 38.136075000021115],
            [-83.220426999651494, 38.136159999935977],
            [-83.220498999621512, 38.136324000032232],
            [-83.220801999570213, 38.136674000013194],
            [-83.220883999585979, 38.136768999879877],
            [-83.220968999974801, 38.136993000221324],
            [-83.220943000035518, 38.137175999857476],
            [-83.220835999905404, 38.137352999682861],
            [-83.220696999988235, 38.137491999967288],
            [-83.220505000367623, 38.137685000289139],
            [-83.220539999629395, 38.137838999989434],
            [-83.220585999660159, 38.138011000087225],
            [-83.22064900030766, 38.138441000324285],
            [-83.2206660000261, 38.138712000313937],
            [-83.220490000298994, 38.138968000190602],
            [-83.220243000426805, 38.139379000313845],
            [-83.220172000281693, 38.140524999668074],
            [-83.220111000182314, 38.140738999680131],
            [-83.219966000417358, 38.140923999970525],
            [-83.219578000079849, 38.14131199975867],
            [-83.21950000026203, 38.141476000286985],
            [-83.219269000283361, 38.14197300033463],
            [-83.219085000160348, 38.142454000315745],
            [-83.21883599973998, 38.143067000209584],
            [-83.218629000050754, 38.143636999897005],
            [-83.218583000020004, 38.143951000212184],
            [-83.218649999967155, 38.144138000198765],
            [-83.218804999777859, 38.144431000192448],
            [-83.218877999572783, 38.144599999856226],
            [-83.218871999724996, 38.144757000229859],
            [-83.218825999694246, 38.144897000210555],
            [-83.218366000285044, 38.146281999647911],
            [-83.218414999790525, 38.146471999672286],
            [-83.21849199978341, 38.14670500024625],
            [-83.218752999899323, 38.147001000159882],
            [-83.218983000053086, 38.147192999709851],
            [-83.219316999963922, 38.147366000001135],
            [-83.219767000225744, 38.147573999804152],
            [-83.21982900015, 38.14769299997829],
            [-83.219854000264363, 38.147819999831299],
            [-83.219891000074298, 38.148050999670183],
            [-83.220016999572678, 38.148798000297752],
            [-83.219982000310878, 38.148914000334123],
            [-83.219563000011235, 38.14932000006835],
            [-83.219305000268378, 38.149617999886381],
            [-83.219174999673726, 38.150316000009525],
            [-83.219055000023104, 38.150532999753459],
            [-83.218951000266046, 38.15066499968556],
            [-83.218813000173768, 38.150795000198713],
            [-83.218435999706912, 38.151013000223962],
            [-83.217849999900992, 38.151282000267585],
            [-83.217679000196767, 38.151389000116851],
            [-83.217343999562701, 38.152018000051207],
            [-83.217063000253631, 38.152621999788401],
            [-83.217182000079319, 38.152959000064158],
            [-83.217247000376645, 38.153191000139259],
            [-83.217234999782761, 38.153672000327866],
            [-83.217249000026456, 38.153979000181984],
            [-83.217242000353764, 38.154190000243553],
            [-83.217196000323014, 38.154369000259074],
            [-83.217084999994938, 38.154576999871267],
            [-83.217039999789094, 38.154787000080127],
            [-83.217024999720479, 38.154972000065854],
            [-83.217096999690497, 38.155189000084896],
            [-83.217238000155803, 38.15539799971085],
            [-83.21732799966918, 38.155538999985424],
            [-83.217541999929423, 38.155839000278654],
            [-83.217619999747228, 38.156030999875192],
            [-83.217690000067435, 38.156280999813639],
            [-83.217630999617882, 38.156433000086238],
            [-83.217627000318245, 38.156548999988168],
            [-83.217868000342662, 38.157132999687541],
            [-83.218198999880457, 38.157769999722291],
            [-83.21825599978186, 38.157984000004461],
            [-83.218244000086301, 38.158325999778654],
            [-83.218188000009789, 38.158464999660076],
            [-83.218097999598115, 38.15869100016193],
            [-83.217664000128153, 38.159415000028737],
            [-83.217156999964956, 38.160046999764674],
            [-83.21652199975523, 38.160712000032206],
            [-83.216060999622783, 38.161106000037904],
            [-83.215301999564502, 38.161681000058159],
            [-83.214919999973077, 38.161974999651676],
            [-83.21461500037455, 38.162334000010233],
            [-83.21425299997631, 38.162777999993722],
            [-83.21388999975315, 38.163216000048315],
            [-83.213714000026059, 38.163338999919382],
            [-83.213493999918029, 38.163501000121975],
            [-83.212640000323503, 38.164000000070949],
            [-83.212238999567205, 38.16424800000933],
            [-83.211805999922149, 38.164473000134841],
            [-83.210962000373357, 38.164746999789465],
            [-83.210495000393124, 38.164818000155741],
            [-83.209276999852236, 38.16491400020287],
            [-83.20859399996192, 38.165098999922343],
            [-83.208441999625961, 38.165166000254771],
            [-83.208095000194632, 38.165331000220412],
            [-83.207628000214413, 38.165599999714715],
            [-83.207234999854023, 38.165798000286266],
            [-83.206674999987371, 38.166036999678383],
            [-83.206034999754777, 38.166241000277317],
            [-83.20476500023365, 38.166456999873745],
            [-83.204125000001042, 38.166534999845382],
            [-83.204022999893795, 38.166561999897645],
            [-83.203940999878029, 38.166578999846912],
            [-83.203792999740017, 38.166637000225684],
            [-83.202893999939661, 38.167072000182877],
            [-83.202528000241756, 38.167240000284956],
            [-83.202160999820634, 38.167341000315496],
            [-83.201735999673218, 38.167403999725273],
            [-83.201170999783685, 38.167434999728705],
            [-83.200872000032959, 38.16756500000978],
            [-83.200817999606258, 38.167626999866584],
            [-83.200851999941449, 38.167817000079012],
            [-83.2008269998271, 38.167910000229185],
            [-83.200750999659121, 38.167992999655524],
            [-83.200549999817667, 38.168111999706241],
            [-83.20010200010401, 38.168197999782194],
            [-83.199413000365922, 38.168309999811129],
            [-83.199025999853319, 38.168486999663592],
            [-83.198994000066278, 38.16864300012292],
            [-83.199052999617507, 38.168744999672306],
            [-83.199219000197161, 38.168997999946477],
            [-83.199298999664791, 38.169585999670417],
            [-83.199246999786254, 38.169931000211839],
            [-83.199226999694773, 38.17035800006181],
            [-83.199367000335172, 38.170699999703785],
            [-83.19953200019161, 38.170913000150463],
            [-83.199818000421871, 38.171089000020039],
            [-83.200044000377687, 38.17117800016549],
            [-83.200497000114211, 38.171367000288477],
            [-83.200699999605504, 38.171451000028853],
            [-83.200927000284523, 38.171580000198404],
            [-83.20113899999663, 38.171734999678485],
            [-83.20156499996898, 38.17188800022717],
            [-83.201780999879048, 38.171972000073318],
            [-83.201970999849848, 38.172031999702426],
            [-83.202536999564288, 38.172168000279505],
            [-83.203438999737699, 38.172444999963886],
            [-83.203557999563387, 38.172533999865955],
            [-83.203792999740017, 38.172664000233759],
            [-83.204089000016026, 38.173227000328751],
            [-83.204571999889794, 38.173639000191208],
            [-83.204904000150819, 38.173938000182417],
            [-83.205243999909442, 38.174278000025815],
            [-83.205329000298249, 38.174506000178809],
            [-83.205345000191798, 38.174799000340869],
            [-83.20522499964288, 38.174997999899738],
            [-83.205075999679963, 38.175218000227467],
            [-83.205115999862926, 38.17542599968251],
            [-83.205257000328231, 38.175513000266513],
            [-83.205515999896008, 38.175530000246759],
            [-83.205921999776876, 38.175502000027954],
            [-83.206516999803611, 38.175378000241224],
            [-83.206861999585129, 38.175231999686567],
            [-83.207550000396608, 38.174925000337602],
            [-83.20823099973876, 38.174797999667469],
            [-83.208712999787608, 38.174709999673858],
            [-83.208978000101482, 38.174736000260829],
            [-83.209139999584878, 38.174831999957519],
            [-83.209431999662925, 38.175187999965097],
            [-83.209706000197627, 38.175467000092411],
            [-83.209880000274893, 38.175634999912063],
            [-83.210159999759071, 38.175833000059747],
            [-83.210477999776373, 38.175941999800926],
            [-83.210805999839437, 38.176065000090482],
            [-83.211112000161194, 38.176138999871867],
            [-83.211297000109127, 38.17617100034569],
            [-83.211738999974997, 38.176221999813976],
            [-83.212169999970229, 38.176227000258393],
            [-83.212628999554539, 38.176201000203392],
            [-83.21332499986363, 38.17620999973461],
            [-83.21387300003471, 38.176403000006559],
            [-83.214184000379333, 38.176566000072206],
            [-83.214729000177371, 38.176829000132926],
            [-83.215041000346901, 38.176941000316354],
            [-83.215453999900447, 38.177071999820598],
            [-83.215761000047124, 38.177100000142339],
            [-83.216043999904329, 38.177068000076417],
            [-83.216345000203219, 38.176982999811102],
            [-83.216716999748897, 38.176792000248881],
            [-83.217045999636881, 38.176694999662075],
            [-83.217337999714914, 38.176628000040431],
            [-83.217546999952305, 38.176599000301074],
            [-83.218232000390714, 38.176562000300251],
            [-83.218572000149351, 38.176528000111148],
            [-83.218753999724242, 38.176453000074112],
            [-83.218982000228181, 38.176285000021743],
            [-83.219258000412708, 38.176023000066643],
            [-83.219634000156333, 38.175557999748555],
            [-83.220062999603428, 38.175010000178688],
            [-83.220153000015102, 38.174975000006853],
            [-83.220260999970137, 38.174987000289647],
            [-83.220430999849455, 38.174997999899738],
            [-83.220989000066268, 38.175178000345674],
            [-83.221447999650607, 38.175187999965097],
            [-83.22191100033119, 38.175105000257652],
            [-83.22219699966314, 38.175010000178688],
            [-83.222436000037746, 38.174927000268511],
            [-83.222995999904398, 38.174676000033095],
            [-83.223806999841202, 38.174282999897422],
            [-83.224050000413754, 38.174187000183743],
            [-83.224555999853749, 38.174163000058996],
            [-83.225005000290636, 38.174149999664422],
            [-83.225387999706967, 38.174044000000535],
            [-83.226135999894581, 38.173903000202003],
            [-83.226509000163489, 38.173838000092822],
            [-83.226761999883479, 38.173792000273856],
            [-83.226929000288067, 38.173810999910884],
            [-83.227090999771463, 38.173911000037577],
            [-83.227504000223334, 38.174402000271819],
            [-83.227721999783213, 38.174575000279638],
            [-83.228054000044239, 38.174837999757834],
            [-83.22848500003947, 38.175058999826057],
            [-83.228875000026804, 38.175260999969979],
            [-83.229496999817727, 38.175649999952782],
            [-83.229943999706478, 38.17595299997307],
            [-83.230203999997471, 38.176024000017037],
            [-83.230544999581014, 38.176130000331881],
            [-83.230845000054984, 38.176111999836294],
            [-83.231178000140915, 38.176064000140649],
            [-83.2315430000139, 38.176063000190759],
            [-83.232167000352973, 38.176231000048737],
            [-83.232413000400257, 38.176267000270585],
            [-83.232693999709326, 38.176329999733262],
            [-83.232993000358405, 38.176451000185025],
            [-83.233694999616958, 38.176640999992934],
            [-83.234402999621608, 38.176752999759124],
            [-83.235141999588407, 38.176814000334893],
            [-83.235935999806784, 38.176839000231986],
            [-83.236124000127774, 38.17695700002583],
            [-83.236252000174289, 38.177056000136368],
            [-83.236730000025176, 38.177387000171287],
            [-83.237099000096123, 38.177474999756889],
            [-83.237520000045592, 38.177601000069892],
            [-83.237930000124422, 38.177721999823547],
            [-83.237976999980077, 38.177719000042174],
            [-83.23817600017172, 38.177708000136612],
            [-83.23836399959437, 38.177651000021626],
            [-83.238700999878262, 38.177371999781933],
            [-83.238996000329365, 38.177265999861362],
            [-83.239276999638449, 38.177202999795583],
            [-83.24033299979763, 38.177002000028558],
            [-83.24076200014305, 38.17698499968553],
            [-83.241157999978171, 38.177050999748836],
            [-83.241587000323563, 38.177136999869944],
            [-83.241766000423709, 38.177124999941256],
            [-83.241947999998587, 38.177046000067087],
            [-83.243323999824923, 38.176097999840053],
            [-83.243512999970818, 38.176013999806131],
            [-83.24359599981149, 38.176016999657698],
            [-83.243672999804389, 38.176040999878076],
            [-83.243820000117495, 38.176081999941964],
            [-83.244497999984901, 38.176405999842046],
            [-83.245219000408355, 38.176636000283118],
            [-83.245458999709541, 38.176647000350449],
            [-83.245688999863319, 38.176655999826586],
            [-83.245887000230042, 38.176715999836482],
            [-83.246001000032862, 38.176845999806119],
            [-83.246160999866419, 38.17735600016357],
            [-83.246517000416887, 38.178048000044932],
            [-83.247097000375035, 38.178875999773588],
            [-83.247810000402552, 38.179503000049763],
            [-83.248936999808564, 38.180249999771995],
            [-83.249987999944892, 38.180715999692843],
            [-83.250304000312369, 38.180744000026557],
            [-83.250418999940109, 38.180788999808954],
            [-83.250596000390431, 38.180907000267588],
            [-83.250742999805212, 38.181029000062097],
            [-83.251455000007837, 38.181218999937229],
            [-83.251768000002272, 38.181335999821975],
            [-83.251993000133169, 38.181483000026425],
            [-83.252284000386297, 38.181623000113518],
            [-83.252517999839725, 38.181702999840773],
            [-83.253005999736345, 38.181826000291537],
            [-83.253158999897224, 38.181855999939465],
            [-83.253721000312026, 38.181947999959483],
            [-83.254547000317459, 38.18227600006793],
            [-83.255051000107613, 38.182580999795391],
            [-83.255410000132798, 38.18278599984388],
            [-83.255786999701357, 38.182897000194274],
            [-83.25631800015401, 38.183147999650615],
            [-83.256833999639724, 38.183273000188237],
            [-83.257360000069511, 38.18347000021032],
            [-83.257833999722422, 38.183601999826713],
            [-83.258215000387253, 38.183876000299762],
            [-83.258865999592174, 38.184126000074457],
            [-83.259371000105574, 38.184421000060929],
            [-83.259762999742733, 38.184866000197829],
            [-83.259995000444633, 38.185165999843086],
            [-83.260342999700853, 38.185613999828277],
            [-83.260748999581736, 38.186181000084957],
            [-83.261066999599038, 38.186447999973723],
            [-83.261685999915244, 38.186728999664524],
            [-83.262296000010608, 38.186915000298399],
            [-83.262963000007389, 38.187044999723021],
            [-83.264056999801412, 38.187214999978337],
            [-83.264302000023804, 38.18729000023481],
            [-83.264341000381876, 38.187421999990313],
            [-83.26422900022888, 38.188098000209571],
            [-83.264057999626331, 38.188268000125632],
            [-83.26375399985271, 38.188448000268771],
            [-83.263446999706048, 38.188541999994136],
            [-83.26312100019112, 38.188612999773937],
            [-83.262592000286617, 38.188636000304271],
            [-83.262491000004275, 38.18871399983859],
            [-83.262413000186484, 38.188783999675415],
            [-83.262209999796866, 38.189241000043374],
            [-83.262092999621018, 38.189417000127868],
            [-83.261885999931778, 38.189604000016523],
            [-83.261309000346699, 38.189847000166338],
            [-83.260270999730849, 38.190070999876951],
            [-83.259941999842866, 38.190082999791542],
            [-83.259664000008527, 38.190015999772228],
            [-83.25934099996833, 38.18987900026805],
            [-83.259124000233356, 38.189719000325042],
            [-83.259037000194738, 38.189508999778184],
            [-83.259049999715202, 38.189283999982933],
            [-83.259224999617373, 38.188426000165286],
            [-83.25916799971597, 38.188256999694467],
            [-83.25904200021759, 38.188131000157846],
            [-83.258853999896616, 38.188026000142116],
            [-83.258415000403787, 38.187984999738539],
            [-83.258182999701887, 38.188053999784586],
            [-83.257991000081262, 38.188215000343853],
            [-83.257798999562326, 38.188348000322613],
            [-83.257611000139661, 38.188593999760059],
            [-83.25735599987155, 38.188942000007934],
            [-83.256872000172876, 38.189399999857464],
            [-83.256638999646057, 38.189499999771471],
            [-83.256214000396923, 38.189499999771471],
            [-83.255851000173763, 38.18939399984415],
            [-83.255542000377289, 38.189353000210545],
            [-83.255426000026333, 38.189353999977996],
            [-83.255332000315008, 38.189336999692891],
            [-83.255185000001916, 38.189268999924764],
            [-83.255004000251944, 38.189168999693614],
            [-83.254940999604429, 38.189035999801852],
            [-83.254641999853675, 38.188548999856188],
            [-83.253963000161349, 38.187946000297551],
            [-83.253888999643181, 38.187704999740475],
            [-83.253845999985487, 38.18733900009709],
            [-83.253770999642427, 38.187187999810611],
            [-83.253628000425607, 38.187040000021014],
            [-83.253358999913772, 38.186905000170121],
            [-83.253265000202447, 38.186824999800429],
            [-83.253040999896456, 38.186661000286051],
            [-83.252881000062885, 38.186528999857629],
            [-83.25265900030503, 38.186364999676798],
            [-83.25247000015915, 38.186290999689625],
            [-83.252347000135501, 38.186274000101776],
            [-83.252240999830292, 38.186260999749713],
            [-83.252055000057467, 38.186263999885441],
            [-83.251767000177367, 38.186336000282331],
            [-83.251403999954206, 38.18642800029366],
            [-83.251133999617451, 38.186540999649665],
            [-83.250997000248418, 38.186630999792428],
            [-83.250779999615133, 38.18676399983908],
            [-83.250500999955875, 38.186916999900212],
            [-83.250204999679866, 38.187047000027356],
            [-83.249894000233567, 38.187060000239143],
            [-83.249279000115322, 38.186949999677488],
            [-83.248929000310937, 38.186834999939698],
            [-83.248600000422968, 38.186594999748671],
            [-83.248472000376452, 38.186348000106214],
            [-83.248284999880383, 38.185859000210407],
            [-83.248185000321286, 38.185690000138727],
            [-83.24764700019594, 38.185334999718258],
            [-83.247449999654123, 38.185305999913766],
            [-83.247193999561091, 38.185361000044473],
            [-83.246941999666006, 38.185500999740398],
            [-83.246550000028847, 38.185857999688899],
            [-83.244646000122913, 38.187054999832071],
            [-83.24440199972544, 38.187207999988146],
            [-83.245415000226927, 38.187763000252126],
            [-83.24430600036429, 38.192380000227111],
            [-83.244483999741192, 38.192385999994492],
            [-83.244713999894969, 38.192254000056543],
            [-83.245142000415456, 38.191903000196866],
            [-83.245606000022633, 38.19152599982317],
            [-83.245878000009228, 38.191398999847756],
            [-83.246050000436668, 38.19141400017326],
            [-83.246385999997329, 38.191455999797412],
            [-83.246882000289872, 38.19160300005619],
            [-83.247253999835564, 38.191821999934717],
            [-83.247529000195172, 38.192095999848277],
            [-83.247697000424651, 38.192737000350412],
            [-83.247798999633588, 38.192847999658333],
            [-83.24788300019749, 38.192876999990318],
            [-83.248094999909597, 38.192834999773559],
            [-83.248514000209255, 38.192763000152581],
            [-83.249086999596372, 38.192798999971977],
            [-83.249361999955994, 38.192856999957385],
            [-83.249670999752482, 38.193011000351675],
            [-83.249936999891261, 38.193196000055586],
            [-83.251029999860393, 38.193995999719178],
            [-83.251589999727031, 38.194217000275422],
            [-83.251813000208116, 38.194224000298028],
            [-83.25199800015605, 38.194158000259641],
            [-83.25218700030193, 38.194002999763093],
            [-83.252337999914673, 38.193880000104429],
            [-83.252686000069218, 38.193719999772718],
            [-83.252968999926438, 38.193711999993972],
            [-83.253035999873589, 38.193747000343144],
            [-83.253242999562815, 38.193853999995014],
            [-83.253661000037553, 38.194070000350692],
            [-83.25385799968106, 38.194172000315596],
            [-83.254194000140032, 38.19426400031363],
            [-83.254550999617095, 38.194271000331725],
            [-83.254914999665161, 38.194215000167993],
            [-83.255180999803954, 38.194111000153022],
            [-83.255421000003452, 38.193978999811542],
            [-83.25562100002, 38.193769000251407],
            [-83.255877000113045, 38.193395000200887],
            [-83.256051000190311, 38.193129999791566],
            [-83.256200999978134, 38.193022000064843],
            [-83.256467999941819, 38.192912999753354],
            [-83.257252000114477, 38.192727000315408],
            [-83.257611999964581, 38.192629999763433],
            [-83.257868999882518, 38.192547999880155],
            [-83.258478999977896, 38.19230899988321],
            [-83.258622000093027, 38.19225300032884],
            [-83.259284000066927, 38.191943999807087],
            [-83.260115000095226, 38.191075000252759],
            [-83.260345000249004, 38.190965999851436],
            [-83.260501999709518, 38.190965000106111],
            [-83.261013999895582, 38.191067999927469],
            [-83.261182999950009, 38.191064000245575],
            [-83.261813000136854, 38.190943999802492],
            [-83.262578999867827, 38.190680999857875],
            [-83.263033000327582, 38.190678999653336],
            [-83.263081999833076, 38.190677999904011],
            [-83.263105000297614, 38.190692999672024],
            [-83.263253000435611, 38.19077399977769],
            [-83.263538999767562, 38.191018000004966],
            [-83.263685000255748, 38.191134999685048],
            [-83.263938999800644, 38.191336000000192],
            [-83.264425000047453, 38.19172099994362],
            [-83.264868999563149, 38.19188799997206],
            [-83.265327000220879, 38.191830999654506],
            [-83.265858999600113, 38.191680999943372],
            [-83.2662100001277, 38.1914989998414],
            [-83.26633800017423, 38.191503000205394],
            [-83.266540999665509, 38.191689999680584],
            [-83.266891000368176, 38.192210000024033],
            [-83.2669700000109, 38.192442000152639],
            [-83.267072999943068, 38.192750999973512],
            [-83.26707999961576, 38.192989999932031],
            [-83.267000999973035, 38.193213000146045],
            [-83.266816999850036, 38.193454999839958],
            [-83.266708999894988, 38.193729999671369],
            [-83.266693000001482, 38.193848000348616],
            [-83.266863999705691, 38.193865999992397],
            [-83.267011000018769, 38.193866999697896],
            [-83.267715999650392, 38.19375399970491],
            [-83.268032999842802, 38.193692000190339],
            [-83.268577999640826, 38.193434999965746],
            [-83.268967999628174, 38.193210000296467],
            [-83.269068999910502, 38.193166000135562],
            [-83.269269999751955, 38.193176999825269],
            [-83.269519000172309, 38.193334000093515],
            [-83.269637999997997, 38.193427999867289],
            [-83.269795000356837, 38.193707000043581],
            [-83.269935999923831, 38.193990999788276],
            [-83.269937999573642, 38.194283999960177],
            [-83.269765000219607, 38.194656999986584],
            [-83.269754000348954, 38.194795999772786],
            [-83.269829999618608, 38.19494300035003],
            [-83.270089999909615, 38.195207000123041],
            [-83.270858000188738, 38.19574499994976],
            [-83.27103300009091, 38.195813999704278],
            [-83.271274000115341, 38.195804000091783],
            [-83.271597999980443, 38.195746000335468],
            [-83.272049999892047, 38.19554399980111],
            [-83.27253100011599, 38.195442000345977],
            [-83.273204999785463, 38.19522599982372],
            [-83.273756000329584, 38.195270000152028],
            [-83.274199999845294, 38.195478000253026],
            [-83.274316000196237, 38.195647999887569],
            [-83.274336000287732, 38.195892000023328],
            [-83.274215999738814, 38.196136000047467],
            [-83.273716000146621, 38.196512000185287],
            [-83.273318999588284, 38.196801000024948],
            [-83.273137999838312, 38.197096999876116],
            [-83.273066999693199, 38.197409999752622],
            [-83.272936999996858, 38.198455999730839],
            [-83.272967999958993, 38.198884000075225],
            [-83.273058000370682, 38.199170999706865],
            [-83.27319300008989, 38.199405000214917],
            [-83.273373000014956, 38.19956800035073],
            [-83.273894000421862, 38.199932000008026],
            [-83.273988999958092, 38.200047000244886],
            [-83.274070000148967, 38.200244000081213],
            [-83.274020999745161, 38.200435999896136],
            [-83.273699000428195, 38.200966000228263],
            [-83.273691000032258, 38.201151000195068],
            [-83.273738999712833, 38.201367999686738],
            [-83.273764999652116, 38.20180099995698],
            [-83.273800999637132, 38.201928000146104],
            [-83.273931000231784, 38.202044999946438],
            [-83.274158000012505, 38.202079000227229],
            [-83.274404999884709, 38.202015000142296],
            [-83.274803000267966, 38.201978000343246],
            [-83.27503599989646, 38.202048999731154],
            [-83.275359999761562, 38.202238999840581],
            [-83.275621999702395, 38.202545000274803],
            [-83.275690000372776, 38.202744999868258],
            [-83.275635000121184, 38.203450999680335],
            [-83.2756710001062, 38.203866000277323],
            [-83.275784000084101, 38.204122000124066],
            [-83.275886000191349, 38.204211000154949],
            [-83.276133000063552, 38.204204999950051],
            [-83.27673999978586, 38.204067000042649],
            [-83.277086000290595, 38.204028000036779],
            [-83.277980999893003, 38.20315099981682],
            [-83.278416000086168, 38.20297999976497],
            [-83.279148000380275, 38.202800999825349],
            [-83.279385000206744, 38.202803999985747],
            [-83.279678000109712, 38.202827000269828],
            [-83.279919999959034, 38.202991999670253],
            [-83.280113000302876, 38.203267999769452],
            [-83.280576000085176, 38.203684000274436],
            [-83.280874000010996, 38.203855999652902],
            [-83.281165000264139, 38.203923999918921],
            [-83.282244999814466, 38.203989000009976],
            [-83.282879000199273, 38.204091000198822],
            [-83.28321899995791, 38.204232000162236],
            [-83.283311999844315, 38.204369999756871],
            [-83.283280999882166, 38.204905000280291],
            [-83.2831069998049, 38.205425999688316],
            [-83.283099000307303, 38.205611000322079],
            [-83.283188999820666, 38.205744000296384],
            [-83.283425999647136, 38.205783000088836],
            [-83.283767000128989, 38.205749000126161],
            [-83.28413000035215, 38.205602999732044],
            [-83.284672999602051, 38.205291000035672],
            [-83.285133999734498, 38.205162000259186],
            [-83.285305000337047, 38.205184999798348],
            [-83.285570999577502, 38.205464999651191],
            [-83.285698999624017, 38.205597999892241],
            [-83.286312999917342, 38.205910999930637],
            [-83.286487999819542, 38.206047000089463],
            [-83.286553000116854, 38.206246999944469],
            [-83.2864019996058, 38.206490000324166],
            [-83.286348000077453, 38.206695999667993],
            [-83.286338000031691, 38.20704199977596],
            [-83.286235999924457, 38.207267999990833],
            [-83.285968999960758, 38.207570999793148],
            [-83.285671000034924, 38.207880999867413],
            [-83.285582000346466, 38.208103999653162],
            [-83.2855499996611, 38.208189000309552],
            [-83.285507999828312, 38.208427000207763],
            [-83.285501999980525, 38.208461999836537],
            [-83.285547000186369, 38.208674999997406],
            [-83.285746000378012, 38.208968999871651],
            [-83.285995999724932, 38.2091079998645],
            [-83.286220999855828, 38.209152000274095],
            [-83.286482999796661, 38.20920400014635],
            [-83.286498999690195, 38.209267000064017],
            [-83.286465000253315, 38.209370000114461],
            [-83.286321000313279, 38.209460000279059],
            [-83.285773999967091, 38.209897999961925],
            [-83.285636999699733, 38.21014599968052],
            [-83.285523999721832, 38.210498000016045],
            [-83.285452999576719, 38.21117100008145],
            [-83.285446999728947, 38.211464000291393],
            [-83.285538999790447, 38.211970999884542],
            [-83.285587000369347, 38.212354999969776],
            [-83.285557000232117, 38.212547999760375],
            [-83.285436999683199, 38.212800999676112],
            [-83.285370999560953, 38.212988000214651],
            [-83.285383000154852, 38.213119999973379],
            [-83.285460999972628, 38.213215999904172],
            [-83.285620999806213, 38.213316000285651],
            [-83.285975999633465, 38.213538999653238],
            [-83.286192000441829, 38.2138029997557],
            [-83.286300000396878, 38.214018000083378],
            [-83.286387000435511, 38.214381000058395],
            [-83.286482999796661, 38.214618000050855],
            [-83.28658900010187, 38.214725000086446],
            [-83.287179999930672, 38.214968999809962],
            [-83.287496000298162, 38.215252999904138],
            [-83.28774099962223, 38.21552200000513],
            [-83.287978000346996, 38.215619999815765],
            [-83.288154999899007, 38.215638999835818],
            [-83.288325999603231, 38.215586000213264],
            [-83.288616000031467, 38.215487000242405],
            [-83.289230000324793, 38.215091999837711],
            [-83.289907000367293, 38.214622999976889],
            [-83.29026100036964, 38.214395999884267],
            [-83.290667000250494, 38.214178000276092],
            [-83.290836000304907, 38.214044000050379],
            [-83.290966000001248, 38.213849999855334],
            [-83.291114999964165, 38.213480999908789],
            [-83.291340000095047, 38.21295199978978],
            [-83.291586000142345, 38.212473000107316],
            [-83.291701999594991, 38.21203999978998],
            [-83.291762999694356, 38.211712999781135],
            [-83.291826000341857, 38.211585000260413],
            [-83.292136999788156, 38.211238999866715],
            [-83.292301999644621, 38.211046000134012],
            [-83.292501999661141, 38.210682999758589],
            [-83.292604999593308, 38.21059100003697],
            [-83.292963999618507, 38.210520999986755],
            [-83.293324000366937, 38.210569000270425],
            [-83.293773999730405, 38.210655999821618],
            [-83.294070000006428, 38.210713999699934],
            [-83.295174999671104, 38.211195000012928],
            [-83.29538599955832, 38.21117100008145],
            [-83.295501999909277, 38.211043000313346],
            [-83.295564999658467, 38.210779000080635],
            [-83.295643000374568, 38.21062399967429],
            [-83.296081000042506, 38.210179000225473],
            [-83.296799000092875, 38.209535000213563],
            [-83.297001999584168, 38.209456000195658],
            [-83.297234000286068, 38.209481000183786],
            [-83.297430000104669, 38.209568000329675],
            [-83.297580999717397, 38.209731000298639],
            [-83.29787399962035, 38.210023999953002],
            [-83.297988000321496, 38.210094999963957],
            [-83.298168000246548, 38.210074000236347],
            [-83.298318000034357, 38.210006000068468],
            [-83.298622999632897, 38.2097909998879],
            [-83.298923999931787, 38.209381000179746],
            [-83.299232999728261, 38.209242000002376],
            [-83.299472000102853, 38.209173999763074],
            [-83.299784000272396, 38.209128999870771],
            [-83.300166999688713, 38.209186000059034],
            [-83.300212999719477, 38.209205000347183],
            [-83.300682000247846, 38.209400999909235],
            [-83.301140000007251, 38.209702999814631],
            [-83.301211000152378, 38.20981800014571],
            [-83.301174000342442, 38.210033000246533],
            [-83.301052000143699, 38.210267999909362],
            [-83.300930999769875, 38.210480999726144],
            [-83.300893000135048, 38.210835000210011],
            [-83.301008999587694, 38.211249000182697],
            [-83.301192999710707, 38.211682000265299],
            [-83.301221000198112, 38.2120479996725],
            [-83.301087000303809, 38.212340999880922],
            [-83.3008830000893, 38.212623000041937],
            [-83.300592999661077, 38.212916000052878],
            [-83.300263999773108, 38.213068000075644],
            [-83.299987999588581, 38.21314799984863],
            [-83.299770000028687, 38.213164000075039],
            [-83.29940099995774, 38.213207000004267],
            [-83.299042999757461, 38.213249999908143],
            [-83.298822999649431, 38.213322999883722],
            [-83.298697999975957, 38.213404999662565],
            [-83.298652999770127, 38.213507000067693],
            [-83.298661999990955, 38.213912999986277],
            [-83.298554000035921, 38.214130000255203],
            [-83.298311000361679, 38.214312000255021],
            [-83.298184999964988, 38.214430000042711],
            [-83.298133999911343, 38.214711999872847],
            [-83.298159999850625, 38.214986999878668],
            [-83.298178000292282, 38.215123000018487],
            [-83.298051000070686, 38.215267000138574],
            [-83.297805000023374, 38.215426999702593],
            [-83.297586999565169, 38.215604000129353],
            [-83.297467999739496, 38.215834000311915],
            [-83.297492000028939, 38.216010999748697],
            [-83.297562000349131, 38.216305999735425],
            [-83.297620999900374, 38.216632000181498],
            [-83.297594999961092, 38.216820000147152],
            [-83.297512000120435, 38.217114999677293],
            [-83.297266999898028, 38.217630000105679],
            [-83.297235999935907, 38.217877000214223],
            [-83.29730999955575, 38.218072999712305],
            [-83.297450000196136, 38.218262000265817],
            [-83.297789000129868, 38.218489000296707],
            [-83.298163000223667, 38.218955999808841],
            [-83.298429000362461, 38.219324000161613],
            [-83.298661000166049, 38.21973200020274],
            [-83.298827999672312, 38.22010300031252],
            [-83.298958000266964, 38.220228000229696],
            [-83.2994339995697, 38.220464000187953],
            [-83.299665000446694, 38.220601000015897],
            [-83.299944999930872, 38.22091699987682],
            [-83.300453999743894, 38.221212999770145],
            [-83.300843999731228, 38.221427000049218],
            [-83.301150999877891, 38.221512999997266],
            [-83.301514999925985, 38.221461999777766],
            [-83.301775000216978, 38.221397999797624],
            [-83.3021919999685, 38.221308000281716],
            [-83.302428999794955, 38.221090000208662],
            [-83.302525000054416, 38.221034000207453],
            [-83.30259899967426, 38.22104499992124],
            [-83.302657000298908, 38.221088000133754],
            [-83.302627999986584, 38.221230999705725],
            [-83.302572999735006, 38.221383000003662],
            [-83.302473000175894, 38.221599999874101],
            [-83.302351999802056, 38.221880000093734],
            [-83.302326999687722, 38.222184999799836],
            [-83.30233500008363, 38.222519000160766],
            [-83.302473000175894, 38.222811999846556],
            [-83.30280700008673, 38.223033999742846],
            [-83.303067000377737, 38.223257999682737],
            [-83.303186000203411, 38.223558999949297],
            [-83.303324000295675, 38.223747999660766],
            [-83.303542999680474, 38.223871999667679],
            [-83.303736000024315, 38.223846999683268],
            [-83.304160000346855, 38.223604000093175],
            [-83.304414999716656, 38.223534999861215],
            [-83.304530000242707, 38.223560999956327],
            [-83.304725000236374, 38.223689000288964],
            [-83.304782999962697, 38.223829999688981],
            [-83.304886999719756, 38.224001000156271],
            [-83.305264000186625, 38.224426999931424],
            [-83.305428000218171, 38.224742000123911],
            [-83.305773999824581, 38.225078000001986],
            [-83.305957999947594, 38.22515100010839],
            [-83.306366000376599, 38.225167999793982],
            [-83.306661999754269, 38.225240999810119],
            [-83.306876999839432, 38.225397000111393],
            [-83.307010999733734, 38.225581000109095],
            [-83.307122999886744, 38.225984999759937],
            [-83.307175999590172, 38.226261000173778],
            [-83.307194999856748, 38.22657300030103],
            [-83.307233000389886, 38.22701100001305],
            [-83.307286999918261, 38.227381999698991],
            [-83.307266000001874, 38.227552000336161],
            [-83.307249000283434, 38.227691000117687],
            [-83.307372000307069, 38.228136999679428],
            [-83.307460000170622, 38.228405000195565],
            [-83.307554999706866, 38.228957999887967],
            [-83.307642999570405, 38.22925799993093],
            [-83.307768999967109, 38.229482999680393],
            [-83.307842999586967, 38.229818000322815],
            [-83.308123999794347, 38.230371999766795],
            [-83.308198000312501, 38.230630999948225],
            [-83.30813200019027, 38.231443999659092],
            [-83.308204999985193, 38.231870000300276],
            [-83.308334999681534, 38.232153000161709],
            [-83.308390999758032, 38.232353000244913],
            [-83.308416999697315, 38.232696999976376],
            [-83.30832100033615, 38.232949999688174],
            [-83.308073999565622, 38.233149999696423],
            [-83.307800999754164, 38.233257999867355],
            [-83.307368999934027, 38.233306999839741],
            [-83.306978000121788, 38.233425999736035],
            [-83.306676999822898, 38.233573999785982],
            [-83.306460999912829, 38.233743000199375],
            [-83.306388999942811, 38.233960999751758],
            [-83.306372000224371, 38.234225999699987],
            [-83.306412000407349, 38.234534000119837],
            [-83.306655999906496, 38.234591000164478],
            [-83.307002000411217, 38.234696999905829],
            [-83.307038000396233, 38.234748999868927],
            [-83.307098999597272, 38.234831000196472],
            [-83.307194999856748, 38.234969000332484],
            [-83.307383000177737, 38.235190999817718],
            [-83.307638000445863, 38.235474000162178],
            [-83.307762000294417, 38.235644000231012],
            [-83.308018000387449, 38.236214999673841],
            [-83.308200999787246, 38.236459999827233],
            [-83.308569000033273, 38.236772999772569],
            [-83.308784999943342, 38.236924000231525],
            [-83.30901300044728, 38.237030000100027],
            [-83.309335999589166, 38.237143999759517],
            [-83.309759999911691, 38.237250999828184],
            [-83.310283999793327, 38.237353999778506],
            [-83.310492000205784, 38.237428000077429],
            [-83.310566999650547, 38.237480000204329],
            [-83.310646000191582, 38.237573000311407],
            [-83.310671000305945, 38.237645000062244],
            [-83.310785000108737, 38.238058999891848],
            [-83.310823999568498, 38.23828099982142],
            [-83.310934000071668, 38.238428000069256],
            [-83.310951999615014, 38.238636000315353],
            [-83.310976999729377, 38.238884000156716],
            [-83.310960999835842, 38.239104999894359],
            [-83.310924000025921, 38.239320000239559],
            [-83.310853999705728, 38.239596999927649],
            [-83.310806000025138, 38.23977599967165],
            [-83.31084500038321, 38.239876000235434],
            [-83.310969000231765, 38.240014999746492],
            [-83.311165000050337, 38.240255000220735],
            [-83.311375000112633, 38.240418999654082],
            [-83.311595000220663, 38.240777000298266],
            [-83.311785000191463, 38.241152999829758],
            [-83.311956999720593, 38.241410000197675],
            [-83.312123000300261, 38.241862000213914],
            [-83.312223999684264, 38.24228400010562],
            [-83.312201000118051, 38.242683999731163],
            [-83.312206000140932, 38.242877999938777],
            [-83.312272000263178, 38.243009999791312],
            [-83.312393999563582, 38.243153999741949],
            [-83.312567999640876, 38.243379999971296],
            [-83.312663999900337, 38.243635000066973],
            [-83.312719999976835, 38.243831000008427],
            [-83.312721999626646, 38.24401999995542],
            [-83.31264200015903, 38.244138999957435],
            [-83.312458000036017, 38.244227999724856],
            [-83.311682000259296, 38.244496999921203],
            [-83.311238999670195, 38.244595000206935],
            [-83.310927000398976, 38.244755999885655],
            [-83.310631999947859, 38.244989999860863],
            [-83.310170999815426, 38.245273000163245],
            [-83.309821999835961, 38.245333999777451],
            [-83.309456000138084, 38.245413000346751],
            [-83.308605999843209, 38.245939999965103],
            [-83.308502000086136, 38.246076999782382],
            [-83.308524999652349, 38.24621199995736],
            [-83.308615999888943, 38.246326999725746],
            [-83.308764999851846, 38.246394999809937],
            [-83.309322000243782, 38.246503000061942],
            [-83.309744999843076, 38.246633000309181],
            [-83.310323999976305, 38.24690800028317],
            [-83.310496000403745, 38.247035000058482],
            [-83.310389000273616, 38.247220999695635],
            [-83.309965999776011, 38.247518999828927],
            [-83.308871999981974, 38.247989000325987],
            [-83.308637999630264, 38.248184000150509],
            [-83.308560999637351, 38.24834300031489],
            [-83.308596999622367, 38.248506999844935],
            [-83.308696000254884, 38.248694000311509],
            [-83.309123000052153, 38.249091000276785],
            [-83.309407999559184, 38.249438000186991],
            [-83.309358000228798, 38.249715999767524],
            [-83.309258999596281, 38.249833999973475],
            [-83.308934999731164, 38.250030999770864],
            [-83.308107999900827, 38.251796999891795],
            [-83.307887999792797, 38.252253999678636],
            [-83.307886999967891, 38.252429999771685],
            [-83.307978000204471, 38.252563999829299],
            [-83.308111000273882, 38.252604000230285],
            [-83.30848299981956, 38.252688000083623],
            [-83.308707000125537, 38.252817000248832],
            [-83.308824000301399, 38.253053999873501],
            [-83.309080000394431, 38.253633999974888],
            [-83.309154000014288, 38.253712999988075],
            [-83.309256999946442, 38.253810999840454],
            [-83.309523999910127, 38.253855000019144],
            [-83.310010999981841, 38.253726999874303],
            [-83.310117000287065, 38.253654999826075],
            [-83.310391999748376, 38.253468000131711],
            [-83.310602999635563, 38.253268000284386],
            [-83.310861000276731, 38.253001000000737],
            [-83.31104500039973, 38.252840000243282],
            [-83.311425000341345, 38.252677000217489],
            [-83.311724000092084, 38.252659000304796],
            [-83.311962999568379, 38.25269300021457],
            [-83.31238799971581, 38.252851000084689],
            [-83.312574000386959, 38.2530279997411],
            [-83.312713000304129, 38.253249000217387],
            [-83.312906999574579, 38.253533999995796],
            [-83.313047000214979, 38.253836000105558],
            [-83.313328000422374, 38.254172999876992],
            [-83.313581000142364, 38.254443999813319],
            [-83.313854999778741, 38.254738999823722],
            [-83.31440600032289, 38.255292000284847],
            [-83.314629999730556, 38.25553400023815],
            [-83.314845999640625, 38.255846999888988],
            [-83.31514799976442, 38.256303000048177],
            [-83.31517700007673, 38.256784999670217],
            [-83.315186000297558, 38.257167999951236],
            [-83.315197999993131, 38.257313000313573],
            [-83.315412000253374, 38.257539999788932],
            [-83.316125000280891, 38.258027000139251],
            [-83.316321999924384, 38.258194999908483],
            [-83.316449999970914, 38.25838800010434],
            [-83.316480999933063, 38.258555999744196],
            [-83.316460999841567, 38.258821000330457],
            [-83.316367999955133, 38.258953000150065],
            [-83.316208000121591, 38.259213999824972],
            [-83.315848000271473, 38.25960800022829],
            [-83.315327999689472, 38.260024000240101],
            [-83.315242000374056, 38.260075000220084],
            [-83.315228999955266, 38.260120000338624],
            [-83.315230999605092, 38.260209999786774],
            [-83.315392000161893, 38.260233000262666],
            [-83.315842000423672, 38.260178999777828],
            [-83.31612199990785, 38.260139000019791],
            [-83.316417000358953, 38.260216000310294],
            [-83.316654000185409, 38.260258999933207],
            [-83.317246999664022, 38.260098000033331],
            [-83.317610999712102, 38.259946999746099],
            [-83.317846999713638, 38.259918000042731],
            [-83.318071000019643, 38.259939000193953],
            [-83.31825299959452, 38.260003000113464],
            [-83.318558000091357, 38.260215000105511],
            [-83.318850999994325, 38.260522000255143],
            [-83.318984000063722, 38.260886999891525],
            [-83.318993000284536, 38.261449999878124],
            [-83.318917000116542, 38.261726999876316],
            [-83.318666000046377, 38.262488999935208],
            [-83.31867899956687, 38.262664999925214],
            [-83.318738999841329, 38.263023000328438],
            [-83.318732000168637, 38.263432000117419],
            [-83.318744999689102, 38.263775000048305],
            [-83.318913999743501, 38.264510000089281],
            [-83.318922000139423, 38.264970000040222],
            [-83.318782000397348, 38.265230999963698],
            [-83.318590999703332, 38.265449999735267],
            [-83.318471000052725, 38.265735000323701],
            [-83.318399999907612, 38.265952999860602],
            [-83.318146000362717, 38.266189000245873],
            [-83.317840999865865, 38.266409000069871],
            [-83.317307999763386, 38.266833000133715],
            [-83.316820999691672, 38.267539000077988],
            [-83.316603999956712, 38.267824000228138],
            [-83.316582000215391, 38.26793600006026],
            [-83.316604999781603, 38.26807199992647],
            [-83.316810999645938, 38.268201000285089],
            [-83.31718300008994, 38.26829800025078],
            [-83.317667999613505, 38.268372000079268],
            [-83.318151000385583, 38.268561999770256],
            [-83.318652999627588, 38.268772000001135],
            [-83.319133000026625, 38.269071000000906],
            [-83.319283999639381, 38.269143000288686],
            [-83.319642999664566, 38.269308000208873],
            [-83.320022999606152, 38.269495000041381],
            [-83.320425000187385, 38.269683000172087],
            [-83.320716000440527, 38.269877000247],
            [-83.320877000098989, 38.269954000089456],
            [-83.321303000071339, 38.270345999945114],
            [-83.321467000102871, 38.270521999940534],
            [-83.321483999821311, 38.270607999654921],
            [-83.321498000065006, 38.27067600029185],
            [-83.321432999767694, 38.270858999895559],
            [-83.321220000230682, 38.271339000168219],
            [-83.321164999979089, 38.271447000021595],
            [-83.321031999909692, 38.271701999664892],
            [-83.320918999931791, 38.271923999803519],
            [-83.32094499987106, 38.272216999989531],
            [-83.321002999597368, 38.272356999747693],
            [-83.321057000024041, 38.272490999726884],
            [-83.321369000193599, 38.272749000032555],
            [-83.3217790002724, 38.273049999935928],
            [-83.322091000441944, 38.273261999934419],
            [-83.32235099983464, 38.273396999677438],
            [-83.322611000125633, 38.273494999777718],
            [-83.322905999678397, 38.273621000316773],
            [-83.322853999799875, 38.273781999864681],
            [-83.322791000050685, 38.274089999814294],
            [-83.322813999616898, 38.27451500018018],
            [-83.322899999830625, 38.274923000137676],
            [-83.322928000318043, 38.275243000159634],
            [-83.323082000303813, 38.275634999675091],
            [-83.323202999779326, 38.276043999673341],
            [-83.323313000282496, 38.276296000149493],
            [-83.32329499984084, 38.27651099978042],
            [-83.323216000198116, 38.276652999679563],
            [-83.323206000152368, 38.276890999801473],
            [-83.323324999978084, 38.277188000281726],
            [-83.323530000017485, 38.277639999906498],
            [-83.323884999844722, 38.277971000212169],
            [-83.324295999748472, 38.278277000111146],
            [-83.324564000435373, 38.278448000156658],
            [-83.324803999736588, 38.278571999954316],
            [-83.325134000347759, 38.278618999799484],
            [-83.325443999969167, 38.278496999988256],
            [-83.325678000320892, 38.278296999935179],
            [-83.325833999956515, 38.278145000146957],
            [-83.326137999730122, 38.27796599970533],
            [-83.326470999816038, 38.277894999663999],
            [-83.326751000198541, 38.277876999652406],
            [-83.327101000002912, 38.277940999986704],
            [-83.327474000271806, 38.278083999868727],
            [-83.327887999650287, 38.278259000194261],
            [-83.328115000329319, 38.278450000064105],
            [-83.328387000315885, 38.278766000259225],
            [-83.32863699966282, 38.279026000022142],
            [-83.328779999777936, 38.279211000330726],
            [-83.328856999770835, 38.27948299989027],
            [-83.328824000158889, 38.279629000073541],
            [-83.328811999564991, 38.279684000138928],
            [-83.328645999883634, 38.279950999671783],
            [-83.328541000301655, 38.280117000352156],
            [-83.32819300014711, 38.280426000153263],
            [-83.327933999681036, 38.280719999804226],
            [-83.327807000357737, 38.280985999839274],
            [-83.327777000220507, 38.281255000055289],
            [-83.327860999886113, 38.281560000305561],
            [-83.328219999911298, 38.281773999954311],
            [-83.328768999907297, 38.281947999941899],
            [-83.329064000358386, 38.28196200002813],
            [-83.329592000437998, 38.281775999770133],
            [-83.33040599984956, 38.28155400013496],
            [-83.330975999761932, 38.281539999970043],
            [-83.331590999880177, 38.281698999770263],
            [-83.33185000034625, 38.281972999691057],
            [-83.331791999721631, 38.282196000062484],
            [-83.331451999962994, 38.282757000092516],
            [-83.331039000409447, 38.283473999796371],
            [-83.330942000325066, 38.28389400013674],
            [-83.331148000189387, 38.284193999798653],
            [-83.331405000107324, 38.284502999874775],
            [-83.33185100017117, 38.284711000104942],
            [-83.332303999907708, 38.28480199997415],
            [-83.332601000008623, 38.284860999812864],
            [-83.332655000435295, 38.28488599996912],
            [-83.333293999944658, 38.285179999891135],
            [-83.334083999965074, 38.286073999864207],
            [-83.334761999832509, 38.286379000315755],
            [-83.334903000297814, 38.286635000244132],
            [-83.334909000145615, 38.28695100006739],
            [-83.334838999825422, 38.28700300001362],
            [-83.333928000329479, 38.28714099979868],
            [-83.333571999779025, 38.287265000260568],
            [-83.333221000149734, 38.287655000082232],
            [-83.332811999895824, 38.287872000272458],
            [-83.332371999679751, 38.287938999725725],
            [-83.331755999736615, 38.287806999701878],
            [-83.331415999977992, 38.287932000259282],
            [-83.330521000375583, 38.288533999849697],
            [-83.33016400000021, 38.288617999756319],
            [-83.329810999822783, 38.288651999758024],
            [-83.328600999677803, 38.288252999875183],
            [-83.328148999766185, 38.28822999981152],
            [-83.327790999565892, 38.288367000266994],
            [-83.327357999920849, 38.288845000108793],
            [-83.326678000403604, 38.289665999953804],
            [-83.326376000279808, 38.29004000004187],
            [-83.326280999845252, 38.290176000108822],
            [-83.326194999631539, 38.29039800016831],
            [-83.326234999814503, 38.290715000314641],
            [-83.32632100002823, 38.290870999707039],
            [-83.326484000234842, 38.291041999699793],
            [-83.32687099984912, 38.291145000259661],
            [-83.32724900014091, 38.291206000138949],
            [-83.327725000341971, 38.291311000019178],
            [-83.328111999956263, 38.291405000105371],
            [-83.328618000294554, 38.291595999935495],
            [-83.328876000037411, 38.291920000276932],
            [-83.329051999764516, 38.292171999934077],
            [-83.329250000131239, 38.292412999931926],
            [-83.329343999842564, 38.292582000298474],
            [-83.329318999728216, 38.292798000102223],
            [-83.32926500019984, 38.293170000058844],
            [-83.329195999704552, 38.293523000115513],
            [-83.329220999818901, 38.293763000114097],
            [-83.32945400034572, 38.2943739997093],
            [-83.329748999898527, 38.295697999701225],
            [-83.329829000264468, 38.295894999908022],
            [-83.330024000258135, 38.296012999832996],
            [-83.330309999590071, 38.296071999723495],
            [-83.332201999800446, 38.296388000053263],
            [-83.332692000245217, 38.296503000061534],
            [-83.332785999956542, 38.296546000054555],
            [-83.332864999599266, 38.296688000244103],
            [-83.332908999980205, 38.297062999795834],
            [-83.33295599983586, 38.297213000060864],
            [-83.333088000080338, 38.297434000050778],
            [-83.333338000325597, 38.29763000008478],
            [-83.333714000069236, 38.297948000049402],
            [-83.334001000124417, 38.298349000272488],
            [-83.334119000125199, 38.298514000089902],
            [-83.33434099988304, 38.298824000206153],
            [-83.334569000386978, 38.299105999807296],
            [-83.334602999823858, 38.299192000207519],
            [-83.334788999596697, 38.299527000294518],
            [-83.334735000068335, 38.299769000198964],
            [-83.334511999587249, 38.299941999688222],
            [-83.334162999607798, 38.300152000099189],
            [-83.333861000382328, 38.300371999944907],
            [-83.333606000114202, 38.300669999876838],
            [-83.333519999900474, 38.300791999784479],
            [-83.333396000051906, 38.300960999670032],
            [-83.333207999730945, 38.30121200001237],
            [-83.332645000389547, 38.301689000207574],
            [-83.332431999954224, 38.301907999991521],
            [-83.332344000090686, 38.302086000275274],
            [-83.332222999716848, 38.302554999866018],
            [-83.332173000386447, 38.302675000183534],
            [-83.33185100017117, 38.303007000145065],
            [-83.331831999904608, 38.30306000018517],
            [-83.331793000444847, 38.303162999899598],
            [-83.331840000300517, 38.303262999927249],
            [-83.332040000317065, 38.303436000248816],
            [-83.332524999840643, 38.303704000132001],
            [-83.332961999683633, 38.303937999856821],
            [-83.333567999581049, 38.30415499999652],
            [-83.333889999796341, 38.304232999738716],
            [-83.334427000096753, 38.304384999881037],
            [-83.335070999628996, 38.304513000273218],
            [-83.33553799960923, 38.304576999679689],
            [-83.33580899977089, 38.304640000141745],
            [-83.335927999596578, 38.304737999655188],
            [-83.3359359999925, 38.30487399966691],
            [-83.33580899977089, 38.305175000304835],
            [-83.335709000211764, 38.305461000332279],
            [-83.335546999830058, 38.305671999853864],
            [-83.335223999789875, 38.306125000020742],
            [-83.335031000344344, 38.306485000283246],
            [-83.334976000092752, 38.306758000113462],
            [-83.334986999963419, 38.30695199980206],
            [-83.335058999933437, 38.307304999771972],
            [-83.335002999856925, 38.307595999735284],
            [-83.334944000305711, 38.307802000234048],
            [-83.335120000032802, 38.308266999941203],
            [-83.335426000354559, 38.308682000087892],
            [-83.336049999795293, 38.308935000272506],
            [-83.336479999965633, 38.30915200026547],
            [-83.336948999595677, 38.309585000188527],
            [-83.337137999741557, 38.309870000223192],
            [-83.337311999818837, 38.310172000086389],
            [-83.337311999818837, 38.310519000001065],
            [-83.337326999887452, 38.311042000103313],
            [-83.337329000435588, 38.311226999863131],
            [-83.337384999613761, 38.311795999805078],
            [-83.337541000147695, 38.312107999940608],
            [-83.337865999837703, 38.312491000243881],
            [-83.338541000230393, 38.312876999781984],
            [-83.339014000058427, 38.313162000271561],
            [-83.340210999784617, 38.313820999790146],
            [-83.340603000320087, 38.314036999796585],
            [-83.340851999842116, 38.314170000198366],
            [-83.341240000179639, 38.314393999767262],
            [-83.341229000308971, 38.31451099974835],
            [-83.341174000057393, 38.314603999923989],
            [-83.340977000413901, 38.314773000051538],
            [-83.340487999794036, 38.315171999999315],
            [-83.340360999572439, 38.315352999900085],
            [-83.340055000149007, 38.315884000113108],
            [-83.339840999888764, 38.316080000338708],
            [-83.339876999873766, 38.316152999952877],
            [-83.340077999715234, 38.316289999841459],
            [-83.340657999673354, 38.316731999908789],
            [-83.34123199978373, 38.317651000340412],
            [-83.341302999928843, 38.317758999653066],
            [-83.341471000158322, 38.318027000176215],
            [-83.341430999975344, 38.318544999867974],
            [-83.341347000309767, 38.319521000238389],
            [-83.34138699959442, 38.319588000067085],
            [-83.341595999831782, 38.319710999959653],
            [-83.341825999985545, 38.319810000340418],
            [-83.341945999636152, 38.319856000172337],
            [-83.342045000268669, 38.319893999980835],
            [-83.342178000338066, 38.319933999943238],
            [-83.342409000316749, 38.320002000181027],
            [-83.342734000006757, 38.319976000056158],
            [-83.342954000114787, 38.319925999952538],
            [-83.3432300002993, 38.319869999992818],
            [-83.34343799981346, 38.319833000260047],
            [-83.343821000128102, 38.31983900008467],
            [-83.344118000229017, 38.319921000222152],
            [-83.345034999572732, 38.320034000105011],
            [-83.345757999645997, 38.320195000301148],
            [-83.346501999635677, 38.320238000345569],
            [-83.346770000322593, 38.320314000246981],
            [-83.347688000389539, 38.320851999885846],
            [-83.348125000232528, 38.321085999960538],
            [-83.348901000009249, 38.321443999823799],
            [-83.349609000013899, 38.321569000219924],
            [-83.350224999957049, 38.321714000240235],
            [-83.35099800025904, 38.321979000062662],
            [-83.351865000272355, 38.322300999915477],
            [-83.352364000039643, 38.322311999806395],
            [-83.352762000422899, 38.322245999731109],
            [-83.353277999908613, 38.322106999707067],
            [-83.353540999674351, 38.322047999849488],
            [-83.354118000157754, 38.321902999792471],
            [-83.354283999839112, 38.321861000091189],
            [-83.35473699957565, 38.321736000198555],
            [-83.355213999601602, 38.321635000206811],
            [-83.355643999771914, 38.321652999936511],
            [-83.355986999903593, 38.321727000344538],
            [-83.356335999883058, 38.321868999868364],
            [-83.356500999739495, 38.321985999768273],
            [-83.356662000296282, 38.322170999796903],
            [-83.357001000230014, 38.322853000262064],
            [-83.357207000094334, 38.32305799966128],
            [-83.35741399978356, 38.323179999967074],
            [-83.357629999693629, 38.323239999649324],
            [-83.358161000146296, 38.323385999890291],
            [-83.358427000285062, 38.323451000298782],
            [-83.35850299955473, 38.323475999844078],
            [-83.358542999737693, 38.323494999859143],
            [-83.358746999952217, 38.323591999932852],
            [-83.358919000379657, 38.32371500007936],
            [-83.359023999961636, 38.324027999700064],
            [-83.358962000037366, 38.324345000187641],
            [-83.358715000165162, 38.324717999775245],
            [-83.358530000217229, 38.324939999842947],
            [-83.358367000010603, 38.32509699965177],
            [-83.358315999956986, 38.325125000084697],
            [-83.357863000220448, 38.32545000008988],
            [-83.357550000226013, 38.32569800022592],
            [-83.357429999677095, 38.325965000290587],
            [-83.357400000438176, 38.326421999826444],
            [-83.357423000004403, 38.326879000004503],
            [-83.357534000332478, 38.327279000261271],
            [-83.357722999580062, 38.327554999975817],
            [-83.358071999559513, 38.32781900031253],
            [-83.358471999592595, 38.327948000191398],
            [-83.358829999792874, 38.327994999767874],
            [-83.359454000131947, 38.327992999816516],
            [-83.359646999577492, 38.328088000264501],
            [-83.360362000153145, 38.328124000038201],
            [-83.36121099972479, 38.328394000237651],
            [-83.361548999833602, 38.328412999668345],
            [-83.361845999934502, 38.328399000088361],
            [-83.362228000424238, 38.328258999911299],
            [-83.362533000022779, 38.328156999873819],
            [-83.362719999620523, 38.328087000290083],
            [-83.363124999676486, 38.327984000034697],
            [-83.363513999838901, 38.32797400027578],
            [-83.363774000129908, 38.328041000043605],
            [-83.363947000382268, 38.328118000194635],
            [-83.364143000200855, 38.328318000351089],
            [-83.36422299966847, 38.328585999892816],
            [-83.364287999965811, 38.328989999737658],
            [-83.364308999882212, 38.329176000171934],
            [-83.364311000430348, 38.329292000299645],
            [-83.364313000080173, 38.329371999696306],
            [-83.364204000300234, 38.329569000053937],
            [-83.364040000268687, 38.329774000190163],
            [-83.363805000092057, 38.329985000140766],
            [-83.363686000266355, 38.330092000158167],
            [-83.363513000013995, 38.330193000345744],
            [-83.363217999562892, 38.330380999692132],
            [-83.363061000102377, 38.330485000005645],
            [-83.362891000223058, 38.330602000091844],
            [-83.362745999559792, 38.330705000149912],
            [-83.362424000242839, 38.330949000182287],
            [-83.362122000119044, 38.331270999649043],
            [-83.362015999813821, 38.331472000192782],
            [-83.362029000232624, 38.331616000208044],
            [-83.362028000407719, 38.331949999993284],
            [-83.361789999858019, 38.332306999838103],
            [-83.36174800002523, 38.33248600011482],
            [-83.361831999690821, 38.332750000105719],
            [-83.361997000445584, 38.33307499974255],
            [-83.362389999907634, 38.333343000013876],
            [-83.362483999618973, 38.333400999936856],
            [-83.362656000046414, 38.333464999919457],
            [-83.362821999727771, 38.333555000041649],
            [-83.363035999988014, 38.333670000309091],
            [-83.36320099984448, 38.333847000247694],
            [-83.363220999935947, 38.333961000158389],
            [-83.363252999723002, 38.334066000158543],
            [-83.363348999982477, 38.334247999986225],
            [-83.363421999777401, 38.334357999714683],
            [-83.363452999739536, 38.334475999775819],
            [-83.363277999837365, 38.334609999910754],
            [-83.36305500025459, 38.334712000026187],
            [-83.362876000154458, 38.334790000017563],
            [-83.362570999657606, 38.334948000212549],
            [-83.362559999786953, 38.33499299971897],
            [-83.362543000068513, 38.335060000044031],
            [-83.362681999985696, 38.335226999943025],
            [-83.363041999835801, 38.33545899966601],
            [-83.363271999989578, 38.335652000202934],
            [-83.363430999998243, 38.335786000276968],
            [-83.363615000121243, 38.336015999889412],
            [-83.363733000122025, 38.336165000054365],
            [-83.36384399955179, 38.336455999748345],
            [-83.363786999650387, 38.336692999746951],
            [-83.363646999908298, 38.336981999730817],
            [-83.363578000311335, 38.33708200032968],
            [-83.363504999618087, 38.337214000175976],
            [-83.363467999808151, 38.337395000001287],
            [-83.36352700025769, 38.337576999922526],
            [-83.363693999763967, 38.337698999745385],
            [-83.363759999886199, 38.337746999885077],
            [-83.363921000443014, 38.337900999912996],
            [-83.363995000062843, 38.337987000106402],
            [-83.364101000368066, 38.338148999718271],
            [-83.364002999560441, 38.338362000313865],
            [-83.363728000099144, 38.338617000163588],
            [-83.363548000174092, 38.338761000071798],
            [-83.363312000172542, 38.338979999926686],
            [-83.362963000193091, 38.339536999856229],
            [-83.362979000086597, 38.339681000049573],
            [-83.36300900022384, 38.339764000099478],
            [-83.36318099975297, 38.339833999677161],
            [-83.363522000234838, 38.339973000228404],
            [-83.36367299984758, 38.340089999791267],
            [-83.363785999825481, 38.340314000293951],
            [-83.363882000084942, 38.340800000047345],
            [-83.363957000428002, 38.340991999947391],
            [-83.364031999872765, 38.341159000265016],
            [-83.364087000124357, 38.34127399973675],
            [-83.364139000002893, 38.341474000221204],
            [-83.364048999591191, 38.341608999883739],
            [-83.363988000390165, 38.341671999875054],
            [-83.363759000061307, 38.341908999720623],
            [-83.363743999992678, 38.341933000161148],
            [-83.363585999808933, 38.342204000121825],
            [-83.36352700025769, 38.342611999936466],
            [-83.363656999954031, 38.342919000348992],
            [-83.363887000107809, 38.343226999930437],
            [-83.364409000339634, 38.343486999783842],
            [-83.364539999860881, 38.343524000123388],
            [-83.364619000401916, 38.343547000267812],
            [-83.365140999735416, 38.34368699979477],
            [-83.365868000006643, 38.343825000241246],
            [-83.366317000443544, 38.344600000284494],
            [-83.366516999561753, 38.344841000091328],
            [-83.366704999882742, 38.34506700017856],
            [-83.367016000227352, 38.345299000095714],
            [-83.367198999627149, 38.345536999785224],
            [-83.367166000015189, 38.345777999997082],
            [-83.367037000143753, 38.346022999723765],
            [-83.367001999983657, 38.346296999756348],
            [-83.367119999984439, 38.346496000037916],
            [-83.36714099990084, 38.346531000105188],
            [-83.36720399965003, 38.346566999875009],
            [-83.367448999872408, 38.346706999905592],
            [-83.367814999570285, 38.347038000028839],
            [-83.367901999608932, 38.347323999774893],
            [-83.367880999692545, 38.347901000019974],
            [-83.368000000416529, 38.348174000295806],
            [-83.368202000082903, 38.348293000093982],
            [-83.368274999877826, 38.348300000076051],
            [-83.368454999802879, 38.348318999923208],
            [-83.368787999888823, 38.348230000225172],
            [-83.369178999701063, 38.3481530003111],
            [-83.3694690001293, 38.348188000282207],
            [-83.370076999676527, 38.348413000095071],
            [-83.370525000288509, 38.348473000021023],
            [-83.370954999560496, 38.348509000234543],
            [-83.370994999743473, 38.348518000285154],
            [-83.371619000082532, 38.348651999810087],
            [-83.371990999628224, 38.348780000249945],
            [-83.372315000391637, 38.348961000061927],
            [-83.372348999828489, 38.348979999735676],
            [-83.37240099970704, 38.349039999896405],
            [-83.372583000180242, 38.349253000171217],
            [-83.372633000408939, 38.349533999823443],
            [-83.372507999837168, 38.349851000045248],
            [-83.371951000343557, 38.350620999992202],
            [-83.371840999840387, 38.35093700002372],
            [-83.371901999939766, 38.351130000185094],
            [-83.372110000352208, 38.351265000167437],
            [-83.372399000057229, 38.351318999808143],
            [-83.373450000193543, 38.351397000235607],
            [-83.37435300019186, 38.351470000207335],
            [-83.374665000361418, 38.351591999880029],
            [-83.375021999838467, 38.35193599983662],
            [-83.375107000227288, 38.352060999768348],
            [-83.375368000343201, 38.352524999842558],
            [-83.375607999644387, 38.353013000052862],
            [-83.375769000201174, 38.353216000115857],
            [-83.37595099977608, 38.353361000214981],
            [-83.376256000272903, 38.353397999737091],
            [-83.376787999652166, 38.353359999884944],
            [-83.376987999668685, 38.353365999751702],
            [-83.377180000187622, 38.353382000098428],
            [-83.377370999983341, 38.353410000168289],
            [-83.377263999853227, 38.353709000113575],
            [-83.377044999570103, 38.354460999866603],
            [-83.377022000003876, 38.354579000291821],
            [-83.377011000133223, 38.35470500019921],
            [-83.377054999615837, 38.355204999940199],
            [-83.377140000004658, 38.355528999980059],
            [-83.377406999968358, 38.355887999750713],
            [-83.377612000007758, 38.356142000304764],
            [-83.377926999652033, 38.35642699973522],
            [-83.378221000278231, 38.356683999955237],
            [-83.37842100029475, 38.356832000295697],
            [-83.379264999843542, 38.357350999731935],
            [-83.379599999579284, 38.357559999831771],
            [-83.379421000377477, 38.357919000098192],
            [-83.379082000443731, 38.358265000106655],
            [-83.378962999719747, 38.3583819997069],
            [-83.378750000182734, 38.358495999749586],
            [-83.37854799961805, 38.358604000180605],
            [-83.378206000209602, 38.358813999735595],
            [-83.377976000055838, 38.359063000038766],
            [-83.377969000383146, 38.359284000289222],
            [-83.37802899975928, 38.359555999671301],
            [-83.378104000102368, 38.359765999986799],
            [-83.378152999607835, 38.360337999950481],
            [-83.378393999632252, 38.360887000060004],
            [-83.378519000204051, 38.361170000090141],
            [-83.378492000439877, 38.361359000273119],
            [-83.378350999974572, 38.361648999967166],
            [-83.378229999600734, 38.361901000312379],
            [-83.37810800030033, 38.362278999889675],
            [-83.37821899973008, 38.362529999951441],
            [-83.378433999815229, 38.362722000003259],
            [-83.378669999816779, 38.36280100032063],
            [-83.379069999849861, 38.362849000025527],
            [-83.379500999845092, 38.362775000056317],
            [-83.38002800009977, 38.362742999989074],
            [-83.380274999971988, 38.362810000003584],
            [-83.380494000255084, 38.363007999789211],
            [-83.380854000105217, 38.363448999990631],
            [-83.381358999720291, 38.363967999886093],
            [-83.381470999873272, 38.364073000059733],
            [-83.381706999874822, 38.364270999912328],
            [-83.381869000256529, 38.364403999690651],
            [-83.382183000075884, 38.364544999924881],
            [-83.382679000368441, 38.364717999797016],
            [-83.382963000050566, 38.364701999842467],
            [-83.383205999724808, 38.364649999965813],
            [-83.383404000091531, 38.364546000100383],
            [-83.383691999971632, 38.364373999994974],
            [-83.383968000156145, 38.364206999677691],
            [-83.384136000385638, 38.364105000243363],
            [-83.384259000409287, 38.364113000287027],
            [-83.384343999899784, 38.3641729998822],
            [-83.384374999861919, 38.364194000151372],
            [-83.384984000132363, 38.364652000313946],
            [-83.385283999708037, 38.364885999810518],
            [-83.385512000211975, 38.365066000046241],
            [-83.385850000320787, 38.36525499991771],
            [-83.386717000334087, 38.365419000144087],
            [-83.386999000366401, 38.365531000050801],
            [-83.387021999932614, 38.365563000294195],
            [-83.38718500013924, 38.365792999734211],
            [-83.387335999751969, 38.366264000205021],
            [-83.387518000225185, 38.366714000191735],
            [-83.387712000393932, 38.367160000344775],
            [-83.387801000082405, 38.367362000046782],
            [-83.388011000144672, 38.367562000325897],
            [-83.388518000307869, 38.367721000301394],
            [-83.388931999686349, 38.367711999820401],
            [-83.389290999711534, 38.367605999862391],
            [-83.389505999796697, 38.367369000298254],
            [-83.389607999903944, 38.367083000135651],
            [-83.389869999844791, 38.366345999925819],
            [-83.389889999936258, 38.366291000071797],
            [-83.390150000227251, 38.366118999887149],
            [-83.390315999908609, 38.366065000015148],
            [-83.390583999697213, 38.365979000057528],
            [-83.391065999746047, 38.36602100024615],
            [-83.392350000409223, 38.36655600026468],
            [-83.392550000425743, 38.366909000138854],
            [-83.392578999839742, 38.36761300009033],
            [-83.39237100032561, 38.368277000220026],
            [-83.39235399970886, 38.368385000144535],
            [-83.39229099995967, 38.368784000013598],
            [-83.39231900044706, 38.369163999788974],
            [-83.392372000150502, 38.369399000301122],
            [-83.392555000448624, 38.369616000267172],
            [-83.392730000350795, 38.369711999762153],
            [-83.393090000200914, 38.369826000273648],
            [-83.393358999814438, 38.369874000249943],
            [-83.393576000447709, 38.369881999655952],
            [-83.394367000293045, 38.369866000138678],
            [-83.39462400021101, 38.369900000077038],
            [-83.39470299985372, 38.369933999999425],
            [-83.394767000326141, 38.370057999746692],
            [-83.39473200016603, 38.370452999876598],
            [-83.394552000240978, 38.371036000144137],
            [-83.394459000354558, 38.371339000160603],
            [-83.394425000019382, 38.371636999929521],
            [-83.394470000225212, 38.371811999902498],
            [-83.394768999975966, 38.372509000295814],
            [-83.395070000274842, 38.372819000207279],
            [-83.395360999629659, 38.372911000143581],
            [-83.39624699990955, 38.37282000026849],
            [-83.396487000109076, 38.372854000227456],
            [-83.396655000338555, 38.372981000077935],
            [-83.396712000239958, 38.373181000322212],
            [-83.396689999600341, 38.373309999707622],
            [-83.396651000140594, 38.373544000085836],
            [-83.39652999976677, 38.373743000134091],
            [-83.396425000184777, 38.374085999728877],
            [-83.396451999948965, 38.374149000340104],
            [-83.396487999933967, 38.374231000282116],
            [-83.396646999942618, 38.37439099972962],
            [-83.396970999807735, 38.374609000256129],
            [-83.397397999604991, 38.374896000286888],
            [-83.397760000003245, 38.374946999812529],
            [-83.398702000359634, 38.374923999782339],
            [-83.399484999809047, 38.374900999744852],
            [-83.399704000092143, 38.374949999907777],
            [-83.400038999827927, 38.375034999738006],
            [-83.400149000331069, 38.375083999810137],
            [-83.400193999638617, 38.375165000072307],
            [-83.400367999715883, 38.375693999971581],
            [-83.400351999822362, 38.376000000253647],
            [-83.400309999989574, 38.37613699966591],
            [-83.400229999623619, 38.376249999900928],
            [-83.39993599989576, 38.376459999669493],
            [-83.399894000062972, 38.376548999877123],
            [-83.399897000435985, 38.376582000187383],
            [-83.399909999956478, 38.37672599995674],
            [-83.399913000329533, 38.376940999773367],
            [-83.399889000040076, 38.377033000102372],
            [-83.399849999682033, 38.377181999682904],
            [-83.399757999620519, 38.377378000294321],
            [-83.399555999954146, 38.377589000305157],
            [-83.399357999587423, 38.377721000262731],
            [-83.399171999814598, 38.37780099969298],
            [-83.398919999919514, 38.377877999765282],
            [-83.398443999718452, 38.378036000324606],
            [-83.398267999991361, 38.378140999805709],
            [-83.398122000401486, 38.378269000221245],
            [-83.398068999799733, 38.378402000330532],
            [-83.3980739998226, 38.37857400019405],
            [-83.398261000318655, 38.378723000121902],
            [-83.398497000320219, 38.378859000033934],
            [-83.399006000133241, 38.379030000244008],
            [-83.399533000387933, 38.379164000336225],
            [-83.400345999974562, 38.379317000342922],
            [-83.401158999561218, 38.379519999879932],
            [-83.401249999797827, 38.379595000300235],
            [-83.401254999820679, 38.379680000306969],
            [-83.401110999880643, 38.38014899990695],
            [-83.400977999811246, 38.38031999988457],
            [-83.400829999673249, 38.380494000027547],
            [-83.400534000295551, 38.380888000277601],
            [-83.400436000386264, 38.381119000250244],
            [-83.400367999715883, 38.381759999709878],
            [-83.4003900003555, 38.382069000189787],
            [-83.400463000150438, 38.382583999934212],
            [-83.400498000310535, 38.382903000337926],
            [-83.400524000249817, 38.382994000206239],
            [-83.400633000029757, 38.383363000224506],
            [-83.400759000426461, 38.383894999757906],
            [-83.400762999726098, 38.384081999932505],
            [-83.400765000274234, 38.384183000175938],
            [-83.400735999961924, 38.384334000325616],
            [-83.400723000441445, 38.384401999968283],
            [-83.400554000387032, 38.38471300022205],
            [-83.4003900003555, 38.384856000107291],
            [-83.400222999950927, 38.384995000138368],
            [-83.400190000338966, 38.385021000165196],
            [-83.400068000140223, 38.385242999905287],
            [-83.39998199992651, 38.385604999821581],
            [-83.400019999561337, 38.385705000167668],
            [-83.400236000369731, 38.385884000139093],
            [-83.400439999685915, 38.3860060002552],
            [-83.40057899960307, 38.386089000014564],
            [-83.400761000076272, 38.386175000012585],
            [-83.400839999718997, 38.386211999660965],
            [-83.400999999552553, 38.386269000319231],
            [-83.401454999837227, 38.386441999657798],
            [-83.40149699967003, 38.386511000007118],
            [-83.401427000248134, 38.386739000019709],
            [-83.401239999752065, 38.387121000282846],
            [-83.401053000154306, 38.387483999811586],
            [-83.400955000245034, 38.387709000007327],
            [-83.400920000084938, 38.387791000070457],
            [-83.400889999947694, 38.38790299985186],
            [-83.400826000373613, 38.388091000075846],
            [-83.400704999999775, 38.388633999716205],
            [-83.400648999923277, 38.388942999698735],
            [-83.400544000341284, 38.389318999883656],
            [-83.400520000051841, 38.389660999732364],
            [-83.400564000432794, 38.3897530000785],
            [-83.400663999991892, 38.389854999973444],
            [-83.400778999619618, 38.389912999697685],
            [-83.401004999575434, 38.389927999885828],
            [-83.401325999965792, 38.389898000210493],
            [-83.402028999947575, 38.389689999678069],
            [-83.4025029996005, 38.389572000166218],
            [-83.402799999701429, 38.389586999721026],
            [-83.403096999802344, 38.389740000212726],
            [-83.403136000160416, 38.389784000344818],
            [-83.403309000412762, 38.389976999727836],
            [-83.403364999590949, 38.390243000302505],
            [-83.403275000077585, 38.390557000235098],
            [-83.403265999856757, 38.39100200006235],
            [-83.403326000131202, 38.391233999928957],
            [-83.403439000109103, 38.391420000334485],
            [-83.403593000094901, 38.391710999759319],
            [-83.403727999814095, 38.391998000237123],
            [-83.40384199961693, 38.39208800013273],
            [-83.403943999724163, 38.392112999927392],
            [-83.404152000136634, 38.392096999693678],
            [-83.404327999863725, 38.391989999755964],
            [-83.40453899975094, 38.391814000211504],
            [-83.4047060001555, 38.391689999731135],
            [-83.405004000081334, 38.391446999967492],
            [-83.40516599956473, 38.391343999696609],
            [-83.405446999772124, 38.391164000053685],
            [-83.405641999765791, 38.39116300024606],
            [-83.405820000041032, 38.391189000167806],
            [-83.406149999753907, 38.391368999748494],
            [-83.406405000022048, 38.391766999804595],
            [-83.406600999840606, 38.392135000330931],
            [-83.406778000290942, 38.392433000337604],
            [-83.407211999760889, 38.392713999937151],
            [-83.407373000317691, 38.39278699977973],
            [-83.407493999793189, 38.392808000193362],
            [-83.407668999695389, 38.392746000127985],
            [-83.407824000404403, 38.392628999757562],
            [-83.407947000428052, 38.392425999694751],
            [-83.408077999949299, 38.392276000038272],
            [-83.408407999662188, 38.392019000175871],
            [-83.4086629999303, 38.391937999775138],
            [-83.409119000039894, 38.391920999705548],
            [-83.409369000285139, 38.39200600001336],
            [-83.409558000431034, 38.392154999731929],
            [-83.409709999868682, 38.392380000180502],
            [-83.409698000173108, 38.392703999962627],
            [-83.409559000255939, 38.393296999652158],
            [-83.409493999958613, 38.39369300011213],
            [-83.409509999852133, 38.393853000166445],
            [-83.409526999570559, 38.393912999743478],
            [-83.409632000050877, 38.394287999668315],
            [-83.409786999861581, 38.39439199973291],
            [-83.409930999801617, 38.394440000308009],
            [-83.410437999964813, 38.394348000292517],
            [-83.410833999799948, 38.394290999665508],
            [-83.411356000031759, 38.394223999933324],
            [-83.411465999636604, 38.394217999933247],
            [-83.411773999608201, 38.394316999870576],
            [-83.412018000005659, 38.394437000316998],
            [-83.412206000326648, 38.394568999803575],
            [-83.412339000396031, 38.39470899993443],
            [-83.41236799981003, 38.394870000312977],
            [-83.412298000388148, 38.395035000053539],
            [-83.412162999770629, 38.395420000095854],
            [-83.412147999702, 38.395476000084869],
            [-83.412084000127905, 38.395728000202595],
            [-83.412009999609737, 38.395991000112382],
            [-83.411991000241485, 38.396142000249306],
            [-83.411972999799829, 38.396277999794997],
            [-83.412002999937044, 38.39644599975027],
            [-83.412096999648398, 38.396501999648592],
            [-83.412244999786381, 38.396490999760012],
            [-83.412413000015874, 38.396474999791025],
            [-83.412884000194083, 38.396400999712533],
            [-83.413314000364394, 38.396298999898747],
            [-83.413704000351728, 38.396194000022959],
            [-83.414122999753062, 38.396073999676474],
            [-83.414326999967571, 38.395953000093527],
            [-83.414809000016405, 38.395618999809649],
            [-83.414946000283763, 38.395523000193023],
            [-83.415178999912257, 38.395394000287418],
            [-83.415397000370476, 38.395369999968487],
            [-83.415546000333379, 38.395454999742057],
            [-83.415664000334161, 38.39558299979236],
            [-83.415902999810442, 38.395803999752772],
            [-83.416092999781242, 38.395991999853194],
            [-83.416225000025719, 38.396124000021082],
            [-83.416254000338043, 38.396148000089717],
            [-83.416367000315944, 38.396242000105786],
            [-83.416482999768576, 38.39628099970961],
            [-83.416723999793007, 38.396266000135249],
            [-83.416928000007516, 38.396154999668198],
            [-83.417194999971201, 38.395844000039794],
            [-83.41737700044439, 38.39563200002663],
            [-83.417625000141513, 38.395237000080826],
            [-83.417861000143048, 38.394997999990863],
            [-83.418308999856734, 38.39454899966217],
            [-83.418585000041233, 38.394263999686324],
            [-83.418939999868485, 38.394181000156557],
            [-83.419232999771438, 38.394199000164441],
            [-83.41944299983372, 38.394223999933324],
            [-83.419763000399186, 38.394293999662573],
            [-83.419958000392853, 38.394280000144548],
            [-83.420069999647524, 38.394214999933027],
            [-83.420163000432254, 38.394118999860318],
            [-83.420312000395171, 38.393964999712161],
            [-83.420348000380187, 38.393914999986706],
            [-83.420420000350219, 38.393811999711048],
            [-83.420490999597007, 38.393770999936415],
            [-83.420709000055226, 38.393647999769072],
            [-83.420847000147461, 38.393559000181511],
            [-83.420975000193991, 38.393504999666384],
            [-83.421198999601657, 38.393412000092766],
            [-83.42158699993918, 38.393261999665462],
            [-83.421812000070076, 38.393101999711526],
            [-83.421951999812151, 38.392975999762633],
            [-83.422038000025879, 38.392919999949576],
            [-83.422238000042427, 38.39267300024401],
            [-83.422441000432016, 38.392437999991763],
            [-83.422514000226954, 38.39238600033309],
            [-83.422679999908297, 38.392268000291956],
            [-83.422716999718233, 38.392252999885066],
            [-83.422868000229286, 38.392191999841259],
            [-83.422909000237155, 38.392176000329123],
            [-83.423064999872778, 38.392074000187634],
            [-83.423191000269469, 38.391988000163593],
            [-83.423421000423232, 38.391819999706961],
            [-83.423476999601434, 38.391779000211017],
            [-83.423550000294682, 38.391737999987718],
            [-83.423773999702334, 38.391610999972912],
            [-83.423883000380599, 38.391549000289331],
            [-83.42396700004619, 38.391532999930817],
            [-83.424153999643949, 38.391497999794325],
            [-83.4244259996305, 38.391374000180321],
            [-83.424470000011425, 38.391353999859213],
            [-83.424632000393132, 38.391233000122298],
            [-83.424669000203068, 38.391233999928957],
            [-83.42497700017465, 38.391238999665966],
            [-83.425141000206168, 38.391248999843143],
            [-83.425328999628832, 38.391218000204852],
            [-83.425362000139103, 38.391196000226365],
            [-83.425491000010538, 38.391105999924662],
            [-83.425742000080703, 38.390916000171565],
            [-83.425826999571214, 38.3908059997528],
            [-83.425771000393013, 38.3907679998253],
            [-83.425767000195066, 38.390654999737627],
            [-83.425512999751845, 38.390237999792468],
            [-83.425388999903291, 38.390035999881519],
            [-83.425347999895394, 38.38957100033663],
            [-83.425520000322862, 38.38947200023825],
            [-83.425925000378811, 38.389283000250188],
            [-83.426061999747844, 38.389199999931726],
            [-83.426204999862961, 38.389121000269633],
            [-83.426384999788041, 38.388984999936199],
            [-83.427178000181513, 38.388342999879129],
            [-83.427275000265865, 38.388268999927341],
            [-83.427409000160196, 38.388223999729391],
            [-83.427785999728741, 38.388185999853313],
            [-83.428255000257096, 38.388197000301282],
            [-83.428512999999953, 38.388212999989662],
            [-83.428781999613477, 38.388253000251346],
            [-83.429175999798773, 38.388346999969507],
            [-83.429892000199345, 38.388582000138541],
            [-83.430417999730807, 38.388841999765383],
            [-83.430882000236309, 38.389006000045818],
            [-83.431237000063547, 38.388981999718872],
            [-83.431351999691273, 38.388974000312274],
            [-83.431734000181009, 38.389041999817181],
            [-83.431903000235422, 38.389071999847616],
            [-83.43225899988758, 38.389199000096944],
            [-83.432771999898549, 38.389423000054109],
            [-83.432899999945064, 38.389427000084744],
            [-83.433011000273169, 38.389381000070969],
            [-83.433231000381184, 38.389272999801186],
            [-83.433397999887447, 38.389161999864363],
            [-83.433602000101942, 38.389024999770896],
            [-83.433910999898444, 38.388889999800114],
            [-83.434417000236721, 38.388856000336197],
            [-83.434649999865229, 38.388922000274945],
            [-83.435059999944059, 38.388989999828759],
            [-83.435210999556787, 38.389014999990337],
            [-83.435382999984242, 38.389020999718028],
            [-83.435500999985024, 38.389001999991891],
            [-83.435732999788598, 38.388857000175733],
            [-83.436244999974676, 38.388532000211484],
            [-83.436373000021206, 38.388451999974606],
            [-83.436495000219935, 38.388416999755158],
            [-83.436685000190721, 38.38836300032883],
            [-83.436753999787712, 38.388355000149588],
            [-83.437765999565983, 38.388259000042254],
            [-83.438225999873524, 38.388226999978173],
            [-83.438883999649462, 38.388176999805623],
            [-83.439683999715626, 38.388324999821705],
            [-83.440076000251111, 38.388392000090917],
            [-83.440266000221911, 38.388406999890478],
            [-83.440472000086231, 38.388337999941847],
            [-83.440584000239227, 38.388170000158958],
            [-83.440667999904804, 38.388041999660061],
            [-83.441457000100328, 38.38787700015699],
            [-83.441868999828969, 38.387753999821641],
            [-83.442016000142047, 38.38768900008084],
            [-83.442512000434618, 38.387484999670086],
            [-83.443043999813852, 38.387298999705258],
            [-83.44325700024919, 38.387310000288139],
            [-83.443504000121393, 38.387372000085392],
            [-83.443773999559824, 38.38733000031938],
            [-83.444012999934429, 38.387215999926276],
            [-83.444192999859482, 38.387004999830118],
            [-83.444182999813748, 38.38669799975542],
            [-83.444032000201005, 38.386450999921408],
            [-83.443537999558259, 38.385971000260248],
            [-83.443509999969166, 38.385898999754666],
            [-83.44377500028304, 38.385616999842242],
            [-83.443937999591341, 38.385443000051907],
            [-83.444345000195426, 38.385009000045656],
            [-83.444599999565256, 38.384735000060267],
            [-83.444659000014809, 38.384596000233692],
            [-83.444493000333452, 38.384088999974828],
            [-83.444315999883131, 38.383846999928871],
            [-83.444464000021142, 38.383199999740548],
            [-83.444650999618887, 38.382897000102716],
            [-83.445090000010012, 38.382469999806332],
            [-83.445209999660605, 38.382179999745993],
            [-83.445520000180323, 38.381451000022494],
            [-83.446084000244952, 38.3809679997267],
            [-83.446465000011457, 38.38064200027307],
            [-83.446740000371065, 38.38060100007359],
            [-83.447157999947507, 38.380687000259115],
            [-83.447829999967126, 38.380813999740184],
            [-83.44841099975018, 38.380754999809405],
            [-83.448809999958343, 38.380766999930501],
            [-83.449097000013538, 38.380851999968549],
            [-83.449895000429876, 38.381210000250348],
            [-83.450488999733409, 38.381217999811533],
            [-83.451111000422657, 38.381151999884331],
            [-83.451619000410759, 38.381428999889636],
            [-83.452176999729275, 38.381631999837708],
            [-83.452566999716623, 38.381729000229214],
            [-83.452847999924018, 38.381799000082481],
            [-83.453097000344357, 38.38193799965071],
            [-83.453320999752037, 38.381980999665664],
            [-83.453992999771671, 38.381910999988506],
            [-83.45427200032924, 38.381782999679402],
            [-83.45455600001138, 38.381627000140682],
            [-83.454925999907232, 38.381514999794931],
            [-83.454976000135943, 38.381492999681484],
            [-83.455464999857483, 38.381265999976812],
            [-83.455536999827515, 38.381245999677084],
            [-83.455698000384302, 38.381458000319476],
            [-83.455755000285706, 38.381571999929719],
            [-83.455782999874799, 38.381955999889335],
            [-83.455830999555388, 38.382227000045944],
            [-83.455925000165024, 38.382620000085531],
            [-83.45595899960189, 38.382758000264801],
            [-83.455987000089308, 38.383021000168391],
            [-83.455982999891333, 38.383323000074945],
            [-83.456071999579791, 38.383767000142953],
            [-83.456237000334553, 38.383955999758783],
            [-83.456613000078192, 38.384233000293044],
            [-83.456936000118375, 38.384323999896395],
            [-83.457219999800515, 38.384354999673249],
            [-83.457628000229505, 38.384231999685476],
            [-83.458029000087507, 38.38406899975147],
            [-83.4582890003785, 38.38399100002465],
            [-83.458412000402149, 38.38395399994431],
            [-83.458746000312999, 38.383943000259315],
            [-83.459172000285349, 38.383895999666017],
            [-83.459249000278234, 38.383907999970219],
            [-83.459337999966692, 38.383963999720464],
            [-83.459293999585753, 38.384141999871034],
            [-83.459252999577885, 38.384286999986386],
            [-83.459189000003775, 38.384486999959854],
            [-83.459142000148134, 38.384619000005614],
            [-83.45911299983581, 38.384739000350251],
            [-83.459086999896527, 38.384911999827729],
            [-83.459082999698566, 38.385150000268382],
            [-83.459033000368166, 38.38539700032063],
            [-83.459132999927292, 38.386026999821546],
            [-83.459163000064521, 38.386151000154427],
            [-83.459184999805814, 38.38623799995441],
            [-83.459404000088938, 38.386660999651561],
            [-83.459441999723779, 38.386801000306512],
            [-83.459450000119688, 38.386840999940887],
            [-83.459259000323982, 38.387139999799061],
            [-83.459057999584218, 38.387407999966015],
            [-83.458956000375267, 38.387521000198596],
            [-83.458666999771964, 38.387834999980115],
            [-83.45864099983271, 38.387873999893685],
            [-83.4584790003493, 38.388113000294815],
            [-83.458426999572453, 38.388257000346698],
            [-83.45841999989976, 38.38831900003629],
            [-83.458538999725434, 38.388406000044782],
            [-83.458676999817698, 38.388466999761725],
            [-83.458889000428115, 38.388651999696719],
            [-83.459100000315317, 38.388840999925698],
            [-83.459280000240369, 38.389001999991891],
            [-83.460201999606966, 38.389741000040033],
            [-83.460573000226049, 38.390019000068897],
            [-83.460785999763061, 38.390133000268222],
            [-83.461646000103684, 38.390356000329923],
            [-83.462190999901736, 38.390513999685858],
            [-83.462364999979002, 38.390635999736695],
            [-83.462405999986885, 38.390779999693393],
            [-83.462431999926153, 38.390904000326032],
            [-83.462519999789706, 38.391153000057038],
            [-83.462508999919038, 38.39136300021562],
            [-83.462446999994768, 38.39198599986706],
            [-83.46230999972741, 38.39233700001121],
            [-83.46229300000897, 38.392611000062871],
            [-83.462360999781041, 38.39279399968359],
            [-83.462513000116985, 38.392903000110913],
            [-83.462766999661909, 38.393006000273289],
            [-83.463196000007301, 38.393155999823541],
            [-83.463474999666559, 38.393267999744864],
            [-83.46369599959948, 38.393352000100002],
            [-83.46415400025721, 38.393374999903628],
            [-83.464539000221663, 38.39334600002757],
            [-83.465340000112761, 38.393059999752957],
            [-83.465376000097777, 38.393056999704697],
            [-83.465580000312258, 38.393039000116595],
            [-83.465756999864269, 38.393071999944802],
            [-83.465956999880817, 38.393180000173359],
            [-83.466378999655191, 38.393609000153134],
            [-83.466563999603125, 38.39392000024241],
            [-83.466541000036898, 38.394054999975737],
            [-83.466367999784552, 38.394184999924001],
            [-83.466193999707286, 38.394265000155102],
            [-83.465955000230991, 38.394403999703677],
            [-83.465545000152161, 38.394659999778639],
            [-83.465097000438519, 38.394989000086916],
            [-83.464976000064681, 38.395366000266549],
            [-83.46468999983442, 38.395925000289196],
            [-83.464559000313173, 38.396199000121108],
            [-83.464473000099431, 38.396402000151731],
            [-83.464474999749271, 38.396511000068266],
            [-83.464495999665658, 38.396569999818873],
            [-83.46465899987227, 38.39661600018767],
            [-83.464822999903802, 38.396651999690597],
            [-83.465056000430621, 38.396684999981964],
            [-83.465540000129295, 38.396807000181532],
            [-83.465926999743587, 38.397022999879923],
            [-83.466014999607125, 38.397184999758267],
            [-83.466072000406854, 38.397341999958897],
            [-83.466081999554277, 38.397372000066078],
            [-83.466089999950199, 38.397608999911739],
            [-83.465899999979413, 38.397840999700314],
            [-83.465836000405304, 38.397924999670821],
            [-83.46573199974992, 38.398137999711686],
            [-83.465772999757789, 38.398260999984856],
            [-83.466079999904466, 38.398502999671095],
            [-83.466592000090543, 38.398907999899507],
            [-83.46683300011496, 38.398982000228031],
            [-83.468015999597441, 38.398701000347835],
            [-83.468838000303236, 38.398422999905179],
            [-83.469203000176236, 38.398268000062792],
            [-83.469589999790514, 38.398102000244613],
            [-83.470026999633532, 38.3978790001349],
            [-83.470421999643733, 38.397575000323265],
            [-83.470650999972591, 38.397341000236736],
            [-83.470833000445779, 38.397160000309214],
            [-83.470942000225733, 38.397051999689282],
            [-83.471187000448111, 38.39691999980765],
            [-83.471360999627066, 38.396862000071458],
            [-83.471742000291883, 38.396927000015438],
            [-83.471967000422779, 38.39696200034016],
            [-83.472482000083602, 38.397017999838809],
            [-83.47308899980591, 38.397004999871037],
            [-83.473457999876857, 38.396996999943894],
            [-83.473539000067717, 38.396986999857681],
            [-83.473682000182848, 38.396968999839835],
            [-83.474032999812124, 38.396906999822264],
            [-83.474077000193049, 38.396966999681105],
            [-83.474098000109436, 38.397027000194242],
            [-83.474083999865741, 38.397176999851034],
            [-83.474033999637044, 38.397384000246241],
            [-83.473920999659143, 38.397588000188492],
            [-83.473873999803459, 38.397713000127546],
            [-83.473789000312976, 38.397800000098371],
            [-83.473549999938371, 38.398195000121881],
            [-83.473497000234929, 38.398270000185541],
            [-83.473291000370594, 38.398564999727974],
            [-83.473284999624497, 38.398704000161921],
            [-83.473345999723875, 38.398745999658004],
            [-83.473405000173415, 38.398763000234894],
            [-83.47349899988474, 38.398791000348162],
            [-83.473651000220698, 38.39882099985406],
            [-83.473688999855526, 38.398827999877774],
            [-83.473980999933588, 38.398923000333731],
            [-83.474246000247462, 38.399043999874095],
            [-83.474693000136213, 38.399310999877173],
            [-83.475166999789138, 38.399404000311165],
            [-83.475639999617144, 38.399524000058449],
            [-83.47594799958874, 38.399594999979428],
            [-83.476213999727506, 38.399697999760619],
            [-83.476367999713275, 38.399851999665565],
            [-83.476381999956985, 38.399864999825354],
            [-83.47641999959184, 38.399905999664263],
            [-83.476597999867053, 38.400101000262346],
            [-83.476675999684872, 38.400257000080501],
            [-83.476756000050813, 38.400514999907401],
            [-83.47689199959494, 38.400864999805165],
            [-83.476971000135947, 38.401068000109881],
            [-83.477037000258207, 38.401238000238571],
            [-83.477047000303941, 38.40126400005736],
            [-83.477129000319721, 38.401382999866755],
            [-83.477209999612242, 38.401502000184244],
            [-83.477326999788104, 38.401527999908069],
            [-83.477437000291275, 38.401531000308793],
            [-83.477476999575941, 38.401533000341253],
            [-83.477601000322821, 38.401552000294664],
            [-83.477679999965531, 38.401565999812526],
            [-83.477939000431618, 38.401615000215621],
            [-83.478223000113744, 38.401707999797452],
            [-83.47846499996308, 38.401819999846595],
            [-83.478767000086876, 38.401995999673716],
            [-83.479019999806852, 38.402232000193379],
            [-83.479398999923546, 38.402409999729542],
            [-83.479663000412501, 38.402494999673742],
            [-83.479838000314686, 38.402550000164169],
            [-83.480079000339117, 38.402666000318838],
            [-83.480491999892678, 38.402888999741322],
            [-83.480542999946309, 38.402953999898081],
            [-83.480982000337434, 38.403013000022227],
            [-83.481164999737217, 38.403103000285896],
            [-83.481384000020341, 38.403346000297354],
            [-83.481551000424915, 38.403622000136359],
            [-83.481718999756083, 38.403912000096881],
            [-83.482025999902774, 38.404389999681861],
            [-83.48213700023085, 38.404452000321321],
            [-83.482287999843578, 38.404456000224506],
            [-83.482345999569901, 38.404447999713952],
            [-83.483472999874209, 38.404300000316738],
            [-83.483847999792928, 38.404142999740216],
            [-83.48415099974163, 38.403944999889973],
            [-83.484304999727428, 38.403940000327616],
            [-83.484963000401677, 38.404251000325893],
            [-83.485384000351161, 38.404495000324822],
            [-83.485534000138998, 38.404711999903043],
            [-83.485605000284096, 38.404850000162078],
            [-83.485612999781708, 38.404988999774034],
            [-83.485647999941804, 38.405056999704591],
            [-83.485718000261997, 38.405087000129853],
            [-83.485786999858973, 38.40506599976311],
            [-83.486352999573413, 38.404826000166572],
            [-83.486632000130967, 38.404758000018681],
            [-83.486911999615145, 38.40463199996892],
            [-83.487046000407773, 38.404531999750702],
            [-83.487232000180597, 38.40442899981781],
            [-83.487479000052829, 38.404345999990618],
            [-83.487751000039381, 38.404323000157341],
            [-83.488142999676526, 38.404398000198832],
            [-83.488303000408422, 38.404407000339354],
            [-83.4884079999904, 38.404347999945195],
            [-83.488638999969098, 38.404168999922049],
            [-83.48869099984762, 38.404144999700407],
            [-83.489065999766353, 38.404011000134972],
            [-83.489275999828621, 38.403891000092663],
            [-83.490904000448367, 38.403048999859585],
            [-83.491040999817415, 38.403011999674504],
            [-83.491118999635219, 38.403022999978859],
            [-83.491219999917561, 38.403084999678967],
            [-83.491342999941196, 38.403207999982612],
            [-83.491696000118623, 38.403585999880448],
            [-83.491987000371751, 38.403900999927821],
            [-83.492173999969509, 38.404018999989923],
            [-83.492496000184772, 38.404091999681334],
            [-83.492559999758882, 38.404089999719723],
            [-83.492793000285701, 38.404085999796294],
            [-83.493004999997808, 38.404024000250836],
            [-83.493945999630952, 38.403574999661778],
            [-83.494044000438578, 38.403525000246724],
            [-83.494417999634067, 38.403288999724857],
            [-83.494563000297347, 38.40302200033522],
            [-83.494739999849358, 38.402820999882998],
            [-83.49504100014822, 38.40262699993562],
            [-83.495200000156885, 38.402618999926624],
            [-83.495561999656829, 38.402696999976648],
            [-83.495999000398143, 38.402664999966319],
            [-83.496386000012421, 38.402532000123472],
            [-83.496817999832558, 38.402220999768652],
            [-83.497186999903505, 38.401794999888367],
            [-83.497433999775708, 38.401586999788172],
            [-83.497607999852988, 38.401550999926727],
            [-83.497873999991768, 38.401582000062724],
            [-83.498096999574528, 38.401717999934576],
            [-83.498370000284311, 38.401966000077465],
            [-83.49838500035294, 38.402015000209417],
            [-83.498411000292194, 38.402101999930835],
            [-83.49836500026143, 38.402997000088774],
            [-83.498436000406542, 38.403129999780013],
            [-83.498929000326058, 38.403587999855993],
            [-83.499357999773139, 38.40386299984295],
            [-83.499524000352807, 38.404003999909229],
            [-83.499578999706088, 38.40421299972104],
            [-83.499679999988416, 38.40449099971984],
            [-83.49989900027154, 38.40481300019502],
            [-83.5006859999189, 38.405039000288248],
            [-83.500741000170507, 38.40506300021304],
            [-83.501024999852618, 38.405193000077738],
            [-83.501214999823418, 38.405371000065614],
            [-83.501306999884932, 38.405499999767002],
            [-83.501346000242975, 38.405512000005821],
            [-83.50153600021379, 38.405659000129944],
            [-83.501771000390434, 38.40577000008301],
            [-83.50193200004891, 38.405905000214695],
            [-83.502470999999161, 38.406246000149302],
            [-83.502732000115074, 38.406293999893201],
            [-83.503180999653637, 38.406284999987648],
            [-83.503477999754551, 38.406154999975243],
            [-83.503606999626001, 38.40621600020512],
            [-83.503675000296369, 38.406316999803224],
            [-83.503682999793966, 38.406513999895644],
            [-83.503605999801081, 38.407387000349516],
            [-83.503759999786865, 38.407743999921017],
            [-83.504071000131489, 38.408098999990088],
            [-83.50464100004389, 38.408898000347364],
            [-83.505183000367197, 38.409420999744363],
            [-83.505299999644748, 38.409622999696055],
            [-83.505332000330114, 38.409744999881234],
            [-83.505325999584002, 38.409921000120164],
            [-83.505164999925526, 38.41047400015713],
            [-83.505181999643952, 38.410628000331833],
            [-83.505270000405815, 38.410841999782882],
            [-83.505487999965723, 38.411037999973964],
            [-83.506140999718795, 38.411352999921469],
            [-83.506621000117818, 38.411583999714097],
            [-83.507242999908755, 38.411782999979458],
            [-83.507499000001786, 38.411769000328846],
            [-83.507646000314878, 38.411692999966249],
            [-83.508067000264347, 38.411252000322477],
            [-83.508465999574213, 38.411176999650785],
            [-83.508782999766609, 38.411036000204518],
            [-83.509166000081265, 38.410791999763966],
            [-83.509381000166428, 38.410762999835661],
            [-83.509652000328074, 38.410806999843658],
            [-83.509922999591396, 38.410954999993841],
            [-83.510151999920254, 38.41104999999714],
            [-83.510356000134763, 38.411039000210593],
            [-83.510661999558195, 38.410832000204167],
            [-83.511938999650326, 38.410477000186539],
            [-83.512373999843518, 38.410405999692166],
            [-83.512604999822202, 38.41048600027397],
            [-83.512677999617139, 38.410625999847177],
            [-83.512656999700738, 38.411009000144375],
            [-83.512703999556408, 38.411261999843013],
            [-83.512682999640006, 38.411428999937812],
            [-83.512530000377453, 38.411685000256846],
            [-83.512219000032829, 38.411894999901861],
            [-83.511860000007616, 38.412146999796555],
            [-83.511630999678758, 38.412437000040185],
            [-83.511470000020282, 38.412685000004871],
            [-83.511361000240342, 38.413046999787596],
            [-83.511397000225358, 38.413473000215113],
            [-83.511440999707972, 38.413638999926398],
            [-83.511663000364123, 38.41405400035147],
            [-83.511818999999747, 38.414195999732478],
            [-83.51198700022924, 38.414393999652646],
            [-83.512315000292276, 38.414663000338507],
            [-83.512366000345921, 38.414716000347688],
            [-83.512520000331719, 38.414857999835384],
            [-83.512670999944447, 38.414959000024837],
            [-83.512851999694405, 38.415030999746151],
            [-83.512961000372655, 38.415026999724397],
            [-83.513229000161274, 38.41486800026464],
            [-83.513470000185691, 38.414850999956371],
            [-83.513953999884365, 38.414818000216094],
            [-83.514890000392967, 38.414678000318482],
            [-83.515492000092408, 38.414147000116373],
            [-83.515565999712265, 38.414035000165292],
            [-83.515701000329784, 38.41383299987735],
            [-83.515758000231187, 38.413574000229048],
            [-83.515763000254069, 38.41338900001238],
            [-83.515889999577354, 38.413167000112566],
            [-83.516031000042673, 38.412919999901192],
            [-83.516466000235866, 38.412549999868496],
            [-83.51751700037218, 38.411988000334048],
            [-83.518108000200968, 38.411654000230726],
            [-83.518340999829476, 38.411400999792868],
            [-83.518494999815275, 38.411024999711984],
            [-83.519303000277361, 38.410964000021735],
            [-83.519887000433442, 38.410962999784061],
            [-83.519946999809605, 38.410977999828305],
            [-83.520234999689677, 38.411053000002582],
            [-83.520279999895521, 38.411077000041956],
            [-83.520551000057168, 38.411221000110601],
            [-83.520745000225915, 38.411321000224063],
            [-83.520955000288211, 38.411300999790114],
            [-83.521850999715525, 38.410146999726329],
            [-83.522410999582178, 38.409266000255819],
            [-83.522489000298293, 38.409142999702993],
            [-83.522509000389803, 38.409113000257499],
            [-83.522736999995416, 38.409001999807522],
            [-83.52300099958606, 38.408758000242081],
            [-83.523307999732722, 38.408653999726852],
            [-83.523481999810002, 38.408677999859002],
            [-83.523506999924365, 38.408700000149153],
            [-83.523824000116761, 38.408975999956517],
            [-83.524255000111978, 38.409299999976824],
            [-83.52501699964499, 38.409871999716714],
            [-83.525316000294055, 38.410172999859945],
            [-83.525913999795549, 38.410380000346294],
            [-83.526121000383085, 38.410391000233105],
            [-83.52623500018592, 38.410437999794723],
            [-83.526333000095192, 38.410530999990371],
            [-83.52645199992088, 38.410788000211404],
            [-83.526615000127507, 38.410915000325573],
            [-83.526949000038343, 38.410980000303212],
            [-83.526985000023345, 38.410977000294679],
            [-83.527651000195235, 38.410950000212495],
            [-83.528128000221201, 38.411054000239005],
            [-83.528283000031905, 38.411185000120341],
            [-83.528310999620984, 38.411269000069723],
            [-83.528409000428596, 38.411463000048876],
            [-83.528113999977492, 38.41191399994694],
            [-83.52813700044203, 38.412010000320379],
            [-83.528312000344229, 38.412185999969893],
            [-83.528833999677715, 38.412277000292377],
            [-83.528859999616969, 38.412413999966269],
            [-83.528683999889878, 38.41291699997322],
            [-83.528681000415162, 38.412955999730954],
            [-83.528676000392281, 38.413012000212554],
            [-83.528729000095723, 38.413233999884717],
            [-83.528512000360749, 38.413989000323589],
            [-83.528257000092623, 38.414445999669702],
            [-83.527893000044543, 38.414645999982007],
            [-83.527600999966509, 38.414803999745821],
            [-83.52746100022442, 38.414991000222628],
            [-83.527402999599786, 38.415069000293514],
            [-83.52725899965975, 38.415261999746001],
            [-83.52708100028282, 38.415898999929134],
            [-83.526974999977611, 38.41610500003403],
            [-83.526903000007593, 38.416683999803865],
            [-83.527184000214987, 38.417616000030876],
            [-83.527363000315134, 38.417769000324576],
            [-83.527626999905777, 38.41785499994262],
            [-83.527925999656517, 38.417839999918399],
            [-83.528252999894661, 38.41787700025403],
            [-83.52832700041283, 38.417907000283996],
            [-83.528654999577569, 38.418037999705774],
            [-83.529499000024671, 38.418581000347444],
            [-83.529929000194969, 38.418611000085065],
            [-83.530244999664149, 38.418552000026224],
            [-83.530489000061635, 38.418506999674541],
            [-83.530838000041086, 38.418337000048204],
            [-83.531222000180648, 38.418083000349554],
            [-83.531679000115133, 38.417780999933726],
            [-83.532449000044082, 38.417420000087354],
            [-83.533244999912284, 38.41720299995697],
            [-83.533721999938251, 38.417099999783758],
            [-83.53395299991692, 38.417054999935317],
            [-83.534661999746504, 38.416872999949547],
            [-83.534780999572178, 38.41672600011362],
            [-83.534877999656558, 38.416604999909268],
            [-83.535146000343474, 38.41644199975579],
            [-83.535944999686421, 38.416254000054735],
            [-83.536512999948997, 38.416221000251412],
            [-83.536734999706837, 38.416272999657387],
            [-83.536904999586156, 38.416422000035482],
            [-83.537083999686317, 38.416692999822025],
            [-83.5371399997628, 38.416779000017101],
            [-83.537340999604254, 38.417065000060468],
            [-83.537379999962312, 38.417148000060401],
            [-83.537407999551405, 38.417154999716871],
            [-83.53749799996308, 38.417177999689244],
            [-83.537559999887378, 38.417172000186795],
            [-83.538076000271403, 38.417122999773696],
            [-83.538298999854163, 38.417139000098977],
            [-83.538327000341553, 38.41714699990834],
            [-83.539083000026793, 38.417351999824724],
            [-83.53959500021287, 38.417501000088969],
            [-83.539683999901342, 38.417534000011486],
            [-83.539986999850029, 38.417646000169164],
            [-83.540266000407613, 38.417749000267776],
            [-83.540564000333433, 38.417884999981723],
            [-83.540884000000588, 38.418027000279267],
            [-83.541034999613316, 38.418077999653818],
            [-83.54125100042171, 38.418258999986385],
            [-83.541448000065188, 38.418389000042623],
            [-83.541800000417695, 38.418607000261524],
            [-83.542079999901873, 38.418628000212365],
            [-83.542254999804044, 38.418623000258137],
            [-83.542736000027986, 38.418607999689598],
            [-83.543081999634396, 38.418532000186197],
            [-83.54355399963751, 38.418496999748989],
            [-83.543859999959253, 38.418533000319087],
            [-83.544243000273894, 38.418539999841357],
            [-83.544577000184731, 38.418471999929118],
            [-83.544634999911054, 38.418458000166936],
            [-83.544783999873971, 38.418411000191412],
            [-83.545353999786371, 38.418266000238987],
            [-83.545530000411787, 38.418271000217928],
            [-83.545789999804455, 38.418271000217928],
            [-83.545912999828118, 38.4183049999247],
            [-83.546305000363589, 38.418417999725463],
            [-83.546917999933697, 38.418579000082993],
            [-83.547657999725402, 38.418802999799915],
            [-83.548353000209573, 38.41898700010352],
            [-83.54840400026319, 38.419000999763192],
            [-83.548733000151174, 38.419106000291265],
            [-83.548760999740253, 38.41911399988286],
            [-83.548939999840414, 38.419174999730735],
            [-83.549174000192124, 38.419254000334092],
            [-83.549405999995741, 38.419332000025427],
            [-83.549426000087209, 38.419334999687052],
            [-83.54977599989158, 38.419393999810225],
            [-83.550088999886029, 38.419446999867873],
            [-83.550849999594121, 38.419634999705607],
            [-83.551457000214754, 38.419821000231586],
            [-83.551549000276268, 38.419850000043439],
            [-83.552274999824277, 38.419926000271666],
            [-83.552905000011123, 38.420139000225902],
            [-83.553597999947172, 38.420515000033078],
            [-83.554242000377727, 38.420966999831379],
            [-83.554664000152115, 38.421356000068336],
            [-83.554839999879206, 38.42140699990788],
            [-83.555158999721442, 38.421653999959908],
            [-83.555167999942256, 38.421721999692039],
            [-83.555188000033766, 38.421874999735017],
            [-83.5551980000795, 38.421953000115224],
            [-83.555295999988786, 38.422089999739953],
            [-83.555432000431225, 38.422112000169207],
            [-83.55562499987677, 38.422090999823581],
            [-83.555885000167763, 38.422210999906476],
            [-83.55630299974419, 38.422565999981494],
            [-83.55682300032619, 38.422865999953459],
            [-83.557252999598191, 38.423052999971816],
            [-83.557841999777153, 38.423371999879365],
            [-83.558451000047612, 38.423912999720592],
            [-83.559058999594839, 38.424096999675875],
            [-83.559380999810102, 38.42431899977057],
            [-83.559604000291174, 38.424330000350295],
            [-83.560190999922014, 38.424437000272277],
            [-83.560451000213007, 38.424566999766874],
            [-83.56090599959937, 38.424999000087773],
            [-83.56153499996131, 38.425292000235892],
            [-83.562169000346131, 38.425396000026652],
            [-83.562816000251402, 38.425423999674024],
            [-83.563044999681949, 38.425585999934313],
            [-83.56353599995164, 38.425997999906116],
            [-83.563718000424814, 38.426364999960015],
            [-83.56421399981906, 38.426561000264144],
            [-83.564455999668397, 38.426633999702915],
            [-83.564484000155801, 38.426641999868281],
            [-83.564658000233067, 38.426694000217879],
            [-83.56476100016522, 38.426687000078253],
            [-83.564838000158133, 38.426680999958045],
            [-83.564919000348979, 38.426660000237149],
            [-83.565197000183318, 38.426582000013816],
            [-83.565281999673829, 38.426559000220657],
            [-83.565341000123368, 38.426545999936522],
            [-83.565722999714794, 38.426462000155475],
            [-83.565876999700563, 38.426428000065478],
            [-83.566126000120931, 38.426404000199376],
            [-83.566336000183213, 38.426449999877164],
            [-83.566891000026985, 38.426579999970919],
            [-83.567125000378724, 38.426741999749424],
            [-83.567213000242276, 38.426913000020669],
            [-83.567384999771406, 38.42697699966412],
            [-83.567553000000871, 38.426959000078021],
            [-83.56791500039914, 38.42708499990146],
            [-83.56826600002843, 38.427244999930188],
            [-83.568379000006331, 38.427281999670804],
            [-83.56876700034384, 38.427426999822202],
            [-83.56887899959851, 38.427573999697863],
            [-83.568962000337507, 38.427744000104887],
            [-83.56919199959296, 38.427677999721205],
            [-83.569389000134763, 38.427657000290161],
            [-83.569650000250675, 38.427680999739927],
            [-83.569850000267223, 38.427756000168181],
            [-83.570214000315289, 38.42806299970178],
            [-83.57062699986885, 38.428226999669725],
            [-83.57083299973317, 38.428176999718943],
            [-83.571103000069911, 38.428009000334583],
            [-83.571708000142408, 38.428148999731405],
            [-83.571949999991745, 38.428587999694322],
            [-83.572877000279519, 38.429074999895569],
            [-83.573231000281837, 38.429134999789959],
            [-83.573608999675301, 38.429155000212774],
            [-83.57373199969895, 38.429009000024536],
            [-83.573892000430831, 38.428941000115657],
            [-83.57412500005934, 38.428958999911508],
            [-83.574459999795096, 38.429016999926802],
            [-83.57467599970515, 38.428803000124482],
            [-83.575053999996925, 38.428822999935562],
            [-83.575288000348664, 38.428785000289793],
            [-83.575372999839161, 38.429001000121374],
            [-83.57541600039518, 38.429229999813927],
            [-83.57552799964985, 38.42921000011556],
            [-83.575659000069422, 38.429394999929002],
            [-83.575755000328897, 38.4293979998764],
            [-83.576008999873793, 38.429174999926374],
            [-83.576146000141151, 38.429161000127436],
            [-83.576249000073318, 38.429385000103338],
            [-83.576468000356414, 38.429543999981895],
            [-83.576563999717578, 38.429551999824895],
            [-83.576882999559814, 38.429331000317255],
            [-83.577194999729343, 38.429341000150352],
            [-83.577256999653613, 38.42936399976125],
            [-83.577446999624428, 38.429446999703714],
            [-83.577535000386291, 38.429647999983061],
            [-83.57800300019143, 38.429661999687582],
            [-83.57820900005575, 38.429825000269936],
            [-83.578404999874323, 38.429803000078977],
            [-83.578433000361727, 38.429800000148354],
            [-83.578679000409039, 38.429640000150698],
            [-83.578926000281243, 38.429616999923979],
            [-83.578962000266245, 38.429762000312969],
            [-83.578860000158983, 38.429948000094491],
            [-83.57893399977884, 38.430116999866506],
            [-83.579081000091932, 38.430165999909661],
            [-83.579252999621076, 38.430084000062841],
            [-83.579414000177863, 38.429990999703392],
            [-83.579524999607628, 38.430006999993246],
            [-83.579664000423108, 38.430164999937844],
            [-83.579774999852887, 38.430178000274161],
            [-83.579827999556329, 38.430057000084368],
            [-83.579965999648593, 38.429934999716764],
            [-83.580095000418339, 38.42994300022017],
            [-83.580281000191178, 38.430072999655813],
            [-83.580565999698223, 38.430168999825021],
            [-83.580660000307859, 38.430558999727936],
            [-83.580804000247923, 38.430689000165714],
            [-83.581097999975782, 38.430734999929001],
            [-83.581164000098013, 38.430745000271386],
            [-83.58127899972574, 38.430879000222212],
            [-83.581318000083812, 38.431141000331998],
            [-83.581542000389788, 38.431230000085819],
            [-83.58161299963659, 38.431258000286157],
            [-83.581761999599507, 38.431473999757564],
            [-83.581837999767501, 38.431589999923737],
            [-83.581861000232024, 38.431768000325981],
            [-83.58187899977537, 38.431900999838035],
            [-83.581980000057698, 38.431946000289372],
            [-83.58205200002773, 38.431977999999098],
            [-83.582171999678337, 38.432030999970877],
            [-83.582210000211489, 38.432119000090324],
            [-83.58228800002928, 38.432298999776776],
            [-83.582312000318723, 38.432355000041191],
            [-83.582532000426752, 38.432408999676987],
            [-83.582692000260337, 38.432447000230518],
            [-83.582743000313954, 38.432614999845441],
            [-83.58270099958284, 38.432778000095055],
            [-83.582669999620705, 38.432897000079514],
            [-83.582508999962215, 38.432897000079514],
            [-83.582282000181507, 38.432781999837552],
            [-83.58224199999853, 38.432776000223747],
            [-83.582030000286423, 38.432814999815562],
            [-83.581979000232806, 38.432989000281893],
            [-83.582019000415769, 38.433127999944709],
            [-83.582036000134224, 38.433188999919807],
            [-83.582199000340822, 38.433228999921646],
            [-83.582307000295856, 38.433255000192418],
            [-83.58263899965857, 38.433257000050453],
            [-83.58269800010811, 38.433257999979453],
            [-83.582774000276089, 38.433316000060238],
            [-83.582816000108892, 38.433346999938699],
            [-83.582800000215357, 38.433584999946852],
            [-83.582708999978763, 38.433658999949216],
            [-83.582457000083679, 38.433665000193287],
            [-83.582420000273771, 38.433664000269921],
            [-83.582374000243007, 38.433874999978613],
            [-83.582536999551323, 38.434031999985429],
            [-83.582565999863633, 38.434226999971159],
            [-83.582493999893615, 38.434490999718967],
            [-83.58263600018384, 38.434521999796623],
            [-83.582719999849431, 38.434637000081885],
            [-83.582611000069463, 38.435075000102785],
            [-83.582565999863633, 38.435425000076265],
            [-83.58244799986285, 38.435624000106749],
            [-83.582243999648341, 38.43585399979807],
            [-83.582040000332171, 38.436081999680603],
            [-83.582001999799019, 38.436115000261339],
            [-83.581754000101895, 38.436329000206761],
            [-83.581703999873199, 38.436361999970927],
            [-83.581426999863751, 38.436550000109357],
            [-83.58142500021394, 38.436625999652044],
            [-83.581549000062495, 38.436751000318424],
            [-83.581597999567975, 38.436915000256469],
            [-83.581483999765169, 38.436984000273483],
            [-83.581472000069581, 38.437013000230365],
            [-83.581450000328289, 38.437064000271896],
            [-83.581631999903166, 38.437118999779585],
            [-83.581650000344837, 38.43713800022666],
            [-83.581751999553759, 38.43724799979104],
            [-83.581732000360574, 38.437333000267152],
            [-83.581395999901616, 38.437602999832563],
            [-83.581426000038832, 38.437665999984603],
            [-83.581520999575076, 38.437692000064835],
            [-83.581569000153976, 38.43770300001475],
            [-83.581727000337722, 38.437739000159027],
            [-83.581739000033295, 38.437804999790494],
            [-83.581747000429203, 38.437850999945688],
            [-83.581665000413437, 38.437956999671783],
            [-83.581529999795919, 38.437970999876185],
            [-83.581494999635808, 38.437975000034591],
            [-83.581294999619288, 38.438017999788727],
            [-83.581328000129545, 38.438204000115554],
            [-83.581347000396136, 38.438229000141888],
            [-83.581390000053815, 38.438284000169311],
            [-83.581443999582191, 38.438351999723082],
            [-83.581462999848767, 38.438424999907404],
            [-83.581492000161091, 38.438532999909796],
            [-83.581401999749403, 38.438634000065505],
            [-83.581179000166628, 38.438758000216751],
            [-83.580784999981333, 38.438792000130235],
            [-83.580504999598844, 38.438716999906603],
            [-83.580425999956148, 38.438696000167781],
            [-83.580332000244809, 38.43873299967003],
            [-83.580331000419889, 38.438781000346196],
            [-83.580327000221942, 38.438917999711265],
            [-83.580355999635927, 38.439033000030456],
            [-83.58038099975029, 38.439126999849314],
            [-83.580394999993999, 38.439181999896199],
            [-83.580417999560225, 38.439272000138359],
            [-83.580345999590193, 38.439344000251275],
            [-83.580251999878868, 38.439439000212204],
            [-83.580014000227479, 38.439444999975947],
            [-83.579969999846554, 38.439428999666696],
            [-83.57979900014233, 38.439363000112749],
            [-83.579582000407356, 38.43927799991593],
            [-83.579307000047748, 38.439348000333617],
            [-83.579245000123464, 38.439543999875411],
            [-83.579182000374274, 38.439727000270373],
            [-83.579050000129797, 38.439944000275894],
            [-83.578994000053285, 38.440001999910756],
            [-83.578985999657377, 38.440010000002275],
            [-83.578952000220497, 38.440044999864703],
            [-83.578932000129015, 38.440065000080018],
            [-83.578861999808822, 38.440137999939324],
            [-83.578815999778058, 38.440193999752431],
            [-83.578794000036766, 38.44022199999452],
            [-83.578691000104598, 38.440350000259237],
            [-83.578646999723674, 38.440405000077874],
            [-83.578563999882974, 38.440618999971356],
            [-83.578563999882974, 38.441065000261815],
            [-83.578636999677926, 38.44131900005069],
            [-83.578712000020985, 38.441374999651195],
            [-83.578749999655841, 38.441404999771137],
            [-83.578972000311978, 38.441571999835503],
            [-83.579003000274128, 38.441612000118013],
            [-83.579023000365623, 38.441638000184192],
            [-83.579064000373492, 38.441691999912891],
            [-83.579041999733889, 38.441744999789741],
            [-83.579038000434224, 38.441957000315121],
            [-83.578951000395591, 38.442040999660762],
            [-83.578881999900304, 38.442123999806029],
            [-83.578608000263898, 38.442191999964123],
            [-83.578354999645612, 38.442116999755051],
            [-83.578188999964254, 38.442034000305355],
            [-83.578012000412272, 38.441944999797535],
            [-83.577850999855457, 38.441863999769666],
            [-83.577691999846792, 38.441873000168158],
            [-83.577485000157566, 38.442072999821285],
            [-83.577623000249829, 38.442239999747414],
            [-83.577631999572347, 38.442371000063631],
            [-83.577219999843692, 38.442467000063829],
            [-83.577224999866573, 38.442601999870064],
            [-83.57688500010795, 38.442713999851286],
            [-83.5768390000772, 38.442883999792159],
            [-83.576731999947071, 38.442965999877117],
            [-83.576543999626082, 38.442883999792159],
            [-83.576321000043322, 38.442827999955171],
            [-83.576151000164018, 38.442913000193201],
            [-83.576138999570134, 38.443024999691843],
            [-83.576206000415596, 38.443153999703043],
            [-83.576489000272815, 38.443327999876558],
            [-83.576451999564583, 38.44347000010363],
            [-83.576213999913207, 38.443662999652126],
            [-83.575880999827277, 38.443580999655488],
            [-83.575823999925859, 38.443589999839823],
            [-83.575712999597783, 38.443606999715996],
            [-83.575531000022906, 38.443791000147144],
            [-83.575522999626997, 38.444007000115931],
            [-83.575407999999257, 38.444064000224621],
            [-83.575351000097854, 38.444083000250892],
            [-83.575276999579685, 38.444105000312071],
            [-83.575167999799746, 38.444135999779206],
            [-83.574864999851044, 38.444343999808758],
            [-83.57483200023907, 38.444455999901137],
            [-83.574843000109738, 38.444666999728625],
            [-83.574929000323465, 38.444790000300443],
            [-83.575111999723248, 38.444784000277387],
            [-83.575216000378632, 38.444749999668431],
            [-83.57534100005212, 38.444781000265699],
            [-83.575566000183002, 38.444836999994514],
            [-83.575873000329665, 38.444981000303848],
            [-83.576198999844593, 38.445132999849584],
            [-83.576223999958955, 38.445144999837119],
            [-83.57623800020265, 38.445194999998193],
            [-83.576228000156917, 38.445209000205949],
            [-83.576194999646617, 38.445254999864403],
            [-83.576182000126167, 38.445274000280655],
            [-83.576126999874575, 38.445349000023455],
            [-83.576058000277598, 38.445563000033843],
            [-83.576035999637966, 38.446134999675479],
            [-83.575905999941625, 38.446217000288193],
            [-83.575700000077305, 38.446382000277836],
            [-83.575729000389629, 38.44648099980914],
            [-83.575798999811497, 38.446541999758303],
            [-83.576223000134036, 38.446541000013291],
            [-83.576485999899774, 38.446809999869856],
            [-83.577017000352413, 38.44690700003769],
            [-83.577253000353963, 38.447007999732989],
            [-83.577280000118151, 38.447175999937087],
            [-83.577162999942288, 38.447361000149087],
            [-83.577173999812942, 38.447524000171036],
            [-83.577290000163899, 38.447613000131192],
            [-83.577506999898873, 38.447632999656591],
            [-83.577756000319226, 38.447667000314425],
            [-83.577903999558899, 38.447807000288506],
            [-83.577905000282129, 38.448018000168531],
            [-83.5777830000834, 38.448232999725121],
            [-83.577742000075517, 38.448305999765921],
            [-83.577905000282129, 38.448562000241083],
            [-83.578030999780509, 38.448770000178285],
            [-83.578039000176446, 38.448851000194544],
            [-83.578008000214282, 38.449007000282442],
            [-83.577865999924072, 38.449206000157602],
            [-83.577937000069184, 38.44941500005433],
            [-83.578091000054968, 38.44967600002802],
            [-83.578178000093601, 38.449873000067626],
            [-83.578240999842805, 38.450172000160826],
            [-83.578137000085732, 38.450303999842994],
            [-83.577979999726892, 38.450422000090008],
            [-83.578000999643294, 38.450551999935996],
            [-83.578060999917753, 38.450621999972569],
            [-83.578216999553362, 38.450801999955686],
            [-83.578250999888553, 38.450964999943871],
            [-83.578163000024986, 38.451239999680581],
            [-83.578117999819156, 38.451385000258128],
            [-83.578138999735557, 38.451416000115799],
            [-83.578185999591199, 38.451481000227886],
            [-83.578347000148014, 38.451531000220236],
            [-83.578378000110149, 38.451631000100868],
            [-83.578392000353844, 38.451676000213006],
            [-83.578147000131466, 38.452097999945828],
            [-83.578084000382276, 38.45220799992746],
            [-83.578091000054968, 38.452230000325713],
            [-83.578116000169331, 38.452327999908015],
            [-83.57812799986489, 38.452375999985001],
            [-83.578228000322326, 38.452478000130668],
            [-83.578383999957921, 38.452520999686705],
            [-83.578575999578561, 38.452582000158259],
            [-83.579072999696024, 38.452561000232386],
            [-83.579341000382925, 38.452655000020449],
            [-83.579425999873436, 38.452791999784075],
            [-83.579387000413689, 38.452980000042771],
            [-83.579423000398705, 38.453159000118262],
            [-83.579466000056385, 38.453339999754782],
            [-83.579486000147895, 38.453595999957948],
            [-83.57951700011003, 38.454007000143079],
            [-83.579329999613961, 38.454249000231854],
            [-83.579310000420804, 38.454307999967646],
            [-83.579292999804039, 38.454360000088258],
            [-83.57921800035929, 38.454578999684323],
            [-83.579143999841122, 38.454696000342828],
            [-83.579023000365623, 38.454887999785754],
            [-83.578973999961818, 38.455046999772982],
            [-83.578921000258362, 38.455219000161051],
            [-83.578758000051749, 38.455382000019505],
            [-83.578706999998118, 38.455432999744183],
            [-83.578439000209514, 38.455486999703027],
            [-83.578323999683477, 38.455480000244769],
            [-83.578224999949271, 38.455469000190234],
            [-83.577947000114918, 38.455443000182534],
            [-83.577707999740326, 38.455512000074165],
            [-83.577532000013221, 38.455628000303989],
            [-83.577417000385495, 38.455704999777431],
            [-83.577168999790061, 38.455871000199004],
            [-83.577133999629964, 38.455964999895414],
            [-83.577101000018018, 38.456057000243078],
            [-83.5771210001095, 38.456215999764346],
            [-83.577145000398943, 38.456395000252876],
            [-83.577157999919407, 38.456492000198473],
            [-83.577142999850807, 38.456585000183367],
            [-83.577087999599215, 38.456651999772909],
            [-83.576992000238079, 38.456759999935748],
            [-83.576843000275161, 38.456927999945897],
            [-83.576791000396597, 38.457187999876993],
            [-83.57690199982639, 38.457389000296168],
            [-83.577127999782192, 38.457621000160771],
            [-83.577142000025887, 38.457688999785674],
            [-83.577188999881557, 38.457907000240546],
            [-83.577331999996687, 38.458145000165672],
            [-83.577501000051086, 38.458398000052597],
            [-83.577958999810505, 38.458560000184306],
            [-83.578014000062083, 38.458718999816512],
            [-83.577938999718995, 38.459006000039544],
            [-83.577850000030551, 38.459349000249411],
            [-83.577877999619631, 38.459461000266195],
            [-83.577913999604647, 38.459602999698291],
            [-83.578059000267913, 38.459784000050348],
            [-83.578342999950053, 38.459864000100112],
            [-83.57847500019453, 38.460263999721434],
            [-83.578727000089614, 38.460659000081122],
            [-83.578903999641611, 38.461331999681072],
            [-83.579106000206281, 38.461602000205588],
            [-83.579553000095032, 38.46189899975591],
            [-83.579887000005883, 38.461954000033423],
            [-83.580203000373373, 38.461889000212508],
            [-83.580569999896184, 38.461658999780703],
            [-83.580852999753404, 38.461529999789384],
            [-83.58100900028731, 38.461581000091627],
            [-83.581210999953683, 38.461845999909215],
            [-83.581369999962348, 38.462056000002185],
            [-83.58156300030619, 38.462209999916297],
            [-83.58170499969809, 38.46227399992091],
            [-83.581889999646023, 38.462371999927775],
            [-83.582587999604925, 38.462460999861754],
            [-83.582601999848649, 38.462631999932469],
            [-83.582238999625488, 38.462964000166721],
            [-83.582045000355038, 38.463264999899316],
            [-83.582036999959115, 38.463348999764129],
            [-83.581983000430753, 38.463922000000046],
            [-83.581939000049829, 38.464083999683197],
            [-83.581871000277758, 38.464183000248312],
            [-83.581703000048279, 38.464265000045081],
            [-83.581405000122444, 38.464401000068605],
            [-83.581226000022312, 38.464461000142272],
            [-83.580647999713989, 38.464560999685219],
            [-83.580352000336276, 38.464727000125578],
            [-83.580270000320525, 38.464784000044602],
            [-83.580154999794473, 38.464923999864304],
            [-83.580195999802356, 38.465036999857176],
            [-83.580306000305541, 38.465209000340586],
            [-83.58054099958386, 38.46532899979703],
            [-83.580877999867738, 38.465366999899764],
            [-83.581081000257342, 38.465394000034614],
            [-83.581568000329071, 38.465481000087884],
            [-83.582406000030062, 38.465540999966436],
            [-83.582446000213025, 38.465676999693891],
            [-83.582365999847084, 38.466012999989779],
            [-83.582536999551323, 38.466138999873031],
            [-83.583036000216907, 38.466432999916677],
            [-83.583037000041813, 38.466640000211683],
            [-83.582749999986646, 38.466979000033312],
            [-83.582637000008731, 38.46736299984213],
            [-83.583020000323401, 38.468116999675495],
            [-83.583004000429852, 38.468476999809639],
            [-83.583103000164058, 38.468772000308824],
            [-83.583278000066258, 38.468889999889242],
            [-83.583627999870629, 38.46892300023805],
            [-83.583944000238105, 38.468811000143845],
            [-83.584196999958095, 38.46864700024463],
            [-83.584501999556622, 38.468611000045279],
            [-83.584827000144955, 38.468712000305047],
            [-83.584936999749814, 38.468745000031966],
            [-83.584965000237219, 38.468793999875665],
            [-83.585053999925663, 38.468857999664472],
            [-83.585104999979293, 38.468908000273224],
            [-83.585185000345234, 38.469045000117625],
            [-83.585129000268736, 38.469229999817927],
            [-83.585041000405184, 38.469292999789978],
            [-83.584956999841282, 38.469350999749118],
            [-83.584755000174937, 38.469473999738504],
            [-83.584602000014058, 38.469549000349531],
            [-83.584437000157607, 38.469630999671708],
            [-83.584181000064575, 38.469765999999467],
            [-83.583919000123757, 38.469908999664646],
            [-83.58377000016084, 38.469989999860694],
            [-83.583526999588273, 38.470060000026265],
            [-83.583329999944795, 38.469935000084824],
            [-83.583206000096226, 38.469797999821303],
            [-83.58306200015619, 38.469701000185779],
            [-83.582976999767368, 38.469642999804869],
            [-83.582857000116761, 38.469603999716483],
            [-83.582723000222472, 38.469599999904595],
            [-83.582580000107328, 38.469707999670788],
            [-83.582487000220922, 38.470006999846859],
            [-83.58258699978002, 38.4703480002538],
            [-83.582930999736618, 38.470839999886337],
            [-83.582804000413333, 38.470937000099603],
            [-83.582560000015846, 38.471158000221379],
            [-83.582617999742169, 38.471385000290489],
            [-83.582800000215357, 38.471434999850281],
            [-83.583128000278421, 38.471431000139958],
            [-83.583693000167941, 38.471339999813118],
            [-83.584083000155289, 38.471381999978256],
            [-83.584261000430516, 38.471571999816803],
            [-83.584329000202587, 38.471920999925985],
            [-83.584421000264086, 38.472067999915751],
            [-83.584940000122856, 38.472082999926542],
            [-83.585233000025823, 38.472366000061434],
            [-83.585573999609352, 38.472853999655662],
            [-83.585998999756796, 38.473165999775205],
            [-83.586469000110085, 38.473334000254141],
            [-83.587110999992504, 38.473482000251245],
            [-83.587961000287379, 38.473715999835846],
            [-83.588485000169015, 38.473830000187853],
            [-83.588711999949737, 38.473862000316004],
            [-83.588840999821159, 38.47387800002307],
            [-83.58911299980771, 38.473893999726599],
            [-83.589239000204415, 38.473902000280304],
            [-83.589390999642077, 38.473931000170275],
            [-83.589502999795073, 38.473976999801984],
            [-83.589587000358975, 38.474079000348432],
            [-83.589564999719343, 38.474230999778058],
            [-83.589402000411042, 38.474409999866047],
            [-83.589245000052202, 38.474536999906441],
            [-83.588896999897656, 38.474767000058087],
            [-83.588540000420608, 38.475003999853477],
            [-83.588059000196665, 38.47532000000971],
            [-83.588019000013702, 38.475347999983448],
            [-83.587755000423044, 38.475614999940333],
            [-83.587712999691931, 38.475883999695014],
            [-83.58777399979131, 38.47609499973872],
            [-83.58789900036308, 38.476303999796478],
            [-83.588069000242399, 38.476511999918635],
            [-83.58851600013115, 38.477015999997846],
            [-83.588576000405595, 38.477144999715492],
            [-83.588561000336995, 38.477359999669616],
            [-83.588439999963157, 38.477506999821919],
            [-83.588287999627198, 38.477618999770272],
            [-83.588133999641414, 38.477730000231816],
            [-83.587928999601999, 38.47793299968977],
            [-83.587650999767661, 38.478212000031704],
            [-83.587028999976724, 38.478804000336588],
            [-83.586712999609219, 38.47912499999434],
            [-83.586582000087986, 38.479384000082682],
            [-83.586404999637651, 38.479766999944111],
            [-83.586228000085654, 38.480114999781406],
            [-83.585909000243419, 38.48051400032211],
            [-83.585746999861712, 38.480717999650061],
            [-83.5857240002955, 38.480747000314331],
            [-83.585643000104625, 38.480847999747965],
            [-83.585469000027359, 38.481065999818611],
            [-83.58522100033025, 38.481376000331991],
            [-83.585001000222206, 38.48165200012081],
            [-83.585001000222206, 38.481900000028396],
            [-83.585002999872046, 38.48191300018717],
            [-83.585006000245102, 38.481933000048173],
            [-83.585046000428065, 38.482193999800167],
            [-83.585192000017926, 38.482410000116801],
            [-83.585571999959527, 38.482511000033028],
            [-83.585997999931877, 38.4824419999524],
            [-83.586781000279601, 38.482078000105169],
            [-83.587243000236967, 38.481893000320554],
            [-83.588158999755777, 38.481685000254139],
            [-83.588496000039669, 38.481642999762194],
            [-83.588875999981255, 38.481598000061851],
            [-83.58911299980771, 38.481710999943672],
            [-83.589198000196532, 38.481751999732516],
            [-83.589415999756426, 38.481984999942121],
            [-83.589685000268261, 38.482277000164451],
            [-83.589927999942503, 38.482668999652859],
            [-83.589968999950372, 38.483125000307403],
            [-83.58982400018543, 38.483419000004695],
            [-83.589537000130235, 38.483587999730339],
            [-83.589267999618428, 38.483672999762987],
            [-83.588736000239166, 38.483772000154438],
            [-83.588219000030236, 38.483852000314599],
            [-83.587699000346547, 38.483989999819606],
            [-83.587465999819727, 38.484053000254853],
            [-83.587448000276382, 38.484067999881539],
            [-83.587343999620998, 38.484159000315927],
            [-83.587186000335549, 38.484296999936291],
            [-83.587086999703047, 38.484476000344451],
            [-83.587029999801643, 38.484579999941353],
            [-83.587003999862375, 38.484626999730288],
            [-83.586979999572918, 38.48471800016199],
            [-83.586931000067437, 38.484896000311068],
            [-83.586922999671515, 38.484928999662294],
            [-83.587008000060337, 38.485245999819888],
            [-83.587233000191233, 38.48543800020672],
            [-83.58738200015415, 38.485591000203641],
            [-83.587596000414393, 38.485632999801325],
            [-83.587783999837043, 38.485638000036388],
            [-83.587839999913541, 38.485635000317266],
            [-83.588000999572017, 38.48562699965936],
            [-83.588142000037337, 38.485618999703739],
            [-83.588233000273931, 38.485614000170528],
            [-83.58840499980306, 38.485605000306613],
            [-83.588551000291247, 38.485597000348562],
            [-83.588732000041205, 38.485569000136735],
            [-83.589158999838489, 38.485503999804031],
            [-83.589487999726444, 38.485454000157254],
            [-83.590085000301329, 38.485362999951704],
            [-83.590568000175097, 38.485377000098957],
            [-83.591531000447873, 38.485453000248341],
            [-83.592065000375271, 38.485499000262799],
            [-83.592176999629942, 38.485509000048054],
            [-83.592620000219043, 38.485644000177388],
            [-83.592914999771821, 38.485852000069237],
            [-83.593110999590408, 38.486081000080652],
            [-83.593191999781254, 38.486296000101575],
            [-83.593201000002082, 38.48650600000974],
            [-83.593206999849883, 38.486643000165735],
            [-83.593215000245792, 38.486811000176061],
            [-83.593216999895617, 38.48686300006645],
            [-83.593226000116445, 38.487069000182764],
            [-83.593231000139326, 38.487171999668519],
            [-83.593242000009965, 38.487254000041382],
            [-83.593247999857766, 38.487290000072647],
            [-83.593279999644807, 38.487509000227242],
            [-83.593293000063596, 38.487594999733496],
            [-83.59330300010933, 38.487668999896925],
            [-83.593312000330172, 38.487696000118191],
            [-83.593344999942133, 38.487806999827711],
            [-83.593370999881401, 38.487894000259658],
            [-83.593417999737071, 38.488046999964425],
            [-83.593472000163757, 38.488238000049918],
            [-83.593466000315956, 38.488464999776646],
            [-83.593457000095128, 38.488667999939459],
            [-83.593334999896385, 38.489030999691764],
            [-83.59324100018506, 38.489181000223468],
            [-83.59311399996345, 38.489387999895996],
            [-83.592821000060496, 38.489577000239386],
            [-83.592487999974566, 38.489654999879441],
            [-83.592262999843669, 38.489705000127159],
            [-83.591760999703325, 38.489663999940646],
            [-83.59131600036271, 38.489521999937622],
            [-83.59073300003152, 38.489337000276436],
            [-83.590546000433804, 38.489304000131121],
            [-83.590423000410141, 38.489283000350405],
            [-83.590291999990583, 38.489364999727371],
            [-83.590270000249262, 38.489575999684533],
            [-83.590281999944821, 38.489701999874185],
            [-83.590450000174314, 38.489932000154461],
            [-83.590851999857236, 38.490343999829918],
            [-83.591164000026765, 38.490508000294518],
            [-83.591313999814588, 38.490550999677126],
            [-83.591678999687574, 38.49065500035077],
            [-83.592015999971466, 38.49068899971364],
            [-83.592148000215943, 38.490695999973397],
            [-83.592570999815237, 38.490714999670573],
            [-83.592694999663806, 38.490699000184982],
            [-83.592800000144095, 38.490684999665383],
            [-83.593122000359386, 38.490641999659545],
            [-83.593190000131429, 38.490632999720489],
            [-83.59346100029309, 38.490545999782945],
            [-83.593796999853765, 38.490436999753328],
            [-83.593869999648689, 38.490413000079442],
            [-83.593965000083244, 38.490382000107992],
            [-83.594005000266222, 38.490369000070636],
            [-83.594287000298522, 38.490277999743448],
            [-83.594493000162842, 38.490240999956107],
            [-83.594955000120208, 38.490158000326154],
            [-83.595284000008178, 38.490149000326646],
            [-83.595419999552306, 38.490145000248397],
            [-83.595791000171388, 38.490248000259392],
            [-83.596387999847963, 38.490526000202685],
            [-83.596440999551419, 38.490550999677126],
            [-83.596823000041141, 38.490730000020058],
            [-83.597079000134187, 38.490904000048921],
            [-83.597176000218553, 38.490970000265143],
            [-83.597274000127854, 38.491143999714438],
            [-83.59719799995986, 38.491313000308814],
            [-83.59705499984473, 38.491441999751039],
            [-83.596874000094758, 38.491605000002288],
            [-83.596433999878712, 38.491936999718668],
            [-83.595646000406433, 38.49251600013811],
            [-83.595403999658771, 38.492628999775661],
            [-83.595351999780249, 38.492653000117606],
            [-83.595073000120991, 38.492819999668534],
            [-83.59488399997511, 38.492934000040648],
            [-83.594811000180158, 38.492977999889341],
            [-83.59423799989473, 38.493199999738678],
            [-83.594169000297754, 38.493258999951003],
            [-83.593930999748068, 38.493461000168971],
            [-83.593736999579306, 38.493765999724253],
            [-83.593640000393236, 38.494038999800964],
            [-83.593709999815104, 38.494287999756942],
            [-83.593866000349038, 38.494499999845971],
            [-83.594194000412102, 38.494648999757437],
            [-83.594453999804799, 38.494750000097866],
            [-83.594576999828433, 38.494798999843027],
            [-83.594719999943564, 38.494858000152092],
            [-83.59527499978735, 38.494924000261754],
            [-83.595592999804666, 38.494896999936572],
            [-83.595863000141406, 38.494856999670574],
            [-83.595960000225787, 38.494842000180292],
            [-83.596280999717834, 38.494795000022933],
            [-83.596550000229669, 38.494760999785271],
            [-83.596637000268302, 38.494750999877773],
            [-83.596698000367667, 38.494738999705639],
            [-83.596833000086875, 38.49471299979465],
            [-83.596936000019042, 38.49469299996489],
            [-83.597026000430731, 38.494670000083531],
            [-83.597122999616801, 38.494645999710322],
            [-83.597141999883377, 38.494641000100323],
            [-83.597222000249317, 38.494621000250589],
            [-83.597317999610468, 38.494596000079063],
            [-83.597393999778461, 38.494576999999154],
            [-83.597438999984291, 38.494566000283605],
            [-83.597640999650665, 38.49451200005786],
            [-83.597695999902243, 38.494496999792666],
            [-83.59790599996451, 38.494440999946882],
            [-83.597933999553618, 38.494434000050973],
            [-83.59831900041641, 38.494408000029907],
            [-83.5984259996482, 38.494417999985011],
            [-83.598623000190003, 38.494434999835264],
            [-83.598982000215216, 38.494382999784428],
            [-83.599249000178901, 38.494421999826088],
            [-83.599501999898891, 38.49454700019578],
            [-83.599599999808191, 38.494657999897953],
            [-83.599662999557367, 38.494731000058572],
            [-83.599747000121269, 38.494811999784226],
            [-83.599845999855475, 38.494908000304619],
            [-83.600014999909874, 38.495025999992698],
            [-83.600049000245065, 38.495048999760456],
            [-83.600342999972938, 38.495184000297229],
            [-83.600584999822289, 38.495327000162916],
            [-83.600647999571478, 38.495364999922138],
            [-83.600681000081735, 38.495383999794228],
            [-83.600734999610097, 38.495416000196556],
            [-83.600763000097501, 38.495435000055195],
            [-83.601039000282029, 38.49561899975923],
            [-83.601142000214196, 38.495689000348584],
            [-83.60129600019998, 38.495887000321545],
            [-83.601471000102151, 38.496157999871087],
            [-83.601430999919188, 38.496387000174529],
            [-83.601368000169998, 38.49658300012625],
            [-83.601257999666828, 38.496808999824736],
            [-83.601199999940505, 38.496881000164642],
            [-83.601000999748877, 38.497077999926084],
            [-83.600876000075417, 38.497200999710913],
            [-83.600741000356194, 38.497323999988787],
            [-83.60050600017955, 38.497537000024728],
            [-83.600455999950839, 38.49758300005869],
            [-83.600402000422477, 38.497645000119157],
            [-83.60020599970558, 38.497868000088303],
            [-83.600111000169349, 38.497969999869305],
            [-83.600076999834172, 38.498006000171081],
            [-83.600028000328663, 38.498059999886969],
            [-83.599998000191434, 38.498091000070133],
            [-83.599891999886239, 38.498215999698147],
            [-83.599153999744345, 38.498617999736574],
            [-83.598860000016472, 38.498793999848253],
            [-83.598633000235751, 38.499001000024556],
            [-83.598322999716046, 38.499296000049348],
            [-83.598212000286281, 38.499570999687442],
            [-83.598129000445596, 38.499816999673058],
            [-83.598116999851726, 38.499955000240227],
            [-83.598100999958191, 38.500123000145926],
            [-83.598111999828845, 38.500294000174812],
            [-83.598137999768113, 38.500583999924793],
            [-83.598258000317031, 38.500952999671384],
            [-83.598481999724697, 38.501323000028378],
            [-83.598624999839842, 38.501516000146196],
            [-83.598757999909211, 38.501650999811972],
            [-83.598921000115851, 38.501787999995216],
            [-83.599188999904442, 38.501992000262412],
            [-83.599315000301132, 38.502041000002741],
            [-83.5994180002333, 38.502062000282969],
            [-83.599583000089737, 38.502097999945704],
            [-83.599808000220648, 38.502078000057217],
            [-83.600075000184333, 38.502008000052157],
            [-83.600249000261613, 38.501935000235626],
            [-83.600614000134584, 38.501781000110235],
            [-83.601092999810376, 38.501596999976044],
            [-83.601522999980702, 38.501484000344568],
            [-83.601986999587879, 38.501352999822032],
            [-83.60246000031421, 38.501191000225532],
            [-83.602862999822023, 38.501071999695249],
            [-83.603005999937167, 38.501011999861419],
            [-83.603144000029431, 38.500954000068241],
            [-83.603606999811689, 38.500746000183526],
            [-83.604048999677573, 38.500489000341361],
            [-83.6044169999236, 38.50027599989486],
            [-83.604579000305307, 38.500206999951814],
            [-83.60474599981157, 38.500102999708986],
            [-83.605042000087579, 38.499958999773831],
            [-83.605167999585959, 38.499945000350628],
            [-83.60540699996055, 38.499975000015176],
            [-83.605576000014977, 38.500037999832472],
            [-83.605626000243674, 38.50008099985471],
            [-83.605704000061479, 38.500149999918449],
            [-83.605822999887181, 38.500495999648919],
            [-83.605810000366688, 38.500829000270372],
            [-83.605683999969997, 38.501207999883505],
            [-83.605631000266555, 38.501280999733901],
            [-83.605418999656138, 38.501572000116383],
            [-83.605267000218475, 38.501741999834493],
            [-83.605018999623042, 38.502034000142345],
            [-83.604770000101027, 38.502384999737686],
            [-83.604503000137314, 38.502745999936671],
            [-83.604327000410223, 38.50308300006094],
            [-83.604170000051397, 38.503308000092154],
            [-83.60396199963894, 38.503555999987043],
            [-83.603781999713888, 38.503776000267528],
            [-83.603656000215494, 38.503971999797983],
            [-83.603571999651592, 38.504104000128088],
            [-83.603513000100364, 38.50419499986323],
            [-83.603250000334626, 38.504583000348504],
            [-83.60313900000655, 38.50479999997652],
            [-83.603055000340959, 38.504986999980289],
            [-83.603043999572009, 38.505180000121548],
            [-83.603089999602759, 38.505276999815131],
            [-83.603123999937935, 38.505349000126486],
            [-83.603258999657143, 38.505465999951646],
            [-83.603381999680792, 38.505498999723741],
            [-83.603555999758072, 38.505543999963784],
            [-83.603739000056166, 38.505593000099495],
            [-83.603857999881868, 38.505608000163058],
            [-83.604258999739855, 38.505678000184034],
            [-83.604456000281672, 38.505716999734361],
            [-83.605278999914049, 38.505902999840828],
            [-83.605699000038612, 38.505821000306625],
            [-83.605791000100126, 38.505770999996159],
            [-83.605924000169509, 38.505697999775826],
            [-83.606037999972344, 38.505636999949012],
            [-83.606229999592941, 38.505462000020856],
            [-83.606376999906047, 38.505345000189195],
            [-83.606487000409231, 38.505299000191307],
            [-83.606613999732517, 38.505307000070772],
            [-83.60676400041865, 38.505433000164381],
            [-83.606769000441517, 38.505511000212316],
            [-83.606818999771903, 38.506178000263219],
            [-83.60685700030507, 38.506256000207166],
            [-83.606899999962778, 38.506347000035042],
            [-83.60701700013864, 38.506481000167035],
            [-83.607177999797116, 38.506516000113237],
            [-83.607392999882279, 38.506508999984746],
            [-83.607597999921694, 38.506501999855622],
            [-83.607848999991845, 38.506455999893781],
            [-83.607967999817546, 38.506382000046372],
            [-83.608063000252088, 38.506262999657288],
            [-83.60810599990981, 38.506035000146539],
            [-83.607997000129856, 38.505381999952192],
            [-83.607909000266318, 38.504938999773756],
            [-83.607857000387767, 38.504556000128744],
            [-83.607783999694519, 38.504013000277908],
            [-83.607741000036825, 38.503693000061709],
            [-83.607724000318385, 38.503329999663791],
            [-83.607793999740267, 38.503070999870793],
            [-83.607901999695301, 38.502879999738937],
            [-83.608004999627454, 38.502698000345575],
            [-83.608137999696865, 38.502573000059328],
            [-83.608324000368, 38.502407000294291],
            [-83.608584999585602, 38.502269000206894],
            [-83.608948999633668, 38.502184999993645],
            [-83.609497999629653, 38.502145999936651],
            [-83.61035899979521, 38.502082000175953],
            [-83.610949999623983, 38.502032000081648],
            [-83.611349999657079, 38.502034999821113],
            [-83.611716000253281, 38.502034999821113],
            [-83.611841999751661, 38.502036000202935],
            [-83.612143000050551, 38.502060999901559],
            [-83.612419000235064, 38.502084999913336],
            [-83.613024000307576, 38.502147999994193],
            [-83.613201999684478, 38.502172999653872],
            [-83.61374599965761, 38.502386999788577],
            [-83.613974999986468, 38.502532999837527],
            [-83.614862000091279, 38.502944999862763],
            [-83.615289999713454, 38.503137999852285],
            [-83.615514999844351, 38.503273999654446],
            [-83.615736999602191, 38.503498999791979],
            [-83.615818999617957, 38.503740000037546],
            [-83.615859999625826, 38.504025000311103],
            [-83.615961999733088, 38.504194000214447],
            [-83.616097000350607, 38.504280000191848],
            [-83.616326999606073, 38.50432299979056],
            [-83.616634999577656, 38.504376999691679],
            [-83.617080999641473, 38.504451999838608],
            [-83.617366000046829, 38.504483000082757],
            [-83.617567999713188, 38.504499999666734],
            [-83.618074999876384, 38.504508000337943],
            [-83.618113000409551, 38.504508999982427],
            [-83.61856899962082, 38.504459000167053],
            [-83.618875999767482, 38.504455000180279],
            [-83.619382000105773, 38.504550000156634],
            [-83.619571000251653, 38.504568999715048],
            [-83.620054999950341, 38.504615000179214],
            [-83.621031999568501, 38.504656999935506],
            [-83.621338999715164, 38.50453499987271],
            [-83.621522999838177, 38.504413999951979],
            [-83.621655000082654, 38.50432699978461],
            [-83.62208400042806, 38.504232000217101],
            [-83.622488999585698, 38.504184000210358],
            [-83.623116000297813, 38.504110000137352],
            [-83.623496000239413, 38.504060999695618],
            [-83.623564000011456, 38.504040999649227],
            [-83.624016999747994, 38.503896000201216],
            [-83.62416300023618, 38.503805000088235],
            [-83.624398000412825, 38.503703999789572],
            [-83.624606999751876, 38.503652000102612],
            [-83.624735999623326, 38.50364000000728],
            [-83.624754999889888, 38.503637999991234],
            [-83.624925999594112, 38.503660999821285],
            [-83.625103999869339, 38.503678999958289],
            [-83.625119999762873, 38.503680000317281],
            [-83.625355999764423, 38.503750000103231],
            [-83.625621000078297, 38.503910999915234],
            [-83.625938000270693, 38.504248999860323],
            [-83.62600600004275, 38.504358000082554],
            [-83.626288999899955, 38.504807999911463],
            [-83.626315999664158, 38.504846000293135],
            [-83.626473999847889, 38.505062000194961],
            [-83.626497000312426, 38.505083000297326],
            [-83.626771999773737, 38.505339999915769],
            [-83.626808999583659, 38.505387000222704],
            [-83.626955999896765, 38.505568000220947],
            [-83.626998999554445, 38.505621999891488],
            [-83.627084999768172, 38.505712000189746],
            [-83.627191999898301, 38.505825000217527],
            [-83.627213999639622, 38.505840000232766],
            [-83.627772999681341, 38.506230999855795],
            [-83.628054999713655, 38.506413000162709],
            [-83.628350999989664, 38.506613000116225],
            [-83.628586000166308, 38.506739000033761],
            [-83.628755000220707, 38.506829999954213],
            [-83.628931999772718, 38.506929999772858],
            [-83.629452000354704, 38.50710500035148],
            [-83.629587000073926, 38.507150999898762],
            [-83.629869000106225, 38.50716100019374],
            [-83.630012000221356, 38.507139999994408],
            [-83.630454000087227, 38.507078999983086],
            [-83.630769999556421, 38.507035999921044],
            [-83.630881999709402, 38.507021000154914],
            [-83.631207000297721, 38.50707300022119],
            [-83.631367999956225, 38.507141999913202],
            [-83.6316829996005, 38.507272000141583],
            [-83.632017000409647, 38.507341999950995],
            [-83.632141000258201, 38.507395999697259],
            [-83.632260000083889, 38.507455999836495],
            [-83.632387000305499, 38.507565000125496],
            [-83.632486999864611, 38.507918999674615],
            [-83.632510000329134, 38.508316000321585],
            [-83.632496999910359, 38.508445000246603],
            [-83.632485000214785, 38.508568000303171],
            [-83.632385999582254, 38.508759000111766],
            [-83.632250999863061, 38.508903000026258],
            [-83.632085000181718, 38.509079999892755],
            [-83.63188400034025, 38.509295000170027],
            [-83.631589999714066, 38.509529000164008],
            [-83.631307999681766, 38.509709000020408],
            [-83.630853000295403, 38.509899000044584],
            [-83.630415999554074, 38.509983999967048],
            [-83.629725000166189, 38.510117000090993],
            [-83.629171999972229, 38.510188999780802],
            [-83.62884200025934, 38.510225000301624],
            [-83.628561999876865, 38.510227999699829],
            [-83.628320000027514, 38.510282000093596],
            [-83.628002000010198, 38.510398000073593],
            [-83.627719999977899, 38.510534999785001],
            [-83.627480999603293, 38.510625999828925],
            [-83.62723899975397, 38.510663999952236],
            [-83.626908000216162, 38.51064100024994],
            [-83.62666899984157, 38.510719999838493],
            [-83.626338000303775, 38.510935999694617],
            [-83.626222999777738, 38.511121000123666],
            [-83.626077000187877, 38.51162600020487],
            [-83.626058999746206, 38.511937000226936],
            [-83.626099999754089, 38.512177000109915],
            [-83.626179000295124, 38.512371000197916],
            [-83.62635199964916, 38.512659000052999],
            [-83.626707000374708, 38.513184999738797],
            [-83.62709599963884, 38.513542999959618],
            [-83.627708000282325, 38.513897000343839],
            [-83.628103000292555, 38.514125999776383],
            [-83.628311999631592, 38.51423899995546],
            [-83.628809999573974, 38.514475999972554],
            [-83.629245999592072, 38.514612999656286],
            [-83.629747999732416, 38.514777999898925],
            [-83.63051099998863, 38.515029000258558],
            [-83.63098999966445, 38.515273999961614],
            [-83.631115000236221, 38.515419999890256],
            [-83.631147999848196, 38.51559599970907],
            [-83.631075000053258, 38.515760999807412],
            [-83.630941000158955, 38.515856999818361],
            [-83.630649000080894, 38.515994999873485],
            [-83.630413000079358, 38.516106999744053],
            [-83.630064000099892, 38.516227999697108],
            [-83.629823000075461, 38.51631100021536],
            [-83.629590000446967, 38.516379000009692],
            [-83.62941200017174, 38.516431000346564],
            [-83.628775000312189, 38.516539999700846],
            [-83.628581999968347, 38.516567000347209],
            [-83.628314000179742, 38.516618999845413],
            [-83.628239999661588, 38.516638999912743],
            [-83.627785000275225, 38.516798000074651],
            [-83.627556999771272, 38.516880999935708],
            [-83.627331999640376, 38.516978000033106],
            [-83.626998999554445, 38.517043000083156],
            [-83.626523000251694, 38.517117999689582],
            [-83.62635199964916, 38.517151999916486],
            [-83.626213999556896, 38.517247000010592],
            [-83.62606899979194, 38.517391999986536],
            [-83.625969000232828, 38.517573000031391],
            [-83.625888999866888, 38.517805000207709],
            [-83.625886000392171, 38.518076000224241],
            [-83.625958000362175, 38.518556999880893],
            [-83.625975999905535, 38.518667999831763],
            [-83.626195000188645, 38.519485000282636],
            [-83.626315999664158, 38.519834000294694],
            [-83.626379000311658, 38.520013000260612],
            [-83.626406999900752, 38.520047999954556],
            [-83.626693999955918, 38.520405999782582],
            [-83.626903000193309, 38.520635999718159],
            [-83.627155999913285, 38.520645000125427],
            [-83.627832000130894, 38.520668000145974],
            [-83.628272000346954, 38.521478000307546],
            [-83.628551999831132, 38.521993999874319],
            [-83.62865499976327, 38.522005999722168],
            [-83.628761999893399, 38.52206400012988],
            [-83.629007000115791, 38.522066000336963],
            [-83.629089999956449, 38.522072999655755],
            [-83.629253999987981, 38.522086999696988],
            [-83.629496999662237, 38.522113000268234],
            [-83.629593999746604, 38.522122999890797],
            [-83.629879000151959, 38.52213699992226],
            [-83.630454999912146, 38.522107999753658],
            [-83.630617000293853, 38.52209900023211],
            [-83.630993999862412, 38.522119000182514],
            [-83.631482999583937, 38.522104000044543],
            [-83.631649999988525, 38.522093000316211],
            [-83.632035999777898, 38.522023000088851],
            [-83.632344999574386, 38.521959999826002],
            [-83.632811999554619, 38.521774999839892],
            [-83.633131000295151, 38.521436999932753],
            [-83.633506000213899, 38.520756999789562],
            [-83.633649000329029, 38.520498000126111],
            [-83.633958999950423, 38.519615000013651],
            [-83.63420300034791, 38.518921000276919],
            [-83.634358000158599, 38.51847899990792],
            [-83.634389999945626, 38.518387999949873],
            [-83.634553000152266, 38.518189999983413],
            [-83.634697999917222, 38.518103000294495],
            [-83.634994000193217, 38.517923000337717],
            [-83.635374999959737, 38.517830000054857],
            [-83.63576099974911, 38.517801000259482],
            [-83.635882999947853, 38.517791000036517],
            [-83.63628499963076, 38.517748000045813],
            [-83.636345999730111, 38.517741000306451],
            [-83.636630000310575, 38.517758999735342],
            [-83.636811000060533, 38.517836000326106],
            [-83.636928000236409, 38.517993000335345],
            [-83.63721299974344, 38.518577000112593],
            [-83.63754300035464, 38.519046999741846],
            [-83.637924999946051, 38.519588999945675],
            [-83.637965000129029, 38.519663999710765],
            [-83.638140999856134, 38.519996000122021],
            [-83.638198999582443, 38.52010499970082],
            [-83.638308000260707, 38.52035400020862],
            [-83.638535000041415, 38.520866999741799],
            [-83.638894000066628, 38.52139299989873],
            [-83.639337999582324, 38.52184900003197],
            [-83.639387999811035, 38.521898999719795],
            [-83.639515999857537, 38.521985999740366],
            [-83.639669000018429, 38.522088999903431],
            [-83.639790000392267, 38.522134000317365],
            [-83.639896999624071, 38.522175000295114],
            [-83.640069999876417, 38.522239999869235],
            [-83.640351000083811, 38.522383000131242],
            [-83.640464999886632, 38.522579999712313],
            [-83.64052099996313, 38.522785000205772],
            [-83.640545000252573, 38.522867000099147],
            [-83.640598999780934, 38.523048999820027],
            [-83.640751000116907, 38.523376999738105],
            [-83.640864000094808, 38.523560999740411],
            [-83.64112000018784, 38.523978000013734],
            [-83.641507999627038, 38.524520000334128],
            [-83.641732999757934, 38.524982000009061],
            [-83.641851999583636, 38.525381000152606],
            [-83.641835999690088, 38.52546399995564],
            [-83.64181599959862, 38.52556499995088],
            [-83.641290000067158, 38.528190999968238],
            [-83.640931999866851, 38.529985000115119],
            [-83.640597000131109, 38.531656000053502],
            [-83.640414999657921, 38.532610999754525],
            [-83.639700999805484, 38.536353000108519],
            [-83.639689000109911, 38.536419000131275],
            [-83.638454999675474, 38.542888000008972],
            [-83.636965999871236, 38.550706999780886],
            [-83.635862000031466, 38.556499000047232],
            [-83.635309999662411, 38.559392000293236],
            [-83.634909999629315, 38.561490999804811],
            [-83.634196999601784, 38.564943000096854],
            [-83.634127000179916, 38.565290999939087],
            [-83.633989999912558, 38.565944999697145],
            [-83.633910000444928, 38.566327999961246],
            [-83.633825999881026, 38.566745000260347],
            [-83.633754999735913, 38.56708800030956],
            [-83.633698999659416, 38.567360000292425],
            [-83.633399999908676, 38.568810000267106],
            [-83.633379999817194, 38.568910000349341],
            [-83.633215999785662, 38.569702999908372],
            [-83.631367000131306, 38.578639999801339],
            [-83.631086999748817, 38.579994999685404],
            [-83.630305999949243, 38.583781000157991],
            [-83.630288000405869, 38.58386699981466],
            [-83.629495999837332, 38.587709000145189],
            [-83.628304000134008, 38.59346899983354],
            [-83.627694999863536, 38.59641900034957],
            [-83.62615099980772, 38.603869999939398],
            [-83.626146999609759, 38.603890000313449],
            [-83.626005000217845, 38.604651999882876],
            [-83.62504500031811, 38.60925100030822],
            [-83.624723000102833, 38.610808000235075],
            [-83.624692000140698, 38.610958000334406],
            [-83.624646999934853, 38.611177999959629],
            [-83.624631999866239, 38.611247999730814],
            [-83.624615000147799, 38.611329000253257],
            [-83.624595999881222, 38.611424999740038],
            [-83.624641999911972, 38.611496000235718],
            [-83.624678999721908, 38.611552999791904],
            [-83.62469899981339, 38.611581999684148],
            [-83.624730999600445, 38.611627999803893],
            [-83.624771999608313, 38.611686999776957],
            [-83.624913000073619, 38.611895999945546],
            [-83.63544799975466, 38.627556000262551],
            [-83.636462999905973, 38.629053999698478],
            [-83.636610000219065, 38.629274999979692],
            [-83.640026000393803, 38.634351999807308],
            [-83.64012900032597, 38.634503999675211],
            [-83.640151000067291, 38.63453599993872],
            [-83.640392000091694, 38.634899999737861],
            [-83.640407999985229, 38.634920999818348],
            [-83.640660999705204, 38.635001000335798],
            [-83.643267999592936, 38.63582099979044],
            [-83.644977000403514, 38.636363000217848],
            [-83.645476000170802, 38.635561000054786],
            [-83.645888999724377, 38.634968000343676],
            [-83.646569999964854, 38.634068000187675],
            [-83.647092000196665, 38.633376000030843],
            [-83.647205999999485, 38.633276999869892],
            [-83.647842000034117, 38.632404000187265],
            [-83.648300999618428, 38.631861000021011],
            [-83.648334999953619, 38.631828999966849],
            [-83.648592999696476, 38.631592000108206],
            [-83.649140999867569, 38.631189000095326],
            [-83.650423999807487, 38.630469000252795],
            [-83.650746000022764, 38.630334000266778],
            [-83.652035999635387, 38.629760000295271],
            [-83.653039000091141, 38.629365999938813],
            [-83.653389999720403, 38.629229999964963],
            [-83.653646999638369, 38.629128999657553],
            [-83.654346000320501, 38.628809000314817],
            [-83.654872999676883, 38.628569000221361],
            [-83.655623000412632, 38.628316999679761],
            [-83.657142000354114, 38.627910000067544],
            [-83.659484999752877, 38.627384000265671],
            [-83.66026999975044, 38.627241999777787],
            [-83.664142999859635, 38.626753999822007],
            [-83.665964999749832, 38.626507000190614],
            [-83.666183000208022, 38.626473999797504],
            [-83.667672999837194, 38.626403000091244],
            [-83.668395000085553, 38.626453000049871],
            [-83.668893000027921, 38.626562000344123],
            [-83.670961999790308, 38.627243999865662],
            [-83.671443000014236, 38.62738100013965],
            [-83.672628999869787, 38.627616999844108],
            [-83.672864000046431, 38.627726999809688],
            [-83.673064000062965, 38.627841999784664],
            [-83.673327999653623, 38.627996000188425],
            [-83.674022000312888, 38.628369999792021],
            [-83.674526000103043, 38.628589000025912],
            [-83.675311000100578, 38.628809000314817],
            [-83.677414000198155, 38.629231999997437],
            [-83.678513999839979, 38.6295059997043],
            [-83.680982999635447, 38.630170999944951],
            [-83.681126999575483, 38.630227000097342],
            [-83.681523000308928, 38.630334000266778],
            [-83.682087000373542, 38.630517000186529],
            [-83.684560000366957, 38.63132099991369],
            [-83.686036999577325, 38.631866999897966],
            [-83.688518999791583, 38.63281200021914],
            [-83.690268999711748, 38.633513999771985],
            [-83.69249700038111, 38.634328999669961],
            [-83.696700000203194, 38.636064999850475],
            [-83.699815999903947, 38.637550000322783],
            [-83.701411000013394, 38.638307000053018],
            [-83.702792999687532, 38.639056999651153],
            [-83.70389099967953, 38.639524999807897],
            [-83.704704000164483, 38.639759999662168],
            [-83.704807999921556, 38.639784000030858],
            [-83.705202999931771, 38.639837999954025],
            [-83.705311999711711, 38.639835000349152],
            [-83.705484000139151, 38.639832000042546],
            [-83.706428999970285, 38.639704999810128],
            [-83.706474000176129, 38.639703999939961],
            [-83.706491999719475, 38.639702000199691],
            [-83.706982000164246, 38.639715999783903],
            [-83.707762999963833, 38.639822999823522],
            [-83.708481999839137, 38.640027999931917],
            [-83.709527000127693, 38.640400000195427],
            [-83.709743999862681, 38.640477999790761],
            [-83.709953000100029, 38.640664000048481],
            [-83.710146000443885, 38.641025000046255],
            [-83.71032100034607, 38.641260999742094],
            [-83.710707999960349, 38.641532000247871],
            [-83.710923000045526, 38.641654999976183],
            [-83.711323999903513, 38.641703000138044],
            [-83.711914999732315, 38.641664999807908],
            [-83.713175999930911, 38.641650999902751],
            [-83.713302000327616, 38.64165900004938],
            [-83.713607999751048, 38.641767999677413],
            [-83.713848999775479, 38.641899999661668],
            [-83.714451000373231, 38.642311999707168],
            [-83.714966000034039, 38.642630000159464],
            [-83.716002999926687, 38.643118999921946],
            [-83.716294000179815, 38.643267000159362],
            [-83.716565000341461, 38.643430999989583],
            [-83.717121000010167, 38.643874999956644],
            [-83.717264000125297, 38.644051000319962],
            [-83.71769699977034, 38.644936000251448],
            [-83.717733999580261, 38.645012000229052],
            [-83.717808999923335, 38.645088999921107],
            [-83.717889000289276, 38.645170999903058],
            [-83.71844999998082, 38.645554999699421],
            [-83.719589999805621, 38.646174999894534],
            [-83.720214999969599, 38.64644900008885],
            [-83.720861999874899, 38.646673999856695],
            [-83.721744999781734, 38.646849999659771],
            [-83.722193000393702, 38.646913999672272],
            [-83.723497000250021, 38.647076000040514],
            [-83.724485999563754, 38.647141000319124],
            [-83.725280999607051, 38.647193999844269],
            [-83.728235999649328, 38.647285999972674],
            [-83.729264000219445, 38.647304999702349],
            [-83.730195999631775, 38.647389999945069],
            [-83.731795999764088, 38.647560999888611],
            [-83.73367700010381, 38.647609000304072],
            [-83.734411000047743, 38.647656000226611],
            [-83.736257000227354, 38.647784000157813],
            [-83.738110999904592, 38.64791300031758],
            [-83.739629000021154, 38.648045000207993],
            [-83.741024000114081, 38.648185999726664],
            [-83.742269000419171, 38.648312999662636],
            [-83.744422999672054, 38.64860699993234],
            [-83.746596000089809, 38.648995999661601],
            [-83.747920000037624, 38.649218999673941],
            [-83.748253999948474, 38.649270000293427],
            [-83.748746999867976, 38.649358000217731],
            [-83.749183999710979, 38.649432000245767],
            [-83.749558999629699, 38.649512000000541],
            [-83.749825999593398, 38.649569000209752],
            [-83.750589999674546, 38.649720000347926],
            [-83.751590999582149, 38.6499460000949],
            [-83.754825000182009, 38.650526999918988],
            [-83.757817999859114, 38.651277000013629],
            [-83.75805700023372, 38.651329999987041],
            [-83.758467000312535, 38.651426999651612],
            [-83.758696999568002, 38.651482000328777],
            [-83.759520000098689, 38.651675000113364],
            [-83.761935000365796, 38.652043999751754],
            [-83.763195999666095, 38.652241000310966],
            [-83.764188000251181, 38.652525000177945],
            [-83.765242999687189, 38.652892000275159],
            [-83.766548000266724, 38.653538000147265],
            [-83.766668999742237, 38.653581999957062],
            [-83.767821000160893, 38.654246999913902],
            [-83.769119999994345, 38.655075000189903],
            [-83.77017799980338, 38.655857000236473],
            [-83.770746999890846, 38.656458999907152],
            [-83.77148699968258, 38.657316999829213],
            [-83.772319000434095, 38.658484000214358],
            [-83.772455999803128, 38.65873999973762],
            [-83.773049000180052, 38.659838999995593],
            [-83.773455000060935, 38.6607209997821],
            [-83.77363099978804, 38.661061000309566],
            [-83.773840999850307, 38.661909000005281],
            [-83.773887999705977, 38.66277400021864],
            [-83.773966000422078, 38.66310099973893],
            [-83.774240000058469, 38.663555000140825],
            [-83.77455700025088, 38.664005000241865],
            [-83.775008000337579, 38.664953999912051],
            [-83.775732000235763, 38.666712999833862],
            [-83.776280000406857, 38.669087999730436],
            [-83.776313000018803, 38.669228999911532],
            [-83.776472000027496, 38.669741999928554],
            [-83.77671700024986, 38.670528000305382],
            [-83.776766999580261, 38.670692000150716],
            [-83.77747200011018, 38.673444000250868],
            [-83.777864999572259, 38.675397000343132],
            [-83.778025000304126, 38.676266999922419],
            [-83.778222999772552, 38.677505999743964],
            [-83.778551999660507, 38.678639999800296],
            [-83.77898600002878, 38.680271000228139],
            [-83.779150999885232, 38.681598999729438],
            [-83.779345999878899, 38.682713000029324],
            [-83.779865999562574, 38.684466000094645],
            [-83.780043999837815, 38.68504800030032],
            [-83.780328000418265, 38.68598700015837],
            [-83.781029999676804, 38.688078999891594],
            [-83.781459000022224, 38.689712000200423],
            [-83.782141999912511, 38.691505999978503],
            [-83.782541000120688, 38.692436000003184],
            [-83.78281300010724, 38.692972000111816],
            [-83.78306800037538, 38.693472999683522],
            [-83.783168999759397, 38.693746999813769],
            [-83.783386000392696, 38.694752000127082],
            [-83.783471999708098, 38.695201999729953],
            [-83.78370100003697, 38.69568500008932],
            [-83.783799999771162, 38.69583199988665],
            [-83.78395299993204, 38.696057999934887],
            [-83.784320000353148, 38.69655199978142],
            [-83.784462999569982, 38.696723000119881],
            [-83.785403000276531, 38.697622999738549],
            [-83.78662900031506, 38.698881000038568],
            [-83.787236000037367, 38.699463000061698],
            [-83.787769000139846, 38.699918000227413],
            [-83.788674999612894, 38.70056600010583],
            [-83.789401999884149, 38.701011000307794],
            [-83.789659999626991, 38.701125999728553],
            [-83.790776999885566, 38.701714000046103],
            [-83.791642000249055, 38.702115000012682],
            [-83.791723000439916, 38.702150000016708],
            [-83.791940999999809, 38.702243999742421],
            [-83.792072000419367, 38.702301000037977],
            [-83.793859999974345, 38.702922000055821],
            [-83.795567000236801, 38.703499000337239],
            [-83.796128999753293, 38.703674999982404],
            [-83.798174000124533, 38.704475999842153],
            [-83.798838999573178, 38.704685000022138],
            [-83.799739000096764, 38.704799999843864],
            [-83.79997900029629, 38.704855000180864],
            [-83.80029399994055, 38.704996999657261],
            [-83.800632000049347, 38.705217000145453],
            [-83.801038999755121, 38.705349000253641],
            [-83.801704000102063, 38.705459000040811],
            [-83.802243000052343, 38.705513999870909],
            [-83.802792999873233, 38.705628999761409],
            [-83.803104000217871, 38.705720999821054],
            [-83.804047000399166, 38.706002000321718],
            [-83.805773999854779, 38.706467999778056],
            [-83.805829999931277, 38.706480999991648],
            [-83.80699099967245, 38.706745999839619],
            [-83.808136000418443, 38.706864999787733],
            [-83.809037999693544, 38.706914000038715],
            [-83.811392999686177, 38.707094999945014],
            [-83.813925000129174, 38.707450999930337],
            [-83.814727999670069, 38.707631999879233],
            [-83.815140000297035, 38.707720999899031],
            [-83.816881999821248, 38.708203000216088],
            [-83.819122000186198, 38.708879000195068],
            [-83.820354000072484, 38.709197000164608],
            [-83.821539999928021, 38.709443999998193],
            [-83.821889999732392, 38.709536999651952],
            [-83.822391000047801, 38.709726000181021],
            [-83.822468000040715, 38.709755999896402],
            [-83.822812999822204, 38.709915000210472],
            [-83.823723000391539, 38.710332999706438],
            [-83.824067000348137, 38.710475000219986],
            [-83.824806000314908, 38.710919999740803],
            [-83.825161999967079, 38.711171999899712],
            [-83.825310999929982, 38.711319999679084],
            [-83.825701999742236, 38.711623000194592],
            [-83.825843000207556, 38.711731999876228],
            [-83.826020999584458, 38.711831000246882],
            [-83.826301999791866, 38.712054999680305],
            [-83.826915000260271, 38.712446000072987],
            [-83.828147000146572, 38.713169999807583],
            [-83.829900000439778, 38.714057999910068],
            [-83.833235000423642, 38.715583999842529],
            [-83.833268999860522, 38.715600999948549],
            [-83.8350280000015, 38.716467999995594],
            [-83.835934000372887, 38.717099000137971],
            [-83.836758999655089, 38.71771800022875],
            [-83.837080000045447, 38.71799899983457],
            [-83.837289000282837, 38.718242000094513],
            [-83.837885000134492, 38.718865000064049],
            [-83.838502999727467, 38.719351000176765],
            [-83.839204000059425, 38.720021999817185],
            [-83.839407000449015, 38.720299000291412],
            [-83.839501999985259, 38.720439999786478],
            [-83.839965999592451, 38.721200999908483],
            [-83.840264000416596, 38.721578000335207],
            [-83.840656999878661, 38.72197599995863],
            [-83.841032999622286, 38.722689000038663],
            [-83.841324999700348, 38.723363000186531],
            [-83.841555999679031, 38.723919000283558],
            [-83.842283999775177, 38.72607000030191],
            [-83.842354999920275, 38.726287000225412],
            [-83.842426000065387, 38.726914999710559],
            [-83.842905999566099, 38.729636000030141],
            [-83.843139000092918, 38.731164000189075],
            [-83.843374000269549, 38.732243000071811],
            [-83.843495999569981, 38.732822999755349],
            [-83.843905999648797, 38.734432999762035],
            [-83.844458000017852, 38.736209000079164],
            [-83.84470400006515, 38.73727800034461],
            [-83.84481500039324, 38.737878999800124],
            [-83.844848999830091, 38.738022000135956],
            [-83.844964000356157, 38.738252000232279],
            [-83.84509700042554, 38.738563999794415],
            [-83.845710999820554, 38.740274999963596],
            [-83.846000000423857, 38.741388000105957],
            [-83.846011000294524, 38.741435999959847],
            [-83.846207000113083, 38.742257000143915],
            [-83.846608999796018, 38.743131999778868],
            [-83.847288000386655, 38.74440199986423],
            [-83.847464000113746, 38.744774999857],
            [-83.847842000405521, 38.745552999991446],
            [-83.848331000127075, 38.746484999964338],
            [-83.848890999993714, 38.747476999682746],
            [-83.850903999679602, 38.750081000183968],
            [-83.851268999552573, 38.750492999681306],
            [-83.851678999631403, 38.750901999748429],
            [-83.851902999937394, 38.751126000003055],
            [-83.852498999789063, 38.75183899987784],
            [-83.853112000257468, 38.752405000186698],
            [-83.853351999558683, 38.752582999982494],
            [-83.853381999695898, 38.752603000175839],
            [-83.853787999576767, 38.752802999699277],
            [-83.854227999792812, 38.752964000285147],
            [-83.854473000015204, 38.753066000037634],
            [-83.854898999987554, 38.753233000244926],
            [-83.85516900032431, 38.753375000273238],
            [-83.855472000272997, 38.753650000264841],
            [-83.855535000022186, 38.753770999925472],
            [-83.85546600042521, 38.754066000276488],
            [-83.855461000402357, 38.754088999775313],
            [-83.85545300000642, 38.754141000290076],
            [-83.855457000204382, 38.75417199994574],
            [-83.855560000136549, 38.754193000066408],
            [-83.855747999559213, 38.754248000219761],
            [-83.855974000413326, 38.754329999834717],
            [-83.8562890000576, 38.754576999882545],
            [-83.856652000280761, 38.754916000252678],
            [-83.857006000283093, 38.755331000235202],
            [-83.857308000406874, 38.755586000344294],
            [-83.8577820000598, 38.755959999696977],
            [-83.858315999987198, 38.756325000311094],
            [-83.858642000400422, 38.756522999934354],
            [-83.859376000344369, 38.756904000221894],
            [-83.859973000020929, 38.757216999874082],
            [-83.860712999812634, 38.75756099983986],
            [-83.861065000165141, 38.757715000040768],
            [-83.861549999688719, 38.757944000129804],
            [-83.861691999978959, 38.75800300007041],
            [-83.862388000288036, 38.758313000262987],
            [-83.863487999929859, 38.758812000094792],
            [-83.864038999575683, 38.759037000348854],
            [-83.864743000280697, 38.759365999651941],
            [-83.86562000033976, 38.759838000314808],
            [-83.866416000207948, 38.760172000171053],
            [-83.868032000233796, 38.760808000256013],
            [-83.869407000235242, 38.761300999917815],
            [-83.870907999735053, 38.761788999746699],
            [-83.87105699969797, 38.761822000114165],
            [-83.871906999992845, 38.76209300013489],
            [-83.872414999980961, 38.762255000338129],
            [-83.87379699965507, 38.762587000279957],
            [-83.874359999894793, 38.762733000221061],
            [-83.875037999762213, 38.762858999747813],
            [-83.875578000435695, 38.762993999894434],
            [-83.876518000243934, 38.763170000106797],
            [-83.877319999959923, 38.763264000121957],
            [-83.878367999723196, 38.763247999695928],
            [-83.878946999856424, 38.763298000052195],
            [-83.879262000399009, 38.76340200023283],
            [-83.880281999674892, 38.763874000117227],
            [-83.881593999927134, 38.764209999758997],
            [-83.882625999796886, 38.764440999776937],
            [-83.883605999788102, 38.764677999700275],
            [-83.884246999845615, 38.764856999930387],
            [-83.88476300022964, 38.765001999908911],
            [-83.886103999895894, 38.765402999865728],
            [-83.887524999928075, 38.765771999953678],
            [-83.888052000182768, 38.765804999879926],
            [-83.889473000214949, 38.765800000231692],
            [-83.889965000309545, 38.765789000023702],
            [-83.890079999937257, 38.765799000021801],
            [-83.89028099977871, 38.765817000295094],
            [-83.890443000160417, 38.765867999760516],
            [-83.890669000116247, 38.765948000318062],
            [-83.89127500001365, 38.766107999763172],
            [-83.892459000219361, 38.766310999873589],
            [-83.894269000413985, 38.766565999973594],
            [-83.895255000252988, 38.766719999653006],
            [-83.896430000237871, 38.76690299974036],
            [-83.897409000404181, 38.767059999969447],
            [-83.899141999707581, 38.767367000177458],
            [-83.90058899967903, 38.767521999714461],
            [-83.901238999957371, 38.767624999857723],
            [-83.90142499973021, 38.767655999960112],
            [-83.901890000060604, 38.767733000065839],
            [-83.903901000096695, 38.768182000163947],
            [-83.904943000012167, 38.766207999934572],
            [-83.90618499994423, 38.763857000291338],
            [-83.906365999694188, 38.763514000096144],
            [-83.907596999755583, 38.761182000262984],
            [-83.907682999969296, 38.761019999725207],
            [-83.907717000304501, 38.760954999911966],
            [-83.907780999878611, 38.760835000101174],
            [-83.909458999828729, 38.757655999862024],
            [-83.910017999870462, 38.756598000168282],
            [-83.910670999623534, 38.755352999670642],
            [-83.910777999753662, 38.755147999892124],
            [-83.911313000404263, 38.754126000293674],
            [-83.911342999643196, 38.754066999950275],
            [-83.913019999768395, 38.75086100008545],
            [-83.913099000309444, 38.750716999818174],
            [-83.913788000047518, 38.749462999982612],
            [-83.915344999623827, 38.746412999657359],
            [-83.915364999715322, 38.746373000000339],
            [-83.915649000295744, 38.745817999994721],
            [-83.917771999586506, 38.741668999814131],
            [-83.921006000186338, 38.735351000018454],
            [-83.931389000429718, 38.715064000293935],
            [-83.931446000331135, 38.714953000343826],
            [-83.93204200018279, 38.713788000042001],
            [-83.932072000320034, 38.713729000015526],
            [-83.932624999615669, 38.712648999967662],
            [-83.932891999579368, 38.712127000275423],
            [-83.932915000043891, 38.712089000165086],
            [-83.935887999629529, 38.706274000138713],
            [-83.939907000226924, 38.698421999878121],
            [-83.94006700006048, 38.698108999843591],
            [-83.940086000327057, 38.698073000208716],
            [-83.940266000252109, 38.697721000253487],
            [-83.943463000143737, 38.691473999920817],
            [-83.945900999977056, 38.686710999935052],
            [-83.946916999953274, 38.684724999816495],
            [-83.946982000250614, 38.684596999989928],
            [-83.948178000151898, 38.682252999931386],
            [-83.951135999668892, 38.676448000242416],
            [-83.952240000406988, 38.674286000045726],
            [-83.953954000342137, 38.670918999791489],
            [-83.954052000251437, 38.670725999960453],
            [-83.954165000229338, 38.670507000139771],
            [-83.957726999993938, 38.663514000160944],
            [-83.958244000202882, 38.662501000286355],
            [-83.960568000233394, 38.657942000138902],
            [-83.96074599961031, 38.657591000203098],
            [-83.960863999611078, 38.657357000225645],
            [-83.962093000022648, 38.654948000314882],
            [-83.962196999779735, 38.654730999963157],
            [-83.962569000223709, 38.653960999814501],
            [-83.963093999930251, 38.652872000236087],
            [-83.964533000404117, 38.649889999913583],
            [-83.968123999582716, 38.642443000260819],
            [-83.968790999579483, 38.641058000056397],
            [-83.970188000220531, 38.638162999664367],
            [-83.971876000216398, 38.634663000207759],
            [-83.97489599965769, 38.628400999958679],
            [-83.976024999611838, 38.626060999888544],
            [-83.976521999729286, 38.625029000273777],
            [-83.976700000004527, 38.624656000167228],
            [-83.978645999743279, 38.620617999853096],
            [-83.978691999774028, 38.620523000172909],
            [-83.978714000413632, 38.620476000003826],
            [-83.982804000257829, 38.61198100006159],
            [-83.983651000179648, 38.610221999939149],
            [-83.987050999562527, 38.603161000277474],
            [-83.990390999569286, 38.596223999685307],
            [-83.991604999912227, 38.593701000239591],
            [-83.991675000232433, 38.593683999965933],
            [-83.991998000272631, 38.593602999887189],
            [-83.992503999712582, 38.59336399976344],
            [-83.992803000361661, 38.593100999709563],
            [-83.993037999639981, 38.592675000221035],
            [-83.993081000196, 38.592342999687716],
            [-83.993024000294596, 38.591954000093608],
            [-83.99273499969128, 38.591235000136514],
            [-83.992595999774124, 38.590640999876115],
            [-83.992557000314349, 38.590198000138791],
            [-83.992830000125835, 38.589277999664375],
            [-83.992948000126617, 38.588794000049553],
            [-83.992995999807192, 38.588335999783148],
            [-83.993027999594247, 38.587913999668359],
            [-83.993367000426261, 38.587002999949732],
            [-83.993897999980589, 38.586074999939449],
            [-83.994317000280262, 38.58553599983339],
            [-83.995107000300678, 38.58474999973852],
            [-83.995878999879437, 38.584030999968611],
            [-83.996411999981916, 38.583514000306479],
            [-83.996766999809154, 38.583333999712252],
            [-83.997135999880101, 38.583307000251281],
            [-83.997761000044079, 38.583431000084644],
            [-83.998232000222259, 38.583633000034183],
            [-83.998653999996648, 38.58385900024291],
            [-83.998936000028962, 38.584190999980528],
            [-83.999063000250558, 38.584473999835261],
            [-83.998967999816017, 38.585294999686049],
            [-83.999017000219808, 38.586174999863339],
            [-83.999397999986329, 38.586987000099583],
            [-84.000099000318301, 38.587886999822842],
            [-84.001081999784233, 38.588940000317599],
            [-84.001716000169054, 38.589347999733178],
            [-84.002353999853511, 38.58957599994568],
            [-84.003614000227216, 38.589707999811694],
            [-84.004677999884024, 38.58977099971009],
            [-84.005494999668628, 38.589718999731083],
            [-84.0061130001599, 38.589617999961291],
            [-84.006683000072286, 38.589317000242765],
            [-84.006830000385392, 38.589117999752261],
            [-84.007002999739441, 38.588884000230635],
            [-84.007550000085615, 38.587370999732194],
            [-84.007695999675491, 38.587036000243792],
            [-84.007939000248058, 38.586476000113912],
            [-84.008131999693575, 38.585576000260303],
            [-84.008451000434135, 38.585183000102766],
            [-84.009052000308643, 38.584752000308896],
            [-84.009704000236823, 38.584497999746844],
            [-84.010579999572656, 38.584295000183282],
            [-84.011312999691668, 38.584152000128952],
            [-84.012157000138757, 38.584101000237112],
            [-84.013539999637786, 38.583789999685997],
            [-84.015031999815079, 38.58362099993483],
            [-84.0158999996533, 38.583702000039715],
            [-84.016235000287381, 38.583751000318884],
            [-84.017565999907873, 38.583824999946202],
            [-84.018627999914855, 38.583965000114389],
            [-84.01887999980994, 38.584064000224089],
            [-84.019279999843022, 38.584219999694362],
            [-84.019470999638742, 38.584333999957202],
            [-84.020192000062181, 38.584761999649167],
            [-84.020460999675691, 38.58516499999044],
            [-84.020474000094481, 38.585714999902997],
            [-84.020054999794837, 38.586213000106831],
            [-84.018135999820288, 38.587096999875065],
            [-84.016826000116168, 38.587814999951156],
            [-84.016101000393078, 38.588639999743251],
            [-84.015819000360779, 38.589275999922208],
            [-84.015701000359996, 38.589953000042193],
            [-84.015784000200682, 38.590527999649659],
            [-84.016248999632765, 38.590999000096637],
            [-84.016631999947407, 38.591360000164713],
            [-84.017009000414276, 38.591915000245486],
            [-84.017605000265945, 38.593249999794338],
            [-84.017986000032437, 38.594161000292388],
            [-84.018160999934636, 38.594458000166327],
            [-84.018590000280028, 38.594684999801743],
            [-84.019022999925085, 38.594803999973387],
            [-84.019695999769638, 38.594825999653118],
            [-84.019777999785404, 38.594817999897984],
            [-84.020286999598412, 38.594769000149896],
            [-84.021104000281341, 38.59458899968476],
            [-84.021259000092044, 38.594555000256108],
            [-84.02168500006438, 38.594377000258717],
            [-84.021928999563542, 38.594211000257886],
            [-84.023250000036612, 38.593087000152202],
            [-84.024985999713067, 38.591685000062121],
            [-84.025359999806881, 38.5912940000253],
            [-84.025538999907027, 38.590902000117069],
            [-84.025537000257202, 38.590469999688054],
            [-84.02529899970753, 38.589973000081393],
            [-84.024308999670552, 38.588168000084487],
            [-84.023613000259772, 38.586912000315635],
            [-84.023214000051595, 38.58558600018803],
            [-84.023209000028743, 38.584735000022896],
            [-84.023322000006644, 38.584175000205995],
            [-84.023568999878847, 38.58386100013589],
            [-84.024152000210023, 38.583551999851473],
            [-84.025680000372347, 38.583058999942345],
            [-84.026000999864394, 38.582972000061474],
            [-84.027066000244417, 38.582684000091248],
            [-84.027857000089753, 38.582455999763887],
            [-84.028391999842043, 38.582398000304295],
            [-84.029145000052551, 38.582565000195508],
            [-84.030277000379741, 38.58273800017362],
            [-84.031860999720237, 38.582819999830988],
            [-84.03298399982657, 38.582856999782756],
            [-84.03369500020429, 38.582946999680715],
            [-84.034204999842231, 38.583275000304866],
            [-84.034363000025962, 38.583631000134801],
            [-84.034412000429768, 38.583928999976834],
            [-84.034259000268889, 38.584402999991426],
            [-84.033822000425886, 38.584991000310467],
            [-84.033188000041065, 38.585627999728771],
            [-84.032983000001664, 38.585924999792503],
            [-84.032762999893635, 38.586306999661986],
            [-84.032504000325872, 38.587029000225236],
            [-84.032315000179992, 38.587786000284794],
            [-84.032301999761202, 38.588358000040557],
            [-84.032004999660273, 38.589972000220016],
            [-84.031931999865336, 38.590624000282162],
            [-84.032137999729656, 38.591331999666181],
            [-84.032586000341624, 38.591824999650932],
            [-84.033188999865985, 38.592361999935193],
            [-84.034148999765719, 38.592829000298202],
            [-84.034296000078811, 38.592898999713455],
            [-84.034460000110343, 38.592975999904127],
            [-84.034824000158423, 38.593146999740462],
            [-84.035041999718302, 38.593427999777624],
            [-84.035034000220719, 38.593702000049085],
            [-84.034686999891065, 38.594062000061356],
            [-84.034051999681353, 38.594226999902503],
            [-84.032997000245373, 38.594286000140883],
            [-84.032459000120028, 38.594465999961528],
            [-84.03210299956956, 38.594669000259252],
            [-84.031871999590891, 38.594905000170776],
            [-84.031837000329091, 38.595171000003802],
            [-84.032204999676807, 38.595629999981774],
            [-84.032906999833671, 38.5961160001048],
            [-84.033516000104143, 38.596402999789362],
            [-84.034002000350952, 38.596594999957794],
            [-84.034590999631604, 38.596628000055702],
            [-84.035367000306636, 38.596430999714265],
            [-84.035606999607822, 38.596392000191962],
            [-84.03590200005894, 38.596349999926659],
            [-84.036336000427198, 38.596447000268242],
            [-84.036742000308081, 38.596429999942785],
            [-84.037251000121103, 38.596277000343136],
            [-84.037749999888376, 38.595996000224332],
            [-84.03870700031338, 38.59536299995699],
            [-84.039406999922107, 38.594943000006644],
            [-84.039847000138167, 38.594752000129155],
            [-84.040745999938522, 38.594437000173031],
            [-84.041578999616647, 38.594219000080663],
            [-84.042941999922519, 38.593646000165748],
            [-84.044343999688124, 38.593149999894088],
            [-84.044824999912066, 38.593003999761535],
            [-84.045520000396252, 38.592688000035132],
            [-84.046262999662702, 38.592247999779197],
            [-84.047097000064042, 38.591475000166966],
            [-84.047153999965445, 38.591421000335409],
            [-84.047627999618385, 38.590975000251433],
            [-84.047716000380248, 38.590892000227555],
            [-84.048184000185387, 38.590692000038175],
            [-84.048832999740497, 38.590538000292035],
            [-84.049715999647333, 38.590563999989662],
            [-84.051015000379095, 38.590813000208776],
            [-84.05182100029306, 38.591081999996817],
            [-84.052206000257513, 38.591352000023399],
            [-84.052501999635211, 38.591886999963357],
            [-84.052442000259077, 38.592524999819133],
            [-84.052018999761458, 38.593167000294187],
            [-84.051569000397976, 38.59372400006653],
            [-84.050653999805775, 38.594381000160979],
            [-84.049872000181253, 38.594784999670097],
            [-84.049375000063804, 38.594987999767866],
            [-84.048910999558288, 38.595011999675727],
            [-84.048520999570954, 38.594926000027165],
            [-84.047437999647585, 38.594493999939871],
            [-84.046809000183956, 38.594350999835626],
            [-84.046363000120124, 38.594300000166491],
            [-84.045854000307088, 38.594413000072933],
            [-84.045111000142342, 38.594916999788552],
            [-84.044706999911284, 38.595293999923243],
            [-84.044419000031212, 38.596151999749026],
            [-84.044453000366389, 38.59694499975528],
            [-84.044644999987014, 38.597675000200041],
            [-84.044674000299338, 38.598149000039271],
            [-84.044840999805587, 38.598724999736625],
            [-84.044860000072163, 38.599541000171129],
            [-84.045015999707786, 38.600049999696417],
            [-84.045190999609972, 38.600296999872775],
            [-84.04543500000743, 38.600641000191452],
            [-84.046147000210055, 38.60128999972342],
            [-84.047031999766716, 38.601790000104913],
            [-84.047461000112122, 38.601999000318784],
            [-84.048339999820996, 38.602173999891995],
            [-84.049134000039373, 38.602420000090859],
            [-84.049550999790895, 38.602570000174993],
            [-84.050252000122853, 38.602592000282648],
            [-84.050789000423279, 38.602438000089393],
            [-84.051360000160585, 38.602114999818788],
            [-84.052675999712491, 38.601120999741909],
            [-84.05385300024551, 38.600172999680197],
            [-84.054870999871568, 38.599360999737101],
            [-84.055102999675157, 38.599079000021653],
            [-84.055032000428355, 38.598594999784645],
            [-84.053773999704489, 38.597306000113541],
            [-84.053465999732893, 38.596785000079706],
            [-84.053366000173781, 38.596296000251478],
            [-84.05345700041039, 38.595883999780462],
            [-84.053983999766771, 38.594667999761114],
            [-84.054819999817937, 38.593355000031174],
            [-84.05539700030134, 38.592739000147311],
            [-84.056444000239708, 38.591895999879704],
            [-84.057327999971463, 38.591346000267919],
            [-84.057736000400467, 38.591298000099329],
            [-84.058296000267106, 38.591374999900736],
            [-84.059841999972789, 38.591805999963476],
            [-84.060396999816547, 38.59201300009363],
            [-84.06075599984176, 38.59227400026186],
            [-84.060895999583835, 38.59263799971103],
            [-84.060939000139868, 38.592783999885832],
            [-84.060892000284184, 38.593468000020856],
            [-84.060436000174604, 38.594276000020592],
            [-84.058965999738632, 38.596243000309826],
            [-84.058630000177956, 38.596779999842752],
            [-84.058471999994225, 38.597407000301018],
            [-84.058538000116457, 38.59758400005051],
            [-84.058917000233123, 38.598129000171504],
            [-84.059048999579289, 38.598408000175247],
            [-84.059499999666016, 38.598895999919741],
            [-84.059816999858398, 38.599102999965865],
            [-84.060221000089456, 38.599274999682379],
            [-84.060735999750264, 38.599383000126373],
            [-84.061283000096438, 38.599391999804986],
            [-84.061955000116086, 38.599412999752801],
            [-84.062520999830539, 38.599287999705432],
            [-84.062915999840726, 38.599142000121404],
            [-84.062972999742129, 38.599118999924222],
            [-84.0631810001546, 38.599091000345815],
            [-84.063340000163251, 38.599070000303797],
            [-84.063751999891906, 38.598858999807916],
            [-84.064306999735678, 38.598580000153056],
            [-84.065193000015569, 38.597976999730683],
            [-84.065803999935852, 38.597658999919794],
            [-84.066356000304907, 38.597488000300068],
            [-84.066679000345104, 38.597518000016443],
            [-84.067219999945166, 38.597756999649619],
            [-84.067672999681704, 38.598129000171504],
            [-84.067898999637507, 38.598561999888958],
            [-84.067896000162776, 38.599224999733821],
            [-84.067799000078395, 38.599726999911347],
            [-84.067461999794517, 38.60021799967295],
            [-84.067175999564242, 38.600489999870938],
            [-84.066840999828486, 38.600901000170929],
            [-84.066366000350641, 38.601388999814382],
            [-84.066013000173228, 38.602002000102438],
            [-84.065976000363307, 38.602375000074659],
            [-84.066158999763104, 38.60287499991739],
            [-84.066470000107714, 38.603257000162479],
            [-84.06699499981427, 38.60356300016737],
            [-84.067440000053196, 38.603766999679785],
            [-84.067970999607539, 38.603874999682439],
            [-84.068614000213174, 38.603941000189067],
            [-84.069077999820351, 38.603903000202607],
            [-84.069430999997778, 38.603844000146836],
            [-84.069663999626272, 38.603471000087417],
            [-84.069706000357385, 38.602923000067264],
            [-84.069929999765051, 38.602496000210117],
            [-84.070375000003978, 38.602052999915685],
            [-84.071020000259452, 38.60157800018321],
            [-84.072277000260115, 38.600792000194325],
            [-84.072656000376782, 38.600385999958263],
            [-84.073232999961874, 38.599606000021865],
            [-84.073852000278066, 38.599009000313984],
            [-84.07408599973148, 38.598852000239994],
            [-84.074407999946771, 38.59863599969772],
            [-84.075131000020036, 38.598392000058404],
            [-84.07661099960346, 38.598118000136566],
            [-84.077284000346324, 38.598140000204758],
            [-84.07798099958201, 38.598337000068319],
            [-84.078559999715239, 38.598734999939211],
            [-84.078835999899781, 38.599443999798282],
            [-84.078963000121362, 38.599928999649457],
            [-84.078589999852468, 38.601348000069855],
            [-84.078544999646624, 38.601995999832965],
            [-84.078522000080397, 38.602841999883502],
            [-84.078536000324121, 38.603406000226919],
            [-84.07862699966239, 38.604213999980466],
            [-84.078757000257042, 38.604567999868351],
            [-84.079087999794837, 38.604792999811536],
            [-84.07946199988865, 38.604995999685315],
            [-84.079655000232492, 38.605099999937671],
            [-84.080134999733204, 38.605549000350081],
            [-84.080706000368835, 38.606229999983519],
            [-84.081633999583204, 38.607270999923763],
            [-84.082466000334719, 38.608175000006753],
            [-84.08297599997266, 38.608502999798972],
            [-84.083366999784914, 38.608620999922501],
            [-84.083664999710749, 38.608599999861177],
            [-84.083745999901595, 38.608594000143384],
            [-84.083965000184719, 38.608520000072659],
            [-84.084311999616034, 38.608401000178347],
            [-84.084713000372332, 38.608092000215414],
            [-84.084952999673547, 38.607521000071898],
            [-84.085008999750045, 38.606455000331486],
            [-84.084850999566299, 38.6055360000571],
            [-84.084453000081339, 38.604647999851004],
            [-84.083728000358263, 38.603391000196716],
            [-84.083171999791247, 38.602436000011814],
            [-84.082486000426215, 38.600981000029137],
            [-84.082334000090242, 38.600346999776612],
            [-84.082309999800799, 38.599621000141106],
            [-84.082426999976676, 38.598975999906621],
            [-84.082703000161189, 38.598465000299285],
            [-84.083010000307851, 38.59808899971722],
            [-84.083092000323632, 38.598045999993793],
            [-84.083172999616153, 38.597998000092495],
            [-84.083512000448195, 38.597736999672634],
            [-84.08474099996144, 38.597370999882067],
            [-84.0875470000408, 38.596346000134119],
            [-84.088352999954736, 38.596137000309021],
            [-84.089235000036666, 38.595908000090859],
            [-84.090117999943502, 38.595680000328315],
            [-84.090769000046762, 38.595440000313253],
            [-84.092503000073407, 38.594033000109704],
            [-84.094134000167855, 38.592878999787153],
            [-84.09520899969533, 38.59198200034956],
            [-84.095662000330179, 38.591294999868325],
            [-84.095845999554868, 38.59064699969057],
            [-84.095762999714196, 38.590064000049075],
            [-84.095805000445296, 38.589533000038003],
            [-84.096048000119538, 38.588832000311413],
            [-84.096367999786679, 38.58837600005468],
            [-84.097832000374893, 38.587704999871264],
            [-84.098537999831407, 38.587529000235456],
            [-84.099994000023685, 38.587444999842312],
            [-84.100168000100965, 38.587434000276737],
            [-84.101718999829501, 38.587117000007609],
            [-84.103924000034311, 38.586513000288576],
            [-84.104477000228258, 38.586287999918667],
            [-84.104959000277134, 38.585561999937859],
            [-84.105093000171422, 38.585053000204454],
            [-84.104856000344967, 38.584600000334881],
            [-84.102934999822253, 38.582992999897058],
            [-84.102457999796286, 38.582401000204882],
            [-84.102317000229291, 38.581902000276564],
            [-84.10229600031289, 38.581571999745087],
            [-84.102421999811284, 38.581143000017576],
            [-84.102865000400385, 38.58077599990952],
            [-84.103744000109259, 38.580436999875261],
            [-84.104712000404916, 38.580433999892655],
            [-84.105920000001774, 38.580374000214583],
            [-84.107515000111221, 38.580011999688985],
            [-84.107854999869843, 38.579868000233574],
            [-84.108038999992871, 38.579791000030816],
            [-84.108485000056703, 38.579356000143974],
            [-84.10893199994544, 38.578339999736983],
            [-84.108972000128418, 38.577336000155661],
            [-84.109024000006954, 38.576423000283825],
            [-84.10923300024433, 38.575933000067991],
            [-84.10962499988149, 38.575473999882476],
            [-84.110510000336461, 38.574828999719209],
            [-84.11203799960046, 38.573771999850557],
            [-84.112459000448254, 38.573259999852525],
            [-84.114421999905417, 38.57109699974805],
            [-84.114722000379388, 38.570851999803573],
            [-84.115441000254705, 38.570774999768872],
            [-84.117178999580986, 38.570768000272409],
            [-84.118778999713314, 38.570703999727598],
            [-84.120715000304614, 38.570461000113795],
            [-84.12103099977378, 38.570420999696793],
            [-84.121585999617579, 38.57037899969157],
            [-84.121929999574164, 38.570348999873424],
            [-84.122228000398309, 38.570253999664452],
            [-84.122420000018934, 38.570192000340079],
            [-84.122595999746025, 38.570135999680929],
            [-84.123369999872935, 38.569464999750899],
            [-84.12419000003058, 38.56870600011824],
            [-84.124812999646423, 38.568464999687727],
            [-84.124398000443051, 38.567749999829616],
            [-84.122315000436942, 38.564154999683609],
            [-84.12232899978234, 38.563574999909662],
            [-84.124841999958733, 38.56245500032432],
            [-84.124896000385391, 38.562429999827145],
            [-84.125066000264709, 38.562258999901864],
            [-84.125231000121175, 38.561903000218734],
            [-84.125405000198441, 38.561550999800609],
            [-84.125659999568242, 38.561332000065377],
            [-84.125867999980699, 38.56126500016704],
            [-84.126417999801632, 38.561223999988741],
            [-84.126895999652504, 38.561204999932485],
            [-84.127551999778618, 38.561035999728446],
            [-84.127710999787269, 38.560877999951302],
            [-84.127956999834566, 38.560586999799661],
            [-84.128208999729651, 38.560008000309708],
            [-84.128433000035628, 38.559782999802728],
            [-84.128654999793497, 38.559608999751852],
            [-84.129743999564639, 38.559175999767128],
            [-84.130268000344614, 38.558860000117498],
            [-84.130986000395012, 38.558340999928099],
            [-84.131395999575517, 38.558175000224288],
            [-84.132040999830991, 38.558034000064737],
            [-84.132633000383009, 38.557984999805072],
            [-84.133269000417627, 38.558149000041276],
            [-84.133425000053236, 38.558166000297092],
            [-84.133770999659646, 38.558016999777735],
            [-84.1339430000871, 38.557924000037183],
            [-84.135545999694159, 38.557051999826953],
            [-84.136156999614442, 38.556607000198774],
            [-84.136329999866803, 38.556382000285375],
            [-84.136346999585228, 38.555693000010528],
            [-84.136205000193343, 38.555166999823442],
            [-84.136027999743007, 38.554765999790405],
            [-84.135983000435502, 38.554503999951685],
            [-84.136031000116063, 38.554253000293826],
            [-84.136202999645192, 38.554054000306145],
            [-84.136474999631758, 38.553926000298297],
            [-84.13728499974367, 38.553833000182614],
            [-84.138187999742001, 38.553702000087462],
            [-84.138752999631521, 38.553477000214272],
            [-84.139145000167005, 38.55315299991851],
            [-84.139454999788398, 38.552786999818537],
            [-84.139529000306553, 38.552734000083369],
            [-84.139644999759184, 38.552651999806464],
            [-84.140413999863213, 38.552522000049628],
            [-84.141763999750282, 38.551982999690367],
            [-84.141926000131988, 38.551851000047378],
            [-84.142277999586184, 38.551333000235047],
            [-84.142499000417445, 38.551131000091587],
            [-84.142908999597964, 38.550933999999728],
            [-84.144393000277631, 38.550430000050213],
            [-84.144623000431409, 38.550296000241332],
            [-84.146147000395757, 38.549864999797109],
            [-84.146248999604694, 38.549832999708379],
            [-84.146364999955665, 38.549802000025956],
            [-84.146717000308158, 38.549837999701225],
            [-84.148683999963282, 38.55065100009638],
            [-84.149210000393069, 38.550758999900488],
            [-84.149665999604323, 38.550748000337713],
            [-84.150282000445799, 38.550505999694529],
            [-84.150626000402383, 38.550429000340905],
            [-84.151075999765865, 38.550272999855849],
            [-84.151464999928294, 38.550042999811239],
            [-84.151693000432232, 38.550030999721528],
            [-84.153763000019509, 38.550950999854187],
            [-84.154158999854644, 38.551208000098448],
            [-84.154405999726848, 38.551678000158951],
            [-84.154511000207165, 38.552076999778052],
            [-84.154398000229264, 38.552458000115415],
            [-84.154276000030507, 38.552756999681634],
            [-84.154300000319964, 38.553009000020865],
            [-84.155600999803227, 38.553982000241973],
            [-84.155918999820557, 38.554133999668437],
            [-84.156405000067352, 38.554163999933202],
            [-84.156986999675311, 38.554083999901835],
            [-84.157702000250993, 38.554015000251049],
            [-84.159795000302822, 38.554430999982017],
            [-84.160084999832719, 38.554424999952374],
            [-84.160472000345337, 38.554266999693311],
            [-84.160965000264824, 38.554009000186689],
            [-84.161278000259287, 38.553949000217742],
            [-84.161577999834947, 38.553970000107178],
            [-84.162030999571456, 38.554124999937834],
            [-84.162403000015445, 38.554687999729104],
            [-84.162583999765417, 38.554984999861411],
            [-84.162650999712568, 38.555225999835727],
            [-84.162634999819048, 38.555464000084257],
            [-84.162619999750419, 38.55557600034183],
            [-84.162587000138473, 38.555656999754504],
            [-84.162520000191321, 38.555839999756692],
            [-84.162911000003561, 38.555636999994718],
            [-84.163343999648603, 38.555530999770077],
            [-84.163538999642284, 38.555611999935955],
            [-84.163732999811046, 38.55571600006715],
            [-84.164044999980575, 38.556007000269624],
            [-84.164660000098806, 38.556847000032626],
            [-84.164850999894526, 38.557152999729979],
            [-84.165057999583766, 38.55727099995854],
            [-84.165400999715445, 38.557336999751897],
            [-84.165507000020639, 38.557363000228563],
            [-84.16566900040236, 38.557421000231393],
            [-84.165942000213818, 38.557558000342937],
            [-84.166069000435428, 38.557677999826147],
            [-84.166165999621498, 38.557770000277749],
            [-84.16648600018695, 38.558048999736165],
            [-84.166968000235812, 38.55831699970684],
            [-84.167349999827223, 38.558822000154997],
            [-84.16763600005747, 38.558958999703691],
            [-84.168097000189945, 38.55900699970941],
            [-84.168533000208029, 38.558963000173684],
            [-84.169078999830958, 38.558763999877677],
            [-84.169344000144832, 38.558756999913705],
            [-84.169949000217343, 38.558817000084481],
            [-84.170213999632892, 38.558760999692531],
            [-84.170576999856053, 38.558494000271935],
            [-84.171183999578361, 38.55791500007858],
            [-84.171551999824402, 38.557679999745631],
            [-84.171776000130379, 38.557603999957763],
            [-84.172094000147709, 38.557508000147912],
            [-84.172294000164243, 38.55743799995691],
            [-84.17261600037952, 38.557421000231393],
            [-84.172762999794301, 38.557430000251848],
            [-84.173101999728019, 38.557533999860297],
            [-84.173327999683821, 38.557672999676107],
            [-84.173692999556792, 38.557915999683743],
            [-84.173891999748435, 38.558184999751816],
            [-84.174058000328102, 38.558323999713664],
            [-84.174197000245272, 38.558384999844563],
            [-84.174458000361199, 38.558477000093738],
            [-84.174735000370617, 38.558419999838662],
            [-84.175082999626852, 38.558419999838662],
            [-84.175413000238052, 38.558428999734097],
            [-84.175585999592087, 38.558466000306808],
            [-84.176051999747415, 38.558196999885425],
            [-84.1762750002285, 38.558044999917726],
            [-84.176516000252917, 38.557915999683743],
            [-84.176876999927941, 38.557858000080309],
            [-84.177375999695229, 38.55791500007858],
            [-84.179354999944238, 38.55842300003809],
            [-84.17963299977859, 38.558447999821709],
            [-84.180469999654662, 38.557890999715084],
            [-84.181159000291061, 38.557501000061634],
            [-84.181180000207462, 38.557488999811774],
            [-84.181560999973968, 38.557347999711546],
            [-84.181672000302044, 38.557307000108743],
            [-84.181795000325707, 38.557126000263594],
            [-84.181926999671873, 38.55657900020109],
            [-84.182064999764137, 38.556371000177847],
            [-84.182332999552727, 38.556169999769381],
            [-84.183202999939098, 38.55570499985771],
            [-84.183761000155926, 38.555536999707464],
            [-84.184353999634538, 38.555507000015616],
            [-84.185080000080845, 38.555538000048195],
            [-84.18539600044835, 38.555522999852798],
            [-84.185954999591786, 38.555311000316024],
            [-84.186466999777863, 38.554936000333321],
            [-84.186947000176872, 38.554655000028902],
            [-84.188160999621516, 38.554151999828797],
            [-84.188401999645933, 38.553990999990475],
            [-84.188904999611182, 38.5533769997324],
            [-84.189814000355611, 38.552596999910982],
            [-84.189874999556665, 38.552544999715707],
            [-84.193316999670643, 38.553591999753507],
            [-84.194545000257307, 38.553337000343696],
            [-84.195512999654639, 38.552937000315168],
            [-84.195730000287924, 38.552847000054733],
            [-84.196013000145143, 38.552427999841278],
            [-84.196331000162473, 38.551957000077863],
            [-84.19650799971447, 38.551771999942865],
            [-84.196733999670286, 38.551673000294052],
            [-84.197210999696267, 38.551616999956856],
            [-84.197571000444697, 38.551458999849331],
            [-84.198574999827031, 38.550851999777443],
            [-84.199132000218967, 38.550765999940722],
            [-84.20079400027555, 38.55044999985347],
            [-84.201334999875655, 38.550405000288329],
            [-84.201728000236031, 38.550536000068156],
            [-84.202202999713876, 38.551061000013782],
            [-84.202358000422876, 38.551177000306303],
            [-84.202729000143634, 38.551150000000561],
            [-84.203761000013401, 38.550981000042135],
            [-84.204555000231778, 38.550860000214499],
            [-84.205040999580262, 38.550948000045452],
            [-84.20591699981442, 38.551285000022844],
            [-84.206350000357773, 38.551331000139029],
            [-84.207148999700706, 38.55134099991605],
            [-84.208023000285053, 38.551168000205536],
            [-84.208320000385953, 38.550959999982169],
            [-84.208481999869363, 38.550846000151594],
            [-84.208599999870131, 38.55076300012432],
            [-84.208691999931645, 38.550589999725553],
            [-84.208835000046776, 38.550323000165278],
            [-84.208866000008911, 38.550218999960322],
            [-84.20888000025262, 38.550170999706907],
            [-84.208949999674502, 38.549928999931886],
            [-84.209505000416613, 38.550049999921235],
            [-84.209973000221737, 38.550150999826052],
            [-84.210729999731896, 38.550485000198314],
            [-84.210853999580436, 38.550565000019297],
            [-84.211318999910858, 38.550863999730133],
            [-84.211947000447893, 38.551414999908758],
            [-84.213170000113365, 38.552616000135139],
            [-84.214828999796921, 38.554141000082602],
            [-84.215624999665124, 38.554976000237332],
            [-84.215921999766039, 38.555520999873352],
            [-84.215952999728174, 38.555578000319741],
            [-84.216083000322826, 38.555973999769961],
            [-84.2164900000286, 38.556613999669622],
            [-84.217270999828202, 38.557569000268771],
            [-84.217671999686189, 38.558426000237397],
            [-84.217813999976414, 38.559091999933607],
            [-84.217680000082112, 38.559980000231889],
            [-84.217198000033264, 38.56087400029034],
            [-84.216372000027832, 38.561711000012821],
            [-84.215427000196712, 38.562326999822275],
            [-84.214715999819006, 38.562675999930178],
            [-84.214439999634479, 38.562812999859531],
            [-84.213370999954805, 38.563063000298243],
            [-84.213284999741077, 38.563083000099041],
            [-84.211554000087489, 38.563245000177339],
            [-84.208691999931645, 38.563203000192146],
            [-84.207947000117059, 38.563198999958146],
            [-84.207763999818951, 38.563231999950396],
            [-84.206952999882148, 38.563382999956005],
            [-84.205696999706376, 38.563497000275724],
            [-84.205340000229342, 38.563585000090782],
            [-84.204730000133949, 38.563734999830437],
            [-84.204665999661557, 38.563750999943416],
            [-84.204010000433755, 38.563961000130043],
            [-84.203432000125432, 38.564398000253789],
            [-84.203226000261097, 38.564639999788248],
            [-84.202832999900721, 38.565099999860969],
            [-84.202725999770593, 38.565227000134946],
            [-84.202175999949688, 38.566150999724293],
            [-84.201833999642929, 38.567201999668519],
            [-84.201744000129565, 38.568154000266141],
            [-84.201600000189501, 38.569727999982405],
            [-84.201677000182414, 38.570631000057119],
            [-84.201987999628699, 38.571403999998488],
            [-84.202195000216264, 38.572607000055505],
            [-84.202406999928371, 38.573440999799672],
            [-84.202748000410224, 38.574283000333658],
            [-84.203054999658576, 38.575221999648932],
            [-84.203356999782372, 38.576314999712174],
            [-84.203534000232665, 38.577207000137768],
            [-84.203570000217681, 38.5783880001405],
            [-84.203757999640359, 38.579347000060388],
            [-84.204042000220781, 38.580416999988948],
            [-84.204285999719943, 38.58118899998496],
            [-84.204607999935234, 38.581526000023018],
            [-84.204946999868952, 38.581761000324398],
            [-84.205346000077114, 38.582039000064569],
            [-84.207387000250407, 38.581808999846146],
            [-84.208152000156474, 38.581721999855453],
            [-84.210711000363631, 38.581434999768497],
            [-84.215916999743158, 38.580847999816477],
            [-84.216449999845622, 38.580786999792679],
            [-84.216972999902367, 38.580727999697402],
            [-84.223811999924493, 38.579961999666935],
            [-84.232896000334449, 38.578933999926882],
            [-84.239424000011965, 38.578198999814632],
            [-84.239605999586843, 38.578177999981811],
            [-84.239725000310841, 38.578164000323945],
            [-84.244840000352085, 38.577587999995934],
            [-84.257324000144919, 38.576181999754041],
            [-84.259377000013771, 38.575950000330664],
            [-84.268612000036455, 38.574908999836332],
            [-84.268674999785645, 38.574902000040311],
            [-84.26898699995516, 38.574867000347801],
            [-84.274192000408107, 38.574280000094021],
            [-84.284471999821008, 38.573168999660275],
            [-84.286794000201709, 38.572916999768829],
            [-84.288431000143959, 38.572740000311612],
            [-84.293153999649732, 38.572229000090431],
            [-84.295643000435007, 38.571959999912856],
            [-84.296461999869436, 38.571870999705538],
            [-84.297431999814904, 38.571766999773288],
            [-84.307379000040186, 38.57069100014769],
            [-84.322155999901383, 38.569093000321992],
            [-84.322340000024411, 38.569071999934337],
            [-84.322621000231806, 38.569042999723301],
            [-84.326029000010593, 38.568672999830198],
            [-84.346156999914598, 38.566489999748427],
            [-84.346185000402002, 38.566493000313329],
            [-84.350739999678282, 38.566001000110731],
            [-84.35525600039314, 38.565514999858379],
            [-84.356002000032632, 38.565430999707075],
            [-84.356094999919051, 38.56542099978288],
            [-84.356679000075147, 38.565358000298581],
            [-84.356735000151644, 38.565351999776212],
            [-84.356780000357503, 38.565347000159967],
            [-84.356849999779371, 38.565340000134796],
            [-84.356935000168193, 38.565330999699967],
            [-84.358240999674337, 38.56519000023313],
            [-84.358450999736618, 38.565166999696082],
            [-84.359172999984978, 38.565088999682871],
            [-84.359393999917913, 38.565065000310128],
            [-84.360922999905128, 38.56489899998067],
            [-84.361326000311266, 38.564856000048607],
            [-84.361389999885347, 38.564848999975538],
            [-84.361758000131388, 38.564808999946429],
            [-84.362023000445262, 38.564780000122077],
            [-84.362778000305582, 38.564698000240597],
            [-84.36727999987842, 38.564211000087319],
            [-84.368613000047063, 38.564068000086174],
            [-84.369207000248906, 38.564002999672304],
            [-84.369764999567423, 38.563943000318694],
            [-84.36999399989628, 38.563918000339143],
            [-84.373040000175152, 38.563589000303296],
            [-84.375626000146468, 38.563363000238638],
            [-84.380515000231924, 38.562817000115018],
            [-84.388879000043318, 38.561884000341969],
            [-84.394748999944909, 38.561225000250381],
            [-84.398929000200781, 38.560758999756487],
            [-84.399215000431042, 38.56072700030213],
            [-84.399520999854474, 38.560692000026442],
            [-84.399696999581565, 38.560672999829556],
            [-84.399749000358426, 38.560667000320848],
            [-84.399844999719576, 38.560656000166667],
            [-84.400050999583911, 38.560632000016],
            [-84.400320999920638, 38.560602999911033],
            [-84.400185000376524, 38.560929000175172],
            [-84.400200000445139, 38.561075000189007],
            [-84.400212000140698, 38.561201000289714],
            [-84.400232000232165, 38.56141199975734],
            [-84.400416000355193, 38.561915999983647],
            [-84.400859999870903, 38.562754999993082],
            [-84.401048000191864, 38.562983999871477],
            [-84.401307999584546, 38.563165999950691],
            [-84.401960000411037, 38.563620999888244],
            [-84.402849999990579, 38.56437599968104],
            [-84.403666999775155, 38.564930000177121],
            [-84.404491000130776, 38.56520000018952],
            [-84.405143999883848, 38.565345999955753],
            [-84.406277000035942, 38.56563200020652],
            [-84.407448999647784, 38.565829000056141],
            [-84.408548000363012, 38.565888999942267],
            [-84.4097529995868, 38.565876000193612],
            [-84.410646000437708, 38.565719000017701],
            [-84.411504000230195, 38.565310999822309],
            [-84.412442000388609, 38.564655999699745],
            [-84.41315500041614, 38.563846999843939],
            [-84.413777000207062, 38.56274799971537],
            [-84.414479000363954, 38.561515999926179],
            [-84.414537999915183, 38.561263000347346],
            [-84.414675000182527, 38.560677000204151],
            [-84.414712999817354, 38.56051600022839],
            [-84.414823000320538, 38.559910000340913],
            [-84.414983000154109, 38.559581000221115],
            [-84.415685000310987, 38.559258000329478],
            [-84.416594999981996, 38.558918000317348],
            [-84.417102000145206, 38.558685999939641],
            [-84.417913999906929, 38.558604999725311],
            [-84.418145999710532, 38.558583000188982],
            [-84.418128999992078, 38.558505999651544],
            [-84.417996999747615, 38.557916999991413],
            [-84.418149999908479, 38.557457000306528],
            [-84.41830999974205, 38.55722100026631],
            [-84.41861100004094, 38.557128999814552],
            [-84.419190000174169, 38.557128000198396],
            [-84.420073000081018, 38.557305999792639],
            [-84.421695999779558, 38.557890999715084],
            [-84.422336000012137, 38.558147999736875],
            [-84.423045999666641, 38.558370999842126],
            [-84.424132999787986, 38.558475999793849],
            [-84.424856999686142, 38.558491999672682],
            [-84.425171000403822, 38.558449000121982],
            [-84.425692999737322, 38.558198999790477],
            [-84.426233000410818, 38.557941000346169],
            [-84.426461000016445, 38.557715999691013],
            [-84.426477999734871, 38.557329000035601],
            [-84.426003000257026, 38.556171999730772],
            [-84.425912000020446, 38.555937000021942],
            [-84.425809999913184, 38.555693000010528],
            [-84.425515000360406, 38.555262999949683],
            [-84.425182000274475, 38.555034999703885],
            [-84.42455200008763, 38.55475100013642],
            [-84.424306999865237, 38.554600000260791],
            [-84.423771000288028, 38.554268999707638],
            [-84.423002000184013, 38.553928000322117],
            [-84.422614999671396, 38.553806999834151],
            [-84.422398999761342, 38.553739000283329],
            [-84.42118100011875, 38.552888000093674],
            [-84.420670999582484, 38.552425999775679],
            [-84.420387999725264, 38.552118000256101],
            [-84.420305999709512, 38.551710999820529],
            [-84.420422000060455, 38.551164000004228],
            [-84.420736999704715, 38.550471999771119],
            [-84.421079000011488, 38.55023199973072],
            [-84.421621000334795, 38.550181000347806],
            [-84.423179999560944, 38.550391000136827],
            [-84.423932999771424, 38.550316999792734],
            [-84.42443999993462, 38.550044999943076],
            [-84.425751000361956, 38.549014999849888],
            [-84.426675000276674, 38.548156999655959],
            [-84.427654000442985, 38.547002999954451],
            [-84.427846000063624, 38.546641999676268],
            [-84.427891000269454, 38.546462999909373],
            [-84.427841999865663, 38.546303999950823],
            [-84.427759000024963, 38.546140000093608],
            [-84.427333000052627, 38.545689000314269],
            [-84.426950999562877, 38.545391999720337],
            [-84.426637999568456, 38.545156000122034],
            [-84.426240000083496, 38.545075000120043],
            [-84.425927000089061, 38.54508100022742],
            [-84.42439399990387, 38.545422000119913],
            [-84.422858000243949, 38.545590999794953],
            [-84.422002999926221, 38.545665999860269],
            [-84.421345000150268, 38.545520999944451],
            [-84.42064499964323, 38.545069000012226],
            [-84.419950999882261, 38.544309999895454],
            [-84.419284999710399, 38.543435000251208],
            [-84.419225000334265, 38.542781000143002],
            [-84.419376999771913, 38.542495000310851],
            [-84.419484999726947, 38.542430999883173],
            [-84.419699999812096, 38.542304999906612],
            [-84.420166999792329, 38.542216000214019],
            [-84.420287000341247, 38.542245000007519],
            [-84.421506999633664, 38.542543000067319],
            [-84.422098000360776, 38.542643000159607],
            [-84.422901999726577, 38.542559999797724],
            [-84.423945000365308, 38.541938000267407],
            [-84.425041999634075, 38.54098899976271],
            [-84.425343999757857, 38.540666999798269],
            [-84.425394999811488, 38.540248000278538],
            [-84.425403000207396, 38.540187000216989],
            [-84.425569999713673, 38.539833999709025],
            [-84.426143999824035, 38.539329000090625],
            [-84.426553999902865, 38.539085999796882],
            [-84.42701000001243, 38.538929000130523],
            [-84.427658999567555, 38.538888999731171],
            [-84.427841999865663, 38.538902000144461],
            [-84.428612999619489, 38.539136000155708],
            [-84.428999000307186, 38.539252000011224],
            [-84.43008200023057, 38.539573000126339],
            [-84.430910999710733, 38.539730999650295],
            [-84.431791000142852, 38.539782000120759],
            [-84.432222999962988, 38.539700999687355],
            [-84.43249499994954, 38.539518000063822],
            [-84.432772999783893, 38.539168000086072],
            [-84.43301600035646, 38.538342999924858],
            [-84.43314100002992, 38.537909999744301],
            [-84.433300999863491, 38.537306000214762],
            [-84.433254999832741, 38.536642000175341],
            [-84.433165000319377, 38.536284000307454],
            [-84.433024999678963, 38.534781000195117],
            [-84.432980000371444, 38.534328000292014],
            [-84.432973999625347, 38.534270999864795],
            [-84.433018000006271, 38.533983000048536],
            [-84.433156000098535, 38.533810999979252],
            [-84.433465999719928, 38.53368299977523],
            [-84.433869000126052, 38.533687000246175],
            [-84.434146999960419, 38.533900000233942],
            [-84.434240999671744, 38.534037000189777],
            [-84.434284000227748, 38.534224000144341],
            [-84.434374999566046, 38.534617000061672],
            [-84.434687999560481, 38.535525000235772],
            [-84.434793000040784, 38.536287999931119],
            [-84.434873000406739, 38.536510999678654],
            [-84.435090999966619, 38.536637999868724],
            [-84.435506000068315, 38.536700999929622],
            [-84.436533999740107, 38.536763999935296],
            [-84.436975999605977, 38.536692000125015],
            [-84.438034000313323, 38.536494999826907],
            [-84.438732000272225, 38.536464999919644],
            [-84.439419000360502, 38.536462000209305],
            [-84.440257999886413, 38.536669000307079],
            [-84.44092700043133, 38.536878000307318],
            [-84.441375999969878, 38.537104000017564],
            [-84.441801999942243, 38.537235000137038],
            [-84.442253999853861, 38.537254000204314],
            [-84.443826000397081, 38.537081000331362],
            [-84.444388999738479, 38.537021000290409],
            [-84.44546599981409, 38.53714800028277],
            [-84.446100000198896, 38.537184999862106],
            [-84.447241999673508, 38.537057000039916],
            [-84.447957000249161, 38.536838000172686],
            [-84.448343000038548, 38.53657999996463],
            [-84.448506000245175, 38.536354000013461],
            [-84.448625000070862, 38.53593799969596],
            [-84.448623000421023, 38.535495999840862],
            [-84.448517999940734, 38.535187000262489],
            [-84.447977000340657, 38.534729999692367],
            [-84.446764999647542, 38.534181000133941],
            [-84.446270000078215, 38.533782000298871],
            [-84.445996000441809, 38.533479000055337],
            [-84.445955000433941, 38.533063999928395],
            [-84.445991000418957, 38.532497000350517],
            [-84.446614999859705, 38.531419999656009],
            [-84.447464000329674, 38.530041999721576],
            [-84.447851999768872, 38.529654000102624],
            [-84.448236999733339, 38.529469000217802],
            [-84.448555999575561, 38.529422000171344],
            [-84.448885000361855, 38.529505000232668],
            [-84.449005000012448, 38.529595000191023],
            [-84.44913600043202, 38.529692000020056],
            [-84.449276999999014, 38.530049999662694],
            [-84.449121000363405, 38.530438999944394],
            [-84.448614000200195, 38.531242999904016],
            [-84.448265000220758, 38.53212300011284],
            [-84.448141000372189, 38.532786999700178],
            [-84.448327000145028, 38.533224000294737],
            [-84.448716000307456, 38.533389000036365],
            [-84.44932700022774, 38.533407999714008],
            [-84.449921000429555, 38.533155000303353],
            [-84.450725999620303, 38.532695000309317],
            [-84.451387999594189, 38.532047000014757],
            [-84.452114999865429, 38.531288000215753],
            [-84.45263500044743, 38.53102499988497],
            [-84.453495999714633, 38.530853999752665],
            [-84.454294000130986, 38.530731999808509],
            [-84.454573999615164, 38.530792000175587],
            [-84.455028000074904, 38.530720999993498],
            [-84.455746000125302, 38.53096099979264],
            [-84.456280000052686, 38.531204000126408],
            [-84.45660800011575, 38.531353999966157],
            [-84.457065999875155, 38.531652000172308],
            [-84.457243000325477, 38.531988999922902],
            [-84.457085000141731, 38.532554000075102],
            [-84.456628000207246, 38.533292000272425],
            [-84.456253000288513, 38.533634999727809],
            [-84.456078000386327, 38.53383400000827],
            [-84.455971000256213, 38.534272999732643],
            [-84.456141999960423, 38.534852999809956],
            [-84.456742000010038, 38.535446999680204],
            [-84.457577000236313, 38.536190999859819],
            [-84.457608000198462, 38.536219000067703],
            [-84.458174999737793, 38.536555000306578],
            [-84.458661999809507, 38.536705000232736],
            [-84.458990999697477, 38.536776000130899],
            [-84.459558999960066, 38.536602999811073],
            [-84.460118000001799, 38.536197000005671],
            [-84.460460000308558, 38.535650000229005],
            [-84.460834000402386, 38.535356000096293],
            [-84.461846000180657, 38.534994999678474],
            [-84.462570000078841, 38.534858000141675],
            [-84.46316500010559, 38.535127000047211],
            [-84.463520999757733, 38.5352299996716],
            [-84.465296999617166, 38.535682000304782],
            [-84.466243000171517, 38.536053999789885],
            [-84.467091999743147, 38.536486999899722],
            [-84.467887999611364, 38.537063000113527],
            [-84.468793999982736, 38.537605000248121],
            [-84.469522000078882, 38.537980999858405],
            [-84.470025000044117, 38.53850600012079],
            [-84.470271999916335, 38.538951999928578],
            [-84.470370999650527, 38.539494999744164],
            [-84.47023900030436, 38.539943000156235],
            [-84.470230000083532, 38.540389000188178],
            [-84.470374999848488, 38.541100000245571],
            [-84.470466000085082, 38.541398999965971],
            [-84.470604000177346, 38.541857000154153],
            [-84.471065000309807, 38.5426329998756],
            [-84.471575999772654, 38.543278000241301],
            [-84.471686000275824, 38.54341599970882],
            [-84.472188000416139, 38.543990000344927],
            [-84.472421999869567, 38.544103000006309],
            [-84.472745999734656, 38.544258999825345],
            [-84.473283000035096, 38.544343000128215],
            [-84.474452000172207, 38.544079999747666],
            [-84.475191999963911, 38.543838999649765],
            [-84.475685999708318, 38.543633000316532],
            [-84.475973999588419, 38.543311000244984],
            [-84.476299000176738, 38.542723000273888],
            [-84.477145000273666, 38.539512000194989],
            [-84.477253000228686, 38.5391009999082],
            [-84.477286999665566, 38.538973999850647],
            [-84.477299000259436, 38.538928000261379],
            [-84.477332999696316, 38.5388000000274],
            [-84.477408999864295, 38.538510000323576],
            [-84.479030999737944, 38.532349999964786],
            [-84.479099000408311, 38.532090999859406],
            [-84.479864000314393, 38.529182000158002],
            [-84.481733999885137, 38.522081999883376],
            [-84.484669999660824, 38.51093099980941],
            [-84.484700999622959, 38.510813000168376],
            [-84.48471800023971, 38.510746999855947],
            [-84.48476799957011, 38.510566000222269],
            [-84.48478799966162, 38.510491000116438],
            [-84.484795000232623, 38.510465999829513],
            [-84.484878999898214, 38.510144000334556],
            [-84.485294999824802, 38.508551999861957],
            [-84.487944000443662, 38.509466999789034],
            [-84.488583999777944, 38.5096879998612],
            [-84.492817999562178, 38.511151000053445],
            [-84.494758000351439, 38.511822000160592],
            [-84.495873000061877, 38.512207000302624],
            [-84.496632999945049, 38.512416999895756],
            [-84.497181999941063, 38.512374999744985],
            [-84.497694999952046, 38.512201000265058],
            [-84.49876500035495, 38.511601999858058],
            [-84.499203999847779, 38.511452999868801],
            [-84.499302999581985, 38.511418999762022],
            [-84.499560000398247, 38.511371000328204],
            [-84.500030999678131, 38.511348999698342],
            [-84.500579999674116, 38.51134399984182],
            [-84.50090799973718, 38.511480999862023],
            [-84.501220999731629, 38.511734999805007],
            [-84.501275000158302, 38.511751999785787],
            [-84.50172700006992, 38.511889999977541],
            [-84.502234000233116, 38.511977000145833],
            [-84.502770999635246, 38.511983999742775],
            [-84.503090000375792, 38.511905999677019],
            [-84.503271000125736, 38.511737999843241],
            [-84.503593000341027, 38.510984000121361],
            [-84.503737000281063, 38.510854999824502],
            [-84.503813000449057, 38.510786000175671],
            [-84.504391999683961, 38.510540999961343],
            [-84.505717000355006, 38.510520000044792],
            [-84.505935999739791, 38.510420999853501],
            [-84.506094999748441, 38.510083000056284],
            [-84.506103999969284, 38.509662999998376],
            [-84.505800000195677, 38.508936000332227],
            [-84.505806999868369, 38.508633999801127],
            [-84.50588700023431, 38.508438000305667],
            [-84.506469999667175, 38.507972999691098],
            [-84.506817999821735, 38.50776799989508],
            [-84.507215000380072, 38.507641999669133],
            [-84.50738500025939, 38.507605999965804],
            [-84.507827999950166, 38.507679999961333],
            [-84.508201000219088, 38.507671000041945],
            [-84.508431000372852, 38.507605999965804],
            [-84.50874000016934, 38.507510000200242],
            [-84.509139000377502, 38.507432000208588],
            [-84.509426000432683, 38.507475000034177],
            [-84.509655999688135, 38.50756700003253],
            [-84.509925000199956, 38.507597000037158],
            [-84.5103639996928, 38.507618999704533],
            [-84.510593999846563, 38.507635999954189],
            [-84.511094000337067, 38.507662000121421],
            [-84.511501999867761, 38.507706000112734],
            [-84.511753999762831, 38.507806000120794],
            [-84.512019000076705, 38.508010000212821],
            [-84.512226999590851, 38.508235000315949],
            [-84.512414999911826, 38.508440000188422],
            [-84.512722000058488, 38.508660999897877],
            [-84.513016999611267, 38.508842999686834],
            [-84.513173000145201, 38.508882000334943],
            [-84.513303999666448, 38.5089110002083],
            [-84.513649000346263, 38.508886999659474],
            [-84.513984000082004, 38.508699999941555],
            [-84.514591999629246, 38.508275999774796],
            [-84.514948000179714, 38.508228999947455],
            [-84.515878999767125, 38.508272000000083],
            [-84.516250000386194, 38.508126999932401],
            [-84.516840000390076, 38.507914000282874],
            [-84.517095999584811, 38.507905999989994],
            [-84.518616000249509, 38.508347999899527],
            [-84.518869999794418, 38.508406999655136],
            [-84.519532999593238, 38.508359000322265],
            [-84.520208999810833, 38.508247000348597],
            [-84.52059100030057, 38.508282000139438],
            [-84.520971000242156, 38.508385000228508],
            [-84.521150000342303, 38.50834999978477],
            [-84.521393000016559, 38.508299000232519],
            [-84.521601000429015, 38.508073000031345],
            [-84.521735000323318, 38.507841999724192],
            [-84.521786000376949, 38.507671000041945],
            [-84.521993999891095, 38.506947000185114],
            [-84.522151000249934, 38.50677900002843],
            [-84.522449000175754, 38.506532000303928],
            [-84.523106999951693, 38.506126999875633],
            [-84.523664000343615, 38.50564400016227],
            [-84.524021999645598, 38.505547999890069],
            [-84.525312999981438, 38.505322999827079],
            [-84.525902999985306, 38.505172999863241],
            [-84.526282999926906, 38.505257000106432],
            [-84.526788000440291, 38.505444000329483],
            [-84.527190999948118, 38.50566799968307],
            [-84.527472000155498, 38.505710000231183],
            [-84.528490999606475, 38.505280999756202],
            [-84.529566000032247, 38.504827000104811],
            [-84.529607999865036, 38.50460700022289],
            [-84.529730000063765, 38.504234999864984],
            [-84.529750000155261, 38.503884000146535],
            [-84.529997000027464, 38.503619999843977],
            [-84.530525999931982, 38.503333000052216],
            [-84.530935000185892, 38.503189000247559],
            [-84.531459000067528, 38.503145999971792],
            [-84.532742999832365, 38.503212999883516],
            [-84.533710000303117, 38.503306000066829],
            [-84.534259000299116, 38.503281000097395],
            [-84.534554999676814, 38.503116000221993],
            [-84.53538900007814, 38.50217400003379],
            [-84.535431999735863, 38.501904999981356],
            [-84.535313999735081, 38.501541999710966],
            [-84.535240999940143, 38.501261000321527],
            [-84.535272999727184, 38.500951000283706],
            [-84.53538999990306, 38.500830999661446],
            [-84.536345999604833, 38.500783999896342],
            [-84.538014000407543, 38.500705999650116],
            [-84.538399000372024, 38.500688000176162],
            [-84.538719999864071, 38.500550000310284],
            [-84.538970999934236, 38.500145999692414],
            [-84.538990000200798, 38.499813000131525],
            [-84.53908100043742, 38.499701999935795],
            [-84.539500999663645, 38.499670000031301],
            [-84.540292000407291, 38.499701000224583],
            [-84.541009999559378, 38.499427000094776],
            [-84.541216000322038, 38.499417999847061],
            [-84.541951999915767, 38.499501000058125],
            [-84.542397999979613, 38.499442999751302],
            [-84.542809999708254, 38.499298000185966],
            [-84.543157999862785, 38.49907100013975],
            [-84.543316999871479, 38.498754000339993],
            [-84.543210999566256, 38.498251999876992],
            [-84.543198000045763, 38.497723000164775],
            [-84.543291999757088, 38.49737999970278],
            [-84.543512999690037, 38.497203999651568],
            [-84.543895000179774, 38.49714999999707],
            [-84.544315000304351, 38.497244000020558],
            [-84.544896999912297, 38.497431999699543],
            [-84.545149999632287, 38.497431999699543],
            [-84.545562000259267, 38.497247999704676],
            [-84.545732000138571, 38.497021000228948],
            [-84.545954999721317, 38.496110999869195],
            [-84.546124999600636, 38.495870999875201],
            [-84.546369999823014, 38.49573699968893],
            [-84.546738999893975, 38.495699999892672],
            [-84.547030000147117, 38.495844999669657],
            [-84.547660000333963, 38.496233000139654],
            [-84.547945999665899, 38.496340000322036],
            [-84.548241000117017, 38.496370999839279],
            [-84.54848499961615, 38.496294999955865],
            [-84.548925999657115, 38.495917000269955],
            [-84.549325999690197, 38.495641000273224],
            [-84.549712000377909, 38.495428000255863],
            [-84.550082000273761, 38.494791999981913],
            [-84.550418999659342, 38.494475000335569],
            [-84.551118000341461, 38.493930999925198],
            [-84.551612999910787, 38.493405000220974],
            [-84.551883000247543, 38.493220999784029],
            [-84.553531999885365, 38.49291800034468],
            [-84.553838000207108, 38.492911000300801],
            [-84.554550000409733, 38.492970999851295],
            [-84.554627000402618, 38.492970000046675],
            [-84.554679000281141, 38.492967999734311],
            [-84.556202000420583, 38.492938999769116],
            [-84.556399999888995, 38.492935999650861],
            [-84.55658599966182, 38.492931999727283],
            [-84.556965999603435, 38.492923999879523],
            [-84.557374999857345, 38.492916999836226],
            [-84.557102999870779, 38.492865000096025],
            [-84.556430000026225, 38.492734999878124],
            [-84.556059000305439, 38.492656000247706],
            [-84.555660000097291, 38.49255300016334],
            [-84.555230999751885, 38.492299999877282],
            [-84.554931000176225, 38.492181999943043],
            [-84.554600999565039, 38.491975999678083],
            [-84.554045999721254, 38.491604000178711],
            [-84.553786000328586, 38.491351000075838],
            [-84.553659999931867, 38.491154999952386],
            [-84.55344800021976, 38.490848000222861],
            [-84.553223000088863, 38.490505999913793],
            [-84.553134000400419, 38.490307000076534],
            [-84.553081999623558, 38.490164999934358],
            [-84.552996000308141, 38.489914999944865],
            [-84.552925000163029, 38.489449999977708],
            [-84.55283800012441, 38.488677999988127],
            [-84.552234999701724, 38.484385000310382],
            [-84.552185000371324, 38.48392400024219],
            [-84.552099000157611, 38.483594000042061],
            [-84.552055999601578, 38.483376999819981],
            [-84.552006000271192, 38.483115000191376],
            [-84.551932999577943, 38.482553999968324],
            [-84.551839999691509, 38.481849999990921],
            [-84.551730000086664, 38.481275000231754],
            [-84.551598999667092, 38.480209000229273],
            [-84.551520999849288, 38.479662999731296],
            [-84.55146399994787, 38.479313999827482],
            [-84.551391999977866, 38.479015000272582],
            [-84.55122899977124, 38.478521000155936],
            [-84.551064999739722, 38.478152000147638],
            [-84.549895999602612, 38.476379999667259],
            [-84.549427999797459, 38.47553200034411],
            [-84.549110999605048, 38.474809000336819],
            [-84.548855000410327, 38.474056000217168],
            [-84.548079999560201, 38.471412999682521],
            [-84.547504999624934, 38.469426999916024],
            [-84.547129999706215, 38.468096000051759],
            [-84.546859000442879, 38.467517999835962],
            [-84.546400999785178, 38.466800999952234],
            [-84.546192000446098, 38.466590000140521],
            [-84.545705000374383, 38.46608799998031],
            [-84.544912999805831, 38.465481000087884],
            [-84.544389999749086, 38.465087999789802],
            [-84.543917999745986, 38.4647350002897],
            [-84.541729000333007, 38.463531000073367],
            [-84.539636000281178, 38.462522999893075],
            [-84.535914999609602, 38.460813999711505],
            [-84.533163999781848, 38.459549000006653],
            [-84.532614999785835, 38.459299000047572],
            [-84.531931999895548, 38.458885999911153],
            [-84.531421000432715, 38.458416999822042],
            [-84.530884999957166, 38.457662999874586],
            [-84.530439999718254, 38.456911999995249],
            [-84.530273000211992, 38.456647000341171],
            [-84.529244999641875, 38.454857000012872],
            [-84.527640000385006, 38.452369000224927],
            [-84.526600999944222, 38.450648000310551],
            [-84.526205999934021, 38.449842000250648],
            [-84.526092000131186, 38.449249000256494],
            [-84.526118999895388, 38.448578999649605],
            [-84.526119999720279, 38.448450000188949],
            [-84.526127000291297, 38.448163999907784],
            [-84.526984000258864, 38.446330999784074],
            [-84.527067000099549, 38.445788000238174],
            [-84.527108999932338, 38.445030999874959],
            [-84.52694499990082, 38.443347999885823],
            [-84.52642000019425, 38.439204999890563],
            [-84.526436999912704, 38.438427000325873],
            [-84.526499999661894, 38.438072000114595],
            [-84.52794800035656, 38.433249999843333],
            [-84.527760000035585, 38.433228999921646],
            [-84.52763399963888, 38.433225000203912],
            [-84.527125999650792, 38.433207000064101],
            [-84.526939000053034, 38.433185000199856],
            [-84.526756999579831, 38.433119999794179],
            [-84.526621999860623, 38.433024999962072],
            [-84.526539999844857, 38.432864000138927],
            [-84.526462000027053, 38.432589999986099],
            [-84.526391999706846, 38.432412000202874],
            [-84.526282999926906, 38.432278000282139],
            [-84.526130999590947, 38.432178000326296],
            [-84.525952000389111, 38.432076000341198],
            [-84.525786999634363, 38.431987000222755],
            [-84.525627999625712, 38.431777999821598],
            [-84.525262999752727, 38.43151799981829],
            [-84.524933000039837, 38.431405000104135],
            [-84.524707000084035, 38.431405000104135],
            [-84.524385999693649, 38.431431000328054],
            [-84.524020999820678, 38.431309000170764],
            [-84.523751000382248, 38.431040000249169],
            [-84.523620999787596, 38.430684000342708],
            [-84.523500000312097, 38.429945000169944],
            [-84.523404000052622, 38.4293979998764],
            [-84.523317000013975, 38.429103000227798],
            [-84.523116999997441, 38.428668999839893],
            [-84.522822000444663, 38.42833000016288],
            [-84.522595999590536, 38.428181999715591],
            [-84.522204999778296, 38.427974000267042],
            [-84.52182300018687, 38.427887000025656],
            [-84.521198000022892, 38.427877999994728],
            [-84.520788999768982, 38.427887000025656],
            [-84.520433000116824, 38.427974000267042],
            [-84.520190000442568, 38.428000000318853],
            [-84.51985099961054, 38.428000000318853],
            [-84.519433999859032, 38.42794800020588],
            [-84.518991000168242, 38.427842999863643],
            [-84.518678999998713, 38.427695999831805],
            [-84.518504999921447, 38.427521999981892],
            [-84.518340000064981, 38.427322000129905],
            [-84.518123000330021, 38.426975000335858],
            [-84.517957999575259, 38.426678999917876],
            [-84.517757999558725, 38.426436000253716],
            [-84.517575999983833, 38.426296999672743],
            [-84.517401999906554, 38.426218999761183],
            [-84.517114999851373, 38.426158000231766],
            [-84.516888999895585, 38.42614099976533],
            [-84.516507000304159, 38.426054000130797],
            [-84.516237999792324, 38.425941000311461],
            [-84.516124999814423, 38.425785000338841],
            [-84.51606799991302, 38.425475000160063],
            [-84.514754000010939, 38.425677000268699],
            [-84.514386999589831, 38.425768999817308],
            [-84.513897000043386, 38.425988000313822],
            [-84.513411999621496, 38.426242999688824],
            [-84.513158000076572, 38.426300999774227],
            [-84.513009999938589, 38.426267000312201],
            [-84.512754999670449, 38.426111999664222],
            [-84.512363000033289, 38.425723999739091],
            [-84.511818000235252, 38.425223000305621],
            [-84.511700000234484, 38.424994999914226],
            [-84.511660000051506, 38.424669999849925],
            [-84.511615999670568, 38.424066000048967],
            [-84.511087999590984, 38.422882999783205],
            [-84.510941000176203, 38.422700000329385],
            [-84.510721999893079, 38.422632000110362],
            [-84.510120000193638, 38.422542000239588],
            [-84.509849999856897, 38.422419999844685],
            [-84.509612000205522, 38.422211999988434],
            [-84.50937100018109, 38.42185199985046],
            [-84.50899100023949, 38.421284000316348],
            [-84.50872699975055, 38.421115999677546],
            [-84.507567999659173, 38.420487999996091],
            [-84.507280999603992, 38.420400999886517],
            [-84.506977999655305, 38.420417000189545],
            [-84.506633999698721, 38.42052599978458],
            [-84.506346999643526, 38.420727999658205],
            [-84.506208999551262, 38.420878000097787],
            [-84.506007999709823, 38.421100000233103],
            [-84.505812999716142, 38.421166999686541],
            [-84.505513000140496, 38.421146999866686],
            [-84.505237999780874, 38.420950000254464],
            [-84.504755999732041, 38.42037399980692],
            [-84.504476000247863, 38.420198999802246],
            [-84.50374399995377, 38.419926999681437],
            [-84.503498999731391, 38.419792999819776],
            [-84.503183000262197, 38.419056999782285],
            [-84.502941000412875, 38.418834999702767],
            [-84.502840000130533, 38.418780000344832],
            [-84.502645000136866, 38.418683999816821],
            [-84.502190999677097, 38.418702000057536],
            [-84.501953000025736, 38.418732999875033],
            [-84.501522999855425, 38.418565999770195],
            [-84.500921000155969, 38.418280000038386],
            [-84.500633000275883, 38.418250000163319],
            [-84.500188999861862, 38.418298999812002],
            [-84.499952999860326, 38.418221999846352],
            [-84.498388999713001, 38.417446999863344],
            [-84.497920000082942, 38.417304999833512],
            [-84.497417000117707, 38.417213000061636],
            [-84.496930999870898, 38.417238000317255],
            [-84.496372999654071, 38.417347999931479],
            [-84.495959000275604, 38.417356999866918],
            [-84.495513000211744, 38.417264000010825],
            [-84.495180999950733, 38.417097000029322],
            [-84.494908999964167, 38.416798000185537],
            [-84.494806999856934, 38.416214999965625],
            [-84.49469700025206, 38.416018999740459],
            [-84.494168000347543, 38.415711000222778],
            [-84.493650000313693, 38.415320999676368],
            [-84.493123000059001, 38.4148950002905],
            [-84.492610999872923, 38.414739999874229],
            [-84.491091999931456, 38.414374000069245],
            [-84.490930000448074, 38.414225999883222],
            [-84.490440000003304, 38.412999999811319],
            [-84.49017499968943, 38.412755000158732],
            [-84.49012700000884, 38.412715000079089],
            [-84.489861999694966, 38.412513999836513],
            [-84.489721999952891, 38.412299000190728],
            [-84.489460000012073, 38.411500999657271],
            [-84.489296999805461, 38.411379999853075],
            [-84.489090000116221, 38.411333000200237],
            [-84.488578999755063, 38.411216000347665],
            [-84.488455999731414, 38.411123999861246],
            [-84.488278000354498, 38.410692000326208],
            [-84.48806599974408, 38.410593000288955],
            [-84.48751099990028, 38.410463000282959],
            [-84.486726999727665, 38.410492000331615],
            [-84.486097000439116, 38.410532000234021],
            [-84.485738000413917, 38.410466000312766],
            [-84.485535000024328, 38.410322000147417],
            [-84.485434999566891, 38.410149000224244],
            [-84.485396000107144, 38.409562000230153],
            [-84.485523000328769, 38.409296999898551],
            [-84.485072000242056, 38.408064999704045],
            [-84.48484600028624, 38.407698999876942],
            [-84.484729999935297, 38.407606999840453],
            [-84.484565999903765, 38.407583000056512],
            [-84.484334000100162, 38.407583000056512],
            [-84.484058999740554, 38.407631999900225],
            [-84.483876000340771, 38.40766199996051],
            [-84.483650000384955, 38.407576999757339],
            [-84.483364000154694, 38.40735099985708],
            [-84.483161999590024, 38.4072169999002],
            [-84.48297300034244, 38.406984999933734],
            [-84.482912000243076, 38.406747000262271],
            [-84.482839000448138, 38.406239999739071],
            [-84.482784000196546, 38.405953999788174],
            [-84.482631000035681, 38.405752000140232],
            [-84.482441999889787, 38.405600000053788],
            [-84.482204000238426, 38.40541699976184],
            [-84.481959999840953, 38.40523399971044],
            [-84.481423000438824, 38.405129999755566],
            [-84.481265000255078, 38.405100000052123],
            [-84.481129999637545, 38.405025999651045],
            [-84.481056999842622, 38.404909999764008],
            [-84.481020999857606, 38.40481300019502],
            [-84.481061000040583, 38.404572000136213],
            [-84.481301000240094, 38.404142000112117],
            [-84.481355999593362, 38.403971000143031],
            [-84.481362000339459, 38.403745000230153],
            [-84.481271000102851, 38.40357400002582],
            [-84.481087999804757, 38.40338500029263],
            [-84.480806999597363, 38.403152999992912],
            [-84.48045299959503, 38.402939999945055],
            [-84.480190999654212, 38.402824000230098],
            [-84.479855000093551, 38.402744000318208],
            [-84.479629000137734, 38.402720000327342],
            [-84.479439999991854, 38.402708000328943],
            [-84.479294000401993, 38.402676999971852],
            [-84.479111000103885, 38.40261000026738],
            [-84.478983000057355, 38.402536999783202],
            [-84.478714000443844, 38.402305000281601],
            [-84.478481999741931, 38.40217100012098],
            [-84.478269000204932, 38.402122000094792],
            [-84.477982000149751, 38.401988000298871],
            [-84.477865999798794, 38.40186599969077],
            [-84.477670999805127, 38.401603000033781],
            [-84.477475999811446, 38.401401999859587],
            [-84.476993999762612, 38.401126999661486],
            [-84.47685900004339, 38.401085000140711],
            [-84.47634100000954, 38.400864999805165],
            [-84.475644999700449, 38.400510999786142],
            [-84.475175000245486, 38.400371000330402],
            [-84.474986000099591, 38.400347000255657],
            [-84.474264999676137, 38.400168999863446],
            [-84.474402999768415, 38.399756999726421],
            [-84.474428999707655, 38.399483000002945],
            [-84.474432999905616, 38.399423999813557],
            [-84.47444600032442, 38.399229999901365],
            [-84.473995000237707, 38.398803000292844],
            [-84.473632000014547, 38.398549999923496],
            [-84.473338000286674, 38.398355000069763],
            [-84.473199000369519, 38.398158999979152],
            [-84.472945999751204, 38.396945999771376],
            [-84.472805000184195, 38.396716999823383],
            [-84.472732000389271, 38.396593999739451],
            [-84.472652000023331, 38.396532999837689],
            [-84.472543000243391, 38.396497000275446],
            [-84.472359999945283, 38.396466000070923],
            [-84.472189000241059, 38.396490000026034],
            [-84.471944999843586, 38.396484000214052],
            [-84.471737000329441, 38.396434999853163],
            [-84.471609000282911, 38.396338000175838],
            [-84.471468999642525, 38.396239999926991],
            [-84.471383000327108, 38.396124000021082],
            [-84.471347000342092, 38.395977999959939],
            [-84.471399000220643, 38.395797000140313],
            [-84.471620999978498, 38.39560499984416],
            [-84.47186399965274, 38.395403999889915],
            [-84.472047999775754, 38.395208999999213],
            [-84.47203600008018, 38.394934999935707],
            [-84.47191200023164, 38.39463200017763],
            [-84.471821999819952, 38.394444000061121],
            [-84.471619000328673, 38.394295000130931],
            [-84.471554000031347, 38.394208000166735],
            [-84.471471000190661, 38.394154000136254],
            [-84.47131100035709, 38.394084000271462],
            [-84.471124999685941, 38.394021999892097],
            [-84.470989000141813, 38.393985000015107],
            [-84.470831999782988, 38.393932000291514],
            [-84.470666999926536, 38.393811999711048],
            [-84.470625999918653, 38.393742000219184],
            [-84.47050999956771, 38.393609999926902],
            [-84.470415000031466, 38.39352299984256],
            [-84.470300000403725, 38.393342000213714],
            [-84.470158000113514, 38.393123999814215],
            [-84.469936000355659, 38.392942999890622],
            [-84.469679000437708, 38.392855999707812],
            [-84.469390999659311, 38.392867999933451],
            [-84.468862999579699, 38.393024999651495],
            [-84.468513999600248, 38.393107000023456],
            [-84.468203999978854, 38.393155999823541],
            [-84.46806400023678, 38.393160000351777],
            [-84.467895000182381, 38.393107000023456],
            [-84.467779999656315, 38.393036999849137],
            [-84.46773500034881, 38.393010000105775],
            [-84.467710000234447, 38.392943999673641],
            [-84.467690000142966, 38.392880999940999],
            [-84.467813999991506, 38.392370000159787],
            [-84.467828000235201, 38.392159000315537],
            [-84.467740000371663, 38.39198599986706],
            [-84.467620999647664, 38.391873000274522],
            [-84.467232000383561, 38.391504000020106],
            [-84.467032000367013, 38.391313999904604],
            [-84.466819999756595, 38.391113999799515],
            [-84.466741000113885, 38.390976999883577],
            [-84.466768999702964, 38.390800999985863],
            [-84.466773999725845, 38.390589999787856],
            [-84.466931999909576, 38.390467999659407],
            [-84.46715200001762, 38.390200000270603],
            [-84.467163999713179, 38.390107999789016],
            [-84.467127999728163, 38.389962000253924],
            [-84.466842000396213, 38.389576000188669],
            [-84.466611000417544, 38.389336999693676],
            [-84.466510999960107, 38.389181000252577],
            [-84.466469000127304, 38.3889979999377],
            [-84.466463000279532, 38.388839000246236],
            [-84.466475999800011, 38.388438000029709],
            [-84.466458000256651, 38.388291999939511],
            [-84.466352999776348, 38.388113000294815],
            [-84.466273000308732, 38.387881000273126],
            [-84.466139000414444, 38.387704000026211],
            [-84.466042000330063, 38.387601000057067],
            [-84.465895000016957, 38.387472000100701],
            [-84.465691999627367, 38.387321000165166],
            [-84.465540000189719, 38.387247999733553],
            [-84.465299000165302, 38.387170999777204],
            [-84.464935999942142, 38.387055000108759],
            [-84.464689999894844, 38.38692400015028],
            [-84.464540000107021, 38.386743000198798],
            [-84.463868000087359, 38.385977000240459],
            [-84.46363799993361, 38.385737999821998],
            [-84.463504999864213, 38.385304000177641],
            [-84.463456000358718, 38.385128999743245],
            [-84.463148000387136, 38.384856000107291],
            [-84.463021999990445, 38.384771999741155],
            [-84.462853999760966, 38.384687999981615],
            [-84.462698999950263, 38.384639000076888],
            [-84.462503000131676, 38.384534000169118],
            [-84.462397999651373, 38.384456000239624],
            [-84.462370000062293, 38.384344000049239],
            [-84.462400000199523, 38.384172999725841],
            [-84.462577999576439, 38.383877999910105],
            [-84.462731999562223, 38.383562000023637],
            [-84.46273599976017, 38.383341999884699],
            [-84.462601000040976, 38.382889999945043],
            [-84.462520999675036, 38.382619000159835],
            [-84.462514000002329, 38.3824530003278],
            [-84.462554000185307, 38.382296000191324],
            [-84.462617999759416, 38.382052999846415],
            [-84.462524999872997, 38.381556000180566],
            [-84.462204000380936, 38.380651999802936],
            [-84.461845000355737, 38.38005500009713],
            [-84.461291000336857, 38.37951100016231],
            [-84.460359000026216, 38.379125999925378],
            [-84.46007399962086, 38.3790219997367],
            [-84.459906000289692, 38.378994999690356],
            [-84.459892999870888, 38.378973000218885],
            [-84.460343999957615, 38.3785469999805],
            [-84.460342000307776, 38.378480999729071],
            [-84.460395999836152, 38.378401000346521],
            [-84.460316000368522, 38.378052000148067],
            [-84.460005000023898, 38.377406000237741],
            [-84.45997800025971, 38.376999999997821],
            [-84.459926000381188, 38.376878000184782],
            [-84.45956800018088, 38.376805999782988],
            [-84.45944199978419, 38.376755000159214],
            [-84.459307000064996, 38.376733000006659],
            [-84.459041999751122, 38.376623999856285],
            [-84.458900000359208, 38.376458000351974],
            [-84.458911000229875, 38.375971999766087],
            [-84.458757000244077, 38.375482000043654],
            [-84.458618000326908, 38.375146000227595],
            [-84.458428000356108, 38.374924999814411],
            [-84.458359999685726, 38.374748000258556],
            [-84.458471999838721, 38.374326999993059],
            [-84.458385999625008, 38.373955000227504],
            [-84.458476000036683, 38.373584000008556],
            [-84.458587000364759, 38.37329100008013],
            [-84.458762000266958, 38.373149999982516],
            [-84.4589070000319, 38.373083999737545],
            [-84.459091000154928, 38.373014999961292],
            [-84.459245000140697, 38.372988999844821],
            [-84.459423000415953, 38.372929999870848],
            [-84.459604000165896, 38.372882999869155],
            [-84.459712000120945, 38.372859999887162],
            [-84.459804000182444, 38.372856999705256],
            [-84.459945999574359, 38.372833999714949],
            [-84.460133000070428, 38.372833999714949],
            [-84.460237999652406, 38.372833999714949],
            [-84.460363000224177, 38.37281399990124],
            [-84.460415999927619, 38.372731999761896],
            [-84.460419000300689, 38.372670000093002],
            [-84.460444000415038, 38.372593000112239],
            [-84.460569999913432, 38.372579999979351],
            [-84.460745999640523, 38.37248400006338],
            [-84.460835000227306, 38.372184000121266],
            [-84.460840000250158, 38.37195000027495],
            [-84.460912000220191, 38.371776000006996],
            [-84.46095800025094, 38.371559000179438],
            [-84.461036999893651, 38.371305000194042],
            [-84.461079999551359, 38.371189999815954],
            [-84.461108999863683, 38.371069000151692],
            [-84.461060000358188, 38.370956999659363],
            [-84.461060000358188, 38.370819000210354],
            [-84.461072999878667, 38.370710000306431],
            [-84.460948000205207, 38.370622000050972],
            [-84.460868999664157, 38.370489999819341],
            [-84.460702000157895, 38.370229999725922],
            [-84.460543999974149, 38.369939999901234],
            [-84.460593000377955, 38.369759999814065],
            [-84.460593000377955, 38.369657999753748],
            [-84.460620000142143, 38.36940199992209],
            [-84.460651999929198, 38.369233999826527],
            [-84.460769999929951, 38.368953999974451],
            [-84.460876000235174, 38.368678000217059],
            [-84.460934999786403, 38.368231000138017],
            [-84.461016999802169, 38.367975000188657],
            [-84.461097000168124, 38.36761300009033],
            [-84.46111200023671, 38.367302000277803],
            [-84.460930999588456, 38.366599999708434],
            [-84.460668999647638, 38.366297000275637],
            [-84.460622999616859, 38.366205999830981],
            [-84.460590000004899, 38.366136999835554],
            [-84.46057699958611, 38.36605800034183],
            [-84.460593000377955, 38.365958999757922],
            [-84.460642999708355, 38.365877000302966],
            [-84.460744999815603, 38.36579500005076],
            [-84.460908999847135, 38.365669999882641],
            [-84.461201999750102, 38.365485999794686],
            [-84.461425000231159, 38.365344999984856],
            [-84.461730999654606, 38.365180000128376],
            [-84.461858999701121, 38.36513199985621],
            [-84.462098999900647, 38.365084000256523],
            [-84.462293000069408, 38.365043999861463],
            [-84.462503000131676, 38.364900000087516],
            [-84.462662000140341, 38.364683000067956],
            [-84.462695999577207, 38.36458799971183],
            [-84.462774000293322, 38.364357999964447],
            [-84.46283200001966, 38.363961000009972],
            [-84.462777999592973, 38.363554000212766],
            [-84.462512000352504, 38.363011999871802],
            [-84.462112000319436, 38.362445000224412],
            [-84.461922000348636, 38.362152000276076],
            [-84.461914999777633, 38.361950000121105],
            [-84.462354000168773, 38.360698000053439],
            [-84.462632000003111, 38.360204000214104],
            [-84.46272300023972, 38.359337000041791],
            [-84.462729999912398, 38.359210999742459],
            [-84.462736999585104, 38.359092999822302],
            [-84.462642999873779, 38.358713000002183],
            [-84.462700999600088, 38.358371999917011],
            [-84.462626000155325, 38.357996000194291],
            [-84.462341999574889, 38.357647999767458],
            [-84.462204000380936, 38.357478000019569],
            [-84.462108000121475, 38.357243999821421],
            [-84.462048999671936, 38.357096000323182],
            [-84.461653999661721, 38.356498999984751],
            [-84.461468999713787, 38.356222999930736],
            [-84.461359999933833, 38.356004000081022],
            [-84.46130300003243, 38.355768999753174],
            [-84.461343000215408, 38.355354999682312],
            [-84.461641000141228, 38.354397999728008],
            [-84.461755999768954, 38.353818999879387],
            [-84.461689999646737, 38.353479999943396],
            [-84.461410999987478, 38.353058999943528],
            [-84.461230000237506, 38.352839000049102],
            [-84.460297999926851, 38.352569999702226],
            [-84.459266999882018, 38.352093000330456],
            [-84.458367000256743, 38.351816999684274],
            [-84.457795999621112, 38.351484000261067],
            [-84.457674000320694, 38.351401000255265],
            [-84.457676999795424, 38.350783000234117],
            [-84.457814000062768, 38.350646999690156],
            [-84.45816899989002, 38.350393000290211],
            [-84.458479000409724, 38.349926999889995],
            [-84.458585999641528, 38.349690999888921],
            [-84.458743999825273, 38.349537000267617],
            [-84.459106000223542, 38.349445000209499],
            [-84.459311000262943, 38.349498999798321],
            [-84.459445000157245, 38.349524000220519],
            [-84.4602309999797, 38.349057000179506],
            [-84.460708999830601, 38.34866900018428],
            [-84.460891000303789, 38.348424999943333],
            [-84.460637999685474, 38.348132000320362],
            [-84.459921000358307, 38.347453999862545],
            [-84.459562000333108, 38.34693299980659],
            [-84.459406999624093, 38.346460999953678],
            [-84.459373000187227, 38.346081999790094],
            [-84.459488999639859, 38.345438999759125],
            [-84.459496000210876, 38.345143000111776],
            [-84.459387000430937, 38.344887999983634],
            [-84.459138000010569, 38.344526999728714],
            [-84.459128999789755, 38.343932000253318],
            [-84.459102999850472, 38.34371100035078],
            [-84.458790999680957, 38.343388999802329],
            [-84.45834200014238, 38.343188999673167],
            [-84.457787000298595, 38.343109999797605],
            [-84.457634000137716, 38.343087999986359],
            [-84.457135000370442, 38.342807999755593],
            [-84.456942999851492, 38.34262799984095],
            [-84.456871999706379, 38.342098999937591],
            [-84.456807000307379, 38.341723000264025],
            [-84.456906000041585, 38.341464000210117],
            [-84.456900000193798, 38.341207000226028],
            [-84.456721000093651, 38.340960000116823],
            [-84.456506999833408, 38.340811999747778],
            [-84.456321000060584, 38.340767000332534],
            [-84.456213999930455, 38.340530000273752],
            [-84.456146000158384, 38.340326000074839],
            [-84.456202000234882, 38.340133000010674],
            [-84.456541000168599, 38.339689999787929],
            [-84.456865999858607, 38.339327999878641],
            [-84.456904000391745, 38.339095000039052],
            [-84.456721999918571, 38.338938000256782],
            [-84.456348999649677, 38.338510999881905],
            [-84.456346000174918, 38.338379000284824],
            [-84.456473000396542, 38.338004000165299],
            [-84.456459000152819, 38.337882000151424],
            [-84.456345000350026, 38.337762000318541],
            [-84.456207000257749, 38.337673000331726],
            [-84.456203999884707, 38.337561000311702],
            [-84.456414999771894, 38.337362999991086],
            [-84.456393999855507, 38.337060000096997],
            [-84.456297999596032, 38.336760999763939],
            [-84.455922999677313, 38.33649599973112],
            [-84.455413000039385, 38.336220000245916],
            [-84.455155000296514, 38.336041999897674],
            [-84.454842000302065, 38.33597300004493],
            [-84.454273000214584, 38.335807000323911],
            [-84.453841000394448, 38.335604000084579],
            [-84.453583999578186, 38.335517000009197],
            [-84.453493000239916, 38.335447999656445],
            [-84.45352099982901, 38.335357999771581],
            [-84.453814999556855, 38.335085999690698],
            [-84.454022999969311, 38.334773999791295],
            [-84.45406700035025, 38.334658999866697],
            [-84.454043000060821, 38.334527000298074],
            [-84.453844999694098, 38.334397000263735],
            [-84.453689000058475, 38.334245000317985],
            [-84.45365800009634, 38.334028000028397],
            [-84.453751999807665, 38.333741000033854],
            [-84.453811000257204, 38.333518000247686],
            [-84.453814999556855, 38.333436999889969],
            [-84.453696999556101, 38.333366999768955],
            [-84.453424999569521, 38.333301999797293],
            [-84.453053000023857, 38.333302999699754],
            [-84.452828999717866, 38.333284000141767],
            [-84.452438999730518, 38.333149999668571],
            [-84.452216000147772, 38.333041000126364],
            [-84.45216000007126, 38.332953999792245],
            [-84.452196999881195, 38.332613000318574],
            [-84.45244700012644, 38.332029999979156],
            [-84.452462000195055, 38.331824999882599],
            [-84.452370000133556, 38.331549000221862],
            [-84.452211999949796, 38.331477999758725],
            [-84.451656000281105, 38.331465999921704],
            [-84.451067999927062, 38.331503000058731],
            [-84.450923999986998, 38.331472000192782],
            [-84.450832999750418, 38.331372000307461],
            [-84.450734999841117, 38.330931999877414],
            [-84.450658999673152, 38.330889999770328],
            [-84.450421999846682, 38.33088500009152],
            [-84.449995999874346, 38.330996999860893],
            [-84.449426999786851, 38.331138000318482],
            [-84.449262999755319, 38.331170000259164],
            [-84.449139999731671, 38.331122999922997],
            [-84.449024000279039, 38.330958000300598],
            [-84.448924999646508, 38.330335000196982],
            [-84.448936000415486, 38.330041000037859],
            [-84.448749999744308, 38.329627000178803],
            [-84.448705000436803, 38.329523000043402],
            [-84.448522000138695, 38.32940199979965],
            [-84.448462999689156, 38.329283999932279],
            [-84.448450000168663, 38.328959000206083],
            [-84.448369999802736, 38.328845000178042],
            [-84.448148000044881, 38.328830999976795],
            [-84.447800999715241, 38.328691999895604],
            [-84.447676999866687, 38.328663000169534],
            [-84.447455999933752, 38.328667000035217],
            [-84.447144999589113, 38.328782000308095],
            [-84.446623000255627, 38.328824000227463],
            [-84.446526000171261, 38.328795999814155],
            [-84.44645800039919, 38.328623000090907],
            [-84.446468000444924, 38.328361999775915],
            [-84.446464000246962, 38.328086000315643],
            [-84.4463470000711, 38.327800000021455],
            [-84.446332999827391, 38.327696000083108],
            [-84.446362999964634, 38.327471000051403],
            [-84.44633100017758, 38.32732200033189],
            [-84.446470000094735, 38.32707300012639],
            [-84.446481999790308, 38.326781000108788],
            [-84.446552999935435, 38.326619999740807],
            [-84.446826999571812, 38.326256000072277],
            [-84.44702599976344, 38.326089999937935],
            [-84.447054000250844, 38.325985999660034],
            [-84.44689799971691, 38.325799000194458],
            [-84.446558999783207, 38.325552999717999],
            [-84.446364999614445, 38.325224000119213],
            [-84.446311999910989, 38.325064999848536],
            [-84.446434000109718, 38.324832999971399],
            [-84.446547999912553, 38.324596999966317],
            [-84.446618000232746, 38.324481000076332],
            [-84.44664599982184, 38.324401000214159],
            [-84.446557999958287, 38.324358999845927],
            [-84.446366000337676, 38.324443999877943],
            [-84.445855999801424, 38.324433000310542],
            [-84.445331999919787, 38.324358999845927],
            [-84.445193999827509, 38.324382999757297],
            [-84.444700000083117, 38.324516000208483],
            [-84.444408000005055, 38.324500999851878],
            [-84.444181000224333, 38.324530999857238],
            [-84.444022000215682, 38.324505999971095],
            [-84.443756000076903, 38.324309999972868],
            [-84.443729000312729, 38.324243000279814],
            [-84.44388800032138, 38.324044000184706],
            [-84.444253000194351, 38.323609999881384],
            [-84.44430099987494, 38.323416999691204],
            [-84.444340000232998, 38.323287000164477],
            [-84.4442840001565, 38.323015999924408],
            [-84.444043999956975, 38.322482999689882],
            [-84.443944000397877, 38.322349999737085],
            [-84.443994999553198, 38.322191000209799],
            [-84.444264999889924, 38.322015000051586],
            [-84.444704000281078, 38.321827000147387],
            [-84.44483499980231, 38.321739999741737],
            [-84.444854999893806, 38.321578000093503],
            [-84.444674000143834, 38.321259000054162],
            [-84.444356999951424, 38.320886000286997],
            [-84.444023000040602, 38.320572999785519],
            [-84.443639999725946, 38.320536999785325],
            [-84.443272000378215, 38.320519999857297],
            [-84.443014999561967, 38.320578000175672],
            [-84.442719000184269, 38.320439999852375],
            [-84.442350000113336, 38.32014899997953],
            [-84.442109000088905, 38.319896000155708],
            [-84.441888000155956, 38.319773999961335],
            [-84.441748000413881, 38.319604000122212],
            [-84.440872000179723, 38.319454000347719],
            [-84.4403270003817, 38.319343999846012],
            [-84.439961999610404, 38.319262999856768],
            [-84.439865000424319, 38.319058000297638],
            [-84.439918999952695, 38.318839000141978],
            [-84.440089999656919, 38.318424000327006],
            [-84.440380000085156, 38.318118999959076],
            [-84.440461000276002, 38.317891000160785],
            [-84.440431999963678, 38.317625000077228],
            [-84.440255000411668, 38.317508000187203],
            [-84.439901000409336, 38.317301999771367],
            [-84.439861000226372, 38.317180000145527],
            [-84.439959000135673, 38.3170020002539],
            [-84.440247999840665, 38.316621000078264],
            [-84.440294999696334, 38.316428000311227],
            [-84.440031999930596, 38.315535000201365],
            [-84.439862999876198, 38.3151209999535],
            [-84.439602999585205, 38.314872000126819],
            [-84.439158000244589, 38.31448800025494],
            [-84.438425999950482, 38.31408100013671],
            [-84.438071999948164, 38.313820999790146],
            [-84.43751899975419, 38.313348999912513],
            [-84.437409000149344, 38.313252000230591],
            [-84.43741099979917, 38.313162000271561],
            [-84.43778999991585, 38.312648000229068],
            [-84.437888999650056, 38.31238400032413],
            [-84.437859000411137, 38.31217100020497],
            [-84.43772700016666, 38.311974999985971],
            [-84.437526000325207, 38.311795000310795],
            [-84.437143000010579, 38.31140300013007],
            [-84.436865000176212, 38.311136000002143],
            [-84.436681000053213, 38.311015000079855],
            [-84.436496000105279, 38.310808000035927],
            [-84.436261999753555, 38.310631999734746],
            [-84.436161000369523, 38.310530999781527],
            [-84.436112999790637, 38.310398999972577],
            [-84.436142999927853, 38.31020100016115],
            [-84.436248000408156, 38.310090999718987],
            [-84.436758999871017, 38.309777000320146],
            [-84.436949999666723, 38.309619000234179],
            [-84.436978999979033, 38.30946200003536],
            [-84.436864000351321, 38.309262000017128],
            [-84.436481999861584, 38.308680999845777],
            [-84.436416999564258, 38.308509000294983],
            [-84.436476999838703, 38.308180999725856],
            [-84.436410999716472, 38.308067000152072],
            [-84.436123999661277, 38.307875999976062],
            [-84.43583699960611, 38.307744000269125],
            [-84.435753999765438, 38.307664999816936],
            [-84.435736000222079, 38.307304000215794],
            [-84.435660999879019, 38.307207999759704],
            [-84.435133999624327, 38.307047999892063],
            [-84.434982000186679, 38.307017000141201],
            [-84.434584999628328, 38.306864999875074],
            [-84.434261999588145, 38.306848999828532],
            [-84.433979999555831, 38.306787999706806],
            [-84.434008000043235, 38.30649099980257],
            [-84.434030999609448, 38.306366000198373],
            [-84.434306999793975, 38.306060999865352],
            [-84.434706000002151, 38.305753999799677],
            [-84.434782999995051, 38.305552999845027],
            [-84.434706000002151, 38.305389999693695],
            [-84.434516999856257, 38.305209999888142],
            [-84.434456999581812, 38.305063999702078],
            [-84.434176000272728, 38.304797000204736],
            [-84.433905000111068, 38.304650999892331],
            [-84.433814999699393, 38.304522999743611],
            [-84.433797000156034, 38.304382999983233],
            [-84.433848000209665, 38.304158999804592],
            [-84.433987999951739, 38.304036000318675],
            [-84.434225999603129, 38.303852000148133],
            [-84.434350000350008, 38.303656000004736],
            [-84.434583999803408, 38.303440999705963],
            [-84.434782999995051, 38.303313999853039],
            [-84.434915000239528, 38.303146000127917],
            [-84.434973999790742, 38.302957999940581],
            [-84.434982000186679, 38.302629000026513],
            [-84.434859999987935, 38.30195100030604],
            [-84.434778999797075, 38.301864000020416],
            [-84.434264000136267, 38.301473999718631],
            [-84.433818000072421, 38.301143999777921],
            [-84.433613999857954, 38.300981999937001],
            [-84.43340999964343, 38.300679999877019],
            [-84.433254999832741, 38.300369999936471],
            [-84.433121999763344, 38.29999800023328],
            [-84.4329350001656, 38.299759999733354],
            [-84.43284099955595, 38.299569000242592],
            [-84.432831000408527, 38.299441999955931],
            [-84.433007000135618, 38.299058000162589],
            [-84.433448000176583, 38.298546000331541],
            [-84.433678000330346, 38.297977999761287],
            [-84.433886999669411, 38.297784999729508],
            [-84.434366000243514, 38.297498000062546],
            [-84.435123999578579, 38.297231000212825],
            [-84.435579999688173, 38.297118999743049],
            [-84.435880999987035, 38.297076000089554],
            [-84.435997000337991, 38.297034000108347],
            [-84.436021999554029, 38.296894999694857],
            [-84.436122000011466, 38.29676600025973],
            [-84.436349999617093, 38.296686000134116],
            [-84.436558999854469, 38.296684999726644],
            [-84.436692999748772, 38.296589000022145],
            [-84.436749999650175, 38.296311000043929],
            [-84.436833000389157, 38.296262999960177],
            [-84.436994999872567, 38.296253000056247],
            [-84.437392000430904, 38.296292999663741],
            [-84.437577000378838, 38.29636499974773],
            [-84.437738999862233, 38.296373000222673],
            [-84.438106000283355, 38.296534999780036],
            [-84.438501000293556, 38.296835999768497],
            [-84.438706000332971, 38.297034000108347],
            [-84.438923999892864, 38.297201000192068],
            [-84.439094999597089, 38.297227000022772],
            [-84.43935099969012, 38.297219000347006],
            [-84.439583000392034, 38.297129999929027],
            [-84.439789000256354, 38.297097999767928],
            [-84.440266000282321, 38.296698999790415],
            [-84.440662000117442, 38.296481999908082],
            [-84.440724999866632, 38.296385000228412],
            [-84.440592999622154, 38.296165000278066],
            [-84.440365999841433, 38.29601599967323],
            [-84.440364000191607, 38.295736999899155],
            [-84.440493999887948, 38.295585999685215],
            [-84.440606000040958, 38.295534999966833],
            [-84.4409409997767, 38.295398000352314],
            [-84.441549000222253, 38.294937999975673],
            [-84.44177699982788, 38.294631999805134],
            [-84.441757999561304, 38.294338999833322],
            [-84.441310999672567, 38.294076999742096],
            [-84.441278000060592, 38.293972000338762],
            [-84.441369000297186, 38.293771999913531],
            [-84.44185899984366, 38.293161000184732],
            [-84.442042000141754, 38.292967000277216],
            [-84.442124999982425, 38.29272099980853],
            [-84.441965000148841, 38.292213000145267],
            [-84.44190499987441, 38.291841999987454],
            [-84.441995000286084, 38.291586999866183],
            [-84.442218999693765, 38.291555999853969],
            [-84.442679000001291, 38.291539000182802],
            [-84.442810000420863, 38.291402000074513],
            [-84.442873000170053, 38.291237000300718],
            [-84.442888000238668, 38.290935999648653],
            [-84.44300600023945, 38.290587000255428],
            [-84.443160000225234, 38.29017500031663],
            [-84.443537999618698, 38.289697000068315],
            [-84.443633999878159, 38.2895459999772],
            [-84.443669999863175, 38.289429999717136],
            [-84.443544000364795, 38.289313999976763],
            [-84.443325000081671, 38.289223999928907],
            [-84.442916999652681, 38.2887419998101],
            [-84.442788999606151, 38.288628999820808],
            [-84.442623999749713, 38.288483000110745],
            [-84.44242399973318, 38.2882449999152],
            [-84.442191000104671, 38.288023000320919],
            [-84.442176000036056, 38.287896000273122],
            [-84.442251000379116, 38.28758799966171],
            [-84.442449999672434, 38.287447999656784],
            [-84.442848000055719, 38.28722700027803],
            [-84.442976999927126, 38.287152999920856],
            [-84.44319600021025, 38.286882999864567],
            [-84.443345999998073, 38.286642999676509],
            [-84.44343300003672, 38.286564000219542],
            [-84.444160000307946, 38.28641299995612],
            [-84.444462000431727, 38.286289000153985],
            [-84.444711999778661, 38.286150000311657],
            [-84.444627000288179, 38.285774000215845],
            [-84.444510999937222, 38.285610000194083],
            [-84.444530000203798, 38.285514999797044],
            [-84.444617000242417, 38.285413000271454],
            [-84.444707999580714, 38.285096000236386],
            [-84.444869999962421, 38.284738999914111],
            [-84.4447560001596, 38.28448900027859],
            [-84.444632000311046, 38.284304999895248],
            [-84.444381000240881, 38.284115999667399],
            [-84.444298000400181, 38.283982999864911],
            [-84.444063000223551, 38.283779999770907],
            [-84.44373099996254, 38.283700000137117],
            [-84.443253999936559, 38.283694000143392],
            [-84.442964000406647, 38.283732999741105],
            [-84.442844999682649, 38.28365900005268],
            [-84.442746999773362, 38.283526000118052],
            [-84.442660999559649, 38.283236000099642],
            [-84.442581000092005, 38.282917999832193],
            [-84.442468000114104, 38.282731000013506],
            [-84.442211000196153, 38.282576999842554],
            [-84.44180699996511, 38.282295000175417],
            [-84.44169800018517, 38.282218999922677],
            [-84.441362999551089, 38.282072000108094],
            [-84.441218999611053, 38.281942999708967],
            [-84.441160000059824, 38.281837999674046],
            [-84.4413209997183, 38.281488000341199],
            [-84.441353000403666, 38.281307999765367],
            [-84.441339999984876, 38.281197000022246],
            [-84.441298000152074, 38.28109699990501],
            [-84.441517000435198, 38.281029999777623],
            [-84.442154000294735, 38.280805000212979],
            [-84.442374000402765, 38.280549000173671],
            [-84.442503000274201, 38.280361999893927],
            [-84.442652000237118, 38.279807000006109],
            [-84.442602000008407, 38.279432000138648],
            [-84.442387999748163, 38.279002999855514],
            [-84.442244999633019, 38.278702999897121],
            [-84.441992999737948, 38.278414000311685],
            [-84.441760999934374, 38.277900000175734],
            [-84.44162200001719, 38.277595000063734],
            [-84.44163500043598, 38.277427999996014],
            [-84.441677000268768, 38.277180999778672],
            [-84.441716999553435, 38.276767999930676],
            [-84.441664999674884, 38.276351999901507],
            [-84.441523000282984, 38.275993000326913],
            [-84.441197999694666, 38.275864999693788],
            [-84.440725999691551, 38.275975999831594],
            [-84.440435000336734, 38.27596100001351],
            [-84.440164000175088, 38.275815000211644],
            [-84.439965999808365, 38.275616999808463],
            [-84.439621999851767, 38.275569000142283],
            [-84.439405999941712, 38.275383999721711],
            [-84.439426000033194, 38.275096000324666],
            [-84.439393000421219, 38.274627000272339],
            [-84.439431999880981, 38.274280000061275],
            [-84.439343000192508, 38.274079999676133],
            [-84.43925500032897, 38.273880000150633],
            [-84.438933999938598, 38.273761000189225],
            [-84.438220999911067, 38.273744999895044],
            [-84.437801999611423, 38.273856999764376],
            [-84.437329999608323, 38.274085999759173],
            [-84.436983000176994, 38.27418200031515],
            [-84.436657999588675, 38.274067000199743],
            [-84.436515000371855, 38.27386599991636],
            [-84.436462999594994, 38.273462999773898],
            [-84.436356000363205, 38.273222000328026],
            [-84.436142000102947, 38.272874999750307],
            [-84.435944999561144, 38.272590999708129],
            [-84.436000999637642, 38.272390000276047],
            [-84.436184999760656, 38.272159999829334],
            [-84.436277999647075, 38.271919000290758],
            [-84.436297999738557, 38.271603999965969],
            [-84.435973999873468, 38.271303999763333],
            [-84.435684000343542, 38.27113099971082],
            [-84.435485999976819, 38.271000000212197],
            [-84.435378999846691, 38.270857999837311],
            [-84.435453000364859, 38.270698000214658],
            [-84.435853000397955, 38.270571000183892],
            [-84.436363000035868, 38.270487999910536],
            [-84.436726000259043, 38.27033299980031],
            [-84.43703599988045, 38.27005199989906],
            [-84.437148000033432, 38.269734999792227],
            [-84.437225000026345, 38.269308000208873],
            [-84.437137999987698, 38.26893700005887],
            [-84.436975999605977, 38.268648999778385],
            [-84.436869000374173, 38.268490000317058],
            [-84.436578999945937, 38.268316999908933],
            [-84.436363999860788, 38.268172000350184],
            [-84.43627500017233, 38.26790000003232],
            [-84.436294000438906, 38.267688999999471],
            [-84.43662300032689, 38.267501999748809],
            [-84.436823000343423, 38.267348999826822],
            [-84.436898999613092, 38.267101999885718],
            [-84.437028000382838, 38.266889000130142],
            [-84.437029000207744, 38.266717999665723],
            [-84.436958000062646, 38.266505000194655],
            [-84.436871999848918, 38.266346000271696],
            [-84.436562000227525, 38.266157999967049],
            [-84.436402000393954, 38.266097000198826],
            [-84.436147000125814, 38.266000000115042],
            [-84.436060999912087, 38.265945000264466],
            [-84.435993999964936, 38.26590299990167],
            [-84.435676999772539, 38.265696999651567],
            [-84.435280000112513, 38.265364000261194],
            [-84.434993000057318, 38.265078000195274],
            [-84.434721999895686, 38.264821000287697],
            [-84.434415999573915, 38.264602000030393],
            [-84.434126999868923, 38.264527999887605],
            [-84.433889000217562, 38.264554000137004],
            [-84.433652000391092, 38.264671000086054],
            [-84.433490000009385, 38.264797999853698],
            [-84.433253000182916, 38.264869000004659],
            [-84.432998999739709, 38.264850000149856],
            [-84.432654999783111, 38.264834000008435],
            [-84.432291999559951, 38.264861000289144],
            [-84.431982999763477, 38.264687999701273],
            [-84.431590000301398, 38.264098000273115],
            [-84.431411000201265, 38.263784000039088],
            [-84.431432000117653, 38.263481999661174],
            [-84.431779000447278, 38.263142999710198],
            [-84.43203600036523, 38.262788999870544],
            [-84.432274999841525, 38.262474000152807],
            [-84.432310999826541, 38.26222699985761],
            [-84.432145999970075, 38.261962999884332],
            [-84.431894000075005, 38.261729000244202],
            [-84.431575000232783, 38.261526000003144],
            [-84.431340000056153, 38.261411999785793],
            [-84.431165000153953, 38.261203999819315],
            [-84.431109000077456, 38.260879999933103],
            [-84.431002999772247, 38.260508000267393],
            [-84.430914999908694, 38.260223000332651],
            [-84.430807999778565, 38.259977000351356],
            [-84.430502000355148, 38.259789999997537],
            [-84.430012999735297, 38.259645000346232],
            [-84.429820000289752, 38.259658000287828],
            [-84.429559000173839, 38.259644000133576],
            [-84.42908899982055, 38.259624000110044],
            [-84.428701000381352, 38.259427999729091],
            [-84.428296000325403, 38.259136999883225],
            [-84.427844000413785, 38.258830999748113],
            [-84.427600000016312, 38.258598000122511],
            [-84.427410000045526, 38.258429000350382],
            [-84.426994999943801, 38.258199000133345],
            [-84.426706000238809, 38.258081000107424],
            [-84.426471999887099, 38.257822999897357],
            [-84.426290000312221, 38.257518000113201],
            [-84.426133999778301, 38.25718900019195],
            [-84.425936000309875, 38.256945999857471],
            [-84.425556000368275, 38.25686199998831],
            [-84.425029999938502, 38.256900000344217],
            [-84.424952000120697, 38.256930000091451],
            [-84.424061999642845, 38.257063000067717],
            [-84.42373399957981, 38.257178000301728],
            [-84.423632000370858, 38.257172000232693],
            [-84.423351000163464, 38.257158000304784],
            [-84.422864000091749, 38.256959999826243],
            [-84.422540000226647, 38.256642000172981],
            [-84.42245400001292, 38.256211999732933],
            [-84.422474999929321, 38.255726000181575],
            [-84.42251599993719, 38.255312999656844],
            [-84.422481999601999, 38.25496899970647],
            [-84.422375000370195, 38.254823000030939],
            [-84.421977999811858, 38.254607000108209],
            [-84.421816000328462, 38.254435999655229],
            [-84.421890999773225, 38.254091000202074],
            [-84.421911999689627, 38.253822000240326],
            [-84.421896999620998, 38.25347899987807],
            [-84.421735000137616, 38.25327700016593],
            [-84.421465999625781, 38.252960000218998],
            [-84.421267000332463, 38.252775999657892],
            [-84.421216000278847, 38.252459000347351],
            [-84.421254999738579, 38.252204000167659],
            [-84.421294000096651, 38.251875000171445],
            [-84.421478000219665, 38.251531999790366],
            [-84.421572999755909, 38.251102000151995],
            [-84.421643999901022, 38.250639999903669],
            [-84.421670999665196, 38.250405999775225],
            [-84.421700999802439, 38.250063999860181],
            [-84.421725000091854, 38.249889000027942],
            [-84.42139799985371, 38.248975000289029],
            [-84.421125999867158, 38.248429999844973],
            [-84.421059999744912, 38.247770999797886],
            [-84.420864999751245, 38.247211999769647],
            [-84.420704000092769, 38.246739999817251],
            [-84.420961999835626, 38.246371999892339],
            [-84.421657000319811, 38.245846000281027],
            [-84.422314000270845, 38.245247999774541],
            [-84.422570000363876, 38.244933000207638],
            [-84.422664000075216, 38.244679000145126],
            [-84.422505999891456, 38.244048999653742],
            [-84.422527999632777, 38.243505000102289],
            [-84.422750000288929, 38.243176000238478],
            [-84.423131000055434, 38.242990000128401],
            [-84.423440999676828, 38.242780999899708],
            [-84.423517999669741, 38.242309999848281],
            [-84.423486999707578, 38.241791000158557],
            [-84.423291999713925, 38.241232999764371],
            [-84.422951999955288, 38.240874000189038],
            [-84.422536999853605, 38.240631000335142],
            [-84.421956999895471, 38.240528000088126],
            [-84.421595000395513, 38.240339000234854],
            [-84.4214170001203, 38.240079000279685],
            [-84.421528000448376, 38.23981099974349],
            [-84.421963999568149, 38.239752999776506],
            [-84.422326999791309, 38.239599000199206],
            [-84.422638999960853, 38.239298999774448],
            [-84.423079000176898, 38.238674000323122],
            [-84.423317999653179, 38.238304999982994],
            [-84.423411000437923, 38.238104000237428],
            [-84.423321000026249, 38.237858999978748],
            [-84.423125000207662, 38.237615999926177],
            [-84.422999999635877, 38.2373290001944],
            [-84.422930000213981, 38.236944999971449],
            [-84.422449999814958, 38.235852999808344],
            [-84.422094000162801, 38.235066000210011],
            [-84.421880999727478, 38.234578999824564],
            [-84.421557999687295, 38.23417499992614],
            [-84.421381999960204, 38.233586000291751],
            [-84.421349000348243, 38.233103000068503],
            [-84.421334000279614, 38.232702000071242],
            [-84.42146300015105, 38.23248899967686],
            [-84.421628999832407, 38.232244000257182],
            [-84.421561000060336, 38.231900999682992],
            [-84.421381999960204, 38.231599000171258],
            [-84.421110999798543, 38.231340999805333],
            [-84.42078799975836, 38.231023000261153],
            [-84.420552999581716, 38.230706999842774],
            [-84.42046600044138, 38.230434999705118],
            [-84.420395000296267, 38.230194000071847],
            [-84.420217000021054, 38.229947000146083],
            [-84.419926999592818, 38.229792000347132],
            [-84.419420000327932, 38.229646000202564],
            [-84.419005000226235, 38.229583000286489],
            [-84.418534999872961, 38.229409999687384],
            [-84.418351999574853, 38.229295999899868],
            [-84.418227999726284, 38.229222999719177],
            [-84.4181220003194, 38.228950999676961],
            [-84.417855000355701, 38.228305000086849],
            [-84.417713000065476, 38.227976999837942],
            [-84.417662999836764, 38.227475999967588],
            [-84.41775900009624, 38.226861000099262],
            [-84.417725999585954, 38.22636100026984],
            [-84.417622999653801, 38.225943000295523],
            [-84.417697999996875, 38.225459000147268],
            [-84.417593000414882, 38.225073000088649],
            [-84.417450000299752, 38.224403000129648],
            [-84.417302000161726, 38.224072999935622],
            [-84.417113000015846, 38.223651000213721],
            [-84.416974999923596, 38.223168000350569],
            [-84.416796999648369, 38.222682000056935],
            [-84.41678199957974, 38.222478000125044],
            [-84.416947000334503, 38.22219400000079],
            [-84.416952000357384, 38.221833000240466],
            [-84.416880000387366, 38.221551999808923],
            [-84.416827999610504, 38.221249999672096],
            [-84.416867999793482, 38.220876999684407],
            [-84.417016999756385, 38.220452000340167],
            [-84.417200999879412, 38.22016800007043],
            [-84.417420999987442, 38.219979000233316],
            [-84.417800999929028, 38.219910000092035],
            [-84.418199000312299, 38.219954999669937],
            [-84.418669999592154, 38.22000200003064],
            [-84.419052999906825, 38.219905999877227],
            [-84.419472000206468, 38.2195509997023],
            [-84.419964000301064, 38.219295999839645],
            [-84.420418999687413, 38.219166000119273],
            [-84.420802000002055, 38.218972000169735],
            [-84.421057000270196, 38.218716000325131],
            [-84.421253000088754, 38.218384999667776],
            [-84.421328000431842, 38.218232000087532],
            [-84.421407999899458, 38.218089000267369],
            [-84.421510999831625, 38.217985999852601],
            [-84.421644999725913, 38.21784599979518],
            [-84.422008999773993, 38.217659999826438],
            [-84.422301999676947, 38.217463999921669],
            [-84.422305000050002, 38.217090000194162],
            [-84.422235999554729, 38.216763999682584],
            [-84.422001000276396, 38.216489000040113],
            [-84.421568999557948, 38.216185999956892],
            [-84.421080999661314, 38.215940999971082],
            [-84.420593999589585, 38.215724000161835],
            [-84.420268999899577, 38.21552200000513],
            [-84.420054999639348, 38.215207000123186],
            [-84.420021000202453, 38.214904000348248],
            [-84.420114000088887, 38.214631000281294],
            [-84.419918000270314, 38.21424499994351],
            [-84.41952200043518, 38.213988000272771],
            [-84.4189259996852, 38.213754000055033],
            [-84.418292000198718, 38.213595999916848],
            [-84.417877000097008, 38.213419999689613],
            [-84.417421999812348, 38.213473000183789],
            [-84.417005000060826, 38.213527000075004],
            [-84.416549999776166, 38.213643000150171],
            [-84.416114999582973, 38.213736999819851],
            [-84.415678999564889, 38.213678000093914],
            [-84.415356000423017, 38.213449999734372],
            [-84.414978000131228, 38.213017999731719],
            [-84.414510000326089, 38.212700999998646],
            [-84.414096000049298, 38.212295999829223],
            [-84.413700000214178, 38.211948999829289],
            [-84.413374999625859, 38.211749000113102],
            [-84.412977999965818, 38.211559000120701],
            [-84.412617000290794, 38.211515999923556],
            [-84.412018000066098, 38.211426000183799],
            [-84.411458000199431, 38.211295999814247],
            [-84.411007000112733, 38.211164999744454],
            [-84.410554000376194, 38.211074000101355],
            [-84.410135000076536, 38.211132000352428],
            [-84.409827000104968, 38.211241999679352],
            [-84.40953599985184, 38.211340000312774],
            [-84.409210000336898, 38.211270000277146],
            [-84.408958000441828, 38.211151000132531],
            [-84.408237000018389, 38.210616999816629],
            [-84.407749999946674, 38.210318000025069],
            [-84.407243999608369, 38.2100859996781],
            [-84.40691999974328, 38.209826000272464],
            [-84.406632999688085, 38.209463999656336],
            [-84.406309999647902, 38.209205000347183],
            [-84.405928999881397, 38.209006999850324],
            [-84.40538699955809, 38.20887400019101],
            [-84.404910000430434, 38.208786999921458],
            [-84.404547000207273, 38.2088009999881],
            [-84.404203000250703, 38.208892999854683],
            [-84.403870999989678, 38.208871999780321],
            [-84.403738999745187, 38.208759999987066],
            [-84.403613000246807, 38.2084919998074],
            [-84.403439999994447, 38.208262999928287],
            [-84.40315200011436, 38.208130000321212],
            [-84.402747999883317, 38.208058000294507],
            [-84.402475999896751, 38.208038999706986],
            [-84.402168999750089, 38.207996000253736],
            [-84.401957000037982, 38.207996000253736],
            [-84.401847000433136, 38.207889000207068],
            [-84.403019999869883, 38.207472000213102],
            [-84.407727000380447, 38.205797000027346],
            [-84.412180000447805, 38.204211999718432],
            [-84.416538999905512, 38.202639999744306],
            [-84.420093999997405, 38.201395000245142],
            [-84.425146000289459, 38.199597000124449],
            [-84.426728999805036, 38.199033000140801],
            [-84.428857000016976, 38.198274999968106],
            [-84.428958000299303, 38.198239999677334],
            [-84.43560099960456, 38.1958749998523],
            [-84.436505000326108, 38.195554000155319],
            [-84.436824000168343, 38.195440000272136],
            [-84.43755300008938, 38.19518000009392],
            [-84.438041999810935, 38.195005999901397],
            [-84.438405000034081, 38.194877000257186],
            [-84.438933000113707, 38.194689000092936],
            [-84.439152000396803, 38.194610999897307],
            [-84.439186999658588, 38.194598000327275],
            [-84.439237999712219, 38.19458000015841],
            [-84.439328999948813, 38.194548000004161],
            [-84.439364999933829, 38.194534999716879],
            [-84.439841999959796, 38.194366000006767],
            [-84.4401370004109, 38.194260999801337],
            [-84.440298999894281, 38.194203000228114],
            [-84.440522000375353, 38.194123999810031],
            [-84.441145999816129, 38.193901000267495],
            [-84.441985000240351, 38.193603000009233],
            [-84.442484999832544, 38.193425000026572],
            [-84.443090999729961, 38.193208999875921],
            [-84.443703000373446, 38.19299099964956],
            [-84.443949000420758, 38.192904000167267],
            [-84.44506800032913, 38.192504999749531],
            [-84.445239999858273, 38.192444000308761],
            [-84.448233000433703, 38.191379999854668],
            [-84.451309999776385, 38.190284000185741],
            [-84.452062999986879, 38.190015999772228],
            [-84.453947999626266, 38.189347999960887],
            [-84.456332999756128, 38.188500000101783],
            [-84.457716999978402, 38.188007999761147],
            [-84.458833000412056, 38.187611000347083],
            [-84.460188000322006, 38.187128999749227],
            [-84.461168000313222, 38.186781000018613],
            [-84.462220000274456, 38.186407000094071],
            [-84.462386999780733, 38.186348000106214],
            [-84.476675999745282, 38.181270999987667],
            [-84.477286999665566, 38.181053999925304],
            [-84.479250999845959, 38.180356000294665],
            [-84.480886000138398, 38.17977499989933],
            [-84.480959999758227, 38.179748999698006],
            [-84.481097999850505, 38.179699999673524],
            [-84.481236999767674, 38.179649999715522],
            [-84.481328000004268, 38.179617000162203],
            [-84.481432999586247, 38.179578999673787],
            [-84.481647999671395, 38.179502000147053],
            [-84.481979000107529, 38.179385000141892],
            [-84.483273999743005, 38.178928000083864],
            [-84.483436000124712, 38.178870000305729],
            [-84.483561999623092, 38.178820999690181],
            [-84.483705999563156, 38.178764999652451],
            [-84.484343000321005, 38.178546999978529],
            [-84.484649999569356, 38.178436999979716],
            [-84.485338000380835, 38.178192999980212],
            [-84.486053999883083, 38.177938999923114],
            [-84.486388999618853, 38.177819999675187],
            [-84.486677000397265, 38.177710999918439],
            [-84.487017999980793, 38.177589000217623],
            [-84.487209999601404, 38.177522000005645],
            [-84.488555000363917, 38.177049999812532],
            [-84.488745000334731, 38.176982999811102],
            [-84.49994700001254, 38.1730589999014],
            [-84.507719999995146, 38.170284000060256],
            [-84.522773999865763, 38.164910999894303],
            [-84.524026999668465, 38.164463999860622],
            [-84.524659000403446, 38.164238000301552],
            [-84.525276999996422, 38.164016999911411],
            [-84.525461000119435, 38.163951000051661],
            [-84.529344000274392, 38.162564999790241],
            [-84.530050999555826, 38.162312999929718],
            [-84.531699000267054, 38.161724000017458],
            [-84.531853000252838, 38.161668999703608],
            [-84.532037000375851, 38.161603999985495],
            [-84.532270000004345, 38.161520000198784],
            [-84.534280000215517, 38.160784999702777],
            [-84.534532000110588, 38.160692999806038],
            [-84.534768999937043, 38.16060999983798],
            [-84.538989000375878, 38.159065999843023],
            [-84.538920999705525, 38.158877999797582],
            [-84.538697000297844, 38.158209999878046],
            [-84.538556999657445, 38.157790999698591],
            [-84.538262000104666, 38.156915000296038],
            [-84.535834000317067, 38.149676000335312],
            [-84.534861999823462, 38.146805000112742],
            [-84.533043000306336, 38.141364000017745],
            [-84.53274200000746, 38.140484999827308],
            [-84.532469000195988, 38.139684999820112],
            [-84.532208999904981, 38.138880999800634],
            [-84.531633000144794, 38.137137000077701],
            [-84.531551999953948, 38.136859999792371],
            [-84.531469999938182, 38.136550999682285],
            [-84.531361000158242, 38.136058000026296],
            [-84.531290999838035, 38.135697999828857],
            [-84.530724000298704, 38.132050000111803],
            [-84.529688000230962, 38.125240999975816],
            [-84.52963700017736, 38.124957000160229],
            [-84.529591999971515, 38.124623999653565],
            [-84.529540999917884, 38.124314000081107],
            [-84.529488000214442, 38.123946000243144],
            [-84.52943399978777, 38.123625000327351],
            [-84.529130999839055, 38.121630000210907],
            [-84.5288170000197, 38.119632999967422],
            [-84.528626000223994, 38.118289000111879],
            [-84.528482000283944, 38.117354999957556],
            [-84.528427999857286, 38.117057999886399],
            [-84.528401000093098, 38.116905000213592],
            [-84.528379000351777, 38.116759999964572],
            [-84.528360000085215, 38.116634999884312],
            [-84.528335999795772, 38.116477999791421],
            [-84.528001999884921, 38.114288999908268],
            [-84.52793400011285, 38.113807000092727],
            [-84.527841000226445, 38.11331400019909],
            [-84.527792999647559, 38.112981999710286],
            [-84.527668999799005, 38.112435000043618],
            [-84.527585000133399, 38.112114999826595],
            [-84.527524000034049, 38.111902000121972],
            [-84.527674999646777, 38.111671999776696],
            [-84.528139000152279, 38.110873000047754],
            [-84.533978000091707, 38.112494999884049],
            [-84.532373999761433, 38.115219000093603],
            [-84.538329000051817, 38.116815000214785],
            [-84.541202000078329, 38.110946000112399],
            [-84.541228999842502, 38.110890000253278],
            [-84.541105999818853, 38.110840999899558],
            [-84.541164000443487, 38.110741000229659],
            [-84.543873000438481, 38.105706000330585],
            [-84.543752000064643, 38.105712000162683],
            [-84.543516000063093, 38.105829999824174],
            [-84.543246999551258, 38.105929999855327],
            [-84.543132999748451, 38.105933999966815],
            [-84.542890000074195, 38.105902999980557],
            [-84.542840999670389, 38.105914000113984],
            [-84.542786000317136, 38.105960000332772],
            [-84.542735000263491, 38.105988999887259],
            [-84.542556999988278, 38.10593999978019],
            [-84.542479000170459, 38.105932999762217],
            [-84.542170000373972, 38.105987000186424],
            [-84.541816000371654, 38.106015999730189],
            [-84.541104999993948, 38.106042000066971],
            [-84.540800000395407, 38.106065999989013],
            [-84.540744000318924, 38.106070000093048],
            [-84.540392999791322, 38.106088999700717],
            [-84.540042999986952, 38.106134999809321],
            [-84.539807999810321, 38.106148999805882],
            [-84.539525999778007, 38.10613799970784],
            [-84.539161999729941, 38.106085999800236],
            [-84.539068000018617, 38.106079999998798],
            [-84.538884999720509, 38.106067000191786],
            [-84.538648999718944, 38.106023999943559],
            [-84.538361999663763, 38.105928000152893],
            [-84.538262999929572, 38.105898999867378],
            [-84.537261000197049, 38.105560000258002],
            [-84.537513000092133, 38.105042000077077],
            [-84.537616999849192, 38.104830999979562],
            [-84.538616999931904, 38.102810999819567],
            [-84.538802999704743, 38.102394000118245],
            [-84.539082000262312, 38.101844000263043],
            [-84.53947100042474, 38.101065000259844],
            [-84.539565000136065, 38.100858999943981],
            [-84.539663000045365, 38.100575000031895],
            [-84.5397710000004, 38.100218000321441],
            [-84.539820000404191, 38.100060000001719],
            [-84.539878000130528, 38.099841999760329],
            [-84.539935999856837, 38.099609000158139],
            [-84.540010000374991, 38.09924199983638],
            [-84.540074999774006, 38.098752000108519],
            [-84.540106999561061, 38.098421000195941],
            [-84.540108000284278, 38.098004000183764],
            [-84.540109999934103, 38.097394999949344],
            [-84.540115999781889, 38.097020000034952],
            [-84.54013400022356, 38.096411999711748],
            [-84.540114000132064, 38.095873000306888],
            [-84.540089000017716, 38.095583999787678],
            [-84.540051000382874, 38.0952369997067],
            [-84.540020000420739, 38.095016999922507],
            [-84.539919000138397, 38.09450799965073],
            [-84.539842000145512, 38.09412300034893],
            [-84.539751999733838, 38.093819999744049],
            [-84.539611000166829, 38.093284999701531],
            [-84.539529999975969, 38.092937000341536],
            [-84.539331999609246, 38.09248200023108],
            [-84.538204000378357, 38.092600999728617],
            [-84.538170000043166, 38.09248200023108],
            [-84.53806799993589, 38.092272999997036],
            [-84.537944000087336, 38.092065000266778],
            [-84.537809000368142, 38.091856000254332],
            [-84.53770700026088, 38.091691999961427],
            [-84.537627999719845, 38.091636000190988],
            [-84.537419000380794, 38.091781999805612],
            [-84.537243999580298, 38.091918000114028],
            [-84.536815999958122, 38.092126999949194],
            [-84.536205999862759, 38.092425999651894],
            [-84.53608200001419, 38.092560999788404],
            [-84.535974999884075, 38.09274199973202],
            [-84.535907000112019, 38.092848999858965],
            [-84.535625000079719, 38.093085999912809],
            [-84.535218000373931, 38.093412999861947],
            [-84.534592000385032, 38.093934000168034],
            [-84.53447500020917, 38.093844999808844],
            [-84.533763000006559, 38.09326600029933],
            [-84.533176000375718, 38.092670000245654],
            [-84.533742000090157, 38.092282999670019],
            [-84.534441999698899, 38.091884000060638],
            [-84.5353919995529, 38.091325999877704],
            [-84.535779000065489, 38.091078000235811],
            [-84.536820000156084, 38.090486000266324],
            [-84.537292000159184, 38.090166999776997],
            [-84.537543000229348, 38.089995000090184],
            [-84.537841000155197, 38.08979899969065],
            [-84.538437999831757, 38.089353999916653],
            [-84.539097000330926, 38.088814000342055],
            [-84.539417999822973, 38.088504000080157],
            [-84.539694000007501, 38.088256000055402],
            [-84.539827999901803, 38.088128999796801],
            [-84.539908000267744, 38.088054000074933],
            [-84.540099000063449, 38.087802000247777],
            [-84.540335999889919, 38.087502000263633],
            [-84.54070199958781, 38.087050999990765],
            [-84.54109599977312, 38.086449000169701],
            [-84.541330000124844, 38.086098000067501],
            [-84.541792000082197, 38.086323999839031],
            [-84.542296999697285, 38.086545999860483],
            [-84.542593999798186, 38.08668599976307],
            [-84.542827000325005, 38.086785000072723],
            [-84.542900000119928, 38.086808999956197],
            [-84.54301899994563, 38.086837000281633],
            [-84.543152999839933, 38.086856999699528],
            [-84.543499000344653, 38.086878000284372],
            [-84.543670999873783, 38.086916000283573],
            [-84.543735000346203, 38.086935999679795],
            [-84.543808999966046, 38.086964999713778],
            [-84.543954999555922, 38.087010000085101],
            [-84.544311999931281, 38.087065999864286],
            [-84.544423000259371, 38.087096000309145],
            [-84.544552000130807, 38.087143999863983],
            [-84.544671999781414, 38.087201000001528],
            [-84.544367000182874, 38.087710999998514],
            [-84.544301000060656, 38.087806999683224],
            [-84.544302999710467, 38.087875999776486],
            [-84.54434399971835, 38.087924000233272],
            [-84.544445999825584, 38.087982000212925],
            [-84.544585999567687, 38.08804200033854],
            [-84.544728999682832, 38.088095999843787],
            [-84.545251999739534, 38.088256999794915],
            [-84.546242999601418, 38.088568000132433],
            [-84.54656300016687, 38.088666000280647],
            [-84.546820999909727, 38.088780999991279],
            [-84.546912000146321, 38.088836000096265],
            [-84.547153999995658, 38.089071000271794],
            [-84.547487999906508, 38.088855999674323],
            [-84.547783000357597, 38.08863400030441],
            [-84.547835000236134, 38.088592999872532],
            [-84.548103000024724, 38.088471000296465],
            [-84.548219000375695, 38.088410999815977],
            [-84.548380999859091, 38.088323000247669],
            [-84.548708999922155, 38.088147999827243],
            [-84.548840000341713, 38.088076999799846],
            [-84.548735999686329, 38.087933000050292],
            [-84.548729999838557, 38.087916000159339],
            [-84.548657000043605, 38.087708000050526],
            [-84.548592999571198, 38.087429999858017],
            [-84.548588000446628, 38.087332999926097],
            [-84.548710999571966, 38.087218999812464],
            [-84.548746999556968, 38.08712900000652],
            [-84.548744999907157, 38.086876000060556],
            [-84.548708000097236, 38.086856999699528],
            [-84.548477999943472, 38.086853999716489],
            [-84.548349000072037, 38.08671499989623],
            [-84.548253999637481, 38.086572999817115],
            [-84.548238999568866, 38.086384999676426],
            [-84.548210999979773, 38.086204000253858],
            [-84.548171999621715, 38.086071999704849],
            [-84.548129999788927, 38.085929000019597],
            [-84.548073999712429, 38.085767999890898],
            [-84.547944000016088, 38.085503999808388],
            [-84.547831999863092, 38.08534000011268],
            [-84.547723999908058, 38.085251999675918],
            [-84.547673999679347, 38.085234000087766],
            [-84.547574999945141, 38.085198000191099],
            [-84.547431000005105, 38.085172999997077],
            [-84.547371999555565, 38.085121000018681],
            [-84.547311000354497, 38.085033999808978],
            [-84.547191999630499, 38.084866999701489],
            [-84.547088999698346, 38.084743999776393],
            [-84.546896000252815, 38.084638000301517],
            [-84.546692999863211, 38.084474999868583],
            [-84.546568000189737, 38.084366999711285],
            [-84.547591999663581, 38.083390999670158],
            [-84.547856999977455, 38.083138000223101],
            [-84.547944999840993, 38.083061000002381],
            [-84.548522000324411, 38.082614999700276],
            [-84.547579000143102, 38.081870000274918],
            [-84.547508999822909, 38.081814999878873],
            [-84.546281999959461, 38.080881000091082],
            [-84.546208000339632, 38.080823999975948],
            [-84.546092999813581, 38.080735999760584],
            [-84.545265999983243, 38.08013599996908],
            [-84.546117000103038, 38.079527000060644],
            [-84.547749000022421, 38.078358000126521],
            [-84.5484389995854, 38.077867999698313],
            [-84.55042500040544, 38.076454999958187],
            [-84.551771000094533, 38.075366000087243],
            [-84.552016000316925, 38.075196999984307],
            [-84.552281999557408, 38.075035000347611],
            [-84.552376999991949, 38.074985999993928],
            [-84.552510999886252, 38.074916999757761],
            [-84.552715000100747, 38.074811000180233],
            [-84.553278000340455, 38.074477000266597],
            [-84.553397000166143, 38.074392999908547],
            [-84.553493000425604, 38.074308000230971],
            [-84.553620999573809, 38.074186000154988],
            [-84.556209999918195, 38.071470000328986],
            [-84.55647400040715, 38.071209000167379],
            [-84.55678900005141, 38.070864000321173],
            [-84.556916000273034, 38.070682999960184],
            [-84.557055000190218, 38.070427999719193],
            [-84.55715200027457, 38.07006499993939],
            [-84.557309999560005, 38.0698170003146],
            [-84.557419000238269, 38.06968999985331],
            [-84.557608000384164, 38.069514000102437],
            [-84.557872999799713, 38.069346999911154],
            [-84.558260000312316, 38.069035999855842],
            [-84.558393000381699, 38.068945000296821],
            [-84.558580999804363, 38.068727999912419],
            [-84.558848999592968, 38.068386999725313],
            [-84.5623560000043, 38.061942000267138],
            [-84.563532999638994, 38.059779999840451],
            [-84.563736000028598, 38.059417999701857],
            [-84.563752999747024, 38.059344999802789]
          ]
        ]
      },
      "properties": {
        "AREALAND": "4721099203",
        "AREAWATER": "59300255",
        "BASENAME": "27",
        "CENTLAT": "+38.3562513",
        "CENTLON": "-083.9389568",
        "FUNCSTAT": "N",
        "GEOID": "21027",
        "HU100": null,
        "INTPTLAT": "+38.3531367",
        "INTPTLON": "-083.9172386",
        "LDTYP": "O",
        "LSADC": "LU",
        "LSY": "2024",
        "MTFCC": "G5210",
        "NAME": "State Senate District 27",
        "OBJECTID": 1903,
        "OID": "2129035951825436",
        "POP100": null,
        "SLDU": "027",
        "STATE": "21"
      }
    }
  ]
}
