{
  "type": "FeatureCollection",
  "features": [
    {
      "type": "Feature",
      "id": 278,
      "geometry": {
        "type": "Polygon",
        "coordinates": [
          [
            [-97.080615000019435, 32.68039299993184],
            [-97.080625999890088, 32.679147000065406],
            [-97.080609999996568, 32.679010999938114],
            [-97.080457999660609, 32.678357000103041],
            [-97.080269000413026, 32.67770800030906],
            [-97.07736899972403, 32.677672999765569],
            [-97.077107999608117, 32.677674000126935],
            [-97.076586000274631, 32.67767499973219],
            [-97.075884999942659, 32.67767499973219],
            [-97.071706000410003, 32.677607999692029],
            [-97.070364000020533, 32.677588000008825],
            [-97.069882999796604, 32.67758000013432],
            [-97.068050000035768, 32.677563000020534],
            [-97.067429999894671, 32.677563000020534],
            [-97.066582999972823, 32.677561999657932],
            [-97.066280999849027, 32.677559999688775],
            [-97.065484999980839, 32.677543000327312],
            [-97.064304000148169, 32.677507999719126],
            [-97.063966000039358, 32.677507999719126],
            [-97.063201000133276, 32.677497000259741],
            [-97.062822999841529, 32.677493000318435],
            [-97.062764000290287, 32.677491999955059],
            [-97.062764000290287, 32.677420000225084],
            [-97.062764000290287, 32.677304000243993],
            [-97.06276199974215, 32.67720199995366],
            [-97.06276199974215, 32.677145000207688],
            [-97.062760000092339, 32.676827999656872],
            [-97.062756999719269, 32.676330000352856],
            [-97.06282200001661, 32.674535999659923],
            [-97.062825000389665, 32.673835999891651],
            [-97.062826000214571, 32.673648000047926],
            [-97.062817999818648, 32.673420000092761],
            [-97.062822999841529, 32.672446999862927],
            [-97.062813999620687, 32.671468999737172],
            [-97.062842000108091, 32.670023000209085],
            [-97.062866000397534, 32.668782000168555],
            [-97.062868999872279, 32.668384000340588],
            [-97.062867000222454, 32.668092000084172],
            [-97.063302000415632, 32.668089999903039],
            [-97.063304999890363, 32.667963999743478],
            [-97.063304999890363, 32.667952000151139],
            [-97.063314000111205, 32.667609000030957],
            [-97.06331099973815, 32.666993999768593],
            [-97.063323000332019, 32.66551700012711],
            [-97.063338000400648, 32.663761000109261],
            [-97.0633280003549, 32.662928000277233],
            [-97.063321999608803, 32.662494999650043],
            [-97.063314000111205, 32.661853000327639],
            [-97.063292000369898, 32.661564000019254],
            [-97.063285999623801, 32.66147100025772],
            [-97.063277000301269, 32.661372000161286],
            [-97.063216000201905, 32.660753000150585],
            [-97.063136999660884, 32.660249000175611],
            [-97.062868999872279, 32.658941999924295],
            [-97.062852000153839, 32.658587999738117],
            [-97.062780000183821, 32.657942000275824],
            [-97.062694999794999, 32.657126999968696],
            [-97.062616999977195, 32.656198000084217],
            [-97.062577999619123, 32.655308000043512],
            [-97.062509000022146, 32.654737999688599],
            [-97.062432000029261, 32.653784000102988],
            [-97.062370000104977, 32.65298400019816],
            [-97.062317000401549, 32.652663999744604],
            [-97.062293999937012, 32.652507000261394],
            [-97.062274999670436, 32.652230000183053],
            [-97.062279999693288, 32.651639999673115],
            [-97.062299999784798, 32.65137500024094],
            [-97.062345999815548, 32.651186000137628],
            [-97.062432000029261, 32.650961000069962],
            [-97.062453999770568, 32.650916999741781],
            [-97.06255599987783, 32.650697000045213],
            [-97.062797999727152, 32.650341999823169],
            [-97.062992999720848, 32.650090999876703],
            [-97.063190000262651, 32.649854000326172],
            [-97.063320999783883, 32.649719000157731],
            [-97.06346600044715, 32.64951799978148],
            [-97.06358199989981, 32.649299000347412],
            [-97.06370300027362, 32.649046999816868],
            [-97.063780000266505, 32.64881300030914],
            [-97.063815000426629, 32.648639999723414],
            [-97.063859999734149, 32.648417999854324],
            [-97.064008999697066, 32.648356000235339],
            [-97.064171999903692, 32.648347000079724],
            [-97.06417500027672, 32.648206000296248],
            [-97.063975000260186, 32.648024999797748],
            [-97.063955999993624, 32.647902999848434],
            [-97.063913000335916, 32.647704999750019],
            [-97.063877000350899, 32.647573999887079],
            [-97.063837999992842, 32.647431999697687],
            [-97.063776000068543, 32.647160000271313],
            [-97.063702000448728, 32.646750000056414],
            [-97.063658999892695, 32.646436999667671],
            [-97.063629999580371, 32.646131000159436],
            [-97.063622999907679, 32.646061000040739],
            [-97.063607000014159, 32.645738999847993],
            [-97.063602999816197, 32.645461999983183],
            [-97.063633999778332, 32.644771999904606],
            [-97.06376600002281, 32.643493999965052],
            [-97.063771999870596, 32.643403000293908],
            [-97.063831000320135, 32.642768999990494],
            [-97.063889000046444, 32.642224999934825],
            [-97.06397299971205, 32.641736000010255],
            [-97.064048000055124, 32.641304999642315],
            [-97.064258000117405, 32.640151000242881],
            [-97.064401000232522, 32.639336999688361],
            [-97.064654999777431, 32.638228999741763],
            [-97.065228999887793, 32.637957000316817],
            [-97.065002000107071, 32.637615000144372],
            [-97.065057000358664, 32.63740700016541],
            [-97.065529000361764, 32.636416000080359],
            [-97.065675999776545, 32.635516999907971],
            [-97.066066999588784, 32.635505999819578],
            [-97.065823000089637, 32.635132999874671],
            [-97.06562700027105, 32.634833000025772],
            [-97.06564499981441, 32.634572000314868],
            [-97.065650999662196, 32.634498999963803],
            [-97.065818000066756, 32.633413999901521],
            [-97.066304000313565, 32.632294000141975],
            [-97.066320000207099, 32.632258999970858],
            [-97.066979999632863, 32.631189999714429],
            [-97.067338999658048, 32.630738999651157],
            [-97.067372000168334, 32.630698000357995],
            [-97.07026399956311, 32.626969000011975],
            [-97.070545999595424, 32.626663999906206],
            [-97.070596999649027, 32.626597999634889],
            [-97.07040300037859, 32.626549000055391],
            [-97.069974999858118, 32.626447000103525],
            [-97.069881000146779, 32.626250999780751],
            [-97.069780999689343, 32.626073000042084],
            [-97.069739999681474, 32.626000999749721],
            [-97.069625000053747, 32.625713999700473],
            [-97.069353000067181, 32.625577999983157],
            [-97.069127000111365, 32.625248000188272],
            [-97.068770999560911, 32.624704999714076],
            [-97.06854200013035, 32.624374000282153],
            [-97.068311999976572, 32.623913000121746],
            [-97.068014000050752, 32.623254000113747],
            [-97.067971000393044, 32.623156999751124],
            [-97.06777100037651, 32.622669999703795],
            [-97.06748900034421, 32.622010000152656],
            [-97.066941000173117, 32.620762000095574],
            [-97.066743999631313, 32.620400999903083],
            [-97.066084000205549, 32.61940399985545],
            [-97.065744000446912, 32.618878999681904],
            [-97.065067000404397, 32.6178289999349],
            [-97.063923000381649, 32.616063999855413],
            [-97.063909000137954, 32.616009000307812],
            [-97.063187999714501, 32.614977999962818],
            [-97.062688999947198, 32.614219999930079],
            [-97.062325999724038, 32.61361700031155],
            [-97.061324999816449, 32.612175000338084],
            [-97.058303999651926, 32.609107999835317],
            [-97.057551000339743, 32.608317000365808],
            [-97.057272999607079, 32.608083000276224],
            [-97.056254999981022, 32.607661000231388],
            [-97.054386000235183, 32.606091000100157],
            [-97.054218999830596, 32.605974999901001],
            [-97.053284000045224, 32.60460699971064],
            [-97.053072000333117, 32.604321000368188],
            [-97.052868000118622, 32.604019000065996],
            [-97.052706999561835, 32.603785999773585],
            [-97.052505999720381, 32.603493000065598],
            [-97.051643999729933, 32.60219599993345],
            [-97.051151999635337, 32.601455000141037],
            [-97.050448999653554, 32.600414999813204],
            [-97.049282999889485, 32.598690999698825],
            [-97.049009000253108, 32.598289999811279],
            [-97.047683999582077, 32.596344999794518],
            [-97.046081999799924, 32.593958000302216],
            [-97.045814000011319, 32.593541000020217],
            [-97.04553600017698, 32.593109999931038],
            [-97.045166000281128, 32.592554000169542],
            [-97.045086999740093, 32.592437999849764],
            [-97.045352000053967, 32.59235099970055],
            [-97.045425999673796, 32.592329000267107],
            [-97.045559999568098, 32.592283000264608],
            [-97.045700000208512, 32.592244000375651],
            [-97.045838000300762, 32.592207000077131],
            [-97.045977000217945, 32.592171000324278],
            [-97.046116000135129, 32.592138999775067],
            [-97.046255999877204, 32.592109000337686],
            [-97.046300000258142, 32.592099999823368],
            [-97.046397000342509, 32.592079999938619],
            [-97.046538999734423, 32.592052999897888],
            [-97.046681000024634, 32.592028000217361],
            [-97.046823000314859, 32.592006999753714],
            [-97.04696600042999, 32.59198699984821],
            [-97.047108999646809, 32.591969000307849],
            [-97.04725299958686, 32.591951999813574],
            [-97.047397000425221, 32.591939000056755],
            [-97.047541000365257, 32.59192700010486],
            [-97.047685000305307, 32.59191800032908],
            [-97.047829000245343, 32.591910000359498],
            [-97.048056000026065, 32.591900000018043],
            [-97.048155999585177, 32.591896000032527],
            [-97.048305000446405, 32.591887000253628],
            [-97.048452999686106, 32.591879000281267],
            [-97.048600999824103, 32.591865999756948],
            [-97.048748000137195, 32.591852000179983],
            [-97.04889499955199, 32.591836000228255],
            [-97.049041999865082, 32.591817000092675],
            [-97.04918900017816, 32.591797000144702],
            [-97.049334999768035, 32.591774000009899],
            [-97.049480000431302, 32.591749000251497],
            [-97.049625000196258, 32.591721000301945],
            [-97.049687999945448, 32.591709000320861],
            [-97.049769000136294, 32.591691999777268],
            [-97.049913000076344, 32.591660999623649],
            [-97.050056000191489, 32.591627000028758],
            [-97.050199000306606, 32.591591999853563],
            [-97.0503399998736, 32.591554000231731],
            [-97.050417999691419, 32.591531999845763],
            [-97.050688999853065, 32.591450999960799],
            [-97.051000000197689, 32.591354999778019],
            [-97.051213999559636, 32.591276000118079],
            [-97.051406999903477, 32.591199999833499],
            [-97.051596999874263, 32.591124000241287],
            [-97.051797999715717, 32.591037000330218],
            [-97.051981000013811, 32.590951999970173],
            [-97.052143000395532, 32.590868000105004],
            [-97.052325999795329, 32.590773999694044],
            [-97.052365999978292, 32.590751000053508],
            [-97.05246800008554, 32.59069699992002],
            [-97.052623999721149, 32.590607999951331],
            [-97.052796000148604, 32.59050400028422],
            [-97.052935000065773, 32.590418000351804],
            [-97.053165000219551, 32.590264999951323],
            [-97.053467000343332, 32.590082999758053],
            [-97.053580000321233, 32.590018000356352],
            [-97.054233999899225, 32.589614999834623],
            [-97.054392999907876, 32.589512000362774],
            [-97.054639999780093, 32.589358999929381],
            [-97.055218000088402, 32.589045000324298],
            [-97.055630999641949, 32.588824999902258],
            [-97.056112999690811, 32.588585999633359],
            [-97.056586000417127, 32.58836899989501],
            [-97.056856999680477, 32.58824499991676],
            [-97.05716300000222, 32.588109000060761],
            [-97.05748000019463, 32.587978000009926],
            [-97.057800999686677, 32.58783699972971],
            [-97.057997000403589, 32.587747000095106],
            [-97.058313999697674, 32.587577999721397],
            [-97.058645999958685, 32.587391999940451],
            [-97.059235000137662, 32.587023000319221],
            [-97.059759999844204, 32.586686000172804],
            [-97.060036999853637, 32.586511999976331],
            [-97.060283999725854, 32.586346999778129],
            [-97.060545999666672, 32.586193999997313],
            [-97.060717000269207, 32.586081000144929],
            [-97.061164000157945, 32.585707000287236],
            [-97.061426999923697, 32.585436000115585],
            [-97.061498999893715, 32.585360000177317],
            [-97.061571999688653, 32.585285000055521],
            [-97.061539000076678, 32.585234000058009],
            [-97.061339000060144, 32.584981000160681],
            [-97.060133000113126, 32.583066999787256],
            [-97.059440000177077, 32.581989000371841],
            [-97.058931000364041, 32.581197999913854],
            [-97.058716000278892, 32.580851999690857],
            [-97.058647999608496, 32.580756000267407],
            [-97.058592000430323, 32.580645000238235],
            [-97.058380999644825, 32.580217999956382],
            [-97.058107000008434, 32.579628000099525],
            [-97.057807000432774, 32.578980999914315],
            [-97.057768000074731, 32.578903999850525],
            [-97.057624999959586, 32.578651000256571],
            [-97.057507999783724, 32.578469999905593],
            [-97.057383000110249, 32.578276999680888],
            [-97.057214000055851, 32.578040999939759],
            [-97.056023000177447, 32.576269000287056],
            [-97.055861999620646, 32.57602999985059],
            [-97.055684000243716, 32.575770999795445],
            [-97.055406000409377, 32.575364000360302],
            [-97.055261999571016, 32.575167000288303],
            [-97.055125000201997, 32.57501300035721],
            [-97.054915999964606, 32.574831000235285],
            [-97.054757999780875, 32.574709999696083],
            [-97.054742999712261, 32.574698999707756],
            [-97.053787999835379, 32.573968999739627],
            [-97.053677000405628, 32.573869999735408],
            [-97.053612000108288, 32.573792999824782],
            [-97.053546999810976, 32.573720999897688],
            [-97.053500999780212, 32.573638999805219],
            [-97.05344700025185, 32.57345699992284],
            [-97.053442000228969, 32.573440999715864],
            [-97.0534299996351, 32.573287999863552],
            [-97.053422999962407, 32.571758999885951],
            [-97.053426000335449, 32.571496000226581],
            [-97.053436000381197, 32.571050000290654],
            [-97.053432000183236, 32.569963999824978],
            [-97.053412999916674, 32.56894500030819],
            [-97.053408999718684, 32.567978999962321],
            [-97.0533950003733, 32.567262000114965],
            [-97.053400000396181, 32.566497000049822],
            [-97.053392999825164, 32.566236000289642],
            [-97.053392999825164, 32.565090999649634],
            [-97.053391000175353, 32.563974999952116],
            [-97.053385000327566, 32.563657000297233],
            [-97.053383999604335, 32.563607000234683],
            [-97.053375000281832, 32.563046000075381],
            [-97.053247000235316, 32.563044999946456],
            [-97.053177999740029, 32.563111000103476],
            [-97.053113000341014, 32.563190000353785],
            [-97.053077000355998, 32.563200000112147],
            [-97.053047000218768, 32.563201000239367],
            [-97.052906999578369, 32.563173999829488],
            [-97.052841000354434, 32.563170000076575],
            [-97.052702000437279, 32.563184999717095],
            [-97.052617999873377, 32.563200000112147],
            [-97.052538000405733, 32.563226999757077],
            [-97.052475999583137, 32.563259000026726],
            [-97.052328000343465, 32.563351999633568],
            [-97.052261000396314, 32.563386000108927],
            [-97.052191000076107, 32.563410000080374],
            [-97.05198299966365, 32.563463999992763],
            [-97.051733000316688, 32.563509999640132],
            [-97.051621999988626, 32.563517999872651],
            [-97.051488000094324, 32.563536999948873],
            [-97.051437999865612, 32.563539000195703],
            [-97.051379000314384, 32.563548999915191],
            [-97.051298999948429, 32.563546999668574],
            [-97.050974000258421, 32.563501000040176],
            [-97.0504229997143, 32.563309999652105],
            [-97.050354000117323, 32.563249000274872],
            [-97.049894999634674, 32.563087000052036],
            [-97.049574000142627, 32.5630130003576],
            [-97.049540999632356, 32.562866000159531],
            [-97.049467999837418, 32.562869999926065],
            [-97.049430000202591, 32.562901000192504],
            [-97.04937999997388, 32.562958000043857],
            [-97.049360999707304, 32.563058000107418],
            [-97.049297999958114, 32.563069000009179],
            [-97.049020999948681, 32.563046000075381],
            [-97.048958000199491, 32.562730999796337],
            [-97.048831999802786, 32.562616999768942],
            [-97.048819000282307, 32.562554999786151],
            [-97.048824000305189, 32.56252300002253],
            [-97.048829000328041, 32.562497000300837],
            [-97.048824000305189, 32.562467000030132],
            [-97.048815999909266, 32.562402999671583],
            [-97.048808000411654, 32.562332999960574],
            [-97.048800999840651, 32.562277999987096],
            [-97.04879699964269, 32.562213000112621],
            [-97.048785999772036, 32.562172999875301],
            [-97.048742000289423, 32.562035999703234],
            [-97.048723000022846, 32.562026999955428],
            [-97.048717999999965, 32.561993999862835],
            [-97.048707999954217, 32.5619790000232],
            [-97.048709999604057, 32.561927999641249],
            [-97.04868799986275, 32.561917000356715],
            [-97.048683999664789, 32.561906999698223],
            [-97.04868700003783, 32.561874000318568],
            [-97.048668999596174, 32.561844999981922],
            [-97.048639000357255, 32.561808000008696],
            [-97.048637999634025, 32.561774999835556],
            [-97.048627999588277, 32.561747999753734],
            [-97.048611999694771, 32.561717999989717],
            [-97.048610000044945, 32.561669999892175],
            [-97.048574999884835, 32.561590999817732],
            [-97.04849899971687, 32.561428999629626],
            [-97.048436999792571, 32.561312999922762],
            [-97.048398000332838, 32.56124999964706],
            [-97.04838800028709, 32.561243000118473],
            [-97.048352000302074, 32.561217000025813],
            [-97.048317000141978, 32.561189999776005],
            [-97.048287000004763, 32.561169999810097],
            [-97.048230000103345, 32.561137000159434],
            [-97.04819900014121, 32.561101000044872],
            [-97.047405999747738, 32.560509999947776],
            [-97.046980999600294, 32.560325000205069],
            [-97.046915000376373, 32.560284999883116],
            [-97.046881999866088, 32.56025400022709],
            [-97.046840999858205, 32.560138999919559],
            [-97.046824999964684, 32.560061000173604],
            [-97.046813000269111, 32.560054999957337],
            [-97.046803000223377, 32.56003300017057],
            [-97.046800999675241, 32.560015000272145],
            [-97.04680999989607, 32.560001000264549],
            [-97.046820999766723, 32.559993999881392],
            [-97.046833000360607, 32.559986000091797],
            [-97.0468609999497, 32.559970999916473],
            [-97.046881000041182, 32.559946999782198],
            [-97.046886999888955, 32.559919999907365],
            [-97.046893999561661, 32.559912000111169],
            [-97.046902999782489, 32.559900999822361],
            [-97.046932000094813, 32.55987200036224],
            [-97.046973000102682, 32.559834000167818],
            [-97.046997000392139, 32.559803000355977],
            [-97.047021999608177, 32.559766999706184],
            [-97.04703500002698, 32.559734999705292],
            [-97.047039000224927, 32.559715000172211],
            [-97.047071999836888, 32.559670000260006],
            [-97.047101999974132, 32.559622999991035],
            [-97.047090000278558, 32.559543000217737],
            [-97.047082999707555, 32.559481999793732],
            [-97.047081999882636, 32.559437999933785],
            [-97.047082999707555, 32.559377000195532],
            [-97.047091000103478, 32.559342000302166],
            [-97.047103999623943, 32.559314000074785],
            [-97.047122000065613, 32.559283000083276],
            [-97.047142999982, 32.559267999790443],
            [-97.047183000164964, 32.55923900012575],
            [-97.047250999937035, 32.55919299980296],
            [-97.047290000295092, 32.559169000217736],
            [-97.047301999990665, 32.559155000078142],
            [-97.047328999754839, 32.559144999868934],
            [-97.047462999649127, 32.55909800008213],
            [-97.047474000418106, 32.559094000147503],
            [-97.047516000250894, 32.559064999669431],
            [-97.04753499961916, 32.559051999687064],
            [-97.047554999710655, 32.559026999890392],
            [-97.047567000304539, 32.559012999728651],
            [-97.047580999649924, 32.558985000155737],
            [-97.047580999649924, 32.55896300010663],
            [-97.047579999825004, 32.558954000050576],
            [-97.047579999825004, 32.558938999702747],
            [-97.047584000022965, 32.558917999817304],
            [-97.047590999695657, 32.558896999926887],
            [-97.047599999916486, 32.558890000214745],
            [-97.04761599981002, 32.558887999864218],
            [-97.04762800040389, 32.558876000031617],
            [-97.047645999947235, 32.558847000240242],
            [-97.047650999970116, 32.558822999805322],
            [-97.047660000190945, 32.558804000245182],
            [-97.047664000388906, 32.558795000173127],
            [-97.047676000084479, 32.558786000100234],
            [-97.047676000084479, 32.558766999775102],
            [-97.047687999780024, 32.558766999775102],
            [-97.047687999780024, 32.558748000203039],
            [-97.047700000373922, 32.558728999869871],
            [-97.047712000069495, 32.558719999790313],
            [-97.047734999635708, 32.558681999865172],
            [-97.047758999925136, 32.558625999746965],
            [-97.047784000039513, 32.558590000139191],
            [-97.047811999628593, 32.558562999856036],
            [-97.047815000001648, 32.558548000200041],
            [-97.047840000115997, 32.558527999645179],
            [-97.047877999750852, 32.558519000302653],
            [-97.047983000231142, 32.558460999722612],
            [-97.048051999828104, 32.558435000338136],
            [-97.048114999577308, 32.5584019996816],
            [-97.048146000437754, 32.558401000258058],
            [-97.048165999630925, 32.55838599981778],
            [-97.048227999555195, 32.558367000165113],
            [-97.048266000088361, 32.558343000358917],
            [-97.048291000202724, 32.558342000177554],
            [-97.048318999791817, 32.558338000209233],
            [-97.04838699956386, 32.558322000333987],
            [-97.048427999571757, 32.558318000364721],
            [-97.048446000013413, 32.558312000031961],
            [-97.048457999708972, 32.558312000031961],
            [-97.048492000044163, 32.558297999758658],
            [-97.048508999762603, 32.558294999970215],
            [-97.048538999899833, 32.558290999999727],
            [-97.048558000166409, 32.558288000211093],
            [-97.048630000136413, 32.558264999808841],
            [-97.048649000402989, 32.558251999710563],
            [-97.04867000031939, 32.558244999948123],
            [-97.048722000197927, 32.558247000312981],
            [-97.048769000053596, 32.558234000212089],
            [-97.048788000320172, 32.558229000056301],
            [-97.048805000038612, 32.55821800031832],
            [-97.048841000023629, 32.55820000005582],
            [-97.048857999742069, 32.558198999872864],
            [-97.048948000153743, 32.558189000314279],
            [-97.048996999659224, 32.558180000180606],
            [-97.049017999575625, 32.558169999862756],
            [-97.049072000002298, 32.558153999957561],
            [-97.049123999880848, 32.558144999820364],
            [-97.049164999888717, 32.55812200013861],
            [-97.049215000117428, 32.558101000061967],
            [-97.049227999637907, 32.558098000266931],
            [-97.049256999950217, 32.558101000061967],
            [-97.049302999980995, 32.558095999898754],
            [-97.049323999897382, 32.558086000328693],
            [-97.049352000384786, 32.558066999855349],
            [-97.049401999715187, 32.558065000243623],
            [-97.049415000133976, 32.558058999893902],
            [-97.049451000118992, 32.558041000356653],
            [-97.049535999609475, 32.557992000378306],
            [-97.049558000249107, 32.557976999869659],
            [-97.049566999571624, 32.557951999773493],
            [-97.049583000363455, 32.557931999843007],
            [-97.049604000279857, 32.557898000329445],
            [-97.049624000371352, 32.557865000232603],
            [-97.049635000242006, 32.557857000253144],
            [-97.049660000356354, 32.55783399974046],
            [-97.049684999572406, 32.557832000123561],
            [-97.049707000212024, 32.55781399978369],
            [-97.049734999801132, 32.55781399978369],
            [-97.049752000417882, 32.557808000174326],
            [-97.049785000029829, 32.55779500000984],
            [-97.049802999573174, 32.557776999662494],
            [-97.049831999885484, 32.557777999850146],
            [-97.049858999649658, 32.55776800024465],
            [-97.049858999649658, 32.55775299969855],
            [-97.049870000418636, 32.557751000079833],
            [-97.049886000312171, 32.5577600002566],
            [-97.0499010003808, 32.557755000074387],
            [-97.049923999947012, 32.557733999911868],
            [-97.049935999642571, 32.55773200029271],
            [-97.049955999734053, 32.557719000117231],
            [-97.04996300030507, 32.557704000320093],
            [-97.049975000000615, 32.557697999946228],
            [-97.050004000312939, 32.557688000331808],
            [-97.050046999970647, 32.557659000156498],
            [-97.050099999674103, 32.557629999971809],
            [-97.050137000382321, 32.557624999782419],
            [-97.050159999948548, 32.55761600034927],
            [-97.050188000435966, 32.557592000342268],
            [-97.050205000154392, 32.557580999769037],
            [-97.05023199991858, 32.557580999769037],
            [-97.050246000162289, 32.557584000338522],
            [-97.050272999926449, 32.557573999954194],
            [-97.050296000390986, 32.557568000328843],
            [-97.050339000048695, 32.557540000305053],
            [-97.050354999942229, 32.557539000114751],
            [-97.050397999599937, 32.557539000114751],
            [-97.05042100006446, 32.557531000106273],
            [-97.050452999851515, 32.557516000277737],
            [-97.050493999859398, 32.557501999880223],
            [-97.050508999928013, 32.557501999880223],
            [-97.050534000042376, 32.557501999880223],
            [-97.050591999768685, 32.557485999855928],
            [-97.050626000103875, 32.557471000019859],
            [-97.050652999868049, 32.557460000188968],
            [-97.050669999586503, 32.55744100034017],
            [-97.050693000051027, 32.557426999930982],
            [-97.05072099964012, 32.557417999720869],
            [-97.050746999579388, 32.55741200008503],
            [-97.050790999960313, 32.557397000236591],
            [-97.050810000226889, 32.557385000204611],
            [-97.050863999755236, 32.557365000147755],
            [-97.050913000159056, 32.55734799990659],
            [-97.050944999946111, 32.557319999814155],
            [-97.050960000014712, 32.557292999906039],
            [-97.050963000387753, 32.557264000360249],
            [-97.050995999999728, 32.55724499971285],
            [-97.051045000403519, 32.557210999939009],
            [-97.051093000084109, 32.557185000192355],
            [-97.05111200035067, 32.557171999937637],
            [-97.05112900006911, 32.557154000222475],
            [-97.051168000427197, 32.557138000136128],
            [-97.051190999993409, 32.557132999919311],
            [-97.051259999590386, 32.557131999724469],
            [-97.051309999819082, 32.55712300024193],
            [-97.051368000443716, 32.557120999852017],
            [-97.051401000055691, 32.557115000196333],
            [-97.051437000040679, 32.557105999954928],
            [-97.05147600039875, 32.557081999811516],
            [-97.051517000406619, 32.557061000248623],
            [-97.051536999599804, 32.557038999727801],
            [-97.051556999691286, 32.557034000262576],
            [-97.051611000117958, 32.557007999707487],
            [-97.051643999729933, 32.557004999875907],
            [-97.051687000285938, 32.557003000240542],
            [-97.051736999616338, 32.55699999965168],
            [-97.051750999860047, 32.556985999930852],
            [-97.051801999913678, 32.556984999734368],
            [-97.05188499975435, 32.556945999634763],
            [-97.05194800040185, 32.55690200004566],
            [-97.05199500025752, 32.5568730003735],
            [-97.052052999983843, 32.556857000237052],
            [-97.052071000425514, 32.556849000167723],
            [-97.052110999710152, 32.556827999793185],
            [-97.052151999718049, 32.556815999685114],
            [-97.052182999680184, 32.556796999699976],
            [-97.052256000373433, 32.556773000231097],
            [-97.05234000003901, 32.556746000158412],
            [-97.05238900044283, 32.556743000318072],
            [-97.052438999773216, 32.556721999918729],
            [-97.05251400011629, 32.556675999819937],
            [-97.052555000124187, 32.55664400023111],
            [-97.052586999911213, 32.556618000320185],
            [-97.052607999827615, 32.556609000028942],
            [-97.052629999568936, 32.556591999644574],
            [-97.052638999789764, 32.556568000120812],
            [-97.0526410003379, 32.556550000284567],
            [-97.052651000383648, 32.556536999937848],
            [-97.052659999706151, 32.556524000346357],
            [-97.052678000147822, 32.556512999642216],
            [-97.052694999866262, 32.556508000147737],
            [-97.052699000064223, 32.556520000297006],
            [-97.052708000285051, 32.556546000236303],
            [-97.052709000109957, 32.556575000014135],
            [-97.052715999782663, 32.556596999891532],
            [-97.052738000422281, 32.556613000074336],
            [-97.052772999684066, 32.556607999828273],
            [-97.05279899962332, 32.556603999782595],
            [-97.052827000110739, 32.556583000107828],
            [-97.052839999631217, 32.556540999986446],
            [-97.052854999699846, 32.556472999892463],
            [-97.052878999989275, 32.556431999922268],
            [-97.052905999753449, 32.556403000098229],
            [-97.052945999936426, 32.556379999970048],
            [-97.052993999617001, 32.556363999745706],
            [-97.052995000340232, 32.556301999985173],
            [-97.053007000035791, 32.556292999662233],
            [-97.05301899973135, 32.556274000323533],
            [-97.053059999739247, 32.556221000074785],
            [-97.053056000439611, 32.556207999680396],
            [-97.053068000135156, 32.556199000105153],
            [-97.053068000135156, 32.556189000323705],
            [-97.053079999830729, 32.556170999654206],
            [-97.053104999945077, 32.556133000164024],
            [-97.053131999709251, 32.556115000240467],
            [-97.053161000021589, 32.556097000313308],
            [-97.05322799996874, 32.556053000307905],
            [-97.053263999953757, 32.556027000225768],
            [-97.053337999573586, 32.555997000063364],
            [-97.053377999756549, 32.555969999757188],
            [-97.053438000031022, 32.555928000106093],
            [-97.053515000023921, 32.555871999783541],
            [-97.053591000191901, 32.555819000054541],
            [-97.053629999651633, 32.555794000114318],
            [-97.053686999553051, 32.555755000254294],
            [-97.053715000040455, 32.555731999960045],
            [-97.05376299972103, 32.555704000120514],
            [-97.053780000337795, 32.5556940002839],
            [-97.053803999728913, 32.555675000061228],
            [-97.053822000170584, 32.555661000133689],
            [-97.053864000003372, 32.555645999992564],
            [-97.053893000315682, 32.555626999759774],
            [-97.053913000407164, 32.555614000036456],
            [-97.053924000277831, 32.55559400034209],
            [-97.053927999577468, 32.555575000098223],
            [-97.053935999973376, 32.555569000339183],
            [-97.053959000437928, 32.555554999637991],
            [-97.054004999570353, 32.555502999934724],
            [-97.054038000080638, 32.555459999851593],
            [-97.054048999951277, 32.555437000238854],
            [-97.054068000217868, 32.55542099984644],
            [-97.054089999959174, 32.555371999951788],
            [-97.054113000423712, 32.555338000225511],
            [-97.054150000233633, 32.555275999756148],
            [-97.0541550002565, 32.555236000212247],
            [-97.054190000416597, 32.555166999669879],
            [-97.054192999891342, 32.555136999977101],
            [-97.054195000439478, 32.555121000288331],
            [-97.054203999762009, 32.555089000145088],
            [-97.054203999762009, 32.555062999783601],
            [-97.054218999830596, 32.555048000299706],
            [-97.054218999830596, 32.555028999940305],
            [-97.054231000424494, 32.555013999693536],
            [-97.054243000120053, 32.555000999881443],
            [-97.054243999944973, 32.554979000369975],
            [-97.05421800000569, 32.554962999895849],
            [-97.054217000180785, 32.554940000155746],
            [-97.054216000355879, 32.554920000311171],
            [-97.054214999632634, 32.554892000218288],
            [-97.054214999632634, 32.554879999851345],
            [-97.054206000310131, 32.554861000213513],
            [-97.054175000347982, 32.554869999922936],
            [-97.054151999883445, 32.554875000265895],
            [-97.054129000317218, 32.554875000265895],
            [-97.054110999875576, 32.55486700001989],
            [-97.054110999875576, 32.554854000186552],
            [-97.054110000050656, 32.554844999718391],
            [-97.05410900022575, 32.554833000102285],
            [-97.054104000202884, 32.55479600026645],
            [-97.054115000073537, 32.554789000234358],
            [-97.054131999791977, 32.554783999886652],
            [-97.054168999601885, 32.554772000262396],
            [-97.054227000226533, 32.554747000030559],
            [-97.054254999815612, 32.554724000235097],
            [-97.054248000142934, 32.554697999767917],
            [-97.054237000272266, 32.554676000182134],
            [-97.054209999609782, 32.554642999657631],
            [-97.054197000089289, 32.554633999925436],
            [-97.054191000241516, 32.554625999658008],
            [-97.054177999822727, 32.55460400005456],
            [-97.054173999624766, 32.554587000047547],
            [-97.054168999601885, 32.554571000260722],
            [-97.054147999685483, 32.554554000247464],
            [-97.054141999837711, 32.554544999749226],
            [-97.054132999616868, 32.554531999869234],
            [-97.054118000446593, 32.554500999740092],
            [-97.054125999944191, 32.554483000246393],
            [-97.054160000279381, 32.554466000216465],
            [-97.054196000264369, 32.554442000124176],
            [-97.054233000074305, 32.554418000025507],
            [-97.054239999746997, 32.554388000082433],
            [-97.05421800000569, 32.554355999677782],
            [-97.05421800000569, 32.554338000154992],
            [-97.054204999586901, 32.554322000323772],
            [-97.054178999647618, 32.554278000205315],
            [-97.054178999647618, 32.554241000140607],
            [-97.054173999624766, 32.554198999680352],
            [-97.054181000195783, 32.554168000193378],
            [-97.054203999762009, 32.554102000272927],
            [-97.054274000082188, 32.553990000342772],
            [-97.054356000097954, 32.5538540000233],
            [-97.054409999626316, 32.553780999761294],
            [-97.05445400000724, 32.55374700018946],
            [-97.054515999931525, 32.553693999962661],
            [-97.054602999970157, 32.553617000148897],
            [-97.054644999802946, 32.553570999972976],
            [-97.054731000016673, 32.553476000357982],
            [-97.054828000101068, 32.553367000357092],
            [-97.054852000390511, 32.553337000062697],
            [-97.05497600023908, 32.553179000315382],
            [-97.055027000292682, 32.553107999983766],
            [-97.055158999638849, 32.552914999704832],
            [-97.055208000042654, 32.55283399976625],
            [-97.055252000423579, 32.55275599972822],
            [-97.055279000187767, 32.552706999892955],
            [-97.055331000066303, 32.552594000248163],
            [-97.055336999914104, 32.552582999819442],
            [-97.055353999632516, 32.552502000338443],
            [-97.055381000295029, 32.552419999779794],
            [-97.055343999586768, 32.552327999691705],
            [-97.055254999898338, 32.552151000228243],
            [-97.055197000172001, 32.552058000370245],
            [-97.055173999707478, 32.551961999658566],
            [-97.055158999638849, 32.551898999632655],
            [-97.055150000316331, 32.55185400034425],
            [-97.055147999768209, 32.551823000047342],
            [-97.055140000270583, 32.551776999709162],
            [-97.055139000445678, 32.551738999872882],
            [-97.055131000049769, 32.55167500019197],
            [-97.055160000362079, 32.551616000232727],
            [-97.05514699994329, 32.551580000084577],
            [-97.055104000285581, 32.551554999720814],
            [-97.055096999714564, 32.55151399977543],
            [-97.055114000331329, 32.551484999876621],
            [-97.055076999623083, 32.551402999903246],
            [-97.055129000399944, 32.551354000086519],
            [-97.055156000164132, 32.55127500001668],
            [-97.055156999989023, 32.551191000086533],
            [-97.05511699980606, 32.55110899984453],
            [-97.055064000102618, 32.551001999767031],
            [-97.055055999706681, 32.550918999845507],
            [-97.055019999721679, 32.55085400007237],
            [-97.05502100044491, 32.550807999994746],
            [-97.055028999942508, 32.550738999834159],
            [-97.054993999782411, 32.550568000359753],
            [-97.054890999850258, 32.550522999646901],
            [-97.054776000222517, 32.550516000038769],
            [-97.054748999560033, 32.550514999770172],
            [-97.0546270002596, 32.550514000258801],
            [-97.054511999733563, 32.550511999721586],
            [-97.054388999709914, 32.550508000161429],
            [-97.054301999671281, 32.550488000086403],
            [-97.054260999663384, 32.550469999787921],
            [-97.054193999716247, 32.550441000309085],
            [-97.054183999670499, 32.550435000206825],
            [-97.054163999579032, 32.550421999731547],
            [-97.054141999837711, 32.55041099979384],
            [-97.054120999921309, 32.550402999907206],
            [-97.054055999623984, 32.550376999702671],
            [-97.053976999981273, 32.550329999867145],
            [-97.053947999668964, 32.550317999647447],
            [-97.053905999836161, 32.550301000343083],
            [-97.053850999584583, 32.550281999735908],
            [-97.053803999728913, 32.550275999623032],
            [-97.053720000063308, 32.550275000108996],
            [-97.053704999994707, 32.55027800016552],
            [-97.053647000268384, 32.55029200017551],
            [-97.053572999750216, 32.550287000334443],
            [-97.053550000184003, 32.550286000063352],
            [-97.053520000046788, 32.550268999995644],
            [-97.053506999627999, 32.550256000253547],
            [-97.05349199955937, 32.550225000161937],
            [-97.053449999726581, 32.550133000095634],
            [-97.053446000426931, 32.550086999648521],
            [-97.053417999939526, 32.550059000319621],
            [-97.053359000388298, 32.550056999772252],
            [-97.053293000266052, 32.550050999644334],
            [-97.053264999778648, 32.55002399982105],
            [-97.053155999998708, 32.549945000094979],
            [-97.053125999861479, 32.549923000101394],
            [-97.053109999967958, 32.549891000376476],
            [-97.053094000074438, 32.549858000364182],
            [-97.053089000051557, 32.549731000066195],
            [-97.053063000112274, 32.549660000035907],
            [-97.05296900040095, 32.549516000004687],
            [-97.052883000187236, 32.549390000261141],
            [-97.052862000270835, 32.549333999645278],
            [-97.052862000270835, 32.549306000081451],
            [-97.052837999981392, 32.549250000170346],
            [-97.052828999760564, 32.54920200021882],
            [-97.052800000346565, 32.54915999967222],
            [-97.052759000338682, 32.549141999864602],
            [-97.052743000445147, 32.549093999855323],
            [-97.05267399994986, 32.549015000068025],
            [-97.052668000102088, 32.549002999672531],
            [-97.052629999568936, 32.548926999906811],
            [-97.052636000315033, 32.548907000236774],
            [-97.052709000109957, 32.5488750001496],
            [-97.052716999607568, 32.548839999946608],
            [-97.051832999875813, 32.548828999815107],
            [-97.049831000060578, 32.548804000199546],
            [-97.049636000066926, 32.548867000126073],
            [-97.04858999995345, 32.548851000076823],
            [-97.045976000393026, 32.548756000009469],
            [-97.045936000210062, 32.548756000009469],
            [-97.04569299963751, 32.548752999902078],
            [-97.044529000421576, 32.548739999940437],
            [-97.038684999560957, 32.548665999773227],
            [-97.03841299957439, 32.548662999662824],
            [-97.037769999867052, 32.548650999977525],
            [-97.036885000310406, 32.548636999711526],
            [-97.036307000002097, 32.548636999711526],
            [-97.035502999737957, 32.548636999711526],
            [-97.035077999590513, 32.548636999711526],
            [-97.034824999870523, 32.548623000200649],
            [-97.034755000448655, 32.548636000179243],
            [-97.030507000420712, 32.548660999841594],
            [-97.019719999946275, 32.548521000128318],
            [-97.015855000233003, 32.548493999844837],
            [-97.013679000340488, 32.548475000369592],
            [-97.012356000217579, 32.548462999901915],
            [-97.009838999843225, 32.548443000128493],
            [-97.006584000225303, 32.548402999811046],
            [-97.005417999562937, 32.548387999971318],
            [-97.005111000314599, 32.548389000263604],
            [-97.003521000227991, 32.548368000181185],
            [-97.002809999850285, 32.548358000284423],
            [-96.999239999689792, 32.548314999807069],
            [-96.996369000211402, 32.548285000095824],
            [-96.982139999622987, 32.548090999752027],
            [-96.981722999871465, 32.548085999788356],
            [-96.978725000171508, 32.548044999772962],
            [-96.976759000341275, 32.54801800010349],
            [-96.976487000354695, 32.548013999674978],
            [-96.97620899962206, 32.548010000003529],
            [-96.975918000267228, 32.548006000331895],
            [-96.968434999814534, 32.547952000204205],
            [-96.956007999923102, 32.547777999824028],
            [-96.94156999999565, 32.54772199971697],
            [-96.928338999840108, 32.547678000149247],
            [-96.925520000240283, 32.547666000332256],
            [-96.925417000308116, 32.547666000332256],
            [-96.921707000405519, 32.547653999756378],
            [-96.921129000097196, 32.547651000369399],
            [-96.919730999631241, 32.547645000080657],
            [-96.919640000292944, 32.547643999780128],
            [-96.91857499991292, 32.547643999780128],
            [-96.917799999961105, 32.547640999635583],
            [-96.916814999947022, 32.547640000092187],
            [-96.908170999753139, 32.547607000009634],
            [-96.899615000321134, 32.547489000005363],
            [-96.898758000353538, 32.547477000163042],
            [-96.894393000149734, 32.54741599986729],
            [-96.891050999594853, 32.547412000169189],
            [-96.873919999565928, 32.547462999714035],
            [-96.873382000338893, 32.54745900001803],
            [-96.870927999713729, 32.547442000172232],
            [-96.856751999727081, 32.547343999973783],
            [-96.853461000124142, 32.547320999795808],
            [-96.852388000246506, 32.547315000242257],
            [-96.851270000163026, 32.547305999775304],
            [-96.8460310002732, 32.547262000003684],
            [-96.84223299960874, 32.547230000087389],
            [-96.839557999948966, 32.547218999758591],
            [-96.839397000290475, 32.547218000210513],
            [-96.838198999841055, 32.547210000039257],
            [-96.835580000257764, 32.547196000305846],
            [-96.833882000216136, 32.547183000118665],
            [-96.831118999794484, 32.54716999992965],
            [-96.829117999804168, 32.54716999992965],
            [-96.824747999577497, 32.547156000189943],
            [-96.823185000153401, 32.547148000013159],
            [-96.822703999929473, 32.547144999852087],
            [-96.822297000223685, 32.547149999868111],
            [-96.822129999819111, 32.547149999868111],
            [-96.821989000252117, 32.547146999707088],
            [-96.821789000235569, 32.547141999690844],
            [-96.820804000221486, 32.547139000286769],
            [-96.820481000181289, 32.547137999980549],
            [-96.811061000210685, 32.54713400027007],
            [-96.805337999723889, 32.547129000253086],
            [-96.804736999849368, 32.547126000091325],
            [-96.801122000381326, 32.547102000308122],
            [-96.78231400022716, 32.546981999781401],
            [-96.781827999980365, 32.546978000063973],
            [-96.781561000016666, 32.546998000163782],
            [-96.781415000426804, 32.546974999897174],
            [-96.779883999891453, 32.546961000127098],
            [-96.778549999897891, 32.546951000073598],
            [-96.778349000056437, 32.546949000214212],
            [-96.776578000219899, 32.546932000271838],
            [-96.77155100004218, 32.546888000316933],
            [-96.769575000166228, 32.546871000362941],
            [-96.769184000353974, 32.546866999883328],
            [-96.769089999744338, 32.546866999883328],
            [-96.768776999749875, 32.546837999997763],
            [-96.768673999817707, 32.546837999997763],
            [-96.768098000057549, 32.546837999997763],
            [-96.768005000171129, 32.546837999997763],
            [-96.765864000438725, 32.546837999997763],
            [-96.757591999790506, 32.546763999777134],
            [-96.746065000422675, 32.546670999638579],
            [-96.74253600027005, 32.54664800004543],
            [-96.735724999837004, 32.546615999910259],
            [-96.73484600012813, 32.546612000176516],
            [-96.723210999906968, 32.546561000148252],
            [-96.722615999880219, 32.546556999654804],
            [-96.721508999667378, 32.546552000362944],
            [-96.715187999679102, 32.546523000375572],
            [-96.712066000130562, 32.546508999777764],
            [-96.709074000278363, 32.546482999959856],
            [-96.701651000100128, 32.546440999655616],
            [-96.696567999845925, 32.546411000075331],
            [-96.693441000274518, 32.546397000217254],
            [-96.691873999754151, 32.546383999914433],
            [-96.689348000057279, 32.546363000120181],
            [-96.685987000134148, 32.546339000132996],
            [-96.682115999674735, 32.546313000265869],
            [-96.66586699972774, 32.546205000212886],
            [-96.665783999887068, 32.546205000212886],
            [-96.665502999679674, 32.546205000212886],
            [-96.659913999985491, 32.546169999726082],
            [-96.659476000317582, 32.546167999849366],
            [-96.659210000178788, 32.546164999655481],
            [-96.658881000290819, 32.5461600003418],
            [-96.658357000409183, 32.546155999830489],
            [-96.64608899962812, 32.546071000092752],
            [-96.645399999890031, 32.54606600001658],
            [-96.642454000068597, 32.54604300026844],
            [-96.631222000253558, 32.545967000268561],
            [-96.627476000365959, 32.54594600037678],
            [-96.613672999749866, 32.545853000148085],
            [-96.613118999731, 32.545848999623104],
            [-96.612532000100174, 32.545846000175821],
            [-96.607791999977636, 32.545813000191053],
            [-96.607136999676442, 32.545808000100507],
            [-96.597334000289507, 32.54574000020466],
            [-96.591994999942273, 32.545702000084489],
            [-96.578106000010806, 32.545606999713705],
            [-96.566981000325868, 32.545529999777877],
            [-96.566716000011994, 32.54552900021099],
            [-96.566521999843246, 32.545525999995753],
            [-96.560311000358141, 32.545443000311792],
            [-96.553062000257157, 32.545385999936961],
            [-96.546743999743612, 32.545354000109221],
            [-96.533295999853095, 32.545299000331255],
            [-96.531164000341519, 32.545287999765875],
            [-96.5299869998085, 32.545282000076469],
            [-96.529678000012012, 32.545280000179893],
            [-96.529640000377185, 32.545280000179893],
            [-96.529411999873233, 32.545276999956336],
            [-96.529728000240738, 32.54555599987178],
            [-96.529985999983595, 32.545752999843479],
            [-96.530274999688586, 32.545742999655495],
            [-96.530288999932296, 32.54576499991623],
            [-96.530324999917298, 32.545790999942071],
            [-96.530411000131025, 32.545803000009677],
            [-96.530464999659387, 32.545830999908858],
            [-96.530592999705902, 32.545870999857861],
            [-96.530738000369183, 32.545953999903418],
            [-96.530803999593104, 32.545967999830573],
            [-96.530956999753982, 32.545986000274546],
            [-96.531226000265818, 32.545981999755476],
            [-96.531316999604087, 32.545972000350204],
            [-96.531453999871445, 32.545979000312649],
            [-96.531611000230271, 32.545972000350204],
            [-96.531978999577987, 32.545969000149832],
            [-96.53209499992893, 32.545962000186591],
            [-96.532447000281465, 32.545962000186591],
            [-96.532612000137888, 32.545976000112454],
            [-96.532765000298767, 32.545979000312649],
            [-96.532905999865775, 32.545990000036177],
            [-96.533001000300331, 32.54602800003439],
            [-96.533079999943027, 32.546048000345898],
            [-96.533178999677233, 32.546052000104766],
            [-96.53326599971588, 32.546031000232858],
            [-96.533320000142567, 32.546014000116649],
            [-96.533411000379132, 32.54595799966647],
            [-96.533601000349947, 32.545908999906509],
            [-96.533732999696113, 32.545886999681059],
            [-96.53387800035938, 32.545901000375864],
            [-96.534030999621947, 32.545922999840627],
            [-96.534105999965021, 32.545919999638556],
            [-96.534280000042273, 32.545891999767143],
            [-96.534391000370363, 32.545891999767143],
            [-96.534659999983887, 32.545922999840627],
            [-96.534731000129, 32.545922999840627],
            [-96.534850999779593, 32.545943999737801],
            [-96.535168999796909, 32.545950999702384],
            [-96.535321999957773, 32.545964999629994],
            [-96.535400999600498, 32.545962000186591],
            [-96.535523999624147, 32.545929999806901],
            [-96.535610999662794, 32.545912999671572],
            [-96.535710000295296, 32.545905999703969],
            [-96.535763999823658, 32.545922999840627],
            [-96.535825999747928, 32.545950999702384],
            [-96.536045999855958, 32.54602800003439],
            [-96.536269000337043, 32.54606600001658],
            [-96.536720000423742, 32.546097000029981],
            [-96.536856999792775, 32.546090000076738],
            [-96.537465000238328, 32.546034999992472],
            [-96.538031999777687, 32.545995999678283],
            [-96.538147000303724, 32.546007000156926],
            [-96.538237999641993, 32.546031000232858],
            [-96.538408000419636, 32.546110999934839],
            [-96.538523999872254, 32.546129000350149],
            [-96.538578000298941, 32.546129000350149],
            [-96.538651999918784, 32.546117999886391],
            [-96.538709999645107, 32.54610099978666],
            [-96.538759999873818, 32.546062000258338],
            [-96.538837999691623, 32.546014000116649],
            [-96.539007999570941, 32.545950999702384],
            [-96.53945899965764, 32.54581699996038],
            [-96.53966200004723, 32.545735000110049],
            [-96.539893999850818, 32.545686000228329],
            [-96.540062999905231, 32.545679000243098],
            [-96.540257000073979, 32.545662000060183],
            [-96.540332000417067, 32.545667999724202],
            [-96.540418999557374, 32.545688999680962],
            [-96.540545999778971, 32.545726999806647],
            [-96.540878000039996, 32.545780000194171],
            [-96.541122000437468, 32.545827999703768],
            [-96.541242000088076, 32.54587299974127],
            [-96.541441000279704, 32.545889999884167],
            [-96.541544000211871, 32.545912999671572],
            [-96.541671000433467, 32.545958999985828],
            [-96.541812999825382, 32.546062000258338],
            [-96.541908000259923, 32.546117999886391],
            [-96.542053000024879, 32.546265000258373],
            [-96.542085999636853, 32.546310000076829],
            [-96.542126999644736, 32.546344999751788],
            [-96.542192999766968, 32.546390999844704],
            [-96.542222000079306, 32.546421999745874],
            [-96.542350000125808, 32.546590000123331],
            [-96.542412000050092, 32.546634999778888],
            [-96.542460999555587, 32.546646000179287],
            [-96.542663999945162, 32.546663999730086],
            [-96.54270400012814, 32.546687000076389],
            [-96.542735000090275, 32.5467090001058],
            [-96.542749000333984, 32.546761999913585],
            [-96.542761999854449, 32.546792000133834],
            [-96.542961000046077, 32.546951000073598],
            [-96.543018999772414, 32.547005000046248],
            [-96.543236000405699, 32.54710600002003],
            [-96.543329000292118, 32.547176000250083],
            [-96.543417999980591, 32.547332999658913],
            [-96.543453000140687, 32.547367000145869],
            [-96.543591000232936, 32.547412000169189],
            [-96.543693000340198, 32.547422999717142],
            [-96.543848000150902, 32.547505000297363],
            [-96.543936999839346, 32.547573000370818],
            [-96.544016000380381, 32.547651000369399],
            [-96.544100999870878, 32.547747999933286],
            [-96.544216000396915, 32.547863000217212],
            [-96.544317999605866, 32.547995000098183],
            [-96.544388999750979, 32.54806900006129],
            [-96.544490999858212, 32.548139000297681],
            [-96.544633000148451, 32.548218999635615],
            [-96.544762000019873, 32.54830499990446],
            [-96.544941999944925, 32.548483999962109],
            [-96.545094000280898, 32.548681999855468],
            [-96.545138999588417, 32.54872000022867],
            [-96.5452280001752, 32.548772000075658],
            [-96.545264999985108, 32.548804999729967],
            [-96.545302999619949, 32.548854000180896],
            [-96.545347999825793, 32.548889999907949],
            [-96.545373999765047, 32.548920999703427],
            [-96.545453000306097, 32.548992999846504],
            [-96.545483000443312, 32.549024999891607],
            [-96.545727999767394, 32.549250000170346],
            [-96.545781000369146, 32.549317999679197],
            [-96.54587300043066, 32.549447999888592],
            [-96.545922999761061, 32.549503999676162],
            [-96.546023000218483, 32.549601000266655],
            [-96.546060999853324, 32.54967299986437],
            [-96.546118999579633, 32.549735999938193],
            [-96.546167999983453, 32.549773000345638],
            [-96.546271999740512, 32.549880999892139],
            [-96.546398000137202, 32.549981999659046],
            [-96.546492999673461, 32.55004599978983],
            [-96.546634999963672, 32.550161999674046],
            [-96.546773000055936, 32.550306000183326],
            [-96.546958999828774, 32.5504830002563],
            [-96.547028000324062, 32.550584000103015],
            [-96.547106999966772, 32.550666000067359],
            [-96.547266999800343, 32.550780999641937],
            [-96.547421999611032, 32.550878999874165],
            [-96.547488999558183, 32.550912999775271],
            [-96.547573000122085, 32.550975999735989],
            [-96.547644000267198, 32.551042999946283],
            [-96.547754999696977, 32.551111000368451],
            [-96.547830000040051, 32.551140999892503],
            [-96.547902999834974, 32.551189000321607],
            [-96.547956000436741, 32.551239999992205],
            [-96.548271000081016, 32.551619000244443],
            [-96.548399000127546, 32.551764000185401],
            [-96.548451000006068, 32.551895000134316],
            [-96.548543999892473, 32.552033000139581],
            [-96.548624000258428, 32.552133999756599],
            [-96.548672999763923, 32.552205000101566],
            [-96.548707999924019, 32.552316999987582],
            [-96.548752000304944, 32.552379999720145],
            [-96.548850000214244, 32.552455000101283],
            [-96.548907000115634, 32.55249299963436],
            [-96.548991999606159, 32.55260499991828],
            [-96.549018000443738, 32.552666999961232],
            [-96.549035999987083, 32.552731999935901],
            [-96.549085000390889, 32.552790999918699],
            [-96.549186999599812, 32.55293000030241],
            [-96.549280000384556, 32.553008000189173],
            [-96.549337000285973, 32.553083000045561],
            [-96.549395000012268, 32.553167999958418],
            [-96.549421999776456, 32.553233000327417],
            [-96.549430999997284, 32.553277000200978],
            [-96.549412999555614, 32.553367000357092],
            [-96.549395000012268, 32.553415999832033],
            [-96.549365999699972, 32.553463999801693],
            [-96.549333000087998, 32.553501999664839],
            [-96.549319999669223, 32.55354199998164],
            [-96.549324999692075, 32.553572999684825],
            [-96.549354000004385, 32.553634000339649],
            [-96.549462999784325, 32.553761999890796],
            [-96.549641999884471, 32.553950000225647],
            [-96.549773000304057, 32.554066000364692],
            [-96.549870000388438, 32.554135999710283],
            [-96.549976999620228, 32.554195000284501],
            [-96.550291000337921, 32.554341000075709],
            [-96.55056699962411, 32.554416999800409],
            [-96.550683999799972, 32.55443300037188],
            [-96.550987999573607, 32.554442000124176],
            [-96.551047000023132, 32.55443300037188],
            [-96.551097000251858, 32.55441999971849],
            [-96.551207999681623, 32.554359999823632],
            [-96.551245000389855, 32.554332999782098],
            [-96.551312000337006, 32.554295000270855],
            [-96.551524999874033, 32.554138999637765],
            [-96.551617999760452, 32.554056000345575],
            [-96.551709999821938, 32.553951999929048],
            [-96.551808999556144, 32.553851000086354],
            [-96.55186499963267, 32.553806000262213],
            [-96.551931999579807, 32.553758999950716],
            [-96.552052999953631, 32.553663000301263],
            [-96.552598999576588, 32.553192999872955],
            [-96.55269400001113, 32.553100000337444],
            [-96.552829999555257, 32.55295700000876],
            [-96.552960000149909, 32.552839999708098],
            [-96.553966999905313, 32.552196000124901],
            [-96.554438999908413, 32.551940999654882],
            [-96.554541000015661, 32.551917999897547],
            [-96.554598999741984, 32.551892000131836],
            [-96.555213000035323, 32.551782999721652],
            [-96.555712999627531, 32.55170500028467],
            [-96.555873000359398, 32.55170500028467],
            [-96.556105000162987, 32.551720999825271],
            [-96.556367000103805, 32.551759999923831],
            [-96.556449999944491, 32.551777999963619],
            [-96.55652699993739, 32.551809000276137],
            [-96.55680800014477, 32.551968999911132],
            [-96.557097999674681, 32.552164999946108],
            [-96.557128999636831, 32.552221999802541],
            [-96.557195999583968, 32.552248000229817],
            [-96.557304000437327, 32.552376000243243],
            [-96.557347999919926, 32.55241099982468],
            [-96.557459000248016, 32.552441999918514],
            [-96.557501999905739, 32.552489999651932],
            [-96.557542000088702, 32.552520999718475],
            [-96.557971000434094, 32.552812999966541],
            [-96.558162000229814, 32.552914999704832],
            [-96.558250999918258, 32.552989999638918],
            [-96.558380999614613, 32.553178000076464],
            [-96.558702000004985, 32.553421000256009],
            [-96.559052999634261, 32.553712999847562],
            [-96.559275000290413, 32.553963999662948],
            [-96.559374000024619, 32.554039999706887],
            [-96.559435999948903, 32.554066000364692],
            [-96.559464000436307, 32.554122000299863],
            [-96.559507000094015, 32.554195000284501],
            [-96.559564999820324, 32.554232999838142],
            [-96.559620999896822, 32.554255999759377],
            [-96.55969500041499, 32.554308000185166],
            [-96.559765999661778, 32.554332999782098],
            [-96.559824000286412, 32.554332999782098],
            [-96.559886000210696, 32.554359999823632],
            [-96.560499999605696, 32.554741000216154],
            [-96.56090999968454, 32.555090000362647],
            [-96.561227999701842, 32.555300999840682],
            [-96.561564000160828, 32.555571000006516],
            [-96.561610000191592, 32.555625000093684],
            [-96.561807999659976, 32.555879999939904],
            [-96.561893999873718, 32.556030000090018],
            [-96.562001999828752, 32.556282999891273],
            [-96.562122000377656, 32.556465999991268],
            [-96.562161999662322, 32.556521999943143],
            [-96.562192999624457, 32.556713999837363],
            [-96.562292000256974, 32.557011000296136],
            [-96.562354000181244, 32.557221000363732],
            [-96.562452000090545, 32.557441999774404],
            [-96.562517000387871, 32.557687000143162],
            [-96.562524999885483, 32.557816000158098],
            [-96.56262699999273, 32.558083999960246],
            [-96.56273599977267, 32.558509000022589],
            [-96.562764000260074, 32.558642000325086],
            [-96.562802999719821, 32.558983999981592],
            [-96.562817999788436, 32.559043999813476],
            [-96.562858999796319, 32.559082999758417],
            [-96.562949000208008, 32.559139000348566],
            [-96.56299100004081, 32.55919299980296],
            [-96.5631459998515, 32.559423999836213],
            [-96.563300999662189, 32.559684999728454],
            [-96.563474999739469, 32.559894000188478],
            [-96.563559000303371, 32.559986000091797],
            [-96.563620000402736, 32.56003200000805],
            [-96.56363000044847, 32.56006899995652],
            [-96.56363399974812, 32.5601320003043],
            [-96.563643999793854, 32.560184000353686],
            [-96.563672000281272, 32.560215000033963],
            [-96.563714000114075, 32.560245999703476],
            [-96.563741999703169, 32.560388999774467],
            [-96.563798999604572, 32.560498999732275],
            [-96.563849999658188, 32.560586999904281],
            [-96.563883000168474, 32.560630999957887],
            [-96.563930000024143, 32.560638999689992],
            [-96.563986999925532, 32.560643000312922],
            [-96.564028999758335, 32.560662000240811],
            [-96.564052000222873, 32.560706000257703],
            [-96.564070999591138, 32.560819999684725],
            [-96.5640899998577, 32.560883999658259],
            [-96.564253999889246, 32.561137000159434],
            [-96.564320000011463, 32.561291999835746],
            [-96.564359000369535, 32.561372999711494],
            [-96.564405000400285, 32.561407000179692],
            [-96.564504000134491, 32.561466999905626],
            [-96.564555000188108, 32.561510000138775],
            [-96.564597999845816, 32.561553999739814],
            [-96.564677000386851, 32.561679999820015],
            [-96.564695999755116, 32.561731999729396],
            [-96.56471900021964, 32.561869999750556],
            [-96.564929000281936, 32.562291999639413],
            [-96.565038999886795, 32.562578999979955],
            [-96.56509900016124, 32.562773000048871],
            [-96.565188999674604, 32.563107999718873],
            [-96.565207999941194, 32.563315000281825],
            [-96.565245999576021, 32.563429000179475],
            [-96.565283000284253, 32.563492999806158],
            [-96.565298000352868, 32.563540000319136],
            [-96.565288000307135, 32.563588000173326],
            [-96.565293000330016, 32.563765999913073],
            [-96.565363999576803, 32.563991000333488],
            [-96.565494999996361, 32.564343999788655],
            [-96.565628000065757, 32.564545999967365],
            [-96.565716999754201, 32.564652999795257],
            [-96.565741999868564, 32.564713999732028],
            [-96.565818999861477, 32.564849000139652],
            [-96.565884000158789, 32.565026999648794],
            [-96.565948999557804, 32.565168000217128],
            [-96.566026000449014, 32.565375999915446],
            [-96.566090999848015, 32.565501999927598],
            [-96.5662509996816, 32.565705999968628],
            [-96.566351999963942, 32.565895999700977],
            [-96.566433999979694, 32.566014999826486],
            [-96.566510999972593, 32.56610999979425],
            [-96.566608999881879, 32.566245000372327],
            [-96.566700999943379, 32.566381000081918],
            [-96.566860999776949, 32.566516000252165],
            [-96.566955000386599, 32.566623000001627],
            [-96.56711500022017, 32.566757999807692],
            [-96.567310000213837, 32.566868000284551],
            [-96.567497999636515, 32.567004999891502],
            [-96.567690000155437, 32.567109999647563],
            [-96.567849999989008, 32.567221999857537],
            [-96.568009999822578, 32.567379999861892],
            [-96.568392000312301, 32.567599999912332],
            [-96.568552000145885, 32.56765499965141],
            [-96.568838000376147, 32.567703000332074],
            [-96.569064000331963, 32.567762999632727],
            [-96.569101000141899, 32.567790000175542],
            [-96.569161000416344, 32.567850000175],
            [-96.569194999853224, 32.5678720003162],
            [-96.569245999906826, 32.567888000002526],
            [-96.569311000204166, 32.567901000218761],
            [-96.569358000059836, 32.567920000123742],
            [-96.569434000227815, 32.567980000036243],
            [-96.569477999710429, 32.568008999903896],
            [-96.569531000312196, 32.568025000322848],
            [-96.569681999924939, 32.568053000102843],
            [-96.569747000222264, 32.568060999930218],
            [-96.569815999819241, 32.568046000347948],
            [-96.569917000101583, 32.568001000071888],
            [-96.569985999698545, 32.567984999648644],
            [-96.570071000087367, 32.567982000184074],
            [-96.570615999885391, 32.567932000260818],
            [-96.570678999634595, 32.567929000037466],
            [-96.570769999871189, 32.567940000099],
            [-96.570907999963453, 32.567964000366338],
            [-96.571147000338044, 32.568027999785983],
            [-96.571347000354592, 32.568060999930218],
            [-96.57171800007535, 32.56814900025558],
            [-96.571961999574512, 32.568236999737472],
            [-96.572159999941235, 32.568302999860087],
            [-96.572438999600479, 32.568375999663814],
            [-96.572745999747141, 32.568499999868344],
            [-96.572811999869387, 32.568516000199722],
            [-96.573094999726607, 32.568541999691149],
            [-96.573247999887485, 32.568561000217414],
            [-96.573709999844851, 32.568652000251525],
            [-96.573941999648426, 32.568706000036777],
            [-96.574201999939419, 32.568784999902356],
            [-96.574433999743036, 32.568873000274451],
            [-96.574817000057664, 32.569082999832851],
            [-96.574974000416503, 32.569187000124259],
            [-96.575109000135726, 32.569310999964706],
            [-96.575140000097861, 32.569361999934806],
            [-96.575176999907782, 32.569513000314558],
            [-96.575243999854933, 32.569661000274628],
            [-96.575268999969296, 32.569692999763319],
            [-96.575306999604138, 32.569718999670663],
            [-96.575366000053663, 32.569779999947791],
            [-96.575419999582039, 32.569910000040018],
            [-96.575494999925098, 32.570139999683512],
            [-96.575530000085195, 32.570266999865865],
            [-96.575557999674288, 32.570320000145124],
            [-96.57556699989513, 32.570368000156712],
            [-96.575570000268172, 32.570427999945849],
            [-96.575596000207454, 32.570566000216999],
            [-96.575646000436151, 32.570740000322047],
            [-96.575674000025259, 32.570855999952251],
            [-96.575633999842282, 32.570939000359104],
            [-96.575606000253188, 32.571018999812047],
            [-96.575571000093092, 32.571246000284432],
            [-96.57551500001658, 32.571430000182374],
            [-96.575470999635655, 32.571530999920633],
            [-96.575411000259507, 32.571632000302188],
            [-96.575373999551289, 32.571770000234878],
            [-96.575351999809968, 32.57182699975013],
            [-96.575320000022913, 32.571868000255634],
            [-96.575251000425936, 32.57200699985421],
            [-96.575219999565491, 32.572168999866122],
            [-96.575219999565491, 32.572216999645214],
            [-96.575201000197225, 32.572266000181784],
            [-96.575160000189356, 32.572316999985723],
            [-96.575115999808432, 32.572356000216978],
            [-96.57479399959314, 32.572518999621799],
            [-96.57472800036922, 32.572547000269971],
            [-96.574633999759556, 32.572624999758517],
            [-96.574567999637338, 32.572712000127041],
            [-96.574543000421286, 32.572754000248601],
            [-96.574530000002497, 32.572814999975655],
            [-96.574526999629441, 32.572873000360211],
            [-96.574530000002497, 32.572941000136723],
            [-96.574540000048245, 32.573019000039579],
            [-96.574565000162593, 32.573132999717366],
            [-96.574561999789552, 32.573166000254481],
            [-96.574534000200444, 32.573210000194656],
            [-96.574536999675203, 32.573256000143466],
            [-96.574520999781654, 32.573321000343626],
            [-96.574475999575824, 32.573399999929471],
            [-96.574422999872368, 32.573517999928704],
            [-96.574344000229658, 32.573654999976867],
            [-96.574263000038798, 32.573760000275414],
            [-96.574175000175259, 32.5739040000092],
            [-96.574136999642107, 32.574010000022916],
            [-96.574087000311707, 32.574085999741392],
            [-96.573920999732039, 32.574288999938688],
            [-96.57379699988347, 32.574513999702447],
            [-96.573687000278625, 32.574698999707756],
            [-96.573664999639007, 32.574754999634145],
            [-96.573587999646122, 32.574911000001606],
            [-96.57351400002625, 32.575048000192709],
            [-96.57345399975182, 32.575219999942902],
            [-96.573413999568842, 32.575366000343465],
            [-96.573391999827521, 32.575397000076407],
            [-96.573375999934015, 32.57543399974373],
            [-96.573372999560945, 32.575469000171921],
            [-96.573395000200577, 32.575553000084099],
            [-96.57338799962956, 32.575628000020302],
            [-96.573348000344907, 32.57572299964756],
            [-96.573307000337024, 32.575842000361433],
            [-96.573256000283394, 32.576012000134021],
            [-96.573192999635893, 32.576133999656385],
            [-96.573020000281858, 32.576593999738243],
            [-96.572956999634343, 32.576833000185509],
            [-96.57292800022033, 32.576970999684896],
            [-96.57291599962646, 32.577120000178553],
            [-96.572883999839405, 32.577247000317485],
            [-96.572883999839405, 32.577288999829115],
            [-96.572897000258195, 32.577329000138803],
            [-96.572987999596492, 32.577424000234927],
            [-96.573051000243993, 32.577517000295323],
            [-96.573123000214011, 32.577595999969688],
            [-96.573283000047581, 32.577715999677274],
            [-96.573524999896918, 32.577884999718528],
            [-96.573585999996283, 32.577931000297248],
            [-96.573677000232891, 32.57796899963845],
            [-96.573759000248643, 32.578013000250003],
            [-96.573883999922131, 32.578058000044543],
            [-96.574028999687087, 32.578074000184678],
            [-96.574241000297505, 32.578085999720237],
            [-96.574303000221775, 32.578085999720237],
            [-96.574408999628673, 32.578074000184678],
            [-96.574586999903914, 32.578045999748248],
            [-96.57491900016494, 32.57796899963845],
            [-96.575039999640438, 32.577956000124608],
            [-96.575198999649089, 32.577911000278888],
            [-96.575247000227975, 32.577892000219528],
            [-96.575289999885683, 32.577862999762544],
            [-96.575386999970064, 32.577745000181785],
            [-96.575468000160924, 32.57770000023018],
            [-96.575647000261071, 32.577640000007307],
            [-96.575719000231089, 32.577626999688768],
            [-96.575819999615106, 32.577595999969688],
            [-96.575868000193992, 32.577568000140985],
            [-96.575925999920329, 32.577511999700349],
            [-96.575945000186906, 32.57746099982284],
            [-96.57633500017424, 32.577039000139024],
            [-96.576479999939181, 32.576907999808142],
            [-96.576691999651288, 32.576745000053741],
            [-96.576772000017229, 32.576667000363685],
            [-96.57695199994231, 32.576525999703598],
            [-96.576994999600004, 32.576498000297782],
            [-96.577181000271139, 32.576447999823053],
            [-96.577331000058976, 32.576428000230976],
            [-96.577692999558906, 32.576425000291756],
            [-96.577851999567585, 32.576437000047981],
            [-96.577942999804165, 32.576452999720367],
            [-96.578039999888546, 32.576477999959849],
            [-96.578121999904312, 32.576513999959332],
            [-96.578237000430349, 32.576593999738243],
            [-96.578285000110938, 32.576623999826182],
            [-96.578386000393266, 32.576648000040656],
            [-96.578751000266251, 32.576707000193778],
            [-96.57890500025205, 32.576741000148949],
            [-96.578962999978359, 32.576756999767078],
            [-96.579010999658934, 32.576779999970228],
            [-96.579146000276467, 32.576869000042471],
            [-96.579229000117138, 32.576900999987281],
            [-96.57950199992861, 32.576970999684896],
            [-96.579614999906511, 32.576993999833164],
            [-96.579716000188853, 32.576998999700024],
            [-96.579748999800813, 32.576993999833164],
            [-96.579798000204619, 32.576983000124997],
            [-96.579870000174651, 32.576974000362789],
            [-96.579956000388364, 32.576970999684896],
            [-96.580215999781061, 32.577007000243455],
            [-96.580342000177751, 32.577039000139024],
            [-96.580409000124902, 32.577067000132914],
            [-96.580515000430111, 32.577104999840309],
            [-96.5806550001722, 32.577171000250011],
            [-96.580688999609066, 32.577212999797254],
            [-96.580717999921404, 32.57726099990456],
            [-96.580804000135117, 32.577317999714758],
            [-96.580891000173736, 32.577354000134008],
            [-96.58098300023525, 32.57738200002953],
            [-96.581107999908724, 32.577447000267007],
            [-96.581409000207614, 32.577587000269006],
            [-96.581446999842441, 32.577616000058264],
            [-96.581512000139767, 32.57768300005759],
            [-96.581540999553766, 32.577735999739083],
            [-96.581589000132666, 32.57779300000432],
            [-96.581656999904737, 32.577894000146294],
            [-96.581745999593181, 32.578013000250003],
            [-96.581888999708312, 32.578225000278856],
            [-96.581902999952021, 32.578297000374548],
            [-96.581932000264345, 32.578386999655905],
            [-96.58196300022648, 32.578434999891812],
            [-96.582040000219365, 32.578496000296369],
            [-96.582061999960686, 32.578527999660551],
            [-96.582066000158648, 32.578559999770356],
            [-96.582061999960686, 32.57860500004729],
            [-96.582004000234363, 32.57871299971147],
            [-96.58197999994492, 32.578774999880451],
            [-96.581974999922025, 32.578816000237268],
            [-96.581981999594731, 32.578860999628802],
            [-96.581995000013535, 32.578906999706753],
            [-96.581981999594731, 32.578958000275776],
            [-96.581942000310079, 32.579009000058761],
            [-96.581825999959108, 32.579081000281938],
            [-96.581768000232799, 32.579141000297554],
            [-96.581753999989104, 32.579186000282903],
            [-96.581719999653927, 32.579234000091013],
            [-96.581661999927604, 32.579276000185892],
            [-96.581555999622381, 32.579323999945835],
            [-96.581498999720964, 32.579345000353143],
            [-96.581344999735194, 32.579422000038257],
            [-96.581199999970238, 32.579518000133085],
            [-96.581108999733644, 32.579588000058514],
            [-96.581003000326746, 32.579688999692465],
            [-96.580859000386681, 32.579847999627688],
            [-96.580780999670594, 32.579961999707592],
            [-96.580737000187966, 32.580015000312919],
            [-96.580695000355178, 32.580126000365084],
            [-96.580618000362279, 32.580402000369766],
            [-96.580608000316531, 32.580512999942812],
            [-96.580613000339412, 32.58063400022106],
            [-96.580681000111468, 32.580802000130106],
            [-96.580748999883539, 32.580923000018323],
            [-96.580783000218716, 32.580964000149869],
            [-96.580914999564882, 32.58109100014282],
            [-96.581054000380362, 32.581193000281075],
            [-96.581307000100367, 32.581328000107597],
            [-96.581552000322731, 32.581439999971963],
            [-96.581815999913374, 32.581553000375905],
            [-96.58191800002065, 32.581579999794876],
            [-96.582128999907837, 32.581620999625976],
            [-96.582226999817109, 32.581600999673782],
            [-96.582343999992986, 32.581586000085196],
            [-96.582585000017417, 32.581545000238094],
            [-96.582634000421208, 32.581549999851255],
            [-96.582773000338378, 32.581597999907643],
            [-96.582810999973219, 32.581595000141448],
            [-96.582875000445654, 32.5815730003388],
            [-96.582943000217696, 32.581560999756036],
            [-96.58300299959383, 32.581560999756036],
            [-96.583286000349375, 32.581625999991779],
            [-96.583391999756273, 32.581706999672214],
            [-96.583452000030718, 32.581786000196566],
            [-96.58355400013798, 32.581971000337603],
            [-96.583573000404556, 32.582011999989874],
            [-96.58359900034381, 32.582047000121243],
            [-96.583640000351707, 32.582061999632707],
            [-96.58369700025311, 32.582070999641175],
            [-96.583756999629259, 32.582097999661102],
            [-96.583814000428973, 32.582138000096158],
            [-96.583899999744389, 32.58223099980875],
            [-96.583953000346156, 32.582309999871299],
            [-96.583986999783008, 32.582377000147723],
            [-96.584036000186813, 32.58245899981906],
            [-96.584062999951001, 32.582545999729909],
            [-96.584069999623694, 32.582608000276089],
            [-96.584066000324057, 32.582646999816333],
            [-96.584077000194711, 32.582765999667231],
            [-96.584077000194711, 32.58283600008459],
            [-96.584083999867403, 32.582884000209447],
            [-96.584098999936018, 32.582937999751429],
            [-96.584098999936018, 32.583000999932935],
            [-96.584053999730187, 32.583139999684192],
            [-96.584038999661558, 32.583215999990728],
            [-96.584001000026717, 32.583325000058892],
            [-96.583949000148195, 32.583401000208603],
            [-96.583872999980215, 32.583467999669601],
            [-96.583805000208145, 32.583536999638383],
            [-96.583755999804339, 32.583616000063977],
            [-96.583734000063032, 32.583706000061603],
            [-96.583655000420308, 32.5838349997492],
            [-96.583469999574078, 32.584086000064573],
            [-96.583379000235794, 32.584170000230266],
            [-96.583277999953438, 32.58424900009809],
            [-96.583156999579629, 32.584313000006951],
            [-96.582980000027618, 32.584467999750764],
            [-96.58287799992037, 32.584597999744268],
            [-96.582846999958221, 32.584651999767736],
            [-96.582830000239795, 32.584702000208928],
            [-96.582821000018967, 32.584750000091539],
            [-96.582821000018967, 32.584790999986751],
            [-96.582842999760274, 32.584835000277948],
            [-96.582872999897489, 32.584876000134223],
            [-96.58289100033916, 32.584927000335462],
            [-96.582886000316279, 32.584970999803041],
            [-96.582886000316279, 32.585028999893915],
            [-96.582898999836772, 32.585079000124871],
            [-96.582933999996868, 32.585126999805631],
            [-96.582995000096219, 32.585183000031428],
            [-96.583072999914037, 32.585236999702509],
            [-96.583094999655344, 32.585281999655777],
            [-96.583138000211363, 32.585347000221248],
            [-96.583176999671124, 32.585387999843341],
            [-96.583320999611161, 32.585509000354158],
            [-96.583364000167165, 32.585523000165033],
            [-96.583402999626927, 32.585544999755221],
            [-96.58342500026653, 32.585592999943373],
            [-96.583477000145095, 32.585665000177414],
            [-96.583606999841422, 32.585745999993087],
            [-96.583623999559848, 32.585818999979224],
            [-96.583623999559848, 32.585889000283359],
            [-96.583686000382457, 32.585975999893094],
            [-96.58375900017738, 32.586052999938396],
            [-96.583785000116663, 32.586206999830551],
            [-96.583811000055917, 32.586283999677413],
            [-96.583888999873722, 32.586368000054208],
            [-96.583954000171062, 32.586443999894769],
            [-96.584006999874504, 32.586564999736993],
            [-96.584028999615796, 32.586602000094047],
            [-96.584067000148963, 32.586637999813071],
            [-96.584124999875286, 32.586666999702359],
            [-96.584185000149731, 32.586688999768704],
            [-96.584228999632359, 32.586721999858092],
            [-96.584272000188378, 32.586765000093997],
            [-96.584302000325593, 32.586828999720389],
            [-96.584350000006168, 32.586882999913598],
            [-96.584385000166279, 32.586942000143651],
            [-96.584457999961217, 32.587122000182092],
            [-96.584479999702523, 32.587242000006903],
            [-96.584503999991966, 32.587338999911921],
            [-96.584559000243544, 32.587434999854956],
            [-96.584641000259325, 32.587545999802884],
            [-96.584736999620475, 32.587783000111173],
            [-96.58495799955341, 32.588515000076782],
            [-96.585023999675641, 32.588675999939262],
            [-96.585059999660658, 32.58881300029033],
            [-96.585157999569944, 32.589142999629765],
            [-96.585215000369658, 32.589308999815223],
            [-96.585299999860183, 32.589532999897258],
            [-96.585389000446938, 32.589872000352216],
            [-96.585406000165378, 32.589989000037484],
            [-96.585518000318388, 32.590402999967914],
            [-96.585606000181926, 32.590672999682084],
            [-96.585653999862501, 32.590836999666344],
            [-96.585679999801769, 32.590910999865585],
            [-96.585714999961866, 32.59098400018641],
            [-96.585709999938985, 32.591054000241201],
            [-96.585719000159827, 32.591163999676148],
            [-96.585731999680306, 32.591199999833499],
            [-96.585822999916886, 32.591292000169794],
            [-96.585901999559624, 32.591419999723747],
            [-96.585928000397189, 32.59148899962625],
            [-96.585971999879803, 32.591563999854912],
            [-96.586032000154276, 32.591642000207827],
            [-96.586048999872716, 32.591703999760618],
            [-96.586032000154276, 32.591777000192344],
            [-96.585996999994165, 32.591821999889738],
            [-96.585996999994165, 32.591852000179983],
            [-96.586010000412955, 32.591895000225328],
            [-96.586109999972081, 32.592026999654763],
            [-96.586126999690507, 32.592096999651744],
            [-96.586180000292273, 32.592231999707721],
            [-96.586289000072213, 32.592433000087084],
            [-96.586319000209457, 32.592561000281933],
            [-96.58637500028594, 32.592715000345073],
            [-96.586397000027262, 32.592827000362334],
            [-96.586380000308807, 32.592936999891677],
            [-96.58640600024809, 32.593010000075878],
            [-96.58648400006588, 32.593094999997732],
            [-96.58651400020311, 32.59319300017259],
            [-96.586587999822967, 32.593299999878134],
            [-96.58660999956426, 32.593454000184998],
            [-96.58660999956426, 32.593533999984373],
            [-96.586602000066677, 32.593594999953766],
            [-96.586606000264624, 32.593624999650487],
            [-96.586622999983064, 32.593654000306458],
            [-96.586705999823749, 32.593741999734085],
            [-96.586731999763003, 32.59379000007354],
            [-96.586749000379754, 32.593910000052745],
            [-96.586792999862368, 32.593990999985714],
            [-96.586836000418401, 32.594053000183969],
            [-96.586828000022464, 32.59418100033546],
            [-96.586848999938866, 32.594224999801298],
            [-96.586874999878134, 32.594254000263078],
            [-96.586931999779551, 32.594345999734706],
            [-96.586961999916795, 32.594506999718078],
            [-96.586980000358437, 32.594564999692878],
            [-96.586983999658088, 32.594620000299834],
            [-96.586971000137609, 32.594678999977695],
            [-96.586935999977513, 32.594726000039572],
            [-96.586914000236192, 32.594763000054883],
            [-96.586900999817416, 32.594813999928178],
            [-96.586905999840269, 32.594850999907109],
            [-96.586945000198341, 32.594924000045822],
            [-96.586987999856035, 32.594957000130428],
            [-96.587049999780334, 32.595041999719129],
            [-96.587110000054793, 32.595156999924704],
            [-96.587171000154143, 32.595232999880871],
            [-96.587248999971962, 32.595380999769802],
            [-96.587293000352886, 32.595421000331939],
            [-96.587327999614672, 32.595447000347171],
            [-96.587375000368667, 32.595512000352265],
            [-96.587401000307921, 32.595622000369872],
            [-96.587413999828399, 32.595720000051642],
            [-96.587413999828399, 32.595816000099376],
            [-96.587444999790534, 32.595864000084653],
            [-96.587522999608339, 32.59592599974382],
            [-96.587601000324469, 32.595972999908462],
            [-96.587639999784201, 32.596020999809639],
            [-96.587654000027925, 32.596064999885662],
            [-96.587658000225872, 32.596117000291727],
            [-96.58763599958624, 32.596190000155843],
            [-96.587639999784201, 32.596231999874426],
            [-96.587658000225872, 32.596269000024733],
            [-96.587688000363102, 32.596357999669053],
            [-96.587710000104408, 32.596406000120815],
            [-96.587740000241638, 32.596446000225377],
            [-96.587780000424615, 32.596471000187066],
            [-96.587835999602788, 32.596486000312041],
            [-96.587900999900114, 32.596496999897582],
            [-96.587945000281039, 32.596514000286454],
            [-96.587987999938761, 32.596540999739872],
            [-96.588035999619336, 32.596595000136027],
            [-96.588069999954513, 32.596654000027108],
            [-96.588085000023128, 32.596752999846842],
            [-96.588033000144591, 32.596868000126968],
            [-96.58798200009096, 32.596941000136063],
            [-96.587951999953745, 32.597008999821483],
            [-96.587968999672185, 32.597074000207122],
            [-96.588024999748683, 32.597123999773018],
            [-96.588070999779418, 32.59714600029978],
            [-96.588110000137476, 32.597174000067902],
            [-96.588122999657969, 32.597225000082567],
            [-96.588122999657969, 32.597270999818676],
            [-96.5880759998023, 32.597383000196118],
            [-96.588042000365434, 32.597433000346413],
            [-96.588019999725802, 32.597487000204971],
            [-96.58801200022819, 32.597526999826968],
            [-96.588016000426151, 32.597633999655066],
            [-96.588007000205309, 32.597741000112165],
            [-96.587981000266055, 32.597838999746827],
            [-96.58789099985438, 32.598035999946852],
            [-96.587835999602788, 32.598134000015605],
            [-96.58779299994508, 32.598286999846906],
            [-96.587772000028679, 32.598323000169884],
            [-96.587742999716355, 32.598360000213475],
            [-96.58771199975422, 32.598384999641127],
            [-96.587609999646986, 32.598435999723364],
            [-96.587562999791302, 32.598474999944642],
            [-96.587495000019231, 32.598551000113737],
            [-96.587289999979845, 32.598841000146706],
            [-96.587243000124175, 32.598964000114663],
            [-96.587088000313486, 32.599125999851687],
            [-96.586921999733818, 32.599413000367178],
            [-96.586894000144724, 32.599468999991394],
            [-96.586874999878134, 32.599567000006324],
            [-96.586844999740919, 32.599624999732974],
            [-96.586811000304039, 32.599675999866108],
            [-96.586751000029579, 32.599721999857408],
            [-96.586695999777987, 32.599797999725517],
            [-96.586653000120293, 32.599869999899525],
            [-96.586511999654974, 32.600059999891776],
            [-96.586401000225209, 32.600218000303407],
            [-96.58637500028594, 32.600279000263228],
            [-96.586332999554841, 32.600409000026652],
            [-96.586324000232324, 32.60045900000182],
            [-96.586335999927883, 32.600522999687186],
            [-96.586422000141624, 32.600761000197146],
            [-96.586468999997265, 32.600860999726713],
            [-96.586520000050896, 32.600955000151409],
            [-96.586545999990165, 32.601119999941893],
            [-96.586550000188126, 32.601180000340754],
            [-96.586571000104527, 32.601232000048455],
            [-96.586652000295373, 32.601313999875536],
            [-96.586678000234656, 32.601364999803977],
            [-96.58669099975512, 32.601463999715705],
            [-96.586682000432617, 32.601558999963856],
            [-96.586708000371885, 32.601662999665947],
            [-96.586801000258291, 32.601774999850441],
            [-96.5868649998324, 32.601809999832135],
            [-96.586937999627324, 32.601864000079651],
            [-96.58701899981817, 32.601939999644216],
            [-96.587039999734571, 32.601986999681181],
            [-96.587043999932533, 32.602144999721375],
            [-96.587057000351336, 32.602369999949026],
            [-96.587079000092643, 32.60249699988178],
            [-96.587108000404953, 32.602562000069675],
            [-96.58716000028349, 32.602644999880205],
            [-96.587223999857599, 32.602733000315574],
            [-96.587356000102076, 32.60295000008238],
            [-96.58742800007208, 32.60302900004482],
            [-96.587448999988482, 32.603090000360893],
            [-96.587474999927764, 32.603146999638618],
            [-96.587479000125725, 32.603216000348844],
            [-96.587474999927764, 32.603285000249109],
            [-96.587491999646204, 32.603352999660132],
            [-96.587616000393069, 32.603551000277541],
            [-96.587659000050778, 32.603640000255815],
            [-96.587705999906447, 32.603701999831294],
            [-96.587777999876479, 32.603762999689096],
            [-96.587828999930096, 32.603861999977759],
            [-96.587956999976612, 32.604198999857509],
            [-96.587991000311803, 32.604379999711917],
            [-96.588033000144591, 32.604560000291492],
            [-96.588071999604338, 32.60476199992263],
            [-96.588119000358319, 32.604936999912837],
            [-96.588187000130389, 32.605124999677052],
            [-96.588294000260504, 32.605325000232838],
            [-96.588378999751001, 32.605506000082244],
            [-96.588536999934746, 32.605727999720074],
            [-96.588702999616117, 32.605938999625955],
            [-96.588806000446581, 32.606045000352282],
            [-96.588900000157921, 32.606130000015966],
            [-96.589014999785633, 32.606209000200813],
            [-96.589053000318785, 32.606241999912541],
            [-96.589178999817179, 32.606295000112119],
            [-96.589342999848697, 32.60632700014601],
            [-96.589518999575787, 32.606346999877601],
            [-96.589769999645952, 32.606331999890166],
            [-96.589853000384963, 32.606316000253919],
            [-96.589958999791847, 32.606305000360393],
            [-96.59011100012782, 32.606280000115916],
            [-96.590416999551252, 32.606235999759505],
            [-96.590505000313115, 32.606231999657233],
            [-96.59056999971213, 32.606203000045561],
            [-96.590680000215286, 32.606188000033939],
            [-96.590788999995226, 32.606198000294214],
            [-96.590890000277582, 32.606194999837889],
            [-96.591121000256251, 32.606173000019858],
            [-96.591209000119804, 32.606173000019858],
            [-96.59129199996049, 32.606194999837889],
            [-96.591510000418694, 32.606194999837889],
            [-96.591620999848459, 32.606209000200813],
            [-96.591773000184432, 32.606216999650478],
            [-96.591902999880773, 32.606211999899969],
            [-96.592047999645715, 32.606220000106113],
            [-96.592134999684347, 32.606216999650478],
            [-96.592226999745861, 32.606220000106113],
            [-96.592550999610964, 32.60626799981447],
            [-96.592930999552564, 32.606297999808355],
            [-96.593056999949241, 32.606316000253919],
            [-96.593175999774942, 32.606305000360393],
            [-96.593328999935821, 32.606297999808355],
            [-96.59348499957143, 32.606308000056345],
            [-96.593699999656579, 32.60632399969402],
            [-96.5938620000383, 32.606350000328881],
            [-96.594005999978336, 32.60638900013187],
            [-96.594098000039835, 32.606385999681947],
            [-96.594194000299311, 32.606361000216822],
            [-96.594247000002753, 32.606338999682819],
            [-96.594294999683328, 32.60632700014601],
            [-96.594407999661243, 32.606318999949423],
            [-96.594548000301629, 32.6063409997316],
            [-96.594749000143082, 32.606353000023269],
            [-96.594841000204582, 32.606350000328881],
            [-96.594955000007417, 32.606357000120141],
            [-96.59502899962726, 32.606368000007194],
            [-96.595160999871737, 32.606368000007194],
            [-96.595314000032616, 32.606338999682819],
            [-96.595410000292077, 32.606291000012504],
            [-96.595677000255776, 32.606129000367588],
            [-96.595729000134313, 32.606087999640252],
            [-96.595755000073595, 32.606039999835374],
            [-96.595798999556195, 32.605992000004832],
            [-96.595854999632692, 32.60596699967298],
            [-96.595924999952899, 32.605940999683675],
            [-96.596047999976548, 32.605903999744072],
            [-96.596130999817206, 32.605862999670506],
            [-96.596201000137413, 32.605794000242554],
            [-96.596314999940233, 32.605594999631556],
            [-96.596453999857388, 32.605385000085469],
            [-96.596475999598709, 32.605319000018369],
            [-96.59652400017761, 32.605259999779605],
            [-96.596602999820306, 32.605190000228298],
            [-96.596673000140512, 32.605137000131627],
            [-96.596966000043466, 32.605035000000171],
            [-96.597207000067911, 32.604943000152943],
            [-96.597395000388886, 32.604880000260565],
            [-96.597577999788669, 32.604835999973204],
            [-96.597679000071011, 32.604802000080227],
            [-96.597840999554393, 32.604788000254146],
            [-96.597966999951097, 32.604799000333905],
            [-96.59827400009776, 32.60488399966647],
            [-96.598536000038578, 32.605057000097709],
            [-96.598640999620557, 32.605119999865522],
            [-96.59874600010086, 32.60524399995181],
            [-96.598807000200239, 32.605396000091964],
            [-96.598911999782217, 32.605583999649554],
            [-96.599049999874467, 32.605807000259475],
            [-96.599176000271171, 32.606020000035237],
            [-96.599414999747466, 32.606464999641069],
            [-96.599420999595239, 32.606591999821916],
            [-96.599443000234871, 32.606726000341908],
            [-96.599483000417834, 32.60691800020669],
            [-96.599495999938327, 32.607000000126042],
            [-96.599514000379983, 32.607190999766949],
            [-96.599514000379983, 32.607443999769586],
            [-96.599509000357102, 32.607499999670566],
            [-96.599478000394967, 32.607552000249989],
            [-96.599451999557374, 32.607614999776409],
            [-96.599384999610223, 32.607860999664894],
            [-96.599350000348437, 32.607909000007297],
            [-96.599182000118958, 32.608095999960931],
            [-96.599125000217541, 32.60817000028392],
            [-96.599044999851586, 32.608255000201105],
            [-96.598939000444702, 32.608382999737245],
            [-96.598806000375305, 32.608520000226363],
            [-96.59868300035167, 32.608624999791076],
            [-96.598589999566926, 32.608682999706858],
            [-96.598536999863498, 32.608694000064979],
            [-96.598500999878482, 32.608710000033163],
            [-96.598453000197907, 32.608755000306729],
            [-96.598413000014943, 32.608813999756677],
            [-96.598272000447935, 32.608914999750994],
            [-96.598059999837517, 32.608989000153954],
            [-96.597966999951097, 32.609015000015198],
            [-96.597763999561494, 32.609111999809137],
            [-96.597658000154624, 32.6091529999089],
            [-96.597568999567841, 32.609172000151766],
            [-96.597449999742153, 32.609174999751623],
            [-96.597370000274523, 32.609197999959868],
            [-96.597224999611242, 32.609193999989884],
            [-96.597057000280074, 32.609201999929681],
            [-96.596941999754037, 32.609193999989884],
            [-96.596844999669656, 32.60915000030824],
            [-96.596649999675989, 32.609127000087732],
            [-96.596447000184725, 32.609127000087732],
            [-96.596262000236777, 32.609135000033497],
            [-96.596124999969433, 32.609123999729526],
            [-96.595970000158729, 32.609101000259074],
            [-96.595652000141428, 32.609105000233214],
            [-96.595528000292859, 32.609127000087732],
            [-96.595471000391456, 32.609142000363818],
            [-96.595386999827554, 32.609142000363818],
            [-96.595315999682441, 32.6091529999089],
            [-96.595223999620927, 32.60917800010818],
            [-96.595165999894604, 32.609201999929681],
            [-96.59502899962726, 32.609239000020267],
            [-96.594852999900155, 32.609299000277808],
            [-96.594508000118665, 32.609518000006481],
            [-96.594446000194381, 32.609566000217548],
            [-96.59438000007215, 32.609640999691855],
            [-96.594327000368693, 32.609709999939703],
            [-96.594282999987755, 32.609819000321622],
            [-96.594261000246462, 32.609946000286833],
            [-96.594265000444423, 32.610013000332948],
            [-96.594282999987755, 32.610082999898445],
            [-96.594304999729076, 32.610138000059138],
            [-96.594451000217262, 32.610391000060687],
            [-96.594570000042935, 32.610544999744533],
            [-96.594707000310294, 32.610689999760048],
            [-96.594804000394674, 32.610809000207979],
            [-96.594894999732944, 32.610936000282678],
            [-96.594990999992433, 32.611033000266104],
            [-96.595220000321291, 32.611241000250729],
            [-96.595307000359909, 32.611313999897952],
            [-96.595545000011299, 32.611367999712776],
            [-96.595702000370139, 32.611409000293087],
            [-96.595943000394556, 32.611464999984932],
            [-96.596196999939451, 32.611505999764162],
            [-96.596499000063247, 32.611520999641783],
            [-96.596782999745372, 32.611540999726948],
            [-96.59712699970197, 32.611551000146157],
            [-96.597411000282392, 32.611540999726948],
            [-96.597699999987412, 32.611520999641783],
            [-96.598072000431387, 32.611463000050627],
            [-96.598279000120641, 32.611441000013187],
            [-96.598486999634758, 32.611372999932165],
            [-96.598707999567708, 32.611267000214816],
            [-96.599033999980961, 32.611052000110114],
            [-96.599347999800315, 32.610783000110921],
            [-96.599572999931212, 32.610574999819171],
            [-96.599912999689835, 32.61021099984881],
            [-96.600059000178007, 32.61004299982914],
            [-96.600192000247418, 32.60984899988275],
            [-96.600358999753666, 32.609659999831187],
            [-96.600532000006027, 32.609444999651984],
            [-96.600769999657402, 32.609184000064133],
            [-96.600905000274921, 32.60906200012348],
            [-96.601009000031993, 32.608967999882175],
            [-96.601153999796949, 32.60884599964735],
            [-96.601371000430248, 32.608696999680859],
            [-96.601530000438899, 32.608608000187019],
            [-96.601737000128139, 32.608544999845606],
            [-96.601963000083956, 32.608492999842767],
            [-96.602157000252717, 32.608474999834783],
            [-96.602387000406495, 32.608504000224237],
            [-96.602651999822044, 32.608560000219228],
            [-96.60287699995294, 32.608636000156338],
            [-96.603023000441127, 32.608680999710359],
            [-96.603194999970256, 32.608759999915335],
            [-96.603372000420563, 32.608849000014871],
            [-96.603600999851125, 32.608987000164355],
            [-96.603902000150015, 32.609150999922896],
            [-96.604227999664914, 32.609313999768361],
            [-96.604383000373929, 32.6093779999376],
            [-96.604894999661695, 32.60954500008112],
            [-96.605394000327294, 32.609719999806678],
            [-96.605592999620598, 32.609812000044172],
            [-96.605751999629263, 32.609904999793393],
            [-96.605924000056731, 32.610040000258302],
            [-96.606066000346928, 32.61019199982637],
            [-96.606171999753855, 32.610349000169691],
            [-96.60626399981534, 32.610519000327493],
            [-96.606325999739624, 32.610678999647078],
            [-96.606384000364258, 32.610850999883233],
            [-96.606453999786126, 32.611174000366631],
            [-96.60646700020493, 32.611260000050621],
            [-96.606512000410774, 32.611534000340804],
            [-96.606555999893402, 32.611745000189011],
            [-96.606591000053498, 32.611954999956673],
            [-96.606643999756955, 32.612061999955145],
            [-96.6067190001, 32.612177999837428],
            [-96.606825000405209, 32.612300999652767],
            [-96.607179000407555, 32.612594000058046],
            [-96.607331999670123, 32.612692999665832],
            [-96.60741100021113, 32.612738000208026],
            [-96.607500999724508, 32.612777999830271],
            [-96.607613999702409, 32.61278600020659],
            [-96.607726999680324, 32.612765999642811],
            [-96.607863000122762, 32.612729999827437],
            [-96.608003999689743, 32.612674999745259],
            [-96.60832900027809, 32.612563999903074],
            [-96.608560000256759, 32.612492000095507],
            [-96.608808999778788, 32.61243300004184],
            [-96.609105999879702, 32.612370000121182],
            [-96.609368999645454, 32.612332999810839],
            [-96.60961800006578, 32.61230999965111],
            [-96.609834999800768, 32.612305000240674],
            [-96.6103290004435, 32.61230999965111],
            [-96.610526000086978, 32.612330000316689],
            [-96.61072399955539, 32.612361000128878],
            [-96.611128999611338, 32.612456000169978],
            [-96.611397000298254, 32.612508000141837],
            [-96.611640999797416, 32.612544000046398],
            [-96.611834000141258, 32.612544000046398],
            [-96.612026999586803, 32.612526999672895],
            [-96.612271999809181, 32.612495999918174],
            [-96.612436999665604, 32.612461000328672],
            [-96.612963999920311, 32.612377000198613],
            [-96.613218000363517, 32.612361000128878],
            [-96.613434000273585, 32.612366000292873],
            [-96.613717000130805, 32.612354000050175],
            [-96.614131000407582, 32.61230999965111],
            [-96.614296000264034, 32.612278999821264],
            [-96.614426999785294, 32.612238999976128],
            [-96.614826999818362, 32.612096000118889],
            [-96.614991999674814, 32.612056000192013],
            [-96.615157000429576, 32.612036999804324],
            [-96.615349999875093, 32.612043000325428],
            [-96.615830000274116, 32.612083999840024],
            [-96.616098000062735, 32.612099000377519],
            [-96.616539999928605, 32.612096000118889],
            [-96.616746999617831, 32.612103999799437],
            [-96.616907000349727, 32.612136000027839],
            [-96.617047999916721, 32.612175000338084],
            [-96.617194000404908, 32.612238999976128],
            [-96.617349000215597, 32.612345999635274],
            [-96.617509000049168, 32.612465000152724],
            [-96.617904000059383, 32.612774000020188],
            [-96.618124999992318, 32.612933000278467],
            [-96.618417000070366, 32.613194000290314],
            [-96.618760000202045, 32.613535999963062],
            [-96.618949000347939, 32.613706000124211],
            [-96.619094000112895, 32.613853000199157],
            [-96.619253999946451, 32.614027000269381],
            [-96.619546000024499, 32.614368000230996],
            [-96.619710999880951, 32.614572999860179],
            [-96.620309000280741, 32.615240000370513],
            [-96.620422000258657, 32.615357999766516],
            [-96.620542999734155, 32.615523999807884],
            [-96.621316000036146, 32.616572000284471],
            [-96.622089000338121, 32.617619999843832],
            [-96.622198000118075, 32.617726999882649],
            [-96.621699000350787, 32.618121999653937],
            [-96.619831000429855, 32.619663000168899],
            [-96.619382999817887, 32.620003999850738],
            [-96.618690999706757, 32.620539999895961],
            [-96.618300999719423, 32.620835000303423],
            [-96.617981000052282, 32.62109100030257],
            [-96.617767999616945, 32.621270000348858],
            [-96.617550999881971, 32.621467999940812],
            [-96.617088000099699, 32.621911999726443],
            [-96.615610999991006, 32.62356800011419],
            [-96.614938999971372, 32.624270999918934],
            [-96.614010000033772, 32.625166000334822],
            [-96.61393800006374, 32.625267000042143],
            [-96.613793000298784, 32.625468999871394],
            [-96.613635000115053, 32.625753000148705],
            [-96.613562000320115, 32.625987999638213],
            [-96.613488999626853, 32.626455000014971],
            [-96.613404999961276, 32.627165999688998],
            [-96.611158999748582, 32.627512999778347],
            [-96.610833000233654, 32.627498000310347],
            [-96.610634999866917, 32.627474000097038],
            [-96.609613000042927, 32.627251999899805],
            [-96.609577999882802, 32.627245999641453],
            [-96.609193999743255, 32.627195000077222],
            [-96.608867000403421, 32.627210999765602],
            [-96.608632000226777, 32.62725699998866],
            [-96.608385000354573, 32.627361000109758],
            [-96.608231000368789, 32.627457000288899],
            [-96.607234999585728, 32.628238000070731],
            [-96.604569999971673, 32.630419999931441],
            [-96.603259000442677, 32.631483999699384],
            [-96.602757000302333, 32.63190899977652],
            [-96.602239000268469, 32.632349999630733],
            [-96.600623000242621, 32.633733000295265],
            [-96.60022800023242, 32.634051000215059],
            [-96.598254999831184, 32.635648000030862],
            [-96.597159000387322, 32.636558000360239],
            [-96.59635000010033, 32.637231000038241],
            [-96.596016000189479, 32.637520000326703],
            [-96.59597500018161, 32.637576999624244],
            [-96.595884999769922, 32.637706999704385],
            [-96.59583100024156, 32.63786600030793],
            [-96.595798999556195, 32.638064000250495],
            [-96.595822000020732, 32.638298999938343],
            [-96.59589399999075, 32.638606999849848],
            [-96.59594099984642, 32.638850999979951],
            [-96.595944000219475, 32.639159000260364],
            [-96.595846000310175, 32.639349000096054],
            [-96.595714999890617, 32.63951000011474],
            [-96.593877999931806, 32.641022000326402],
            [-96.591356000432896, 32.643056999792968],
            [-96.589981000431465, 32.644156999853358],
            [-96.585942999567493, 32.647303000081195],
            [-96.585879999818303, 32.647350999696371],
            [-96.585858000076996, 32.647371000095752],
            [-96.585535000036813, 32.647670000313539],
            [-96.585418999685857, 32.647776999974049],
            [-96.585171999813653, 32.648022999923867],
            [-96.58478600002428, 32.648479000254888],
            [-96.584263999792455, 32.649235999903169],
            [-96.583048999624594, 32.651037000310801],
            [-96.582137000303746, 32.652356999722059],
            [-96.586937999627324, 32.656574000195825],
            [-96.587886999656419, 32.65739300033546],
            [-96.589453000351867, 32.658797000188471],
            [-96.589968000012675, 32.659257999837649],
            [-96.590223000280801, 32.659518000307223],
            [-96.590435999817828, 32.659506000337096],
            [-96.590737000116704, 32.659511000135772],
            [-96.59099200038483, 32.65952499972181],
            [-96.591506000220733, 32.659591999709185],
            [-96.591978000223833, 32.659677999754834],
            [-96.592257999707996, 32.659762000106504],
            [-96.592495000432777, 32.659855000133639],
            [-96.592944999796259, 32.660071000018526],
            [-96.593122000246595, 32.66015400019959],
            [-96.593723999946036, 32.660490999897021],
            [-96.594079999598179, 32.660673999707626],
            [-96.594590000134431, 32.660955000018056],
            [-96.591666000054289, 32.663337999662282],
            [-96.590424000122255, 32.664351000029612],
            [-96.591173000134788, 32.664838000050558],
            [-96.590732000093837, 32.66524999999298],
            [-96.589882999623853, 32.664775999718579],
            [-96.589330000328232, 32.665255999970789],
            [-96.588346000139055, 32.666111999983649],
            [-96.589131000136589, 32.666449999633663],
            [-96.589889000369951, 32.666775999767403],
            [-96.590506000138006, 32.667042000155327],
            [-96.590766000429014, 32.667190999773588],
            [-96.591162000264148, 32.667417000303885],
            [-96.591348000036973, 32.66752300005453],
            [-96.591772000359512, 32.66764199978892],
            [-96.59217200039258, 32.667702999928075],
            [-96.592399999998221, 32.667830000171058],
            [-96.593138999965021, 32.668364999814216],
            [-96.597970000324139, 32.670923999942637],
            [-96.597337999589158, 32.671433000098908],
            [-96.595775999989982, 32.672724999713601],
            [-96.595559000254994, 32.672910000255548],
            [-96.595370999934019, 32.673065000128503],
            [-96.594154000116333, 32.672509999828712],
            [-96.590522000031555, 32.670788999833583],
            [-96.590225999755546, 32.670645000097394],
            [-96.58935500044258, 32.670233000074461],
            [-96.588695000118506, 32.669933000007703],
            [-96.588365000405616, 32.669780999831445],
            [-96.588175000434816, 32.669908999837865],
            [-96.585289999814421, 32.67194199962394],
            [-96.585319000126745, 32.671991000046219],
            [-96.585319000126745, 32.672025999791252],
            [-96.585298000210358, 32.672130999700244],
            [-96.585171999813653, 32.672342000325294],
            [-96.584837999902803, 32.672623999905952],
            [-96.584647000107097, 32.672775999782679],
            [-96.583637999803557, 32.673585000128476],
            [-96.583268999732624, 32.673893000236738],
            [-96.582841000110449, 32.674237000074562],
            [-96.581719999653927, 32.675141999702696],
            [-96.581071999923722, 32.675689000242862],
            [-96.580721000294446, 32.675960000195929],
            [-96.578958999780397, 32.675172000047219],
            [-96.577520000204871, 32.676398000214988],
            [-96.577444999861811, 32.676462000037972],
            [-96.576530999992812, 32.677213999815926],
            [-96.576027000202657, 32.677576999803151],
            [-96.575308000327354, 32.678212999711143],
            [-96.574625000437067, 32.678682999890981],
            [-96.574755999958299, 32.678809000056184],
            [-96.575940000164024, 32.679938000181586],
            [-96.575778999607238, 32.680073000075097],
            [-96.575703000337555, 32.680132000132552],
            [-96.575537999582792, 32.680262000339361],
            [-96.575361000030796, 32.680408000357708],
            [-96.575192999801317, 32.680549000003914],
            [-96.575161999839182, 32.680577000143096],
            [-96.575006000203558, 32.680709000357034],
            [-96.574689999836067, 32.68094300029118],
            [-96.574345999879483, 32.680697999779554],
            [-96.573884999747023, 32.680303000347891],
            [-96.573666000362223, 32.680180000265821],
            [-96.573488000087011, 32.680162000313381],
            [-96.571677999892373, 32.680321000271974],
            [-96.571538000150298, 32.680325000086576],
            [-96.569900000383143, 32.680479000373637],
            [-96.569713999711979, 32.680494000029],
            [-96.569460000167084, 32.680515999720562],
            [-96.568737999918739, 32.680568000207359],
            [-96.568418000251583, 32.680600999715367],
            [-96.567994999753978, 32.680642000324397],
            [-96.567598999918843, 32.680672999905646],
            [-96.567059999968592, 32.680713999725491],
            [-96.566719000385049, 32.680746000364813],
            [-96.566458000269137, 32.680771000218336],
            [-96.56437199989, 32.680945000184572],
            [-96.563090999599908, 32.681052999654142],
            [-96.562882000260856, 32.68109599994569],
            [-96.562714000031363, 32.681186000242711],
            [-96.56259400038077, 32.68128000022088],
            [-96.563150000049461, 32.681702999654391],
            [-96.562926999568376, 32.681923999710989],
            [-96.562841000252959, 32.681984000370939],
            [-96.562154999989616, 32.682584999767194],
            [-96.560186999611261, 32.684312999827227],
            [-96.559523999812441, 32.684895999673124],
            [-96.558857999640594, 32.685482000314927],
            [-96.557814999900174, 32.686399999821305],
            [-96.557113999568216, 32.687015000311838],
            [-96.55661800017397, 32.68745200030137],
            [-96.556767999961806, 32.687578999686139],
            [-96.556911999901843, 32.687702000162382],
            [-96.55703199955245, 32.687803999801808],
            [-96.557561000355278, 32.688253000357321],
            [-96.558216999583081, 32.688810000084125],
            [-96.558512000034156, 32.689058000211318],
            [-96.557364999638366, 32.690136000094057],
            [-96.55551599998401, 32.691876000101885],
            [-96.555270999761632, 32.692054999843869],
            [-96.557532999867874, 32.694060000138556],
            [-96.557737000082369, 32.694240000213171],
            [-96.558106999978222, 32.694544999637046],
            [-96.558469000376476, 32.694865999964883],
            [-96.558533999775477, 32.694922999739937],
            [-96.558871999884289, 32.6952300001835],
            [-96.559312000100334, 32.69563000015745],
            [-96.560547000359691, 32.696684999673828],
            [-96.561015000164844, 32.697084999931313],
            [-96.561170999800439, 32.697216999932841],
            [-96.561225000227111, 32.697262000283935],
            [-96.561276000280728, 32.697307999997776],
            [-96.561325999611128, 32.697353000302947],
            [-96.561375999839839, 32.697398999969948],
            [-96.561422999695523, 32.697446999892911],
            [-96.561469999551193, 32.697493999650803],
            [-96.561517000305159, 32.697542999661508],
            [-96.561561999612707, 32.697591999645354],
            [-96.561605999993631, 32.697641999739936],
            [-96.561692000207358, 32.697744000118277],
            [-96.561771999674974, 32.697847999894805],
            [-96.561848999667873, 32.697953999818559],
            [-96.561920999637891, 32.698063000015431],
            [-96.561989000308259, 32.6981730002109],
            [-96.562052000057463, 32.698284999775836],
            [-96.562109999783786, 32.698400000343803],
            [-96.562189000324807, 32.698575000102075],
            [-96.562257000096878, 32.698752999893024],
            [-96.562303000127642, 32.698908999638704],
            [-96.56246600033424, 32.699461999690584],
            [-96.562558000395754, 32.699774000210553],
            [-96.56278199980342, 32.700527999672978],
            [-96.562950999857833, 32.701082000375422],
            [-96.562979000345223, 32.701167999788623],
            [-96.563420000386188, 32.701228999708889],
            [-96.565019999620219, 32.701429000084417],
            [-96.565516999737667, 32.701509000109169],
            [-96.565597999928528, 32.701520999728693],
            [-96.565667000423801, 32.701211000220063],
            [-96.56669000007274, 32.701251000339056],
            [-96.567013000112922, 32.70126299999334],
            [-96.567449999955926, 32.701675999835182],
            [-96.567490999963823, 32.701639000185345],
            [-96.567383999833694, 32.701544999718934],
            [-96.567264000183087, 32.701440999714755],
            [-96.56722700037318, 32.701408000349524],
            [-96.567280999901527, 32.701367000204939],
            [-96.567455999803727, 32.701373000024439],
            [-96.567684000307665, 32.701382000130934],
            [-96.567766000323431, 32.701384999662295],
            [-96.568126999998455, 32.701399000245665],
            [-96.568332000037856, 32.701407000254015],
            [-96.568599999826446, 32.701417999791929],
            [-96.568810999713662, 32.701425999798637],
            [-96.568840000025986, 32.701429000084417],
            [-96.568917999843791, 32.701437000090145],
            [-96.56902300032408, 32.701447000285214],
            [-96.569537999984888, 32.701500000015471],
            [-96.569872999720644, 32.701534000196681],
            [-96.570742000282095, 32.701624999639648],
            [-96.571272999836424, 32.701676999927642],
            [-96.571393000385342, 32.701690000372878],
            [-96.571600000074582, 32.701712000133455],
            [-96.571934999810338, 32.701746000233896],
            [-96.572091000344244, 32.701762000187792],
            [-96.573120999665875, 32.701866999908198],
            [-96.573617999783337, 32.701917999965438],
            [-96.574202999764353, 32.702405000021976],
            [-96.574242000122396, 32.702428999774476],
            [-96.574275999559291, 32.702457999939163],
            [-96.574666000444935, 32.702749999717319],
            [-96.575152999618339, 32.703184000314359],
            [-96.575269999794202, 32.703303000158193],
            [-96.575287000410952, 32.70331999990691],
            [-96.576021000354871, 32.703352000003242],
            [-96.57862200039483, 32.703573000142597],
            [-96.579120000337198, 32.703603000006439],
            [-96.579958000038204, 32.703651999686819],
            [-96.581796999646812, 32.703722000047378],
            [-96.582958000286311, 32.703654999897765],
            [-96.583011999814673, 32.703716999699481],
            [-96.584755999887051, 32.703661999633681],
            [-96.585376999853068, 32.703643999879667],
            [-96.585720999809652, 32.703586000311624],
            [-96.585971000054897, 32.703554000299206],
            [-96.586277000376654, 32.703516999916211],
            [-96.586446000431067, 32.703499000132958],
            [-96.586700999800883, 32.70346499994448],
            [-96.588119000358319, 32.703292000096702],
            [-96.58845800029205, 32.703271000044296],
            [-96.589912999761097, 32.703202000161184],
            [-96.590061999724, 32.703276999735763],
            [-96.591428000402914, 32.703221000079566],
            [-96.593662999846657, 32.702913999908844],
            [-96.595517000422205, 32.70276700032732],
            [-96.595500999630374, 32.702708000108338],
            [-96.596059999672093, 32.702676999862369],
            [-96.598314000280737, 32.702460000106598],
            [-96.599494000288473, 32.702358999911446],
            [-96.602478999569684, 32.702106000013465],
            [-96.602594999920626, 32.702098000067771],
            [-96.604874999570214, 32.701886000110761],
            [-96.605022999708211, 32.701872999694125],
            [-96.606253999769592, 32.701764999706342],
            [-96.607669999778921, 32.701584999688222],
            [-96.607698000266311, 32.701655000158375],
            [-96.607698000266311, 32.701802000059821],
            [-96.607905999780456, 32.701795000177995],
            [-96.609160000306389, 32.701674999742664],
            [-96.609987999961646, 32.701595999960126],
            [-96.610815999616904, 32.701511000297813],
            [-96.612525000427496, 32.701346999795675],
            [-96.613379000022022, 32.701272000110933],
            [-96.61417599971513, 32.701266000284591],
            [-96.614180999737982, 32.701058000260744],
            [-96.614276999997472, 32.699632999928937],
            [-96.614316000355515, 32.69950199983758],
            [-96.614332000249036, 32.699344000135213],
            [-96.614312999982474, 32.698489999830372],
            [-96.614302999936726, 32.697166000213123],
            [-96.614331000424144, 32.696487999702725],
            [-96.614332000249036, 32.696457000320081],
            [-96.614336000446997, 32.696312000235764],
            [-96.617477000262113, 32.696332999657791],
            [-96.617560999927704, 32.695194000294471],
            [-96.61764299994347, 32.695194999703617],
            [-96.618333000404775, 32.695208000337061],
            [-96.621563999733254, 32.695285000153937],
            [-96.622372000195341, 32.695332000294179],
            [-96.622371000370435, 32.694932999908886],
            [-96.622856999718934, 32.694867000133698],
            [-96.622861999741801, 32.694721999734483],
            [-96.622876999810416, 32.69455499984835],
            [-96.622879000358552, 32.694436999853622],
            [-96.622916999993379, 32.691658000341128],
            [-96.622935000435049, 32.690436999813429],
            [-96.623666999830832, 32.690432000233308],
            [-96.624707000096507, 32.690432000233308],
            [-96.628421000197065, 32.690446999728927],
            [-96.628898000223046, 32.690439999712616],
            [-96.629187999752958, 32.690438000031875],
            [-96.629472000333394, 32.690436999813429],
            [-96.629920999871956, 32.690433999914191],
            [-96.630397000073017, 32.690431000014797],
            [-96.6304230000123, 32.690431000014797],
            [-96.630463000195277, 32.690429999796329],
            [-96.630720000113214, 32.690557000237462],
            [-96.631466999577611, 32.690973999814098],
            [-96.631926000060247, 32.691234999678549],
            [-96.632030999642254, 32.691291000051173],
            [-96.63215700003893, 32.691365999806685],
            [-96.63223800022979, 32.691415000157207],
            [-96.632287999560191, 32.69144400012059],
            [-96.632335000314157, 32.691470000210067],
            [-96.632413999956881, 32.691513000021644],
            [-96.632427000375671, 32.691492000221757],
            [-96.632504000368556, 32.691364000146663],
            [-96.632530000307838, 32.691321000263322],
            [-96.632586000384322, 32.691350999709428],
            [-96.63340300016894, 32.691840000372302],
            [-96.634026999609688, 32.692197999641721],
            [-96.634594000047343, 32.692527000141425],
            [-96.634820000003145, 32.692656999692169],
            [-96.635021999669519, 32.692774000335575],
            [-96.635478999604018, 32.693035000229663],
            [-96.635991999615015, 32.693313000259558],
            [-96.637089999606985, 32.69386600020615],
            [-96.637227999699249, 32.693938999708045],
            [-96.63753099964795, 32.694094000130065],
            [-96.637503999883776, 32.694308000046107],
            [-96.637896000419261, 32.694515999925009],
            [-96.63830399994994, 32.694708999786251],
            [-96.638647000081605, 32.694881999640167],
            [-96.639873999945024, 32.695490000294903],
            [-96.640249999688677, 32.695678000275841],
            [-96.640745000156315, 32.695950000206828],
            [-96.640918000408689, 32.696041000051522],
            [-96.64196299979892, 32.696619999831199],
            [-96.643822000397336, 32.697630999736631],
            [-96.644002000322388, 32.697740999708607],
            [-96.645667999678636, 32.698631999776467],
            [-96.646266999903332, 32.698945000297243],
            [-96.647186999620118, 32.699359999763736],
            [-96.647637999706816, 32.6995599997921],
            [-96.64853200038263, 32.6999020003216],
            [-96.648746999569468, 32.699990000338651],
            [-96.648738000246951, 32.700291000093308],
            [-96.648729999851028, 32.700324999979159],
            [-96.648730999675934, 32.700344999861521],
            [-96.648729000026123, 32.700549999720074],
            [-96.648663999728782, 32.704690000137852],
            [-96.648677000147586, 32.704998000300904],
            [-96.648656000231199, 32.706832999667952],
            [-96.648633999591567, 32.708673999930625],
            [-96.648609000375515, 32.709895999659651],
            [-96.648585999910978, 32.712213999839364],
            [-96.648574000215433, 32.713552000104613],
            [-96.64857699969015, 32.714875000028883],
            [-96.648568000367646, 32.71590900017673],
            [-96.648556999598682, 32.717011000347235],
            [-96.64848600035188, 32.7194089998927],
            [-96.64848600035188, 32.719560000341673],
            [-96.649718000238181, 32.71958200023056],
            [-96.649844999561466, 32.719588000336771],
            [-96.65029700037141, 32.719591999903443],
            [-96.651586999984019, 32.719605000005565],
            [-96.652643000143215, 32.719616000323022],
            [-96.653981000334724, 32.719618999997174],
            [-96.655373999879501, 32.719623000318244],
            [-96.657036999761019, 32.719623000318244],
            [-96.65701099982175, 32.721513999951817],
            [-96.65699499992823, 32.721906000318633],
            [-96.656993000278405, 32.722475999794021],
            [-96.656979999859601, 32.723717000219345],
            [-96.656974000011829, 32.724713999972906],
            [-96.656964999791001, 32.725101999800074],
            [-96.656964999791001, 32.725616000048618],
            [-96.656958999943214, 32.726511999672226],
            [-96.6569499997224, 32.727448999627704],
            [-96.656952000270522, 32.727705000357801],
            [-96.656948000072546, 32.728678999651919],
            [-96.656947000247655, 32.728962000160251],
            [-96.656944999699505, 32.72986100024788],
            [-96.656937000201921, 32.731100000374212],
            [-96.657849000421066, 32.73109299976867],
            [-96.659217999676414, 32.731098999855924],
            [-96.65943699995951, 32.731107000223517],
            [-96.659525999647983, 32.731142000217574],
            [-96.659575999876694, 32.731193999924315],
            [-96.6595919997702, 32.731439000110768],
            [-96.659584000272616, 32.732214000245349],
            [-96.659568000379082, 32.732705999872429],
            [-96.659512000302584, 32.732805000224836],
            [-96.659450000378314, 32.732871999637673],
            [-96.659161999599903, 32.733052999739527],
            [-96.659012999636971, 32.733179000228034],
            [-96.65889999965907, 32.733304999782739],
            [-96.658846999955628, 32.73343999980974],
            [-96.658804000297934, 32.733595000372155],
            [-96.658783000381533, 32.733789999795007],
            [-96.658776999635435, 32.733879000118272],
            [-96.658796999726917, 32.734008999870483],
            [-96.658826999864147, 32.734209000048978],
            [-96.659417999692948, 32.73421400019884],
            [-96.661843999830694, 32.73423199982917],
            [-96.663468000252479, 32.734245999791035],
            [-96.664111999784723, 32.734236999977732],
            [-96.665511000075583, 32.734236999977732],
            [-96.665603999962016, 32.734242999853365],
            [-96.665695000198596, 32.734239000188175],
            [-96.66771200008246, 32.734267999834579],
            [-96.668143000077677, 32.734275999917784],
            [-96.668872999823648, 32.734264000170555],
            [-96.670016999846382, 32.734281999790781],
            [-96.671176999762679, 32.734302000372068],
            [-96.673223999783744, 32.734281999790781],
            [-96.673673000220631, 32.734275999917784],
            [-96.67426599969923, 32.734286999936501],
            [-96.67575100020386, 32.734311999905422],
            [-96.677331000244678, 32.734336000140935],
            [-96.678599999940914, 32.734330000271562],
            [-96.680960999781334, 32.734339000075458],
            [-96.682806999960945, 32.734350000086472],
            [-96.682833999725148, 32.737856999907116],
            [-96.682826000227536, 32.738835999994173],
            [-96.682817999831613, 32.7414839999267],
            [-96.682831000250417, 32.742702000339428],
            [-96.682816000181788, 32.744003999642821],
            [-96.682808999610785, 32.746357999838096],
            [-96.68279600009032, 32.748742000333898],
            [-96.682792999717265, 32.748820000344715],
            [-96.682792999717265, 32.748886999805492],
            [-96.682951999725901, 32.748891000324257],
            [-96.682960999946744, 32.75005399979743],
            [-96.682965000144705, 32.752291000054903],
            [-96.682940999855276, 32.754621000305171],
            [-96.682931999634434, 32.755017999859298],
            [-96.682910999718032, 32.756281999839757],
            [-96.682910999718032, 32.757183999980654],
            [-96.682910999718032, 32.757680000107982],
            [-96.682919000113955, 32.757891000162218],
            [-96.682905999695166, 32.759189000264165],
            [-96.682862000212552, 32.760203000032845],
            [-96.68273099979298, 32.760225999901877],
            [-96.680034000391885, 32.760224000274782],
            [-96.680034000391885, 32.760603999624166],
            [-96.680014000300403, 32.761425999968253],
            [-96.680006999729386, 32.761888000067167],
            [-96.679964000071692, 32.763381999849628],
            [-96.682668999868696, 32.763365000221157],
            [-96.682787999694384, 32.763346000277089],
            [-96.685565000359745, 32.763319999989193],
            [-96.686181000302895, 32.763342999808422],
            [-96.686792000223178, 32.763347999834025],
            [-96.687413000189196, 32.763377999981778],
            [-96.687978000078715, 32.763399000230272],
            [-96.688710000372808, 32.763317000275073],
            [-96.689511000263892, 32.763150999821299],
            [-96.689702999884517, 32.763087999640874],
            [-96.690013000404221, 32.763012999763689],
            [-96.689984000091911, 32.763159999735521],
            [-96.690092000046945, 32.763136999869012],
            [-96.690275000345054, 32.76309600015788],
            [-96.690497999927814, 32.763078999719383],
            [-96.69076900008946, 32.763078999719383],
            [-96.691109999672989, 32.763102999759845],
            [-96.69135200042065, 32.763125999635122],
            [-96.692350999780132, 32.76332299970322],
            [-96.692584000306951, 32.763364000065181],
            [-96.692971999746149, 32.763413000141369],
            [-96.693282000265853, 32.763429000360837],
            [-96.693562999574951, 32.763437000091791],
            [-96.693970000179021, 32.763429000360837],
            [-96.695853000168555, 32.763422000029152],
            [-96.697074000184216, 32.763443999666954],
            [-96.69809400035841, 32.763474999937095],
            [-96.699652999584529, 32.763474999937095],
            [-96.700579999872303, 32.763511000212901],
            [-96.700579999872303, 32.764284999978038],
            [-96.700583000245359, 32.764317000100682],
            [-96.700591999567877, 32.765334000035871],
            [-96.700593000291107, 32.766112000315466],
            [-96.700712000116795, 32.766313999678133],
            [-96.700705000444103, 32.766416000064702],
            [-96.700686000177512, 32.766505999642199],
            [-96.700644000344724, 32.766669000282029],
            [-96.700610999834453, 32.766757000123427],
            [-96.700473999567109, 32.767013999831676],
            [-96.700332000175194, 32.767233999930127],
            [-96.700025000028532, 32.76720800002235],
            [-96.700072999709107, 32.768182999675382],
            [-96.700064000386575, 32.769249999985838],
            [-96.700076000082163, 32.770352000044269],
            [-96.700069000409457, 32.771424999672924],
            [-96.700069000409457, 32.772486000075844],
            [-96.700070000234376, 32.772633000266708],
            [-96.700070000234376, 32.772734000159453],
            [-96.700071999884202, 32.772892999773426],
            [-96.700071999884202, 32.773705000302968],
            [-96.70008000028011, 32.7744769997406],
            [-96.700076000082163, 32.774658999933763],
            [-96.700085000302991, 32.775482999694951],
            [-96.700090000325858, 32.775633000277054],
            [-96.70008000028011, 32.776281999866903],
            [-96.700064000386575, 32.776943000052334],
            [-96.700052999617625, 32.778036000101253],
            [-96.701191999617507, 32.778032000136641],
            [-96.702307000226241, 32.778041000056817],
            [-96.704195000238656, 32.778049999976119],
            [-96.70493599985528, 32.778049999976119],
            [-96.705109999932546, 32.778065999830382],
            [-96.705193999598137, 32.778080999691156],
            [-96.705349000307152, 32.778121000062768],
            [-96.70556500021722, 32.778191000103384],
            [-96.70596199987726, 32.778336999946141],
            [-96.707240999619231, 32.7788069997478],
            [-96.707755000353444, 32.778996000011048],
            [-96.707989999631764, 32.779079999831339],
            [-96.708270999839158, 32.77916700026298],
            [-96.708979999668728, 32.779331000350389],
            [-96.709354999587447, 32.779407000048963],
            [-96.709773000062199, 32.779481999707741],
            [-96.710416999594443, 32.779568999746239],
            [-96.710956000443005, 32.779609000204196],
            [-96.711435000118797, 32.779615000044807],
            [-96.711937000259127, 32.779596999766589],
            [-96.712158000192062, 32.779604000336739],
            [-96.712327000246489, 32.779615000044807],
            [-96.712449000445204, 32.779636000238824],
            [-96.712570999745623, 32.779675999911376],
            [-96.712776999609957, 32.779754999986068],
            [-96.712876000242474, 32.779817999698928],
            [-96.713867999929249, 32.780662999975931],
            [-96.714166999679989, 32.780928999941509],
            [-96.7149559998755, 32.781621000339804],
            [-96.715453999817882, 32.782092000110339],
            [-96.71598100007256, 32.782537999632581],
            [-96.716467000319383, 32.782912000021319],
            [-96.716786000161605, 32.782629000217206],
            [-96.717196000240435, 32.782251000374281],
            [-96.717925000161472, 32.781622000290639],
            [-96.718223999912226, 32.781346999791118],
            [-96.71861399989956, 32.780994000249422],
            [-96.72054100027006, 32.779272000201807],
            [-96.720785999594113, 32.779058000281694],
            [-96.72085000006652, 32.779033000031603],
            [-96.720917999838591, 32.779012999675373],
            [-96.72101300027316, 32.779012999675373],
            [-96.721112999832272, 32.779021000271541],
            [-96.721406999560131, 32.779094000297221],
            [-96.721250999924521, 32.778982000285033],
            [-96.72099400000657, 32.778815000362492],
            [-96.721072999649294, 32.778706999933604],
            [-96.721041999687159, 32.778681000356293],
            [-96.721026999618545, 32.77863400034574],
            [-96.721019000120933, 32.778555000031083],
            [-96.728460999667433, 32.777796999632208],
            [-96.730612000343882, 32.777571999981831],
            [-96.730805999614333, 32.777576999963465],
            [-96.73123800033278, 32.77755800003181],
            [-96.732306000187549, 32.777579999952316],
            [-96.732892999818375, 32.777602999863397],
            [-96.73308199996427, 32.777613999818776],
            [-96.733168000177997, 32.777613999818776],
            [-96.733610000043882, 32.777644999685705],
            [-96.73420099987267, 32.777715000100791],
            [-96.734344999812706, 32.777730000020739],
            [-96.734889999610729, 32.777793999650711],
            [-96.735770999867768, 32.77795999998694],
            [-96.73672499991973, 32.778180000219336],
            [-96.737237999930699, 32.7782809998589],
            [-96.737719000154641, 32.778368000316441],
            [-96.737755000139657, 32.778386000087991],
            [-96.737786999926712, 32.778383000126297],
            [-96.738056000438519, 32.778430000269438],
            [-96.739434999739601, 32.778676999665343],
            [-96.739633999931229, 32.778708999900807],
            [-96.741292999614799, 32.778990000128751],
            [-96.741618000203118, 32.779030000091716],
            [-96.742855000112286, 32.779173000133333],
            [-96.743035000037338, 32.779191999720126],
            [-96.743188000198202, 32.779207000146364],
            [-96.743394000062537, 32.779220999836994],
            [-96.745214000302909, 32.779530999974263],
            [-96.747473999861, 32.779836999903274],
            [-96.748386999905065, 32.780001000266303],
            [-96.748514999951567, 32.780028000181971],
            [-96.751947999844745, 32.780644999909796],
            [-96.754615000006922, 32.781125999880388],
            [-96.754888999643313, 32.781179999776008],
            [-96.754926000351546, 32.781188000177309],
            [-96.756378000345876, 32.781440999942134],
            [-96.756590000057983, 32.781474999843738],
            [-96.757061000236163, 32.781553999831551],
            [-96.757658999737657, 32.781679999685984],
            [-96.758365000092496, 32.781857999703796],
            [-96.75915000009006, 32.782065000065771],
            [-96.759427999924398, 32.782137999859678],
            [-96.759356999779286, 32.782313999830279],
            [-96.759058999853451, 32.783110000034831],
            [-96.758925999784054, 32.783476000089749],
            [-96.758709000049095, 32.784078999638552],
            [-96.758654999622408, 32.784075999868833],
            [-96.758103000151678, 32.784016999845939],
            [-96.75796699970924, 32.783998999703137],
            [-96.757955999838586, 32.784050000349978],
            [-96.757941999594877, 32.784103000058302],
            [-96.757324000001915, 32.784695000054633],
            [-96.757082999977484, 32.784906000268307],
            [-96.756446000117919, 32.785489000286283],
            [-96.755846000068303, 32.786026000278618],
            [-96.755533999898773, 32.786315999891144],
            [-96.75481500002347, 32.786988999739698],
            [-96.754661999862591, 32.78713400035997],
            [-96.754507999876807, 32.787265999943124],
            [-96.754850000183566, 32.787505999781708],
            [-96.754986999552614, 32.787652000197475],
            [-96.755157000330243, 32.787818000265304],
            [-96.75565199989957, 32.788224000190176],
            [-96.756148000192098, 32.788675999916734],
            [-96.75646799985924, 32.788947000186809],
            [-96.757292000214861, 32.789667000011569],
            [-96.758118000220279, 32.790380000327559],
            [-96.757831000165098, 32.790641999781776],
            [-96.757597999638278, 32.790818000296142],
            [-96.757498000079181, 32.790903000128061],
            [-96.757349999941155, 32.791036000004127],
            [-96.757647000042098, 32.791030000178658],
            [-96.758088000083063, 32.79101500023566],
            [-96.758451000306223, 32.7909910001705],
            [-96.758790000239927, 32.790968999790458],
            [-96.758955000096364, 32.791113999963841],
            [-96.759407999832916, 32.791496000017816],
            [-96.759786999949583, 32.791836999877887],
            [-96.760098000294221, 32.792100999992158],
            [-96.760608999757054, 32.79254699992665],
            [-96.761406000348487, 32.793238999809837],
            [-96.761500000059826, 32.793308000217728],
            [-96.761652000395785, 32.793428000372771],
            [-96.761706999749052, 32.793470000275548],
            [-96.761906999765586, 32.793644000092797],
            [-96.762247000422533, 32.793952999996698],
            [-96.762465999807333, 32.794157999777973],
            [-96.762830999680318, 32.794452000042845],
            [-96.763150000420865, 32.794719000111542],
            [-96.763600999609267, 32.795107999888316],
            [-96.763685000173169, 32.79519799989707],
            [-96.7642080002299, 32.79566500034268],
            [-96.764886000097334, 32.796227000017048],
            [-96.76587699995919, 32.797143999757225],
            [-96.766709999637314, 32.79786200013222],
            [-96.767053999593898, 32.798169000196253],
            [-96.767544000038683, 32.798591000376838],
            [-96.768292000226282, 32.799240999864196],
            [-96.769637000090498, 32.798130000298578],
            [-96.771084999886867, 32.796952999984185],
            [-96.771691999609189, 32.79646699983828],
            [-96.772478000329968, 32.795811000201866],
            [-96.774146000234353, 32.794420999991409],
            [-96.775844000275967, 32.79300800025441],
            [-96.776358999936775, 32.793450000144517],
            [-96.776875000320814, 32.793912999947459],
            [-96.777678999686614, 32.794623000034917],
            [-96.778175999804077, 32.795068000358604],
            [-96.778899999702261, 32.795687000316136],
            [-96.77922500029058, 32.795964999648739],
            [-96.779580999942752, 32.796269999894207],
            [-96.779684999699811, 32.796358999696835],
            [-96.779846000256612, 32.796501000037452],
            [-96.779991999846487, 32.796629000182094],
            [-96.78106899992207, 32.797560999903673],
            [-96.781196000143694, 32.797670999636217],
            [-96.782730000153776, 32.798972000270545],
            [-96.782956999934498, 32.799154999942225],
            [-96.783802000206506, 32.799888999639172],
            [-96.784762999931147, 32.80067899968553],
            [-96.785348999737053, 32.801207000239543],
            [-96.785522999814333, 32.801364000098339],
            [-96.78595700018262, 32.801757999629089],
            [-96.786758000073689, 32.802445000222399],
            [-96.78717099962725, 32.802834999888276],
            [-96.787358000123305, 32.802978999878349],
            [-96.787523999804662, 32.803122999635207],
            [-96.787613000391431, 32.803186999871727],
            [-96.788087000044357, 32.803615000127536],
            [-96.788099999564835, 32.803569999864173],
            [-96.788119999656331, 32.803533999939063],
            [-96.788159999839309, 32.803485000059545],
            [-96.788232999634232, 32.803406999625508],
            [-96.788292999908677, 32.803341000134061],
            [-96.788425999978088, 32.803214000299803],
            [-96.788615999948874, 32.803064000166806],
            [-96.788820999988303, 32.802921999737102],
            [-96.78894999985971, 32.802844000319183],
            [-96.789056999989839, 32.802784999910564],
            [-96.789262000029254, 32.802689000236953],
            [-96.789399000296598, 32.802636000278319],
            [-96.78956699962778, 32.802584999718448],
            [-96.789760999796556, 32.802538000257442],
            [-96.789693999849376, 32.802466000311867],
            [-96.789868999751576, 32.802309999852277],
            [-96.79010099955515, 32.802102999792716],
            [-96.790631000182898, 32.801665000288239],
            [-96.790913000215212, 32.801925999994239],
            [-96.791016999972285, 32.802017000374036],
            [-96.791125999752225, 32.802121000046853],
            [-96.791195000247512, 32.802237999722095],
            [-96.791205000293246, 32.802341999891475],
            [-96.791200000270393, 32.802400000121835],
            [-96.791195000247512, 32.802459000030936],
            [-96.791177999630762, 32.802579999632407],
            [-96.791641000311358, 32.802731000295672],
            [-96.792243000010799, 32.802981999765528],
            [-96.792354000338889, 32.803028000036775],
            [-96.792720999861686, 32.803181000111046],
            [-96.792884999893218, 32.803254999647848],
            [-96.793022000160548, 32.803323000126959],
            [-96.793255999613976, 32.80343600015302],
            [-96.793299000169995, 32.803666000096463],
            [-96.793320000086396, 32.80378099984501],
            [-96.793417999995683, 32.804805000336138],
            [-96.793464000026447, 32.805553999955436],
            [-96.793440999561909, 32.80622299972876],
            [-96.793366999942066, 32.807087000236571],
            [-96.793356000071412, 32.807222999810129],
            [-96.793339000352972, 32.807423000137362],
            [-96.79331400023861, 32.807543999777053],
            [-96.793178999621077, 32.808101999740565],
            [-96.793019999612426, 32.808666000121782],
            [-96.792828999816706, 32.809160000171268],
            [-96.792529000241061, 32.809849000204686],
            [-96.792314999980817, 32.810275000079983],
            [-96.792072000306575, 32.810711999815183],
            [-96.791736999672509, 32.811337000289157],
            [-96.79157900038706, 32.811635000332608],
            [-96.790934999956519, 32.812935999691447],
            [-96.790536999573263, 32.813707000290762],
            [-96.789915999607246, 32.81498700012164],
            [-96.789610000183799, 32.815589999644601],
            [-96.78953400001582, 32.815727000117604],
            [-96.789097000172802, 32.816509000332715],
            [-96.788850000300599, 32.816997000232739],
            [-96.788734999774562, 32.817209000350445],
            [-96.788601999705179, 32.817449000143895],
            [-96.788256999923661, 32.81804700035093],
            [-96.787779000072788, 32.818812999704996],
            [-96.787533000025476, 32.819247999917359],
            [-96.787375999666651, 32.819537999882144],
            [-96.787047999603601, 32.820141000225],
            [-96.786801999556303, 32.820600000356499],
            [-96.786400999698301, 32.821450000153213],
            [-96.786204000054823, 32.821849000231623],
            [-96.786090000251988, 32.822077000334517],
            [-96.786277999674667, 32.82216700021408],
            [-96.786631999676999, 32.822316999810631],
            [-96.787082999763697, 32.822487999796678],
            [-96.787553999941878, 32.822671000119009],
            [-96.78894999985971, 32.823191000223048],
            [-96.789666000260297, 32.823444999986009],
            [-96.790315999640313, 32.823700000010099],
            [-96.79117000013315, 32.82408400014824],
            [-96.791191000049551, 32.824042000367335],
            [-96.791620000394957, 32.823678999653858],
            [-96.792689999899551, 32.822659999697777],
            [-96.792992000023332, 32.822173000202795],
            [-96.793513000430238, 32.822431000089537],
            [-96.79419899979527, 32.822711000060856],
            [-96.79537999962794, 32.823096000184513],
            [-96.795694000345634, 32.823188999746492],
            [-96.796209999831333, 32.823194999666178],
            [-96.796572000229588, 32.823223999775593],
            [-96.797542999999976, 32.823213000177766],
            [-96.797906000223136, 32.823210000218523],
            [-96.798093999645801, 32.823207999742408],
            [-96.798209000171838, 32.823207999742408],
            [-96.798177000384783, 32.823130000011304],
            [-96.797811999613486, 32.82216700021408],
            [-96.797312000021293, 32.820843000087713],
            [-96.798188000255436, 32.820031999886467],
            [-96.798378000226251, 32.819740000225039],
            [-96.798430000104787, 32.819658999634463],
            [-96.798732000228568, 32.819381999945868],
            [-96.79886100009999, 32.81926500019128],
            [-96.798978000275866, 32.819287000363374],
            [-96.799111000345249, 32.819311999865995],
            [-96.799175999744264, 32.819055000264754],
            [-96.799205000056588, 32.818944999817511],
            [-96.799431000012405, 32.818944000286379],
            [-96.799598000416964, 32.818679999862212],
            [-96.799647999747364, 32.818718000269008],
            [-96.799723000090438, 32.81874799986349],
            [-96.799964999939789, 32.818815999812671],
            [-96.799986999681096, 32.818970000171319],
            [-96.799995000077004, 32.819113999686721],
            [-96.800029000412209, 32.819239999920498],
            [-96.800040000282834, 32.819273000185895],
            [-96.800072999894823, 32.819375000242303],
            [-96.800209000337247, 32.819693000021829],
            [-96.800929000037485, 32.819688000143316],
            [-96.801010000228317, 32.819688000143316],
            [-96.802048999770776, 32.819694000299471],
            [-96.802381000031801, 32.819678999908326],
            [-96.802371999810973, 32.819849999687932],
            [-96.802350999894571, 32.82067999982263],
            [-96.802355000092518, 32.821586999894073],
            [-96.802354000267613, 32.821671999748268],
            [-96.80234699969661, 32.822671000119009],
            [-96.802642999972619, 32.822687999737944],
            [-96.803439999665727, 32.82269300020252],
            [-96.804392999892769, 32.822687999737944],
            [-96.804509000243712, 32.822687999737944],
            [-96.804508000418821, 32.823027999736965],
            [-96.804513000441673, 32.823175000183902],
            [-96.80459899975709, 32.823168000024367],
            [-96.804757999765769, 32.823163000341431],
            [-96.804919000322556, 32.823163000341431],
            [-96.805079999981018, 32.823163000341431],
            [-96.805244000012564, 32.823165000063661],
            [-96.80540100037139, 32.823163999825105],
            [-96.805565000402922, 32.823163999825105],
            [-96.805730000259359, 32.823163999825105],
            [-96.805897999590542, 32.823165000063661],
            [-96.806055999774287, 32.823166000302209],
            [-96.806223000178875, 32.823165000063661],
            [-96.806383999837351, 32.823165000063661],
            [-96.806542999846016, 32.823166000302209],
            [-96.806706999877548, 32.823166000302209],
            [-96.806865999886213, 32.823162000102855],
            [-96.806959999597524, 32.82317099998496],
            [-96.80708900036727, 32.823185000303098],
            [-96.809333999856761, 32.823188999746492],
            [-96.810523000085354, 32.823191999706388],
            [-96.810595999880277, 32.823182000342911],
            [-96.812033999630913, 32.823194999666178],
            [-96.81230899999052, 32.822951000088722],
            [-96.812396999854073, 32.822870999648238],
            [-96.812457000128518, 32.822804000025926],
            [-96.812520999702627, 32.822855999793504],
            [-96.812668999840625, 32.822603000101012],
            [-96.812876000428176, 32.822419999638598],
            [-96.812857999986505, 32.822307000348651],
            [-96.812816000153717, 32.822062999841805],
            [-96.812943000375327, 32.821948000348208],
            [-96.813068000048801, 32.821855000241818],
            [-96.813165999958088, 32.821760999783756],
            [-96.813277000286163, 32.821697000089571],
            [-96.813312000446274, 32.821654999934893],
            [-96.813490999648096, 32.821445000373593],
            [-96.813367999624461, 32.821319999751992],
            [-96.81353599985394, 32.821035000122897],
            [-96.813899999902006, 32.8207630000135],
            [-96.813955999978518, 32.820707000220672],
            [-96.813903000275062, 32.820665000352854],
            [-96.813827999931988, 32.820606999963537],
            [-96.813745999916236, 32.820540999656664],
            [-96.814665999632979, 32.819833999801958],
            [-96.814711999663743, 32.819868000122398],
            [-96.814951000038334, 32.820042999878183],
            [-96.815377999835604, 32.820374000022362],
            [-96.81552199977564, 32.820498000196714],
            [-96.815814999678608, 32.82076799983151],
            [-96.816695999935632, 32.821527999849714],
            [-96.816765000430919, 32.821591999665699],
            [-96.816822000332323, 32.821641000130597],
            [-96.816889000279474, 32.821695999834482],
            [-96.817114000410371, 32.82188899978874],
            [-96.817595999560908, 32.822307999842003],
            [-96.817884000339305, 32.822542999731048],
            [-96.81812199999068, 32.822749000253154],
            [-96.818077999609741, 32.822811999701834],
            [-96.818456999726436, 32.823134999696094],
            [-96.818204999831352, 32.823597000156539],
            [-96.817911999928398, 32.824131999765676],
            [-96.817609999804603, 32.824683999918641],
            [-96.818438000358171, 32.825404999639694],
            [-96.817984999723322, 32.825783000211018],
            [-96.817925000347188, 32.82582600013216],
            [-96.817304000381171, 32.826381999625141],
            [-96.81725400015246, 32.826438000369521],
            [-96.817241999558576, 32.826470000024187],
            [-96.817241999558576, 32.826504000069185],
            [-96.817280000091714, 32.826550999688166],
            [-96.817326999947397, 32.826593999992369],
            [-96.817908999555357, 32.827070000283605],
            [-96.818050000020648, 32.827198000186797],
            [-96.818153999777735, 32.827274999927589],
            [-96.818210999679152, 32.827313999868899],
            [-96.818261999732755, 32.827332000300544],
            [-96.818316000159456, 32.827339000131921],
            [-96.818361000365286, 32.827332000300544],
            [-96.818400999649938, 32.827313999868899],
            [-96.818404000022994, 32.827339000131921],
            [-96.818419000091595, 32.827367000206849],
            [-96.819076000042628, 32.827905999739322],
            [-96.819112000027644, 32.827916000080663],
            [-96.819144999639605, 32.827916000080663],
            [-96.819074000392803, 32.828110999718163],
            [-96.819118999700336, 32.828150000047167],
            [-96.819113999677469, 32.828356999823036],
            [-96.81912899974607, 32.828923000305892],
            [-96.819138999791818, 32.829203000192635],
            [-96.819144999639605, 32.829258999913094],
            [-96.819149999662471, 32.829323000197398],
            [-96.81914800001266, 32.829589999682717],
            [-96.819173999951929, 32.830446999841953],
            [-96.819163000081275, 32.830986999702326],
            [-96.819162000256355, 32.831316999677881],
            [-96.819168999929047, 32.832261999719833],
            [-96.819173000127009, 32.833229000010306],
            [-96.819183000172742, 32.834058999665722],
            [-96.819200999716102, 32.834879999660963],
            [-96.819190999670354, 32.835754000228327],
            [-96.819190999670354, 32.835920999626275],
            [-96.819198000241371, 32.836153000203005],
            [-96.819215999784731, 32.836446999672582],
            [-96.819236999701118, 32.836654999818307],
            [-96.819832999552773, 32.836656999991533],
            [-96.821939999848311, 32.836678000297979],
            [-96.822084999613267, 32.836679999715891],
            [-96.821984000229236, 32.837015000080093],
            [-96.821871000251321, 32.837301999913997],
            [-96.821846999961906, 32.837373000234692],
            [-96.821799000281317, 32.837578000246594],
            [-96.821753000250553, 32.837884999717971],
            [-96.821728000136204, 32.838163999956585],
            [-96.821687999953227, 32.839088999909904],
            [-96.821639000447746, 32.840187000004725],
            [-96.821595999891713, 32.841360999671281],
            [-96.821543000188285, 32.842515000005044],
            [-96.821484999563637, 32.843672999705603],
            [-96.821471000218253, 32.844085000353225],
            [-96.82144799975373, 32.844645000218769],
            [-96.821434000408317, 32.844820000206859],
            [-96.821419000339731, 32.844929000309655],
            [-96.821405000096007, 32.845047000207742],
            [-96.821390000027392, 32.845251999855961],
            [-96.821365999737964, 32.846104999857154],
            [-96.821353000217471, 32.847170000255794],
            [-96.821328999928028, 32.849280000050236],
            [-96.821328000103122, 32.849370000281368],
            [-96.821311000384682, 32.85117399976658],
            [-96.822441000163735, 32.85119000004304],
            [-96.822809000409762, 32.851190999965901],
            [-96.823646000285848, 32.85119000004304],
            [-96.824233999741594, 32.851193999734384],
            [-96.824795000331477, 32.851200000025678],
            [-96.825269999809308, 32.851204999639258],
            [-96.826642000336008, 32.851210999929847],
            [-96.827883000443137, 32.851221999832624],
            [-96.828070999865787, 32.851165999627312],
            [-96.828716999946167, 32.851165999627312],
            [-96.829702999785169, 32.851180000059287],
            [-96.830087999749651, 32.85117399976658],
            [-96.83150200010914, 32.851187000274422],
            [-96.832780999851096, 32.851169000151259],
            [-96.833891000436964, 32.851165999627312],
            [-96.835083999965207, 32.851165999627312],
            [-96.835774000426525, 32.851153999794292],
            [-96.836573999594364, 32.8511570003187],
            [-96.83857700013283, 32.851160000088349],
            [-96.838721000072866, 32.851151999947746],
            [-96.839706000086963, 32.851111000065032],
            [-96.840067999586893, 32.851098000300745],
            [-96.840375999558461, 32.851078000311304],
            [-96.840495000282473, 32.851061000090354],
            [-96.840584999795851, 32.851035999715144],
            [-96.840703999621525, 32.850993999853721],
            [-96.84081800032267, 32.850940000110555],
            [-96.840953000041878, 32.850865000370753],
            [-96.841151000408601, 32.850735000017593],
            [-96.841200999738987, 32.850790999740298],
            [-96.841261999838366, 32.850839000013515],
            [-96.841368999968481, 32.850933999801633],
            [-96.842215000065409, 32.851674999790013],
            [-96.842574000090607, 32.851985999966168],
            [-96.842872999841347, 32.852250000233269],
            [-96.8437149997403, 32.852965000062184],
            [-96.844071000290768, 32.85327399969124],
            [-96.844994000380581, 32.854069999784144],
            [-96.845708000233031, 32.854684999674404],
            [-96.845822999860744, 32.854781999637225],
            [-96.846883000217915, 32.855690999744176],
            [-96.849835999712042, 32.858247999657188],
            [-96.850101999850835, 32.858470999901328],
            [-96.850207000331125, 32.858550000117262],
            [-96.850603999991151, 32.858821999921432],
            [-96.850976000435153, 32.859036000213102],
            [-96.851132999895668, 32.859111999670638],
            [-96.851302999774973, 32.8591879998176],
            [-96.851411999554927, 32.859228999740765],
            [-96.851569999738672, 32.859299000044345],
            [-96.852034000244174, 32.85944799970882],
            [-96.852107000039112, 32.859468000075204],
            [-96.85247799975987, 32.859538000190177],
            [-96.852707999913633, 32.85956500009037],
            [-96.853054000418368, 32.859619999693997],
            [-96.853296000267704, 32.859671999781845],
            [-96.85342299959099, 32.859711999654479],
            [-96.85355099963752, 32.859757999976246],
            [-96.853653999569687, 32.859802999693777],
            [-96.853769000095724, 32.859865000189451],
            [-96.85391399986068, 32.859956999895779],
            [-96.854108000029427, 32.86008899996397],
            [-96.854405000130356, 32.859991999767225],
            [-96.854465000404815, 32.859972000273586],
            [-96.854523999956044, 32.859963000349062],
            [-96.854708000079057, 32.859952000020847],
            [-96.85531300015154, 32.859895000219005],
            [-96.855695999567871, 32.859832999744292],
            [-96.856071000384929, 32.859715999716244],
            [-96.85624700011202, 32.859630000235654],
            [-96.856309000036291, 32.85961599962797],
            [-96.856390000227151, 32.859591999982392],
            [-96.856079999707433, 32.859308000036236],
            [-96.855977999600185, 32.859227999908498],
            [-96.855679999674351, 32.858996999870492],
            [-96.856088999928275, 32.858811000206316],
            [-96.856282000272117, 32.858741000272239],
            [-96.857118000323297, 32.858474000178219],
            [-96.857268999936025, 32.858407000257422],
            [-96.857386000111887, 32.858346999936309],
            [-96.8575069995874, 32.858270999823347],
            [-96.857619999565301, 32.858182000164376],
            [-96.857725999870524, 32.858081000010806],
            [-96.858047000260882, 32.857671999752235],
            [-96.858289000110204, 32.857372999635672],
            [-96.85848199955575, 32.857153999827091],
            [-96.858961999954786, 32.856645000157762],
            [-96.859053000191366, 32.856541000175824],
            [-96.859192999933455, 32.856339999654828],
            [-96.859755000348244, 32.855476999683901],
            [-96.85942700028518, 32.855324999757762],
            [-96.858722999580181, 32.854995999864734],
            [-96.859383999729161, 32.854011000193886],
            [-96.859581000270978, 32.853734999645503],
            [-96.859796000356113, 32.853476000263946],
            [-96.860227000351344, 32.853040000290861],
            [-96.86053299977479, 32.853260000344328],
            [-96.860741000187247, 32.853425000215054],
            [-96.861111000083099, 32.853780000154437],
            [-96.861311999924553, 32.853609000061212],
            [-96.861537999880369, 32.853442999880549],
            [-96.861756000338559, 32.853325999725705],
            [-96.862021999579028, 32.85320900017124],
            [-96.862613000306141, 32.852959999793171],
            [-96.862902000011147, 32.852810999796425],
            [-96.862958000087644, 32.852780999635137],
            [-96.863040000103396, 32.852719000225548],
            [-96.863195999739006, 32.852590000231871],
            [-96.863298999671173, 32.852519000009089],
            [-96.8633849998849, 32.852466000347782],
            [-96.863902999918764, 32.852218000059771],
            [-96.864062999752306, 32.852135999751205],
            [-96.864244000400603, 32.852004999837206],
            [-96.86445699993763, 32.851790999941898],
            [-96.864596999679705, 32.851604000344317],
            [-96.864671000197873, 32.851494000219425],
            [-96.864732000297238, 32.851363000112237],
            [-96.864773000305107, 32.851231999811645],
            [-96.864827999658388, 32.850876000316461],
            [-96.86488299990998, 32.850326999785423],
            [-96.86492800011581, 32.850143999859824],
            [-96.864990000040109, 32.849986000234978],
            [-96.865041999918631, 32.849873999738165],
            [-96.865112000238824, 32.84975500028181],
            [-96.865219000368953, 32.849609999948512],
            [-96.865419000385486, 32.849369000338001],
            [-96.865645000341289, 32.849069000215273],
            [-96.865990999947698, 32.848574000285943],
            [-96.866068999765517, 32.848495000242949],
            [-96.867771999830012, 32.847130000011191],
            [-96.868465999590967, 32.846552999646867],
            [-96.868798999676898, 32.84626300035444],
            [-96.868880999692664, 32.846168000093947],
            [-96.868934000294431, 32.846080000349765],
            [-96.869069999838544, 32.845760999979554],
            [-96.868720999859079, 32.845635999623582],
            [-96.867919999968009, 32.845371000067701],
            [-96.865800000152021, 32.84471399995769],
            [-96.865456000195422, 32.844608000336706],
            [-96.864881000260155, 32.844411999949259],
            [-96.864368000249158, 32.844198999857582],
            [-96.863934999705805, 32.844012000110446],
            [-96.863349999724804, 32.84374700023394],
            [-96.863045999951183, 32.843609999961942],
            [-96.861501999895353, 32.842902000342235],
            [-96.85986999997597, 32.842131000319498],
            [-96.859771000241764, 32.842079999788183],
            [-96.858766999961105, 32.841636000184366],
            [-96.857596000174183, 32.84110199964671],
            [-96.856560000106455, 32.84063400018907],
            [-96.855416000083707, 32.840108000043699],
            [-96.853672000011329, 32.839305999660205],
            [-96.853049000395501, 32.839010999786531],
            [-96.851595999677926, 32.838344000229505],
            [-96.850860999909116, 32.837988999676753],
            [-96.850456999678059, 32.837769000258859],
            [-96.850297999669394, 32.837661999816568],
            [-96.850125000315359, 32.837534999977748],
            [-96.849808000122962, 32.837288000311801],
            [-96.849653000312259, 32.837162000018878],
            [-96.847705000025385, 32.835486999652446],
            [-96.845623999669115, 32.833717000141903],
            [-96.844668999792248, 32.832915000144062],
            [-96.843570999800249, 32.831960999758003],
            [-96.843062999812147, 32.831491000131855],
            [-96.842399000188422, 32.830891000302607],
            [-96.84172700016876, 32.83031799993455],
            [-96.84161900021374, 32.830226999852009],
            [-96.841738999864347, 32.830117999812913],
            [-96.844404000376699, 32.827996999935614],
            [-96.846169000365464, 32.826641999763133],
            [-96.846662000284965, 32.826244999731081],
            [-96.847479000069569, 32.825596999627642],
            [-96.848304000250096, 32.824874999736188],
            [-96.850605999640976, 32.822905999802636],
            [-96.850748999756107, 32.822799000322512],
            [-96.850810999680391, 32.822752999716243],
            [-96.850867999581794, 32.822699000155701],
            [-96.850983000107846, 32.822777999753313],
            [-96.851245000048664, 32.822554999657292],
            [-96.851416999577793, 32.822456999708869],
            [-96.851542000149578, 32.822394000008451],
            [-96.851681999891667, 32.822341999970419],
            [-96.851830999854585, 32.822294000140573],
            [-96.851974999794621, 32.822261999736334],
            [-96.85233999966762, 32.822212000119613],
            [-96.852486999980698, 32.822170000208487],
            [-96.853374999910429, 32.822177999941438],
            [-96.854333999985244, 32.822180999935476],
            [-96.855555000000891, 32.82213600001424],
            [-96.855791000002426, 32.822143999750253],
            [-96.856196999883309, 32.82216700021408],
            [-96.856662000213703, 32.822200999641545],
            [-96.856767999620601, 32.822206999627966],
            [-96.858645999587267, 32.822240000300994],
            [-96.861679000345674, 32.822270999709616],
            [-96.861931000240759, 32.822273999700514],
            [-96.862364999710707, 32.822279999682067],
            [-96.863060000194892, 32.822270000215916],
            [-96.863532000197992, 32.822239000052015],
            [-96.863706000275272, 32.822218000105295],
            [-96.864021999744438, 32.822149999740518],
            [-96.864184000126144, 32.822107999800082],
            [-96.864369999898997, 32.822046000103256],
            [-96.864574000113493, 32.821968000106743],
            [-96.864894999605539, 32.821825999685508],
            [-96.865047999766418, 32.821748000250679],
            [-96.865179000185989, 32.821674999759395],
            [-96.865498000028211, 32.821465999748135],
            [-96.86677299957222, 32.820591000213909],
            [-96.867386000040639, 32.820183000340556],
            [-96.868499999926158, 32.819423000139523],
            [-96.868900999784131, 32.819150000095277],
            [-96.869155000227352, 32.818968000354666],
            [-96.869326999756481, 32.818854000161245],
            [-96.869597000093236, 32.818671999814249],
            [-96.86995799976826, 32.818442999739723],
            [-96.870283000356579, 32.818213000290527],
            [-96.8703970001594, 32.818102000015109],
            [-96.870685999864406, 32.81779800023746],
            [-96.870787000146748, 32.817684000052651],
            [-96.87089900029973, 32.817577000322231],
            [-96.871015999577281, 32.817444999687105],
            [-96.871109000362011, 32.817342999679674],
            [-96.871182999981855, 32.817268000243416],
            [-96.872110000269629, 32.816377999935717],
            [-96.872542999914685, 32.815877000018467],
            [-96.872999999849171, 32.815350000114378],
            [-96.873107999804191, 32.815263999923609],
            [-96.873163999880703, 32.815196000275691],
            [-96.873291000102299, 32.815012999654599],
            [-96.873377000316026, 32.81483299965381],
            [-96.87343900024031, 32.814687000081555],
            [-96.873524999555727, 32.814438999948059],
            [-96.87357800015748, 32.814245000079552],
            [-96.873609999944534, 32.813953999860054],
            [-96.873631999685855, 32.813432000106147],
            [-96.873629000211096, 32.813130999749426],
            [-96.873636999708708, 32.812600000248601],
            [-96.873674000416955, 32.812016000189267],
            [-96.873660999998151, 32.808242000142336],
            [-96.873661999823071, 32.80806299967027],
            [-96.873660999998151, 32.807920000021085],
            [-96.873656999800204, 32.806652000136708],
            [-96.873700000356209, 32.803972999750243],
            [-96.873691000135395, 32.803248999891743],
            [-96.873690000310475, 32.803048999988526],
            [-96.873685000287594, 32.802942000002766],
            [-96.87370899967874, 32.802469999932867],
            [-96.873713999701593, 32.802414999654481],
            [-96.873717999899569, 32.802306999942424],
            [-96.87373799999105, 32.80221099975261],
            [-96.873777000349122, 32.802069999946625],
            [-96.87383000005255, 32.801723999930104],
            [-96.873835999900336, 32.801613000200334],
            [-96.873901000197662, 32.798658999892908],
            [-96.873922000114064, 32.79796900019128],
            [-96.873881999931086, 32.794499999808842],
            [-96.873842999573043, 32.794073999847392],
            [-96.873806999588027, 32.793529000069405],
            [-96.873773000151147, 32.793317999922223],
            [-96.873756000432735, 32.793033000352928],
            [-96.87375100040984, 32.792651000104499],
            [-96.873286000079446, 32.792677999956538],
            [-96.872927999879138, 32.792690000139835],
            [-96.871969999629243, 32.792683999670828],
            [-96.869937999676765, 32.792678999783078],
            [-96.868855999578301, 32.792678999783078],
            [-96.868475999636701, 32.792690000139835],
            [-96.867295999628936, 32.792655000167031],
            [-96.86691599968735, 32.792641000325055],
            [-96.866720999693683, 32.792641000325055],
            [-96.866599000393265, 32.79216700027586],
            [-96.866575999928727, 32.792037000082232],
            [-96.866575999928727, 32.791897999670738],
            [-96.866581999776514, 32.791798000223672],
            [-96.866714999845883, 32.790967000098931],
            [-96.866720999693683, 32.790811999700786],
            [-96.866684999708667, 32.789859000188756],
            [-96.866703000150338, 32.78937500026916],
            [-96.866768000447649, 32.789085000057263],
            [-96.866807999732316, 32.788816999817534],
            [-96.866813999580089, 32.788676999788315],
            [-96.866842999892413, 32.788575999867717],
            [-96.866897000319099, 32.788427999709612],
            [-96.86694400017474, 32.788347999909412],
            [-96.86702700001544, 32.788248000246739],
            [-96.867139999993341, 32.788141999696229],
            [-96.867216999986226, 32.788083000104514],
            [-96.867293999979111, 32.78805399985562],
            [-96.867385000215705, 32.788040000044596],
            [-96.867456000360818, 32.788040000044596],
            [-96.867579000384495, 32.788064000150861],
            [-96.867679999768498, 32.788137000308339],
            [-96.867726999624168, 32.788198000373285],
            [-96.867803999617053, 32.788328000136872],
            [-96.867882000333168, 32.788492999824655],
            [-96.867929000188838, 32.788636999631599],
            [-96.867940999884411, 32.788651999975656],
            [-96.867965000173854, 32.788706999705227],
            [-96.86800199998379, 32.788838000105002],
            [-96.868058999885193, 32.789142999873178],
            [-96.868119000159638, 32.789364000257578],
            [-96.868180000259002, 32.789540000280184],
            [-96.868267000297664, 32.789724000343412],
            [-96.868360000184055, 32.789898999795923],
            [-96.868395000344165, 32.7899540002647],
            [-96.868448999872527, 32.79002400005708],
            [-96.868598999660335, 32.79018199988203],
            [-96.869329000304646, 32.7909910001705],
            [-96.869463000198948, 32.791071999703583],
            [-96.869696999652348, 32.791181000068228],
            [-96.869888000346364, 32.791233000215897],
            [-96.870023999890492, 32.79125499977544],
            [-96.870162999807661, 32.79126200018338],
            [-96.870233000127882, 32.791225999805668],
            [-96.870443000190164, 32.791225999805668],
            [-96.870551000145184, 32.791177999782867],
            [-96.87064999987939, 32.79112200022692],
            [-96.870811000436191, 32.790967999944698],
            [-96.870890999903807, 32.790770000053087],
            [-96.870890999903807, 32.790695000093436],
            [-96.870868000337595, 32.790576999726888],
            [-96.870671999620683, 32.79006299973404],
            [-96.870495000068686, 32.789754999766643],
            [-96.870392000136533, 32.789576999691441],
            [-96.870336999884941, 32.78944800010585],
            [-96.870311999770578, 32.789233999742599],
            [-96.870324000364462, 32.789170999901046],
            [-96.870341999907822, 32.789130000100009],
            [-96.87038100026588, 32.789074000009741],
            [-96.870449000037937, 32.789030999673777],
            [-96.870540000274517, 32.788988999940237],
            [-96.870676999643564, 32.788989999808244],
            [-96.870731999895156, 32.788964000215266],
            [-96.870952000003186, 32.788994999903395],
            [-96.871381000348578, 32.789137999786412],
            [-96.87143400005202, 32.789149999692214],
            [-96.871551000227882, 32.789166999681811],
            [-96.87161300015218, 32.789166999681811],
            [-96.871709000411627, 32.789157000265789],
            [-96.871882999590596, 32.789115999703199],
            [-96.872039999949436, 32.789062999960933],
            [-96.872296000042468, 32.788884000141969],
            [-96.872362999989619, 32.788821000052508],
            [-96.872428000286945, 32.788740999850589],
            [-96.872458000424174, 32.788693999868329],
            [-96.872470000119733, 32.788655000346225],
            [-96.872497999708841, 32.788516999808678],
            [-96.87244300035556, 32.788372999807464],
            [-96.872413000218344, 32.788328000136872],
            [-96.872316000133949, 32.788214999789695],
            [-96.872289000369776, 32.788188999970174],
            [-96.872233000293278, 32.788147999716521],
            [-96.87206900026176, 32.788054999734186],
            [-96.871983999872938, 32.788011999660739],
            [-96.871583000014937, 32.787915000015879],
            [-96.871514000417974, 32.78788900010867],
            [-96.871394999693962, 32.787826999950738],
            [-96.871284000264211, 32.787748000247177],
            [-96.871214999768924, 32.787688999638895],
            [-96.871163999715293, 32.787634999918303],
            [-96.87110599998897, 32.787556000044212],
            [-96.871080999874593, 32.787504999897024],
            [-96.871064000156181, 32.787455000361057],
            [-96.871023000148298, 32.787200999686569],
            [-96.871032000369127, 32.787029999772372],
            [-96.871059999958206, 32.786845000285595],
            [-96.871075000026821, 32.78679399973074],
            [-96.871095999943222, 32.786746000336841],
            [-96.871125000255546, 32.786696000374292],
            [-96.871240999708178, 32.786555000132054],
            [-96.871273000393543, 32.786524000348756],
            [-96.871346000188481, 32.786469999920847],
            [-96.871367000104868, 32.786447999932953],
            [-96.871388999846189, 32.786413999666308],
            [-96.871460999816208, 32.786327000279741],
            [-96.871507999671863, 32.78629299996684],
            [-96.871581000365126, 32.786254000147224],
            [-96.87195799993367, 32.78629599966176],
            [-96.872316000133949, 32.786013999951351],
            [-96.872494000409191, 32.785981000175887],
            [-96.872556000333461, 32.785974000107508],
            [-96.872782000289277, 32.785981000175887],
            [-96.873057999575479, 32.786001999622464],
            [-96.873101000131513, 32.78600799978711],
            [-96.873144999614127, 32.786022999819309],
            [-96.873188000170131, 32.786043000110134],
            [-96.873230999827854, 32.786071000358596],
            [-96.873306000170913, 32.786135000030328],
            [-96.873428000369657, 32.786253000248401],
            [-96.873474000400407, 32.786282000329265],
            [-96.873544999647194, 32.786313000196898],
            [-96.873789000044681, 32.786329000075582],
            [-96.873787000394856, 32.785868999770962],
            [-96.87380099974024, 32.7854459997276],
            [-96.873803000288376, 32.784602000238237],
            [-96.873804000113296, 32.783751999977177],
            [-96.873804000113296, 32.783465000103845],
            [-96.873805999763107, 32.782657000029801],
            [-96.873809999961068, 32.7816499996649],
            [-96.873818000356991, 32.780655000282685],
            [-96.873828000402739, 32.779636000238824],
            [-96.873834000250511, 32.77876199976982],
            [-96.872854000259295, 32.778756999854771],
            [-96.871286999738928, 32.778803999800296],
            [-96.869741999858192, 32.778775000302879],
            [-96.868873000195052, 32.778767999667487],
            [-96.867493999995659, 32.778757999837801],
            [-96.865776999687469, 32.778744000074319],
            [-96.865183000383951, 32.778737000191789],
            [-96.862249000258061, 32.778734000241926],
            [-96.860827000400974, 32.778699000064478],
            [-96.860434000040584, 32.778697000097104],
            [-96.85914299970473, 32.778695000129623],
            [-96.858145000170168, 32.778719999719456],
            [-96.857499999914708, 32.778716999769024],
            [-96.857499000089788, 32.778197000039555],
            [-96.857516999633134, 32.776852999698804],
            [-96.857530000051923, 32.775362000234566],
            [-96.856697000373799, 32.775229000338207],
            [-96.856560999931375, 32.775201999721666],
            [-96.856549000235802, 32.775469000171533],
            [-96.856545999862746, 32.775713000182037],
            [-96.856530999794131, 32.777258999817398],
            [-96.856517000448747, 32.778473999673835],
            [-96.856519000098572, 32.778713999818542],
            [-96.856523000296534, 32.780257000284067],
            [-96.856517000448747, 32.782162000047805],
            [-96.856502000380132, 32.78393799977956],
            [-96.856480999565434, 32.786368999759858],
            [-96.856479999740515, 32.787124999849212],
            [-96.856468000044941, 32.788728000018658],
            [-96.856462000197169, 32.789343999958341],
            [-96.856463000022089, 32.789526999809894],
            [-96.856453999801246, 32.790414999685368],
            [-96.856449999603285, 32.791330999859717],
            [-96.856431000235034, 32.791649000302762],
            [-96.85641899964115, 32.791882000038591],
            [-96.85632300028, 32.792486999652553],
            [-96.856194000408564, 32.792975999876397],
            [-96.856047999920378, 32.793480999779284],
            [-96.85582100013967, 32.794322000168883],
            [-96.854287000129574, 32.79431599981001],
            [-96.853719999691918, 32.794287000083237],
            [-96.853282999848901, 32.794254000356602],
            [-96.852656000035097, 32.79414000017713],
            [-96.851136000268724, 32.793766999992556],
            [-96.850506000081864, 32.793583999803666],
            [-96.849487999557496, 32.793135000319623],
            [-96.84896299985094, 32.792875000306836],
            [-96.847710000048252, 32.792275000222553],
            [-96.846220000419095, 32.791621000299905],
            [-96.844688000058824, 32.790869999900877],
            [-96.84174700026027, 32.789476000037645],
            [-96.838988000036565, 32.78810200005411],
            [-96.83797999955793, 32.787670000356293],
            [-96.836232000185916, 32.786846000177718],
            [-96.835697000433612, 32.786635999928912],
            [-96.833823999591502, 32.78571199974143],
            [-96.832647999781713, 32.785157000210752],
            [-96.829441999669271, 32.783739000171366],
            [-96.828347000050329, 32.783129000291389],
            [-96.827823999993583, 32.782760999688122],
            [-96.827293000439255, 32.782327999787213],
            [-96.826310999899903, 32.781339000159313],
            [-96.825555000214663, 32.780390000217878],
            [-96.825296999573482, 32.779976000281181],
            [-96.825110999800657, 32.779643000050676],
            [-96.825683000261179, 32.779326999688728],
            [-96.826017999996949, 32.779158999679929],
            [-96.825926999760341, 32.779047999729308],
            [-96.825790000391294, 32.778878999967361],
            [-96.825741999812408, 32.778821000256585],
            [-96.825689000108966, 32.778755999871692],
            [-96.825643000078202, 32.778690000210808],
            [-96.825372999741475, 32.778297999659827],
            [-96.825311999642111, 32.778209999899865],
            [-96.825176999922888, 32.778011000319289],
            [-96.824986999952088, 32.777789999675171],
            [-96.824931999700496, 32.777737999976978],
            [-96.824714999965536, 32.777567999996364],
            [-96.824613999683194, 32.777473000287777],
            [-96.824555000131951, 32.777385999710411],
            [-96.824528000367778, 32.777354999753236],
            [-96.824420000412744, 32.777083999667852],
            [-96.824395000298381, 32.77699800022355],
            [-96.824343000419844, 32.776867999764058],
            [-96.824287000343361, 32.776764000014985],
            [-96.823953000432525, 32.776334999670894],
            [-96.823827000035806, 32.776212999846706],
            [-96.823520999714063, 32.775868999714291],
            [-96.823432999850525, 32.775765000308219],
            [-96.823474999683313, 32.775646999774665],
            [-96.823520999714063, 32.775576999998663],
            [-96.823603999554749, 32.775420999954534],
            [-96.823478000056355, 32.775436000261173],
            [-96.823355999857625, 32.775430000138826],
            [-96.823237000031938, 32.775414999831177],
            [-96.823088000069021, 32.775354000064667],
            [-96.823004000403429, 32.775241999876876],
            [-96.822900999572951, 32.775051999923683],
            [-96.8228339996258, 32.77486599967196],
            [-96.822823999580066, 32.774649999671489],
            [-96.822845000394778, 32.774326000198386],
            [-96.82286299993811, 32.774192000230023],
            [-96.82288100037978, 32.77388999992224],
            [-96.822889999702298, 32.773693999864399],
            [-96.822872999983872, 32.772487000129331],
            [-96.822859999565082, 32.770922000086316],
            [-96.822856000265432, 32.770364000217917],
            [-96.822856000265432, 32.770023999706453],
            [-96.822850000417645, 32.769606000297053],
            [-96.823344000162052, 32.769494999760781],
            [-96.8232139995674, 32.769462999988775],
            [-96.823133000274865, 32.76940799969281],
            [-96.823084999695979, 32.769349999852096],
            [-96.823073000000406, 32.769256999859245],
            [-96.823067000152619, 32.7691629996784],
            [-96.823805000294513, 32.76902200035407],
            [-96.825392999832957, 32.768739000184318],
            [-96.826094000164915, 32.768616999766827],
            [-96.826986000292578, 32.768500999772066],
            [-96.827386000325674, 32.768452000230248],
            [-96.827719000411605, 32.768408999746867],
            [-96.828164999577112, 32.768347999710592],
            [-96.830035000046195, 32.76812800009926],
            [-96.831998000401668, 32.767942999833586],
            [-96.833565000023739, 32.767775000239126],
            [-96.834016000110452, 32.767721999869607],
            [-96.835503000264879, 32.767549000068676],
            [-96.835703000281413, 32.767511999805627],
            [-96.836028999796326, 32.767470999843255],
            [-96.836751000044686, 32.767345000264392],
            [-96.83687599971816, 32.76731700016591],
            [-96.837043000122733, 32.7672850003663],
            [-96.837402000147947, 32.767192999839708],
            [-96.837715999967301, 32.767117999643816],
            [-96.838040999657309, 32.767030000159345],
            [-96.838353999651758, 32.766918000071577],
            [-96.838642000430156, 32.76678799999533],
            [-96.838978999815737, 32.766630000170046],
            [-96.839316000099615, 32.766476999914197],
            [-96.840746000352638, 32.765714000237352],
            [-96.841244000295021, 32.765457999930035],
            [-96.841824000253155, 32.765157999718944],
            [-96.842381999571671, 32.764900999940203],
            [-96.842656999931279, 32.76479500027979],
            [-96.842877999864214, 32.764722999996586],
            [-96.843149000025875, 32.764618999652619],
            [-96.84363400044775, 32.764466999861085],
            [-96.844009000366498, 32.764364000118235],
            [-96.844447999859298, 32.764230000259751],
            [-96.845114999856079, 32.764108999853505],
            [-96.845676000445962, 32.764059000012161],
            [-96.845790000248783, 32.764050000188824],
            [-96.846416000237667, 32.764022999957952],
            [-96.847370000289629, 32.764049000040551],
            [-96.848199999594712, 32.76412999992953],
            [-96.848366000174366, 32.764158000275074],
            [-96.849052000437723, 32.764292999632076],
            [-96.849670999855604, 32.764464000185683],
            [-96.850118999569261, 32.76458299982486],
            [-96.850336000202546, 32.764634000269055],
            [-96.850551000287723, 32.764562999998169],
            [-96.850812000403607, 32.764475999642272],
            [-96.851122999849935, 32.764375000199152],
            [-96.851639000233959, 32.764206999914265],
            [-96.851977000342757, 32.764096000199586],
            [-96.856540000014974, 32.764075000115533],
            [-96.856705999696331, 32.764076999656091],
            [-96.857427999944676, 32.76408000010003],
            [-96.858208999744278, 32.764076000263522],
            [-96.858915999924022, 32.764060000160327],
            [-96.859546000110868, 32.764061999701283],
            [-96.858961999954786, 32.763564000067909],
            [-96.858027999994306, 32.763579000106624],
            [-96.857928000435209, 32.763554000040642],
            [-96.857879000031403, 32.763536000290969],
            [-96.857812000084252, 32.763498999870812],
            [-96.857611000242784, 32.76334000009507],
            [-96.857549000318514, 32.763250000338495],
            [-96.857525999853962, 32.76317600000047],
            [-96.857525999853962, 32.763105000077651],
            [-96.859007000160616, 32.763064000351839],
            [-96.85991600000672, 32.763081000037786],
            [-96.8602800000548, 32.763073000274851],
            [-96.860502999637546, 32.763035999662215],
            [-96.860745000385208, 32.76297999976746],
            [-96.861188999900904, 32.762792999809704],
            [-96.862144999602691, 32.762275000291538],
            [-96.862137999929985, 32.761783000014844],
            [-96.862146000325907, 32.76153300003935],
            [-96.862122000036479, 32.761487999636799],
            [-96.86199599963976, 32.761298999964097],
            [-96.861723999653194, 32.760889999766619],
            [-96.861154999565699, 32.760012999705232],
            [-96.861060999854388, 32.759900999854906],
            [-96.860952000074434, 32.759779000167953],
            [-96.861544999553061, 32.759498999919963],
            [-96.862002000385857, 32.759271000243956],
            [-96.86235899986292, 32.759086999907517],
            [-96.862403000243859, 32.759144000187874],
            [-96.862435999855819, 32.759211000192479],
            [-96.86265900033689, 32.759099000088845],
            [-96.863529999649842, 32.758667000096288],
            [-96.864159000011796, 32.758352999716763],
            [-96.863271000082079, 32.757555999957383],
            [-96.863177000370754, 32.757465000175706],
            [-96.863091999981933, 32.757360000195796],
            [-96.863010999791086, 32.757223999922743],
            [-96.862929999600212, 32.757032000339024],
            [-96.862885000292692, 32.756899999724034],
            [-96.862866999851022, 32.756783000097066],
            [-96.862857999630208, 32.756672999668339],
            [-96.862869000399186, 32.756613000132717],
            [-96.862881000094745, 32.756548999626489],
            [-96.862921000277709, 32.756428000113786],
            [-96.862943999843935, 32.756331000036042],
            [-96.862957000262725, 32.756239999758037],
            [-96.862962000285592, 32.756127000213148],
            [-96.862957000262725, 32.756019999689663],
            [-96.862921000277709, 32.755881999911963],
            [-96.862857999630208, 32.755755000310806],
            [-96.862846999759554, 32.755733000284138],
            [-96.86276999976667, 32.755646999853134],
            [-96.862589999841603, 32.755509000252914],
            [-96.862503999627876, 32.755472999763654],
            [-96.862341000319574, 32.755414999910052],
            [-96.862203000227311, 32.755394000044973],
            [-96.862040000020698, 32.755401000252405],
            [-96.861276999764456, 32.755448999933002],
            [-96.861219000038133, 32.755463000338658],
            [-96.860475999873373, 32.755512000230084],
            [-96.860225999628128, 32.75549799983213],
            [-96.859983999778791, 32.75542099987063],
            [-96.859824999770126, 32.755315999747175],
            [-96.859691999700743, 32.755210000007786],
            [-96.859582999920804, 32.755069999987562],
            [-96.859575000423192, 32.755020999852945],
            [-96.859424999737058, 32.75466899965074],
            [-96.859366000185815, 32.754600000252822],
            [-96.859283000345144, 32.754523000270403],
            [-96.859152999750492, 32.754443999709018],
            [-96.858991000267082, 32.754361000315626],
            [-96.8584990001725, 32.754136999855483],
            [-96.858407999935906, 32.754246999639193],
            [-96.858324000270315, 32.754311999790986],
            [-96.858190000376013, 32.754402000271412],
            [-96.858091999568401, 32.754476999846865],
            [-96.857966999894941, 32.754615999789522],
            [-96.857887000427311, 32.754742000006615],
            [-96.857859999764813, 32.754803000299511],
            [-96.857771000076355, 32.754941999733376],
            [-96.857716999649682, 32.755095999662608],
            [-96.857672000342163, 32.755177999634057],
            [-96.857515999808228, 32.755355000282357],
            [-96.857427000119756, 32.755417999890398],
            [-96.857231000301198, 32.755537999776031],
            [-96.85710999992736, 32.755586999626189],
            [-96.856887000344614, 32.755646999853134],
            [-96.856806999978659, 32.755685000001122],
            [-96.85681200000154, 32.755360000001026],
            [-96.856741999681347, 32.755383000365477],
            [-96.856654999642686, 32.755386999837],
            [-96.856663000038608, 32.754361999817306],
            [-96.856690999627702, 32.753686999737582],
            [-96.856709999894292, 32.752254000250502],
            [-96.856712000442414, 32.750509999674051],
            [-96.856693000175838, 32.750301000114824],
            [-96.856695999650583, 32.749612999977742],
            [-96.855673000001644, 32.749587000213204],
            [-96.85518599992993, 32.74959499967661],
            [-96.854600999948929, 32.749612999977742],
            [-96.854117000250255, 32.749636999869935],
            [-96.853822999624072, 32.749645999638972],
            [-96.853384999956162, 32.749633000140207],
            [-96.852994000143894, 32.749616999708429],
            [-96.852749999746422, 32.749565999729462],
            [-96.852435000102176, 32.749572000084058],
            [-96.85244400032299, 32.751629999642354],
            [-96.851780999625859, 32.751606999819678],
            [-96.851525000431138, 32.75164599971253],
            [-96.85145299956281, 32.751661999779841],
            [-96.851290000254494, 32.751701999935598],
            [-96.851070000146464, 32.751792000031507],
            [-96.850860000084197, 32.751840000146196],
            [-96.850655000044782, 32.751848000162774],
            [-96.850248000339008, 32.751845000062197],
            [-96.850034999903684, 32.751843999776824],
            [-96.849722999734141, 32.75183500022986],
            [-96.848207000165715, 32.751792000031507],
            [-96.848193999746911, 32.752432000189287],
            [-96.848193999746911, 32.752903000306048],
            [-96.84817399965543, 32.753586000144111],
            [-96.848165000332912, 32.754270999793775],
            [-96.848158999586829, 32.75475599976793],
            [-96.847744000383443, 32.754758999770466],
            [-96.846511999598832, 32.75475599976793],
            [-96.846427999933255, 32.754742000006615],
            [-96.846077000303964, 32.754514999738582],
            [-96.84557599998854, 32.754205000108698],
            [-96.844822999778046, 32.753697999626546],
            [-96.843538000188289, 32.752872999651068],
            [-96.842374999898965, 32.752123999917693],
            [-96.841600999772069, 32.751630999930128],
            [-96.841071999867552, 32.751282000048583],
            [-96.840322999855019, 32.752101999749613],
            [-96.840289000418153, 32.752160999776031],
            [-96.840285000220192, 32.752378000228461],
            [-96.839583000063314, 32.752386999720564],
            [-96.838941000180895, 32.752383999638134],
            [-96.837452000376643, 32.752376999949085],
            [-96.836849999778892, 32.752373999866307],
            [-96.835909999970639, 32.752386999720564],
            [-96.835043999782243, 32.752386000196736],
            [-96.834051000270549, 32.752370000259482],
            [-96.833330999672, 32.752375999669681],
            [-96.833051000187837, 32.752359999730579],
            [-96.831579999926944, 32.752237000008584],
            [-96.831545999591754, 32.753106999958945],
            [-96.831540999568873, 32.753358999951679],
            [-96.831532000246369, 32.753777000094153],
            [-96.831522000200607, 32.754446000221414],
            [-96.83150100028422, 32.754629000071979],
            [-96.83143900035995, 32.755239999875556],
            [-96.831430999964027, 32.756125999975879],
            [-96.83142599994116, 32.756523000375651],
            [-96.831414000245587, 32.757465999642534],
            [-96.831403000374934, 32.757585000324909],
            [-96.831358000169089, 32.757681999792148],
            [-96.83083900031032, 32.757653000211739],
            [-96.829657999579339, 32.757664000366319],
            [-96.828393999905984, 32.757651999991594],
            [-96.827510999999149, 32.757660000241593],
            [-96.826937999713692, 32.757666000050861],
            [-96.826278000287942, 32.758729000175094],
            [-96.826080999746139, 32.758912000289861],
            [-96.825901999645993, 32.759037000267661],
            [-96.825724000269062, 32.759137999722746],
            [-96.825520999879458, 32.759171999835111],
            [-96.82530900016738, 32.759189000264165],
            [-96.825233999824292, 32.759190999914502],
            [-96.824965000210796, 32.75915100010053],
            [-96.824093999999519, 32.759041999779676],
            [-96.822924000037489, 32.758893000150984],
            [-96.82165299979313, 32.758726999758913],
            [-96.820446999846098, 32.758578000358597],
            [-96.820379000074041, 32.758567000316908],
            [-96.820327000195505, 32.75855600027387],
            [-96.819650999977895, 32.758470000302765],
            [-96.81936700029577, 32.758453999947598],
            [-96.81912999957099, 32.7584770002684],
            [-96.818502999757186, 32.758567000316908],
            [-96.817598000109044, 32.758701999841463],
            [-96.81725300032754, 32.758737999780827],
            [-96.816767000080745, 32.758762999688173],
            [-96.815658000218079, 32.758777999780335],
            [-96.815448999980717, 32.75878300006228],
            [-96.815209999606111, 32.758777999780335],
            [-96.814836000410608, 32.758751999669357],
            [-96.81413599990357, 32.758743000065039],
            [-96.812694999779893, 32.758784000269721],
            [-96.812186999791777, 32.758777999780335],
            [-96.812031999981087, 32.758774999913179],
            [-96.810255000296749, 32.75877700032828],
            [-96.810328000091687, 32.758456000369847],
            [-96.810381999620034, 32.758051000063446],
            [-96.810374999947328, 32.75784099985087],
            [-96.81029299993159, 32.757295000002344],
            [-96.810174999930808, 32.756740000021189],
            [-96.809944999777017, 32.755596999792758],
            [-96.809858999563303, 32.75504900004114],
            [-96.809824000301518, 32.754728000243119],
            [-96.80981300043085, 32.754334000168619],
            [-96.809805000034942, 32.754072000331533],
            [-96.809805999859861, 32.753846000129677],
            [-96.809803000385116, 32.753701999929241],
            [-96.809825999951343, 32.75276500023147],
            [-96.809837999646902, 32.751992000338696],
            [-96.809867999784132, 32.751655000034056],
            [-96.809882999852761, 32.751213000293269],
            [-96.809858999563303, 32.750431999631985],
            [-96.809861999936359, 32.750211000023441],
            [-96.809885000400882, 32.749863999726514],
            [-96.809924999685549, 32.749650999678131],
            [-96.810055000280201, 32.74918600012267],
            [-96.810231000007292, 32.74864599976187],
            [-96.810307000175285, 32.748446000252613],
            [-96.81057599978881, 32.747884000240347],
            [-96.81066700002539, 32.747697999890981],
            [-96.810842999752481, 32.747393999702531],
            [-96.8109840002178, 32.747216999855603],
            [-96.811437999779244, 32.746751000096438],
            [-96.812144999958988, 32.746192999853122],
            [-96.812365000067018, 32.746021000129602],
            [-96.812473999846958, 32.745933999791532],
            [-96.812710999673428, 32.745789000046756],
            [-96.813348000431276, 32.745460999888778],
            [-96.814121999659861, 32.745090999984242],
            [-96.814468000164595, 32.744931999830946],
            [-96.815187999864804, 32.744491999956686],
            [-96.815288000322241, 32.744433000139765],
            [-96.815627000255944, 32.744229999882023],
            [-96.815627000255944, 32.743935999913305],
            [-96.815627000255944, 32.743804000290282],
            [-96.815627000255944, 32.743651000104713],
            [-96.815618999860035, 32.743315000360319],
            [-96.815618999860035, 32.743087999683205],
            [-96.815603999791406, 32.742694000257011],
            [-96.815577999852152, 32.742341999698837],
            [-96.815536999844255, 32.742111999892352],
            [-96.815469000072198, 32.741933000092047],
            [-96.81538000038374, 32.741770999907949],
            [-96.815243000116382, 32.741581999950505],
            [-96.814900999809623, 32.741258999926877],
            [-96.814838999885353, 32.741202000290059],
            [-96.814764000440604, 32.741110000017265],
            [-96.81465399993742, 32.740993999702148],
            [-96.814489999905888, 32.740851000291414],
            [-96.813919999993502, 32.740392000357467],
            [-96.813822999909121, 32.740304999812075],
            [-96.813632999938335, 32.740122000003062],
            [-96.814167999690625, 32.739665999847311],
            [-96.814605000431925, 32.73930599978609],
            [-96.815208999781191, 32.738821999997697],
            [-96.818860999957479, 32.735815999913143],
            [-96.81969500035882, 32.735148999863789],
            [-96.819826999705001, 32.735038999923361],
            [-96.821729999786015, 32.733502999802724],
            [-96.821952000442195, 32.733350999803733],
            [-96.822205000162185, 32.733208999958237],
            [-96.822505999562736, 32.733075000077541],
            [-96.822703999929473, 32.733014999761146],
            [-96.822903999946007, 32.732938000013803],
            [-96.823329000093437, 32.732841000050932],
            [-96.823753000415962, 32.732791000036627],
            [-96.824135000007388, 32.732793000279571],
            [-96.824336999673761, 32.73281499992607],
            [-96.824473999941105, 32.732831000352611],
            [-96.824611000208449, 32.73284600027754],
            [-96.825207000060104, 32.732947999700123],
            [-96.825267000334591, 32.732955999901804],
            [-96.825336999756459, 32.732964000102776],
            [-96.825575000306145, 32.732994999646685],
            [-96.825855999615229, 32.733025999935549],
            [-96.826262000394394, 32.733049999761718],
            [-96.827255999731022, 32.73308100003139],
            [-96.827557999854818, 32.73310900031445],
            [-96.82797399978142, 32.733130000143149],
            [-96.828523999602325, 32.733150999966959],
            [-96.828733999664607, 32.733168000072517],
            [-96.828962999993465, 32.73321199993071],
            [-96.829179999728439, 32.733261999708851],
            [-96.829363000026547, 32.733310999721105],
            [-96.829541000301774, 32.73336499990392],
            [-96.829731000272588, 32.733444000266402],
            [-96.830149999673921, 32.733641999977543],
            [-96.830451999797717, 32.733800999873701],
            [-96.830963000158889, 32.734033999917322],
            [-96.831259000434898, 32.734126999667353],
            [-96.831553999987662, 32.734198000020626],
            [-96.832162000433215, 32.734312999631975],
            [-96.832441000092473, 32.734303999825443],
            [-96.832687000139757, 32.734284999727137],
            [-96.833055000385798, 32.734247000273982],
            [-96.833323000174403, 32.734204999626648],
            [-96.834303999990524, 32.734008999870483],
            [-96.834350999846194, 32.733766999900766],
            [-96.834360999891942, 32.733652000340562],
            [-96.834360999891942, 32.733533000179548],
            [-96.834330999754712, 32.733327999796202],
            [-96.834302000340713, 32.733193000355293],
            [-96.83429499976971, 32.733072000100456],
            [-96.834299999792563, 32.732973000044616],
            [-96.834314999861178, 32.732853999732704],
            [-96.834343000348596, 32.732744999726698],
            [-96.834408999572517, 32.732565000256912],
            [-96.834550999862742, 32.732284000106098],
            [-96.834586999847744, 32.732230000024067],
            [-96.834651000320164, 32.732176999659842],
            [-96.834734999985756, 32.732145000080529],
            [-96.834842000115884, 32.732139999814599],
            [-96.834979000383228, 32.732145000080529],
            [-96.835109000079569, 32.732179999667039],
            [-96.835299000050355, 32.732239000040025],
            [-96.835479999800327, 32.73231100013485],
            [-96.835709000129185, 32.732369999665451],
            [-96.835983999590496, 32.732428999912663],
            [-96.836236000383877, 32.732476000132891],
            [-96.836450999570715, 32.732506999846521],
            [-96.836637000241865, 32.732523000328335],
            [-96.836837000258413, 32.732554000025615],
            [-96.83704899997052, 32.732595000193768],
            [-96.837535000217329, 32.732660000274244],
            [-96.837481999615576, 32.732571000245088],
            [-96.837344000421609, 32.732324999642763],
            [-96.83713000016138, 32.732023999914418],
            [-96.83701999965821, 32.731852999799266],
            [-96.836952999711059, 32.7317100000786],
            [-96.836870999695293, 32.731514999883707],
            [-96.836800000448491, 32.731222999805702],
            [-96.836766999938206, 32.730648999747146],
            [-96.836823999839609, 32.730445999827786],
            [-96.836807000121183, 32.729801000035188],
            [-96.836787000029702, 32.729348999855077],
            [-96.836783999656646, 32.727902000171184],
            [-96.836773999610912, 32.726975000043012],
            [-96.836787000029702, 32.726181999964247],
            [-96.836778999633779, 32.725439000021119],
            [-96.836778999633779, 32.724556000330821],
            [-96.836777999808859, 32.723708999944286],
            [-96.836773999610912, 32.722510000294577],
            [-96.836773999610912, 32.721485999805665],
            [-96.836823999839609, 32.72124000035727],
            [-96.836842000281294, 32.720440999860472],
            [-96.836704000189016, 32.720435999693869],
            [-96.836700999815974, 32.720311999856307],
            [-96.835565000189135, 32.720316000146347],
            [-96.835431000294847, 32.720318999796895],
            [-96.834062000141202, 32.720323000086566],
            [-96.833426999931476, 32.72030599979886],
            [-96.832907000247786, 32.720311999856307],
            [-96.831636999828348, 32.72030599979886],
            [-96.831160999627286, 32.720308000321928],
            [-96.830635000095825, 32.720309000205525],
            [-96.830360999561137, 32.720311999856307],
            [-96.830203000275688, 32.720311999856307],
            [-96.83020999994838, 32.720429999644772],
            [-96.828598999945385, 32.720466999815287],
            [-96.828399999753771, 32.720471999980141],
            [-96.828410999624424, 32.720544999634257],
            [-96.828404999776652, 32.720891000101417],
            [-96.828383999860236, 32.721425000131674],
            [-96.829034000138577, 32.721431000113895],
            [-96.829061999727671, 32.721560999880445],
            [-96.82909299968982, 32.721657000156135],
            [-96.829101000085728, 32.721814999644799],
            [-96.829081999819152, 32.721949999689244],
            [-96.829070000123593, 32.722096000296673],
            [-96.829045999834136, 32.7222340002576],
            [-96.828990999582572, 32.72236000016688],
            [-96.828908999566806, 32.722474999934668],
            [-96.828838000320005, 32.722550999791792],
            [-96.828819000053429, 32.722613999922629],
            [-96.828814999855453, 32.72267299982483],
            [-96.828850000015564, 32.722808000081841],
            [-96.828987000282922, 32.723108000089148],
            [-96.82902300026791, 32.723215999935398],
            [-96.82902300026791, 32.723326000106134],
            [-96.828346000225409, 32.723311999940798],
            [-96.82727800037064, 32.7233050002352],
            [-96.82689800042904, 32.7233050002352],
            [-96.826740000245294, 32.723306000085195],
            [-96.826597999955069, 32.723306999935232],
            [-96.826135000172812, 32.723296999923171],
            [-96.826232000257178, 32.722932000227395],
            [-96.826308000425158, 32.722729000118555],
            [-96.826387999892788, 32.722574000312584],
            [-96.826418999854923, 32.722436000122073],
            [-96.826417000205112, 32.722350999909359],
            [-96.82520000038744, 32.722332000286421],
            [-96.824627000101984, 32.722328999947827],
            [-96.824639999622448, 32.721401000198952],
            [-96.822842999846628, 32.721382000373588],
            [-96.822841000196817, 32.721496000020835],
            [-96.821643999572302, 32.721513999951817],
            [-96.821022999606285, 32.721492999654103],
            [-96.820460000264902, 32.721477000215721],
            [-96.81988699997946, 32.721471000236647],
            [-96.819307000021311, 32.72147999982721],
            [-96.818060999891316, 32.721460000148014],
            [-96.816943999632727, 32.721444999818786],
            [-96.816456999561041, 32.721435000353679],
            [-96.815727999639975, 32.721435000353679],
            [-96.814547999632197, 32.721437999966582],
            [-96.814551000005252, 32.720309000205525],
            [-96.814494999928769, 32.720198000207034],
            [-96.814263000125166, 32.720205000156575],
            [-96.813241000301147, 32.720206999926063],
            [-96.81326700024043, 32.719074000106104],
            [-96.814520999868023, 32.71908800018101],
            [-96.814546999807305, 32.71785199988912],
            [-96.814546999807305, 32.717297999769308],
            [-96.814534000286812, 32.716745999834387],
            [-96.81452699971581, 32.716428000144681],
            [-96.814572999746574, 32.71496199969615],
            [-96.813278999935989, 32.714950000372589],
            [-96.81295199969783, 32.714954000147316],
            [-96.812107000324161, 32.71492800009694],
            [-96.810939999836862, 32.714911000292432],
            [-96.810976999646783, 32.713175000264826],
            [-96.811504999726381, 32.713178000155551],
            [-96.812127000415629, 32.713183999936703],
            [-96.813314000096099, 32.713200000107044],
            [-96.813309000073218, 32.712360999729647],
            [-96.813326999616564, 32.711370000095314],
            [-96.814567999723707, 32.711367000143781],
            [-96.81457899959436, 32.709563999680817],
            [-96.814581000142496, 32.707523999794176],
            [-96.815864999907319, 32.70752099971331],
            [-96.817060999808604, 32.707528999928719],
            [-96.818229000120795, 32.707527999901849],
            [-96.8194319996948, 32.7075170003612],
            [-96.819974999842998, 32.707510000171794],
            [-96.820611999702535, 32.707535000089848],
            [-96.821805000129103, 32.707517999632358],
            [-96.82255099976858, 32.707510000171794],
            [-96.822970999893158, 32.707519999686312],
            [-96.822968000418413, 32.707213999975018],
            [-96.822981999763812, 32.706711999924451],
            [-96.822985000136853, 32.705955999710582],
            [-96.823971999800776, 32.70592499983708],
            [-96.825900999821073, 32.705903000359243],
            [-96.825911999691726, 32.705842999900256],
            [-96.82593500015625, 32.705768000214718],
            [-96.826062000377874, 32.705768000214718],
            [-96.82633199981629, 32.705767000168052],
            [-96.826495000022916, 32.705768000214718],
            [-96.826634999765005, 32.705750000129605],
            [-96.826808999842285, 32.705716000042983],
            [-96.826914000322574, 32.705698999994759],
            [-96.827053000239729, 32.70566399984088],
            [-96.827230999616646, 32.705622000091665],
            [-96.827274000172679, 32.705669000079673],
            [-96.827306999784639, 32.705716000042983],
            [-96.827546000159245, 32.70565999964969],
            [-96.827716999863469, 32.705610000267683],
            [-96.827937999796404, 32.705546000171282],
            [-96.828066999667826, 32.70550599970975],
            [-96.828336000179661, 32.705957999799594],
            [-96.828558999762421, 32.706225999982394],
            [-96.828817000403603, 32.706469999945149],
            [-96.828957999970598, 32.706613000080971],
            [-96.829120000352304, 32.706796999923846],
            [-96.829286000033662, 32.707098000151028],
            [-96.829449000240274, 32.707490999654944],
            [-96.829530000431134, 32.707639999820202],
            [-96.829552000172427, 32.707672999904318],
            [-96.829664000325437, 32.707832000001048],
            [-96.829768000082495, 32.707991999836118],
            [-96.829937000136908, 32.707524999821082],
            [-96.830132000130575, 32.707142000023779],
            [-96.830375999629723, 32.706800000029041],
            [-96.830593000263022, 32.706555000175072],
            [-96.830830999914397, 32.706304000160756],
            [-96.831367000389918, 32.705136000259749],
            [-96.831883999700551, 32.705136000259749],
            [-96.832008000447431, 32.705127999829777],
            [-96.832119999702101, 32.705129999937348],
            [-96.832175999778599, 32.705072999877764],
            [-96.832216999786496, 32.705028999740563],
            [-96.832410999955258, 32.70482000011544],
            [-96.833134999853414, 32.704019999866475],
            [-96.834379000333612, 32.702672000211791],
            [-96.835755000159949, 32.701329999671046],
            [-96.836694000143282, 32.700585999716679],
            [-96.837476999592695, 32.700017999673051],
            [-96.838598999874122, 32.699339000297975],
            [-96.839438000298358, 32.698825999933959],
            [-96.839999999814836, 32.698486000073501],
            [-96.840147999952848, 32.698388999677952],
            [-96.84015499962554, 32.69890100016233],
            [-96.840163000021462, 32.699924999879137],
            [-96.84016600039449, 32.701034000139543],
            [-96.840172000242276, 32.702529999890388],
            [-96.840174999717021, 32.703823000211699],
            [-96.840177000265143, 32.704810000298352],
            [-96.840178999914983, 32.705783000156842],
            [-96.840173000067196, 32.705839999762887],
            [-96.840172000242276, 32.705892999907562],
            [-96.843221999820798, 32.705903000359243],
            [-96.844256000238701, 32.705903000359243],
            [-96.844811000082473, 32.705903000359243],
            [-96.845374000322167, 32.705888999726632],
            [-96.846692000422209, 32.705843999946012],
            [-96.847657000344796, 32.705835000289532],
            [-96.848628999940104, 32.70583000006004],
            [-96.853436999834699, 32.705832000151887],
            [-96.854380000015993, 32.705825999876289],
            [-96.857010000368263, 32.705811999987496],
            [-96.857182999722312, 32.705809999895202],
            [-96.857641000380013, 32.705801000235304],
            [-96.85860799995244, 32.705799000142768],
            [-96.858884000136968, 32.705713999948543],
            [-96.859119000313612, 32.705593000199315],
            [-96.8591460000778, 32.705581000371431],
            [-96.859233999941338, 32.705525999942729],
            [-96.859696999723596, 32.705255999820459],
            [-96.85996899971019, 32.705113999831468],
            [-96.860225999628128, 32.705001999765933],
            [-96.860685999935654, 32.704855999901341],
            [-96.860824000027918, 32.704827999817176],
            [-96.860931000158047, 32.704811000355676],
            [-96.861065000052349, 32.704805000011433],
            [-96.862102999769888, 32.704805000011433],
            [-96.863168000149912, 32.704798999666714],
            [-96.863363999968513, 32.704798999666714],
            [-96.863850000215308, 32.704811000355676],
            [-96.864241999852467, 32.704848000202119],
            [-96.864415999929733, 32.704872000053484],
            [-96.864507000166341, 32.704877999637333],
            [-96.864586999633971, 32.704890000315658],
            [-96.865358000286136, 32.704931999653574],
            [-96.865907000282135, 32.704957000293895],
            [-96.866992999680249, 32.704940000101125],
            [-96.867828999731415, 32.704936999933381],
            [-96.868598999660335, 32.704923999961174],
            [-96.870196000317947, 32.704936999933381],
            [-96.870196000317947, 32.704876000280017],
            [-96.870192999944905, 32.704818000000927],
            [-96.870185000447293, 32.704472999985889],
            [-96.870183999724077, 32.702832000228696],
            [-96.87206900026176, 32.702821000109189],
            [-96.872378999883153, 32.702832000228696],
            [-96.872537000066899, 32.70282400034808],
            [-96.872617000432825, 32.702799999945945],
            [-96.872997000374426, 32.702631999973796],
            [-96.873081999864937, 32.702755000119389],
            [-96.873113999651977, 32.702825999751362],
            [-96.873158999857836, 32.702948000307245],
            [-96.873158999857836, 32.703062000081125],
            [-96.872989999803437, 32.703548999941908],
            [-96.872989999803437, 32.703666999984669],
            [-96.873008000245079, 32.703876000042627],
            [-96.873410999752906, 32.704346999753042],
            [-96.873975999642425, 32.704344999627928],
            [-96.874236999758324, 32.704381999667596],
            [-96.874230999910552, 32.705247000104663],
            [-96.874206999621123, 32.70530800026026],
            [-96.874189000077763, 32.705369999669372],
            [-96.874362000330123, 32.705472000286008],
            [-96.874625999920767, 32.705584999810263],
            [-96.874974000075298, 32.705698999994759],
            [-96.875101000296908, 32.705743999848494],
            [-96.875322000229858, 32.705801000235304],
            [-96.87545600012416, 32.705820999646299],
            [-96.876076000265272, 32.705849000174723],
            [-96.87789800015544, 32.705832000151887],
            [-96.879275999631616, 32.705826999922238],
            [-96.879832000198618, 32.705833000197821],
            [-96.880884999984772, 32.705820999646299],
            [-96.881012000206383, 32.705820999646299],
            [-96.882464000200699, 32.70581500012581],
            [-96.882624000034269, 32.70581500012581],
            [-96.88284699961703, 32.705817000217998],
            [-96.88284699961703, 32.705768000214718],
            [-96.882840999769243, 32.705719000184523],
            [-96.882835999746376, 32.704403000214455],
            [-96.882864000233781, 32.70269699997349],
            [-96.88284900016518, 32.701461000102903],
            [-96.882808999982203, 32.700243000187875],
            [-96.883310000297627, 32.700246999866017],
            [-96.88366699977469, 32.700250000191495],
            [-96.884552000229661, 32.700258000302846],
            [-96.884985999699609, 32.700263000088611],
            [-96.885955999645091, 32.700261999980313],
            [-96.887129999805069, 32.700258999655297],
            [-96.888190999987131, 32.700245999757549],
            [-96.888693999952395, 32.700235000075175],
            [-96.889278000108476, 32.700235000075175],
            [-96.889468000079276, 32.700223999635519],
            [-96.889983999565004, 32.700211999841585],
            [-96.891022000180854, 32.700205999943996],
            [-96.891156999900076, 32.700197999827914],
            [-96.891228000045189, 32.700187000139643],
            [-96.891300999840112, 32.700181000240427],
            [-96.891141999831461, 32.699685999980531],
            [-96.891095999800697, 32.699441000248811],
            [-96.891078000257352, 32.699101999828692],
            [-96.891100999823578, 32.698806999835838],
            [-96.891351000068823, 32.697881999955406],
            [-96.89138700005384, 32.697746999771866],
            [-96.891469000069605, 32.697256000188027],
            [-96.891476999567203, 32.69704900003444],
            [-96.891478000290448, 32.696813999826084],
            [-96.891469000069605, 32.69607100017938],
            [-96.891469000069605, 32.69587599992412],
            [-96.891469000069605, 32.695542999782688],
            [-96.893573999817008, 32.695535000004696],
            [-96.893759999589832, 32.695500999806058],
            [-96.893923999621364, 32.695439000344386],
            [-96.89432000035481, 32.695253000189027],
            [-96.89573600036411, 32.696926999730088],
            [-96.89687199999095, 32.698258000028531],
            [-96.89725100010763, 32.698674999917884],
            [-96.898319999787319, 32.699863999823528],
            [-96.8989039999434, 32.700491999652975],
            [-96.899509999840831, 32.701142000256034],
            [-96.899928000315555, 32.701574000170901],
            [-96.900118000286355, 32.701803000150917],
            [-96.900679999802833, 32.702429999858481],
            [-96.901131999714451, 32.702921999781445],
            [-96.902500999868096, 32.704526000186661],
            [-96.903042000366497, 32.70512300031659],
            [-96.903557999852211, 32.705713999948543],
            [-96.903834999861644, 32.705713999948543],
            [-96.90393299977093, 32.705849000174723],
            [-96.904651999646262, 32.706703999635735],
            [-96.904718999593413, 32.706787000328312],
            [-96.904822000423877, 32.706913000139167],
            [-96.905997000408775, 32.70817299979975],
            [-96.906233000410325, 32.708450000281694],
            [-96.906594000085335, 32.708828999706036],
            [-96.907275000325825, 32.709555999647897],
            [-96.908210999936102, 32.710558999697092],
            [-96.90851999973259, 32.71092100017912],
            [-96.908707000228659, 32.711150000358145],
            [-96.908853999643426, 32.711330999961582],
            [-96.908978000390306, 32.71145000027753],
            [-96.909143000246743, 32.71163799989418],
            [-96.910135999758452, 32.712778000228823],
            [-96.910618999632206, 32.713309999783078],
            [-96.91114900025994, 32.713909000001742],
            [-96.911581999904982, 32.7144470000651],
            [-96.912532999583888, 32.715721999670954],
            [-96.913619999705233, 32.717119999938937],
            [-96.913890000041988, 32.717496999732255],
            [-96.914646999552119, 32.718634000301961],
            [-96.915131000149103, 32.719296999634857],
            [-96.915882999636381, 32.720380000227436],
            [-96.915993999964456, 32.720522999982883],
            [-96.916644000242798, 32.720522999982883],
            [-96.917579999853089, 32.720534000187108],
            [-96.918111000305743, 32.72051600005836],
            [-96.918887000082449, 32.720522000101681],
            [-96.919525999591812, 32.720522000101681],
            [-96.919749000072898, 32.720534000187108],
            [-96.919971999655658, 32.720559000234019],
            [-96.92041900044272, 32.720634000332616],
            [-96.920796999836185, 32.720732999731368],
            [-96.921131999571926, 32.720806999805617],
            [-96.92145999963499, 32.720856999739325],
            [-96.921757999560839, 32.720862999759703],
            [-96.922049999638872, 32.720862999759703],
            [-96.922477000334453, 32.720831999775953],
            [-96.923065999615105, 32.720757999722444],
            [-96.923326999731017, 32.72071999979368],
            [-96.923811000328001, 32.720529000025785],
            [-96.927009999869412, 32.720495000281403],
            [-96.930256999989751, 32.720522000101681],
            [-96.93048899979334, 32.720522000101681],
            [-96.930574000182162, 32.720524999745294],
            [-96.930939999880039, 32.720535999949284],
            [-96.931092000216012, 32.720556999716585],
            [-96.931221000087433, 32.720556999716585],
            [-96.931333000240443, 32.720567999916618],
            [-96.931876000388655, 32.7205739999565],
            [-96.932343000368888, 32.720571000314472],
            [-96.934335000138375, 32.720565000274448],
            [-96.936989999706682, 32.720559000234019],
            [-96.937477999603303, 32.720553000193199],
            [-96.938403000241252, 32.720556999716585],
            [-96.938520000417128, 32.720553000193199],
            [-96.938746000372944, 32.720556999716585],
            [-96.938768000114237, 32.720591000193117],
            [-96.938778000159985, 32.720612999827658],
            [-96.938777000335079, 32.720916999925031],
            [-96.938800999726197, 32.721040999677129],
            [-96.938833000411563, 32.721087999855058],
            [-96.938857999627601, 32.721114000376957],
            [-96.938907000031421, 32.721147000011143],
            [-96.938977000351613, 32.72120999962236],
            [-96.939011999613413, 32.721247000225027],
            [-96.93906199984211, 32.721284999929203],
            [-96.939117000093702, 32.721296999911964],
            [-96.939163999949358, 32.721298999657023],
            [-96.939347000247466, 32.721272000071998],
            [-96.939477999768712, 32.721273999817626],
            [-96.939589999921708, 32.721284999929203],
            [-96.939719999618049, 32.721314000010807],
            [-96.939769999846774, 32.721337000094834],
            [-96.939803000357045, 32.72141499990861],
            [-96.939834000319181, 32.721585999639395],
            [-96.939845000189834, 32.721622000217124],
            [-96.939861999908288, 32.721742000274553],
            [-96.939897000068385, 32.721850000263764],
            [-96.939919999634597, 32.721870999721645],
            [-96.93998999995479, 32.7218840002473],
            [-96.94007199997057, 32.721870999721645],
            [-96.940143999940588, 32.721851999996431],
            [-96.94027500036016, 32.721842999687588],
            [-96.940586999631364, 32.721840000088307],
            [-96.941015999976784, 32.721852999862712],
            [-96.941247999780359, 32.721813999778028],
            [-96.94126899969676, 32.721797999641524],
            [-96.941279999567413, 32.721763999625196],
            [-96.941297000184164, 32.721732999954661],
            [-96.941322000298527, 32.721704999877325],
            [-96.941409000337146, 32.721652000057716],
            [-96.94144199994912, 32.721642999728694],
            [-96.941533000185714, 32.721640999991401],
            [-96.94167799995067, 32.721617999985732],
            [-96.94171099956263, 32.721600999944897],
            [-96.941744999897821, 32.721552000298011],
            [-96.941749000095783, 32.721527999643691],
            [-96.941720999608378, 32.721477000215721],
            [-96.941717000308742, 32.721443000077002],
            [-96.941725999631231, 32.72141499990861],
            [-96.941759999966436, 32.721386999731372],
            [-96.941877999967204, 32.721330000234211],
            [-96.942077000158847, 32.721202999751718],
            [-96.942139999908036, 32.721170000138301],
            [-96.942236999992417, 32.721133000259464],
            [-96.942284999672992, 32.721125999626999],
            [-96.942409000419872, 32.721118999749756],
            [-96.94249700028341, 32.721102000369577],
            [-96.942566999705292, 32.721051999817455],
            [-96.942637999850405, 32.721016999641058],
            [-96.942843999714725, 32.72097299981003],
            [-96.942974000309391, 32.72096799967332],
            [-96.943054999601927, 32.720911999785123],
            [-96.94308499973917, 32.720910999908284],
            [-96.943256000341691, 32.720868999779668],
            [-96.943312000418189, 32.720861000004859],
            [-96.943435000441838, 32.720852000351833],
            [-96.943479999749371, 32.720842999942064],
            [-96.943765000154727, 32.720716000277555],
            [-96.944068000103428, 32.720544999634257],
            [-96.9441660000127, 32.720497000044389],
            [-96.944742999597793, 32.720232999949104],
            [-96.944951999835183, 32.720114000014206],
            [-96.945088000277607, 32.720049999742201],
            [-96.945253000134045, 32.719947999922297],
            [-96.945542999663957, 32.719817000182523],
            [-96.94593100000148, 32.719599999792088],
            [-96.946117999599224, 32.719507000003006],
            [-96.947063000328683, 32.719059000131338],
            [-96.947454000140922, 32.718859999874759],
            [-96.947755000439798, 32.718688000305484],
            [-96.948085000152687, 32.718541000261268],
            [-96.948193999932627, 32.718487000168743],
            [-96.948393999949161, 32.718409000061364],
            [-96.948658000438115, 32.718291999772404],
            [-96.94939999987966, 32.718032000344195],
            [-96.949865000210067, 32.717833000063379],
            [-96.950029000241599, 32.717784999769691],
            [-96.950083999594867, 32.71774700008568],
            [-96.950333000015206, 32.717666000347236],
            [-96.950456000038855, 32.717612999638739],
            [-96.950639000336949, 32.71750900022478],
            [-96.951068999608964, 32.717335999644583],
            [-96.951194000180749, 32.717260999795585],
            [-96.951569999924374, 32.717103999715995],
            [-96.951712000214613, 32.716973000333503],
            [-96.951798000428326, 32.716878000228228],
            [-96.951853999606499, 32.716780000252228],
            [-96.951872000048169, 32.716756999748682],
            [-96.951876000246131, 32.71672900037639],
            [-96.951856999979569, 32.716642000165209],
            [-96.951856999979569, 32.716621000231839],
            [-96.951865000375477, 32.716596999762082],
            [-96.951891000314745, 32.716552000092008],
            [-96.951892999964571, 32.71652399989955],
            [-96.951882000093917, 32.716505999717199],
            [-96.951829000390461, 32.716475999657128],
            [-96.951807999575749, 32.716440999952198],
            [-96.951757000420443, 32.716287999655641],
            [-96.95185799980446, 32.716191999646824],
            [-96.952021000011086, 32.716000000074906],
            [-96.95215900010335, 32.715867999893277],
            [-96.952243999593847, 32.715829000214519],
            [-96.952307000241348, 32.715809000023789],
            [-96.95233300018063, 32.715770000319161],
            [-96.952498000037068, 32.715635999925148],
            [-96.952564999984219, 32.715613999818707],
            [-96.952898000070164, 32.715602999763391],
            [-96.952949000123766, 32.715591999706774],
            [-96.952975000063049, 32.715548000222505],
            [-96.952992999606394, 32.715536000221945],
            [-96.953194000346144, 32.715469999812221],
            [-96.953433999647359, 32.715415000189267],
            [-96.95367399984687, 32.715335999723322],
            [-96.953859999619695, 32.7152439999631],
            [-96.954078999902819, 32.715091999822796],
            [-96.954278999919353, 32.714978000303411],
            [-96.954338000368892, 32.714940000179233],
            [-96.954463999867286, 32.714792000058686],
            [-96.954484999783688, 32.714737000017671],
            [-96.954530999814438, 32.714656999760045],
            [-96.954628999723724, 32.714461000110546],
            [-96.954654999662992, 32.714361999796068],
            [-96.95466499970874, 32.714259000321888],
            [-96.954683000150411, 32.714149000304459],
            [-96.954709000089665, 32.714067000368125],
            [-96.954716999587262, 32.713914999733717],
            [-96.954704000066798, 32.713806999960958],
            [-96.954680999602274, 32.713723999752816],
            [-96.954611000180378, 32.713609000037906],
            [-96.954585000241096, 32.713510000289546],
            [-96.954585000241096, 32.713423999922625],
            [-96.954579000393323, 32.713347999845766],
            [-96.954508000248211, 32.71327099974166],
            [-96.954343000391773, 32.712996999764655],
            [-96.954307000406757, 32.712851000133867],
            [-96.954310999706408, 32.71275600017325],
            [-96.954172999614144, 32.712389999689698],
            [-96.954155999895704, 32.712266000003105],
            [-96.954074999704844, 32.71218399984744],
            [-96.954016999978535, 32.712015000183001],
            [-96.954005000282976, 32.711692000354105],
            [-96.953991000039281, 32.711624000161521],
            [-96.953898000152847, 32.711429999860776],
            [-96.953869999665443, 32.711336999866958],
            [-96.953869999665443, 32.711228000010962],
            [-96.953838999703308, 32.711125999927965],
            [-96.95379500022068, 32.711047000198491],
            [-96.953771999756157, 32.71091700022356],
            [-96.953776999779038, 32.710756000352482],
            [-96.953755000037717, 32.710649999762275],
            [-96.953772999581062, 32.710529999897695],
            [-96.953852999947003, 32.710412999855407],
            [-96.953941999635475, 32.71031000035655],
            [-96.953991000039281, 32.710222999931361],
            [-96.954031000222258, 32.710122000208806],
            [-96.954097000344476, 32.709842999625238],
            [-96.954088999948567, 32.709792000318224],
            [-96.95411099968986, 32.709728000198162],
            [-96.954155999895704, 32.709649999989722],
            [-96.954258999827871, 32.709561999672651],
            [-96.954335999820756, 32.709430999795792],
            [-96.954499999852302, 32.709263000214527],
            [-96.954531999639357, 32.709170000229292],
            [-96.954525999791571, 32.709090000270066],
            [-96.954545000058147, 32.709007000208267],
            [-96.954596999936683, 32.708942000269872],
            [-96.954673999929568, 32.708883000354525],
            [-96.954796999953203, 32.70871299971413],
            [-96.954810000372007, 32.708579000057078],
            [-96.954894000037598, 32.708447000231921],
            [-96.954880999618808, 32.708362000292723],
            [-96.954862000250543, 32.708339999903998],
            [-96.954862000250543, 32.708306000048388],
            [-96.95489999988537, 32.708257999918992],
            [-96.954949000289176, 32.708157000239545],
            [-96.954976999878284, 32.70802399976872],
            [-96.95496299963456, 32.707966000024165],
            [-96.95494599991612, 32.707836000094929],
            [-96.954941999718159, 32.707748000256203],
            [-96.954944000266309, 32.707658000279856],
            [-96.954961999809669, 32.707563000080377],
            [-96.954977999703175, 32.707516000334152],
            [-96.955135000062015, 32.707372000105224],
            [-96.955151999780455, 32.707309999819586],
            [-96.955177999719737, 32.707258999820517],
            [-96.955213999704753, 32.707220000157271],
            [-96.955224999575378, 32.707172000199506],
            [-96.955219999552526, 32.707134999804957],
            [-96.95523499962114, 32.707092999992319],
            [-96.955300999743372, 32.707030000236195],
            [-96.955344000299405, 32.706971999845472],
            [-96.95537500026154, 32.706884999944606],
            [-96.955385000307274, 32.706810999658082],
            [-96.95537400043662, 32.706729999815451],
            [-96.955390000330155, 32.70667600013148],
            [-96.95543700018581, 32.706632000028911],
            [-96.955641000400306, 32.706527999906243],
            [-96.955802999883716, 32.706428999858595],
            [-96.955826000348239, 32.706403000347088],
            [-96.955895999770121, 32.706363000269754],
            [-96.955921999709389, 32.706324000214863],
            [-96.955921999709389, 32.706279999938701],
            [-96.955930999930217, 32.70623200023109],
            [-96.955957999694405, 32.706171999993408],
            [-96.956005000448386, 32.706107000257262],
            [-96.956045999557958, 32.706037000255883],
            [-96.956088000289057, 32.7060099998303],
            [-96.956652000353671, 32.705851000266122],
            [-96.95672900034657, 32.705843999946012],
            [-96.956799999593358, 32.705870999665926],
            [-96.956901999700605, 32.705948000110034],
            [-96.956953999579142, 32.705971999665486],
            [-96.956992999937199, 32.705971999665486],
            [-96.957013000028695, 32.705941999842189],
            [-96.957004999632773, 32.705887999681323],
            [-96.956973999670637, 32.70578500024974],
            [-96.956963999624904, 32.705698999994759],
            [-96.957032000295257, 32.705418999891215],
            [-96.957013999853615, 32.705368000323084],
            [-96.957045999640641, 32.70530800026026],
            [-96.957079000150941, 32.705155999819802],
            [-96.957189999580706, 32.704955000182437],
            [-96.957213000045229, 32.704914000155732],
            [-96.957238000159592, 32.704868999883409],
            [-96.95728199964222, 32.704761999799963],
            [-96.957271999596458, 32.704617999661743],
            [-96.95734500028972, 32.704528000307732],
            [-96.957428000130378, 32.704296000328085],
            [-96.957526000039678, 32.704168999780805],
            [-96.957633999994712, 32.704059000172485],
            [-96.957839999859033, 32.703895999885077],
            [-96.95786400014849, 32.703870999703355],
            [-96.957869000171343, 32.703792000353076],
            [-96.95789699976045, 32.703744000062997],
            [-96.957986000347219, 32.703626000122007],
            [-96.95851000022887, 32.703216999778796],
            [-96.958707999697253, 32.702950999785976],
            [-96.958947000071859, 32.702782000018061],
            [-96.958979999683834, 32.702689000080781],
            [-96.958973000011127, 32.702581000324599],
            [-96.959018000216986, 32.702516000240401],
            [-96.959089000362098, 32.70247800009944],
            [-96.959148999738233, 32.702451000108802],
            [-96.959179999700368, 32.702379000093906],
            [-96.959226999556037, 32.702302000349611],
            [-96.959250000020575, 32.702204000235376],
            [-96.959320000340767, 32.702125000165189],
            [-96.959342999906994, 32.702106000013465],
            [-96.959482999649069, 32.702067000365773],
            [-96.959569999687702, 32.701999999729509],
            [-96.959599000000026, 32.701929000196237],
            [-96.959621999566252, 32.70188999971527],
            [-96.959645999855695, 32.701714000317594],
            [-96.959645999855695, 32.701497999826543],
            [-96.959669000320218, 32.701360999629046],
            [-96.959716000175888, 32.701321000315239],
            [-96.95978499977285, 32.701282000324497],
            [-96.959809000062322, 32.70126199989619],
            [-96.959809000062322, 32.701105999727766],
            [-96.959831999628534, 32.701046999922518],
            [-96.959879000382514, 32.700989000178424],
            [-96.959947999979477, 32.700950000042596],
            [-96.960250999928178, 32.700891000134142],
            [-96.960297999783847, 32.700891000134142],
            [-96.960321000248399, 32.700871000374171],
            [-96.960343999814611, 32.70081199965761],
            [-96.960343999814611, 32.700732999867078],
            [-96.960390999670267, 32.700635999645861],
            [-96.960483999556686, 32.700577000285797],
            [-96.960577000341431, 32.700537999969931],
            [-96.960670000227836, 32.700518000130813],
            [-96.960856999825594, 32.700518000130813],
            [-96.960902999856344, 32.700498999636999],
            [-96.960926000320882, 32.700460000042938],
            [-96.960973000176551, 32.700301999768762],
            [-96.960973000176551, 32.70028299998485],
            [-96.961020000032192, 32.700183999812097],
            [-96.961183000238833, 32.700047999976029],
            [-96.961309999562118, 32.699902999677974],
            [-96.961413000392596, 32.699860000128233],
            [-96.961461999898091, 32.699851999981149],
            [-96.96153200021827, 32.699831999988305],
            [-96.961717999991123, 32.699793000102815],
            [-96.961764999846778, 32.699773000096769],
            [-96.961788000311316, 32.699754000200244],
            [-96.961881000197749, 32.699499000242973],
            [-96.961904999588882, 32.699460000211928],
            [-96.961950999619631, 32.699441000248811],
            [-96.962231000002106, 32.699362000000598],
            [-96.963068999703111, 32.698636000282775],
            [-96.963114999733861, 32.698577000356515],
            [-96.963139000023304, 32.698500000355658],
            [-96.963139000023304, 32.698441000339514],
            [-96.963161999589531, 32.698382000284411],
            [-96.963114999733861, 32.698244999839368],
            [-96.963068999703111, 32.698030000157139],
            [-96.963068999703111, 32.69793199988753],
            [-96.963139000023304, 32.697834000266326],
            [-96.963220000214164, 32.697801000323381],
            [-96.963317000298545, 32.697778000218449],
            [-96.963426999903405, 32.697795000263703],
            [-96.963458999690459, 32.697839000187891],
            [-96.963575000041416, 32.697881999955406],
            [-96.963606999828457, 32.69792599983672],
            [-96.963691000392359, 32.69797500036622],
            [-96.96375599979136, 32.698022999979472],
            [-96.963795000149432, 32.698121000149115],
            [-96.963770000035083, 32.698216999948741],
            [-96.963775999882856, 32.698242000202455],
            [-96.963795000149432, 32.698255999766978],
            [-96.96386600029453, 32.698250999868741],
            [-96.96392999986864, 32.698208000279038],
            [-96.963963000378925, 32.698121000149115],
            [-96.963976999724309, 32.698030000157139],
            [-96.964000000188832, 32.697988999972573],
            [-96.964047000044516, 32.697970999830304],
            [-96.965094999807789, 32.697246000279328],
            [-96.965165000127982, 32.697167000356117],
            [-96.965258000014401, 32.697128000062094],
            [-96.965677000314059, 32.697029000169479],
            [-96.965889999851072, 32.697029000169479],
            [-96.965955999973318, 32.697010999833608],
            [-96.966910999850185, 32.69638200030586],
            [-96.966957999705841, 32.69634399982106],
            [-96.967096999623024, 32.696168000070166],
            [-96.967120000087547, 32.696095000123194],
            [-96.967096999623024, 32.696010999913632],
            [-96.967096999623024, 32.695970999714014],
            [-96.967120999912453, 32.695931999653354],
            [-96.967540000212125, 32.695560000253629],
            [-96.967958999613472, 32.695246999958052],
            [-96.968004999644222, 32.695226999689332],
            [-96.96816799985082, 32.695226999689332],
            [-96.968238000171041, 32.695208000337061],
            [-96.968634000006148, 32.69485400020659],
            [-96.968822000327137, 32.694704999859944],
            [-96.968982999985613, 32.694522000205112],
            [-96.969029999841283, 32.694501999773955],
            [-96.969146000192225, 32.694501999773955],
            [-96.969193000047895, 32.694522000205112],
            [-96.969263000368102, 32.694580000371801],
            [-96.969356000254521, 32.694638999916123],
            [-96.969434000072326, 32.694640000087482],
            [-96.96947900027817, 32.694618000095637],
            [-96.96954200002736, 32.69456100012583],
            [-96.969588999883015, 32.694483000267361],
            [-96.969612000347553, 32.694462999827401],
            [-96.969659000203222, 32.694443000139032],
            [-96.969752000089642, 32.694483000267361],
            [-96.969868000440599, 32.694522000205112],
            [-96.970060000061224, 32.694623000197332],
            [-96.970080000152706, 32.694650999703377],
            [-96.970072999581689, 32.694716000223821],
            [-96.970080000152706, 32.694846000366788],
            [-96.970080000152706, 32.695067999812593],
            [-96.97012500035855, 32.695199000363957],
            [-96.970195999605338, 32.695258999663579],
            [-96.970311000131375, 32.695264999893674],
            [-96.970426999584021, 32.695246999958052],
            [-96.970496999904213, 32.695264999893674],
            [-96.970543999759883, 32.695286000318021],
            [-96.970589999790633, 32.695403999946436],
            [-96.97061300025517, 32.695541000216245],
            [-96.970636999646302, 32.695639000087155],
            [-96.970754999647085, 32.695819000001677],
            [-96.970890000264603, 32.696125999631626],
            [-96.970928999724336, 32.696179999651882],
            [-96.970942000143125, 32.696223000218573],
            [-96.970933999747217, 32.696249999825483],
            [-96.970911000181005, 32.696266000008634],
            [-96.970876000020908, 32.696278000333095],
            [-96.970864000325321, 32.696294999908062],
            [-96.97080300022597, 32.696322000249175],
            [-96.970789999807181, 32.696337000267135],
            [-96.97078599960922, 32.69636499999153],
            [-96.97079700037817, 32.696396000162132],
            [-96.970830999815064, 32.696408999864659],
            [-96.970882999693586, 32.696405000014536],
            [-96.970892999739348, 32.69638700030881],
            [-96.970885000241736, 32.696347999673918],
            [-96.970887999716467, 32.696326000103014],
            [-96.970942999968059, 32.696319999944194],
            [-96.970988999998809, 32.696333999810115],
            [-96.971038000402615, 32.696376000150856],
            [-96.971057999595786, 32.696403999863016],
            [-96.971064000341883, 32.696437999717645],
            [-96.971035000029559, 32.696457999715022],
            [-96.970989999823715, 32.696447000321804],
            [-96.970973000105289, 32.696496000151356],
            [-96.970941000318234, 32.696528999820814],
            [-96.97089600011239, 32.696623000278557],
            [-96.970876999845814, 32.696632000108082],
            [-96.970867999625, 32.6966490003716],
            [-96.970871999822961, 32.696665999875918],
            [-96.970891999914429, 32.696679999687582],
            [-96.970912000005924, 32.696689000267348],
            [-96.970934999572137, 32.696688000119003],
            [-96.970952000188902, 32.696676999998132],
            [-96.97097599958002, 32.696688000119003],
            [-96.970978999953061, 32.696705999764035],
            [-96.970973000105289, 32.69675900004183],
            [-96.97095899986158, 32.696809999994095],
            [-96.970943999792965, 32.696839999863492],
            [-96.970915000378952, 32.696838000326103],
            [-96.970859000302468, 32.696925000194639],
            [-96.970782000309583, 32.696992000105062],
            [-96.970775999563472, 32.697067999750836],
            [-96.97064699969205, 32.697220000360169],
            [-96.970594999813514, 32.69730699985638],
            [-96.970582000293035, 32.697371999954633],
            [-96.970626999600555, 32.697473999885553],
            [-96.970685000225188, 32.69756699996551],
            [-96.970730000431018, 32.697611000002091],
            [-96.970820999769316, 32.697653999879456],
            [-96.970949999640737, 32.697653999879456],
            [-96.971079000410498, 32.697628000079142],
            [-96.97121400012972, 32.697555999952975],
            [-96.971349999673834, 32.697560999890094],
            [-96.97151100023062, 32.697619999731998],
            [-96.97165299962252, 32.697707999731264],
            [-96.971697999828365, 32.697778000218449],
            [-96.971705000399382, 32.697864999926729],
            [-96.971646999774748, 32.698016999934723],
            [-96.971549999690353, 32.698151999709829],
            [-96.971502999834712, 32.698249999737897],
            [-96.971461999826815, 32.698352000177323],
            [-96.971431999689599, 32.698407999865069],
            [-96.971428000389949, 32.698445000098403],
            [-96.971451999781081, 32.698476000302556],
            [-96.971492999788978, 32.698488999702157],
            [-96.971539999644619, 32.698480000059867],
            [-96.971563999934077, 32.698453000371607],
            [-96.971575999629636, 32.698419999901553],
            [-96.971605999766879, 32.698371999745838],
            [-96.971674000437233, 32.698293000063323],
            [-96.971897999844927, 32.69812600005465],
            [-96.972175999679266, 32.698029000023773],
            [-96.972343000083853, 32.697946999634922],
            [-96.97244000016822, 32.697864999926729],
            [-96.972485000374064, 32.69778900020362],
            [-96.972555999620852, 32.697701999665327],
            [-96.972672999796714, 32.697593999921835],
            [-96.972836000003355, 32.697479999966752],
            [-96.973010999905526, 32.697378000042747],
            [-96.973184000157886, 32.697330000082623],
            [-96.97332200025015, 32.697172999702026],
            [-96.973403000440996, 32.697093999714255],
            [-96.973524999741429, 32.697024000202553],
            [-96.973768000313981, 32.696945000082906],
            [-96.973876000269016, 32.696889000233227],
            [-96.973970999805275, 32.696786999633837],
            [-96.974010999988238, 32.6966620000373],
            [-96.974025000231933, 32.696513999835105],
            [-96.974106000422779, 32.696410000016137],
            [-96.974147000430676, 32.696274999874156],
            [-96.974134000011873, 32.696229999781487],
            [-96.974153000278463, 32.696204000322318],
            [-96.97425399966248, 32.696150000316585],
            [-96.974284999624629, 32.696052000250766],
            [-96.974329999830459, 32.696018999648963],
            [-96.974375000036304, 32.696013000225484],
            [-96.974510999580431, 32.696013000225484],
            [-96.974687000205819, 32.695956999791143],
            [-96.974840000366711, 32.695867000018367],
            [-96.974935999727876, 32.695839000137767],
            [-96.974949000146651, 32.695873000207655],
            [-96.974949000146651, 32.695931999653354],
            [-96.975020000291764, 32.695954000077343],
            [-96.975103999957369, 32.695931999653354],
            [-96.975206999889508, 32.695873000207655],
            [-96.975303999973903, 32.695873000207655],
            [-96.975349000179747, 32.695915000009258],
            [-96.975375000119001, 32.695986999947174],
            [-96.975413999578763, 32.696024999828026],
            [-96.975510999663129, 32.696070000024108],
            [-96.975687000288545, 32.696104000005946],
            [-96.975848999771927, 32.696116000352255],
            [-96.97598400038946, 32.696081000219777],
            [-96.976105999689892, 32.69600200002143],
            [-96.976186999880738, 32.695922000352247],
            [-96.976227000063702, 32.695853000079182],
            [-96.97625399982789, 32.695683999721837],
            [-96.976241000307411, 32.695579999691745],
            [-96.976200000299528, 32.69547900002641],
            [-96.976052999986436, 32.695340000090425],
            [-96.976006999955686, 32.695291999790363],
            [-96.975943000381591, 32.695241999891316],
            [-96.975884999756943, 32.695112000325054],
            [-96.975884999756943, 32.69504700009297],
            [-96.975943000381591, 32.694988000062317],
            [-96.976037999917821, 32.694944000244668],
            [-96.976172999637043, 32.694864999796103],
            [-96.976470999562864, 32.694716000223821],
            [-96.976673000127548, 32.694659999731734],
            [-96.976822000090465, 32.694681999713282],
            [-96.977011000236345, 32.694704999859944],
            [-96.977099999924803, 32.694747000211159],
            [-96.977171000069916, 32.694753999889755],
            [-96.977242000215043, 32.694726999830401],
            [-96.977454999752041, 32.694606000303942],
            [-96.977608999737839, 32.694470999701529],
            [-96.977648000095897, 32.694383999709167],
            [-96.977693000301741, 32.694301999751623],
            [-96.977764000446854, 32.694222000070852],
            [-96.977822000173163, 32.694222000070852],
            [-96.977963999565063, 32.694210999646103],
            [-96.978093000334823, 32.694102000037262],
            [-96.97824099957451, 32.693967000184635],
            [-96.978408999803989, 32.693879999701004],
            [-96.978486999621794, 32.693901999874747],
            [-96.978531999827652, 32.693955999728452],
            [-96.978493000367891, 32.694069999648242],
            [-96.978416000375006, 32.694199999975986],
            [-96.978274000084795, 32.69436299982862],
            [-96.978228999878937, 32.694580000371801],
            [-96.978157999733824, 32.694662000073919],
            [-96.977963999565063, 32.694814000244484],
            [-96.977937999625809, 32.694840000108464],
            [-96.97795799971729, 32.694905999903682],
            [-96.978022000189711, 32.69498199981355],
            [-96.978048000128965, 32.695035999769871],
            [-96.978022000189711, 32.695074000055584],
            [-96.977976999983852, 32.695122999882855],
            [-96.977867000379021, 32.695209999910972],
            [-96.977822000173163, 32.695258999663579],
            [-96.977757999700756, 32.695306999981405],
            [-96.977513000376675, 32.695579000286962],
            [-96.977448000079349, 32.695757000004875],
            [-96.97735799966766, 32.695904999950315],
            [-96.977251000435857, 32.696225999923335],
            [-96.977186999963436, 32.69636499999153],
            [-96.977079000008402, 32.696524999976056],
            [-96.976982999748941, 32.696648000222808],
            [-96.976893000235577, 32.696727999997243],
            [-96.976754000318394, 32.69679799974115],
            [-96.976700999716627, 32.696841000010131],
            [-96.976593999586498, 32.696931000312738],
            [-96.976361999782924, 32.697115999851846],
            [-96.976133000352377, 32.69727600000212],
            [-96.975917000442308, 32.697367000006921],
            [-96.975699999809024, 32.697467999803891],
            [-96.975510999663129, 32.697628000079142],
            [-96.975385999989669, 32.697760000033611],
            [-96.975283000057502, 32.697830999859633],
            [-96.975237999851672, 32.697987999838794],
            [-96.975211999912389, 32.698064000148371],
            [-96.975166999706559, 32.698081000139155],
            [-96.975108999980222, 32.698075000098299],
            [-96.975089999713646, 32.698128999695399],
            [-96.974896000443209, 32.698394000324392],
            [-96.974857000085137, 32.698439000082068],
            [-96.974857000085137, 32.698498000099491],
            [-96.97488300002442, 32.698535000295571],
            [-96.97491599963638, 32.69856300008643],
            [-96.974922000382477, 32.698595999747639],
            [-96.974877000176647, 32.698655999787661],
            [-96.974812999704213, 32.698716999912932],
            [-96.97485299988719, 32.698758999888241],
            [-96.975181999775145, 32.698866999733987],
            [-96.975381999791708, 32.698943000051045],
            [-96.975478999876074, 32.699007999713885],
            [-96.975543000348495, 32.699088999762409],
            [-96.97565999962606, 32.699208999895198],
            [-96.975882000282212, 32.699295000357303],
            [-96.976555999951685, 32.699517000077094],
            [-96.976595000309743, 32.699553999850721],
            [-96.976688000196162, 32.699621000055551],
            [-96.976775000234795, 32.699700000074451],
            [-96.976894000060469, 32.699769999755318],
            [-96.976965000205595, 32.69980100025515],
            [-96.977119000191379, 32.699795000329978],
            [-96.977157999651141, 32.69980100025515],
            [-96.977248000062815, 32.699848999642327],
            [-96.977468999995736, 32.700133000275834],
            [-96.977597000042266, 32.70032100030452],
            [-96.977622000156614, 32.700403000024139],
            [-96.977609999562745, 32.700472999909508],
            [-96.977628999829321, 32.700592000344621],
            [-96.977693000301741, 32.700685000199435],
            [-96.977731999761488, 32.700695999826337],
            [-96.977816000325376, 32.700679999681363],
            [-96.977867000379021, 32.700685000199435],
            [-96.977919000257543, 32.700738999729239],
            [-96.977990000402656, 32.70088500028227],
            [-96.978086999588726, 32.701053999863014],
            [-96.978100000007515, 32.701112999663621],
            [-96.978079999916019, 32.701157000219901],
            [-96.978086999588726, 32.701199999900702],
            [-96.978086999588726, 32.701233000098718],
            [-96.978048000128965, 32.70126500018754],
            [-96.97792599993025, 32.70126500018754],
            [-96.977874000051699, 32.701287000052886],
            [-96.977682000431088, 32.701422000173338],
            [-96.977550000186611, 32.701479000297255],
            [-96.977356999842755, 32.701520999728693],
            [-96.977077000358577, 32.701568999702651],
            [-96.976998999642461, 32.701562999896339],
            [-96.976935000068366, 32.701552000376303],
            [-96.976780000257676, 32.701471999634151],
            [-96.976618999700861, 32.70136899964087],
            [-96.976566999822325, 32.701308999912861],
            [-96.976547999555748, 32.701259000360729],
            [-96.976547999555748, 32.701221999782121],
            [-96.976638999792357, 32.701067999742349],
            [-96.976626000271878, 32.700989000178424],
            [-96.976515999768722, 32.700939999791764],
            [-96.976420000407543, 32.700943000093943],
            [-96.976251000353159, 32.700926999993207],
            [-96.976088999971438, 32.700975000286697],
            [-96.975950999879188, 32.701027000197492],
            [-96.975774000327178, 32.701065000200366],
            [-96.975594000402126, 32.701065000200366],
            [-96.975471000378491, 32.701059999703588],
            [-96.975412999753843, 32.701043000280237],
            [-96.975257999943139, 32.701021999698582],
            [-96.975212999737309, 32.700995000023376],
            [-96.975135999744396, 32.700989000178424],
            [-96.975123000223931, 32.701036999682557],
            [-96.975123000223931, 32.701081000276318],
            [-96.975091000436876, 32.701141000157534],
            [-96.974981999758626, 32.701211000220063],
            [-96.974878000001539, 32.701326000041512],
            [-96.974775999894291, 32.701395999958869],
            [-96.974725999665594, 32.701517000107664],
            [-96.974794000335947, 32.701644999986598],
            [-96.974864999582749, 32.701721000205765],
            [-96.975432000020405, 32.70212899975899],
            [-96.975555000044068, 32.702177000161832],
            [-96.975596999876871, 32.702181999840086],
            [-96.975719000075586, 32.702275000305733],
            [-96.975758000433657, 32.702350999988383],
            [-96.975775000152083, 32.702362000165863],
            [-96.975828999680445, 32.70235699974176],
            [-96.97587999973409, 32.702328999629387],
            [-96.97593800035871, 32.702285999736645],
            [-96.975996000085033, 32.702311999691823],
            [-96.976105999689892, 32.702346000319601],
            [-96.976331999645694, 32.702471000270641],
            [-96.976602999807341, 32.702637999708294],
            [-96.977099000099898, 32.703039999897435],
            [-96.977227999971333, 32.703197999859611],
            [-96.977370000261558, 32.703404000040841],
            [-96.977488000262326, 32.70358400016945],
            [-96.977544000338824, 32.703758000276252],
            [-96.977612999935801, 32.703947000294527],
            [-96.977713000393223, 32.704136999977443],
            [-96.97784999976227, 32.704295000264977],
            [-96.977968999587944, 32.70450999997248],
            [-96.978100999832421, 32.704662000001598],
            [-96.978126999771689, 32.704743000209739],
            [-96.978140000190479, 32.704901000180165],
            [-96.978135999992517, 32.704971000316831],
            [-96.978187000046148, 32.705057999816269],
            [-96.97825900001618, 32.705128999883541],
            [-96.97827200043497, 32.705232000072421],
            [-96.97825900001618, 32.705355999709035],
            [-96.978227000229126, 32.705394000136188],
            [-96.978168999604492, 32.705410000191861],
            [-96.978156000084013, 32.705448999890358],
            [-96.978161999931785, 32.705497000019186],
            [-96.978197999916802, 32.705548000269424],
            [-96.978249999795338, 32.705631999817825],
            [-96.97830199967386, 32.705730999993854],
            [-96.978467000428637, 32.705713999948543],
            [-96.97929699973372, 32.705619999995122],
            [-96.979460999765237, 32.705617999898585],
            [-96.979535000283406, 32.70561599980195],
            [-96.979750000368554, 32.705603999977164],
            [-96.980044999921347, 32.705592000150709],
            [-96.980694000374768, 32.705574000030133],
            [-96.981741000313136, 32.705569999834843],
            [-96.982026999645086, 32.705569999834843],
            [-96.98169100008441, 32.705906999783636],
            [-96.981590999627002, 32.706054000239654],
            [-96.981539999573371, 32.706196000244503],
            [-96.981695000282372, 32.706242999930161],
            [-96.981918999690052, 32.706254999669021],
            [-96.982989000092957, 32.706268000203217],
            [-96.983651999891762, 32.706266000121147],
            [-96.984140999613302, 32.706267000162157],
            [-96.984410999950057, 32.706269000244205],
            [-96.984501000361732, 32.706310999688881],
            [-96.984525999577784, 32.706385999673905],
            [-96.984508000034424, 32.707140999992575],
            [-96.984503999836463, 32.707500999927468],
            [-96.984488999767862, 32.707934000070807],
            [-96.985628999592649, 32.707941000226938],
            [-96.985655000430228, 32.70688199984226],
            [-96.985657999904959, 32.706780000081643],
            [-96.985666000300895, 32.706580000360702],
            [-96.985673999798493, 32.705676999705283],
            [-96.985935999739311, 32.705727999852719],
            [-96.986279999695896, 32.705746999989103],
            [-96.986499999803925, 32.705765000074813],
            [-96.986538000337077, 32.705770000307936],
            [-96.986750000049184, 32.705801000235304],
            [-96.987056000370927, 32.705860999966603],
            [-96.987355000121667, 32.70594399993152],
            [-96.987444999635045, 32.705976999887007],
            [-96.987535999871625, 32.706010999874231],
            [-96.987606000191846, 32.706037000255883],
            [-96.987806000208394, 32.706122000142393],
            [-96.988188999624711, 32.706328000376345],
            [-96.988387999816339, 32.706460000312909],
            [-96.988602000076582, 32.70661800026658],
            [-96.989972999880052, 32.707578999747099],
            [-96.991800999618007, 32.708860000082268],
            [-96.992041999642439, 32.709016000300629],
            [-96.992267999598255, 32.709137999951835],
            [-96.992510000345888, 32.709252000131897],
            [-96.992752000195239, 32.709348000051172],
            [-96.992962000257506, 32.709408999670615],
            [-96.99320900012971, 32.709464999978493],
            [-96.993451999803952, 32.709498000143391],
            [-96.993688999630422, 32.709513000214372],
            [-96.994177000425381, 32.709521000251165],
            [-96.994175999702136, 32.710392999961975],
            [-96.994158000158805, 32.712693999850032],
            [-96.994145999564935, 32.714694000058181],
            [-96.994139999717149, 32.715563000031956],
            [-96.994767000429263, 32.715566999779135],
            [-96.995468999687816, 32.715566999779135],
            [-96.99617699969248, 32.715563999968758],
            [-96.998683000196166, 32.715575000028828],
            [-96.998678999998219, 32.716252999876993],
            [-96.998684000021086, 32.716621000231839],
            [-96.998682000371275, 32.717337000317364],
            [-96.997698000182098, 32.717337000317364],
            [-96.99705799994949, 32.717329000225718],
            [-96.996958000390364, 32.717309000371344],
            [-96.996878999849358, 32.71724700018968],
            [-96.996872000176637, 32.717173000184594],
            [-96.996897000291028, 32.717098000198469],
            [-96.997026000162435, 32.7169429996747],
            [-96.997084999713664, 32.716851999982836],
            [-96.997102000330415, 32.716791000162395],
            [-96.997129999919508, 32.716607999694752],
            [-96.995918000124703, 32.716603000069064],
            [-96.995591999711451, 32.717024000069827],
            [-96.99543400042603, 32.717252999697116],
            [-96.995357000433145, 32.717303000111798],
            [-96.995250000303017, 32.717331999976736],
            [-96.994128000021576, 32.717331999976736],
            [-96.994123999823614, 32.717832000152022],
            [-96.994103999732133, 32.720535000068217],
            [-96.99535300023517, 32.720540000229263],
            [-96.995948000261933, 32.720539000348204],
            [-96.995948000261933, 32.722096000296673],
            [-96.996548000311549, 32.722098999887351],
            [-96.996954000192403, 32.722102000233683],
            [-96.997443999738877, 32.722104999824161],
            [-96.997447000111919, 32.722517999921457],
            [-96.997612999793276, 32.722512999871327],
            [-96.998571000043185, 32.722517999921457],
            [-96.999540000163762, 32.722522999971311],
            [-97.000361000146299, 32.722527000162117],
            [-97.000442000337159, 32.722537000260537],
            [-97.000478000322175, 32.722577999745333],
            [-97.00049099984264, 32.722622000295942],
            [-97.00049199966756, 32.723163000258097],
            [-97.000503000436538, 32.723212999626533],
            [-97.000532999675428, 32.723232999668333],
            [-97.000551000117113, 32.723246999846076],
            [-97.000771000225129, 32.723246999846076],
            [-97.00145499994035, 32.7232390002846],
            [-97.001429000001067, 32.723810000152348],
            [-97.001360000404105, 32.724307000010903],
            [-97.001958999730505, 32.724307999849721],
            [-97.002399999771484, 32.724307999849721],
            [-97.003372000265074, 32.724311000121723],
            [-97.004353999906115, 32.7243139996379],
            [-97.004861999894231, 32.724316999909703],
            [-97.005390999798749, 32.724321999858681],
            [-97.005416999738031, 32.723428999689624],
            [-97.006441000110186, 32.722923999881893],
            [-97.007113999954726, 32.722912000118029],
            [-97.007197999620317, 32.722085000285134],
            [-97.007214000412162, 32.721300000285289],
            [-97.007221999909746, 32.720390999693521],
            [-97.007225000282816, 32.719968999828062],
            [-97.007293000054872, 32.717357000165407],
            [-97.007304999750446, 32.716572000116138],
            [-97.007317000344315, 32.715770000319161],
            [-97.007329999864794, 32.714970999943617],
            [-97.007343000283583, 32.714165000301662],
            [-97.007356999628968, 32.713364999948141],
            [-97.007376999720449, 32.712155999795485],
            [-97.007402999659718, 32.71068400023627],
            [-97.007426000124269, 32.709594999801723],
            [-97.00912800036383, 32.70959099978672],
            [-97.012176000292527, 32.709629999925255],
            [-97.012413000118997, 32.709633999938511],
            [-97.015308999711721, 32.709667000040959],
            [-97.015380999681753, 32.709666000038006],
            [-97.015439000306387, 32.709663000029174],
            [-97.017220000188672, 32.709673000058245],
            [-97.018489999709814, 32.709684000088963],
            [-97.019780000220749, 32.709697000123469],
            [-97.02110699964328, 32.709697000123469],
            [-97.021664000035202, 32.709704000141279],
            [-97.021790000431892, 32.709705000143749],
            [-97.02235299977329, 32.709735000213534],
            [-97.023253000296876, 32.709811000345049],
            [-97.02415100027234, 32.709908999663256],
            [-97.024518999620042, 32.709945999663205],
            [-97.024634999970999, 32.709956999660264],
            [-97.024809000048265, 32.709973999653002],
            [-97.02522099977692, 32.710014999622175],
            [-97.027091000245974, 32.710201000001533],
            [-97.027694999595241, 32.710260999797377],
            [-97.029433999644766, 32.710430999755587],
            [-97.032788999720097, 32.710773000192958],
            [-97.035895000273428, 32.711088999661548],
            [-97.035995999657473, 32.711097000312868],
            [-97.035999000030515, 32.710928000100886],
            [-97.03601699957386, 32.709780000299197],
            [-97.036024000144877, 32.709400000373776],
            [-97.036035999840436, 32.708647000303031],
            [-97.036060000129865, 32.707174000261261],
            [-97.036060000129865, 32.707088999865121],
            [-97.036076000023414, 32.706144000322205],
            [-97.036076999848319, 32.706125000270298],
            [-97.036209000092782, 32.698319999800042],
            [-97.036240999879837, 32.696496000151356],
            [-97.036245999902718, 32.69607100017938],
            [-97.036250999925585, 32.695873000207655],
            [-97.03625299957541, 32.695767000080458],
            [-97.036276999864853, 32.694389999998073],
            [-97.036279000412989, 32.694211999822194],
            [-97.036287999735521, 32.693637999699945],
            [-97.036295000306509, 32.693227000081706],
            [-97.036416999606928, 32.693188000334196],
            [-97.036650000133747, 32.693104999845566],
            [-97.036845000127428, 32.692968000373085],
            [-97.036893999632909, 32.692999000211444],
            [-97.03726199987895, 32.693333999631101],
            [-97.037378000229893, 32.693501999717533],
            [-97.037403000344256, 32.693550999651691],
            [-97.037508999751154, 32.693807000150926],
            [-97.037538000063478, 32.694000000033043],
            [-97.037716000338705, 32.693945000026858],
            [-97.039007999601139, 32.693399000354511],
            [-97.039135999647655, 32.693309000270709],
            [-97.039877000162591, 32.692602999808713],
            [-97.040141999578154, 32.692505999824036],
            [-97.041329000156921, 32.692493000309121],
            [-97.041403999601684, 32.692535000189039],
            [-97.042500999768762, 32.693361000111771],
            [-97.042726999724579, 32.693457999923439],
            [-97.042971999946943, 32.69348900034759],
            [-97.043967999831693, 32.693477999832503],
            [-97.043968999656613, 32.693509000249769],
            [-97.043978999702347, 32.694086000222157],
            [-97.043973999679466, 32.694466000347305],
            [-97.043940000242614, 32.696701999927214],
            [-97.043915999953157, 32.6986869999185],
            [-97.043920000151118, 32.699164999890492],
            [-97.043946000090401, 32.699416000330963],
            [-97.044003999816709, 32.699781000250944],
            [-97.044030999580883, 32.700187000139643],
            [-97.044043999999687, 32.700717999831959],
            [-97.044028999931072, 32.701772000346452],
            [-97.044030999580883, 32.70276700032732],
            [-97.044013000037552, 32.703803000352877],
            [-97.044158999627399, 32.70379800000952],
            [-97.044146000106934, 32.704718000265323],
            [-97.044135000236281, 32.706016000093577],
            [-97.044300000092719, 32.70601299996202],
            [-97.04439999965183, 32.705994999926332],
            [-97.045008000097383, 32.705984000196693],
            [-97.046414000060935, 32.706016000093577],
            [-97.047398000250141, 32.70603400012503],
            [-97.047573999977232, 32.706036000212229],
            [-97.048512000135659, 32.70604399980494],
            [-97.049287999912366, 32.706037000255883],
            [-97.050778000439848, 32.706040999674329],
            [-97.051928000310369, 32.706045999891991],
            [-97.05344800007677, 32.706081999939101],
            [-97.053575000298352, 32.706079999852868],
            [-97.056184999660815, 32.706096999828496],
            [-97.057347999950153, 32.706089000240539],
            [-97.058983000242577, 32.706078999809755],
            [-97.060708999873285, 32.706055000283087],
            [-97.061123000150076, 32.706049000022446],
            [-97.061853999720938, 32.706056000326477],
            [-97.062433999679087, 32.706073000306624],
            [-97.062597999710619, 32.706076999723457],
            [-97.06257199977135, 32.704751999976359],
            [-97.062545999832082, 32.703056999696258],
            [-97.06252699956552, 32.701755999638458],
            [-97.062545000007162, 32.701456999723291],
            [-97.06253800033447, 32.700484000318497],
            [-97.062514999869947, 32.699691999913071],
            [-97.062509000022146, 32.69811600024336],
            [-97.062498999976413, 32.697478999827268],
            [-97.062447000097876, 32.695117999809099],
            [-97.062385000173606, 32.692022000032502],
            [-97.062379000325805, 32.691807999928464],
            [-97.062386999823417, 32.691662999852603],
            [-97.062746999673536, 32.69165400027812],
            [-97.062751999696403, 32.691573999736335],
            [-97.062753000419633, 32.691500000362069],
            [-97.063308000263405, 32.691489999808532],
            [-97.063433999761784, 32.691495000085439],
            [-97.063540000067022, 32.691489999808532],
            [-97.063716999619004, 32.691497999949092],
            [-97.065106999689064, 32.69145100005818],
            [-97.0659610001819, 32.691430999694994],
            [-97.065963999656631, 32.691532000160343],
            [-97.06756799998692, 32.691550000089016],
            [-97.06958400004585, 32.691573999736335],
            [-97.070578000280761, 32.691602000198706],
            [-97.072148000275874, 32.691607999918638],
            [-97.073550000041493, 32.691624000177818],
            [-97.074571000040578, 32.691633999960359],
            [-97.076190000439496, 32.69163299975537],
            [-97.076190000439496, 32.691515999884629],
            [-97.080492999820706, 32.691546000021162],
            [-97.080491000170881, 32.687711000135231],
            [-97.080485000323094, 32.686953999750443],
            [-97.080497999843573, 32.686153999648759],
            [-97.080533999828589, 32.684380999660362],
            [-97.080523999782841, 32.683312999815001],
            [-97.080542000224511, 32.681991999851],
            [-97.080543000049431, 32.681805999656468],
            [-97.080582000407475, 32.681339999801303],
            [-97.080615000019435, 32.68039299993184]
          ]
        ]
      },
      "properties": {
        "AREALAND": "920048992",
        "AREAWATER": "37666970",
        "BASENAME": "30",
        "CDSESSN": "119",
        "CDTYP": "O",
        "CENTLAT": "+32.6505153",
        "CENTLON": "-096.8146547",
        "FUNCSTAT": "N",
        "GEOID": "4830",
        "HU100": null,
        "INTPTLAT": "+32.6547523",
        "INTPTLON": "-096.8171647",
        "LSADC": "C2",
        "MTFCC": "G5200",
        "NAME": "Congressional District 30",
        "OBJECTID": 278,
        "OID": "2119035951824896",
        "POP100": null,
        "STATE": "48",
        "CD119": "30"
      }
    }
  ]
}
