{
  "type": "FeatureCollection",
  "features": [
    {
      "type": "Feature",
      "id": 252,
      "geometry": {
        "type": "Polygon",
        "coordinates": [
          [
            [-95.584796000009575, 29.932987999907947],
            [-95.584794000359764, 29.932133000055426],
            [-95.584774000268297, 29.930513000348157],
            [-95.584774000268297, 29.930484999746554],
            [-95.584771999720147, 29.930281999625638],
            [-95.584765000047454, 29.929513000225047],
            [-95.584765000047454, 29.929481000105014],
            [-95.584765000047454, 29.929434000299313],
            [-95.584745999780878, 29.927449000217852],
            [-95.584768000420496, 29.92734799965573],
            [-95.584736999560036, 29.926546999877669],
            [-95.584732000435494, 29.926113000010339],
            [-95.584714999818729, 29.924619999793588],
            [-95.583406999764449, 29.924635000194499],
            [-95.582924999715601, 29.924640000068099],
            [-95.582307999947545, 29.924640999731345],
            [-95.5816280004303, 29.924647999709606],
            [-95.581080000259206, 29.924640000068099],
            [-95.580686000073911, 29.924612999813384],
            [-95.580199999827116, 29.924550999633308],
            [-95.579567999990431, 29.924464999671226],
            [-95.579223000208941, 29.924429000045279],
            [-95.579019999819337, 29.924415000057426],
            [-95.578848000290193, 29.924408000062794],
            [-95.578587999999201, 29.924405999952967],
            [-95.577767999841555, 29.924422000051564],
            [-95.577001000285676, 29.924436000038437],
            [-95.576807000116915, 29.924449000358109],
            [-95.576539000328324, 29.924473999770342],
            [-95.576197999846457, 29.924522000025572],
            [-95.575928000408041, 29.924573000028129],
            [-95.575791000140669, 29.924609000380549],
            [-95.575653999873339, 29.924640000068099],
            [-95.575382999711678, 29.924714999699095],
            [-95.575114999923073, 29.924797999681662],
            [-95.57485499963208, 29.924889999656468],
            [-95.574730999783512, 29.924943000348041],
            [-95.574607999759877, 29.924987999840742],
            [-95.574492000307231, 29.925046000333371],
            [-95.57438000015425, 29.925094000312825],
            [-95.574169000267048, 29.925199000235761],
            [-95.573973000448476, 29.925308999888003],
            [-95.573566999669282, 29.925555999612513],
            [-95.573426000102302, 29.925651999834919],
            [-95.573144000069988, 29.925863000379465],
            [-95.572874999558152, 29.926086999803957],
            [-95.572687999960408, 29.926234000222795],
            [-95.572594000249069, 29.926307000138301],
            [-95.57236099972225, 29.926469000356747],
            [-95.572045000253084, 29.92667100004827],
            [-95.571825000145054, 29.926795999706052],
            [-95.571485000386431, 29.926968999839112],
            [-95.571122000163271, 29.927130999758646],
            [-95.570984999895913, 29.927175999819216],
            [-95.570846999803649, 29.927233000178209],
            [-95.570563999946444, 29.92732300018681],
            [-95.57028299973905, 29.927400999817028],
            [-95.570005999729617, 29.927466000240731],
            [-95.569742000138959, 29.927517999926302],
            [-95.569383000113774, 29.927575999723217],
            [-95.569183999922132, 29.927596999815819],
            [-95.568912999760471, 29.927615000225355],
            [-95.568387000229023, 29.927628000129811],
            [-95.568109000394685, 29.927622999627811],
            [-95.567835999684888, 29.927605999631751],
            [-95.567596000383688, 29.927579999815368],
            [-95.567386000321406, 29.927549000264914],
            [-95.567471999636808, 29.927402000231101],
            [-95.567541999957001, 29.927284000348759],
            [-95.567678000399454, 29.927005999743024],
            [-95.567951000210925, 29.926447000380996],
            [-95.567971000302421, 29.926404999706033],
            [-95.568003999914382, 29.926322999931337],
            [-95.568217000349705, 29.92578899970805],
            [-95.568330000327606, 29.925392999809468],
            [-95.568444000130427, 29.924904000356015],
            [-95.568526000146193, 29.924370999971657],
            [-95.568576000374904, 29.923891999991543],
            [-95.568545000412769, 29.923376000359795],
            [-95.568526000146193, 29.923215999912589],
            [-95.568633000276307, 29.923034999714666],
            [-95.568784999713955, 29.922973999788901],
            [-95.568930000377222, 29.922971999650333],
            [-95.569913999668088, 29.922963000193981],
            [-95.570413000333701, 29.922968999831614],
            [-95.570753999917244, 29.922946999860876],
            [-95.570841999780782, 29.922914000284944],
            [-95.570886000161707, 29.922880999919482],
            [-95.570937000215352, 29.922606000081963],
            [-95.57100900018537, 29.921206000172763],
            [-95.571018000406198, 29.921038999899235],
            [-95.571056000041025, 29.920692999741803],
            [-95.571068999561504, 29.92020899987579],
            [-95.571132000209005, 29.919066000326254],
            [-95.571169999843846, 29.918526999923753],
            [-95.571200999805981, 29.918333999932521],
            [-95.571206999653768, 29.91798799971771],
            [-95.571194999958209, 29.917906000017162],
            [-95.571263999555171, 29.917400000199837],
            [-95.571251000034692, 29.917184999894481],
            [-95.57124199981385, 29.917116000031299],
            [-95.570543000030042, 29.917202999850964],
            [-95.570430000052127, 29.917202000113011],
            [-95.57023599988338, 29.917190999880368],
            [-95.570009999927564, 29.917169000190004],
            [-95.569687999712301, 29.9171190000263],
            [-95.569435999817216, 29.917067000358934],
            [-95.569262999564856, 29.917018999623604],
            [-95.569010999669771, 29.916931999643182],
            [-95.568783999889064, 29.916837000096798],
            [-95.568574999651688, 29.916734000182927],
            [-95.568345000396221, 29.916604999815533],
            [-95.568169999595739, 29.916491999875415],
            [-95.567997000241675, 29.916363999719433],
            [-95.567788999829204, 29.916184999797206],
            [-95.567469000162077, 29.916632999649913],
            [-95.567310000153427, 29.91681900007416],
            [-95.5675269998884, 29.916993999896548],
            [-95.567707999638372, 29.917122999760039],
            [-95.567932999769269, 29.917262999682301],
            [-95.568196000433304, 29.917406000172711],
            [-95.568383999855982, 29.917497000236313],
            [-95.568572000176957, 29.917577000026736],
            [-95.568758999774701, 29.917646000349137],
            [-95.568870000102777, 29.9176820000921],
            [-95.569217000432417, 29.917781000096767],
            [-95.569377000265973, 29.917821000275239],
            [-95.569486999870833, 29.917848000036269],
            [-95.569624000138205, 29.917885000215925],
            [-95.569660000123193, 29.917938999695902],
            [-95.569677999666538, 29.918010999735575],
            [-95.569677999666538, 29.918110000191728],
            [-95.569672999643672, 29.918267000320117],
            [-95.569650999902365, 29.918433000067512],
            [-95.569624000138205, 29.918544999637575],
            [-95.569588000153189, 29.918622000193498],
            [-95.569520000381118, 29.918707000030224],
            [-95.569430999794349, 29.918779000293085],
            [-95.569313999618473, 29.918855000168097],
            [-95.569070000119325, 29.918961000163247],
            [-95.568650999819653, 29.919125999813581],
            [-95.56872100013986, 29.919188999975987],
            [-95.568829999919814, 29.919296000111025],
            [-95.568917999783352, 29.919420999686636],
            [-95.569106999929247, 29.919768999796098],
            [-95.56875399975182, 29.919916999912584],
            [-95.568356000266888, 29.920069000202922],
            [-95.568082999557092, 29.920189000268252],
            [-95.568042000447534, 29.920205999973891],
            [-95.567774999585524, 29.920317999885214],
            [-95.567705999988547, 29.920333999862276],
            [-95.567632000368704, 29.920327000359215],
            [-95.567530000261456, 29.920269000231446],
            [-95.566053999977669, 29.918914000061807],
            [-95.565493000286125, 29.918399000048016],
            [-95.564921999650494, 29.917873000327464],
            [-95.564762999641829, 29.917726000019847],
            [-95.564714000136348, 29.917674999624047],
            [-95.564683999999119, 29.917603999853885],
            [-95.56468800019708, 29.91754199998034],
            [-95.563258999768976, 29.917547999944667],
            [-95.562226000074318, 29.917659999731669],
            [-95.561873999721797, 29.917656000019505],
            [-95.56049500042073, 29.917638000144926],
            [-95.559322999910563, 29.917623999980677],
            [-95.556407000226358, 29.917588999950873],
            [-95.556156999981098, 29.917586999704039],
            [-95.556009999667992, 29.917583999723124],
            [-95.55587599977369, 29.917583999723124],
            [-95.555947999743722, 29.91883099984506],
            [-95.555993999774486, 29.919238000161251],
            [-95.556017000239009, 29.919827000215157],
            [-95.555988999751605, 29.920505000137648],
            [-95.555961999987431, 29.920934000259813],
            [-95.555870999750837, 29.921424000224881],
            [-95.55576799981867, 29.921889000058773],
            [-95.555603999787152, 29.922341999928115],
            [-95.555433999907834, 29.922778999711667],
            [-95.555166999944134, 29.923352000348046],
            [-95.554956999881853, 29.923683999737548],
            [-95.554920999896837, 29.923751000375834],
            [-95.554845999553763, 29.923875000136814],
            [-95.554776000131895, 29.923986000143437],
            [-95.55466900000178, 29.924165000054668],
            [-95.554337999565647, 29.924593999975794],
            [-95.554065999579095, 29.924946999767453],
            [-95.553504999887522, 29.925514000118639],
            [-95.552972999609977, 29.925950000340929],
            [-95.552252999909754, 29.926461999728012],
            [-95.552226000145581, 29.926480999987582],
            [-95.551712000309664, 29.926762999849007],
            [-95.551646000187432, 29.926790999940742],
            [-95.550543999997473, 29.927265000242468],
            [-95.547895000276938, 29.928351000168913],
            [-95.547809999888145, 29.928393000022698],
            [-95.54623300022034, 29.928919000212417],
            [-95.544321999743389, 29.929654000242131],
            [-95.544131999772603, 29.929726999984769],
            [-95.543888000273441, 29.929839000083007],
            [-95.538138999847362, 29.93206199969817],
            [-95.531088999938035, 29.934992000243302],
            [-95.529975000052502, 29.935437000088413],
            [-95.529440000300212, 29.935585999815729],
            [-95.529225000215064, 29.935646000243761],
            [-95.528963000274246, 29.935717999931107],
            [-95.528298999752195, 29.935941999749719],
            [-95.527647999648934, 29.936120999954746],
            [-95.526486000082855, 29.936364000352693],
            [-95.525301999877144, 29.936494999891661],
            [-95.524546000191904, 29.93655799995916],
            [-95.522792999898698, 29.936648000097602],
            [-95.522075999673206, 29.936665999648451],
            [-95.521719000196143, 29.936675000201117],
            [-95.521692000431969, 29.936627000358019],
            [-95.521571999883051, 29.936385000147769],
            [-95.521518000354689, 29.936277000153449],
            [-95.520920999779804, 29.935188999640015],
            [-95.520811000174945, 29.934994999699629],
            [-95.519335999716091, 29.932393999617592],
            [-95.517348999969471, 29.928909000116352],
            [-95.516428000427794, 29.92723199976243],
            [-95.516153999893106, 29.92674700012671],
            [-95.515399000032787, 29.925453999810017],
            [-95.515349999628981, 29.92536999993996],
            [-95.516392000442778, 29.925369000284039],
            [-95.516590999736096, 29.925367999849534],
            [-95.517179999915072, 29.92536099992191],
            [-95.517968000285663, 29.925354999649883],
            [-95.518765999803705, 29.925349000156064],
            [-95.519560000022068, 29.925342999883316],
            [-95.520396999898168, 29.92533599995387],
            [-95.520971999833421, 29.925279999722548],
            [-95.521145999910686, 29.925274999881086],
            [-95.521951999824637, 29.925245000048481],
            [-95.522380000345137, 29.925245000048481],
            [-95.52274900041607, 29.925245000048481],
            [-95.523512999598921, 29.925226999988908],
            [-95.523850999707719, 29.925222999802244],
            [-95.524335000304717, 29.925220000051372],
            [-95.525096999837714, 29.925215999864378],
            [-95.525169999632638, 29.925217999957919],
            [-95.525163999784866, 29.924392999627695],
            [-95.525162999959974, 29.924321999977163],
            [-95.525150000439481, 29.9234189996527],
            [-95.525137000020692, 29.922339999776774],
            [-95.525137000020692, 29.92191699996436],
            [-95.525131000172905, 29.92140300038707],
            [-95.525126000150038, 29.920462000364687],
            [-95.525126000150038, 29.920391000246255],
            [-95.52511699992921, 29.920019999648037],
            [-95.525085999967075, 29.919406999773106],
            [-95.525082999594019, 29.919348000171535],
            [-95.525076999746233, 29.918606999665162],
            [-95.525071999723352, 29.918453000027785],
            [-95.525065000050674, 29.917365000091227],
            [-95.525063000400863, 29.916632999649913],
            [-95.525061999677618, 29.915878000329755],
            [-95.52505400018002, 29.915737000264759],
            [-95.525055000004926, 29.914914000308464],
            [-95.525050999806965, 29.913862000201267],
            [-95.52505400018002, 29.913605999971228],
            [-95.525041999586136, 29.912826000286607],
            [-95.525061999677618, 29.911276999828932],
            [-95.525044999959178, 29.909654999805205],
            [-95.525032000438699, 29.908963000155737],
            [-95.525027000415847, 29.907972999900547],
            [-95.525019999844829, 29.907501000085674],
            [-95.525005999601134, 29.906688999651536],
            [-95.52501900001991, 29.906124000035877],
            [-95.525022000392966, 29.905412999612711],
            [-95.525002000301484, 29.904141999706845],
            [-95.525002000301484, 29.90387500004519],
            [-95.524986000407949, 29.9026630001621],
            [-95.524983000034922, 29.90253400025852],
            [-95.524963999768332, 29.900997999656131],
            [-95.524947000049906, 29.900082000039266],
            [-95.524946000224986, 29.899865999817386],
            [-95.524922999760435, 29.89796199970046],
            [-95.524923999585354, 29.897479999822711],
            [-95.524927999783316, 29.897391000034617],
            [-95.524921000110623, 29.89720599987071],
            [-95.524916000087771, 29.896850000041304],
            [-95.524915000262851, 29.896673999927142],
            [-95.524918999562487, 29.896576999859672],
            [-95.524912999714701, 29.896475999913889],
            [-95.524914000437931, 29.896264000234428],
            [-95.524904000392183, 29.895791000286536],
            [-95.524905000217103, 29.89527799978104],
            [-95.524895000171369, 29.89514399986524],
            [-95.524892999623219, 29.894984999969775],
            [-95.524871999706818, 29.893143000351397],
            [-95.524870999881912, 29.892961000033626],
            [-95.524860000011245, 29.892447999758311],
            [-95.524865000034126, 29.892361000123795],
            [-95.524855999813283, 29.892273999634575],
            [-95.524855999813283, 29.892002000148455],
            [-95.524854999988392, 29.891753999763978],
            [-95.524859000186353, 29.891660000342554],
            [-95.524854000163472, 29.891244000281191],
            [-95.524859000186353, 29.891134000386618],
            [-95.524858000361434, 29.891022000369205],
            [-95.524850999790431, 29.890907000220359],
            [-95.524855999813283, 29.890789999932817],
            [-95.524854999988392, 29.890656000213578],
            [-95.524850999790431, 29.890194000230451],
            [-95.524849999965511, 29.88956600037341],
            [-95.524849999965511, 29.889421000382416],
            [-95.524837000445032, 29.889080000308258],
            [-95.52480200028495, 29.888413000180218],
            [-95.5247999997368, 29.888379000039006],
            [-95.524803999934761, 29.887665999880277],
            [-95.524819999828281, 29.887296999749864],
            [-95.524841999569603, 29.886927999811292],
            [-95.524854000163472, 29.88680800017648],
            [-95.524853000338567, 29.886367999760644],
            [-95.52484900014062, 29.886244000036136],
            [-95.524834999896896, 29.885124000009064],
            [-95.524829999874044, 29.884690999620659],
            [-95.524797000262055, 29.88401000028863],
            [-95.524787000216321, 29.883372999722582],
            [-95.524777999995479, 29.883100000014458],
            [-95.524777000170587, 29.882874999633223],
            [-95.524762999926878, 29.882459000298248],
            [-95.524742000010477, 29.882238000383783],
            [-95.524692999606685, 29.881204999852809],
            [-95.52469099995686, 29.881008999691097],
            [-95.524695000154821, 29.880931000338183],
            [-95.524681999736032, 29.879905000294588],
            [-95.524675999888231, 29.879752000142041],
            [-95.524676999713151, 29.87920199992551],
            [-95.524681999736032, 29.879108000352591],
            [-95.524675999888231, 29.879012999790977],
            [-95.524678000436381, 29.878892999977033],
            [-95.524696999804647, 29.877239000384641],
            [-95.524699000352783, 29.877071999626335],
            [-95.524714000421397, 29.875784000222762],
            [-95.524712999698167, 29.875300999663324],
            [-95.524712999698167, 29.875251999679072],
            [-95.524705000200555, 29.87517200017767],
            [-95.524710000223436, 29.875147000076915],
            [-95.524700000177702, 29.874937999924093],
            [-95.524697999629538, 29.87472599961983],
            [-95.524701999827514, 29.874620000077641],
            [-95.524695000154821, 29.874512000090192],
            [-95.5247079996753, 29.873820000222945],
            [-95.524716000071209, 29.873373999851271],
            [-95.524702999652419, 29.872934000136304],
            [-95.524689000307035, 29.872638999718522],
            [-95.524644999926096, 29.872099000350769],
            [-95.524634000055443, 29.871831999760825],
            [-95.52462700038275, 29.871503999732507],
            [-95.524598000070441, 29.870544999889983],
            [-95.524594999697399, 29.870345999965757],
            [-95.524593000047574, 29.870277000384746],
            [-95.524592000222654, 29.869973999763072],
            [-95.524592000222654, 29.86963000030957],
            [-95.524612000314121, 29.869035999987027],
            [-95.524603999918213, 29.868547999897924],
            [-95.524601000443496, 29.868378000264073],
            [-95.524588000024693, 29.867807999652666],
            [-95.524576000329134, 29.867146000218121],
            [-95.524562999910344, 29.867065999668931],
            [-95.524562000085425, 29.866831999875455],
            [-95.524566000283372, 29.866757000294928],
            [-95.524563999735236, 29.86667100030142],
            [-95.524562000085425, 29.866564999990029],
            [-95.524555000412747, 29.866510999935148],
            [-95.524551000214785, 29.866182000079771],
            [-95.524536000146156, 29.865554000128775],
            [-95.524476999696617, 29.864054999898734],
            [-95.524442000434831, 29.862338999728749],
            [-95.524388999833064, 29.860889999858284],
            [-95.524377999962411, 29.859967999921821],
            [-95.524366000266852, 29.859646000178035],
            [-95.524362000068891, 29.859528999829898],
            [-95.524357999870944, 29.859432999781443],
            [-95.524632000405632, 29.859577999746012],
            [-95.525790999598655, 29.860129999714619],
            [-95.52798699958268, 29.861139000175033],
            [-95.529081000274999, 29.861610000314002],
            [-95.530597999668359, 29.862298000362507],
            [-95.533438000082896, 29.863569000149223],
            [-95.533744000404653, 29.863682000114618],
            [-95.534186000270523, 29.863845999878162],
            [-95.537320000412947, 29.865271999951471],
            [-95.540699999704344, 29.866809999973164],
            [-95.54097199969091, 29.866933000249809],
            [-95.541170999882539, 29.867023999666486],
            [-95.542941999719091, 29.867830000113909],
            [-95.543021000260111, 29.867865999937504],
            [-95.543106999575528, 29.86790499966688],
            [-95.544022000167743, 29.868306999643824],
            [-95.545879000218022, 29.869072000154453],
            [-95.547990999638088, 29.869995999746671],
            [-95.54847000021222, 29.87014399979326],
            [-95.548593000235869, 29.870047999830156],
            [-95.54954100044003, 29.869304999928641],
            [-95.550196999667833, 29.868788000125075],
            [-95.550420000148918, 29.868609999875588],
            [-95.550743000189115, 29.868369999999203],
            [-95.550882000106284, 29.868276999794492],
            [-95.551040000290016, 29.86818300005238],
            [-95.551344999888556, 29.868029999835191],
            [-95.551754999967372, 29.867850000104088],
            [-95.551973000425576, 29.867767000196558],
            [-95.552115999642396, 29.867718999861914],
            [-95.552324000054853, 29.867615999812323],
            [-95.55245600029933, 29.867551000066687],
            [-95.552876000423893, 29.867486000278713],
            [-95.553550999918272, 29.867382999988582],
            [-95.553945999928487, 29.867361999666819],
            [-95.554427999977335, 29.867348000228844],
            [-95.554854999774605, 29.867344000055219],
            [-95.555134000332188, 29.867345000293398],
            [-95.556186000293422, 29.867334000009901],
            [-95.557191000399001, 29.867323999963617],
            [-95.557559999571637, 29.867338999643177],
            [-95.558317999804999, 29.867362999904792],
            [-95.558624000126756, 29.867362999904792],
            [-95.559467999675519, 29.867354000099507],
            [-95.559936000378983, 29.867351000164227],
            [-95.560435000146271, 29.867332999771623],
            [-95.560615999896243, 29.867315999614235],
            [-95.561329999748679, 29.867282000069782],
            [-95.562534000045872, 29.86726300020478],
            [-95.563098000110486, 29.867279000132338],
            [-95.563538000326545, 29.867280000371203],
            [-95.563713000228731, 29.867276000194792],
            [-95.563910999697143, 29.867270999779393],
            [-95.564258000026769, 29.867261999965752],
            [-95.564598999610311, 29.867251999912252],
            [-95.56501899973486, 29.867250000213012],
            [-95.565234999644943, 29.867248999973906],
            [-95.566551000095131, 29.867243000096931],
            [-95.569192000318068, 29.867234000280806],
            [-95.57020599974615, 29.867224999684851],
            [-95.570922000146723, 29.867214999627599],
            [-95.572258999615002, 29.867208999748591],
            [-95.574733000331662, 29.867191000109397],
            [-95.574736999631313, 29.866920000215039],
            [-95.574725999760645, 29.866296999920475],
            [-95.5747140000651, 29.865673000155098],
            [-95.574715999714911, 29.865408000020466],
            [-95.574700999646296, 29.864564999774],
            [-95.574690999600548, 29.863702999652912],
            [-95.574684999752762, 29.862859999803771],
            [-95.574668999859242, 29.86185499999867],
            [-95.574652999965721, 29.860984000238563],
            [-95.574637999897107, 29.860374999916449],
            [-95.574642000095068, 29.860265999780093],
            [-95.574638999722012, 29.860104999739711],
            [-95.5746310002244, 29.859731999993482],
            [-95.5746310002244, 29.859199000006729],
            [-95.57463299987424, 29.85855499997168],
            [-95.574628999676278, 29.858501999804275],
            [-95.574596999889224, 29.858399000368657],
            [-95.5745679995769, 29.858358999712021],
            [-95.57450499982771, 29.858309999976512],
            [-95.574421000162133, 29.858285000324745],
            [-95.574247999909772, 29.858282999666784],
            [-95.573312000299481, 29.858294000168961],
            [-95.572706000402079, 29.85830899964779],
            [-95.57222199980508, 29.858313000183603],
            [-95.572158000230985, 29.858316999940165],
            [-95.571822999596918, 29.858315000061936],
            [-95.571753000175022, 29.855817000051129],
            [-95.571729999710499, 29.854997000349339],
            [-95.571721000387967, 29.853700000076014],
            [-95.571707000144286, 29.851139999999393],
            [-95.571584999945543, 29.850301999709409],
            [-95.570762000313152, 29.850305000157181],
            [-95.570435999899928, 29.850307999825716],
            [-95.570349999686201, 29.850299999670536],
            [-95.570242999556072, 29.850297999631625],
            [-95.570241999731167, 29.84996999972255],
            [-95.570234000233555, 29.84977799984587],
            [-95.570215999791884, 29.848658999865133],
            [-95.570197000423633, 29.848192000329366],
            [-95.570092999768249, 29.84656500017935],
            [-95.570019999973312, 29.845424000091636],
            [-95.570009000102658, 29.845141000237966],
            [-95.569989000011176, 29.84453600018746],
            [-95.569990999661002, 29.844379999715205],
            [-95.570004000079791, 29.844134999995141],
            [-95.56998099961524, 29.843712999907687],
            [-95.569979999790348, 29.843216000246908],
            [-95.569972000292736, 29.842531999974351],
            [-95.569977000315589, 29.842451999955475],
            [-95.569995999683854, 29.842120000361032],
            [-95.569997000407099, 29.841983999729724],
            [-95.570009000102658, 29.840136000068881],
            [-95.570004999904697, 29.838862000356201],
            [-95.569995999683854, 29.838080999805001],
            [-95.56999900005691, 29.837808999825643],
            [-95.569994999858963, 29.837667000241122],
            [-95.569988000186257, 29.837407000138572],
            [-95.569987000361351, 29.837255000040862],
            [-95.569985999638121, 29.837158999613933],
            [-95.56998300016339, 29.836632999825458],
            [-95.56998200033847, 29.8363250003021],
            [-95.56998099961524, 29.836026999894802],
            [-95.569978999965429, 29.835573999732841],
            [-95.569978000140509, 29.835267999622129],
            [-95.569977000315589, 29.834911000256486],
            [-95.569974999767467, 29.834438000042343],
            [-95.569972000292736, 29.834066999839461],
            [-95.569958000049027, 29.832047999682104],
            [-95.56995300002616, 29.831803999920368],
            [-95.567125000205507, 29.831837000044363],
            [-95.565459999775825, 29.831858000046712],
            [-95.564307000430574, 29.831921999841207],
            [-95.563882000283115, 29.831929999910066],
            [-95.563693000137249, 29.831933999944255],
            [-95.563253999746109, 29.831942999825756],
            [-95.56032100034345, 29.832000000095412],
            [-95.559645999950746, 29.832013000001993],
            [-95.55855700017959, 29.832034999780078],
            [-95.557802000319271, 29.832042999839842],
            [-95.555683000328173, 29.832066000203035],
            [-95.5532630000382, 29.832112000134124],
            [-95.552293000092718, 29.832133000078738],
            [-95.550321000414712, 29.832159999667013],
            [-95.546773999820417, 29.832228999880499],
            [-95.546351000221122, 29.832232000091981],
            [-95.546157000052375, 29.832228999880499],
            [-95.545321000001195, 29.832239000325334],
            [-95.543485999692223, 29.83225600022212],
            [-95.542759000319293, 29.832272000305654],
            [-95.542159000269663, 29.832284000366617],
            [-95.539051999891441, 29.832327999798615],
            [-95.537738999814295, 29.832342000251391],
            [-95.536841999663736, 29.832354000303955],
            [-95.535593999883915, 29.832368999783192],
            [-95.534177999874615, 29.832391000262181],
            [-95.533755000275306, 29.83239799970513],
            [-95.533126999738272, 29.832408000133093],
            [-95.531615000367822, 29.832429999824157],
            [-95.531564000314191, 29.832425999809892],
            [-95.531550000070482, 29.831736999824038],
            [-95.531540999849653, 29.831308000049916],
            [-95.531551999720321, 29.83056199986925],
            [-95.531538000374908, 29.829816000353294],
            [-95.529661000233148, 29.82985400030655],
            [-95.529657000035186, 29.829100999727881],
            [-95.53153099980392, 29.829066999637227],
            [-95.531531999628811, 29.828326999748612],
            [-95.531518000283427, 29.827590000186142],
            [-95.531516999560196, 29.8268299998598],
            [-95.531504000039732, 29.826058999832796],
            [-95.531509999887518, 29.825286000331886],
            [-95.529569999996554, 29.825314000091495],
            [-95.529574000194515, 29.824776999994043],
            [-95.529570999821473, 29.824661999867981],
            [-95.52955999995082, 29.824208999615767],
            [-95.529551999554897, 29.822675999871947],
            [-95.529532000361726, 29.821911999930375],
            [-95.529873999770174, 29.82191000010241],
            [-95.530853999761391, 29.821903999838934],
            [-95.531974000393021, 29.821875999903327],
            [-95.5333259999299, 29.821867999808934],
            [-95.534240999623805, 29.821856999970411],
            [-95.534259999890367, 29.820989000250407],
            [-95.534262000438517, 29.82027800010237],
            [-95.534249999844633, 29.819643000245186],
            [-95.53423800014906, 29.819492000340894],
            [-95.534211000384886, 29.819341000208482],
            [-95.53417500039987, 29.818831999991733],
            [-95.534168999653772, 29.818633999816694],
            [-95.534168999653772, 29.81845100003833],
            [-95.534170000377003, 29.818335999648447],
            [-95.534183999722387, 29.818041000008808],
            [-95.534203999813883, 29.817783000188989],
            [-95.534234999776018, 29.817494000225466],
            [-95.534269000111209, 29.81711899962081],
            [-95.534274000134062, 29.816497000327921],
            [-95.534279000156957, 29.815881000128915],
            [-95.534283000354904, 29.815361999648264],
            [-95.534129000369106, 29.815321999681171],
            [-95.533983999705839, 29.815267999972921],
            [-95.533823999872283, 29.815179000115847],
            [-95.533663000213807, 29.81506899977153],
            [-95.532955000209142, 29.815738999780031],
            [-95.532865999622359, 29.815832999792033],
            [-95.532843999881067, 29.815877000231566],
            [-95.532769000436318, 29.81602500022181],
            [-95.532901999607375, 29.816145999982549],
            [-95.533002000064812, 29.816277000080124],
            [-95.533046000445736, 29.816384999936361],
            [-95.533064999814002, 29.81649499961221],
            [-95.533058999966201, 29.816596000242527],
            [-95.533028000004066, 29.816759000211071],
            [-95.532920999873951, 29.817051999811518],
            [-95.532711999636589, 29.817560999738546],
            [-95.532674999826654, 29.817665999897137],
            [-95.532644999689438, 29.817717999957164],
            [-95.532605000404772, 29.817756999789562],
            [-95.532549000328288, 29.817787999965226],
            [-95.53247499981012, 29.817796000386135],
            [-95.532113000310176, 29.817793999696416],
            [-95.532058999883517, 29.817789999875657],
            [-95.531668999896169, 29.817802000116842],
            [-95.531439999567311, 29.817804999982037],
            [-95.530889999746407, 29.817817000221414],
            [-95.530595000193628, 29.817814000356588],
            [-95.527908999764861, 29.817878999746586],
            [-95.527908999764861, 29.818278000208085],
            [-95.527851000038552, 29.81843799992636],
            [-95.527701000250701, 29.818498999897582],
            [-95.526250000081305, 29.81852400015616],
            [-95.526230999814729, 29.818041999961459],
            [-95.52623400018777, 29.817942999920014],
            [-95.526224000142037, 29.817822999950859],
            [-95.526235999837581, 29.817460000083123],
            [-95.526240000035571, 29.817140000377712],
            [-95.526226999616767, 29.816021000330274],
            [-95.526220999768995, 29.815921999846299],
            [-95.526214000096303, 29.815789000112495],
            [-95.524531000123275, 29.815815000244335],
            [-95.524388000008145, 29.815816000219254],
            [-95.522853000173157, 29.815828999892826],
            [-95.521877000379888, 29.815826999943173],
            [-95.521456000430419, 29.815832999792033],
            [-95.521457000255324, 29.815969000166998],
            [-95.521463999928017, 29.8173800002528],
            [-95.52100500034372, 29.817377000374858],
            [-95.520663999861853, 29.817128000057053],
            [-95.520564000302741, 29.817190000009514],
            [-95.520443999753823, 29.817377000374858],
            [-95.519520999664024, 29.817385000049253],
            [-95.519317000347826, 29.817387999926954],
            [-95.51857699965781, 29.817397000339],
            [-95.518523000129463, 29.817398000298162],
            [-95.51750399978016, 29.817383000130718],
            [-95.51750499960508, 29.816857999866233],
            [-95.517507000153216, 29.816036999895431],
            [-95.517507000153216, 29.815889999897202],
            [-95.516909999578331, 29.815896999716472],
            [-95.516892999859905, 29.814815000016115],
            [-95.514071999711931, 29.814846000324664],
            [-95.514073000435147, 29.813552000117454],
            [-95.514033000252184, 29.812196999650013],
            [-95.514023000206421, 29.810833000084425],
            [-95.513988000046325, 29.809580000147726],
            [-95.514027000404397, 29.809465999725813],
            [-95.514162999948525, 29.809419000245637],
            [-95.516478999583114, 29.809402000361864],
            [-95.516450999994021, 29.808695999886098],
            [-95.516452999643832, 29.808030999717811],
            [-95.516406999613082, 29.806671999784065],
            [-95.516416999658816, 29.806158000191687],
            [-95.516425999879658, 29.805756000246774],
            [-95.51641800038206, 29.805371000037486],
            [-95.516406999613082, 29.804552000247028],
            [-95.51639800029055, 29.803514999915077],
            [-95.515111000152686, 29.803505999812511],
            [-95.514692999677948, 29.80342799992907],
            [-95.514337000025805, 29.803346999685971],
            [-95.514164999598336, 29.80330099976894],
            [-95.512471999579603, 29.80289099998048],
            [-95.511963999591487, 29.802710999770667],
            [-95.511776999993728, 29.802627000185513],
            [-95.511567999756366, 29.802585000366445],
            [-95.51137100011286, 29.802658999701709],
            [-95.51108800025564, 29.802808999977028],
            [-95.511068000164158, 29.802818000142299],
            [-95.510735999903147, 29.802917000347762],
            [-95.51000399960904, 29.80293700008604],
            [-95.509903000225009, 29.802932999671015],
            [-95.509837000102777, 29.802909000295426],
            [-95.509791999896933, 29.802874999870994],
            [-95.509633999713174, 29.802664000234195],
            [-95.509389000389106, 29.802768000339842],
            [-95.50919900041832, 29.802820000352146],
            [-95.508940999777138, 29.802874999870994],
            [-95.508500999561079, 29.80293700008604],
            [-95.508328000207044, 29.802940999721415],
            [-95.507908999907372, 29.802963999765407],
            [-95.507585999867189, 29.802990000113692],
            [-95.506521000385476, 29.803076000378262],
            [-95.505979000062169, 29.803066000133775],
            [-95.505214999981021, 29.803051000154912],
            [-95.504680000228731, 29.803044000215952],
            [-95.504112999791062, 29.803036000173783],
            [-95.503552999924423, 29.803030999659875],
            [-95.502434999840943, 29.803022999616676],
            [-95.501858000255851, 29.803003999998676],
            [-95.500891999610019, 29.803015999675758],
            [-95.500899000181022, 29.80395600005081],
            [-95.500862000371086, 29.808192000295502],
            [-95.499795000341237, 29.808184999936849],
            [-95.499818999732355, 29.80477500004438],
            [-95.498815000350021, 29.804778000300452],
            [-95.497841000206577, 29.804778000300452],
            [-95.496855000367574, 29.804769999617466],
            [-95.496863999690106, 29.803942000299116],
            [-95.495882000049065, 29.803942999613316],
            [-95.4956309999789, 29.803450999861084],
            [-95.495569999879521, 29.803230999752927],
            [-95.495564000031735, 29.803042000010592],
            [-95.493737000118685, 29.802998000159587],
            [-95.493250999871876, 29.802975000123418],
            [-95.491972999954825, 29.80295400028918],
            [-95.491294000262499, 29.802939999617735],
            [-95.491131000055873, 29.802940999721415],
            [-95.489990000406166, 29.802915000139858],
            [-95.488859999728803, 29.802884000030339],
            [-95.488606000183907, 29.802878000184062],
            [-95.487247999900916, 29.802845999958397],
            [-95.48716699971007, 29.802843999749069],
            [-95.486528000200693, 29.802828999736924],
            [-95.484832999633809, 29.802837999900401],
            [-95.484831999808904, 29.800432000388316],
            [-95.48483799965669, 29.799395000220468],
            [-95.484846999877504, 29.799148999986475],
            [-95.484865000319175, 29.798137999822558],
            [-95.483784000045617, 29.798133999995105],
            [-95.482799999856439, 29.798117999904395],
            [-95.482829999993669, 29.799385000387559],
            [-95.482870000176632, 29.800946999906294],
            [-95.48289399956775, 29.802820999677568],
            [-95.481990999569433, 29.802827000306781],
            [-95.480771000277016, 29.802825000097073],
            [-95.480741999964707, 29.801564000231995],
            [-95.480737999766745, 29.801389999908874],
            [-95.480729000444228, 29.800977999836537],
            [-95.480707999629516, 29.800192000373308],
            [-95.480691999735996, 29.799391999802999],
            [-95.47982100042303, 29.799388000025736],
            [-95.47884800010452, 29.799446000288377],
            [-95.478873000218869, 29.800329999672758],
            [-95.478008999680284, 29.800405000025574],
            [-95.475744999924231, 29.800390999776912],
            [-95.475922000374538, 29.799595999924616],
            [-95.475832999787784, 29.798846999638904],
            [-95.475451000196358, 29.798888000103567],
            [-95.47526899972317, 29.798884000306103],
            [-95.474922000291841, 29.79887499978695],
            [-95.474352000379454, 29.798761999781973],
            [-95.474410000105763, 29.798558000298389],
            [-95.474431000022165, 29.798245999779219],
            [-95.474388000364456, 29.796276000125108],
            [-95.474381999618359, 29.795766000047585],
            [-95.474350999656224, 29.794510999648693],
            [-95.473677999811656, 29.794519000372556],
            [-95.473260000235243, 29.794519999780885],
            [-95.47323299957273, 29.79321900025084],
            [-95.473198000310958, 29.792649000280811],
            [-95.473107000074364, 29.79200799989777],
            [-95.473050999997866, 29.791684999964886],
            [-95.472890000339362, 29.790702000102865],
            [-95.472739999653243, 29.789773999645217],
            [-95.471067999550897, 29.790138999892442],
            [-95.470386000383812, 29.790235000257567],
            [-95.469921000053418, 29.790262999697035],
            [-95.469602000211182, 29.790282999625944],
            [-95.469490000058187, 29.789741999906113],
            [-95.469496999730879, 29.789437000076209],
            [-95.469485000035306, 29.788663999695636],
            [-95.468058999980258, 29.788667999901609],
            [-95.468060999630083, 29.787854000307398],
            [-95.468044999736549, 29.787013000252216],
            [-95.467998999705799, 29.786508999794858],
            [-95.467997999880879, 29.785609000184262],
            [-95.467998999705799, 29.785049000240928],
            [-95.467998999705799, 29.78473300012098],
            [-95.4675479996191, 29.784753000375275],
            [-95.464723999996394, 29.784753999881136],
            [-95.463694999601373, 29.78473300012098],
            [-95.46251700014173, 29.784709999784667],
            [-95.462011999628345, 29.784704999914236],
            [-95.461683999565295, 29.784679000272124],
            [-95.461675000242792, 29.784745999935897],
            [-95.461670000219911, 29.784766999693268],
            [-95.461675000242792, 29.784802999824066],
            [-95.461720000448622, 29.786809999691066],
            [-95.461716000250661, 29.787294999929959],
            [-95.461493999594495, 29.787293000189408],
            [-95.456900999785063, 29.787407999630442],
            [-95.456795000378165, 29.784597999664481],
            [-95.456781999959375, 29.784287000351423],
            [-95.456775000286683, 29.784128000091222],
            [-95.456855999579219, 29.784121000387739],
            [-95.456838999860793, 29.783844999773105],
            [-95.45681299992151, 29.783030999941392],
            [-95.456803999700682, 29.782765999681029],
            [-95.456651000438114, 29.782681999725696],
            [-95.456433999804844, 29.78258400007859],
            [-95.455495999646402, 29.78201999989475],
            [-95.454122000368216, 29.781112000233797],
            [-95.454091000406066, 29.781090999709683],
            [-95.454043999652086, 29.781057999991098],
            [-95.453935999697038, 29.780981000085561],
            [-95.453913000130825, 29.780965999914795],
            [-95.453867999924995, 29.780936999890127],
            [-95.453795000130057, 29.781032999724491],
            [-95.453720999611889, 29.781112000233797],
            [-95.453640000319353, 29.781195999947027],
            [-95.453483999785433, 29.781358000364445],
            [-95.453138000179024, 29.781842000194533],
            [-95.452769000108091, 29.782422999614738],
            [-95.452528000083646, 29.782921000109667],
            [-95.45238199959546, 29.78321099968873],
            [-95.452353000181475, 29.783254000143554],
            [-95.452314999648323, 29.783356000332692],
            [-95.452283999686188, 29.7834490000706],
            [-95.452153999989847, 29.783783999718196],
            [-95.452076000172042, 29.784107999712059],
            [-95.452015000072663, 29.784655999923341],
            [-95.452025000118397, 29.784812000049616],
            [-95.452022999570275, 29.785807000247168],
            [-95.452169999883353, 29.787510000264703],
            [-95.452231999807651, 29.788078000152922],
            [-95.452303999777669, 29.78932700026737],
            [-95.452309999625442, 29.789854999962373],
            [-95.452283999686188, 29.790151999784836],
            [-95.452256000097094, 29.790861000055454],
            [-95.452215000089211, 29.791159000232469],
            [-95.45173800006323, 29.793218000049979],
            [-95.451733000040349, 29.793240999990427],
            [-95.451681000161827, 29.793462999855635],
            [-95.45161099984162, 29.79375300007553],
            [-95.451369999817189, 29.794752000223951],
            [-95.451262999687074, 29.79501199979908],
            [-95.451240999945782, 29.795142000112865],
            [-95.451138000013614, 29.795788000006745],
            [-95.45101099979199, 29.796741000291828],
            [-95.450953000065681, 29.797078000210426],
            [-95.450831999691871, 29.798071999921568],
            [-95.450768999942667, 29.798819000262629],
            [-95.450691999949782, 29.799232000012626],
            [-95.450589000017629, 29.799741000216759],
            [-95.450502999803888, 29.800096000206089],
            [-95.450369999734491, 29.800438000381291],
            [-95.449908999602044, 29.801524000202459],
            [-95.449885000210912, 29.80158099988893],
            [-95.449807000393108, 29.801727999874231],
            [-95.450044000219577, 29.801730000105859],
            [-95.450178999938785, 29.801730000105859],
            [-95.450194999832306, 29.801765000255447],
            [-95.450327000076797, 29.802108000293583],
            [-95.4504760000397, 29.802386999979902],
            [-95.450579999796787, 29.802586999801488],
            [-95.450734999607477, 29.802827000306781],
            [-95.451047999601926, 29.803221999624803],
            [-95.451261000037249, 29.803467999976846],
            [-95.451452999657889, 29.803691999948622],
            [-95.451606999643658, 29.803851999621276],
            [-95.451764000002512, 29.804004999945878],
            [-95.452298999754802, 29.804516000205169],
            [-95.45353599966397, 29.805708999802608],
            [-95.455120999727697, 29.807089000099786],
            [-95.455584000408265, 29.807481999618965],
            [-95.455663000050976, 29.807553999893056],
            [-95.455474999730001, 29.80771300034726],
            [-95.455215000337333, 29.807482999677287],
            [-95.454759000227739, 29.807079000256447],
            [-95.453279999570924, 29.805643000219561],
            [-95.453087000125393, 29.805438999957492],
            [-95.452165999685405, 29.804687000288602],
            [-95.451782000444155, 29.80444600025989],
            [-95.451242999595593, 29.804221999638095],
            [-95.450871000049915, 29.804110999620903],
            [-95.450403000244762, 29.804043000357034],
            [-95.449930000416757, 29.804035999708045],
            [-95.449655999882054, 29.804057000094641],
            [-95.449342999887605, 29.80410100025934],
            [-95.44897800001462, 29.804197999792322],
            [-95.448650999776476, 29.804316999653384],
            [-95.44831900041379, 29.804479000061999],
            [-95.447998000023418, 29.804646999948837],
            [-95.447704000295545, 29.804840000115497],
            [-95.447413999867308, 29.805048000370853],
            [-95.44702499970488, 29.805364000260887],
            [-95.446818999840545, 29.805571000128708],
            [-95.446565000295664, 29.805841999692174],
            [-95.446406000286984, 29.806024999942775],
            [-95.446571999968342, 29.806124000092129],
            [-95.447423000088136, 29.806707999829435],
            [-95.447902999588848, 29.807051000066366],
            [-95.447724000387026, 29.807255000158456],
            [-95.447622000279779, 29.807401000320429],
            [-95.44749800043121, 29.807613000154834],
            [-95.447392000126001, 29.807883000366939],
            [-95.447332999676448, 29.808165999740471],
            [-95.447316999782927, 29.808453000066528],
            [-95.44732600000377, 29.808649000044049],
            [-95.447331000026622, 29.809155999794676],
            [-95.447331999851542, 29.80934999987414],
            [-95.446977000024305, 29.809359000230337],
            [-95.445865999613531, 29.809351999953357],
            [-95.445592999802045, 29.809355000072131],
            [-95.445144000263483, 29.809420000284533],
            [-95.444740999857345, 29.809548999765504],
            [-95.444350999870011, 29.809732000248349],
            [-95.443992999669703, 29.8100070003612],
            [-95.443864999623187, 29.810137999927957],
            [-95.444430000411032, 29.810610999791244],
            [-95.443923000247835, 29.810590000001319],
            [-95.443375000076742, 29.810617999980028],
            [-95.442939999883549, 29.810617999980028],
            [-95.442668999721903, 29.810666999729136],
            [-95.442625000239275, 29.810689000308557],
            [-95.44251800010916, 29.810695999712433],
            [-95.442045000281155, 29.809784999793205],
            [-95.441513000003582, 29.809288999777248],
            [-95.441363000215773, 29.809189999642971],
            [-95.441439000383753, 29.809157999877772],
            [-95.442047999755886, 29.808897999652437],
            [-95.441759000050894, 29.808690999655209],
            [-95.441670000362436, 29.808626999795294],
            [-95.441580999775653, 29.808572000321369],
            [-95.441237999643974, 29.808358000082389],
            [-95.440637999594344, 29.808610999823944],
            [-95.440543000058113, 29.808651000137285],
            [-95.439214999912366, 29.807777000012599],
            [-95.436584999560083, 29.806585000205615],
            [-95.436035999564083, 29.806273999848212],
            [-95.435621000360712, 29.805989999724819],
            [-95.435247000266898, 29.805664000268763],
            [-95.434083000152668, 29.804366000151052],
            [-95.433697000363281, 29.804103999756112],
            [-95.433456000338865, 29.803982000141303],
            [-95.433199000420913, 29.803851999621276],
            [-95.432565999861012, 29.803691999948622],
            [-95.429949999752466, 29.803182000258214],
            [-95.429656000024579, 29.803168999720089],
            [-95.42781599969274, 29.803088000046781],
            [-95.427463000413638, 29.802993999746992],
            [-95.42705499998462, 29.802759000170067],
            [-95.426671999669992, 29.802298999682286],
            [-95.42655399966921, 29.801920000102413],
            [-95.426520000232344, 29.801656000083458],
            [-95.426422000323043, 29.801654999966878],
            [-95.42611699982622, 29.801651999617185],
            [-95.425803000006837, 29.801683000108486],
            [-95.425490999837322, 29.801736000021002],
            [-95.425332999653563, 29.801797000047376],
            [-95.42519899975926, 29.80190999974236],
            [-95.424713000410776, 29.802319999654035],
            [-95.424310999829544, 29.802659999808249],
            [-95.42365499970343, 29.803237999678796],
            [-95.423483999999206, 29.803383000148553],
            [-95.423246000347845, 29.803535999631542],
            [-95.423012999821026, 29.803631000298296],
            [-95.422796000086038, 29.803688999659972],
            [-95.422605000290332, 29.803710000119427],
            [-95.4223430003495, 29.803723999903639],
            [-95.42237699978638, 29.804668000207158],
            [-95.422381999809261, 29.804806000347405],
            [-95.422386999832113, 29.805672000100735],
            [-95.421436999978127, 29.805684000237267],
            [-95.418087999750554, 29.80572600031406],
            [-95.417115000330355, 29.805737000368389],
            [-95.41622900005045, 29.805759999769414],
            [-95.412293000192051, 29.805796000143044],
            [-95.41230599971253, 29.806306999826766],
            [-95.412316999583183, 29.80680800014725],
            [-95.410207999637819, 29.806844000143652],
            [-95.410196999767166, 29.806340999864062],
            [-95.410176999675684, 29.80582299983012],
            [-95.410154999934377, 29.804815000332951],
            [-95.410149000086591, 29.803810000316624],
            [-95.410120999599201, 29.802782000255906],
            [-95.410113000101575, 29.801755999995422],
            [-95.410087999987226, 29.800744000326535],
            [-95.410078999766412, 29.79971999970364],
            [-95.410031000085837, 29.797885000095569],
            [-95.409996999750632, 29.796032000363422],
            [-95.409954000092924, 29.794185999616442],
            [-95.409959000115805, 29.794056999812323],
            [-95.409923999955708, 29.792364000247716],
            [-95.409896000366615, 29.790506000044193],
            [-95.409882999947811, 29.789972000044916],
            [-95.40986899970413, 29.789451000298357],
            [-95.409853999635502, 29.788765999829582],
            [-95.409851999985676, 29.788661999982423],
            [-95.409841999939943, 29.788240999819365],
            [-95.409820000198621, 29.787604999775962],
            [-95.409810000152888, 29.787314000192087],
            [-95.409790000061392, 29.786748999883628],
            [-95.409780000015658, 29.786296000189129],
            [-95.409769000145005, 29.785984999914206],
            [-95.40970800004564, 29.785140000181812],
            [-95.409696000350067, 29.783455999821015],
            [-95.409655000342198, 29.783324000101082],
            [-95.406815999752553, 29.783327000220698],
            [-95.406547999963948, 29.783293999679795],
            [-95.406023000257406, 29.783322000281196],
            [-95.405520000292171, 29.783327000220698],
            [-95.405439000101296, 29.783327999740795],
            [-95.404808000089531, 29.783361000270499],
            [-95.404334000436606, 29.783372999964271],
            [-95.40321499962991, 29.783390999892106],
            [-95.402130000056701, 29.783416999868724],
            [-95.401006999950354, 29.783431000153197],
            [-95.399934000072705, 29.783385999955801],
            [-95.398840000278668, 29.783416999868724],
            [-95.397549999767733, 29.783431999672263],
            [-95.397552000315869, 29.783319999681602],
            [-95.397517000155787, 29.781891000003398],
            [-95.397512999957826, 29.781467000035764],
            [-95.397483999645502, 29.779639000241495],
            [-95.397446999835566, 29.777794000024194],
            [-95.397435999964927, 29.776952999665564],
            [-95.397435000140007, 29.77666800016582],
            [-95.397434000315101, 29.776524999927933],
            [-95.397434000315101, 29.776411000050047],
            [-95.397432999591885, 29.77612399982382],
            [-95.397403000352952, 29.775227000005508],
            [-95.39740099980483, 29.775152999879012],
            [-95.397398000330085, 29.775076000110861],
            [-95.397370999667601, 29.774265999944841],
            [-95.397327000184987, 29.772449000282123],
            [-95.397322999987011, 29.771436000159305],
            [-95.397317999964145, 29.770405999657232],
            [-95.397271999933395, 29.769557000038354],
            [-95.397015999840363, 29.769527000170978],
            [-95.396000999689036, 29.769406000172587],
            [-95.395738999748204, 29.769385999971917],
            [-95.395102999713586, 29.769308999668798],
            [-95.395054000208106, 29.769303000149026],
            [-95.394900000222293, 29.769284000367797],
            [-95.394840999772754, 29.769276999626701],
            [-95.394604999771218, 29.769250999877404],
            [-95.394542999846919, 29.769245000354172],
            [-95.394157999882452, 29.769211000189856],
            [-95.394003999896668, 29.769197000256465],
            [-95.393958999690838, 29.769191999611404],
            [-95.393814999750774, 29.769174999911655],
            [-95.393130000210675, 29.769094999680163],
            [-95.392976000224877, 29.769077999963894],
            [-95.392667000428403, 29.769045000185407],
            [-95.392258000174493, 29.769001000203847],
            [-95.39181799995842, 29.76896099963675],
            [-95.391361000023934, 29.768918000061944],
            [-95.390916999609928, 29.768888999667354],
            [-95.391316999642996, 29.76780999982995],
            [-95.391315999818104, 29.764668999912416],
            [-95.391407000054684, 29.763105999929515],
            [-95.391380000290511, 29.762993999820729],
            [-95.391351999803092, 29.762874999957901],
            [-95.391330999886705, 29.762670999864238],
            [-95.391320000016051, 29.762565999699934],
            [-95.391176000076001, 29.762556999814475],
            [-95.390121999566631, 29.762259000289284],
            [-95.38917400026078, 29.761919000151533],
            [-95.388944999931923, 29.761866999946168],
            [-95.388380000042389, 29.761740999816567],
            [-95.387929999780596, 29.761574000174253],
            [-95.386754999795713, 29.761578999639887],
            [-95.386081999951145, 29.761704000237348],
            [-95.385729999598638, 29.761681000070507],
            [-95.385733999796599, 29.761598999839538],
            [-95.385746000390469, 29.761318000060786],
            [-95.385756000436231, 29.761210000036062],
            [-95.385780999652283, 29.760943999998663],
            [-95.385779000002444, 29.760748999921393],
            [-95.385773999979577, 29.760374000325864],
            [-95.385758000086057, 29.759691000093767],
            [-95.385753000063175, 29.759003000291525],
            [-95.385809000139673, 29.758310000036527],
            [-95.385799000093925, 29.75810999987414],
            [-95.385754999713001, 29.757913999967268],
            [-95.385716000253268, 29.757790999650926],
            [-95.385711000230387, 29.757619000001469],
            [-95.385698999636517, 29.756913999791028],
            [-95.385702000009545, 29.756230000362326],
            [-95.385697999811583, 29.755741000228106],
            [-95.385696000161772, 29.755558000071574],
            [-95.38568799976585, 29.754853000180638],
            [-95.385680000268252, 29.754169999755103],
            [-95.385707999857331, 29.753449999847586],
            [-95.38572200010104, 29.753048000359271],
            [-95.385724999575757, 29.752982000370729],
            [-95.385732999971694, 29.752620999699694],
            [-95.385732000146774, 29.751998999615594],
            [-95.384963999867665, 29.752006000004158],
            [-95.384861999760417, 29.752015000057348],
            [-95.384104000425367, 29.752021999664869],
            [-95.383998999945064, 29.752029999884208],
            [-95.383038000220424, 29.752038999935234],
            [-95.382160000336455, 29.752043000044331],
            [-95.381281999554162, 29.752047999985447],
            [-95.380397999822407, 29.752049999649905],
            [-95.379514999915571, 29.752055000370589],
            [-95.379134000149065, 29.752066000083516],
            [-95.379028999668776, 29.752112999977587],
            [-95.378931999584381, 29.752127999789789],
            [-95.378753000382545, 29.752093000224459],
            [-95.378640000404644, 29.752116000252105],
            [-95.378640000404644, 29.752701999652306],
            [-95.378641000229564, 29.752975000050331],
            [-95.378651000275298, 29.75309399997116],
            [-95.378253999716961, 29.752851000087396],
            [-95.377657000040386, 29.753603999814175],
            [-95.376835000232916, 29.753115999947596],
            [-95.376506000344932, 29.753535999777061],
            [-95.376339999765264, 29.753745000386367],
            [-95.376304999605168, 29.753780999969727],
            [-95.376256999924593, 29.753806999834023],
            [-95.376010000052389, 29.754031999998023],
            [-95.376015000075256, 29.754500999839184],
            [-95.376010000052389, 29.754551000352976],
            [-95.375065000221255, 29.754545999756818],
            [-95.375075000267003, 29.755193000116616],
            [-95.375076999916828, 29.755829000120507],
            [-95.375082999764615, 29.756453000189573],
            [-95.375088999612402, 29.757085000088605],
            [-95.375107999878978, 29.757625000220926],
            [-95.375141000389249, 29.757774000356129],
            [-95.374996999550902, 29.757774000356129],
            [-95.374768000120355, 29.757774000356129],
            [-95.374572000301768, 29.757775000131243],
            [-95.374602000438998, 29.75761200000499],
            [-95.374594000043089, 29.757117000125536],
            [-95.374549999662165, 29.754266000287895],
            [-95.374541000339633, 29.753663999716871],
            [-95.374512999852215, 29.753125999722556],
            [-95.374501000156656, 29.752907000366399],
            [-95.374492999760747, 29.75287899984086],
            [-95.374464000346748, 29.752767999825256],
            [-95.374357000216619, 29.752370999866486],
            [-95.374257999584103, 29.752114999640686],
            [-95.374132000085723, 29.751854000370326],
            [-95.374100000298668, 29.751799999952343],
            [-95.373762000189856, 29.751262999932191],
            [-95.37347799960942, 29.750996000167248],
            [-95.373202000323204, 29.75073799985892],
            [-95.373008000154456, 29.750573000293063],
            [-95.372727999771968, 29.750349999862106],
            [-95.371852000436149, 29.749842000329728],
            [-95.370946999889668, 29.749319000332594],
            [-95.371038000126276, 29.749204000052291],
            [-95.371417000242957, 29.748728999632984],
            [-95.372018000117478, 29.748007999767864],
            [-95.372607000296469, 29.747257999761526],
            [-95.373150000444681, 29.746565000193861],
            [-95.373600999633069, 29.746008999914764],
            [-95.373793999976925, 29.745758999971216],
            [-95.3740740003594, 29.745411999946128],
            [-95.37464099989873, 29.74467999988358],
            [-95.375093999635268, 29.744100999769692],
            [-95.375553999942809, 29.743531000247103],
            [-95.376113999809462, 29.742807999811905],
            [-95.376578000314964, 29.742229999738388],
            [-95.377041000097222, 29.741653000169055],
            [-95.377616999857423, 29.740930000233192],
            [-95.378053999700427, 29.740365000369401],
            [-95.378529000076568, 29.739760999874434],
            [-95.379093999966088, 29.739049999881178],
            [-95.379548000425856, 29.738477999793247],
            [-95.379979000421073, 29.737952999855061],
            [-95.380586000143381, 29.737171000148461],
            [-95.381026000359441, 29.736597000292001],
            [-95.381329000308156, 29.736230999956721],
            [-95.38149300033966, 29.736004999632634],
            [-95.382059000054113, 29.735293000314591],
            [-95.382679000195211, 29.734520000213649],
            [-95.382942999785868, 29.734177000342633],
            [-95.382976000296139, 29.73412599979773],
            [-95.38337100030634, 29.733637000277113],
            [-95.383885999967148, 29.732978000172043],
            [-95.384471999773098, 29.73224699986779],
            [-95.384496999887432, 29.73221599972327],
            [-95.384629999956829, 29.732050000069751],
            [-95.385159999686266, 29.731385000230794],
            [-95.385502999817916, 29.73095700010267],
            [-95.386021999676686, 29.730280000228714],
            [-95.386502999900628, 29.729673999739109],
            [-95.386740999552003, 29.729383000381116],
            [-95.386949999789366, 29.72910899965661],
            [-95.387425999990455, 29.728515999984801],
            [-95.387940999651249, 29.72785100012381],
            [-95.388436000118887, 29.727236999928436],
            [-95.388632999762379, 29.726990000243557],
            [-95.38891999981756, 29.726644000114177],
            [-95.389281000390909, 29.726161999861706],
            [-95.389606999905823, 29.725790999990529],
            [-95.390258000009069, 29.724958000125042],
            [-95.389498000125869, 29.724493999941547],
            [-95.389358000383794, 29.724432999640182],
            [-95.388928000213483, 29.724169999872874],
            [-95.388529999830212, 29.723924999884872],
            [-95.387662999816911, 29.723410999972174],
            [-95.386788000305984, 29.722889999687133],
            [-95.386044000316318, 29.722428999686034],
            [-95.385968999973244, 29.722390000165852],
            [-95.385090000264356, 29.721865000288886],
            [-95.384236999596439, 29.721330000181954],
            [-95.383424999834716, 29.720848000150241],
            [-95.382404999660523, 29.720232999864432],
            [-95.381670999716604, 29.719790999944806],
            [-95.381541999845155, 29.719713999773809],
            [-95.380212999874487, 29.718921999825039],
            [-95.380082000353227, 29.718970999972697],
            [-95.38030099973804, 29.718340000317799],
            [-95.380396999997501, 29.718049000078906],
            [-95.380413999715941, 29.717997999917973],
            [-95.38054900033346, 29.717592000389658],
            [-95.380925000077099, 29.716518000176499],
            [-95.3818899999997, 29.713722000156221],
            [-95.382059999879019, 29.713198999851965],
            [-95.382090999841154, 29.7131040000205],
            [-95.382120000153492, 29.713013000204334],
            [-95.382274000139262, 29.7125399997201],
            [-95.382494000247291, 29.711858000052327],
            [-95.382521999836385, 29.711655999625272],
            [-95.38259899982927, 29.711612000204507],
            [-95.382688000416053, 29.711487000361679],
            [-95.382807000241741, 29.71124100038508],
            [-95.383186000358435, 29.710105999680795],
            [-95.38367199970692, 29.708581999880181],
            [-95.384615999713134, 29.705698999855919],
            [-95.385727999948827, 29.70255500020518],
            [-95.386583000266569, 29.70014499984546],
            [-95.386922000200286, 29.699088000165684],
            [-95.386993000345399, 29.698922000344538],
            [-95.387042999675799, 29.698760000141807],
            [-95.387167000422664, 29.698386000121065],
            [-95.387441000059056, 29.69767099967137],
            [-95.387483999716764, 29.697458999718929],
            [-95.387985000032174, 29.696035000045551],
            [-95.388175000002974, 29.695438999670394],
            [-95.388247999797926, 29.695146000153585],
            [-95.388282000133103, 29.695033000228861],
            [-95.388313999920143, 29.694932999933869],
            [-95.388718999976106, 29.693884000213657],
            [-95.388443999616484, 29.693825999719181],
            [-95.387116000369033, 29.693415000260973],
            [-95.386059000384932, 29.693088000083463],
            [-95.384988999982028, 29.692753999782038],
            [-95.384429000115375, 29.692578999718169],
            [-95.383918999579123, 29.692419000284971],
            [-95.382833000181009, 29.69207699978374],
            [-95.381649999800203, 29.691702999856304],
            [-95.381396000255307, 29.691623000254449],
            [-95.380264999753024, 29.69125499970492],
            [-95.380161999820871, 29.691235000306563],
            [-95.379611000175032, 29.691066000236965],
            [-95.378646000252431, 29.690769999905818],
            [-95.378548000343145, 29.690744000093471],
            [-95.378245000394458, 29.691233999868302],
            [-95.378150999784793, 29.691569000194566],
            [-95.377847999836092, 29.692844000365021],
            [-95.377460000396894, 29.694221000325467],
            [-95.377221999847194, 29.695035000249302],
            [-95.376276000191169, 29.698060000106306],
            [-95.375688999662032, 29.697869999801224],
            [-95.375322999964126, 29.697750999919961],
            [-95.374486000088041, 29.697494999992674],
            [-95.373403000164657, 29.697165999850654],
            [-95.372569999588208, 29.696913999959502],
            [-95.373147999896545, 29.695442999695157],
            [-95.37232600008906, 29.695199999851798],
            [-95.371812000253172, 29.696548999655903],
            [-95.371761000199527, 29.696664999808522],
            [-95.371106999723253, 29.696480999961643],
            [-95.370960000308457, 29.696429000164368],
            [-95.370170000288041, 29.696178999982916],
            [-95.369379000442706, 29.695942999977468],
            [-95.368581999851273, 29.695697999775525],
            [-95.367785000158165, 29.695462000200838],
            [-95.368375999986938, 29.694009999746395],
            [-95.367692000271731, 29.693804000007187],
            [-95.367984000349779, 29.693075000087816],
            [-95.368276000427841, 29.692362999798853],
            [-95.364876999971557, 29.691327999660274],
            [-95.365056999896609, 29.690892000016131],
            [-95.365148999958123, 29.690642000104223],
            [-95.364932000223135, 29.690514999804623],
            [-95.364503999702649, 29.690372000000249],
            [-95.363570999567088, 29.690094999925847],
            [-95.363117000005658, 29.689966000374355],
            [-95.362813000232038, 29.690705999635206],
            [-95.362229000075942, 29.692151000351391],
            [-95.361643000270021, 29.693595999796653],
            [-95.361466999644605, 29.694047999735453],
            [-95.361295000115462, 29.694483999731705],
            [-95.36100600041047, 29.695191000164208],
            [-95.360722999654953, 29.695916999943027],
            [-95.360435999599773, 29.69662599964434],
            [-95.360146000069861, 29.697342000105731],
            [-95.35985900001468, 29.69806400002669],
            [-95.359563999563576, 29.698780000383302],
            [-95.357359000257063, 29.698094999794723],
            [-95.357068000003935, 29.698831000161704],
            [-95.356782999598579, 29.699533000217812],
            [-95.35651599963488, 29.700247999899418],
            [-95.355894999668863, 29.700055999910678],
            [-95.355786999713843, 29.700021000125165],
            [-95.355313999885823, 29.699868000183898],
            [-95.354845000255779, 29.70101699964636],
            [-95.354083999649333, 29.700786999800368],
            [-95.353328999789014, 29.700562000374358],
            [-95.352567000256002, 29.700314000249715],
            [-95.351799999801813, 29.700084000354604],
            [-95.351039999918612, 29.69985099965583],
            [-95.350278000385586, 29.699616999622453],
            [-95.349566000182975, 29.699408000165551],
            [-95.349643000175874, 29.699225999817553],
            [-95.349941000101708, 29.698465999800248],
            [-95.350290999906079, 29.697685999820358],
            [-95.350578999786165, 29.696923000273088],
            [-95.35088900030587, 29.696145999625369],
            [-95.350973999796381, 29.695894999908553],
            [-95.351276999745082, 29.695111000218127],
            [-95.35143999995168, 29.694728999772675],
            [-95.351761000342051, 29.693918999796225],
            [-95.351643000341284, 29.693884000213657],
            [-95.350916999894977, 29.693670000025971],
            [-95.350188999798831, 29.693437000058065],
            [-95.349452000380168, 29.693215000252522],
            [-95.348695999796618, 29.692966999938946],
            [-95.347925000042764, 29.692736999610794],
            [-95.34722000041117, 29.692521999676202],
            [-95.346482000269276, 29.692289000167694],
            [-95.345761999670742, 29.692076000134247],
            [-95.345647999867921, 29.692031000289202],
            [-95.345342000444489, 29.691987000074441],
            [-95.344893999832507, 29.691902000101546],
            [-95.344204000269514, 29.691704999943088],
            [-95.343288999677313, 29.691483999868083],
            [-95.342420000014187, 29.691327999660274],
            [-95.341546000328165, 29.691137999890405],
            [-95.340691999835315, 29.690917000129154],
            [-95.339647000445083, 29.690591999735059],
            [-95.339362999864662, 29.691336999693817],
            [-95.339076999634386, 29.692067999816413],
            [-95.338771000210954, 29.692775000081376],
            [-95.338498000399483, 29.693507999938081],
            [-95.338192999902631, 29.6942539997547],
            [-95.337908000395586, 29.694967000310669],
            [-95.337493000293904, 29.695646000353328],
            [-95.337190000345188, 29.696405000248877],
            [-95.336898000267155, 29.697136999774614],
            [-95.336616000234841, 29.697842000300831],
            [-95.335918000275939, 29.697606999894827],
            [-95.335200000225527, 29.697384999939391],
            [-95.335001999858804, 29.697307000154915],
            [-95.334032999738241, 29.696984000122736],
            [-95.332143999900907, 29.696385999921525],
            [-95.331698999661981, 29.69622899991295],
            [-95.331342000184932, 29.696111000038218],
            [-95.330393999980757, 29.695810000120332],
            [-95.3298540002056, 29.695634000302785],
            [-95.329521000119669, 29.695531999815135],
            [-95.327946000101676, 29.695132999643882],
            [-95.327514000281553, 29.695023999745942],
            [-95.327258000188507, 29.695127999987641],
            [-95.326944000369167, 29.695307000324075],
            [-95.326663999986664, 29.695466000224744],
            [-95.326684999903065, 29.695557000334404],
            [-95.326740999979577, 29.695737999913032],
            [-95.327525000152221, 29.698293999864998],
            [-95.327561000137223, 29.69839500030271],
            [-95.33078599961793, 29.707933000253622],
            [-95.331527000132851, 29.71016400013783],
            [-95.332487999857491, 29.712988000128995],
            [-95.332871000172148, 29.714224000364904],
            [-95.332917000202897, 29.714372000021914],
            [-95.332959999860606, 29.714513000356721],
            [-95.333318000060885, 29.715680000389096],
            [-95.333661000192564, 29.716669000127037],
            [-95.334130999647527, 29.717972000131908],
            [-95.336719999991914, 29.72578600030041],
            [-95.336923000381503, 29.726388999825545],
            [-95.337165000230826, 29.727151000066069],
            [-95.337217999934296, 29.727328000110685],
            [-95.337272000360954, 29.727563999684509],
            [-95.337409999554893, 29.728124000312643],
            [-95.337453999935846, 29.728303999627894],
            [-95.337484000073061, 29.728427000235396],
            [-95.337523000431133, 29.728584999893972],
            [-95.337632000211073, 29.728810999772897],
            [-95.337854999793819, 29.72951200000767],
            [-95.337949000403469, 29.729808000041526],
            [-95.338365000330072, 29.731042999823007],
            [-95.33889900025747, 29.732643999940542],
            [-95.33940399987253, 29.734041999623699],
            [-95.340212000334617, 29.736456999771605],
            [-95.340224999855096, 29.736425000160128],
            [-95.340496000016756, 29.735743999767141],
            [-95.341363999854977, 29.736015000334213],
            [-95.341838000406227, 29.736157999883545],
            [-95.341983000171183, 29.736191000350633],
            [-95.342127999936139, 29.736198000282851],
            [-95.342404000120638, 29.736193000331291],
            [-95.342541000387996, 29.736224000026805],
            [-95.34337700043919, 29.736487000178172],
            [-95.344174000132298, 29.736727999972349],
            [-95.343892000099984, 29.737391000315228],
            [-95.343427999594482, 29.738544999936813],
            [-95.343174999874506, 29.739224000111705],
            [-95.342845999986537, 29.740039000171848],
            [-95.342793000283081, 29.740169000085761],
            [-95.342506000227914, 29.740897999708899],
            [-95.342449000326496, 29.741033999721839],
            [-95.342686999977857, 29.741109000028576],
            [-95.34206600001184, 29.741893000095821],
            [-95.341733999750829, 29.742312000216103],
            [-95.34126000009789, 29.742895000214641],
            [-95.340879000331384, 29.743375999707133],
            [-95.340393999909494, 29.743973000098819],
            [-95.339919000431664, 29.744580999810076],
            [-95.33971699986698, 29.744833000159392],
            [-95.339461999598853, 29.745163999875647],
            [-95.338977000075275, 29.745793000293386],
            [-95.338375000375834, 29.746547999775093],
            [-95.337854999793819, 29.747204999868082],
            [-95.337540000149559, 29.747604999637204],
            [-95.337079999842032, 29.748196999673588],
            [-95.336601999991146, 29.748787000384421],
            [-95.336003999591341, 29.74953299966209],
            [-95.334960999850935, 29.750857000095696],
            [-95.33443899961911, 29.75152099966915],
            [-95.334183000424389, 29.751845000302687],
            [-95.333938000201996, 29.752160999680687],
            [-95.333487999940203, 29.752741999691395],
            [-95.333040000226546, 29.753333999807623],
            [-95.332574999896138, 29.753940000054399],
            [-95.332427999583047, 29.7541199998312],
            [-95.33177800020303, 29.754948000255926],
            [-95.331657999654112, 29.755099000075369],
            [-95.331397000436496, 29.75542399986006],
            [-95.331122000076917, 29.755773999709437],
            [-95.330997000403428, 29.755944999612471],
            [-95.330635999830093, 29.75641399986041],
            [-95.330588999974438, 29.756484999648436],
            [-95.330205999659782, 29.756996999739336],
            [-95.330108999575387, 29.75712700028123],
            [-95.330794000013853, 29.757506999998544],
            [-95.330250999865626, 29.758226999615971],
            [-95.32983599976393, 29.758739999930803],
            [-95.329090999949358, 29.759589999734018],
            [-95.329039999895727, 29.759647999659641],
            [-95.328981000344498, 29.759716000228902],
            [-95.328866999643353, 29.759837999987685],
            [-95.32773900041245, 29.759846000362973],
            [-95.32621100025014, 29.759924999648234],
            [-95.325721999630275, 29.759898999811369],
            [-95.32548800017689, 29.759827000347936],
            [-95.325180000205307, 29.759646999903207],
            [-95.325108000235275, 29.759582999875153],
            [-95.32457500013281, 29.759105999986737],
            [-95.323660000438906, 29.757906000217595],
            [-95.322975999825388, 29.75733099996383],
            [-95.322467999837272, 29.757091000340019],
            [-95.321754999809741, 29.756884999821104],
            [-95.321329999662311, 29.756763000366544],
            [-95.320517000075668, 29.756408000348348],
            [-95.320133999761026, 29.756172000018189],
            [-95.320045999897488, 29.756118000366818],
            [-95.320038000399862, 29.756130000205204],
            [-95.319886999888809, 29.75635899977031],
            [-95.319333999694862, 29.757196999783332],
            [-95.318953999753262, 29.75767000029558],
            [-95.318101999808562, 29.759056999948097],
            [-95.317304000290534, 29.760468999846662],
            [-95.316633000095791, 29.761642000216263],
            [-95.315479999852215, 29.763627000293624],
            [-95.315482000400351, 29.764639000140786],
            [-95.315479999852215, 29.764678000388045],
            [-95.314053999797167, 29.764232000193566],
            [-95.313664999634724, 29.764377000245588],
            [-95.31335300036352, 29.764503999887463],
            [-95.312946999584341, 29.764814000111734],
            [-95.312749000115943, 29.764987000370819],
            [-95.312523000160127, 29.765335999871503],
            [-95.312523000160127, 29.765504999657587],
            [-95.312519999787085, 29.767377000052928],
            [-95.312498999870684, 29.769230999645728],
            [-95.312477999954282, 29.771002999681411],
            [-95.31255099974922, 29.772883000370946],
            [-95.312519999787085, 29.774020000324388],
            [-95.31248800000003, 29.774169999860568],
            [-95.312433999573358, 29.774419999887819],
            [-95.312508999916417, 29.775095000352849],
            [-95.312492000197977, 29.776507000325175],
            [-95.312560999794954, 29.778339000220097],
            [-95.312503000068631, 29.780153999948567],
            [-95.312508999916417, 29.781967999988765],
            [-95.312508999916417, 29.783783999718196],
            [-95.312498999870684, 29.785595000204385],
            [-95.312405000159345, 29.786470000252308],
            [-95.312150999716138, 29.787043999821616],
            [-95.311903000019015, 29.787419999618734],
            [-95.311607999567912, 29.787425000133137],
            [-95.311159999854254, 29.787425000133137],
            [-95.310459000420607, 29.787423999874378],
            [-95.309953999907236, 29.787441999853367],
            [-95.309436999698278, 29.787435999860747],
            [-95.308917000014603, 29.78744700036674],
            [-95.308397000330928, 29.787449000104214],
            [-95.307362000088119, 29.787458000091934],
            [-95.306029999744382, 29.787474999806502],
            [-95.305888000352482, 29.787483999791881],
            [-95.305253000142756, 29.787488000044956],
            [-95.303197999725768, 29.787506000012456],
            [-95.301150999704674, 29.787529999964107],
            [-95.299065000223862, 29.787543999673357],
            [-95.298028000331243, 29.787558000160292],
            [-95.296557999895256, 29.787567000138154],
            [-95.294967999808662, 29.787574999857938],
            [-95.293381000095138, 29.787589000340535],
            [-95.29176400024437, 29.787623999979186],
            [-95.2916040004108, 29.787652000149137],
            [-95.291381999754634, 29.787692999743332],
            [-95.290861000246039, 29.787759000252841],
            [-95.288375999658712, 29.788206999867828],
            [-95.288271000076733, 29.78450200013004],
            [-95.288246999787305, 29.783657999870567],
            [-95.28821500000025, 29.781617999649036],
            [-95.288213000350424, 29.780827000096807],
            [-95.287732000126482, 29.781475999781623],
            [-95.287261999773207, 29.781724999965199],
            [-95.286569999662078, 29.781768000278603],
            [-95.284048000163168, 29.781887999840794],
            [-95.284083000323264, 29.780986000141976],
            [-95.284079000125303, 29.78029400025126],
            [-95.284074999927341, 29.779597000130416],
            [-95.284050999637898, 29.778928000106692],
            [-95.284043999965206, 29.778410999633607],
            [-95.284035999569284, 29.778114999634511],
            [-95.284031000444713, 29.777942000217685],
            [-95.284022000223899, 29.77761100038332],
            [-95.284014999652882, 29.776877999670649],
            [-95.283982000040922, 29.775342999651144],
            [-95.283953999553518, 29.774578999970338],
            [-95.283956000101654, 29.774281000339556],
            [-95.283951000078773, 29.774111999765051],
            [-95.283910000070904, 29.77218000000159],
            [-95.283842000298833, 29.769130000325383],
            [-95.283807000138736, 29.768217000057],
            [-95.2838049995906, 29.767926999941949],
            [-95.28095000000576, 29.768007999999394],
            [-95.279968000364718, 29.768034999744128],
            [-95.279699999677788, 29.767986000173181],
            [-95.279457999828466, 29.767927999615758],
            [-95.279211999781168, 29.767828999890749],
            [-95.279004000267022, 29.767742999750912],
            [-95.278831999839554, 29.767616999993024],
            [-95.278692000097479, 29.767478000360974],
            [-95.278572000446886, 29.76732699970059],
            [-95.278473999639289, 29.767182999700545],
            [-95.278389000148778, 29.766992000361281],
            [-95.278318999828585, 29.766820000130288],
            [-95.278283999668474, 29.76666900003762],
            [-95.278256000079395, 29.766389999820266],
            [-95.278256999904301, 29.766077999629559],
            [-95.278276999995796, 29.762687000161808],
            [-95.278276999995796, 29.761204000031267],
            [-95.278260000277342, 29.761044000031028],
            [-95.278210999873536, 29.76057300012172],
            [-95.278552000355404, 29.760144999797458],
            [-95.278788000356954, 29.759869999925385],
            [-95.279397999553993, 29.759116999705686],
            [-95.279409000322971, 29.755673999877203],
            [-95.279458999653372, 29.755473999913345],
            [-95.279707000248791, 29.755157000260592],
            [-95.280129000023194, 29.754966999636274],
            [-95.280852000096459, 29.754802999817553],
            [-95.281158000418216, 29.754369999981396],
            [-95.281233999687885, 29.754128999694576],
            [-95.281293000137424, 29.753602999997447],
            [-95.281125999732865, 29.752917999985755],
            [-95.281103999991544, 29.752206999699634],
            [-95.281103999991544, 29.751428999760513],
            [-95.281082000250237, 29.748995000113826],
            [-95.281119000060144, 29.748559999632239],
            [-95.280302000275569, 29.74799100037373],
            [-95.279109999673921, 29.747208000289554],
            [-95.273931999883473, 29.743809000232936],
            [-95.272945000219551, 29.743159999873409],
            [-95.272664000012156, 29.742978000071258],
            [-95.272565000277964, 29.742911999692804],
            [-95.272473000216451, 29.742853000298595],
            [-95.270081000413867, 29.741285999625347],
            [-95.269919000032161, 29.741179999736922],
            [-95.269734000084256, 29.74106099971393],
            [-95.26900599998811, 29.740591000228889],
            [-95.268196999701104, 29.740091000001627],
            [-95.267378000266675, 29.73952999991927],
            [-95.266866000080597, 29.739198000365398],
            [-95.266507000055412, 29.738960000154517],
            [-95.265630999821255, 29.73837799986832],
            [-95.26542499995692, 29.738245000063269],
            [-95.26517300006185, 29.738082000161398],
            [-95.264740000416822, 29.737801999950808],
            [-95.264439999942852, 29.737624999665144],
            [-95.263519000401175, 29.737058999920748],
            [-95.263064999941406, 29.736764000205856],
            [-95.261019999570166, 29.73538600020682],
            [-95.2577830003939, 29.733205000315877],
            [-95.256968000259107, 29.732670999851109],
            [-95.256641000020963, 29.732463999831065],
            [-95.256675000356154, 29.732136999663989],
            [-95.256637999647921, 29.732114999764729],
            [-95.256134999682672, 29.731814000127127],
            [-95.253997000323309, 29.73044499964309],
            [-95.254026999562242, 29.730379999646114],
            [-95.253778000040214, 29.730372000039633],
            [-95.253776000390388, 29.731243000157409],
            [-95.253584999696358, 29.731987999649434],
            [-95.253605999612745, 29.73275499961299],
            [-95.253600999589878, 29.733142999829287],
            [-95.253595999567011, 29.733439000070792],
            [-95.25362200040459, 29.734119999731867],
            [-95.253639999947936, 29.734805000246876],
            [-95.253664000237379, 29.735492999976131],
            [-95.253676999757872, 29.73618700038914],
            [-95.253700000222395, 29.736878999933456],
            [-95.253707999720007, 29.737562000373867],
            [-95.253723999613513, 29.738249999912529],
            [-95.253705000245262, 29.738955000340646],
            [-95.25376499962141, 29.739618000002057],
            [-95.253782000238161, 29.740319000377031],
            [-95.253803999979468, 29.740992999748791],
            [-95.253823000246044, 29.741692000001265],
            [-95.253850000010232, 29.742377000280808],
            [-95.253906999911635, 29.744440000387549],
            [-95.253943999721542, 29.746188999893757],
            [-95.253990999577226, 29.746188000003077],
            [-95.25395100029256, 29.746477999855717],
            [-95.254072999592992, 29.749940000034652],
            [-95.254303999571661, 29.757496000102925],
            [-95.254290000226277, 29.757556000015263],
            [-95.254290000226277, 29.757595999676859],
            [-95.253798000131681, 29.757602999674521],
            [-95.25314899967826, 29.757605000007967],
            [-95.251624999713911, 29.75760899989492],
            [-95.251706999729691, 29.759697000189156],
            [-95.251715999950505, 29.75991900034634],
            [-95.251844999821941, 29.759949999724984],
            [-95.251943999556147, 29.759948000218138],
            [-95.253244000112815, 29.75991700005909],
            [-95.255864000419336, 29.759891000220165],
            [-95.255882999787602, 29.760496000063377],
            [-95.255902999879083, 29.76082299977146],
            [-95.255963000153542, 29.763756000317098],
            [-95.255978000222157, 29.764140999967744],
            [-95.256015000032065, 29.765786999865515],
            [-95.256068999560441, 29.767713999795934],
            [-95.256068999560441, 29.767924999814568],
            [-95.256056000039962, 29.768179000078959],
            [-95.255801999596756, 29.768138000291717],
            [-95.252263000296693, 29.767605999647689],
            [-95.251843000172116, 29.767551000242261],
            [-95.251129000319679, 29.767474000088182],
            [-95.251151000061, 29.768077999697912],
            [-95.251161999931639, 29.76938300021439],
            [-95.251197000091736, 29.770912000147906],
            [-95.25121299998527, 29.771963000228599],
            [-95.251263000213982, 29.773325999837219],
            [-95.251896999700477, 29.773354000107258],
            [-95.25269400029191, 29.773428000003559],
            [-95.254101999905302, 29.77364800013099],
            [-95.254496999915517, 29.773717999786623],
            [-95.254851999742755, 29.773756999618104],
            [-95.255251999775837, 29.77378800017307],
            [-95.255758999939033, 29.773784000152343],
            [-95.25583000008416, 29.773778999736294],
            [-95.256108999743418, 29.773760000024375],
            [-95.256600999837985, 29.773703999703439],
            [-95.258020000220355, 29.773517999972288],
            [-95.259123000235235, 29.773364999821357],
            [-95.25896400022657, 29.768634999643741],
            [-95.259312000381115, 29.768685000122943],
            [-95.259399000419748, 29.768697000015923],
            [-95.259888000141288, 29.768767999678122],
            [-95.264143999666842, 29.769429999784375],
            [-95.264819000059532, 29.769513999939676],
            [-95.265142999924635, 29.769566000074825],
            [-95.265407000413589, 29.769607999714431],
            [-95.265388999971918, 29.769691000064302],
            [-95.265178999909637, 29.77062499975807],
            [-95.264311000071416, 29.774626000221012],
            [-95.264188999872673, 29.775185999984355],
            [-95.264125000298577, 29.775491000348257],
            [-95.264116000077735, 29.775532999842447],
            [-95.264106000032001, 29.775581999619927],
            [-95.264076999719691, 29.775720999701569],
            [-95.264046999582462, 29.775862000339],
            [-95.264034999886888, 29.775916000265095],
            [-95.263731999938187, 29.777352999989144],
            [-95.263548999640079, 29.778223000146472],
            [-95.263485000065984, 29.778612000158812],
            [-95.263455999753674, 29.77900199978254],
            [-95.263419999768658, 29.779593999899014],
            [-95.263459999951621, 29.780200000370389],
            [-95.263537999769426, 29.780686000213244],
            [-95.263664000166145, 29.78118000026695],
            [-95.26378700018978, 29.78152299991379],
            [-95.263859000159798, 29.781731000300123],
            [-95.264060999826157, 29.782309999744694],
            [-95.264696999860789, 29.783931000119704],
            [-95.264892999679375, 29.784387999978552],
            [-95.264947000106048, 29.784518000058821],
            [-95.265582000315774, 29.786006999684645],
            [-95.266101999999464, 29.787359999662858],
            [-95.266564999781735, 29.788565999667767],
            [-95.266953000119244, 29.789470000151212],
            [-95.267219000258009, 29.790155999931347],
            [-95.267635000184626, 29.79101399997726],
            [-95.267906000346287, 29.791571999635991],
            [-95.267954000026862, 29.791671000055249],
            [-95.268019000324188, 29.791806000327352],
            [-95.268410000136441, 29.79261199964677],
            [-95.268682000123007, 29.793184999651693],
            [-95.269334999876079, 29.794557999897012],
            [-95.269543000288536, 29.794853000205091],
            [-95.270242000072358, 29.795794000278224],
            [-95.270661000372016, 29.796163000303039],
            [-95.27165499970863, 29.796865999875923],
            [-95.271935000091091, 29.797041999817612],
            [-95.27203100035058, 29.797103000367379],
            [-95.275184999686147, 29.799157000339484],
            [-95.277343999860221, 29.800602000310413],
            [-95.279149999856884, 29.801798000162538],
            [-95.279585000050062, 29.802095999727996],
            [-95.27994200042545, 29.802340999621361],
            [-95.279995000128892, 29.80237600033669],
            [-95.280139999893848, 29.802472999983369],
            [-95.27989499967147, 29.802579999830058],
            [-95.269703999947012, 29.807045999753178],
            [-95.267557000366821, 29.808168999894775],
            [-95.267195999793486, 29.808348000365989],
            [-95.266548999888201, 29.808688000295987],
            [-95.266107000022316, 29.808902999872974],
            [-95.262002999934424, 29.810752000382173],
            [-95.261613999771996, 29.810915999769016],
            [-95.258060000403333, 29.812425000372759],
            [-95.249923000372647, 29.815881000128915],
            [-95.244635999903949, 29.818168000155882],
            [-95.243855000104347, 29.818481000050468],
            [-95.240675999756093, 29.819753000233138],
            [-95.240674999931187, 29.819716000271949],
            [-95.240640999595996, 29.819572000039848],
            [-95.239612000099285, 29.820044999699071],
            [-95.238979000437709, 29.820328999653274],
            [-95.236251000176139, 29.821445999963302],
            [-95.235790999868613, 29.821662999997468],
            [-95.235360999698315, 29.821866999894539],
            [-95.234467999745718, 29.822237000280555],
            [-95.234015999834114, 29.822409000364388],
            [-95.232451999686788, 29.823138999855026],
            [-95.23220599963949, 29.823240000007406],
            [-95.229859999867656, 29.824212999959027],
            [-95.229749000437891, 29.824259000387823],
            [-95.22990300042369, 29.824513000307544],
            [-95.229925000164997, 29.824559999706441],
            [-95.230285999840007, 29.825342999722956],
            [-95.230363999657811, 29.825758000352771],
            [-95.230382999924402, 29.825855999793649],
            [-95.230416000434658, 29.826838000336291],
            [-95.230444999848686, 29.827684999820548],
            [-95.230560000374723, 29.828320000020483],
            [-95.23089799958521, 29.82889000010141],
            [-95.231603000115129, 29.829812000234313],
            [-95.231809999804369, 29.829963000133386],
            [-95.231787000238143, 29.830315999936111],
            [-95.230474999985901, 29.832096000024968],
            [-95.230257000426022, 29.83263400034221],
            [-95.230266999573445, 29.832884000019458],
            [-95.23023599961131, 29.833156000160912],
            [-95.23013900042524, 29.834001000274402],
            [-95.230198999801388, 29.834208999865591],
            [-95.230432000328207, 29.834624000299826],
            [-95.230587000138897, 29.834737000299729],
            [-95.230668000329743, 29.834813000344987],
            [-95.230747999797387, 29.834919000086014],
            [-95.230870999821036, 29.835083000345879],
            [-95.23111699986832, 29.835362999749204],
            [-95.232044999980999, 29.836132999906177],
            [-95.232799000016428, 29.836722000059925],
            [-95.232845999872069, 29.836758999958931],
            [-95.233444000271888, 29.837310000097798],
            [-95.233924999597505, 29.837754000043432],
            [-95.234177000390901, 29.838089000159869],
            [-95.234070000260772, 29.83877700023012],
            [-95.23384400030497, 29.839112000032646],
            [-95.233680000273438, 29.839265999902114],
            [-95.23349699997533, 29.839376000108814],
            [-95.233295000308956, 29.839469999707802],
            [-95.23315100036892, 29.839510000140258],
            [-95.233116000208838, 29.839513000133135],
            [-95.232633000335071, 29.839546999785824],
            [-95.232430999770386, 29.839590999915117],
            [-95.232272999586641, 29.839696000304716],
            [-95.231870000078814, 29.839938000025263],
            [-95.231788000063062, 29.840037000096135],
            [-95.231618000183744, 29.840316999639384],
            [-95.231578999825686, 29.840456000167499],
            [-95.231454000152226, 29.840906000057004],
            [-95.231437000433772, 29.841015000293176],
            [-95.231429000037863, 29.841071000339682],
            [-95.231423000190091, 29.841256999934782],
            [-95.231466999672691, 29.841400000368246],
            [-95.231530000320205, 29.841537999671566],
            [-95.231587000221609, 29.841630999856772],
            [-95.231819999850103, 29.841934000035472],
            [-95.231884000322538, 29.84212600018985],
            [-95.231902999690789, 29.842384000278642],
            [-95.231833000268892, 29.842598999843478],
            [-95.231613000160877, 29.842884999779585],
            [-95.23148000009148, 29.843039000065222],
            [-95.23141800016721, 29.843086000100012],
            [-95.231328999580427, 29.843154000078066],
            [-95.231189999663272, 29.843274999718329],
            [-95.231095999951918, 29.843330000356325],
            [-95.230906999806024, 29.8433909999377],
            [-95.230666999606541, 29.843489999702641],
            [-95.230541000108147, 29.843573000319321],
            [-95.230373999703559, 29.843771999864693],
            [-95.23025099967991, 29.843919000147313],
            [-95.230137999702009, 29.844034999618639],
            [-95.230043000165765, 29.844101000345887],
            [-95.229859999867656, 29.844177999970441],
            [-95.229701999683925, 29.844188999689347],
            [-95.229469000055417, 29.844155999749841],
            [-95.229279999909537, 29.844160999764973],
            [-95.229121999725777, 29.844172000264962],
            [-95.228996000227397, 29.844193999702842],
            [-95.228889000097269, 29.844238999812976],
            [-95.228775000294476, 29.844371000175066],
            [-95.228592999821259, 29.844700000241275],
            [-95.228573999554683, 29.84482100034591],
            [-95.228573999554683, 29.844959000376377],
            [-95.22861200008785, 29.845217000159046],
            [-95.228592999821259, 29.845354999642332],
            [-95.228567999706911, 29.845465000155293],
            [-95.228516999653294, 29.845608000017773],
            [-95.228467000322894, 29.845701000308793],
            [-95.228391000154915, 29.845795000188165],
            [-95.228354000344979, 29.846389000148299],
            [-95.22837299971323, 29.846422000129042],
            [-95.228403999675379, 29.846691000250114],
            [-95.228487000414376, 29.847081000129357],
            [-95.228516999653294, 29.847191000299354],
            [-95.228510999805493, 29.847306999865719],
            [-95.228503000307896, 29.847398999694651],
            [-95.228474999820506, 29.847466000194249],
            [-95.228528000422244, 29.848377999907306],
            [-95.228550000163565, 29.848554999975686],
            [-95.228537999569681, 29.848621000052905],
            [-95.22839299980474, 29.849457000371721],
            [-95.228406000223515, 29.849578000166037],
            [-95.228449999706143, 29.849687999922651],
            [-95.228484999866239, 29.849877999925081],
            [-95.22850099975976, 29.84996200031938],
            [-95.22850099975976, 29.850071999652929],
            [-95.228474999820506, 29.850259000033834],
            [-95.228468999972705, 29.850418999965019],
            [-95.228449999706143, 29.850544999847198],
            [-95.228304999941187, 29.850863999691455],
            [-95.228285999674611, 29.850946999632814],
            [-95.228299000093386, 29.851051000147155],
            [-95.228336999728228, 29.851160999839127],
            [-95.228426000314997, 29.851815000095254],
            [-95.228407000048435, 29.851990999911489],
            [-95.228387999781859, 29.852299000206692],
            [-95.228344000299245, 29.852568999683921],
            [-95.228331999705361, 29.85259599998108],
            [-95.228294000070534, 29.85267900004073],
            [-95.228243000016903, 29.852744999729172],
            [-95.228256000435707, 29.852811000153043],
            [-95.228331999705361, 29.852888000073047],
            [-95.228413999721127, 29.852937000132883],
            [-95.228479000018467, 29.852994000108591],
            [-95.228526999699042, 29.853102000014378],
            [-95.228520999851256, 29.853283000236448],
            [-95.228499000109949, 29.853396000161386],
            [-95.228477000368642, 29.853508999958432],
            [-95.228477000368642, 29.853541999923245],
            [-95.228534000270031, 29.853707000363016],
            [-95.228534000270031, 29.85417399981295],
            [-95.228552999638282, 29.85424000007119],
            [-95.228496999561798, 29.85527399971842],
            [-95.228496999561798, 29.855432999824643],
            [-95.228333000428592, 29.856032999870159],
            [-95.228340000101284, 29.856411999945177],
            [-95.228397000002701, 29.856873999827389],
            [-95.228468999972705, 29.857014999805671],
            [-95.22856699988202, 29.857208999687828],
            [-95.228787999814941, 29.857418000363786],
            [-95.228996000227397, 29.857538999857997],
            [-95.229406000306227, 29.857730999610787],
            [-95.230290000037996, 29.858074000023031],
            [-95.230635999644406, 29.858209000223166],
            [-95.231020999608845, 29.858384999673216],
            [-95.231381000357288, 29.858759000103397],
            [-95.231627000404572, 29.859199000006729],
            [-95.231684000305975, 29.859560999825561],
            [-95.231684000305975, 29.859753999898217],
            [-95.231450999779156, 29.860220999882085],
            [-95.231048000271358, 29.860809999746685],
            [-95.230902999608077, 29.860909000157786],
            [-95.230720000208308, 29.860969000382749],
            [-95.230550000328989, 29.860997000267623],
            [-95.230468000313223, 29.861067999857053],
            [-95.230429999780071, 29.861150999883613],
            [-95.230411000411806, 29.861277000242548],
            [-95.230417000259578, 29.8614260002762],
            [-95.230525000214627, 29.861771999778565],
            [-95.230669999979568, 29.862118999929983],
            [-95.231035999677474, 29.862629999857809],
            [-95.23155999955911, 29.863409999760528],
            [-95.231610999612741, 29.863504000104246],
            [-95.231838000291773, 29.863856000273064],
            [-95.232602000372921, 29.864906000323039],
            [-95.233486000104676, 29.866053999958979],
            [-95.233681000098343, 29.866439000076106],
            [-95.233953000084924, 29.866658999698579],
            [-95.234261999881383, 29.866868000059153],
            [-95.234609000211037, 29.866994000210397],
            [-95.235158000207022, 29.867247000274599],
            [-95.23546700000351, 29.867565999712127],
            [-95.235569000110758, 29.868015999711947],
            [-95.235574999958544, 29.868406999855512],
            [-95.235588000377334, 29.86845600008618],
            [-95.235651000126524, 29.868560999720515],
            [-95.235701000355263, 29.86861599967035],
            [-95.235852999792883, 29.868730999821551],
            [-95.236211999818096, 29.868873999851786],
            [-95.236432999751031, 29.868973000052208],
            [-95.236653999683952, 29.869098999881999],
            [-95.236893999883492, 29.86934600031071],
            [-95.237303999962293, 29.869902000066201],
            [-95.237620000329798, 29.870600000303963],
            [-95.237638999698063, 29.870615999696401],
            [-95.237885999570253, 29.871133000153378],
            [-95.238295999649097, 29.872254000158282],
            [-95.238334000182249, 29.872595000133284],
            [-95.238407999802078, 29.873307000384639],
            [-95.238648999826495, 29.874183000136291],
            [-95.238648999826495, 29.874479000049121],
            [-95.23839699993141, 29.876473000044754],
            [-95.238272000257965, 29.876814999760175],
            [-95.238278999930657, 29.877498000209918],
            [-95.238217000006372, 29.877670000149255],
            [-95.237909999859724, 29.878096999866639],
            [-95.237661000337681, 29.878285000050901],
            [-95.23718500013662, 29.878398999832555],
            [-95.236815000240767, 29.878419000040513],
            [-95.23669399986693, 29.878445000226883],
            [-95.236472999934008, 29.878490999821011],
            [-95.236334999841731, 29.878520999714262],
            [-95.236079999573619, 29.878638999725897],
            [-95.23589299997586, 29.878827999790385],
            [-95.235877000082354, 29.879042000185198],
            [-95.235993000433297, 29.879309000168469],
            [-95.236498000048371, 29.87979099989775],
            [-95.236578000414312, 29.879868000029781],
            [-95.236696000415066, 29.880057000101722],
            [-95.237023999579833, 29.881061000264285],
            [-95.237030000325916, 29.881454000094841],
            [-95.236770000034923, 29.881775000240101],
            [-95.236643999638218, 29.882039999734193],
            [-95.236545999728932, 29.882644999878426],
            [-95.236753000316483, 29.883095999693637],
            [-95.236806999844845, 29.883212999664764],
            [-95.236830000309368, 29.883301000351423],
            [-95.236897000256519, 29.883562000161064],
            [-95.23690300010432, 29.883848999622582],
            [-95.236850000400864, 29.884009000217585],
            [-95.236708999935558, 29.884441000385625],
            [-95.236653999683952, 29.884607999707324],
            [-95.236534999858279, 29.884777999718317],
            [-95.235114999651017, 29.88681899986997],
            [-95.235019000289867, 29.887205000097694],
            [-95.235060000297736, 29.887484999723167],
            [-95.235107999978311, 29.887585000177619],
            [-95.235318000040593, 29.887772000353287],
            [-95.23584699994511, 29.88827400023969],
            [-95.236609000376447, 29.889121000349157],
            [-95.236806000019925, 29.889267000016016],
            [-95.236828999586152, 29.889284000326075],
            [-95.237504999803761, 29.889623999687657],
            [-95.237923000278499, 29.890157999899074],
            [-95.238207999785544, 29.890831000049197],
            [-95.238226000227201, 29.891189000349076],
            [-95.23810099965543, 29.891787000318654],
            [-95.23816400030293, 29.892027999908123],
            [-95.238174000348678, 29.892065000333176],
            [-95.238457000205898, 29.892271999658217],
            [-95.238899000071754, 29.892465000304618],
            [-95.239970000299579, 29.892504999746198],
            [-95.240204999577912, 29.892645000001728],
            [-95.240334000347644, 29.893019999689532],
            [-95.240313000431257, 29.89384299985441],
            [-95.240201000278276, 29.894335999832517],
            [-95.240074999881557, 29.894641000346581],
            [-95.239745000168682, 29.894951999695213],
            [-95.238945000102504, 29.895524000052387],
            [-95.238724999994488, 29.895867999742801],
            [-95.238704999903007, 29.896009999848321],
            [-95.239079999821726, 29.897294999824041],
            [-95.239342999587464, 29.897697999632904],
            [-95.23970699963553, 29.897989000172384],
            [-95.240684999976921, 29.898639999731309],
            [-95.240766000167767, 29.89869400030042],
            [-95.240972000032102, 29.898919000020378],
            [-95.241068000291563, 29.899115999932533],
            [-95.241044000002134, 29.899724999668731],
            [-95.24101600041304, 29.899960000065256],
            [-95.240736000030552, 29.902331999880914],
            [-95.240525999968284, 29.902877000007937],
            [-95.2402740000732, 29.903287999623583],
            [-95.237176999740697, 29.906015000063793],
            [-95.237104999770679, 29.906078999804677],
            [-95.236940999739133, 29.906283999914606],
            [-95.236878999814863, 29.906492999763376],
            [-95.236891000408733, 29.90703100005048],
            [-95.236960999830643, 29.907151000253698],
            [-95.237021999929993, 29.907255999631577],
            [-95.237300999589252, 29.907520000070264],
            [-95.238174000348678, 29.90805999992093],
            [-95.23852599980286, 29.908457000060686],
            [-95.239626000342994, 29.910540999800464],
            [-95.239797000047218, 29.910785999961018],
            [-95.240227000217516, 29.911124000334315],
            [-95.24131699981362, 29.911769000183373],
            [-95.24183400002255, 29.912124999652214],
            [-95.242659000203062, 29.9129209997663],
            [-95.243184999734524, 29.913692999743006],
            [-95.243446999675356, 29.91425800002715],
            [-95.243707999791269, 29.91549199982612],
            [-95.244060000143762, 29.919868000061431],
            [-95.244235000045961, 29.920458999691807],
            [-95.244568000131878, 29.921074999972582],
            [-95.244685000307754, 29.921193000208181],
            [-95.245329999664904, 29.921798999808324],
            [-95.24575800018539, 29.922077000163675],
            [-95.24630999965612, 29.922319999818793],
            [-95.249244999606901, 29.922898999624767],
            [-95.250520000049221, 29.922961999735303],
            [-95.251004999572814, 29.92288000023855],
            [-95.251387999887456, 29.922751000048478],
            [-95.252606000428358, 29.922022999813727],
            [-95.253193000059184, 29.921580000104854],
            [-95.254265000111914, 29.92088700031119],
            [-95.254809000085046, 29.920537000029078],
            [-95.257704999677784, 29.918487000028911],
            [-95.258313000123309, 29.918056999755287],
            [-95.259325999726499, 29.91743699976735],
            [-95.260079999761913, 29.917204000367516],
            [-95.260143000409414, 29.917184999894481],
            [-95.261757999712046, 29.916906999894284],
            [-95.26274899957393, 29.916673000289553],
            [-95.264015999620327, 29.916085999762924],
            [-95.264156000260712, 29.916006000331837],
            [-95.265183000107598, 29.915417000254564],
            [-95.265799000050748, 29.915366999989768],
            [-95.266492999811703, 29.915444999644428],
            [-95.268321000447983, 29.915819999946155],
            [-95.268907000253904, 29.915939999682198],
            [-95.272382999804762, 29.916749000214807],
            [-95.272540000163602, 29.916735999668258],
            [-95.272913000432496, 29.916704000112393],
            [-95.273724000369313, 29.916345999611348],
            [-95.274129000425276, 29.916273999924908],
            [-95.276671999840588, 29.916217000298502],
            [-95.277629000265591, 29.916194999614302],
            [-95.277815999863321, 29.916186000324],
            [-95.27800400018431, 29.916178000002528],
            [-95.278647999716554, 29.91614799976448],
            [-95.279922000333968, 29.916215000024113],
            [-95.280494999721085, 29.916180000277603],
            [-95.280775000103574, 29.916119999793668],
            [-95.281026000173739, 29.915995999717126],
            [-95.281680999576622, 29.915501999712806],
            [-95.2821640003487, 29.915231000325964],
            [-95.28542700036256, 29.914294999983557],
            [-95.285783999839623, 29.914056999834493],
            [-95.286225999705493, 29.913581999940256],
            [-95.286379999691277, 29.913415999892109],
            [-95.286656999700725, 29.913345000199818],
            [-95.287194000001151, 29.913338999982233],
            [-95.28725099990254, 29.913349999861822],
            [-95.287366000428605, 29.913370999840801],
            [-95.287436999675393, 29.913384000048069],
            [-95.287968000128046, 29.91365700011519],
            [-95.28861199966029, 29.913896000212709],
            [-95.291387999602406, 29.914454000207844],
            [-95.291527000417901, 29.914490000326186],
            [-95.29158500014421, 29.914504999917458],
            [-95.292176999797931, 29.914662000279517],
            [-95.292905999718968, 29.915065999671565],
            [-95.293292000406666, 29.915389999834407],
            [-95.293443000019408, 29.915557999994046],
            [-95.29486900007447, 29.917139000250533],
            [-95.295293000396995, 29.918148999730981],
            [-95.295509000307064, 29.918518000065596],
            [-95.295601000368578, 29.918636000217408],
            [-95.2956530002471, 29.918473999709239],
            [-95.295735000262866, 29.918196999921495],
            [-95.297204999800528, 29.914428999836751],
            [-95.297790999606462, 29.91301599993405],
            [-95.298208000256295, 29.91187700029667],
            [-95.298409999922654, 29.911874000143687],
            [-95.298677999711259, 29.911870999990665],
            [-95.298887999773555, 29.911848000111945],
            [-95.299199000118165, 29.911843000374599],
            [-95.299933000062083, 29.911841000012338],
            [-95.301021999833253, 29.911822999865301],
            [-95.301573000377388, 29.911830999758035],
            [-95.301688000005115, 29.911826000019825],
            [-95.301672000111594, 29.910706000165568],
            [-95.301660000416021, 29.909562999768799],
            [-95.301652000020113, 29.908569999773903],
            [-95.301666000263808, 29.908444999814847],
            [-95.301986999755869, 29.908444999814847],
            [-95.302192999620189, 29.908436999650139],
            [-95.302293000077611, 29.908447000245236],
            [-95.302707000354403, 29.908444999814847],
            [-95.303021000173757, 29.908433000346257],
            [-95.303027999846449, 29.909549999841428],
            [-95.303176999809367, 29.909545999803537],
            [-95.303334999993098, 29.909540999950625],
            [-95.30409900007426, 29.909544000173899],
            [-95.306151999943125, 29.90952300016659],
            [-95.306309000301965, 29.90953299987402],
            [-95.306782000129985, 29.909516999718743],
            [-95.30822999992634, 29.909498000115082],
            [-95.30900200040341, 29.909485999994658],
            [-95.309246999727492, 29.909494000075092],
            [-95.30934800000982, 29.909499999745638],
            [-95.309613000323679, 29.908358999957517],
            [-95.309869000416725, 29.907306000075181],
            [-95.310076000105965, 29.906457999714956],
            [-95.310367000359093, 29.905367999839054],
            [-95.310589999941868, 29.904229999826374],
            [-95.310702999919769, 29.90376199967832],
            [-95.310801999653961, 29.903468000018393],
            [-95.31098999997495, 29.90292300000938],
            [-95.311063999594793, 29.902591999813293],
            [-95.311302999969385, 29.902651999881023],
            [-95.311439000411838, 29.902684000058152],
            [-95.311583000351874, 29.902717999991687],
            [-95.31174400001035, 29.902755000341386],
            [-95.311825000201196, 29.902550999863028],
            [-95.312240000302907, 29.90163499972773],
            [-95.312709999757871, 29.900670999689048],
            [-95.312887000208207, 29.900287999937206],
            [-95.313055000437686, 29.899971999775694],
            [-95.313390000173442, 29.899310999620173],
            [-95.313861000351636, 29.898461999811417],
            [-95.314473000096811, 29.89741400013623],
            [-95.314902000442203, 29.896647999821965],
            [-95.316715000111557, 29.893527000282575],
            [-95.316756000119454, 29.893458000385706],
            [-95.317099000251119, 29.892902000342747],
            [-95.317515000177721, 29.892180999913801],
            [-95.318039000059372, 29.891290000201149],
            [-95.318245999748598, 29.89095700030138],
            [-95.318055999777798, 29.890965000312008],
            [-95.31784200041588, 29.890974000323226],
            [-95.317695000102773, 29.890978000327937],
            [-95.317470999796797, 29.890969000317074],
            [-95.31696299980868, 29.890974000323226],
            [-95.316047000289885, 29.891026000371994],
            [-95.315509999989459, 29.891057000388184],
            [-95.315459999760733, 29.891056000387774],
            [-95.313992999697788, 29.891073999614079],
            [-95.313231000164777, 29.89108199961537],
            [-95.312681000343872, 29.891097999615905],
            [-95.311451000107382, 29.891115999613483],
            [-95.311268999634208, 29.891124999610998],
            [-95.311077999838488, 29.891118999612768],
            [-95.310722000186345, 29.891131000387777],
            [-95.309712999882805, 29.891145000381535],
            [-95.309178999955421, 29.891152000377684],
            [-95.307280000072339, 29.89117800035902],
            [-95.306776000282184, 29.891183000354637],
            [-95.306589999611049, 29.891185000352838],
            [-95.307827000418527, 29.888316999888996],
            [-95.308123999621131, 29.88750899981018],
            [-95.308307999744144, 29.886981999716674],
            [-95.30904900025908, 29.885074000117793],
            [-95.311226999801406, 29.879604000331131],
            [-95.311651999948836, 29.878600000298587],
            [-95.311988000407823, 29.877793000277165],
            [-95.312284999610426, 29.877056999852424],
            [-95.312651000206628, 29.876171999848825],
            [-95.312940999736554, 29.87547399965354],
            [-95.313186999783852, 29.87488700021537],
            [-95.314008999591323, 29.872769000326969],
            [-95.315037999986345, 29.870313000104364],
            [-95.314765999999779, 29.870310000258062],
            [-95.31486499973397, 29.870065999732891],
            [-95.315998999710985, 29.867250000213012],
            [-95.316196000252802, 29.866668999811516],
            [-95.316510000072157, 29.866665999855638],
            [-95.316775000386031, 29.866092000145866],
            [-95.31806499999864, 29.86290099971816],
            [-95.318562999940994, 29.86165099996289],
            [-95.319424000106551, 29.85953200000035],
            [-95.319880000216116, 29.858411999955361],
            [-95.320351000394311, 29.857234000388146],
            [-95.320931000352459, 29.855771000130257],
            [-95.321337000233314, 29.854759999989305],
            [-95.321403000355559, 29.854596999684677],
            [-95.322052999735575, 29.852990999741646],
            [-95.322499999624327, 29.851819999726874],
            [-95.324016999915969, 29.848094000202863],
            [-95.324817999807038, 29.846119000321107],
            [-95.325695999691035, 29.843922000007698],
            [-95.325887000385052, 29.843457000311343],
            [-95.327140000187725, 29.840411999640089],
            [-95.327555000289436, 29.840421000316208],
            [-95.328016000421883, 29.840410999911196],
            [-95.328284000210488, 29.840427999975766],
            [-95.328478000379263, 29.840445000037434],
            [-95.328630999641803, 29.840467000296353],
            [-95.328905000176519, 29.840513999983116],
            [-95.329166000292432, 29.840567000349395],
            [-95.329399999745831, 29.840616000221985],
            [-95.329911999931909, 29.840707999981401],
            [-95.330142000085687, 29.840750000148265],
            [-95.330255999888493, 29.840765999650635],
            [-95.33049799973783, 29.840795000251838],
            [-95.330753000005956, 29.840812999975938],
            [-95.330871000006738, 29.840824999790165],
            [-95.331415999804761, 29.840832999925293],
            [-95.331897999853624, 29.840815999929603],
            [-95.332916000377978, 29.840793000022614],
            [-95.333244000441042, 29.840778000249749],
            [-95.333426999840839, 29.840769000384949],
            [-95.333647999773774, 29.840759000014771],
            [-95.333846000140497, 29.840750000148265],
            [-95.333970999813971, 29.840744999962364],
            [-95.334605000198778, 29.840713999894977],
            [-95.335892000336656, 29.840670999986699],
            [-95.336365000164676, 29.840654999689892],
            [-95.337012999894881, 29.840644000361021],
            [-95.337003999674039, 29.839358999865194],
            [-95.336978999559676, 29.838432000259481],
            [-95.337838999900313, 29.838417000132058],
            [-95.337831000402701, 29.837348000317824],
            [-95.337816000334087, 29.836135000228783],
            [-95.337814999610842, 29.835823999845747],
            [-95.337782999823816, 29.834530000037049],
            [-95.337771999953162, 29.832964999712118],
            [-95.334943000307575, 29.832986000256671],
            [-95.335088999897451, 29.832298000046276],
            [-95.335223999616645, 29.831659000143809],
            [-95.335103000141146, 29.83165999996028],
            [-95.334871000337557, 29.8316620003724],
            [-95.33465799990222, 29.831664000005233],
            [-95.334821000108832, 29.830941999811138],
            [-95.334837999827272, 29.830871999663803],
            [-95.33495800037619, 29.830361999893626],
            [-95.335134000103281, 29.829502000268356],
            [-95.335204000423488, 29.829212999898978],
            [-95.335027999798072, 29.829213999739878],
            [-95.334672000145929, 29.829211000217089],
            [-95.334548000297374, 29.829739999624113],
            [-95.334390000113629, 29.83041799967776],
            [-95.33413999986837, 29.831686999676364],
            [-95.333863999683842, 29.832987999863004],
            [-95.333035000203679, 29.832990000248586],
            [-95.332066000083117, 29.83299400024033],
            [-95.331488999599713, 29.832986000256671],
            [-95.331341000360013, 29.832960999719202],
            [-95.331157000237013, 29.832923999972099],
            [-95.330963000068223, 29.832871000226206],
            [-95.33156899996564, 29.831355999969041],
            [-95.332023000425394, 29.830214000090272],
            [-95.332425999933221, 29.82921899972364],
            [-95.331784999875708, 29.829230000310535],
            [-95.331635000087886, 29.829231999992043],
            [-95.332491000230547, 29.827136999957371],
            [-95.334309999747674, 29.822707999986882],
            [-95.334539999901438, 29.822078000320396],
            [-95.334809000413273, 29.821560999892856],
            [-95.335033999645859, 29.821129000312851],
            [-95.335300999609558, 29.820529000223548],
            [-95.335499999801172, 29.820081000385564],
            [-95.3354939999534, 29.819890999820135],
            [-95.335563000448687, 29.819890999820135],
            [-95.335652999962065, 29.819884000280513],
            [-95.335755999894218, 29.819876000026714],
            [-95.335837999909998, 29.819875000092392],
            [-95.337605000446899, 29.819871000354887],
            [-95.338763999639937, 29.819869999641142],
            [-95.339540000314969, 29.819844999719194],
            [-95.339603999889079, 29.819835000372173],
            [-95.340577000207603, 29.819811000376443],
            [-95.341644000237437, 29.819823000375013],
            [-95.34209699997399, 29.819835000372173],
            [-95.342486999961338, 29.819857999648207],
            [-95.344419000354677, 29.819831999788455],
            [-95.347742999569576, 29.819816000051244],
            [-95.348067000332989, 29.819804000051885],
            [-95.348346999817167, 29.819794999856498],
            [-95.34925300018854, 29.819769999915799],
            [-95.350623999991996, 29.819729000217716],
            [-95.352082999659018, 29.819739000354748],
            [-95.351541000234036, 29.817734999985881],
            [-95.351419999860212, 29.817140000377712],
            [-95.35117600036105, 29.815813000294391],
            [-95.350484000249921, 29.813161000292975],
            [-95.350458000310667, 29.813022999989844],
            [-95.350347999807482, 29.812625000387264],
            [-95.35029299955589, 29.812409000229597],
            [-95.350247000423451, 29.812216999870962],
            [-95.350208000065408, 29.812015999806849],
            [-95.350162999859549, 29.811826000282228],
            [-95.349780000443232, 29.810300000261588],
            [-95.34871500006318, 29.806066999876375],
            [-95.347906999601094, 29.803275000280948],
            [-95.347857000270693, 29.803100999815911],
            [-95.34848099971147, 29.803232999954506],
            [-95.348925999950396, 29.803304000069236],
            [-95.349500000060743, 29.803329000229354],
            [-95.350264999966797, 29.80331400028993],
            [-95.350505000166308, 29.803308999789913],
            [-95.350471999656051, 29.802924999619965],
            [-95.350464999983345, 29.802622999758082],
            [-95.35045099973965, 29.802505999656908],
            [-95.350437000394265, 29.801764000139951],
            [-95.350412000279889, 29.800919000338141],
            [-95.35038700016554, 29.800060000119675],
            [-95.350372000096925, 29.7991940001125],
            [-95.350335000287004, 29.798363000185329],
            [-95.350307999624505, 29.797508999858682],
            [-95.350281999685237, 29.79664799965181],
            [-95.350268000339852, 29.795807000215593],
            [-95.350255999745983, 29.79520200008076],
            [-95.350260999768835, 29.794968000314231],
            [-95.350243000225504, 29.794112999663099],
            [-95.35023200035485, 29.793628999917665],
            [-95.350209999715219, 29.793497999778932],
            [-95.350197000194754, 29.793453000209453],
            [-95.350095999912398, 29.793516000224727],
            [-95.350009999698685, 29.793556000337578],
            [-95.349930000231041, 29.793578000003084],
            [-95.349832000321769, 29.793587999636774],
            [-95.349414999671936, 29.793594000040244],
            [-95.349142999685355, 29.7936009998608],
            [-95.347929000240725, 29.793631000311208],
            [-95.346792999715575, 29.793647000339895],
            [-95.346038999680189, 29.793664999979292],
            [-95.345895999565045, 29.793671000378158],
            [-95.346000000220414, 29.792996999844327],
            [-95.346027999809522, 29.792149000205377],
            [-95.34599000017468, 29.788568999630286],
            [-95.345954000189678, 29.787011999989335],
            [-95.345933000273263, 29.786536000009004],
            [-95.345910999633659, 29.786224999700089],
            [-95.345883000044566, 29.786023000152593],
            [-95.345699999746458, 29.785220000069994],
            [-95.345366999660527, 29.784246999652687],
            [-95.345143000252861, 29.783510999847913],
            [-95.345267000101416, 29.783510000329635],
            [-95.34583000034111, 29.783504000101274],
            [-95.34710900008308, 29.783470999618704],
            [-95.347197999771538, 29.783468999801755],
            [-95.347351999757336, 29.783470000100046],
            [-95.347416000229728, 29.783468000283072],
            [-95.34761700007121, 29.783463000350618],
            [-95.348686999575804, 29.783434999788646],
            [-95.348722999560792, 29.781487999701319],
            [-95.348795000429135, 29.781485000306287],
            [-95.349120999944049, 29.78147300038621],
            [-95.349012999989014, 29.780505000276332],
            [-95.349012999989014, 29.779523999672598],
            [-95.349740000260255, 29.779521999776811],
            [-95.350141000118256, 29.779514999751353],
            [-95.350541000151324, 29.779514000193192],
            [-95.350542999801164, 29.778370999705952],
            [-95.350947000032193, 29.778368000217526],
            [-95.351352000088141, 29.778364999949304],
            [-95.351350000438316, 29.778097000317558],
            [-95.351342999867327, 29.777423999752894],
            [-95.351333999646485, 29.776524999927933],
            [-95.351332999821565, 29.776297999632604],
            [-95.35133199999666, 29.775530999866955],
            [-95.351321999950926, 29.774903999726352],
            [-95.351316999928045, 29.774531999697604],
            [-95.352141000283652, 29.774531000089699],
            [-95.352953999870309, 29.774531999697604],
            [-95.353770999654898, 29.774519999723942],
            [-95.354461999941108, 29.774379000316024],
            [-95.354581999591716, 29.774377000317404],
            [-95.354779999958438, 29.774323999951175],
            [-95.355257999809325, 29.774141999818678],
            [-95.356016999867606, 29.773879999826868],
            [-95.356810000261078, 29.773601999818197],
            [-95.357534999984168, 29.773315999738838],
            [-95.358288000194676, 29.773016000222942],
            [-95.359063999971397, 29.77272100027751],
            [-95.359862000387722, 29.772411000350061],
            [-95.36030099988055, 29.773352999707868],
            [-95.360730000225971, 29.774275999948316],
            [-95.361181000312669, 29.775193000312438],
            [-95.361225999620189, 29.775279999893851],
            [-95.361613000132792, 29.776100999848879],
            [-95.362429999917396, 29.775807000008896],
            [-95.362858000437868, 29.775650000289829],
            [-95.363476999855763, 29.775423000350166],
            [-95.364529999641917, 29.775044999954588],
            [-95.365244000392678, 29.774779999610356],
            [-95.365526000424993, 29.774676000048682],
            [-95.365779000144968, 29.774563000012691],
            [-95.36602199981921, 29.774409000289605],
            [-95.366053999606265, 29.774389000308215],
            [-95.366292000155966, 29.774215999912428],
            [-95.366361999577833, 29.774165000243553],
            [-95.366440000293963, 29.774107999757248],
            [-95.366650000356245, 29.773956000121256],
            [-95.366718999953221, 29.773930000027033],
            [-95.366792999573065, 29.774032999970789],
            [-95.367397999645547, 29.774940000284619],
            [-95.367492000255211, 29.775093000368553],
            [-95.367609000431074, 29.775285000234966],
            [-95.367739000127415, 29.77558299999707],
            [-95.367960999885256, 29.776232999734901],
            [-95.368054999596581, 29.776651000175509],
            [-95.368107000373456, 29.77699700005229],
            [-95.368109999848173, 29.777086000350085],
            [-95.36811700041919, 29.777273000052222],
            [-95.368123000266962, 29.77736299968436],
            [-95.368123000266962, 29.777456000310863],
            [-95.368160999901804, 29.778974000311994],
            [-95.368169000297726, 29.779087999611132],
            [-95.368184000366341, 29.779318999619093],
            [-95.36827100040496, 29.779309000119202],
            [-95.368458999827638, 29.779293999697948],
            [-95.368842000142266, 29.779298000278303],
            [-95.368904000066564, 29.779305000319003],
            [-95.369046000356789, 29.779318999619093],
            [-95.369309000122513, 29.779348000112396],
            [-95.369433999795987, 29.779367999883082],
            [-95.369659999751789, 29.779404999955108],
            [-95.370063000157913, 29.779542000292444],
            [-95.370409999589242, 29.77968700001275],
            [-95.371098000400721, 29.780014999782985],
            [-95.372429000021228, 29.780660999853808],
            [-95.372376000317772, 29.780837999769673],
            [-95.372321999891113, 29.780979000218803],
            [-95.372263000339871, 29.781209999762407],
            [-95.371926000055979, 29.782380000362277],
            [-95.371909000337538, 29.782536000136897],
            [-95.37190000011671, 29.782793000125089],
            [-95.371977999934529, 29.783099000230497],
            [-95.37205599975232, 29.783398999945621],
            [-95.372079000216843, 29.78379300003542],
            [-95.372096999760203, 29.784461000008445],
            [-95.372110000179006, 29.784875000046682],
            [-95.372111999828817, 29.785137000116521],
            [-95.372100000133244, 29.785612999732692],
            [-95.372112999653737, 29.78646499969021],
            [-95.37212000022474, 29.786792000378007],
            [-95.372122999699471, 29.787036000059441],
            [-95.372116999851684, 29.787215999622099],
            [-95.372126999897446, 29.788221999733199],
            [-95.372145000339103, 29.788590999612385],
            [-95.372130000270488, 29.78907899974454],
            [-95.372126999897446, 29.789787000364633],
            [-95.372109000354087, 29.790174999650365],
            [-95.372748999688369, 29.7906370002015],
            [-95.374188999987126, 29.790627000272945],
            [-95.37700599993714, 29.790592000125166],
            [-95.377710999568748, 29.790593000352274],
            [-95.378553000366011, 29.790578000062617],
            [-95.37936900032571, 29.790572000257932],
            [-95.380165000193898, 29.790576000387649],
            [-95.380792999832622, 29.790562000322875],
            [-95.380942999620459, 29.790556999965148],
            [-95.381726999793088, 29.790545999800973],
            [-95.382109000282824, 29.790542999897713],
            [-95.384332000030994, 29.790528000380121],
            [-95.384260999885882, 29.790917000135444],
            [-95.385216999587641, 29.790890999768116],
            [-95.38602099985178, 29.790861000055454],
            [-95.386917000177419, 29.790841999687046],
            [-95.387358000218384, 29.790834999673507],
            [-95.387826999848443, 29.790827999659474],
            [-95.38784799976483, 29.791546999656386],
            [-95.387851999962805, 29.791744999666815],
            [-95.387857999810578, 29.792226000095926],
            [-95.387867999856311, 29.792663000053636],
            [-95.387872000054273, 29.79291999976741],
            [-95.387878999726979, 29.793462999855635],
            [-95.387884999574766, 29.793590000031145],
            [-95.387892999970674, 29.794296999731763],
            [-95.387897000168635, 29.794530000100025],
            [-95.387908000039289, 29.794985000312401],
            [-95.387913999887061, 29.79545000024217],
            [-95.387917000260131, 29.795673000060436],
            [-95.387923000107904, 29.796372000059929],
            [-95.387935999628382, 29.797064000275778],
            [-95.387953000245119, 29.797821000337496],
            [-95.387970999788479, 29.798477000009768],
            [-95.387975999811346, 29.79911999977325],
            [-95.387978000359496, 29.799241999860829],
            [-95.38799199970488, 29.799806999796282],
            [-95.387995000077922, 29.799997000326979],
            [-95.387999000275883, 29.800492999650743],
            [-95.388000999925723, 29.800702999843018],
            [-95.388000000100803, 29.80117900025785],
            [-95.388022999667015, 29.801863999944004],
            [-95.38803699991071, 29.802138999864052],
            [-95.388047999781364, 29.802557999805341],
            [-95.388046999956472, 29.803097000186899],
            [-95.388035000260885, 29.804076000292152],
            [-95.38849300002029, 29.805309999852138],
            [-95.388507000263985, 29.805336999670406],
            [-95.388514999761611, 29.805362000101915],
            [-95.388585000081804, 29.805567999896475],
            [-95.388739000067602, 29.806022999797019],
            [-95.389021999924807, 29.806787000338229],
            [-95.389231999987103, 29.807333000175429],
            [-95.387521000424982, 29.807341999933591],
            [-95.387087000056724, 29.807505000177688],
            [-95.386657999711332, 29.807520000268113],
            [-95.386178000210606, 29.807525999835963],
            [-95.384890000247822, 29.807547000269278],
            [-95.384450000031777, 29.807546000211602],
            [-95.381981000236308, 29.807562999631383],
            [-95.381997999954734, 29.808393000251147],
            [-95.382003999802535, 29.80878500005722],
            [-95.380940999970633, 29.808641999717441],
            [-95.378645000427525, 29.808319999751649],
            [-95.377749000101886, 29.808200999976428],
            [-95.377273999725745, 29.808137999854655],
            [-95.37690700020292, 29.808083000111871],
            [-95.375451999835562, 29.807883999641774],
            [-95.374946000395582, 29.807810000274667],
            [-95.373593999960363, 29.807638000017445],
            [-95.373352999935946, 29.807609999983796],
            [-95.373374999677253, 29.807716999791658],
            [-95.373576000417017, 29.808689000342252],
            [-95.373794999801817, 29.809335000058198],
            [-95.374054000267918, 29.810057999695267],
            [-95.374256999759183, 29.810661000349665],
            [-95.375283999606083, 29.813209000353762],
            [-95.37533399983478, 29.813284999623423],
            [-95.375547000270117, 29.813815999913658],
            [-95.375615000042188, 29.813982999711232],
            [-95.375627999562653, 29.814014000277659],
            [-95.375655000225152, 29.814080999784583],
            [-95.37568100016442, 29.814146000042705],
            [-95.375952000326066, 29.814826999834974],
            [-95.376302000130437, 29.81573699982857],
            [-95.377056999990756, 29.817404000052765],
            [-95.37790399991259, 29.81910100036491],
            [-95.377948000293529, 29.819189999848025],
            [-95.378047000027735, 29.819388999640459],
            [-95.378524999878607, 29.820346000017363],
            [-95.378613999567079, 29.820319000354647],
            [-95.378693999933006, 29.820308000345673],
            [-95.378775999948772, 29.820345000087752],
            [-95.378821000154616, 29.820401000029399],
            [-95.379607999801991, 29.822075999716425],
            [-95.38000100016238, 29.823105999976026],
            [-95.380093000223894, 29.823346000335334],
            [-95.380202000003834, 29.823682000337769],
            [-95.380319000179696, 29.824083999914169],
            [-95.380405000393424, 29.824455999663751],
            [-95.380460999571596, 29.824685000371403],
            [-95.380496999556613, 29.824829000251544],
            [-95.381157999705607, 29.827807999984184],
            [-95.381299000170912, 29.828261000288549],
            [-95.381460999654323, 29.828632000229661],
            [-95.381521999753673, 29.828784000198496],
            [-95.381643000127511, 29.829028000321198],
            [-95.381799999588011, 29.829303000348965],
            [-95.381950000274173, 29.829516000337808],
            [-95.382088000366437, 29.829636000296237],
            [-95.382480000003596, 29.830093000214635],
            [-95.382829999807953, 29.83051299974079],
            [-95.383115000213309, 29.830920999616215],
            [-95.383424000009796, 29.83144500022885],
            [-95.38418899991585, 29.832433999838333],
            [-95.384325000358302, 29.832608999716662],
            [-95.384511000131141, 29.832844000050788],
            [-95.385353999855013, 29.833891000383019],
            [-95.385604999925192, 29.833863999703969],
            [-95.386147000248471, 29.83382700029123],
            [-95.38688600021527, 29.833805000128503],
            [-95.387263999608749, 29.833802999759246],
            [-95.387569000105572, 29.833801000169224],
            [-95.388544999898826, 29.833790000085571],
            [-95.389377999576965, 29.833779000000721],
            [-95.389869999671546, 29.833772999670579],
            [-95.390076000434192, 29.83380999988254],
            [-95.390314000085553, 29.833876000352987],
            [-95.390504999881273, 29.833953000067474],
            [-95.390658000042151, 29.83403200008734],
            [-95.390800000332376, 29.834127999622989],
            [-95.391402000031817, 29.834584000248576],
            [-95.392100999815639, 29.835110999698095],
            [-95.392192999877153, 29.835002999815604],
            [-95.392243999930784, 29.834930000045357],
            [-95.392299000182362, 29.834832000152488],
            [-95.392325999946536, 29.834705000140332],
            [-95.392319000273844, 29.834020000236322],
            [-95.392303000380323, 29.833649999836208],
            [-95.392322999573494, 29.833487000139229],
            [-95.392362999756472, 29.833327000354913],
            [-95.392453999993052, 29.833120000287838],
            [-95.392566000146047, 29.832959999915794],
            [-95.392704000238311, 29.83278099987286],
            [-95.392797000124744, 29.832631000142818],
            [-95.392869000094748, 29.832417999780741],
            [-95.392883000338472, 29.832239000325334],
            [-95.392879999965402, 29.831768000339437],
            [-95.39287699959236, 29.831549999829253],
            [-95.396810999800948, 29.831549999829253],
            [-95.397727000218055, 29.831550999646822],
            [-95.397727000218055, 29.831922999655045],
            [-95.399014000355962, 29.83192000021354],
            [-95.402085999675762, 29.83191399977175],
            [-95.402238000011735, 29.83191399977175],
            [-95.402504999975434, 29.832294000026732],
            [-95.402721999710394, 29.832713999652398],
            [-95.402812000122083, 29.833069000250628],
            [-95.402864999825539, 29.833403999713241],
            [-95.402875999696192, 29.834168999648192],
            [-95.402884999917021, 29.834763999963574],
            [-95.402896999612594, 29.835615999720755],
            [-95.402921999726956, 29.837394999913698],
            [-95.40293299959761, 29.838130000117896],
            [-95.402940000168599, 29.838661999852821],
            [-95.402947999666196, 29.839274999902329],
            [-95.402957999711958, 29.840033000386377],
            [-95.402962999734825, 29.840470000260424],
            [-95.402966999932787, 29.840953000316404],
            [-95.402970000305842, 29.841161999958629],
            [-95.402971999955653, 29.841348999882971],
            [-95.402976999978534, 29.841773000039566],
            [-95.406939999601107, 29.841732999734127],
            [-95.406939999601107, 29.841298000150815],
            [-95.406929999555373, 29.840993000155017],
            [-95.406908999638972, 29.840281000009256],
            [-95.406875000202106, 29.838926000339164],
            [-95.409939000024309, 29.838842999756757],
            [-95.410847999870427, 29.838817999905789],
            [-95.41090499977183, 29.841148999684211],
            [-95.410909999794711, 29.841403000304354],
            [-95.410907000319966, 29.841660000206875],
            [-95.410908000144886, 29.841737999870581],
            [-95.410951999627514, 29.843673000379244],
            [-95.410961999673248, 29.844112999765063],
            [-95.410975000092037, 29.845436999809561],
            [-95.411006999879078, 29.84642099968119],
            [-95.410968000419345, 29.846861999869212],
            [-95.410994000358613, 29.847159999895389],
            [-95.411109999811245, 29.847652000345462],
            [-95.411354000208718, 29.848808000034865],
            [-95.411420000330963, 29.849120000145867],
            [-95.411633999692882, 29.849300000156031],
            [-95.411745999845877, 29.849393999763947],
            [-95.412130999810358, 29.849741000095015],
            [-95.413365000244795, 29.850854999956475],
            [-95.413864999836974, 29.85127700024718],
            [-95.414407999985187, 29.851754999821384],
            [-95.414273000265993, 29.854951999633908],
            [-95.41431099990082, 29.855018000156861],
            [-95.414324000319596, 29.855066999950278],
            [-95.414341999862955, 29.856012999848872],
            [-95.414346000060917, 29.856129999644047],
            [-95.414361000129531, 29.856496999863111],
            [-95.414380000396108, 29.856717000368686],
            [-95.414388999718611, 29.857140999932668],
            [-95.414392999916586, 29.857326999977865],
            [-95.414409999635012, 29.857450999815409],
            [-95.414423999878721, 29.857558000016361],
            [-95.414455999665762, 29.858233999893962],
            [-95.414443000145297, 29.858745000237548],
            [-95.41446800025966, 29.859224000208656],
            [-95.414462000411874, 29.859619000229721],
            [-95.41446800025966, 29.859872000295628],
            [-95.414454999840856, 29.860164000137935],
            [-95.41446800025966, 29.860620000295825],
            [-95.41446499988659, 29.860684000356255],
            [-95.414448999993084, 29.86110399978319],
            [-95.414479999955219, 29.861686999678717],
            [-95.414475999757258, 29.861715999656784],
            [-95.41449800039689, 29.86216699984244],
            [-95.414511999742274, 29.862785999858641],
            [-95.414515000115316, 29.863144999848192],
            [-95.414517999590046, 29.863429000359272],
            [-95.414556000123213, 29.86401199991537],
            [-95.414556000123213, 29.864166999822807],
            [-95.41456000032116, 29.865543999904101],
            [-95.414572000016719, 29.866195999681342],
            [-95.414565000344041, 29.866232000094573],
            [-95.414573999666544, 29.866722999780954],
            [-95.414570000366908, 29.866975000290495],
            [-95.414567999818757, 29.867107999653641],
            [-95.414587000085348, 29.867597000010928],
            [-95.414580000412641, 29.868361000284743],
            [-95.414604999628679, 29.868485999881674],
            [-95.414249999801442, 29.868606999978081],
            [-95.412957999640682, 29.869104999647348],
            [-95.41275000012655, 29.869182000239338],
            [-95.41243200010922, 29.869292999642635],
            [-95.411448999744962, 29.869637000258173],
            [-95.410832999801798, 29.869768000318892],
            [-95.410471000301882, 29.869840000112468],
            [-95.409672000060624, 29.869856999839769],
            [-95.40920099988243, 29.869867999845017],
            [-95.408772000435349, 29.869892000277261],
            [-95.408133000027661, 29.8698719999175],
            [-95.408302999906979, 29.870177999920362],
            [-95.408345999564688, 29.870253000045146],
            [-95.408660000282353, 29.870881000019768],
            [-95.409050000269687, 29.871558000200821],
            [-95.409394000226271, 29.872096999969767],
            [-95.409780000015658, 29.872669999998827],
            [-95.410024000413131, 29.873059999636883],
            [-95.410329999836563, 29.87349199972099],
            [-95.410888999878324, 29.874221000342644],
            [-95.411017999749745, 29.874415000268709],
            [-95.411610000301749, 29.875174999877768],
            [-95.411934999991772, 29.875557000159219],
            [-95.412241000313514, 29.875938000383467],
            [-95.412457000223583, 29.876232000242446],
            [-95.413046000402559, 29.876970000028475],
            [-95.41329800029763, 29.877312000376381],
            [-95.413727999569616, 29.877894999812305],
            [-95.414788999751707, 29.879337000358714],
            [-95.415738999605708, 29.880578000336918],
            [-95.41717600042972, 29.882460000384917],
            [-95.417327999867368, 29.88265800020044],
            [-95.417492999723819, 29.882874999633223],
            [-95.418317000079412, 29.883905999854239],
            [-95.418461000019462, 29.884088000348481],
            [-95.418820999869567, 29.884537999801868],
            [-95.419124999643188, 29.884925000355452],
            [-95.419215999879796, 29.885039999616634],
            [-95.419581999577673, 29.885524999849967],
            [-95.419778000294571, 29.885782999908798],
            [-95.419855000287455, 29.885885999890732],
            [-95.420092000113925, 29.886199000173345],
            [-95.420727000323652, 29.887039999755476],
            [-95.421175000037309, 29.887584000142425],
            [-95.421754999995457, 29.888306000360846],
            [-95.423829999605616, 29.887095999680383],
            [-95.424247000255448, 29.886886999647256],
            [-95.424619999626032, 29.88674100038897],
            [-95.425187000063701, 29.88656999978555],
            [-95.425859999908255, 29.886421999969297],
            [-95.426381000315175, 29.886364999618358],
            [-95.42666300034746, 29.886352999827263],
            [-95.427583000064232, 29.886333999700778],
            [-95.428060999915132, 29.88631899976227],
            [-95.429026999662639, 29.886310000109692],
            [-95.429661999872366, 29.886304999869591],
            [-95.430595999832832, 29.886289999926781],
            [-95.431147000376953, 29.886267999643103],
            [-95.431221999821716, 29.886265000276694],
            [-95.431281000271255, 29.88626300017977],
            [-95.431262999829613, 29.885576999625727],
            [-95.431353000241288, 29.885566999850681],
            [-95.431630000250721, 29.885553999907966],
            [-95.431826000069307, 29.885545000186333],
            [-95.432035000306684, 29.885556000019118],
            [-95.43336599992719, 29.885517000181579],
            [-95.433934000189751, 29.88547900038516],
            [-95.434248999834026, 29.885467999764998],
            [-95.434961999861557, 29.885474000103446],
            [-95.435346999825995, 29.885456999922521],
            [-95.435498000337063, 29.885467999764998],
            [-95.435751000057053, 29.885440999795374],
            [-95.436186000250231, 29.885429999949906],
            [-95.436905000125549, 29.885391000063144],
            [-95.437163999693311, 29.885396000349019],
            [-95.43733399957263, 29.885384999719712],
            [-95.437573999772155, 29.885385999776965],
            [-95.438331000180597, 29.885346999872976],
            [-95.438620999710508, 29.885346999872976],
            [-95.438737000061465, 29.885342000363451],
            [-95.440188000230876, 29.885288000348709],
            [-95.440189999880701, 29.885249999686124],
            [-95.440189000055796, 29.885209999669897],
            [-95.440182000383103, 29.884889999741265],
            [-95.440179000010033, 29.884754999816302],
            [-95.444550000061625, 29.884638000096871],
            [-95.447124000337396, 29.884568000212404],
            [-95.449778999905703, 29.884487000329344],
            [-95.449971000424625, 29.884476999666095],
            [-95.450169999717943, 29.884434999985029],
            [-95.450358999863838, 29.884374999853691],
            [-95.450664000360689, 29.884690000335262],
            [-95.450845000110661, 29.884882000021999],
            [-95.450901000187145, 29.884941999848223],
            [-95.450984999852736, 29.885030999848599],
            [-95.451368000167378, 29.885418000046307],
            [-95.451570999658657, 29.88562199976926],
            [-95.45161300038977, 29.885669000001357],
            [-95.452154999814752, 29.886203999639836],
            [-95.453048999592255, 29.887090000218432],
            [-95.453380000028361, 29.887429000016766],
            [-95.453578000395083, 29.887626000054578],
            [-95.454392999631551, 29.888449000363],
            [-95.454854999588889, 29.888947999891005],
            [-95.455874999763083, 29.889981999649571],
            [-95.456226000290684, 29.890294000303886],
            [-95.456684999874994, 29.890598999947088],
            [-95.457363999567335, 29.891051000385783],
            [-95.457638000102037, 29.891272000234995],
            [-95.457713000445111, 29.891333000107046],
            [-95.458527999681564, 29.892101999965664],
            [-95.459911000078932, 29.89359100025705],
            [-95.461696999984085, 29.895512999761959],
            [-95.463219000298608, 29.897158999627035],
            [-95.46350899982852, 29.897470999620214],
            [-95.464329999811071, 29.898263000307647],
            [-95.464732000392317, 29.898730999808155],
            [-95.465787999653173, 29.899861000257378],
            [-95.465956999707601, 29.900010000276911],
            [-95.467674000015776, 29.901824999696551],
            [-95.469589999617284, 29.90387500004519],
            [-95.470106999826243, 29.904402000366616],
            [-95.470008000092037, 29.904551999689815],
            [-95.469925000251379, 29.904704000071497],
            [-95.469894000289216, 29.904771000242953],
            [-95.469864000152, 29.904863000033043],
            [-95.470449999957921, 29.905245000250105],
            [-95.470860000036751, 29.905507999933395],
            [-95.472342999993202, 29.906456999869082],
            [-95.473364999817221, 29.907112000300831],
            [-95.47455900006868, 29.907878000373273],
            [-95.475958000359554, 29.90877100013914],
            [-95.476637999876814, 29.909204000252974],
            [-95.478289000062759, 29.910234000064303],
            [-95.478735000126605, 29.910512000005379],
            [-95.47999200012724, 29.911295999871907],
            [-95.479968999662717, 29.911411999645861],
            [-95.479866999555469, 29.911659000365717],
            [-95.479787999912759, 29.911976999633907],
            [-95.479716999767632, 29.912306000217491],
            [-95.479680999782644, 29.912543999879272],
            [-95.479667000437232, 29.912701000218416],
            [-95.479659000041323, 29.91278700021989],
            [-95.479640999599667, 29.91315099972968],
            [-95.479639999774747, 29.913216999891933],
            [-95.479635999576786, 29.91351200014131],
            [-95.479642000322883, 29.913665999634048],
            [-95.47964599962252, 29.913753000132058],
            [-95.479669000087057, 29.913992999769356],
            [-95.479701999699031, 29.914231000071318],
            [-95.479746000079956, 29.914465999729625],
            [-95.479799999608318, 29.914698000322723],
            [-95.479865999730549, 29.91492800007509],
            [-95.47994600009649, 29.915161000128922],
            [-95.480038999982909, 29.915398000219184],
            [-95.480143999564916, 29.915630000198206],
            [-95.480260999740764, 29.915850000283029],
            [-95.480946000179202, 29.916981999900763],
            [-95.481059999982023, 29.917193999873117],
            [-95.48116200008927, 29.917407999644556],
            [-95.481250999777728, 29.917621999734621],
            [-95.481326999945708, 29.917833999901561],
            [-95.481340000364511, 29.917882000243928],
            [-95.481441999573434, 29.918245000088866],
            [-95.481476999733545, 29.918416000059214],
            [-95.48150699987076, 29.918565000353965],
            [-95.481522999764294, 29.91865800036221],
            [-95.481542999855776, 29.918769999679149],
            [-95.481574999642831, 29.919062999611292],
            [-95.481583000038754, 29.919249999885189],
            [-95.481583999863673, 29.919293999898557],
            [-95.481586000411809, 29.919370999875234],
            [-95.481589999711446, 29.919548000091272],
            [-95.481598000107354, 29.91992499993362],
            [-95.481603000130235, 29.920623000270236],
            [-95.481603000130235, 29.920676000119343],
            [-95.481610999627847, 29.921590000158709],
            [-95.481619999848661, 29.922120999706241],
            [-95.481629000069503, 29.922821000359473],
            [-95.481630999719329, 29.92319800026468],
            [-95.481623000221717, 29.923557999611813],
            [-95.481600999582113, 29.923799000201168],
            [-95.481554999551349, 29.924078000090152],
            [-95.481438000273798, 29.924695000218286],
            [-95.481387000220167, 29.924982999984611],
            [-95.481358999732763, 29.925238999769459],
            [-95.481347000037204, 29.925473999916949],
            [-95.481348999687029, 29.926019999959401],
            [-95.481364999580549, 29.927095000318307],
            [-95.481367999953605, 29.927351000121003],
            [-95.481367999953605, 29.927632000219873],
            [-95.481388999870006, 29.929032999679784],
            [-95.48139800009082, 29.929307999667195],
            [-95.481397000265915, 29.929384999683236],
            [-95.481404999763512, 29.929535999915721],
            [-95.481418000182316, 29.929724999981886],
            [-95.481475999908625, 29.930114999787111],
            [-95.481518999566333, 29.9303200002397],
            [-95.48163599974221, 29.930715999997929],
            [-95.481737000024538, 29.931000000293317],
            [-95.481810999644381, 29.931181000020352],
            [-95.482363999838356, 29.932351999895303],
            [-95.482722000038621, 29.933098999871746],
            [-95.482906000161648, 29.933528999782901],
            [-95.482980999606411, 29.93374599974231],
            [-95.483009000093801, 29.933807000072591],
            [-95.483019999964469, 29.93386199982783],
            [-95.48306799964503, 29.934033000217322],
            [-95.483142000163198, 29.934386000005453],
            [-95.483188000193948, 29.934675000094966],
            [-95.483219999981003, 29.934911000097667],
            [-95.483233000399792, 29.935128999714955],
            [-95.483234000224698, 29.935216000139459],
            [-95.483240000072485, 29.93582399987336],
            [-95.483249000293327, 29.93636899963705],
            [-95.483247999570082, 29.937118999987192],
            [-95.483252999592963, 29.937352000256844],
            [-95.482980999606411, 29.937352000256844],
            [-95.478768999563471, 29.937412999933319],
            [-95.476719000067661, 29.937434999820201],
            [-95.473492000038817, 29.937468000030616],
            [-95.471577000262215, 29.937488000058483],
            [-95.469422000286116, 29.937526000256018],
            [-95.467508000334433, 29.937548999651575],
            [-95.466699000047427, 29.937571000286844],
            [-95.465934999966279, 29.937558999657835],
            [-95.462380999699306, 29.937508000082328],
            [-95.46103699966001, 29.937514999934038],
            [-95.460240999791807, 29.937519999939031],
            [-95.459995999569415, 29.93752100025138],
            [-95.460132999836773, 29.937696999797662],
            [-95.460388999929819, 29.938024999926018],
            [-95.460489000387241, 29.938153999779828],
            [-95.460961000390341, 29.938788999772235],
            [-95.461257999592945, 29.939165999908518],
            [-95.461332000111099, 29.939267999668868],
            [-95.461734999618926, 29.939776000214675],
            [-95.462466999913019, 29.940727999749701],
            [-95.462757000341242, 29.941105000322089],
            [-95.462983000297058, 29.941399999659943],
            [-95.463170999719722, 29.941657999788582],
            [-95.463196999658976, 29.941688999614193],
            [-95.463251999910568, 29.941755000315627],
            [-95.463408000444502, 29.941958999871435],
            [-95.46348200006436, 29.942065000169912],
            [-95.463648999570609, 29.942274999898931],
            [-95.463727000286724, 29.942385999621095],
            [-95.464538000223556, 29.943448999958061],
            [-95.464765000004263, 29.943748000349],
            [-95.464846000195109, 29.943829000305403],
            [-95.464914999792086, 29.943932000202761],
            [-95.464994000333121, 29.944039999670689],
            [-95.465017999724253, 29.944074000271744],
            [-95.465069999602804, 29.94414600008669],
            [-95.465153000341772, 29.944249999900467],
            [-95.465231000159591, 29.944357999801507],
            [-95.465314000000262, 29.944459999686863],
            [-95.465695999591688, 29.944955000209006],
            [-95.466390000250954, 29.945816999670768],
            [-95.466251000333784, 29.945837999805565],
            [-95.466006000111406, 29.945853000121481],
            [-95.465327000419052, 29.94586000016437],
            [-95.464780999897783, 29.945861999842911],
            [-95.464506000436486, 29.945864000299878],
            [-95.464602999622556, 29.945943999862141],
            [-95.464604000345787, 29.946283999619116],
            [-95.464605999995612, 29.946402999765386],
            [-95.464621999889133, 29.947286999952741],
            [-95.464636999957747, 29.947995999799314],
            [-95.464641999980628, 29.948176999740632],
            [-95.464651000201442, 29.948893000076772],
            [-95.464667999919882, 29.94952500021223],
            [-95.464677000140711, 29.94978600006921],
            [-95.464683999813417, 29.950119000180482],
            [-95.464687000186458, 29.950250999691594],
            [-95.464696000407301, 29.950713999893559],
            [-95.464697000232192, 29.950978999672909],
            [-95.464714999775566, 29.951691000169969],
            [-95.464735999691953, 29.953146000025182],
            [-95.464753000308704, 29.953945000181502],
            [-95.464760999806316, 29.954443999981244],
            [-95.464766999654088, 29.954807000327058],
            [-95.464779000247958, 29.955474000181074],
            [-95.464790999943546, 29.956004000123119],
            [-95.46480000016436, 29.95629999975392],
            [-95.464825000278708, 29.957751000213854],
            [-95.464831000126523, 29.958215999943793],
            [-95.464857000065763, 29.959512999768318],
            [-95.464860000438819, 29.959648000307766],
            [-95.464867000111511, 29.960012999724228],
            [-95.464887000203007, 29.960537999967375],
            [-95.464925999662753, 29.961300000274694],
            [-95.464929999860701, 29.96141700020592],
            [-95.464950999777102, 29.961951999926072],
            [-95.464999000355988, 29.963617000382374],
            [-95.465001999830733, 29.963962999909253],
            [-95.465002999655653, 29.964031999972285],
            [-95.465017999724253, 29.964560000120436],
            [-95.465021000097309, 29.96464200028381],
            [-95.464966999670636, 29.964744000373738],
            [-95.464595000124945, 29.964757000095315],
            [-95.464161999581592, 29.964764999623874],
            [-95.464001999748035, 29.964761000248824],
            [-95.463843999564276, 29.964767999738729],
            [-95.463804000279623, 29.964768999776989],
            [-95.463354999842736, 29.964777000082822],
            [-95.462586999563612, 29.964785000387959],
            [-95.461917000092114, 29.964787999723974],
            [-95.46070799977204, 29.964791999876184],
            [-95.459531999962238, 29.964807999705187],
            [-95.45767999993484, 29.964846000358914],
            [-95.453660000410835, 29.964919999992681],
            [-95.452247999701171, 29.964951000348744],
            [-95.451963000194127, 29.964970000260923],
            [-95.451774999873152, 29.964989000169474],
            [-95.451259000387424, 29.965039999660302],
            [-95.451098999655557, 29.965048999979768],
            [-95.450592000390657, 29.965067999873217],
            [-95.450240999863055, 29.965072000014146],
            [-95.449541000254328, 29.965087999798083],
            [-95.449368000001968, 29.965097000113147],
            [-95.44868299956353, 29.965115999997423],
            [-95.448511000034387, 29.965114999962637],
            [-95.448351000200816, 29.965123000240638],
            [-95.448187000169284, 29.965121000171205],
            [-95.448033000183514, 29.965125000309992],
            [-95.447889000243464, 29.96513399984353],
            [-95.447742999755278, 29.965130999739667],
            [-95.447519000347611, 29.965136999947255],
            [-95.447054999842109, 29.965149000361244],
            [-95.4469140002751, 29.965157999892593],
            [-95.446442000272, 29.9651640000985],
            [-95.44529200040148, 29.965197999702085],
            [-95.44337099987878, 29.965243999696618],
            [-95.443001999807848, 29.965247999830456],
            [-95.442121000449134, 29.965273999918434],
            [-95.441848999564243, 29.965284000249735],
            [-95.440163999941433, 29.965326000073912],
            [-95.439846999749008, 29.965334000334853],
            [-95.439710000379989, 29.965337999686824],
            [-95.438265999883271, 29.965374000073506],
            [-95.437716999887272, 29.965383999616549],
            [-95.436695000063267, 29.965413999796102],
            [-95.436568999666562, 29.965417999923112],
            [-95.435944000400895, 29.965401000160416],
            [-95.434757999647033, 29.965547000041951],
            [-95.434175000214168, 29.965570999991336],
            [-95.433688000142439, 29.965561999719146],
            [-95.433170999933495, 29.965504000280387],
            [-95.432758000379948, 29.965431000334842],
            [-95.432255000414699, 29.965335999621729],
            [-95.431878999772749, 29.965285000282815],
            [-95.431452999800399, 29.965259000197779],
            [-95.430975999774432, 29.965279000084209],
            [-95.429507999886567, 29.96529899996662],
            [-95.428810999752571, 29.965295999867784],
            [-95.426488000445289, 29.965345999946859],
            [-95.426222000306524, 29.965353000173799],
            [-95.425624999731625, 29.965456000343529],
            [-95.424675999702544, 29.965664999672253],
            [-95.424236000384795, 29.965762000127341],
            [-95.423588999581185, 29.965885999664653],
            [-95.42291499991174, 29.965981999878053],
            [-95.422356999694912, 29.965978999799827],
            [-95.421863999775397, 29.9659559999753],
            [-95.421655000436331, 29.9659310000924],
            [-95.421596999811712, 29.965925999959431],
            [-95.420610999972695, 29.965832999774655],
            [-95.419574999904995, 29.96572299979529],
            [-95.419339999728351, 29.965728999967137],
            [-95.419251999864798, 29.96573100002432],
            [-95.419163000176326, 29.965733000081464],
            [-95.41908199998548, 29.965735000138569],
            [-95.419051000023344, 29.965647999951795],
            [-95.419004000167675, 29.965506000342096],
            [-95.418978000228407, 29.965428000239935],
            [-95.418958000136939, 29.965290999702859],
            [-95.418901000235522, 29.965070999978927],
            [-95.418834000288371, 29.964808999743113],
            [-95.418711000264707, 29.964178000308603],
            [-95.418593000263954, 29.963545999930151],
            [-95.418541000385417, 29.962959999697382],
            [-95.418496000179559, 29.962426000017128],
            [-95.418496000179559, 29.961305999935298],
            [-95.418444000301037, 29.958245999952144],
            [-95.418428000407488, 29.957802999635607],
            [-95.418398000270273, 29.956874999820389],
            [-95.418229000215874, 29.956873999702644],
            [-95.41810700001713, 29.956873999702644],
            [-95.417974999772653, 29.956873000363252],
            [-95.417830999832617, 29.956873000363252],
            [-95.417675000196994, 29.956872000245543],
            [-95.41755600037132, 29.956872000245543],
            [-95.417474000355554, 29.956867999774587],
            [-95.417310000324008, 29.956860999728278],
            [-95.416665999893468, 29.956794999712507],
            [-95.416311999891136, 29.956645999845922],
            [-95.415870000025265, 29.956381999727146],
            [-95.415777000138846, 29.956280999740958],
            [-95.415637000396757, 29.956129000285035],
            [-95.415258000280076, 29.955827000154226],
            [-95.414987000118415, 29.95558499995937],
            [-95.414676999598697, 29.955332000045654],
            [-95.414474999932338, 29.95507900026643],
            [-95.414253999999403, 29.954908999613195],
            [-95.413996000256546, 29.95466700029705],
            [-95.413802999912704, 29.954523999646],
            [-95.413699000155617, 29.954446999629294],
            [-95.41340899972738, 29.954298000135189],
            [-95.413011000242449, 29.954165999770076],
            [-95.412165000145535, 29.954116999660634],
            [-95.411780000181068, 29.954105999616878],
            [-95.411514999867194, 29.954029000054792],
            [-95.411293999934273, 29.953946000328664],
            [-95.411253999751295, 29.953945000181502],
            [-95.410852000068388, 29.953930000307814],
            [-95.408420999907761, 29.953544000290002],
            [-95.407916000292701, 29.953451000194729],
            [-95.407801999591555, 29.953396000373665],
            [-95.407492999795068, 29.953143000337867],
            [-95.407392000411036, 29.952983000278245],
            [-95.407285000280908, 29.952680999931019],
            [-95.407178000150807, 29.952482999989037],
            [-95.406957000217858, 29.952191999936641],
            [-95.406850000087744, 29.951993999799235],
            [-95.406802000407168, 29.951918999714934],
            [-95.406660000116929, 29.951691000169969],
            [-95.406594999819617, 29.951568000218835],
            [-95.406542999941081, 29.951468000184381],
            [-95.406490000237625, 29.951366999876267],
            [-95.406111000120944, 29.950729000252409],
            [-95.40597499967852, 29.950514000341457],
            [-95.405926000173011, 29.950437000332691],
            [-95.405669000255074, 29.950031000149615],
            [-95.40544900014703, 29.949800000379152],
            [-95.405296999811085, 29.949679000025796],
            [-95.405189999680957, 29.949569000072067],
            [-95.404936999960967, 29.949404000302575],
            [-95.404514000361658, 29.949299000235929],
            [-95.404059999901904, 29.949199999671269],
            [-95.403598999769457, 29.949079000144529],
            [-95.403481999593595, 29.949036000264417],
            [-95.403188999690641, 29.948930999809235],
            [-95.402400000393442, 29.948699999818562],
            [-95.401439999595382, 29.948401999728773],
            [-95.401136999646695, 29.948341999989303],
            [-95.400765000101018, 29.948363999794182],
            [-95.400550000015841, 29.948298000364879],
            [-95.40026600033373, 29.94812700036605],
            [-95.399944000118438, 29.947901999755651],
            [-95.399616000055389, 29.947654000025679],
            [-95.399022999678451, 29.947060000122615],
            [-95.398701000361498, 29.946714000142556],
            [-95.39840400026057, 29.94637300007555],
            [-95.398094999565771, 29.945987999749661],
            [-95.397798000363167, 29.945668999929602],
            [-95.397527000201521, 29.945438000145959],
            [-95.397160999605319, 29.945239999793138],
            [-95.39681400017399, 29.945169000227104],
            [-95.396403000270254, 29.945157999971894],
            [-95.396055999940614, 29.945173999847391],
            [-95.396028000351535, 29.945178000010429],
            [-95.395804000045544, 29.94521200022248],
            [-95.395356000331887, 29.945179000245783],
            [-95.395203999995914, 29.945196000353071],
            [-95.39503300029169, 29.945239999793138],
            [-95.394805999612657, 29.945262000284227],
            [-95.393828000169577, 29.945255999655473],
            [-95.393474000167245, 29.945239000336766],
            [-95.393089000202792, 29.945261000049715],
            [-95.392362999756472, 29.945232999706612],
            [-95.392110999861387, 29.945243999953544],
            [-95.391624999614578, 29.945243999953544],
            [-95.390576999851305, 29.945271000059154],
            [-95.390247999963336, 29.945255000199253],
            [-95.390083999931804, 29.945249000348412],
            [-95.389755999868726, 29.945298000157425],
            [-95.389550999829325, 29.945388000172681],
            [-95.389344999965004, 29.945479999792674],
            [-95.389098999917707, 29.945633999643047],
            [-95.388812999687445, 29.946066999764184],
            [-95.388795999969005, 29.946094999872496],
            [-95.388152000436762, 29.946924999614453],
            [-95.387779000167853, 29.947376000289964],
            [-95.387570999755411, 29.947711000329061],
            [-95.387507000181301, 29.94773300027359],
            [-95.387380999784597, 29.947911000070064],
            [-95.387015000086706, 29.948431000160706],
            [-95.386604000182956, 29.948866000176103],
            [-95.386256999853344, 29.949156999843435],
            [-95.386073999555236, 29.949271999667179],
            [-95.38594100038415, 29.949311000226906],
            [-95.385860000193304, 29.94931000003313],
            [-95.385517999886531, 29.949304999842443],
            [-95.384722999843248, 29.949392999737398],
            [-95.384595999621624, 29.949397999923711],
            [-95.384378000061744, 29.949393999930347],
            [-95.384243000342536, 29.949392000322806],
            [-95.384066999717135, 29.949388000329204],
            [-95.384019999861451, 29.949388999743896],
            [-95.383907999708455, 29.949369999966983],
            [-95.383627000399386, 29.949312999836113],
            [-95.382184999552507, 29.94898999977471],
            [-95.382013999848269, 29.948978999942117],
            [-95.381749000432706, 29.949033999871318],
            [-95.381597999921652, 29.949040000272131],
            [-95.381421000369656, 29.949067000125563],
            [-95.380479999838172, 29.949122000006103],
            [-95.379570999992083, 29.949116000388546],
            [-95.375001999573755, 29.949164999849014],
            [-95.374565999555671, 29.949164999849014],
            [-95.374245000063624, 29.94918099985826],
            [-95.373361000331855, 29.949175999661087],
            [-95.373152000094493, 29.949210000063001],
            [-95.372986000413135, 29.949231000259655],
            [-95.372886999780619, 29.949243000258836],
            [-95.372212000286254, 29.949264999864447],
            [-95.372122999699471, 29.949243000258836],
            [-95.371952999820152, 29.949220999870047],
            [-95.371801000382504, 29.949166000044251],
            [-95.37169400025239, 29.949095000167606],
            [-95.371609999688488, 29.949025999855195],
            [-95.37153600006863, 29.948941000228],
            [-95.371440999634075, 29.948765000338561],
            [-95.371307999564692, 29.948435000192795],
            [-95.371244999815502, 29.948232000113393],
            [-95.371244999815502, 29.94812200011582],
            [-95.371258000234306, 29.948044999811636],
            [-95.371320999983482, 29.947846999978758],
            [-95.371402999999262, 29.947632000063734],
            [-95.371414999694821, 29.947384999873588],
            [-95.37131400031079, 29.947237000130631],
            [-95.371250999663289, 29.947170999953389],
            [-95.371156000127044, 29.947121000072958],
            [-95.371004999615991, 29.947072000383759],
            [-95.370811000345554, 29.947057000251657],
            [-95.370664000032448, 29.947044999988691],
            [-95.369526999682392, 29.947089000167484],
            [-95.369376000069664, 29.947067000080494],
            [-95.369280999635109, 29.947007000313974],
            [-95.369135999870139, 29.946890999988032],
            [-95.369073000120963, 29.946820000043882],
            [-95.369041000333908, 29.946743000288315],
            [-95.368908000264526, 29.946166000334223],
            [-95.368869999731373, 29.946066999764184],
            [-95.368832000096532, 29.945994999783046],
            [-95.36873099981419, 29.945880000061756],
            [-95.368631000255078, 29.9457759996173],
            [-95.368566999782658, 29.94571000002723],
            [-95.368497000360776, 29.945670000160003],
            [-95.368402999751126, 29.945616000158086],
            [-95.367923000250428, 29.945462999733973],
            [-95.367394000345897, 29.945351000098402],
            [-95.36729800008645, 29.945331000094633],
            [-95.36710700029073, 29.945285999682216],
            [-95.364741000427429, 29.944733000147409],
            [-95.363890000307649, 29.944508999884583],
            [-95.363590999658584, 29.944430999653736],
            [-95.362966000392916, 29.944232999631478],
            [-95.362732999866097, 29.944128999799929],
            [-95.362562000161859, 29.944018999934656],
            [-95.362359999597203, 29.943810000244696],
            [-95.36228400032752, 29.943677999968408],
            [-95.361860999829915, 29.943023999836754],
            [-95.361393000024776, 29.94235300026364],
            [-95.360926000044529, 29.94174300019132],
            [-95.360572000042211, 29.941402999701481],
            [-95.360331999842685, 29.941204999879002],
            [-95.359978999665287, 29.940852999653863],
            [-95.359371999942965, 29.940325999989476],
            [-95.359221000330223, 29.940226999834067],
            [-95.359170000276592, 29.940204999786157],
            [-95.358967999711922, 29.940155000296055],
            [-95.358760000197776, 29.940144000264766],
            [-95.358588999595227, 29.94014999964509],
            [-95.358400000347672, 29.940204999786157],
            [-95.358336999700143, 29.94021599981069],
            [-95.357206999921118, 29.940232999987785],
            [-95.356842000048132, 29.94024200021779],
            [-95.356223999556832, 29.9402569998208],
            [-95.354353000161169, 29.940303999963451],
            [-95.354062999732946, 29.940310999618426],
            [-95.350642000433666, 29.94037300009952],
            [-95.350396000386368, 29.940333999926967],
            [-95.35016799988243, 29.940251999953372],
            [-95.350023000117474, 29.940168999626476],
            [-95.349853000238156, 29.939998999950653],
            [-95.349796000336752, 29.939889000188721],
            [-95.349714000320972, 29.939800999668915],
            [-95.349698000427466, 29.93939100004209],
            [-95.349689000206624, 29.939175999752255],
            [-95.349680999810715, 29.938975000053116],
            [-95.348955000262706, 29.938983000099253],
            [-95.34558400029384, 29.939017000093546],
            [-95.345427999759906, 29.939018999909667],
            [-95.341770999560751, 29.939023000320244],
            [-95.338849999853664, 29.939070999785805],
            [-95.337330999912183, 29.939078000305994],
            [-95.332650000239212, 29.939098000010205],
            [-95.331728999799225, 29.939101999639153],
            [-95.331579999836308, 29.939102999935585],
            [-95.331516000262198, 29.939102999935585],
            [-95.331264000367113, 29.939104000232003],
            [-95.331267999666764, 29.939325999623282],
            [-95.330686000058805, 29.939333000125522],
            [-95.325733000399254, 29.939350999969058],
            [-95.324946999678488, 29.939354000072374],
            [-95.324251000267708, 29.939355999881727],
            [-95.319449000220885, 29.939421000280927],
            [-95.3181400003417, 29.939437000300813],
            [-95.31587400003751, 29.939463999647415],
            [-95.315618999769399, 29.939466999747335],
            [-95.315422999950812, 29.93946800004009],
            [-95.314833999771849, 29.939471999654216],
            [-95.314468000073944, 29.939474000239649],
            [-95.313048999691588, 29.939511000164721],
            [-95.312143000218512, 29.939504999967401],
            [-95.311993000430704, 29.939503999675004],
            [-95.311793000414141, 29.939503000161064],
            [-95.311076000188677, 29.939559999686676],
            [-95.3099170000973, 29.939671999615328],
            [-95.308708999602132, 29.939825000384545],
            [-95.307815999649549, 29.93992200036358],
            [-95.307090999926444, 29.939994000070236],
            [-95.305935000208137, 29.940032000089023],
            [-95.305029999661699, 29.940040000050139],
            [-95.303709999911831, 29.940051000092915],
            [-95.303444999597971, 29.940060000339393],
            [-95.303437999925265, 29.939938000302895],
            [-95.303432000077493, 29.939825999895266],
            [-95.303098000166642, 29.939849000315927],
            [-95.302124000023213, 29.939884000302783],
            [-95.301214000352175, 29.939889999698806],
            [-95.300287999889335, 29.939905999643248],
            [-95.2993220001418, 29.93993000033355],
            [-95.2987580000772, 29.939946000271629],
            [-95.297736000253195, 29.939965999801281],
            [-95.297162000142848, 29.939962999716411],
            [-95.296721000101869, 29.939960999919272],
            [-95.295981000310164, 29.939962000207078],
            [-95.295885000050689, 29.940130999660028],
            [-95.295787000141402, 29.94034800001058],
            [-95.29568599985906, 29.940572000302883],
            [-95.295454000055472, 29.941051999675437],
            [-95.295223999901694, 29.941593000072679],
            [-95.294668000233003, 29.942799999617186],
            [-95.294002999886047, 29.944311000017535],
            [-95.293149000291521, 29.946332000251232],
            [-95.292930000008411, 29.946832999774298],
            [-95.292843999794698, 29.946975000371747],
            [-95.292483000119674, 29.947778999788],
            [-95.292355000073158, 29.948062000207415],
            [-95.292068999842883, 29.948799000102671],
            [-95.29175800039657, 29.949547999946795],
            [-95.291535999740404, 29.950048999613877],
            [-95.290663999704222, 29.952020000240697],
            [-95.290585999886417, 29.952193000101435],
            [-95.290447999794168, 29.952503000111161],
            [-95.289927000285573, 29.953673000252984],
            [-95.289860000338422, 29.953818000089999],
            [-95.28953899994805, 29.954529999715497],
            [-95.28912999969414, 29.955469000300376],
            [-95.287692999768424, 29.958716000197402],
            [-95.287327999895453, 29.959445999864879],
            [-95.285863000380644, 29.962720999922677],
            [-95.285429999837277, 29.963679999612179],
            [-95.284694000243533, 29.965472000065649],
            [-95.284594999611016, 29.96571400031516],
            [-95.284397000142619, 29.965646999922377],
            [-95.284203999798777, 29.965581000292751],
            [-95.283910000070904, 29.965481000345928],
            [-95.283688000313063, 29.965405000287944],
            [-95.282392999779248, 29.964948000239399],
            [-95.281610000329835, 29.964789999800097],
            [-95.278894999588758, 29.964934999764502],
            [-95.278852999755955, 29.964936999837661],
            [-95.278737000303323, 29.964918999955934],
            [-95.278415000088046, 29.96489899999705],
            [-95.277288999608658, 29.964958999861615],
            [-95.276985999659942, 29.964975999699934],
            [-95.27633399973179, 29.965012000217744],
            [-95.275443000327357, 29.964995999643374],
            [-95.274484000252514, 29.96502099976151],
            [-95.274147999793527, 29.965032000153943],
            [-95.27360899984329, 29.965069999943694],
            [-95.272629999676965, 29.965101000252979],
            [-95.271811000242565, 29.965119000101744],
            [-95.271822999938109, 29.964820000158969],
            [-95.271879999839527, 29.964583000267993],
            [-95.271967999703079, 29.964434999665176],
            [-95.271986999969656, 29.964358000321322],
            [-95.272018999756682, 29.963973000372548],
            [-95.271969000426282, 29.962988999774225],
            [-95.271944000311933, 29.962857000053845],
            [-95.271817000090337, 29.96263100003112],
            [-95.271741999747249, 29.962389000056906],
            [-95.2715269996621, 29.961840000185152],
            [-95.271306999554071, 29.961333999643664],
            [-95.271256000398765, 29.961130000142472],
            [-95.271242999979961, 29.960954000038051],
            [-95.271206000170054, 29.960821999949797],
            [-95.271098000215005, 29.960531000179568],
            [-95.271061000405098, 29.960371000336028],
            [-95.271061000405098, 29.960173000143982],
            [-95.271073000100657, 29.960112999724902],
            [-95.271528000385317, 29.959513999859464],
            [-95.271560000172371, 29.959415000126555],
            [-95.271566000020158, 29.959332000227384],
            [-95.271552999601383, 29.959128999825563],
            [-95.270323000263218, 29.958078000255949],
            [-95.270151999660669, 29.957956999858801],
            [-95.270051000276638, 29.95785800013185],
            [-95.269905999613385, 29.957841999962326],
            [-95.269854999559755, 29.957824999682064],
            [-95.269148000278321, 29.957308000026345],
            [-95.268852000002326, 29.957138000071485],
            [-95.26881400036747, 29.957099000246885],
            [-95.268781999682119, 29.956955999980718],
            [-95.268775999834332, 29.956857000035196],
            [-95.26875099971997, 29.956757999991094],
            [-95.26875099971997, 29.956451000383019],
            [-95.268725999605607, 29.95635199993459],
            [-95.268637999742069, 29.95572500025326],
            [-95.268475000433781, 29.954948000296927],
            [-95.268455000342271, 29.954850000046513],
            [-95.268410999961347, 29.954695999680126],
            [-95.268385000022079, 29.954635999846829],
            [-95.268322000272903, 29.954580999902959],
            [-95.268220999990561, 29.954552999849046],
            [-95.268171999586741, 29.954512000284137],
            [-95.268111000385701, 29.954567999628757],
            [-95.266768000171311, 29.955774999698882],
            [-95.266362000290457, 29.955964999853585],
            [-95.265404999865453, 29.956394999764143],
            [-95.261472000380081, 29.958163999959833],
            [-95.261290999731827, 29.958252999900861],
            [-95.260833999797313, 29.958477000335499],
            [-95.260801000185353, 29.958492999624504],
            [-95.260531999673532, 29.958624000370683],
            [-95.25910599961847, 29.959320999982346],
            [-95.258087999992412, 29.959782999885665],
            [-95.257732000340269, 29.959943999984148],
            [-95.257258999613938, 29.960159999822757],
            [-95.256937000296972, 29.960300999983016],
            [-95.256865000326954, 29.96033200022331],
            [-95.255266000019546, 29.961034999987763],
            [-95.255177000331088, 29.961073999824652],
            [-95.253807000352523, 29.961675999836523],
            [-95.253629000077296, 29.961692000167176],
            [-95.250335999926207, 29.961990000115211],
            [-95.250094000076871, 29.96198399971767],
            [-95.249962999657313, 29.96198100029704],
            [-95.248986999864044, 29.96195899961381],
            [-95.248350000004507, 29.961963999946427],
            [-95.248022999766334, 29.961968000212298],
            [-95.247982999583385, 29.961790999966986],
            [-95.247973000435948, 29.961235000166944],
            [-95.247976999735599, 29.960786000249033],
            [-95.247971999712732, 29.960212999624957],
            [-95.247929000055024, 29.957463999683359],
            [-95.247929999879943, 29.957202999745164],
            [-95.247930999704849, 29.956774000335077],
            [-95.247965999864959, 29.956322000132989],
            [-95.247996000002161, 29.956100999888843],
            [-95.248124000048691, 29.955471999917499],
            [-95.248317000392532, 29.954816000016478],
            [-95.248479999700848, 29.954396000151455],
            [-95.248574000310484, 29.954190000132524],
            [-95.248877000259199, 29.953577999976687],
            [-95.249156999743363, 29.952987000127184],
            [-95.249372999653431, 29.952418999726923],
            [-95.24952400016447, 29.951887999964548],
            [-95.249613999677848, 29.951427000125619],
            [-95.249647000188119, 29.951172000177955],
            [-95.249670999579266, 29.950992999814879],
            [-95.249694999868709, 29.950682999767487],
            [-95.249700999716495, 29.950521000056277],
            [-95.24969900006667, 29.949623999674955],
            [-95.249694000043789, 29.949384000335499],
            [-95.249658999883692, 29.94754000009927],
            [-95.249656000408962, 29.946921000300009],
            [-95.249648999837959, 29.946522999991132],
            [-95.249616000225984, 29.944620999689853],
            [-95.249601000157369, 29.943460999876546],
            [-95.249598999609233, 29.94325700028752],
            [-95.24958699991366, 29.942803999875704],
            [-95.249584000438944, 29.941905999679808],
            [-95.249565000172367, 29.941277999710007],
            [-95.249559000324567, 29.941038999967805],
            [-95.249560999974406, 29.940621000080615],
            [-95.24954400025598, 29.939773000124067],
            [-95.249543000431061, 29.939671999615328],
            [-95.249545999905791, 29.939503999675004],
            [-95.249559000324567, 29.938777000068605],
            [-95.249556999776445, 29.938547000150159],
            [-95.249555999951525, 29.938234999620676],
            [-95.249560999974406, 29.93739900021507],
            [-95.249566999822193, 29.936475999987092],
            [-95.249554000301714, 29.935860000048446],
            [-95.249511999570601, 29.935323999728499],
            [-95.249507000446044, 29.935204000004873],
            [-95.249502000423178, 29.935098000180581],
            [-95.249495999677066, 29.934893999789583],
            [-95.249502000423178, 29.934742999902454],
            [-95.249513000293817, 29.934500999780663],
            [-95.24952499998939, 29.934156999624001],
            [-95.248950000054137, 29.93420199962161],
            [-95.24788300002426, 29.934213999877031],
            [-95.247251000187589, 29.934202999967301],
            [-95.247183000415546, 29.93420199962161],
            [-95.247000000117424, 29.93420199962161],
            [-95.246460000342267, 29.93420199962161],
            [-95.245926000414883, 29.934226000130963],
            [-95.245071999922047, 29.934283000344465],
            [-95.244486999941032, 29.934328999851022],
            [-95.244310000389021, 29.934334000016062],
            [-95.243856999754186, 29.934348999731387],
            [-95.243075000129679, 29.93437399977077],
            [-95.242993000113927, 29.934369000386177],
            [-95.241859000136898, 29.934305999711128],
            [-95.240573999648845, 29.934156000056337],
            [-95.239494999923423, 29.934006999744589],
            [-95.238726999644314, 29.933926000353992],
            [-95.238693000207434, 29.934156999624001],
            [-95.235881000280301, 29.9339050000399],
            [-95.234389999927913, 29.933950000151473],
            [-95.23408399960617, 29.933955000335622],
            [-95.233311000202505, 29.933961999658802],
            [-95.231050999746088, 29.934008000092252],
            [-95.228113000320562, 29.934076999924031],
            [-95.226004000375198, 29.934118000128613],
            [-95.225812999681182, 29.934121999957821],
            [-95.225760999802631, 29.934123000304314],
            [-95.225592999573152, 29.934120000043269],
            [-95.225416999846061, 29.934123000304314],
            [-95.218932999651159, 29.934156999624001],
            [-95.216235000425144, 29.934190999710545],
            [-95.212918999809546, 29.934247000377283],
            [-95.212273999554057, 29.934244999686765],
            [-95.211866999848297, 29.934201000054379],
            [-95.21155700022689, 29.934190999710545],
            [-95.211251999730052, 29.934145000140198],
            [-95.21056600036502, 29.934042000229724],
            [-95.210073000445519, 29.933926999924026],
            [-95.20919399983832, 29.933605000073637],
            [-95.208389999574209, 29.933242000189601],
            [-95.2077770000041, 29.932902000229593],
            [-95.207611000322743, 29.93278100033902],
            [-95.207318000419789, 29.932587000374678],
            [-95.206385000284243, 29.931911000184442],
            [-95.205201000078517, 29.930954999626202],
            [-95.204221999912193, 29.93018700036253],
            [-95.203343000203319, 29.929497999780828],
            [-95.202963000261718, 29.92919799976341],
            [-95.202476000190003, 29.928777000310834],
            [-95.202035000149053, 29.928378000188207],
            [-95.201651000009491, 29.927926999799784],
            [-95.201303999679851, 29.92747399965517],
            [-95.20095399987548, 29.926929999862352],
            [-95.200708999653102, 29.926382999716136],
            [-95.200465000153955, 29.925877999814478],
            [-95.200279000381116, 29.925392999809468],
            [-95.200139999565621, 29.924898000056434],
            [-95.200106000128756, 29.924758999632822],
            [-95.200086999862179, 29.924674000291915],
            [-95.200036999633454, 29.924449000358109],
            [-95.200012000417416, 29.924266999620887],
            [-95.199977000257306, 29.923659999799995],
            [-95.199988999952893, 29.922939000082682],
            [-95.200013000242322, 29.922760000302567],
            [-95.200205999687853, 29.921370999995418],
            [-95.200291000076675, 29.920794000049305],
            [-95.200424000146057, 29.919895000045926],
            [-95.200492999743034, 29.91958600013179],
            [-95.200778999973309, 29.917517000384606],
            [-95.200978000164923, 29.916081999987533],
            [-95.201466000061558, 29.912661000319158],
            [-95.201876999965307, 29.91022200003254],
            [-95.202385999778329, 29.906815000099016],
            [-95.202415999915559, 29.906706999947701],
            [-95.202426999786212, 29.906547999814585],
            [-95.20276700044316, 29.90464999964486],
            [-95.203092000133168, 29.902689000255226],
            [-95.203148000209666, 29.902124999647278],
            [-95.203232999700148, 29.901391000318426],
            [-95.203246999943858, 29.900037000193901],
            [-95.203242999745896, 29.899276000163603],
            [-95.203232999700148, 29.897399000307576],
            [-95.203191999692265, 29.896526000316172],
            [-95.20319300041551, 29.896399000148602],
            [-95.203184000194682, 29.8957019997688],
            [-95.203184000194682, 29.895597999850622],
            [-95.203184000194682, 29.895512999761959],
            [-95.20319300041551, 29.894007999838969],
            [-95.20319300041551, 29.892426000054854],
            [-95.20319300041551, 29.892018999992079],
            [-95.203184000194682, 29.891774999622626],
            [-95.203164999928092, 29.891675000256168],
            [-95.203113000049569, 29.89153500019583],
            [-95.203066000193886, 29.89110599961521],
            [-95.203017999615, 29.890747999796055],
            [-95.203005000094521, 29.890545999670096],
            [-95.202853999583468, 29.889868999883149],
            [-95.202617999581918, 29.889223999997654],
            [-95.20226299975468, 29.888440000123801],
            [-95.201832999584369, 29.887783999973603],
            [-95.200682999713834, 29.886332999653042],
            [-95.198769999587057, 29.884108000194239],
            [-95.198157999841868, 29.883367000036593],
            [-95.197963999673107, 29.88315200027613],
            [-95.19780399983955, 29.88291599988937],
            [-95.196986000230027, 29.881980999810764],
            [-95.195159000316991, 29.879905999627933],
            [-95.193826999973254, 29.878316000134227],
            [-95.193202999634181, 29.877617000009341],
            [-95.192280000442693, 29.876575000150954],
            [-95.191603000400178, 29.875811999844778],
            [-95.190485000316698, 29.874523000361155],
            [-95.189742999976843, 29.873641000208561],
            [-95.188905000275852, 29.872524000177492],
            [-95.18837800002116, 29.871770999642457],
            [-95.187992000231773, 29.871072999808359],
            [-95.1878730004061, 29.870814999861039],
            [-95.187798000063012, 29.870657999744633],
            [-95.187634000031494, 29.870687999656955],
            [-95.187454000106442, 29.870751000066669],
            [-95.187176000272103, 29.870825999760651],
            [-95.187198000013396, 29.870901000177245],
            [-95.187357999846967, 29.871282999689548],
            [-95.187521999878513, 29.871695999879964],
            [-95.187838000245989, 29.872219999959835],
            [-95.188177000179707, 29.872747000175995],
            [-95.189044000193007, 29.873808999874516],
            [-95.191764000058654, 29.876846000300482],
            [-95.195761999841338, 29.881432000301821],
            [-95.196970000336506, 29.882818000369944],
            [-95.197127999621927, 29.883089999990972],
            [-95.197191000269441, 29.883204999810935],
            [-95.197598999800135, 29.883625000227632],
            [-95.198454000117877, 29.884652000223639],
            [-95.20139400009154, 29.888186000048258],
            [-95.201598000306049, 29.88854399972271],
            [-95.201825999911662, 29.889012999711195],
            [-95.20200900020977, 29.889410000197227],
            [-95.202148999951859, 29.889842000326613],
            [-95.202267999777547, 29.890260000025339],
            [-95.202333000074859, 29.890555999724469],
            [-95.202364000037022, 29.890694000373085],
            [-95.202391999626101, 29.891054000387026],
            [-95.202425000136401, 29.891491000381009],
            [-95.202462999771228, 29.891822000068956],
            [-95.202487999885591, 29.892199999704687],
            [-95.202497000106405, 29.8935380000134],
            [-95.202550999634781, 29.895328999963159],
            [-95.202523999870579, 29.895591000166732],
            [-95.202514999649765, 29.89569600004603],
            [-95.202507999977058, 29.895763000044731],
            [-95.202517000197901, 29.896294000231162],
            [-95.202514999649765, 29.896391999742189],
            [-95.202543000137155, 29.896824999924583],
            [-95.202584000145052, 29.897469999684215],
            [-95.202598000388733, 29.90038999981979],
            [-95.202598000388733, 29.900969000197779],
            [-95.202513999824831, 29.901701999626955],
            [-95.202372000432945, 29.902664000045998],
            [-95.202047999669517, 29.904862000171164],
            [-95.201762000337567, 29.906273999881055],
            [-95.201707999910894, 29.906636999988951],
            [-95.201667999727917, 29.906900999732038],
            [-95.201477999757131, 29.908172000255917],
            [-95.200084000387434, 29.917483000052307],
            [-95.199980999556956, 29.918173999946656],
            [-95.199815999700519, 29.919277999754364],
            [-95.199778999890597, 29.919523000220597],
            [-95.19972199998918, 29.919900000157597],
            [-95.199593000117758, 29.920765000125652],
            [-95.199362999963995, 29.922299000169996],
            [-95.199299000389885, 29.922729999712061],
            [-95.199323999605937, 29.92391099996312],
            [-95.199328999628804, 29.924000999861242],
            [-95.199341000222688, 29.92418699975623],
            [-95.199357999941114, 29.924457000014961],
            [-95.199382000230571, 29.924565000380589],
            [-95.199427000436415, 29.924764999940759],
            [-95.199486999812549, 29.92503399975098],
            [-95.199515000299954, 29.925158000249379],
            [-95.199665999912696, 29.925602000038801],
            [-95.199795999609051, 29.9260730000493],
            [-95.200024999937909, 29.926544999810883],
            [-95.200094000433182, 29.92668100036925],
            [-95.200286999878713, 29.927061999781898],
            [-95.200839000247768, 29.927877999998692],
            [-95.201163999937776, 29.928253999808646],
            [-95.201441999772115, 29.928561999662985],
            [-95.201510000442497, 29.928635999829787],
            [-95.201810999843048, 29.928956000169947],
            [-95.202178000264169, 29.929290000342391],
            [-95.202511000350114, 29.929551000354213],
            [-95.204724999877442, 29.931364000166617],
            [-95.205364000285144, 29.931886999895159],
            [-95.205959000311879, 29.932321999860442],
            [-95.204101000436708, 29.93415200022849],
            [-95.203739000038439, 29.934496999966761],
            [-95.203109999676499, 29.935098000180581],
            [-95.201488999627784, 29.936658000194484],
            [-95.199648000369336, 29.938426999643177],
            [-95.195996000193077, 29.941986000090353],
            [-95.196450999579426, 29.942288999709437],
            [-95.195356999785375, 29.943352999779925],
            [-95.19378199976741, 29.944880999724635],
            [-95.193994000377828, 29.944995999822567],
            [-95.194776000002321, 29.945421000080028],
            [-95.196701999649591, 29.946465999785175],
            [-95.199363999788915, 29.947909999862205],
            [-95.200875000232756, 29.948730000363206],
            [-95.204296000430361, 29.950586000164279],
            [-95.207754000437887, 29.952461999700873],
            [-95.208407000190945, 29.952815999630033],
            [-95.209391000380137, 29.953349000191142],
            [-95.210054000178943, 29.953708000045125],
            [-95.21022099968522, 29.953799000381032],
            [-95.211173999912262, 29.954316000383713],
            [-95.21199999991768, 29.954764999949589],
            [-95.214442999773894, 29.956090000064595],
            [-95.214386999697382, 29.956129000285035],
            [-95.214272999894575, 29.956155999770157],
            [-95.214215999993158, 29.956161999741187],
            [-95.214147000396196, 29.956161999741187],
            [-95.214032999695064, 29.95614000010497],
            [-95.214000999908009, 29.956123000312019],
            [-95.213989000212436, 29.956067999634126],
            [-95.213938000158819, 29.956030000294273],
            [-95.213760999708498, 29.95596999970941],
            [-95.213666999997159, 29.955958999870674],
            [-95.213471000178586, 29.955958999870674],
            [-95.213395000010607, 29.955937000189518],
            [-95.213061000099756, 29.955926000347141],
            [-95.212846000014608, 29.955931000204863],
            [-95.212580999700734, 29.955975000343251],
            [-95.212492000012261, 29.956019999810142],
            [-95.212259000383781, 29.956086000340434],
            [-95.211974999803331, 29.956234000143951],
            [-95.211501000150406, 29.956574999862255],
            [-95.211387000347571, 29.956680000028367],
            [-95.211337000118874, 29.956761999688155],
            [-95.211292999737935, 29.956893999719771],
            [-95.211178999935115, 29.957086000301945],
            [-95.210768999856313, 29.957932999627442],
            [-95.210649000205706, 29.958163999959833],
            [-95.210497999694653, 29.958532999781529],
            [-95.210465999907598, 29.95864299993584],
            [-95.210440999793249, 29.958802000127658],
            [-95.210454000212039, 29.958988999655766],
            [-95.210479000326387, 29.959061000345837],
            [-95.210516999961229, 29.959324000261535],
            [-95.210585999558205, 29.959538999799996],
            [-95.210624000091343, 29.959807999758493],
            [-95.210624000091343, 29.960017000068621],
            [-95.210618000243571, 29.960111000332954],
            [-95.210542000075577, 29.960320000005929],
            [-95.210472999580304, 29.960435000148706],
            [-95.210390999564524, 29.960523000310218],
            [-95.210327999815334, 29.960572999677474],
            [-95.210227000431303, 29.960628000197634],
            [-95.21015700011111, 29.960682999909086],
            [-95.210163999783802, 29.960781999935595],
            [-95.210145000415537, 29.960804000101017],
            [-95.210049999980981, 29.96083700034011],
            [-95.210039999935248, 29.960847000339591],
            [-95.209981000384019, 29.960903000007011],
            [-95.209885999949464, 29.960951999884742],
            [-95.209702999651356, 29.961116999946409],
            [-95.209627000381687, 29.961155999751188],
            [-95.209577000152976, 29.961194000244721],
            [-95.209551000213708, 29.961205000282408],
            [-95.209523999551209, 29.961194000244721],
            [-95.209475999870634, 29.961205000282408],
            [-95.209324000432986, 29.96131499981459],
            [-95.209172999921933, 29.9614470000264],
            [-95.209078000385702, 29.961584999706677],
            [-95.208971000255573, 29.961699999942429],
            [-95.208875999821018, 29.961721999904654],
            [-95.208806000399122, 29.961794000171622],
            [-95.208699000268993, 29.961794000171622],
            [-95.20864200036759, 29.961827000081961],
            [-95.20864200036759, 29.96193100008152],
            [-95.208572999872302, 29.962003000197079],
            [-95.208510000123113, 29.962036000038019],
            [-95.208478000336072, 29.962068999868077],
            [-95.208382999901517, 29.962057999925932],
            [-95.20831400030454, 29.962074000195095],
            [-95.208300999885751, 29.962096000074553],
            [-95.208269999923616, 29.962101999687107],
            [-95.208168999641259, 29.96208500013546],
            [-95.207997999937035, 29.962139999818895],
            [-95.207726999775403, 29.962172999614413],
            [-95.207544000375606, 29.962168000070573],
            [-95.207386000191846, 29.962112999624377],
            [-95.207126999725773, 29.962096000074553],
            [-95.206684999859888, 29.962096000074553],
            [-95.20640700002555, 29.962404000210725],
            [-95.206350000124147, 29.96234899989506],
            [-95.206336999705343, 29.962282999631782],
            [-95.206273999956153, 29.962282999631782],
            [-95.206198999613079, 29.962332999670171],
            [-95.20612300034341, 29.962415000114564],
            [-95.206090999658045, 29.96251399997243],
            [-95.206098000229062, 29.962619000091301],
            [-95.205656000363192, 29.962938000009181],
            [-95.205478999912856, 29.963102999886935],
            [-95.205422000011438, 29.963240000327296],
            [-95.205423999661278, 29.963291999990503],
            [-95.2054260002094, 29.963350999994542],
            [-95.205467000217297, 29.964389000074434],
            [-95.207675999721772, 29.964314000002446],
            [-95.207900999852669, 29.964317000130926],
            [-95.210230999730953, 29.964348999939329],
            [-95.21036399980035, 29.964351000024283],
            [-95.210372000196259, 29.964552999837569],
            [-95.210395999587391, 29.964776000044591],
            [-95.210449000189158, 29.965119000101744],
            [-95.210644000182825, 29.966058000272998],
            [-95.210771000404435, 29.966668999841268],
            [-95.210870000138641, 29.967174999680193],
            [-95.211030999797131, 29.967963999853854],
            [-95.211189999805768, 29.968721000041715],
            [-95.211230999813651, 29.96891600033511],
            [-95.21135499966222, 29.969533000171104],
            [-95.211510000371248, 29.970307999765581],
            [-95.211677999702403, 29.971119000180504],
            [-95.211825000015494, 29.971831000385311],
            [-95.211944999666102, 29.972400000322473],
            [-95.211965999582503, 29.972481000281054],
            [-95.211979000001293, 29.972565000053059],
            [-95.212069000412967, 29.972996999648572],
            [-95.21212799996421, 29.973277999964036],
            [-95.212153000078573, 29.973365999647399],
            [-95.212269000429515, 29.973947000260871],
            [-95.212313999737034, 29.974254000296497],
            [-95.212341000399533, 29.974560000221857],
            [-95.212349999722051, 29.974881999745932],
            [-95.212346000422414, 29.976268000093732],
            [-95.212342000224453, 29.977707000366067],
            [-95.212337000201572, 29.977727999989099],
            [-95.212343000049358, 29.977745999884849],
            [-95.212341000399533, 29.97782999987372],
            [-95.212337000201572, 29.977953000007279],
            [-95.212353999920012, 29.980752999614012],
            [-95.212385999707067, 29.981848000151214],
            [-95.212394000102975, 29.985458999709131],
            [-95.212403000323818, 29.991110999997691],
            [-95.212409999996524, 29.994324999815497],
            [-95.212424000240219, 29.999291000072528],
            [-95.212424000240219, 29.999447999622046],
            [-95.217516999641845, 29.999451000245241],
            [-95.218951000092829, 29.999451000245241],
            [-95.219389999585658, 29.99945299962345],
            [-95.22238800018394, 29.99941600022953],
            [-95.226489999723697, 29.999422999611298],
            [-95.227822999892325, 29.999424999767992],
            [-95.228135999886788, 29.99940400006566],
            [-95.230623000123913, 29.999376000196435],
            [-95.231106999822586, 29.999361000179849],
            [-95.231157000051297, 29.999359000021858],
            [-95.231261999633276, 29.999356000173865],
            [-95.231824000048064, 29.99933800030562],
            [-95.231839000116679, 29.99933800030562],
            [-95.231902999690789, 29.999336000147181],
            [-95.234030000077809, 29.999356000173865],
            [-95.234950999619485, 29.999343000312575],
            [-95.235359000048476, 29.999336000147181],
            [-95.236098999840195, 29.999328000291026],
            [-95.236433999575937, 29.999321999814974],
            [-95.236569000193484, 29.999319999656208],
            [-95.237020000280182, 29.99931399995765],
            [-95.237175000090872, 29.99931399995765],
            [-95.237849999585251, 29.999304999631185],
            [-95.238786000093853, 29.999293000231894],
            [-95.240216000346877, 29.999275000352291],
            [-95.241105000101513, 29.999263000171371],
            [-95.241261999562013, 29.999260000320476],
            [-95.241750000356959, 29.999253999840292],
            [-95.242106000009116, 29.99925000029797],
            [-95.24274899971644, 29.999223999767999],
            [-95.242995999588643, 29.999213999741919],
            [-95.243862999601959, 29.999213999741919],
            [-95.244628000406337, 29.999215999902823],
            [-95.245246999824232, 29.999215000211308],
            [-95.245364000000095, 29.999215000211308],
            [-95.246097999944013, 29.999213999741919],
            [-95.246266999998412, 29.99921099988947],
            [-95.24712899998886, 29.999203000023201],
            [-95.247647000022724, 29.999195999847924],
            [-95.247842999841296, 29.99919500015627],
            [-95.248103000132289, 29.999190999833644],
            [-95.248382999616467, 29.999187999980496],
            [-95.248518000234, 29.999187000288764],
            [-95.248677000242651, 29.99918599981903],
            [-95.249350000087219, 29.999175999789067],
            [-95.249720999807977, 29.999172000243593],
            [-95.2501240002141, 29.999167999920026],
            [-95.250653000118618, 29.999165000066192],
            [-95.250842000264512, 29.999167000228024],
            [-95.251002999922974, 29.999167000228024],
            [-95.251207000137498, 29.999165999758151],
            [-95.251816000407942, 29.999162999904268],
            [-95.252075999800624, 29.999164000374229],
            [-95.252326999870789, 29.999157000196206],
            [-95.252620999598662, 29.99915200017989],
            [-95.253090000127031, 29.999157000196206],
            [-95.254095000232596, 29.999155999726167],
            [-95.255206999569978, 29.999157000196206],
            [-95.255641999763171, 29.999157000196206],
            [-95.256312999957899, 29.999155999726167],
            [-95.257404000277205, 29.999157999888244],
            [-95.257381999637587, 29.998145999866164],
            [-95.257383000360818, 29.99740799981948],
            [-95.257411999774817, 29.996720000355204],
            [-95.257380999812668, 29.995865999866155],
            [-95.257358000246455, 29.995577000285877],
            [-95.257569000133657, 29.994976000049931],
            [-95.258484999652453, 29.995292000344151],
            [-95.258626999942663, 29.995334999658922],
            [-95.258754999989193, 29.994850000011471],
            [-95.258782999578287, 29.994461000248336],
            [-95.259155999847195, 29.994464000244353],
            [-95.259334000122408, 29.994646000091809],
            [-95.259898000187036, 29.994823000149157],
            [-95.260819999553618, 29.995083000333565],
            [-95.261725000100085, 29.99534899977554],
            [-95.262612000204882, 29.995621999710526],
            [-95.262871999597564, 29.994947999709375],
            [-95.263772000121165, 29.995209999808054],
            [-95.26403900008485, 29.994601000224691],
            [-95.264583000057982, 29.994738000015989],
            [-95.265864000348074, 29.995063999957154],
            [-95.265676999852005, 29.995492999749327],
            [-95.265592000361522, 29.995755999691706],
            [-95.265323999674592, 29.996428000212997],
            [-95.265026999573678, 29.997197999884818],
            [-95.265926000272373, 29.997434999756624],
            [-95.265588999988466, 29.998244000199644],
            [-95.265798000225843, 29.998312999788912],
            [-95.267429000320305, 29.998852999991676],
            [-95.268189000203506, 29.999107999714361],
            [-95.268333999968462, 29.999155000034115],
            [-95.26894300023892, 29.999354000015771],
            [-95.269077999958128, 29.999396999904633],
            [-95.269825000320836, 29.999673000213246],
            [-95.269492000234905, 30.000465999999975],
            [-95.269365000013295, 30.000779999800525],
            [-95.269204000354819, 30.001082999875194],
            [-95.269158000324069, 30.001203000195886],
            [-95.268994000292523, 30.001521999895491],
            [-95.268838999583522, 30.001822000264884],
            [-95.268590999886399, 30.002394999702421],
            [-95.268313000052061, 30.003099999814253],
            [-95.268087999921164, 30.003625999915513],
            [-95.267687000063162, 30.004571999895745],
            [-95.26752399985655, 30.004889000387045],
            [-95.267886000254791, 30.004889000387045],
            [-95.267835000201174, 30.005004999906337],
            [-95.268050000286323, 30.005011999671829],
            [-95.268242999731854, 30.005017999803833],
            [-95.268481000281554, 30.005019000214752],
            [-95.26865799983355, 30.005015999759859],
            [-95.269471000318504, 30.00505999993953],
            [-95.270440000439081, 30.005038999873875],
            [-95.270948000427197, 30.005032000110354],
            [-95.271782999755132, 30.00501100003876],
            [-95.2721390003056, 30.005006999950517],
            [-95.2724709996683, 30.005021999891557],
            [-95.273286999627999, 30.005053000177497],
            [-95.274240999679947, 30.005051999766909],
            [-95.274971000324228, 30.005051000134245],
            [-95.2760960000804, 30.005049999723632],
            [-95.276321000211311, 30.005049999723632],
            [-95.276811999582677, 30.005047999680318],
            [-95.276964999743541, 30.005047999680318],
            [-95.277107999858686, 30.005049000090956],
            [-95.277250000148896, 30.005049999723632],
            [-95.27749799984602, 30.005059000306957],
            [-95.278806999725205, 30.005053999810148],
            [-95.279545999692004, 30.005044000371512],
            [-95.279949000098142, 30.005034000153987],
            [-95.281171999763615, 30.005038999873875],
            [-95.281796000102659, 30.00504099991737],
            [-95.282381000083689, 30.005047999680318],
            [-95.282458999901479, 30.005049000090956],
            [-95.283686999589818, 30.005040000284605],
            [-95.284214999669416, 30.005036000197581],
            [-95.284342999715932, 30.005034999786815],
            [-95.284495000051905, 30.005034999786815],
            [-95.285480999890908, 30.005036000197581],
            [-95.291146999578004, 30.005042000328071],
            [-95.292751999733198, 30.005045000004241],
            [-95.293155000139322, 30.005045000004241],
            [-95.293867000341933, 30.005045999636966],
            [-95.293920000045389, 30.005044000371512],
            [-95.294532999615484, 30.005025000346272],
            [-95.294546000034288, 30.005025000346272],
            [-95.295187000091772, 30.005004000273217],
            [-95.296840999752476, 30.004943000072853],
            [-95.296988999890459, 30.004938000348066],
            [-95.296972000172033, 30.005687999811723],
            [-95.296959999578164, 30.005917000308415],
            [-95.296921000118417, 30.006010000298058],
            [-95.296828000231997, 30.006087000022799],
            [-95.296726000124735, 30.0065659999484],
            [-95.296641999560833, 30.006871000253462],
            [-95.296480000077452, 30.007241000002452],
            [-95.296322999718612, 30.007553999759715],
            [-95.29612400042528, 30.007910999778531],
            [-95.295839999844858, 30.008330999757458],
            [-95.295597000170616, 30.00869400000148],
            [-95.295474999971873, 30.008841999991965],
            [-95.295228999924575, 30.009282999868482],
            [-95.295042000326816, 30.009733000277613],
            [-95.294838000112321, 30.010385999718064],
            [-95.294804999602036, 30.010565999992139],
            [-95.294731999807112, 30.011028999913961],
            [-95.294724000309515, 30.011291999908408],
            [-95.294727999609151, 30.011900999738799],
            [-95.294736999829965, 30.012684000360615],
            [-95.294752999723514, 30.015011999854774],
            [-95.294745000225902, 30.015997999729631],
            [-95.294703000393113, 30.016328999757938],
            [-95.300221999767089, 30.016328000238911],
            [-95.306760000388664, 30.016299999700941],
            [-95.306770000434398, 30.016999000377119],
            [-95.306788999802663, 30.018170999763566],
            [-95.306782999954891, 30.018428999665037],
            [-95.306787000152852, 30.020787000203477],
            [-95.30679600037368, 30.021038000109243],
            [-95.308142000062787, 30.021027999948508],
            [-95.308943999778776, 30.021023999728349],
            [-95.308918999664428, 30.02299000019131],
            [-95.308984999786659, 30.023314000185504],
            [-95.308988999984621, 30.023762000267247],
            [-95.310117999938768, 30.023769000264618],
            [-95.310538999888237, 30.023762999711355],
            [-95.310532000215545, 30.023218000182389],
            [-95.310524999644542, 30.022623000001708],
            [-95.310542000261279, 30.021591999815222],
            [-95.310552000307027, 30.021020000285844],
            [-95.310657999713925, 30.021020000285844],
            [-95.311799000261942, 30.021026999699036],
            [-95.312004000301357, 30.021016000065416],
            [-95.312067000050547, 30.020994000016717],
            [-95.312112000256377, 30.020938000012183],
            [-95.312122000302125, 30.02088900017673],
            [-95.312119999753989, 30.020802000091784],
            [-95.312118000104164, 30.02070799971748],
            [-95.312392999565461, 30.020711999950326],
            [-95.312852999873002, 30.02071900016302],
            [-95.313519999869769, 30.020729999829573],
            [-95.314846000365719, 30.02071099969767],
            [-95.314863000084159, 30.021448000385945],
            [-95.314868000107026, 30.022002000134556],
            [-95.314868000107026, 30.022036999959941],
            [-95.314868000107026, 30.022166999869988],
            [-95.315930999938928, 30.022172999742025],
            [-95.315935999961809, 30.022621000312771],
            [-95.31594000015977, 30.022714999651246],
            [-95.315976000144758, 30.022832000333455],
            [-95.316029999673134, 30.022907999991336],
            [-95.316387000048508, 30.022862999719944],
            [-95.316758999594185, 30.022818000205934],
            [-95.317142999733733, 30.022755999839571],
            [-95.317519000375682, 30.022674999678873],
            [-95.317881999700532, 30.02259000007281],
            [-95.318019999792782, 30.02299300010251],
            [-95.318046999556969, 30.023144999890942],
            [-95.318055999777798, 30.023418000343213],
            [-95.318593999903158, 30.023412999994147],
            [-95.318603000123971, 30.024016000299817],
            [-95.31872799979746, 30.032846999860094],
            [-95.318736000193368, 30.033201000216813],
            [-95.318649999979641, 30.033175000031537],
            [-95.318228000205252, 30.034319000176094],
            [-95.318202000265998, 30.034389999786555],
            [-95.318174999603485, 30.034461000123873],
            [-95.318205999565635, 30.034458999895971],
            [-95.318463000381897, 30.034368999709894],
            [-95.319352000136519, 30.033914000067295],
            [-95.319928999721597, 30.033716000327647],
            [-95.320736000358792, 30.033555000086778],
            [-95.321285000354777, 30.033393000237314],
            [-95.322078999674858, 30.03309200035153],
            [-95.322268999645644, 30.032954999865712],
            [-95.32237999997372, 30.032762999774395],
            [-95.322451000118832, 30.032445999716959],
            [-95.322465000362541, 30.031091999995365],
            [-95.322420000156697, 30.030991999929206],
            [-95.322299999607779, 30.030895000211906],
            [-95.321486000196217, 30.030472999823836],
            [-95.321429000294813, 30.030305000223478],
            [-95.321435000142614, 30.030126000160063],
            [-95.321459000432057, 30.030059999842216],
            [-95.322544999830157, 30.029544000013772],
            [-95.322811999793856, 30.029375000229049],
            [-95.323135999658959, 30.02879799963965],
            [-95.323432999759873, 30.028661000218019],
            [-95.323568000377421, 30.0286099999649],
            [-95.323887000219628, 30.02849000013498],
            [-95.323989000326875, 30.028429000379656],
            [-95.324396999857584, 30.028185000205134],
            [-95.324647999927748, 30.027902000190785],
            [-95.324849999594107, 30.027606000100075],
            [-95.325068000052312, 30.027286000100755],
            [-95.326083000203624, 30.02649400024902],
            [-95.326387999802165, 30.026310000100469],
            [-95.326541999787935, 30.026280999851497],
            [-95.326723000436218, 30.026364999986214],
            [-95.326878000246921, 30.026531999848306],
            [-95.327022000186972, 30.026826999844026],
            [-95.327036000430667, 30.028005000022951],
            [-95.327176000172742, 30.028486999612429],
            [-95.327951999949462, 30.029123000263446],
            [-95.328372999898946, 30.029563000008388],
            [-95.329633000272651, 30.03030100037768],
            [-95.330041999628236, 30.030486999648048],
            [-95.330239000170053, 30.030577000248496],
            [-95.330533999722846, 30.030701999866661],
            [-95.330778999945224, 30.030715000284538],
            [-95.33092299988526, 30.030653000190693],
            [-95.331144999643129, 30.030421000348323],
            [-95.332047999641446, 30.029356000198465],
            [-95.332553000154817, 30.02920499998929],
            [-95.333247999740692, 30.029127000156823],
            [-95.334600000175897, 30.029417000161061],
            [-95.334714999803637, 30.029517000260817],
            [-95.334990999988136, 30.029956999812232],
            [-95.33525600030201, 30.030276999743919],
            [-95.33552599974044, 30.030439000020312],
            [-95.335976000002233, 30.030458999997645],
            [-95.336217999851584, 30.030324000072223],
            [-95.336328000354754, 30.030132000328173],
            [-95.336678000159111, 30.028957000269418],
            [-95.336807000030547, 30.028817999948103],
            [-95.337017999917734, 30.028706000190819],
            [-95.338094999993345, 30.028368999984444],
            [-95.338606000354503, 30.028137999640336],
            [-95.338956999983793, 30.028042999820716],
            [-95.339284000221923, 30.028021999954763],
            [-95.340254000167405, 30.028124000262117],
            [-95.340825999729617, 30.02807399991104],
            [-95.341065999929143, 30.028098000300474],
            [-95.342052999593051, 30.028219000004118],
            [-95.342327999952659, 30.028252999791434],
            [-95.344370999775791, 30.028491999705587],
            [-95.34465299980809, 30.02843999996858],
            [-95.345496000430273, 30.02814500010648],
            [-95.34578400031036, 30.028152999971947],
            [-95.346630000407274, 30.028301999876078],
            [-95.347221000236075, 30.028156999904475],
            [-95.347672000322774, 30.028134999884895],
            [-95.348021000302239, 30.028243000358437],
            [-95.34865300013891, 30.028579000042207],
            [-95.348900999836033, 30.028766000382106],
            [-95.349053000171992, 30.028956000099942],
            [-95.349100000027661, 30.028944999790571],
            [-95.349295999846234, 30.029138999835876],
            [-95.349536000045759, 30.029254999769812],
            [-95.349849000040194, 30.02930500030293],
            [-95.350013999896632, 30.029432000299121],
            [-95.350136999920267, 30.029614999934029],
            [-95.350297999578771, 30.030074999882974],
            [-95.350330000264137, 30.031072000145763],
            [-95.350480999876879, 30.031388999931565],
            [-95.350665999824798, 30.031538999781016],
            [-95.350805999566887, 30.031623000126441],
            [-95.350969999598419, 30.031686999897399],
            [-95.351826999565986, 30.031761999625022],
            [-95.352128999689768, 30.031860000189411],
            [-95.352354999645584, 30.031946999902956],
            [-95.352599000043057, 30.032140000156996],
            [-95.353218000359263, 30.032792999813189],
            [-95.353676000118668, 30.033152000220866],
            [-95.353995999785795, 30.033524000155253],
            [-95.354189000129651, 30.033659000388237],
            [-95.354342000290515, 30.033712999963299],
            [-95.354589999987638, 30.033711999841795],
            [-95.354697999942687, 30.033608000373672],
            [-95.354769999912691, 30.033330000137923],
            [-95.354863999624015, 30.033259999894117],
            [-95.355060000340927, 30.033212000053819],
            [-95.355241000090899, 30.033298000010358],
            [-95.355636000101114, 30.033612000086013],
            [-95.355970000011936, 30.033977999914246],
            [-95.356656000275294, 30.034906000049642],
            [-95.357633999718374, 30.035765000119905],
            [-95.358185000262523, 30.036007000101701],
            [-95.358751999801854, 30.036089000353584],
            [-95.359165000253739, 30.036097000355561],
            [-95.359613999792302, 30.036040000230187],
            [-95.359840999573009, 30.035956999838994],
            [-95.360905999953061, 30.035342000143103],
            [-95.36195700008939, 30.034305000115442],
            [-95.362722999820363, 30.033667999930564],
            [-95.36315399981558, 30.033105999805866],
            [-95.36354600035105, 30.032865999999274],
            [-95.364969000033071, 30.032244000387934],
            [-95.365272999806663, 30.032058999886658],
            [-95.365730999566082, 30.031550999945857],
            [-95.365917000237232, 30.031473999770419],
            [-95.366040000260881, 30.031473999770419],
            [-95.366237999729279, 30.031598999812793],
            [-95.3666050001504, 30.032504999843653],
            [-95.367343000292294, 30.033450000329701],
            [-95.367422999759924, 30.03367299976242],
            [-95.367446000224461, 30.033735999643767],
            [-95.367488999882156, 30.033855000001619],
            [-95.367785000158165, 30.034682000168981],
            [-95.36789599958793, 30.034873999653307],
            [-95.368801000134397, 30.036028999929364],
            [-95.369248000023134, 30.036430999666969],
            [-95.369703000307808, 30.036596000271189],
            [-95.370306999657075, 30.0366110001004],
            [-95.370402000091644, 30.036614000377021],
            [-95.370850999630207, 30.036678000035657],
            [-95.373983999947711, 30.037340000106209],
            [-95.374703999647934, 30.037604999690199],
            [-95.375799000165188, 30.038239000003635],
            [-95.377255000357479, 30.039165999830171],
            [-95.377688999827441, 30.039369999954051],
            [-95.378053999700427, 30.039421000113752],
            [-95.378341999580499, 30.039401999676148],
            [-95.379304999853275, 30.03921900022679],
            [-95.379969000375326, 30.039399000261561],
            [-95.380170000216779, 30.039515999914389],
            [-95.380314999981735, 30.039811000147239],
            [-95.380542999587377, 30.040103000108445],
            [-95.381308000391755, 30.04043599986084],
            [-95.38212799965109, 30.040407999910766],
            [-95.382301999728355, 30.040379999952741],
            [-95.382414999706256, 30.040361999753362],
            [-95.382532999707038, 30.040343000273829],
            [-95.382613000072979, 30.040305999803433],
            [-95.382751000165243, 30.040243000210815],
            [-95.383092999573691, 30.039934999724576],
            [-95.383793999905663, 30.038798999651611],
            [-95.384133999664272, 30.038439000185704],
            [-95.384511000131141, 30.038223000344949],
            [-95.385998000285554, 30.037768999814368],
            [-95.38706100011747, 30.037370999621718],
            [-95.388312000270318, 30.03666899998893],
            [-95.388842999824661, 30.036471999625963],
            [-95.389209000420877, 30.036521000313435],
            [-95.38988200026543, 30.036796999971472],
            [-95.390323000306395, 30.036884000017032],
            [-95.390734000210131, 30.036873999899502],
            [-95.391366999871707, 30.036722000165788],
            [-95.392121999732026, 30.036355000267221],
            [-95.392832000284827, 30.036170999759907],
            [-95.393608999886467, 30.036150000060665],
            [-95.394110000201891, 30.036300999798716],
            [-95.394398000081978, 30.036290999622334],
            [-95.394696000007812, 30.036170999759907],
            [-95.395251999676503, 30.035744000334624],
            [-95.39547500015756, 30.035665000102664],
            [-95.395752000167008, 30.035655999963947],
            [-95.396040999872014, 30.035848999994148],
            [-95.39640499992008, 30.035868000335434],
            [-95.396850999983897, 30.035983000072079],
            [-95.39687699992318, 30.035989999984121],
            [-95.396967000334854, 30.035970999666244],
            [-95.397523999828479, 30.035664000000885],
            [-95.398121000403364, 30.035536000110248],
            [-95.398636999889078, 30.0356510002322],
            [-95.398703999836229, 30.03598699968861],
            [-95.398851999974241, 30.036106999773814],
            [-95.399073999732096, 30.036194999743984],
            [-95.399277999946591, 30.036222000010813],
            [-95.399729999858209, 30.036187999846423],
            [-95.399994000347164, 30.036088000256065],
            [-95.400149999982773, 30.035962999654089],
            [-95.40033199955765, 30.035453000074551],
            [-95.400554000213816, 30.035108000174443],
            [-95.400739999986655, 30.034871000101663],
            [-95.401099999836759, 30.034573999712322],
            [-95.402350999989636, 30.033876000187192],
            [-95.40351400027896, 30.033537000202962],
            [-95.404257000443721, 30.033244000209169],
            [-95.404335000261511, 30.033118999908407],
            [-95.404386000315156, 30.032874000261369],
            [-95.40441200025441, 30.031767000330706],
            [-95.404519000384539, 30.031544999863648],
            [-95.405070999855283, 30.031285999727171],
            [-95.405235999711707, 30.031207999976893],
            [-95.405430999705388, 30.031115999654045],
            [-95.405567999972732, 30.031052000292128],
            [-95.405849000180126, 30.030977000027235],
            [-95.405880999967181, 30.03096899961194],
            [-95.406031999579923, 30.03095700015443],
            [-95.406326000206093, 30.030933999829045],
            [-95.40677499974467, 30.03110400021432],
            [-95.40729899962632, 30.031391000221422],
            [-95.407937000209088, 30.031779999831155],
            [-95.408071999928282, 30.031912999827355],
            [-95.408179000058411, 30.032106000147586],
            [-95.408210000020546, 30.032462999664777],
            [-95.408117999959046, 30.033387000266554],
            [-95.408276000142806, 30.033828999987929],
            [-95.408923999872997, 30.034665999935974],
            [-95.409956999567669, 30.035999000092509],
            [-95.410308999920176, 30.036348999698156],
            [-95.410735999717446, 30.036631000387608],
            [-95.411636000241032, 30.0370720003285],
            [-95.412189000434978, 30.037270999669808],
            [-95.412207999803243, 30.037278000268543],
            [-95.413329000259779, 30.03752600016421],
            [-95.41388499992847, 30.037558999786832],
            [-95.414772999858172, 30.037612000265344],
            [-95.415372000082883, 30.037572000082903],
            [-95.415593999840738, 30.037556999621525],
            [-95.416619000037798, 30.037378000213341],
            [-95.416768999825635, 30.037319999962115],
            [-95.417332999890235, 30.036796999971472],
            [-95.417734999573156, 30.036614000377021],
            [-95.418246999759219, 30.036477000093992],
            [-95.418650000165357, 30.036230000002053],
            [-95.418963999984712, 30.035997999994088],
            [-95.419297000070628, 30.035589000115394],
            [-95.419426999766983, 30.035501999710508],
            [-95.420037999687267, 30.035431000119083],
            [-95.420629000414365, 30.035549999996974],
            [-95.420780999852013, 30.035495999867489],
            [-95.420922000317333, 30.035399999996685],
            [-95.421178000410379, 30.035226000334063],
            [-95.421820000292783, 30.035347999995437],
            [-95.422391999855009, 30.035291000216947],
            [-95.423186000073386, 30.034923000353249],
            [-95.423316999594633, 30.034788000286763],
            [-95.423412000029188, 30.034516000152955],
            [-95.423577999710545, 30.034415999653074],
            [-95.423819999559868, 30.034443999741004],
            [-95.424351999837441, 30.034774999625448],
            [-95.425351999920139, 30.034958000282867],
            [-95.42567400013543, 30.035178999997349],
            [-95.426269999987085, 30.035720000241248],
            [-95.426515000209477, 30.035852000293893],
            [-95.426717999700742, 30.035881000075644],
            [-95.427007000304044, 30.035818000002575],
            [-95.427440999774007, 30.035724999969574],
            [-95.427592000285074, 30.03569299983771],
            [-95.428563999880353, 30.035760999716722],
            [-95.428618000307054, 30.035765000119905],
            [-95.428650000094095, 30.035767000321382],
            [-95.42876200024709, 30.035775000349354],
            [-95.42885500013351, 30.035781000175476],
            [-95.428977000332239, 30.035762999918326],
            [-95.429085000287273, 30.035746999859793],
            [-95.429136000340904, 30.035738999829608],
            [-95.429179999823518, 30.035721000342473],
            [-95.429367000319587, 30.035643000194202],
            [-95.429398000281722, 30.03562999964506],
            [-95.429487999795086, 30.035592999747827],
            [-95.429628000435486, 30.035535000007169],
            [-95.42980199961444, 30.035463000335561],
            [-95.429903999721702, 30.035351000310296],
            [-95.430123999829718, 30.034890999962396],
            [-95.430396999641204, 30.034676000276331],
            [-95.430656999932197, 30.03456899992597],
            [-95.431048999569356, 30.034556000013641],
            [-95.431200000080409, 30.034763999961843],
            [-95.431230000217653, 30.034966000376102],
            [-95.43129799998971, 30.035291000216947],
            [-95.431451999975494, 30.035517999808597],
            [-95.431624000402934, 30.035640999990171],
            [-95.431944000070061, 30.035713000310139],
            [-95.432272999958045, 30.035731999899845],
            [-95.432768000425696, 30.035843000172147],
            [-95.433165999910628, 30.035811000078382],
            [-95.433427000026526, 30.03568900020931],
            [-95.433571999791482, 30.035511999966555],
            [-95.433617999822246, 30.035411000367326],
            [-95.433739000196084, 30.035145000252818],
            [-95.433772999632936, 30.035078000058768],
            [-95.433956999755964, 30.034842000024337],
            [-95.434344000268553, 30.034408000293094],
            [-95.434487000383697, 30.034212000217984],
            [-95.43462200010292, 30.03409499974633],
            [-95.434651000415244, 30.034068999795601],
            [-95.434775000263784, 30.034027999620115],
            [-95.435008999717198, 30.034014999636756],
            [-95.435221000327616, 30.034079000196186],
            [-95.435365000267666, 30.034240999702011],
            [-95.435447000283446, 30.034406000064191],
            [-95.43561899981259, 30.034504000347177],
            [-95.435690999782594, 30.034504000347177],
            [-95.435822000202165, 30.034504000347177],
            [-95.436054999830674, 30.034402999720665],
            [-95.436387000091699, 30.034278000104027],
            [-95.436741000094017, 30.034252000201313],
            [-95.436915999996202, 30.034312000146016],
            [-95.436943999585282, 30.034320999629099],
            [-95.436973999722525, 30.034331000004265],
            [-95.437283000417324, 30.034523000168619],
            [-95.437655999787907, 30.034684999726359],
            [-95.437752000047368, 30.034661000154216],
            [-95.437907999682992, 30.034621000335971],
            [-95.438071999714495, 30.034502000120217],
            [-95.438712999772022, 30.034060999629901],
            [-95.438901999917903, 30.034051000005128],
            [-95.439144999592159, 30.03414400005374],
            [-95.439423000324823, 30.034307000346448],
            [-95.439716000227776, 30.034413000087614],
            [-95.439788000197794, 30.034396999811122],
            [-95.439906000198562, 30.0343720000544],
            [-95.440050000138612, 30.034329999889074],
            [-95.440615999853051, 30.034101999791726],
            [-95.440903999733138, 30.034074999725004],
            [-95.441229000321471, 30.034172000218526],
            [-95.441313999811968, 30.034343999946174],
            [-95.441385999781986, 30.034585000174651],
            [-95.441400000025695, 30.034901000280044],
            [-95.4414929999121, 30.035216000049214],
            [-95.441586999623439, 30.035347999995437],
            [-95.441722000240958, 30.035438000070101],
            [-95.442194000244072, 30.035782000276086],
            [-95.442734000019243, 30.036259999768973],
            [-95.442837999776302, 30.036306000275374],
            [-95.443026999922211, 30.036389999691092],
            [-95.443641000215521, 30.036659999941438],
            [-95.443965000080624, 30.036801999645409],
            [-95.444336999626302, 30.036837999778957],
            [-95.444719999940943, 30.036689000264431],
            [-95.445110999753197, 30.03667300035541],
            [-95.445257000241384, 30.036654000168483],
            [-95.44579899966638, 30.036614999691537],
            [-95.446231000384813, 30.036520000220278],
            [-95.446780000380812, 30.035969000246521],
            [-95.447202000155201, 30.035683000377613],
            [-95.447555000332628, 30.035588000012822],
            [-95.447714000341279, 30.035708999904919],
            [-95.44778499958808, 30.035764000019128],
            [-95.447958999665346, 30.0358960000131],
            [-95.448060999772608, 30.03627200013981],
            [-95.448276999682676, 30.036479000281144],
            [-95.448721999921574, 30.036586000124576],
            [-95.449346000260647, 30.036812999860405],
            [-95.449486000002736, 30.036863999780902],
            [-95.449699000438088, 30.036888999686642],
            [-95.450374999757372, 30.036966999631851],
            [-95.450460999971099, 30.036976999739991],
            [-95.450706000193478, 30.037164999875017],
            [-95.450900000362225, 30.037633999736684],
            [-95.451024000210793, 30.03772500014913],
            [-95.451226999702072, 30.037749999837587],
            [-95.451554999765122, 30.037605999772413],
            [-95.451906000292723, 30.037358000076907],
            [-95.452557000395984, 30.036807000096776],
            [-95.453164000118292, 30.036176000243117],
            [-95.453479999587472, 30.036009999618969],
            [-95.453768000365869, 30.035994999698769],
            [-95.454052999872914, 30.035979999776366],
            [-95.454527000424164, 30.036040000230187],
            [-95.455156999712685, 30.036120000260389],
            [-95.455755999937409, 30.035885999795866],
            [-95.457252000312664, 30.035664000000885],
            [-95.458193999770728, 30.035729999697605],
            [-95.458798999843239, 30.035621000280859],
            [-95.45901999977616, 30.035607999728814],
            [-95.459287999564765, 30.03559199964532],
            [-95.460503999557545, 30.035258999944922],
            [-95.46133700013398, 30.034949000079937],
            [-95.461640000082667, 30.03456799981312],
            [-95.461823000380789, 30.034127999733801],
            [-95.462039000290844, 30.033820999802852],
            [-95.46210799988782, 30.033290999908157],
            [-95.462280000315261, 30.032926000005375],
            [-95.46245500021746, 30.03277399966008],
            [-95.462743999922452, 30.032633999892976],
            [-95.462949999786787, 30.032620999726824],
            [-95.463104999597491, 30.032665000102888],
            [-95.463475000391654, 30.032948999868488],
            [-95.463545999638455, 30.03296599973002],
            [-95.463671000210226, 30.032996999836094],
            [-95.464041000106079, 30.032846999860094],
            [-95.464334000009032, 30.032657999955997],
            [-95.464538000223556, 30.032526999671035],
            [-95.464860000438819, 30.031988000161622],
            [-95.464951999602008, 30.031750999627015],
            [-95.465084999671404, 30.031408999717197],
            [-95.46516400021244, 30.030446999700647],
            [-95.465384000320469, 30.029984000223074],
            [-95.46567100037565, 30.029824000302234],
            [-95.466036000248621, 30.029532999769664],
            [-95.466297000364534, 30.029254000381084],
            [-95.467027000110505, 30.028674000125886],
            [-95.467192999791862, 30.028474999854371],
            [-95.467258999914094, 30.02802599989257],
            [-95.467159000354982, 30.027641999685333],
            [-95.4671829997461, 30.027284999914411],
            [-95.467293000249271, 30.026828000034939],
            [-95.467504999961378, 30.026522000241698],
            [-95.467617999939293, 30.026418999646403],
            [-95.467965000268933, 30.026319000310142],
            [-95.468535000181319, 30.026276999843262],
            [-95.469062000436011, 30.026324999930917],
            [-95.469480000012453, 30.026474999666188],
            [-95.469909000357831, 30.026744999706569],
            [-95.470501999836458, 30.026849000153913],
            [-95.470752999906622, 30.02689400017152],
            [-95.471117999779608, 30.027232000135069],
            [-95.471368000024867, 30.027346999781695],
            [-95.471807000416007, 30.027410999980361],
            [-95.471973000097336, 30.027435999937385],
            [-95.472529999590961, 30.027382000053464],
            [-95.472758999919819, 30.027250999795093],
            [-95.472768999965552, 30.027245999639341],
            [-95.473629000306175, 30.026592999993198],
            [-95.474077999844738, 30.026253999987478],
            [-95.474461000159408, 30.025884999812998],
            [-95.475411000013381, 30.024763999751329],
            [-95.475995999994396, 30.024501999920162],
            [-95.476123000216006, 30.024457000372269],
            [-95.476370999913115, 30.024370999744903],
            [-95.476324999882351, 30.024298000302405],
            [-95.47570700028939, 30.023332000370175],
            [-95.475499999701839, 30.023034999627257],
            [-95.475363000332806, 30.022861000035807],
            [-95.475224000415636, 30.022698000364972],
            [-95.474913000070998, 30.022369000289384],
            [-95.474528999931451, 30.02198600018799],
            [-95.474297000127862, 30.02173899976232],
            [-95.474025000141296, 30.021403999697611],
            [-95.47387799982819, 30.021207000106184],
            [-95.473824000299842, 30.021123999738681],
            [-95.473670000314073, 30.020923000144524],
            [-95.473619000260442, 30.020839000065724],
            [-95.4732510000144, 30.020319999695197],
            [-95.472440999902489, 30.019160999638899],
            [-95.472185999634377, 30.018795000327426],
            [-95.471617000445193, 30.017977000034573],
            [-95.471604999851323, 30.017958999655594],
            [-95.471402000360044, 30.017653999996796],
            [-95.471224000084803, 30.017390999759655],
            [-95.471162999985452, 30.017319999641149],
            [-95.471111999931821, 30.017228999940752],
            [-95.471017000395577, 30.017093000378228],
            [-95.470997000304095, 30.017065000056231],
            [-95.470953999748076, 30.016987000006473],
            [-95.470872999557216, 30.016907000091191],
            [-95.470832000447643, 30.016827000111334],
            [-95.470754999556434, 30.016719999940189],
            [-95.470027000358627, 30.015713999628488],
            [-95.470018000137784, 30.015701000354838],
            [-95.46994399961963, 30.015600000016445],
            [-95.46951400034763, 30.015011999854774],
            [-95.469151999949375, 30.014496999807331],
            [-95.469016000405261, 30.014307999922714],
            [-95.468941999887093, 30.014228999720157],
            [-95.468634999740431, 30.013784999862771],
            [-95.468355000256267, 30.013405999804863],
            [-95.468279000088287, 30.013317000279088],
            [-95.468214999615867, 30.0132100002104],
            [-95.468074000048873, 30.013009999685263],
            [-95.467996000231068, 30.012920000250777],
            [-95.467929000283917, 30.012810999867],
            [-95.467619999589104, 30.012375999804444],
            [-95.467264999761866, 30.011871000378825],
            [-95.467021000262719, 30.011549000246831],
            [-95.466279999747783, 30.010516000121644],
            [-95.466013999609018, 30.010164000382204],
            [-95.464887000203007, 30.008595000278813],
            [-95.464698999882017, 30.008312999961579],
            [-95.464525999629672, 30.008028000034685],
            [-95.464473999751135, 30.007957999818231],
            [-95.464347000427836, 30.007784999827091],
            [-95.464190999893916, 30.00758799963166],
            [-95.464089999611588, 30.007440999712745],
            [-95.463947000394754, 30.007233000005638],
            [-95.463867999853733, 30.007132000379567],
            [-95.463790999860819, 30.007032999876049],
            [-95.46403199988525, 30.006909999985076],
            [-95.465370000076774, 30.006294999798758],
            [-95.465883999912663, 30.006021999663037],
            [-95.466904000086856, 30.005453999865672],
            [-95.467674000015776, 30.005025999979203],
            [-95.468050999584349, 30.004817000241637],
            [-95.468843000152887, 30.004375999961329],
            [-95.469314000331096, 30.004113999944455],
            [-95.46954600013467, 30.00398500013031],
            [-95.469632000348398, 30.003937000120491],
            [-95.470768999800129, 30.003337000372142],
            [-95.47167500017153, 30.002859000071371],
            [-95.472414999963235, 30.002387999752315],
            [-95.472496000154081, 30.002343000283673],
            [-95.472562000276312, 30.002305999633446],
            [-95.473414000221027, 30.001832000028163],
            [-95.473460000251777, 30.001806999840092],
            [-95.474135999571075, 30.001430999705253],
            [-95.475068999706622, 30.000911000018224],
            [-95.475178000384872, 30.000849999635502],
            [-95.475784000282289, 30.000514000132871],
            [-95.476113000170244, 30.000281000113159],
            [-95.476264999607906, 30.000173000305768],
            [-95.476981000008493, 29.999745000201354],
            [-95.477234999553374, 29.999591999872429],
            [-95.477603999624336, 29.999388000363641],
            [-95.477863999915328, 29.999245000286333],
            [-95.478157999643201, 29.999081999925167],
            [-95.478324000222855, 29.998988999665979],
            [-95.478439999675501, 29.998926000269016],
            [-95.478575000293034, 29.998848999655198],
            [-95.478787000005141, 29.998732000244853],
            [-95.479195000434132, 29.998506000155604],
            [-95.479599999591784, 29.998281999731361],
            [-95.479665999714015, 29.99824499990088],
            [-95.479771000194319, 29.998185999617018],
            [-95.480008999845694, 29.998053000285783],
            [-95.480911999844025, 29.997551999917921],
            [-95.481261999648382, 29.997354999633387],
            [-95.481558999749311, 29.99718900014447],
            [-95.481805999621514, 29.997048999928502],
            [-95.482064000262682, 29.996904999878215],
            [-95.483450999959686, 29.99612799987564],
            [-95.483911000267227, 29.995851000097069],
            [-95.484687000043934, 29.995390000383683],
            [-95.484940999588858, 29.995238999806148],
            [-95.485025999977651, 29.995188999991896],
            [-95.485424000360908, 29.994972000335189],
            [-95.485882000120313, 29.994738000015989],
            [-95.486488000017715, 29.994429000025963],
            [-95.486996000005831, 29.994140000151788],
            [-95.487425000351237, 29.993897000166388],
            [-95.487980000195009, 29.993584999869949],
            [-95.488320999778566, 29.993395000076799],
            [-95.488504000076645, 29.993294000370359],
            [-95.488890999690938, 29.993078999967512],
            [-95.489339000302905, 29.992831999917858],
            [-95.489397999854148, 29.992799999948367],
            [-95.490250999623768, 29.992332000188263],
            [-95.490755000312234, 29.992052999625653],
            [-95.491531000088969, 29.991625000294793],
            [-95.491716999861794, 29.991522999796604],
            [-95.492258000360181, 29.991223000195355],
            [-95.492803000158219, 29.99092299968753],
            [-95.494091000121017, 29.990225000246635],
            [-95.49432100027478, 29.990101999751865],
            [-95.494490000329179, 29.990010999983522],
            [-95.494916000301529, 29.9897789999916],
            [-95.494982000423775, 29.989742999890581],
            [-95.495456000076715, 29.989486999660418],
            [-95.496149999837655, 29.989112999900279],
            [-95.496426999847088, 29.988954999769685],
            [-95.496822999682209, 29.988731000355127],
            [-95.497515999618258, 29.988336000371543],
            [-95.497840000381672, 29.988150999661585],
            [-95.49834199962369, 29.987865000379706],
            [-95.498392999677321, 29.987835999783503],
            [-95.498950999894134, 29.987532999728451],
            [-95.499039999582607, 29.987483999732799],
            [-95.499297000398855, 29.987346000234478],
            [-95.499663000096774, 29.987148000111763],
            [-95.500058000106975, 29.986935000034119],
            [-95.500375000299371, 29.986764000375327],
            [-95.500606000278054, 29.986639999664987],
            [-95.501162999771665, 29.986340000092017],
            [-95.501372999833947, 29.986227000010032],
            [-95.501833999966394, 29.985976999778011],
            [-95.501909000309453, 29.985936999775831],
            [-95.502560000412714, 29.985585999824362],
            [-95.50319399989921, 29.985214999650779],
            [-95.503700000237515, 29.984932999812163],
            [-95.503850000025324, 29.984843999647172],
            [-95.503983999919626, 29.984765000107075],
            [-95.504106000118369, 29.984693999984163],
            [-95.504147000126252, 29.98466999998594],
            [-95.504421999587535, 29.984506999812044],
            [-95.505074000414027, 29.984123999820731],
            [-95.505188000216833, 29.984063999858904],
            [-95.505584999876874, 29.983913999795728],
            [-95.506083999644162, 29.983616000243011],
            [-95.506516000362595, 29.98338699964491],
            [-95.506846000075484, 29.983200000123915],
            [-95.506907000174849, 29.983164999824865],
            [-95.507174000138548, 29.983009999908731],
            [-95.507564000125882, 29.982784999675189],
            [-95.507896000386907, 29.98260399972947],
            [-95.50860000019361, 29.982218999676334],
            [-95.508796000012183, 29.98211200031206],
            [-95.509082000242444, 29.981954999799932],
            [-95.509284999733737, 29.98184599964037],
            [-95.509743000391438, 29.981595000181496],
            [-95.510303000258091, 29.981289000141178],
            [-95.51127700040152, 29.980756999901576],
            [-95.511963999591487, 29.980381000178109],
            [-95.512611000395069, 29.980024999839891],
            [-95.513133999553489, 29.979740000384957],
            [-95.513275000018794, 29.979661999785471],
            [-95.513905000205668, 29.979314999787839],
            [-95.514279000299467, 29.979111999745204],
            [-95.514862999557252, 29.97878900002949],
            [-95.515794000042987, 29.978277999911811],
            [-95.516947000286564, 29.977636999774752],
            [-95.517144999754962, 29.977521000175923],
            [-95.51769100027623, 29.977205000125362],
            [-95.517719999690229, 29.977188000044851],
            [-95.518525999604179, 29.97672199968148],
            [-95.518963000345508, 29.97646999980314],
            [-95.519088000018968, 29.97640199973884],
            [-95.520143000353272, 29.975845000057173],
            [-95.520587999693873, 29.975608999934643],
            [-95.522180000328603, 29.974770999730623],
            [-95.522623999844299, 29.974532000349235],
            [-95.522793999723618, 29.974438999659604],
            [-95.523652000414401, 29.973965000063568],
            [-95.524048000249522, 29.973746999985892],
            [-95.525131999997825, 29.973116999678371],
            [-95.525284000333784, 29.973043999878509],
            [-95.525788000123939, 29.972803000318393],
            [-95.5263139996554, 29.972466000091927],
            [-95.528902000174867, 29.971042999765434],
            [-95.529174999986353, 29.970896000200398],
            [-95.529802999625062, 29.970558999731043],
            [-95.529913999953138, 29.970493000251132],
            [-95.530708000171529, 29.970045000122902],
            [-95.53077199974561, 29.970008999872082],
            [-95.532049999662675, 29.969297999832669],
            [-95.532396999992315, 29.969113000234927],
            [-95.532781000131862, 29.96889099964044],
            [-95.53280799989605, 29.968876999684458],
            [-95.532864999797468, 29.968846999772211],
            [-95.532940000140528, 29.968806999875078],
            [-95.533596000266641, 29.96844300007124],
            [-95.534283000354904, 29.968063999636662],
            [-95.534691999710503, 29.967836999774541],
            [-95.535555000424168, 29.967363999821931],
            [-95.535702999663854, 29.967284000374075],
            [-95.536065999887029, 29.967088999990811],
            [-95.536352000117304, 29.96693699994152],
            [-95.536511000125955, 29.966870999612251],
            [-95.536988999976828, 29.966668999841268],
            [-95.53736200024575, 29.966635999982188],
            [-95.537450999934194, 29.966627999826066],
            [-95.537977000363966, 29.966376000025445],
            [-95.538103999687266, 29.966315000215452],
            [-95.538209000167583, 29.966268999938499],
            [-95.538461999887559, 29.966157999639215],
            [-95.539532000290464, 29.965688000342308],
            [-95.539980000004135, 29.96549099987821],
            [-95.540565999810042, 29.965241999629626],
            [-95.541635000388041, 29.964800000180162],
            [-95.54284499963471, 29.964184999839564],
            [-95.543501999585743, 29.963857000384646],
            [-95.544275999712639, 29.96339399990946],
            [-95.544674999920815, 29.963129999812566],
            [-95.545608999881281, 29.962455000249793],
            [-95.546448000305489, 29.961750000274105],
            [-95.546923999608254, 29.961329000057624],
            [-95.547050999829835, 29.961212000022801],
            [-95.547091999837733, 29.961247000273794],
            [-95.547226999556955, 29.96134100015319],
            [-95.547456999710732, 29.961124999767947],
            [-95.547526000206005, 29.961060000323972],
            [-95.547630999787984, 29.961158999974998],
            [-95.548558000075772, 29.961880999840897],
            [-95.55075700043281, 29.963540999677122],
            [-95.550877999908309, 29.963432000325536],
            [-95.550897999999805, 29.963405999755707],
            [-95.55105700000847, 29.963254000299159],
            [-95.551569000194533, 29.963691000153045],
            [-95.551933000242613, 29.964031999972285],
            [-95.552073999809593, 29.964211000205644],
            [-95.553294000000335, 29.965002999894971],
            [-95.553898000247926, 29.965383999616549],
            [-95.554407000060934, 29.965710000200009],
            [-95.555956999964565, 29.966725000119418],
            [-95.556088000384122, 29.96687000037338],
            [-95.556096999706639, 29.966919999660497],
            [-95.55611599997323, 29.9670209997313],
            [-95.556260999738186, 29.96711500037534],
            [-95.556358999647472, 29.967187999862073],
            [-95.556661999596173, 29.967370999906723],
            [-95.556849000092242, 29.967483999651215],
            [-95.556977999963664, 29.967317000017896],
            [-95.557033000215256, 29.967254999994061],
            [-95.55716799993445, 29.967102000183921],
            [-95.557234999881629, 29.96703499994878],
            [-95.557314000422636, 29.96696499961995],
            [-95.557465000035378, 29.966826000388409],
            [-95.55751899956374, 29.966778000311912],
            [-95.557627000417085, 29.966724000100825],
            [-95.557827000433633, 29.966664999764614],
            [-95.557993000114976, 29.966649000234572],
            [-95.558222000443834, 29.966643000118331],
            [-95.558438000353902, 29.966686000165293],
            [-95.558757000196124, 29.966730000212184],
            [-95.559071000015479, 29.966799999928323],
            [-95.5591560004043, 29.966826999627777],
            [-95.559405999751249, 29.966881999799909],
            [-95.559553999889246, 29.966908000238547],
            [-95.559553999889246, 29.966826000388409],
            [-95.560076000121057, 29.966826000388409],
            [-95.560149999740915, 29.966826000388409],
            [-95.560328000016142, 29.966826000388409],
            [-95.560538999903358, 29.966826000388409],
            [-95.563426000173564, 29.966825000370836],
            [-95.563427999823375, 29.96692199969371],
            [-95.563801999917189, 29.966928999809639],
            [-95.563867000214529, 29.966926999776575],
            [-95.563949000230281, 29.966929999826167],
            [-95.564505999723892, 29.966949000138218],
            [-95.564616000227076, 29.966956000252235],
            [-95.564837000159997, 29.966982999909327],
            [-95.565139000283779, 29.967037999995114],
            [-95.565541999791591, 29.96712699977229],
            [-95.565786000189078, 29.967178999736326],
            [-95.566033999886201, 29.96721500023429],
            [-95.566289999979233, 29.967235999740524],
            [-95.566792000119563, 29.967262000086532],
            [-95.568287999596492, 29.967334000231059],
            [-95.568814999851199, 29.967353999699885],
            [-95.56910000025654, 29.967364999834082],
            [-95.569564999688637, 29.967384000062953],
            [-95.570096999966211, 29.967399000241034],
            [-95.57020300027142, 29.967404000299947],
            [-95.570338999815533, 29.967405000311693],
            [-95.570476999907797, 29.967400000252884],
            [-95.570754999742149, 29.967400000252884],
            [-95.570893999659319, 29.967390000134451],
            [-95.570998000314702, 29.967389000122566],
            [-95.571810999901345, 29.967377999991026],
            [-95.572063999621349, 29.967373999942918],
            [-95.572478999723032, 29.967367999870444],
            [-95.573795000173234, 29.967351999675373],
            [-95.57441299976621, 29.967334000231059],
            [-95.575026000234615, 29.967318000030495],
            [-95.575128000341863, 29.967318000030495],
            [-95.57545200020698, 29.96730799990388],
            [-95.575510999758208, 29.967306999891168],
            [-95.575620000436459, 29.96729699976337],
            [-95.575678999987687, 29.967295999750554],
            [-95.575731999691129, 29.967295999750554],
            [-95.575846000392275, 29.967285999621716],
            [-95.576278000212398, 29.967278000296101],
            [-95.576545000176097, 29.967271000204754],
            [-95.576628000016768, 29.967263000099766],
            [-95.57739299992285, 29.967225000370281],
            [-95.577537999687806, 29.967218000275192],
            [-95.577666999559213, 29.967212000193314],
            [-95.577762999818688, 29.967212000193314],
            [-95.578054999896736, 29.967195999973104],
            [-95.578290000073366, 29.967183999806256],
            [-95.578381000309989, 29.967179999750325],
            [-95.578502999610393, 29.967176999708279],
            [-95.580212000420985, 29.967095000080171],
            [-95.580193000154409, 29.966949000138218],
            [-95.5801789999107, 29.966664999764614],
            [-95.580164999667019, 29.966535000298329],
            [-95.580141000275873, 29.966403999861935],
            [-95.580074000328722, 29.966174000026481],
            [-95.579910000297204, 29.965692999709066],
            [-95.579875000137108, 29.965555000285168],
            [-95.579855000045598, 29.965406000319806],
            [-95.579828000281424, 29.964779000159176],
            [-95.579824000083462, 29.964678000144414],
            [-95.579807000365037, 29.963956000362646],
            [-95.57980200034217, 29.963769000061944],
            [-95.57977100038002, 29.962683000012969],
            [-95.579767000182059, 29.962598999669556],
            [-95.579754999588189, 29.962342000234795],
            [-95.579749999565308, 29.962103999817277],
            [-95.579745000440752, 29.961889999668177],
            [-95.579737000044844, 29.961462999615701],
            [-95.579735000395019, 29.961339000007666],
            [-95.57934299985952, 29.961350000029363],
            [-95.578988999857216, 29.961358999904672],
            [-95.57846199960251, 29.961365000339985],
            [-95.577886999667243, 29.961372000069069],
            [-95.577166999967019, 29.961385000231772],
            [-95.577004999585327, 29.961378999797706],
            [-95.576536999780174, 29.961393000031734],
            [-95.575914000164346, 29.961400999830996],
            [-95.575615000413578, 29.961408999629661],
            [-95.573981999770979, 29.961432999799992],
            [-95.573666000301799, 29.961409999701722],
            [-95.573510999592798, 29.961382000014783],
            [-95.573355999782095, 29.961344000371415],
            [-95.572889999626767, 29.961216999614667],
            [-95.572482999920993, 29.961094999850282],
            [-95.571849000434497, 29.960906000238506],
            [-95.571126000361232, 29.96069299992411],
            [-95.570800999772899, 29.960595999969474],
            [-95.570662999680636, 29.960554999783671],
            [-95.570302000005597, 29.960447000352207],
            [-95.5671469999468, 29.95952199980994],
            [-95.565093000253029, 29.958916999691827],
            [-95.563946999682145, 29.958580999948737],
            [-95.563286000431475, 29.958387999816729],
            [-95.560221999710933, 29.957491999695659],
            [-95.559637999554838, 29.957318999715838],
            [-95.558891000090426, 29.957098000131442],
            [-95.558758000021044, 29.957053000374191],
            [-95.558480000186705, 29.956980999786268],
            [-95.558172000215123, 29.956890000028025],
            [-95.558055000039261, 29.956855999917334],
            [-95.557918999596822, 29.956814999745539],
            [-95.557374999623704, 29.95665500014713],
            [-95.557259999995964, 29.956620999956062],
            [-95.557147000018048, 29.956557000022741],
            [-95.554720999880303, 29.955843999997786],
            [-95.554274999816457, 29.955713000258033],
            [-95.55362500043644, 29.95552200026869],
            [-95.553921999639059, 29.955254999876427],
            [-95.554936999790371, 29.954346000012304],
            [-95.555484000136531, 29.953856000275309],
            [-95.555572999825003, 29.953776000073066],
            [-95.556555000364369, 29.952895999826424],
            [-95.556789999642703, 29.952685999952003],
            [-95.557404999760919, 29.952134999866711],
            [-95.558815999747367, 29.950846000171552],
            [-95.559922000135288, 29.94986799996633],
            [-95.560159999786649, 29.949659000114035],
            [-95.561781999660283, 29.948240000193408],
            [-95.562103000050655, 29.947958999916953],
            [-95.562508999931524, 29.947604000388139],
            [-95.56260799966573, 29.947515999688402],
            [-95.562775999895223, 29.947365999713799],
            [-95.563187999623864, 29.94700000035181],
            [-95.563914999895104, 29.946353999722419],
            [-95.564036000268928, 29.946245000207366],
            [-95.564162999592213, 29.946129999996817],
            [-95.564333000369828, 29.945976000136039],
            [-95.564959000358726, 29.945419999847132],
            [-95.56549499993595, 29.944945000167813],
            [-95.565607000088931, 29.944821000196022],
            [-95.565731999762406, 29.944705999895756],
            [-95.565828000021867, 29.94461899998635],
            [-95.565988999680343, 29.944495999850346],
            [-95.566207999963467, 29.944328999738659],
            [-95.566710999928716, 29.943948000275444],
            [-95.566818000058831, 29.943867999886109],
            [-95.567264000122663, 29.943534999860631],
            [-95.567307999605276, 29.943512000292216],
            [-95.567736999950682, 29.9432769999299],
            [-95.568809000003412, 29.942628000023564],
            [-95.56908500018794, 29.942459999626514],
            [-95.572190999842945, 29.940575000369368],
            [-95.573031000092072, 29.940065000216428],
            [-95.573319999797093, 29.93988799990019],
            [-95.57406799998472, 29.939436000007728],
            [-95.574721999562698, 29.939038000107054],
            [-95.577835999613626, 29.937145999962819],
            [-95.578519000402238, 29.936731000248255],
            [-95.579008999948698, 29.936433999652419],
            [-95.579804999816886, 29.935950000039806],
            [-95.58000700038157, 29.935828999963352],
            [-95.580203000200143, 29.935709999622432],
            [-95.581829000271753, 29.93474200034067],
            [-95.582414000252768, 29.934423999830827],
            [-95.582676000193587, 29.934265999929078],
            [-95.582885000430949, 29.934127000133333],
            [-95.583717000284167, 29.93362300017499],
            [-95.584240000340898, 29.933328999928644],
            [-95.584796000009575, 29.932987999907947]
          ]
        ]
      },
      "properties": {
        "AREALAND": "597659799",
        "AREAWATER": "3506913",
        "BASENAME": "18",
        "CDSESSN": "119",
        "CDTYP": "O",
        "CENTLAT": "+29.8937382",
        "CENTLON": "-095.3831396",
        "FUNCSTAT": "N",
        "GEOID": "4818",
        "HU100": null,
        "INTPTLAT": "+29.9933378",
        "INTPTLON": "-095.3550740",
        "LSADC": "C2",
        "MTFCC": "G5200",
        "NAME": "Congressional District 18",
        "OBJECTID": 252,
        "OID": "2119035951825173",
        "POP100": null,
        "STATE": "48",
        "CD119": "18"
      }
    }
  ]
}
