{
  "type": "FeatureCollection",
  "features": [
    {
      "type": "Feature",
      "id": 380,
      "geometry": {
        "type": "Polygon",
        "coordinates": [
          [
            [-96.909112000284608, 41.26440299971906],
            [-96.909108000086647, 41.263970999818369],
            [-96.909107000261727, 41.26383700006248],
            [-96.908919999765658, 41.256505999812617],
            [-96.908918000115847, 41.256433000172557],
            [-96.908911000443155, 41.256128000099935],
            [-96.908917000290941, 41.25563800006806],
            [-96.908914999742805, 41.255598000206383],
            [-96.908908000070113, 41.255512000083186],
            [-96.908887000153712, 41.255373999853049],
            [-96.908887000153712, 41.253982999683437],
            [-96.90886700006223, 41.253063999902132],
            [-96.908853999643426, 41.252421999867749],
            [-96.90885000034379, 41.252242999756966],
            [-96.908830000252294, 41.251297000318893],
            [-96.908810000160827, 41.251169000273755],
            [-96.908816999833519, 41.250202000334454],
            [-96.908819000381655, 41.25002800012367],
            [-96.908819000381655, 41.250004999750587],
            [-96.908801999764904, 41.249467000107771],
            [-96.908781999673408, 41.249122000154728],
            [-96.908740999665525, 41.245984999777484],
            [-96.908734999817753, 41.245551999987796],
            [-96.908737000365889, 41.244723999705627],
            [-96.908725999596925, 41.243417999995238],
            [-96.908725999596925, 41.243403999791759],
            [-96.90872300012218, 41.243142000159047],
            [-96.908715999551177, 41.242299999971202],
            [-96.908712000251526, 41.242180000129743],
            [-96.908698000007817, 41.241779999742278],
            [-96.908691000335125, 41.241608000153626],
            [-96.908676000266524, 41.240192000144809],
            [-96.908677999916335, 41.239823000219623],
            [-96.908677000091416, 41.238884999958749],
            [-96.908670000418738, 41.238513000154292],
            [-96.9086469999542, 41.23717100004248],
            [-96.908627999687624, 41.234887000010879],
            [-96.908574999984182, 41.230574000267147],
            [-96.90853599962611, 41.227453000079052],
            [-96.90853599962611, 41.227428999946554],
            [-96.908511000410073, 41.22540700021861],
            [-96.908509999686856, 41.225064000183721],
            [-96.908528999953418, 41.224692000101605],
            [-96.908518000082765, 41.224557000213217],
            [-96.908508999861937, 41.224504999976652],
            [-96.908499999641123, 41.224452999698741],
            [-96.908492000143497, 41.223761000119694],
            [-96.908472999876935, 41.223156000217429],
            [-96.908477000074896, 41.222420999858429],
            [-96.908472999876935, 41.220402000092307],
            [-96.908476000249976, 41.219784999740646],
            [-96.908468999678959, 41.218820999788917],
            [-96.908477999899802, 41.217928999917845],
            [-96.908477999899802, 41.217073000217788],
            [-96.908477999899802, 41.216905000142518],
            [-96.908508000037031, 41.215975000222166],
            [-96.908498999816203, 41.215042999697246],
            [-96.908610000144265, 41.210773000117406],
            [-96.908612999619024, 41.210659000236319],
            [-96.908612999619024, 41.210641999916952],
            [-96.908614000342226, 41.210621000231846],
            [-96.908622999664757, 41.210281000240862],
            [-96.908631999885586, 41.20930700015775],
            [-96.908651999977067, 41.208505999932179],
            [-96.908681000289377, 41.207767000307179],
            [-96.908719999749138, 41.206230000089661],
            [-96.908720999574044, 41.205941000177297],
            [-96.908754000084329, 41.202143000297127],
            [-96.908776999650541, 41.201333999704552],
            [-96.908786999696289, 41.200579000289395],
            [-96.908778000373772, 41.199763000259154],
            [-96.908784000221544, 41.198892000154011],
            [-96.908799000290159, 41.198177999853989],
            [-96.908801999764904, 41.198054000011538],
            [-96.908797999566943, 41.19781300021274],
            [-96.908764000130077, 41.195729000026702],
            [-96.908768000328038, 41.194231999885147],
            [-96.908728000145061, 41.191461000306973],
            [-96.908725999596925, 41.191249999934847],
            [-96.908740999665525, 41.190635000067921],
            [-96.908729999794872, 41.189673000179894],
            [-96.908750999711273, 41.188927999798977],
            [-96.908728999969981, 41.188500999746942],
            [-96.908732000343022, 41.187821000018936],
            [-96.908717000274393, 41.18623499992291],
            [-96.908713999901352, 41.185858000023103],
            [-96.908809000335907, 41.17848499966199],
            [-96.908829000427389, 41.176943000035784],
            [-96.908774000175811, 41.17313200031051],
            [-96.908773000350905, 41.173072999917743],
            [-96.908717000274393, 41.169223999857309],
            [-96.908727000320141, 41.168989000257078],
            [-96.908733999992833, 41.162433999830093],
            [-96.908717000274393, 41.155646000329483],
            [-96.90870999970339, 41.15045799981997],
            [-96.90870999970339, 41.150372999827269],
            [-96.908702000205778, 41.148471000288239],
            [-96.908699999657642, 41.147889999966573],
            [-96.908698999832737, 41.147706000260591],
            [-96.908713000076432, 41.147660999702502],
            [-96.908846999970734, 41.147220999833486],
            [-96.90886600023731, 41.144537000013166],
            [-96.908865000412405, 41.144050000138819],
            [-96.908865000412405, 41.143821999839538],
            [-96.908856000191577, 41.136429000016598],
            [-96.908877000107978, 41.135657999736793],
            [-96.908860000389524, 41.133268000211771],
            [-96.908737000365889, 41.128352000312844],
            [-96.908759999932116, 41.125006999956177],
            [-96.908737000365889, 41.121893000337245],
            [-96.908728000145061, 41.120609999708414],
            [-96.908728000145061, 41.120599999741657],
            [-96.908713000076432, 41.118630999806271],
            [-96.908778000373772, 41.118402000250192],
            [-96.908832999727039, 41.118208000051347],
            [-96.90885000034379, 41.117897999855103],
            [-96.908877999932869, 41.114957000219931],
            [-96.908857999841388, 41.11355399984339],
            [-96.908855000366671, 41.105414000085482],
            [-96.908872999910017, 41.104213999689257],
            [-96.908585999854836, 41.099575000178085],
            [-96.908579000182129, 41.099492000280122],
            [-96.908568000311476, 41.0993239997986],
            [-96.908590999877703, 41.099269000067373],
            [-96.908591999702622, 41.099215000138784],
            [-96.908596999725475, 41.099021999955902],
            [-96.908600999923451, 41.098856999865461],
            [-96.908625000212893, 41.097898000094666],
            [-96.908599000273639, 41.093718000263152],
            [-96.908596999725475, 41.09340600032484],
            [-96.90859500007565, 41.093157999889669],
            [-96.90859500007565, 41.092798999831551],
            [-96.90859500007565, 41.092536999833214],
            [-96.90859500007565, 41.092522999850438],
            [-96.908594000250758, 41.090497999783658],
            [-96.908594000250758, 41.090355000265099],
            [-96.908594000250758, 41.089795000338086],
            [-96.908584000205025, 41.079059000262703],
            [-96.908564999938434, 41.075359999776808],
            [-96.908563000288623, 41.074776000179732],
            [-96.908563000288623, 41.07475899981339],
            [-96.908563000288623, 41.074724999744817],
            [-96.908563000288623, 41.074657999777195],
            [-96.908563000288623, 41.074530000306247],
            [-96.908561999565379, 41.074491999896836],
            [-96.908561999565379, 41.074458999915521],
            [-96.908561999565379, 41.074409000138054],
            [-96.908561999565379, 41.074350999860954],
            [-96.908561999565379, 41.07429999977353],
            [-96.90855200041797, 41.071620000235086],
            [-96.90854999986982, 41.068002000228965],
            [-96.90854999986982, 41.067721000112329],
            [-96.9085490000449, 41.067336000058695],
            [-96.908530999603258, 41.060621000317489],
            [-96.908529999778324, 41.057521000314082],
            [-96.90852099955751, 41.053435000053511],
            [-96.90852099955751, 41.053315000225368],
            [-96.90851999973259, 41.053013000287649],
            [-96.908512000234992, 41.048964000158243],
            [-96.908512000234992, 41.048849999929935],
            [-96.908507000212111, 41.04609100003546],
            [-96.908087999912453, 41.046090000056012],
            [-96.906825999888937, 41.046094999953077],
            [-96.906811999645228, 41.046094999953077],
            [-96.90655100042764, 41.046095999932398],
            [-96.90549000024555, 41.046097999891053],
            [-96.90547699982676, 41.046097999891053],
            [-96.904053000319848, 41.046099999849702],
            [-96.903368999706316, 41.046090000056012],
            [-96.903321999850675, 41.046090000056012],
            [-96.90237299982158, 41.046090000056012],
            [-96.900436000303671, 41.046090000056012],
            [-96.898746999584574, 41.046075999664829],
            [-96.893387000219249, 41.046069999786624],
            [-96.891489000161101, 41.046072999725794],
            [-96.891459000023858, 41.046072999725794],
            [-96.889493000193639, 41.046066999847312],
            [-96.889437999942061, 41.046063999907915],
            [-96.889423999698352, 41.046062999928054],
            [-96.886991999712805, 41.046081000240413],
            [-96.886814000335889, 41.046080000260858],
            [-96.882541000193598, 41.046056000068695],
            [-96.881916999854539, 41.046046000268369],
            [-96.881088000374362, 41.045993999927035],
            [-96.879667000342167, 41.045881999938331],
            [-96.879072000315418, 41.045848999826667],
            [-96.878991000124557, 41.045846999860395],
            [-96.878838999788613, 41.045841999944543],
            [-96.878555000106473, 41.04581799966563],
            [-96.877869999668036, 41.045774999680312],
            [-96.877684999720117, 41.045772999711787],
            [-96.877245000402382, 41.045779000294587],
            [-96.876917000339319, 41.045804999877824],
            [-96.876502000237622, 41.045843999910915],
            [-96.876411999825933, 41.045864000248997],
            [-96.875993000424586, 41.045923999871746],
            [-96.875631000026345, 41.045969999703559],
            [-96.875498999781868, 41.045987000060379],
            [-96.875037999649408, 41.046016000180671],
            [-96.874262999697606, 41.04599199996521],
            [-96.873512999860139, 41.045981000174059],
            [-96.87339099966141, 41.045976000268389],
            [-96.872891000069231, 41.045956999945794],
            [-96.872410999670208, 41.045903000247115],
            [-96.872212000376877, 41.045917999979679],
            [-96.871951000260978, 41.045954000001331],
            [-96.87150199982409, 41.046025000005166],
            [-96.871445999747593, 41.046028999926783],
            [-96.871415999610377, 41.046030999887478],
            [-96.87135799988404, 41.046034999808732],
            [-96.87132500027208, 41.046037999749501],
            [-96.871199999700309, 41.046036999769235],
            [-96.87118399980676, 41.046036999769235],
            [-96.871162000065468, 41.046037999749501],
            [-96.870473000327365, 41.046054000108761],
            [-96.870351000128636, 41.046064999887719],
            [-96.870298000425194, 41.046059999988422],
            [-96.87026999993779, 41.046057000048663],
            [-96.870121999799792, 41.046041999670273],
            [-96.868318000351266, 41.046039999709919],
            [-96.867530999805581, 41.046016000180671],
            [-96.867432000071389, 41.04599199996521],
            [-96.867396000086373, 41.045995999888845],
            [-96.867182999651035, 41.046018000141807],
            [-96.866795000211823, 41.046012000258315],
            [-96.866422999767849, 41.046006999677495],
            [-96.865861000251357, 41.046008000335661],
            [-96.861429999925321, 41.045902000264853],
            [-96.86101800019668, 41.045894999710853],
            [-96.86078100037021, 41.045890999781143],
            [-96.860173999749577, 41.045881999938331],
            [-96.855078999799815, 41.045804999877824],
            [-96.853209000229072, 41.045777000326225],
            [-96.853180999741653, 41.045899000317888],
            [-96.853086000205408, 41.045967999741009],
            [-96.852942000265372, 41.046010000296995],
            [-96.852702000065847, 41.046027999946382],
            [-96.852649000362419, 41.046026999966031],
            [-96.852631999745668, 41.046026999966031],
            [-96.852593000285907, 41.046025999985609],
            [-96.852567000346639, 41.046025000005166],
            [-96.851651999754452, 41.046005999696767],
            [-96.851229000155129, 41.046004999716025],
            [-96.849690000122166, 41.046001999773793],
            [-96.848548999574163, 41.045992999946158],
            [-96.848514000312363, 41.045992999946158],
            [-96.84849199967276, 41.04599199996521],
            [-96.848478000327376, 41.045990999984262],
            [-96.846942999594049, 41.045981000174059],
            [-96.846181999885943, 41.045982000155121],
            [-96.843817999672467, 41.045986000079353],
            [-96.841814000207407, 41.045990000003336],
            [-96.839607000352771, 41.045970999684783],
            [-96.837257000382991, 41.045975000287193],
            [-96.834755999902143, 41.04596499979705],
            [-96.833968000429849, 41.04596899972227],
            [-96.833944999965325, 41.04596899972227],
            [-96.832082999892194, 41.045978000230697],
            [-96.828933999681155, 41.045984000117286],
            [-96.826291999633327, 41.045954000001331],
            [-96.826178999655411, 41.045954000001331],
            [-96.82595199987469, 41.045953000019843],
            [-96.824313000282629, 41.045947000130425],
            [-96.821126000436749, 41.045936000331743],
            [-96.820015999850881, 41.045933999690661],
            [-96.818368999862884, 41.045931999726967],
            [-96.815920999983817, 41.04591300006922],
            [-96.814914000228413, 41.045910000122753],
            [-96.814895999786771, 41.045910000122753],
            [-96.813263999867374, 41.045905000211683],
            [-96.812935999804324, 41.045908000158377],
            [-96.81249300011352, 41.04591300006922],
            [-96.809167000350499, 41.045918999961742],
            [-96.808722000111572, 41.045919999943742],
            [-96.80805199974175, 41.045912000087064],
            [-96.796304000440983, 41.045886999851135],
            [-96.796179999694118, 41.045886999851135],
            [-96.796153999754836, 41.045886999851135],
            [-96.796116000120008, 41.045885999868588],
            [-96.796053000370819, 41.045885999868588],
            [-96.795992000271454, 41.045885999868588],
            [-96.795956000286438, 41.045885999868588],
            [-96.795701999843217, 41.04588499988607],
            [-96.795589999690222, 41.04588499988607],
            [-96.795561000276223, 41.04588499988607],
            [-96.794356000154096, 41.045882999920941],
            [-96.793792999914416, 41.045893999728477],
            [-96.793781000218857, 41.045893999728477],
            [-96.793236000420805, 41.045896999675676],
            [-96.791384000393407, 41.045881999938331],
            [-96.790590000175001, 41.045893999728477],
            [-96.788697999964626, 41.045882999920941],
            [-96.788093999717063, 41.045888999816142],
            [-96.786305000337151, 41.045889999798653],
            [-96.784155000383933, 41.045867000197553],
            [-96.783416000417134, 41.04586000031734],
            [-96.781800000391272, 41.045855999707996],
            [-96.778257999819843, 41.045855999707996],
            [-96.777159999827845, 41.045846999860395],
            [-96.77714700030738, 41.045846999860395],
            [-96.776923999826295, 41.045847999843538],
            [-96.776841999810529, 41.045848999826667],
            [-96.77591500042108, 41.045853999741986],
            [-96.774641999628599, 41.045844999894108],
            [-96.774296999847081, 41.045843999910915],
            [-96.773413000115326, 41.045856999691004],
            [-96.771626000385254, 41.045867000197553],
            [-96.770265999554113, 41.045879999973103],
            [-96.767707000245281, 41.045850999792833],
            [-96.766116000333781, 41.045864000248997],
            [-96.764913999686414, 41.045859000334431],
            [-96.763648000363233, 41.045868000180398],
            [-96.761958999644136, 41.045855999707996],
            [-96.760441000425885, 41.045831000128302],
            [-96.759310999748521, 41.045833000095016],
            [-96.758331999582211, 41.045813999731173],
            [-96.757677000179328, 41.045806999845333],
            [-96.757421999911188, 41.045803999894027],
            [-96.757371999682476, 41.045803999894027],
            [-96.756947000433371, 41.045799999958788],
            [-96.755943999977617, 41.045803999894027],
            [-96.755834000372744, 41.04580899981282],
            [-96.755789000166899, 41.045809999796496],
            [-96.755646000051769, 41.045812999747511],
            [-96.754998000321564, 41.045825000227765],
            [-96.754835999939871, 41.045828000178105],
            [-96.748883000197608, 41.045821000293742],
            [-96.748771999869533, 41.045821000293742],
            [-96.74527799987699, 41.045781000262878],
            [-96.743676999919757, 41.045786000183412],
            [-96.7426319996312, 41.045811999763892],
            [-96.742348999773995, 41.045806999845333],
            [-96.741948999740913, 41.0458009999426],
            [-96.741331999972843, 41.04579700000717],
            [-96.74080300006834, 41.045794000055409],
            [-96.740389999616468, 41.045790000119503],
            [-96.739585000425748, 41.045781000262878],
            [-96.738484999885614, 41.045793000071448],
            [-96.737254999649124, 41.045786000183412],
            [-96.736586000002546, 41.045782000247023],
            [-96.736385000161093, 41.045772999711787],
            [-96.734800000097366, 41.045777000326225],
            [-96.733061000047869, 41.045769999758939],
            [-96.732515000424911, 41.045770999743254],
            [-96.732502999831041, 41.045770999743254],
            [-96.7307189995757, 41.045766999805949],
            [-96.730121999899126, 41.045765999821626],
            [-96.728551999904028, 41.045763999852873],
            [-96.725380000126776, 41.045758999930669],
            [-96.721655999980484, 41.045752000039023],
            [-96.719793999907324, 41.045749000085216],
            [-96.719295000140036, 41.045749000085216],
            [-96.718165000360997, 41.045751000054423],
            [-96.717628999885463, 41.045748000100566],
            [-96.717341999830296, 41.045747000115895],
            [-96.717043999904462, 41.045745000146574],
            [-96.716751999826414, 41.045744000161868],
            [-96.716005000362031, 41.045728999712182],
            [-96.715262000197256, 41.045726999742314],
            [-96.710023000307444, 41.045710999981004],
            [-96.705629999616235, 41.04571899986211],
            [-96.701821999804352, 41.045690000288403],
            [-96.701261000112794, 41.04570700004011],
            [-96.70069700004818, 41.045750000069795],
            [-96.700193000258025, 41.045820000310236],
            [-96.699860999997, 41.045834000078372],
            [-96.699614999949702, 41.045809999796496],
            [-96.699595999683126, 41.04580799982908],
            [-96.699454000291212, 41.045748000100566],
            [-96.699387000344061, 41.045709999995772],
            [-96.699266999795157, 41.04565000017795],
            [-96.699175999558562, 41.045613999989939],
            [-96.698954999625627, 41.045577999782275],
            [-96.698701999905651, 41.045579999756683],
            [-96.698562999988468, 41.045580999743883],
            [-96.697613000134481, 41.045691000273926],
            [-96.69593799965908, 41.0456829997119],
            [-96.691893000020727, 41.045679999754952],
            [-96.691877000127192, 41.045679999754952],
            [-96.691207999582289, 41.045678999769251],
            [-96.691121000441967, 41.045678999769251],
            [-96.688079000361057, 41.045672999854894],
            [-96.687804999826355, 41.045671999869093],
            [-96.68755399975619, 41.045671999869093],
            [-96.687538999687575, 41.045671999869093],
            [-96.686880000086717, 41.045673999840631],
            [-96.684889999967055, 41.045660000038453],
            [-96.684058000113836, 41.045654000122319],
            [-96.682878999930978, 41.045652000150163],
            [-96.681402999647233, 41.045657000080453],
            [-96.68138900030182, 41.045657000080453],
            [-96.681053999667753, 41.045659000052446],
            [-96.678969999836767, 41.04565300013622],
            [-96.668193000306402, 41.045625999828957],
            [-96.666737000114111, 41.045631999747648],
            [-96.664186000302877, 41.045614999976621],
            [-96.660510999662066, 41.045605000109234],
            [-96.659426000088857, 41.045606000096058],
            [-96.659405999997375, 41.045606000096058],
            [-96.659243999615668, 41.045606000096058],
            [-96.658708000038473, 41.045602000148726],
            [-96.658272000020361, 41.045565999934503],
            [-96.658008000429717, 41.045500000055156],
            [-96.657682999841398, 41.045440000045808],
            [-96.657365999648988, 41.045393999843562],
            [-96.657282999808331, 41.045389999883341],
            [-96.656906000239772, 41.04537100006911],
            [-96.656551000412534, 41.045383999942587],
            [-96.655963999883369, 41.045471999696275],
            [-96.655676000003297, 41.045526999736659],
            [-96.655548999781686, 41.045551000121705],
            [-96.655455000070347, 41.045568999896652],
            [-96.654870999914252, 41.04570400008425],
            [-96.654813000187929, 41.045716999891944],
            [-96.654782000225808, 41.045693000244889],
            [-96.654086999741622, 41.045678999769251],
            [-96.653650999723538, 41.045632999734067],
            [-96.653008999841106, 41.045584999692494],
            [-96.652475999738627, 41.045568999896652],
            [-96.648682999995373, 41.045560999997299],
            [-96.648667000101824, 41.045560999997299],
            [-96.646712999967193, 41.045557000047232],
            [-96.645671000051678, 41.045555000072135],
            [-96.645344999638453, 41.045566999921917],
            [-96.645328999744919, 41.045566999921917],
            [-96.645069000352237, 41.045563999959676],
            [-96.644737000091226, 41.045560000009786],
            [-96.644193000118094, 41.045554000084536],
            [-96.643502999656789, 41.045555000072135],
            [-96.64273100007803, 41.045564999947118],
            [-96.641491999620712, 41.045555000072135],
            [-96.641091999587644, 41.045556000059719],
            [-96.640309999963137, 41.045557000047232],
            [-96.640227999947371, 41.045559000022322],
            [-96.64014799958143, 41.045560000009786],
            [-96.639909000105149, 41.045565999934503],
            [-96.639862000249479, 41.045566999921917],
            [-96.63970499989064, 41.045569999884016],
            [-96.638093000062739, 41.045565999934503],
            [-96.637107000223736, 41.045556000059719],
            [-96.631106999727507, 41.045535000317656],
            [-96.627158000348629, 41.045521999796499],
            [-96.627073999784727, 41.045521999796499],
            [-96.625769999928409, 41.045516999855892],
            [-96.624999000174569, 41.045504999997036],
            [-96.624596999593351, 41.045504000008691],
            [-96.624203000306366, 41.045504000008691],
            [-96.622963000024157, 41.04550599998533],
            [-96.621459999976182, 41.045500000055156],
            [-96.620537999711274, 41.04550599998533],
            [-96.62028900018926, 41.045504000008691],
            [-96.620260999701856, 41.045504000008691],
            [-96.619519000260325, 41.045499000066769],
            [-96.616933000288995, 41.045491000158862],
            [-96.616908999999552, 41.045491000158862],
            [-96.615914999764627, 41.04548800019316],
            [-96.615842999794609, 41.04548800019316],
            [-96.614800999879108, 41.045485000227366],
            [-96.614625999976909, 41.045484000238702],
            [-96.609213999834751, 41.04546799974085],
            [-96.603410000055405, 41.04544999993827],
            [-96.603328000039639, 41.04544999993827],
            [-96.603016999695015, 41.04544899994908],
            [-96.602897000044422, 41.04544899994908],
            [-96.602777000393829, 41.04544899994908],
            [-96.60258900007284, 41.045447999959919],
            [-96.602408000322896, 41.0454469999707],
            [-96.602347000223517, 41.0454469999707],
            [-96.601110000314335, 41.045444000002995],
            [-96.599145000309036, 41.045447999959919],
            [-96.597019999571842, 41.045428000172919],
            [-96.596446000359791, 41.045422000235632],
            [-96.595189000359142, 41.045427000183388],
            [-96.592778000289996, 41.045395999823548],
            [-96.592313999784508, 41.045390999873433],
            [-96.592237999616515, 41.045390999873433],
            [-96.590744999614301, 41.045389999883341],
            [-96.586761000075313, 41.045404999732838],
            [-96.58645499975357, 41.045404999732838],
            [-96.586443000058011, 41.045404999732838],
            [-96.585909000130627, 41.045404999732838],
            [-96.583156999579629, 41.045403999742959],
            [-96.583033999555994, 41.045403999742959],
            [-96.582912000255561, 41.045404999732838],
            [-96.582898999836772, 41.045404999732838],
            [-96.582466000191715, 41.045408999692093],
            [-96.581999000211496, 41.045413000328665],
            [-96.581984999967801, 41.045413000328665],
            [-96.581349999758046, 41.045409999681894],
            [-96.580342000177751, 41.045418000277117],
            [-96.576212000150591, 41.045396999813555],
            [-96.575080999648307, 41.045400999773285],
            [-96.574032000060129, 41.04538799990317],
            [-96.572319999774805, 41.045383999942587],
            [-96.570410000021084, 41.045395999823548],
            [-96.566476999637402, 41.045359000183581],
            [-96.56554199985203, 41.045359000183581],
            [-96.564463999951514, 41.045344000323595],
            [-96.564320000011463, 41.045343000332799],
            [-96.56391800032857, 41.045341999664508],
            [-96.563468999891683, 41.045341999664508],
            [-96.563428999708719, 41.045341999664508],
            [-96.56249999977112, 41.045346000305116],
            [-96.560600999888052, 41.045332999746606],
            [-96.558456999782592, 41.045329999773699],
            [-96.556921999947591, 41.045326999800658],
            [-96.555665999771847, 41.045315999898342],
            [-96.555054999851563, 41.045310999942146],
            [-96.553022999899113, 41.045313999915919],
            [-96.550892000212443, 41.045309999950838],
            [-96.548842999643227, 41.045320999854162],
            [-96.547739999628362, 41.045311999933375],
            [-96.546546000275228, 41.045303000011373],
            [-96.544315999956041, 41.045299000045674],
            [-96.54175699974887, 41.045289000130268],
            [-96.540498000098395, 41.045291000113501],
            [-96.539200000089878, 41.045288000138683],
            [-96.53843400035889, 41.045286000155357],
            [-96.533481999625934, 41.045275000246185],
            [-96.527181999554045, 41.045260999681609],
            [-96.526151000407523, 41.045257999705413],
            [-96.521344000337848, 41.045247999783825],
            [-96.502152000044134, 41.045206000096421],
            [-96.501502999590699, 41.045227999936039],
            [-96.500167999772259, 41.045302000020001],
            [-96.500130000137418, 41.04530400000278],
            [-96.499996000243115, 41.045276000238019],
            [-96.499766999914257, 41.045249999768259],
            [-96.499531999737627, 41.045222999973106],
            [-96.499059999734513, 41.045221999980512],
            [-96.498754000311081, 41.045220999987855],
            [-96.498171999804796, 41.04521900000254],
            [-96.496852000054957, 41.045205000103572],
            [-96.493408000291154, 41.045201000131861],
            [-96.49321900014526, 41.045201000131861],
            [-96.49320599972647, 41.045201000131861],
            [-96.490814999748807, 41.045194000180807],
            [-96.488790000367359, 41.045175000309982],
            [-96.488734000290847, 41.045174000316607],
            [-96.486066000303751, 41.045176000303336],
            [-96.485990999960691, 41.045176000303336],
            [-96.48299099971257, 41.045164999698258],
            [-96.478803999783992, 41.045138999862154],
            [-96.475635000379796, 41.045126999934332],
            [-96.474219000370496, 41.045124999946154],
            [-96.473435000197838, 41.045116999992779],
            [-96.473133999898963, 41.045114000010031],
            [-96.473107999959694, 41.045114000010031],
            [-96.471851999783951, 41.045102000077691],
            [-96.467428000028917, 41.045095000116099],
            [-96.463902000249348, 41.045083000180242],
            [-96.463868999739063, 41.045083000180242],
            [-96.463867000089252, 41.042278999894819],
            [-96.46387399976193, 41.040971999751882],
            [-96.463867000089252, 41.039025999899529],
            [-96.463862999891276, 41.038519000023236],
            [-96.463856000218584, 41.037606000254065],
            [-96.463856000218584, 41.037594000307863],
            [-96.463855000393664, 41.037402000193339],
            [-96.46385700004349, 41.036575999842434],
            [-96.463862000066371, 41.034534000216681],
            [-96.463876000310066, 41.032951000040335],
            [-96.463867000089252, 41.031725999664332],
            [-96.463866000264332, 41.030571999945948],
            [-96.463866000264332, 41.029086000151317],
            [-96.463867999914143, 41.023328999809856],
            [-96.463867999914143, 41.022973000306983],
            [-96.463867999914143, 41.01870799991616],
            [-96.463861000241451, 41.016069000145841],
            [-96.461537000210953, 41.016035000241303],
            [-96.456344000351891, 41.015991999778699],
            [-96.453980999963321, 41.015971999853463],
            [-96.451877000040824, 41.015954999878332],
            [-96.449301000115241, 41.015931000224967],
            [-96.449141000281656, 41.015929999787339],
            [-96.449121000190189, 41.015929999787339],
            [-96.444436000319243, 41.015886999934018],
            [-96.444139000218314, 41.015889999893147],
            [-96.439671999907276, 41.015806000307421],
            [-96.437993999957129, 41.015773999791499],
            [-96.432994000441923, 41.015678000183975],
            [-96.432447999920669, 41.015667999835593],
            [-96.431427999746475, 41.015636999694735],
            [-96.430456000151167, 41.015630999753235],
            [-96.430420999991071, 41.015630999753235],
            [-96.43030700018825, 41.015647000047871],
            [-96.43024400043906, 41.015678000183975],
            [-96.430225999997404, 41.015678000183975],
            [-96.42551500018719, 41.015658999927361],
            [-96.425110000131227, 41.015658000163413],
            [-96.424855999688006, 41.015656999721685],
            [-96.424678000311104, 41.015655999957701],
            [-96.424499000210943, 41.015655000193711],
            [-96.424330000156544, 41.015652000223874],
            [-96.42416000027724, 41.015650000017928],
            [-96.41907200000017, 41.015578999785575],
            [-96.406737000170253, 41.015444000173289],
            [-96.398451000176664, 41.015360000018845],
            [-96.397770999761107, 41.015356000267005],
            [-96.389052999947381, 41.015310000053532],
            [-96.388959000236042, 41.015312000269795],
            [-96.388483999859901, 41.015307999837262],
            [-96.388048999666708, 41.015304000082303],
            [-96.387785000076065, 41.015301000096436],
            [-96.386957000420807, 41.015300000327059],
            [-96.386929999758323, 41.015300000327059],
            [-96.377313999969132, 41.01525300030444],
            [-96.376876000301223, 41.01522199996829],
            [-96.375277999818707, 41.01511700025187],
            [-96.372849000206216, 41.015147000187916],
            [-96.372740000426276, 41.015148999731302],
            [-96.372552999930207, 41.015139999752208],
            [-96.372368999807193, 41.015130999771884],
            [-96.37228199976856, 41.015127000006132],
            [-96.371417000303381, 41.015085000079132],
            [-96.371100999935877, 41.015069000325816],
            [-96.370998000003709, 41.015064000105561],
            [-96.370612000214336, 41.015044999671851],
            [-96.369905999859512, 41.015010000142773],
            [-96.369506999651335, 41.014990999693488],
            [-96.369219999596169, 41.015049999893542],
            [-96.368856000446399, 41.015112000035266],
            [-96.368838999829649, 41.015115000029738],
            [-96.3686239997445, 41.015151999724097],
            [-96.368598999630137, 41.015162000150859],
            [-96.368583999561523, 41.015165000143014],
            [-96.368539000253989, 41.01517900033059],
            [-96.361224000030788, 41.015191000295367],
            [-96.361191000418842, 41.015191000295367],
            [-96.354831000072494, 41.015201999809285],
            [-96.354693999805136, 41.015201999809285],
            [-96.354550999690005, 41.015201999809285],
            [-96.349493000448476, 41.015210999779903],
            [-96.349470999808858, 41.015210999779903],
            [-96.349469999983938, 41.015319999778541],
            [-96.349454999915324, 41.017022000258734],
            [-96.349456999565149, 41.017031999723812],
            [-96.349470999808858, 41.017658999685992],
            [-96.349445999694481, 41.020633000319044],
            [-96.349444999869576, 41.020764999726147],
            [-96.349424999778094, 41.022464000147977],
            [-96.349419999755227, 41.022868000068932],
            [-96.34941200025763, 41.02345500000667],
            [-96.34941100043271, 41.024474999986374],
            [-96.349409999709493, 41.02491400015434],
            [-96.349409999709493, 41.02528000025417],
            [-96.349399999663731, 41.027284999933009],
            [-96.349393999815959, 41.027629999697517],
            [-96.349391000341228, 41.027858999861117],
            [-96.349372999899558, 41.028942999874623],
            [-96.349384999595117, 41.02931999981093],
            [-96.349391000341228, 41.029420000118463],
            [-96.34928699968583, 41.029720999680315],
            [-96.349116999806512, 41.036072999916797],
            [-96.349099000263166, 41.036823000194474],
            [-96.349090000042338, 41.037198000177973],
            [-96.349089000217432, 41.037625999707835],
            [-96.349088000392513, 41.038664000012368],
            [-96.349085999844377, 41.039703000285911],
            [-96.349085999844377, 41.040050000167653],
            [-96.349085000019485, 41.040397000252632],
            [-96.349080999821496, 41.042893999667541],
            [-96.349079000171685, 41.04452500006937],
            [-96.349027000293148, 41.044950000067303],
            [-96.348201000287716, 41.044980999959733],
            [-96.345519999881844, 41.044983999948549],
            [-96.345421000147624, 41.044983999948549],
            [-96.337485999783325, 41.044993999910261],
            [-96.337327999599566, 41.044994999906365],
            [-96.337006000282599, 41.044994999906365],
            [-96.333709999758483, 41.044998999890595],
            [-96.333267999892598, 41.044997999894548],
            [-96.332981999662351, 41.045003999870495],
            [-96.332694999607156, 41.045001999878593],
            [-96.332407999551975, 41.044999999886571],
            [-96.332129999717637, 41.044998999890595],
            [-96.331851999883298, 41.044996999898487],
            [-96.325427000137935, 41.044997999894548],
            [-96.323862000165704, 41.0449909999219],
            [-96.323195000168923, 41.044988999929593],
            [-96.322857999885045, 41.044987999933397],
            [-96.322660000416619, 41.04498699993723],
            [-96.322358000292837, 41.044984999944752],
            [-96.32062000006826, 41.044998999890595],
            [-96.319373999938236, 41.044996999898487],
            [-96.31928199987675, 41.044997999894548],
            [-96.319190999640156, 41.044997999894548],
            [-96.318282999618944, 41.043889999700959],
            [-96.317171000281576, 41.042622000295104],
            [-96.316115000122366, 41.041192999829057],
            [-96.315566000126353, 41.040640000246185],
            [-96.315033999848808, 41.040104999996558],
            [-96.314642000211649, 41.039730999711573],
            [-96.313468000051657, 41.038610999843101],
            [-96.312637000023372, 41.037841000227907],
            [-96.312267999952411, 41.037475000158196],
            [-96.311282999938328, 41.036429999870577],
            [-96.310780999797998, 41.036041999893961],
            [-96.309786999563073, 41.035274000329075],
            [-96.30801099970364, 41.034118000138072],
            [-96.307660999899284, 41.033861000181588],
            [-96.306850999787358, 41.033266000131384],
            [-96.305803000024085, 41.032430000223769],
            [-96.30443499969536, 41.03146599992985],
            [-96.303340000076417, 41.030586000246956],
            [-96.303058999869023, 41.030349999905859],
            [-96.303049999648181, 41.030342000189584],
            [-96.302374000328896, 41.029786999796535],
            [-96.302364000283148, 41.029765000216926],
            [-96.301971999747678, 41.029398999971619],
            [-96.301191999772982, 41.028897999903393],
            [-96.299795999855164, 41.02800199978131],
            [-96.299717000212468, 41.027964000273563],
            [-96.299697999945877, 41.027955000012398],
            [-96.297296000097546, 41.026804000075103],
            [-96.297070999966664, 41.026695999701495],
            [-96.29693200004948, 41.026624999855088],
            [-96.296793999957231, 41.026553999932126],
            [-96.296721000162279, 41.026516999865549],
            [-96.294931999884071, 41.025744999852314],
            [-96.294090999810024, 41.025569000338145],
            [-96.293171000093267, 41.025310000305439],
            [-96.29280299984724, 41.025206000023992],
            [-96.291442999914409, 41.024770000001894],
            [-96.288626999789315, 41.023426000111826],
            [-96.286839000234323, 41.022700000288758],
            [-96.285994999787235, 41.022358000113947],
            [-96.284387000157295, 41.021745999970086],
            [-96.283191000256011, 41.021598000295107],
            [-96.278691000332998, 41.020634000007483],
            [-96.276281000088773, 41.020216000145965],
            [-96.27548299967242, 41.020078000102146],
            [-96.273645999713636, 41.019867999716382],
            [-96.26865899971888, 41.0192980001355],
            [-96.2648430004094, 41.018901999755855],
            [-96.264091000023811, 41.018860000202373],
            [-96.262562999861501, 41.018774000226209],
            [-96.26240300002793, 41.018779000164855],
            [-96.260618999772603, 41.01885800009385],
            [-96.259227000052718, 41.018941999854356],
            [-96.258190999985018, 41.018998000087045],
            [-96.257210000168882, 41.01906499981876],
            [-96.254891999986143, 41.018998000087045],
            [-96.254795999726682, 41.019021999978548],
            [-96.254320000423931, 41.019028000288905],
            [-96.253779999750435, 41.019033999920993],
            [-96.252323999558158, 41.018946000066201],
            [-96.252091999754583, 41.018898000219117],
            [-96.250780000400638, 41.018753999790114],
            [-96.25039200006313, 41.018597999704333],
            [-96.250291999605707, 41.018597999704333],
            [-96.248921999627157, 41.018248000087979],
            [-96.247601000052384, 41.017776000266721],
            [-96.246992999606846, 41.017440999793259],
            [-96.246304999693677, 41.016700999881536],
            [-96.244276999939188, 41.015494000036846],
            [-96.243353999849347, 41.014944000128196],
            [-96.240757999832297, 41.013398000076222],
            [-96.239200000431069, 41.010996000311671],
            [-96.238294999884602, 41.009601999759653],
            [-96.23583199993692, 41.007291000196162],
            [-96.235029000396011, 41.005513999918819],
            [-96.234502000141333, 41.004347999932826],
            [-96.233948000122467, 41.00312099976491],
            [-96.233404000149335, 41.001918999796025],
            [-96.233393000278681, 41.001893999802512],
            [-96.233370999639078, 41.001844999760678],
            [-96.232960999560234, 41.000855000201319],
            [-96.231665000099838, 41.000373999873574],
            [-96.230643000275819, 40.999993999668312],
            [-96.229620999553489, 40.999613999984049],
            [-96.229588999766435, 40.999591999817504],
            [-96.227672000340021, 40.998245000038125],
            [-96.226534000165046, 40.997444999763637],
            [-96.223251000059719, 40.995628999853508],
            [-96.22226199984766, 40.995325000219133],
            [-96.220020999657848, 40.994638999818392],
            [-96.218938999559356, 40.994308000031047],
            [-96.214425000290973, 40.994473000089755],
            [-96.213051999939353, 40.994703999749369],
            [-96.212784000150748, 40.994752999675867],
            [-96.211476999921388, 40.994975999766737],
            [-96.210834000214049, 40.995085000017092],
            [-96.210169999692013, 40.995197999706889],
            [-96.209716999955489, 40.99527399989335],
            [-96.209627000442111, 40.995289999707303],
            [-96.209082999570668, 40.99538300032895],
            [-96.208531999924844, 40.995477000211558],
            [-96.207982000103939, 40.995570999960123],
            [-96.207648000193103, 40.995627999785683],
            [-96.205662000271374, 40.996529999920199],
            [-96.205596000149157, 40.996560000183152],
            [-96.205530000026911, 40.996589999754434],
            [-96.204083000055462, 40.997247000298621],
            [-96.202927000337141, 40.997772999965733],
            [-96.197853000303752, 40.99973700010203],
            [-96.197387000148439, 40.999918000177878],
            [-96.194844999659736, 41.000132999749518],
            [-96.193487000275042, 41.000248000273082],
            [-96.188918999681661, 41.001766999743388],
            [-96.187531999984671, 41.002228000044482],
            [-96.1822329998204, 41.005148999729776],
            [-96.180345999632905, 41.00618900001232],
            [-96.180163000233094, 41.006235999722193],
            [-96.173981000161973, 41.007838999830376],
            [-96.164704000306529, 41.01099200029492],
            [-96.161711999556005, 41.012008000140781],
            [-96.15872100042705, 41.013024999713068],
            [-96.158624000342655, 41.013058000012087],
            [-96.158528000083209, 41.01309100029458],
            [-96.158035000163693, 41.013240999706461],
            [-96.157666000092732, 41.013427000319489],
            [-96.157650000199226, 41.013435000057136],
            [-96.156645999918567, 41.01400500021407],
            [-96.153347999744625, 41.015875999856668],
            [-96.148996999784515, 41.016627000178715],
            [-96.147680000407718, 41.016855000223913],
            [-96.144692999680075, 41.017598000320341],
            [-96.141413999772709, 41.02106200013597],
            [-96.139453999790263, 41.024307000239283],
            [-96.139381999820245, 41.024362999976681],
            [-96.13722299964617, 41.026052999903371],
            [-96.136825999986144, 41.026364000028998],
            [-96.131244999789558, 41.031387000216327],
            [-96.130623999823541, 41.031829999812771],
            [-96.128476000418431, 41.033363000025851],
            [-96.127296000410695, 41.034140999779446],
            [-96.124934999671922, 41.035340000299477],
            [-96.123431999623975, 41.03652300002468],
            [-96.12171400038919, 41.037539999845265],
            [-96.121423000136048, 41.037682000314305],
            [-96.120835999606925, 41.037970000067361],
            [-96.120798999796989, 41.037987999883022],
            [-96.120018999822307, 41.038370000005372],
            [-96.119768999577047, 41.038389999904595],
            [-96.119611000291613, 41.038401999705677],
            [-96.119077000364243, 41.03856500028801],
            [-96.11791599972473, 41.039811999725323],
            [-96.117796000074136, 41.040010000016828],
            [-96.116924000037955, 41.041447000144743],
            [-96.116519999806911, 41.04211200022025],
            [-96.116079999590852, 41.042391999953523],
            [-96.11585500035828, 41.042581999674795],
            [-96.115442999731314, 41.042912000169231],
            [-96.115031000002659, 41.043241999686444],
            [-96.114523000014543, 41.043645000156019],
            [-96.114015000026441, 41.04404800019028],
            [-96.112649000245838, 41.045049999667903],
            [-96.111142999824835, 41.046863999917228],
            [-96.109864999907785, 41.048403999872434],
            [-96.103369999842229, 41.05194499993943],
            [-96.100192000217191, 41.053248000118828],
            [-96.099927999728237, 41.053300000146784],
            [-96.099300999914433, 41.053404000079347],
            [-96.099044999821402, 41.053446999821041],
            [-96.097175000250644, 41.053170999871668],
            [-96.095058999734263, 41.053191999886437],
            [-96.093696000326716, 41.053205000247061],
            [-96.09108000021817, 41.054138000243739],
            [-96.090695000253703, 41.054276000028267],
            [-96.090308999565991, 41.05441299967034],
            [-96.087432000239858, 41.055440999664732],
            [-96.081168000152971, 41.057118000156038],
            [-96.08107299971843, 41.057125000193295],
            [-96.079490000202838, 41.057236000200781],
            [-96.077906999788965, 41.057346000212583],
            [-96.077121999791402, 41.057400999810788],
            [-96.074131999589028, 41.057955999710522],
            [-96.073647000065435, 41.058045999857107],
            [-96.073211999872242, 41.058512000136943],
            [-96.071519999678429, 41.059478000117842],
            [-96.069547000175504, 41.060085000186888],
            [-96.068034999906729, 41.060625999787611],
            [-96.068008000142555, 41.06064199998599],
            [-96.067090000075609, 41.061181999996379],
            [-96.067048000242806, 41.0612069998393],
            [-96.066972999899747, 41.061251000325484],
            [-96.066962000029079, 41.061257999922894],
            [-96.066916999823249, 41.0612840001628],
            [-96.066901999754634, 41.061292999930821],
            [-96.066890999883967, 41.061298999775474],
            [-96.065713000424353, 41.061991999826816],
            [-96.064596999990684, 41.062348000329386],
            [-96.063201999897771, 41.063256000282735],
            [-96.063037000041334, 41.063307000132028],
            [-96.062986999812622, 41.063321999960685],
            [-96.056255999745517, 41.065356000168762],
            [-96.0538539998972, 41.065425999867976],
            [-96.052240000419488, 41.06547200028767],
            [-96.050626000043451, 41.065518999682041],
            [-96.048873999575164, 41.065569999808211],
            [-96.047121000180269, 41.065620999894882],
            [-96.042682000356621, 41.065750000136767],
            [-96.042473999944164, 41.065756000252108],
            [-96.04244499963184, 41.065756999932596],
            [-96.042092000352739, 41.065765999765816],
            [-96.041739000175326, 41.065773999917567],
            [-96.041602999732888, 41.065765999765816],
            [-96.040943000307138, 41.065792000255357],
            [-96.040282999983035, 41.065818000057391],
            [-96.038149999748242, 41.065864999881718],
            [-96.037111000205783, 41.065904000214829],
            [-96.036577000278399, 41.065927000261524],
            [-96.036532000072555, 41.065929000294652],
            [-96.036101000077338, 41.065946999912761],
            [-96.036070000115203, 41.065946999912761],
            [-96.035953999764246, 41.065948999945277],
            [-96.035899000410978, 41.065950000300184],
            [-96.035669000257201, 41.065953999687679],
            [-96.035623000226437, 41.065946999912761],
            [-96.035484000309268, 41.065959000106936],
            [-96.035436999555301, 41.065963000171223],
            [-96.034804999718617, 41.06598000010289],
            [-96.03406199955387, 41.066001000092093],
            [-96.03032400006218, 41.06450999976996],
            [-96.030293000100059, 41.064497999988632],
            [-96.029010000160113, 41.063986000054761],
            [-96.028127000253278, 41.063635000209914],
            [-96.026064000338678, 41.063194999813383],
            [-96.025758999841841, 41.063128000287485],
            [-96.020755999953565, 41.062056999681872],
            [-96.018062000027214, 41.061485000107417],
            [-96.015183000152916, 41.061020000323296],
            [-96.014068000442492, 41.060839999917562],
            [-96.012858000297499, 41.060809999802046],
            [-96.010366000037493, 41.060748999773303],
            [-96.007874999602407, 41.060687999687978],
            [-96.007758000324856, 41.06068499973783],
            [-96.00519099972179, 41.060624000270508],
            [-96.005199999942604, 41.061084000032778],
            [-96.005183000224179, 41.061504000009769],
            [-96.005116000277027, 41.063612999752031],
            [-96.005081999941851, 41.064062999833844],
            [-96.004477999694259, 41.082579000080003],
            [-96.004369999739225, 41.084656000062516],
            [-96.004366000439589, 41.084979000293131],
            [-96.0043680000894, 41.085097999835327],
            [-96.004378999960053, 41.085116000299237],
            [-96.004389999830721, 41.085135000144064],
            [-96.004266999807058, 41.088318000231389],
            [-96.004105000323662, 41.09076700030716],
            [-96.003994999820506, 41.092434000131746],
            [-96.003979999751891, 41.092750999682671],
            [-96.004290000271595, 41.099524000032993],
            [-96.004311000187982, 41.099987999774704],
            [-96.004336000302345, 41.100501999895556],
            [-96.004481000067301, 41.103700999970179],
            [-96.004449000280246, 41.103761000302605],
            [-96.004435999861471, 41.104038000224016],
            [-96.004449000280246, 41.104588000201922],
            [-96.004438000409607, 41.105156999781407],
            [-96.004450999930057, 41.106254999917489],
            [-96.004452999579897, 41.106384000285473],
            [-96.004444000257394, 41.112471999703288],
            [-96.004445000082285, 41.113048999810466],
            [-96.004464000348861, 41.113557000087965],
            [-96.004466999823606, 41.114797999935128],
            [-96.004474000394623, 41.117451000262541],
            [-96.004465999998686, 41.117871999675998],
            [-96.004474000394623, 41.118120999744555],
            [-96.004486000090182, 41.119478000152419],
            [-96.004476000044448, 41.121193999998994],
            [-96.004502999808622, 41.123510999704287],
            [-96.004510000379625, 41.124737000136818],
            [-96.004516000227412, 41.125003000102296],
            [-96.004503999633528, 41.125158000182758],
            [-96.004503999633528, 41.125374000230032],
            [-96.004510000379625, 41.12800899983732],
            [-96.004513999679261, 41.12904200022907],
            [-96.007509999729422, 41.129013000190405],
            [-96.01410899955205, 41.128949999712198],
            [-96.014085999985838, 41.129319999786226],
            [-96.014080000138051, 41.132299000100822],
            [-96.014084000335998, 41.132655000010317],
            [-96.018510999565777, 41.132649999929946],
            [-96.018780999902518, 41.132648999913826],
            [-96.021165000207475, 41.132645999865353],
            [-96.022442000299634, 41.132643999832993],
            [-96.023449000055038, 41.132643999832993],
            [-96.023688000429644, 41.132643999832993],
            [-96.024075000043922, 41.132644999849177],
            [-96.024328999588818, 41.132727999787299],
            [-96.024624000039935, 41.132733999876564],
            [-96.02468099994131, 41.132729999817094],
            [-96.025266999747245, 41.132692999932175],
            [-96.025453000418395, 41.132674000312313],
            [-96.025936000292162, 41.132599999781775],
            [-96.02638400000582, 41.132506000157854],
            [-96.026808000328344, 41.132389999961205],
            [-96.026891999993936, 41.132367000171975],
            [-96.027364999821941, 41.132177000075103],
            [-96.027774000075851, 41.132076999696245],
            [-96.027923000038768, 41.13204400022115],
            [-96.028225999987484, 41.131989000156977],
            [-96.028380999798173, 41.131965000200637],
            [-96.028538000157013, 41.131942000262413],
            [-96.028856000174315, 41.131902999878072],
            [-96.029348000268925, 41.131866000203352],
            [-96.029787999586659, 41.131866000203352],
            [-96.029830000317773, 41.131866000203352],
            [-96.030289999726989, 41.131893000278914],
            [-96.030745999836569, 41.131946999720185],
            [-96.031197999748187, 41.132020000284925],
            [-96.031641000337302, 41.132119000049862],
            [-96.031786000102258, 41.1321580003058],
            [-96.032073999982345, 41.132243000228129],
            [-96.03221500044765, 41.132288999885411],
            [-96.032508000350603, 41.132386999900881],
            [-96.032627000176291, 41.132428000036555],
            [-96.032760000245688, 41.132474000240734],
            [-96.033142999662005, 41.132608999933055],
            [-96.03316000027877, 41.132615000033212],
            [-96.033705999901727, 41.132788999992769],
            [-96.033983999736066, 41.132860000271478],
            [-96.034274000164288, 41.132929999784849],
            [-96.034726999900812, 41.133027000185599],
            [-96.035111000040374, 41.133088000113105],
            [-96.0351760003377, 41.133099000215992],
            [-96.035613000180703, 41.13312899981063],
            [-96.03580800017437, 41.133131999837019],
            [-96.036048000373896, 41.133136999880662],
            [-96.036476999820977, 41.133137999889335],
            [-96.036898999595365, 41.13312899981063],
            [-96.03703500003779, 41.133124999775241],
            [-96.037170999581917, 41.133120999739617],
            [-96.037446999766459, 41.133110000317032],
            [-96.037589000056684, 41.133102000243703],
            [-96.03773299999672, 41.133095000178784],
            [-96.038025000074768, 41.133083000065731],
            [-96.038476999986386, 41.133072999969826],
            [-96.038784999957969, 41.133069999940737],
            [-96.038938999943753, 41.133067999921302],
            [-96.039093999754442, 41.133065999901753],
            [-96.039400999901105, 41.13305899983299],
            [-96.039846999964951, 41.133031000226957],
            [-96.039994000278043, 41.13301600007064],
            [-96.040283999807954, 41.132978999670421],
            [-96.040489999672275, 41.13293599985564],
            [-96.040709999780319, 41.132890999987843],
            [-96.040987999614643, 41.132822999783215],
            [-96.041268999822037, 41.13276899970981],
            [-96.041666000380388, 41.132720999682469],
            [-96.041789000404037, 41.132712000223158],
            [-96.04190900005463, 41.132704000101299],
            [-96.042243999790387, 41.132691999916723],
            [-96.042742999557689, 41.132639999768031],
            [-96.042910999787154, 41.132623000165871],
            [-96.043207000063163, 41.132622000149347],
            [-96.043634999685338, 41.132621000132815],
            [-96.045186000312185, 41.132618000083056],
            [-96.050796999747675, 41.132640999784286],
            [-96.050872000090735, 41.132640999784286],
            [-96.05246700020021, 41.132649999929946],
            [-96.052575999980149, 41.132650999946037],
            [-96.052695999630757, 41.132650999946037],
            [-96.052775000171778, 41.132650999946037],
            [-96.053222000060529, 41.132653999994282],
            [-96.055136999837117, 41.132652999978234],
            [-96.056170000430114, 41.132652999978234],
            [-96.057445999799015, 41.132645999865353],
            [-96.058636999677432, 41.132639999768031],
            [-96.058752000203469, 41.132639999768031],
            [-96.061848999637661, 41.132657000042357],
            [-96.062129999845041, 41.132658000058385],
            [-96.063534000158796, 41.132656000026337],
            [-96.063556999725023, 41.132656000026337],
            [-96.064290999668941, 41.132656000026337],
            [-96.064334000224974, 41.132656000026337],
            [-96.064882000396068, 41.132656000026337],
            [-96.065381999988247, 41.132656000026337],
            [-96.066550000300452, 41.132656000026337],
            [-96.066639999813816, 41.132656000026337],
            [-96.066860999746751, 41.132656000026337],
            [-96.067335000297973, 41.132655000010317],
            [-96.067490000108705, 41.132655000010317],
            [-96.067891999791598, 41.132653999994282],
            [-96.068045999777382, 41.132652999978234],
            [-96.068785999569101, 41.132650999946037],
            [-96.069279000386913, 41.132650999946037],
            [-96.070115000438079, 41.132650999946037],
            [-96.071241000019171, 41.132641999800512],
            [-96.071403000400878, 41.132640999784286],
            [-96.072312000246967, 41.132633999670169],
            [-96.073253999705059, 41.132638999751762],
            [-96.073955999861937, 41.132644999849177],
            [-96.073997999694726, 41.132644999849177],
            [-96.074338000351673, 41.132648999913826],
            [-96.074535999820057, 41.132650999946037],
            [-96.074965000165463, 41.132656000026337],
            [-96.075011000196227, 41.132656000026337],
            [-96.075294999878338, 41.132655000010317],
            [-96.075658999926418, 41.132653999994282],
            [-96.076439999726006, 41.132651999962114],
            [-96.076879999942051, 41.132650999946037],
            [-96.078003999873317, 41.132645999865353],
            [-96.07880200028967, 41.132643999832993],
            [-96.079865999946477, 41.132642999816781],
            [-96.080970999611154, 41.132642999816781],
            [-96.081016999641903, 41.132642999816781],
            [-96.081209999985759, 41.132641999800512],
            [-96.081270000260233, 41.132641999800512],
            [-96.081549999744382, 41.132641999800512],
            [-96.081979999914708, 41.132641999800512],
            [-96.082128999877611, 41.132640999784286],
            [-96.084185000119518, 41.132640999784286],
            [-96.084493999916006, 41.132640999784286],
            [-96.086581999944968, 41.132629000264799],
            [-96.088101999711341, 41.132622000149347],
            [-96.090829999972897, 41.132619000099687],
            [-96.095643999715293, 41.132608999933055],
            [-96.099142999730674, 41.132601999815471],
            [-96.100414999799952, 41.132599999781775],
            [-96.100793999916647, 41.132599999781775],
            [-96.100882999605105, 41.132598999764902],
            [-96.10267699990618, 41.132595999714134],
            [-96.103557000338284, 41.132594999697204],
            [-96.105384000251334, 41.132588000254742],
            [-96.107022000018503, 41.132583000169255],
            [-96.114264000446767, 41.132588000254742],
            [-96.115569000128005, 41.132578000083384],
            [-96.115759000098805, 41.132577000066171],
            [-96.116102000230484, 41.132575000031714],
            [-96.11806200021293, 41.132560999788595],
            [-96.119586000177264, 41.132550000272062],
            [-96.120419999680308, 41.132544000165964],
            [-96.124351000414151, 41.132553999665895],
            [-96.125001999619073, 41.132555999701047],
            [-96.125804000233387, 41.132544000165964],
            [-96.12779900037593, 41.132537000041502],
            [-96.130079000025503, 41.132540000094913],
            [-96.13102899987949, 41.132541000112738],
            [-96.138903999969358, 41.132487999825798],
            [-96.13911400003164, 41.132491999900019],
            [-96.139359000254018, 41.132496999992441],
            [-96.139828999708982, 41.132500000047685],
            [-96.141249999741177, 41.132509000212686],
            [-96.14407900028506, 41.13251000023093],
            [-96.144287999624126, 41.132502000084479],
            [-96.144757999977415, 41.132483999751322],
            [-96.14658499989045, 41.132486999807213],
            [-96.148343000206523, 41.13250400012118],
            [-96.15280700014452, 41.132489999862905],
            [-96.15399200017518, 41.132486999807213],
            [-96.155691000041699, 41.132492999918526],
            [-96.158014000247306, 41.132502000084479],
            [-96.15805799972992, 41.135448000233204],
            [-96.158056999905, 41.135622000120939],
            [-96.158054000430283, 41.136167000215814],
            [-96.158054000430283, 41.136313999951405],
            [-96.158071999973615, 41.137452000335102],
            [-96.158091000240191, 41.138694000213171],
            [-96.158109999608456, 41.139858000170229],
            [-96.158123000027246, 41.140639000088839],
            [-96.158111000331658, 41.141303000300802],
            [-96.158131000423168, 41.142766999797935],
            [-96.158097000087977, 41.143373999743233],
            [-96.158129999699923, 41.145718999857245],
            [-96.158148999966514, 41.147048999869163],
            [-96.158444000417603, 41.147045000006187],
            [-96.158734999772435, 41.147041999939717],
            [-96.160509999806948, 41.147037000279553],
            [-96.162582999767295, 41.147038000076307],
            [-96.16308599973253, 41.147044000209533],
            [-96.163638000101585, 41.147051000138774],
            [-96.164148999564418, 41.147061000132993],
            [-96.164411000403575, 41.147067000264116],
            [-96.166759999650111, 41.14704999966574],
            [-96.166887999696627, 41.147048999869163],
            [-96.167013000268412, 41.147048000072573],
            [-96.168716000332907, 41.147035999806313],
            [-96.168748999944867, 41.147035999806313],
            [-96.170150999710486, 41.147035000009517],
            [-96.172254999632969, 41.147048999869163],
            [-96.172796999956276, 41.147044000209533],
            [-96.172801000154237, 41.147815999690998],
            [-96.173072000315884, 41.147817999937203],
            [-96.173238999822146, 41.14783099984502],
            [-96.173365000218837, 41.147859999682098],
            [-96.173496999565003, 41.147917999994171],
            [-96.173606000243268, 41.147986000108148],
            [-96.1737219996959, 41.148110999835197],
            [-96.173926999735315, 41.148390999982581],
            [-96.174501999670582, 41.149139000078577],
            [-96.174813999840111, 41.149421000091799],
            [-96.175079000153985, 41.149598000063442],
            [-96.175212000223382, 41.149676999816286],
            [-96.175342999744629, 41.149754999718624],
            [-96.175660999761959, 41.149885000251558],
            [-96.176032000381042, 41.150003999878628],
            [-96.176300000169633, 41.150066000002319],
            [-96.176362000093917, 41.150081000318032],
            [-96.176597000270561, 41.150112000012555],
            [-96.176850999815443, 41.15013499966738],
            [-96.177347000108, 41.15014700004285],
            [-96.177343999734944, 41.152426000023603],
            [-96.177351000305961, 41.153524999803338],
            [-96.177351000305961, 41.153589999746217],
            [-96.177351000305961, 41.15361399990659],
            [-96.177347000108, 41.154295999719444],
            [-96.177336000237347, 41.156204000009026],
            [-96.177336000237347, 41.156298999819455],
            [-96.177336000237347, 41.157568999831561],
            [-96.177340000435308, 41.157930000059416],
            [-96.174931999840894, 41.157953999983476],
            [-96.173940000154104, 41.157959999794009],
            [-96.172929000200753, 41.157966999910492],
            [-96.171800000246606, 41.157975000332513],
            [-96.171252999900446, 41.157977999898755],
            [-96.168487000004049, 41.157995999998512],
            [-96.167737999991516, 41.158001000175624],
            [-96.167753000060131, 41.158699999947984],
            [-96.16787500025886, 41.158699999947984],
            [-96.167865000213112, 41.159698000251119],
            [-96.167845000121631, 41.161633000207473],
            [-96.167608000295175, 41.161635000032106],
            [-96.166933999727391, 41.1616419997561],
            [-96.165602000281979, 41.16165700012818],
            [-96.165214999769361, 41.161660999775997],
            [-96.164274000136217, 41.161668000173471],
            [-96.164136000043953, 41.161676000143721],
            [-96.163749000429647, 41.161700000048739],
            [-96.163063999991223, 41.161709999837448],
            [-96.161844999625416, 41.161741999692211],
            [-96.161093999963057, 41.16174299994104],
            [-96.16120799976585, 41.161999999810192],
            [-96.161244999575786, 41.162219999889636],
            [-96.161239999552905, 41.162328000187081],
            [-96.161203999567888, 41.162550000314795],
            [-96.161134999970926, 41.162702999800544],
            [-96.161046000282468, 41.162900999877785],
            [-96.160790000189436, 41.16345199980632],
            [-96.160016999887446, 41.163252000266013],
            [-96.159847999833033, 41.163216000243331],
            [-96.159749000098842, 41.163206000008124],
            [-96.159563000325988, 41.163210999787772],
            [-96.159353000263721, 41.163249999814411],
            [-96.159190999882014, 41.163291999817133],
            [-96.159043999568908, 41.163363000211369],
            [-96.158918999895448, 41.163439999837614],
            [-96.158779000153359, 41.163552999906955],
            [-96.158608000449149, 41.163733000249408],
            [-96.158234000355336, 41.164212999872611],
            [-96.15805799972992, 41.16445300005644],
            [-96.157861000086427, 41.16469300003758],
            [-96.157560999612443, 41.165115999664998],
            [-96.157399000129061, 41.165367000023608],
            [-96.157278999580143, 41.165627999964201],
            [-96.157240999945316, 41.165762999712129],
            [-96.157220999853834, 41.165928000003177],
            [-96.157218000379089, 41.166010000239126],
            [-96.157226999701606, 41.166247000063919],
            [-96.15730200004468, 41.166592999915324],
            [-96.157363000144045, 41.166736999905297],
            [-96.157591999574592, 41.167069999726692],
            [-96.157738999887684, 41.167216999840527],
            [-96.157959999820619, 41.167386999988778],
            [-96.158199000195211, 41.167555000052005],
            [-96.158539999778753, 41.167765000201555],
            [-96.158790000024013, 41.167894000027324],
            [-96.159201999752653, 41.168084000110291],
            [-96.159441000127259, 41.168202999835323],
            [-96.159732000380401, 41.168430999875469],
            [-96.159876000320438, 41.16857999992979],
            [-96.159973000404818, 41.168724999752648],
            [-96.1600279997581, 41.168853000252994],
            [-96.160072000139024, 41.169018000201504],
            [-96.160088000032545, 41.169330999974378],
            [-96.16012200036775, 41.169484999987887],
            [-96.160274999630303, 41.169735999840029],
            [-96.160368000415033, 41.169822999995475],
            [-96.160508000157122, 41.169911000159502],
            [-96.160785999991461, 41.170050999808012],
            [-96.160568000431567, 41.170367999848246],
            [-96.160528000248604, 41.170424000299654],
            [-96.160047000024676, 41.171088999887523],
            [-96.159756999596439, 41.171413999772717],
            [-96.159604000333886, 41.171541000330102],
            [-96.159458999670619, 41.17163400002832],
            [-96.159282999943528, 41.171699999690489],
            [-96.159113999889101, 41.171747000167514],
            [-96.158998000436483, 41.171769999669301],
            [-96.158856000146244, 41.171778999854354],
            [-96.158677000046112, 41.171771999860802],
            [-96.158369999899449, 41.171732000076489],
            [-96.158321000393954, 41.172459999901861],
            [-96.158328000066646, 41.173049000120976],
            [-96.158339999762219, 41.17397900018355],
            [-96.158332000264608, 41.176203000334446],
            [-96.158360999678621, 41.17680100020219],
            [-96.158367000424704, 41.176924999731064],
            [-96.158373000272505, 41.178052999801842],
            [-96.158334999739353, 41.17900200021603],
            [-96.158342000310356, 41.179214000148789],
            [-96.158376999572141, 41.180356000196952],
            [-96.158347000333237, 41.181895000103914],
            [-96.158343000135275, 41.183380999962537],
            [-96.158332000264608, 41.183902999957454],
            [-96.158318999845818, 41.184511000199848],
            [-96.158329999716486, 41.185431000231951],
            [-96.15835599965574, 41.185754000181639],
            [-96.15835800020389, 41.185779999819495],
            [-96.158347000333237, 41.18595900006207],
            [-96.158318999845818, 41.186184000197933],
            [-96.158326000416835, 41.186507999684274],
            [-96.158530999557925, 41.186515000131209],
            [-96.159855000404036, 41.186561000248929],
            [-96.160544000142124, 41.186158000044429],
            [-96.164524000381476, 41.186158000044429],
            [-96.167414999951333, 41.1862199997693],
            [-96.169942000371421, 41.187398000288745],
            [-96.17298000025437, 41.188662000204445],
            [-96.173008999668383, 41.189457000325028],
            [-96.173670999642269, 41.189787999937138],
            [-96.174026000367832, 41.189953999700727],
            [-96.174311999699796, 41.190645000172417],
            [-96.172534000190524, 41.190655000275385],
            [-96.171426999977712, 41.190662000278941],
            [-96.169774999966847, 41.190669000281744],
            [-96.169318999857254, 41.190670999896128],
            [-96.168998000365207, 41.190671999703298],
            [-96.168958000182229, 41.190673999993599],
            [-96.168291000185462, 41.190698999899105],
            [-96.167821999657107, 41.190699999705842],
            [-96.167348999829073, 41.190701999995248],
            [-96.166948999796006, 41.19070400028464],
            [-96.165420999633696, 41.190708999993824],
            [-96.165296999785141, 41.190708999993824],
            [-96.165192000203135, 41.190708999993824],
            [-96.164552999795475, 41.190715000185108],
            [-96.164096999685896, 41.190719999893446],
            [-96.163457000351599, 41.190726000083728],
            [-96.163098000326414, 41.190729000178678],
            [-96.162905999807478, 41.190730999791235],
            [-96.162186999932175, 41.190737999786663],
            [-96.161247000123922, 41.190747999875427],
            [-96.160904999817163, 41.190750999969367],
            [-96.160592999647605, 41.190750999969367],
            [-96.160488999890546, 41.190750999969367],
            [-96.160431999989129, 41.190750999969367],
            [-96.15960099996083, 41.19075400006313],
            [-96.159441999952179, 41.190754999869036],
            [-96.159214000346552, 41.190755999674913],
            [-96.158855000321353, 41.190757999962663],
            [-96.158333000089527, 41.190761999861941],
            [-96.158313999822951, 41.190761999861941],
            [-96.158087999867135, 41.19076400014945],
            [-96.157871999957067, 41.190765999760934],
            [-96.156507999826303, 41.190775999845414],
            [-96.155947000134745, 41.190768999854058],
            [-96.155856999723056, 41.190768000048365],
            [-96.155738999722274, 41.190767000242666],
            [-96.15548699982719, 41.19076400014945],
            [-96.155094000365111, 41.190771000141396],
            [-96.155034999915571, 41.190771999947039],
            [-96.154332999758708, 41.190782999836088],
            [-96.153422000262765, 41.190782000030609],
            [-96.152710999885059, 41.190782000030609],
            [-96.152607000128, 41.190782999836088],
            [-96.151908000344164, 41.19078900002058],
            [-96.151891999552319, 41.19078900002058],
            [-96.150170999944493, 41.190795000204581],
            [-96.149187999580207, 41.1907880002152],
            [-96.148558000291686, 41.190791000307307],
            [-96.148055000326437, 41.190793999723276],
            [-96.148042999732567, 41.190793999723276],
            [-96.14759500001891, 41.190796000009861],
            [-96.146075000252509, 41.190800999711968],
            [-96.145625999815636, 41.190799000101556],
            [-96.144947999948201, 41.190796000009861],
            [-96.143952999888356, 41.190809999986058],
            [-96.141754000429657, 41.190807999699913],
            [-96.141238000045604, 41.190807999699913],
            [-96.140710999790926, 41.190806000089758],
            [-96.140688000224714, 41.190806000089758],
            [-96.140099000045723, 41.190806000089758],
            [-96.139980000220035, 41.190806000089758],
            [-96.138886000426012, 41.190809999986058],
            [-96.138832999824245, 41.190809999986058],
            [-96.13801199984168, 41.190802000193166],
            [-96.137401999746331, 41.190796000009861],
            [-96.137359999913514, 41.190795000204581],
            [-96.135558000114841, 41.190764999955199],
            [-96.135324999588008, 41.190768000048365],
            [-96.135296999998914, 41.190761000056142],
            [-96.133702999714373, 41.190762999667726],
            [-96.132763999731026, 41.19076400014945],
            [-96.131776000242198, 41.190747000069415],
            [-96.13099600026753, 41.190743000169213],
            [-96.130171999911923, 41.19073900026882],
            [-96.129658999900926, 41.190736999980501],
            [-96.129237999951457, 41.190732000273449],
            [-96.12921899968488, 41.190732000273449],
            [-96.129115999752713, 41.190729999984967],
            [-96.128821000199949, 41.190725000277389],
            [-96.128206000081704, 41.190711000282946],
            [-96.127378000426447, 41.190691000092599],
            [-96.127047999815247, 41.190687999995944],
            [-96.126755999737199, 41.190684999899112],
            [-96.126728999973025, 41.190684999899112],
            [-96.126092999938379, 41.190680000188088],
            [-96.125003000342303, 41.190673000186464],
            [-96.124241999735887, 41.190653999791948],
            [-96.12212799976767, 41.19061000013798],
            [-96.121796000404956, 41.190607000037573],
            [-96.121281999670742, 41.19059699992728],
            [-96.120500000046249, 41.190593999826319],
            [-96.120180000379094, 41.190592000209584],
            [-96.119894000148847, 41.190589999916767],
            [-96.119598999697743, 41.190588000299911],
            [-96.11782399966323, 41.190547999837939],
            [-96.116897000273781, 41.190554999852935],
            [-96.113348999854566, 41.190625999769765],
            [-96.110464000132495, 41.190659000180915],
            [-96.110218000085197, 41.190660999795604],
            [-96.110030999589128, 41.19066399989353],
            [-96.109915999961402, 41.19066399989353],
            [-96.109450999630994, 41.190663000086246],
            [-96.108597000036468, 41.190673000186464],
            [-96.108460999594044, 41.190676000283844],
            [-96.106192999640015, 41.190702999801942],
            [-96.105132000356249, 41.190718000280569],
            [-96.105006999784479, 41.190719000087022],
            [-96.104851999973775, 41.19073900026882],
            [-96.104595000055824, 41.190740999881065],
            [-96.10438099979558, 41.190733999885907],
            [-96.104276000213588, 41.190736000174326],
            [-96.103312000115906, 41.190743999975282],
            [-96.102876000097822, 41.190747000069415],
            [-96.10269500034785, 41.190750999969367],
            [-96.102400999721652, 41.190754999869036],
            [-96.102146000351851, 41.1907570001568],
            [-96.101931000266688, 41.1907570001568],
            [-96.101429000126359, 41.190761999861941],
            [-96.101034999941049, 41.190768000048365],
            [-96.100886999803052, 41.190768999854058],
            [-96.100638000281023, 41.190774000234285],
            [-96.10059700027314, 41.190771000141396],
            [-96.100290999951397, 41.190768999854058],
            [-96.099674000183342, 41.190764999955199],
            [-96.099213999875786, 41.190765999760934],
            [-96.095252999903025, 41.190743000169213],
            [-96.093452999754163, 41.190730999791235],
            [-96.092788000305532, 41.190732000273449],
            [-96.092383000249569, 41.190732000273449],
            [-96.091573999962591, 41.190732000273449],
            [-96.091539999627386, 41.190732000273449],
            [-96.090838000368819, 41.190726000083728],
            [-96.090675000162207, 41.190725000277389],
            [-96.090311000114156, 41.19072299998863],
            [-96.089793999905197, 41.190719000087022],
            [-96.089762000118142, 41.190719000087022],
            [-96.089726000133126, 41.190719000087022],
            [-96.089649999965161, 41.190719000087022],
            [-96.089399999719902, 41.190716999798084],
            [-96.088602000201874, 41.190726000083728],
            [-96.088583999760218, 41.190726000083728],
            [-96.088218999887218, 41.190729999984967],
            [-96.087885999801273, 41.190733999885907],
            [-96.087382999836052, 41.190740000074953],
            [-96.087216000329789, 41.190741999687162],
            [-96.08718299981949, 41.190741999687162],
            [-96.084764000252747, 41.190729000178678],
            [-96.083949999942874, 41.190736999980501],
            [-96.083602999613262, 41.190740000074953],
            [-96.08241199973483, 41.190748999681418],
            [-96.081395999758612, 41.190755999674913],
            [-96.081368000169519, 41.190755999674913],
            [-96.080608000286318, 41.190755999674913],
            [-96.080093999552105, 41.190755999674913],
            [-96.079397000316405, 41.190755999674913],
            [-96.079357999958361, 41.190755999674913],
            [-96.07653199978752, 41.190747000069415],
            [-96.076500000000465, 41.190747000069415],
            [-96.075253999870469, 41.190734999692118],
            [-96.074916999586577, 41.190732000273449],
            [-96.07432400010795, 41.190726999890053],
            [-96.072334999813194, 41.190727999696371],
            [-96.071781999619247, 41.190727999696371],
            [-96.071749000007287, 41.190727999696371],
            [-96.071460000302281, 41.190727999696371],
            [-96.071229000323598, 41.190727999696371],
            [-96.071193000338596, 41.190727999696371],
            [-96.070926000374897, 41.190727999696371],
            [-96.070382000401764, 41.190727999696371],
            [-96.069435999847414, 41.190727999696371],
            [-96.06917399990661, 41.190727999696371],
            [-96.066782000104027, 41.19070400028464],
            [-96.064303000262839, 41.190725000277389],
            [-96.064274999775407, 41.190725000277389],
            [-96.062502000289044, 41.190702999801942],
            [-96.062246000195998, 41.19070400028464],
            [-96.062196999792192, 41.19070400028464],
            [-96.062140999715709, 41.19070400028464],
            [-96.062027999737808, 41.19070400028464],
            [-96.061944999897108, 41.19070400028464],
            [-96.061904999714145, 41.19070400028464],
            [-96.057460000042724, 41.190701000188533],
            [-96.057361000308518, 41.190701000188533],
            [-96.05717899983533, 41.190701000188533],
            [-96.055490999839449, 41.190702999801942],
            [-96.052759000278257, 41.190698999899105],
            [-96.052276000404504, 41.190698999899105],
            [-96.051874999648177, 41.190698000092347],
            [-96.051856000279926, 41.190698000092347],
            [-96.05142799975944, 41.190699999705842],
            [-96.051312000306794, 41.190699999705842],
            [-96.049148000109867, 41.190709999800418],
            [-96.049126000368545, 41.190709999800418],
            [-96.047865000169921, 41.190701000188533],
            [-96.047779999781127, 41.190699999705842],
            [-96.047132999875828, 41.190694999995976],
            [-96.047026999570633, 41.19069599980277],
            [-96.04699899998154, 41.19069599980277],
            [-96.045865999829445, 41.19070400028464],
            [-96.045224999771932, 41.190706999704588],
            [-96.044567999820913, 41.190701000188533],
            [-96.04305700027534, 41.190687000189023],
            [-96.042980000282455, 41.190685999706069],
            [-96.042910999787154, 41.190685999706069],
            [-96.042328000354289, 41.190687999995944],
            [-96.042120999766738, 41.190688999802852],
            [-96.042030000428454, 41.190688999802852],
            [-96.041851000328322, 41.190690000285713],
            [-96.041585000189542, 41.190691000092599],
            [-96.04134099979207, 41.190691000092599],
            [-96.040556999619426, 41.190694000189154],
            [-96.040518999984599, 41.190694000189154],
            [-96.039481000267045, 41.190698000092347],
            [-96.038611999705594, 41.19070400028464],
            [-96.03859599981206, 41.19070400028464],
            [-96.038283999642545, 41.190708000187215],
            [-96.0367399995867, 41.190726999890053],
            [-96.036286000025271, 41.190720999699877],
            [-96.035150000398446, 41.19070400028464],
            [-96.033843000169071, 41.19071299989605],
            [-96.033830999575173, 41.19071299989605],
            [-96.033317999564204, 41.190715999991596],
            [-96.033197999913611, 41.190716999798084],
            [-96.032510000000443, 41.190716999798084],
            [-96.032487000434216, 41.190716999798084],
            [-96.03146100041225, 41.190715999991596],
            [-96.031063999853885, 41.190715999991596],
            [-96.02888899978629, 41.190684999899112],
            [-96.028130999552928, 41.190688999802852],
            [-96.027841000023002, 41.190690000285713],
            [-96.027377000415811, 41.190691999899457],
            [-96.027097999858256, 41.190692999706307],
            [-96.026719999566481, 41.190694999995976],
            [-96.026522000098083, 41.190690000285713],
            [-96.026216999601232, 41.190680999995124],
            [-96.026198000232981, 41.190680000188088],
            [-96.025337999892344, 41.190655000275385],
            [-96.024881999782792, 41.190642000073609],
            [-96.024628000237897, 41.190643999688824],
            [-96.023813999928009, 41.190697000285581],
            [-96.023748999630698, 41.190697000285581],
            [-96.023680000033707, 41.19069599980277],
            [-96.02359600036813, 41.190694999995976],
            [-96.022156000069373, 41.190688999802852],
            [-96.021986000190054, 41.190687999995944],
            [-96.021407000056826, 41.190684999899112],
            [-96.020766999824232, 41.190683000285155],
            [-96.020766999824232, 41.190692999706307],
            [-96.020181000018297, 41.190698000092347],
            [-96.019991000047511, 41.190698999899105],
            [-96.01900900040647, 41.190706999704588],
            [-96.018098999837122, 41.190713999702574],
            [-96.017601999719673, 41.190718000280569],
            [-96.017414000297009, 41.190722000182241],
            [-96.014998000204997, 41.19073900026882],
            [-96.014661999746025, 41.190741999687162],
            [-96.014245999819408, 41.19074499978133],
            [-96.014162000153817, 41.190727999696371],
            [-96.013986000426726, 41.190730999791235],
            [-96.012619999747798, 41.190708999993824],
            [-96.012582000112971, 41.190708000187215],
            [-96.011929000359899, 41.190698000092347],
            [-96.011151999859962, 41.190702999801942],
            [-96.00983600030807, 41.190712000089505],
            [-96.009821000239455, 41.190712000089505],
            [-96.009675999576189, 41.190708999993824],
            [-96.009407999787584, 41.190705000091306],
            [-96.00931699955099, 41.190702999801942],
            [-96.009261000372803, 41.190701999995248],
            [-96.009134000151192, 41.190699999705842],
            [-96.008709999828682, 41.190691999899457],
            [-96.008681000414668, 41.190691000092599],
            [-96.008554000193058, 41.190688999802852],
            [-96.007595999943149, 41.190671999703298],
            [-96.007048999596975, 41.190670000088936],
            [-96.006241999858119, 41.190667999798556],
            [-96.006217999568662, 41.190667999798556],
            [-96.005917999993017, 41.190667999798556],
            [-96.005214000186328, 41.190666999991336],
            [-96.005194000094832, 41.190666999991336],
            [-96.004963999941069, 41.190666999991336],
            [-96.004946000397723, 41.190666999991336],
            [-96.004620999809376, 41.190666000184088],
            [-96.003214999845824, 41.190666000184088],
            [-96.001993000005271, 41.190671999703298],
            [-96.000920000127621, 41.190677999898014],
            [-95.999821000310718, 41.190684000092141],
            [-95.99935500015539, 41.190681999802138],
            [-95.999334000238989, 41.190681999802138],
            [-95.99841100014919, 41.190678999705078],
            [-95.998057000146858, 41.190677999898014],
            [-95.997841000236789, 41.190677000090943],
            [-95.997466000318084, 41.19067499980072],
            [-95.996828999560208, 41.190680000188088],
            [-95.994892000042313, 41.190698000092347],
            [-95.99488000034674, 41.190698000092347],
            [-95.994377000381505, 41.190705000091306],
            [-95.993507999820039, 41.190712000089505],
            [-95.993491000101614, 41.190712000089505],
            [-95.993087999695476, 41.190713999702574],
            [-95.993013000250713, 41.190715000185108],
            [-95.992828000302779, 41.190716999798084],
            [-95.992174999651397, 41.190723999795004],
            [-95.992111000077301, 41.190725000277389],
            [-95.992007000320228, 41.190726000083728],
            [-95.991743999656194, 41.190729000178678],
            [-95.991687999579696, 41.190729999984967],
            [-95.991527999746125, 41.190730999791235],
            [-95.991399999699595, 41.190732000273449],
            [-95.990876999642865, 41.190736999980501],
            [-95.990071999553834, 41.190740999881065],
            [-95.989905999872477, 41.190741999687162],
            [-95.989653000152501, 41.190743000169213],
            [-95.989368999572037, 41.190743999975282],
            [-95.989323000439612, 41.190743999975282],
            [-95.988617000084759, 41.190747999875427],
            [-95.987430000404316, 41.19075300025721],
            [-95.986650000429648, 41.1907570001568],
            [-95.986620000292405, 41.1907570001568],
            [-95.986266000290087, 41.190758999768498],
            [-95.985794000286973, 41.190761000056142],
            [-95.984595000012646, 41.190765999760934],
            [-95.984504999600958, 41.190767000242666],
            [-95.984236999812353, 41.190768000048365],
            [-95.983877999787154, 41.190768999854058],
            [-95.98246400032599, 41.190774000234285],
            [-95.982380999586994, 41.190774000234285],
            [-95.98189799971324, 41.190775999845414],
            [-95.981865000101266, 41.190777000326996],
            [-95.981569999650176, 41.190778999938075],
            [-95.981412000364728, 41.190778999938075],
            [-95.980803999919189, 41.190782999836088],
            [-95.980367999901091, 41.190785999928373],
            [-95.980157999838823, 41.1907880002152],
            [-95.980116000006021, 41.1907880002152],
            [-95.979524000352313, 41.190791000307307],
            [-95.979426000443027, 41.190792000112651],
            [-95.978109000167919, 41.190796999815063],
            [-95.978033999824831, 41.190796999815063],
            [-95.977654999708164, 41.190798000296326],
            [-95.977626000294165, 41.190798000296326],
            [-95.977408999660867, 41.190799000101556],
            [-95.977380000246868, 41.190799000101556],
            [-95.977015000373882, 41.190799999906766],
            [-95.976119000048243, 41.190806999894868],
            [-95.976058999773798, 41.190806999894868],
            [-95.975084999630354, 41.190813999882174],
            [-95.974689999620139, 41.190816999973094],
            [-95.974671000251874, 41.190816999973094],
            [-95.974574000167522, 41.190816999973094],
            [-95.973492999893949, 41.190819000258919],
            [-95.973316000341939, 41.190819000258919],
            [-95.973199999990982, 41.190819000258919],
            [-95.972215999801804, 41.190821999673602],
            [-95.970183000024434, 41.190838999734211],
            [-95.969767999922738, 41.190841999823938],
            [-95.968816000418926, 41.19084499991358],
            [-95.96744100041748, 41.19084899980755],
            [-95.96739600021165, 41.19084899980755],
            [-95.966425000441262, 41.190851999896822],
            [-95.964985999967411, 41.190858000075039],
            [-95.964000999953328, 41.190861999968163],
            [-95.963585999851631, 41.190864000252667],
            [-95.962545999585942, 41.190866999665289],
            [-95.962532000240557, 41.190866999665289],
            [-95.962475000339154, 41.190866999665289],
            [-95.961392000415771, 41.190869999753779],
            [-95.960984999811686, 41.190869999753779],
            [-95.9600500000263, 41.190871000233876],
            [-95.958926000095047, 41.190871000233876],
            [-95.958897999607643, 41.190871000233876],
            [-95.957693000383841, 41.190875999930306],
            [-95.955221000215332, 41.190886999801883],
            [-95.955160999940858, 41.190886999801883],
            [-95.954898000175135, 41.19088800028176],
            [-95.954740999816281, 41.190889000085612],
            [-95.953631999953643, 41.190895000260404],
            [-95.952841000108307, 41.190899999955008],
            [-95.952827999689504, 41.190899999955008],
            [-95.950967000339602, 41.190910000019024],
            [-95.950414999970548, 41.190913000105496],
            [-95.950392000404321, 41.190913000105496],
            [-95.950100000326287, 41.190910999822542],
            [-95.950072999663789, 41.190910999822542],
            [-95.950020999785252, 41.190912000302006],
            [-95.949928999723753, 41.190913999908965],
            [-95.949392000321623, 41.190927000056732],
            [-95.949055999862637, 41.190933000228036],
            [-95.9480599999779, 41.190951000062725],
            [-95.947948999649824, 41.190952999668504],
            [-95.94793299975629, 41.190952999668504],
            [-95.946031000398492, 41.190950000259818],
            [-95.945550999999469, 41.190960000316203],
            [-95.945526999710012, 41.190960000316203],
            [-95.943929000125834, 41.190978000143424],
            [-95.943625000352213, 41.190982000029273],
            [-95.943211999900342, 41.190979999748379],
            [-95.943092000249749, 41.190978999945905],
            [-95.943072999983173, 41.190978999945905],
            [-95.940655000241321, 41.190985000112484],
            [-95.939751000418084, 41.190988000195524],
            [-95.939479000431518, 41.190988999997863],
            [-95.938240999799135, 41.19099100027848],
            [-95.938182000247906, 41.190989999800173],
            [-95.936840999683341, 41.190974000257384],
            [-95.935881999608512, 41.190985999914872],
            [-95.933618999677378, 41.190982000029273],
            [-95.933478999935289, 41.190982000029273],
            [-95.933459999668699, 41.190982000029273],
            [-95.933392999721548, 41.190982000029273],
            [-95.930617999604351, 41.190982999831689],
            [-95.930017999554721, 41.190982999831689],
            [-95.92606199960484, 41.19098400031011],
            [-95.925095999857319, 41.19098400031011],
            [-95.92432799957821, 41.19098400031011],
            [-95.92367800019818, 41.19098400031011],
            [-95.924151999851105, 41.191473999670116],
            [-95.924453999974901, 41.192078000097922],
            [-95.925085999811586, 41.192795999790157],
            [-95.925234999774503, 41.193059999947067],
            [-95.925321999813121, 41.193375999728524],
            [-95.92590099994635, 41.194119000007476],
            [-95.926028999992866, 41.194682999727299],
            [-95.926333999591392, 41.195210999979736],
            [-95.926694000339822, 41.195633000196985],
            [-95.926771000332721, 41.196147999761806],
            [-95.927250000008513, 41.197086000035021],
            [-95.927296000039263, 41.197408000237807],
            [-95.927263000427303, 41.197802000153033],
            [-95.927662999562074, 41.199025000257187],
            [-95.927737999905148, 41.199453000284613],
            [-95.927907999784452, 41.199749000169867],
            [-95.927974999731603, 41.200069000110929],
            [-95.927932000073895, 41.200426000044828],
            [-95.927747999950896, 41.200833000250192],
            [-95.927732999882267, 41.200866000247238],
            [-95.927738999730053, 41.201082000308624],
            [-95.927752000148843, 41.201125999683022],
            [-95.927935000446951, 41.201749999792106],
            [-95.927984999777351, 41.202055999816054],
            [-95.928010999716619, 41.202211000243054],
            [-95.928070999991078, 41.202569000284015],
            [-95.928046999701621, 41.202892000167743],
            [-95.92793399972372, 41.203240000332002],
            [-95.928019000112542, 41.204895000195854],
            [-95.927988000150407, 41.205398000159171],
            [-95.927845999860182, 41.205887999757849],
            [-95.927527999842866, 41.206327000164684],
            [-95.927522999819985, 41.206369000257091],
            [-95.927459000245904, 41.206905000034233],
            [-95.927454000223008, 41.20694699975563],
            [-95.927453000398103, 41.206955999837227],
            [-95.927445000002166, 41.207022999955299],
            [-95.927261999704086, 41.208553999885261],
            [-95.927183000061362, 41.20897100023452],
            [-95.926911999899701, 41.209430000108526],
            [-95.926865000044046, 41.209584999964385],
            [-95.926838000279872, 41.209674999799404],
            [-95.92682999988395, 41.209997999749689],
            [-95.926764999586609, 41.210218000141907],
            [-95.92673600017261, 41.210314000204136],
            [-95.926572000141093, 41.210613000156926],
            [-95.92634000033749, 41.210885000127227],
            [-95.926280000063045, 41.211081999685298],
            [-95.926275000040164, 41.211097999719428],
            [-95.926189999651356, 41.211377999682988],
            [-95.926116999856418, 41.211619000212558],
            [-95.925931999908499, 41.211910999849742],
            [-95.92567800036359, 41.212171000003536],
            [-95.925629999784704, 41.212283999800235],
            [-95.925460999730305, 41.212685999856852],
            [-95.925084000161746, 41.21326900032912],
            [-95.924683000303759, 41.213554999910748],
            [-95.924618000006433, 41.213600999948817],
            [-95.924537999640492, 41.213658000053982],
            [-95.924521999746972, 41.21367000028318],
            [-95.924463000195729, 41.213711999716523],
            [-95.924188999661027, 41.214118999731291],
            [-95.924178999615293, 41.214134000249594],
            [-95.923685999695778, 41.214866000146124],
            [-95.92342600030311, 41.215368999816114],
            [-95.923044999638279, 41.215823999682726],
            [-95.922764000329209, 41.216068999755421],
            [-95.922488000144682, 41.216231000071801],
            [-95.922426000220412, 41.216267000012543],
            [-95.922319000090283, 41.216394000076924],
            [-95.922273000059533, 41.216449999686482],
            [-95.922257000165985, 41.216469000025747],
            [-95.92222500037893, 41.216507000012079],
            [-95.922143000363192, 41.216604999803742],
            [-95.921864999630515, 41.216935999979718],
            [-95.920959999982372, 41.217676000167806],
            [-95.920512000268715, 41.218037000255556],
            [-95.920026000021892, 41.218428000124469],
            [-95.919342000306699, 41.218978999844772],
            [-95.919220999932861, 41.219075999937942],
            [-95.919036999809862, 41.21922400026277],
            [-95.919025999939208, 41.219233000006916],
            [-95.918502000057558, 41.219666999863477],
            [-95.918490000361999, 41.219677000262145],
            [-95.917300000308501, 41.22061699982963],
            [-95.917004999857383, 41.221027000182403],
            [-95.91581399997898, 41.222104999779283],
            [-95.915556000236123, 41.2225060002948],
            [-95.915522999725837, 41.222557000098185],
            [-95.914271999572975, 41.223857999877076],
            [-95.91384300012588, 41.224580000083776],
            [-95.913660999652691, 41.224987999997474],
            [-95.91297699993747, 41.225895000057065],
            [-95.912762999677227, 41.226293999751107],
            [-95.912710999798705, 41.226527999830914],
            [-95.912668999965916, 41.226718999979802],
            [-95.912374000413124, 41.227327999714625],
            [-95.911801000127696, 41.228315999750436],
            [-95.911734000180545, 41.228457000094565],
            [-95.911495999630844, 41.228961999757125],
            [-95.911362999561447, 41.229780000227009],
            [-95.911059999612746, 41.230461000315614],
            [-95.91105299994004, 41.23089199969241],
            [-95.910918000220846, 41.231531000234099],
            [-95.910912000373045, 41.231546000136923],
            [-95.910888999908522, 41.231603999998903],
            [-95.910878999862774, 41.231631000196678],
            [-95.910777999580432, 41.231889999800693],
            [-95.910676000371495, 41.232150000254386],
            [-95.910712000356511, 41.23268499972788],
            [-95.910666000325762, 41.233222999725506],
            [-95.910734999922738, 41.233614999826059],
            [-95.910724000052085, 41.234001999823661],
            [-95.910715999656162, 41.234298999949019],
            [-95.910628999617515, 41.234578999898254],
            [-95.910712000356511, 41.235043000145964],
            [-95.910703000135683, 41.236230000191334],
            [-95.910955000030754, 41.237769000273239],
            [-95.910955000030754, 41.23803200026466],
            [-95.911129999932953, 41.238480000232812],
            [-95.911295999614282, 41.239442000010975],
            [-95.91163999957088, 41.239994000048576],
            [-95.91185999967891, 41.241023000249953],
            [-95.91222499955191, 41.2415659997219],
            [-95.91247200032241, 41.242295000151039],
            [-95.91293199973164, 41.242923999782661],
            [-95.913014999572312, 41.243097999999115],
            [-95.913109000181962, 41.243296000147751],
            [-95.913175000304193, 41.243542000315493],
            [-95.913264999817571, 41.243650000228364],
            [-95.913289999931933, 41.243679999872285],
            [-95.913309000198495, 41.2437029997701],
            [-95.913337999612494, 41.243737999775249],
            [-95.913508000390124, 41.24394200004982],
            [-95.913961000126648, 41.244485000259679],
            [-95.914167999815902, 41.245000000289991],
            [-95.914408000015399, 41.245351999950756],
            [-95.915112999647008, 41.246075000180063],
            [-95.915388999831549, 41.246647000231263],
            [-95.915408000098125, 41.246662999669482],
            [-95.915434000037379, 41.246685000241527],
            [-95.915793000062592, 41.246998999800248],
            [-95.9160199998433, 41.24727399993813],
            [-95.916210999639006, 41.247755000024675],
            [-95.916419999876382, 41.248012000015223],
            [-95.916469000280188, 41.248073000292905],
            [-95.916573000037246, 41.248201000325082],
            [-95.916732000045911, 41.24839800026988],
            [-95.916898999552174, 41.24883100011111],
            [-95.917399000042707, 41.249685000268443],
            [-95.91743800040075, 41.249759999855002],
            [-95.917448000446498, 41.249767999868865],
            [-95.917446999723268, 41.249777999715953],
            [-95.91745500011919, 41.249791999904588],
            [-95.917459000317152, 41.249801000168958],
            [-95.91747199983763, 41.24982599977119],
            [-95.917480000233553, 41.249841999781772],
            [-95.91764599991491, 41.250163999668089],
            [-95.918230000071006, 41.251297000318893],
            [-95.918352000269721, 41.251532000276562],
            [-95.918526000347001, 41.25180499979821],
            [-95.918534999669518, 41.251819000227805],
            [-95.918587000446365, 41.251900000049439],
            [-95.918832999595352, 41.252286999837217],
            [-95.91909299988636, 41.252697999677402],
            [-95.919532000277485, 41.253723999829916],
            [-95.91956400006454, 41.253876000157874],
            [-95.919567000437581, 41.2538949997519],
            [-95.919576999585004, 41.25394300015904],
            [-95.919581999607885, 41.253968000202313],
            [-95.91961599994309, 41.254122999852058],
            [-95.920225000213534, 41.25529600012252],
            [-95.920265000396512, 41.255373999853049],
            [-95.920445000321564, 41.255721999697869],
            [-95.920718999957941, 41.256711999689159],
            [-95.921339999923958, 41.258128999750568],
            [-95.921344999946839, 41.258138999668475],
            [-95.921364000213416, 41.258181000252279],
            [-95.921430000335647, 41.258469000151536],
            [-95.921431999985472, 41.25848199970666],
            [-95.921606000062752, 41.2592789998548],
            [-95.921626999979139, 41.259412000077326],
            [-95.921628999628965, 41.25942600022713],
            [-95.921633999651846, 41.259454999949121],
            [-95.92164500042081, 41.259527000157981],
            [-95.921659999591114, 41.259625999724669],
            [-95.921668999811942, 41.259688000065808],
            [-95.921679999682596, 41.259763000323559],
            [-95.921692000276465, 41.259837999819943],
            [-95.921775999942042, 41.260387000155355],
            [-95.92210400000512, 41.261399000011572],
            [-95.922113000225949, 41.261721999726426],
            [-95.92204200008085, 41.262032999740207],
            [-95.922304000021668, 41.263019999804449],
            [-95.92230800021963, 41.26384799982101],
            [-95.922422999847342, 41.264634999711646],
            [-95.922395000258248, 41.26546000013883],
            [-95.922318000265363, 41.265617000226371],
            [-95.921703999972038, 41.266870000186977],
            [-95.921642999872674, 41.267261999669039],
            [-95.921497000282798, 41.267603999751152],
            [-95.92055999994929, 41.268509999957395],
            [-95.920118999908325, 41.269084999928353],
            [-95.920034000417829, 41.269143000233733],
            [-95.919867000013241, 41.269255000188672],
            [-95.919701000331884, 41.269366999951487],
            [-95.918732000211321, 41.269823999988489],
            [-95.91792700012229, 41.27055299974505],
            [-95.91775499969485, 41.270708999805343],
            [-95.91764599991491, 41.270781999692552],
            [-95.917470000187819, 41.270899999800051],
            [-95.916661999725719, 41.271201000046815],
            [-95.916342999883497, 41.271468000194311],
            [-95.915741000184042, 41.27182100029102],
            [-95.915316000036597, 41.271985000015533],
            [-95.915181000317389, 41.27201400023683],
            [-95.91512100004293, 41.272026999796402],
            [-95.915096999753501, 41.272032000041776],
            [-95.914813000071362, 41.272092000255938],
            [-95.914670999781151, 41.272157999887689],
            [-95.914090999823003, 41.272427999896081],
            [-95.914909000330823, 41.272558999857857],
            [-95.915730000313388, 41.272691000135858],
            [-95.915832000420622, 41.272706999946841],
            [-95.915937000002629, 41.27272500023588],
            [-95.916044999957663, 41.272802000178395],
            [-95.916772000228875, 41.273321999920341],
            [-95.917871999870712, 41.274084999841683],
            [-95.917913999703501, 41.27411499968732],
            [-95.918040999925111, 41.274208000133939],
            [-95.918187000413283, 41.274299999893678],
            [-95.918584999898229, 41.274567000194075],
            [-95.918870000303599, 41.274757999703517],
            [-95.924811000350289, 41.27874099993744],
            [-95.924834999741407, 41.278758999912746],
            [-95.92588400022791, 41.279530000158466],
            [-95.92594799980202, 41.279570000213404],
            [-95.926035999665572, 41.279627000181769],
            [-95.927075999931233, 41.280307000146131],
            [-95.927101999870516, 41.280323999902592],
            [-95.927332000024265, 41.280474000182515],
            [-95.927407000367353, 41.280522999740207],
            [-95.927453000398103, 41.2805530000023],
            [-95.927476999789221, 41.280568999911431],
            [-95.927503999553409, 41.280586000274674],
            [-95.927526000193041, 41.280599999935191],
            [-95.927783000110992, 41.280767999677025],
            [-95.928645999926346, 41.281332000180079],
            [-95.92961900024487, 41.285076999814876],
            [-95.929601999628105, 41.290449000310993],
            [-95.929606999650986, 41.290628999946151],
            [-95.929651000031924, 41.29226200021656],
            [-95.929219000211788, 41.293590000215744],
            [-95.929066000050909, 41.294059999962158],
            [-95.928968000141623, 41.294361000042926],
            [-95.92895700027097, 41.294397000145686],
            [-95.928952000248103, 41.294413000035],
            [-95.928936000354568, 41.294461999924756],
            [-95.92892499958559, 41.294494999912374],
            [-95.928809999957878, 41.294848999895336],
            [-95.928341000327819, 41.296290999768225],
            [-95.928308999642454, 41.296390000279651],
            [-95.928293999573839, 41.296434999848941],
            [-95.92828000022844, 41.296477000093802],
            [-95.928257999588823, 41.296544999790179],
            [-95.928127999892482, 41.296945000221442],
            [-95.928043000401985, 41.297205999794471],
            [-95.927969999708736, 41.297430999914738],
            [-95.927964999685869, 41.297446000210101],
            [-95.927958000013163, 41.297469000071374],
            [-95.927949999617255, 41.297494000322217],
            [-95.927905000309721, 41.297631999941622],
            [-95.927641999645672, 41.298439999991601],
            [-95.926393000040946, 41.298886999858233],
            [-95.924690999801371, 41.299596999830364],
            [-95.922360000098152, 41.300391999851328],
            [-95.920246999954841, 41.30119100019801],
            [-95.91379700009513, 41.301302999822475],
            [-95.913244999726075, 41.301301999682082],
            [-95.912054999672591, 41.301258000237517],
            [-95.911712000439223, 41.301243000144005],
            [-95.911412999790173, 41.301230000330079],
            [-95.911304999835124, 41.301225000297137],
            [-95.911247999933721, 41.301223000013941],
            [-95.910806000067836, 41.301204000019659],
            [-95.910790999999236, 41.301202999877738],
            [-95.909996999780859, 41.301168000299519],
            [-95.909719999771426, 41.301157000081155],
            [-95.909565999785627, 41.301149999757122],
            [-95.909534999823492, 41.301148000146455],
            [-95.909513999907091, 41.301147000003681],
            [-95.909491000340878, 41.301145999860893],
            [-95.909462000028554, 41.30114499971809],
            [-95.909435000264367, 41.301144000250098],
            [-95.90941599999779, 41.301143000107267],
            [-95.909349999875559, 41.301139999678625],
            [-95.909302000194984, 41.301138000067645],
            [-95.908970999758878, 41.301124000089672],
            [-95.908506000326781, 41.301102999779658],
            [-95.908386999602783, 41.301100000024057],
            [-95.908245000210883, 41.301096000124758],
            [-95.908198000355199, 41.301094999981196],
            [-95.908137000255834, 41.301093999837548],
            [-95.90811100031658, 41.301092999693957],
            [-95.908095000423032, 41.301092999693957],
            [-95.908008000384413, 41.301089999937886],
            [-95.907557000297714, 41.301078999706327],
            [-95.907406999611553, 41.301074999805742],
            [-95.907302000029574, 41.301073000192758],
            [-95.907255999998824, 41.30107200004884],
            [-95.9071289997772, 41.301069000291804],
            [-95.906079000364102, 41.301042999917179],
            [-95.905988000127508, 41.301040000158814],
            [-95.905952000142506, 41.301039000014391],
            [-95.90593200005101, 41.301039000014391],
            [-95.905899000439064, 41.301037999869898],
            [-95.904865000021175, 41.29978700015635],
            [-95.904683000446269, 41.299407999795164],
            [-95.90465900015684, 41.299359000246547],
            [-95.904527999737269, 41.299086999947967],
            [-95.904517999691521, 41.299065000157071],
            [-95.904480999881599, 41.298986999979768],
            [-95.904409999736473, 41.298839000096372],
            [-95.904393000018061, 41.298803999924367],
            [-95.904356000208139, 41.298542999996947],
            [-95.904317999674973, 41.29827499974229],
            [-95.904240999682088, 41.297729000052044],
            [-95.904222000313837, 41.297590999962949],
            [-95.904228999986529, 41.297497000243681],
            [-95.904234999834316, 41.297423999865678],
            [-95.904242000405318, 41.297341000094775],
            [-95.90426300032172, 41.29708999973824],
            [-95.904378999774352, 41.295672000028389],
            [-95.904382999972313, 41.295613000121612],
            [-95.904383999797233, 41.295604000096837],
            [-95.904389999645005, 41.295536000094408],
            [-95.904392000193141, 41.295505999971539],
            [-95.9044039998887, 41.295358000288367],
            [-95.904409999736473, 41.295279999727342],
            [-95.90442099960714, 41.295149000150133],
            [-95.904427000353238, 41.295078999876623],
            [-95.904444999896597, 41.294862999870411],
            [-95.904449000094544, 41.294820999936164],
            [-95.904456999592156, 41.294719999935253],
            [-95.904478000406868, 41.294457000047878],
            [-95.904505000171042, 41.294126999903028],
            [-95.904514000391885, 41.294013999852147],
            [-95.904515000216776, 41.29399900011741],
            [-95.904517999691521, 41.293965000300865],
            [-95.904553999676537, 41.293519000034287],
            [-95.904576000316155, 41.293254999765516],
            [-95.904824999838198, 41.293254999765516],
            [-95.904920000272739, 41.293282000133502],
            [-95.90494200001406, 41.293287999688779],
            [-95.905146000228555, 41.293346000086203],
            [-95.905410999644104, 41.293175999799509],
            [-95.905389999727703, 41.293076000217972],
            [-95.905092999626788, 41.293018000255444],
            [-95.90506699968752, 41.293013000267891],
            [-95.904786000378436, 41.292958999972974],
            [-95.904710000210443, 41.292882999782186],
            [-95.904766000286969, 41.292586000052523],
            [-95.905215999650437, 41.291615999669844],
            [-95.905122999764032, 41.291340999950194],
            [-95.905321999955646, 41.291241999875318],
            [-95.905357000115742, 41.291223999968281],
            [-95.905481999789217, 41.29122999971289],
            [-95.905590999569171, 41.290612999803713],
            [-95.905639000148057, 41.290339000214487],
            [-95.905891999868047, 41.288909000306923],
            [-95.905953999792331, 41.288560000143768],
            [-95.905961000363334, 41.28852099986063],
            [-95.905967000211106, 41.288488000225939],
            [-95.905968999860931, 41.288476000231903],
            [-95.905973999883798, 41.288450000237297],
            [-95.906143999763117, 41.287487999902133],
            [-95.906192000342003, 41.287368999727377],
            [-95.906398000206337, 41.28685900008815],
            [-95.906665999994928, 41.286195000098132],
            [-95.906667999644768, 41.286139000164134],
            [-95.906681999888477, 41.286105000301291],
            [-95.906768999927095, 41.285899999700554],
            [-95.90681400013294, 41.285794999900766],
            [-95.906901000171587, 41.285588999969818],
            [-95.906906000194454, 41.285577000117634],
            [-95.90691200004224, 41.28556300017479],
            [-95.906929999585572, 41.285521000328288],
            [-95.906954999699934, 41.285462000016011],
            [-95.907122000104522, 41.285066999972265],
            [-95.907131000325364, 41.285045999892738],
            [-95.907159999739349, 41.284976999969615],
            [-95.907177000356114, 41.284938000244949],
            [-95.90739999993886, 41.284733999747459],
            [-95.907604000153356, 41.284527999842091],
            [-95.907705000435712, 41.28442000001197],
            [-95.907750999568137, 41.28436600002987],
            [-95.90779300029925, 41.284316000256638],
            [-95.908037999623318, 41.284069000004656],
            [-95.908200000005039, 41.283905999995838],
            [-95.909058999622417, 41.283050999998025],
            [-95.90955800028803, 41.282550999916523],
            [-95.910543000302113, 41.281564000097255],
            [-95.910790999999236, 41.28131700022977],
            [-95.910974000297344, 41.281133999883622],
            [-95.912500999736409, 41.279607000174884],
            [-95.912581000102364, 41.279527000085878],
            [-95.909856000213864, 41.277912999757248],
            [-95.908660000312565, 41.277198000216679],
            [-95.908117999989258, 41.276874000253848],
            [-95.907939999714031, 41.276766999750294],
            [-95.906905000369534, 41.27614100011629],
            [-95.90599800017327, 41.275561000204874],
            [-95.905389999727703, 41.275173000055119],
            [-95.905178000015596, 41.275036999923074],
            [-95.905068000410751, 41.275005000089124],
            [-95.904921000097659, 41.274964000067911],
            [-95.904719000431285, 41.274907000078016],
            [-95.903880000007064, 41.27466900021016],
            [-95.902900000015848, 41.274391000321017],
            [-95.902839999741389, 41.274373999694383],
            [-95.902812000152295, 41.274377999881949],
            [-95.902792999885719, 41.274381000191269],
            [-95.902709000220128, 41.274393000076735],
            [-95.902659999816336, 41.274399999896438],
            [-95.902633000052148, 41.274404000082399],
            [-95.902614999610492, 41.274405999837725],
            [-95.902598999716972, 41.274408000268075],
            [-95.902537999617607, 41.274416999841151],
            [-95.902468000195711, 41.274426999965435],
            [-95.90226200033139, 41.274455999777004],
            [-95.901985000321943, 41.274496000241001],
            [-95.901523000364591, 41.274682999789562],
            [-95.899846000239364, 41.275199999804393],
            [-95.898441000100703, 41.275537000185977],
            [-95.898031000021902, 41.275720000022886],
            [-95.897634000361847, 41.2759770000307],
            [-95.896875000303581, 41.276191000076857],
            [-95.896112999872244, 41.276321000065209],
            [-95.896101000176671, 41.276326999829934],
            [-95.896057999620652, 41.276346000318881],
            [-95.896042999552037, 41.276352000081296],
            [-95.896025999833597, 41.276358999690935],
            [-95.895999999894343, 41.27637000004038],
            [-95.895431999631768, 41.276610999989032],
            [-95.893147999784219, 41.277348000254911],
            [-95.892505999901815, 41.277554999701117],
            [-95.892468000266959, 41.277566999678207],
            [-95.892434999756702, 41.277577999824068],
            [-95.892380000403421, 41.27759600012017],
            [-95.891894999981531, 41.277752000227657],
            [-95.891840999554859, 41.277768999974505],
            [-95.891823000011513, 41.277775000281238],
            [-95.891449999742605, 41.277895000223729],
            [-95.891213999741055, 41.277971000320704],
            [-95.891208999718174, 41.277972999966742],
            [-95.891201000220562, 41.277976000110826],
            [-95.891191000174828, 41.277979000254724],
            [-95.891171000083347, 41.277984999867037],
            [-95.891155000189812, 41.277990000331144],
            [-95.89113699974817, 41.277995999942448],
            [-95.891115000006849, 41.27800300005083],
            [-95.8910899998925, 41.278010999980928],
            [-95.891078000196927, 41.278014999945611],
            [-95.891065999603043, 41.278018999909996],
            [-95.891000000379123, 41.278040000225559],
            [-95.887615000166534, 41.279365999811972],
            [-95.884495000267819, 41.280689000117491],
            [-95.883316000084974, 41.281300999829007],
            [-95.881448000164056, 41.282171000235643],
            [-95.880658999968531, 41.282640000138365],
            [-95.880511999655454, 41.282727000063495],
            [-95.880495999761905, 41.282735999839637],
            [-95.879618999702856, 41.283238000013533],
            [-95.878880999560977, 41.283660999688863],
            [-95.878407999732971, 41.284016000137555],
            [-95.877481000343508, 41.28458300008689],
            [-95.877431999939702, 41.28462299974489],
            [-95.877190999915285, 41.28481799975156],
            [-95.877137000386909, 41.284860999768128],
            [-95.876810000148751, 41.285125000253245],
            [-95.876051000090484, 41.285739000298506],
            [-95.875593000331079, 41.286199000236245],
            [-95.875308999750644, 41.286614999758854],
            [-95.874716000272031, 41.287031999688551],
            [-95.874323999736546, 41.287393999799093],
            [-95.874138999788613, 41.287646000014277],
            [-95.874004000069419, 41.287953000035401],
            [-95.873722999862011, 41.288259000296598],
            [-95.873651999716898, 41.288336999802731],
            [-95.873378000080521, 41.288860000296125],
            [-95.873316999981142, 41.288950999997631],
            [-95.873230999767415, 41.289079000238232],
            [-95.872937000039556, 41.289516999942173],
            [-95.87291699994806, 41.289545999798761],
            [-95.872891999833726, 41.28958399982406],
            [-95.872871999742216, 41.289613999970513],
            [-95.872813000190988, 41.28970100004716],
            [-95.872805999619985, 41.28971200017272],
            [-95.872666999702815, 41.289919000226263],
            [-95.872634000090855, 41.29001899992231],
            [-95.872630999717799, 41.290028000042703],
            [-95.872577000189452, 41.290188000025424],
            [-95.8725389996563, 41.290302000263097],
            [-95.872477999556921, 41.290427999938728],
            [-95.872127999752564, 41.291145000242636],
            [-95.871808999910328, 41.292378000084469],
            [-95.871588999802313, 41.292735000222287],
            [-95.871442000387518, 41.293408000128132],
            [-95.871483000395401, 41.294018000185829],
            [-95.871382000113059, 41.294294999915373],
            [-95.871367999869364, 41.295054000050001],
            [-95.871367000044458, 41.295083000144992],
            [-95.871192000142273, 41.296044000304889],
            [-95.871141000088627, 41.296690000196193],
            [-95.871304000295268, 41.297285999806185],
            [-95.871276999632755, 41.298077000241925],
            [-95.871391000333901, 41.29857199989052],
            [-95.871394999633551, 41.299482000145581],
            [-95.8716099997187, 41.300068999804481],
            [-95.871679000213987, 41.300966999697152],
            [-95.871818999956062, 41.301348000051256],
            [-95.871870999834613, 41.301812999922305],
            [-95.872269000217869, 41.303069999918762],
            [-95.872470000059323, 41.303434999761983],
            [-95.872705000235953, 41.304280000267582],
            [-95.873049000192552, 41.304871000271909],
            [-95.873404000019804, 41.305878999892286],
            [-95.873643000394395, 41.306287000273308],
            [-95.874071000016571, 41.307466000244467],
            [-95.874183999994457, 41.307924000079673],
            [-95.874349999675829, 41.308183000181586],
            [-95.874578000179767, 41.308413999732771],
            [-95.875108999734096, 41.309452999723177],
            [-95.875502999919391, 41.309856999970705],
            [-95.875724999677246, 41.310292999827595],
            [-95.876461000169314, 41.31108699969117],
            [-95.876759999920054, 41.311536999863591],
            [-95.877399000327742, 41.312071000302581],
            [-95.878292000280325, 41.313080999864482],
            [-95.878633999688773, 41.313331000119135],
            [-95.879162999593277, 41.313570999893408],
            [-95.879868000123196, 41.31438100003006],
            [-95.880219999577406, 41.31462399979516],
            [-95.880648999922798, 41.314825000132515],
            [-95.88186800028862, 41.315687000102685],
            [-95.882256999552723, 41.316178999933477],
            [-95.882916000051893, 41.316646999683179],
            [-95.883312999711933, 41.316846999952652],
            [-95.883793000110956, 41.317005999691922],
            [-95.884575999560369, 41.317417000288806],
            [-95.885553999901759, 41.318096999708771],
            [-95.886349999769962, 41.318421999942132],
            [-95.886940999598764, 41.318567000281163],
            [-95.88721400030856, 41.318603999715762],
            [-95.887316000415794, 41.318617999988717],
            [-95.887807999612065, 41.318835999995237],
            [-95.888108999910955, 41.318969000306517],
            [-95.888243999630163, 41.319028999866042],
            [-95.888414000407806, 41.319104000081104],
            [-95.888441999996886, 41.319115999837628],
            [-95.888481000354943, 41.319133000276054],
            [-95.888632999792591, 41.319200000095549],
            [-95.888925999695545, 41.319330000072362],
            [-95.889251000283892, 41.319473999879001],
            [-95.889914000082697, 41.319676999820253],
            [-95.890920999838102, 41.319901999993455],
            [-95.891505999819103, 41.320210999694034],
            [-95.89203499972362, 41.320374000063744],
            [-95.893449000083109, 41.320536000180411],
            [-95.893817000329122, 41.320611999854805],
            [-95.894404999784882, 41.320847999770187],
            [-95.894818000236754, 41.32093699969073],
            [-95.895244000209104, 41.320973999803826],
            [-95.896005999742115, 41.320944999753394],
            [-95.896839000318565, 41.321102999778731],
            [-95.897283999659166, 41.321233999842256],
            [-95.898790000080169, 41.32124900005936],
            [-95.899943000323759, 41.32148099969384],
            [-95.900878000109131, 41.321341000280746],
            [-95.901735999901618, 41.321474000202571],
            [-95.902576999975665, 41.321346999953377],
            [-95.904145000320938, 41.321237999855512],
            [-95.905181000388652, 41.321108000311291],
            [-95.907630999917544, 41.320655999732288],
            [-95.907705000435712, 41.320642999740912],
            [-95.90791799997271, 41.320603999751214],
            [-95.908814000298349, 41.320497999972638],
            [-95.909734000015121, 41.320303999880402],
            [-95.910540999753962, 41.320285999898225],
            [-95.911457000171097, 41.320190999984824],
            [-95.912336999704891, 41.32007899974576],
            [-95.912371000040068, 41.320075000336047],
            [-95.912735999913053, 41.320075000336047],
            [-95.914115999937351, 41.320077000040904],
            [-95.914618000077681, 41.319962000043368],
            [-95.915090999905715, 41.319917999697324],
            [-95.915566000281856, 41.319948000059163],
            [-95.916495000219442, 41.320113000115782],
            [-95.91770500036445, 41.320136000078207],
            [-95.918173999994494, 41.320073999808869],
            [-95.918651000020475, 41.32007899974576],
            [-95.9213779995588, 41.32043399967916],
            [-95.922744000237714, 41.320860999720665],
            [-95.925185000444102, 41.321354999965763],
            [-95.925834999824119, 41.321579999743001],
            [-95.927205999627574, 41.322267000336623],
            [-95.927444000177275, 41.322386000257389],
            [-95.927789999783684, 41.32255900007781],
            [-95.92938300024332, 41.323130000187454],
            [-95.931007999591685, 41.324235999762848],
            [-95.931717000319566, 41.324602000301141],
            [-95.932143000291916, 41.324770000058898],
            [-95.932154000162569, 41.324776000090395],
            [-95.932858999794192, 41.325053999820881],
            [-95.934463000124467, 41.32595999977238],
            [-95.934971999937503, 41.326173000036292],
            [-95.935730000170864, 41.326472999873054],
            [-95.936382999923936, 41.326996999890504],
            [-95.937860000032614, 41.327852999680282],
            [-95.939024000146858, 41.328416000127199],
            [-95.939385999646788, 41.328509999795003],
            [-95.939578000165724, 41.328596999926425],
            [-95.939604999929912, 41.328608999958682],
            [-95.940121000313937, 41.328842999808927],
            [-95.940671999959761, 41.329337000255578],
            [-95.941778000347682, 41.330024999716379],
            [-95.941789000218336, 41.330032000312819],
            [-95.942954999982391, 41.33075600012058],
            [-95.943642000070653, 41.331235999970239],
            [-95.943652999941307, 41.331244999798749],
            [-95.944087000309565, 41.331550000296865],
            [-95.944842999994805, 41.332079999988494],
            [-95.946531999815591, 41.333139000274691],
            [-95.947625999609627, 41.334083999811746],
            [-95.947644999876204, 41.334100999717819],
            [-95.948258000344609, 41.334631000239455],
            [-95.950198000235588, 41.336221000212454],
            [-95.950388000206374, 41.336401999910976],
            [-95.951208000364005, 41.337179000296118],
            [-95.951656999902582, 41.337501999943186],
            [-95.95264600011464, 41.338691999801725],
            [-95.9534179996934, 41.339470000076325],
            [-95.955294000010255, 41.341895999966127],
            [-95.955764000363544, 41.342632999755651],
            [-95.956037999999921, 41.343062999842054],
            [-95.956693000301115, 41.344720999698623],
            [-95.956993999701695, 41.345520999742405],
            [-95.95700799994539, 41.34555800005711],
            [-95.957052000326328, 41.345675999790245],
            [-95.957096999633862, 41.34579399998389],
            [-95.957136999816825, 41.345902000008046],
            [-95.957300999848343, 41.347369000295913],
            [-95.957248999969821, 41.348879000189598],
            [-95.957130000144133, 41.349593000174266],
            [-95.956634999676496, 41.350715999896273],
            [-95.956294000092953, 41.351061999672062],
            [-95.9556709995788, 41.351994000319706],
            [-95.95488300010652, 41.352807999682085],
            [-95.954271000361345, 41.353508000217175],
            [-95.954170999903894, 41.353591999964372],
            [-95.953953000344015, 41.35377599996302],
            [-95.953442999807748, 41.354041999943156],
            [-95.952317000226671, 41.354870999887552],
            [-95.950964999791452, 41.355479000058374],
            [-95.950401999551772, 41.355676999844114],
            [-95.949893999563656, 41.35577699982715],
            [-95.949341000267992, 41.355985999787755],
            [-95.948597000278326, 41.356114999886657],
            [-95.948268000390357, 41.356259999948769],
            [-95.946914000305327, 41.3566089998248],
            [-95.945699000137466, 41.356800999766293],
            [-95.945120999829157, 41.356865000070442],
            [-95.943336999573802, 41.35706299968578],
            [-95.943016999906661, 41.357135000070819],
            [-95.941359000048024, 41.357690000000559],
            [-95.940810999876931, 41.357812999734357],
            [-95.940585999746034, 41.357904000292308],
            [-95.940055000191691, 41.35811899982324],
            [-95.939717999907813, 41.358206000187423],
            [-95.939061999781671, 41.358375000198187],
            [-95.938294000400901, 41.35873999980533],
            [-95.936922999699107, 41.359246999755484],
            [-95.936555000351376, 41.359474999905835],
            [-95.936258000250476, 41.359756000311258],
            [-95.935468000230031, 41.36013499970656],
            [-95.935042000257695, 41.360521000282233],
            [-95.933642000141916, 41.361550999765853],
            [-95.933346999690798, 41.361833999744249],
            [-95.933128000306027, 41.36215300028141],
            [-95.932184000299813, 41.362960000276381],
            [-95.931710999573468, 41.363626000291347],
            [-95.931421000043557, 41.36403499968285],
            [-95.931349999898444, 41.364108000296255],
            [-95.931015000162702, 41.364453999679029],
            [-95.930964999933977, 41.364495000074378],
            [-95.930845000283384, 41.364806000308185],
            [-95.930766999567254, 41.365008000058339],
            [-95.930296000287399, 41.365802999786432],
            [-95.930245000233754, 41.365889000167854],
            [-95.929681000169154, 41.367057999715414],
            [-95.928773999972861, 41.370079999764897],
            [-95.928824000201573, 41.370544999999673],
            [-95.928768000125089, 41.371659999672083],
            [-95.928951000423183, 41.372441000202556],
            [-95.929008000324586, 41.373159999821063],
            [-95.929173000181038, 41.373857000096237],
            [-95.929293999656537, 41.374364999928304],
            [-95.929456999863149, 41.37518200031279],
            [-95.929486000175473, 41.375326000006631],
            [-95.929713999781114, 41.375874999790788],
            [-95.929799000169908, 41.376228000310839],
            [-95.93028100021877, 41.376995000067602],
            [-95.930388000348898, 41.377345000285565],
            [-95.930574999946657, 41.377676000026185],
            [-95.932246000224069, 41.379814999909762],
            [-95.932484999700364, 41.37999700002419],
            [-95.933140000001572, 41.380874999916657],
            [-95.933878000143451, 41.381714000292845],
            [-95.934895999769523, 41.383135999895117],
            [-95.935285999756843, 41.38381100027248],
            [-95.935407000130681, 41.38402100005424],
            [-95.936073000302542, 41.385252000280801],
            [-95.93641100041134, 41.385876000012544],
            [-95.936644000039848, 41.386573000164233],
            [-95.936721000032747, 41.387290000261565],
            [-95.936989999646244, 41.387834000022259],
            [-95.937237000416772, 41.388333999995325],
            [-95.937418000166744, 41.38951600029398],
            [-95.937791000435638, 41.390752000176214],
            [-95.937865999880401, 41.390955999781866],
            [-95.937995999576756, 41.391310000095686],
            [-95.938009999820451, 41.391348000094759],
            [-95.938162000156396, 41.391762000241556],
            [-95.938245999821987, 41.391988000146831],
            [-95.938255999867749, 41.392015000044246],
            [-95.938266999738389, 41.392046999733388],
            [-95.93827199976127, 41.392060000297569],
            [-95.938379999716304, 41.392351999791742],
            [-95.938690000236022, 41.393194999979954],
            [-95.939300000331372, 41.393183999798445],
            [-95.944063000020137, 41.39309600030132],
            [-95.94408999978431, 41.393095000222154],
            [-95.945044999661178, 41.393095000222154],
            [-95.955037999917209, 41.393095000222154],
            [-95.965953000438162, 41.393095000222154],
            [-95.966080999586367, 41.393095000222154],
            [-95.966165000150269, 41.393095000222154],
            [-95.97447200006026, 41.393095000222154],
            [-95.975795000183155, 41.393095000222154],
            [-95.983194000071947, 41.393097999785788],
            [-95.989304999997927, 41.393141999884847],
            [-95.992971000417924, 41.39316899997683],
            [-95.993009999877671, 41.39316899997683],
            [-95.994059000364189, 41.39317699992705],
            [-95.994115000440672, 41.39317699992705],
            [-95.994831999767854, 41.393182000316628],
            [-95.994993000324641, 41.393182999720629],
            [-95.996080000445986, 41.393190999669088],
            [-95.996491000349721, 41.393194999979954],
            [-95.996687000168293, 41.393188000109745],
            [-95.99683699995613, 41.393182999720629],
            [-95.997082000178509, 41.39317399969314],
            [-96.000290999765681, 41.39305799997625],
            [-96.001842000392529, 41.393061000215503],
            [-96.002075000021037, 41.393061000215503],
            [-96.004751000404056, 41.393063999780757],
            [-96.006450000270576, 41.393079999706075],
            [-96.006563000248477, 41.393080999785525],
            [-96.006763000265039, 41.393082999944326],
            [-96.007692000202624, 41.393090999905134],
            [-96.007783000439204, 41.393091999984414],
            [-96.007840000340607, 41.393093000063672],
            [-96.008053999702554, 41.393095000222154],
            [-96.008471000352387, 41.393095000222154],
            [-96.008605000246689, 41.393095000222154],
            [-96.009057999983227, 41.393099999944113],
            [-96.011254999792129, 41.393123999817313],
            [-96.013956000289497, 41.393130999694421],
            [-96.014194999765778, 41.393130000289666],
            [-96.014214999857273, 41.393130000289666],
            [-96.014287999652197, 41.393128000132258],
            [-96.014604000019688, 41.393122000333655],
            [-96.015784000027452, 41.393133999930313],
            [-96.015946000409159, 41.393136000087523],
            [-96.016584999918521, 41.393141999884847],
            [-96.017774000147114, 41.393154000151739],
            [-96.019103999942701, 41.3931499998384],
            [-96.019770000114576, 41.393151999995126],
            [-96.020484999791918, 41.393155000230053],
            [-96.02118399957574, 41.393173000289046],
            [-96.021321999668004, 41.39317699992705],
            [-96.022083000274435, 41.393184999876297],
            [-96.02220999959772, 41.393185999954127],
            [-96.022734000377667, 41.393175999849078],
            [-96.023023000082688, 41.393170000054901],
            [-96.023038999976208, 41.393170000054901],
            [-96.02334100009999, 41.393164000260178],
            [-96.023875999852294, 41.393154000151739],
            [-96.024870000087205, 41.393164000260178],
            [-96.025153999769344, 41.393164999664407],
            [-96.026472999694278, 41.393157999790965],
            [-96.02772600039529, 41.393157999790965],
            [-96.028672999876235, 41.393157999790965],
            [-96.029180000039432, 41.393157999790965],
            [-96.029811999876117, 41.393151999995126],
            [-96.029945999770405, 41.393153000073461],
            [-96.030981999838119, 41.393161000025607],
            [-96.032129000233908, 41.39315099991677],
            [-96.033515999930913, 41.3931499998384],
            [-96.035605999609686, 41.39313299985168],
            [-96.03677100044716, 41.393137000166121],
            [-96.03779499992099, 41.393140999806342],
            [-96.039841000117164, 41.393161000025607],
            [-96.041282000240827, 41.393163000181993],
            [-96.04302799996303, 41.393137000166121],
            [-96.043104999955915, 41.39313299985168],
            [-96.043576000134124, 41.393139000323188],
            [-96.046239000098339, 41.393147000277111],
            [-96.046803000162939, 41.393156000308345],
            [-96.046896000049372, 41.393156999712701],
            [-96.04723499998309, 41.393151999995126],
            [-96.048405999770011, 41.393156999712701],
            [-96.049928000084535, 41.393156999712701],
            [-96.050217999614446, 41.393161000025607],
            [-96.052079999687592, 41.393145000120285],
            [-96.052555000063762, 41.39315099991677],
            [-96.052837000096062, 41.393154000151739],
            [-96.053701999561227, 41.393164000260178],
            [-96.054486999558776, 41.393162000103814],
            [-96.055031000430219, 41.393170000054901],
            [-96.055203999784268, 41.39316899997683],
            [-96.055294000195957, 41.393167999898779],
            [-96.05538200005951, 41.393166999820664],
            [-96.056839999901626, 41.393155000230053],
            [-96.056936000161087, 41.393154000151739],
            [-96.057121999933912, 41.393153000073461],
            [-96.057362999958343, 41.393154000151739],
            [-96.058040999825778, 41.393156999712701],
            [-96.059158000084338, 41.393173000289046],
            [-96.059794000118984, 41.39316599974255],
            [-96.060004000181266, 41.393164999664407],
            [-96.060945999639344, 41.393163000181993],
            [-96.06190899991212, 41.39315099991677],
            [-96.062303000097415, 41.393156000308345],
            [-96.063510999694259, 41.393172000211017],
            [-96.063523000288129, 41.393172000211017],
            [-96.063719999931635, 41.393174999771148],
            [-96.065130000093163, 41.393178000005008],
            [-96.069403000235468, 41.393163000181993],
            [-96.070742000251883, 41.393157999790965],
            [-96.072549999898357, 41.393153000073461],
            [-96.073961999709709, 41.393173000289046],
            [-96.075485999674044, 41.393156999712701],
            [-96.076680999750437, 41.393164999664407],
            [-96.077664999939614, 41.393172000211017],
            [-96.077932999728205, 41.39317399969314],
            [-96.078028000162774, 41.393174999771148],
            [-96.079017000374833, 41.393184999876297],
            [-96.079189999728868, 41.393183999798445],
            [-96.081507000086688, 41.393174999771148],
            [-96.08152700017817, 41.393174999771148],
            [-96.083693999849842, 41.393164999664407],
            [-96.085274999715608, 41.393174999771148],
            [-96.088240999628525, 41.39317399969314],
            [-96.08857299988955, 41.39317399969314],
            [-96.088623999943181, 41.39317399969314],
            [-96.088815999563792, 41.39317399969314],
            [-96.089295999962815, 41.393173000289046],
            [-96.091125000424015, 41.393171000132966],
            [-96.095194000351796, 41.39316599974255],
            [-96.096569000353227, 41.393153000073461],
            [-96.096852000210447, 41.39315099991677],
            [-96.09783700022453, 41.393154000151739],
            [-96.098387000045435, 41.393157999790965],
            [-96.098398999741022, 41.393157999790965],
            [-96.100656999649274, 41.393172000211017],
            [-96.101085999994694, 41.393172000211017],
            [-96.101100000238389, 41.393172000211017],
            [-96.105339000045504, 41.393170000054901],
            [-96.105389000274215, 41.393170000054901],
            [-96.10545299984831, 41.393170000054901],
            [-96.106909000040588, 41.393170000054901],
            [-96.107990000314146, 41.39316899997683],
            [-96.109330999980401, 41.393166999820664],
            [-96.110567000064663, 41.393156000308345],
            [-96.111680999950167, 41.393146000198733],
            [-96.112460999924849, 41.393153000073461],
            [-96.113604999947597, 41.393164000260178],
            [-96.117447000094685, 41.393147000277111],
            [-96.11771599970821, 41.393147000277111],
            [-96.11845100037533, 41.393146000198733],
            [-96.118894999891054, 41.393145000120285],
            [-96.119237000197813, 41.393148999760008],
            [-96.119910999867272, 41.393156999712701],
            [-96.120454999840405, 41.393163000181993],
            [-96.121338999572146, 41.393156999712701],
            [-96.123630999815603, 41.393140999806342],
            [-96.124808000348636, 41.393137000166121],
            [-96.12482000004421, 41.393137000166121],
            [-96.126445000290886, 41.393130999694421],
            [-96.127043999617285, 41.393133999930313],
            [-96.128453999778827, 41.393140999806342],
            [-96.128489999763815, 41.393140999806342],
            [-96.129062000224366, 41.393144000041822],
            [-96.12951499996089, 41.393146000198733],
            [-96.129566000014535, 41.393147000277111],
            [-96.129807000038937, 41.393147999681617],
            [-96.131573999677542, 41.393154000151739],
            [-96.132366000246094, 41.393156999712701],
            [-96.133070999877688, 41.393155000230053],
            [-96.136583000311887, 41.393142999963338],
            [-96.13681500011549, 41.393141999884847],
            [-96.137725999611419, 41.393139999727865],
            [-96.13783500028967, 41.393140999806342],
            [-96.137987999552223, 41.393141999884847],
            [-96.138715999648369, 41.393147000277111],
            [-96.138802999687016, 41.393147999681617],
            [-96.138924000060825, 41.393148999760008],
            [-96.138950000000108, 41.393148999760008],
            [-96.139437000071823, 41.39315099991677],
            [-96.140279999795695, 41.393155000230053],
            [-96.142679999994186, 41.393139000323188],
            [-96.142829999782023, 41.393139000323188],
            [-96.143063000308842, 41.393139999727865],
            [-96.144295000195115, 41.393142999963338],
            [-96.144781000441938, 41.393144000041822],
            [-96.147631000003898, 41.3931499998384],
            [-96.150976999858443, 41.393154000151739],
            [-96.151665999596503, 41.393153000073461],
            [-96.153356000140533, 41.393148999760008],
            [-96.154120000221681, 41.393151999995126],
            [-96.154367999918804, 41.393153000073461],
            [-96.155843000377658, 41.393158999869208],
            [-96.15613299990757, 41.39315999994745],
            [-96.158426999800852, 41.393164000260178],
            [-96.158472000006697, 41.393164000260178],
            [-96.158701000335554, 41.393163000181993],
            [-96.162160000168001, 41.393154000151739],
            [-96.162734000278348, 41.393153000073461],
            [-96.16489699975206, 41.393157999790965],
            [-96.16551100004537, 41.393156999712701],
            [-96.166137000034269, 41.393156000308345],
            [-96.166537000067351, 41.393155000230053],
            [-96.168118999758008, 41.39315999994745],
            [-96.169555999683723, 41.393164999664407],
            [-96.169724999738122, 41.393164000260178],
            [-96.170272999909216, 41.393158999869208],
            [-96.170415000199441, 41.393157999790965],
            [-96.171298000106276, 41.393157999790965],
            [-96.171585999986362, 41.393157999790965],
            [-96.172772999666819, 41.393170000054901],
            [-96.174137999622502, 41.39316899997683],
            [-96.174925000168187, 41.393158999869208],
            [-96.175491999707546, 41.393156999712701],
            [-96.175674000180734, 41.393156000308345],
            [-96.175952000015087, 41.393155000230053],
            [-96.176110000198847, 41.393156000308345],
            [-96.177742999943121, 41.393164000260178],
            [-96.177767000232564, 41.393164000260178],
            [-96.177869000339811, 41.393164000260178],
            [-96.179767000397973, 41.39316899997683],
            [-96.180016999744907, 41.393166999820664],
            [-96.181669999580691, 41.393151999995126],
            [-96.18374599991408, 41.393153000073461],
            [-96.18431300035175, 41.3931499998384],
            [-96.184689000095389, 41.393147000277111],
            [-96.184899999982576, 41.393146000198733],
            [-96.185558999583435, 41.393140999806342],
            [-96.187501000022522, 41.393148999760008],
            [-96.188077999607614, 41.393139000323188],
            [-96.188928999727409, 41.393146000198733],
            [-96.189892999825105, 41.393155000230053],
            [-96.189989999909471, 41.393154000151739],
            [-96.190117000131096, 41.393151999995126],
            [-96.190318999797441, 41.393148999760008],
            [-96.190382000444956, 41.393147999681617],
            [-96.190518999813989, 41.393146000198733],
            [-96.192148000258641, 41.393145000120285],
            [-96.19277599989735, 41.393145000120285],
            [-96.193397999688287, 41.393145000120285],
            [-96.193498999970629, 41.393144000041822],
            [-96.193632000039997, 41.393142999963338],
            [-96.193755000063675, 41.393141999884847],
            [-96.194080999578574, 41.393139999727865],
            [-96.194865999576137, 41.393133999930313],
            [-96.196614999671368, 41.393130999694421],
            [-96.196915000145339, 41.393130999694421],
            [-96.196992000138252, 41.393135000008932],
            [-96.197011000404814, 41.393136000087523],
            [-96.197028000123254, 41.393137000166121],
            [-96.197138999553019, 41.393137000166121],
            [-96.197211000421348, 41.393137000166121],
            [-96.198639999951141, 41.393139999727865],
            [-96.200367000305079, 41.393130999694421],
            [-96.202039000407439, 41.39313199977309],
            [-96.202360999724405, 41.39313199977309],
            [-96.203905999605141, 41.39312100025483],
            [-96.204237999866152, 41.39312100025483],
            [-96.207900999913079, 41.393122000333655],
            [-96.210686000076052, 41.393129000210969],
            [-96.211750999557765, 41.39313199977309],
            [-96.212383000292746, 41.393133999930313],
            [-96.21263000016495, 41.393113999702734],
            [-96.212781999602612, 41.393087000261836],
            [-96.213758000294192, 41.393085000103113],
            [-96.214556999637125, 41.393079000300531],
            [-96.214577999553526, 41.393079000300531],
            [-96.214794000361906, 41.39307700014156],
            [-96.214990000180478, 41.393076000062052],
            [-96.215011999921785, 41.393076000062052],
            [-96.215047999906801, 41.393076000062052],
            [-96.21513800031849, 41.393074999982524],
            [-96.2153149998705, 41.393072999823474],
            [-96.215842000125178, 41.393067000019748],
            [-96.216130000005279, 41.393063999780757],
            [-96.216275999595126, 41.393062999701044],
            [-96.216549000304923, 41.393061000215503],
            [-96.217881999575241, 41.39312100025483],
            [-96.218238000125709, 41.393122000333655],
            [-96.220091999802946, 41.393125999974792],
            [-96.220738999708232, 41.393127000053532],
            [-96.220952000143569, 41.393127000053532],
            [-96.223137000256898, 41.393125999974792],
            [-96.225473999807903, 41.393136000087523],
            [-96.225601999854419, 41.393137000166121],
            [-96.226276000422189, 41.393139999727865],
            [-96.226380000179276, 41.393140999806342],
            [-96.226712000440301, 41.393142999963338],
            [-96.226925999802205, 41.393145000120285],
            [-96.227025000434722, 41.393145000120285],
            [-96.230900000193756, 41.393139000323188],
            [-96.232743999825246, 41.393122000333655],
            [-96.236577999576411, 41.393130000289666],
            [-96.236965000089015, 41.393129000210969],
            [-96.238395000342024, 41.393127000053532],
            [-96.238516999642457, 41.393129000210969],
            [-96.239187999837185, 41.393138000244683],
            [-96.239305000013047, 41.393139999727865],
            [-96.239395000424736, 41.393140999806342],
            [-96.239730000160492, 41.393139999727865],
            [-96.239813999826083, 41.393139999727865],
            [-96.240647000402518, 41.393138000244683],
            [-96.240738999565721, 41.393138000244683],
            [-96.241650999784866, 41.393141999884847],
            [-96.242071999734335, 41.393139999727865],
            [-96.242327000002476, 41.393138000244683],
            [-96.243250999917194, 41.393135000008932],
            [-96.243840000096171, 41.39313299985168],
            [-96.244716000330314, 41.393129000210969],
            [-96.245920999554116, 41.393140999806342],
            [-96.246647000000436, 41.393127000053532],
            [-96.247965999925356, 41.393130000289666],
            [-96.25000000042597, 41.3930969997066],
            [-96.250247000298174, 41.393099999944113],
            [-96.250299000176696, 41.393101000023258],
            [-96.250838999951881, 41.393105999744755],
            [-96.251984999624455, 41.393116999939458],
            [-96.252176000318485, 41.393119000097151],
            [-96.253289000379084, 41.393129000210969],
            [-96.253315000318352, 41.393129000210969],
            [-96.253527999855365, 41.393130999694421],
            [-96.253845999872695, 41.39313299985168],
            [-96.254999999941191, 41.393144000041822],
            [-96.257165999787944, 41.393141999884847],
            [-96.261347999693641, 41.393138000244683],
            [-96.261386000226793, 41.393138000244683],
            [-96.266044000333565, 41.39313299985168],
            [-96.266882000034542, 41.393146000198733],
            [-96.267278999694582, 41.393133999930313],
            [-96.267879999569132, 41.393138000244683],
            [-96.268662000091936, 41.393141999884847],
            [-96.269112000353743, 41.393145000120285],
            [-96.269528000280346, 41.393139000323188],
            [-96.271084999856654, 41.393137000166121],
            [-96.271996000250908, 41.393146000198733],
            [-96.273270999794903, 41.393157999790965],
            [-96.273284000213692, 41.393157999790965],
            [-96.273532999735707, 41.393156999712701],
            [-96.275091999860166, 41.393145000120285],
            [-96.275292999701634, 41.393142999963338],
            [-96.276107000011493, 41.3931499998384],
            [-96.276164999737816, 41.39315099991677],
            [-96.276728999802415, 41.393142999963338],
            [-96.277634000348897, 41.393139000323188],
            [-96.277749999801514, 41.393139000323188],
            [-96.27782900034255, 41.393078000221053],
            [-96.278031999833829, 41.393034000078671],
            [-96.278489999593234, 41.393047999851504],
            [-96.2789170002888, 41.393062000295245],
            [-96.279011999825045, 41.393064999860449],
            [-96.279117000305348, 41.393064999860449],
            [-96.279159000138151, 41.393064999860449],
            [-96.279277000138919, 41.393051000091276],
            [-96.280579000345412, 41.393059000056034],
            [-96.281510999757742, 41.393085000103113],
            [-96.282150000165416, 41.39307700014156],
            [-96.282345000159097, 41.39305799997625],
            [-96.284227000323725, 41.393128000132258],
            [-96.291088999912091, 41.393129000210969],
            [-96.291169000278032, 41.393164999664407],
            [-96.291200000240167, 41.393184999876297],
            [-96.296819000071579, 41.39313199977309],
            [-96.296926000201708, 41.393130999694421],
            [-96.296953999790787, 41.393130999694421],
            [-96.296969999684322, 41.393130999694421],
            [-96.297076999814436, 41.393130000289666],
            [-96.301303999925992, 41.393162000103814],
            [-96.301354999979608, 41.393162000103814],
            [-96.305265999723673, 41.393191999746833],
            [-96.306429000012983, 41.393189000187526],
            [-96.309625999904597, 41.393198000212884],
            [-96.309717000141177, 41.393198000212884],
            [-96.309993000325719, 41.393198000212884],
            [-96.310268999611921, 41.393198000212884],
            [-96.310458999582721, 41.393198000212884],
            [-96.310648999553507, 41.393199000290529],
            [-96.310773000300387, 41.393199999694225],
            [-96.310908000019609, 41.393199999694225],
            [-96.311442999771913, 41.393201999849417],
            [-96.318368999832671, 41.3932680002182],
            [-96.318399999794821, 41.393239000013359],
            [-96.318438000327973, 41.393202999926984],
            [-96.318634999971465, 41.393154000151739],
            [-96.319296999945351, 41.393153000073461],
            [-96.319311000189074, 41.393153000073461],
            [-96.32009899966134, 41.393151999995126],
            [-96.320121000300958, 41.393151999995126],
            [-96.32033100036324, 41.393151999995126],
            [-96.321149999797669, 41.3931499998384],
            [-96.323823999632552, 41.393146000198733],
            [-96.326350000227748, 41.393140999806342],
            [-96.326778999674829, 41.393139999727865],
            [-96.329012000367058, 41.393136000087523],
            [-96.329028000260578, 41.393136000087523],
            [-96.329072999568112, 41.393136000087523],
            [-96.330430999851103, 41.39313199977309],
            [-96.330460999988333, 41.39313199977309],
            [-96.330475000232042, 41.39313199977309],
            [-96.330680000271457, 41.393130999694421],
            [-96.330719999556109, 41.393130999694421],
            [-96.332209000258658, 41.393135000008932],
            [-96.332282000053596, 41.393136000087523],
            [-96.33229799994713, 41.393136000087523],
            [-96.33232600043452, 41.393136000087523],
            [-96.332410999925031, 41.393136000087523],
            [-96.332491000290986, 41.393136000087523],
            [-96.333210000166289, 41.393138000244683],
            [-96.333461000236454, 41.393139000323188],
            [-96.348207000135503, 41.393180000160868],
            [-96.348219999655981, 41.393180000160868],
            [-96.353208000373925, 41.393198000212884],
            [-96.353478999637275, 41.393196000057628],
            [-96.353820999944034, 41.393193999902259],
            [-96.354037999679022, 41.393191999746833],
            [-96.354363000267341, 41.39319000026525],
            [-96.355189000272773, 41.393184999876297],
            [-96.357356999769365, 41.393172000211017],
            [-96.357382999708619, 41.393172000211017],
            [-96.358280999684069, 41.39316599974255],
            [-96.358331999737715, 41.39316599974255],
            [-96.360264999955973, 41.39316599974255],
            [-96.365479999556342, 41.393164999664407],
            [-96.367324999911048, 41.393172000211017],
            [-96.367421999995443, 41.393172000211017],
            [-96.367497000338503, 41.393172000211017],
            [-96.367822999853431, 41.393173000289046],
            [-96.367980000212256, 41.39317399969314],
            [-96.368458000063143, 41.393174999771148],
            [-96.375298999735108, 41.393182000316628],
            [-96.382727999761116, 41.393190999669088],
            [-96.386752000381406, 41.393185999954127],
            [-96.387097999987802, 41.39316899997683],
            [-96.387138000170779, 41.39316899997683],
            [-96.387492000173111, 41.39316899997683],
            [-96.387997999613091, 41.39316899997683],
            [-96.393124000423299, 41.39317399969314],
            [-96.393519000433514, 41.39317399969314],
            [-96.395305000338681, 41.393175999849078],
            [-96.395323999706946, 41.393175999849078],
            [-96.39768700009553, 41.393178000005008],
            [-96.406190999648985, 41.393181000238776],
            [-96.406216999588267, 41.393181000238776],
            [-96.408570999756009, 41.39316599974255],
            [-96.409086000315128, 41.393167999898779],
            [-96.409592999580028, 41.393170000054901],
            [-96.409656000227528, 41.393170000054901],
            [-96.410180999934084, 41.393172000211017],
            [-96.410262000124931, 41.393173000289046],
            [-96.412043000007216, 41.393173000289046],
            [-96.412057000250925, 41.393173000289046],
            [-96.423657000312005, 41.393171000132966],
            [-96.423670999657389, 41.393171000132966],
            [-96.423730000106929, 41.393171000132966],
            [-96.425361000201406, 41.393171000132966],
            [-96.42537399972187, 41.393170000054901],
            [-96.434332999560027, 41.393214000105225],
            [-96.440276999979758, 41.39319000026525],
            [-96.441566999592368, 41.393224000204427],
            [-96.441966999625464, 41.393234000302037],
            [-96.442246000183033, 41.393242000244264],
            [-96.442361999635665, 41.393244999801169],
            [-96.442442000001606, 41.393246999954975],
            [-96.44251999981941, 41.393249000108668],
            [-96.4425829995686, 41.393251000262346],
            [-96.442744000125401, 41.393254999895596],
            [-96.443632999880037, 41.393278000309046],
            [-96.444345999907554, 41.393297999812297],
            [-96.444452000212763, 41.393301000040474],
            [-96.444465999558162, 41.393301000040474],
            [-96.444478000152031, 41.393301000040474],
            [-96.444822000108616, 41.393310000050384],
            [-96.444880999659844, 41.393308999974465],
            [-96.445156000019466, 41.393312000202144],
            [-96.445175000286042, 41.393304999670661],
            [-96.445392999845922, 41.393302000116527],
            [-96.445486999557261, 41.393301000040474],
            [-96.44579899972679, 41.393296999736179],
            [-96.445940000192095, 41.393295000257844],
            [-96.446175000368754, 41.393292000029334],
            [-96.446279999950733, 41.393292000029334],
            [-96.44945400027612, 41.393304000268586],
            [-96.449616999584421, 41.393304999670661],
            [-96.450989999936027, 41.393310000050384],
            [-96.451841999880727, 41.39331300027802],
            [-96.453874999658098, 41.393305999746602],
            [-96.454750000067335, 41.393301000040474],
            [-96.455264999728129, 41.39330699982257],
            [-96.45548999985904, 41.393297999812297],
            [-96.457721999828038, 41.393308999974465],
            [-96.463877000134985, 41.393311000126303],
            [-96.464015000227249, 41.393311000126303],
            [-96.464160999817096, 41.393310000050384],
            [-96.464791999828876, 41.393304999670661],
            [-96.464810000270532, 41.393304999670661],
            [-96.464846000255548, 41.393304999670661],
            [-96.465755000101666, 41.393297999812297],
            [-96.467145000171698, 41.393279999787914],
            [-96.467229999662209, 41.393278999711526],
            [-96.467242000256078, 41.393278999711526],
            [-96.467257000324693, 41.393278999711526],
            [-96.469955000449019, 41.39324300032122],
            [-96.469998999931633, 41.39324300032122],
            [-96.470024000045981, 41.39324300032122],
            [-96.470138999673722, 41.393242000244264],
            [-96.470310000276257, 41.393241000167293],
            [-96.470624999920531, 41.393239000013359],
            [-96.470670000126361, 41.393239000013359],
            [-96.470720000355072, 41.393239000013359],
            [-96.470905000303006, 41.393236999859312],
            [-96.471569999751637, 41.393251999665246],
            [-96.472553000115923, 41.393269999697324],
            [-96.473535999581856, 41.393287999724478],
            [-96.474185999860197, 41.393292000029334],
            [-96.474215000172535, 41.393292000029334],
            [-96.474262999853096, 41.393292000029334],
            [-96.476914999946672, 41.393293000105515],
            [-96.477882000417409, 41.393295000257844],
            [-96.478705999874705, 41.393307999898525],
            [-96.481044999973832, 41.393321000210527],
            [-96.481077999585793, 41.393321000210527],
            [-96.481091999829502, 41.393321000210527],
            [-96.483266000072192, 41.39330699982257],
            [-96.484020000107591, 41.393303000192567],
            [-96.484439000407264, 41.39329999996442],
            [-96.484903000014427, 41.39329999996442],
            [-96.484974000159553, 41.39329999996442],
            [-96.48583199995204, 41.393281999940641],
            [-96.485898000074258, 41.393283000016979],
            [-96.487052999967673, 41.393294000181683],
            [-96.487093999975542, 41.393294000181683],
            [-96.48759299974283, 41.393298999888351],
            [-96.488156999807444, 41.393304999670661],
            [-96.488377999740393, 41.393535999965195],
            [-96.488617000114985, 41.39377800019561],
            [-96.488842000245882, 41.3938739999817],
            [-96.489325999944555, 41.394178000166157],
            [-96.489693000365676, 41.39444199997093],
            [-96.490003999811989, 41.394698000289253],
            [-96.490069000109301, 41.394683000143083],
            [-96.490382999928656, 41.395005000139008],
            [-96.490444999852954, 41.395118000280632],
            [-96.490587999968085, 41.395378000134713],
            [-96.490838000213344, 41.395830000297977],
            [-96.49087099982529, 41.395884000259372],
            [-96.490931000099749, 41.395981999700325],
            [-96.49109099993332, 41.396246000264782],
            [-96.491321999912017, 41.396625000027413],
            [-96.491331000132845, 41.396638999700727],
            [-96.49139200023221, 41.396741000117594],
            [-96.491609999792104, 41.39716699981112],
            [-96.491804999785771, 41.397416000090139],
            [-96.491901000045232, 41.397440999729923],
            [-96.491958999771541, 41.397455999913433],
            [-96.492007000350426, 41.397469000069719],
            [-96.492072999574376, 41.397487000281807],
            [-96.492212000389856, 41.397454999901299],
            [-96.49231799979674, 41.397292999754903],
            [-96.492633000339339, 41.396631000176576],
            [-96.493320000427602, 41.395539999663079],
            [-96.493543000010348, 41.3953139999768],
            [-96.493753999897564, 41.394941999664702],
            [-96.49417900004498, 41.394553999686721],
            [-96.494861000110376, 41.394189000179416],
            [-96.495319999694686, 41.394057999961703],
            [-96.495662000001445, 41.394023999784885],
            [-96.495929999790064, 41.394031000238982],
            [-96.496561999626721, 41.394158000259793],
            [-96.498418999677, 41.394747000248337],
            [-96.49882799993091, 41.394986999913463],
            [-96.499421000307848, 41.395460000329109],
            [-96.499755000218713, 41.395764999873123],
            [-96.500023999832194, 41.395828000223695],
            [-96.500303000389778, 41.395967999885549],
            [-96.50042100039056, 41.395984999804682],
            [-96.501731999919556, 41.396169999905908],
            [-96.501750000361227, 41.396167999842049],
            [-96.502224999839072, 41.396239000049228],
            [-96.502319000448708, 41.396251999775046],
            [-96.502364999581147, 41.396256999928063],
            [-96.503393999976169, 41.396366999828153],
            [-96.503446999679639, 41.396373000001127],
            [-96.503558000007715, 41.396384999671554],
            [-96.503661999764788, 41.396441999928953],
            [-96.503906000162246, 41.396506999676781],
            [-96.504238000423271, 41.396620999927634],
            [-96.504467999678724, 41.396797000040543],
            [-96.504806999612441, 41.397009999715856],
            [-96.505049000360074, 41.397161999728091],
            [-96.506478999714801, 41.39887300029433],
            [-96.506511000400153, 41.398910999915344],
            [-96.506522000270806, 41.3989239997806],
            [-96.506544000012127, 41.398951000166242],
            [-96.506665000385951, 41.399188999836092],
            [-96.506670000408818, 41.399198999689872],
            [-96.506827999694252, 41.399508999785162],
            [-96.507147000434784, 41.400033000275016],
            [-96.507324999811701, 41.400394000115512],
            [-96.507636000156339, 41.401024999760153],
            [-96.508317000396815, 41.40227500028135],
            [-96.508663000003224, 41.402859999769454],
            [-96.508872000240586, 41.40321499986289],
            [-96.508997999738966, 41.403428000066114],
            [-96.509037000097024, 41.403496999915809],
            [-96.509052000165639, 41.403523999749112],
            [-96.509083000127788, 41.403578999973909],
            [-96.509099000021308, 41.403606999690638],
            [-96.509131999633269, 41.403663999678415],
            [-96.509201000128556, 41.403783999666445],
            [-96.509509000100138, 41.404218000299984],
            [-96.50975400032253, 41.404420000283167],
            [-96.509801000178172, 41.404457000125326],
            [-96.510073999989658, 41.404671000201233],
            [-96.510259999762511, 41.404786000180792],
            [-96.510372999740397, 41.404855999834304],
            [-96.510628999833443, 41.404993999796652],
            [-96.511173999631481, 41.405179999750935],
            [-96.513289000322928, 41.406022000106518],
            [-96.513737000036585, 41.406174999806289],
            [-96.514250000047582, 41.40629700029951],
            [-96.515254000328227, 41.406540999925049],
            [-96.515746000422837, 41.406638000269979],
            [-96.516173000220093, 41.406759999893836],
            [-96.516642999675057, 41.406897999855012],
            [-96.517102999982598, 41.407027000066336],
            [-96.518715999635404, 41.407595000321358],
            [-96.518758000366518, 41.407610000182508],
            [-96.519431000211057, 41.407837000083966],
            [-96.519677000258355, 41.407958000301015],
            [-96.519976000009109, 41.408079000292723],
            [-96.52029599967625, 41.408257000060274],
            [-96.520574000408914, 41.408459000288268],
            [-96.521000000381264, 41.408806000064359],
            [-96.521299000132004, 41.409257999814493],
            [-96.521490999752629, 41.409347000165361],
            [-96.521597000057838, 41.409452000331726],
            [-96.521617999974239, 41.409597000089924],
            [-96.521767999762062, 41.409652999714787],
            [-96.522002999938707, 41.409693999914829],
            [-96.522963999663332, 41.410131000274866],
            [-96.523776000323394, 41.410615000218414],
            [-96.524356000281529, 41.410923999947379],
            [-96.52437800002285, 41.410936000299657],
            [-96.525505000327144, 41.411537000061386],
            [-96.52648500031836, 41.412111000030258],
            [-96.527447999692825, 41.412676000295249],
            [-96.528272999873352, 41.413207999885145],
            [-96.52839699972192, 41.413288000277333],
            [-96.528467000042113, 41.413332999949368],
            [-96.528479999562592, 41.413341000112375],
            [-96.52848899978342, 41.413347000065563],
            [-96.528566999601225, 41.413396999878408],
            [-96.529551999615308, 41.414032000283932],
            [-96.530021000143691, 41.414362999864217],
            [-96.530779000377066, 41.414847999685314],
            [-96.531021000226389, 41.414999000000215],
            [-96.531697000443998, 41.415421000303795],
            [-96.532263000158437, 41.415745000081166],
            [-96.533352999754513, 41.416325999992416],
            [-96.53410000011722, 41.416697999830447],
            [-96.534932999795359, 41.417101999711264],
            [-96.536641999707626, 41.41787800026372],
            [-96.538886000270523, 41.418800000087145],
            [-96.539355999725487, 41.41892999992411],
            [-96.539922000338223, 41.41914000009568],
            [-96.540156999616556, 41.419261000142818],
            [-96.540478000006928, 41.419470999917699],
            [-96.541416999990247, 41.420020000134166],
            [-96.543606000301551, 41.421514000292554],
            [-96.544064999885862, 41.42184500013996],
            [-96.544428000109022, 41.422063000078531],
            [-96.544888000416563, 41.422337999729677],
            [-96.545634999880974, 41.422660999731043],
            [-96.546019999845427, 41.42281500028183],
            [-96.546404999809894, 41.422888000253437],
            [-96.54686500011745, 41.422977000117079],
            [-96.547062999585847, 41.423000000115024],
            [-96.547077999654462, 41.423002000026571],
            [-96.547092999723077, 41.423003999938111],
            [-96.547113999639478, 41.423005999849543],
            [-96.547645000092118, 41.42306700015034],
            [-96.54779499987994, 41.423104999767673],
            [-96.548046999775025, 41.423169000171939],
            [-96.54806199984364, 41.423172999984615],
            [-96.54822199967721, 41.423213000118587],
            [-96.548671000114084, 41.423374000021347],
            [-96.54883400032071, 41.423452000119369],
            [-96.54885199986407, 41.423460999995093],
            [-96.548863999559629, 41.423466999687022],
            [-96.549019000268643, 41.423540999883571],
            [-96.549040000185045, 41.423547000241705],
            [-96.549226999782789, 41.423640999942421],
            [-96.549522000233878, 41.423860000193358],
            [-96.54958900018103, 41.423909999996425],
            [-96.550320999576812, 41.424332999928296],
            [-96.550354999912003, 41.424352999977877],
            [-96.550406999790553, 41.424383000040699],
            [-96.550448999623342, 41.424406999811545],
            [-96.55164000040007, 41.425095000023141],
            [-96.554905000063741, 41.426981000190771],
            [-96.555321999815263, 41.42722200024896],
            [-96.556808999969689, 41.42810499985081],
            [-96.556828000236251, 41.428116000182769],
            [-96.556849000152653, 41.428129000266551],
            [-96.557152000101368, 41.428309000070954],
            [-96.557296000041404, 41.428390999793969],
            [-96.557463000445992, 41.428487000307321],
            [-96.55748799966203, 41.42850099985116],
            [-96.55849699996557, 41.429076999826044],
            [-96.558793000241579, 41.429246000231196],
            [-96.558866000036502, 41.429287999709686],
            [-96.558946000402457, 41.429333999941207],
            [-96.559009999976539, 41.429464000243556],
            [-96.559050000159516, 41.429623999947516],
            [-96.559064000403211, 41.429681000007754],
            [-96.559143999870841, 41.429880999917842],
            [-96.559169999810123, 41.429947000076304],
            [-96.559384000070352, 41.430060000069254],
            [-96.559575999690978, 41.430083999762346],
            [-96.559907999952003, 41.430205000296652],
            [-96.560216999748491, 41.430358999793391],
            [-96.560485000435392, 41.430432000039438],
            [-96.560944999844637, 41.430407999801517],
            [-96.561200999937668, 41.43042500013938],
            [-96.561446999984966, 41.430489000063801],
            [-96.561896000421854, 41.43070000007296],
            [-96.56234499996043, 41.430877000317793],
            [-96.562698999962748, 41.430966000007409],
            [-96.563141999653539, 41.431054000080039],
            [-96.563637000121176, 41.431152999850774],
            [-96.56407399996418, 41.431313000106684],
            [-96.568373999870659, 41.432888999840458],
            [-96.568530000404579, 41.432948000006732],
            [-96.568628000313879, 41.432983000159922],
            [-96.568661999750745, 41.432984999763988],
            [-96.56867699981936, 41.432985999902783],
            [-96.568702999758614, 41.432989999784162],
            [-96.568772000253915, 41.433002000100458],
            [-96.568789999797261, 41.433004999842431],
            [-96.568859000292548, 41.433024999914714],
            [-96.568917000018871, 41.433052000271942],
            [-96.568939999585083, 41.433067999779858],
            [-96.568953999828793, 41.433091000244232],
            [-96.56897700029333, 41.433240000302639],
            [-96.568988999988889, 41.433261999898043],
            [-96.569009000080371, 41.433276999893458],
            [-96.569035999844544, 41.433284000159553],
            [-96.569069000354844, 41.433285999754339],
            [-96.569264000348497, 41.433265999762476],
            [-96.569298999610297, 41.433269000165758],
            [-96.569398000242799, 41.433304000145874],
            [-96.569431999679679, 41.433305000279695],
            [-96.569537000159983, 41.433280000296229],
            [-96.569716000260115, 41.433278000027748],
            [-96.569861999849991, 41.433285999754339],
            [-96.56995100043676, 41.433371000324527],
            [-96.570350999571545, 41.433426000198381],
            [-96.571132000269444, 41.433451000125672],
            [-96.572950999786556, 41.433606000133231],
            [-96.573709999844851, 41.43369600025018],
            [-96.575592000009493, 41.433939999999453],
            [-96.57614799967817, 41.433964000278571],
            [-96.576917999607105, 41.434022000018416],
            [-96.577074999965944, 41.434048999960943],
            [-96.577335000256937, 41.434095000186353],
            [-96.577685000061308, 41.43416100010139],
            [-96.577806000435146, 41.43418400017849],
            [-96.578275999890096, 41.434281000326116],
            [-96.578843000327765, 41.434395000300427],
            [-96.57928199982058, 41.434371000180718],
            [-96.579966000434112, 41.434339999900672],
            [-96.581093999665015, 41.434153999929926],
            [-96.581132000198167, 41.43414799987854],
            [-96.582565999750841, 41.433892000088136],
            [-96.583358000319379, 41.433819999817835],
            [-96.583795999987316, 41.433787999821718],
            [-96.586417000118743, 41.433863999955108],
            [-96.587893000402516, 41.433921999784289],
            [-96.589197000258821, 41.434012000136654],
            [-96.591080000248382, 41.434072000077727],
            [-96.591560999574, 41.434129000273444],
            [-96.591924999622066, 41.434145000189382],
            [-96.592235000141784, 41.43416100010139],
            [-96.593636000082483, 41.434226999949374],
            [-96.594246000177847, 41.434259999848223],
            [-96.594790999975885, 41.434301000005249],
            [-96.595346999644576, 41.434357999999868],
            [-96.595945999869301, 41.43435900011751],
            [-96.596566000010398, 41.434383999685416],
            [-96.598428000083544, 41.434410000034035],
            [-96.598876999622121, 41.434385999919819],
            [-96.599389999633104, 41.434378999772612],
            [-96.599786000366521, 41.43438700003702],
            [-96.600239999927979, 41.43437999988987],
            [-96.601240999835596, 41.434303999687202],
            [-96.601356000361648, 41.434294999967456],
            [-96.601378000102955, 41.434292999730246],
            [-96.601455999920745, 41.434288999929151],
            [-96.601794999854462, 41.434360999679193],
            [-96.601987000373398, 41.434401999772469],
            [-96.602280000276366, 41.43435900011751],
            [-96.602409999972707, 41.43431400019751],
            [-96.602523999775514, 41.434309000279264],
            [-96.602801999609866, 41.434454999887478],
            [-96.602963000166653, 41.434583999923035],
            [-96.603154999787293, 41.434671999805452],
            [-96.603347000306215, 41.434744999915829],
            [-96.603483999675262, 41.434736999695552],
            [-96.603764999882642, 41.434720999925524],
            [-96.603829000355063, 41.434729000147776],
            [-96.6039790001429, 41.434672999918241],
            [-96.604031999846356, 41.434552000303619],
            [-96.60414999984711, 41.434487999670367],
            [-96.604277999893625, 41.434487999670367],
            [-96.604460000366828, 41.434487999670367],
            [-96.604704999690895, 41.434459999794427],
            [-96.604963000332077, 41.434223000144208],
            [-96.60527399977839, 41.434006000072138],
            [-96.605414000418776, 41.433872999734604],
            [-96.605734000085903, 41.433571000315943],
            [-96.606365999922588, 41.433337999973773],
            [-96.606520999733277, 41.433309000141485],
            [-96.606533000327175, 41.433306999873892],
            [-96.606566999764041, 41.433300999744212],
            [-96.606631000236462, 41.433289000156698],
            [-96.606667000221478, 41.43328199989115],
            [-96.607781000107011, 41.433073999931075],
            [-96.607833999810424, 41.433076000205887],
            [-96.607986000146397, 41.433081000219047],
            [-96.608494000134527, 41.433098999993923],
            [-96.608556000058798, 41.43310900001633],
            [-96.608587000020947, 41.433114000026954],
            [-96.608619999632907, 41.433119000037244],
            [-96.609049999803219, 41.433188000004705],
            [-96.609208999811869, 41.433199000148903],
            [-96.609638999982181, 41.433229000165383],
            [-96.610381000322022, 41.43331599973061],
            [-96.610398000040462, 41.433317999997925],
            [-96.610716999882698, 41.43342100021178],
            [-96.610732999776218, 41.433426000198381],
            [-96.610782000180009, 41.433442000287663],
            [-96.61103999992288, 41.433524999719197],
            [-96.611147000052995, 41.433571999772205],
            [-96.611183999862931, 41.433588999954942],
            [-96.611592000291921, 41.433772999944388],
            [-96.612173000074975, 41.43402800008144],
            [-96.612193999991362, 41.434036999838199],
            [-96.612399000030791, 41.434116000044128],
            [-96.61242300032022, 41.434124999788686],
            [-96.612439000213769, 41.434130999842203],
            [-96.612675000215305, 41.434222000024477],
            [-96.613156000439247, 41.434310999842538],
            [-96.6154050001267, 41.434366999710875],
            [-96.615566999610081, 41.434371000180718],
            [-96.615677000113237, 41.434373999859432],
            [-96.616828999633597, 41.434389999714988],
            [-96.61698000014465, 41.434391999949206],
            [-96.617894999838541, 41.434406000240088],
            [-96.625303999773081, 41.43451500009256],
            [-96.631512999608361, 41.434408999917189],
            [-96.632882999586926, 41.434383999685416],
            [-96.632938999663438, 41.43438300024166],
            [-96.63322800026674, 41.434377000211448],
            [-96.633999999845514, 41.434364000031849],
            [-96.634019999936996, 41.434382000124451],
            [-96.634034000180691, 41.434406000240088],
            [-96.634041999678303, 41.434433000022899],
            [-96.634120000394432, 41.434487999670367],
            [-96.634207000433051, 41.43453699992935],
            [-96.63430100014439, 41.434575999682927],
            [-96.634430000015811, 41.434623000321928],
            [-96.634682999735816, 41.434729000147776],
            [-96.634768999949543, 41.434776000002451],
            [-96.634818000353334, 41.434814000175365],
            [-96.634881000102524, 41.434880000032877],
            [-96.634994000080425, 41.435017000084052],
            [-96.635112999906113, 41.435183000201064],
            [-96.635188000249187, 41.43530600019244],
            [-96.635338000036995, 41.435491000129318],
            [-96.635383000242854, 41.43553200018227],
            [-96.635440999969163, 41.435563999992098],
            [-96.635564999817731, 41.435619000028197],
            [-96.635624000267285, 41.43563500025035],
            [-96.635646000008592, 41.435657999805144],
            [-96.635998000361099, 41.43579500023462],
            [-96.636031999797979, 41.435804999841743],
            [-96.636102999943077, 41.435812999930391],
            [-96.636242999685166, 41.435840999896165],
            [-96.636308999807412, 41.435860999768124],
            [-96.636396999670964, 41.435905999962586],
            [-96.636533000113388, 41.435995000165462],
            [-96.636575999771097, 41.43604000026702],
            [-96.636601999710365, 41.436056999803398],
            [-96.636667999832596, 41.436077000282268],
            [-96.636774999962711, 41.436093999808939],
            [-96.636954000062872, 41.436089000027863],
            [-96.637169000148035, 41.436092000300604],
            [-96.637240000293133, 41.436100999771192],
            [-96.637344000050206, 41.436122000326982],
            [-96.637487000165336, 41.436128000195843],
            [-96.637729999839578, 41.436176999890257],
            [-96.637828999573784, 41.436189000290788],
            [-96.637908999939725, 41.43618700011195],
            [-96.638447999889991, 41.43619899983721],
            [-96.638483000050073, 41.436194000064212],
            [-96.638549999997238, 41.436174000294869],
            [-96.638837000052419, 41.436169999936155],
            [-96.639087000297678, 41.436186000022481],
            [-96.639299000009771, 41.436213999827352],
            [-96.63943799992694, 41.436242000293618],
            [-96.639473000087051, 41.436241000205001],
            [-96.639505999699011, 41.436227999725254],
            [-96.639648999814142, 41.436221999865595],
            [-96.639899999884307, 41.436227000309948],
            [-96.640150999954471, 41.436207999966435],
            [-96.640326999681562, 41.436182999754088],
            [-96.641587000055267, 41.435867000334646],
            [-96.64208499999765, 41.435716000051769],
            [-96.642479000182959, 41.435585000048093],
            [-96.642724000405323, 41.435529999983181],
            [-96.642784999606391, 41.435506999709546],
            [-96.64280899989582, 41.435487999828744],
            [-96.642861999599276, 41.435413999779129],
            [-96.642921999873735, 41.435430000051866],
            [-96.642960000406887, 41.43544099981613],
            [-96.642991000369037, 41.435452999679264],
            [-96.643017000308291, 41.435473999771233],
            [-96.64304700044552, 41.435484000101226],
            [-96.643084000255442, 41.43548099980034],
            [-96.643115000217577, 41.435468999942387],
            [-96.643136000133993, 41.435443000017962],
            [-96.643162000073247, 41.435430000051866],
            [-96.643233000218359, 41.435447999848805],
            [-96.643268000378455, 41.43544600032061],
            [-96.643412000318492, 41.435419000285691],
            [-96.643433000234893, 41.435403000010297],
            [-96.643444000105546, 41.435346999688768],
            [-96.643465000021948, 41.435324000023769],
            [-96.643495999984083, 41.435316999977722],
            [-96.643528999596043, 41.435331000069105],
            [-96.643562999931234, 41.435339000216175],
            [-96.643599999741156, 41.435340000318682],
            [-96.643633000251455, 41.435333000274319],
            [-96.643696000000631, 41.4353050000894],
            [-96.643732999810553, 41.435301999780236],
            [-96.643762000122862, 41.435290999992411],
            [-96.643800999582623, 41.435243999837155],
            [-96.643830999719825, 41.435227000087856],
            [-96.643861999681988, 41.435235000247744],
            [-96.643894000367354, 41.435248999683331],
            [-96.643926999979314, 41.435247000148998],
            [-96.643954999568393, 41.435228000192097],
            [-96.643972000185144, 41.43520399970685],
            [-96.643998000124427, 41.435185999842247],
            [-96.644061999698522, 41.435160999909741],
            [-96.644097999683538, 41.4351580002674],
            [-96.644132999843634, 41.435167999972613],
            [-96.644161000331039, 41.435158999699176],
            [-96.644207000361789, 41.435114000333783],
            [-96.644234999950882, 41.435100000195597],
            [-96.644271999760804, 41.435102999840623],
            [-96.644341000256091, 41.435090999912788],
            [-96.644408000203242, 41.435070999803571],
            [-96.644445000013178, 41.435069999696914],
            [-96.644476999800204, 41.435080000089151],
            [-96.644505000287623, 41.435097999983206],
            [-96.644536000249758, 41.435111000015795],
            [-96.644573000059694, 41.435109999909791],
            [-96.644623000288405, 41.435075000229972],
            [-96.644659000273421, 41.435076000336551],
            [-96.644695000258437, 41.435082999735101],
            [-96.644759999657452, 41.435108999803738],
            [-96.64479200034279, 41.435112000121819],
            [-96.644825999779684, 41.435100000195597],
            [-96.644861999764686, 41.43509900008943],
            [-96.644897999749702, 41.435102999840623],
            [-96.644932000084893, 41.435113000227837],
            [-96.644966000420069, 41.435115999872252],
            [-96.645209000094326, 41.435080000089151],
            [-96.645281000064344, 41.435080000089151],
            [-96.645337000140856, 41.435046999933753],
            [-96.645372000300938, 41.435046999933753],
            [-96.645406999562724, 41.435042000072023],
            [-96.645508999669985, 41.435013000327515],
            [-96.645544999654987, 41.434967000079226],
            [-96.64556899994443, 41.434945999823235],
            [-96.645691999968079, 41.434891999999721],
            [-96.645733999800868, 41.434846999775743],
            [-96.645767000311153, 41.434839000241524],
            [-96.645804000121075, 41.434841999898609],
            [-96.645836999733035, 41.434857000202399],
            [-96.645866000045345, 41.434857000202399],
            [-96.645887999786666, 41.434833000253448],
            [-96.645898999657319, 41.434807000074279],
            [-96.64591600027407, 41.434784000217974],
            [-96.64602599987893, 41.434714999926555],
            [-96.646096000199122, 41.434704000039254],
            [-96.646153999925431, 41.434671999805452],
            [-96.646194000108409, 41.434659999797937],
            [-96.646321000330019, 41.434623999761932],
            [-96.646349999744032, 41.434609000077835],
            [-96.646367000360783, 41.434558000317658],
            [-96.646398000322918, 41.434548999959645],
            [-96.646507999927763, 41.434534000258175],
            [-96.646604000187239, 41.434498000152331],
            [-96.646629000301601, 41.434478999976186],
            [-96.646652999692719, 41.434428000113819],
            [-96.646675000332351, 41.434406999683496],
            [-96.646706000294486, 41.434390999832132],
            [-96.646778000264518, 41.434381000007171],
            [-96.646814000249535, 41.434382000124451],
            [-96.64686000028027, 41.434416000061198],
            [-96.64689399971715, 41.434406999683496],
            [-96.646928000052327, 41.434391999949206],
            [-96.646953999991609, 41.434373999859432],
            [-96.646965999687168, 41.434294999967456],
            [-96.646985999778664, 41.434271999929734],
            [-96.646984000128839, 41.434215999979379],
            [-96.647010000068107, 41.434203999887508],
            [-96.647082999863031, 41.434190999673277],
            [-96.647088999710803, 41.434167000151575],
            [-96.647085000411167, 41.434136999895166],
            [-96.647098999756565, 41.434111000110683],
            [-96.647124999695819, 41.434092999942941],
            [-96.647159999855944, 41.434090000251238],
            [-96.647293999750246, 41.434053999899156],
            [-96.647436999865377, 41.434041000328378],
            [-96.647576999607452, 41.434009999890733],
            [-96.647606999744681, 41.433998999883912],
            [-96.647626000011272, 41.433944999946071],
            [-96.647722000270718, 41.433916999835908],
            [-96.648005999952844, 41.433867000330686],
            [-96.648038999564818, 41.433857999876913],
            [-96.648067000052208, 41.433840999764627],
            [-96.648102000212333, 41.433839000186886],
            [-96.64813900002224, 41.433841999890177],
            [-96.648174000182337, 41.433838000061279],
            [-96.648204000319566, 41.43382400032133],
            [-96.648253999649953, 41.433782999863013],
            [-96.648323000145254, 41.433771999817779],
            [-96.64846799991021, 41.433764000151072],
            [-96.648499999697265, 41.43375599980984],
            [-96.648574000215433, 41.433695000122384],
            [-96.648591999758764, 41.433674000128356],
            [-96.648590000108939, 41.433645999901287],
            [-96.648602999629432, 41.433621000049101],
            [-96.648648999660182, 41.433580000136061],
            [-96.648653999683049, 41.433552999998454],
            [-96.64867499959945, 41.43353199995849],
            [-96.648733000224084, 41.433498000232206],
            [-96.64889499970748, 41.433442000287663],
            [-96.648965000027673, 41.433427000330369],
            [-96.649000000187769, 41.433423999934398],
            [-96.649088999876227, 41.433473000323069],
            [-96.649117000363631, 41.433466000077367],
            [-96.649159000196434, 41.4334200000797],
            [-96.649182999587552, 41.433400000129119],
            [-96.649317000380179, 41.433360999668977],
            [-96.649351999641965, 41.433357999943453],
            [-96.649389000350197, 41.433360999668977],
            [-96.649458999772079, 41.433351999818491],
            [-96.649529000092286, 41.433336999840414],
            [-96.649560999879327, 41.433325000259551],
            [-96.649577999597767, 41.433300000283779],
            [-96.649605000260266, 41.433290000290754],
            [-96.649642000070187, 41.433293000019411],
            [-96.649748000375396, 41.433280999756967],
            [-96.649960000087503, 41.433249000168651],
            [-96.65003000040771, 41.43323400016677],
            [-96.650056000346964, 41.4332200002966],
            [-96.650064999669482, 41.433193000009247],
            [-96.650082000286247, 41.433169000118561],
            [-96.650104999852459, 41.433147999954429],
            [-96.650134000164783, 41.433132999929192],
            [-96.650167999601649, 41.433121999773817],
            [-96.650237000096936, 41.433110000153199],
            [-96.650271000432127, 41.433062999765696],
            [-96.650304000044088, 41.433051000134171],
            [-96.650340000029104, 41.433047000256551],
            [-96.650371999816159, 41.43303799968902],
            [-96.650415000372163, 41.432993999665356],
            [-96.650439999588201, 41.43297599986137],
            [-96.650475999573217, 41.432970999840123],
            [-96.650515999756195, 41.432926000304853],
            [-96.650530999824809, 41.432901000175427],
            [-96.650536999672596, 41.432844999715805],
            [-96.650559000312228, 41.432829000152928],
            [-96.650591999924174, 41.432820000228681],
            [-96.650740000062171, 41.432796000200092],
            [-96.650770000199415, 41.432784999987604],
            [-96.650786000092936, 41.432732999998692],
            [-96.650929000208066, 41.432612000135215],
            [-96.650980000261697, 41.432574000020232],
            [-96.651212000065271, 41.432447000325325],
            [-96.651462000310545, 41.432252999791935],
            [-96.65152300040991, 41.432225000298942],
            [-96.651562999694562, 41.432180000246547],
            [-96.651703000334962, 41.432069999687855],
            [-96.651752999665376, 41.432021999740748],
            [-96.651848000099918, 41.431985000108121],
            [-96.651971999948472, 41.431929000205308],
            [-96.651992000039982, 41.431908000313491],
            [-96.652033000047851, 41.431831999910585],
            [-96.652067000383042, 41.431727000226651],
            [-96.652086999576213, 41.431706000269493],
            [-96.652145000200846, 41.431672999745814],
            [-96.652167999767073, 41.431652999930456],
            [-96.652223000018651, 41.431583000191566],
            [-96.652252000330975, 41.431534999884363],
            [-96.652272000422442, 41.431483000241187],
            [-96.652339000369594, 41.431358000086568],
            [-96.652361000110915, 41.431337000010032],
            [-96.652499000203179, 41.431249999813026],
            [-96.652828000091148, 41.431143000200521],
            [-96.65289699968811, 41.431127000218105],
            [-96.653218999903402, 41.430956999824879],
            [-96.653315000162863, 41.430920000258766],
            [-96.653418999919921, 41.430896999698696],
            [-96.653430999615509, 41.430846999887883],
            [-96.653458000277993, 41.430827999990129],
            [-96.653578999753506, 41.43077100026337],
            [-96.653644999875738, 41.430751000170169],
            [-96.653787000165963, 41.43073399991772],
            [-96.653818000128098, 41.430720000181871],
            [-96.653851999564978, 41.430717000334305],
            [-96.653960000418337, 41.430720000181871],
            [-96.654101999810237, 41.43070000007296],
            [-96.654164999559427, 41.430674000258918],
            [-96.654304000374921, 41.43064799976095],
            [-96.654361000276324, 41.430616999723462],
            [-96.654526999957667, 41.430565000018447],
            [-96.654598000102794, 41.430565000018447],
            [-96.65466199967689, 41.430540000326765],
            [-96.6548039999671, 41.430523000019072],
            [-96.654864000241574, 41.43049599995701],
            [-96.655003000158757, 41.430463000165268],
            [-96.655034999945784, 41.4304499998753],
            [-96.655048000364587, 41.430428000000433],
            [-96.655051999664224, 41.430399000215154],
            [-96.655112999763588, 41.43037600014403],
            [-96.655258000426869, 41.430339000246754],
            [-96.655320000351125, 41.43031300028813],
            [-96.655373000054595, 41.430273999993894],
            [-96.655390999597955, 41.430252000059347],
            [-96.655393000146077, 41.430226000065893],
            [-96.655354999612939, 41.430120000295581],
            [-96.655359999635792, 41.430094000249198],
            [-96.655378000077462, 41.430069999886321],
            [-96.655385999575074, 41.430016000047708],
            [-96.655398000168944, 41.429992000329527],
            [-96.655415999712304, 41.429969000114163],
            [-96.655459000268309, 41.42980899991344],
            [-96.655460999918134, 41.429782999742564],
            [-96.655440999826666, 41.429760000126691],
            [-96.655433000329054, 41.429625000138024],
            [-96.65543499997888, 41.429597999702494],
            [-96.655474000336923, 41.429524999865684],
            [-96.655496000078244, 41.429502999677354],
            [-96.65552600021546, 41.42948800015693],
            [-96.655577000269091, 41.429453000139993],
            [-96.655597000360572, 41.429429999733678],
            [-96.655626999599491, 41.429414000002659],
            [-96.655660999934682, 41.429408000186655],
            [-96.655732999904714, 41.429405000278464],
            [-96.655800999676757, 41.429388999867754],
            [-96.655896999936218, 41.429352000081501],
            [-96.655999000043479, 41.429325000205971],
            [-96.656101999975647, 41.429302999949819],
            [-96.656209000105775, 41.429294999732335],
            [-96.656353000045812, 41.429298999841201],
            [-96.656388000205908, 41.429294999732335],
            [-96.656487999765034, 41.429267999833108],
            [-96.65655200023744, 41.429242000119125],
            [-96.656621999659336, 41.429232999697582],
            [-96.656729999614356, 41.429232999697582],
            [-96.656795999736602, 41.429250999865857],
            [-96.65686799970662, 41.429246000231196],
            [-96.656902999866716, 41.429239000203253],
            [-96.656938000026813, 41.429238000006741],
            [-96.656973000186923, 41.42924500003484],
            [-96.657114999578823, 41.429232999697582],
            [-96.657220999884032, 41.429219000311583],
            [-96.657256000044143, 41.429223999948334],
            [-96.657288999656103, 41.429235000090692],
            [-96.657324999641119, 41.429230999977889],
            [-96.657347000280723, 41.429211000083804],
            [-96.657352000303604, 41.429181999754888],
            [-96.657363999999177, 41.42915799972841],
            [-96.657393000311473, 41.429148999968774],
            [-96.657468999581155, 41.429144000326239],
            [-96.657578000259406, 41.429123999731807],
            [-96.657611999696286, 41.429122000008817],
            [-96.657637999635568, 41.429133000168463],
            [-96.657657999727036, 41.429157000204185],
            [-96.657690000412401, 41.429171000277087],
            [-96.657723999849296, 41.429180000033682],
            [-96.65783099997941, 41.429182999952268],
            [-96.658008000429717, 41.429161999845711],
            [-96.658116000384766, 41.42916599996272],
            [-96.658152000369768, 41.429161999845711],
            [-96.658179000133956, 41.429147000246545],
            [-96.658168000263302, 41.429116999690656],
            [-96.658176999585805, 41.429096999761462],
            [-96.658208000446265, 41.429089000192135],
            [-96.658426999831079, 41.429065000131281],
            [-96.658569999946195, 41.429069000254302],
            [-96.658641000091322, 41.429079000224021],
            [-96.658749000046342, 41.429079000224021],
            [-96.658810000145706, 41.429106000201848],
            [-96.65883699990988, 41.429092000114927],
            [-96.658862000024243, 41.429069000254302],
            [-96.65891899992566, 41.429035999737202],
            [-96.658953000260837, 41.42902599976086],
            [-96.658988000420933, 41.429021000108868],
            [-96.6592029996078, 41.429016999982927],
            [-96.659344000073105, 41.429036999936777],
            [-96.659452000028125, 41.429031000085971],
            [-96.659487000188221, 41.42902299983502],
            [-96.659517000325465, 41.42900899973025],
            [-96.659525999647983, 41.428981999712029],
            [-96.659551999587237, 41.428968000271958],
            [-96.659621999907444, 41.428951999753501],
            [-96.659837999817512, 41.42885599992772],
            [-96.659979000282831, 41.4288340001862],
            [-96.660046000229968, 41.42881499969927],
            [-96.660108999979158, 41.428788999803864],
            [-96.660246000246516, 41.428755999817923],
            [-96.660277000208652, 41.428742999859736],
            [-96.660302000323, 41.428722999815264],
            [-96.660363000422379, 41.428695999678148],
            [-96.660523000255949, 41.428634999950617],
            [-96.660594000401062, 41.428627000324425],
            [-96.660658999800077, 41.428603000092771],
            [-96.660750000036657, 41.428559999964229],
            [-96.660914999893123, 41.428507999958669],
            [-96.660986000038221, 41.428497999901055],
            [-96.661129999978257, 41.428503999801116],
            [-96.661161999765312, 41.428496999693131],
            [-96.661329000169886, 41.428394999958535],
            [-96.661579000415145, 41.428287999681693],
            [-96.66164499963908, 41.428265999747701],
            [-96.661750999944289, 41.428255000114703],
            [-96.661858999899323, 41.428250999941518],
            [-96.661931999694261, 41.428256000326321],
            [-96.661964000379612, 41.428247999979874],
            [-96.662047000220298, 41.428195000185433],
            [-96.662109999969474, 41.428170000254674],
            [-96.662216000274697, 41.428151999786671],
            [-96.662359000389841, 41.428144000100914],
            [-96.662573999576665, 41.428145000314281],
            [-96.662607999911856, 41.428097999699794],
            [-96.662664999813273, 41.428065000036192],
            [-96.66276299972256, 41.428031999682304],
            [-96.662818999799043, 41.427997000227506],
            [-96.662849999761178, 41.427984000117291],
            [-96.662884999921303, 41.427978999711549],
            [-96.662956999891307, 41.427978999711549],
            [-96.663027000211514, 41.427968000029885],
            [-96.663127999595545, 41.427938999819354],
            [-96.663198999740658, 41.427932000323999],
            [-96.663269999885756, 41.427935999843278],
            [-96.663339000381043, 41.427950999722235],
            [-96.663443999963022, 41.427935000300245],
            [-96.663474999925185, 41.427920999960818],
            [-96.663547999720109, 41.427919000200767],
            [-96.663578999682244, 41.427909000052381],
            [-96.663633000108902, 41.427872000096222],
            [-96.663663000246146, 41.427857999743253],
            [-96.663731000018217, 41.427841000080313],
            [-96.663802000163329, 41.427830999919927],
            [-96.663874000133333, 41.427829000157097],
            [-96.66394299973031, 41.427816000013237],
            [-96.664111999784723, 41.427770000053243],
            [-96.664217000265012, 41.427752999693752],
            [-96.664461999589079, 41.427722999840888],
            [-96.664567000069383, 41.427703000155766],
            [-96.664613000100132, 41.427691000207041],
            [-96.664668000351725, 41.427676000267972],
            [-96.664737999773621, 41.427663000093482],
            [-96.664833000208148, 41.427625999997133],
            [-96.665107999669459, 41.427563000166835],
            [-96.665351000242012, 41.427515999804584],
            [-96.665415999641027, 41.427493000059158],
            [-96.665556000281441, 41.427469000081878],
            [-96.665656999665458, 41.427440000321972],
            [-96.66586699972774, 41.427404000323278],
            [-96.666149999584974, 41.427371000306984],
            [-96.666221999554978, 41.427367000079329],
            [-96.666290000225359, 41.427350999839867],
            [-96.66643300034049, 41.42734600005894],
            [-96.666505000310508, 41.427349000062264],
            [-96.66660700041777, 41.427323000253288],
            [-96.666677999664557, 41.427316000017967],
            [-96.666785999619577, 41.427316000017967],
            [-96.666820999779702, 41.427310000008113],
            [-96.666851999741837, 41.427296999760344],
            [-96.666886000077028, 41.427287999742724],
            [-96.667204999919264, 41.427251000106246],
            [-96.667276999889268, 41.42724900032551],
            [-96.667312000049378, 41.427243000309467],
            [-96.667343999836419, 41.427231000275725],
            [-96.667519999563538, 41.427204000191701],
            [-96.667811999641572, 41.427099999987512],
            [-96.667913999748819, 41.427075000308683],
            [-96.667984000069012, 41.427065000030304],
            [-96.668092000024046, 41.427066999816709],
            [-96.668160999621023, 41.427051999733528],
            [-96.668339999721169, 41.427055999980531],
            [-96.668411999691187, 41.427049999946661],
            [-96.668480000361569, 41.427033000072214],
            [-96.668549999783465, 41.427024000017958],
            [-96.668615999905697, 41.427002999886625],
            [-96.668678999654887, 41.426975000149973],
            [-96.668712000165158, 41.426966000087717],
            [-96.668891000265305, 41.426963000066642],
            [-96.668959999862267, 41.426952999771061],
            [-96.669027999634338, 41.426934000080777],
            [-96.669087999908797, 41.426906000314325],
            [-96.669328000108308, 41.426856000124069],
            [-96.669666000217106, 41.42676499971941],
            [-96.669701000377202, 41.426761000128003],
            [-96.669796999738352, 41.426722999955928],
            [-96.66989999967052, 41.426699999929596],
            [-96.669969999990727, 41.42669000026703],
            [-96.670024000417399, 41.426655000088807],
            [-96.670060000402415, 41.426650000254234],
            [-96.670190000098756, 41.426604999705269],
            [-96.670220000235986, 41.426590000188874],
            [-96.670289999657868, 41.426584999675761],
            [-96.67034400008454, 41.426548999876566],
            [-96.670375999871581, 41.426537999952643],
            [-96.670411999856597, 41.426536999714557],
            [-96.670510999590803, 41.426503999931128],
            [-96.670540999728047, 41.426489999956694],
            [-96.670615000246173, 41.426429999743476],
            [-96.670631999964627, 41.426404999806671],
            [-96.67065700007899, 41.426393000291576],
            [-96.670694999713817, 41.426396999905663],
            [-96.670725999675966, 41.426385999956025],
            [-96.670751999615234, 41.426365999859065],
            [-96.670782999577369, 41.426354999904127],
            [-96.670820000285616, 41.426357999953254],
            [-96.670853999722482, 41.426353000095851],
            [-96.671047000066324, 41.426279999978199],
            [-96.671148000348651, 41.426251999929711],
            [-96.671427999832829, 41.426208000021646],
            [-96.671606000108071, 41.426189000113354],
            [-96.671674999705033, 41.426173999827327],
            [-96.671853999805194, 41.426167000141696],
            [-96.671995000270499, 41.42614800022141],
            [-96.672030000430595, 41.426154999909038],
            [-96.672064999692381, 41.426156999723467],
            [-96.672458000052757, 41.426124999991387],
            [-96.672700999727013, 41.42608899993715],
            [-96.672736999712015, 41.426090999753555],
            [-96.672843999842144, 41.426077999935288],
            [-96.67302299994229, 41.426080999997197],
            [-96.673166000057435, 41.426090999753555],
            [-96.673487000447793, 41.426093999814881],
            [-96.673592999854691, 41.426102999998044],
            [-96.673690999763963, 41.426137999800254],
            [-96.673760000259279, 41.426151000280093],
            [-96.673832000229282, 41.426151999850539],
            [-96.673865999666162, 41.426159000211364],
            [-96.673899000176434, 41.42617099976971],
            [-96.674006000306562, 41.426181000185728],
            [-96.674293000361729, 41.426187000299905],
            [-96.674340000217398, 41.426178999698507],
            [-96.674433000103832, 41.42616299983986],
            [-96.674465999715792, 41.426151999850539],
            [-96.674572999845907, 41.426151999850539],
            [-96.674714000311212, 41.426131000110736],
            [-96.675716999868655, 41.426093999814881],
            [-96.676542000049196, 41.426087999692101],
            [-96.677615999751723, 41.42603800021908],
            [-96.678584999872299, 41.426032000091084],
            [-96.679769000078011, 41.426002000116611],
            [-96.67982900035247, 41.426000999870219],
            [-96.680881000313704, 41.425973999948226],
            [-96.681956999666099, 41.425954999971466],
            [-96.682028999636103, 41.425956999792056],
            [-96.682057000123507, 41.425942000125964],
            [-96.682083000062789, 41.425921000318247],
            [-96.682119999872697, 41.425932999920519],
            [-96.682128000268619, 41.425954999971466],
            [-96.682124000070658, 41.426036999973256],
            [-96.682155999857713, 41.426049000227678],
            [-96.682194000390865, 41.426052000290923],
            [-96.682213999584036, 41.426035999727411],
            [-96.682213999584036, 41.426008000247322],
            [-96.682227999827731, 41.425953999724413],
            [-96.682253999766999, 41.42593700023653],
            [-96.682289999752015, 41.425929999851775],
            [-96.682504000012258, 41.425920000070626],
            [-96.682611000142387, 41.42592499996141],
            [-96.682647000127403, 41.425931000099247],
            [-96.682680999564255, 41.425942000125964],
            [-96.68271300024962, 41.425947000015057],
            [-96.682780000196772, 41.425929999851775],
            [-96.682885999603684, 41.425923000139839],
            [-96.683030000442031, 41.425926000208911],
            [-96.683171000009025, 41.425934999741798],
            [-96.683237000131285, 41.425956999792056],
            [-96.683272000291382, 41.425959000286113],
            [-96.683306999553153, 41.425951999903731],
            [-96.683371000025588, 41.425926999782874],
            [-96.683406000185684, 41.425923000139839],
            [-96.683514000140704, 41.425929999851775],
            [-96.683620000445913, 41.425920000070626],
            [-96.683800000370965, 41.425918000248942],
            [-96.683834999632751, 41.42591299968403],
            [-96.683929000242415, 41.425872000291385],
            [-96.683962999679267, 41.425866999722977],
            [-96.684000000387528, 41.425872999866172],
            [-96.684032000174582, 41.425869000219805],
            [-96.68405200026605, 41.425842999818187],
            [-96.684079000030223, 41.425847999714854],
            [-96.684109999992359, 41.425866000148091],
            [-96.684181000137485, 41.425874999689242],
            [-96.684287000442694, 41.425879000008813],
            [-96.68432300042771, 41.425883999902716],
            [-96.684359000412726, 41.425883000328099],
            [-96.684424999636633, 41.425864999899609],
            [-96.68446200034488, 41.425866000148091],
            [-96.68449499995684, 41.425874000114483],
            [-96.684559000429246, 41.42589900025574],
            [-96.684593999691046, 41.42590700021811],
            [-96.684745000202099, 41.425901000078056],
            [-96.685023000036438, 41.42589000004434],
            [-96.685166000151568, 41.425879000008813],
            [-96.685417000221733, 41.425877999760537],
            [-96.685449000008788, 41.42588800022174],
            [-96.685470999750109, 41.42590700021811],
            [-96.685578999705129, 41.42589900025574],
            [-96.685688000383379, 41.425899999830115],
            [-96.685720999995354, 41.42590700021811],
            [-96.685782999919624, 41.425934000167956],
            [-96.68581899990464, 41.425937999810316],
            [-96.685852000414926, 41.425947000015057],
            [-96.685880000004019, 41.425964000173856],
            [-96.685915999989035, 41.425961999679949],
            [-96.685945000301345, 41.425945000194169],
            [-96.6859770000884, 41.425934000167956],
            [-96.686081999670378, 41.425915000179494],
            [-96.686152999815491, 41.42590700021811],
            [-96.686187000150667, 41.42589900025574],
            [-96.686473000380943, 41.425874000114483],
            [-96.686649000108034, 41.4258509997874],
            [-96.686793000048084, 41.425845000315753],
            [-96.687114000438442, 41.425872000291385],
            [-96.687292999640277, 41.425877000185821],
            [-96.687435999755408, 41.425869000219805],
            [-96.687721999985683, 41.425845000315753],
            [-96.688116000170965, 41.425863000076248],
            [-96.688223000301093, 41.425864000324701],
            [-96.688289000423353, 41.425885000150906],
            [-96.688395999655143, 41.425879000008813],
            [-96.688502999785271, 41.425866000148091],
            [-96.688604999892519, 41.425845000315753],
            [-96.688635999854654, 41.425834000272602],
            [-96.688662999618842, 41.425814000005609],
            [-96.688727999916154, 41.425828999701217],
            [-96.688799999886186, 41.425834000272602],
            [-96.689122000101477, 41.425826000301235],
            [-96.689157000261574, 41.425831999774644],
            [-96.689264000391688, 41.425839999745278],
            [-96.689442999593524, 41.425833000023637],
            [-96.689549999723639, 41.425834999847929],
            [-96.689692999838769, 41.425823999803086],
            [-96.689800999793803, 41.425820999729297],
            [-96.689906000274092, 41.425836999672221],
            [-96.690013000404221, 41.425828999701217],
            [-96.690035999970448, 41.425847999714854],
            [-96.690063999559541, 41.425863000076248],
            [-96.690138000077695, 41.425863000076248],
            [-96.690162000367138, 41.42584599989096],
            [-96.690179000085578, 41.425820999729297],
            [-96.690201999651805, 41.425802999957156],
            [-96.690273999621809, 41.425793000156446],
            [-96.69034300011711, 41.425802999957156],
            [-96.690410000064261, 41.425820000153699],
            [-96.690543999958564, 41.425823000227531],
            [-96.69060900025589, 41.425799000306483],
            [-96.690678999677758, 41.425807000281168],
            [-96.690764999891485, 41.425766000147966],
            [-96.690862999800785, 41.425734000223187],
            [-96.690898999785801, 41.425726000239557],
            [-96.690927000273206, 41.425737000300998],
            [-96.690952000387554, 41.425752000014448],
            [-96.691096000327605, 41.425737000300998],
            [-96.691128000114645, 41.42572399973831],
            [-96.691117000244006, 41.425696000123637],
            [-96.691140999635138, 41.425688999712897],
            [-96.691291000321286, 41.425694000295067],
            [-96.691344000024728, 41.425662999912767],
            [-96.69138000000973, 41.425670000326321],
            [-96.691486000314953, 41.425653000090499],
            [-96.691553000262104, 41.425667999823361],
            [-96.691621000034147, 41.425648000178818],
            [-96.691655000369352, 41.425642000014818],
            [-96.691689999631137, 41.425650000008815],
            [-96.691724999791234, 41.425648999757051],
            [-96.691759000126424, 41.425638999932623],
            [-96.691819000400869, 41.425665999993868],
            [-96.692032999762802, 41.425683000226286],
            [-96.692103999907914, 41.425672999733507],
            [-96.692163000357468, 41.425643999845008],
            [-96.692233999604255, 41.42563299976775],
            [-96.692269999589271, 41.425634000019805],
            [-96.69232999986373, 41.425661000083181],
            [-96.692365000023827, 41.425651999838792],
            [-96.692385999940228, 41.425629000106653],
            [-96.692416000077458, 41.425624999771678],
            [-96.69248700022257, 41.425635000271846],
            [-96.692443999666537, 41.425680000145981],
            [-96.692451000237554, 41.425705999939289],
            [-96.692483000024609, 41.425707000190215],
            [-96.692519000009611, 41.425702000282641],
            [-96.692590999979643, 41.425710000269277],
            [-96.692658999751714, 41.42572399973831],
            [-96.692730999721718, 41.425720000082777],
            [-96.692874999661768, 41.425724999988923],
            [-96.692910999646784, 41.425729999894727],
            [-96.692943000332136, 41.425721999910557],
            [-96.692974000294285, 41.425707999767504],
            [-96.693007999731151, 41.425699999780662],
            [-96.693151999671201, 41.425699999780662],
            [-96.693186000006392, 41.425704999688342],
            [-96.693218999618352, 41.4257159997534],
            [-96.693289999763465, 41.425707999767504],
            [-96.6937430003983, 41.425737999877867],
            [-96.694006000164038, 41.425739000128303],
            [-96.694364000364317, 41.42572399973831],
            [-96.694581000099305, 41.425720000082777],
            [-96.694607000038573, 41.425731000145234],
            [-96.694616000259401, 41.425758999744822],
            [-96.694646000396645, 41.425774000126722],
            [-96.694653999894228, 41.425829999950246],
            [-96.694660999566949, 41.425886999973599],
            [-96.695406000279817, 41.426192999740003],
            [-96.695491999595234, 41.42625999984859],
            [-96.695519000257733, 41.426276999925477],
            [-96.69559200005267, 41.426337000280078],
            [-96.695647000304248, 41.426406000046832],
            [-96.695704000205652, 41.426506999973363],
            [-96.695722999573903, 41.426528000265122],
            [-96.695823000031339, 41.42655900023442],
            [-96.69587400008497, 41.426596999828902],
            [-96.695909000245081, 41.42664499974574],
            [-96.695961000123603, 41.426681000165281],
            [-96.696137999675614, 41.426773999809527],
            [-96.69618899972923, 41.426811999951745],
            [-96.696304000255282, 41.426914999711371],
            [-96.696336000042336, 41.426928000035588],
            [-96.696371000202433, 41.426934000080777],
            [-96.696443000172451, 41.426934000080777],
            [-96.696509000294697, 41.426955000234436],
            [-96.696572999868792, 41.426981000190771],
            [-96.696654000059652, 41.427033000072214],
            [-96.696633999968157, 41.42708399968231],
            [-96.696645999663716, 41.427110999816236],
            [-96.696671999602998, 41.427125999885789],
            [-96.69671000013615, 41.427121000087531],
            [-96.696782000106182, 41.427128999899288],
            [-96.696828000136918, 41.42716699983373],
            [-96.696861999573784, 41.4271770000964],
            [-96.696890000061202, 41.42719299970517],
            [-96.696909000327764, 41.42721600023043],
            [-96.696941000114819, 41.427230000048326],
            [-96.696973999726779, 41.427231999829601],
            [-96.697006000412159, 41.42722200024896],
            [-96.697096999750428, 41.427266999696776],
            [-96.697129000435794, 41.427278999723868],
            [-96.697157999849793, 41.427294999981079],
            [-96.69718299996417, 41.427314999791875],
            [-96.69721200027648, 41.427329000261935],
            [-96.697283000421578, 41.427341000277558],
            [-96.697319000406594, 41.427341000277558],
            [-96.697352000018569, 41.427350000287881],
            [-96.697410999569797, 41.427380999864667],
            [-96.697555000408144, 41.427383000314848],
            [-96.697625999654932, 41.427376000085985],
            [-96.697659999990137, 41.427359999848804],
            [-96.69768699975431, 41.427356000294033],
            [-96.6977000001731, 41.427380999864667],
            [-96.697712999693593, 41.427436000098567],
            [-96.697741000180997, 41.427454000091565],
            [-96.697773999792958, 41.427448000094472],
            [-96.697839000090283, 41.427422999876065],
            [-96.697855999808723, 41.427446999870369],
            [-96.697952000068184, 41.427484000068716],
            [-96.698085999962487, 41.427523000018347],
            [-96.698116999924622, 41.427536000220869],
            [-96.698141000214065, 41.427557000179817],
            [-96.698203999963269, 41.427581999673052],
            [-96.698239000123365, 41.427591000323474],
            [-96.698261999689578, 41.427611000043086],
            [-96.698295000199863, 41.427660000104659],
            [-96.698311999918289, 41.427637999957874],
            [-96.698340000405707, 41.427618000246618],
            [-96.698376000390709, 41.427608000051869],
            [-96.698399999781842, 41.427620000015935],
            [-96.698489000368625, 41.427743000193367],
            [-96.698512999759757, 41.427761000101185],
            [-96.698584999729775, 41.427762000320456],
            [-96.69866400027081, 41.427817000231613],
            [-96.698692999684809, 41.427832999682735],
            [-96.698725000370175, 41.427842999842767],
            [-96.698762000180096, 41.427842000298298],
            [-96.698793999967151, 41.427855999981212],
            [-96.69880200036306, 41.427879999815502],
            [-96.698794999792057, 41.427935000300245],
            [-96.698804000012899, 41.42799499979624],
            [-96.6988190000815, 41.428013999849597],
            [-96.698849000218729, 41.428015000064924],
            [-96.698957000173763, 41.427984000117291],
            [-96.699019999922953, 41.427950000179429],
            [-96.699049000235263, 41.427943000011709],
            [-96.699075999999437, 41.427956000130138],
            [-96.699120000380375, 41.428003999715855],
            [-96.699147000144549, 41.428054999910344],
            [-96.699151000342525, 41.42808500028336],
            [-96.699179999756524, 41.428085999824084],
            [-96.699289000434788, 41.42806200006595],
            [-96.699321000221843, 41.428065000036192],
            [-96.699593000208395, 41.428243999806249],
            [-96.699762000262794, 41.428344000031117],
            [-96.700119999564777, 41.428523999913004],
            [-96.700147000227261, 41.428542000277865],
            [-96.700167000318743, 41.428565999858563],
            [-96.700189999884969, 41.428584999744821],
            [-96.700259000380242, 41.42860199988646],
            [-96.700409000168094, 41.428718000139988],
            [-96.700492999833671, 41.428768999773567],
            [-96.700701000246141, 41.428874999729111],
            [-96.700810999850987, 41.428944000166311],
            [-96.70083500014043, 41.428964000142706],
            [-96.700850000209059, 41.428988999767725],
            [-96.700871999950365, 41.42900899973025],
            [-96.700933000049716, 41.429039000335983],
            [-96.700955999615942, 41.429062000207232],
            [-96.700984000103361, 41.42907299970355],
            [-96.701128000043397, 41.42905599968519],
            [-96.701231999800484, 41.42907299970355],
            [-96.701364999869853, 41.429113999769029],
            [-96.701457999756286, 41.429154000284399],
            [-96.701543999969999, 41.429204000052039],
            [-96.701780999796469, 41.429267000310581],
            [-96.701991999683656, 41.429367999827832],
            [-96.702147000392685, 41.429436000221145],
            [-96.702287999959665, 41.429520000252161],
            [-96.702570999816885, 41.42972699996082],
            [-96.702765999810552, 41.429847000299937],
            [-96.702852999849199, 41.42989300013533],
            [-96.702980000070809, 41.429944999705071],
            [-96.703079999629921, 41.429976000063441],
            [-96.703149999950099, 41.429984000196953],
            [-96.703257999905148, 41.429977999760183],
            [-96.703360999837315, 41.429952000330481],
            [-96.70346700014251, 41.429948999773892],
            [-96.703538000287651, 41.429937000240287],
            [-96.703601999861732, 41.429912999819372],
            [-96.703657000113324, 41.429876999844893],
            [-96.703687000250554, 41.429862999924232],
            [-96.703787999634571, 41.429836999774984],
            [-96.703964000259987, 41.429807999725753],
            [-96.704000000244989, 41.429811000288808],
            [-96.704069999666885, 41.42980000024405],
            [-96.704139999987078, 41.429783999930635],
            [-96.704166999751251, 41.429768999801638],
            [-96.704180000170055, 41.42974399980347],
            [-96.70421100013219, 41.429729999854132],
            [-96.704313000239438, 41.429703000135802],
            [-96.704349000224454, 41.429704000325152],
            [-96.704483000118756, 41.429664000148655],
            [-96.704504999860077, 41.429643999714372],
            [-96.704521999578503, 41.429619999858673],
            [-96.704647000150274, 41.42956699983722],
            [-96.704673000089556, 41.429548999756491],
            [-96.704689999807982, 41.42952399967362],
            [-96.704712000447614, 41.429505000062164],
            [-96.70481100018182, 41.429471000247283],
            [-96.704844999618686, 41.429464000243556],
            [-96.704883000151852, 41.429463000050561],
            [-96.704913000289068, 41.429453000139993],
            [-96.704959000319818, 41.429411000094753],
            [-96.704991999931792, 41.429401000176178],
            [-96.70502799991678, 41.429394999685471],
            [-96.705135999871828, 41.429394999685471],
            [-96.705206000192035, 41.429383000049484],
            [-96.705236000329236, 41.429369000022284],
            [-96.705274999789012, 41.429322999815568],
            [-96.705309999949094, 41.429328000117849],
            [-96.705364000375766, 41.429363000202166],
            [-96.705615000445945, 41.42935900009725],
            [-96.705648999882797, 41.429350999886715],
            [-96.70570900015727, 41.429319999903448],
            [-96.705806000241651, 41.429287000187465],
            [-96.705920999869377, 41.429280999686227],
            [-96.705954000379649, 41.429284999795954],
            [-96.70597600012097, 41.429297000123604],
            [-96.70597600012097, 41.429356000186793],
            [-96.705986999991609, 41.429383000049484],
            [-96.706013999755783, 41.429397000073607],
            [-96.706088000273951, 41.429398000267668],
            [-96.706124000258967, 41.429404000084553],
            [-96.706132999581484, 41.429429999733678],
            [-96.706150000198249, 41.429449000040627],
            [-96.706188999657968, 41.429446000134327],
            [-96.706241000434829, 41.429408999707],
            [-96.706274999871695, 41.429401000176178],
            [-96.706310999856711, 41.429404000084553],
            [-96.706341999818846, 41.42941800010415],
            [-96.706367999758129, 41.429436999741064],
            [-96.706397000070453, 41.429451999946785],
            [-96.706432000230535, 41.429458999951798],
            [-96.706468000215537, 41.429460000144857],
            [-96.706505000025473, 41.429453000139993],
            [-96.706535999987608, 41.429456000045967],
            [-96.706552999706062, 41.429481999674259],
            [-96.706580000368547, 41.429499999773562],
            [-96.706611000330682, 41.429513999772446],
            [-96.706679999927644, 41.429530999670824],
            [-96.70671500008774, 41.429531999862832],
            [-96.706750000247865, 41.429524999865684],
            [-96.706837000286498, 41.429475999864579],
            [-96.706869999898444, 41.429468999861442],
            [-96.70690699970838, 41.429474999671761],
            [-96.706926999799848, 41.429492999772954],
            [-96.706934000370865, 41.429521999962894],
            [-96.70695299973913, 41.429541000242914],
            [-96.70706099969415, 41.429559000325817],
            [-96.70709300037953, 41.429569000220049],
            [-96.707119000318798, 41.429586000104024],
            [-96.707166000174453, 41.429629000226562],
            [-96.707223999900776, 41.429661000252295],
            [-96.707320999985157, 41.429696000157094],
            [-96.707627000306914, 41.42977500025777],
            [-96.707659000093955, 41.429786000306827],
            [-96.707734000437043, 41.429844999925621],
            [-96.707852000437796, 41.429904000164392],
            [-96.707951999996922, 41.429934999868799],
            [-96.707982999959057, 41.429948000261852],
            [-96.708006000423609, 41.429969000114163],
            [-96.708037000385744, 41.429981000315387],
            [-96.708174999579683, 41.430010999798462],
            [-96.708247000448011, 41.430017999743171],
            [-96.708353999679829, 41.430010999798462],
            [-96.708424999824942, 41.430017999743171],
            [-96.708492999597013, 41.430035000183153],
            [-96.708689000313896, 41.430101999694685],
            [-96.708783999850127, 41.430138999726992],
            [-96.708834999903772, 41.43017800010233],
            [-96.708865999865907, 41.430190000264922],
            [-96.708937999835939, 41.430190000264922],
            [-96.708972999996035, 41.430194999826902],
            [-96.709005999607982, 41.430205000296652],
            [-96.709230999738892, 41.430339999752761],
            [-96.709419000059881, 41.430418999743317],
            [-96.709681999825591, 41.430505999706924],
            [-96.709949999614196, 41.430582999817432],
            [-96.710205999707227, 41.430681000132189],
            [-96.710274000377609, 41.430698999899008],
            [-96.710435999861005, 41.430806000243322],
            [-96.710460000150434, 41.430826000319577],
            [-96.710476000043982, 41.430849000231277],
            [-96.71049600013545, 41.430901999879701],
            [-96.710696000152012, 41.431158000012054],
            [-96.711044000306543, 41.431630999789753],
            [-96.711124999599079, 41.431753000292481],
            [-96.711165999606976, 41.431796000326742],
            [-96.711219000208743, 41.431831999910585],
            [-96.711343000057298, 41.431886999741359],
            [-96.711445000164545, 41.431913999898413],
            [-96.711508999738641, 41.431938000253083],
            [-96.71179099977094, 41.431978999856241],
            [-96.711933999886085, 41.431982999799686],
            [-96.712003000381372, 41.431996999936679],
            [-96.712075000351405, 41.431996999936679],
            [-96.712111000336407, 41.432000999879016],
            [-96.712277999842669, 41.432049999994852],
            [-96.712338000117114, 41.432078999716076],
            [-96.712364000056397, 41.432097999921211],
            [-96.712404000239374, 41.43214300003045],
            [-96.712511000369489, 41.432213999989692],
            [-96.712685000446754, 41.43230900008875],
            [-96.712714999685687, 41.432357999972062],
            [-96.712799000249589, 41.432407999966081],
            [-96.712847999755056, 41.432447999798889],
            [-96.71297499997668, 41.43249799972358],
            [-96.713091000327623, 41.432560000007726],
            [-96.713164999947466, 41.432618999799509],
            [-96.71319400025979, 41.4326350000877],
            [-96.713248999613057, 41.432705000039185],
            [-96.713507000254225, 41.432929000050336],
            [-96.713596999767603, 41.433013000276183],
            [-96.713630000277874, 41.433062000301589],
            [-96.713651000194261, 41.433082999820101],
            [-96.713761999624055, 41.433151999825824],
            [-96.713822999723405, 41.433180999728251],
            [-96.713923000180841, 41.433258000033412],
            [-96.714010000219474, 41.433305000279695],
            [-96.714200000190274, 41.433428999920764],
            [-96.714261000289653, 41.433457999699442],
            [-96.714293999901599, 41.433468999797896],
            [-96.714319999840882, 41.433487000138676],
            [-96.714363000396901, 41.43353199995849],
            [-96.714386999788033, 41.433550999738387],
            [-96.714416999925248, 41.433565000210663],
            [-96.714519999857401, 41.433591999669794],
            [-96.71458099995678, 41.433618999791129],
            [-96.714774000300622, 41.433740999925156],
            [-96.714899999799016, 41.433792000327237],
            [-96.715035000416535, 41.433828000151131],
            [-96.715063999830534, 41.433843000015756],
            [-96.715131999602605, 41.43382400032133],
            [-96.715237999907814, 41.433835999809943],
            [-96.71527300006791, 41.433845000266821],
            [-96.715294999809231, 41.433865000080296],
            [-96.715304999854965, 41.433917999960336],
            [-96.715323000296635, 41.433969999673479],
            [-96.715338000365236, 41.433996000187875],
            [-96.715357999558421, 41.434019000323431],
            [-96.715385000220905, 41.43403300002128],
            [-96.715422000030827, 41.434035000266547],
            [-96.715456000366018, 41.43404400002234],
            [-96.715569000343919, 41.434111000110683],
            [-96.715580000214572, 41.434172000080764],
            [-96.715579000389667, 41.434198999960849],
            [-96.71557199981865, 41.434224999710082],
            [-96.715556999750049, 41.43425100012238],
            [-96.715550999902263, 41.434275999731881],
            [-96.715565000145958, 41.434302000123758],
            [-96.71559100008524, 41.434320000233555],
            [-96.715627000070256, 41.434327999831737],
            [-96.715663000055244, 41.434325000150892],
            [-96.715692000367568, 41.434309000279264],
            [-96.715714000108875, 41.434286999691707],
            [-96.715744000246104, 41.434274000167584],
            [-96.715781000056026, 41.434274000167584],
            [-96.715812999843081, 41.434285000127751],
            [-96.716021000255537, 41.434434000139326],
            [-96.716082000354916, 41.434463000142522],
            [-96.716151999776784, 41.434466999932944],
            [-96.716147999578823, 41.434493999690332],
            [-96.71612500001261, 41.43451500009256],
            [-96.716053000042592, 41.434534999699601],
            [-96.716026000278418, 41.434547999844938],
            [-96.7160460003699, 41.434569999670593],
            [-96.716079999806766, 41.434577999911454],
            [-96.716114999966862, 41.434569999670593],
            [-96.71614199973105, 41.434585000037195],
            [-96.71621799989903, 41.43464500012211],
            [-96.716246000386434, 41.434662000023835],
            [-96.716279999823314, 41.434674000031031],
            [-96.71628300019637, 41.434698000038708],
            [-96.716278999998408, 41.434726999923953],
            [-96.71628300019637, 41.43475400024667],
            [-96.716306999587488, 41.434804999852851],
            [-96.71633199970185, 41.434822999823147],
            [-96.716364000387216, 41.434835999910817],
            [-96.716402000022043, 41.434882000251996],
            [-96.716431000334367, 41.434897999982333],
            [-96.716503000304385, 41.434907999727649],
            [-96.716530000068573, 41.434921999907246],
            [-96.716546999786999, 41.434946999931803],
            [-96.716569000426631, 41.434968000187432],
            [-96.716626000328048, 41.434999000167544],
            [-96.716657000290184, 41.435010000004851],
            [-96.716690999727035, 41.435015999976564],
            [-96.716706999620584, 41.435040999964912],
            [-96.716691999551955, 41.435064999836946],
            [-96.716699999947878, 41.435094000231651],
            [-96.716716999666318, 41.435116999978149],
            [-96.716749000351683, 41.435107000265091],
            [-96.716781999963644, 41.435107999697706],
            [-96.71680399970495, 41.435131000112676],
            [-96.716814999575604, 41.435157000162079],
            [-96.716846000436064, 41.435171000287966],
            [-96.716949000368231, 41.435201000066492],
            [-96.716904999987307, 41.435224999879374],
            [-96.716918000406082, 41.435251999994946],
            [-96.716945000170256, 41.435269999841296],
            [-96.716982999805083, 41.435274999685461],
            [-96.716957999690749, 41.435320000286197],
            [-96.717002000071673, 41.435393999769438],
            [-96.717026000361116, 41.435413999779129],
            [-96.717054999775115, 41.435430000051866],
            [-96.717120000072455, 41.435453999780023],
            [-96.717156999882363, 41.435459999710694],
            [-96.717172999775897, 41.435478000172786],
            [-96.717168999577936, 41.435506000283077],
            [-96.717239999723049, 41.435599000081673],
            [-96.717315000066108, 41.435607000195709],
            [-96.717341999830296, 41.435620000126342],
            [-96.717340000180471, 41.435647000077658],
            [-96.717279000081106, 41.435678999830742],
            [-96.717279999906012, 41.435700999946484],
            [-96.717308000393416, 41.435719999764984],
            [-96.717455999633117, 41.435796999752107],
            [-96.717478000272735, 41.435817999732734],
            [-96.717489999968308, 41.435844000180417],
            [-96.717509000234884, 41.435866000240246],
            [-96.717536999823963, 41.435882999822184],
            [-96.717560000288501, 41.435903999774972],
            [-96.717633000083438, 41.435999999953836],
            [-96.71765399999984, 41.436017000174111],
            [-96.71768599978688, 41.436003000230741],
            [-96.717720000122071, 41.435997999769121],
            [-96.717787999894142, 41.436018999684755],
            [-96.717818000031357, 41.43605799989485],
            [-96.717827000252186, 41.436083000155342],
            [-96.717813000008491, 41.436107999732741],
            [-96.717790000442278, 41.436130999793356],
            [-96.717787999894142, 41.436152999755905],
            [-96.717813999833396, 41.436174000294869],
            [-96.717876999582586, 41.436201000015679],
            [-96.717909000267952, 41.436210000144634],
            [-96.717978999689848, 41.436196000242838],
            [-96.718013999849944, 41.43619899983721],
            [-96.718064000078655, 41.436236999850458],
            [-96.718093000390965, 41.436252999920264],
            [-96.718324000369648, 41.436326000272985],
            [-96.718409999685065, 41.436374999817879],
            [-96.718473000332565, 41.43639699969772],
            [-96.718461999563587, 41.43642500008503],
            [-96.718510000142501, 41.436465000136309],
            [-96.718546999952409, 41.436510999996493],
            [-96.718565000394065, 41.436563999736336],
            [-96.71859700018112, 41.436563000326203],
            [-96.718705000136168, 41.436538000250593],
            [-96.718738999573034, 41.436536000082455],
            [-96.718770000433494, 41.436550999994772],
            [-96.718948999635316, 41.436555000329946],
            [-96.719053000290714, 41.436571999731491],
            [-96.719081999704713, 41.436586000225596],
            [-96.719147000002039, 41.436652000301663],
            [-96.719208999926309, 41.436678999823684],
            [-96.719240999713364, 41.436688999968041],
            [-96.719315000231532, 41.436691000131404],
            [-96.719331999949972, 41.436712999904138],
            [-96.719337999797744, 41.436741000155131],
            [-96.719316999881343, 41.436820999843597],
            [-96.719378999805627, 41.436820999843597],
            [-96.719485000110851, 41.43683699976944],
            [-96.719545000385295, 41.436868000203816],
            [-96.719613000157352, 41.436881999960654],
            [-96.719663000386078, 41.436921999730338],
            [-96.719674000256731, 41.43693899970917],
            [-96.719799999755125, 41.437034999704082],
            [-96.719978000030338, 41.437125999855759],
            [-96.720203000161248, 41.437208999964291],
            [-96.720357000147033, 41.437279999770048],
            [-96.720422000444344, 41.437303000088818],
            [-96.720667999593346, 41.437341000129173],
            [-96.720768999875673, 41.437370000180437],
            [-96.720862999586998, 41.43741099971993],
            [-96.720916000188765, 41.437446000160463],
            [-96.720968000067316, 41.437516999706951],
            [-96.720975999564899, 41.437544000216008],
            [-96.720992000356759, 41.437566999767824],
            [-96.721090000266045, 41.437646999785038],
            [-96.721156000388277, 41.437710999997257],
            [-96.721224000160348, 41.437808000261654],
            [-96.721246999726574, 41.437827000136785],
            [-96.721306000176114, 41.437855999970893],
            [-96.721469000382712, 41.437915000336538],
            [-96.72170299983614, 41.438042000108375],
            [-96.721794000072734, 41.438085000017239],
            [-96.721820000012002, 41.438102999751351],
            [-96.721897000004887, 41.438193999752556],
            [-96.721996999564013, 41.43827200022919],
            [-96.72203599992207, 41.438319000212168],
            [-96.722060000211528, 41.438336999881379],
            [-96.722091999998568, 41.438346999770317],
            [-96.722199000128697, 41.438365000105222],
            [-96.722262999702806, 41.438389000095029],
            [-96.722353999939386, 41.438432999828798],
            [-96.722488999658609, 41.438471999935267],
            [-96.72250799992517, 41.438493999777762],
            [-96.722532000214642, 41.438508999910972],
            [-96.722604000184646, 41.438517999719878],
            [-96.722631999773739, 41.438533999900841],
            [-96.722702000093932, 41.438597999911771],
            [-96.722762000368391, 41.438626000022964],
            [-96.722924999676692, 41.438682000209141],
            [-96.723124999693241, 41.438743999974101],
            [-96.723138999936936, 41.438765999724403],
            [-96.723195000013447, 41.438802000156784],
            [-96.723314999664041, 41.438861000335898],
            [-96.723481000243694, 41.438911000034771],
            [-96.723568000282341, 41.438959000275148],
            [-96.723671000214509, 41.439034999741359],
            [-96.723729999765737, 41.439064999754223],
            [-96.723866000208176, 41.439153000295711],
            [-96.723984000208958, 41.43921400024135],
            [-96.724166999608727, 41.439299999824456],
            [-96.724323999967567, 41.439411000292417],
            [-96.724469999557442, 41.439530000201081],
            [-96.724534000029848, 41.439595999977115],
            [-96.724550999748288, 41.439619000148632],
            [-96.724625000266442, 41.439800999812654],
            [-96.724638999611827, 41.439824999944818],
            [-96.724816999887068, 41.439958000208009],
            [-96.724919999819235, 41.439983000313092],
            [-96.724955999804251, 41.439986999763356],
            [-96.725005000208057, 41.44002500025249],
            [-96.725094999721421, 41.44007000025362],
            [-96.725432000005313, 41.440224999943815],
            [-96.725602999709537, 41.440323999869349],
            [-96.72578799965747, 41.440451999664859],
            [-96.725926999574639, 41.440575999794191],
            [-96.726035000427984, 41.440684000039617],
            [-96.726134999987096, 41.440796000179155],
            [-96.726349000247339, 41.440939999978347],
            [-96.726611000188157, 41.44112500001831],
            [-96.726859999710186, 41.441279999882369],
            [-96.726962999642353, 41.441354999987809],
            [-96.727011000221253, 41.441394999694324],
            [-96.727029999589504, 41.441417999901624],
            [-96.727059999726734, 41.441468000324186],
            [-96.727113000328501, 41.441502999923607],
            [-96.727324000215702, 41.441606999949606],
            [-96.727341999759034, 41.441629000076176],
            [-96.727395000360801, 41.441729999888217],
            [-96.72745300008711, 41.441798000126489],
            [-96.727521999684086, 41.441861000283637],
            [-96.72758399960837, 41.441888000332298],
            [-96.727606000247988, 41.441907999687658],
            [-96.727663000149406, 41.44197799973989],
            [-96.727885999732166, 41.442113000300736],
            [-96.727920999892262, 41.442160000195621],
            [-96.72803999971795, 41.442260999854632],
            [-96.72806999985518, 41.442312000296063],
            [-96.728094999969528, 41.442325000230539],
            [-96.72813299960437, 41.442325000230539],
            [-96.728202000099657, 41.442341000146321],
            [-96.728233000061792, 41.442353000080551],
            [-96.728253000153288, 41.442375999948311],
            [-96.728843999982075, 41.442769999784083],
            [-96.729143999557721, 41.4430029999371],
            [-96.729332999703615, 41.443165999884947],
            [-96.72939700017605, 41.443263000076875],
            [-96.729474000168935, 41.443319000302104],
            [-96.729635999652331, 41.443426000045015],
            [-96.729818000125505, 41.443555999734365],
            [-96.729972000111303, 41.443651000067845],
            [-96.730238000250083, 41.443871000128865],
            [-96.730444999939323, 41.444021000324426],
            [-96.730555000442493, 41.444127000289399],
            [-96.730690999986606, 41.444286000248923],
            [-96.730803999964522, 41.444390999818019],
            [-96.730861999690831, 41.444458999961334],
            [-96.730940000406946, 41.444515999788919],
            [-96.731203999997604, 41.444655000292649],
            [-96.731576000441578, 41.444840999798409],
            [-96.73177300008507, 41.44493900013449],
            [-96.732092999752226, 41.445113000077924],
            [-96.73220200043049, 41.445183000039677],
            [-96.732296999966721, 41.445264000045441],
            [-96.73235600041626, 41.445293999872234],
            [-96.732521000272726, 41.44534899974321],
            [-96.732657999641745, 41.445380000151893],
            [-96.73279900010705, 41.445403000293517],
            [-96.732833000442241, 41.445411999819697],
            [-96.732958999940635, 41.445463999751269],
            [-96.733164999804956, 41.445509000020955],
            [-96.733332000209529, 41.445558000039725],
            [-96.733424000271029, 41.445600999682185],
            [-96.733451000035203, 41.445618000081062],
            [-96.733468999578562, 41.445642000082046],
            [-96.733502000088848, 41.445646999800566],
            [-96.73353800007385, 41.44564300002574],
            [-96.733609000218962, 41.445648999687847],
            [-96.733851999893204, 41.445697000331371],
            [-96.733981999589545, 41.445742999708301],
            [-96.734015000099816, 41.445735000170316],
            [-96.734072000001234, 41.44570200004565],
            [-96.73410899981117, 41.445702999988477],
            [-96.734145999621077, 41.44571000026108],
            [-96.734175999758307, 41.445721000303124],
            [-96.734173000283562, 41.445749999976584],
            [-96.734195000024883, 41.445765999721246],
            [-96.734267999819821, 41.445763999837567],
            [-96.734374000125015, 41.4457800002521],
            [-96.734446000095048, 41.445782000135296],
            [-96.734472000034316, 41.44579899981337],
            [-96.734503999821371, 41.445808999899192],
            [-96.734646000111596, 41.445830000007042],
            [-96.734680000446787, 41.445838000206692],
            [-96.734711000408922, 41.445851000108163],
            [-96.734738000173095, 41.445870000321996],
            [-96.734769000135245, 41.445883000217002],
            [-96.734877000090279, 41.445884000157044],
            [-96.734937000364724, 41.445913999697225],
            [-96.7350059999617, 41.445927000256788],
            [-96.735077999931718, 41.445930000074775],
            [-96.735113999916734, 41.445934999771097],
            [-96.735176999665924, 41.445960000267064],
            [-96.735419000413557, 41.446076999739624],
            [-96.735513999949816, 41.446114000092955],
            [-96.735585000094915, 41.446125000066559],
            [-96.735728000210059, 41.446126999939118],
            [-96.735894999716322, 41.446229000091883],
            [-96.735918000180845, 41.446249000129406],
            [-96.735949000142995, 41.446299000196312],
            [-96.735969000234491, 41.446322000012174],
            [-96.736001000021545, 41.446326999678291],
            [-96.736038999656373, 41.446320000145619],
            [-96.736071000341738, 41.446322000012174],
            [-96.736145999786501, 41.446415999730988],
            [-96.73617099990085, 41.446435999710928],
            [-96.736200000213159, 41.446451999959741],
            [-96.73623399965004, 41.446458000220403],
            [-96.736268999810136, 41.446459000151535],
            [-96.736293000099593, 41.446480000049007],
            [-96.736307000343288, 41.446508000126258],
            [-96.736325999711553, 41.446529999937958],
            [-96.736392999658705, 41.446530999867967],
            [-96.736540999796716, 41.446513999708316],
            [-96.736575999956798, 41.446515000312004],
            [-96.736607999743853, 41.446523999683947],
            [-96.736662999995431, 41.446561999711925],
            [-96.736683000086913, 41.446584000178682],
            [-96.736697000330622, 41.446608999751213],
            [-96.736692000307755, 41.446640000231262],
            [-96.736708000201276, 41.446654999828326],
            [-96.736818999631041, 41.446663999854209],
            [-96.736849999593176, 41.446678000191298],
            [-96.736873999882633, 41.446698000090471],
            [-96.736883999928381, 41.446725000146508],
            [-96.736898999996981, 41.446747999811365],
            [-96.736929999959116, 41.446758999677435],
            [-96.737001999929149, 41.446773999920339],
            [-96.737031000241473, 41.446788000233695],
            [-96.737073000074261, 41.446833000258493],
            [-96.737103000211505, 41.446847999810927],
            [-96.737206000143658, 41.446872999955097],
            [-96.737361999779253, 41.446938999669861],
            [-96.737588999559989, 41.447020000176892],
            [-96.737656000405451, 41.447039000048406],
            [-96.737690999667223, 41.447044000332639],
            [-96.737800000345487, 41.447042999737164],
            [-96.737833999782353, 41.447049999865186],
            [-96.737867000292653, 41.447062000275309],
            [-96.737901999554424, 41.447066999884406],
            [-96.737939000262671, 41.44706500004083],
            [-96.737971999874617, 41.447074000009849],
            [-96.738000000362021, 41.447091000022773],
            [-96.738022000103342, 41.447141000114179],
            [-96.738056000438519, 41.447132000154397],
            [-96.738200000378583, 41.447123000193422],
            [-96.738236000363599, 41.447125000035214],
            [-96.738336999747602, 41.447151999913615],
            [-96.738432000182158, 41.447191000167052],
            [-96.738500999779134, 41.447206000310032],
            [-96.738532999566189, 41.447217000098505],
            [-96.738586999992862, 41.447252999882821],
            [-96.738657000313069, 41.447262999744552],
            [-96.738689999925029, 41.447273000278045],
            [-96.738781999986529, 41.447317000048571],
            [-96.738814999598503, 41.447317999966515],
            [-96.7388499997586, 41.447310999867405],
            [-96.738921999728618, 41.447311999785384],
            [-96.739238999921028, 41.447359999871985],
            [-96.73927499990603, 41.447360999789261],
            [-96.739418000021175, 41.447343999847078],
            [-96.739453000181271, 41.44734499976456],
            [-96.739521999778248, 41.447361999706473],
            [-96.739549000440732, 41.447379000317298],
            [-96.739572000006959, 41.447400999833675],
            [-96.739602999969094, 41.44740899983956],
            [-96.739674999939126, 41.447399000000381],
            [-96.739709000274303, 41.447390000076389],
            [-96.739888000374435, 41.447393999743511],
            [-96.740019999720602, 41.447437000189254],
            [-96.74004900003294, 41.44745300019121],
            [-96.7400819996449, 41.447460000275008],
            [-96.740119000353133, 41.447460000275008],
            [-96.740153999614904, 41.447468000273631],
            [-96.740184999577053, 41.447481999763923],
            [-96.740201000368899, 41.447504999833733],
            [-96.740229999782898, 41.447583999806554],
            [-96.7402659997679, 41.44762899995262],
            [-96.740271999615686, 41.447656000294593],
            [-96.740297999554954, 41.447673000155028],
            [-96.7403639996772, 41.447697999981308],
            [-96.740433999997407, 41.447705999950585],
            [-96.740506999792331, 41.447704000126699],
            [-96.740613000097539, 41.447720000062823],
            [-96.740645999709514, 41.447729999852577],
            [-96.740669000174037, 41.44775100001204],
            [-96.740699000311281, 41.447764000203563],
            [-96.740806000441395, 41.447776999719089],
            [-96.740909000373549, 41.447801000268171],
            [-96.740973999772578, 41.447824000224898],
            [-96.741035999696834, 41.447851999722126],
            [-96.741069000207119, 41.44786100025533],
            [-96.741141000177137, 41.447862000164839],
            [-96.74121200032225, 41.447853000305123],
            [-96.741280999919226, 41.447835999818551],
            [-96.741316000079337, 41.447833999998629],
            [-96.741422000384546, 41.447848999992999],
            [-96.741523999593468, 41.447876000243419],
            [-96.741644999967306, 41.447935000252862],
            [-96.741672999556386, 41.447952000040132],
            [-96.741715000287499, 41.447996000023537],
            [-96.741741000226767, 41.448015000282595],
            [-96.741860000052455, 41.448075000071803],
            [-96.74189199983951, 41.44808700029234],
            [-96.741926999999606, 41.448092999728452],
            [-96.741998999969624, 41.448094000307734],
            [-96.742034000129721, 41.448097999931448],
            [-96.742137000061888, 41.448124000172783],
            [-96.742197000336347, 41.448153000118864],
            [-96.742280000177018, 41.448206999682199],
            [-96.742311000139154, 41.448216000166163],
            [-96.742383999934091, 41.448217000070187],
            [-96.742418000269282, 41.448225999879419],
            [-96.742466999774777, 41.448266000063889],
            [-96.742660000118619, 41.448337999795129],
            [-96.742864000333114, 41.448389000173613],
            [-96.742926000257398, 41.448416000199352],
            [-96.743307999848824, 41.44849299993664],
            [-96.743614000170567, 41.448571000154523],
            [-96.743683999592449, 41.448580999813061],
            [-96.743757000285697, 41.448579000016139],
            [-96.743790999722577, 41.44858400018169],
            [-96.743910000446576, 41.448644000118037],
            [-96.74394300005855, 41.448656000233321],
            [-96.744047999640514, 41.448671000037656],
            [-96.74411399976276, 41.44869299978928],
            [-96.744333000045884, 41.448785000322431],
            [-96.744531000412593, 41.448850000217924],
            [-96.744591999613647, 41.448877999945722],
            [-96.744698999743761, 41.448879999733421],
            [-96.744830999988253, 41.44892299986757],
            [-96.744989000171998, 41.448986999732661],
            [-96.745061999966936, 41.448991999866763],
            [-96.745096000302127, 41.44899799989247],
            [-96.745282000074951, 41.449078999848901],
            [-96.745765999773639, 41.449313000127589],
            [-96.745995000102496, 41.449390000146956],
            [-96.746175999852454, 41.449478000153363],
            [-96.746472000128463, 41.449576000218961],
            [-96.746502000265693, 41.449589999927682],
            [-96.746571999687575, 41.449651000162255],
            [-96.746625000289342, 41.449686999942685],
            [-96.746645000380823, 41.449709999904144],
            [-96.746658999726208, 41.449735000292129],
            [-96.746687000213626, 41.449749999846993],
            [-96.746722000373722, 41.449748999966545],
            [-96.746756999635494, 41.44974200012971],
            [-96.746828999605526, 41.449744999771319],
            [-96.746898999925733, 41.449735000292129],
            [-96.747042999865769, 41.449738999814642],
            [-96.747149000170992, 41.449752000281151],
            [-96.747472000211175, 41.449766999832036],
            [-96.747938000366489, 41.449765999951886],
            [-96.748046000321523, 41.449770000145811],
            [-96.748080999583308, 41.449766999832036],
            [-96.74817900039092, 41.449731000096051],
            [-96.748385000255226, 41.44977299978612],
            [-96.748421000240242, 41.449776999979619],
            [-96.748634999602174, 41.449759000116899],
            [-96.748940999923931, 41.449714999982525],
            [-96.748976999908933, 41.44971400010153],
            [-96.749118000374253, 41.449737999934058],
            [-96.749260999591073, 41.449733999738108],
            [-96.749366999896282, 41.449721999822266],
            [-96.749511999661237, 41.449721999822266],
            [-96.749546999821348, 41.449725000138073],
            [-96.74958100015651, 41.449732999857453],
            [-96.74964499973062, 41.449758000236571],
            [-96.749715999875733, 41.449755999802605],
            [-96.749893000326068, 41.449731999976734],
            [-96.750001000281088, 41.449733999738108],
            [-96.750115999908815, 41.449738999814642],
            [-96.750347999712417, 41.449811999810642],
            [-96.751079000181605, 41.449832000090339],
            [-96.751218999923708, 41.449808000292578],
            [-96.75123700036535, 41.44978700012561],
            [-96.751382000130306, 41.449743999890785],
            [-96.751546999986743, 41.449726999899674],
            [-96.751649000094005, 41.44968199986215],
            [-96.751921000080557, 41.449654999689997],
            [-96.75207300041653, 41.449671999699923],
            [-96.752194999716949, 41.449667000291562],
            [-96.7522619996641, 41.449654999689997],
            [-96.752280999930662, 41.449623999977206],
            [-96.752772000200338, 41.449633000264583],
            [-96.752803000162501, 41.449625999741905],
            [-96.752820999705847, 41.44960099998525],
            [-96.752948999752348, 41.44959400013245],
            [-96.753429000151371, 41.449625999741905],
            [-96.753943999812194, 41.449619999774271],
            [-96.754174999790877, 41.449633000264583],
            [-96.754214000148934, 41.449606000072031],
            [-96.75424699976088, 41.449544999795087],
            [-96.75425099995887, 41.449437000157594],
            [-96.754316000256196, 41.449401000238431],
            [-96.754360999563701, 41.449409999883422],
            [-96.754409999967507, 41.449484000134127],
            [-96.754644000319246, 41.44952799975183],
            [-96.754748000076333, 41.449573999779382],
            [-96.75478499988624, 41.449595999898094],
            [-96.754850000183566, 41.449694999666704],
            [-96.754888999643313, 41.449711999666206],
            [-96.755201999637748, 41.449738999814642],
            [-96.755692000082533, 41.449744999771319],
            [-96.75593300010695, 41.449798000149826],
            [-96.756698999837923, 41.449788999885335],
            [-96.756876000288244, 41.449816000001725],
            [-96.756995999938852, 41.449819000313241],
            [-96.757175000038984, 41.449870000200796],
            [-96.757318999979034, 41.449838999917453],
            [-96.757703999943502, 41.449844999864837],
            [-96.758134000113813, 41.449822999830566],
            [-96.758721999569545, 41.449709999904144],
            [-96.758864999684675, 41.449703999944226],
            [-96.758989000431555, 41.449671999699923],
            [-96.759181000052195, 41.449661000327723],
            [-96.759287000357389, 41.449606999954646],
            [-96.759705999758722, 41.44958900004476],
            [-96.759863000117576, 41.44953700005253],
            [-96.760258999952683, 41.449543000027887],
            [-96.760545000182958, 41.449514000029737],
            [-96.760673000229488, 41.449469999729203],
            [-96.760896999637154, 41.449443000142146],
            [-96.761002999942349, 41.449403999895814],
            [-96.761351999921828, 41.449413000213703],
            [-96.761406000348487, 41.449446999682657],
            [-96.761462000424999, 41.449454000224641],
            [-96.761783999741951, 41.449430000287045],
            [-96.762105999957228, 41.449502000073188],
            [-96.762201000391784, 41.449491999883222],
            [-96.762495000119657, 41.449337999995215],
            [-96.763188999880597, 41.449378000167421],
            [-96.763389999722065, 41.449408000112058],
            [-96.76373299985373, 41.449490999998787],
            [-96.764067999589486, 41.449485000018669],
            [-96.764306999964106, 41.449408999997772],
            [-96.764594999844178, 41.449419000200486],
            [-96.764770999571269, 41.449449000126151],
            [-96.765019000166703, 41.449422999742524],
            [-96.765075000243215, 41.449439999813244],
            [-96.765173999977407, 41.449531000076661],
            [-96.765259000366228, 41.449566000040399],
            [-96.765456999834626, 41.449531000076661],
            [-96.765547000246315, 41.449473999941432],
            [-96.765606999622449, 41.449475999710756],
            [-96.765799000141385, 41.449552000326499],
            [-96.765897000050686, 41.449656000245184],
            [-96.765973000218665, 41.449682999743644],
            [-96.766297000083767, 41.449690000260119],
            [-96.766440000198884, 41.449737999934058],
            [-96.766713999835275, 41.449736000172756],
            [-96.766986999646747, 41.449756999682954],
            [-96.767102999997704, 41.449782000052828],
            [-96.767268999679075, 41.449765000071672],
            [-96.767421999839939, 41.449816999881151],
            [-96.767745999705028, 41.449838999917453],
            [-96.767918999957388, 41.449876000145352],
            [-96.76811899997395, 41.449976999913908],
            [-96.768237999799624, 41.449982999848579],
            [-96.768346999579563, 41.449952000292512],
            [-96.768595000175011, 41.449921000048306],
            [-96.76868300003855, 41.449876000145352],
            [-96.768812999734891, 41.449860999946296],
            [-96.769083000071618, 41.44985500000039],
            [-96.769227000011682, 41.449898000161653],
            [-96.769382999647277, 41.44989999991796],
            [-96.769489999777406, 41.449861999825025],
            [-96.769544000204093, 41.449793999957578],
            [-96.769725999778956, 41.449789999765137],
            [-96.769847999977699, 41.449842000227903],
            [-96.770013999659042, 41.449867999770326],
            [-96.770111999568343, 41.449831000211141],
            [-96.770207999827804, 41.449826000141755],
            [-96.770663999937398, 41.449905999859695],
            [-96.770964000411368, 41.449895999731993],
            [-96.771002000046195, 41.449910999922977],
            [-96.771010000442118, 41.449948000109806],
            [-96.771043000054064, 41.449955999801638],
            [-96.771258000139227, 41.449860999946296],
            [-96.771735999990113, 41.449839999796531],
            [-96.772039999763734, 41.449797000270109],
            [-96.772166000160425, 41.449827999900236],
            [-96.772268000267673, 41.449855999879219],
            [-96.772421000428551, 41.449992000086148],
            [-96.772632000315753, 41.450014000063106],
            [-96.772864999944247, 41.449932000049806],
            [-96.773054999915047, 41.4500470000146],
            [-96.773397000221806, 41.450128999882537],
            [-96.773429999833766, 41.450118999789275],
            [-96.773562000078243, 41.45004899976626],
            [-96.773619999804566, 41.449987000029125],
            [-96.773721000086923, 41.44992899974352],
            [-96.773901000011975, 41.450003999952102],
            [-96.774100000203589, 41.44998899978264],
            [-96.774126000142871, 41.450004999828586],
            [-96.774153999731951, 41.450104000319726],
            [-96.774244000143625, 41.450104000319726],
            [-96.774305000243004, 41.450074999899066],
            [-96.774304000418098, 41.449927999865821],
            [-96.774340000403114, 41.449867999770326],
            [-96.774526000175939, 41.44985500000039],
            [-96.774619999887278, 41.449900999796036],
            [-96.774808000208267, 41.449878999780765],
            [-96.774903999569418, 41.449791000318285],
            [-96.774980999562302, 41.449744999771319],
            [-96.775044000209803, 41.449623999977206],
            [-96.775250999899029, 41.449541000260623],
            [-96.775449000265752, 41.449506000283399],
            [-96.77574499964345, 41.449427999842968],
            [-96.775908999674982, 41.449408000112058],
            [-96.77598300019315, 41.44937499983552],
            [-96.776471999914676, 41.449308000018227],
            [-96.776555999580253, 41.449279999802727],
            [-96.776929999674081, 41.44923199978998],
            [-96.777403000400412, 41.449057000228215],
            [-96.77782599999972, 41.448903999874425],
            [-96.777978000335693, 41.448834999781695],
            [-96.778072000047018, 41.448794000052857],
            [-96.778198000443709, 41.448786000217737],
            [-96.778262000017804, 41.448795999843192],
            [-96.778427999699161, 41.448751999728998],
            [-96.778441999942856, 41.448750999833209],
            [-96.778545999699944, 41.448729999997433],
            [-96.778704999708594, 41.448651000073333],
            [-96.779068999756674, 41.4485999999008],
            [-96.779173000412058, 41.448559000023508],
            [-96.779781999784205, 41.448586999876838],
            [-96.780113000220311, 41.448554999754911],
            [-96.78031400006175, 41.448499999908222],
            [-96.780570000154796, 41.448454999692935],
            [-96.780683000132697, 41.448406999743142],
            [-96.781068000097164, 41.448310999736925],
            [-96.781157999610542, 41.448266000063889],
            [-96.781311999596326, 41.44825599968344],
            [-96.781411000228843, 41.448204999873703],
            [-96.781588999605773, 41.448152000213845],
            [-96.781766000056081, 41.448030000235072],
            [-96.781894000102596, 41.447964000283413],
            [-96.782024999623857, 41.447920000278359],
            [-96.782226000363622, 41.447898000264615],
            [-96.782355000235043, 41.44780699973073],
            [-96.782464000015011, 41.447811000045434],
            [-96.782549000403804, 41.447846000263731],
            [-96.782582000015765, 41.447834999908594],
            [-96.7826129999779, 41.447809000224787],
            [-96.782633000069396, 41.447712000095279],
            [-96.782725999955829, 41.447688000186623],
            [-96.782761999940817, 41.447652999883097],
            [-96.782968999630071, 41.447568999750906],
            [-96.783161999973913, 41.447398000083687],
            [-96.783411000394253, 41.447274000196664],
            [-96.783633000152093, 41.447109999873511],
            [-96.784076999667803, 41.44692099969312],
            [-96.784331999935915, 41.446843000184948],
            [-96.784368999745851, 41.44680999995046],
            [-96.784454999959578, 41.446649000259235],
            [-96.784610999595174, 41.446596000001627],
            [-96.784783000022642, 41.446539999911117],
            [-96.784998999932697, 41.446491999891236],
            [-96.785050999811233, 41.446454999753456],
            [-96.785111000085692, 41.446354999821509],
            [-96.785142000047827, 41.446330000151157],
            [-96.785477999608503, 41.446261999948518],
            [-96.785716000158189, 41.446246000326163],
            [-96.785810999694419, 41.446190999868833],
            [-96.786005999688086, 41.4461230001939],
            [-96.786363000063474, 41.446047000274845],
            [-96.786557000232236, 41.445977999837048],
            [-96.786710000393114, 41.445956999777088],
            [-96.786895000341033, 41.445891999676661],
            [-96.786956000440412, 41.445848000286517],
            [-96.786992000425414, 41.445812999663723],
            [-96.786992000425414, 41.445775999812163],
            [-96.787148000061038, 41.445730999727601],
            [-96.787302999871727, 41.445664000187378],
            [-96.787646000003406, 41.44546800021044],
            [-96.787762000354348, 41.445353000209472],
            [-96.787979000089322, 41.445197999973558],
            [-96.788078999648448, 41.445064999675758],
            [-96.788631000017489, 41.444521000267578],
            [-96.788873999691731, 41.44439600030632],
            [-96.789026999852609, 41.444386999965786],
            [-96.789163000295062, 41.444354999792488],
            [-96.789328999976405, 41.444357999683149],
            [-96.78997699970661, 41.444370999881137],
            [-96.790017999714493, 41.444378000297441],
            [-96.790175999898239, 41.444405999934993],
            [-96.790268999784644, 41.444422000011016],
            [-96.790325999686047, 41.44441199971142],
            [-96.790473999824073, 41.444421000048493],
            [-96.790515999656876, 41.444415000272848],
            [-96.790551999641878, 41.444354999792488],
            [-96.790581999779093, 41.444347000083425],
            [-96.791313000248294, 41.444387999928885],
            [-96.791695999664611, 41.444379000260668],
            [-96.791786999901205, 41.444359000320077],
            [-96.791976999872006, 41.444345000155955],
            [-96.79219699998005, 41.444300999716781],
            [-96.792411000240293, 41.444315999854553],
            [-96.793116999696807, 41.444319999711169],
            [-96.793223000002001, 41.444310000069187],
            [-96.793427000216511, 41.444259999816346],
            [-96.793607000141563, 41.444170000206789],
            [-96.793818000028764, 41.444106000303769],
            [-96.793905000067397, 41.444058999798166],
            [-96.794125000175441, 41.444013999869611],
            [-96.794189999574456, 41.443975999696114],
            [-96.794538999553893, 41.443906999749537],
            [-96.794573999714004, 41.443856999859506],
            [-96.795002000234504, 41.443973999757262],
            [-96.795297999612174, 41.444092000085057],
            [-96.795615999629504, 41.444171000173235],
            [-96.795861999676802, 41.444281999716871],
            [-96.795953999738302, 41.444298999787939],
            [-96.796146000257224, 41.444300999716781],
            [-96.796566000381802, 41.444507000138465],
            [-96.796798000185404, 41.444579999960943],
            [-96.796890000246918, 41.44462200029205],
            [-96.797511000212936, 41.44471399986417],
            [-96.797516000235788, 41.444678000017831],
            [-96.797527000106442, 41.444662000004932],
            [-96.797554999695535, 41.444652999701347],
            [-96.797629000213703, 41.444649999824314],
            [-96.797707000031494, 41.444671000307281],
            [-96.797778000176606, 41.44467999993504],
            [-96.797820999834329, 41.444674000183333],
            [-96.797916000268884, 41.444610000104028],
            [-96.798073999554305, 41.444504000254675],
            [-96.798184999882395, 41.444454000151275],
            [-96.798505000447847, 41.444312999961937],
            [-96.799179999942226, 41.444012999900742],
            [-96.800051999978422, 41.443651000067845],
            [-96.80039299956195, 41.443509000177137],
            [-96.800925999664415, 41.443288000255556],
            [-96.801458999766893, 41.443066000271209],
            [-96.801548000353677, 41.443029000199992],
            [-96.801913000226662, 41.4429020000862],
            [-96.802133000334678, 41.442825999761368],
            [-96.802235000441925, 41.442790000214423],
            [-96.802336999650876, 41.442753999974066],
            [-96.8030220000893, 41.442522000265591],
            [-96.804422000205093, 41.442047999716557],
            [-96.805298000439237, 41.441724999867887],
            [-96.806634000082596, 41.441227999964894],
            [-96.807943999786701, 41.440780999901108],
            [-96.809507000109107, 41.440342000329345],
            [-96.810128000075125, 41.440168999742177],
            [-96.810204000243118, 41.440147999822464],
            [-96.810249000448962, 41.440135000125309],
            [-96.810313000023058, 41.440117000281333],
            [-96.81068399974383, 41.440042000091985],
            [-96.810753000239103, 41.440027999669908],
            [-96.810780999828197, 41.440023000191871],
            [-96.810805999942559, 41.44001800004002],
            [-96.810943000209917, 41.439989999855953],
            [-96.811074999556084, 41.439962999691048],
            [-96.812199000385661, 41.439834000244673],
            [-96.812262000134851, 41.439827000011597],
            [-96.813400000309812, 41.439740999779964],
            [-96.813642999984069, 41.439718000325179],
            [-96.814654999762325, 41.439630999912758],
            [-96.814795000402725, 41.439619000148632],
            [-96.814891999588795, 41.439610999855674],
            [-96.815202999933419, 41.439585000243632],
            [-96.815488000338775, 41.439609999818963],
            [-96.816310000146245, 41.439681999727462],
            [-96.817039999892216, 41.439811000149412],
            [-96.817054999960831, 41.439814000250095],
            [-96.81716200009096, 41.439833000211401],
            [-96.817392000244709, 41.439874000215291],
            [-96.817880000141344, 41.439961000301892],
            [-96.81821700042525, 41.440021000131189],
            [-96.81832500038027, 41.440040000031843],
            [-96.818361000365286, 41.440047000241996],
            [-96.81837700025882, 41.440050000331766],
            [-96.818405999672805, 41.440054999807778],
            [-96.818472999619956, 41.440067000164717],
            [-96.819117999875417, 41.440183000133842],
            [-96.819151000385702, 41.440193999766031],
            [-96.819187000370704, 41.44020600009727],
            [-96.819228000378601, 41.440219999807525],
            [-96.819260999990561, 41.440231000106827],
            [-96.820142000247571, 41.440527000053805],
            [-96.820343000089025, 41.440584999989888],
            [-96.82041000003619, 41.440603999725418],
            [-96.820451999868965, 41.440615999980899],
            [-96.820573000242803, 41.440651000039821],
            [-96.821753000250553, 41.440991000111168],
            [-96.821956999566737, 41.441052999690498],
            [-96.822436000140868, 41.441198000278476],
            [-96.822879999656564, 41.44131600026703],
            [-96.822902000296196, 41.44132200032918],
            [-96.82292700041053, 41.441327999717387],
            [-96.82378000018015, 41.441555000294144],
            [-96.825130999892124, 41.442196000092103],
            [-96.826090999791873, 41.442469000003918],
            [-96.826793999773656, 41.442725000308371],
            [-96.826910999949519, 41.442837000292378],
            [-96.826971000223978, 41.442895000184059],
            [-96.827038000171129, 41.442911999945096],
            [-96.827112999615892, 41.442937000259015],
            [-96.827176000263393, 41.442959999919786],
            [-96.827237000362757, 41.442982000261061],
            [-96.827532999740441, 41.443088999886257],
            [-96.82757899977122, 41.443105000287076],
            [-96.827592000189995, 41.443110000201081],
            [-96.828008999941531, 41.44316999981244],
            [-96.828069000215976, 41.443171999776077],
            [-96.828167999950182, 41.443173999739656],
            [-96.828266999684388, 41.443176999684916],
            [-96.828425999693039, 41.443185000211678],
            [-96.828573000006131, 41.443190000119507],
            [-96.829019999894868, 41.443184000230033],
            [-96.829049000207192, 41.443186000193236],
            [-96.829077999621191, 41.443187000174838],
            [-96.82932799986645, 41.443202999878096],
            [-96.829562000218175, 41.443233999965251],
            [-96.829819000136126, 41.443359000144817],
            [-96.829840999877433, 41.443369999912072],
            [-96.829881999885316, 41.443407999767047],
            [-96.830143000001229, 41.443649000118917],
            [-96.830271000047759, 41.4437520000997],
            [-96.830281999918398, 41.443755999991076],
            [-96.830372000330073, 41.443788999758667],
            [-96.830439000277224, 41.443813999734694],
            [-96.83057099962339, 41.443862999686743],
            [-96.830588000240141, 41.443870000157858],
            [-96.831049000372602, 41.443966999970762],
            [-96.831065000266122, 41.443969999879371],
            [-96.831170999673034, 41.443992999847353],
            [-96.831278999628054, 41.444024000230542],
            [-96.831658999569655, 41.444135000025632],
            [-96.83176999989773, 41.444167000307438],
            [-96.83220799956564, 41.444277999857917],
            [-96.832271000213154, 41.444323000276789],
            [-96.832313999870863, 41.444398000232169],
            [-96.832357000426882, 41.444428999748432],
            [-96.832366999574305, 41.444436000158483],
            [-96.832422999650802, 41.444475000024333],
            [-96.832441999917393, 41.444489000160367],
            [-96.832534999803784, 41.444575000160206],
            [-96.832575999811681, 41.444603999672516],
            [-96.83259099988031, 41.444614999902065],
            [-96.832650000329849, 41.44467999993504],
            [-96.832670000421331, 41.444701999693159],
            [-96.832737000368468, 41.444776999883814],
            [-96.83278000002619, 41.444850000075967],
            [-96.832802999592417, 41.444890000321635],
            [-96.832827999706765, 41.44493199977871],
            [-96.832835000277754, 41.444943999907174],
            [-96.83284199995046, 41.444956999987753],
            [-96.83288899980613, 41.445039000228647],
            [-96.833206999823446, 41.445210000052832],
            [-96.83325200002929, 41.445265999944532],
            [-96.83329700023512, 41.445323999685208],
            [-96.833437999802129, 41.445502999672584],
            [-96.833570999871526, 41.445583999952248],
            [-96.833756999644351, 41.445697000331371],
            [-96.834002999691663, 41.445643999969484],
            [-96.834411000120653, 41.445598999793368],
            [-96.834478999892724, 41.445621999857366],
            [-96.834704000023621, 41.445697000331371],
            [-96.834755999902143, 41.445700000159995],
            [-96.834776999818544, 41.445692999886319],
            [-96.835073000094553, 41.445723000188138],
            [-96.835244999623697, 41.445726000015561],
            [-96.83542399972383, 41.445669999847496],
            [-96.835526999655997, 41.445636999689768],
            [-96.835634999611031, 41.445629000138709],
            [-96.835656000425743, 41.445627000250802],
            [-96.835685999664662, 41.445623999745429],
            [-96.836301999607798, 41.445621999857366],
            [-96.836424999631447, 41.445621999857366],
            [-96.836453000118851, 41.445627000250802],
            [-96.83713000016138, 41.445756000302168],
            [-96.837341000048568, 41.445820999865468],
            [-96.837385000429492, 41.445833999770336],
            [-96.837403999797758, 41.445840000088097],
            [-96.837628000103749, 41.445908999999283],
            [-96.837654999867922, 41.445917000189148],
            [-96.838049000053218, 41.445884000157044],
            [-96.838193999818174, 41.445849000227042],
            [-96.838769999578361, 41.445712000146429],
            [-96.838922999739239, 41.445675000237223],
            [-96.839150000418272, 41.445619999969253],
            [-96.839378000023899, 41.445565000327974],
            [-96.839737000049098, 41.445477999673912],
            [-96.839902999730455, 41.445418000176545],
            [-96.840331000250956, 41.445264000045441],
            [-96.840835000041096, 41.445083000167436],
            [-96.840912000033995, 41.445040000181699],
            [-96.841158000081293, 41.444903999694802],
            [-96.841308999694036, 41.444821000000211],
            [-96.841753000108042, 41.444672000266003],
            [-96.841782000420352, 41.444678999976446],
            [-96.842220000088275, 41.44478700012715],
            [-96.842671000174974, 41.444798000325726],
            [-96.842733999924164, 41.444799000282437],
            [-96.843268999676454, 41.444810999762119],
            [-96.843749000075505, 41.444959999850596],
            [-96.844226000101457, 41.445265999944532],
            [-96.844258999713418, 41.445287000228127],
            [-96.844749999983094, 41.445395000040236],
            [-96.845165000084805, 41.445442000251496],
            [-96.845477000254334, 41.445477999673912],
            [-96.845584000384463, 41.445489999701401],
            [-96.845919999945139, 41.445519000151478],
            [-96.845950999907274, 41.44552199998833],
            [-96.845991000090237, 41.445524999825047],
            [-96.846215000396214, 41.445544000134355],
            [-96.846269999749481, 41.445538999734524],
            [-96.84637600005469, 41.445529000280459],
            [-96.846449999674547, 41.44550999996676],
            [-96.846538000436396, 41.445486999863057],
            [-96.847290999748594, 41.445447999932135],
            [-96.84737299976436, 41.445032999836819],
            [-96.847390000381111, 41.445018999818167],
            [-96.847426000366127, 41.445013000097802],
            [-96.847639999728045, 41.444975999790003],
            [-96.847913000437842, 41.444927999959873],
            [-96.84842800009865, 41.445042000087696],
            [-96.84931000018058, 41.445124000221227],
            [-96.849403000066999, 41.445132999786111],
            [-96.852958999983798, 41.445178000285402],
            [-96.854296000350416, 41.445451999718969],
            [-96.854648999629489, 41.445674000293963],
            [-96.855175999884196, 41.446007000069017],
            [-96.855238999633386, 41.446045999663944],
            [-96.855777999583637, 41.446554000274965],
            [-96.856790000260233, 41.447509000167067],
            [-96.857564000387129, 41.447968999823011],
            [-96.85853000013465, 41.44825599968344],
            [-96.858552999700876, 41.448262999680594],
            [-96.858708000409877, 41.448288999855819],
            [-96.858799999573066, 41.44833199970833],
            [-96.858859000022619, 41.448358999757787],
            [-96.859013000008389, 41.448431000059124],
            [-96.859455999699179, 41.448638000059582],
            [-96.859548999585598, 41.44865700013063],
            [-96.859619999730711, 41.448697000049364],
            [-96.860424999819742, 41.448965000080733],
            [-96.861151000266062, 41.44913200009821],
            [-96.861541000253411, 41.449217000115354],
            [-96.861581000436374, 41.44922599978586],
            [-96.861989999791973, 41.44931499990188],
            [-96.862840000086848, 41.449385999929603],
            [-96.863341000402286, 41.449440999698467],
            [-96.863600999794969, 41.449468999844477],
            [-96.863664000442483, 41.449475999710756],
            [-96.863942000276822, 41.44950700016755],
            [-96.866102000275802, 41.449758000236571],
            [-96.866156999629055, 41.44976300031125],
            [-96.866176999720551, 41.449765000071672],
            [-96.866206999857781, 41.449767999712215],
            [-96.866287000223707, 41.449775000219567],
            [-96.866411999897196, 41.449786000245773],
            [-96.867386999865545, 41.449872999836479],
            [-96.868756999844095, 41.44988299996772],
            [-96.869346000023071, 41.449871000079391],
            [-96.870094000210699, 41.449862999703747],
            [-96.870139000416529, 41.449869000322238],
            [-96.870201000340828, 41.449877000023854],
            [-96.870217000234334, 41.449878999780765],
            [-96.872265999905252, 41.450150999813097],
            [-96.873952000251293, 41.450517999757317],
            [-96.875308999811054, 41.450801000331168],
            [-96.875684999554693, 41.450874999668557],
            [-96.876036000082308, 41.450944000284849],
            [-96.876061000196643, 41.45094900026811],
            [-96.876550999743102, 41.451022000249161],
            [-96.87673499986613, 41.451030999669271],
            [-96.876815000232071, 41.45103499978525],
            [-96.876886000377183, 41.451038000040334],
            [-96.876903999920529, 41.451039999761505],
            [-96.877140999746985, 41.451041000295334],
            [-96.877180000105056, 41.451041000295334],
            [-96.877341999588438, 41.451041000295334],
            [-96.877895999607304, 41.451181000144906],
            [-96.878345000044177, 41.451271000129175],
            [-96.878755999947927, 41.451351999940876],
            [-96.87878000023737, 41.451356000037002],
            [-96.879059999721534, 41.451411000155694],
            [-96.879869999833431, 41.451535000215436],
            [-96.879988999659147, 41.451555999816577],
            [-96.88027800026245, 41.451606999685296],
            [-96.880659999853876, 41.451674999672278],
            [-96.880901999703212, 41.451722999897378],
            [-96.880952999756829, 41.451732999743456],
            [-96.880982000069139, 41.451739000188979],
            [-96.881011000381463, 41.451744999960681],
            [-96.881652000438962, 41.451872000271827],
            [-96.882504000383676, 41.452271000230887],
            [-96.882962999967972, 41.452537999799794],
            [-96.883393999963204, 41.452557000075203],
            [-96.883503999568063, 41.452590000079724],
            [-96.88415499967131, 41.452786000086817],
            [-96.884197000402409, 41.452790999928119],
            [-96.884231999664209, 41.45279499993552],
            [-96.884389999847954, 41.452814000135646],
            [-96.884425000008051, 41.452817000308514],
            [-96.884457999620025, 41.452821000314309],
            [-96.884778000185463, 41.452859999853061],
            [-96.885280000325807, 41.452886000205801],
            [-96.885601999642745, 41.452910000211411],
            [-96.885646000023684, 41.452912999706534],
            [-96.885672999787886, 41.452915000043149],
            [-96.885685000381756, 41.452915999874811],
            [-96.885794000161695, 41.452924999705473],
            [-96.885846000040232, 41.452928999704611],
            [-96.886327000264174, 41.452979999840451],
            [-96.886373000294924, 41.452984999666796],
            [-96.886711000403722, 41.453021000290207],
            [-96.88740599998961, 41.453094999788377],
            [-96.888452999927978, 41.453227999784204],
            [-96.889509000087173, 41.453362000005434],
            [-96.889663999897863, 41.453369000124958],
            [-96.889719000149441, 41.453338999992148],
            [-96.889929000211737, 41.453273999881333],
            [-96.890058000083172, 41.453226000130535],
            [-96.890103000289002, 41.453215000014325],
            [-96.890212000068942, 41.453211000032823],
            [-96.890319000199071, 41.45321800016864],
            [-96.890391000169103, 41.453229000284338],
            [-96.890455999568104, 41.453238000071579],
            [-96.890479000032641, 41.453231999764711],
            [-96.890478000207722, 41.453184999810354],
            [-96.890530999911178, 41.453222999976639],
            [-96.890608999728983, 41.453239999724879],
            [-96.890657000307868, 41.453243999704597],
            [-96.890689999919829, 41.453238000071579],
            [-96.890680999699015, 41.453218999995585],
            [-96.890646000437215, 41.453182000327807],
            [-96.890637000216387, 41.453155000265745],
            [-96.890642000239268, 41.453116000231105],
            [-96.890658000132788, 41.453094999788377],
            [-96.890689999919829, 41.453082999820921],
            [-96.890787999829129, 41.453078000002137],
            [-96.891016000333082, 41.453082999820921],
            [-96.891193999709984, 41.453097000119378],
            [-96.891505999879527, 41.453092000301666],
            [-96.891684999979674, 41.453096000290557],
            [-96.891860999706765, 41.453121999875407],
            [-96.89192699982901, 41.45314199980794],
            [-96.891987999928375, 41.453144999965637],
            [-96.892045999654698, 41.453136000165493],
            [-96.892125000195719, 41.453113999900687],
            [-96.892219999731964, 41.453113999900687],
            [-96.892363999672, 41.453106999753643],
            [-96.892530000251682, 41.453117999888164],
            [-96.892778999773711, 41.453148000123129],
            [-96.892848000268998, 41.45316099990648],
            [-96.892887999553665, 41.453179999999421],
            [-96.892960000421979, 41.453183000155349],
            [-96.893037000414878, 41.453207999878188],
            [-96.893106000011869, 41.453222000149708],
            [-96.893237000431412, 41.453233000264731],
            [-96.89328199973896, 41.453241000224779],
            [-96.893381000371477, 41.453274999707418],
            [-96.893464000212134, 41.453281999836321],
            [-96.893594999733395, 41.453281999836321],
            [-96.893654000182948, 41.453288999964471],
            [-96.893745000419528, 41.453269999903419],
            [-96.893788999902156, 41.453254999815883],
            [-96.893846999628479, 41.453247999684059],
            [-96.893890000184484, 41.453233000264731],
            [-96.893941000238115, 41.453208999705332],
            [-96.894058000413992, 41.453190000294143],
            [-96.894122999813007, 41.453169999703157],
            [-96.894183000087466, 41.453164999891072],
            [-96.89433600024833, 41.45311499972923],
            [-96.894385999578731, 41.453089999970508],
            [-96.894479000363447, 41.453071999680461],
            [-96.894536000264864, 41.453038999921148],
            [-96.894558000006185, 41.453030999936189],
            [-96.894604000036935, 41.453027999773226],
            [-96.894674000357142, 41.453015999793386],
            [-96.894829000167846, 41.453005000314874],
            [-96.895223000353141, 41.453014000133173],
            [-96.895413000323927, 41.453030000106303],
            [-96.895517000081014, 41.453053000229147],
            [-96.895552000241111, 41.453055999717655],
            [-96.895664000394106, 41.453088000312576],
            [-96.895801999588045, 41.453117000059613],
            [-96.895958000121979, 41.453117999888164],
            [-96.896085000343575, 41.453144000137492],
            [-96.896153000115646, 41.453179999999421],
            [-96.896177000405075, 41.453184999810354],
            [-96.89628799983484, 41.453238000071579],
            [-96.896435000147932, 41.45327600020682],
            [-96.896512000140831, 41.453300000068133],
            [-96.896564000019382, 41.453304000044149],
            [-96.896606999677076, 41.453307000194343],
            [-96.896738000096661, 41.453308000019916],
            [-96.896858999572146, 41.453308999845525],
            [-96.896932000265409, 41.453323000095196],
            [-96.905861999791242, 41.453388999981328],
            [-96.905865999989203, 41.452032999794675],
            [-96.905865999989203, 41.452013000193531],
            [-96.90587000018715, 41.451932999707303],
            [-96.905871999836975, 41.451916000289856],
            [-96.905881999882723, 41.451900000041917],
            [-96.905898999601149, 41.451873999967233],
            [-96.90591700004282, 41.451846000185967],
            [-96.905938999784127, 41.451744999960681],
            [-96.905942999982088, 41.451237000269501],
            [-96.905978999967104, 41.447680000215087],
            [-96.905972000294426, 41.446160999783409],
            [-96.905958999875622, 41.44326699999835],
            [-96.905967000271545, 41.442258999862872],
            [-96.905968000096451, 41.441285999947887],
            [-96.905944999631899, 41.437788999707507],
            [-96.905959999700528, 41.437626999790012],
            [-96.90596200024865, 41.436751999697229],
            [-96.905956000400877, 41.436069000226162],
            [-96.905956000400877, 41.435740999770516],
            [-96.905954999677675, 41.43530600019244],
            [-96.905954999677675, 41.435247000148998],
            [-96.905954999677675, 41.435188000051937],
            [-96.90594999965478, 41.43509900008943],
            [-96.905952000202916, 41.434930000104721],
            [-96.905953999852741, 41.43469400026251],
            [-96.905942999982088, 41.43397699986479],
            [-96.905944999631899, 41.433260000302518],
            [-96.905956000400877, 41.431774000234448],
            [-96.905944999631899, 41.430678999783574],
            [-96.90594999965478, 41.430521999842384],
            [-96.905958000050703, 41.429584999912912],
            [-96.905952000202916, 41.429350999886715],
            [-96.905937999959221, 41.428861000265925],
            [-96.905947000180063, 41.423408999947341],
            [-96.905939999609046, 41.423090000116353],
            [-96.905918999692659, 41.42240099991443],
            [-96.905925000438742, 41.420148999887111],
            [-96.905927999913487, 41.418830000020819],
            [-96.905917999867725, 41.418007000229395],
            [-96.905929999563313, 41.416879999760994],
            [-96.905923999715512, 41.416148000102176],
            [-96.905907999821991, 41.415817999916008],
            [-96.905951000378025, 41.415819000319246],
            [-96.905947000180063, 41.415386999850895],
            [-96.905953999852741, 41.414802999715462],
            [-96.905952000202916, 41.413323000249534],
            [-96.905939999609046, 41.412612000329567],
            [-96.90594999965478, 41.411923999916645],
            [-96.905941000332263, 41.411247000122792],
            [-96.905943999807008, 41.410697999860453],
            [-96.905830000004187, 41.404878000287354],
            [-96.905830000004187, 41.404826000184549],
            [-96.905830000004187, 41.404808999882732],
            [-96.905825999806225, 41.40406899967644],
            [-96.905819999958453, 41.40398800014831],
            [-96.905813000285747, 41.403906999845347],
            [-96.905788000171398, 41.397323000186844],
            [-96.905769999729728, 41.394094000248479],
            [-96.905913999669778, 41.394095000312326],
            [-96.906964999806092, 41.394116000301601],
            [-96.907872999827291, 41.394095000312326],
            [-96.908232999677409, 41.394094000248479],
            [-96.908221999806756, 41.393375000234613],
            [-96.908244000446388, 41.391320999920332],
            [-96.908240000248426, 41.390092999728829],
            [-96.908256999966852, 41.389367000334438],
            [-96.908261999989733, 41.386838000026216],
            [-96.908263999639544, 41.38652100024256],
            [-96.908272000035467, 41.385463999845989],
            [-96.908273999685292, 41.385215999815472],
            [-96.908273999685292, 41.385154999692915],
            [-96.908273999685292, 41.385144999700515],
            [-96.908276000233428, 41.384882000089554],
            [-96.908291000302043, 41.382756000109957],
            [-96.908323000089098, 41.380401000280088],
            [-96.908319999716042, 41.379610999724285],
            [-96.908298999799641, 41.376024000333693],
            [-96.908293999776788, 41.375007000012353],
            [-96.908046999904585, 41.369155000325854],
            [-96.908046000079665, 41.36914299967458],
            [-96.908296000324924, 41.368817999677766],
            [-96.908421999823304, 41.368712999933329],
            [-96.908462999831187, 41.368651000056012],
            [-96.908492999968402, 41.368305999855494],
            [-96.908471000227109, 41.367475999997588],
            [-96.908514999709709, 41.3651159998944],
            [-96.908347000378555, 41.357939999692455],
            [-96.908334999784657, 41.357405000299757],
            [-96.908221999806756, 41.357283999706318],
            [-96.908179999973967, 41.357138999902567],
            [-96.90839500005913, 41.35678099982691],
            [-96.90848700012063, 41.356643000010244],
            [-96.908497000166363, 41.356511999674133],
            [-96.908493999793322, 41.35640900023877],
            [-96.908544000022047, 41.356330999903236],
            [-96.908509999686856, 41.356291999700417],
            [-96.908501000364325, 41.355542000331404],
            [-96.908501000364325, 41.355490999858212],
            [-96.908502000189245, 41.355420000336096],
            [-96.908513999884818, 41.354288000153893],
            [-96.908506000387206, 41.353528999826999],
            [-96.908502000189245, 41.353079999693705],
            [-96.908494999618242, 41.35263699999782],
            [-96.908492999968402, 41.352231999912121],
            [-96.908489999595361, 41.351481000248086],
            [-96.908481000272857, 41.350725999786981],
            [-96.908494999618242, 41.349894000122227],
            [-96.908488999770455, 41.349530000212944],
            [-96.908492000143497, 41.348863000179605],
            [-96.908443999564597, 41.345099000170322],
            [-96.908451999960533, 41.344783000119079],
            [-96.9084569999834, 41.344558999691799],
            [-96.908448999587478, 41.3433270000913],
            [-96.908426000021251, 41.343132999853992],
            [-96.908404000279944, 41.342663999955633],
            [-96.908304999647441, 41.341114999733549],
            [-96.908280000431404, 41.340624000209395],
            [-96.908271000210561, 41.340443000103456],
            [-96.908210999936102, 41.339717000268351],
            [-96.908205999913235, 41.339565999762527],
            [-96.908194000217676, 41.339249000281903],
            [-96.908149999836738, 41.338735000044849],
            [-96.908061999973185, 41.337333999965409],
            [-96.908041999881704, 41.336798000255023],
            [-96.908020000140382, 41.33642899994959],
            [-96.908016999767341, 41.336267999828479],
            [-96.908017999592261, 41.336141000084773],
            [-96.908025000163263, 41.335208000202215],
            [-96.908055000300507, 41.33127699970354],
            [-96.908055000300507, 41.331240000044083],
            [-96.908055000300507, 41.331197000249382],
            [-96.908056000125399, 41.331093999888459],
            [-96.908056999950318, 41.331027000155622],
            [-96.908057999775224, 41.330918999746565],
            [-96.908058999600158, 41.330825000181719],
            [-96.908097000133296, 41.325956000048976],
            [-96.90809399976024, 41.325941000240775],
            [-96.908462999831187, 41.322406999784327],
            [-96.908528000128499, 41.321790999829787],
            [-96.90853599962611, 41.320623000164268],
            [-96.908564999938434, 41.319094000057433],
            [-96.908575999809088, 41.318115000295521],
            [-96.908606999771237, 41.315501999837814],
            [-96.908625000212893, 41.314812000327471],
            [-96.908648999604026, 41.312509000134249],
            [-96.908663999672626, 41.311500999775184],
            [-96.908683999764122, 41.310641999772372],
            [-96.908689999611909, 41.309678000101442],
            [-96.908733000167942, 41.307227000312722],
            [-96.908816000008599, 41.301035000111305],
            [-96.908820000206561, 41.300921999880352],
            [-96.908836999925001, 41.300370999980494],
            [-96.908841000122962, 41.300251999684782],
            [-96.908846000145843, 41.299797999930952],
            [-96.908865000412405, 41.297933999929015],
            [-96.908918000115847, 41.296056000256691],
            [-96.908920999590578, 41.295946000165721],
            [-96.908914999742805, 41.294972000200453],
            [-96.90892999981142, 41.293943000132231],
            [-96.908922000313822, 41.293010999732786],
            [-96.908925999613459, 41.292779000017084],
            [-96.908948000253076, 41.290324999943479],
            [-96.908958000298824, 41.289139000306761],
            [-96.908975999842184, 41.287180000036138],
            [-96.908968000344572, 41.285796999982125],
            [-96.90894599970494, 41.281829999947618],
            [-96.908954000100863, 41.281115000113367],
            [-96.90894599970494, 41.280593999888168],
            [-96.90894200040529, 41.278840999887493],
            [-96.908951999552713, 41.278483000195813],
            [-96.90895900012373, 41.278229000060946],
            [-96.908959999948635, 41.278095999683778],
            [-96.908955999750674, 41.277891000251699],
            [-96.908913000092994, 41.275695000204536],
            [-96.908912000268074, 41.275625999846092],
            [-96.908928000161595, 41.274222999692697],
            [-96.90892999981142, 41.273968999858624],
            [-96.908930999636326, 41.273840999684701],
            [-96.908934999834287, 41.273477000223551],
            [-96.908912000268074, 41.272650000011588],
            [-96.908908999895033, 41.271246000110253],
            [-96.908908999895033, 41.271023000016989],
            [-96.908951999552713, 41.268628000120124],
            [-96.90899299956061, 41.267935000324115],
            [-96.909022999697825, 41.267442999777721],
            [-96.909031000093762, 41.26672799966645],
            [-96.909112000284608, 41.26440299971906]
          ]
        ]
      },
      "properties": {
        "AREALAND": "3157085413",
        "AREAWATER": "77781524",
        "BASENAME": "2",
        "CDSESSN": "119",
        "CDTYP": "O",
        "CENTLAT": "+41.2297940",
        "CENTLON": "-096.4528939",
        "FUNCSTAT": "N",
        "GEOID": "3102",
        "HU100": null,
        "INTPTLAT": "+41.2285893",
        "INTPTLON": "-096.4506899",
        "LSADC": "C2",
        "MTFCC": "G5200",
        "NAME": "Congressional District 2",
        "OBJECTID": 380,
        "OID": "2119035951823466",
        "POP100": null,
        "STATE": "31",
        "CD119": "02"
      }
    }
  ]
}
