{
  "type": "FeatureCollection",
  "features": [
    {
      "type": "Feature",
      "id": 293,
      "geometry": {
        "type": "Polygon",
        "coordinates": [
          [
            [-85.07467099977292, 37.950802999747971],
            [-85.074638999985879, 37.950771999926033],
            [-85.07460800002373, 37.950738000197667],
            [-85.074500999893601, 37.950642000004734],
            [-85.074440999619156, 37.95058099970624],
            [-85.07437200002218, 37.95052000006546],
            [-85.074295999854186, 37.950451000155269],
            [-85.074218999861301, 37.950379000272335],
            [-85.074142999693322, 37.950303000201238],
            [-85.074059000027745, 37.950221999722025],
            [-85.073982999859751, 37.950146999697139],
            [-85.073890999798238, 37.950062000332004],
            [-85.073555000237576, 37.949711999743187],
            [-85.073472000396904, 37.949623999935945],
            [-85.073387999833002, 37.949544000341646],
            [-85.073310999840089, 37.949466999897268],
            [-85.07315900040247, 37.949320999817481],
            [-85.073089999907168, 37.949249000243825],
            [-85.072952999639824, 37.949111000096323],
            [-85.072884000042833, 37.949042999794855],
            [-85.072807999874854, 37.948973999914251],
            [-85.072739000277878, 37.948900999774914],
            [-85.072518000344942, 37.948679999881371],
            [-85.07243399978104, 37.948620000308402],
            [-85.072350000115478, 37.948561999730124],
            [-85.072265999551576, 37.948515999751891],
            [-85.072175000213278, 37.948475000193604],
            [-85.072074999755856, 37.948435999659509],
            [-85.071831000256694, 37.94834799974069],
            [-85.0717550000887, 37.94832300028385],
            [-85.07169399998935, 37.948295000117014],
            [-85.071659999654145, 37.948280000149758],
            [-85.071623999669157, 37.948265000179447],
            [-85.071562999569778, 37.948229999764564],
            [-85.071463999835572, 37.948157000302771],
            [-85.071426000200745, 37.948115999835757],
            [-85.071387999667579, 37.948066000047341],
            [-85.071365000101366, 37.948016999754131],
            [-85.071341999636829, 37.947959999646564],
            [-85.071326999568228, 37.947898999954795],
            [-85.071295999606079, 37.947764999652719],
            [-85.071266000367174, 37.947691999728931],
            [-85.071227000009117, 37.947622999996284],
            [-85.071181999803272, 37.947566000291459],
            [-85.071120999703894, 37.947513000103733],
            [-85.071043999711009, 37.947470999740702],
            [-85.070960000045417, 37.947441000175033],
            [-85.070877000204746, 37.947421999759023],
            [-85.070777999572229, 37.947406000076015],
            [-85.070662999944503, 37.947395000203365],
            [-85.070548000316762, 37.947386999650959],
            [-85.070426999942953, 37.94738300008283],
            [-85.070166999651946, 37.94738300008283],
            [-85.070030000282912, 37.947386999650959],
            [-85.069626000051883, 37.947386999650959],
            [-85.069106000368194, 37.947372000206734],
            [-85.068984999994356, 37.947361000328932],
            [-85.068748000167886, 37.947344999924248],
            [-85.068503999770442, 37.947329999763042],
            [-85.068389000142702, 37.947321999911956],
            [-85.068275000339881, 37.947318000340289],
            [-85.068159999813844, 37.94731100002673],
            [-85.068054000406946, 37.947298999892475],
            [-85.067947000276817, 37.947288000003802],
            [-85.067849000367531, 37.947272999830965],
            [-85.067749999735014, 37.947249999796085],
            [-85.067657999673514, 37.947223000177232],
            [-85.067615000015792, 37.947209000239738],
            [-85.067565999612, 37.947194000050779],
            [-85.067466000052875, 37.94716699970293],
            [-85.06726799968618, 37.947121000268062],
            [-85.067168999951974, 37.947106000061133],
            [-85.066954999691717, 37.947082999974036],
            [-85.066855999957525, 37.947067999759348],
            [-85.066748999827411, 37.947048999955229],
            [-85.066641999697282, 37.94702599985029],
            [-85.066536000290384, 37.946999000149106],
            [-85.066429000160269, 37.946960999791926],
            [-85.066214999900026, 37.946876999827531],
            [-85.066107999769898, 37.946831000211112],
            [-85.065993999967077, 37.946789000166632],
            [-85.065879000339351, 37.946750999700889],
            [-85.065757000140621, 37.946705000005593],
            [-85.065634999941878, 37.946675000127165],
            [-85.065526999986858, 37.946645000236551],
            [-85.06542200040488, 37.94662500006654],
            [-85.065330000343337, 37.946606000147881],
            [-85.065238000281838, 37.946590999835806],
            [-85.065131999976643, 37.946571999908393],
            [-85.065024999846514, 37.946549999911738],
            [-85.064917999716386, 37.946530999973717],
            [-85.064598000049244, 37.946461999859196],
            [-85.064483000421518, 37.94644299989838],
            [-85.064368999720386, 37.946415999982975],
            [-85.064131999893931, 37.946362999674072],
            [-85.06401800009111, 37.946332999656057],
            [-85.063902999565073, 37.946297999737602],
            [-85.063781000264655, 37.946264000064012],
            [-85.063674999959431, 37.946221999695375],
            [-85.063560000331705, 37.946172000034849],
            [-85.063460999699188, 37.946119000258356],
            [-85.063361999964982, 37.946062000095232],
            [-85.063262000405871, 37.945996999892493],
            [-85.063171000169277, 37.945932000340619],
            [-85.063079000107763, 37.945860000279495],
            [-85.062987999871183, 37.94578699987985],
            [-85.062895999809683, 37.945719000043994],
            [-85.062804999573075, 37.945654000246243],
            [-85.062720999907498, 37.945596000160151],
            [-85.062628999845984, 37.945542999968232],
            [-85.062545000180407, 37.945504000003062],
            [-85.062484000081028, 37.945481999686621],
            [-85.062417999958768, 37.945448000343823],
            [-85.062408999737954, 37.945432000230916],
            [-85.062392999844434, 37.945419000225222],
            [-85.062376999950899, 37.94539000009518],
            [-85.062370000278207, 37.945367000179289],
            [-85.062361999882285, 37.945346000095824],
            [-85.062339000316072, 37.945313999822147],
            [-85.062247000254558, 37.9453520003227],
            [-85.062147999622042, 37.945377999647135],
            [-85.062033999819221, 37.945388999821738],
            [-85.061920000016414, 37.945393000206835],
            [-85.061675999618942, 37.945416000114569],
            [-85.0615459999226, 37.945435000340915],
            [-85.061270999562993, 37.945473000070464],
            [-85.061125999798037, 37.94550000033238],
            [-85.060972999637158, 37.945539000299675],
            [-85.06086800005518, 37.945487999902348],
            [-85.060813999628493, 37.945465000017194],
            [-85.060692000328075, 37.945419999789777],
            [-85.060623999657693, 37.945393000206835],
            [-85.060561999733409, 37.945370000291938],
            [-85.060493999961338, 37.945342999982195],
            [-85.06026499963248, 37.945259999860063],
            [-85.060083999882536, 37.945190999968844],
            [-85.059915999653043, 37.945122000012773],
            [-85.059754000169647, 37.945056999686912],
            [-85.059693000070268, 37.94502699984406],
            [-85.05963899964361, 37.944992000011929],
            [-85.059551999604963, 37.944937999813206],
            [-85.05947899981004, 37.944886000135313],
            [-85.059433999604195, 37.944854999942045],
            [-85.059395000144448, 37.944821000309126],
            [-85.059250000379492, 37.9446450002077],
            [-85.059185999907072, 37.94453300024567],
            [-85.059142000424472, 37.944451000203195],
            [-85.058882999958371, 37.943932000032135],
            [-85.058830000254929, 37.943836999741805],
            [-85.058760999759627, 37.943745000216033],
            [-85.0587230001248, 37.943711000069534],
            [-85.058677000094036, 37.943673000137217],
            [-85.058624000390608, 37.943630999704446],
            [-85.058563000291244, 37.94358899995612],
            [-85.058493999795942, 37.943547000183784],
            [-85.058417999627963, 37.943512999945668],
            [-85.058342000358294, 37.943485000071156],
            [-85.058257999794392, 37.943466000048993],
            [-85.058165999732879, 37.943459000076892],
            [-85.05799800040171, 37.943443999830819],
            [-85.057922000233717, 37.943440000048057],
            [-85.057845000240832, 37.943431999773452],
            [-85.057769000072852, 37.943429000290116],
            [-85.057701000300796, 37.943421000014254],
            [-85.057616999736894, 37.943408999953135],
            [-85.05753999974398, 37.943393999696859],
            [-85.057373000237732, 37.943349000326428],
            [-85.057281000176232, 37.943318000193116],
            [-85.05719699961233, 37.943283999849093],
            [-85.05702199971013, 37.943187999834521],
            [-85.056938000044539, 37.943135000030992],
            [-85.056854000378962, 37.943077999678394],
            [-85.05676999981506, 37.943024000198399],
            [-85.056686000149455, 37.942966999759648],
            [-85.056511000247284, 37.942855999673291],
            [-85.056425999858462, 37.94280300033877],
            [-85.056334999621882, 37.9427489999483],
            [-85.05613700015347, 37.942649999719677],
            [-85.055670999998156, 37.942432999989975],
            [-85.055557000195321, 37.942371999960372],
            [-85.055441999669284, 37.942314000117541],
            [-85.055235999804964, 37.942211999769896],
            [-85.05514499956837, 37.942169999918953],
            [-85.055075999971407, 37.942124000189672],
            [-85.055039999986391, 37.942097999713866],
            [-85.055007000374431, 37.942062999903577],
            [-85.054947000099972, 37.941989999982404],
            [-85.054901000069208, 37.941909999869061],
            [-85.05486199971115, 37.941821999927193],
            [-85.054817000403631, 37.941735000203103],
            [-85.054771000372867, 37.94163900029033],
            [-85.054732999839729, 37.941543999869445],
            [-85.054686999808979, 37.941449000034147],
            [-85.054640999778215, 37.941357000352589],
            [-85.054603000143373, 37.941270000077999],
            [-85.054558999762449, 37.941178999794602],
            [-85.054518999579471, 37.941086000151493],
            [-85.054474000271952, 37.940990999724143],
            [-85.054427000416283, 37.940895999882514],
            [-85.054373999814516, 37.940796999991413],
            [-85.054328999608686, 37.940701000270217],
            [-85.054281999753016, 37.94060899965222],
            [-85.054244000118175, 37.940525000219523],
            [-85.054198999912344, 37.940456999764997],
            [-85.054146000208888, 37.940396000220552],
            [-85.054076999713615, 37.940354000040266],
            [-85.054039000078774, 37.940334999917056],
            [-85.05399300004801, 37.940323000060424],
            [-85.053943999644204, 37.940315999788936],
            [-85.053892999590602, 37.940311999835927],
            [-85.053840999712037, 37.940313999812489],
            [-85.053787000183704, 37.940327000012893],
            [-85.05369500012219, 37.940361000308137],
            [-85.053618999954196, 37.940410999671897],
            [-85.053541999961311, 37.940475999856659],
            [-85.05347400018924, 37.940544999924477],
            [-85.053329000424284, 37.94068200023672],
            [-85.053213999898247, 37.940808000143313],
            [-85.053163999669536, 37.94087699989943],
            [-85.053122999661667, 37.940937999753046],
            [-85.053047000391985, 37.941043999657019],
            [-85.053001000361235, 37.94107899995268],
            [-85.052955000330485, 37.94110100017042],
            [-85.05291099994956, 37.941112000276824],
            [-85.052863000268985, 37.941120000095594],
            [-85.052809999667218, 37.941124000004621],
            [-85.052756999963748, 37.941120999718635],
            [-85.05252799963489, 37.941086000151493],
            [-85.052452000365236, 37.941078000329021],
            [-85.052366999976428, 37.941075000041145],
            [-85.052008999776149, 37.941058999684586],
            [-85.051817999980429, 37.941044999989558],
            [-85.051726999743821, 37.941033000248908],
            [-85.051628000009615, 37.941005999762531],
            [-85.051544000344037, 37.940975999682763],
            [-85.051452000282524, 37.940941000046514],
            [-85.051367999718622, 37.940899000177644],
            [-85.051284000053045, 37.940850000064195],
            [-85.051131999717086, 37.940743000252198],
            [-85.051054999724187, 37.940678000303627],
            [-85.050903000286539, 37.940539000013551],
            [-85.05070400009491, 37.940327000012893],
            [-85.050642999995546, 37.940255000127515],
            [-85.050581999896167, 37.940185999787431],
            [-85.050514000124096, 37.940121000054646],
            [-85.050453000024731, 37.940056000264384],
            [-85.050391999925353, 37.939988000084369],
            [-85.050316999582293, 37.939915000227465],
            [-85.050253999833103, 37.939850000255007],
            [-85.050102000395441, 37.939690000241384],
            [-85.050025000402556, 37.939605999758307],
            [-85.049949000234577, 37.939525999883656],
            [-85.049873000066611, 37.93944199992157],
            [-85.049796000073698, 37.939353999858312],
            [-85.049636000240142, 37.939194000181857],
            [-85.049422999804804, 37.938957999686707],
            [-85.049345999811905, 37.938873999783922],
            [-85.049269999643926, 37.938785999749065],
            [-85.04917099990972, 37.938690999891001],
            [-85.04909499974174, 37.938610999728915],
            [-85.048941999580862, 37.938442999742577],
            [-85.048881000379794, 37.938344000089536],
            [-85.048766999678691, 37.938163999992305],
            [-85.048713000150329, 37.938088000039301],
            [-85.048667000119565, 37.938012000007753],
            [-85.048606999845106, 37.937916000191088],
            [-85.048553000316744, 37.937835999893878],
            [-85.048493000042285, 37.937752000125741],
            [-85.04843199994292, 37.937664999834531],
            [-85.048309999744205, 37.937481000092717],
            [-85.048241000147215, 37.937385999964924],
            [-85.04818000004785, 37.9372909997143],
            [-85.0481189999485, 37.937198999787064],
            [-85.048050000351509, 37.937108000130834],
            [-85.04799000007705, 37.937015999974591],
            [-85.04792800015278, 37.936923999703197],
            [-85.047860000380709, 37.936840000309736],
            [-85.047783000387824, 37.936760000258374],
            [-85.047714999717442, 37.936684000270567],
            [-85.047631000051851, 37.936608000204231],
            [-85.047561999556564, 37.93653499982414],
            [-85.047486000286895, 37.936471000091196],
            [-85.047416999791608, 37.936405999906924],
            [-85.047349000019551, 37.936349000003155],
            [-85.04726500035396, 37.936294999829862],
            [-85.047188000361061, 37.936248999965812],
            [-85.047097000124467, 37.936207999939526],
            [-85.047005000062967, 37.936168999979664],
            [-85.046913000001439, 37.936153999662643],
            [-85.046830000160782, 37.936150000191574],
            [-85.046723000030653, 37.936157999841953],
            [-85.046615999900524, 37.936180999806012],
            [-85.046437999625311, 37.936198000206147],
            [-85.046324999647396, 37.936210000027764],
            [-85.046164999813826, 37.936221999847412],
            [-85.046118999783076, 37.936221000157701],
            [-85.046011999652947, 37.936228999800342],
            [-85.045958999949491, 37.93623700015057],
            [-85.045799000115935, 37.936248000276514],
            [-85.045604999947173, 37.936271000212422],
            [-85.045595999726331, 37.936214000204025],
            [-85.045553000068637, 37.936061999729283],
            [-85.045491999969272, 37.935869000141864],
            [-85.045452999611214, 37.935757000266399],
            [-85.045425000022121, 37.935678999847404],
            [-85.045400999732664, 37.935599999647572],
            [-85.045384000014224, 37.93552199977055],
            [-85.045370999595434, 37.935443000110453],
            [-85.045363999922756, 37.935362999955593],
            [-85.045359999724795, 37.935282999713671],
            [-85.045370999595434, 37.93512999973472],
            [-85.045409999953506, 37.934977000145828],
            [-85.045466000030004, 37.934832999741715],
            [-85.045548999870689, 37.934703999671541],
            [-85.045642999582014, 37.934572000238639],
            [-85.045748999887209, 37.93445299968257],
            [-85.045924999614314, 37.934278999689703],
            [-85.045979000041001, 37.934215999835025],
            [-85.046030999919523, 37.934150999782197],
            [-85.046081000148234, 37.934084999953129],
            [-85.046153000118252, 37.933950000247016],
            [-85.046174000034668, 37.933894000285704],
            [-85.046191999577999, 37.933808999832706],
            [-85.046194999951069, 37.933662000092639],
            [-85.046174000034668, 37.93352500015699],
            [-85.046133999851691, 37.933387000237815],
            [-85.046090000369063, 37.933254000127036],
            [-85.046034000292565, 37.933115999699112],
            [-85.045995999759413, 37.933011999872889],
            [-85.045964999797278, 37.932929999729005],
            [-85.045954999751544, 37.932907000164739],
            [-85.045913999743661, 37.932802000306665],
            [-85.04587899958355, 37.932695999852463],
            [-85.045820999857241, 37.93256899976204],
            [-85.045693999635617, 37.932315000340068],
            [-85.045630000061536, 37.932219999912341],
            [-85.045611999619865, 37.932197000125939],
            [-85.045515000433809, 37.932097000108435],
            [-85.045400999732664, 37.932004000310158],
            [-85.045277999709029, 37.931923999955316],
            [-85.044879000399163, 37.931699000306224],
            [-85.044754999652298, 37.931620000080272],
            [-85.044737000108952, 37.931606999756887],
            [-85.044644000222533, 37.931526999678582],
            [-85.044546000313247, 37.931418000246587],
            [-85.044471999795078, 37.931302000231504],
            [-85.044420999741448, 37.931179000308788],
            [-85.044388000129487, 37.931050999963311],
            [-85.044374999710698, 37.930917999877508],
            [-85.044357999992258, 37.930789999786164],
            [-85.044327000030123, 37.930656999936751],
            [-85.044301999915774, 37.930596000053207],
            [-85.044275000151586, 37.930528000332423],
            [-85.044197000333781, 37.930407000069394],
            [-85.044105000272282, 37.930293000125445],
            [-85.043997000317233, 37.930185999824545],
            [-85.043768999813295, 37.92997900001221],
            [-85.043661999683167, 37.929865000113118],
            [-85.043572000169803, 37.92974199991189],
            [-85.043496999826729, 37.929610999851477],
            [-85.043440999750231, 37.929478999776279],
            [-85.04340300011539, 37.929341999839473],
            [-85.04338700022187, 37.929196999948935],
            [-85.043374999628, 37.929051999772419],
            [-85.043359999559385, 37.928900000076894],
            [-85.043342999840945, 37.928744000193177],
            [-85.043336999993159, 37.928663999833724],
            [-85.043321999924544, 37.928501999972887],
            [-85.043312999703716, 37.928421000262908],
            [-85.043263000373315, 37.92792499997897],
            [-85.043255999802298, 37.927838999906491],
            [-85.043246999581484, 37.927752999733421],
            [-85.043230999687935, 37.927577999663882],
            [-85.043209999771548, 37.927401000267217],
            [-85.043177999984508, 37.927050000347393],
            [-85.043153999695051, 37.926875000021859],
            [-85.043141000174572, 37.926703000154404],
            [-85.04312100008309, 37.926527999711602],
            [-85.043105000189556, 37.926355999741048],
            [-85.043085000098088, 37.926188000090029],
            [-85.043023000173804, 37.925524999707356],
            [-85.042982000165921, 37.925196999901708],
            [-85.042968999747117, 37.925115000253172],
            [-85.042953999678517, 37.925032999804571],
            [-85.042936000135171, 37.924950000130146],
            [-85.042916999868595, 37.924868000206118],
            [-85.042895999952194, 37.9247860001907],
            [-85.042873000385981, 37.924704000083842],
            [-85.042848000271619, 37.924621999885481],
            [-85.042792000195135, 37.924454999665485],
            [-85.042758999684835, 37.924372000047278],
            [-85.042724000423064, 37.924290000187334],
            [-85.042686999714817, 37.924208000235993],
            [-85.042645999706934, 37.924125000339004],
            [-85.042603999874146, 37.924043000203618],
            [-85.042558999668316, 37.923960999976799],
            [-85.042511999812632, 37.923878999658591],
            [-85.042460999759001, 37.923801999959203],
            [-85.042300999925445, 37.923575999685681],
            [-85.042248000222003, 37.923505000262203],
            [-85.04219299997041, 37.923434999925135],
            [-85.042083000365565, 37.923298000064662],
            [-85.042025999565837, 37.923231999704569],
            [-85.04185999988448, 37.923031999948087],
            [-85.041802000158157, 37.922966999927866],
            [-85.041632000278838, 37.922772000231028],
            [-85.041577999852166, 37.922706000107496],
            [-85.04152500014871, 37.922638000175944],
            [-85.041469000072226, 37.922563000345235],
            [-85.041428999889263, 37.922503000000425],
            [-85.041351999896364, 37.922362000308418],
            [-85.041304000215789, 37.922218999877295],
            [-85.041300000017827, 37.922199000146655],
            [-85.04129499999496, 37.922170000066977],
            [-85.041284000124293, 37.92207400011258],
            [-85.041283000299387, 37.921923000048835],
            [-85.041294000170055, 37.921773000269908],
            [-85.041339000375885, 37.92131800034435],
            [-85.041368999614804, 37.921073999986334],
            [-85.041377000010712, 37.921006999859614],
            [-85.041392999904247, 37.92084600003539],
            [-85.041412000170808, 37.920690999972841],
            [-85.041423000041462, 37.920572000334033],
            [-85.041428999889263, 37.920526999747558],
            [-85.041443999957863, 37.920362999865226],
            [-85.041474000095107, 37.920116000155978],
            [-85.041498000384536, 37.919950000243936],
            [-85.041511999729934, 37.919866999793115],
            [-85.041529000346685, 37.919783000043985],
            [-85.041587000073008, 37.919531000221141],
            [-85.041633999928678, 37.919367000243859],
            [-85.041660999692851, 37.919283999843714],
            [-85.041690000005175, 37.919200000137458],
            [-85.04175100010454, 37.919052000320306],
            [-85.041819999701502, 37.918871999758302],
            [-85.04188800037187, 37.918704000017399],
            [-85.042027000289053, 37.918349999889301],
            [-85.042172000054009, 37.917987999974187],
            [-85.042245999673852, 37.917808000351613],
            [-85.042280000009058, 37.917716000138171],
            [-85.04235100015417, 37.91753399996238],
            [-85.04252199985838, 37.917079000033013],
            [-85.042556000193557, 37.916992000081116],
            [-85.042587999980611, 37.916903000121579],
            [-85.042623000140708, 37.916815999961457],
            [-85.042656999577602, 37.916727999743756],
            [-85.042686999714817, 37.9166420000413],
            [-85.042750000362332, 37.916471000292972],
            [-85.042779999601237, 37.916385000290035],
            [-85.042810999563372, 37.916301000107708],
            [-85.042839999875696, 37.916216999829395],
            [-85.042865999814964, 37.916133000163917],
            [-85.042925000264503, 37.915966999766653],
            [-85.042952000028677, 37.915883999781897],
            [-85.042983999815732, 37.915805000281502],
            [-85.04301099957992, 37.915725000019158],
            [-85.043039000067338, 37.915646000347962],
            [-85.043070000029473, 37.915567999853771],
            [-85.043117999710034, 37.915412000034685],
            [-85.043176000334682, 37.915258999808962],
            [-85.043230999687935, 37.915108999904064],
            [-85.043245999756564, 37.915048999856445],
            [-85.043253000327567, 37.91501399992422],
            [-85.043290999962409, 37.914886999766942],
            [-85.043315000251837, 37.914814999770115],
            [-85.043347000038892, 37.914674000221908],
            [-85.043350000411962, 37.914533999679271],
            [-85.043330000320466, 37.914403000165386],
            [-85.043290000137489, 37.914254999909183],
            [-85.043230999687935, 37.914116999967042],
            [-85.043207000296817, 37.914070999692576],
            [-85.04316600028892, 37.913986999702601],
            [-85.043089000296035, 37.913852999941895],
            [-85.043013999952976, 37.913718999937046],
            [-85.042943999632769, 37.913588999677991],
            [-85.042876999685618, 37.913457999898682],
            [-85.04282200033235, 37.913324999884104],
            [-85.042777999951412, 37.913191000334933],
            [-85.04274199996641, 37.913048999795286],
            [-85.042724000423064, 37.912912999730217],
            [-85.042716000027141, 37.912776000113965],
            [-85.042731000095756, 37.912676999916904],
            [-85.042737999768448, 37.912642000273522],
            [-85.042772999928545, 37.912512000237385],
            [-85.042833000203004, 37.91239400013653],
            [-85.042922999716367, 37.912280999922594],
            [-85.043040999717149, 37.912178999718385],
            [-85.043181000357535, 37.912096999729634],
            [-85.043331000145386, 37.91203700006028],
            [-85.043492999628768, 37.911993999959968],
            [-85.043665999881128, 37.9119720002451],
            [-85.043833000285701, 37.911957999972081],
            [-85.044004999814845, 37.911949999814901],
            [-85.044178999892097, 37.911946999755685],
            [-85.044352999969391, 37.911939000306056],
            [-85.044527000046671, 37.911924000006678],
            [-85.044710000344764, 37.911897000168921],
            [-85.044877999675947, 37.911853999986839],
            [-85.045038000407828, 37.911789000009961],
            [-85.04518399999769, 37.911702000179993],
            [-85.045306000196419, 37.911601999930724],
            [-85.045405999755545, 37.911483999787691],
            [-85.045492999794178, 37.91135199977581],
            [-85.045568999962157, 37.911207999879387],
            [-85.045600999749212, 37.911131999702256],
            [-85.045630999886427, 37.911054000091603],
            [-85.045754999734996, 37.910740000041152],
            [-85.045824000230269, 37.910587000020719],
            [-85.045862999690044, 37.910512999989344],
            [-85.045905000421143, 37.910439999923803],
            [-85.045950999553583, 37.910371999991717],
            [-85.046001999607213, 37.910306000080915],
            [-85.046112000110369, 37.910180999679568],
            [-85.046234000309113, 37.910070999746047],
            [-85.046372000401362, 37.909973000208012],
            [-85.046517000166318, 37.909885999648068],
            [-85.046676000174983, 37.909812999669121],
            [-85.046844000404462, 37.909753000263294],
            [-85.047017999583431, 37.909708000145216],
            [-85.047215000125234, 37.909665000101178],
            [-85.04740599992094, 37.909643999740901],
            [-85.047604000287663, 37.909618999877921],
            [-85.047794000258477, 37.909592999954732],
            [-85.047991999726861, 37.909561999761664],
            [-85.048333000208729, 37.909510999918659],
            [-85.048555999791489, 37.909476000186622],
            [-85.048944000128998, 37.909416999851324],
            [-85.049117000381372, 37.909387000347394],
            [-85.049340999789024, 37.909350999792593],
            [-85.049546999653359, 37.909312999817821],
            [-85.049745000020081, 37.909277999991581],
            [-85.049950999884388, 37.9092399999791],
            [-85.050156999748722, 37.909204000061095],
            [-85.050256000381239, 37.909184999683845],
            [-85.05045200019984, 37.909143000100748],
            [-85.050546999736071, 37.909121000242116],
            [-85.050745000102779, 37.909072000211054],
            [-85.050929000225793, 37.909013000260565],
            [-85.051104000127992, 37.908946999839422],
            [-85.051272000357471, 37.908877999883551],
            [-85.051432000191056, 37.90879599975937],
            [-85.051739000337705, 37.908625000200381],
            [-85.051890999775367, 37.908537000106662],
            [-85.052037000263525, 37.908448999907748],
            [-85.052175000355788, 37.908367000014174],
            [-85.052320999945664, 37.908278000251073],
            [-85.0524649998857, 37.908194000025489],
            [-85.052602999977964, 37.908109999703953],
            [-85.05274799974292, 37.908022999776172],
            [-85.052885000010278, 37.907938999968202],
            [-85.053013000056794, 37.907857000215088],
            [-85.053141999928243, 37.907772000141144],
            [-85.053263000302053, 37.907682999658327],
            [-85.053304000309922, 37.907644000161383],
            [-85.053363999686084, 37.907584999774592],
            [-85.053440999678969, 37.90748200006712],
            [-85.053495999930561, 37.907372999724174],
            [-85.053533999565403, 37.907253999802684],
            [-85.053556000205006, 37.90712699971585],
            [-85.053562000052793, 37.906994999683505],
            [-85.053543999611136, 37.906859999856501],
            [-85.05350799962612, 37.906734999979626],
            [-85.053464000143506, 37.906605000137546],
            [-85.05341200026497, 37.906475000065846],
            [-85.053356000188487, 37.906342000185496],
            [-85.053296999738933, 37.906214999942101],
            [-85.053280000020493, 37.90617199998308],
            [-85.053243000210571, 37.906084999890183],
            [-85.053069000133291, 37.905698000087909],
            [-85.053016000429849, 37.905572000257067],
            [-85.052992000140407, 37.905520999774787],
            [-85.05295699998031, 37.905446000210418],
            [-85.05287599978945, 37.905254999868973],
            [-85.052850999675087, 37.905196999804488],
            [-85.052801000344687, 37.905069000306895],
            [-85.052753999590706, 37.904939999762945],
            [-85.052710999933012, 37.904809000176847],
            [-85.052673000298171, 37.904676000120482],
            [-85.052640999612791, 37.904539000050946],
            [-85.05262300006946, 37.904401999726304],
            [-85.052608999825765, 37.904264999855421],
            [-85.052608000000845, 37.904127999729432],
            [-85.052617000221673, 37.903989999929387],
            [-85.052640999612791, 37.903850000319757],
            [-85.052673000298171, 37.903711999998343],
            [-85.052712999582823, 37.903571999859828],
            [-85.052758999613587, 37.903434999861389],
            [-85.052819999712952, 37.903298000316674],
            [-85.052888000383334, 37.903156999960203],
            [-85.052957999805216, 37.90301999989795],
            [-85.053032000323384, 37.902878999717601],
            [-85.053146999951096, 37.902670000014005],
            [-85.053261999578822, 37.902456999830918],
            [-85.053341999944763, 37.902314999838872],
            [-85.053419999762582, 37.902169999823847],
            [-85.053504000326484, 37.90202500023198],
            [-85.053550000357234, 37.901955000008989],
            [-85.053594999664767, 37.901884000271721],
            [-85.053686999726267, 37.901750999890766],
            [-85.053784999635553, 37.901628000161239],
            [-85.053899000336685, 37.901518000200177],
            [-85.054030999682865, 37.901419999903077],
            [-85.054176000346132, 37.901336999809722],
            [-85.054337000004608, 37.901268999970974],
            [-85.054511999906794, 37.901216999885072],
            [-85.05469100000694, 37.901184000084186],
            [-85.054870000107073, 37.901158000015769],
            [-85.055050999857045, 37.901138000229579],
            [-85.055234999980058, 37.901103000058967],
            [-85.055408000232433, 37.901058999780446],
            [-85.055567000241084, 37.900993000022062],
            [-85.055705000333333, 37.900903999846108],
            [-85.055819000136154, 37.900797000025698],
            [-85.055911000197668, 37.900672999946465],
            [-85.055987000365661, 37.900539000037561],
            [-85.056047999566687, 37.900396999888983],
            [-85.056103999643199, 37.900248999812],
            [-85.056163000092752, 37.900098999784674],
            [-85.056218000344316, 37.89994600032081],
            [-85.056247999583249, 37.899868999668868],
            [-85.056279000443695, 37.899792999830083],
            [-85.056339999644734, 37.899635999690844],
            [-85.056398000269382, 37.899477000255949],
            [-85.056428000406598, 37.899399000340743],
            [-85.056456999820597, 37.899320000151505],
            [-85.056512999897109, 37.899156999968604],
            [-85.056578000194435, 37.898998999694683],
            [-85.05660900015657, 37.898915000218501],
            [-85.056661000035106, 37.898779000255757],
            [-85.056649000339547, 37.898489999677778],
            [-85.056770999639966, 37.898233999812362],
            [-85.057126000365528, 37.896981999762339],
            [-85.057158000152569, 37.896518999909453],
            [-85.05731799998614, 37.895866000317312],
            [-85.057576999553916, 37.895463000297902],
            [-85.057754000004238, 37.895347000284431],
            [-85.058020999967923, 37.895252999846093],
            [-85.058150999664264, 37.895160000244488],
            [-85.057820999951389, 37.895035999884058],
            [-85.056947000265382, 37.894566999724624],
            [-85.055472999631419, 37.894114000063631],
            [-85.054633000280617, 37.894060000068272],
            [-85.053418000112742, 37.894147999751532],
            [-85.051669000017512, 37.894362999687083],
            [-85.050782999737621, 37.894725999841405],
            [-85.050503000253443, 37.895014000061273],
            [-85.050157999573642, 37.895391999969107],
            [-85.050092000349707, 37.895832000005107],
            [-85.050161999771603, 37.8962620000448],
            [-85.050575000223475, 37.896570000250314],
            [-85.051431000366136, 37.897138999891787],
            [-85.051490999742271, 37.897383000245533],
            [-85.051380000312491, 37.897629000219197],
            [-85.051038000005732, 37.897843999911892],
            [-85.049921999572092, 37.898204000002423],
            [-85.049176999757506, 37.898566000153153],
            [-85.048914999816688, 37.898624999973691],
            [-85.048780999922386, 37.898619999678374],
            [-85.048390000110118, 37.898606999901325],
            [-85.047634000424907, 37.898598999710188],
            [-85.046927000245162, 37.898461000175253],
            [-85.046605999854791, 37.898284999673777],
            [-85.046272999768846, 37.897819000293133],
            [-85.046291000210516, 37.89751300007471],
            [-85.046558000174215, 37.897134999716542],
            [-85.048098000032084, 37.896109999928754],
            [-85.048411000026533, 37.895832000005107],
            [-85.048428999569879, 37.895574999868572],
            [-85.048256000215815, 37.895324000308904],
            [-85.047250000285345, 37.894351999675969],
            [-85.046534999709678, 37.893537999961829],
            [-85.04584900034466, 37.892665999738824],
            [-85.045645000130136, 37.892407000030182],
            [-85.045442999565466, 37.892149999987915],
            [-85.045091999936176, 37.891843000013807],
            [-85.044784999789528, 37.891716000271394],
            [-85.044024999906327, 37.891450000095254],
            [-85.04361099962955, 37.891304999943657],
            [-85.042675000019258, 37.890892000254468],
            [-85.041879999975961, 37.890383999788725],
            [-85.041561000133726, 37.890063000063869],
            [-85.041534000369552, 37.889770000137915],
            [-85.041737999685736, 37.88941700007463],
            [-85.04215899963522, 37.889063999736784],
            [-85.043152999870145, 37.888598000117312],
            [-85.043990999571136, 37.888152999793761],
            [-85.044228000295917, 37.887822999975903],
            [-85.044419000091636, 37.887185999846281],
            [-85.044670000161787, 37.886861000333873],
            [-85.044566000404728, 37.886575000143502],
            [-85.044215999702033, 37.886379999699095],
            [-85.043664000231317, 37.886118999823204],
            [-85.042957000051558, 37.885927000000265],
            [-85.042598999851279, 37.886024999654872],
            [-85.042101999733802, 37.886337000204243],
            [-85.04108800030572, 37.887257000290546],
            [-85.040797999877498, 37.887562999894072],
            [-85.040670999655873, 37.887952999672514],
            [-85.040663999983181, 37.888466000172855],
            [-85.040655999587273, 37.889001999765803],
            [-85.040484999883049, 37.889147999819983],
            [-85.040129000230891, 37.889318000353448],
            [-85.039726999649673, 37.889411000245659],
            [-85.039047999957333, 37.889380999675822],
            [-85.037787999583628, 37.889067000019899],
            [-85.035974000089368, 37.88860000008242],
            [-85.035235999947488, 37.888435000296624],
            [-85.034818000371047, 37.88851800005034],
            [-85.034476000064288, 37.888746999850866],
            [-85.034318999705462, 37.889027999874351],
            [-85.034284000443677, 37.889270999844889],
            [-85.034495000330864, 37.889689000313155],
            [-85.035283999628078, 37.890675000198314],
            [-85.035553999964804, 37.891224999982242],
            [-85.035501000261362, 37.891678999992621],
            [-85.035235000122569, 37.892004000215302],
            [-85.034642999570565, 37.892403999883122],
            [-85.034209999925523, 37.892550000280337],
            [-85.033732000074636, 37.892582000124747],
            [-85.032961000320782, 37.892552000138096],
            [-85.032500000188335, 37.892413000323877],
            [-85.031781000313032, 37.892026999810241],
            [-85.030845999629321, 37.891551999967248],
            [-85.030527999612019, 37.891538000062702],
            [-85.030889000185354, 37.887667000178794],
            [-85.031455999724699, 37.881597000256122],
            [-85.031314000332785, 37.881579000274371],
            [-85.030980000421948, 37.881526000026788],
            [-85.030555000274504, 37.881415999805981],
            [-85.030093000317137, 37.881251000230208],
            [-85.029765000254088, 37.881115999980125],
            [-85.029331999710735, 37.880870000132745],
            [-85.028264999680857, 37.880140999728695],
            [-85.027881000439635, 37.879901999811381],
            [-85.027416000109227, 37.879634999749001],
            [-85.026999000357705, 37.879442000285685],
            [-85.025511000378359, 37.878893000171026],
            [-85.025179000117333, 37.878747000346728],
            [-85.024904999582645, 37.878574000224027],
            [-85.024632999596079, 37.878357999795575],
            [-85.024502999899738, 37.878243000254471],
            [-85.024389000096917, 37.878093999829773],
            [-85.024087999798027, 37.877594999829256],
            [-85.023592000403809, 37.876643999702864],
            [-85.023392000387275, 37.876279000154661],
            [-85.02290299976741, 37.875323000305649],
            [-85.02258700029823, 37.874822000339641],
            [-85.022445000008005, 37.874650999851504],
            [-85.022280000151568, 37.874482999843771],
            [-85.021746000224184, 37.873986999679119],
            [-85.021649000139803, 37.873896999645851],
            [-85.021628000223402, 37.873878000081717],
            [-85.0215920002384, 37.873845000080742],
            [-85.021558999728128, 37.873813999722515],
            [-85.021485000108271, 37.873750999846472],
            [-85.021094000296017, 37.873378999885212],
            [-85.020085999817397, 37.872403000192108],
            [-85.019704000225971, 37.871961999991264],
            [-85.019407000125042, 37.871542999737976],
            [-85.019110999849062, 37.870953999952647],
            [-85.018949000365652, 37.870415999732494],
            [-85.018879999870379, 37.869954999945683],
            [-85.01880100022764, 37.86943700012494],
            [-85.018766000067558, 37.869228999689604],
            [-85.018608999708718, 37.868981000066952],
            [-85.018393999623569, 37.868780999648848],
            [-85.018141999728485, 37.868603999925199],
            [-85.017483000127612, 37.868191999767113],
            [-85.017175999980978, 37.867941999673867],
            [-85.01695900024599, 37.867631999741803],
            [-85.016740999787785, 37.867286000070933],
            [-85.016585999977096, 37.866946999647794],
            [-85.016504999786235, 37.866832999945835],
            [-85.016283000028366, 37.866666999691176],
            [-85.016036000156177, 37.866555000119803],
            [-85.015508999901485, 37.866359999858332],
            [-85.015145999678325, 37.866165999722604],
            [-85.014930999593176, 37.865982999780755],
            [-85.014846000102679, 37.865891999962159],
            [-85.014639000413439, 37.865595999790507],
            [-85.014369999901618, 37.865133999686101],
            [-85.014199000197394, 37.864933000223942],
            [-85.014136000448204, 37.864857999733779],
            [-85.014015999899286, 37.864736000021537],
            [-85.013719999623277, 37.864497999722488],
            [-85.013574999858321, 37.864398999836581],
            [-85.013215999833108, 37.864150000309316],
            [-85.013117000098902, 37.864035999826321],
            [-85.013028000410458, 37.863805999820499],
            [-85.012947000219597, 37.863497000187351],
            [-85.012845999937269, 37.86296400000861],
            [-85.012721000263795, 37.86266600017256],
            [-85.012513999676244, 37.862356000030609],
            [-85.012307999811924, 37.862115999871627],
            [-85.012051999718878, 37.861947999649956],
            [-85.011696000066735, 37.861742000045922],
            [-85.011349999562015, 37.861535999866099],
            [-85.011061999681928, 37.861364999747735],
            [-85.010746000212748, 37.861036999770612],
            [-85.010627000387046, 37.860847999830135],
            [-85.010476999700913, 37.860572000138433],
            [-85.010382000164668, 37.860258999661355],
            [-85.010285999905207, 37.859771000353561],
            [-85.010167000079505, 37.85943500018444],
            [-85.010078000391047, 37.859253999893362],
            [-85.009940000298798, 37.85910600010093],
            [-85.009802000206534, 37.858993999677104],
            [-85.009660999741229, 37.858895000199254],
            [-85.009028999904558, 37.858572000047033],
            [-85.008550000228738, 37.858363000112121],
            [-85.008032000194888, 37.858195999887478],
            [-85.00728400000726, 37.857953000235419],
            [-85.007017999868467, 37.857844999660038],
            [-85.006853000012043, 37.857722999686629],
            [-85.006729999988394, 37.857603000318115],
            [-85.006662000216323, 37.857500000190058],
            [-85.006595000269172, 37.857310999690995],
            [-85.006463000024709, 37.857004999949503],
            [-85.00627700025187, 37.856812000071201],
            [-85.006126999565723, 37.856700999768996],
            [-85.006017999785783, 37.856639000217569],
            [-85.005900999609921, 37.856599999923887],
            [-85.005748000347353, 37.856560000255939],
            [-85.005440000375771, 37.85650599967682],
            [-85.005189000305606, 37.856451999767415],
            [-85.005021999901032, 37.856406999694485],
            [-85.004539000027279, 37.856234000308866],
            [-85.004323000117211, 37.856178000064091],
            [-85.004171999606157, 37.856146000006405],
            [-85.00401900034359, 37.856140000304372],
            [-85.003847999741041, 37.856146000006405],
            [-85.003707000174046, 37.856168000091884],
            [-85.003606999716624, 37.856193999733044],
            [-85.003473999647227, 37.856247999831496],
            [-85.003208000406772, 37.85636299965968],
            [-85.002990999773473, 37.856443999961378],
            [-85.002814000221463, 37.85648200027363],
            [-85.002626999725408, 37.856487999947838],
            [-85.002430999906835, 37.856461999701104],
            [-85.002254000354824, 37.856413000084082],
            [-85.002078999554314, 37.856330999682292],
            [-85.001934999614278, 37.856237999868782],
            [-85.001715000404573, 37.856065000086538],
            [-85.001558000045733, 37.855941999932895],
            [-85.001224000134897, 37.855621999834611],
            [-85.000997000354161, 37.855346999803956],
            [-85.00052000032818, 37.854723000133568],
            [-85.000536000221715, 37.854597999689652],
            [-85.00055499958998, 37.854471000269896],
            [-85.000676999788723, 37.853582000333432],
            [-85.001460999961353, 37.847959000196823],
            [-85.001516000212931, 37.847563999852177],
            [-85.003235000170946, 37.835228000289057],
            [-85.00326299976004, 37.835033000164962],
            [-85.003747000357023, 37.835075999803671],
            [-85.003990999856185, 37.835097999790626],
            [-85.004045000282844, 37.835103000141494],
            [-85.004143000192158, 37.835111000134582],
            [-85.004365999774905, 37.835131000113485],
            [-85.009527999671818, 37.835587000290076],
            [-85.009695000076405, 37.834364999885928],
            [-85.010081999690698, 37.831504999747956],
            [-85.010574999610199, 37.827886000302222],
            [-85.011460000065171, 37.821387999870886],
            [-85.011938999740977, 37.817870999978197],
            [-85.012034000175532, 37.817173000288101],
            [-85.005815000294504, 37.816613000210062],
            [-85.007185000273068, 37.805766000153454],
            [-85.007410000403965, 37.803986000019606],
            [-85.007447000213887, 37.803694000056446],
            [-85.007858000117608, 37.80044099981383],
            [-85.008998999767314, 37.791411000332744],
            [-85.00900100031545, 37.791398000100379],
            [-85.009099000224751, 37.79062099975345],
            [-85.009114000293351, 37.790503000340181],
            [-85.011209999819926, 37.774196999836199],
            [-85.011877999641612, 37.769001999978087],
            [-85.012050999893958, 37.767651000138372],
            [-85.01206099993972, 37.767577000013404],
            [-85.012541000338743, 37.763871000093623],
            [-85.013501000238463, 37.756451999965961],
            [-85.013738999889839, 37.75461700027013],
            [-85.014109999610611, 37.751755000249354],
            [-85.014323999870854, 37.750141000339404],
            [-85.014401999688673, 37.749597000046258],
            [-85.014550999651576, 37.748633999946478],
            [-85.015430000258775, 37.742933000264216],
            [-85.015448999627026, 37.74280599980424],
            [-85.015565999802902, 37.742048000346784],
            [-85.015800000154641, 37.740469000142788],
            [-85.015944999919597, 37.739489999804789],
            [-85.016422999770469, 37.736246999744267],
            [-85.018463999943762, 37.722461999948706],
            [-85.018987999825399, 37.71904599982355],
            [-85.019141999811197, 37.718042000311073],
            [-85.019726999792198, 37.714221000266733],
            [-85.019729000340334, 37.714207000107884],
            [-85.0205999996533, 37.708523999847962],
            [-85.020798999844928, 37.707298000133633],
            [-85.021086999725028, 37.705140999663662],
            [-85.021465000016804, 37.702314000211224],
            [-85.022297999694899, 37.696967000217114],
            [-85.022513999604996, 37.695583000328838],
            [-85.022635999803711, 37.694803999773541],
            [-85.022963999866775, 37.692698000208658],
            [-85.023728999772828, 37.687795000125988],
            [-85.023746000389579, 37.687680999644726],
            [-85.024033000444774, 37.685842000032338],
            [-85.024329999647378, 37.683941000116384],
            [-85.024341000416356, 37.683862999831305],
            [-85.02482199974196, 37.68032299998503],
            [-85.025020999933602, 37.678854000078751],
            [-85.024887999864205, 37.678859999961858],
            [-85.021379999627982, 37.679058999719835],
            [-85.012003000213383, 37.679586000008676],
            [-85.011639999990223, 37.679604000189876],
            [-85.003491000263978, 37.680000000227153],
            [-84.999833000239931, 37.680176999883457],
            [-84.999776000338528, 37.680183999977665],
            [-84.991244000297641, 37.681236000127065],
            [-84.989916999976771, 37.681400000022691],
            [-84.977178999740744, 37.6829710002364],
            [-84.971593000419617, 37.683659999789562],
            [-84.970651999888133, 37.683775999881441],
            [-84.970390999772235, 37.683809000242178],
            [-84.957343999739706, 37.685418000084987],
            [-84.957142000073333, 37.68544299987078],
            [-84.957012000376992, 37.685459000269603],
            [-84.956884000330476, 37.685473000171349],
            [-84.949872999880895, 37.686220000188449],
            [-84.943335000157631, 37.687013999764787],
            [-84.940884999730429, 37.687314000135423],
            [-84.923514000400289, 37.689507000208422],
            [-84.922719000356992, 37.68960499980372],
            [-84.922578999716606, 37.689627999929286],
            [-84.920478000167165, 37.689888000018804],
            [-84.918986999814791, 37.690046000289527],
            [-84.918308999947357, 37.690118000076289],
            [-84.918206000015189, 37.690128999968486],
            [-84.916769000089488, 37.690317999670107],
            [-84.91310699986748, 37.690799000081611],
            [-84.907313000133868, 37.69155999994328],
            [-84.90681699984134, 37.6916239997933],
            [-84.898801000184463, 37.692675999763196],
            [-84.889057000348757, 37.693955000281029],
            [-84.888178999566492, 37.694069999778478],
            [-84.887057000183361, 37.694216999673692],
            [-84.886453999760676, 37.694295999859712],
            [-84.873514999683195, 37.695992999690525],
            [-84.87302799961148, 37.696056999979213],
            [-84.872862999755043, 37.696081000339809],
            [-84.872651000042936, 37.696108000291922],
            [-84.872513999775578, 37.696124999914474],
            [-84.87222199969753, 37.696163000269252],
            [-84.871856999824544, 37.696211000203178],
            [-84.854128000294125, 37.698537999785941],
            [-84.852098999816405, 37.698804999666869],
            [-84.850400999774791, 37.69902699998574],
            [-84.850275000276412, 37.699043999649781],
            [-84.848285000156721, 37.699305000190336],
            [-84.844817999928395, 37.699760999950868],
            [-84.824351999915578, 37.702448999895438],
            [-84.821184000336288, 37.702858999666553],
            [-84.815757000125515, 37.703579000034516],
            [-84.807866999967047, 37.704613999726654],
            [-84.8076879998669, 37.704768999929883],
            [-84.807528999858235, 37.704912999979541],
            [-84.806676000088615, 37.705666000169032],
            [-84.7999309997778, 37.71162899997713],
            [-84.793573999804508, 37.717249000277292],
            [-84.793506000032437, 37.71724399976538],
            [-84.791708000431711, 37.717089999892345],
            [-84.782782000205543, 37.716324000022318],
            [-84.77501400024579, 37.715659000258711],
            [-84.760439999875871, 37.714407999952158],
            [-84.757925999874587, 37.714192999946384],
            [-84.757564000374643, 37.714163999755748],
            [-84.757145999899876, 37.714125000241047],
            [-84.756912000446476, 37.714106000050997],
            [-84.753487999875844, 37.713811999967191],
            [-84.749644999903865, 37.713482999759293],
            [-84.749333999559227, 37.71345700031992],
            [-84.747925000120915, 37.713334999822237],
            [-84.746836000349745, 37.713245000013693],
            [-84.744888000062886, 37.713075000234987],
            [-84.744739999924874, 37.712928000070072],
            [-84.744486000379979, 37.712760999910827],
            [-84.744221000066105, 37.712660999894865],
            [-84.743915999569268, 37.712588000089326],
            [-84.743642999757796, 37.712580000330199],
            [-84.742822999600136, 37.712796999798222],
            [-84.742502999933009, 37.712939000131165],
            [-84.742024000257203, 37.71315599996916],
            [-84.741589999888944, 37.713318999753696],
            [-84.741179999810115, 37.713426000101812],
            [-84.740594999829099, 37.713533000295421],
            [-84.740275999986878, 37.713556999972269],
            [-84.739923999634371, 37.713531999716523],
            [-84.738401000393253, 37.713160000173069],
            [-84.737009999599977, 37.712717000261527],
            [-84.736001000194761, 37.712311999726928],
            [-84.735434999581997, 37.711995000055751],
            [-84.734825000384959, 37.711614000145019],
            [-84.734175999931523, 37.711109999900287],
            [-84.733815000256513, 37.710751999671835],
            [-84.733479999622432, 37.710215999907987],
            [-84.733335999682396, 37.709768999775996],
            [-84.73330100042061, 37.709423999895833],
            [-84.733421000071203, 37.709102000311631],
            [-84.733642999829058, 37.708792999869601],
            [-84.733918000188666, 37.708536999723506],
            [-84.734322000419709, 37.708321999739312],
            [-84.734697000338429, 37.708190999853066],
            [-84.735052999990572, 37.708099000309893],
            [-84.735793999607196, 37.707972999745998],
            [-84.736812999956484, 37.707767999718826],
            [-84.737310000073947, 37.70762400024126],
            [-84.737676999596758, 37.707432999979346],
            [-84.738115999987897, 37.707162000087749],
            [-84.738664000158963, 37.70657699968389],
            [-84.738978999803237, 37.706146999801739],
            [-84.740060000076809, 37.704151000004885],
            [-84.740947000181606, 37.702613999807298],
            [-84.741242999559304, 37.702224999832175],
            [-84.741823000415749, 37.701522000333895],
            [-84.742345999574155, 37.700937000192432],
            [-84.742886000247651, 37.700123000160829],
            [-84.743481000274414, 37.699048999968355],
            [-84.743638999559835, 37.698620999910531],
            [-84.743698000009374, 37.698389999855664],
            [-84.743627999689167, 37.698046999760287],
            [-84.74351399988636, 37.697783000234914],
            [-84.743334999786214, 37.697585000329376],
            [-84.743053999578834, 37.69742500031375],
            [-84.74152700013974, 37.697114000055123],
            [-84.740732000096457, 37.696961999758116],
            [-84.739945000449069, 37.696756999841291],
            [-84.739618000210939, 37.696649000208446],
            [-84.737113000430455, 37.695341000220566],
            [-84.73626200031066, 37.695100000150248],
            [-84.735516999597763, 37.695006999878238],
            [-84.734601000078968, 37.695009000114624],
            [-84.734006999877124, 37.695059000319858],
            [-84.733370000017587, 37.695197000057455],
            [-84.732061000138401, 37.695480999656958],
            [-84.730421999648016, 37.695913999891019],
            [-84.728815999667887, 37.696317000272998],
            [-84.728386000395886, 37.696501000061211],
            [-84.728148999671106, 37.696554999649713],
            [-84.727517999659355, 37.696784000258042],
            [-84.727167999854984, 37.696843000107734],
            [-84.726873000302206, 37.696830000313525],
            [-84.726336999826685, 37.69674299993725],
            [-84.725920000075163, 37.696615999874666],
            [-84.725101999567315, 37.696203000097874],
            [-84.724386000065067, 37.695739000332388],
            [-84.723775000144784, 37.695181999742985],
            [-84.723392999655061, 37.694508000347653],
            [-84.722887000215081, 37.693482000126515],
            [-84.722754999970604, 37.69304899990648],
            [-84.72264799984049, 37.692905000267906],
            [-84.722386999724577, 37.692803000177037],
            [-84.722068999707261, 37.69279900029602],
            [-84.721725999575568, 37.692876000277245],
            [-84.721241000052004, 37.693080000117916],
            [-84.720754999805195, 37.693347999891927],
            [-84.720302000068656, 37.693508000175768],
            [-84.719616999630233, 37.693607999733629],
            [-84.718838000378767, 37.693738999803344],
            [-84.718101000061793, 37.69393200007584],
            [-84.71750699985995, 37.694140999793269],
            [-84.716982000153408, 37.694440000351065],
            [-84.715937999689771, 37.695075000065664],
            [-84.715571000166975, 37.695281999886461],
            [-84.715296999632258, 37.695372000184584],
            [-84.71379299975942, 37.695700999760291],
            [-84.712965999929068, 37.695707999810992],
            [-84.71156699963818, 37.695871999693431],
            [-84.710771999594883, 37.695999000319674],
            [-84.710210999903325, 37.696083999940072],
            [-84.709461000065872, 37.696203000097874],
            [-84.708501000166152, 37.696469999858479],
            [-84.706603000107975, 37.697109000316907],
            [-84.704888000347921, 37.697540000115545],
            [-84.704273000229691, 37.697633000053486],
            [-84.703442000201392, 37.69768700023905],
            [-84.702422000027198, 37.697709999990231],
            [-84.701555999838789, 37.697659000068754],
            [-84.700027999676479, 37.697407000192619],
            [-84.698266999885675, 37.696756999841291],
            [-84.69806299967118, 37.696553000165835],
            [-84.69787100005054, 37.696169000173839],
            [-84.697860000179901, 37.695763000085044],
            [-84.697949999693279, 37.695256999863254],
            [-84.698215999832044, 37.694532999912582],
            [-84.699884999561334, 37.692378000065084],
            [-84.701610000265461, 37.69001699989164],
            [-84.702499999845003, 37.689025999947333],
            [-84.703299000086247, 37.688135000096722],
            [-84.703786000157962, 37.687407000103427],
            [-84.704012000113764, 37.6867380001435],
            [-84.70402200015954, 37.686122999912754],
            [-84.70370400014221, 37.685503999995277],
            [-84.702667000249562, 37.6839310002849],
            [-84.702390000240158, 37.68359699973719],
            [-84.701862000160531, 37.682979000347366],
            [-84.701100999554129, 37.682263000149433],
            [-84.700537000387826, 37.681959999794621],
            [-84.699625999993586, 37.681623999727798],
            [-84.698702999903759, 37.681479999944244],
            [-84.697814999974057, 37.681476000163478],
            [-84.697055999915776, 37.681630000097833],
            [-84.696399999789648, 37.681983999741142],
            [-84.695824000029475, 37.682394999931063],
            [-84.695276999683301, 37.682825999941421],
            [-84.694018999857732, 37.684005999698833],
            [-84.693299000157509, 37.684571000286951],
            [-84.692525000030614, 37.685029000170978],
            [-84.69191599976017, 37.685330000288481],
            [-84.689976999694125, 37.685952000246438],
            [-84.687189000056421, 37.687194999929794],
            [-84.686495000295466, 37.687427000249492],
            [-84.686284000408278, 37.687524000241559],
            [-84.685793999963522, 37.687605000174351],
            [-84.685118999570818, 37.68754700030167],
            [-84.684398000045675, 37.68737900031644],
            [-84.683648000208223, 37.687108000333708],
            [-84.683194999573388, 37.686871000009347],
            [-84.68280700013419, 37.686585999903144],
            [-84.682520999903929, 37.686290999899434],
            [-84.682310999841633, 37.685997999912701],
            [-84.682125999893714, 37.685662999897495],
            [-84.682051000448965, 37.685244999715366],
            [-84.68216199987873, 37.684803000283637],
            [-84.682366000093225, 37.684429000347784],
            [-84.682617999988295, 37.68414100001678],
            [-84.682971999990627, 37.683923999833397],
            [-84.683555000321817, 37.683635999674351],
            [-84.683955000354885, 37.683443999895019],
            [-84.684278000395082, 37.683295000131089],
            [-84.684624999826411, 37.683101000333394],
            [-84.684945000391849, 37.682722000349585],
            [-84.685132999814527, 37.682396999796701],
            [-84.685236999571586, 37.682114999727204],
            [-84.68524999999039, 37.681716999720898],
            [-84.685178000020358, 37.681514000204679],
            [-84.685053000346883, 37.68118300035205],
            [-84.684906000033791, 37.680867000102715],
            [-84.684613000130824, 37.68032299998503],
            [-84.684304000334365, 37.679825000083561],
            [-84.684083000401415, 37.679458999712132],
            [-84.683658000253985, 37.67887599964773],
            [-84.683258000220889, 37.678431000343508],
            [-84.682937999655451, 37.678112000131222],
            [-84.682694000156275, 37.677897999710432],
            [-84.682530000124743, 37.677753999804096],
            [-84.682149000358237, 37.677447000231012],
            [-84.681704999944216, 37.677101000301185],
            [-84.681238999788917, 37.676784999728085],
            [-84.680852000174625, 37.676462000208375],
            [-84.68050499984497, 37.676149000164322],
            [-84.680320999721957, 37.675970999766086],
            [-84.680179000330057, 37.675759000324362],
            [-84.680067000177061, 37.67553200025398],
            [-84.680058999781139, 37.675235999986576],
            [-84.680119999880517, 37.674966999788303],
            [-84.680304999828451, 37.674693999890422],
            [-84.680616999997966, 37.674297000285833],
            [-84.680962999604375, 37.674003999851116],
            [-84.681244999636689, 37.673777000099712],
            [-84.681663999936347, 37.673579999787087],
            [-84.682178999597156, 37.673466999909486],
            [-84.682886999601806, 37.673370000021997],
            [-84.68356100016959, 37.673237000124125],
            [-84.684248000257838, 37.673113000154288],
            [-84.685353999747448, 37.672914000090678],
            [-84.685855000062872, 37.672783999918146],
            [-84.686127000049439, 37.672710000243249],
            [-84.686802000442128, 37.672490000197556],
            [-84.687439000301694, 37.672283999757411],
            [-84.688301000292128, 37.671987000325203],
            [-84.689144999840892, 37.671630000030696],
            [-84.68969100036216, 37.671406000014663],
            [-84.690031999945717, 37.67134600011142],
            [-84.690377999552112, 37.671244999963278],
            [-84.690589000337624, 37.671179999865593],
            [-84.691408999596959, 37.67097799969099],
            [-84.692329000212041, 37.670710000145419],
            [-84.693080999699305, 37.67051800033223],
            [-84.69369400016771, 37.670298999927745],
            [-84.694230999569839, 37.670080000299123],
            [-84.694740000281186, 37.669900999817528],
            [-84.695060999773233, 37.669816999800162],
            [-84.695645999754248, 37.669616999680862],
            [-84.696197000298369, 37.669401999893708],
            [-84.696756000340116, 37.669175000285755],
            [-84.69713399973358, 37.668992999769685],
            [-84.697747000201986, 37.66872099969796],
            [-84.69821699965695, 37.668506000159361],
            [-84.698543999895122, 37.668334999704598],
            [-84.699456000114267, 37.667769000129525],
            [-84.700232999715908, 37.667322999850839],
            [-84.700935999697677, 37.666788999990388],
            [-84.701315999639277, 37.666481000057566],
            [-84.701779000319874, 37.666171999761772],
            [-84.702109999857655, 37.665902000328067],
            [-84.702679999770055, 37.665415000346208],
            [-84.703315999804687, 37.664768999760412],
            [-84.703619999578294, 37.664437999872021],
            [-84.703776999937133, 37.664175000001919],
            [-84.704141999810105, 37.663537000076154],
            [-84.704414999621591, 37.66301299980757],
            [-84.704626000407103, 37.662558000083379],
            [-84.704767999799003, 37.662358000314747],
            [-84.705002999975662, 37.662013000282904],
            [-84.705111999755601, 37.661739999665521],
            [-84.705243000175173, 37.66141799994444],
            [-84.705324000366019, 37.660836000230873],
            [-84.705368999673553, 37.660291999752729],
            [-84.705211000388118, 37.659853999820108],
            [-84.704999999602592, 37.659504000101251],
            [-84.704875999754051, 37.659277999979004],
            [-84.704626000407103, 37.659095000194078],
            [-84.704313000412654, 37.659007999648495],
            [-84.704072000388237, 37.658971999956933],
            [-84.703826000340939, 37.659018999886612],
            [-84.703634999646908, 37.659057999941822],
            [-84.703026000274775, 37.659234999770881],
            [-84.702543000401036, 37.659544999672065],
            [-84.702257999995652, 37.659829999827082],
            [-84.701985000184195, 37.660181000019165],
            [-84.701699999778825, 37.660568000331416],
            [-84.701416999921605, 37.660870999862382],
            [-84.701051000223728, 37.66124599965363],
            [-84.700841999986338, 37.661483999917117],
            [-84.700312000256929, 37.661797999802552],
            [-84.69984500027671, 37.66198299974058],
            [-84.699390999816941, 37.662203000354509],
            [-84.698799000163234, 37.662425999855671],
            [-84.698148999884893, 37.662696999687022],
            [-84.697513999675166, 37.662998000095534],
            [-84.696912999800645, 37.663263000250545],
            [-84.69650100007199, 37.663406000000222],
            [-84.695779999648551, 37.663820000183826],
            [-84.695319000414415, 37.664083999713576],
            [-84.694925000229119, 37.664342000092311],
            [-84.694561000181039, 37.664543000022277],
            [-84.694325000179489, 37.664609999877946],
            [-84.694116999767033, 37.664635000275588],
            [-84.693818000016279, 37.664658000321133],
            [-84.693561999923247, 37.664632999931243],
            [-84.693370000302622, 37.664563999750023],
            [-84.693104000163828, 37.664318000127984],
            [-84.692718000374455, 37.663889000345513],
            [-84.692360999999096, 37.663368999763172],
            [-84.692160000157628, 37.663024000163325],
            [-84.692000000324072, 37.662718999779479],
            [-84.691698000200276, 37.662210999860285],
            [-84.691451000328058, 37.661771000161274],
            [-84.691169000295773, 37.661300999880915],
            [-84.69095500003553, 37.660901000142935],
            [-84.690802999699542, 37.660558000194399],
            [-84.690493000078149, 37.660130999771013],
            [-84.690200000175196, 37.659852000058045],
            [-84.689909999746973, 37.659467999939025],
            [-84.689543000224162, 37.659161000098585],
            [-84.689297000176865, 37.658959999818826],
            [-84.688898999793622, 37.658744999741636],
            [-84.688569000080719, 37.658687000063992],
            [-84.688160999651714, 37.658646999916613],
            [-84.687585999716461, 37.658672000189036],
            [-84.68671200003044, 37.658776999961226],
            [-84.686301000126718, 37.658891999947706],
            [-84.685890000222969, 37.659019999778849],
            [-84.685532999847609, 37.65920199985883],
            [-84.685148999708034, 37.659365000208183],
            [-84.684745000375329, 37.659480999881097],
            [-84.684322999702616, 37.659513999669088],
            [-84.683982000119073, 37.659542999901682],
            [-84.683671999599369, 37.659517000036971],
            [-84.683306999726383, 37.659400999709185],
            [-84.682848000142073, 37.659157999716264],
            [-84.682294999948112, 37.658777999856774],
            [-84.681863999952895, 37.658492000030897],
            [-84.68162499957829, 37.658284999949558],
            [-84.681333000398553, 37.658022000326191],
            [-84.681000000312636, 37.65766700024124],
            [-84.680565000119444, 37.65727099978848],
            [-84.680192999675441, 37.656873000226007],
            [-84.679872000183394, 37.656555999646713],
            [-84.679628999610841, 37.656298999873023],
            [-84.679420000271776, 37.65603299981796],
            [-84.679176999699209, 37.655703999966278],
            [-84.679016000040733, 37.655483000066731],
            [-84.678862000054963, 37.655150000134213],
            [-84.678632999726091, 37.654454000027471],
            [-84.678583000395705, 37.65418999967828],
            [-84.678590000068382, 37.653828000028085],
            [-84.678616999832556, 37.653569000126616],
            [-84.678677999931921, 37.653234000204776],
            [-84.678693000000536, 37.653195999905883],
            [-84.678867000077815, 37.652846000094229],
            [-84.679226000103014, 37.652537999919559],
            [-84.679534000074597, 37.652327999649906],
            [-84.679989000359257, 37.652064000276916],
            [-84.680165000086348, 37.651973000078883],
            [-84.680626000218808, 37.651709000155101],
            [-84.682983999686201, 37.650521000263701],
            [-84.684296999763347, 37.649868000123767],
            [-84.684890000140257, 37.64957299994331],
            [-84.685605999642533, 37.649193000105711],
            [-84.686081000018689, 37.648938999826406],
            [-84.686610999748112, 37.648698999828362],
            [-84.687092999796945, 37.648447000062625],
            [-84.687589999914422, 37.64821800031293],
            [-84.688268999606748, 37.647852999873585],
            [-84.688892999945807, 37.647494000059311],
            [-84.68936099975096, 37.647245999964717],
            [-84.689933000211511, 37.64694200025636],
            [-84.690289999688574, 37.646753000308777],
            [-84.690822999791038, 37.64643699997707],
            [-84.691328000304424, 37.646135999999991],
            [-84.691720999766503, 37.645870999884849],
            [-84.692119999974651, 37.645613000045408],
            [-84.692478000174958, 37.645347000121866],
            [-84.692822000131542, 37.645077000348323],
            [-84.693212000118876, 37.644604000118228],
            [-84.693561000098342, 37.644146999780936],
            [-84.693773999635354, 37.643813000132845],
            [-84.694002000139292, 37.643464000303823],
            [-84.694147999729168, 37.643147000099901],
            [-84.69426599972995, 37.642763999772249],
            [-84.694372999860065, 37.642285999874964],
            [-84.694393999776466, 37.641918999915703],
            [-84.694307999562753, 37.641597999724738],
            [-84.694217000224455, 37.641350999991893],
            [-84.69404200032227, 37.641117999882823],
            [-84.693741000023394, 37.640926999782657],
            [-84.693315000051044, 37.640787999970819],
            [-84.69278399959839, 37.640703000305749],
            [-84.692187999746722, 37.640707000149931],
            [-84.69182200004883, 37.640718000253713],
            [-84.691398999551225, 37.640734999764263],
            [-84.69136400028944, 37.640728999644566],
            [-84.691134000135662, 37.640735999902738],
            [-84.690658999759506, 37.640674999967963],
            [-84.690024000448091, 37.64059000017361],
            [-84.689479999576662, 37.640470999729068],
            [-84.689099999635062, 37.640400999713272],
            [-84.688280000375727, 37.640219999935681],
            [-84.687636999770078, 37.640117999972894],
            [-84.687183000208648, 37.640011999988701],
            [-84.686707999832493, 37.639885000264798],
            [-84.68617800010307, 37.639735999830272],
            [-84.685978999911427, 37.639644000023829],
            [-84.685114000446262, 37.639286999974573],
            [-84.68419399983118, 37.638872000128281],
            [-84.683645999660087, 37.638580000170414],
            [-84.682873000256421, 37.638183000199412],
            [-84.682427000192575, 37.637963000265962],
            [-84.681967999709954, 37.637687999788753],
            [-84.681501999554627, 37.637467000341253],
            [-84.681270999575958, 37.637326000089573],
            [-84.681124999986082, 37.63725700014129],
            [-84.68083600028109, 37.637162000262315],
            [-84.680272000216476, 37.636980999707511],
            [-84.679693000083248, 37.636879999756488],
            [-84.679045000353042, 37.636811000105411],
            [-84.678594000266344, 37.63685600016349],
            [-84.678086000278228, 37.636996999884374],
            [-84.677533999909173, 37.637143999747394],
            [-84.677090000393477, 37.637323999720785],
            [-84.676635999933723, 37.637516000017946],
            [-84.676051999777641, 37.637797000066044],
            [-84.675543999789511, 37.638126999747819],
            [-84.67513100023595, 37.638434999930581],
            [-84.67494100026515, 37.638546000159181],
            [-84.673915000243184, 37.639259999972765],
            [-84.673387000163572, 37.639586999808273],
            [-84.673060999750348, 37.639801999868645],
            [-84.672678000334017, 37.640149999683373],
            [-84.672498000408964, 37.64038799998761],
            [-84.672478000317469, 37.64060799985365],
            [-84.672490000013056, 37.640666000136633],
            [-84.672537999693617, 37.640885999890777],
            [-84.672674999960961, 37.641078999652748],
            [-84.672898000442046, 37.641308000072534],
            [-84.673382999965625, 37.641636000267326],
            [-84.6739029996493, 37.641875000202027],
            [-84.674431999553818, 37.642080000262567],
            [-84.674781000431594, 37.642182999784495],
            [-84.675225999772181, 37.642259999658428],
            [-84.675978999982703, 37.642346999909584],
            [-84.676698999682912, 37.642354000015295],
            [-84.678118999890202, 37.642356999653934],
            [-84.678518999923284, 37.642371999979268],
            [-84.678913999933499, 37.642403000025496],
            [-84.679296000423221, 37.64251099967256],
            [-84.679524000028849, 37.6426369997737],
            [-84.679876000381356, 37.643049999713313],
            [-84.680098000139196, 37.643442000196472],
            [-84.680206999919136, 37.643774999992559],
            [-84.680277000239343, 37.644053000270361],
            [-84.680319000072146, 37.644398999909988],
            [-84.680287000285091, 37.644681999701852],
            [-84.680258999797701, 37.644747000240763],
            [-84.68017799960684, 37.644922999958986],
            [-84.679999000405004, 37.645250999840627],
            [-84.679744000136864, 37.645555000068384],
            [-84.679414000423989, 37.645836000295482],
            [-84.67906999956908, 37.645956000038183],
            [-84.67889899986487, 37.646000000179761],
            [-84.678537000364926, 37.646037999893089],
            [-84.678154999875204, 37.646033000268837],
            [-84.677734999750641, 37.645957000106328],
            [-84.677119999632396, 37.645840999932986],
            [-84.676779000048853, 37.645755000288453],
            [-84.676297999824939, 37.645635000221063],
            [-84.675675000209083, 37.645488000087632],
            [-84.675169999695697, 37.645475999904271],
            [-84.674774999685482, 37.645470000167457],
            [-84.674331999994706, 37.645513999885672],
            [-84.673950000403295, 37.645558000289071],
            [-84.673428000171455, 37.64566300011186],
            [-84.672886999673068, 37.645719999933178],
            [-84.672289999996494, 37.645816000319556],
            [-84.671566999923215, 37.6459810003158],
            [-84.670928000413852, 37.646087999673455],
            [-84.670386000090559, 37.646224000043851],
            [-84.669925999783018, 37.646339000267304],
            [-84.669494999787787, 37.646461000031387],
            [-84.66920799973262, 37.646595000310995],
            [-84.668822999768139, 37.646803000319125],
            [-84.668550999781587, 37.646987999922459],
            [-84.668389000298191, 37.647178000035048],
            [-84.668262000076581, 37.64745500033159],
            [-84.668161999619159, 37.64773499972781],
            [-84.668089999649141, 37.648128999747605],
            [-84.668061000235141, 37.648628999742101],
            [-84.667994000287976, 37.649524999704255],
            [-84.66794200040944, 37.65001500012346],
            [-84.66783699992915, 37.650458999821836],
            [-84.667740999669675, 37.650754000039079],
            [-84.667451999964683, 37.651420000143133],
            [-84.667236000054615, 37.651757999683845],
            [-84.666954000022301, 37.652035999954329],
            [-84.666622999586195, 37.652322999737841],
            [-84.666300000444323, 37.652587000323763],
            [-84.666169000024752, 37.652697000053777],
            [-84.665962000335526, 37.652875000086439],
            [-84.665618000378927, 37.653112000186887],
            [-84.665315000430226, 37.653277000332338],
            [-84.665086000101368, 37.65340799979019],
            [-84.664770999558797, 37.653540999660279],
            [-84.66429000023318, 37.653687000248659],
            [-84.663850999842026, 37.653835999725104],
            [-84.663306000043988, 37.654003000315086],
            [-84.662440999680484, 37.654229000136475],
            [-84.662071999609552, 37.654306000324489],
            [-84.66156299979653, 37.654414999687454],
            [-84.661007000127839, 37.654522999648847],
            [-84.659777999716269, 37.654669999679683],
            [-84.659284999796753, 37.654725999750397],
            [-84.658781000006613, 37.654718000149259],
            [-84.658212999744038, 37.654704000134075],
            [-84.65781199988605, 37.654672000292543],
            [-84.657375999867952, 37.654637999823557],
            [-84.657016999842753, 37.654572000165594],
            [-84.656694999627476, 37.654478000335956],
            [-84.656617999634577, 37.654455999934939],
            [-84.656193000385457, 37.654259000256147],
            [-84.655671999978551, 37.653981999733467],
            [-84.655473999611843, 37.653807000108195],
            [-84.65497200036981, 37.653417000211377],
            [-84.654646999781505, 37.653182000314914],
            [-84.653934999578865, 37.652644999787924],
            [-84.653738999760307, 37.652497000035474],
            [-84.653394999803709, 37.652252000239123],
            [-84.653142999908638, 37.652005999647791],
            [-84.652844999982804, 37.651709000155101],
            [-84.652622000400029, 37.651375999656295],
            [-84.65229400033698, 37.650891999692604],
            [-84.652097999620096, 37.650509000182197],
            [-84.651960000426143, 37.650132000190993],
            [-84.651827000356747, 37.649683999888353],
            [-84.651730000272366, 37.649001000114744],
            [-84.65168199969348, 37.648583999702645],
            [-84.651699000310231, 37.648016000242713],
            [-84.651726999899324, 37.647438000225002],
            [-84.651859999968707, 37.646635999897015],
            [-84.652141000176087, 37.645365000071841],
            [-84.652453000345645, 37.643993999691951],
            [-84.652551000254931, 37.643589000111035],
            [-84.652619000027002, 37.643385000049683],
            [-84.652736000202864, 37.642985999931561],
            [-84.652891000013554, 37.642535999687048],
            [-84.653043000349527, 37.642181000257864],
            [-84.653208000205964, 37.641887000255856],
            [-84.653517000002452, 37.641424000211494],
            [-84.653797000384927, 37.64117599976764],
            [-84.654255000144346, 37.640828999916785],
            [-84.654539999651377, 37.640713000271397],
            [-84.65497900004253, 37.640648999898957],
            [-84.655378000250693, 37.64065799973234],
            [-84.655809000245895, 37.640689999921584],
            [-84.656246000088913, 37.640807999877872],
            [-84.65659800044142, 37.640977000158003],
            [-84.657112000277309, 37.64126399999698],
            [-84.657581999732272, 37.641562000128687],
            [-84.658196999850517, 37.641906999867039],
            [-84.658507000370236, 37.642110999719314],
            [-84.65878600002948, 37.642288000110156],
            [-84.659073999909566, 37.642424999729229],
            [-84.659308000261305, 37.642454000234054],
            [-84.659523000346454, 37.642436000289955],
            [-84.660026000311703, 37.642357999770532],
            [-84.660349000351886, 37.642255999897927],
            [-84.660988999686168, 37.641971999988904],
            [-84.661178999656983, 37.641859999776344],
            [-84.661381000221652, 37.641722999826584],
            [-84.662218000097724, 37.641143999787744],
            [-84.662684000253051, 37.640833999891299],
            [-84.662880000071638, 37.640749999705811],
            [-84.663397000280597, 37.640733000198651],
            [-84.663773999849141, 37.640713999698825],
            [-84.664023000269466, 37.640693000338764],
            [-84.66457100044056, 37.640633999937059],
            [-84.665015999781176, 37.640537999966945],
            [-84.665385999677014, 37.640420999724526],
            [-84.665762000318963, 37.64022299966048],
            [-84.665986999551563, 37.640032000104661],
            [-84.66605699987177, 37.639758000323802],
            [-84.666061000069732, 37.639494999817323],
            [-84.665960999612281, 37.63909899991657],
            [-84.665683999602862, 37.638554000079537],
            [-84.665491000157317, 37.638201999923787],
            [-84.665416999639177, 37.637924999978686],
            [-84.665333999798492, 37.6374510002656],
            [-84.665307999859223, 37.637030999893078],
            [-84.665349999692026, 37.636749000312712],
            [-84.665399000095803, 37.636560000040397],
            [-84.665527000142333, 37.636447000009248],
            [-84.6658049999767, 37.636178000099761],
            [-84.666117999971135, 37.635848000298139],
            [-84.666247999667476, 37.635647999726594],
            [-84.666384000109915, 37.635449999747415],
            [-84.666446999859104, 37.635310000147939],
            [-84.666534999722657, 37.63515199999852],
            [-84.666606999692675, 37.634965999869372],
            [-84.666694999556228, 37.634774000096733],
            [-84.66676200040169, 37.634500000132675],
            [-84.666749999807806, 37.634291000309091],
            [-84.666693999731308, 37.634128999929068],
            [-84.666533000072832, 37.633928000191851],
            [-84.666331000406458, 37.633744000309598],
            [-84.66611600032131, 37.633577999932193],
            [-84.665902999885972, 37.633432999890452],
            [-84.665555999556332, 37.63326900000763],
            [-84.665316000255146, 37.633183000037228],
            [-84.664987000367177, 37.633110999786879],
            [-84.664531000257583, 37.633109000016091],
            [-84.664264000293898, 37.633154999711017],
            [-84.663761000328648, 37.633214999888928],
            [-84.663439000113371, 37.633284000033662],
            [-84.663131000141803, 37.633429999891504],
            [-84.662840999713566, 37.633662999923189],
            [-84.662762999895776, 37.633778999904763],
            [-84.662654000115836, 37.634078999924924],
            [-84.662341999946278, 37.634632000205137],
            [-84.662068000309915, 37.635004999751423],
            [-84.66176899966085, 37.635269000001848],
            [-84.661390000442481, 37.635486999668636],
            [-84.66102700021932, 37.635588000090436],
            [-84.660649999752465, 37.635616000211229],
            [-84.659833999792767, 37.635555000341007],
            [-84.659405000345672, 37.635517000244974],
            [-84.659125999788117, 37.635449999747415],
            [-84.658900999657206, 37.635350000060427],
            [-84.658750000044463, 37.635156000141492],
            [-84.658533000309504, 37.634895999646631],
            [-84.658295999584723, 37.634501000355087],
            [-84.658119999857632, 37.634455000070552],
            [-84.657929000061927, 37.634405000285767],
            [-84.657433999594275, 37.634405000285767],
            [-84.656842999765473, 37.634636999885295],
            [-84.656342000348374, 37.634876999788204],
            [-84.655856999926485, 37.63521000027248],
            [-84.655452999695441, 37.635574000026068],
            [-84.654990999738075, 37.636114000088945],
            [-84.654619000192397, 37.63652199974689],
            [-84.6539160002106, 37.637549999789151],
            [-84.653533999720878, 37.637932999965848],
            [-84.652726999982022, 37.638572000252857],
            [-84.652278000443459, 37.639016000065034],
            [-84.651958999702913, 37.639590999712482],
            [-84.651550000347314, 37.640141999934876],
            [-84.651160000359965, 37.640339000070966],
            [-84.650863000259065, 37.640369000110852],
            [-84.650499000210985, 37.640312999884308],
            [-84.649995000420816, 37.640052000215242],
            [-84.649453000097523, 37.63957299978604],
            [-84.648966999850714, 37.638968000117146],
            [-84.648895999705601, 37.638599999960512],
            [-84.648967999675634, 37.638309999987243],
            [-84.649182999760768, 37.638021999943405],
            [-84.649863000176353, 37.637643999703307],
            [-84.65060999964075, 37.63725700014129],
            [-84.651114000329216, 37.63682399974558],
            [-84.651449000064957, 37.636333000319887],
            [-84.651563999692698, 37.635992999895663],
            [-84.651614999746329, 37.634784000149054],
            [-84.651584999609099, 37.634071000234151],
            [-84.651435999646168, 37.633701000255996],
            [-84.65106599975033, 37.63338000012844],
            [-84.6509860002827, 37.633351000349997],
            [-84.650694000204652, 37.633244999959722],
            [-84.650242000293048, 37.633186000046152],
            [-84.649508000349101, 37.63319200006363],
            [-84.648536999680402, 37.633205999865318],
            [-84.647134999914798, 37.633198000080569],
            [-84.64627499957416, 37.633110999786879],
            [-84.645759999913366, 37.632920999977088],
            [-84.645072000000198, 37.63260499985406],
            [-84.644749999784906, 37.632396999931281],
            [-84.644667999769155, 37.632344999681763],
            [-84.644211999659575, 37.631883000190356],
            [-84.64391200008393, 37.631414999800569],
            [-84.64373600035681, 37.630832000158854],
            [-84.643733999808674, 37.630295999822152],
            [-84.643876000098913, 37.62974499986251],
            [-84.643996999574426, 37.629148999657026],
            [-84.643946000419106, 37.62832899986627],
            [-84.643651999792908, 37.627518999884593],
            [-84.642983999971236, 37.626398999966824],
            [-84.642218000240263, 37.625258999718682],
            [-84.641843000321543, 37.624700000137928],
            [-84.641208000111803, 37.623920000018479],
            [-84.640879000223833, 37.62370599990853],
            [-84.640517999650498, 37.623639999803551],
            [-84.639269999870677, 37.623391999769176],
            [-84.63784299999071, 37.622989000350131],
            [-84.636821000166705, 37.622722999827964],
            [-84.636251000254305, 37.622486000248728],
            [-84.636133000253523, 37.622338000176264],
            [-84.636056000260638, 37.622121000037282],
            [-84.636021999925447, 37.621765000155492],
            [-84.636149000147057, 37.621451000355727],
            [-84.636343000315804, 37.621072999784694],
            [-84.63707200023687, 37.620502000085231],
            [-84.63823899982583, 37.619712999798573],
            [-84.638762999707481, 37.619403000149759],
            [-84.639632000268932, 37.618928999702533],
            [-84.639965000354863, 37.618818999779151],
            [-84.640474999992804, 37.618736999769226],
            [-84.640946999995904, 37.61881399974645],
            [-84.641646999604632, 37.619241999764824],
            [-84.642619999923156, 37.620324999740298],
            [-84.643040999872653, 37.621030000226725],
            [-84.643495000332393, 37.622228000316127],
            [-84.643933999825236, 37.622998000187984],
            [-84.644504999562542, 37.62375100007592],
            [-84.644973000265992, 37.624073000178136],
            [-84.645390999842434, 37.624165000052813],
            [-84.645744999844752, 37.624134000223762],
            [-84.646011999808451, 37.623942999867253],
            [-84.646329000000847, 37.623543999934299],
            [-84.64663899962224, 37.622887999881414],
            [-84.646996999822534, 37.622032000226682],
            [-84.647336999581157, 37.621501000317437],
            [-84.647432000015726, 37.621230000292904],
            [-84.647564000260189, 37.62086600001286],
            [-84.647925999760133, 37.620393999756061],
            [-84.648461000410734, 37.620067999840046],
            [-84.649125999859379, 37.619919000227483],
            [-84.650054999796978, 37.61980599979691],
            [-84.650632000280382, 37.61967099987595],
            [-84.651167000032686, 37.619378000179154],
            [-84.652295999986819, 37.618521999955952],
            [-84.652567000148451, 37.61821000015037],
            [-84.652528999615299, 37.617875000162748],
            [-84.652398999918958, 37.617733000003511],
            [-84.652203000100386, 37.617573999748849],
            [-84.651327999691148, 37.617193999902149],
            [-84.65021299998071, 37.616723000276743],
            [-84.649318000378315, 37.616063000060528],
            [-84.648950999957194, 37.61558499989453],
            [-84.648677000320802, 37.614809000018951],
            [-84.648581000061327, 37.614069999781968],
            [-84.648618999696168, 37.61258599978995],
            [-84.648877000337336, 37.610550000331273],
            [-84.648775000230103, 37.610094000332921],
            [-84.648559000320034, 37.609896999726303],
            [-84.647683000085877, 37.609464999899807],
            [-84.647077000188474, 37.609310999717408],
            [-84.646959000187692, 37.609281999799883],
            [-84.646363000336024, 37.60929300028527],
            [-84.645918999922017, 37.609445999945379],
            [-84.645671000224894, 37.609722000154946],
            [-84.645528999934683, 37.610267999903741],
            [-84.645174999932365, 37.611511000222549],
            [-84.644650000225809, 37.612486999746615],
            [-84.644246999819671, 37.612764999663057],
            [-84.643633000424671, 37.612599999914814],
            [-84.643198000231479, 37.612225999841662],
            [-84.642881000039083, 37.611700000148311],
            [-84.642769999710993, 37.6115169998548],
            [-84.64194100023083, 37.609698000332124],
            [-84.641251999594417, 37.608775999909668],
            [-84.640059000066188, 37.607673000105336],
            [-84.638816000309234, 37.60629899995569],
            [-84.637946999747797, 37.605496999702233],
            [-84.63756000013349, 37.60514600017553],
            [-84.63732499995686, 37.604933999934872],
            [-84.636587999639886, 37.604267000285844],
            [-84.636473000012145, 37.604164000168673],
            [-84.635821000083993, 37.603539999753863],
            [-84.635026000040696, 37.602617999861721],
            [-84.634242999692972, 37.601712999825118],
            [-84.633702999917801, 37.601318999956263],
            [-84.632691999964436, 37.600973999703349],
            [-84.632139999595395, 37.60093099991041],
            [-84.631741000285558, 37.601068000322769],
            [-84.630870000074282, 37.601637999839255],
            [-84.630022000327529, 37.602085000203147],
            [-84.629547999776292, 37.602233000019922],
            [-84.629234999781843, 37.602331000246323],
            [-84.627022000079421, 37.60265599969555],
            [-84.625832000025909, 37.602606999812529],
            [-84.625035000332801, 37.60270400031942],
            [-84.624646999995292, 37.602839999665257],
            [-84.624214000350221, 37.602991999853934],
            [-84.623349999811651, 37.603157000278394],
            [-84.622907000120861, 37.603240000319111],
            [-84.622640000157162, 37.603447999979899],
            [-84.622382000414305, 37.603553000231067],
            [-84.622306000246326, 37.60358400010066],
            [-84.621667999663572, 37.60343600012478],
            [-84.620685000197597, 37.602915999798412],
            [-84.619444000090482, 37.602023999861132],
            [-84.618772000070834, 37.601348000131537],
            [-84.618019999685231, 37.600285000062776],
            [-84.61746400001654, 37.598723999692147],
            [-84.61741899981071, 37.597631999666177],
            [-84.617741000025973, 37.595738999895097],
            [-84.618139000409244, 37.594460999790343],
            [-84.618440999634728, 37.593621999941611],
            [-84.618452000403678, 37.593406000062174],
            [-84.61845999990129, 37.593252000088249],
            [-84.618470999771944, 37.593051000160528],
            [-84.618438999984903, 37.593029000078793],
            [-84.618358999618962, 37.592974999915398],
            [-84.617827000239714, 37.592615999796749],
            [-84.616313000321114, 37.591591000044914],
            [-84.613610999998826, 37.589772000158504],
            [-84.611531000365773, 37.588360999825142],
            [-84.60843700040634, 37.586269999866495],
            [-84.608343999621596, 37.58620699976408],
            [-84.605918000382147, 37.584567000088661],
            [-84.605013999660599, 37.583949000200974],
            [-84.604603999581784, 37.583669999897751],
            [-84.604391999869677, 37.583523999858166],
            [-84.602179000167254, 37.58201100001596],
            [-84.6021139998699, 37.581966999726497],
            [-84.601862999799749, 37.581794999898804],
            [-84.598691000022498, 37.57962700000305],
            [-84.592305999561802, 37.575263000148908],
            [-84.584724000273212, 37.570080000004928],
            [-84.583434999587183, 37.569199000250265],
            [-84.583251000362495, 37.569073000294281],
            [-84.574228000051932, 37.562907999822436],
            [-84.567563000107043, 37.558348000325999],
            [-84.56599700030992, 37.557279000294507],
            [-84.565906000073312, 37.557215999876021],
            [-84.565843000324136, 37.55717400027963],
            [-84.565639000109613, 37.5570349998696],
            [-84.565511999888031, 37.556949999895821],
            [-84.565352000054446, 37.556841999889826],
            [-84.561976999887605, 37.554564999644576],
            [-84.552529000327922, 37.548183000155255],
            [-84.547981999650915, 37.545113000339583],
            [-84.547687999923042, 37.54491300009461],
            [-84.543542999827267, 37.542115000237281],
            [-84.542879000203541, 37.541666000112826],
            [-84.542534000422052, 37.541432999686904],
            [-84.540412999882818, 37.540001000177291],
            [-84.540196000147844, 37.539853999941968],
            [-84.540057000230661, 37.539759000314071],
            [-84.534700000340081, 37.536143000265334],
            [-84.532952000069741, 37.534961999976517],
            [-84.527309999773792, 37.531151999829667],
            [-84.524206999593517, 37.529055999886857],
            [-84.523649000275, 37.528679999936742],
            [-84.521814999790948, 37.527441000260097],
            [-84.52164400008671, 37.527326000000784],
            [-84.514927000263313, 37.522788000339268],
            [-84.514897000126084, 37.522769000350237],
            [-84.514870000361896, 37.522750999943675],
            [-84.514837999676544, 37.52272899975754],
            [-84.514806999714395, 37.522707000277407],
            [-84.514789999995955, 37.522695999822425],
            [-84.508222000135476, 37.51825700004931],
            [-84.499874000217602, 37.512622999826242],
            [-84.496623999724235, 37.510407000046669],
            [-84.496268000072064, 37.51016499965079],
            [-84.496048999788968, 37.510016000241755],
            [-84.495395000210976, 37.509569999993928],
            [-84.494314999762338, 37.508833999838544],
            [-84.492857999745155, 37.507840000067532],
            [-84.491457999629347, 37.506885999730208],
            [-84.49135700024533, 37.506816999970304],
            [-84.487614999657353, 37.504265000198451],
            [-84.483165999787971, 37.501230999666546],
            [-84.473202999669169, 37.494439999994427],
            [-84.473023999569023, 37.494482999966905],
            [-84.472928000207872, 37.494570999767063],
            [-84.472825000275705, 37.494741999956908],
            [-84.472722000343538, 37.494928999828943],
            [-84.471764000093614, 37.495877000033552],
            [-84.471656000138594, 37.495984000015056],
            [-84.471250000257726, 37.496385000020801],
            [-84.471075000355555, 37.496559000147883],
            [-84.470799000171013, 37.496586999835536],
            [-84.470532000207342, 37.496564999776368],
            [-84.470358000130062, 37.496530999737004],
            [-84.470228000433721, 37.496504999906051],
            [-84.470035999914771, 37.496444999987531],
            [-84.469918999738908, 37.496340999776969],
            [-84.469722000095416, 37.496146000328146],
            [-84.469380999613563, 37.495742999853761],
            [-84.469282999704276, 37.495598999924425],
            [-84.469173000099403, 37.495436999850227],
            [-84.469024999961405, 37.495024000240093],
            [-84.468486999836074, 37.494738000106985],
            [-84.468070000084552, 37.494628999837829],
            [-84.467786000402441, 37.49468200004744],
            [-84.467326999919791, 37.494699000133608],
            [-84.466952999825978, 37.494406999667241],
            [-84.466700999930907, 37.493943999997441],
            [-84.466555000341032, 37.493862999991151],
            [-84.466121999797693, 37.493619000180324],
            [-84.465652000342715, 37.49331799993481],
            [-84.464720000032074, 37.49298700032913],
            [-84.464166999838113, 37.49286199984239],
            [-84.463638999758501, 37.492864999805221],
            [-84.463044999556672, 37.492949000140555],
            [-84.462678999858781, 37.493005000074128],
            [-84.46194900011281, 37.493112999878228],
            [-84.460978000342422, 37.493077999708035],
            [-84.460286000231292, 37.493007000045495],
            [-84.459737000235293, 37.492872999705469],
            [-84.459400999776321, 37.492778000121902],
            [-84.459127999964835, 37.492788000008758],
            [-84.458609000106065, 37.492929999682666],
            [-84.457800999643993, 37.492909999945695],
            [-84.457597000327809, 37.492848000014341],
            [-84.457231999556512, 37.492609999684809],
            [-84.4569360001788, 37.492552000184347],
            [-84.456812000330245, 37.492494999918677],
            [-84.456340000327145, 37.491772999677956],
            [-84.456137999762461, 37.491614999875203],
            [-84.455952999814542, 37.491619999896677],
            [-84.455167999816979, 37.491882999839554],
            [-84.454844999776796, 37.491979999847587],
            [-84.453822000127872, 37.491956999857052],
            [-84.453607000042737, 37.492024999808514],
            [-84.453468999950445, 37.492133000316969],
            [-84.453068000092458, 37.492694000306997],
            [-84.452898000213139, 37.492854999928717],
            [-84.452606000135106, 37.492865999792777],
            [-84.452394000422998, 37.492770000211472],
            [-84.452309999859096, 37.492582999922988],
            [-84.452313000232138, 37.492277999797096],
            [-84.452317000430099, 37.491573999686857],
            [-84.452226000193519, 37.491260000348909],
            [-84.452122000436432, 37.491073999855217],
            [-84.451795000198288, 37.490875000140079],
            [-84.451631999991676, 37.490734000139213],
            [-84.451457999914396, 37.490258000217558],
            [-84.451073999774835, 37.490019000162718],
            [-84.449767000443785, 37.489055999867212],
            [-84.449875000398805, 37.488801000285797],
            [-84.449834000390936, 37.488457000016297],
            [-84.449631999826266, 37.488106999993569],
            [-84.449291000242724, 37.487781999726053],
            [-84.448902000080281, 37.487503000076991],
            [-84.448601999606311, 37.487368999841948],
            [-84.448496000199427, 37.487241999806876],
            [-84.44836399995495, 37.486988999868146],
            [-84.448189000052764, 37.486857000272735],
            [-84.447856999791739, 37.486705999828587],
            [-84.447580999607226, 37.486549000072216],
            [-84.447182000297374, 37.486256999820398],
            [-84.446854000234296, 37.485998999712486],
            [-84.446718999616778, 37.485892999763557],
            [-84.446198000108183, 37.485796999774145],
            [-84.446084000305376, 37.485776000183293],
            [-84.445848000303826, 37.485733000187906],
            [-84.441452999962777, 37.484923999889418],
            [-84.43120000031405, 37.483042999897762],
            [-84.425616999569343, 37.482012999889058],
            [-84.421849999765342, 37.48131899998247],
            [-84.414701000121795, 37.480002000051002],
            [-84.408971999787227, 37.478949999924673],
            [-84.403578000086725, 37.47795799980485],
            [-84.395440000231119, 37.476462000010997],
            [-84.389500999834254, 37.475369999647867],
            [-84.38628800004912, 37.47478599973941],
            [-84.375140999724579, 37.472764000072488],
            [-84.374440000290917, 37.472662999748422],
            [-84.374334999810628, 37.472703000076642],
            [-84.374211999786979, 37.472750000042794],
            [-84.373830000195568, 37.473098000207536],
            [-84.373497999934543, 37.473533999807188],
            [-84.373286000222436, 37.473912000001569],
            [-84.373230000145938, 37.474434000080713],
            [-84.373324999682183, 37.475276000129455],
            [-84.373138000084438, 37.475473000319276],
            [-84.372527999989074, 37.475968000125725],
            [-84.372110000412647, 37.476179000020224],
            [-84.371879000433964, 37.476411000122077],
            [-84.371840000075906, 37.476619999781505],
            [-84.371828000380319, 37.477658000092866],
            [-84.371715000402418, 37.477708999843742],
            [-84.371543999799897, 37.477734999801129],
            [-84.371225999782567, 37.477756999703232],
            [-84.371110000329949, 37.477872000058071],
            [-84.37122300030785, 37.478425999659656],
            [-84.371131000246336, 37.478441999700379],
            [-84.370860999909581, 37.478402999773344],
            [-84.370747000106789, 37.478445000242253],
            [-84.370721000167507, 37.478627000100474],
            [-84.370869000305518, 37.479097999845642],
            [-84.370737999885947, 37.479383999979817],
            [-84.370541000242454, 37.47956199974],
            [-84.370439000135192, 37.480084999721996],
            [-84.370323999609155, 37.480138000271026],
            [-84.370118999569755, 37.480242000230326],
            [-84.369594999688104, 37.480325000347619],
            [-84.369367000082477, 37.480421999680743],
            [-84.369295000112459, 37.480602000123319],
            [-84.369184999609274, 37.480980999645404],
            [-84.369002000209491, 37.481093999738405],
            [-84.368751000139326, 37.481143999851184],
            [-84.368447000365705, 37.481068000236803],
            [-84.367977999837336, 37.480799999966749],
            [-84.367773999622841, 37.480744000150651],
            [-84.367647000299542, 37.480903000282659],
            [-84.367484000092929, 37.481633999898754],
            [-84.367275999680473, 37.4818009999358],
            [-84.367227000174978, 37.481990999814286],
            [-84.367089999907634, 37.482522000199424],
            [-84.366752999623728, 37.482916000349945],
            [-84.366390000298892, 37.483197999659609],
            [-84.366340999895101, 37.483395000350718],
            [-84.366565000201078, 37.484493000234011],
            [-84.366433999781506, 37.485357000085841],
            [-84.366432000131681, 37.485926999655966],
            [-84.366344000268128, 37.486097000311489],
            [-84.36608300015223, 37.486137999942073],
            [-84.365728000324992, 37.486079999693104],
            [-84.365484999752439, 37.486039000030679],
            [-84.365179000328993, 37.485998000345759],
            [-84.365042999886555, 37.486025000349422],
            [-84.364982999612096, 37.486150000160031],
            [-84.36509200029036, 37.486331999784035],
            [-84.365154000214631, 37.486546999927874],
            [-84.365238999705127, 37.486839999827303],
            [-84.3652010000703, 37.48705499993477],
            [-84.364939999954387, 37.487115000268716],
            [-84.364361999646079, 37.487116000333266],
            [-84.364042999803843, 37.487212000053312],
            [-84.36344799977708, 37.487726000153465],
            [-84.362742000320566, 37.487924999704347],
            [-84.362374999899458, 37.48811000014738],
            [-84.362272999792225, 37.488170999684399],
            [-84.362051000034342, 37.488429000131859],
            [-84.362076000148704, 37.488619000261828],
            [-84.36233200024175, 37.489319000284638],
            [-84.36230399975436, 37.489542999961401],
            [-84.361914999591917, 37.489990000124926],
            [-84.361893999675516, 37.490441999852095],
            [-84.361788000268632, 37.490575000258701],
            [-84.361543999871159, 37.490653000215467],
            [-84.361393000258417, 37.490804999824107],
            [-84.361175999625118, 37.491397000040763],
            [-84.361061999822311, 37.491459999757481],
            [-84.360752000200918, 37.491581999725383],
            [-84.360388000152838, 37.491713000234334],
            [-84.359911999951777, 37.492193000135956],
            [-84.359783000080341, 37.492472000086721],
            [-84.359620999698649, 37.493084000328928],
            [-84.359300000206588, 37.493501999871441],
            [-84.359092999619023, 37.493680000207753],
            [-84.358384999614387, 37.493959000305779],
            [-84.358188999795786, 37.494092000151667],
            [-84.358008000045828, 37.494559000189177],
            [-84.357468000270671, 37.494949999697617],
            [-84.357442000331389, 37.495120999732478],
            [-84.357566000179958, 37.495871000349744],
            [-84.357655999693321, 37.49668699995798],
            [-84.357630999578973, 37.497020000134356],
            [-84.35752599999698, 37.497208999862835],
            [-84.357331000003313, 37.497267000022958],
            [-84.356879000091681, 37.497244000235177],
            [-84.356560000249473, 37.497310999721201],
            [-84.355538000425454, 37.497940000282988],
            [-84.355340000058746, 37.498188999812044],
            [-84.355125999798489, 37.498681999681715],
            [-84.354883999949152, 37.499076000123054],
            [-84.354740000009116, 37.499434999869074],
            [-84.354769000321426, 37.499697000190388],
            [-84.35523899977639, 37.50045299977775],
            [-84.355223999707775, 37.500642999965564],
            [-84.35509700038449, 37.500786000264441],
            [-84.354843999766175, 37.500944999786789],
            [-84.354736999636046, 37.501116000347452],
            [-84.354326999557244, 37.501759999669325],
            [-84.354253999762307, 37.501993000018786],
            [-84.354317000409807, 37.50221999975475],
            [-84.354523000274128, 37.502603000202939],
            [-84.355033999736975, 37.50302400018164],
            [-84.355474999777954, 37.50353900034677],
            [-84.355807000038965, 37.50392000005084],
            [-84.356085999698209, 37.504097999784875],
            [-84.356831000411105, 37.504296999897932],
            [-84.357233999918932, 37.504492000153093],
            [-84.358080000015846, 37.505153000130271],
            [-84.358284000230356, 37.505129000097668],
            [-84.358546000171174, 37.505150999771544],
            [-84.358779999624588, 37.505337999944651],
            [-84.358919000440068, 37.505671999839102],
            [-84.358818000157726, 37.505868999692893],
            [-84.358515000209039, 37.50623500035622],
            [-84.358478000399103, 37.506351999956138],
            [-84.358573999760281, 37.506687999907292],
            [-84.358451999561538, 37.5070479999074],
            [-84.358583999806015, 37.507254999780514],
            [-84.359049000136423, 37.507732000184163],
            [-84.359507999720734, 37.508010000016043],
            [-84.359614999850848, 37.508244999663674],
            [-84.359671999752251, 37.509014000225484],
            [-84.359609999827981, 37.509699999826864],
            [-84.359682999622919, 37.510045000341307],
            [-84.360025999754583, 37.510436999746581],
            [-84.360244000212802, 37.510755000100325],
            [-84.360451999726934, 37.511609000202895],
            [-84.360680000230886, 37.51235099985842],
            [-84.361318999740249, 37.51367000030335],
            [-84.361327999961091, 37.513996000195981],
            [-84.361122999921676, 37.514109000219825],
            [-84.36055100035945, 37.514346000016801],
            [-84.360274000350017, 37.51460399981508],
            [-84.360212000425747, 37.51480100032262],
            [-84.360333999726166, 37.514982999953261],
            [-84.360609999910693, 37.515239000311091],
            [-84.360835999866481, 37.515550999916222],
            [-84.360893999592818, 37.515732000174069],
            [-84.360766000444613, 37.515864999713649],
            [-84.360343999771914, 37.51601299988166],
            [-84.360130000409967, 37.516048999666317],
            [-84.359469000260987, 37.516155999952929],
            [-84.359153999718401, 37.516330999991197],
            [-84.359071999702635, 37.516474000165651],
            [-84.359107999687652, 37.516836999706641],
            [-84.358896999800464, 37.517158999941493],
            [-84.358777999974748, 37.517427000139662],
            [-84.358838000249236, 37.517825999672425],
            [-84.358778999799682, 37.517933000261124],
            [-84.358242000397553, 37.517943999993342],
            [-84.357926000030062, 37.518011000140788],
            [-84.357705999922032, 37.518242999995223],
            [-84.357194999560875, 37.518550999866768],
            [-84.356801000273904, 37.518943000196522],
            [-84.356337999593293, 37.519361000322355],
            [-84.355982999766056, 37.519547000177781],
            [-84.355728000396255, 37.519787000110618],
            [-84.354822000024868, 37.520288999997533],
            [-84.354579000350626, 37.52057499986487],
            [-84.353786999782059, 37.521259999756005],
            [-84.353541999559681, 37.521598999802443],
            [-84.35328700018988, 37.522344999673699],
            [-84.352985000066084, 37.523179000201687],
            [-84.352778000376844, 37.52356599970944],
            [-84.352692999988051, 37.52384399969646],
            [-84.352780000026669, 37.524524000255106],
            [-84.352698999835823, 37.524630000225905],
            [-84.352309999673395, 37.524770000064109],
            [-84.352148000189999, 37.52497399984653],
            [-84.351938999952623, 37.525704000281557],
            [-84.351545999592233, 37.526239000060848],
            [-84.351195999787876, 37.526687000212178],
            [-84.350865000250067, 37.527357999787192],
            [-84.350787000432263, 37.527799999662598],
            [-84.350642999593916, 37.528140999656159],
            [-84.350511000247749, 37.528726000081619],
            [-84.350523999768214, 37.52916799968753],
            [-84.350096000146038, 37.530112000281036],
            [-84.349974999772215, 37.530470999651605],
            [-84.350023000351115, 37.5308330000057],
            [-84.350102999818745, 37.531085000084772],
            [-84.350337000170484, 37.53183099984529],
            [-84.350760999594684, 37.532712999911212],
            [-84.350721000310031, 37.532958999784832],
            [-84.350705000416511, 37.533182000159265],
            [-84.350917000128618, 37.533912000052652],
            [-84.3509370002201, 37.534354000270099],
            [-84.3508600002272, 37.534492000094701],
            [-84.350746000424394, 37.534513999661129],
            [-84.350599999936193, 37.534479999810351],
            [-84.349998000236752, 37.534019999802915],
            [-84.349816999588469, 37.533995999792751],
            [-84.349116999979742, 37.534100999690999],
            [-84.348792000289734, 37.534242999854193],
            [-84.348680000136724, 37.534398000190265],
            [-84.348671999740816, 37.534706000329386],
            [-84.348583000052372, 37.535055999882353],
            [-84.348633000281083, 37.535344999805602],
            [-84.348490999990844, 37.535642000337035],
            [-84.348188999867048, 37.536004999934192],
            [-84.348012000315066, 37.53624599975241],
            [-84.348035999706184, 37.536719999714691],
            [-84.348227000400215, 37.536829999894358],
            [-84.348723999619352, 37.53690699985237],
            [-84.349014000047575, 37.537014000143039],
            [-84.349200999645333, 37.537250999840758],
            [-84.349214999889028, 37.537566000301815],
            [-84.348993000131188, 37.537926000217027],
            [-84.348311999890711, 37.538457999679821],
            [-84.347860999803999, 37.538867000116397],
            [-84.347804999727487, 37.539063999954635],
            [-84.347474000189706, 37.539072999970948],
            [-84.346806000368019, 37.539205999927404],
            [-84.346563999620372, 37.539223999924722],
            [-84.346234999732403, 37.539218000163501],
            [-84.345929000308971, 37.539148000302283],
            [-84.345694000132326, 37.539172000078942],
            [-84.345304000144978, 37.539387999858285],
            [-84.345109999976231, 37.539602999650384],
            [-84.344824999570875, 37.539780999751301],
            [-84.344627000102477, 37.539876000063423],
            [-84.344470999568543, 37.539829999672492],
            [-84.34404999961906, 37.539574999715875],
            [-84.343596000057602, 37.539299000104108],
            [-84.343462000163314, 37.539095000322895],
            [-84.343381999797373, 37.538786999791242],
            [-84.343272000192513, 37.538575000045981],
            [-84.34283899964916, 37.538102999953487],
            [-84.342359999973368, 37.537822000103432],
            [-84.342061000222614, 37.53758299988182],
            [-84.341637999725009, 37.53740699972662],
            [-84.341452999777076, 37.537366999860048],
            [-84.341149000003469, 37.537301000104542],
            [-84.340622999573682, 37.537267000099739],
            [-84.340237999609215, 37.537222000341956],
            [-84.340076000125819, 37.537135000353302],
            [-84.3397930002686, 37.536922000075478],
            [-84.339455000159802, 37.536753999968901],
            [-84.339208000287599, 37.536776000292718],
            [-84.33881999995009, 37.536867999828068],
            [-84.338209000029806, 37.536991999889437],
            [-84.337998000142619, 37.536922000075478],
            [-84.337877999593701, 37.536797999897708],
            [-84.3373079996813, 37.536185000315413],
            [-84.336989999663984, 37.536062999867028],
            [-84.336546000148289, 37.536082000031733],
            [-84.336480000026043, 37.53610200031234],
            [-84.33596700001506, 37.536245000345936],
            [-84.335667000439415, 37.536426000264257],
            [-84.335404999600257, 37.536611000199031],
            [-84.33516000027619, 37.53689600006674],
            [-84.334798999702855, 37.537629000234368],
            [-84.334816000319606, 37.537944999907047],
            [-84.334765000266003, 37.538047999754397],
            [-84.334632000196592, 37.538098000196101],
            [-84.334519000218691, 37.53805100003828],
            [-84.334344000316506, 37.53797499993258],
            [-84.334120000010529, 37.537882000241467],
            [-84.333588999557875, 37.537709999764161],
            [-84.333228999707771, 37.537648000000054],
            [-84.332917000436538, 37.537666999760916],
            [-84.332396000029647, 37.537838000239951],
            [-84.331797999629842, 37.538098000196101],
            [-84.330836999905188, 37.538627999682639],
            [-84.330411999757757, 37.538943000025249],
            [-84.330049000432894, 37.539375999649486],
            [-84.329954999823258, 37.539517999740397],
            [-84.329749999783843, 37.539481999883414],
            [-84.329676999988919, 37.539403000294577],
            [-84.329437999614314, 37.539104999703639],
            [-84.329203000335994, 37.538591000020915],
            [-84.328886999968489, 37.538409999659123],
            [-84.328696999997703, 37.538473000303206],
            [-84.328281000071087, 37.53853199982921],
            [-84.328174999765864, 37.538490999765152],
            [-84.328080000229633, 37.538332999828512],
            [-84.327829000159454, 37.538184999773534],
            [-84.327618000272267, 37.538063999842429],
            [-84.326988999910341, 37.537466000096089],
            [-84.326700000205335, 37.537278999935616],
            [-84.326372000142271, 37.537195000331785],
            [-84.325813000100524, 37.537214000208067],
            [-84.32553199989313, 37.537275000228007],
            [-84.32524999986083, 37.537435999865771],
            [-84.325008000011508, 37.537645999800013],
            [-84.324878000315152, 37.537854999757947],
            [-84.324838000132189, 37.538424000202568],
            [-84.324731999826966, 37.538710000349944],
            [-84.324566999970543, 37.538799000094826],
            [-84.324152999693737, 37.538886999650046],
            [-84.323638999857835, 37.539054999937171],
            [-84.323244999672539, 37.539109000025405],
            [-84.323057000249889, 37.539097999852331],
            [-84.322745999905266, 37.539030000041379],
            [-84.322172999619823, 37.538878000323599],
            [-84.321740999799687, 37.538720999867984],
            [-84.321447000071814, 37.538676000275323],
            [-84.321399000391239, 37.538599000007082],
            [-84.321339999941699, 37.538322000253238],
            [-84.321214000443305, 37.538222000349037],
            [-84.32101000022881, 37.538173000083461],
            [-84.320583000431554, 37.538206000294913],
            [-84.320303999873971, 37.53818699995913],
            [-84.320114999728091, 37.538173000083461],
            [-84.319932000328308, 37.53813899976398],
            [-84.31973200031176, 37.538100999765639],
            [-84.319338999951384, 37.537986999654471],
            [-84.319210000079934, 37.537880000047693],
            [-84.319067999789709, 37.537639999911875],
            [-84.318693999695896, 37.537073000111114],
            [-84.318682000000337, 37.536900999904773],
            [-84.318777000434906, 37.536734999975415],
            [-84.319020999934054, 37.536415999811922],
            [-84.319049000421458, 37.536318999842202],
            [-84.318943999941169, 37.536211999978981],
            [-84.318539999710126, 37.53593899968557],
            [-84.317959999751977, 37.535635000160646],
            [-84.317943999858457, 37.535536999759081],
            [-84.317975999645512, 37.535223000120048],
            [-84.317881000109267, 37.535071999900005],
            [-84.317419000151915, 37.534794999866698],
            [-84.317290000280479, 37.534675999701008],
            [-84.317270000188984, 37.534538000216898],
            [-84.317341000334096, 37.534277999958242],
            [-84.317553999871123, 37.533941000126283],
            [-84.317978000193648, 37.533508999729335],
            [-84.318282999792174, 37.533106000077794],
            [-84.31833100037106, 37.532818000191099],
            [-84.31831299992939, 37.532524999773557],
            [-84.31820400014945, 37.532268000137314],
            [-84.317464000357759, 37.531358999809527],
            [-84.317317999869559, 37.531246999736915],
            [-84.316420999719014, 37.53101700009077],
            [-84.316193000113387, 37.530923000080769],
            [-84.316121999968274, 37.530797000230187],
            [-84.316173999846811, 37.5303140000184],
            [-84.316255999862577, 37.530013000255799],
            [-84.316265999908325, 37.529855999658565],
            [-84.31607900031058, 37.529796000187069],
            [-84.315676999729348, 37.529771000036817],
            [-84.31552399956847, 37.529669999857411],
            [-84.315434999880026, 37.52953800019975],
            [-84.315346000191568, 37.529164000257261],
            [-84.315283000442378, 37.528847000203477],
            [-84.315039999869811, 37.528655000124807],
            [-84.314530000231869, 37.528386000136962],
            [-84.314032000289487, 37.528253000118276],
            [-84.313993999756349, 37.528245999960774],
            [-84.313623000035577, 37.528177000001151],
            [-84.31317899962157, 37.528278000064894],
            [-84.313110999849499, 37.528292999886396],
            [-84.312960000236771, 37.528324999970359],
            [-84.312877000396085, 37.528342000232058],
            [-84.312827000167388, 37.528352999854519],
            [-84.312653999915014, 37.528389000097185],
            [-84.31250099975415, 37.528421000139964],
            [-84.312290999691854, 37.528590000004776],
            [-84.312056000413534, 37.52878299975724],
            [-84.311751999741603, 37.528789999864351],
            [-84.311160999912815, 37.528788999645542],
            [-84.309551999559659, 37.528962000255092],
            [-84.309313000083364, 37.529031000200987],
            [-84.309127000310525, 37.5292049997501],
            [-84.309040000271892, 37.52941299964472],
            [-84.308937000339739, 37.52997999998076],
            [-84.308875000415441, 37.530162999832569],
            [-84.308660000330292, 37.530244000347707],
            [-84.308230000159995, 37.530330999826738],
            [-84.307708999753075, 37.530526999935397],
            [-84.307483999622178, 37.530679000290206],
            [-84.307246999795709, 37.530970999933963],
            [-84.307086000137232, 37.531341000050915],
            [-84.30703199971056, 37.531590000007043],
            [-84.30706000019795, 37.531832000023314],
            [-84.307231999727094, 37.532175999913683],
            [-84.307213000358843, 37.532633000107609],
            [-84.307117000099367, 37.53288099986063],
            [-84.306834000242148, 37.533223999739896],
            [-84.306823000371494, 37.53337399998258],
            [-84.30687699989987, 37.533493000088718],
            [-84.307306000245262, 37.533799000100366],
            [-84.307327999986583, 37.533931000053023],
            [-84.307011999619078, 37.534450999946309],
            [-84.307103999680578, 37.534876000337761],
            [-84.307066999870656, 37.535118999798385],
            [-84.306916000257914, 37.535240999654128],
            [-84.306625000004786, 37.535381000235233],
            [-84.306291999918855, 37.535571999968127],
            [-84.30604099984869, 37.53579199999038],
            [-84.305651999686248, 37.536288999862776],
            [-84.305228000262048, 37.53664300027593],
            [-84.304756000258948, 37.536853000306436],
            [-84.304504000363863, 37.537037999894224],
            [-84.304152999836276, 37.537355000038346],
            [-84.303929000428596, 37.537424000055161],
            [-84.303771000244851, 37.53712700021007],
            [-84.303514000326913, 37.53687999972815],
            [-84.303141999882911, 37.536685000044407],
            [-84.302599999559604, 37.536264999870482],
            [-84.302293000311266, 37.536071000124458],
            [-84.302111999662984, 37.536086999924336],
            [-84.301715000002943, 37.536199999971409],
            [-84.301277000335034, 37.536283999983716],
            [-84.301160999984077, 37.536259999989859],
            [-84.301039999610254, 37.536235999988286],
            [-84.300786000065358, 37.53606799976091],
            [-84.300503000208138, 37.535816000134858],
            [-84.300376999811448, 37.535643999878488],
            [-84.300131999589041, 37.535208000267545],
            [-84.299806999899033, 37.535033999763456],
            [-84.299201000001631, 37.53492600005697],
            [-84.298945999733505, 37.534994000048712],
            [-84.298556999571076, 37.535112999706932],
            [-84.298344999858969, 37.535012000350363],
            [-84.298273999713857, 37.534879000036895],
            [-84.298210999964667, 37.534394000328128],
            [-84.298272999888951, 37.533882999967737],
            [-84.298410999981215, 37.533577999742988],
            [-84.298704999709088, 37.533314999937339],
            [-84.299375999903816, 37.532848000142138],
            [-84.299938000318605, 37.532318000180268],
            [-84.300151999680537, 37.531974000232502],
            [-84.300216000152943, 37.531673000045174],
            [-84.300133000312286, 37.531350999759063],
            [-84.30008399990848, 37.531037000304991],
            [-84.300175000145074, 37.530599999924164],
            [-84.300389000405318, 37.530248999919252],
            [-84.300647999973094, 37.530042999910364],
            [-84.300812000004612, 37.530040000016655],
            [-84.301140000067676, 37.530116999861434],
            [-84.301571000062893, 37.530273999909298],
            [-84.301940999958745, 37.530259999972905],
            [-84.302231000386968, 37.530151000276476],
            [-84.302530999962627, 37.529993999969712],
            [-84.302566000122724, 37.529862000173019],
            [-84.302520999916894, 37.529678000088239],
            [-84.302147999648, 37.529070000049231],
            [-84.302146999823066, 37.52880200035181],
            [-84.302286999565155, 37.52841800018107],
            [-84.302391000220553, 37.528203999714151],
            [-84.302549000404284, 37.527892000297037],
            [-84.302495999802531, 37.527708999860437],
            [-84.302033000020245, 37.526783000352523],
            [-84.301895999752915, 37.526652000107951],
            [-84.30149700044305, 37.526507999954454],
            [-84.301319999992728, 37.526367999815704],
            [-84.301151999763235, 37.526150000287721],
            [-84.301156999786116, 37.525941000298928],
            [-84.301223999733267, 37.525718999908207],
            [-84.301525000032157, 37.525153999778041],
            [-84.301752999637785, 37.524514999907851],
            [-84.301827999980844, 37.524019000228193],
            [-84.301865999615686, 37.523831000263442],
            [-84.301952999654304, 37.523588999937303],
            [-84.301931999737931, 37.523430999777773],
            [-84.301724000223771, 37.523264000210389],
            [-84.300921999609471, 37.522905999937848],
            [-84.3004739998958, 37.52272899975754],
            [-84.299498999927465, 37.522674999920831],
            [-84.298908999923569, 37.52256200004372],
            [-84.298481000301408, 37.522581999675033],
            [-84.298134999796687, 37.522662000284171],
            [-84.297389000157196, 37.522998999779766],
            [-84.297044000375706, 37.52306699995853],
            [-84.296808000374156, 37.523068000254057],
            [-84.296348000066615, 37.523034999756412],
            [-84.295993000239378, 37.523107999952522],
            [-84.295407000433457, 37.523276999742151],
            [-84.294839000170867, 37.523320999784794],
            [-84.294418000221398, 37.523415000112699],
            [-84.294121999945389, 37.523455000337592],
            [-84.293767000118152, 37.52335900018933],
            [-84.29316399969548, 37.523102000319767],
            [-84.292730000225518, 37.523041999690435],
            [-84.292197000123039, 37.523073000306624],
            [-84.291716999724017, 37.523159000017927],
            [-84.291000000396849, 37.523325000240746],
            [-84.289960999956079, 37.523637000235162],
            [-84.289374000325253, 37.523871000265295],
            [-84.288864999613921, 37.524150000109287],
            [-84.288617999741703, 37.524232000309354],
            [-84.28814999993655, 37.524199000326519],
            [-84.288000999973647, 37.524249999646131],
            [-84.28774300023079, 37.524382999677371],
            [-84.287402999573843, 37.524562000046899],
            [-84.286933000118864, 37.524607999881404],
            [-84.286199999999866, 37.524544000072936],
            [-84.285675000293324, 37.524464000056987],
            [-84.28506299964981, 37.524300000076742],
            [-84.284233000344727, 37.524352000318032],
            [-84.283922999825023, 37.52422999974948],
            [-84.282588000006555, 37.523733000025757],
            [-84.282168999706911, 37.523731999739148],
            [-84.281473000296131, 37.523871999837638],
            [-84.281300999868677, 37.523824999976362],
            [-84.281187999890776, 37.523699000247667],
            [-84.28095100006432, 37.523289999984122],
            [-84.280776000162135, 37.523109999830055],
            [-84.280532999589568, 37.522928999656706],
            [-84.280188999632983, 37.522857999882149],
            [-84.279665999576252, 37.522799000068261],
            [-84.279155000113406, 37.522850000344846],
            [-84.278816000179688, 37.522964000082688],
            [-84.278602999744351, 37.523116000174646],
            [-84.278129999916331, 37.523659999728721],
            [-84.277996999846962, 37.523731000164986],
            [-84.277636999996844, 37.523659999728721],
            [-84.277164999993744, 37.523443999992907],
            [-84.276610999974864, 37.523283999653522],
            [-84.276215999964649, 37.522931000251504],
            [-84.275626999785672, 37.522478000251148],
            [-84.275188000292857, 37.52234599997891],
            [-84.274696000198261, 37.522307999770881],
            [-84.274038000422337, 37.522193999743116],
            [-84.273874000390805, 37.522124000289786],
            [-84.273772000283543, 37.521953000117364],
            [-84.273751000367142, 37.521788000004477],
            [-84.273684000419991, 37.521146999873231],
            [-84.273501999946802, 37.520855999860117],
            [-84.273298999557213, 37.52074199975128],
            [-84.272434000092034, 37.520544000348224],
            [-84.27212299974741, 37.520474999677134],
            [-84.271255999734095, 37.520129000017043],
            [-84.271091999702577, 37.520119999852092],
            [-84.270649000011787, 37.52006800022356],
            [-84.270387999895874, 37.519971999992116],
            [-84.269986000212967, 37.519670999823838],
            [-84.269821000356515, 37.519348000108238],
            [-84.26961799996694, 37.518913000353102],
            [-84.269378999592334, 37.518184000094465],
            [-84.269095999735129, 37.517485999926414],
            [-84.268947999597103, 37.516808999775428],
            [-84.268766000022225, 37.51613800008861],
            [-84.268648000021471, 37.515568000238609],
            [-84.268268000079871, 37.515278999931432],
            [-84.268112000444248, 37.515310000210263],
            [-84.267575000143808, 37.515465999671193],
            [-84.267258999776331, 37.515625999674761],
            [-84.266597999627336, 37.515910000243537],
            [-84.26605500037742, 37.515994000304978],
            [-84.265466000198458, 37.515868000177328],
            [-84.264717000185925, 37.515645999740173],
            [-84.264142000250658, 37.515638999824773],
            [-84.263682999768037, 37.515577999923444],
            [-84.262977000311508, 37.515568999922124],
            [-84.262497999737406, 37.515678999943205],
            [-84.261915000304526, 37.516037999654756],
            [-84.261200999553765, 37.516354000311807],
            [-84.260721000053067, 37.516582000225355],
            [-84.259385000409708, 37.517531000191326],
            [-84.259028999859225, 37.517655000337498],
            [-84.258222000120369, 37.517722999686619],
            [-84.256753000407599, 37.517964000149981],
            [-84.255912000333566, 37.518147000265749],
            [-84.255479999615119, 37.518351000344744],
            [-84.255243999613555, 37.518608000191712],
            [-84.255106000419616, 37.518921000312524],
            [-84.254853999626221, 37.520174000113016],
            [-84.254645000287169, 37.520695000055717],
            [-84.25445699996618, 37.521018999963204],
            [-84.254170999735933, 37.52194499977054],
            [-84.253794000167375, 37.522631999798641],
            [-84.253338000057809, 37.523174999737854],
            [-84.252947000245555, 37.523406999922699],
            [-84.25240800029529, 37.52360599985338],
            [-84.25209399957761, 37.5237079999809],
            [-84.251675000176277, 37.524039999751494],
            [-84.251219000066698, 37.524263999998041],
            [-84.25086400023946, 37.524349999761391],
            [-84.25032799976394, 37.524387000076381],
            [-84.249804999707209, 37.524287000010723],
            [-84.249486999689893, 37.524212999975596],
            [-84.249321000008536, 37.524254000052274],
            [-84.249122999641827, 37.524329999891549],
            [-84.248397000093817, 37.524797000297859],
            [-84.248243000108019, 37.524860999889292],
            [-84.247898000326529, 37.524836000222429],
            [-84.246603999617633, 37.524724000329492],
            [-84.246236000269931, 37.524659000346283],
            [-84.245600000235285, 37.524480000209557],
            [-84.2444810003269, 37.52405700027721],
            [-84.24432399996806, 37.524055999994928],
            [-84.243246999892463, 37.524085000338438],
            [-84.242039000295605, 37.524120000222098],
            [-84.241325000443169, 37.524055999994928],
            [-84.239731999983547, 37.523796999817549],
            [-84.239415999616043, 37.52370699969395],
            [-84.239074000207594, 37.523563999844193],
            [-84.238541000105116, 37.523274000288865],
            [-84.238158999615379, 37.523032999876868],
            [-84.237623000038184, 37.522454999680782],
            [-84.237316999716441, 37.52222899980142],
            [-84.236955000216483, 37.522045999722245],
            [-84.236672000359277, 37.521885000348192],
            [-84.236478000190516, 37.521739000341086],
            [-84.23631800035696, 37.521584999662856],
            [-84.236216000249684, 37.521355000149207],
            [-84.235755999942171, 37.520287000044384],
            [-84.235549000252917, 37.520047999918354],
            [-84.235185000204865, 37.519794000349421],
            [-84.23491599969303, 37.519703999671947],
            [-84.234447999887877, 37.519731999941882],
            [-84.233894999693931, 37.519812999671046],
            [-84.233662999890328, 37.519926999774327],
            [-84.23346899972158, 37.520161000040545],
            [-84.233026999855696, 37.5209329999226],
            [-84.232855000326552, 37.521244000337859],
            [-84.232694999594685, 37.521400999823655],
            [-84.232080000374751, 37.521716999856544],
            [-84.23168199999148, 37.521894999899011],
            [-84.230783000191124, 37.522405000151032],
            [-84.23029799976922, 37.522607999686485],
            [-84.229941000292158, 37.522752999830779],
            [-84.229747999948316, 37.522940000077377],
            [-84.229390999572942, 37.523457999783652],
            [-84.229215999670771, 37.523893000114725],
            [-84.229142999875833, 37.524173000157106],
            [-84.229174999662874, 37.524555000255425],
            [-84.229187000256758, 37.524758000352911],
            [-84.229127999807218, 37.524854000125934],
            [-84.22832500026631, 37.525410999703219],
            [-84.228024999792339, 37.525584000310303],
            [-84.22761999973639, 37.52569699988485],
            [-84.227058000219913, 37.525877999754577],
            [-84.226699000194714, 37.526041999828045],
            [-84.225750000165647, 37.526604000325158],
            [-84.224808999634163, 37.527008999972573],
            [-84.224220000353512, 37.527188999980837],
            [-84.223700999596417, 37.527267000158261],
            [-84.223011000033424, 37.527303000212626],
            [-84.222412999633633, 37.52727999970493],
            [-84.222002999554803, 37.527188999980837],
            [-84.22163000018422, 37.527019999791598],
            [-84.221338999931078, 37.526831000020202],
            [-84.221097000081741, 37.526460000078941],
            [-84.220896000240288, 37.526242000107366],
            [-84.220701000246621, 37.526147000237444],
            [-84.220050000143374, 37.525952999819893],
            [-84.219651999760103, 37.525783999680229],
            [-84.219506000170256, 37.525658999958743],
            [-84.21940400006298, 37.525513000212648],
            [-84.219402000413169, 37.525179000050798],
            [-84.219323999697039, 37.525033000077755],
            [-84.21918599960479, 37.524978000213899],
            [-84.219036999641872, 37.525004000102761],
            [-84.218183000047347, 37.525337000070557],
            [-84.21784999996143, 37.525496000018663],
            [-84.21754899966254, 37.525739000118072],
            [-84.217341000148394, 37.525874000147923],
            [-84.217094000276191, 37.525883999876548],
            [-84.215212999936469, 37.525684000062263],
            [-84.215034999661228, 37.525641999798033],
            [-84.213489999780492, 37.524952000315928],
            [-84.213213999595965, 37.52480299979436],
            [-84.212459999560565, 37.524070999952933],
            [-84.212200000167869, 37.523974999884807],
            [-84.210824000341532, 37.523809999968911],
            [-84.210020000077407, 37.523759000348569],
            [-84.208311000165139, 37.523844999981577],
            [-84.207984999751886, 37.523861999839319],
            [-84.207496000030361, 37.52388399969135],
            [-84.207255999830835, 37.523881999834614],
            [-84.206741000170041, 37.52387999997778],
            [-84.20624499987747, 37.523851999839607],
            [-84.204951000066899, 37.523664000166498],
            [-84.199971999569783, 37.522929999954137],
            [-84.199817999583985, 37.522907000235534],
            [-84.199685000412913, 37.522886999978866],
            [-84.199488999696001, 37.522857999882149],
            [-84.198611999636952, 37.523958000052808],
            [-84.198060999991142, 37.524648000179127],
            [-84.197682999699367, 37.525123000026618],
            [-84.197323999674168, 37.525573000279536],
            [-84.197115000335117, 37.525835000053547],
            [-84.196720000324902, 37.526332000022499],
            [-84.196505000239753, 37.526601999828898],
            [-84.190091000365044, 37.534648000053444],
            [-84.189360999720762, 37.535563000241602],
            [-84.189165999727095, 37.535807999850121],
            [-84.188928999900625, 37.536106000082867],
            [-84.188728999884091, 37.536357000036318],
            [-84.188477999813912, 37.536671999999896],
            [-84.187784000052957, 37.537543000109657],
            [-84.187671999899976, 37.537682999930688],
            [-84.18720999994261, 37.538261999756976],
            [-84.186491000067306, 37.539164000154216],
            [-84.185563999779518, 37.540326999698991],
            [-84.183870999760771, 37.542449000060849],
            [-84.18300200009763, 37.543540000309434],
            [-84.18292299955661, 37.543632000046337],
            [-84.181052999985852, 37.545985000123757],
            [-84.181011999977969, 37.546037000203519],
            [-84.180513000210695, 37.546667000342843],
            [-84.177772000428661, 37.550096999805589],
            [-84.172278000270722, 37.55699400001162],
            [-84.172136999805403, 37.557172999729403],
            [-84.171836000404852, 37.55754899985677],
            [-84.162510999970479, 37.55983200031055],
            [-84.162019999700803, 37.559951000201536],
            [-84.154718999721311, 37.561741000278218],
            [-84.154260000137, 37.561853000117722],
            [-84.148013999593459, 37.563381999734673],
            [-84.142203999966341, 37.564805000337842],
            [-84.142063000399347, 37.564838999887677],
            [-84.136606999876236, 37.564986999715913],
            [-84.13231899966533, 37.565097000196452],
            [-84.126082000240956, 37.565267999701724],
            [-84.12518000006753, 37.56529300005456],
            [-84.108868000371345, 37.565730000024971],
            [-84.108629999821659, 37.565737000223578],
            [-84.104964000299987, 37.565835000087226],
            [-84.092630000295003, 37.566165999850519],
            [-84.090660000266823, 37.566218999807241],
            [-84.090363999990814, 37.566226999676502],
            [-84.081996999806364, 37.565737000223578],
            [-84.072694000011623, 37.565193000017025],
            [-84.070940999718417, 37.565089999937655],
            [-84.064596000339009, 37.56471900023449],
            [-84.059600999948344, 37.56442599986552],
            [-84.054633000220178, 37.564135999714402],
            [-84.052776999994819, 37.564026999697134],
            [-84.045023000278803, 37.563572999647555],
            [-84.023198000158089, 37.567802000194874],
            [-84.019367999706574, 37.568543000112172],
            [-84.01161499981545, 37.570045000333863],
            [-84.003069000429178, 37.571675999855344],
            [-83.99798500035007, 37.572603000342376],
            [-83.993544999803177, 37.573412000031283],
            [-83.993512000191231, 37.573417999887923],
            [-83.98502899965581, 37.575819000179465],
            [-83.9779379997386, 37.577826999841712],
            [-83.970192000418479, 37.580019999861804],
            [-83.969316000184335, 37.580268000002114],
            [-83.965243999883498, 37.581421000152034],
            [-83.961344000010101, 37.58015400031578],
            [-83.96077599974754, 37.579969999779379],
            [-83.954277000382319, 37.577859000022016],
            [-83.950441000083046, 37.576614000042589],
            [-83.94731699998637, 37.575599000110508],
            [-83.945891999756228, 37.575136000175426],
            [-83.940283999795469, 37.573314999790369],
            [-83.939846000127559, 37.573173000009866],
            [-83.939545999653589, 37.572926999699206],
            [-83.936921000222512, 37.57076599977826],
            [-83.932618999767882, 37.567224999949339],
            [-83.925188000092049, 37.561111999876552],
            [-83.925003999969036, 37.560948000025533],
            [-83.92495100026558, 37.560901000032025],
            [-83.924880000120467, 37.560837999827626],
            [-83.924818000196183, 37.560782000234177],
            [-83.923847000425809, 37.559911000325208],
            [-83.922101999630215, 37.558349000148311],
            [-83.91934400012974, 37.555731999777151],
            [-83.916811999686757, 37.553323000226413],
            [-83.916630999936785, 37.553150999763567],
            [-83.915732999961349, 37.552313999956667],
            [-83.912493000412042, 37.549298999839223],
            [-83.911799999577667, 37.548654999821814],
            [-83.907966999651435, 37.545088000338311],
            [-83.905569999825985, 37.542855999913137],
            [-83.905439000304739, 37.543043000332403],
            [-83.904566000443637, 37.54428600012232],
            [-83.898730999803846, 37.55259599992312],
            [-83.897626000139169, 37.554168999714221],
            [-83.895971999580155, 37.556524999996896],
            [-83.892533999664124, 37.561420000028043],
            [-83.891455999763593, 37.562957000206978],
            [-83.889349000366394, 37.565955999799058],
            [-83.886011000009475, 37.570711000184104],
            [-83.875081000318218, 37.58627700027008],
            [-83.874422999643969, 37.587164000319042],
            [-83.874094999580905, 37.587607999653862],
            [-83.872726000325585, 37.589455000175441],
            [-83.871941000328036, 37.590516000294741],
            [-83.869388999793571, 37.593960999783278],
            [-83.869083000370139, 37.594373999718805],
            [-83.86697199987664, 37.597225000092436],
            [-83.86635500010857, 37.598056999880718],
            [-83.863176999585235, 37.602347999996482],
            [-83.862801999666516, 37.602854000201276],
            [-83.858348999599158, 37.608865999787398],
            [-83.858098000427304, 37.60920499991488],
            [-83.859477999553292, 37.608844999968021],
            [-83.860680000200674, 37.608919999804115],
            [-83.861199999884349, 37.609016999906999],
            [-83.863371999578902, 37.610397000095723],
            [-83.864791999786164, 37.611171000106978],
            [-83.865811999960357, 37.612269000221666],
            [-83.866321999598298, 37.613549999790969],
            [-83.866372999651944, 37.61478799974288],
            [-83.865969000319197, 37.61587699983415],
            [-83.865000000198634, 37.616905000107991],
            [-83.86441799969235, 37.617312999909437],
            [-83.859326999940563, 37.621304000045782],
            [-83.857590000439188, 37.622349999827726],
            [-83.855807000008767, 37.623466999875461],
            [-83.851645000194537, 37.625524999704048],
            [-83.848619000007162, 37.627533999648286],
            [-83.84845499997563, 37.627642999879569],
            [-83.843555000019521, 37.630958000146677],
            [-83.838179999687284, 37.633716000194831],
            [-83.834452000241342, 37.635492000002657],
            [-83.832459999573516, 37.63625899987877],
            [-83.831185999854441, 37.636442999935717],
            [-83.830093999710215, 37.636318999684491],
            [-83.827583000081972, 37.635365999877109],
            [-83.825199999601907, 37.634555999760941],
            [-83.821089999666228, 37.633661999689551],
            [-83.818570999642048, 37.633057999795213],
            [-83.816870000125704, 37.633101999750721],
            [-83.81643199955947, 37.633211000352837],
            [-83.815859999997244, 37.633368999649598],
            [-83.814274999933531, 37.633804000011942],
            [-83.813634999700938, 37.63394900004117],
            [-83.81255400032569, 37.634149999721636],
            [-83.811676000441722, 37.634379000156677],
            [-83.81063000032826, 37.634671999771207],
            [-83.810132000385877, 37.634826000069332],
            [-83.809728000154848, 37.634967000085467],
            [-83.80919500005237, 37.635219000053375],
            [-83.8087740001029, 37.635450999957051],
            [-83.808408000405009, 37.635709000231856],
            [-83.808122999999654, 37.636034999843972],
            [-83.807840000142434, 37.636615000056331],
            [-83.80705799961963, 37.638399999683074],
            [-83.806696000119686, 37.639688000347554],
            [-83.806568000073156, 37.640423000009875],
            [-83.806592000362627, 37.641232000054991],
            [-83.8065980002104, 37.641580000284556],
            [-83.806732000104702, 37.641998000306231],
            [-83.806816999595185, 37.642252000137141],
            [-83.80689600013622, 37.642468999828466],
            [-83.807004000091254, 37.642633000033427],
            [-83.807163999924825, 37.642938999812252],
            [-83.807363000116453, 37.643076999760297],
            [-83.807666999890074, 37.643320999845223],
            [-83.808010000021753, 37.643534000278692],
            [-83.80839300033638, 37.643747000101335],
            [-83.808980999792141, 37.644107999718443],
            [-83.809600000108333, 37.644358999890102],
            [-83.810171999670544, 37.644536999990926],
            [-83.810734999910252, 37.644737000106836],
            [-83.811426000196477, 37.644884000303911],
            [-83.811979000390423, 37.644990999819264],
            [-83.812510999769671, 37.645076000268332],
            [-83.812884999863485, 37.645078999797057],
            [-83.813258999957299, 37.645068999707824],
            [-83.81364300009686, 37.644980000348156],
            [-83.81439799995718, 37.644705000238318],
            [-83.814527999653521, 37.644926000205139],
            [-83.814806000386184, 37.645403000110029],
            [-83.81564300026227, 37.646831999826034],
            [-83.816127999785849, 37.647660999974768],
            [-83.816398999947495, 37.648124000264119],
            [-83.817245999869328, 37.649633999683758],
            [-83.821091000389458, 37.656493000050133],
            [-83.822449999599044, 37.658862000277644],
            [-83.823029999557193, 37.659871999809845],
            [-83.823114999945986, 37.660059999915468],
            [-83.823180000243312, 37.660203000146105],
            [-83.823341999726708, 37.661004999741699],
            [-83.823222000076115, 37.661294000138689],
            [-83.823351999772441, 37.661577000263968],
            [-83.823511999606026, 37.661642000238373],
            [-83.823632000154944, 37.661748999787861],
            [-83.823756999828419, 37.662349000266239],
            [-83.823848000065013, 37.662566000262032],
            [-83.823981999959315, 37.662576000128624],
            [-83.824101999609908, 37.662745999787091],
            [-83.824088000264524, 37.662973999696661],
            [-83.823983999609126, 37.663234000048881],
            [-83.823857000285841, 37.663419999796794],
            [-83.823615000436504, 37.663597999723216],
            [-83.823377999711724, 37.663800999901326],
            [-83.823323000358442, 37.663939000195853],
            [-83.823181999893137, 37.664123999775896],
            [-83.822961999785122, 37.664264999645958],
            [-83.822848999807221, 37.664378999844359],
            [-83.822796999928684, 37.664553000333605],
            [-83.822703000217345, 37.664721999915614],
            [-83.822510999698409, 37.664935000124075],
            [-83.822375999979201, 37.665086999925791],
            [-83.822376999804121, 37.665284999837013],
            [-83.822313000230011, 37.665443999695725],
            [-83.822120999711075, 37.665577999853404],
            [-83.821817999762374, 37.665630000305775],
            [-83.821216999887838, 37.665774000274425],
            [-83.820729999816109, 37.665967999869508],
            [-83.820390000057486, 37.666180000262024],
            [-83.820318999912388, 37.666518999956793],
            [-83.820113999872973, 37.666756999668969],
            [-83.819989000199499, 37.666901000295475],
            [-83.819680000403025, 37.667080000190985],
            [-83.818902999903074, 37.666994000255357],
            [-83.818074000422911, 37.666924000349944],
            [-83.817783000169769, 37.667017000280964],
            [-83.816726000185668, 37.667741999815789],
            [-83.816291999817366, 37.667885000180512],
            [-83.816051999617869, 37.667938999983022],
            [-83.815571000292252, 37.667966999996864],
            [-83.814592999950847, 37.667966999996864],
            [-83.814212000184341, 37.667923000071958],
            [-83.813831000417821, 37.667760000026],
            [-83.813469999844486, 37.667754999731031],
            [-83.813126999712821, 37.667703000056356],
            [-83.812940000115077, 37.667734999969845],
            [-83.812474999784669, 37.667551999700549],
            [-83.811575999984285, 37.667415000213843],
            [-83.811384000363674, 37.667582999902265],
            [-83.811225000355009, 37.667722999826168],
            [-83.810768000420524, 37.667688999645414],
            [-83.810712000344026, 37.667515000108061],
            [-83.810510999604261, 37.667467000090298],
            [-83.810212999678441, 37.667560999829249],
            [-83.809020999975104, 37.668992999769685],
            [-83.808868999639131, 37.669438999967568],
            [-83.808333999886841, 37.669905999967909],
            [-83.807723999791477, 37.670497999893549],
            [-83.807616999661349, 37.670559000219214],
            [-83.807139999635368, 37.670833999864421],
            [-83.80666000013467, 37.671278000209824],
            [-83.806349999614952, 37.671488000206956],
            [-83.805557000119805, 37.671737000113971],
            [-83.805071999697901, 37.671975999875713],
            [-83.80459499967192, 37.671917999870402],
            [-83.804321999860463, 37.671995999916064],
            [-83.803787000108173, 37.672443999976288],
            [-83.802826000383519, 37.673032000039129],
            [-83.802765000284154, 37.673308000174138],
            [-83.802811000314904, 37.674390000220761],
            [-83.802621000344089, 37.674904999852778],
            [-83.80249999997028, 37.675653999689054],
            [-83.802531999757335, 37.67598299999807],
            [-83.802560000244739, 37.67625699979034],
            [-83.802429999650087, 37.676539999743511],
            [-83.802214999564939, 37.677020999923315],
            [-83.802252000273157, 37.677235999676704],
            [-83.802300999778652, 37.677509000175405],
            [-83.80219899967139, 37.677702000025988],
            [-83.801687000383652, 37.677901000046177],
            [-83.80045100029939, 37.678627999863103],
            [-83.799977999573045, 37.678871999726574],
            [-83.799503000095214, 37.679286999993955],
            [-83.799123000153628, 37.679393999700181],
            [-83.798855000365009, 37.679480999812682],
            [-83.798591999700974, 37.679626999862059],
            [-83.798371999592931, 37.679742999862022],
            [-83.7980870000859, 37.679834000145718],
            [-83.797418000439293, 37.679911000079784],
            [-83.79676200031318, 37.679819000278499],
            [-83.79641599980846, 37.679748000060194],
            [-83.796153999867656, 37.679733999788823],
            [-83.795747000161867, 37.679639999828197],
            [-83.795224999930042, 37.679700000134503],
            [-83.79439999974953, 37.679923999996156],
            [-83.794126000113138, 37.680091000195603],
            [-83.793680000049306, 37.680427000096351],
            [-83.793141999923961, 37.680884999973095],
            [-83.792957999800947, 37.681052999737517],
            [-83.792689000187423, 37.681257000107941],
            [-83.792407999980028, 37.681391999741429],
            [-83.792125000122809, 37.68145700013558],
            [-83.791719000241955, 37.681526000251111],
            [-83.791118000367419, 37.681619999954854],
            [-83.790767999664737, 37.681843000121788],
            [-83.79068099962609, 37.682027999859969],
            [-83.790557999602456, 37.682297000051001],
            [-83.790387999723137, 37.682706000071349],
            [-83.79039399957091, 37.682737999913478],
            [-83.790356999761002, 37.682892000071618],
            [-83.790253999828835, 37.683121000218748],
            [-83.790195000277606, 37.683259999699366],
            [-83.790138000376203, 37.683318999645685],
            [-83.790087000322558, 37.683432000158909],
            [-83.790018999652204, 37.683588999692823],
            [-83.789933000336788, 37.683912000174928],
            [-83.789482000250089, 37.684333000124703],
            [-83.789139999943316, 37.684686000118631],
            [-83.788920999660206, 37.684964000063147],
            [-83.788118999944203, 37.685694000352932],
            [-83.787696000344908, 37.685925999680585],
            [-83.78754300018403, 37.68622999971133],
            [-83.787381999627243, 37.686457999983013],
            [-83.78713399993012, 37.686569000226378],
            [-83.786690000414424, 37.686664999688098],
            [-83.785215999780476, 37.686702999914665],
            [-83.784722999860975, 37.686735000165115],
            [-83.78417300004007, 37.686794000190901],
            [-83.78382499988551, 37.686832000351316],
            [-83.783310000224702, 37.686847000222258],
            [-83.783044000085937, 37.686841999791703],
            [-83.782536000097807, 37.686815000020083],
            [-83.782209999684582, 37.687142000147162],
            [-83.781780000412581, 37.687836999922403],
            [-83.781587999893645, 37.687852000300936],
            [-83.780977999798282, 37.687709000028605],
            [-83.7807829998046, 37.687806999867142],
            [-83.779997999807065, 37.689257000030508],
            [-83.779526999628857, 37.689992000225857],
            [-83.779318000289805, 37.690577000005945],
            [-83.779059999648624, 37.690787000113708],
            [-83.778503000155027, 37.69087800035485],
            [-83.778154000175576, 37.691024000008476],
            [-83.777887000211877, 37.691335000220995],
            [-83.777831999960284, 37.692122000093299],
            [-83.778035000349888, 37.693467000175922],
            [-83.778351999643974, 37.694410000123668],
            [-83.778293000092759, 37.694672000041095],
            [-83.778006999862484, 37.694851999876498],
            [-83.777438999599909, 37.695003000116131],
            [-83.777103000039247, 37.695298000294969],
            [-83.776894999626791, 37.695820999929254],
            [-83.776047999704957, 37.696345000239361],
            [-83.775692999877705, 37.696724999650591],
            [-83.774937000192466, 37.697178000086964],
            [-83.774691999970102, 37.697245999704876],
            [-83.77454100035736, 37.697140000252453],
            [-83.774497999801326, 37.696863999934493],
            [-83.774264000347927, 37.696545000097437],
            [-83.773892999728844, 37.696526999762646],
            [-83.772808000155649, 37.696893999879769],
            [-83.771828000164419, 37.697337999924883],
            [-83.771473000337181, 37.69726100031253],
            [-83.770391000238703, 37.69665000030453],
            [-83.770161000084954, 37.696606999716415],
            [-83.770007000099156, 37.696656000169703],
            [-83.769944000349966, 37.696944000235383],
            [-83.770022000167771, 37.697394999872543],
            [-83.770151000039192, 37.697799000103686],
            [-83.77014799966615, 37.697986000001919],
            [-83.76987599967957, 37.698518999864291],
            [-83.769720000043975, 37.699326000030474],
            [-83.769678000211172, 37.69958800034545],
            [-83.769903000342083, 37.6998489996815],
            [-83.769946999824697, 37.700128999744933],
            [-83.769869000006892, 37.700203999836205],
            [-83.769038999803485, 37.700375000044851],
            [-83.768535999838249, 37.700618000111675],
            [-83.768195000254721, 37.7006890002529],
            [-83.767847999925081, 37.700633000037094],
            [-83.767674999672721, 37.700508000329307],
            [-83.767247000050546, 37.700131999892193],
            [-83.766831999948835, 37.699836999756691],
            [-83.766307000242307, 37.699810999794479],
            [-83.765724999736022, 37.699920999900364],
            [-83.765497999955301, 37.700112999668285],
            [-83.765412999566493, 37.700390000019389],
            [-83.765508999825954, 37.701729999950778],
            [-83.765511000374104, 37.701883999762721],
            [-83.765472000016032, 37.701949999990298],
            [-83.76540199969584, 37.702092999807967],
            [-83.765302999961634, 37.702180000302633],
            [-83.764954999807088, 37.702194999911931],
            [-83.763602000445289, 37.702119999702809],
            [-83.763203000237112, 37.70217200013073],
            [-83.762374999683544, 37.702426000192993],
            [-83.76157100031773, 37.702410999919685],
            [-83.76100700025313, 37.702244000225569],
            [-83.76070599995424, 37.702251999678992],
            [-83.760348999578852, 37.702422000120428],
            [-83.759419999641267, 37.703362999876632],
            [-83.75945999982423, 37.703532999902293],
            [-83.760141000064706, 37.704292999847908],
            [-83.760242000347048, 37.704588000018504],
            [-83.760188999745282, 37.70482799982117],
            [-83.759900999865209, 37.705334000104351],
            [-83.759801000306084, 37.705948000233263],
            [-83.759782999864427, 37.706122999857101],
            [-83.759473000243034, 37.706334999928231],
            [-83.759021000331401, 37.706687999659877],
            [-83.758833000010441, 37.706870000086759],
            [-83.758406000213171, 37.707358000095439],
            [-83.757755000109924, 37.707673999755976],
            [-83.757724999972709, 37.707944999907454],
            [-83.756471000345101, 37.708536999723506],
            [-83.756113000144794, 37.708736000157877],
            [-83.755313999903549, 37.709203000082411],
            [-83.754118000002251, 37.709174999997884],
            [-83.752793000229559, 37.709325000276365],
            [-83.752784999833622, 37.709560000054822],
            [-83.75294999969006, 37.709748000051697],
            [-83.752957000261063, 37.710124999950239],
            [-83.753108999698725, 37.710457999782896],
            [-83.753148000056783, 37.710851000227592],
            [-83.752994000070998, 37.711248000316573],
            [-83.752728999757124, 37.711839000150093],
            [-83.752210999723275, 37.712461000168695],
            [-83.751244000150848, 37.713069000277457],
            [-83.75091600008777, 37.713486000076628],
            [-83.74989300043886, 37.714351000295672],
            [-83.749599999637567, 37.714845999739346],
            [-83.749284000168402, 37.715162000158486],
            [-83.748920000120336, 37.715256999706128],
            [-83.748408999759164, 37.715352999686331],
            [-83.747643000028191, 37.715601000303032],
            [-83.746664999686786, 37.715774000195857],
            [-83.745847999902196, 37.71599399976369],
            [-83.744958000322654, 37.71642000004119],
            [-83.744168000302224, 37.716528999830409],
            [-83.743528000069659, 37.71663099996384],
            [-83.742806999646191, 37.716679000145234],
            [-83.741562000239426, 37.716762999677236],
            [-83.740744999556497, 37.716918999875169],
            [-83.740046999597595, 37.717195000131227],
            [-83.73973000030351, 37.71730299967345],
            [-83.739291999737262, 37.717301999856076],
            [-83.737695999802895, 37.717139000306616],
            [-83.736617999902393, 37.717152000091993],
            [-83.73583799992771, 37.717161999706732],
            [-83.735264999642268, 37.71723400016171],
            [-83.734337000427885, 37.717420000243457],
            [-83.733410000140125, 37.717493000262557],
            [-83.732899999603873, 37.717490000107432],
            [-83.732327000216742, 37.717383999759768],
            [-83.732021999719905, 37.71730599983615],
            [-83.730261999754006, 37.717136999956757],
            [-83.729337000014368, 37.716950000053004],
            [-83.728220999580714, 37.716433999781877],
            [-83.727885000020038, 37.716366000001443],
            [-83.727428000085553, 37.716386999982106],
            [-83.726803999746494, 37.716244000029995],
            [-83.726489999927125, 37.716219999802249],
            [-83.725698000256898, 37.716345999845174],
            [-83.725210000360249, 37.716498000186988],
            [-83.724549000211255, 37.716445000033104],
            [-83.723935999742864, 37.716507000061895],
            [-83.723406000013426, 37.716395000040841],
            [-83.723024000422001, 37.716353000078151],
            [-83.722513999885749, 37.7162760003215],
            [-83.722234000401585, 37.716327000224609],
            [-83.722099999608972, 37.71642000004119],
            [-83.721605999864551, 37.716298999989576],
            [-83.721472999795168, 37.716266999707955],
            [-83.721195999785721, 37.716236999786716],
            [-83.720933000020011, 37.716293000293128],
            [-83.720834000285805, 37.716441000006547],
            [-83.720777000384388, 37.716619999740232],
            [-83.720671999904098, 37.716802999759302],
            [-83.72044000010051, 37.717053999958964],
            [-83.720251999779521, 37.717223999846119],
            [-83.719824999982265, 37.717479999826352],
            [-83.719361000375073, 37.717617999748519],
            [-83.718516999927971, 37.717765999657452],
            [-83.718204999758456, 37.717804000287366],
            [-83.717838000235645, 37.717888999774523],
            [-83.717300000110299, 37.718057000263073],
            [-83.716924000366674, 37.718241999895049],
            [-83.71658000041009, 37.718410000293702],
            [-83.716151000064684, 37.718590000044273],
            [-83.71583999972006, 37.718728000030538],
            [-83.715467000349463, 37.71888599994638],
            [-83.714935000071904, 37.71904400023584],
            [-83.714584000442628, 37.719182999878996],
            [-83.714299000037272, 37.719318000100763],
            [-83.714016000180052, 37.719533000156538],
            [-83.713608999575968, 37.719805000066771],
            [-83.713391000016088, 37.719936000027715],
            [-83.713221999961661, 37.720036999953408],
            [-83.712755999806348, 37.720204000056036],
            [-83.712483999819781, 37.720226000147825],
            [-83.71221000018339, 37.720134999693329],
            [-83.711856000181072, 37.719926999858828],
            [-83.711619000354602, 37.719746999803952],
            [-83.710189000101607, 37.718356000283222],
            [-83.708995999675039, 37.716979999685535],
            [-83.708669000335206, 37.716613000243107],
            [-83.708461999747669, 37.716469000187914],
            [-83.708222000446455, 37.716446999691016],
            [-83.707973999851021, 37.716462999794651],
            [-83.702035000352481, 37.724904999977255],
            [-83.699830000147657, 37.728040999773199],
            [-83.69739899998703, 37.73149499997939],
            [-83.689308999812013, 37.742996000322037],
            [-83.686589999771286, 37.74686199988313],
            [-83.684218000060199, 37.750234000311735],
            [-83.679743000251548, 37.756543999820799],
            [-83.673953999642507, 37.764708000094032],
            [-83.673779999565227, 37.764952999806312],
            [-83.672949000435239, 37.76612500029524],
            [-83.672303000354873, 37.767029999825411],
            [-83.672231000384841, 37.767130000274925],
            [-83.671946999804405, 37.767539000074002],
            [-83.671561000015018, 37.768081999970335],
            [-83.671519000182229, 37.768141999686847],
            [-83.669493000077551, 37.770999000124824],
            [-83.669127000379646, 37.771515000025886],
            [-83.66862000021645, 37.772229000324515],
            [-83.668390999887592, 37.772552999784963],
            [-83.666763999991076, 37.774847000181637],
            [-83.666439000301068, 37.775305999905136],
            [-83.664903999567755, 37.777470000344451],
            [-83.659269999667728, 37.785418000005251],
            [-83.657886000343794, 37.787366999981685],
            [-83.657671000258631, 37.787668000334129],
            [-83.652357000025759, 37.795163999985789],
            [-83.652176000275787, 37.795418999973293],
            [-83.652044999856216, 37.795602999860222],
            [-83.650679999900532, 37.797529000252204],
            [-83.648283000075097, 37.800907999740232],
            [-83.646343000184117, 37.803678999715991],
            [-83.644677999754478, 37.806056999693766],
            [-83.636782999573128, 37.817332999834299],
            [-83.631140000350584, 37.825261000161717],
            [-83.63109400031982, 37.825322999841234],
            [-83.631059999984643, 37.825372000249253],
            [-83.631671999729832, 37.825401000142307],
            [-83.632198000159605, 37.82549699985384],
            [-83.632466999773115, 37.825574999971003],
            [-83.6331470001887, 37.825780999865799],
            [-83.63374499969018, 37.826001000193124],
            [-83.635190000011804, 37.826350999684713],
            [-83.635453999602447, 37.826277999917643],
            [-83.635561999557495, 37.826247999895223],
            [-83.636292000201763, 37.826047000139965],
            [-83.636565000013235, 37.826051999685127],
            [-83.636840000372842, 37.826186000283265],
            [-83.637318000223743, 37.82646800024947],
            [-83.637989000418472, 37.826495999950758],
            [-83.638089999802489, 37.826474999998368],
            [-83.638780000263807, 37.826334000163399],
            [-83.639176000098928, 37.826219000335016],
            [-83.64064800018474, 37.825792999952192],
            [-83.64097600024779, 37.825474000067395],
            [-83.641412000265888, 37.825492000271083],
            [-83.641629999825795, 37.825577000227611],
            [-83.64228400030207, 37.82583299998948],
            [-83.6432159997144, 37.825946999941294],
            [-83.643671999823979, 37.82646699977844],
            [-83.644177000337365, 37.827202000311971],
            [-83.644363000110204, 37.827674000008152],
            [-83.644491000156719, 37.828040000180771],
            [-83.644676000104653, 37.828362000242869],
            [-83.644829000265517, 37.828717999694014],
            [-83.64522199972761, 37.829053000337503],
            [-83.645270000306482, 37.829095000188033],
            [-83.645834000371096, 37.829546999769477],
            [-83.645954000021703, 37.829670999679237],
            [-83.646566999591798, 37.830304000131441],
            [-83.646667999874126, 37.830789000247975],
            [-83.64690399987569, 37.831624999729542],
            [-83.647072000105183, 37.832162999991176],
            [-83.647389000297593, 37.833125000058899],
            [-83.647636999994688, 37.833531000275038],
            [-83.647858999752557, 37.833639000281359],
            [-83.648290999572694, 37.833848999722839],
            [-83.648329000105846, 37.8338719997368],
            [-83.648720999743006, 37.834117999684807],
            [-83.649299999876234, 37.834340999661343],
            [-83.649401000158562, 37.834411000294487],
            [-83.649843000024447, 37.834717000153816],
            [-83.650504999998347, 37.835071999805344],
            [-83.650817999992782, 37.835202999992696],
            [-83.651247000338188, 37.835296000087411],
            [-83.651589999571542, 37.835214000322772],
            [-83.65177299986965, 37.835171000055027],
            [-83.652039999833335, 37.835059999809054],
            [-83.65216500040512, 37.83497199977657],
            [-83.652758999708652, 37.834552000303852],
            [-83.652950000402669, 37.834471000074821],
            [-83.6535229997898, 37.834228000272901],
            [-83.654261999756599, 37.833944999795413],
            [-83.655013000317282, 37.833427999865521],
            [-83.655900000422079, 37.832557999810255],
            [-83.656555999649882, 37.832196000207873],
            [-83.656943999987405, 37.832198999968881],
            [-83.657337000347781, 37.832272999946696],
            [-83.658339999905223, 37.832610000124667],
            [-83.658920999688277, 37.832873999845702],
            [-83.659325999744226, 37.833025000228929],
            [-83.65992499996895, 37.833207000016984],
            [-83.660119999962617, 37.833307000309766],
            [-83.660205000351425, 37.833350000244984],
            [-83.660561000003582, 37.833493999862078],
            [-83.660603999661276, 37.833512000237896],
            [-83.660855999556361, 37.83362000027202],
            [-83.662298000403254, 37.83437999966754],
            [-83.662960000377154, 37.834735000231234],
            [-83.663361000235156, 37.83505399981015],
            [-83.663424999809266, 37.83535100023316],
            [-83.662953999631057, 37.836090000188598],
            [-83.662416000404036, 37.836689999876853],
            [-83.662006000325206, 37.837150999851559],
            [-83.661806000308658, 37.837311999687188],
            [-83.661575000329975, 37.837704000069365],
            [-83.661326999734541, 37.838072999671368],
            [-83.661209999558679, 37.838488999858406],
            [-83.661207999908868, 37.83898400026105],
            [-83.661192000015348, 37.839299000142077],
            [-83.661211000281909, 37.839617000265527],
            [-83.66127300020618, 37.839890000214758],
            [-83.661428999841803, 37.840172999877737],
            [-83.661678000262143, 37.840425999940635],
            [-83.661893000347305, 37.84073100011053],
            [-83.662130000173775, 37.841116000280216],
            [-83.662325000167442, 37.841339999944331],
            [-83.662770000406354, 37.841772000111675],
            [-83.663125000233606, 37.842021000033981],
            [-83.663706000016646, 37.842285000127518],
            [-83.663841999560773, 37.842354000060659],
            [-83.66417800001976, 37.842524000042083],
            [-83.664870999955781, 37.842873999896653],
            [-83.664952000146641, 37.843025999920208],
            [-83.665136000269655, 37.843368999956347],
            [-83.665116000178188, 37.843991999720423],
            [-83.665214000087474, 37.844292000313096],
            [-83.66534499960872, 37.844500999704451],
            [-83.665346000331951, 37.845021000008629],
            [-83.665440000043276, 37.845107999893848],
            [-83.665695000311416, 37.845345999666826],
            [-83.666218000368119, 37.845854000028623],
            [-83.666477999760815, 37.845904999984732],
            [-83.666815999869613, 37.845821000246836],
            [-83.667389000155069, 37.845461000185068],
            [-83.667609000263084, 37.845326000329486],
            [-83.667949999846627, 37.845152999769709],
            [-83.66825600016837, 37.844952999953513],
            [-83.668689999638332, 37.844538999788142],
            [-83.669151999595698, 37.844117999933559],
            [-83.669573000443478, 37.843813999818131],
            [-83.670546999688611, 37.843166000243428],
            [-83.67164899987857, 37.84260900024055],
            [-83.672151000018914, 37.842438999745653],
            [-83.672207999920303, 37.842419999874629],
            [-83.672701999664724, 37.842341999830161],
            [-83.67297399965129, 37.842352000258877],
            [-83.673490999860235, 37.842438000200595],
            [-83.673772000067629, 37.842547999732503],
            [-83.674011000442235, 37.842662000106081],
            [-83.674259999964249, 37.842762000350888],
            [-83.674598999897967, 37.842944999773977],
            [-83.674880000105375, 37.843114999811874],
            [-83.675151000267022, 37.843338999789331],
            [-83.675419999880532, 37.843640999967718],
            [-83.675564999645488, 37.843866000001412],
            [-83.675670999950711, 37.844016000351871],
            [-83.675563999820582, 37.844062999940178],
            [-83.675167999985462, 37.844237999970147],
            [-83.67180399968926, 37.845730999864131],
            [-83.670969000361325, 37.846263999804606],
            [-83.670641000298247, 37.846531000203044],
            [-83.670360000090852, 37.846874000252676],
            [-83.670123000264397, 37.847270999705778],
            [-83.669987999646864, 37.847790000157467],
            [-83.669920999699713, 37.847932000308887],
            [-83.669570000070451, 37.848211000329329],
            [-83.668862999890692, 37.848548000047344],
            [-83.668041000083221, 37.848820000108837],
            [-83.667825999998072, 37.849090999712075],
            [-83.667656999943659, 37.849428999823751],
            [-83.667086000206368, 37.850459999724301],
            [-83.666808000372001, 37.850735999684161],
            [-83.666739999701647, 37.851091999689778],
            [-83.666953000136971, 37.851612000330739],
            [-83.667352000345133, 37.852446999900252],
            [-83.667533999920025, 37.852570000210861],
            [-83.667734999761464, 37.852571000327842],
            [-83.667945999648666, 37.852491000144482],
            [-83.668087000113985, 37.852414000231853],
            [-83.668178000350565, 37.852375999950524],
            [-83.668460000382879, 37.852290000249454],
            [-83.668732000369431, 37.852279000338221],
            [-83.669129999854391, 37.85234900026137],
            [-83.669532000435609, 37.852414000231853],
            [-83.669795000201333, 37.852426000241934],
            [-83.670030000377963, 37.852437000131239],
            [-83.670418999642095, 37.85240399974905],
            [-83.670787999713028, 37.852404999868341],
            [-83.671541999748442, 37.852444000253413],
            [-83.672019999599328, 37.852467000143498],
            [-83.672660999656827, 37.85240399974905],
            [-83.673202000155243, 37.852365000052075],
            [-83.673471999593659, 37.852440999897155],
            [-83.673813000075498, 37.852584999836779],
            [-83.674025999612539, 37.85270900003227],
            [-83.674268000360186, 37.852972000054066],
            [-83.67435700004863, 37.85312299972351],
            [-83.674537999798616, 37.853336000046646],
            [-83.677231999724967, 37.856308999645471],
            [-83.677406999627152, 37.856502000131449],
            [-83.677655000222572, 37.856637000093905],
            [-83.690107000228352, 37.863373999669946],
            [-83.692508000251763, 37.86468299971154],
            [-83.701494999678999, 37.869582000077607],
            [-83.70223700001884, 37.869985999800292],
            [-83.702950999871277, 37.870374999886778],
            [-83.707695000191762, 37.872909000214321],
            [-83.707913999576576, 37.873025000122105],
            [-83.711877999922379, 37.875142000037357],
            [-83.726310000002073, 37.882996999933802],
            [-83.729963999828172, 37.884985000328989],
            [-83.748695999814331, 37.895126999854561],
            [-83.749834999814226, 37.895744000208346],
            [-83.74998899980001, 37.895827999758886],
            [-83.750350000373345, 37.896024000227733],
            [-83.751053000355142, 37.896498000050741],
            [-83.751337999862173, 37.896691000181008],
            [-83.75172200000172, 37.896836999873571],
            [-83.752079000377108, 37.897031000046383],
            [-83.752393000196463, 37.897337000141953],
            [-83.752859000351776, 37.897602000098018],
            [-83.753066000041002, 37.89776500018025],
            [-83.753805000007816, 37.898619000186386],
            [-83.754090000413157, 37.8988159998014],
            [-83.754636999861049, 37.899024999816888],
            [-83.755592999562808, 37.899321999825339],
            [-83.756175999893983, 37.899680000111303],
            [-83.756366999689689, 37.899865999825913],
            [-83.756478000017779, 37.900117000201014],
            [-83.756585000147894, 37.90052899970658],
            [-83.756659999592657, 37.900698000013563],
            [-83.757319000091812, 37.901180000128782],
            [-83.757868999912745, 37.901555999947547],
            [-83.758028999746315, 37.901753999656819],
            [-83.7581059997392, 37.902021999768131],
            [-83.758083999997893, 37.902337000314802],
            [-83.757813999661138, 37.902627000109909],
            [-83.757565999964044, 37.902829999782711],
            [-83.757389000412033, 37.90315099983345],
            [-83.757324999939627, 37.9034869997977],
            [-83.757329000137574, 37.90360399987447],
            [-83.75739799973455, 37.903731999793848],
            [-83.757633999736086, 37.903779000284295],
            [-83.757816000209303, 37.903851999870518],
            [-83.757982999715566, 37.90401900008861],
            [-83.758278999991575, 37.904368999935897],
            [-83.758493000251818, 37.904447000254244],
            [-83.758744000321968, 37.904467999971438],
            [-83.758848999903961, 37.904488000270298],
            [-83.759048000095589, 37.904660000348002],
            [-83.759068000187071, 37.905057999769319],
            [-83.758982999798249, 37.905500999756676],
            [-83.758859999774614, 37.905624000100872],
            [-83.75867300017687, 37.905700000297266],
            [-83.758520000015977, 37.905857999652227],
            [-83.758473999985227, 37.906059000135734],
            [-83.758536999734432, 37.906358000301054],
            [-83.758423999756531, 37.906621000195969],
            [-83.7580560004088, 37.907051999662059],
            [-83.757510999712451, 37.907389000324343],
            [-83.757271000411251, 37.907535000058431],
            [-83.756899999792168, 37.907610999698576],
            [-83.756760000050093, 37.907661000071876],
            [-83.75660400041447, 37.907858999656966],
            [-83.756538000292252, 37.908050999690815],
            [-83.756633999653403, 37.908363999808905],
            [-83.756731999562689, 37.909281000159581],
            [-83.756838999692803, 37.910321000001431],
            [-83.756517000375851, 37.911131999702256],
            [-83.756462999949164, 37.911396000278586],
            [-83.756417999743334, 37.912425999858222],
            [-83.756158000350652, 37.912626000107004],
            [-83.755879999617974, 37.912906999690264],
            [-83.755812999670823, 37.913153000217385],
            [-83.755841999983147, 37.913463999893651],
            [-83.755943000265475, 37.913841000014841],
            [-83.756096000426353, 37.914170000139777],
            [-83.756351999621089, 37.914447000260736],
            [-83.756725999714902, 37.914690999925419],
            [-83.757072000219623, 37.914813999789374],
            [-83.757370999970377, 37.914956999735644],
            [-83.757699000033426, 37.915209000347105],
            [-83.757764000330738, 37.915494999843318],
            [-83.757801999965594, 37.915695000252668],
            [-83.757861000415133, 37.915771999935757],
            [-83.757996000134355, 37.915830000168448],
            [-83.758468000137455, 37.915807000216034],
            [-83.759304000188621, 37.915690999668705],
            [-83.759813000001657, 37.915646000347962],
            [-83.760182000072604, 37.915652000164513],
            [-83.760454000059156, 37.915771999935757],
            [-83.760757000007871, 37.916041999945577],
            [-83.760906999795679, 37.916334000216068],
            [-83.761065999804345, 37.916462999917883],
            [-83.761372999951007, 37.916612999896458],
            [-83.761873000441511, 37.916766000140591],
            [-83.762163999796343, 37.916922999875005],
            [-83.762655000066019, 37.917287999912361],
            [-83.76327500020713, 37.91751199977822],
            [-83.763655000148717, 37.91757699965904],
            [-83.763992000432623, 37.917554000252927],
            [-83.764348999909686, 37.917432999900242],
            [-83.765060000287392, 37.917020000125717],
            [-83.765340999596475, 37.91690699993093],
            [-83.765550999658757, 37.916872000174074],
            [-83.765769000116961, 37.916895999745925],
            [-83.766334000006481, 37.917221999828151],
            [-83.766614000388955, 37.917332999645971],
            [-83.766873999781652, 37.917327999913169],
            [-83.767212999715369, 37.917218999983994],
            [-83.767344999959832, 37.917222999776158],
            [-83.767596999854916, 37.917392000010835],
            [-83.767694999764203, 37.91786299986962],
            [-83.767799000419586, 37.918132000063792],
            [-83.768000000261054, 37.918259000287726],
            [-83.768254999630855, 37.918325000150176],
            [-83.768622999876897, 37.918366000228126],
            [-83.768782999710453, 37.918370999890371],
            [-83.76878799973332, 37.919019999937603],
            [-83.768745999900531, 37.919410000286248],
            [-83.76858699989188, 37.919661999815013],
            [-83.768437999928963, 37.91989799989561],
            [-83.767939000161689, 37.920550000349984],
            [-83.767786000000811, 37.920743999660623],
            [-83.767728000274488, 37.921169999828798],
            [-83.767295999556026, 37.921626999737697],
            [-83.767006000026115, 37.922172999709204],
            [-83.766887000200441, 37.922999000010421],
            [-83.766619000411836, 37.923541000267853],
            [-83.766246999967834, 37.92397699980355],
            [-83.76589100031569, 37.924296000007388],
            [-83.765553000206893, 37.924499000125138],
            [-83.765359000038131, 37.924624000288937],
            [-83.765348000167478, 37.924704999930128],
            [-83.765790000033363, 37.92515399969988],
            [-83.765973000331456, 37.92576900017788],
            [-83.766289999625556, 37.926185999729121],
            [-83.766392999557709, 37.926386000119187],
            [-83.766293999823517, 37.926997000244192],
            [-83.766170999799854, 37.927196000033071],
            [-83.764745999569698, 37.927809999925259],
            [-83.764500000420739, 37.927916000338591],
            [-83.764410000009065, 37.927975999809632],
            [-83.764331000366326, 37.928141000228209],
            [-83.764271999916787, 37.928426999745902],
            [-83.76431200009975, 37.928792999874339],
            [-83.764435000123413, 37.929134999776501],
            [-83.764553999949101, 37.92935000023072],
            [-83.765165999694275, 37.929555999907997],
            [-83.765288999717939, 37.929626000086564],
            [-83.765430000183244, 37.929774999657738],
            [-83.765506000351223, 37.929907999685589],
            [-83.765620000154044, 37.930019000195948],
            [-83.76581099994975, 37.930132000083709],
            [-83.766292999998583, 37.930203999965514],
            [-83.766602999619977, 37.930406000300643],
            [-83.766753000306139, 37.930572999758731],
            [-83.766910999591573, 37.930864999728342],
            [-83.767076000346322, 37.931261000280124],
            [-83.767284999685373, 37.9314790001566],
            [-83.76756000004498, 37.931634999905476],
            [-83.767831000206641, 37.931683000034091],
            [-83.768097000345421, 37.931645000259586],
            [-83.76838100002756, 37.9314870003153],
            [-83.768759000319335, 37.931419999756542],
            [-83.76897900042735, 37.931421999975058],
            [-83.769679000036092, 37.931742999973707],
            [-83.770048999931944, 37.931811999737391],
            [-83.770746000065955, 37.931875999984044],
            [-83.771151000121904, 37.932116999981112],
            [-83.77169199972198, 37.932500999740604],
            [-83.771844999882845, 37.932554999866959],
            [-83.772002000241685, 37.932581999915264],
            [-83.772321999908826, 37.932616999989371],
            [-83.772518999552332, 37.932632000319693],
            [-83.77264999997189, 37.932671999768466],
            [-83.772692999629598, 37.932730999872263],
            [-83.772807000330729, 37.932802000306665],
            [-83.772907999714747, 37.933123999679616],
            [-83.773337000060152, 37.933533000093028],
            [-83.773671999795909, 37.933933999756341],
            [-83.773702999758044, 37.93412400031017],
            [-83.773573000061702, 37.934575999795562],
            [-83.77334499955775, 37.935056000306759],
            [-83.773223000257332, 37.935483999854931],
            [-83.773333999687097, 37.935785000251265],
            [-83.773322999816443, 37.935941999766371],
            [-83.773197000318063, 37.936241000325353],
            [-83.773019000042837, 37.936541999747256],
            [-83.772976000385128, 37.936996000017814],
            [-83.772726999964789, 37.93743100015265],
            [-83.772694000352814, 37.937569000273129],
            [-83.772884000323629, 37.937854000287182],
            [-83.773223000257332, 37.93811999991722],
            [-83.773718999651578, 37.938408999977],
            [-83.774060000133417, 37.938539000287832],
            [-83.774491000128648, 37.938709000074915],
            [-83.774759999742173, 37.938832999804973],
            [-83.774818000366793, 37.938852999970372],
            [-83.775150999554413, 37.939005000341119],
            [-83.77526899955518, 37.939077000034118],
            [-83.775276999951103, 37.939208000229421],
            [-83.775128999813106, 37.941523000110287],
            [-83.77509299982809, 37.942095999785913],
            [-83.775090000353345, 37.94213799967909],
            [-83.775086000155383, 37.942204000069992],
            [-83.775081000132531, 37.942287999708967],
            [-83.775071000086768, 37.942440999664889],
            [-83.774474000410208, 37.948788999924815],
            [-83.774470000212247, 37.948840000156011],
            [-83.774373999952786, 37.94986499982523],
            [-83.774326000272183, 37.950375000158708],
            [-83.774302999807659, 37.950614000013381],
            [-83.774086999897591, 37.954126999694637],
            [-83.774132000103435, 37.954218000234206],
            [-83.774270000195699, 37.954399000116084],
            [-83.77444900029586, 37.954614000335404],
            [-83.774640000091566, 37.954876000345052],
            [-83.774881999940888, 37.955230000263349],
            [-83.775096000201131, 37.955604999882596],
            [-83.775175999668761, 37.955827999747633],
            [-83.775214000201913, 37.956107999848662],
            [-83.775190999737376, 37.956309999820334],
            [-83.77510899972161, 37.956457000299039],
            [-83.774968999979521, 37.95665599965929],
            [-83.774753000069467, 37.956816000270145],
            [-83.774518999717728, 37.956941000017856],
            [-83.774285000264314, 37.957047000209599],
            [-83.773992000361361, 37.957236999796208],
            [-83.773778999926023, 37.957375000261408],
            [-83.773684000389778, 37.957475999991033],
            [-83.773552999970221, 37.957625999873208],
            [-83.773517999810124, 37.957791999706735],
            [-83.773408000205265, 37.958072000111954],
            [-83.773290000204483, 37.958245000334692],
            [-83.773095000210816, 37.958424000017466],
            [-83.772916999935589, 37.958531999674406],
            [-83.772731999987656, 37.958616999863303],
            [-83.77257399980391, 37.958743000178956],
            [-83.772506000031839, 37.95893100015811],
            [-83.772440999734528, 37.959135999707478],
            [-83.772249000113888, 37.959559000261699],
            [-83.772126000090253, 37.959806999969409],
            [-83.771844999882845, 37.960065999649842],
            [-83.771571000246482, 37.960323999763325],
            [-83.771376000252786, 37.960489999873197],
            [-83.771033000121122, 37.960710000294036],
            [-83.77080700016532, 37.960821000320628],
            [-83.770587000057304, 37.960936999779896],
            [-83.770423999850664, 37.960990000198422],
            [-83.770259999819132, 37.961089999854991],
            [-83.770178999628286, 37.961213000003625],
            [-83.770111999681134, 37.961309999894887],
            [-83.770113000404351, 37.961468000173731],
            [-83.770268000215069, 37.961698000303663],
            [-83.770727999624285, 37.962205999842602],
            [-83.771193999779612, 37.962679000212091],
            [-83.771397999994107, 37.962774000218381],
            [-83.771583999766932, 37.962874000278568],
            [-83.771709000338731, 37.962931000145737],
            [-83.771896999761395, 37.962995000204764],
            [-83.772006000439646, 37.963056000109496],
            [-83.772157999877308, 37.963092999899345],
            [-83.772234000045287, 37.96316199997441],
            [-83.772504000382028, 37.963237000167219],
            [-83.772854000186385, 37.963255000003812],
            [-83.773215999686315, 37.96323500010643],
            [-83.773487999672895, 37.963245999731939],
            [-83.773732999895259, 37.963292999723009],
            [-83.773876999835309, 37.963363999667479],
            [-83.774154999669662, 37.963458000176672],
            [-83.77413100027853, 37.963597000309761],
            [-83.774059000308512, 37.963802000290826],
            [-83.774035999843989, 37.964021999996653],
            [-83.773995999661011, 37.964345999998528],
            [-83.773953999828208, 37.964506000145434],
            [-83.773771000428425, 37.96471799978535],
            [-83.773602000374026, 37.964960999742203],
            [-83.773438000342495, 37.965235999711339],
            [-83.773126999997871, 37.96585299978063],
            [-83.773074000294415, 37.966122000003786],
            [-83.772962000141433, 37.966506999816929],
            [-83.772860999859091, 37.966687999866572],
            [-83.772778999843325, 37.966847999867589],
            [-83.772689000329947, 37.967080000099628],
            [-83.772692999629598, 37.967265000055349],
            [-83.772858000384346, 37.967481000118198],
            [-83.773286000006522, 37.967862000017767],
            [-83.773588000130303, 37.968136999744623],
            [-83.773834000177615, 37.968387000147665],
            [-83.774174999761144, 37.968566999854033],
            [-83.774633000418859, 37.968689000269691],
            [-83.775093999652995, 37.96890299977764],
            [-83.775584000097766, 37.969150999797229],
            [-83.775830999969969, 37.969365000083059],
            [-83.776123999872922, 37.969620000271036],
            [-83.776304999622894, 37.96987800010136],
            [-83.776384999988835, 37.970184000206984],
            [-83.77652700027906, 37.970843000248053],
            [-83.776616999792424, 37.970995000294785],
            [-83.776981999665409, 37.971243000329075],
            [-83.777192999552611, 37.971578000127387],
            [-83.777169999986398, 37.971774999757912],
            [-83.776950999703274, 37.971985999742813],
            [-83.776805999938318, 37.972148000054659],
            [-83.776631000036147, 37.972196999829393],
            [-83.776021999765675, 37.972288999838355],
            [-83.775847999688409, 37.972305999673452],
            [-83.77561599988482, 37.972358999675599],
            [-83.775339999700293, 37.972473000218557],
            [-83.775006999614376, 37.9725949998084],
            [-83.774487999755593, 37.972869000319058],
            [-83.774257999601829, 37.973100999936371],
            [-83.774106000164167, 37.973340000194689],
            [-83.774004999881825, 37.973563000024299],
            [-83.77388299968311, 37.973673999740974],
            [-83.773700000283313, 37.973792999799436],
            [-83.773636999635812, 37.97381400024792],
            [-83.773588000130303, 37.973839000234477],
            [-83.77350199991659, 37.973878000026545],
            [-83.773501000091684, 37.973914000143019],
            [-83.773513999612149, 37.973958999909804],
            [-83.773726000222567, 37.973996999754291],
            [-83.773979999767462, 37.974093999752618],
            [-83.774233000385792, 37.974121000116263],
            [-83.774551000403093, 37.97416300011141],
            [-83.774779000008735, 37.974268000348303],
            [-83.774965999606479, 37.974463000086182],
            [-83.774993000268992, 37.974612999967817],
            [-83.77495399991092, 37.974724000221066],
            [-83.774727999955118, 37.974816999768116],
            [-83.774641999741377, 37.974842000121207],
            [-83.774579999817092, 37.975015999651895],
            [-83.774418000333725, 37.975230999702788],
            [-83.774305000355795, 37.975309999777366],
            [-83.77399099963813, 37.975454000160703],
            [-83.773812000436294, 37.975584000067364],
            [-83.773773999903156, 37.9757050002911],
            [-83.773716000176833, 37.975909999746754],
            [-83.77373799991814, 37.97606000021193],
            [-83.77378499977381, 37.976273000331616],
            [-83.773793999994638, 37.976898999715203],
            [-83.77381999993392, 37.977143000266281],
            [-83.774132000103435, 37.977628999974236],
            [-83.774281999891258, 37.977970999885258],
            [-83.774301000157834, 37.978516999756948],
            [-83.774344999640448, 37.979008000065974],
            [-83.774323999724061, 37.97914800031225],
            [-83.77420999992124, 37.979262000224459],
            [-83.774000999683878, 37.979409999883586],
            [-83.7739110001705, 37.979516000211945],
            [-83.77392799988894, 37.979668999808013],
            [-83.774132999928341, 37.979921999999895],
            [-83.774265000172846, 37.980129000023119],
            [-83.77429199993702, 37.980454000253282],
            [-83.774329999571833, 37.980739000294591],
            [-83.774501000174382, 37.980959000227919],
            [-83.774934999644344, 37.981278000198856],
            [-83.77509200000317, 37.981452999831404],
            [-83.775077999759475, 37.981646999818345],
            [-83.77490799988017, 37.981881000273511],
            [-83.774785999681427, 37.981963000304894],
            [-83.774572000319495, 37.982257999988121],
            [-83.77454100035736, 37.982549999891582],
            [-83.77454100035736, 37.982844000283876],
            [-83.774414000135735, 37.983061000289958],
            [-83.774322000074235, 37.983238000142705],
            [-83.774306000180715, 37.983441000288316],
            [-83.774362000257199, 37.98362199965154],
            [-83.774413000310844, 37.98373199998133],
            [-83.774438000425192, 37.983814000068406],
            [-83.774439000250112, 37.983935000176359],
            [-83.774415999785575, 37.984006999730418],
            [-83.774384999823425, 37.984073999773216],
            [-83.774333999769809, 37.984207999675235],
            [-83.774380999625464, 37.984331000035674],
            [-83.774505000372343, 37.98451400022487],
            [-83.774578999992201, 37.984605999663948],
            [-83.774628000396007, 37.984756000056635],
            [-83.774618000350245, 37.984999000240336],
            [-83.774762000290295, 37.985224000217308],
            [-83.774963999956654, 37.985504000090472],
            [-83.775081000132531, 37.985862999646642],
            [-83.775091000178264, 37.98601699989019],
            [-83.775213000377008, 37.986267000286865],
            [-83.775385999731043, 37.986424999956725],
            [-83.775574999876937, 37.98652499966154],
            [-83.775729999687627, 37.986641999992798],
            [-83.775808000403757, 37.986778999998307],
            [-83.775809000228662, 37.986946000180964],
            [-83.775719999641893, 37.987141000218521],
            [-83.775570999678976, 37.987475999672071],
            [-83.775406999647444, 37.987777000148405],
            [-83.775337000225562, 37.988103999873239],
            [-83.775225999897472, 37.988377000144531],
            [-83.775168000171163, 37.98866300024951],
            [-83.775172000369125, 37.988771000028841],
            [-83.775183000239778, 37.988942000062323],
            [-83.774943999865172, 37.989197000204072],
            [-83.774857999651445, 37.989267000198971],
            [-83.774749999696411, 37.989497999991485],
            [-83.774660000183047, 37.989689999899966],
            [-83.7745580000758, 37.989871000131608],
            [-83.774353000036385, 37.990127000248265],
            [-83.774187000355028, 37.990216999695406],
            [-83.774057999585281, 37.990249999889819],
            [-83.773607000396893, 37.990165000217083],
            [-83.773214000036489, 37.990150000306272],
            [-83.772865000057038, 37.990091000296914],
            [-83.772596000443542, 37.989947999981332],
            [-83.772439000084702, 37.989713999764739],
            [-83.772284000273999, 37.989569999750579],
            [-83.771884000240902, 37.989441999894076],
            [-83.771601000383683, 37.989182000095298],
            [-83.771339000442879, 37.988950000335635],
            [-83.77112400035773, 37.988750000320202],
            [-83.770751999913728, 37.988519000296428],
            [-83.770341000010006, 37.988377000144531],
            [-83.769961000068392, 37.988304000233768],
            [-83.769749000356285, 37.988238999893206],
            [-83.769388999607855, 37.988192999987696],
            [-83.769082000359518, 37.987986000056175],
            [-83.768708000265704, 37.98752600024126],
            [-83.768510999723901, 37.987237000133717],
            [-83.768262000201872, 37.986891999675933],
            [-83.768000000261054, 37.986474999826164],
            [-83.7678429999022, 37.986245000144542],
            [-83.767092000239842, 37.985666000302913],
            [-83.766728000191776, 37.985566000135336],
            [-83.766160999754121, 37.985563999974836],
            [-83.766072999890568, 37.985569999748179],
            [-83.765855000330674, 37.985587000047339],
            [-83.765615000131163, 37.98565199990535],
            [-83.765374999931652, 37.985736000126685],
            [-83.764977000446706, 37.986023000334477],
            [-83.764906000301593, 37.986105999704243],
            [-83.764822999562611, 37.986323999691656],
            [-83.764748000117862, 37.986551999700097],
            [-83.764672999774774, 37.986725999788753],
            [-83.76461300039864, 37.986873000262356],
            [-83.764545999553178, 37.986975000186682],
            [-83.764623000444374, 37.987246999999662],
            [-83.764621999721172, 37.987557999823082],
            [-83.764344999711724, 37.98822099981048],
            [-83.764290000358457, 37.98867000016137],
            [-83.764105000410524, 37.988849999688071],
            [-83.763592000399555, 37.989151000191228],
            [-83.763563999912122, 37.989217999784771],
            [-83.763549999668413, 37.989339000184728],
            [-83.763733999791441, 37.989525000351939],
            [-83.763861999837971, 37.989807000139884],
            [-83.763851999792223, 37.990104000183038],
            [-83.763616999615593, 37.990516000228212],
            [-83.763532000125068, 37.991103999714952],
            [-83.763430000017834, 37.991363000134434],
            [-83.763353999849855, 37.991581999720978],
            [-83.763230999826206, 37.991708999740958],
            [-83.763013000266326, 37.991897000258774],
            [-83.762521000171716, 37.992050000234229],
            [-83.762145000428077, 37.992291000353504],
            [-83.762075000107885, 37.992357000277416],
            [-83.762080000130752, 37.992452000106567],
            [-83.762172000192265, 37.992716000282464],
            [-83.762434000133069, 37.993210000022167],
            [-83.762670999959539, 37.993810999798463],
            [-83.762653000416194, 37.994174999935467],
            [-83.762455000049471, 37.994511999751182],
            [-83.762284000345261, 37.995043000106456],
            [-83.76217100036736, 37.995120999786835],
            [-83.761947000061383, 37.99517400030291],
            [-83.761838000281429, 37.995354999746176],
            [-83.761860000022722, 37.995463999883839],
            [-83.761928999619712, 37.995861999692828],
            [-83.76191600009922, 37.996152999675104],
            [-83.761814999816878, 37.996692999896503],
            [-83.761800999573182, 37.996868000282021],
            [-83.761848000327177, 37.997012999698548],
            [-83.761846999603932, 37.997351000198798],
            [-83.761973999825557, 37.99766600003133],
            [-83.761882999588948, 37.997807000340536],
            [-83.76157100031773, 37.998011000082201],
            [-83.761341000163952, 37.998243000209179],
            [-83.760881999681331, 37.998374000353387],
            [-83.760435999617499, 37.998442999827326],
            [-83.760064000071822, 37.998544999946382],
            [-83.75967999993226, 37.998624999954338],
            [-83.759429999687015, 37.998731000131421],
            [-83.759233000043508, 37.998530999882909],
            [-83.759142999631834, 37.998384999668581],
            [-83.759180000340052, 37.998237000056477],
            [-83.759255999609735, 37.997932999935678],
            [-83.75925399995991, 37.997748000118619],
            [-83.759195000408681, 37.99766600003133],
            [-83.758966000079823, 37.997483999648111],
            [-83.758852000277003, 37.997183000065291],
            [-83.758878000216271, 37.997020999799631],
            [-83.758931999744647, 37.996923999665952],
            [-83.759094000126339, 37.996770999946001],
            [-83.759182999814811, 37.996562000289366],
            [-83.759168999571116, 37.99633999984259],
            [-83.758946999813233, 37.995924999772285],
            [-83.758734000276235, 37.995531000082892],
            [-83.758222999915048, 37.994849999742087],
            [-83.757889999829132, 37.994714999852924],
            [-83.757720999774747, 37.994547999656746],
            [-83.757675999568889, 37.994339000037073],
            [-83.757740999866215, 37.99384599972673],
            [-83.757365000122576, 37.993465999813857],
            [-83.757231000228273, 37.99327799977744],
            [-83.757150999862333, 37.993153999926513],
            [-83.757084999740101, 37.992948999793157],
            [-83.756982999632839, 37.992617999781004],
            [-83.756862000157341, 37.992542000241095],
            [-83.756800000233071, 37.992548999782791],
            [-83.756503000132142, 37.992582000344107],
            [-83.756375999910532, 37.992628000329368],
            [-83.756312000336422, 37.992796999904591],
            [-83.756199000358521, 37.992874999849512],
            [-83.756092000228392, 37.992916999731023],
            [-83.75558500006521, 37.99338100032778],
            [-83.755463999691372, 37.993476999865095],
            [-83.755292000162243, 37.993554000177532],
            [-83.754877999885451, 37.993698999774089],
            [-83.754629000363437, 37.993885999826624],
            [-83.754511000362655, 37.99405399972472],
            [-83.754450000263276, 37.994394999936006],
            [-83.754502999966746, 37.994693999722003],
            [-83.754434000369756, 37.99492599972244],
            [-83.754067999773554, 37.995122999686778],
            [-83.753845000190793, 37.995270000325313],
            [-83.753637999603242, 37.995413000177336],
            [-83.753609000189243, 37.995510999776307],
            [-83.753538999869022, 37.995617999795734],
            [-83.753374000012599, 37.995724999659018],
            [-83.753214000179028, 37.995869999919407],
            [-83.752975999629328, 37.996021000227621],
            [-83.752787000381744, 37.996136999990711],
            [-83.75254200015938, 37.996329000220705],
            [-83.752378000127834, 37.99650400005887],
            [-83.752214999921236, 37.996617000331256],
            [-83.752111000164163, 37.996880000103047],
            [-83.75202199957738, 37.996972000317371],
            [-83.751818000261196, 37.997097999931178],
            [-83.751670000123198, 37.997124000049318],
            [-83.75148799965001, 37.997142000071214],
            [-83.751200999594815, 37.997152000002799],
            [-83.750686999758912, 37.997147000037181],
            [-83.750458000328379, 37.997091000115645],
            [-83.750191000364694, 37.997030000177702],
            [-83.750014999739278, 37.996929999926067],
            [-83.749962000035836, 37.996901999887776],
            [-83.749906999784244, 37.996876999971015],
            [-83.749591000315064, 37.996732999859667],
            [-83.749447000375014, 37.996757000251804],
            [-83.749209999650233, 37.99685399989847],
            [-83.748669999875077, 37.997094999808056],
            [-83.748356999880642, 37.997307999750412],
            [-83.748185000351498, 37.99759600026411],
            [-83.748054999756846, 37.998167999680888],
            [-83.748012999924043, 37.998986000223539],
            [-83.74800299987831, 37.999179999863543],
            [-83.747949000349934, 37.999322999878977],
            [-83.747823999778163, 37.999388000308656],
            [-83.747617999913828, 37.999414000322822],
            [-83.74639500024837, 37.999321000093552],
            [-83.746167999569337, 37.999364000069598],
            [-83.746084999728652, 37.999442999647108],
            [-83.745955000032311, 37.999632999940161],
            [-83.745395999990563, 38.000072000280881],
            [-83.745247000027661, 38.000140000045391],
            [-83.745200000172005, 38.000310999767905],
            [-83.745252000050527, 38.000699000019132],
            [-83.745251000225608, 38.000925000204546],
            [-83.744955999774518, 38.001577999683157],
            [-83.744945999728785, 38.001690999924179],
            [-83.744954000124707, 38.001821000067466],
            [-83.744999000330537, 38.001909000316829],
            [-83.745119999806064, 38.001996999752762],
            [-83.745700999589104, 38.002185000092155],
            [-83.745965999902964, 38.002340999751851],
            [-83.746123000261804, 38.002643000309789],
            [-83.74631999990531, 38.002923000236301],
            [-83.746467000218388, 38.003079999937107],
            [-83.747037999955694, 38.003478999661276],
            [-83.747269999759297, 38.003733000045408],
            [-83.747451000407565, 38.003967000133372],
            [-83.747221000253788, 38.00401099969141],
            [-83.746535999815379, 38.004108999834756],
            [-83.746082000253921, 38.004344000316678],
            [-83.745631000167222, 38.00448700017202],
            [-83.745487000227172, 38.004569999885916],
            [-83.745197999623869, 38.004792000194008],
            [-83.744893999850234, 38.005130999692817],
            [-83.74423500024939, 38.005553999926249],
            [-83.744139999814834, 38.00572300015385],
            [-83.744098999806951, 38.005947000114872],
            [-83.744166999579022, 38.006606000348405],
            [-83.744161999556141, 38.00677299998457],
            [-83.744082000088497, 38.006918999778705],
            [-83.743888999744655, 38.007053999853248],
            [-83.743709999644523, 38.007116000087272],
            [-83.743260000281026, 38.007203000213131],
            [-83.742180999657293, 38.007096000108831],
            [-83.741859000340341, 38.007138999772643],
            [-83.741450999911336, 38.007327999806492],
            [-83.741234000176362, 38.007340000039356],
            [-83.740804999830956, 38.007153000316166],
            [-83.740607000362559, 38.007102999677215],
            [-83.740511999928003, 38.007148999756673],
            [-83.740150000428073, 38.007818999826959],
            [-83.739629999846073, 38.008305000185551],
            [-83.73946400016473, 38.008512000107039],
            [-83.738987000138749, 38.009471999857254],
            [-83.738902999574847, 38.00957300009987],
            [-83.738244999798894, 38.010136000044859],
            [-83.738137999668766, 38.010168999770457],
            [-83.737869000055269, 38.010089999716222],
            [-83.737673000236668, 38.009971999879845],
            [-83.737403999724833, 38.009517999865871],
            [-83.737318000409445, 38.009448000087488],
            [-83.736950000163418, 38.009162999743637],
            [-83.736762999667349, 38.008969000326118],
            [-83.736633999795913, 38.00873100015707],
            [-83.736611000229686, 38.008379000132265],
            [-83.736571000046709, 38.007931999651639],
            [-83.736485999657916, 38.007677000232547],
            [-83.736220000417447, 38.007295999647781],
            [-83.735910999722648, 38.007057000276781],
            [-83.735739000193504, 38.007038999857251],
            [-83.735555999895396, 38.007079999980597],
            [-83.735032000013774, 38.007271999873446],
            [-83.734641000201506, 38.007342000313919],
            [-83.734124999817467, 38.007368000339135],
            [-83.733643999593539, 38.007435999708186],
            [-83.733374000155109, 38.007528000128154],
            [-83.733292999964263, 38.00764199982671],
            [-83.733296000337305, 38.007763999692706],
            [-83.733363000284456, 38.008639999950724],
            [-83.733280000443784, 38.009200999759123],
            [-83.73309799997061, 38.009822000089578],
            [-83.732938000137025, 38.010019999776219],
            [-83.732413000430455, 38.010303000133661],
            [-83.732030999940733, 38.010427000008541],
            [-83.731497000013348, 38.010520999694045],
            [-83.73098200035254, 38.010523999975682],
            [-83.730690000274478, 38.010444000209063],
            [-83.730214999898337, 38.010260000202265],
            [-83.729465999885804, 38.009586000071934],
            [-83.728873000407177, 38.009560000125497],
            [-83.728422000320478, 38.009470999749034],
            [-83.728016000439609, 38.009265999926221],
            [-83.727772000042137, 38.00900199986922],
            [-83.727612000208566, 38.008881000056263],
            [-83.727233000091886, 38.008716999914888],
            [-83.727153999550865, 38.008629000050355],
            [-83.727193999733828, 38.008500000066007],
            [-83.727283000320597, 38.008267999830274],
            [-83.727366000161282, 38.008023000029041],
            [-83.727408999818977, 38.007623000125207],
            [-83.727386000252764, 38.007357000247929],
            [-83.727247000335581, 38.007109999952739],
            [-83.727146000053267, 38.006998999852875],
            [-83.726987999869507, 38.006936000084885],
            [-83.726783999654998, 38.00690300031966],
            [-83.726202000047053, 38.006863999677108],
            [-83.725165000154419, 38.006568999843516],
            [-83.724946999696215, 38.006247999825391],
            [-83.724642000097688, 38.006158000229554],
            [-83.724072000185302, 38.005993999659609],
            [-83.723441999998442, 38.005679000207479],
            [-83.723282999989777, 38.005652000130823],
            [-83.723038999592305, 38.005731000012553],
            [-83.72237999999146, 38.005960000022071],
            [-83.722286000280121, 38.005980000310437],
            [-83.722176999601857, 38.006011000180273],
            [-83.721974000110592, 38.005962000334279],
            [-83.72155800018399, 38.005577000101617],
            [-83.720886999989247, 38.005171000008467],
            [-83.720523999766101, 38.004975999767773],
            [-83.720163000091063, 38.00453799993911],
            [-83.719761000408155, 38.004134000117631],
            [-83.719091000038347, 38.00376400015741],
            [-83.718899000417707, 38.003655999801744],
            [-83.718496999836503, 38.003397000319232],
            [-83.718029000031365, 38.003315999661901],
            [-83.717290000064551, 38.003287999938266],
            [-83.71720700022388, 38.003283999875698],
            [-83.716941000085114, 38.003361999993764],
            [-83.71681399986349, 38.003508000209472],
            [-83.716715000129284, 38.003621999787917],
            [-83.716421000401411, 38.003956000239711],
            [-83.716192999897473, 38.004111000197469],
            [-83.715207999883376, 38.004399000185131],
            [-83.714976999904707, 38.004636000086009],
            [-83.714826000291964, 38.004970000165962],
            [-83.714473999939457, 38.005698999864663],
            [-83.713858999821213, 38.00620000029064],
            [-83.713590000207702, 38.006516999924933],
            [-83.713556999697417, 38.006835999892616],
            [-83.713718000254232, 38.007367000202223],
            [-83.713767999584633, 38.008013000164212],
            [-83.71361600014697, 38.008373000101109],
            [-83.712939000104456, 38.008867999959186],
            [-83.712383000435764, 38.009456000247553],
            [-83.712186999718853, 38.0096930000811],
            [-83.71200799961872, 38.009756000311128],
            [-83.711516000422435, 38.009729000320284],
            [-83.711432999683453, 38.009649999791904],
            [-83.711333999949247, 38.009647000182291],
            [-83.71123699986488, 38.009644999970618],
            [-83.710625000119691, 38.009608999690236],
            [-83.710088999644157, 38.009476999690328],
            [-83.709507000036211, 38.009316999908087],
            [-83.709322000088278, 38.009555999697348],
            [-83.708852999559909, 38.009615999726485],
            [-83.708623000304456, 38.009666000067057],
            [-83.708353999792621, 38.009804999744858],
            [-83.708197000332106, 38.009927000258116],
            [-83.708029000102599, 38.01010699999491],
            [-83.707851999652306, 38.010284999803318],
            [-83.707492999627107, 38.010368000031477],
            [-83.707092999594011, 38.010411999994865],
            [-83.706524000404855, 38.010567999845492],
            [-83.706315000167464, 38.010658999782002],
            [-83.706117999625661, 38.010829999745972],
            [-83.7059720000358, 38.011056999934581],
            [-83.705921999807074, 38.011429000058257],
            [-83.705929000378077, 38.011672000352632],
            [-83.706060999724244, 38.011962999881163],
            [-83.706122999648542, 38.012349999981687],
            [-83.706152999785758, 38.012641999714717],
            [-83.706233999976618, 38.012966000228822],
            [-83.706162999831506, 38.013321999684194],
            [-83.705978999708478, 38.013653999725577],
            [-83.705330999978287, 38.014353000300751],
            [-83.704689999920788, 38.014931000136613],
            [-83.703548000446176, 38.015617000249478],
            [-83.702981999833426, 38.015910999747781],
            [-83.702423999616599, 38.016181999810314],
            [-83.701754999970007, 38.016322999900979],
            [-83.70116599979103, 38.016480999936299],
            [-83.700677000069476, 38.016596999888677],
            [-83.700338000135773, 38.016727999797226],
            [-83.699791999614504, 38.017079000067355],
            [-83.699218000402482, 38.01753499995835],
            [-83.698646999766851, 38.018063999928863],
            [-83.698512999872548, 38.018199999991907],
            [-83.700477999877862, 38.025390999971442],
            [-83.704074999802557, 38.035062999905392],
            [-83.704781999982288, 38.043230000248968],
            [-83.705188999688062, 38.043847000180726],
            [-83.70513699980954, 38.043962999962169],
            [-83.704894999960189, 38.044528999882615],
            [-83.706161000181694, 38.059135000200563],
            [-83.706182999922987, 38.059385999658168],
            [-83.706101999732141, 38.059353000173154],
            [-83.70601800006655, 38.059314999997532],
            [-83.70594199989857, 38.059279000073573],
            [-83.705854999859923, 38.059229999775305],
            [-83.705775000392308, 38.059196000083126],
            [-83.705609999637545, 38.059119000118621],
            [-83.705546999888355, 38.05908499966754],
            [-83.705447000329244, 38.059048000198928],
            [-83.705366999963303, 38.059014999854178],
            [-83.705285999772457, 38.058978999782624],
            [-83.705129000311914, 38.058911000149294],
            [-83.70489999998307, 38.058816000160448],
            [-83.70482399981509, 38.058786000138376],
            [-83.704751999845058, 38.058753999818329],
            [-83.704222999940555, 38.058483999655301],
            [-83.704144000297831, 38.058440000267836],
            [-83.70406499975681, 38.058402000325451],
            [-83.703986000114085, 38.058368000248585],
            [-83.70382799993034, 38.058305000085262],
            [-83.703746999739494, 38.058274999853658],
            [-83.703567999639333, 38.05819499988332],
            [-83.703494999844409, 38.058177000001727],
            [-83.703423999699297, 38.058168000059275],
            [-83.703340999858625, 38.058161999861227],
            [-83.703179000375243, 38.058141000225277],
            [-83.702910999688328, 38.058122000178912],
            [-83.702632999853961, 38.058118999724378],
            [-83.702539000142636, 38.058121000027413],
            [-83.702351999646567, 38.058128999824262],
            [-83.702168000421878, 38.058132999722361],
            [-83.702078000010204, 38.058131000127027],
            [-83.701989000321731, 38.058123999774487],
            [-83.701898999910043, 38.058109000330461],
            [-83.701809000396679, 38.058085000223357],
            [-83.701627999748382, 38.058040999888725],
            [-83.701540999709763, 38.058022999969261],
            [-83.701458999693997, 38.058011000256236],
            [-83.701293999837532, 38.057994999928539],
            [-83.701209000347049, 38.057994999928539],
            [-83.701072000079691, 38.058007000351473],
            [-83.701019000376235, 38.058016999759332],
            [-83.70092899996456, 38.058030000331406],
            [-83.700861000192504, 38.05803699998561],
            [-83.700791999697202, 38.058040999888725],
            [-83.700717000252453, 38.058042000041318],
            [-83.700640000259568, 38.058039000290833],
            [-83.700564999916494, 38.058034000234912],
            [-83.700489999573406, 38.05802699987315],
            [-83.700181999601853, 38.057983000210925],
            [-83.700111000355051, 38.057971999937557],
            [-83.699907999965461, 38.057937000214281],
            [-83.699835999995443, 38.057927000088164],
            [-83.699760999652369, 38.057919000269187],
            [-83.699685000382701, 38.057914999652112],
            [-83.699610000039641, 38.057914000205123],
            [-83.699533999871647, 38.057916999960675],
            [-83.699457999703668, 38.05792400033296],
            [-83.699383000258905, 38.057936000060259],
            [-83.699312000113792, 38.057952999847323],
            [-83.699242999618519, 38.057974000244613],
            [-83.699178000219504, 38.057996000081708],
            [-83.699116000295206, 38.058020000217994],
            [-83.699009000165091, 38.058071999661053],
            [-83.698962000309436, 38.058098000076079],
            [-83.698919999578322, 38.058127000228772],
            [-83.698839000285773, 38.058188000244279],
            [-83.698718999736869, 38.058288999821791],
            [-83.698589999865447, 38.058388999819456],
            [-83.698512000047629, 38.058448000029806],
            [-83.698474000412787, 38.058479000337059],
            [-83.698389000023994, 38.058546000226166],
            [-83.698338999795283, 38.058582999948584],
            [-83.698185999634404, 38.058699999865382],
            [-83.698143999801601, 38.058733999788004],
            [-83.698106999991666, 38.058759999967783],
            [-83.698081999877317, 38.058779999991003],
            [-83.698060000136024, 38.058795000004828],
            [-83.697974999747203, 38.058856000170806],
            [-83.698638000444333, 38.060642999827024],
            [-83.698932999997126, 38.06187900035151],
            [-83.69801199955711, 38.065300999869713],
            [-83.698096000121041, 38.065955000016821],
            [-83.699307000090911, 38.06901499980443],
            [-83.699973000262787, 38.070383999734631],
            [-83.70001500009559, 38.070367000006797],
            [-83.700209000264337, 38.070405000100259],
            [-83.70048700009869, 38.070477000297601],
            [-83.700522000258786, 38.070509999716151],
            [-83.700570999764267, 38.070613999907792],
            [-83.70048700009869, 38.070789999840891],
            [-83.700682000092357, 38.071140999877557],
            [-83.700750999689319, 38.071240000018562],
            [-83.70092999978948, 38.071378000291617],
            [-83.701042999767381, 38.071464999776445],
            [-83.701342000416432, 38.07158600018041],
            [-83.701363000332833, 38.071601999657773],
            [-83.701425000257103, 38.0716189998058],
            [-83.701556999603284, 38.071557999672244],
            [-83.701606000007089, 38.071513999660247],
            [-83.701696000418778, 38.071476000142894],
            [-83.70185600025232, 38.071464999776445],
            [-83.701974000253117, 38.071476000142894],
            [-83.702168000421878, 38.071574999830503],
            [-83.702314000011739, 38.071624000347811],
            [-83.702724000090569, 38.07168399975307],
            [-83.702848999764029, 38.071712000212997],
            [-83.702939000175704, 38.071750000314957],
            [-83.703036000260099, 38.071804999794765],
            [-83.703237999926472, 38.071948000228879],
            [-83.703627000088872, 38.072139999847835],
            [-83.703695999685849, 38.072184000190475],
            [-83.703730999845959, 38.072188999986658],
            [-83.703772999678762, 38.072188999986658],
            [-83.703848999846741, 38.072067999872999],
            [-83.70389099967953, 38.071953000041205],
            [-83.703981000091218, 38.071871000247469],
            [-83.703996999984739, 38.071864999758752],
            [-83.704155000168498, 38.071810000324007],
            [-83.704405000413743, 38.071816000110083],
            [-83.704612999927889, 38.071859999940415],
            [-83.704745000172366, 38.071909000266764],
            [-83.70491900024966, 38.072009000037205],
            [-83.705016000334012, 38.072089999715679],
            [-83.70510599984739, 38.072151000112775],
            [-83.705161999923902, 38.072172999930494],
            [-83.705544000413639, 38.072155999911224],
            [-83.706238000174579, 38.072167000173749],
            [-83.706439999840953, 38.072183000231227],
            [-83.706627000337008, 38.072222000047205],
            [-83.70669799958381, 38.072244999802031],
            [-83.706829000003353, 38.072288000123649],
            [-83.707037000415824, 38.072337000163273],
            [-83.707162000089298, 38.072386000170127],
            [-83.707183000005685, 38.072424999877867],
            [-83.707197000249394, 38.072555999650653],
            [-83.707189999678391, 38.072710000211814],
            [-83.707227000386624, 38.07276499967697],
            [-83.70728000009008, 38.072842000131601],
            [-83.707301000006467, 38.072907999648592],
            [-83.70731500025019, 38.073017999654162],
            [-83.70740599958846, 38.073166000274895],
            [-83.707481999756453, 38.073232000206708],
            [-83.707696999841588, 38.073495000104238],
            [-83.707829000086079, 38.073686999905448],
            [-83.708071999760321, 38.07390199985074],
            [-83.708135000407836, 38.073940000229292],
            [-83.708245999837601, 38.073984000196248],
            [-83.708469000318672, 38.074154000205716],
            [-83.708641999672722, 38.07436800026322],
            [-83.708726000236609, 38.074489000107796],
            [-83.708877999674272, 38.074581999694523],
            [-83.708989999827253, 38.074619999719737],
            [-83.70903099983515, 38.074653000097832],
            [-83.709065999995246, 38.074763000307627],
            [-83.709051999751551, 38.074857000175875],
            [-83.709072999667939, 38.075048999937508],
            [-83.709051999751551, 38.075223999888905],
            [-83.709072999667939, 38.07543300007012],
            [-83.709086999911648, 38.07547699984611],
            [-83.709122000071744, 38.075499000077713],
            [-83.709136000315453, 38.07552100030275],
            [-83.709246999745218, 38.075558999840084],
            [-83.709296000148996, 38.075597999977454],
            [-83.709372000316989, 38.075708000180278],
            [-83.709447999586672, 38.075795000172114],
            [-83.709677999740421, 38.075959999969854],
            [-83.70973999966472, 38.076014999819712],
            [-83.709795999741203, 38.076086000246164],
            [-83.709857999665473, 38.076235000219846],
            [-83.709878999581875, 38.076251000094544],
            [-83.709996999582657, 38.07631099994714],
            [-83.710073999575542, 38.076327999707843],
            [-83.71017800023094, 38.076332999927857],
            [-83.71027500031532, 38.076361000022374],
            [-83.710352000308205, 38.076398999830417],
            [-83.71041400023249, 38.076454000057289],
            [-83.710490000400469, 38.076580000189658],
            [-83.710517999989563, 38.076651999965797],
            [-83.710553000149659, 38.076800000304438],
            [-83.710615999898863, 38.076948000343613],
            [-83.710748000143326, 38.07702499993016],
            [-83.7109210003957, 38.077030000102582],
            [-83.711039000396482, 38.077018999864279],
            [-83.711102000145672, 38.077030000102582],
            [-83.711150999651153, 38.077107000309944],
            [-83.711178000313637, 38.077200000103304],
            [-83.711241000062827, 38.077271999976197],
            [-83.711338000147208, 38.077337999738504],
            [-83.711566999577755, 38.077436000089854],
            [-83.712796999814245, 38.078725999819007],
            [-83.713319000046056, 38.079500000330455],
            [-83.713366999726631, 38.079587999911951],
            [-83.713519999887509, 38.079790999804231],
            [-83.713555000047606, 38.079823999970351],
            [-83.71367999972108, 38.079906999893701],
            [-83.713735999797578, 38.079973000106335],
            [-83.713797999721848, 38.080110000314612],
            [-83.713818999638249, 38.080428000293985],
            [-83.71388200028575, 38.080521000106629],
            [-83.713923000293633, 38.080608999873675],
            [-83.713979000370131, 38.080675000159758],
            [-83.714110999716283, 38.080735999760584],
            [-83.714359000311731, 38.080805000163402],
            [-83.714899999911808, 38.082386000317598],
            [-83.713848999775479, 38.085218000057303],
            [-83.713642999911144, 38.088896000227983],
            [-83.713990000240784, 38.089317000202726],
            [-83.714690999674431, 38.090205000187559],
            [-83.716678000319362, 38.090910000091597],
            [-83.723907000328836, 38.091929000231886],
            [-83.725499000065255, 38.0922050002047],
            [-83.726121999681112, 38.092313000094812],
            [-83.726714000233116, 38.092313000094812],
            [-83.726795000423976, 38.092375999957007],
            [-83.726849999777258, 38.092442000225731],
            [-83.726884999937354, 38.092453000264726],
            [-83.726941000013838, 38.092524999964908],
            [-83.726954000432627, 38.092556999651805],
            [-83.726961999930239, 38.092683999994186],
            [-83.72423700004174, 38.098017000011559],
            [-83.721389000129591, 38.103590999823503],
            [-83.720512999895433, 38.104998999932441],
            [-83.719640999859251, 38.106965000019144],
            [-83.718948999748108, 38.108469000244412],
            [-83.718764999625094, 38.109339000056139],
            [-83.718876999778089, 38.109332999815031],
            [-83.718932000029696, 38.109349999672183],
            [-83.719300000275709, 38.109366000074623],
            [-83.719723999699923, 38.109475999654144],
            [-83.719800999692808, 38.109525000216699],
            [-83.720293999612309, 38.109640000326081],
            [-83.72103799960199, 38.109732999728926],
            [-83.721107000097277, 38.109717000113697],
            [-83.721496000259705, 38.10972799967282],
            [-83.733733000180308, 38.110067999879831],
            [-83.73427700015344, 38.110082999977223],
            [-83.739494000301946, 38.110228000053269],
            [-83.744046000103509, 38.110353999934397],
            [-83.745063999729538, 38.110860999817099],
            [-83.745510999618304, 38.111311000048254],
            [-83.745473999808368, 38.111531999672827],
            [-83.745609000425915, 38.111770000043116],
            [-83.746248999760198, 38.112105000040167],
            [-83.746642000120559, 38.112189000182539],
            [-83.747088000184419, 38.111603999658783],
            [-83.74771800037125, 38.111307999655352],
            [-83.74817500030575, 38.111352999881241],
            [-83.748921999770161, 38.111743000206417],
            [-83.750076999663548, 38.112129000090732],
            [-83.750553999689529, 38.112401999756976],
            [-83.751101999860623, 38.112592000346432],
            [-83.752865000199563, 38.112813999739444],
            [-83.754451000088181, 38.11270300012729],
            [-83.75500199973402, 38.112534000107281],
            [-83.756133000236289, 38.11201800014431],
            [-83.756907000363185, 38.111555999911623],
            [-83.756992999678602, 38.111383999675162],
            [-83.757718000299988, 38.110871999910778],
            [-83.759910000086023, 38.109562999750445],
            [-83.762518999623595, 38.107845999914396],
            [-83.762947999968972, 38.107709000086757],
            [-83.763291000100665, 38.107742999846124],
            [-83.763803000286742, 38.108153999780662],
            [-83.764064000402655, 38.10867500030902],
            [-83.764579999888369, 38.110796000065065],
            [-83.7646460000106, 38.111791999955024],
            [-83.764557000322142, 38.112322999738375],
            [-83.76428299978744, 38.112924999889671],
            [-83.763558999889256, 38.113438000207431],
            [-83.762700000271863, 38.113710999928486],
            [-83.761792000250651, 38.113935000350999],
            [-83.760676999641916, 38.114002999712326],
            [-83.759890999819447, 38.114193999762293],
            [-83.759052000293536, 38.114695000047334],
            [-83.758771999911062, 38.114981999734439],
            [-83.758376000075941, 38.115616000069373],
            [-83.758336999717883, 38.11619700000692],
            [-83.758734000276235, 38.116596999789259],
            [-83.759218999799813, 38.116826000118515],
            [-83.759660999665684, 38.116959999647889],
            [-83.760688000410894, 38.117063000147475],
            [-83.762045999795561, 38.116929000100335],
            [-83.763198000214231, 38.116640000174357],
            [-83.764091000166829, 38.116504999997971],
            [-83.764706000285059, 38.116296999981209],
            [-83.76529200009098, 38.11626500008915],
            [-83.765913000056997, 38.11637299975699],
            [-83.765963000285709, 38.116395999757238],
            [-83.767315999647536, 38.117008000084049],
            [-83.768642000143473, 38.117410999807099],
            [-83.769381999935177, 38.117845000011741],
            [-83.770036000411466, 38.118449999977862],
            [-83.770643000133788, 38.119681000059998],
            [-83.770868000264684, 38.120422999921978],
            [-83.771007000181854, 38.122371000075532],
            [-83.771331000046956, 38.12321299985328],
            [-83.771332999696767, 38.12325100003892],
            [-83.771348999590302, 38.123498000056905],
            [-83.77135899963605, 38.123655999859047],
            [-83.771362999834011, 38.123710999861991],
            [-83.771348999590302, 38.123797999962008],
            [-83.771582000117121, 38.123832000005351],
            [-83.771239999810362, 38.124951999733071],
            [-83.77099700013612, 38.125064999692739],
            [-83.770799999594303, 38.125157000006091],
            [-83.770052000305, 38.125661999722517],
            [-83.769923000433565, 38.12586099982537],
            [-83.769005000366633, 38.127149000110883],
            [-83.767713000205859, 38.128426000009796],
            [-83.767211000065544, 38.129005000000127],
            [-83.767067000125493, 38.1294699997243],
            [-83.767077000171227, 38.129508000186298],
            [-83.767098999912548, 38.129716999900396],
            [-83.767181999753205, 38.129923999970686],
            [-83.766943000276925, 38.130050999661812],
            [-83.766914999789535, 38.130070000097305],
            [-83.766904999743787, 38.130076000047879],
            [-83.766946999576575, 38.130137000106089],
            [-83.767134000072645, 38.130462999703532],
            [-83.767216000088411, 38.130604000125295],
            [-83.767353000355754, 38.130840999949982],
            [-83.767382999594687, 38.130897000055533],
            [-83.767396999838382, 38.130908999820157],
            [-83.76753199955759, 38.131802000207415],
            [-83.767689999741322, 38.132329999811688],
            [-83.767936999613553, 38.132461000334551],
            [-83.769159000352403, 38.132710999795286],
            [-83.769324000208869, 38.132744999927155],
            [-83.76962600033265, 38.132757999931826],
            [-83.770360000276568, 38.132791000205025],
            [-83.770396000261584, 38.132792000041739],
            [-83.770423000025758, 38.132774000151777],
            [-83.771141999901076, 38.132269000172961],
            [-83.771199999627385, 38.132229999890789],
            [-83.771233999962575, 38.132132000231032],
            [-83.771906999807129, 38.130194999789786],
            [-83.772063000341063, 38.129545999921866],
            [-83.772150000379696, 38.129185000221931],
            [-83.772264000182517, 38.12870899986369],
            [-83.772285999923824, 38.12861699978685],
            [-83.772705000223482, 38.127849000182401],
            [-83.772979999684779, 38.127531000194551],
            [-83.772992000278649, 38.12751799996559],
            [-83.773680000191817, 38.12700399971115],
            [-83.773788000146865, 38.126923000108121],
            [-83.774968999979521, 38.126456999782249],
            [-83.778081000380652, 38.125553999659807],
            [-83.77848100041372, 38.125593999911075],
            [-83.778630000376637, 38.125743999951325],
            [-83.778657999965731, 38.125927000233268],
            [-83.778569000277258, 38.126457999705785],
            [-83.778550000010696, 38.126488000231426],
            [-83.778410000268607, 38.126712000327558],
            [-83.778262999955516, 38.127595999891355],
            [-83.77836000003991, 38.128055999896816],
            [-83.778740999806402, 38.128903999873629],
            [-83.779371999818167, 38.129971999657322],
            [-83.78068700044345, 38.132202000001428],
            [-83.780699999963929, 38.132232000286201],
            [-83.781612000183088, 38.134318999747777],
            [-83.781744000427565, 38.13491700021379],
            [-83.781706999719319, 38.135137999760346],
            [-83.781842000336852, 38.13537700000991],
            [-83.782197000164103, 38.135682000249929],
            [-83.782859999962923, 38.135883999975952],
            [-83.783653000356381, 38.13600799981068],
            [-83.783865999893393, 38.13611900003098],
            [-83.784609000058154, 38.136193999874187],
            [-83.784787000333381, 38.136166000092494],
            [-83.785173999947673, 38.135935000070234],
            [-83.785696000179499, 38.13594299983243],
            [-83.786004000151067, 38.135838000234443],
            [-83.786353999955452, 38.135828000163883],
            [-83.786860000293728, 38.13592400021917],
            [-83.788309999739923, 38.135934000276521],
            [-83.788960999843169, 38.135863999846116],
            [-83.789390000188575, 38.135728000089813],
            [-83.78964100025874, 38.135752999944529],
            [-83.78973300032024, 38.135762000229299],
            [-83.790690999671824, 38.135588000179787],
            [-83.791325999881565, 38.135606000082326],
            [-83.792593999752867, 38.13636300024644],
            [-83.793371000252819, 38.136575999961643],
            [-83.793594999660485, 38.136800999970745],
            [-83.793506999796932, 38.136952000077763],
            [-83.793388999796164, 38.13705700019257],
            [-83.793285000039091, 38.137194000074892],
            [-83.793194999627403, 38.137374999659059],
            [-83.793042000364849, 38.137584000162413],
            [-83.792986000288352, 38.137704000150435],
            [-83.792986000288352, 38.137743000333693],
            [-83.793013999877431, 38.137824999708947],
            [-83.793131999878213, 38.137929999980756],
            [-83.793235999635286, 38.138001000314446],
            [-83.793278000366385, 38.138071999872487],
            [-83.793291999711798, 38.138149000061489],
            [-83.793285000039091, 38.138220999944444],
            [-83.7932010003735, 38.138468000180687],
            [-83.793131999878213, 38.138764000306395],
            [-83.793033999968941, 38.138956000337899],
            [-83.793013000052539, 38.13905000030897],
            [-83.79296500037195, 38.139158999935859],
            [-83.792714000301785, 38.139510999939581],
            [-83.792623999890097, 38.139653000287396],
            [-83.792512999562021, 38.139785000124064],
            [-83.792457000383834, 38.139888999955666],
            [-83.792407999980028, 38.139954999690353],
            [-83.792360000299453, 38.140082000296502],
            [-83.792352999728436, 38.140197000326445],
            [-83.792325000139357, 38.140328999885547],
            [-83.792228000054976, 38.140499000303976],
            [-83.792094999985579, 38.140680000168679],
            [-83.791879999900445, 38.140872000104288],
            [-83.791796000234839, 38.141003999855286],
            [-83.791496999585789, 38.141321999784189],
            [-83.79138600015601, 38.141476000286985],
            [-83.791357999668634, 38.141539000142039],
            [-83.791099999925763, 38.141569999837685],
            [-83.790550000104844, 38.141634000033733],
            [-83.790073999903782, 38.141685000348502],
            [-83.789309999822635, 38.141757999988869],
            [-83.788754000153943, 38.141809000216966],
            [-83.78792300012563, 38.141880000308824],
            [-83.787650000314159, 38.141905000175498],
            [-83.787289999565729, 38.141934000292679],
            [-83.787112000188799, 38.141949999913884],
            [-83.787022999602044, 38.141957000011999],
            [-83.786846000050033, 38.141974000045614],
            [-83.786324999643114, 38.142020000158254],
            [-83.786239000327697, 38.142027000249655],
            [-83.785898999670763, 38.142061000280293],
            [-83.785363999918474, 38.142107000338143],
            [-83.784896000113335, 38.142146000287617],
            [-83.784649000241131, 38.14216999964836],
            [-83.784486000034505, 38.142188999754879],
            [-83.784241999637032, 38.142226999953088],
            [-83.784080000153637, 38.142260999890524],
            [-83.783915000297199, 38.142296999931702],
            [-83.783831999558217, 38.142316000005152],
            [-83.783664000227034, 38.142357999666565],
            [-83.78349400034773, 38.142402000126978],
            [-83.783407000309083, 38.14242300028922],
            [-83.782887999552017, 38.14255999998803],
            [-83.782717999672698, 38.142602999917806],
            [-83.78246800032575, 38.142671999834285],
            [-83.782305000119123, 38.142720000321361],
            [-83.782225999578088, 38.142744999900216],
            [-83.782148999585203, 38.142770999877015],
            [-83.782071999592304, 38.142798999950323],
            [-83.781998999797381, 38.142829000117935],
            [-83.781926999827363, 38.142859999971954],
            [-83.781857000405481, 38.142892999916093],
            [-83.781789999560004, 38.142927999947588],
            [-83.781659999863678, 38.143000999757326],
            [-83.781408999793499, 38.143149999655286],
            [-83.781043000095607, 38.143376999972247],
            [-83.780802000071191, 38.143525000119105],
            [-83.780679000047527, 38.143595999954094],
            [-83.780551999825931, 38.143659000098118],
            [-83.780414999558573, 38.143709999703844],
            [-83.780273000166673, 38.143745999736559],
            [-83.780154000340985, 38.143763000059828],
            [-83.7801690004096, 38.143794000223494],
            [-83.780178999557023, 38.143819999826469],
            [-83.780198999648519, 38.143857999881696],
            [-83.780258999922978, 38.143958999802038],
            [-83.780294999907966, 38.144014999732605],
            [-83.780340000113824, 38.144067999867019],
            [-83.780395000365402, 38.144111000320976],
            [-83.780463000137459, 38.144156000111771],
            [-83.780535999932411, 38.144185999721337],
            [-83.780614999575121, 38.144209999824035],
            [-83.780791000200523, 38.144249999742122],
            [-83.780893000307771, 38.144271999758374],
            [-83.780996000239938, 38.144299999962179],
            [-83.781094000149238, 38.144337999767338],
            [-83.781191000233605, 38.144392000051397],
            [-83.781286999594769, 38.144460000012096],
            [-83.781483000311653, 38.144606000025249],
            [-83.781567999802164, 38.144673000112491],
            [-83.781637000297451, 38.144740999811269],
            [-83.781684000153106, 38.144815999976927],
            [-83.781710999917294, 38.144901999977797],
            [-83.781716999765081, 38.144994000014357],
            [-83.781704000244602, 38.145183999860897],
            [-83.781705000069508, 38.145278999951877],
            [-83.781722999612853, 38.145369999848626],
            [-83.781763999620736, 38.145455999902879],
            [-83.781822000245384, 38.145533999733026],
            [-83.781890000017441, 38.145604999732349],
            [-83.781960000337634, 38.145675000002306],
            [-83.782109000300565, 38.145807000247906],
            [-83.782184999570219, 38.145873000281114],
            [-83.782259000088374, 38.145941999930905],
            [-83.782329000408581, 38.14601300023957],
            [-83.782398999830477, 38.146085999788419],
            [-83.782464000127788, 38.146160999984289],
            [-83.782522999679017, 38.146240000126035],
            [-83.78270500015222, 38.146473999677362],
            [-83.782772000099371, 38.146551999831971],
            [-83.78284700044243, 38.146631999903924],
            [-83.782931999932941, 38.146713999886636],
            [-83.783027000367483, 38.146795999777112],
            [-83.78313100012457, 38.146878999925669],
            [-83.783244000102471, 38.146963999971419],
            [-83.7833660003012, 38.147048000276698],
            [-83.783495999997555, 38.147129000151466],
            [-83.783632000439979, 38.147203000342245],
            [-83.783772000182068, 38.147266999835651],
            [-83.783913999573983, 38.147317000107307],
            [-83.784181000435979, 38.147393999723853],
            [-83.784301000086586, 38.147434999651722],
            [-83.784536000263216, 38.147538000247479],
            [-83.784664000309746, 38.147606000101575],
            [-83.784794999831007, 38.147679000175685],
            [-83.784925000425659, 38.14776500033377],
            [-83.785050000099119, 38.147861000226136],
            [-83.785169999749712, 38.147968000148666],
            [-83.785280000252897, 38.14808200013114],
            [-83.785378999987088, 38.148197999893256],
            [-83.785462999652665, 38.148312000222688],
            [-83.785524999576964, 38.148419000190131],
            [-83.785565999584833, 38.148518000205094],
            [-83.785580999653462, 38.148607999973628],
            [-83.785577000353811, 38.148693000124034],
            [-83.785558999912141, 38.148780000117235],
            [-83.785516000254432, 38.148962999861666],
            [-83.78549799981279, 38.149065000099036],
            [-83.785487999767028, 38.149174999918074],
            [-83.785490000315178, 38.14928799981638],
            [-83.785502999835643, 38.149401000246087],
            [-83.785529999599817, 38.14951300018663],
            [-83.785574999805675, 38.14962300003652],
            [-83.785640999927907, 38.149730000200179],
            [-83.785724999593498, 38.149830999761704],
            [-83.785818000378242, 38.149928999671225],
            [-83.785913999739392, 38.150025000247851],
            [-83.786013000371895, 38.150117999780853],
            [-83.786214000213349, 38.150287999995577],
            [-83.786410000031935, 38.150445000136948],
            [-83.786608000398658, 38.150600000048584],
            [-83.786704999584714, 38.150678000029878],
            [-83.786800999844189, 38.150757999815426],
            [-83.786896000278745, 38.150843000286123],
            [-83.786991999639895, 38.150931999717073],
            [-83.78708799989937, 38.151027000093123],
            [-83.78717900013595, 38.151124999808545],
            [-83.787258999603594, 38.151228000138836],
            [-83.787326000449042, 38.151340999682333],
            [-83.787379000152512, 38.151460999649757],
            [-83.78741599996242, 38.151586000141741],
            [-83.787436000053901, 38.151713000280942],
            [-83.787441000076797, 38.151837000058862],
            [-83.787441000076797, 38.151956999916663],
            [-83.787436999878821, 38.152071000022517],
            [-83.78743299968086, 38.152291999887566],
            [-83.78743299968086, 38.152514000062297],
            [-83.787435000228996, 38.152626000167608],
            [-83.78745100012253, 38.152733999727921],
            [-83.787473999688757, 38.152822999677035],
            [-83.787477999886718, 38.152836999905198],
            [-83.787518999894587, 38.15293500001426],
            [-83.787573000321274, 38.153026000249945],
            [-83.787641000093316, 38.153113000019751],
            [-83.787723999934002, 38.153191000139259],
            [-83.787821999843288, 38.153258000111926],
            [-83.787932000346473, 38.153307999808881],
            [-83.788051000172146, 38.153337999893175],
            [-83.78817699967054, 38.153348999944541],
            [-83.788306000440272, 38.153347999683085],
            [-83.788565000008063, 38.153339999709992],
            [-83.78869499970439, 38.15333499981466],
            [-83.788823999575811, 38.153334000259427],
            [-83.788954000170463, 38.153336000076358],
            [-83.789087000239874, 38.153340999971562],
            [-83.789222999783988, 38.153348999944541],
            [-83.789360000051332, 38.153358999732937],
            [-83.789493999945634, 38.153372999858192],
            [-83.789626000190125, 38.153393000133448],
            [-83.789750999863571, 38.153421999922287],
            [-83.789869999689287, 38.153464000253791],
            [-83.789987999690069, 38.153515000068751],
            [-83.790217999843819, 38.153631999925011],
            [-83.790335000019681, 38.15370500032585],
            [-83.790456000393519, 38.153774999886849],
            [-83.790582999716804, 38.153846999889986],
            [-83.790720999809068, 38.153909999657792],
            [-83.790867000297254, 38.153951999708205],
            [-83.791017000085077, 38.153979000181984],
            [-83.791166000047994, 38.153996999785903],
            [-83.791582999799516, 38.154035999736543],
            [-83.791713000394168, 38.154049000186355],
            [-83.792117999551806, 38.154085000061585],
            [-83.792428000071524, 38.154116000077202],
            [-83.792594999577787, 38.1541339996473],
            [-83.792951999953161, 38.154167999686457],
            [-83.793138999550919, 38.154184999700085],
            [-83.79372000023227, 38.154243000049242],
            [-83.794120000265352, 38.154284999907944],
            [-83.794502999681697, 38.154329000238505],
            [-83.794680000132004, 38.154352000288327],
            [-83.794844999988456, 38.154372000295048],
            [-83.795000999624051, 38.15438900026119],
            [-83.795157000157985, 38.154403999729311],
            [-83.795484000396129, 38.154444999955238],
            [-83.796030999843978, 38.154509999697602],
            [-83.796223000362929, 38.154532000151519],
            [-83.796411999610513, 38.154555999675878],
            [-83.796760999589964, 38.154602999869418],
            [-83.797232999593064, 38.154662000129584],
            [-83.79739499997477, 38.154683000294455],
            [-83.797912000183729, 38.154744999804187],
            [-83.79824199989659, 38.154787000080127],
            [-83.798400000080335, 38.154813000003401],
            [-83.798698000006183, 38.154873000334234],
            [-83.798838999573178, 38.15490299977477],
            [-83.799108000085013, 38.154961999792278],
            [-83.799241999979301, 38.154987000120521],
            [-83.799375000048684, 38.155006999953102],
            [-83.799508000118081, 38.155017000220511],
            [-83.799605000202462, 38.155017999752729],
            [-83.799667999951652, 38.155011000201497],
            [-83.799734000073883, 38.154997999923175],
            [-83.799831000158278, 38.154970000293787],
            [-83.799934999915365, 38.154934999682439],
            [-83.800088000076229, 38.154878000124121],
            [-83.800206000076997, 38.154840999693015],
            [-83.800469999667641, 38.154776000245654],
            [-83.800621000178694, 38.15474900006695],
            [-83.800745999852168, 38.154735000205825],
            [-83.800919000104543, 38.15471700007771],
            [-83.80106600041762, 38.154704999989846],
            [-83.801247000167592, 38.154697000165605],
            [-83.80139899960524, 38.154694999679606],
            [-83.801528000374972, 38.154697000165605],
            [-83.801656000421502, 38.154694999679606],
            [-83.801781999919882, 38.154683999831256],
            [-83.80190300029372, 38.15466299966662],
            [-83.80201200007366, 38.154631999883513],
            [-83.802222999960847, 38.154555000137329],
            [-83.802332999565706, 38.154518000248743],
            [-83.802444999718688, 38.154481999880907],
            [-83.802560000244739, 38.154447999988079],
            [-83.802674999872465, 38.154420999687936],
            [-83.802785000375636, 38.154403999729311],
            [-83.802900999828267, 38.154392999837079],
            [-83.803023000027025, 38.154388000013938],
            [-83.803151999898432, 38.15438900026119],
            [-83.803286999617654, 38.154394000084203],
            [-83.803426000433134, 38.154406000223311],
            [-83.803568999649954, 38.154428000002206],
            [-83.803717999612871, 38.154457000085891],
            [-83.803869000123939, 38.154494000005464],
            [-83.804184999593119, 38.154579999898694],
            [-83.804348999624636, 38.154628000320677],
            [-83.804511000006357, 38.154674000224539],
            [-83.804670999839914, 38.154721999878298],
            [-83.804832000396715, 38.154768999964851],
            [-83.80530500022472, 38.154913000056482],
            [-83.805460000035424, 38.154953999996245],
            [-83.805615999671033, 38.154985999881482],
            [-83.805773999854779, 38.155009999962836],
            [-83.805933999688349, 38.155026000248149],
            [-83.806097999719881, 38.15503899981514],
            [-83.806262999576319, 38.155049000078158],
            [-83.806429999980892, 38.155058000101796],
            [-83.806912999854674, 38.155088000172626],
            [-83.807059000342832, 38.155095999953964],
            [-83.807311000237917, 38.155115999756646],
            [-83.807527000147985, 38.15513200001871],
            [-83.807625999882191, 38.155136999790848],
            [-83.807728999814358, 38.155148999807636],
            [-83.807837999594298, 38.155163999825902],
            [-83.807950999572213, 38.155183000079987],
            [-83.807990999755177, 38.155190999850909],
            [-83.808322000191268, 38.155256000341161],
            [-83.808461000108451, 38.155279000098638],
            [-83.808603000398676, 38.155298000322816],
            [-83.808752000361579, 38.15531200007586],
            [-83.809342000365461, 38.155360000016046],
            [-83.809476000259764, 38.155371999996198],
            [-83.809601999758158, 38.155386999968542],
            [-83.809719999758926, 38.1554099996847],
            [-83.809830000262096, 38.155439000084336],
            [-83.809940999691861, 38.155483999950818],
            [-83.810048999646895, 38.155534999765941],
            [-83.810144000081465, 38.155595999733443],
            [-83.810214000401643, 38.155669000287546],
            [-83.810255000409541, 38.155751000000343],
            [-83.810286000371676, 38.155842000254168],
            [-83.810314999785675, 38.155938000111696],
            [-83.810395000151615, 38.156248000274907],
            [-83.81042600011375, 38.156354999902263],
            [-83.810464999573512, 38.156460999860244],
            [-83.81052200037324, 38.156563000207434],
            [-83.810596999817989, 38.156658000312483],
            [-83.810681000381891, 38.156747999926033],
            [-83.810769000245443, 38.156835000200317],
            [-83.810946999622359, 38.157005999803722],
            [-83.811109000004066, 38.157157999977898],
            [-83.811172999578162, 38.157220000208866],
            [-83.811221999981967, 38.157279999972083],
            [-83.811254999593928, 38.157346000219732],
            [-83.811271000385773, 38.157419999934007],
            [-83.811266000362892, 38.15750100029878],
            [-83.81124700009633, 38.157584999771068],
            [-83.811222999806873, 38.157674000157478],
            [-83.811167999555295, 38.157868999759266],
            [-83.811136999593145, 38.15797599983356],
            [-83.811102000331374, 38.158089000223463],
            [-83.811064999623127, 38.158205000316599],
            [-83.811032000011153, 38.158322999905337],
            [-83.810970999911802, 38.15854900014093],
            [-83.810939999949667, 38.158654000252724],
            [-83.81088300004825, 38.15883699994491],
            [-83.810871000352677, 38.158914000114315],
            [-83.810873000002516, 38.158926999694586],
            [-83.810878999850289, 38.158985999988154],
            [-83.810909999812438, 38.159053000287585],
            [-83.810968000437072, 38.15911400013767],
            [-83.811056000300624, 38.159157000198157],
            [-83.811163000430724, 38.159186999995413],
            [-83.811673999893586, 38.159294000254704],
            [-83.811805000313157, 38.159322999816091],
            [-83.811929999986617, 38.159352000072197],
            [-83.812047000162494, 38.159382999967931],
            [-83.812155000117514, 38.159420999685395],
            [-83.81225399985172, 38.159469999923857],
            [-83.812346999738139, 38.159536999778567],
            [-83.812436000324922, 38.159620000261704],
            [-83.812523000363555, 38.159714999915792],
            [-83.812612999876933, 38.159819000294902],
            [-83.812796999999946, 38.160038999820173],
            [-83.812889999886352, 38.160145000073662],
            [-83.812981999947866, 38.160243000250865],
            [-83.813074999834285, 38.160331000052665],
            [-83.81317000026884, 38.160413000173769],
            [-83.813274000025928, 38.160490000091535],
            [-83.81338899965364, 38.160565000309347],
            [-83.81351599987525, 38.160635999804057],
            [-83.813647000294822, 38.160691000190859],
            [-83.813783999663855, 38.160730000093217],
            [-83.813927999603891, 38.160749999763411],
            [-83.814076999566808, 38.160756000016562],
            [-83.814228000077861, 38.160744999669781],
            [-83.814377999865698, 38.160713000192658],
            [-83.814521999805734, 38.16066299992211],
            [-83.814664000095959, 38.160607000058633],
            [-83.81480800003601, 38.160552000314802],
            [-83.814955000349102, 38.160507000044085],
            [-83.815106999786735, 38.160481000031957],
            [-83.8152659997954, 38.160471999971264],
            [-83.815427000352216, 38.160474999756175],
            [-83.815890000134473, 38.160496999823209],
            [-83.816189999710119, 38.160520000046645],
            [-83.816347000068959, 38.160529000101413],
            [-83.816501000054757, 38.160526000318725],
            [-83.816653000390716, 38.16050499971746],
            [-83.816799999805497, 38.160465000237252],
            [-83.816938999722666, 38.160413000173769],
            [-83.817072999616968, 38.16035899974262],
            [-83.817318999664266, 38.160256000300507],
            [-83.817436999665048, 38.160209999679758],
            [-83.817554999665816, 38.160166000072259],
            [-83.817675000214734, 38.160128000036707],
            [-83.817797000413464, 38.160099000089176],
            [-83.817921000262032, 38.160076999902117],
            [-83.818050999958359, 38.160067000328553],
            [-83.818190999700434, 38.160062000188091],
            [-83.818511000265914, 38.160055999877827],
            [-83.818678999597083, 38.160050999736661],
            [-83.818840000153884, 38.160041000159531],
            [-83.818994000139668, 38.160022999928422],
            [-83.819143999927491, 38.159992999768818],
            [-83.819291000240582, 38.159950999665917],
            [-83.819439000378594, 38.159905999730562],
            [-83.819883999719195, 38.15976699977071],
            [-83.820027999659246, 38.159718999905984],
            [-83.820159000078803, 38.159671000009595],
            [-83.820281000277546, 38.159623000081666],
            [-83.820401999753045, 38.159573999946019],
            [-83.820527000324844, 38.159521999953512],
            [-83.820652999823224, 38.159464999742454],
            [-83.821050000381589, 38.159290999714905],
            [-83.821184000275878, 38.159236999865463],
            [-83.821322000368127, 38.15918800017679],
            [-83.82145999956208, 38.159143999952583],
            [-83.821601000027385, 38.159107000273231],
            [-83.821746999617247, 38.159076000260214],
            [-83.821900999603059, 38.159046999894287],
            [-83.822056000312045, 38.159019999884194],
            [-83.822213999597494, 38.158996999893958],
            [-83.822367999583278, 38.158976000264971],
            [-83.822673999905049, 38.15893099972795],
            [-83.823114999945986, 38.158864000022774],
            [-83.823387999757458, 38.158820999789462],
            [-83.823644999675423, 38.158777000050158],
            [-83.823766999874167, 38.158759000213323],
            [-83.823887000423071, 38.158747000084212],
            [-83.824006000248758, 38.158743000040751],
            [-83.82412400024954, 38.158747000084212],
            [-83.824229999656438, 38.158756999838801],
            [-83.824315000045232, 38.158768999966256],
            [-83.824493000320473, 38.158797999736393],
            [-83.824551000046796, 38.158811000043656],
            [-83.824583999658742, 38.158820000309369],
            [-83.824626000389856, 38.158834000092618],
            [-83.825392000120829, 38.158744000228211],
            [-83.825719000358987, 38.158721000150855],
            [-83.826454000127839, 38.158704999969956],
            [-83.827658000425032, 38.158688000303627],
            [-83.828785999655935, 38.158711999872928],
            [-83.830493999743297, 38.158801999776834],
            [-83.832204000378795, 38.158961999802671],
            [-83.833692000358141, 38.159365999753319],
            [-83.834760000212896, 38.159931999947737],
            [-83.834853000099329, 38.16005899967984],
            [-83.835597000088981, 38.160927999764795],
            [-83.836285999827069, 38.162621000268778],
            [-83.83653900044537, 38.163285000242702],
            [-83.836720000195342, 38.163760000238732],
            [-83.837700000186572, 38.168304000179674],
            [-83.837697999638422, 38.168442000053112],
            [-83.838012000356102, 38.169699999759764],
            [-83.838034000097409, 38.169753000298115],
            [-83.838533999689588, 38.171273000296061],
            [-83.839537000145356, 38.17274399991021],
            [-83.840979000093938, 38.173832000210183],
            [-83.842246999965255, 38.174442999845425],
            [-83.843510999638596, 38.174784000124987],
            [-83.845039999625811, 38.174876999860125],
            [-83.846839999774673, 38.175458999721442],
            [-83.847620999574275, 38.175834000012799],
            [-83.848952999917984, 38.176676000070756],
            [-83.849299000422732, 38.176920000206778],
            [-83.849489000393518, 38.177095999693506],
            [-83.849502999738903, 38.177123000070672],
            [-83.849525000378534, 38.177147999861702],
            [-83.849587000302805, 38.177198000124264],
            [-83.849656999724701, 38.177252000086867],
            [-83.849691999884797, 38.177285000005035],
            [-83.849728999694719, 38.177323000277511],
            [-83.849769999702602, 38.177347000067755],
            [-83.849815999733352, 38.177369999918128],
            [-83.849862999589021, 38.177379000011101],
            [-83.849901000122173, 38.177377000147487],
            [-83.849932000084308, 38.177368000054216],
            [-83.849953999825615, 38.177355000231451],
            [-83.850010999727019, 38.177411999871801],
            [-83.850095000290921, 38.177488000264475],
            [-83.850182000329568, 38.17758200000862],
            [-83.850575999616552, 38.178050999812761],
            [-83.850691000142589, 38.17855699984181],
            [-83.850737999998259, 38.178929999904966],
            [-83.85208000038773, 38.180564999800907],
            [-83.856573999564645, 38.180776999775546],
            [-83.856802999893503, 38.180951999949315],
            [-83.85693500013798, 38.181040000172466],
            [-83.857136999804339, 38.181138999678538],
            [-83.857248999957335, 38.181183000043532],
            [-83.857346000041716, 38.181204000336741],
            [-83.857373999630809, 38.181220999695455],
            [-83.857422000209695, 38.181225999796816],
            [-83.857457000369791, 38.18125399993454],
            [-83.857505999875301, 38.18127600008561],
            [-83.857644999792456, 38.181407000269971],
            [-83.857860999702524, 38.181649000352252],
            [-83.858095000054263, 38.181800000115977],
            [-83.858285000025063, 38.181922999696901],
            [-83.858486999691422, 38.182092999901052],
            [-83.858529000422521, 38.182136999689924],
            [-83.858571000255324, 38.182208999928982],
            [-83.858675000012397, 38.1822960001818],
            [-83.859133999596708, 38.182641999728894],
            [-83.859232000404305, 38.182701999752538],
            [-83.859475000078561, 38.1828290000633],
            [-83.859933999662871, 38.183020999895945],
            [-83.86014999957294, 38.183081000313585],
            [-83.860518999643887, 38.183250999934053],
            [-83.860609000055561, 38.183283999959741],
            [-83.860831999638322, 38.183337999648643],
            [-83.860936000293719, 38.183359999876537],
            [-83.861144999632771, 38.183382000097851],
            [-83.861284000448251, 38.183420999863927],
            [-83.861645999948195, 38.183458999760774],
            [-83.861813000352768, 38.183485999898402],
            [-83.861965999615336, 38.18352500031493],
            [-83.86223000010429, 38.183556999663423],
            [-83.862337000234405, 38.183551999722027],
            [-83.862584999931528, 38.183540999990932],
            [-83.862549999771431, 38.183475000157344],
            [-83.862472999778518, 38.183448000015638],
            [-83.862410999854262, 38.183321000077811],
            [-83.862418000425265, 38.183277000297934],
            [-83.862404000181556, 38.183206000260036],
            [-83.862418000425265, 38.183096000233768],
            [-83.862451999862131, 38.183014000208807],
            [-83.862507999938643, 38.182919999705042],
            [-83.862590999779314, 38.18270099989379],
            [-83.86264000018312, 38.18250300004911],
            [-83.862681000190989, 38.182476000253303],
            [-83.862666999947294, 38.182464999653625],
            [-83.862681000190989, 38.182447999879088],
            [-83.862861999940961, 38.182272999767967],
            [-83.862965999698034, 38.182145999900214],
            [-83.863008000429147, 38.182069000261798],
            [-83.863008000429147, 38.182037000259783],
            [-83.863036000018241, 38.18194899982857],
            [-83.863126000429915, 38.181773000059643],
            [-83.863139999775299, 38.181696000027017],
            [-83.863147000346316, 38.181509000315117],
            [-83.863209000270601, 38.181300999864064],
            [-83.863222999615985, 38.181059000038189],
            [-83.863277999867563, 38.181010000188543],
            [-83.863298999783964, 38.180970999837996],
            [-83.863340999616767, 38.18094900030092],
            [-83.863528999937728, 38.180981999957112],
            [-83.863578000341533, 38.180981999957112],
            [-83.863682000098606, 38.18095999971721],
            [-83.863717000258717, 38.180944000180546],
            [-83.863750999695583, 38.180883000237657],
            [-83.863758000266586, 38.180783999677601],
            [-83.86370899986278, 38.18069699973767],
            [-83.863687999946393, 38.18061399994977],
            [-83.863681000273701, 38.18050400024687],
            [-83.863744000022891, 38.180395000268312],
            [-83.863764999939292, 38.18038400006057],
            [-83.864021999857229, 38.180124999696872],
            [-83.864133000185319, 38.18003799967628],
            [-83.864278999775195, 38.179987999950164],
            [-83.86439000010327, 38.179939000086456],
            [-83.864508999928958, 38.1798729998144],
            [-83.864549999936841, 38.179839999655982],
            [-83.864620000257034, 38.179757000304143],
            [-83.864724000014121, 38.179570999754262],
            [-83.864842000014875, 38.179520999707684],
            [-83.864987999604764, 38.179482999875304],
            [-83.865022999764861, 38.179460999889002],
            [-83.865175999925739, 38.179296000132815],
            [-83.865627999837358, 38.178905999929938],
            [-83.865739000165433, 38.178758000262604],
            [-83.865892000326312, 38.178434000227774],
            [-83.865989000410693, 38.178093000080096],
            [-83.866078999924071, 38.177900999971868],
            [-83.866119999931939, 38.177775000177618],
            [-83.866113000259247, 38.177576999657184],
            [-83.866134000175649, 38.177314000177617],
            [-83.866126999604631, 38.177203999729777],
            [-83.866169000335745, 38.177016999787895],
            [-83.866678999973686, 38.17563999969056],
            [-83.866901999556433, 38.175347000085047],
            [-83.867424999613164, 38.174994000041721],
            [-83.867505999804038, 38.174507000150008],
            [-83.867402999871871, 38.174229999828391],
            [-83.867202999855323, 38.173917999893014],
            [-83.867174000441324, 38.173728000047575],
            [-83.866930999868771, 38.173571999878526],
            [-83.866777999707892, 38.173269999833593],
            [-83.86679799979936, 38.173276999750591],
            [-83.866889000035968, 38.173304000130301],
            [-83.86697199987664, 38.173316999969572],
            [-83.867042000196847, 38.173323999882051],
            [-83.867124000212613, 38.173330999793855],
            [-83.867212999901056, 38.173334999743147],
            [-83.867309000160517, 38.173330999793855],
            [-83.867422999963352, 38.173323999882051],
            [-83.867552999659679, 38.173312000031693],
            [-83.867672000383678, 38.173298000203758],
            [-83.867838000065035, 38.173271999809913],
            [-83.86812400029531, 38.17321799972293],
            [-83.868264999862319, 38.173189000038974],
            [-83.868408999802355, 38.173157999657811],
            [-83.86855000026766, 38.173122000018765],
            [-83.868808999835451, 38.173051999963469],
            [-83.868927999661125, 38.173010000321746],
            [-83.869049000034934, 38.172961000002992],
            [-83.869182000104345, 38.172911999651234],
            [-83.869329000417437, 38.172858999997558],
            [-83.869479000205246, 38.172812000272437],
            [-83.869629999817988, 38.172759999834994],
            [-83.869779999605825, 38.172713000046031],
            [-83.869926999918917, 38.172669000216089],
            [-83.870070999858953, 38.172629000347683],
            [-83.870213000149164, 38.172592999741113],
            [-83.870352999891267, 38.172560999814763],
            [-83.870619999854952, 38.172506999907142],
            [-83.870747000076562, 38.172486999931195],
            [-83.871005999644325, 38.172451999960124],
            [-83.871133999690855, 38.172441999965336],
            [-83.871266999760252, 38.172436999967381],
            [-83.871399000004729, 38.172433999968455],
            [-83.871535000447153, 38.17242699997049],
            [-83.871676999839082, 38.172412999972551],
            [-83.871819999954198, 38.172389999970129],
            [-83.87211000038242, 38.172335999935811],
            [-83.87225599997231, 38.17230999990506],
            [-83.872548999875264, 38.17226099982183],
            [-83.872696000188355, 38.172244999787559],
            [-83.872846999801084, 38.172239999776082],
            [-83.872999000137042, 38.172248999796459],
            [-83.873153000122841, 38.172268999837655],
            [-83.873308999758464, 38.172296999886171],
            [-83.873632999623553, 38.172348999947737],
            [-83.87379699965507, 38.172373999964115],
            [-83.873962000409847, 38.172397999971793],
            [-83.874128000091176, 38.172420999971749],
            [-83.874292000122722, 38.172444999963886],
            [-83.874455000329348, 38.172464999951352],
            [-83.874612999614769, 38.172474999943027],
            [-83.874779000194437, 38.172471999945664],
            [-83.874944000050874, 38.17245899995568],
            [-83.875120999602885, 38.172438999966616],
            [-83.875298000053206, 38.172416999972285],
            [-83.875476000328447, 38.172392999970867],
            [-83.87565299988043, 38.172371999963154],
            [-83.876170999914308, 38.172307999902273],
            [-83.876334000120934, 38.172288999873423],
            [-83.876500999627183, 38.172272999845291],
            [-83.876667000206851, 38.172262999825897],
            [-83.876837999911089, 38.17225799981567],
            [-83.877290999647613, 38.172256999813591],
            [-83.877372999663379, 38.172255999811512],
            [-83.877550000113686, 38.172250999800802],
            [-83.877724000190966, 38.172241999780731],
            [-83.877764000373929, 38.172237999771447],
            [-83.87791099978871, 38.172229999752169],
            [-83.878073999995351, 38.172227999747243],
            [-83.87811500000322, 38.17222899974972],
            [-83.878221000308429, 38.172234999764328],
            [-83.878372999746077, 38.172255999811512],
            [-83.878525999906941, 38.172280999859794],
            [-83.87867900006782, 38.172307999902273],
            [-83.878831000403792, 38.172335999935811],
            [-83.878975000343829, 38.172363999958584],
            [-83.879115000085903, 38.172393999971071],
            [-83.879249999805126, 38.1724309999694],
            [-83.879373999653694, 38.17247799994027],
            [-83.879481999608728, 38.172536999860768],
            [-83.879500000050399, 38.172549999836789],
            [-83.879576000218378, 38.172604999709854],
            [-83.879655999686008, 38.172681000172318],
            [-83.879725000181296, 38.172760999830167],
            [-83.879787999930485, 38.172846000076596],
            [-83.879850999679675, 38.172933000209575],
            [-83.879920000174963, 38.173026000188145],
            [-83.879987000122114, 38.173124999989369],
            [-83.880136000085017, 38.173339999679499],
            [-83.880295000093682, 38.173562000037371],
            [-83.880372000086567, 38.173675000281087],
            [-83.88044800025456, 38.173789000330714],
            [-83.880602000240344, 38.174013999961083],
            [-83.880680000058149, 38.174125000257263],
            [-83.880758999700873, 38.174233999728344],
            [-83.88083999989172, 38.174338999848587],
            [-83.88092000025766, 38.174438999956941],
            [-83.881081999741056, 38.174628000097762],
            [-83.881162000107011, 38.174722999968481],
            [-83.881239000099896, 38.174818999682344],
            [-83.881395999560411, 38.175019999821167],
            [-83.881481999774138, 38.175131999960115],
            [-83.881576000383774, 38.175247999771294],
            [-83.8816759999429, 38.175361000225571],
            [-83.881782000248108, 38.175466000134385],
            [-83.88189500022601, 38.175563000238533],
            [-83.882008000203925, 38.175655999685752],
            [-83.882235999809552, 38.175834000012799],
            [-83.882347000137628, 38.175919000206029],
            [-83.882564999697522, 38.176090000244535],
            [-83.88278099960759, 38.176264999670266],
            [-83.882888999562638, 38.176354999796402],
            [-83.882990999669872, 38.176450000240493],
            [-83.883088999579158, 38.176549000333637],
            [-83.883185999663539, 38.176652000059569],
            [-83.883293999618587, 38.176757000226786],
            [-83.883404000121729, 38.176854999963865],
            [-83.883506000229005, 38.176956000088254],
            [-83.883605999788102, 38.17706299968971],
            [-83.883706000245539, 38.177174000285],
            [-83.883806999629556, 38.177287999804271],
            [-83.883907999911898, 38.177407000214821],
            [-83.883995999775451, 38.177516999650095],
            [-83.884077999791216, 38.177628000259944],
            [-83.884152000309385, 38.177737000140844],
            [-83.88429100022654, 38.177952000347858],
            [-83.884357000348786, 38.17805700005416],
            [-83.884490000418182, 38.178260000281391],
            [-83.884555999642089, 38.178356000278846],
            [-83.884620000114523, 38.178451000232705],
            [-83.884681000213888, 38.178544000231113],
            [-83.884737000290386, 38.178638000025408],
            [-83.884791999643667, 38.178722999772518],
            [-83.884850000268287, 38.178815000217803],
            [-83.884898999773782, 38.17889999975845],
            [-83.884948000177573, 38.178988000341455],
            [-83.88500599990391, 38.179075000203561],
            [-83.885128999927545, 38.179244999991354],
            [-83.885180999806082, 38.17932700002136],
            [-83.885224000362101, 38.179410999766937],
            [-83.8852529997761, 38.179493000316299],
            [-83.885275000415717, 38.179571999655963],
            [-83.88528700011129, 38.179646000112847],
            [-83.885293999783983, 38.179717999988995],
            [-83.885302000179919, 38.179780000099974],
            [-83.885311000400733, 38.1798369999618],
            [-83.885322000271387, 38.179898000074253],
            [-83.88533300014204, 38.17995200015438],
            [-83.885345999662533, 38.179996999719769],
            [-83.885355999708267, 38.180028000016236],
            [-83.885369999951976, 38.180061999984545],
            [-83.885385000020577, 38.180101000115506],
            [-83.885389000218538, 38.180115999943069],
            [-83.885400000089192, 38.180146000295089],
            [-83.885410000134939, 38.180183999781647],
            [-83.885421000005593, 38.180236999757192],
            [-83.885425000203554, 38.180300999916113],
            [-83.885416999807632, 38.18037199996045],
            [-83.885391999693283, 38.180447000200687],
            [-83.88534999986048, 38.180521999657564],
            [-83.885302000179919, 38.180599000224781],
            [-83.885184000179123, 38.180764999740155],
            [-83.885123000079773, 38.180848000062134],
            [-83.88500599990391, 38.181024999828978],
            [-83.884953000200454, 38.181113999844492],
            [-83.884907000169704, 38.181200999992626],
            [-83.88487500038265, 38.181286000280451],
            [-83.88486100013894, 38.181369999886002],
            [-83.884863999613671, 38.181447000263169],
            [-83.884880000405516, 38.18151600014685],
            [-83.884908999819515, 38.181579000014239],
            [-83.88494300015472, 38.181635000007589],
            [-83.884980999789548, 38.181683000270262],
            [-83.885021999797416, 38.18172700030668],
            [-83.885066000178355, 38.181768999867366],
            [-83.885106000361318, 38.181810000238904],
            [-83.885168000285603, 38.18186899966534],
            [-83.885194000224871, 38.181894999816279],
            [-83.885210999943311, 38.181913000295566],
            [-83.885221999813979, 38.181922999696901],
            [-83.885287999936196, 38.181981999737921],
            [-83.885329999768999, 38.182016000206673],
            [-83.885384000195657, 38.182054000130222],
            [-83.885452999792648, 38.182091000166821],
            [-83.885535999633319, 38.182124000011846],
            [-83.885657000007143, 38.182149000205463],
            [-83.885750999718482, 38.182161999879071],
            [-83.886016999857262, 38.182178999720342],
            [-83.886334999874563, 38.182189999657069],
            [-83.886667000135589, 38.18220399989508],
            [-83.886833999641851, 38.182208999928982],
            [-83.887002999696264, 38.182209999794544],
            [-83.887169000275932, 38.182214999828034],
            [-83.887338000330331, 38.182220999726546],
            [-83.887504000011674, 38.182234999958645],
            [-83.88766800004322, 38.182260000114162],
            [-83.887827999876777, 38.18229399974701],
            [-83.887981000037655, 38.18233599968692],
            [-83.888129000175653, 38.182383000330717],
            [-83.888270999567567, 38.182435000256504],
            [-83.888403999636949, 38.182498999896914],
            [-83.888528000383829, 38.18257499992648],
            [-83.888649999684247, 38.182654000161214],
            [-83.888766000035218, 38.182741999740834],
            [-83.888879999838011, 38.182835999768201],
            [-83.888991999991021, 38.182932999947191],
            [-83.88909999994604, 38.183031999705555],
            [-83.889201000228383, 38.183130000182587],
            [-83.889401000244931, 38.183330000141844],
            [-83.889495999781175, 38.183429000066845],
            [-83.889592999865542, 38.183527000009853],
            [-83.889691999599748, 38.183620999730444],
            [-83.889801000277998, 38.183709000260393],
            [-83.88991799955555, 38.183791000209162],
            [-83.89004499977716, 38.183861999676942],
            [-83.890182000044518, 38.183922999950056],
            [-83.890332999657261, 38.183976000030135],
            [-83.890540000244812, 38.184042999956304],
            [-83.89064700037494, 38.184077000169289],
            [-83.890951999973453, 38.184180999683818],
            [-83.891102999586209, 38.184231000062972],
            [-83.891252000447423, 38.184279000027466],
            [-83.891398000037285, 38.184327999796778],
            [-83.891675000046718, 38.18442900015404],
            [-83.891807000291209, 38.184484000240701],
            [-83.891933999614508, 38.184541999786489],
            [-83.892058000361374, 38.18460300019634],
            [-83.892179999661778, 38.184666000218719],
            [-83.892304000408657, 38.184733000216418],
            [-83.892431999556862, 38.184799000322499],
            [-83.892562999976448, 38.184864999662672],
            [-83.892697999695642, 38.184929999821001],
            [-83.892757999970115, 38.1849579999474],
            [-83.892834999963, 38.184994000094051],
            [-83.892972000230358, 38.185055000125423],
            [-83.893111000147528, 38.185108999913766],
            [-83.893256999737389, 38.1851539998245],
            [-83.893410999723187, 38.185190999698932],
            [-83.893567000257093, 38.185221999903654],
            [-83.893723999717622, 38.185248000270192],
            [-83.893880000251556, 38.185272000274381],
            [-83.894031999689204, 38.18529700009384],
            [-83.894332000163175, 38.185342999710997],
            [-83.894630000088995, 38.185389999827017],
            [-83.894917999969081, 38.185433999742926],
            [-83.895056000061359, 38.185456999864954],
            [-83.895189000130742, 38.185480999800284],
            [-83.895318999827083, 38.185506000254129],
            [-83.89545100007156, 38.185538000144632],
            [-83.895588000338918, 38.185574000004657],
            [-83.895726000431168, 38.185614999647044],
            [-83.895861999975295, 38.185659999951355],
            [-83.896144999832515, 38.18575600008387],
            [-83.896369999963397, 38.185822999785131],
            [-83.896450000329352, 38.185845999784348],
            [-83.896605000140056, 38.185893000281936],
            [-83.896759999950746, 38.185943000192104],
            [-83.897067999922342, 38.186043999722422],
            [-83.89721600006034, 38.186095999859454],
            [-83.897360999825295, 38.186148999770808],
            [-83.897503999940426, 38.186197999694507],
            [-83.89764000038285, 38.186241999828475],
            [-83.897777999576803, 38.186288000261051],
            [-83.897915999669053, 38.186329000207671],
            [-83.898052999936411, 38.186353999664398],
            [-83.8981929996785, 38.186375999687534],
            [-83.89833599979363, 38.186396999896061],
            [-83.898483000106722, 38.186422000035542],
            [-83.898630000419814, 38.186444999845577],
            [-83.899067000262818, 38.186523000313862],
            [-83.899215000400829, 38.186546000092015],
            [-83.899360000165785, 38.186567000251522],
            [-83.899503000280916, 38.186586000087992],
            [-83.899777999742213, 38.186618000210181],
            [-83.900055999576551, 38.186648000003068],
            [-83.900196000216965, 38.186666000014064],
            [-83.900334000309215, 38.186688999747062],
            [-83.900472000401479, 38.186720999823997],
            [-83.900609999595417, 38.18675600000239],
            [-83.900750000235831, 38.186794000277864],
            [-83.900890999802812, 38.186830000223281],
            [-83.901034999742876, 38.186859999928856],
            [-83.901182999880874, 38.186885999710768],
            [-83.901341000064619, 38.186909999881379],
            [-83.901494000225497, 38.186934999844752],
            [-83.901648000211296, 38.186955000091757],
            [-83.901806000395027, 38.186973999827025],
            [-83.901965000403692, 38.186988999651675],
            [-83.902280000047952, 38.187009999683475],
            [-83.902598000065282, 38.187023999701303],
            [-83.902756000249028, 38.187036000117935],
            [-83.902915000257678, 38.18705000013076],
            [-83.903073000441438, 38.187064999939764],
            [-83.903228000252128, 38.187086999748225],
            [-83.903381000413006, 38.187113999953397],
            [-83.903532000025749, 38.187145999843636],
            [-83.903834000149544, 38.187214000181527],
            [-83.903988999960234, 38.187246999824204],
            [-83.90414999961871, 38.187273999970067],
            [-83.904316000198378, 38.187297000217178],
            [-83.904487999727507, 38.187315000067819],
            [-83.904665000177843, 38.187328000231773],
            [-83.905029000225909, 38.187346999869753],
            [-83.905122999937234, 38.187355000347608],
            [-83.905213000348937, 38.187362000323681],
            [-83.905500000404103, 38.187387000131977],
            [-83.905563999978213, 38.18739199981016],
            [-83.905748000101227, 38.187410000343398],
            [-83.906302000120078, 38.18745900012491],
            [-83.90649700011376, 38.18747799972877],
            [-83.906691000282507, 38.187486999985325],
            [-83.906883999728052, 38.187497999826633],
            [-83.907076000246988, 38.18750499978902],
            [-83.907265000392869, 38.18750799987351],
            [-83.907455000363669, 38.187501999704338],
            [-83.907636999938546, 38.187484999693019],
            [-83.907817999688518, 38.187459999918417],
            [-83.907992999590689, 38.187432999841491],
            [-83.909572999631536, 38.187172000229545],
            [-83.910386000116503, 38.187029999909839],
            [-83.910534000254486, 38.187008000084163],
            [-83.910675999646415, 38.186994000063265],
            [-83.910813999738664, 38.186995999662969],
            [-83.910945000158236, 38.187015000093638],
            [-83.911068000181885, 38.187049000331641],
            [-83.911181999984706, 38.187092000153093],
            [-83.911288000289915, 38.187138999846752],
            [-83.91138200000124, 38.18719499980277],
            [-83.911462000367194, 38.1872600000003],
            [-83.911521999743329, 38.187332999914005],
            [-83.911551999880544, 38.18739000022132],
            [-83.911566000124267, 38.18741500002001],
            [-83.911598999736228, 38.187503999996125],
            [-83.911631000421593, 38.187599999816754],
            [-83.911695999820608, 38.187810000218917],
            [-83.911772999813508, 38.188043999812621],
            [-83.911812999996471, 38.188161000033695],
            [-83.911854999829259, 38.188275999796211],
            [-83.911895000012237, 38.188393000350651],
            [-83.911936999845025, 38.188510999790175],
            [-83.912058000218849, 38.188873999871099],
            [-83.91214199988444, 38.189121999897637],
            [-83.912264000083184, 38.189492000235255],
            [-83.912301999718011, 38.189610999776463],
            [-83.912417000244048, 38.189954999658937],
            [-83.91248900021408, 38.190175000012701],
            [-83.912526000023988, 38.190282999725],
            [-83.912561000184084, 38.190390999983158],
            [-83.9125970001691, 38.190496999871584],
            [-83.912637000352078, 38.190603000311846],
            [-83.912679000184866, 38.190710000346677],
            [-83.91272400039071, 38.19081500002347],
            [-83.912775000444341, 38.190918999802967],
            [-83.912830999622528, 38.191021999689326],
            [-83.912891999721879, 38.191125000136118],
            [-83.913024999791276, 38.191336999740429],
            [-83.913097999586199, 38.191449000214725],
            [-83.913173999754193, 38.191559000336433],
            [-83.913254999945039, 38.191672000205045],
            [-83.913569999589299, 38.192095000118464],
            [-83.913643000282576, 38.192194999862465],
            [-83.913941000208411, 38.192595000289458],
            [-83.914014999828225, 38.192692999903734],
            [-83.91415899976829, 38.192892999730297],
            [-83.914233000286444, 38.192997999790016],
            [-83.914305000256462, 38.193104999836379],
            [-83.91445900024226, 38.193329000117167],
            [-83.914538999709876, 38.193449999871916],
            [-83.914620999725642, 38.193571999841254],
            [-83.914706999939355, 38.19369500002005],
            [-83.914792000328177, 38.193818999697328],
            [-83.914880000191729, 38.193939000345431],
            [-83.914971000428338, 38.194056999978081],
            [-83.915066999789474, 38.194170000206874],
            [-83.915169999721641, 38.19427900004905],
            [-83.915297999768171, 38.194405999944358],
            [-83.915383000156979, 38.194485999753581],
            [-83.915491000112013, 38.194585999744497],
            [-83.915604000089914, 38.194680000020298],
            [-83.915727000113549, 38.194767999898104],
            [-83.91585799963481, 38.194857000067536],
            [-83.915999999925035, 38.194946000128148],
            [-83.916143000040179, 38.195039999939269],
            [-83.916430999920266, 38.195223000057076],
            [-83.916707999929699, 38.195407000105448],
            [-83.916839000349256, 38.195498000272174],
            [-83.916963000197811, 38.195590999688889],
            [-83.917081000198593, 38.195683999692832],
            [-83.917191999628358, 38.195777999963283],
            [-83.917290000435955, 38.195863999864102],
            [-83.917297999933567, 38.195872000112388],
            [-83.917400999865734, 38.195964999757457],
            [-83.917497999950115, 38.196060000046586],
            [-83.917586999638587, 38.196157000265913],
            [-83.917666000179608, 38.196257999752945],
            [-83.917730999578623, 38.196366999999732],
            [-83.917791999677974, 38.19648000017402],
            [-83.917851000127541, 38.196591999798891],
            [-83.917911000401986, 38.196701000251764],
            [-83.91797300032627, 38.196807999799233],
            [-83.91803600007546, 38.196914000231757],
            [-83.918103999847517, 38.197015999743037],
            [-83.918176999642441, 38.197113000100877],
            [-83.918261000206371, 38.19720400025362],
            [-83.918359000115657, 38.197285999836154],
            [-83.91847299991845, 38.197355000248415],
            [-83.918591999744152, 38.197407999732832],
            [-83.918873999776451, 38.197520000048328],
            [-83.919010000218904, 38.197575000133831],
            [-83.919144999938098, 38.19764299991261],
            [-83.919277000182589, 38.197711999986595],
            [-83.91940799970385, 38.197783999656401],
            [-83.919541999598152, 38.197855000310263],
            [-83.919677000215671, 38.197920999821918],
            [-83.919815000307935, 38.197980999967804],
            [-83.919954000225104, 38.198037000059394],
            [-83.920094999792099, 38.198089000105874],
            [-83.920389000418282, 38.1981879997387],
            [-83.920677000298369, 38.198280999955749],
            [-83.920903000254185, 38.198354000118805],
            [-83.92101399968395, 38.198389999998184],
            [-83.921633000000142, 38.198587000082007],
            [-83.921777999765098, 38.198634999763648],
            [-83.921920999880243, 38.198677999804545],
            [-83.922043000078972, 38.19871499986867],
            [-83.922387999860462, 38.1988219999865],
            [-83.922633000082854, 38.198901999886132],
            [-83.922781000220851, 38.198948999724387],
            [-83.922929000358863, 38.198990999944712],
            [-83.923075999773658, 38.199023000264383],
            [-83.923219999713695, 38.199039999700474],
            [-83.923362999828825, 38.199041000040914],
            [-83.923500999921075, 38.199027000215132],
            [-83.923638000188433, 38.199008000094189],
            [-83.923659000104834, 38.199004000142452],
            [-83.923772999907641, 38.198985000015568],
            [-83.923916000022771, 38.198963999906681],
            [-83.92405599976486, 38.198940000178254],
            [-83.924193999857124, 38.198915999735952],
            [-83.924330000299562, 38.198899000270906],
            [-83.924464000193865, 38.198890999649223],
            [-83.9245930000653, 38.198890000012689],
            [-83.924721999936722, 38.198903999864825],
            [-83.924851999633063, 38.198932999903001],
            [-83.924988000075501, 38.198969000202098],
            [-83.925127999817576, 38.199008999729152],
            [-83.925270000107815, 38.199052999889467],
            [-83.925316000138565, 38.199070000024527],
            [-83.925516000155113, 38.199014000021435],
            [-83.926702000010636, 38.198474999995817],
            [-83.926737999995652, 38.199319000260409],
            [-83.927162000318191, 38.199174999649429],
            [-83.927476000137545, 38.199557999841872],
            [-83.927876000170642, 38.199392000088764],
            [-83.928060000293641, 38.199669999674079],
            [-83.928162000400874, 38.199823999779838],
            [-83.928220999952117, 38.199978000265787],
            [-83.928309999640589, 38.200281999672953],
            [-83.931704999898912, 38.198961999929629],
            [-83.932874999860928, 38.19848299995725],
            [-83.933114000235534, 38.198802000174382],
            [-83.93365200036088, 38.199519000244322],
            [-83.934356999992488, 38.200459999837413],
            [-83.934204999656515, 38.200598000228595],
            [-83.934088000378964, 38.20069100019122],
            [-83.933756000117953, 38.200961000070031],
            [-83.933423999856927, 38.201205000050919],
            [-83.933070999679515, 38.20143899966952],
            [-83.932524000231652, 38.201764000049174],
            [-83.932141999741901, 38.201961999775605],
            [-83.931772999670969, 38.20213600028864],
            [-83.931144000207354, 38.202395000042742],
            [-83.93056400024922, 38.202627000195768],
            [-83.92960000015151, 38.202992999956408],
            [-83.927865000299974, 38.203666999804902],
            [-83.926847999600525, 38.204075000095571],
            [-83.92605599993027, 38.204436999982391],
            [-83.92547500014723, 38.20472600013251],
            [-83.925096000030535, 38.204926000087369],
            [-83.924679000279028, 38.205170000191771],
            [-83.924179999613415, 38.205462999852664],
            [-83.924001000411593, 38.20557400023295],
            [-83.923479000179768, 38.205921999812809],
            [-83.923137999697929, 38.206161000307091],
            [-83.922643000128602, 38.206535999967805],
            [-83.922170000300582, 38.206924000009607],
            [-83.922008999743781, 38.207059000163213],
            [-83.921709999993055, 38.207328000198565],
            [-83.921268000127171, 38.207744000090734],
            [-83.920846000352768, 38.208172000186217],
            [-83.920452000167472, 38.208609999855334],
            [-83.920201000097308, 38.20891100001451],
            [-83.9198339996762, 38.20937100031297],
            [-83.919384000312704, 38.209996999771612],
            [-83.919179000273289, 38.210316999839577],
            [-83.918277999924797, 38.211792000172593],
            [-83.917805000096777, 38.212577000010157],
            [-83.916928999862634, 38.21401099984633],
            [-83.915004000040284, 38.217205000145206],
            [-83.914393000120015, 38.218263000342127],
            [-83.913952999903969, 38.218939000083218],
            [-83.910956999853809, 38.22389500035144],
            [-83.909755999929644, 38.225877000080018],
            [-83.908129999858048, 38.228615000046908],
            [-83.906477999847198, 38.231297000111013],
            [-83.905514999574407, 38.232860000351749],
            [-83.905244000311058, 38.233229000098525],
            [-83.904869000392324, 38.233687000059959],
            [-83.904691999942017, 38.23387899985439],
            [-83.904531000283541, 38.234044999981016],
            [-83.904403000237025, 38.234168000217224],
            [-83.904159999664444, 38.234391999740133],
            [-83.900380000339979, 38.231867999816103],
            [-83.900219999608098, 38.231753999647367],
            [-83.897779000300034, 38.229290000351739],
            [-83.895563000224556, 38.223791999687393],
            [-83.8947139997546, 38.219751999910699],
            [-83.894559999768802, 38.218849999711033],
            [-83.894087999765702, 38.218143000262067],
            [-83.891574999589309, 38.214904000348248],
            [-83.890922999661129, 38.2145439998353],
            [-83.886502000279151, 38.212114999889266],
            [-83.884141000438717, 38.210817999998817],
            [-83.88347400044195, 38.210438999781779],
            [-83.879648000188382, 38.208140999868021],
            [-83.877318000310112, 38.207614999720157],
            [-83.872989999916228, 38.206636000351054],
            [-83.870679000304492, 38.206428999892609],
            [-83.867195000357725, 38.206207000158578],
            [-83.861769999796735, 38.205804000348543],
            [-83.858806000431954, 38.205585000165996],
            [-83.856785000350143, 38.205392999812062],
            [-83.85674400034226, 38.205429999993193],
            [-83.856652000280761, 38.205423999888772],
            [-83.85326399969513, 38.20426799995893],
            [-83.853021000020874, 38.204032999984364],
            [-83.852909999692784, 38.203920999804673],
            [-83.851990999800947, 38.202984000204253],
            [-83.851698999722913, 38.202937999727972],
            [-83.851536000414598, 38.202913000316308],
            [-83.850356000406833, 38.202681999953221],
            [-83.841670000380162, 38.200982000308848],
            [-83.823792999813421, 38.197075000267247],
            [-83.823638000002717, 38.197040999767594],
            [-83.82267599955486, 38.196893000231611],
            [-83.822545999858519, 38.196956000213966],
            [-83.8224529999721, 38.196992999741127],
            [-83.822350999864852, 38.197025000232948],
            [-83.82213599977969, 38.19708699973382],
            [-83.82202500034991, 38.197119999845171],
            [-83.821910999648793, 38.197152000281129],
            [-83.821792999648011, 38.197181000311097],
            [-83.82168100039334, 38.19721399967387],
            [-83.821565999867289, 38.197244000044272],
            [-83.821339000086581, 38.197308000087247],
            [-83.82111499978059, 38.197372999731307],
            [-83.820770999824006, 38.197475999667574],
            [-83.820421999844541, 38.197583999848668],
            [-83.820304999668693, 38.197620999762719],
            [-83.820189000216033, 38.197659000017453],
            [-83.820072999865076, 38.197699000264151],
            [-83.819954999864322, 38.19774200015182],
            [-83.819839000411676, 38.197789000032856],
            [-83.819727000258666, 38.197841999907368],
            [-83.819615000105685, 38.197900000112142],
            [-83.819504999602515, 38.197964999933774],
            [-83.819400000020522, 38.19803500005689],
            [-83.819297000088369, 38.198111000114359],
            [-83.819198000354163, 38.1981930000874],
            [-83.819106000292649, 38.198278999959889],
            [-83.819020000078936, 38.198370000067406],
            [-83.818942000261131, 38.198465000042759],
            [-83.818871000116019, 38.198563999870352],
            [-83.818805999818679, 38.19866700023978],
            [-83.818744999719328, 38.19876999975758],
            [-83.818682999795044, 38.198878999773967],
            [-83.81764599990241, 38.199333999660567],
            [-83.812243999805986, 38.20155199973798],
            [-83.810914000010399, 38.202098000252661],
            [-83.799734999898803, 38.206689999667923],
            [-83.791381999958048, 38.210120999920804],
            [-83.787997999570379, 38.211513000122267],
            [-83.77903299988445, 38.215202000237284],
            [-83.77443000002927, 38.217094999950291],
            [-83.774054000285631, 38.217262999744698],
            [-83.768392999723119, 38.219578999926128],
            [-83.762979999756027, 38.221799000012403],
            [-83.762975999558066, 38.221857000184343],
            [-83.762958000014734, 38.221857000184343],
            [-83.762927999877505, 38.22185200004968],
            [-83.762896999915355, 38.22183799967074],
            [-83.753399999951867, 38.225688000254259],
            [-83.752339999594696, 38.226097999828397],
            [-83.747986000159869, 38.22788699999294],
            [-83.740054999993518, 38.23110900015525],
            [-83.727182000038255, 38.236339000301022],
            [-83.720195999703037, 38.239170000311894],
            [-83.720209999946718, 38.239749999728296],
            [-83.720173000136811, 38.242987999950145],
            [-83.720204000098946, 38.243964999693048],
            [-83.71999700040972, 38.245220000260268],
            [-83.719445999865584, 38.246997000187882],
            [-83.718552000088081, 38.24843500026887],
            [-83.717374999555062, 38.249277000296416],
            [-83.716141999843842, 38.250020999847706],
            [-83.715997000078886, 38.250108999829536],
            [-83.715232000172833, 38.249398000159829],
            [-83.714432000106655, 38.248601000320704],
            [-83.712902000294534, 38.247121000063643],
            [-83.712450000382916, 38.246595000228417],
            [-83.712168000350601, 38.245997000239733],
            [-83.712109999725968, 38.245804000292786],
            [-83.711894999640819, 38.245102000324174],
            [-83.710478999631491, 38.244256000326757],
            [-83.710147000268805, 38.244144999691514],
            [-83.709067999645058, 38.243784000229041],
            [-83.708245000012667, 38.24367999978351],
            [-83.707953999759553, 38.243687999714538],
            [-83.707364999580577, 38.243702999847351],
            [-83.70532599995542, 38.244047999931958],
            [-83.703959000349897, 38.244382999796933],
            [-83.702958000442294, 38.244846000019557],
            [-83.701852000054359, 38.245418999975684],
            [-83.701210999996874, 38.245568000008603],
            [-83.700419000326619, 38.245680000286818],
            [-83.699450000206056, 38.246057999951859],
            [-83.695695000097629, 38.248618999827535],
            [-83.694418000005498, 38.249849000248986],
            [-83.693603999695611, 38.250672999716464],
            [-83.6932220001042, 38.251509000087417],
            [-83.692821000246212, 38.252937999862063],
            [-83.692524999970203, 38.254605999826211],
            [-83.6924349995585, 38.256298000165579],
            [-83.692524000145283, 38.25822400029957],
            [-83.692379000380313, 38.259274000217658],
            [-83.69197699979911, 38.260158999901556],
            [-83.691006000028722, 38.261162999728498],
            [-83.69008700013687, 38.261753999901138],
            [-83.68921900029865, 38.261895000259543],
            [-83.688487000004528, 38.261911999819027],
            [-83.688121000306637, 38.261698999657106],
            [-83.687594000051959, 38.26107999999001],
            [-83.687280000232604, 38.260536000240258],
            [-83.686742999932164, 38.259601000146688],
            [-83.686723999665588, 38.259568999664204],
            [-83.685896000010331, 38.257851999731521],
            [-83.685870000071063, 38.257791000042509],
            [-83.685039000042764, 38.255864000158184],
            [-83.684666999598775, 38.254592000109326],
            [-83.684571000237611, 38.253020000132572],
            [-83.684567999864569, 38.252976999752768],
            [-83.684594999628743, 38.252103000020639],
            [-83.684596000351974, 38.252057999875014],
            [-83.684642000382723, 38.251780000082],
            [-83.684802000216308, 38.251488000321565],
            [-83.685204999724121, 38.25118399967235],
            [-83.686220999700339, 38.250744000267652],
            [-83.686261999708222, 38.250725999876138],
            [-83.687657999626055, 38.250122000066327],
            [-83.690327000336367, 38.248711000137661],
            [-83.692776000040354, 38.247189999789143],
            [-83.693890999750792, 38.246307000269894],
            [-83.694395000439272, 38.245812999687594],
            [-83.695089000200213, 38.244642999881165],
            [-83.695607000234077, 38.243617000031477],
            [-83.695671999633092, 38.242789999668716],
            [-83.695440999654409, 38.241779000301392],
            [-83.695009999659177, 38.240742999753145],
            [-83.694062000353327, 38.238459999983021],
            [-83.693746999810742, 38.237869000163862],
            [-83.693566999885689, 38.237532000294038],
            [-83.692165999945004, 38.236128000342397],
            [-83.691689999743929, 38.235581999704081],
            [-83.691571999743161, 38.235334999731684],
            [-83.691380000122535, 38.23491199987857],
            [-83.691245000403313, 38.234395000009421],
            [-83.691335999741597, 38.232144999667106],
            [-83.69144200004682, 38.231138999963044],
            [-83.691694999766796, 38.230241000168405],
            [-83.691938000339363, 38.229671000310965],
            [-83.692381999855058, 38.229206000275575],
            [-83.693417000097867, 38.228572999983975],
            [-83.695079000154465, 38.227585000044328],
            [-83.695956000213542, 38.227062999826252],
            [-83.696367000117263, 38.22656599986049],
            [-83.696740000386171, 38.225981999849417],
            [-83.697132000023331, 38.224835000289609],
            [-83.697301000077729, 38.224138999670771],
            [-83.697363999826919, 38.223911000331888],
            [-83.69761599972199, 38.223007000154041],
            [-83.697641999661272, 38.22291299975624],
            [-83.697698999562675, 38.222019000127617],
            [-83.697717000004346, 38.221734000300181],
            [-83.697720000377387, 38.221685000294151],
            [-83.697655999904967, 38.221245000201478],
            [-83.697654000255156, 38.221223000126955],
            [-83.697650000057195, 38.221203000117647],
            [-83.697501999919197, 38.2201739996651],
            [-83.697429000124245, 38.219555999995094],
            [-83.697494000421571, 38.219227999819452],
            [-83.697733999722772, 38.218807000293118],
            [-83.698159999695122, 38.218374000257612],
            [-83.698200999703005, 38.218241000071757],
            [-83.698264000350505, 38.218033000073646],
            [-83.698334999597321, 38.217590000223545],
            [-83.698146000349738, 38.216968000108771],
            [-83.697654000255156, 38.215948000022429],
            [-83.696649000149563, 38.21391199985019],
            [-83.696591000423254, 38.213361999850321],
            [-83.696665999868017, 38.212772000221371],
            [-83.697193000122695, 38.212103000076176],
            [-83.698121000235389, 38.211237000226873],
            [-83.699108999724217, 38.210179000225473],
            [-83.700658999627834, 38.208609999855334],
            [-83.7012279997153, 38.207774999872122],
            [-83.701318000127003, 38.207291000276321],
            [-83.701086000323386, 38.206316000335185],
            [-83.700668999673567, 38.205240999996207],
            [-83.700588000381032, 38.204823999656689],
            [-83.700713999879412, 38.203227999758518],
            [-83.700581999634935, 38.202634999700997],
            [-83.700600000076591, 38.202067000171446],
            [-83.700544000000093, 38.201846000143789],
            [-83.700498999794249, 38.201678000057257],
            [-83.700211999739068, 38.201228000134265],
            [-83.699507000107474, 38.200474000093635],
            [-83.698264000350505, 38.1988219999865],
            [-83.69757300006431, 38.198121999763124],
            [-83.696392000231626, 38.197552999963392],
            [-83.694680999771208, 38.197148999887887],
            [-83.693410000425175, 38.197031999985647],
            [-83.691498999948223, 38.197040999767594],
            [-83.689994000250451, 38.197233000262884],
            [-83.68934399997211, 38.197608000024033],
            [-83.68903099997766, 38.198043000066654],
            [-83.688976999550988, 38.198547000323124],
            [-83.689412999569086, 38.199576999819236],
            [-83.69038599988761, 38.201429000123547],
            [-83.690934999883609, 38.2023529996682],
            [-83.691293999908794, 38.202959000102453],
            [-83.692766999819511, 38.205599999687003],
            [-83.693968999568597, 38.207931000211126],
            [-83.694424999678176, 38.208936999688433],
            [-83.694412000157698, 38.209385000267282],
            [-83.694060999630111, 38.209807000146419],
            [-83.693262000287177, 38.210172000325009],
            [-83.69190099963113, 38.210547999973763],
            [-83.691390000168269, 38.210631999712454],
            [-83.690036000083239, 38.210855999718056],
            [-83.689034000350716, 38.211066000111785],
            [-83.688344999714317, 38.211560000289133],
            [-83.686961000390369, 38.212625000349533],
            [-83.686397000325769, 38.213303999964815],
            [-83.685828000238274, 38.214108000146837],
            [-83.685177999959933, 38.214480000122329],
            [-83.684596000351974, 38.214631000281294],
            [-83.683862000408055, 38.214614000250982],
            [-83.683342999650961, 38.214442000177868],
            [-83.683079000060332, 38.214377999669388],
            [-83.682683000225211, 38.213955000043278],
            [-83.681899000052553, 38.212653999862802],
            [-83.681104999834176, 38.210433000090241],
            [-83.680238999645795, 38.208182000217725],
            [-83.680200000186019, 38.208103999653162],
            [-83.679709999741263, 38.207118000313827],
            [-83.678952000406213, 38.2056100000719],
            [-83.678908000025288, 38.205569999935989],
            [-83.678569999916476, 38.205261000157314],
            [-83.677436999764367, 38.204324000156348],
            [-83.676602000436432, 38.203448999826541],
            [-83.676342000145425, 38.20281999966236],
            [-83.676024999953015, 38.202117999865365],
            [-83.675614999874185, 38.201475000141443],
            [-83.675030999718103, 38.200693000120779],
            [-83.67435700004863, 38.199791000187979],
            [-83.673257000406807, 38.198704999948632],
            [-83.673038999948602, 38.198159000109783],
            [-83.672370000302024, 38.197485000100578],
            [-83.672350000210528, 38.197464000265107],
            [-83.671634999634861, 38.196960999941282],
            [-83.671544000296592, 38.196923999691819],
            [-83.671375000242165, 38.196855000283122],
            [-83.670941999698826, 38.196904999728176],
            [-83.670540999840838, 38.197208999963919],
            [-83.669720999683179, 38.19818199974339],
            [-83.66967899985039, 38.198257999647431],
            [-83.668985999914341, 38.199517000282519],
            [-83.668503999865493, 38.200367999901928],
            [-83.66792899993024, 38.200946000299105],
            [-83.666898999710298, 38.201549999832018],
            [-83.665818000335051, 38.201926000250474],
            [-83.66447799959542, 38.202207999819407],
            [-83.663336999945699, 38.202398999808182],
            [-83.662202999968699, 38.202422999808313],
            [-83.661083000235394, 38.202238000250013],
            [-83.660222000069851, 38.201954000196423],
            [-83.659931999641628, 38.201858000235994],
            [-83.659176999781309, 38.201521999730645],
            [-83.65864600022698, 38.201042000050222],
            [-83.65825000039186, 38.200021999840537],
            [-83.657949000092984, 38.198847000096926],
            [-83.657448999602465, 38.196927000094391],
            [-83.657277000073336, 38.19653100025149],
            [-83.657220999996852, 38.19639799968391],
            [-83.656625999970075, 38.195707000108186],
            [-83.655933000034025, 38.194983999660813],
            [-83.655409000152403, 38.194436999757322],
            [-83.654399999848863, 38.193186999798492],
            [-83.653373999826883, 38.191253000330711],
            [-83.652571000285988, 38.189669999945608],
            [-83.651414999669356, 38.186845000077639],
            [-83.650975000351622, 38.185994999695133],
            [-83.650645999565327, 38.185112999922652],
            [-83.64997500026891, 38.183310000311835],
            [-83.649715999802837, 38.182549999879051],
            [-83.649653999878552, 38.182164000317485],
            [-83.649935000085947, 38.181395000338348],
            [-83.650196000201859, 38.180414000302235],
            [-83.650134000277561, 38.179480000166485],
            [-83.649807000039431, 38.177934000302287],
            [-83.649616000243711, 38.176329999733262],
            [-83.64926800008918, 38.175482000167769],
            [-83.648045000423707, 38.173842999994612],
            [-83.647441000176116, 38.172808000294381],
            [-83.647112000288146, 38.171965000030994],
            [-83.646964999975054, 38.171313000202439],
            [-83.64682400040806, 38.171073999746788],
            [-83.646545999675396, 38.170962999747367],
            [-83.646149999840276, 38.171000999785285],
            [-83.645466000125069, 38.171296999960042],
            [-83.644488999608583, 38.172137000170324],
            [-83.643058000428979, 38.17336800002272],
            [-83.642870000108005, 38.173538999691282],
            [-83.641761000245339, 38.174545999723236],
            [-83.641321999854199, 38.174943999679243],
            [-83.639798999714756, 38.176868999814687],
            [-83.639005000394704, 38.178045000276981],
            [-83.638853999883651, 38.178270000184064],
            [-83.638422999888419, 38.179343999817952],
            [-83.638345999895535, 38.179534999752448],
            [-83.637847000128247, 38.180982999839458],
            [-83.637341999614861, 38.182478999838779],
            [-83.636792999618876, 38.18410700030249],
            [-83.636700999557362, 38.184596999787892],
            [-83.63656699966306, 38.185298999740127],
            [-83.636420000248279, 38.18642500016464],
            [-83.63623600012528, 38.186844000275698],
            [-83.636148000261713, 38.186954000291379],
            [-83.636046000154465, 38.187089999849988],
            [-83.635846999962837, 38.187291999826385],
            [-83.635559999907656, 38.187476999935519],
            [-83.635344999822507, 38.187516000333694],
            [-83.635195000034685, 38.187524999879464],
            [-83.635198000407712, 38.187656000124392],
            [-83.635203000430593, 38.188336999903541],
            [-83.635220000149033, 38.190107000320914],
            [-83.635173000293378, 38.190244999857569],
            [-83.633669000420511, 38.191755999837547],
            [-83.633279000433163, 38.192181999861127],
            [-83.633015999769128, 38.192624999738761],
            [-83.631664000232234, 38.192113000195505],
            [-83.631463000390767, 38.192040000130135],
            [-83.631265000024058, 38.192038999693509],
            [-83.63109799961947, 38.192079000203172],
            [-83.63012100000131, 38.192649999858666],
            [-83.62986800028132, 38.192679000269493],
            [-83.629694000204054, 38.192659999904244],
            [-83.629530000172508, 38.192641999962447],
            [-83.629115000070826, 38.192476999700091],
            [-83.628079999828017, 38.191731000116754],
            [-83.627319000119911, 38.191803999785805],
            [-83.625981999753321, 38.192494999682665],
            [-83.625590999941053, 38.192961000351076],
            [-83.625274999573577, 38.193371000048984],
            [-83.624781999654076, 38.193851999877616],
            [-83.624241000053999, 38.194265000013665],
            [-83.623678999639196, 38.194626999962345],
            [-83.623261999887674, 38.194723000278749],
            [-83.623044000327795, 38.194739000319181],
            [-83.622269000375994, 38.194753000263397],
            [-83.621244000178919, 38.194679000325955],
            [-83.620973999842178, 38.19458000015841],
            [-83.620664000220785, 38.194400000343386],
            [-83.620357999899028, 38.194113000263314],
            [-83.619884000246103, 38.1936349998727],
            [-83.619675000008726, 38.193336000225138],
            [-83.619459000098672, 38.193054999900255],
            [-83.619178999716183, 38.192803999984704],
            [-83.618845999630253, 38.192573000026549],
            [-83.618445999597171, 38.192526000309087],
            [-83.618113000409551, 38.192529999910676],
            [-83.617623999789686, 38.192583000082706],
            [-83.617094999885182, 38.192644999835359],
            [-83.61618900041212, 38.192803000264611],
            [-83.615489999729988, 38.192977000072595],
            [-83.615082000199294, 38.19317199983815],
            [-83.614985000114913, 38.193341000201009],
            [-83.614950999779722, 38.193491999733943],
            [-83.614937000434324, 38.193721999893732],
            [-83.614930999688241, 38.194234999827998],
            [-83.614766999656709, 38.195645000138356],
            [-83.614524999807372, 38.196536999676887],
            [-83.61437400019463, 38.196948999747974],
            [-83.613732000312211, 38.19747999970329],
            [-83.613689999581112, 38.197550999947595],
            [-83.613405999898987, 38.198137999762658],
            [-83.613253999563014, 38.198786000320702],
            [-83.613092000079618, 38.199849000252129],
            [-83.613148999981036, 38.200179000176199],
            [-83.613241999867455, 38.200448000220739],
            [-83.613357000393492, 38.200762000128243],
            [-83.613097999927419, 38.201618999733199],
            [-83.612943999941621, 38.202128000022647],
            [-83.61269200004655, 38.203031000231171],
            [-83.612461999892787, 38.20323599990364],
            [-83.612143000050551, 38.203307999758394],
            [-83.611732000146816, 38.203237000186434],
            [-83.611434000220981, 38.203066000336641],
            [-83.610713999622448, 38.202288999824127],
            [-83.610387000282614, 38.201923999648841],
            [-83.609977000203784, 38.201660000226738],
            [-83.609584999668314, 38.20155400034983],
            [-83.609284000267735, 38.201581000133316],
            [-83.608953999656549, 38.201688999873106],
            [-83.608412000231553, 38.201758000348548],
            [-83.607730000166157, 38.201779999954347],
            [-83.607136999789233, 38.20199200030757],
            [-83.606740999954127, 38.202138000178508],
            [-83.606472000340602, 38.202338000184099],
            [-83.606279999821666, 38.202497999934131],
            [-83.606084999827985, 38.202618999983727],
            [-83.605906999552758, 38.202637000283083],
            [-83.604826000177511, 38.202340000068411],
            [-83.604396000007199, 38.202336000299731],
            [-83.604216999907081, 38.2023899999826],
            [-83.60353200036694, 38.202612999647627],
            [-83.60302799967846, 38.202746999741393],
            [-83.602446000070515, 38.20283799991207],
            [-83.601030999886106, 38.203252000191291],
            [-83.60049000028603, 38.203471000333217],
            [-83.60020599970558, 38.203732999695539],
            [-83.599756000342111, 38.204400000002423],
            [-83.59928000014105, 38.205278000254594],
            [-83.598921999940757, 38.205970000305825],
            [-83.598762999932092, 38.206334999960724],
            [-83.598784999673413, 38.207100999940344],
            [-83.598731000145037, 38.207500999661967],
            [-83.598578999809078, 38.207748999783142],
            [-83.598153999661633, 38.208114999909768],
            [-83.59743399996141, 38.208819000170621],
            [-83.597131000012709, 38.209306000086563],
            [-83.596936000019042, 38.209471000330744],
            [-83.596554000427616, 38.209572999896736],
            [-83.595945000157172, 38.209612999950508],
            [-83.594206999932595, 38.20958100005042],
            [-83.59343100015586, 38.209592000083866],
            [-83.592797999595959, 38.209782999757294],
            [-83.591973000313743, 38.210312999803264],
            [-83.591126000391924, 38.211080999915069],
            [-83.590603000335193, 38.211700999901829],
            [-83.590352000265042, 38.211977000155088],
            [-83.590087999776074, 38.21220900012095],
            [-83.589631999666494, 38.212524000275067],
            [-83.588922000012005, 38.213228999679238],
            [-83.588602000344864, 38.213440999863401],
            [-83.588189999717912, 38.213780000116401],
            [-83.588111000075187, 38.213893000085058],
            [-83.587901000012906, 38.214189999746985],
            [-83.587685000102837, 38.214377000245499],
            [-83.587105999969623, 38.214884000013562],
            [-83.586966000227534, 38.215155000305067],
            [-83.5869560001818, 38.215500999726054],
            [-83.587107999619448, 38.215870000016892],
            [-83.587155000373428, 38.216010000347239],
            [-83.587315000206985, 38.21647999983918],
            [-83.587388000001923, 38.217549000233319],
            [-83.587382999979056, 38.217652999939745],
            [-83.587325000252733, 38.217862999776166],
            [-83.587244000061872, 38.218004999960648],
            [-83.587028999976724, 38.218173999848858],
            [-83.586792000150268, 38.218280000225747],
            [-83.586099000214219, 38.21834999987064],
            [-83.585315000041589, 38.218430000188903],
            [-83.583038999691638, 38.218585000202403],
            [-83.582380000090794, 38.218551999940317],
            [-83.581948000270671, 38.218444999885882],
            [-83.581590999895298, 38.218268000017723],
            [-83.581106000371705, 38.217821999939765],
            [-83.580375999727423, 38.21717400014559],
            [-83.580343999940368, 38.217158000095118],
            [-83.580004000181745, 38.216982000013239],
            [-83.579347000230712, 38.216382999877275],
            [-83.578815999778058, 38.215886000350579],
            [-83.578675000211049, 38.215757999699868],
            [-83.578485000240264, 38.215580999647642],
            [-83.578377000285244, 38.215481000261249],
            [-83.57836600041459, 38.215263999786075],
            [-83.578343999774958, 38.21503399991937],
            [-83.578302999767075, 38.214622999976889],
            [-83.578135000435907, 38.214312000255021],
            [-83.577784999733225, 38.213972999656974],
            [-83.577378000027451, 38.213776000270421],
            [-83.577126000132381, 38.213745999654222],
            [-83.576748999665497, 38.21373099969442],
            [-83.576300000126921, 38.213797999773327],
            [-83.575768999674295, 38.213986000002585],
            [-83.575493000388079, 38.214167000229992],
            [-83.575319000310799, 38.214279000172503],
            [-83.575042000301366, 38.214316000071541],
            [-83.574557999704382, 38.214351999821666],
            [-83.573884999859828, 38.214443999729653],
            [-83.573371000023911, 38.214542000286272],
            [-83.572671000415184, 38.214700999907464],
            [-83.572144999985426, 38.214852999731029],
            [-83.571796999830866, 38.214945999833354],
            [-83.571143000252874, 38.21509400007745],
            [-83.569716000372921, 38.215376000157676],
            [-83.569304999570861, 38.215508999933867],
            [-83.568572000350173, 38.215793000038012],
            [-83.568138999806806, 38.215916000084555],
            [-83.567764999712978, 38.215963000231106],
            [-83.566747000086949, 38.216168000184766],
            [-83.566189999695027, 38.216362999949091],
            [-83.565355000367063, 38.216626999687747],
            [-83.565136999908873, 38.216629999984043],
            [-83.564335000192884, 38.216605999727555],
            [-83.563970000319884, 38.216731000006213],
            [-83.563761999907427, 38.216918000327112],
            [-83.563408999730029, 38.217375999951166],
            [-83.562575000226985, 38.218432999705058],
            [-83.561808999597687, 38.219328999764286],
            [-83.561713000236537, 38.219319999914639],
            [-83.561618999626901, 38.219311000063875],
            [-83.561476000410082, 38.219338000318558],
            [-83.561286000439281, 38.219454000305447],
            [-83.561042999866714, 38.219708000263637],
            [-83.56074499994088, 38.220094999903971],
            [-83.560477999977195, 38.220532999803893],
            [-83.560461000258769, 38.220560000310805],
            [-83.560332000387319, 38.220903000023704],
            [-83.560263999716966, 38.221639999669009],
            [-83.560189000272189, 38.222399000042742],
            [-83.560180000051361, 38.222491999675078],
            [-83.560150999739037, 38.222839000213483],
            [-83.560127000347919, 38.223360999691394],
            [-83.559913999912581, 38.223904000340838],
            [-83.559617999636558, 38.224372999660645],
            [-83.559432999688653, 38.224858999948808],
            [-83.559390999855864, 38.225003999838648],
            [-83.559306000365353, 38.225313999752991],
            [-83.559301000342487, 38.225674999882308],
            [-83.55928200007591, 38.226408999984812],
            [-83.559322000258874, 38.227004000320314],
            [-83.559402999551423, 38.227344000141485],
            [-83.559607999590824, 38.227805000303839],
            [-83.559708999873166, 38.228044000206907],
            [-83.559711000421302, 38.228072999926169],
            [-83.559723000116875, 38.228271999999649],
            [-83.559846000140524, 38.230324999754899],
            [-83.559915999562392, 38.230724000346875],
            [-83.55987999957739, 38.231006999728123],
            [-83.55970600039845, 38.231252999684479],
            [-83.559662000017511, 38.231316000270965],
            [-83.559229000372468, 38.231763000075709],
            [-83.55913899996078, 38.231940000276225],
            [-83.559070000363803, 38.23248199980565],
            [-83.559067999815667, 38.232497000133613],
            [-83.558988000348037, 38.23266100012998],
            [-83.558827999616142, 38.232787000220171],
            [-83.558389000123327, 38.233040000324443],
            [-83.558210999848086, 38.23327300003519],
            [-83.558102000068146, 38.233613000187617],
            [-83.558051999839435, 38.234060999845653],
            [-83.557852999647807, 38.234524000181679],
            [-83.557277999712539, 38.235645999905707],
            [-83.557127999924703, 38.235916999771455],
            [-83.557085000267008, 38.235995000157494],
            [-83.556607000416122, 38.236855999755242],
            [-83.556307999767057, 38.237284999889567],
            [-83.555907999733989, 38.237556999808298],
            [-83.555418000187515, 38.237777000243412],
            [-83.554779999604747, 38.237950999795387],
            [-83.554258000271247, 38.238174999659911],
            [-83.554080999820926, 38.238381000324765],
            [-83.553976000238947, 38.238712000311089],
            [-83.55393600005597, 38.239120000267206],
            [-83.553878000329647, 38.239479000036695],
            [-83.553741999887208, 38.239781999765803],
            [-83.553514000281581, 38.239959000203847],
            [-83.55321100033288, 38.240054000221406],
            [-83.552686999552918, 38.240102000071651],
            [-83.551468999910327, 38.240264000302489],
            [-83.551165999961626, 38.240380999852704],
            [-83.550454999583934, 38.240748000000323],
            [-83.549897000265418, 38.241095999990172],
            [-83.549010000160621, 38.241647000330275],
            [-83.548871000243437, 38.241731999900871],
            [-83.548571999594373, 38.241913000240686],
            [-83.547984999963546, 38.242292000190268],
            [-83.547358999974634, 38.242723999925445],
            [-83.546722000115111, 38.243051999982775],
            [-83.546301000165627, 38.243145000018011],
            [-83.545985999623056, 38.243214999723271],
            [-83.545743999773705, 38.243298999845003],
            [-83.545291999862087, 38.243630999745939],
            [-83.544602000299108, 38.244337000092216],
            [-83.544271999687894, 38.244647000146557],
            [-83.543982000157982, 38.244763999698264],
            [-83.543700999950602, 38.244787999836284],
            [-83.543445999682461, 38.244848000146646],
            [-83.542775000386044, 38.244863999750727],
            [-83.541726999724446, 38.244802000030703],
            [-83.540797999786861, 38.244719999659772],
            [-83.540191000064539, 38.244746999654453],
            [-83.539750999848494, 38.244895999653821],
            [-83.539283000043355, 38.245228999727374],
            [-83.53901100005676, 38.245513999913584],
            [-83.53875900016169, 38.245861999665408],
            [-83.538462000060775, 38.246307999960621],
            [-83.53816300031005, 38.246687000278442],
            [-83.537907000217004, 38.246922999751547],
            [-83.537211999732818, 38.247449999710248],
            [-83.5369980003709, 38.247611999793179],
            [-83.53609700002238, 38.248203000130779],
            [-83.535601999554743, 38.248552999732723],
            [-83.53559200040732, 38.248647000148992],
            [-83.535614999973546, 38.248719999878041],
            [-83.535806999594158, 38.248806999662307],
            [-83.535958000105197, 38.248879000280795],
            [-83.536318999780235, 38.248983999996717],
            [-83.536624000277087, 38.249101000327848],
            [-83.537112999998612, 38.249277000296416],
            [-83.537570999758032, 38.249470999840071],
            [-83.537888999775333, 38.249719999753736],
            [-83.537855000338453, 38.249930000131265],
            [-83.537831000049025, 38.250077999743887],
            [-83.537769000124726, 38.250161999695031],
            [-83.537680000436282, 38.250308000269328],
            [-83.537697000154722, 38.250470999964868],
            [-83.537709999675187, 38.250677999986088],
            [-83.537636999880263, 38.251017999876353],
            [-83.537544999818749, 38.251205000231458],
            [-83.537411999749352, 38.251488999941031],
            [-83.537172000448166, 38.251842000199048],
            [-83.536845000210022, 38.252269999768849],
            [-83.53646100007046, 38.252536999916494],
            [-83.536119999588607, 38.25278000018109],
            [-83.535753999890716, 38.25301199981778],
            [-83.535312999849751, 38.253539999659779],
            [-83.535208000267772, 38.253711999693806],
            [-83.53513600029774, 38.253899000171117],
            [-83.534923999687308, 38.254028000302959],
            [-83.534639000180277, 38.254172999876992],
            [-83.534443000361705, 38.254194000277792],
            [-83.534200999614043, 38.254088000040134],
            [-83.534104000427988, 38.254057999825001],
            [-83.533368999760825, 38.254248000272867],
            [-83.533043000245911, 38.254413999745147],
            [-83.532212000217612, 38.255011000041989],
            [-83.531929000360392, 38.255142000159857],
            [-83.531716999749975, 38.255132000234582],
            [-83.531462000380145, 38.254989000305926],
            [-83.531288000302879, 38.254915999819502],
            [-83.531048999928274, 38.254882000244351],
            [-83.530908000361279, 38.254902999734838],
            [-83.530745999979587, 38.254927000052092],
            [-83.530349000319546, 38.255057000045653],
            [-83.529421000206852, 38.255361000012599],
            [-83.529172999611433, 38.255395000069043],
            [-83.529015000325998, 38.25541600011676],
            [-83.528497000292148, 38.255406000229137],
            [-83.527810000203885, 38.255237000086836],
            [-83.527186999689718, 38.255006000070487],
            [-83.52635999985938, 38.254770000037482],
            [-83.525473999579489, 38.254612999683616],
            [-83.524999000101658, 38.254617000105732],
            [-83.524640999901351, 38.254786999853273],
            [-83.524354999671104, 38.254932000029044],
            [-83.52398099957729, 38.255191000197115],
            [-83.523576000419638, 38.255634000286648],
            [-83.523332000022165, 38.255864999717453],
            [-83.523215999671223, 38.255969999921369],
            [-83.522284000258892, 38.256726000296524],
            [-83.52114199988597, 38.25749399994632],
            [-83.521059999870189, 38.257744000120042],
            [-83.521093000380461, 38.257907000066332],
            [-83.521289000199047, 38.258272999669238],
            [-83.521820999578296, 38.258843000317057],
            [-83.52207199964846, 38.259107000341892],
            [-83.522379999620043, 38.259304999907371],
            [-83.52276399975959, 38.259509999729644],
            [-83.523183000059248, 38.259819999962232],
            [-83.524008000239775, 38.260123999752189],
            [-83.523978999927465, 38.260240000283424],
            [-83.523650999864401, 38.260420000181625],
            [-83.522914000445752, 38.260968999656114],
            [-83.52276299993467, 38.261370999812421],
            [-83.522670000048279, 38.261903999777878],
            [-83.52248299955221, 38.262285000230804],
            [-83.522223000159528, 38.262475999794823],
            [-83.521871999631927, 38.262676999860929],
            [-83.521284000176166, 38.262980000225461],
            [-83.520889999990885, 38.263332999677857],
            [-83.520649999791374, 38.263623000192382],
            [-83.520578999646247, 38.263777999810259],
            [-83.520900000036619, 38.26386999997311],
            [-83.521664000117781, 38.263900999817714],
            [-83.521784999593294, 38.26398100010649],
            [-83.521793999814122, 38.264112000274437],
            [-83.521830999624058, 38.264383999965588],
            [-83.521982999960002, 38.264698999865089],
            [-83.522239000053048, 38.26492199968466],
            [-83.522660000002531, 38.265187000326058],
            [-83.522783999851086, 38.265275999709779],
            [-83.522809999790354, 38.265412000324673],
            [-83.522742999843203, 38.265846999850396],
            [-83.522587000207579, 38.266562999973416],
            [-83.522434000046715, 38.267054000233763],
            [-83.522297999604277, 38.267240000119145],
            [-83.522090999915051, 38.267354999760677],
            [-83.521388999758173, 38.26741499977738],
            [-83.520776000188079, 38.267688999999471],
            [-83.520390000398692, 38.267719000228716],
            [-83.519750999991004, 38.267501000349633],
            [-83.519205000368046, 38.267274000259029],
            [-83.518829999551016, 38.267153999943126],
            [-83.518030000383163, 38.266999999882039],
            [-83.517761999696248, 38.266829999792662],
            [-83.517370000059088, 38.266471999813412],
            [-83.517092000224736, 38.266247000276955],
            [-83.516581999688484, 38.266037999923348],
            [-83.516309999701932, 38.266002999785059],
            [-83.5160190003471, 38.266130000045123],
            [-83.51565500029902, 38.266439000122489],
            [-83.515604000245418, 38.266631000165816],
            [-83.515497000115289, 38.267065000039231],
            [-83.515278999657085, 38.267360000292982],
            [-83.514912999959193, 38.26766400026915],
            [-83.51457400002549, 38.267874999669317],
            [-83.514290000343351, 38.267974000266349],
            [-83.513896999982947, 38.267962999893186],
            [-83.513085000221224, 38.268006999965131],
            [-83.512599999799335, 38.268108999965293],
            [-83.512241999599041, 38.268243000024356],
            [-83.511974999635342, 38.26844200017176],
            [-83.511815999626691, 38.268716000045949],
            [-83.511791000410653, 38.269152000319657],
            [-83.511741000181942, 38.269462000313318],
            [-83.511562000081796, 38.269753999779759],
            [-83.511317999684309, 38.26980000032291],
            [-83.510589999588163, 38.269738000013284],
            [-83.510211000369793, 38.26970899998684],
            [-83.510022000223913, 38.269685000320933],
            [-83.509599999551213, 38.2694700002274],
            [-83.508778999568648, 38.269034999830225],
            [-83.508304999915737, 38.268984999877034],
            [-83.507871000445761, 38.269040000246818],
            [-83.507422000008887, 38.26920699985768],
            [-83.507160000068069, 38.269446999854985],
            [-83.507149000197415, 38.269581000266598],
            [-83.507231000213167, 38.269871999888046],
            [-83.507018999602749, 38.270658999962279],
            [-83.506313999971127, 38.271209999741103],
            [-83.505754999929408, 38.271756000046999],
            [-83.505556999562685, 38.272073999836998],
            [-83.50555599973778, 38.272335999660108],
            [-83.505758000302464, 38.272530999735928],
            [-83.506041000159684, 38.272597999948495],
            [-83.506555999820478, 38.272617999926304],
            [-83.507185000182417, 38.272731000155794],
            [-83.50768099957665, 38.272935000143534],
            [-83.507952999563216, 38.273154999985913],
            [-83.507976000027753, 38.273385000102252],
            [-83.507957999586097, 38.274299000270211],
            [-83.508182999716993, 38.275166000283185],
            [-83.50810900009715, 38.275470000025408],
            [-83.507785000232047, 38.276090999744554],
            [-83.507779000384247, 38.276509999799998],
            [-83.507902000407924, 38.276874000221603],
            [-83.508029999556129, 38.277156999761281],
            [-83.507926999623962, 38.277880000242341],
            [-83.508002999791927, 38.278083999868727],
            [-83.508170000196515, 38.278197000054675],
            [-83.508402000000103, 38.278208000288039],
            [-83.508632999978786, 38.278120999743059],
            [-83.509072000369926, 38.278097999994948],
            [-83.509350000204265, 38.278196000097473],
            [-83.509506999664794, 38.278358999989422],
            [-83.509586000205829, 38.278689999838029],
            [-83.509596000251562, 38.279276000136662],
            [-83.509787999872202, 38.2796559997903],
            [-83.510194999577962, 38.280239000261886],
            [-83.510578999717524, 38.281161000221573],
            [-83.510679999999866, 38.281658999875482],
            [-83.510664000106331, 38.282028000096119],
            [-83.50988699960638, 38.282819999757294],
            [-83.509786000222377, 38.283105999763961],
            [-83.509763999582745, 38.283261999997841],
            [-83.509867000413223, 38.283365000316572],
            [-83.510340000241243, 38.283622000180138],
            [-83.510726999855521, 38.28394899979147],
            [-83.511150000353155, 38.284181999892418],
            [-83.511629999853866, 38.284326999919621],
            [-83.511895999992632, 38.284387999888288],
            [-83.512326999987863, 38.284460999667836],
            [-83.512436999592708, 38.284606999711777],
            [-83.512427000445285, 38.285184000040154],
            [-83.512379999691305, 38.285515999653441],
            [-83.512364999622676, 38.285722999947808],
            [-83.512342999881383, 38.285834999673639],
            [-83.512527000004383, 38.286254999750469],
            [-83.512901999923116, 38.286760999838741],
            [-83.513209999894698, 38.287098999707901],
            [-83.51338499979687, 38.287437999948281],
            [-83.513508999645438, 38.287994999663269],
            [-83.513493999576809, 38.288432000336009],
            [-83.513562000247205, 38.288948000261314],
            [-83.513647999562622, 38.289382000017248],
            [-83.513765999563404, 38.289732999866253],
            [-83.513993000242436, 38.290311000130615],
            [-83.514093999626439, 38.290525999855788],
            [-83.514188000236103, 38.290992999875016],
            [-83.514280000297603, 38.291333999811478],
            [-83.514312999909578, 38.291689999652533],
            [-83.514281000122509, 38.292054000108436],
            [-83.514162000296821, 38.292311999992236],
            [-83.513900000356003, 38.292556000213487],
            [-83.513218000290621, 38.292810999750017],
            [-83.512882999656554, 38.292980999648243],
            [-83.512207000337256, 38.29333499966792],
            [-83.511439000058147, 38.293425000257962],
            [-83.510335000218362, 38.293464000267463],
            [-83.509750000237361, 38.293501000058271],
            [-83.508048999822691, 38.29365699980719],
            [-83.50686499961698, 38.293675999880236],
            [-83.506032999763747, 38.293953000343215],
            [-83.505395999904209, 38.29413200014109],
            [-83.505114999696815, 38.294452000097351],
            [-83.504526000416163, 38.295173000202951],
            [-83.504040999994274, 38.296000999765738],
            [-83.503790999749, 38.296588000318302],
            [-83.50372899982473, 38.296823999837407],
            [-83.50355200027272, 38.297500000150166],
            [-83.503636999763216, 38.298201000309319],
            [-83.503840999977712, 38.29853600003721],
            [-83.504421999760766, 38.298945000021774],
            [-83.50486299980173, 38.299485000322143],
            [-83.505122000267818, 38.299748999946118],
            [-83.505271000230735, 38.299951999788767],
            [-83.505347000398714, 38.30020700012318],
            [-83.504964999908978, 38.301001999849881],
            [-83.504877999870345, 38.301639000183549],
            [-83.504928999923976, 38.301900999757571],
            [-83.5051919996897, 38.302760000258935],
            [-83.505275000428696, 38.303402999734431],
            [-83.50512999976543, 38.304209000206548],
            [-83.5052550003372, 38.304576999679689],
            [-83.505316000436579, 38.304706000030009],
            [-83.505257999811946, 38.304874999961477],
            [-83.504978000327768, 38.305438999665235],
            [-83.504708999815932, 38.306417000057287],
            [-83.504409000240287, 38.307015999876185],
            [-83.504096000245852, 38.307596999992299],
            [-83.503926000366533, 38.30785700009713],
            [-83.503470000256954, 38.308226999886536],
            [-83.503026999667853, 38.308483999818129],
            [-83.502722999894246, 38.309002000014793],
            [-83.502646999726252, 38.309796999922831],
            [-83.502703999627656, 38.310371000195815],
            [-83.502829000199455, 38.310838000068685],
            [-83.502758999879248, 38.310979999773437],
            [-83.502578999954196, 38.311104999884044],
            [-83.50193299987383, 38.311297999721866],
            [-83.501691999849385, 38.311484999940355],
            [-83.501562000153044, 38.311643000190124],
            [-83.501121999936984, 38.312468000109781],
            [-83.500870999866834, 38.313022999747311],
            [-83.500856999623124, 38.313189000200509],
            [-83.50081399996543, 38.313428999988552],
            [-83.501112999716156, 38.314170000198366],
            [-83.501281999770569, 38.314742000078517],
            [-83.501542999886468, 38.315803999926288],
            [-83.501531000190909, 38.315970999793144],
            [-83.501486999809984, 38.316157999943108],
            [-83.501239999937781, 38.31642100006902],
            [-83.500987000217791, 38.316589000057455],
            [-83.500735000322706, 38.316747999889373],
            [-83.500363999703623, 38.316841000015096],
            [-83.50005499990715, 38.316958000276649],
            [-83.499644000003414, 38.317278999753611],
            [-83.499462000428522, 38.317664999881877],
            [-83.499434999766024, 38.31786700021447],
            [-83.49947199957596, 38.318134000226671],
            [-83.499542999721072, 38.318717000283236],
            [-83.499454999857534, 38.318898999893186],
            [-83.499285999803121, 38.319084000046935],
            [-83.499072000441188, 38.319247999822757],
            [-83.498094999924703, 38.319592999820379],
            [-83.497721999655809, 38.31977600013947],
            [-83.497593999609279, 38.319906000324281],
            [-83.497538000431092, 38.320374000187059],
            [-83.496955999924836, 38.321397000227989],
            [-83.496615000341279, 38.321648000325276],
            [-83.495770000069285, 38.321924000338761],
            [-83.495416999891859, 38.322106999707067],
            [-83.495246000187635, 38.322503000016752],
            [-83.49523100011902, 38.322989000131038],
            [-83.495242999814593, 38.323452999670714],
            [-83.495390999952605, 38.324165000212012],
            [-83.495353000317763, 38.324302999786958],
            [-83.495206999829577, 38.324366000026473],
            [-83.49474200039748, 38.324379999680708],
            [-83.493949000004022, 38.324397000112988],
            [-83.493205999839262, 38.324423000061699],
            [-83.49228399957434, 38.324386999859179],
            [-83.491840000058659, 38.324251999821463],
            [-83.491564999699051, 38.324054999811146],
            [-83.491373000078426, 38.323743000341445],
            [-83.491378999926212, 38.323363999728016],
            [-83.491250999879696, 38.323118000149279],
            [-83.490994999786665, 38.322996999783726],
            [-83.490706999906564, 38.322997999828367],
            [-83.490403999957863, 38.323105000294433],
            [-83.490076999719705, 38.323113999977302],
            [-83.489728999565159, 38.32315300023479],
            [-83.489594999670857, 38.323257000349031],
            [-83.489407000248207, 38.323603000332625],
            [-83.48922800014806, 38.323876999885172],
            [-83.489126999865718, 38.323967999965298],
            [-83.489002000192258, 38.324023000252581],
            [-83.488794999604693, 38.324155999954861],
            [-83.488330000172596, 38.32426900028377],
            [-83.488161000118197, 38.324335999952787],
            [-83.488085999775137, 38.324495999732321],
            [-83.488113000437636, 38.324689999889799],
            [-83.488145000224677, 38.324993000063316],
            [-83.488208999798786, 38.32536899987582],
            [-83.488296999662339, 38.325799000194458],
            [-83.488337999670208, 38.326056999865912],
            [-83.488478000310621, 38.32641699983941],
            [-83.488573999671758, 38.326663000202345],
            [-83.488630999573175, 38.326826999745563],
            [-83.488712999588941, 38.326957999960626],
            [-83.48875600014496, 38.327024999962944],
            [-83.488860999726938, 38.327181000201669],
            [-83.489090000055796, 38.327435999936704],
            [-83.489606000439835, 38.328000000350777],
            [-83.490466999707053, 38.328940000213869],
            [-83.490707999731484, 38.329213000068805],
            [-83.491203000199121, 38.328417000252543],
            [-83.49138800014704, 38.328121000116461],
            [-83.49151000034577, 38.328013000032456],
            [-83.491615999752682, 38.327971000347823],
            [-83.491881999891447, 38.327933999816878],
            [-83.492338000001041, 38.327897999948789],
            [-83.4927299996382, 38.327868999904965],
            [-83.492901000240721, 38.327924000051055],
            [-83.492989000104288, 38.327992999816516],
            [-83.493047999655502, 38.328113000324535],
            [-83.493129999671282, 38.328335999830728],
            [-83.4932440003724, 38.328664000136001],
            [-83.493414000251718, 38.328987999813705],
            [-83.493732000269034, 38.329461999969055],
            [-83.494017999600985, 38.32967799988576],
            [-83.494159000066304, 38.329817000189898],
            [-83.494147000370745, 38.329964999764378],
            [-83.494087999921192, 38.330264999898148],
            [-83.494061999981923, 38.330583999765658],
            [-83.494065000354979, 38.330873000156302],
            [-83.494128000104169, 38.33110900016181],
            [-83.494221999815494, 38.331408999787861],
            [-83.494483999756312, 38.331888999847827],
            [-83.49482400041326, 38.332125000067883],
            [-83.495200000156885, 38.332294000222042],
            [-83.495561999656829, 38.332327000272848],
            [-83.496057000124452, 38.332332999767964],
            [-83.49650999986099, 38.332364999885669],
            [-83.496816000182733, 38.332382999769479],
            [-83.497073000100698, 38.332407999757272],
            [-83.497335999866422, 38.33247000008447],
            [-83.497495999699993, 38.332672999943497],
            [-83.497990000342725, 38.333885999662506],
            [-83.497331999668447, 38.334140999763449],
            [-83.496554000241915, 38.334447000250329],
            [-83.495882000222281, 38.334742000032811],
            [-83.494665000404595, 38.335931000041079],
            [-83.495164000171869, 38.336113000116725],
            [-83.495773000442341, 38.336539999827586],
            [-83.496140999790043, 38.337042999816589],
            [-83.496170999927273, 38.337534000299847],
            [-83.495816999924955, 38.338793999995758],
            [-83.495786999787725, 38.339666999828012],
            [-83.49638400036261, 38.339752000225452],
            [-83.496981000039185, 38.339918999878655],
            [-83.49769200041689, 38.34019699968372],
            [-83.498335000124214, 38.340341999779639],
            [-83.498886999594944, 38.340376000197445],
            [-83.499120000121763, 38.340609000144617],
            [-83.499498000413524, 38.341467000284013],
            [-83.500011000424522, 38.34179699990807],
            [-83.500131999900034, 38.34197200015555],
            [-83.500635999690189, 38.342198999814521],
            [-83.501417000388102, 38.342479000285628],
            [-83.501357999938563, 38.342595000254285],
            [-83.501232000440169, 38.342717000081677],
            [-83.501075000081343, 38.342932999942022],
            [-83.500940000362121, 38.34336100008521],
            [-83.500794999698854, 38.343776000143485],
            [-83.500668000375569, 38.343987999939863],
            [-83.500367999901584, 38.344033000172388],
            [-83.500059999930002, 38.344082000096357],
            [-83.499864000111444, 38.344116999921063],
            [-83.499684000186392, 38.34416599978821],
            [-83.499555000314942, 38.344185000015344],
            [-83.499340000229779, 38.344250999838586],
            [-83.498832000241677, 38.344433000149714],
            [-83.498489999934918, 38.344612000059961],
            [-83.498336999774025, 38.34492699979613],
            [-83.498216000298527, 38.345238999653894],
            [-83.49783100033406, 38.346127999856179],
            [-83.497770000234695, 38.346306999804831],
            [-83.497791000151096, 38.346438000030012],
            [-83.498084999878969, 38.346609000053469],
            [-83.498303000337174, 38.346741000153969],
            [-83.498694000149413, 38.347010000313254],
            [-83.49892000010523, 38.347354999903708],
            [-83.498978999656458, 38.347825000162629],
            [-83.498978999656458, 38.347955000055514],
            [-83.499069999893052, 38.348165000202449],
            [-83.499221000404106, 38.348404000031408],
            [-83.499438000139094, 38.34884699980099],
            [-83.499393999758155, 38.349135000225374],
            [-83.499265999711625, 38.349350999968152],
            [-83.49895199989227, 38.349570999891945],
            [-83.498780000363141, 38.349714999864453],
            [-83.498561999904936, 38.349822000333724],
            [-83.498171000092697, 38.349851000045248],
            [-83.497668000127433, 38.349920999738295],
            [-83.497206999995001, 38.350006000079723],
            [-83.496981000039185, 38.350089999946171],
            [-83.496685999588081, 38.350273999715689],
            [-83.496512000409112, 38.350471999971589],
            [-83.496370999943835, 38.350543999802341],
            [-83.496245000445441, 38.350530999936019],
            [-83.495997999674913, 38.350509999930317],
            [-83.495796000008554, 38.350495999688292],
            [-83.495395999975472, 38.350469999936124],
            [-83.494990999919509, 38.350497999723032],
            [-83.494718000108037, 38.350522000135619],
            [-83.494211999769746, 38.350627999749193],
            [-83.493850000269816, 38.350765999651742],
            [-83.493642999682265, 38.350939999705268],
            [-83.493509999612868, 38.351124999789555],
            [-83.493331000411061, 38.35127700024762],
            [-83.49307100012004, 38.351342000295155],
            [-83.492875000301467, 38.35134000028372],
            [-83.492429000237621, 38.351344999959977],
            [-83.491963000082308, 38.351291000338669],
            [-83.491743999799183, 38.35136900009185],
            [-83.491584999790533, 38.351559000150544],
            [-83.491371000428614, 38.35182200003208],
            [-83.491127000031128, 38.352048999818081],
            [-83.490817000409734, 38.352135000122175],
            [-83.490475999927867, 38.352105999916368],
            [-83.48992000025919, 38.35193599983662],
            [-83.489269999980849, 38.351682999675297],
            [-83.489013000062911, 38.35163900032272],
            [-83.488823999917031, 38.351674000018015],
            [-83.488632000296391, 38.351802999694925],
            [-83.487879999910817, 38.352370000268394],
            [-83.487884000108778, 38.352464999751291],
            [-83.487939000360342, 38.352652000141653],
            [-83.487971999972316, 38.352904999735372],
            [-83.487911999697857, 38.353043000229903],
            [-83.48768300026731, 38.353167000031327],
            [-83.487202000043382, 38.353367999707181],
            [-83.486550000115216, 38.353642000129518],
            [-83.486288000174397, 38.35378700008004],
            [-83.486201000135765, 38.353870000168783],
            [-83.486136999663344, 38.353916999837381],
            [-83.485964000309309, 38.354308999751929],
            [-83.485731999607381, 38.354485999984675],
            [-83.48553999998677, 38.354601999743366],
            [-83.485418999612946, 38.354683999995054],
            [-83.485326999551432, 38.354898000180121],
            [-83.485251000281778, 38.355282999703995],
            [-83.485040000394562, 38.355721999877865],
            [-83.484835000355176, 38.356053999947477],
            [-83.484581999736847, 38.35637099980471],
            [-83.484276000313415, 38.356802999857791],
            [-83.484072000098934, 38.35701700011969],
            [-83.483961999595749, 38.357261999863553],
            [-83.483729999792175, 38.357637999876204],
            [-83.483436000064287, 38.357895000024072],
            [-83.483282999903409, 38.358046999654754],
            [-83.48305100009982, 38.358274999911274],
            [-83.482881000220502, 38.358653000107751],
            [-83.482758000196867, 38.35897299990922],
            [-83.482677999830926, 38.359177999963201],
            [-83.482369999859344, 38.359547999828351],
            [-83.481983000245037, 38.359715999866282],
            [-83.481676000098403, 38.359706999798661],
            [-83.481043000436799, 38.359651000291997],
            [-83.480403000204205, 38.359604999658515],
            [-83.479655000016578, 38.359541999769448],
            [-83.478152999793551, 38.359370999995569],
            [-83.477135999992399, 38.359267999837954],
            [-83.476870999678539, 38.359255999673259],
            [-83.476764000446721, 38.359329000174633],
            [-83.476496999584725, 38.359492000198699],
            [-83.476192999811104, 38.359694999706782],
            [-83.475837000158961, 38.359922999703961],
            [-83.475502000423205, 38.360079000252227],
            [-83.47510599968976, 38.360270000230905],
            [-83.474724999923268, 38.360388999874331],
            [-83.47427200018673, 38.360542999661185],
            [-83.474061000299528, 38.36058599971237],
            [-83.473796999810574, 38.360555999843122],
            [-83.473544999915489, 38.360417000052074],
            [-83.473430000287777, 38.360295999986214],
            [-83.473288999822458, 38.360138999669175],
            [-83.473237999768827, 38.360043000155564],
            [-83.473093999828791, 38.359934999758089],
            [-83.472745999674245, 38.35968999990272],
            [-83.471550999597866, 38.358788999703137],
            [-83.471390999764296, 38.358612999680922],
            [-83.471358999977241, 38.35847699975492],
            [-83.471353999954374, 38.358341999834707],
            [-83.471461000084489, 38.358214999653896],
            [-83.471676999994557, 38.35809499969433],
            [-83.472159000043419, 38.357820999921536],
            [-83.472596999711328, 38.357623000036739],
            [-83.472780000009436, 38.357430000275414],
            [-83.47277699963638, 38.357276999777802],
            [-83.472734999803592, 38.357136000179338],
            [-83.472614000328079, 38.35697500034204],
            [-83.472384999999221, 38.356759999672882],
            [-83.47219099983046, 38.356502999722572],
            [-83.471998000384914, 38.356253999772335],
            [-83.47186299976741, 38.355942999760444],
            [-83.47178199957655, 38.355680000053383],
            [-83.471717000177534, 38.355511000211528],
            [-83.471614000245367, 38.355476999853884],
            [-83.471391999589201, 38.355420000295865],
            [-83.47099300027935, 38.35529100001817],
            [-83.470577000352748, 38.355215999767474],
            [-83.470206999558584, 38.355217000071868],
            [-83.46982699961697, 38.355350000282925],
            [-83.469275000146254, 38.35554499984881],
            [-83.468545000400283, 38.35583399999512],
            [-83.468201000443699, 38.356007999846199],
            [-83.467377999912998, 38.35641600009194],
            [-83.466893000389433, 38.356690000251007],
            [-83.466530000166273, 38.356967000213885],
            [-83.466193999707286, 38.357304000179141],
            [-83.465557999672654, 38.357878999970254],
            [-83.465423999778352, 38.357991999834518],
            [-83.465159000362789, 38.358092000309128],
            [-83.464772999675091, 38.358156999874353],
            [-83.464162999579727, 38.358206000104097],
            [-83.463518000222578, 38.358313000001644],
            [-83.463284999695759, 38.358414000293088],
            [-83.463173000441088, 38.35853699979522],
            [-83.463120999664227, 38.358675000121764],
            [-83.463124000037269, 38.358869000340199],
            [-83.463138000280978, 38.359255999673259],
            [-83.463078000006519, 38.359394000038087],
            [-83.462953000333044, 38.359538999739847],
            [-83.462508999919038, 38.359642999755138],
            [-83.461907000219597, 38.359683000317268],
            [-83.461523000080035, 38.359697999729924],
            [-83.461195000016971, 38.359715999866282],
            [-83.460975999733861, 38.359781000086663],
            [-83.460824000296213, 38.359893999799787],
            [-83.46074800012822, 38.360040000146661],
            [-83.460608000386145, 38.360360000156845],
            [-83.46029399966848, 38.360779000217335],
            [-83.459998000290781, 38.361007999842428],
            [-83.459798000274247, 38.361136999795129],
            [-83.459394000043204, 38.361286999926165],
            [-83.45898499978928, 38.36143300028121],
            [-83.458317999792513, 38.361736999863155],
            [-83.458122999798832, 38.361897000168383],
            [-83.458064000247617, 38.361985999973811],
            [-83.458091000011791, 38.362035999935181],
            [-83.458368000021224, 38.362089999995568],
            [-83.458851999719897, 38.362189999740103],
            [-83.459183000156003, 38.362311999664016],
            [-83.459403000264018, 38.362414000216241],
            [-83.459697999816811, 38.362674999711174],
            [-83.459907000054187, 38.363094999950683],
            [-83.45999400009282, 38.363421999768001],
            [-83.460123999789161, 38.363962999672779],
            [-83.460246999812796, 38.364214000234384],
            [-83.460442999631397, 38.364423000242759],
            [-83.460671999960255, 38.364563999735608],
            [-83.460893999718095, 38.364607000215642],
            [-83.461419000322977, 38.364709000351276],
            [-83.461713000050821, 38.364843000200544],
            [-83.461911000417558, 38.365056999939434],
            [-83.46209200016753, 38.365441000214886],
            [-83.462364000154082, 38.366195999713241],
            [-83.462489999652462, 38.366408000082579],
            [-83.462548000277081, 38.36650800020071],
            [-83.462779000255779, 38.366686999778416],
            [-83.462992999617697, 38.366760999974211],
            [-83.463262999954452, 38.366846000267564],
            [-83.46360100006325, 38.366895999689142],
            [-83.463781999813222, 38.36693300004184],
            [-83.463917000430754, 38.367013000130584],
            [-83.464171999800541, 38.367457999714439],
            [-83.464222999854186, 38.367604000300226],
            [-83.464011000142079, 38.367742000245478],
            [-83.463782999638141, 38.36788800025834],
            [-83.463497000306177, 38.368076999803804],
            [-83.463190000159514, 38.368293000088592],
            [-83.462506000444293, 38.368813999994302],
            [-83.46303600017373, 38.369369999967496],
            [-83.463336999574295, 38.369842999902062],
            [-83.463519000047498, 38.370221999654071],
            [-83.463764000269876, 38.370410000052594],
            [-83.464564000336054, 38.37084799996331],
            [-83.464795000314709, 38.371144000176955],
            [-83.465012000049683, 38.371617999862693],
            [-83.46502299992035, 38.371830999918338],
            [-83.464950000125413, 38.371935999953131],
            [-83.464587999727172, 38.372127999703238],
            [-83.464269999709856, 38.37232099971623],
            [-83.463813999600276, 38.37273099969952],
            [-83.463391000000982, 38.373101000009171],
            [-83.463102000295962, 38.373195999754842],
            [-83.462713999958439, 38.373170999759765],
            [-83.461932000333945, 38.372988999844821],
            [-83.461450000285112, 38.372902000308059],
            [-83.461025000137653, 38.372935000168937],
            [-83.460632999602183, 38.373031000190849],
            [-83.460375999684246, 38.373058999703723],
            [-83.460111000268682, 38.373001999904233],
            [-83.459924999597533, 38.372865000190082],
            [-83.459224999988791, 38.372309000306991],
            [-83.458680000190753, 38.372048999706372],
            [-83.458156000309117, 38.371956000009561],
            [-83.457921999957378, 38.371971999769031],
            [-83.456935000293484, 38.372464000152888],
            [-83.456725000231188, 38.372533999815431],
            [-83.456429999780084, 38.372607000306886],
            [-83.456330000220973, 38.372730000341363],
            [-83.456386000297471, 38.372831000236239],
            [-83.456695999918878, 38.373502000037583],
            [-83.456900000133373, 38.374354999708707],
            [-83.456930000270603, 38.374730000339142],
            [-83.456823000140474, 38.374820999924943],
            [-83.456505000123173, 38.375001000099559],
            [-83.456320000175239, 38.375111999937097],
            [-83.455667000422167, 38.375354000331257],
            [-83.455557999743903, 38.375471999799224],
            [-83.455257000343337, 38.376201999928618],
            [-83.455166000106743, 38.376801999758534],
            [-83.455068000197457, 38.376943999785929],
            [-83.454706999624122, 38.37732499966755],
            [-83.454602000042144, 38.377376000297936],
            [-83.453849999656541, 38.377316999675877],
            [-83.453658999860835, 38.377356000331204],
            [-83.453576999845069, 38.377457000106794],
            [-83.453560999951549, 38.37757399967056],
            [-83.453591000088778, 38.378687000143834],
            [-83.45334500004148, 38.38031000030886],
            [-83.453201999926335, 38.380689000163969],
            [-83.452801999893268, 38.381221000350934],
            [-83.452735999771022, 38.381373000289301],
            [-83.452729999923235, 38.381566000288238],
            [-83.452847999924018, 38.381799000082481],
            [-83.453097000344357, 38.38193799965071],
            [-83.453320999752037, 38.381980999665664],
            [-83.453992999771671, 38.381910999988506],
            [-83.45427200032924, 38.381782999679402],
            [-83.45455600001138, 38.381627000140682],
            [-83.454925999907232, 38.381514999794931],
            [-83.454976000135943, 38.381492999681484],
            [-83.455464999857483, 38.381265999976812],
            [-83.455536999827515, 38.381245999677084],
            [-83.455698000384302, 38.381458000319476],
            [-83.455755000285706, 38.381571999929719],
            [-83.455782999874799, 38.381955999889335],
            [-83.455830999555388, 38.382227000045944],
            [-83.455925000165024, 38.382620000085531],
            [-83.45595899960189, 38.382758000264801],
            [-83.455987000089308, 38.383021000168391],
            [-83.455982999891333, 38.383323000074945],
            [-83.456071999579791, 38.383767000142953],
            [-83.456237000334553, 38.383955999758783],
            [-83.456613000078192, 38.384233000293044],
            [-83.456936000118375, 38.384323999896395],
            [-83.457219999800515, 38.384354999673249],
            [-83.457628000229505, 38.384231999685476],
            [-83.458029000087507, 38.38406899975147],
            [-83.4582890003785, 38.38399100002465],
            [-83.458412000402149, 38.38395399994431],
            [-83.458746000312999, 38.383943000259315],
            [-83.459172000285349, 38.383895999666017],
            [-83.459249000278234, 38.383907999970219],
            [-83.459337999966692, 38.383963999720464],
            [-83.459293999585753, 38.384141999871034],
            [-83.459252999577885, 38.384286999986386],
            [-83.459189000003775, 38.384486999959854],
            [-83.459142000148134, 38.384619000005614],
            [-83.45911299983581, 38.384739000350251],
            [-83.459086999896527, 38.384911999827729],
            [-83.459082999698566, 38.385150000268382],
            [-83.459033000368166, 38.38539700032063],
            [-83.459132999927292, 38.386026999821546],
            [-83.459163000064521, 38.386151000154427],
            [-83.459184999805814, 38.38623799995441],
            [-83.459404000088938, 38.386660999651561],
            [-83.459441999723779, 38.386801000306512],
            [-83.459450000119688, 38.386840999940887],
            [-83.459259000323982, 38.387139999799061],
            [-83.459057999584218, 38.387407999966015],
            [-83.458956000375267, 38.387521000198596],
            [-83.458666999771964, 38.387834999980115],
            [-83.45864099983271, 38.387873999893685],
            [-83.4584790003493, 38.388113000294815],
            [-83.458426999572453, 38.388257000346698],
            [-83.45841999989976, 38.38831900003629],
            [-83.458538999725434, 38.388406000044782],
            [-83.458676999817698, 38.388466999761725],
            [-83.458889000428115, 38.388651999696719],
            [-83.459100000315317, 38.388840999925698],
            [-83.459280000240369, 38.389001999991891],
            [-83.460201999606966, 38.389741000040033],
            [-83.460573000226049, 38.390019000068897],
            [-83.460785999763061, 38.390133000268222],
            [-83.461646000103684, 38.390356000329923],
            [-83.462190999901736, 38.390513999685858],
            [-83.462364999979002, 38.390635999736695],
            [-83.462405999986885, 38.390779999693393],
            [-83.462431999926153, 38.390904000326032],
            [-83.462519999789706, 38.391153000057038],
            [-83.462508999919038, 38.39136300021562],
            [-83.462446999994768, 38.39198599986706],
            [-83.46230999972741, 38.39233700001121],
            [-83.46229300000897, 38.392611000062871],
            [-83.462360999781041, 38.39279399968359],
            [-83.462513000116985, 38.392903000110913],
            [-83.462766999661909, 38.393006000273289],
            [-83.463196000007301, 38.393155999823541],
            [-83.463474999666559, 38.393267999744864],
            [-83.46369599959948, 38.393352000100002],
            [-83.46415400025721, 38.393374999903628],
            [-83.464539000221663, 38.39334600002757],
            [-83.465340000112761, 38.393059999752957],
            [-83.465376000097777, 38.393056999704697],
            [-83.465580000312258, 38.393039000116595],
            [-83.465756999864269, 38.393071999944802],
            [-83.465956999880817, 38.393180000173359],
            [-83.466378999655191, 38.393609000153134],
            [-83.466563999603125, 38.39392000024241],
            [-83.466541000036898, 38.394054999975737],
            [-83.466367999784552, 38.394184999924001],
            [-83.466193999707286, 38.394265000155102],
            [-83.465955000230991, 38.394403999703677],
            [-83.465545000152161, 38.394659999778639],
            [-83.465097000438519, 38.394989000086916],
            [-83.464976000064681, 38.395366000266549],
            [-83.46468999983442, 38.395925000289196],
            [-83.464559000313173, 38.396199000121108],
            [-83.464473000099431, 38.396402000151731],
            [-83.464474999749271, 38.396511000068266],
            [-83.464495999665658, 38.396569999818873],
            [-83.46465899987227, 38.39661600018767],
            [-83.464822999903802, 38.396651999690597],
            [-83.465056000430621, 38.396684999981964],
            [-83.465540000129295, 38.396807000181532],
            [-83.465926999743587, 38.397022999879923],
            [-83.466014999607125, 38.397184999758267],
            [-83.466072000406854, 38.397341999958897],
            [-83.466081999554277, 38.397372000066078],
            [-83.466089999950199, 38.397608999911739],
            [-83.465899999979413, 38.397840999700314],
            [-83.465836000405304, 38.397924999670821],
            [-83.46573199974992, 38.398137999711686],
            [-83.465772999757789, 38.398260999984856],
            [-83.466079999904466, 38.398502999671095],
            [-83.466592000090543, 38.398907999899507],
            [-83.46683300011496, 38.398982000228031],
            [-83.468015999597441, 38.398701000347835],
            [-83.468838000303236, 38.398422999905179],
            [-83.469203000176236, 38.398268000062792],
            [-83.469589999790514, 38.398102000244613],
            [-83.470026999633532, 38.3978790001349],
            [-83.470421999643733, 38.397575000323265],
            [-83.470650999972591, 38.397341000236736],
            [-83.470833000445779, 38.397160000309214],
            [-83.470942000225733, 38.397051999689282],
            [-83.471187000448111, 38.39691999980765],
            [-83.471360999627066, 38.396862000071458],
            [-83.471742000291883, 38.396927000015438],
            [-83.471967000422779, 38.39696200034016],
            [-83.472482000083602, 38.397017999838809],
            [-83.47308899980591, 38.397004999871037],
            [-83.473457999876857, 38.396996999943894],
            [-83.473539000067717, 38.396986999857681],
            [-83.473682000182848, 38.396968999839835],
            [-83.474032999812124, 38.396906999822264],
            [-83.474077000193049, 38.396966999681105],
            [-83.474098000109436, 38.397027000194242],
            [-83.474083999865741, 38.397176999851034],
            [-83.474033999637044, 38.397384000246241],
            [-83.473920999659143, 38.397588000188492],
            [-83.473873999803459, 38.397713000127546],
            [-83.473789000312976, 38.397800000098371],
            [-83.473549999938371, 38.398195000121881],
            [-83.473497000234929, 38.398270000185541],
            [-83.473291000370594, 38.398564999727974],
            [-83.473284999624497, 38.398704000161921],
            [-83.473345999723875, 38.398745999658004],
            [-83.473405000173415, 38.398763000234894],
            [-83.47349899988474, 38.398791000348162],
            [-83.473651000220698, 38.39882099985406],
            [-83.473688999855526, 38.398827999877774],
            [-83.473980999933588, 38.398923000333731],
            [-83.474246000247462, 38.399043999874095],
            [-83.474693000136213, 38.399310999877173],
            [-83.475166999789138, 38.399404000311165],
            [-83.475639999617144, 38.399524000058449],
            [-83.47594799958874, 38.399594999979428],
            [-83.476213999727506, 38.399697999760619],
            [-83.476367999713275, 38.399851999665565],
            [-83.476381999956985, 38.399864999825354],
            [-83.47641999959184, 38.399905999664263],
            [-83.476597999867053, 38.400101000262346],
            [-83.476675999684872, 38.400257000080501],
            [-83.476756000050813, 38.400514999907401],
            [-83.47689199959494, 38.400864999805165],
            [-83.476971000135947, 38.401068000109881],
            [-83.477037000258207, 38.401238000238571],
            [-83.477047000303941, 38.40126400005736],
            [-83.477129000319721, 38.401382999866755],
            [-83.477209999612242, 38.401502000184244],
            [-83.477326999788104, 38.401527999908069],
            [-83.477437000291275, 38.401531000308793],
            [-83.477476999575941, 38.401533000341253],
            [-83.477601000322821, 38.401552000294664],
            [-83.477679999965531, 38.401565999812526],
            [-83.477939000431618, 38.401615000215621],
            [-83.478223000113744, 38.401707999797452],
            [-83.47846499996308, 38.401819999846595],
            [-83.478767000086876, 38.401995999673716],
            [-83.479019999806852, 38.402232000193379],
            [-83.479398999923546, 38.402409999729542],
            [-83.479663000412501, 38.402494999673742],
            [-83.479838000314686, 38.402550000164169],
            [-83.480079000339117, 38.402666000318838],
            [-83.480491999892678, 38.402888999741322],
            [-83.480542999946309, 38.402953999898081],
            [-83.480982000337434, 38.403013000022227],
            [-83.481164999737217, 38.403103000285896],
            [-83.481384000020341, 38.403346000297354],
            [-83.481551000424915, 38.403622000136359],
            [-83.481718999756083, 38.403912000096881],
            [-83.482025999902774, 38.404389999681861],
            [-83.48213700023085, 38.404452000321321],
            [-83.482287999843578, 38.404456000224506],
            [-83.482345999569901, 38.404447999713952],
            [-83.483472999874209, 38.404300000316738],
            [-83.483847999792928, 38.404142999740216],
            [-83.48415099974163, 38.403944999889973],
            [-83.484304999727428, 38.403940000327616],
            [-83.484963000401677, 38.404251000325893],
            [-83.485384000351161, 38.404495000324822],
            [-83.485534000138998, 38.404711999903043],
            [-83.485605000284096, 38.404850000162078],
            [-83.485612999781708, 38.404988999774034],
            [-83.485647999941804, 38.405056999704591],
            [-83.485718000261997, 38.405087000129853],
            [-83.485786999858973, 38.40506599976311],
            [-83.486352999573413, 38.404826000166572],
            [-83.486632000130967, 38.404758000018681],
            [-83.486911999615145, 38.40463199996892],
            [-83.487046000407773, 38.404531999750702],
            [-83.487232000180597, 38.40442899981781],
            [-83.487479000052829, 38.404345999990618],
            [-83.487751000039381, 38.404323000157341],
            [-83.488142999676526, 38.404398000198832],
            [-83.488303000408422, 38.404407000339354],
            [-83.4884079999904, 38.404347999945195],
            [-83.488638999969098, 38.404168999922049],
            [-83.48869099984762, 38.404144999700407],
            [-83.489065999766353, 38.404011000134972],
            [-83.489275999828621, 38.403891000092663],
            [-83.490904000448367, 38.403048999859585],
            [-83.491040999817415, 38.403011999674504],
            [-83.491118999635219, 38.403022999978859],
            [-83.491219999917561, 38.403084999678967],
            [-83.491342999941196, 38.403207999982612],
            [-83.491696000118623, 38.403585999880448],
            [-83.491987000371751, 38.403900999927821],
            [-83.492173999969509, 38.404018999989923],
            [-83.492496000184772, 38.404091999681334],
            [-83.492559999758882, 38.404089999719723],
            [-83.492793000285701, 38.404085999796294],
            [-83.493004999997808, 38.404024000250836],
            [-83.493945999630952, 38.403574999661778],
            [-83.494044000438578, 38.403525000246724],
            [-83.494417999634067, 38.403288999724857],
            [-83.494563000297347, 38.40302200033522],
            [-83.494739999849358, 38.402820999882998],
            [-83.49504100014822, 38.40262699993562],
            [-83.495200000156885, 38.402618999926624],
            [-83.495561999656829, 38.402696999976648],
            [-83.495999000398143, 38.402664999966319],
            [-83.496386000012421, 38.402532000123472],
            [-83.496817999832558, 38.402220999768652],
            [-83.497186999903505, 38.401794999888367],
            [-83.497433999775708, 38.401586999788172],
            [-83.497607999852988, 38.401550999926727],
            [-83.497873999991768, 38.401582000062724],
            [-83.498096999574528, 38.401717999934576],
            [-83.498370000284311, 38.401966000077465],
            [-83.49838500035294, 38.402015000209417],
            [-83.498411000292194, 38.402101999930835],
            [-83.49836500026143, 38.402997000088774],
            [-83.498436000406542, 38.403129999780013],
            [-83.498929000326058, 38.403587999855993],
            [-83.499357999773139, 38.40386299984295],
            [-83.499524000352807, 38.404003999909229],
            [-83.499578999706088, 38.40421299972104],
            [-83.499679999988416, 38.40449099971984],
            [-83.49989900027154, 38.40481300019502],
            [-83.5006859999189, 38.405039000288248],
            [-83.500741000170507, 38.40506300021304],
            [-83.501024999852618, 38.405193000077738],
            [-83.501214999823418, 38.405371000065614],
            [-83.501306999884932, 38.405499999767002],
            [-83.501346000242975, 38.405512000005821],
            [-83.50153600021379, 38.405659000129944],
            [-83.501771000390434, 38.40577000008301],
            [-83.50193200004891, 38.405905000214695],
            [-83.502470999999161, 38.406246000149302],
            [-83.502732000115074, 38.406293999893201],
            [-83.503180999653637, 38.406284999987648],
            [-83.503477999754551, 38.406154999975243],
            [-83.503606999626001, 38.40621600020512],
            [-83.503675000296369, 38.406316999803224],
            [-83.503682999793966, 38.406513999895644],
            [-83.503605999801081, 38.407387000349516],
            [-83.503759999786865, 38.407743999921017],
            [-83.504071000131489, 38.408098999990088],
            [-83.50464100004389, 38.408898000347364],
            [-83.505183000367197, 38.409420999744363],
            [-83.505299999644748, 38.409622999696055],
            [-83.505332000330114, 38.409744999881234],
            [-83.505325999584002, 38.409921000120164],
            [-83.505164999925526, 38.41047400015713],
            [-83.505181999643952, 38.410628000331833],
            [-83.505270000405815, 38.410841999782882],
            [-83.505487999965723, 38.411037999973964],
            [-83.506140999718795, 38.411352999921469],
            [-83.506621000117818, 38.411583999714097],
            [-83.507242999908755, 38.411782999979458],
            [-83.507499000001786, 38.411769000328846],
            [-83.507646000314878, 38.411692999966249],
            [-83.508067000264347, 38.411252000322477],
            [-83.508465999574213, 38.411176999650785],
            [-83.508782999766609, 38.411036000204518],
            [-83.509166000081265, 38.410791999763966],
            [-83.509381000166428, 38.410762999835661],
            [-83.509652000328074, 38.410806999843658],
            [-83.509922999591396, 38.410954999993841],
            [-83.510151999920254, 38.41104999999714],
            [-83.510356000134763, 38.411039000210593],
            [-83.510661999558195, 38.410832000204167],
            [-83.511938999650326, 38.410477000186539],
            [-83.512373999843518, 38.410405999692166],
            [-83.512604999822202, 38.41048600027397],
            [-83.512677999617139, 38.410625999847177],
            [-83.512656999700738, 38.411009000144375],
            [-83.512703999556408, 38.411261999843013],
            [-83.512682999640006, 38.411428999937812],
            [-83.512530000377453, 38.411685000256846],
            [-83.512219000032829, 38.411894999901861],
            [-83.511860000007616, 38.412146999796555],
            [-83.511630999678758, 38.412437000040185],
            [-83.511470000020282, 38.412685000004871],
            [-83.511361000240342, 38.413046999787596],
            [-83.511397000225358, 38.413473000215113],
            [-83.511440999707972, 38.413638999926398],
            [-83.511663000364123, 38.41405400035147],
            [-83.511818999999747, 38.414195999732478],
            [-83.51198700022924, 38.414393999652646],
            [-83.512315000292276, 38.414663000338507],
            [-83.512366000345921, 38.414716000347688],
            [-83.512520000331719, 38.414857999835384],
            [-83.512670999944447, 38.414959000024837],
            [-83.512851999694405, 38.415030999746151],
            [-83.512961000372655, 38.415026999724397],
            [-83.513229000161274, 38.41486800026464],
            [-83.513470000185691, 38.414850999956371],
            [-83.513953999884365, 38.414818000216094],
            [-83.514890000392967, 38.414678000318482],
            [-83.515492000092408, 38.414147000116373],
            [-83.515565999712265, 38.414035000165292],
            [-83.515701000329784, 38.41383299987735],
            [-83.515758000231187, 38.413574000229048],
            [-83.515763000254069, 38.41338900001238],
            [-83.515889999577354, 38.413167000112566],
            [-83.516031000042673, 38.412919999901192],
            [-83.516466000235866, 38.412549999868496],
            [-83.51751700037218, 38.411988000334048],
            [-83.518108000200968, 38.411654000230726],
            [-83.518340999829476, 38.411400999792868],
            [-83.518494999815275, 38.411024999711984],
            [-83.519303000277361, 38.410964000021735],
            [-83.519887000433442, 38.410962999784061],
            [-83.519946999809605, 38.410977999828305],
            [-83.520234999689677, 38.411053000002582],
            [-83.520279999895521, 38.411077000041956],
            [-83.520551000057168, 38.411221000110601],
            [-83.520745000225915, 38.411321000224063],
            [-83.520955000288211, 38.411300999790114],
            [-83.521850999715525, 38.410146999726329],
            [-83.522410999582178, 38.409266000255819],
            [-83.522489000298293, 38.409142999702993],
            [-83.522509000389803, 38.409113000257499],
            [-83.522736999995416, 38.409001999807522],
            [-83.52300099958606, 38.408758000242081],
            [-83.523307999732722, 38.408653999726852],
            [-83.523481999810002, 38.408677999859002],
            [-83.523506999924365, 38.408700000149153],
            [-83.523824000116761, 38.408975999956517],
            [-83.524255000111978, 38.409299999976824],
            [-83.52501699964499, 38.409871999716714],
            [-83.525316000294055, 38.410172999859945],
            [-83.525913999795549, 38.410380000346294],
            [-83.526121000383085, 38.410391000233105],
            [-83.52623500018592, 38.410437999794723],
            [-83.526333000095192, 38.410530999990371],
            [-83.52645199992088, 38.410788000211404],
            [-83.526615000127507, 38.410915000325573],
            [-83.526949000038343, 38.410980000303212],
            [-83.526985000023345, 38.410977000294679],
            [-83.527651000195235, 38.410950000212495],
            [-83.528128000221201, 38.411054000239005],
            [-83.528283000031905, 38.411185000120341],
            [-83.528310999620984, 38.411269000069723],
            [-83.528409000428596, 38.411463000048876],
            [-83.528113999977492, 38.41191399994694],
            [-83.52813700044203, 38.412010000320379],
            [-83.528312000344229, 38.412185999969893],
            [-83.528833999677715, 38.412277000292377],
            [-83.528859999616969, 38.412413999966269],
            [-83.528683999889878, 38.41291699997322],
            [-83.528681000415162, 38.412955999730954],
            [-83.528676000392281, 38.413012000212554],
            [-83.528729000095723, 38.413233999884717],
            [-83.528512000360749, 38.413989000323589],
            [-83.528257000092623, 38.414445999669702],
            [-83.527893000044543, 38.414645999982007],
            [-83.527600999966509, 38.414803999745821],
            [-83.52746100022442, 38.414991000222628],
            [-83.527402999599786, 38.415069000293514],
            [-83.52725899965975, 38.415261999746001],
            [-83.52708100028282, 38.415898999929134],
            [-83.526974999977611, 38.41610500003403],
            [-83.526903000007593, 38.416683999803865],
            [-83.527184000214987, 38.417616000030876],
            [-83.527363000315134, 38.417769000324576],
            [-83.527626999905777, 38.41785499994262],
            [-83.527925999656517, 38.417839999918399],
            [-83.528252999894661, 38.41787700025403],
            [-83.52832700041283, 38.417907000283996],
            [-83.528654999577569, 38.418037999705774],
            [-83.529499000024671, 38.418581000347444],
            [-83.529929000194969, 38.418611000085065],
            [-83.530244999664149, 38.418552000026224],
            [-83.530489000061635, 38.418506999674541],
            [-83.530838000041086, 38.418337000048204],
            [-83.531222000180648, 38.418083000349554],
            [-83.531679000115133, 38.417780999933726],
            [-83.532449000044082, 38.417420000087354],
            [-83.533244999912284, 38.41720299995697],
            [-83.533721999938251, 38.417099999783758],
            [-83.53395299991692, 38.417054999935317],
            [-83.534661999746504, 38.416872999949547],
            [-83.534780999572178, 38.41672600011362],
            [-83.534877999656558, 38.416604999909268],
            [-83.535146000343474, 38.41644199975579],
            [-83.535944999686421, 38.416254000054735],
            [-83.536512999948997, 38.416221000251412],
            [-83.536734999706837, 38.416272999657387],
            [-83.536904999586156, 38.416422000035482],
            [-83.537083999686317, 38.416692999822025],
            [-83.5371399997628, 38.416779000017101],
            [-83.537340999604254, 38.417065000060468],
            [-83.537379999962312, 38.417148000060401],
            [-83.537407999551405, 38.417154999716871],
            [-83.53749799996308, 38.417177999689244],
            [-83.537559999887378, 38.417172000186795],
            [-83.538076000271403, 38.417122999773696],
            [-83.538298999854163, 38.417139000098977],
            [-83.538327000341553, 38.41714699990834],
            [-83.539083000026793, 38.417351999824724],
            [-83.53959500021287, 38.417501000088969],
            [-83.539683999901342, 38.417534000011486],
            [-83.539986999850029, 38.417646000169164],
            [-83.540266000407613, 38.417749000267776],
            [-83.540564000333433, 38.417884999981723],
            [-83.540884000000588, 38.418027000279267],
            [-83.541034999613316, 38.418077999653818],
            [-83.54125100042171, 38.418258999986385],
            [-83.541448000065188, 38.418389000042623],
            [-83.541800000417695, 38.418607000261524],
            [-83.542079999901873, 38.418628000212365],
            [-83.542254999804044, 38.418623000258137],
            [-83.542736000027986, 38.418607999689598],
            [-83.543081999634396, 38.418532000186197],
            [-83.54355399963751, 38.418496999748989],
            [-83.543859999959253, 38.418533000319087],
            [-83.544243000273894, 38.418539999841357],
            [-83.544577000184731, 38.418471999929118],
            [-83.544634999911054, 38.418458000166936],
            [-83.544783999873971, 38.418411000191412],
            [-83.545353999786371, 38.418266000238987],
            [-83.545530000411787, 38.418271000217928],
            [-83.545789999804455, 38.418271000217928],
            [-83.545912999828118, 38.4183049999247],
            [-83.546305000363589, 38.418417999725463],
            [-83.546917999933697, 38.418579000082993],
            [-83.547657999725402, 38.418802999799915],
            [-83.548353000209573, 38.41898700010352],
            [-83.54840400026319, 38.419000999763192],
            [-83.548733000151174, 38.419106000291265],
            [-83.548760999740253, 38.41911399988286],
            [-83.548939999840414, 38.419174999730735],
            [-83.549174000192124, 38.419254000334092],
            [-83.549405999995741, 38.419332000025427],
            [-83.549426000087209, 38.419334999687052],
            [-83.54977599989158, 38.419393999810225],
            [-83.550088999886029, 38.419446999867873],
            [-83.550849999594121, 38.419634999705607],
            [-83.551457000214754, 38.419821000231586],
            [-83.551549000276268, 38.419850000043439],
            [-83.552274999824277, 38.419926000271666],
            [-83.552905000011123, 38.420139000225902],
            [-83.553597999947172, 38.420515000033078],
            [-83.554242000377727, 38.420966999831379],
            [-83.554664000152115, 38.421356000068336],
            [-83.554839999879206, 38.42140699990788],
            [-83.555158999721442, 38.421653999959908],
            [-83.555167999942256, 38.421721999692039],
            [-83.555188000033766, 38.421874999735017],
            [-83.5551980000795, 38.421953000115224],
            [-83.555295999988786, 38.422089999739953],
            [-83.555432000431225, 38.422112000169207],
            [-83.55562499987677, 38.422090999823581],
            [-83.555885000167763, 38.422210999906476],
            [-83.55630299974419, 38.422565999981494],
            [-83.55682300032619, 38.422865999953459],
            [-83.557252999598191, 38.423052999971816],
            [-83.557841999777153, 38.423371999879365],
            [-83.558451000047612, 38.423912999720592],
            [-83.559058999594839, 38.424096999675875],
            [-83.559380999810102, 38.42431899977057],
            [-83.559604000291174, 38.424330000350295],
            [-83.560190999922014, 38.424437000272277],
            [-83.560451000213007, 38.424566999766874],
            [-83.56090599959937, 38.424999000087773],
            [-83.56153499996131, 38.425292000235892],
            [-83.562169000346131, 38.425396000026652],
            [-83.562816000251402, 38.425423999674024],
            [-83.563044999681949, 38.425585999934313],
            [-83.56353599995164, 38.425997999906116],
            [-83.563718000424814, 38.426364999960015],
            [-83.56421399981906, 38.426561000264144],
            [-83.564455999668397, 38.426633999702915],
            [-83.564484000155801, 38.426641999868281],
            [-83.564658000233067, 38.426694000217879],
            [-83.56476100016522, 38.426687000078253],
            [-83.564838000158133, 38.426680999958045],
            [-83.564919000348979, 38.426660000237149],
            [-83.565197000183318, 38.426582000013816],
            [-83.565281999673829, 38.426559000220657],
            [-83.565341000123368, 38.426545999936522],
            [-83.565722999714794, 38.426462000155475],
            [-83.565876999700563, 38.426428000065478],
            [-83.566126000120931, 38.426404000199376],
            [-83.566336000183213, 38.426449999877164],
            [-83.566891000026985, 38.426579999970919],
            [-83.567125000378724, 38.426741999749424],
            [-83.567213000242276, 38.426913000020669],
            [-83.567384999771406, 38.42697699966412],
            [-83.567553000000871, 38.426959000078021],
            [-83.56791500039914, 38.42708499990146],
            [-83.56826600002843, 38.427244999930188],
            [-83.568379000006331, 38.427281999670804],
            [-83.56876700034384, 38.427426999822202],
            [-83.56887899959851, 38.427573999697863],
            [-83.568962000337507, 38.427744000104887],
            [-83.56919199959296, 38.427677999721205],
            [-83.569389000134763, 38.427657000290161],
            [-83.569650000250675, 38.427680999739927],
            [-83.569850000267223, 38.427756000168181],
            [-83.570214000315289, 38.42806299970178],
            [-83.57062699986885, 38.428226999669725],
            [-83.57083299973317, 38.428176999718943],
            [-83.571103000069911, 38.428009000334583],
            [-83.571708000142408, 38.428148999731405],
            [-83.571949999991745, 38.428587999694322],
            [-83.572877000279519, 38.429074999895569],
            [-83.573231000281837, 38.429134999789959],
            [-83.573608999675301, 38.429155000212774],
            [-83.57373199969895, 38.429009000024536],
            [-83.573892000430831, 38.428941000115657],
            [-83.57412500005934, 38.428958999911508],
            [-83.574459999795096, 38.429016999926802],
            [-83.57467599970515, 38.428803000124482],
            [-83.575053999996925, 38.428822999935562],
            [-83.575288000348664, 38.428785000289793],
            [-83.575372999839161, 38.429001000121374],
            [-83.57541600039518, 38.429229999813927],
            [-83.57552799964985, 38.42921000011556],
            [-83.575659000069422, 38.429394999929002],
            [-83.575755000328897, 38.4293979998764],
            [-83.576008999873793, 38.429174999926374],
            [-83.576146000141151, 38.429161000127436],
            [-83.576249000073318, 38.429385000103338],
            [-83.576468000356414, 38.429543999981895],
            [-83.576563999717578, 38.429551999824895],
            [-83.576882999559814, 38.429331000317255],
            [-83.577194999729343, 38.429341000150352],
            [-83.577256999653613, 38.42936399976125],
            [-83.577446999624428, 38.429446999703714],
            [-83.577535000386291, 38.429647999983061],
            [-83.57800300019143, 38.429661999687582],
            [-83.57820900005575, 38.429825000269936],
            [-83.578404999874323, 38.429803000078977],
            [-83.578433000361727, 38.429800000148354],
            [-83.578679000409039, 38.429640000150698],
            [-83.578926000281243, 38.429616999923979],
            [-83.578962000266245, 38.429762000312969],
            [-83.578860000158983, 38.429948000094491],
            [-83.57893399977884, 38.430116999866506],
            [-83.579081000091932, 38.430165999909661],
            [-83.579252999621076, 38.430084000062841],
            [-83.579414000177863, 38.429990999703392],
            [-83.579524999607628, 38.430006999993246],
            [-83.579664000423108, 38.430164999937844],
            [-83.579774999852887, 38.430178000274161],
            [-83.579827999556329, 38.430057000084368],
            [-83.579965999648593, 38.429934999716764],
            [-83.580095000418339, 38.42994300022017],
            [-83.580281000191178, 38.430072999655813],
            [-83.580565999698223, 38.430168999825021],
            [-83.580660000307859, 38.430558999727936],
            [-83.580804000247923, 38.430689000165714],
            [-83.581097999975782, 38.430734999929001],
            [-83.581164000098013, 38.430745000271386],
            [-83.58127899972574, 38.430879000222212],
            [-83.581318000083812, 38.431141000331998],
            [-83.581542000389788, 38.431230000085819],
            [-83.58161299963659, 38.431258000286157],
            [-83.581761999599507, 38.431473999757564],
            [-83.581837999767501, 38.431589999923737],
            [-83.581861000232024, 38.431768000325981],
            [-83.58187899977537, 38.431900999838035],
            [-83.581980000057698, 38.431946000289372],
            [-83.58205200002773, 38.431977999999098],
            [-83.582171999678337, 38.432030999970877],
            [-83.582210000211489, 38.432119000090324],
            [-83.58228800002928, 38.432298999776776],
            [-83.582312000318723, 38.432355000041191],
            [-83.582532000426752, 38.432408999676987],
            [-83.582692000260337, 38.432447000230518],
            [-83.582743000313954, 38.432614999845441],
            [-83.58270099958284, 38.432778000095055],
            [-83.582669999620705, 38.432897000079514],
            [-83.582508999962215, 38.432897000079514],
            [-83.582282000181507, 38.432781999837552],
            [-83.58224199999853, 38.432776000223747],
            [-83.582030000286423, 38.432814999815562],
            [-83.581979000232806, 38.432989000281893],
            [-83.582019000415769, 38.433127999944709],
            [-83.582036000134224, 38.433188999919807],
            [-83.582199000340822, 38.433228999921646],
            [-83.582307000295856, 38.433255000192418],
            [-83.58263899965857, 38.433257000050453],
            [-83.58269800010811, 38.433257999979453],
            [-83.582774000276089, 38.433316000060238],
            [-83.582816000108892, 38.433346999938699],
            [-83.582800000215357, 38.433584999946852],
            [-83.582708999978763, 38.433658999949216],
            [-83.582457000083679, 38.433665000193287],
            [-83.582420000273771, 38.433664000269921],
            [-83.582374000243007, 38.433874999978613],
            [-83.582536999551323, 38.434031999985429],
            [-83.582565999863633, 38.434226999971159],
            [-83.582493999893615, 38.434490999718967],
            [-83.58263600018384, 38.434521999796623],
            [-83.582719999849431, 38.434637000081885],
            [-83.582611000069463, 38.435075000102785],
            [-83.582565999863633, 38.435425000076265],
            [-83.58244799986285, 38.435624000106749],
            [-83.582243999648341, 38.43585399979807],
            [-83.582040000332171, 38.436081999680603],
            [-83.582001999799019, 38.436115000261339],
            [-83.581754000101895, 38.436329000206761],
            [-83.581703999873199, 38.436361999970927],
            [-83.581426999863751, 38.436550000109357],
            [-83.58142500021394, 38.436625999652044],
            [-83.581549000062495, 38.436751000318424],
            [-83.581597999567975, 38.436915000256469],
            [-83.581483999765169, 38.436984000273483],
            [-83.581472000069581, 38.437013000230365],
            [-83.581450000328289, 38.437064000271896],
            [-83.581631999903166, 38.437118999779585],
            [-83.581650000344837, 38.43713800022666],
            [-83.581751999553759, 38.43724799979104],
            [-83.581732000360574, 38.437333000267152],
            [-83.581395999901616, 38.437602999832563],
            [-83.581426000038832, 38.437665999984603],
            [-83.581520999575076, 38.437692000064835],
            [-83.581569000153976, 38.43770300001475],
            [-83.581727000337722, 38.437739000159027],
            [-83.581739000033295, 38.437804999790494],
            [-83.581747000429203, 38.437850999945688],
            [-83.581665000413437, 38.437956999671783],
            [-83.581529999795919, 38.437970999876185],
            [-83.581494999635808, 38.437975000034591],
            [-83.581294999619288, 38.438017999788727],
            [-83.581328000129545, 38.438204000115554],
            [-83.581347000396136, 38.438229000141888],
            [-83.581390000053815, 38.438284000169311],
            [-83.581443999582191, 38.438351999723082],
            [-83.581462999848767, 38.438424999907404],
            [-83.581492000161091, 38.438532999909796],
            [-83.581401999749403, 38.438634000065505],
            [-83.581179000166628, 38.438758000216751],
            [-83.580784999981333, 38.438792000130235],
            [-83.580504999598844, 38.438716999906603],
            [-83.580425999956148, 38.438696000167781],
            [-83.580332000244809, 38.43873299967003],
            [-83.580331000419889, 38.438781000346196],
            [-83.580327000221942, 38.438917999711265],
            [-83.580355999635927, 38.439033000030456],
            [-83.58038099975029, 38.439126999849314],
            [-83.580394999993999, 38.439181999896199],
            [-83.580417999560225, 38.439272000138359],
            [-83.580345999590193, 38.439344000251275],
            [-83.580251999878868, 38.439439000212204],
            [-83.580014000227479, 38.439444999975947],
            [-83.579969999846554, 38.439428999666696],
            [-83.57979900014233, 38.439363000112749],
            [-83.579582000407356, 38.43927799991593],
            [-83.579307000047748, 38.439348000333617],
            [-83.579245000123464, 38.439543999875411],
            [-83.579182000374274, 38.439727000270373],
            [-83.579050000129797, 38.439944000275894],
            [-83.578994000053285, 38.440001999910756],
            [-83.578985999657377, 38.440010000002275],
            [-83.578952000220497, 38.440044999864703],
            [-83.578932000129015, 38.440065000080018],
            [-83.578861999808822, 38.440137999939324],
            [-83.578815999778058, 38.440193999752431],
            [-83.578794000036766, 38.44022199999452],
            [-83.578691000104598, 38.440350000259237],
            [-83.578646999723674, 38.440405000077874],
            [-83.578563999882974, 38.440618999971356],
            [-83.578563999882974, 38.441065000261815],
            [-83.578636999677926, 38.44131900005069],
            [-83.578712000020985, 38.441374999651195],
            [-83.578749999655841, 38.441404999771137],
            [-83.578972000311978, 38.441571999835503],
            [-83.579003000274128, 38.441612000118013],
            [-83.579023000365623, 38.441638000184192],
            [-83.579064000373492, 38.441691999912891],
            [-83.579041999733889, 38.441744999789741],
            [-83.579038000434224, 38.441957000315121],
            [-83.578951000395591, 38.442040999660762],
            [-83.578881999900304, 38.442123999806029],
            [-83.578608000263898, 38.442191999964123],
            [-83.578354999645612, 38.442116999755051],
            [-83.578188999964254, 38.442034000305355],
            [-83.578012000412272, 38.441944999797535],
            [-83.577850999855457, 38.441863999769666],
            [-83.577691999846792, 38.441873000168158],
            [-83.577485000157566, 38.442072999821285],
            [-83.577623000249829, 38.442239999747414],
            [-83.577631999572347, 38.442371000063631],
            [-83.577219999843692, 38.442467000063829],
            [-83.577224999866573, 38.442601999870064],
            [-83.57688500010795, 38.442713999851286],
            [-83.5768390000772, 38.442883999792159],
            [-83.576731999947071, 38.442965999877117],
            [-83.576543999626082, 38.442883999792159],
            [-83.576321000043322, 38.442827999955171],
            [-83.576151000164018, 38.442913000193201],
            [-83.576138999570134, 38.443024999691843],
            [-83.576206000415596, 38.443153999703043],
            [-83.576489000272815, 38.443327999876558],
            [-83.576451999564583, 38.44347000010363],
            [-83.576213999913207, 38.443662999652126],
            [-83.575880999827277, 38.443580999655488],
            [-83.575823999925859, 38.443589999839823],
            [-83.575712999597783, 38.443606999715996],
            [-83.575531000022906, 38.443791000147144],
            [-83.575522999626997, 38.444007000115931],
            [-83.575407999999257, 38.444064000224621],
            [-83.575351000097854, 38.444083000250892],
            [-83.575276999579685, 38.444105000312071],
            [-83.575167999799746, 38.444135999779206],
            [-83.574864999851044, 38.444343999808758],
            [-83.57483200023907, 38.444455999901137],
            [-83.574843000109738, 38.444666999728625],
            [-83.574929000323465, 38.444790000300443],
            [-83.575111999723248, 38.444784000277387],
            [-83.575216000378632, 38.444749999668431],
            [-83.57534100005212, 38.444781000265699],
            [-83.575566000183002, 38.444836999994514],
            [-83.575873000329665, 38.444981000303848],
            [-83.576198999844593, 38.445132999849584],
            [-83.576223999958955, 38.445144999837119],
            [-83.57623800020265, 38.445194999998193],
            [-83.576228000156917, 38.445209000205949],
            [-83.576194999646617, 38.445254999864403],
            [-83.576182000126167, 38.445274000280655],
            [-83.576126999874575, 38.445349000023455],
            [-83.576058000277598, 38.445563000033843],
            [-83.576035999637966, 38.446134999675479],
            [-83.575905999941625, 38.446217000288193],
            [-83.575700000077305, 38.446382000277836],
            [-83.575729000389629, 38.44648099980914],
            [-83.575798999811497, 38.446541999758303],
            [-83.576223000134036, 38.446541000013291],
            [-83.576485999899774, 38.446809999869856],
            [-83.577017000352413, 38.44690700003769],
            [-83.577253000353963, 38.447007999732989],
            [-83.577280000118151, 38.447175999937087],
            [-83.577162999942288, 38.447361000149087],
            [-83.577173999812942, 38.447524000171036],
            [-83.577290000163899, 38.447613000131192],
            [-83.577506999898873, 38.447632999656591],
            [-83.577756000319226, 38.447667000314425],
            [-83.577903999558899, 38.447807000288506],
            [-83.577905000282129, 38.448018000168531],
            [-83.5777830000834, 38.448232999725121],
            [-83.577742000075517, 38.448305999765921],
            [-83.577905000282129, 38.448562000241083],
            [-83.578030999780509, 38.448770000178285],
            [-83.578039000176446, 38.448851000194544],
            [-83.578008000214282, 38.449007000282442],
            [-83.577865999924072, 38.449206000157602],
            [-83.577937000069184, 38.44941500005433],
            [-83.578091000054968, 38.44967600002802],
            [-83.578178000093601, 38.449873000067626],
            [-83.578240999842805, 38.450172000160826],
            [-83.578137000085732, 38.450303999842994],
            [-83.577979999726892, 38.450422000090008],
            [-83.578000999643294, 38.450551999935996],
            [-83.578060999917753, 38.450621999972569],
            [-83.578216999553362, 38.450801999955686],
            [-83.578250999888553, 38.450964999943871],
            [-83.578163000024986, 38.451239999680581],
            [-83.578117999819156, 38.451385000258128],
            [-83.578138999735557, 38.451416000115799],
            [-83.578185999591199, 38.451481000227886],
            [-83.578347000148014, 38.451531000220236],
            [-83.578378000110149, 38.451631000100868],
            [-83.578392000353844, 38.451676000213006],
            [-83.578147000131466, 38.452097999945828],
            [-83.578084000382276, 38.45220799992746],
            [-83.578091000054968, 38.452230000325713],
            [-83.578116000169331, 38.452327999908015],
            [-83.57812799986489, 38.452375999985001],
            [-83.578228000322326, 38.452478000130668],
            [-83.578383999957921, 38.452520999686705],
            [-83.578575999578561, 38.452582000158259],
            [-83.579072999696024, 38.452561000232386],
            [-83.579341000382925, 38.452655000020449],
            [-83.579425999873436, 38.452791999784075],
            [-83.579387000413689, 38.452980000042771],
            [-83.579423000398705, 38.453159000118262],
            [-83.579466000056385, 38.453339999754782],
            [-83.579486000147895, 38.453595999957948],
            [-83.57951700011003, 38.454007000143079],
            [-83.579329999613961, 38.454249000231854],
            [-83.579310000420804, 38.454307999967646],
            [-83.579292999804039, 38.454360000088258],
            [-83.57921800035929, 38.454578999684323],
            [-83.579143999841122, 38.454696000342828],
            [-83.579023000365623, 38.454887999785754],
            [-83.578973999961818, 38.455046999772982],
            [-83.578921000258362, 38.455219000161051],
            [-83.578758000051749, 38.455382000019505],
            [-83.578706999998118, 38.455432999744183],
            [-83.578439000209514, 38.455486999703027],
            [-83.578323999683477, 38.455480000244769],
            [-83.578224999949271, 38.455469000190234],
            [-83.577947000114918, 38.455443000182534],
            [-83.577707999740326, 38.455512000074165],
            [-83.577532000013221, 38.455628000303989],
            [-83.577417000385495, 38.455704999777431],
            [-83.577168999790061, 38.455871000199004],
            [-83.577133999629964, 38.455964999895414],
            [-83.577101000018018, 38.456057000243078],
            [-83.5771210001095, 38.456215999764346],
            [-83.577145000398943, 38.456395000252876],
            [-83.577157999919407, 38.456492000198473],
            [-83.577142999850807, 38.456585000183367],
            [-83.577087999599215, 38.456651999772909],
            [-83.576992000238079, 38.456759999935748],
            [-83.576843000275161, 38.456927999945897],
            [-83.576791000396597, 38.457187999876993],
            [-83.57690199982639, 38.457389000296168],
            [-83.577127999782192, 38.457621000160771],
            [-83.577142000025887, 38.457688999785674],
            [-83.577188999881557, 38.457907000240546],
            [-83.577331999996687, 38.458145000165672],
            [-83.577501000051086, 38.458398000052597],
            [-83.577958999810505, 38.458560000184306],
            [-83.578014000062083, 38.458718999816512],
            [-83.577938999718995, 38.459006000039544],
            [-83.577850000030551, 38.459349000249411],
            [-83.577877999619631, 38.459461000266195],
            [-83.577913999604647, 38.459602999698291],
            [-83.578059000267913, 38.459784000050348],
            [-83.578342999950053, 38.459864000100112],
            [-83.57847500019453, 38.460263999721434],
            [-83.578727000089614, 38.460659000081122],
            [-83.578903999641611, 38.461331999681072],
            [-83.579106000206281, 38.461602000205588],
            [-83.579553000095032, 38.46189899975591],
            [-83.579887000005883, 38.461954000033423],
            [-83.580203000373373, 38.461889000212508],
            [-83.580569999896184, 38.461658999780703],
            [-83.580852999753404, 38.461529999789384],
            [-83.58100900028731, 38.461581000091627],
            [-83.581210999953683, 38.461845999909215],
            [-83.581369999962348, 38.462056000002185],
            [-83.58156300030619, 38.462209999916297],
            [-83.58170499969809, 38.46227399992091],
            [-83.581889999646023, 38.462371999927775],
            [-83.582587999604925, 38.462460999861754],
            [-83.582601999848649, 38.462631999932469],
            [-83.582238999625488, 38.462964000166721],
            [-83.582045000355038, 38.463264999899316],
            [-83.582036999959115, 38.463348999764129],
            [-83.581983000430753, 38.463922000000046],
            [-83.581939000049829, 38.464083999683197],
            [-83.581871000277758, 38.464183000248312],
            [-83.581703000048279, 38.464265000045081],
            [-83.581405000122444, 38.464401000068605],
            [-83.581226000022312, 38.464461000142272],
            [-83.580647999713989, 38.464560999685219],
            [-83.580352000336276, 38.464727000125578],
            [-83.580270000320525, 38.464784000044602],
            [-83.580154999794473, 38.464923999864304],
            [-83.580195999802356, 38.465036999857176],
            [-83.580306000305541, 38.465209000340586],
            [-83.58054099958386, 38.46532899979703],
            [-83.580877999867738, 38.465366999899764],
            [-83.581081000257342, 38.465394000034614],
            [-83.581568000329071, 38.465481000087884],
            [-83.582406000030062, 38.465540999966436],
            [-83.582446000213025, 38.465676999693891],
            [-83.582365999847084, 38.466012999989779],
            [-83.582536999551323, 38.466138999873031],
            [-83.583036000216907, 38.466432999916677],
            [-83.583037000041813, 38.466640000211683],
            [-83.582749999986646, 38.466979000033312],
            [-83.582637000008731, 38.46736299984213],
            [-83.583020000323401, 38.468116999675495],
            [-83.583004000429852, 38.468476999809639],
            [-83.583103000164058, 38.468772000308824],
            [-83.583278000066258, 38.468889999889242],
            [-83.583627999870629, 38.46892300023805],
            [-83.583944000238105, 38.468811000143845],
            [-83.584196999958095, 38.46864700024463],
            [-83.584501999556622, 38.468611000045279],
            [-83.584827000144955, 38.468712000305047],
            [-83.584936999749814, 38.468745000031966],
            [-83.584965000237219, 38.468793999875665],
            [-83.585053999925663, 38.468857999664472],
            [-83.585104999979293, 38.468908000273224],
            [-83.585185000345234, 38.469045000117625],
            [-83.585129000268736, 38.469229999817927],
            [-83.585041000405184, 38.469292999789978],
            [-83.584956999841282, 38.469350999749118],
            [-83.584755000174937, 38.469473999738504],
            [-83.584602000014058, 38.469549000349531],
            [-83.584437000157607, 38.469630999671708],
            [-83.584181000064575, 38.469765999999467],
            [-83.583919000123757, 38.469908999664646],
            [-83.58377000016084, 38.469989999860694],
            [-83.583526999588273, 38.470060000026265],
            [-83.583329999944795, 38.469935000084824],
            [-83.583206000096226, 38.469797999821303],
            [-83.58306200015619, 38.469701000185779],
            [-83.582976999767368, 38.469642999804869],
            [-83.582857000116761, 38.469603999716483],
            [-83.582723000222472, 38.469599999904595],
            [-83.582580000107328, 38.469707999670788],
            [-83.582487000220922, 38.470006999846859],
            [-83.58258699978002, 38.4703480002538],
            [-83.582930999736618, 38.470839999886337],
            [-83.582804000413333, 38.470937000099603],
            [-83.582560000015846, 38.471158000221379],
            [-83.582617999742169, 38.471385000290489],
            [-83.582800000215357, 38.471434999850281],
            [-83.583128000278421, 38.471431000139958],
            [-83.583693000167941, 38.471339999813118],
            [-83.584083000155289, 38.471381999978256],
            [-83.584261000430516, 38.471571999816803],
            [-83.584329000202587, 38.471920999925985],
            [-83.584421000264086, 38.472067999915751],
            [-83.584940000122856, 38.472082999926542],
            [-83.585233000025823, 38.472366000061434],
            [-83.585573999609352, 38.472853999655662],
            [-83.585998999756796, 38.473165999775205],
            [-83.586469000110085, 38.473334000254141],
            [-83.587110999992504, 38.473482000251245],
            [-83.587961000287379, 38.473715999835846],
            [-83.588485000169015, 38.473830000187853],
            [-83.588711999949737, 38.473862000316004],
            [-83.588840999821159, 38.47387800002307],
            [-83.58911299980771, 38.473893999726599],
            [-83.589239000204415, 38.473902000280304],
            [-83.589390999642077, 38.473931000170275],
            [-83.589502999795073, 38.473976999801984],
            [-83.589587000358975, 38.474079000348432],
            [-83.589564999719343, 38.474230999778058],
            [-83.589402000411042, 38.474409999866047],
            [-83.589245000052202, 38.474536999906441],
            [-83.588896999897656, 38.474767000058087],
            [-83.588540000420608, 38.475003999853477],
            [-83.588059000196665, 38.47532000000971],
            [-83.588019000013702, 38.475347999983448],
            [-83.587755000423044, 38.475614999940333],
            [-83.587712999691931, 38.475883999695014],
            [-83.58777399979131, 38.47609499973872],
            [-83.58789900036308, 38.476303999796478],
            [-83.588069000242399, 38.476511999918635],
            [-83.58851600013115, 38.477015999997846],
            [-83.588576000405595, 38.477144999715492],
            [-83.588561000336995, 38.477359999669616],
            [-83.588439999963157, 38.477506999821919],
            [-83.588287999627198, 38.477618999770272],
            [-83.588133999641414, 38.477730000231816],
            [-83.587928999601999, 38.47793299968977],
            [-83.587650999767661, 38.478212000031704],
            [-83.587028999976724, 38.478804000336588],
            [-83.586712999609219, 38.47912499999434],
            [-83.586582000087986, 38.479384000082682],
            [-83.586404999637651, 38.479766999944111],
            [-83.586228000085654, 38.480114999781406],
            [-83.585909000243419, 38.48051400032211],
            [-83.585746999861712, 38.480717999650061],
            [-83.5857240002955, 38.480747000314331],
            [-83.585643000104625, 38.480847999747965],
            [-83.585469000027359, 38.481065999818611],
            [-83.58522100033025, 38.481376000331991],
            [-83.585001000222206, 38.48165200012081],
            [-83.585001000222206, 38.481900000028396],
            [-83.585002999872046, 38.48191300018717],
            [-83.585006000245102, 38.481933000048173],
            [-83.585046000428065, 38.482193999800167],
            [-83.585192000017926, 38.482410000116801],
            [-83.585571999959527, 38.482511000033028],
            [-83.585997999931877, 38.4824419999524],
            [-83.586781000279601, 38.482078000105169],
            [-83.587243000236967, 38.481893000320554],
            [-83.588158999755777, 38.481685000254139],
            [-83.588496000039669, 38.481642999762194],
            [-83.588875999981255, 38.481598000061851],
            [-83.58911299980771, 38.481710999943672],
            [-83.589198000196532, 38.481751999732516],
            [-83.589415999756426, 38.481984999942121],
            [-83.589685000268261, 38.482277000164451],
            [-83.589927999942503, 38.482668999652859],
            [-83.589968999950372, 38.483125000307403],
            [-83.58982400018543, 38.483419000004695],
            [-83.589537000130235, 38.483587999730339],
            [-83.589267999618428, 38.483672999762987],
            [-83.588736000239166, 38.483772000154438],
            [-83.588219000030236, 38.483852000314599],
            [-83.587699000346547, 38.483989999819606],
            [-83.587465999819727, 38.484053000254853],
            [-83.587448000276382, 38.484067999881539],
            [-83.587343999620998, 38.484159000315927],
            [-83.587186000335549, 38.484296999936291],
            [-83.587086999703047, 38.484476000344451],
            [-83.587029999801643, 38.484579999941353],
            [-83.587003999862375, 38.484626999730288],
            [-83.586979999572918, 38.48471800016199],
            [-83.586931000067437, 38.484896000311068],
            [-83.586922999671515, 38.484928999662294],
            [-83.587008000060337, 38.485245999819888],
            [-83.587233000191233, 38.48543800020672],
            [-83.58738200015415, 38.485591000203641],
            [-83.587596000414393, 38.485632999801325],
            [-83.587783999837043, 38.485638000036388],
            [-83.587839999913541, 38.485635000317266],
            [-83.588000999572017, 38.48562699965936],
            [-83.588142000037337, 38.485618999703739],
            [-83.588233000273931, 38.485614000170528],
            [-83.58840499980306, 38.485605000306613],
            [-83.588551000291247, 38.485597000348562],
            [-83.588732000041205, 38.485569000136735],
            [-83.589158999838489, 38.485503999804031],
            [-83.589487999726444, 38.485454000157254],
            [-83.590085000301329, 38.485362999951704],
            [-83.590568000175097, 38.485377000098957],
            [-83.591531000447873, 38.485453000248341],
            [-83.592065000375271, 38.485499000262799],
            [-83.592176999629942, 38.485509000048054],
            [-83.592620000219043, 38.485644000177388],
            [-83.592914999771821, 38.485852000069237],
            [-83.593110999590408, 38.486081000080652],
            [-83.593191999781254, 38.486296000101575],
            [-83.593201000002082, 38.48650600000974],
            [-83.593206999849883, 38.486643000165735],
            [-83.593215000245792, 38.486811000176061],
            [-83.593216999895617, 38.48686300006645],
            [-83.593226000116445, 38.487069000182764],
            [-83.593231000139326, 38.487171999668519],
            [-83.593242000009965, 38.487254000041382],
            [-83.593247999857766, 38.487290000072647],
            [-83.593279999644807, 38.487509000227242],
            [-83.593293000063596, 38.487594999733496],
            [-83.59330300010933, 38.487668999896925],
            [-83.593312000330172, 38.487696000118191],
            [-83.593344999942133, 38.487806999827711],
            [-83.593370999881401, 38.487894000259658],
            [-83.593417999737071, 38.488046999964425],
            [-83.593472000163757, 38.488238000049918],
            [-83.593466000315956, 38.488464999776646],
            [-83.593457000095128, 38.488667999939459],
            [-83.593334999896385, 38.489030999691764],
            [-83.59324100018506, 38.489181000223468],
            [-83.59311399996345, 38.489387999895996],
            [-83.592821000060496, 38.489577000239386],
            [-83.592487999974566, 38.489654999879441],
            [-83.592262999843669, 38.489705000127159],
            [-83.591760999703325, 38.489663999940646],
            [-83.59131600036271, 38.489521999937622],
            [-83.59073300003152, 38.489337000276436],
            [-83.590546000433804, 38.489304000131121],
            [-83.590423000410141, 38.489283000350405],
            [-83.590291999990583, 38.489364999727371],
            [-83.590270000249262, 38.489575999684533],
            [-83.590281999944821, 38.489701999874185],
            [-83.590450000174314, 38.489932000154461],
            [-83.590851999857236, 38.490343999829918],
            [-83.591164000026765, 38.490508000294518],
            [-83.591313999814588, 38.490550999677126],
            [-83.591678999687574, 38.49065500035077],
            [-83.592015999971466, 38.49068899971364],
            [-83.592148000215943, 38.490695999973397],
            [-83.592570999815237, 38.490714999670573],
            [-83.592694999663806, 38.490699000184982],
            [-83.592800000144095, 38.490684999665383],
            [-83.593122000359386, 38.490641999659545],
            [-83.593190000131429, 38.490632999720489],
            [-83.59346100029309, 38.490545999782945],
            [-83.593796999853765, 38.490436999753328],
            [-83.593869999648689, 38.490413000079442],
            [-83.593965000083244, 38.490382000107992],
            [-83.594005000266222, 38.490369000070636],
            [-83.594287000298522, 38.490277999743448],
            [-83.594493000162842, 38.490240999956107],
            [-83.594955000120208, 38.490158000326154],
            [-83.595284000008178, 38.490149000326646],
            [-83.595419999552306, 38.490145000248397],
            [-83.595791000171388, 38.490248000259392],
            [-83.596387999847963, 38.490526000202685],
            [-83.596440999551419, 38.490550999677126],
            [-83.596823000041141, 38.490730000020058],
            [-83.597079000134187, 38.490904000048921],
            [-83.597176000218553, 38.490970000265143],
            [-83.597274000127854, 38.491143999714438],
            [-83.59719799995986, 38.491313000308814],
            [-83.59705499984473, 38.491441999751039],
            [-83.596874000094758, 38.491605000002288],
            [-83.596433999878712, 38.491936999718668],
            [-83.595646000406433, 38.49251600013811],
            [-83.595403999658771, 38.492628999775661],
            [-83.595351999780249, 38.492653000117606],
            [-83.595073000120991, 38.492819999668534],
            [-83.59488399997511, 38.492934000040648],
            [-83.594811000180158, 38.492977999889341],
            [-83.59423799989473, 38.493199999738678],
            [-83.594169000297754, 38.493258999951003],
            [-83.593930999748068, 38.493461000168971],
            [-83.593736999579306, 38.493765999724253],
            [-83.593640000393236, 38.494038999800964],
            [-83.593709999815104, 38.494287999756942],
            [-83.593866000349038, 38.494499999845971],
            [-83.594194000412102, 38.494648999757437],
            [-83.594453999804799, 38.494750000097866],
            [-83.594576999828433, 38.494798999843027],
            [-83.594719999943564, 38.494858000152092],
            [-83.59527499978735, 38.494924000261754],
            [-83.595592999804666, 38.494896999936572],
            [-83.595863000141406, 38.494856999670574],
            [-83.595960000225787, 38.494842000180292],
            [-83.596280999717834, 38.494795000022933],
            [-83.596550000229669, 38.494760999785271],
            [-83.596637000268302, 38.494750999877773],
            [-83.596698000367667, 38.494738999705639],
            [-83.596833000086875, 38.49471299979465],
            [-83.596936000019042, 38.49469299996489],
            [-83.597026000430731, 38.494670000083531],
            [-83.597122999616801, 38.494645999710322],
            [-83.597141999883377, 38.494641000100323],
            [-83.597222000249317, 38.494621000250589],
            [-83.597317999610468, 38.494596000079063],
            [-83.597393999778461, 38.494576999999154],
            [-83.597438999984291, 38.494566000283605],
            [-83.597640999650665, 38.49451200005786],
            [-83.597695999902243, 38.494496999792666],
            [-83.59790599996451, 38.494440999946882],
            [-83.597933999553618, 38.494434000050973],
            [-83.59831900041641, 38.494408000029907],
            [-83.5984259996482, 38.494417999985011],
            [-83.598623000190003, 38.494434999835264],
            [-83.598982000215216, 38.494382999784428],
            [-83.599249000178901, 38.494421999826088],
            [-83.599501999898891, 38.49454700019578],
            [-83.599599999808191, 38.494657999897953],
            [-83.599662999557367, 38.494731000058572],
            [-83.599747000121269, 38.494811999784226],
            [-83.599845999855475, 38.494908000304619],
            [-83.600014999909874, 38.495025999992698],
            [-83.600049000245065, 38.495048999760456],
            [-83.600342999972938, 38.495184000297229],
            [-83.600584999822289, 38.495327000162916],
            [-83.600647999571478, 38.495364999922138],
            [-83.600681000081735, 38.495383999794228],
            [-83.600734999610097, 38.495416000196556],
            [-83.600763000097501, 38.495435000055195],
            [-83.601039000282029, 38.49561899975923],
            [-83.601142000214196, 38.495689000348584],
            [-83.60129600019998, 38.495887000321545],
            [-83.601471000102151, 38.496157999871087],
            [-83.601430999919188, 38.496387000174529],
            [-83.601368000169998, 38.49658300012625],
            [-83.601257999666828, 38.496808999824736],
            [-83.601199999940505, 38.496881000164642],
            [-83.601000999748877, 38.497077999926084],
            [-83.600876000075417, 38.497200999710913],
            [-83.600741000356194, 38.497323999988787],
            [-83.60050600017955, 38.497537000024728],
            [-83.600455999950839, 38.49758300005869],
            [-83.600402000422477, 38.497645000119157],
            [-83.60020599970558, 38.497868000088303],
            [-83.600111000169349, 38.497969999869305],
            [-83.600076999834172, 38.498006000171081],
            [-83.600028000328663, 38.498059999886969],
            [-83.599998000191434, 38.498091000070133],
            [-83.599891999886239, 38.498215999698147],
            [-83.599153999744345, 38.498617999736574],
            [-83.598860000016472, 38.498793999848253],
            [-83.598633000235751, 38.499001000024556],
            [-83.598322999716046, 38.499296000049348],
            [-83.598212000286281, 38.499570999687442],
            [-83.598129000445596, 38.499816999673058],
            [-83.598116999851726, 38.499955000240227],
            [-83.598100999958191, 38.500123000145926],
            [-83.598111999828845, 38.500294000174812],
            [-83.598137999768113, 38.500583999924793],
            [-83.598258000317031, 38.500952999671384],
            [-83.598481999724697, 38.501323000028378],
            [-83.598624999839842, 38.501516000146196],
            [-83.598757999909211, 38.501650999811972],
            [-83.598921000115851, 38.501787999995216],
            [-83.599188999904442, 38.501992000262412],
            [-83.599315000301132, 38.502041000002741],
            [-83.5994180002333, 38.502062000282969],
            [-83.599583000089737, 38.502097999945704],
            [-83.599808000220648, 38.502078000057217],
            [-83.600075000184333, 38.502008000052157],
            [-83.600249000261613, 38.501935000235626],
            [-83.600614000134584, 38.501781000110235],
            [-83.601092999810376, 38.501596999976044],
            [-83.601522999980702, 38.501484000344568],
            [-83.601986999587879, 38.501352999822032],
            [-83.60246000031421, 38.501191000225532],
            [-83.602862999822023, 38.501071999695249],
            [-83.603005999937167, 38.501011999861419],
            [-83.603144000029431, 38.500954000068241],
            [-83.603606999811689, 38.500746000183526],
            [-83.604048999677573, 38.500489000341361],
            [-83.6044169999236, 38.50027599989486],
            [-83.604579000305307, 38.500206999951814],
            [-83.60474599981157, 38.500102999708986],
            [-83.605042000087579, 38.499958999773831],
            [-83.605167999585959, 38.499945000350628],
            [-83.60540699996055, 38.499975000015176],
            [-83.605576000014977, 38.500037999832472],
            [-83.605626000243674, 38.50008099985471],
            [-83.605704000061479, 38.500149999918449],
            [-83.605822999887181, 38.500495999648919],
            [-83.605810000366688, 38.500829000270372],
            [-83.605683999969997, 38.501207999883505],
            [-83.605631000266555, 38.501280999733901],
            [-83.605418999656138, 38.501572000116383],
            [-83.605267000218475, 38.501741999834493],
            [-83.605018999623042, 38.502034000142345],
            [-83.604770000101027, 38.502384999737686],
            [-83.604503000137314, 38.502745999936671],
            [-83.604327000410223, 38.50308300006094],
            [-83.604170000051397, 38.503308000092154],
            [-83.60396199963894, 38.503555999987043],
            [-83.603781999713888, 38.503776000267528],
            [-83.603656000215494, 38.503971999797983],
            [-83.603571999651592, 38.504104000128088],
            [-83.603513000100364, 38.50419499986323],
            [-83.603250000334626, 38.504583000348504],
            [-83.60313900000655, 38.50479999997652],
            [-83.603055000340959, 38.504986999980289],
            [-83.603043999572009, 38.505180000121548],
            [-83.603089999602759, 38.505276999815131],
            [-83.603123999937935, 38.505349000126486],
            [-83.603258999657143, 38.505465999951646],
            [-83.603381999680792, 38.505498999723741],
            [-83.603555999758072, 38.505543999963784],
            [-83.603739000056166, 38.505593000099495],
            [-83.603857999881868, 38.505608000163058],
            [-83.604258999739855, 38.505678000184034],
            [-83.604456000281672, 38.505716999734361],
            [-83.605278999914049, 38.505902999840828],
            [-83.605699000038612, 38.505821000306625],
            [-83.605791000100126, 38.505770999996159],
            [-83.605924000169509, 38.505697999775826],
            [-83.606037999972344, 38.505636999949012],
            [-83.606229999592941, 38.505462000020856],
            [-83.606376999906047, 38.505345000189195],
            [-83.606487000409231, 38.505299000191307],
            [-83.606613999732517, 38.505307000070772],
            [-83.60676400041865, 38.505433000164381],
            [-83.606769000441517, 38.505511000212316],
            [-83.606818999771903, 38.506178000263219],
            [-83.60685700030507, 38.506256000207166],
            [-83.606899999962778, 38.506347000035042],
            [-83.60701700013864, 38.506481000167035],
            [-83.607177999797116, 38.506516000113237],
            [-83.607392999882279, 38.506508999984746],
            [-83.607597999921694, 38.506501999855622],
            [-83.607848999991845, 38.506455999893781],
            [-83.607967999817546, 38.506382000046372],
            [-83.608063000252088, 38.506262999657288],
            [-83.60810599990981, 38.506035000146539],
            [-83.607997000129856, 38.505381999952192],
            [-83.607909000266318, 38.504938999773756],
            [-83.607857000387767, 38.504556000128744],
            [-83.607783999694519, 38.504013000277908],
            [-83.607741000036825, 38.503693000061709],
            [-83.607724000318385, 38.503329999663791],
            [-83.607793999740267, 38.503070999870793],
            [-83.607901999695301, 38.502879999738937],
            [-83.608004999627454, 38.502698000345575],
            [-83.608137999696865, 38.502573000059328],
            [-83.608324000368, 38.502407000294291],
            [-83.608584999585602, 38.502269000206894],
            [-83.608948999633668, 38.502184999993645],
            [-83.609497999629653, 38.502145999936651],
            [-83.61035899979521, 38.502082000175953],
            [-83.610949999623983, 38.502032000081648],
            [-83.611349999657079, 38.502034999821113],
            [-83.611716000253281, 38.502034999821113],
            [-83.611841999751661, 38.502036000202935],
            [-83.612143000050551, 38.502060999901559],
            [-83.612419000235064, 38.502084999913336],
            [-83.613024000307576, 38.502147999994193],
            [-83.613201999684478, 38.502172999653872],
            [-83.61374599965761, 38.502386999788577],
            [-83.613974999986468, 38.502532999837527],
            [-83.614862000091279, 38.502944999862763],
            [-83.615289999713454, 38.503137999852285],
            [-83.615514999844351, 38.503273999654446],
            [-83.615736999602191, 38.503498999791979],
            [-83.615818999617957, 38.503740000037546],
            [-83.615859999625826, 38.504025000311103],
            [-83.615961999733088, 38.504194000214447],
            [-83.616097000350607, 38.504280000191848],
            [-83.616326999606073, 38.50432299979056],
            [-83.616634999577656, 38.504376999691679],
            [-83.617080999641473, 38.504451999838608],
            [-83.617366000046829, 38.504483000082757],
            [-83.617567999713188, 38.504499999666734],
            [-83.618074999876384, 38.504508000337943],
            [-83.618113000409551, 38.504508999982427],
            [-83.61856899962082, 38.504459000167053],
            [-83.618875999767482, 38.504455000180279],
            [-83.619382000105773, 38.504550000156634],
            [-83.619571000251653, 38.504568999715048],
            [-83.620054999950341, 38.504615000179214],
            [-83.621031999568501, 38.504656999935506],
            [-83.621338999715164, 38.50453499987271],
            [-83.621522999838177, 38.504413999951979],
            [-83.621655000082654, 38.50432699978461],
            [-83.62208400042806, 38.504232000217101],
            [-83.622488999585698, 38.504184000210358],
            [-83.623116000297813, 38.504110000137352],
            [-83.623496000239413, 38.504060999695618],
            [-83.623564000011456, 38.504040999649227],
            [-83.624016999747994, 38.503896000201216],
            [-83.62416300023618, 38.503805000088235],
            [-83.624398000412825, 38.503703999789572],
            [-83.624606999751876, 38.503652000102612],
            [-83.624735999623326, 38.50364000000728],
            [-83.624754999889888, 38.503637999991234],
            [-83.624925999594112, 38.503660999821285],
            [-83.625103999869339, 38.503678999958289],
            [-83.625119999762873, 38.503680000317281],
            [-83.625355999764423, 38.503750000103231],
            [-83.625621000078297, 38.503910999915234],
            [-83.625938000270693, 38.504248999860323],
            [-83.62600600004275, 38.504358000082554],
            [-83.626288999899955, 38.504807999911463],
            [-83.626315999664158, 38.504846000293135],
            [-83.626473999847889, 38.505062000194961],
            [-83.626497000312426, 38.505083000297326],
            [-83.626771999773737, 38.505339999915769],
            [-83.626808999583659, 38.505387000222704],
            [-83.626955999896765, 38.505568000220947],
            [-83.626998999554445, 38.505621999891488],
            [-83.627084999768172, 38.505712000189746],
            [-83.627191999898301, 38.505825000217527],
            [-83.627213999639622, 38.505840000232766],
            [-83.627772999681341, 38.506230999855795],
            [-83.628054999713655, 38.506413000162709],
            [-83.628350999989664, 38.506613000116225],
            [-83.628586000166308, 38.506739000033761],
            [-83.628755000220707, 38.506829999954213],
            [-83.628931999772718, 38.506929999772858],
            [-83.629452000354704, 38.50710500035148],
            [-83.629587000073926, 38.507150999898762],
            [-83.629869000106225, 38.50716100019374],
            [-83.630012000221356, 38.507139999994408],
            [-83.630454000087227, 38.507078999983086],
            [-83.630769999556421, 38.507035999921044],
            [-83.630881999709402, 38.507021000154914],
            [-83.631207000297721, 38.50707300022119],
            [-83.631367999956225, 38.507141999913202],
            [-83.6316829996005, 38.507272000141583],
            [-83.632017000409647, 38.507341999950995],
            [-83.632141000258201, 38.507395999697259],
            [-83.632260000083889, 38.507455999836495],
            [-83.632387000305499, 38.507565000125496],
            [-83.632486999864611, 38.507918999674615],
            [-83.632510000329134, 38.508316000321585],
            [-83.632496999910359, 38.508445000246603],
            [-83.632485000214785, 38.508568000303171],
            [-83.632385999582254, 38.508759000111766],
            [-83.632250999863061, 38.508903000026258],
            [-83.632085000181718, 38.509079999892755],
            [-83.63188400034025, 38.509295000170027],
            [-83.631589999714066, 38.509529000164008],
            [-83.631307999681766, 38.509709000020408],
            [-83.630853000295403, 38.509899000044584],
            [-83.630415999554074, 38.509983999967048],
            [-83.629725000166189, 38.510117000090993],
            [-83.629171999972229, 38.510188999780802],
            [-83.62884200025934, 38.510225000301624],
            [-83.628561999876865, 38.510227999699829],
            [-83.628320000027514, 38.510282000093596],
            [-83.628002000010198, 38.510398000073593],
            [-83.627719999977899, 38.510534999785001],
            [-83.627480999603293, 38.510625999828925],
            [-83.62723899975397, 38.510663999952236],
            [-83.626908000216162, 38.51064100024994],
            [-83.62666899984157, 38.510719999838493],
            [-83.626338000303775, 38.510935999694617],
            [-83.626222999777738, 38.511121000123666],
            [-83.626077000187877, 38.51162600020487],
            [-83.626058999746206, 38.511937000226936],
            [-83.626099999754089, 38.512177000109915],
            [-83.626179000295124, 38.512371000197916],
            [-83.62635199964916, 38.512659000052999],
            [-83.626707000374708, 38.513184999738797],
            [-83.62709599963884, 38.513542999959618],
            [-83.627708000282325, 38.513897000343839],
            [-83.628103000292555, 38.514125999776383],
            [-83.628311999631592, 38.51423899995546],
            [-83.628809999573974, 38.514475999972554],
            [-83.629245999592072, 38.514612999656286],
            [-83.629747999732416, 38.514777999898925],
            [-83.63051099998863, 38.515029000258558],
            [-83.63098999966445, 38.515273999961614],
            [-83.631115000236221, 38.515419999890256],
            [-83.631147999848196, 38.51559599970907],
            [-83.631075000053258, 38.515760999807412],
            [-83.630941000158955, 38.515856999818361],
            [-83.630649000080894, 38.515994999873485],
            [-83.630413000079358, 38.516106999744053],
            [-83.630064000099892, 38.516227999697108],
            [-83.629823000075461, 38.51631100021536],
            [-83.629590000446967, 38.516379000009692],
            [-83.62941200017174, 38.516431000346564],
            [-83.628775000312189, 38.516539999700846],
            [-83.628581999968347, 38.516567000347209],
            [-83.628314000179742, 38.516618999845413],
            [-83.628239999661588, 38.516638999912743],
            [-83.627785000275225, 38.516798000074651],
            [-83.627556999771272, 38.516880999935708],
            [-83.627331999640376, 38.516978000033106],
            [-83.626998999554445, 38.517043000083156],
            [-83.626523000251694, 38.517117999689582],
            [-83.62635199964916, 38.517151999916486],
            [-83.626213999556896, 38.517247000010592],
            [-83.62606899979194, 38.517391999986536],
            [-83.625969000232828, 38.517573000031391],
            [-83.625888999866888, 38.517805000207709],
            [-83.625886000392171, 38.518076000224241],
            [-83.625958000362175, 38.518556999880893],
            [-83.625975999905535, 38.518667999831763],
            [-83.626195000188645, 38.519485000282636],
            [-83.626315999664158, 38.519834000294694],
            [-83.626379000311658, 38.520013000260612],
            [-83.626406999900752, 38.520047999954556],
            [-83.626693999955918, 38.520405999782582],
            [-83.626903000193309, 38.520635999718159],
            [-83.627155999913285, 38.520645000125427],
            [-83.627832000130894, 38.520668000145974],
            [-83.628272000346954, 38.521478000307546],
            [-83.628551999831132, 38.521993999874319],
            [-83.62865499976327, 38.522005999722168],
            [-83.628761999893399, 38.52206400012988],
            [-83.629007000115791, 38.522066000336963],
            [-83.629089999956449, 38.522072999655755],
            [-83.629253999987981, 38.522086999696988],
            [-83.629496999662237, 38.522113000268234],
            [-83.629593999746604, 38.522122999890797],
            [-83.629879000151959, 38.52213699992226],
            [-83.630454999912146, 38.522107999753658],
            [-83.630617000293853, 38.52209900023211],
            [-83.630993999862412, 38.522119000182514],
            [-83.631482999583937, 38.522104000044543],
            [-83.631649999988525, 38.522093000316211],
            [-83.632035999777898, 38.522023000088851],
            [-83.632344999574386, 38.521959999826002],
            [-83.632811999554619, 38.521774999839892],
            [-83.633131000295151, 38.521436999932753],
            [-83.633506000213899, 38.520756999789562],
            [-83.633649000329029, 38.520498000126111],
            [-83.633958999950423, 38.519615000013651],
            [-83.63420300034791, 38.518921000276919],
            [-83.634358000158599, 38.51847899990792],
            [-83.634389999945626, 38.518387999949873],
            [-83.634553000152266, 38.518189999983413],
            [-83.634697999917222, 38.518103000294495],
            [-83.634994000193217, 38.517923000337717],
            [-83.635374999959737, 38.517830000054857],
            [-83.63576099974911, 38.517801000259482],
            [-83.635882999947853, 38.517791000036517],
            [-83.63628499963076, 38.517748000045813],
            [-83.636345999730111, 38.517741000306451],
            [-83.636630000310575, 38.517758999735342],
            [-83.636811000060533, 38.517836000326106],
            [-83.636928000236409, 38.517993000335345],
            [-83.63721299974344, 38.518577000112593],
            [-83.63754300035464, 38.519046999741846],
            [-83.637924999946051, 38.519588999945675],
            [-83.637965000129029, 38.519663999710765],
            [-83.638140999856134, 38.519996000122021],
            [-83.638198999582443, 38.52010499970082],
            [-83.638308000260707, 38.52035400020862],
            [-83.638535000041415, 38.520866999741799],
            [-83.638894000066628, 38.52139299989873],
            [-83.639337999582324, 38.52184900003197],
            [-83.639387999811035, 38.521898999719795],
            [-83.639515999857537, 38.521985999740366],
            [-83.639669000018429, 38.522088999903431],
            [-83.639790000392267, 38.522134000317365],
            [-83.639896999624071, 38.522175000295114],
            [-83.640069999876417, 38.522239999869235],
            [-83.640351000083811, 38.522383000131242],
            [-83.640464999886632, 38.522579999712313],
            [-83.64052099996313, 38.522785000205772],
            [-83.640545000252573, 38.522867000099147],
            [-83.640598999780934, 38.523048999820027],
            [-83.640751000116907, 38.523376999738105],
            [-83.640864000094808, 38.523560999740411],
            [-83.64112000018784, 38.523978000013734],
            [-83.641507999627038, 38.524520000334128],
            [-83.641732999757934, 38.524982000009061],
            [-83.641851999583636, 38.525381000152606],
            [-83.649238999776856, 38.523402999843327],
            [-83.649688000213743, 38.523282000003441],
            [-83.65010400014036, 38.523171000139854],
            [-83.655783000246217, 38.521650000339903],
            [-83.65604400036213, 38.521579000274215],
            [-83.656682999871492, 38.521403999734034],
            [-83.65801799968996, 38.521037999710813],
            [-83.660549000307995, 38.520372999814057],
            [-83.665023000291754, 38.519174999976528],
            [-83.668939999883591, 38.518124000107868],
            [-83.669676000375645, 38.517927000279172],
            [-83.673899000289225, 38.516799000251396],
            [-83.692056000340131, 38.511934000196987],
            [-83.702262999958108, 38.509200000126704],
            [-83.70285399978691, 38.509041000054886],
            [-83.70363799995954, 38.508833000328337],
            [-83.703694999860943, 38.508816999946006],
            [-83.709414000149778, 38.507284999940595],
            [-83.721743999956814, 38.50398199983146],
            [-83.723499999724766, 38.503210000193057],
            [-83.723546999580421, 38.503189000247559],
            [-83.724200000231804, 38.502900999774525],
            [-83.724257000133221, 38.502875999664525],
            [-83.725708000302632, 38.502234999981731],
            [-83.734610000239371, 38.498311999900729],
            [-83.741298999575378, 38.495654000062437],
            [-83.741941000356107, 38.495386999810606],
            [-83.74201499997595, 38.495355999869936],
            [-83.744971999668039, 38.494122999670545],
            [-83.745477000181438, 38.493911999669912],
            [-83.745510999618304, 38.493897999774632],
            [-83.745666000327319, 38.493872000263181],
            [-83.745679999672703, 38.493872000263181],
            [-83.746754000273569, 38.493712000305038],
            [-83.755933000219741, 38.492344999926388],
            [-83.756200000183441, 38.492251999653227],
            [-83.75707999971722, 38.49194399985717],
            [-83.757493999994011, 38.491801000307824],
            [-83.766226000051446, 38.48876000005356],
            [-83.767920999720005, 38.488168999827138],
            [-83.778705999646306, 38.484413000279019],
            [-83.778913000233857, 38.484340000212384],
            [-83.783882999611833, 38.482608999962665],
            [-83.79121899975145, 38.480054000090995],
            [-83.800283000069896, 38.47689700032619],
            [-83.801642000177793, 38.476423999777907],
            [-83.804350000347867, 38.475480000014564],
            [-83.806173000062941, 38.474845000254838],
            [-83.814597999973714, 38.471910999662192],
            [-83.81467900016456, 38.471882999760282],
            [-83.814730000218205, 38.471865000118946],
            [-83.814866999587238, 38.471817000350271],
            [-83.81939099979968, 38.470241000159497],
            [-83.819455000272114, 38.470219000330722],
            [-83.831522000313413, 38.466015999822098],
            [-83.835018999780686, 38.464797999968468],
            [-83.835522999570827, 38.464624000219366],
            [-83.838280000144692, 38.463661999721865],
            [-83.850112999834266, 38.459539999702407],
            [-83.85912399955096, 38.456402000325873],
            [-83.85928000008488, 38.456348000348378],
            [-83.865981000014756, 38.45973599997793],
            [-83.866003999580983, 38.459747000085272],
            [-83.866051000334963, 38.459771000121819],
            [-83.866068999878294, 38.459779999693872],
            [-83.866100999665363, 38.459795999711794],
            [-83.866146999696113, 38.459819000171002],
            [-83.866191000077052, 38.459840999655263],
            [-83.866437000124336, 38.459966000210741],
            [-83.868342999680124, 38.46092999985683],
            [-83.875847000049191, 38.464724000239649],
            [-83.878070999622281, 38.465849000057702],
            [-83.879039999742858, 38.46633800032312],
            [-83.881464000230793, 38.467564000042302],
            [-83.883152000226659, 38.468419999996087],
            [-83.894055000153742, 38.473929000032719],
            [-83.895109999589707, 38.474462000264012],
            [-83.899518000349531, 38.476690999969342],
            [-83.901363999630846, 38.477623999858118],
            [-83.901576000241263, 38.477732000263913],
            [-83.901787000128451, 38.477838999790116],
            [-83.902138999582647, 38.478014000013715],
            [-83.905665000260541, 38.479799000249848],
            [-83.909589000423381, 38.481781999940623],
            [-83.913100999959255, 38.483558000273995],
            [-83.913299000325978, 38.483658000054042],
            [-83.930348000339151, 38.492277999749277],
            [-83.937460000172763, 38.48720699985622],
            [-83.940698999897165, 38.484897000227711],
            [-83.948472999704691, 38.479355000276513],
            [-83.953980000281405, 38.475427000302851],
            [-83.95618899978588, 38.473852999687971],
            [-83.970009999945304, 38.463997000054903],
            [-83.97026299966528, 38.463816999932888],
            [-83.970912999943621, 38.462658000162754],
            [-83.971247999679377, 38.462302000036907],
            [-83.972026000004234, 38.461538000308124],
            [-83.972506000403257, 38.460342999685032],
            [-83.972651999993118, 38.460044999797276],
            [-83.97309999970679, 38.459129000087025],
            [-83.973707000327423, 38.458202999945684],
            [-83.975355000140326, 38.455891999864939],
            [-83.975529000217591, 38.455645999777161],
            [-83.975755000173393, 38.455324999705176],
            [-83.975954000365036, 38.455044999815144],
            [-83.976095999756936, 38.454839000342858],
            [-83.976119000221473, 38.454805999880975],
            [-83.976161999879167, 38.454744000251438],
            [-83.976412000124427, 38.454583000329222],
            [-83.976636000430432, 38.454424999658691],
            [-83.976674999890164, 38.454410999831893],
            [-83.976809999609387, 38.45432799974791],
            [-83.976980000387002, 38.454302999669984],
            [-83.97706900007546, 38.454290000160654],
            [-83.981394000096302, 38.453171000178152],
            [-83.981902000084418, 38.452881999939088],
            [-83.98239900020188, 38.45248499988017],
            [-83.982518999852473, 38.452346999869],
            [-83.982650000272031, 38.452195000040675],
            [-83.982707000173448, 38.452074999838928],
            [-83.982822999626094, 38.451825000008803],
            [-83.982892000121382, 38.451304000272252],
            [-83.982839000417925, 38.451064999905455],
            [-83.98277699959533, 38.450779000139207],
            [-83.982562000408493, 38.450287000137301],
            [-83.982460000301245, 38.450026999959753],
            [-83.982526000423476, 38.449591999719033],
            [-83.982943000174998, 38.448760000222059],
            [-83.983185000024321, 38.448252999782184],
            [-83.983861000241944, 38.446518999991099],
            [-83.98416099981759, 38.445940999948341],
            [-83.984282000191413, 38.445493000014814],
            [-83.984317000351524, 38.444696999887412],
            [-83.984299999734773, 38.444449000076339],
            [-83.984171999688257, 38.44382199974919],
            [-83.984092000220627, 38.443595999962142],
            [-83.983999000334208, 38.443243000127254],
            [-83.983841999975368, 38.442889999973112],
            [-83.9836260000653, 38.442404999682537],
            [-83.983602999600762, 38.442353999896341],
            [-83.983527000331108, 38.442255000332764],
            [-83.983369000147334, 38.442046000104533],
            [-83.983271000238062, 38.441918000032899],
            [-83.983010999947069, 38.44157700031181],
            [-83.982641999876122, 38.441221000293439],
            [-83.980424999975739, 38.439693999933553],
            [-83.980067999600365, 38.439448000209424],
            [-83.980030999790429, 38.43915899989446],
            [-83.979972000239215, 38.438706000111189],
            [-83.979881000002607, 38.438208000261113],
            [-83.979930000406412, 38.437791000257491],
            [-83.980143999768345, 38.437368000020221],
            [-83.980343999784864, 38.437088999989356],
            [-83.980757000236736, 38.43665000034283],
            [-83.981102000018254, 38.436379000142011],
            [-83.981414000187783, 38.436242000180506],
            [-83.981450000172799, 38.436225999864995],
            [-83.982066999940855, 38.436174000046542],
            [-83.982764999899757, 38.436124999858599],
            [-83.983153000237266, 38.436045000226997],
            [-83.983465000406824, 38.435850000225813],
            [-83.983907000272694, 38.435514000178912],
            [-83.984196999802606, 38.435327999957998],
            [-83.984607999706341, 38.435234000118065],
            [-83.985888999996433, 38.435016000123085],
            [-83.986787999796817, 38.434850000279333],
            [-83.98703200019429, 38.434829000119336],
            [-83.987305000005748, 38.434993000201409],
            [-83.987603999756502, 38.435182000288791],
            [-83.987705000038844, 38.435220000086559],
            [-83.989035999659336, 38.435258999765558],
            [-83.989526999929012, 38.435110000246844],
            [-83.989829999877713, 38.435076999910414],
            [-83.990716000157619, 38.435081000229175],
            [-83.990987000319265, 38.435002999954087],
            [-83.991254000282936, 38.434809999768191],
            [-83.991275000199337, 38.434793999839044],
            [-83.991282999696949, 38.43468100032613],
            [-83.99127100000139, 38.434207000249486],
            [-83.991214000099973, 38.433683000218899],
            [-83.991070999984842, 38.432248999830676],
            [-83.991080000205685, 38.432051000295296],
            [-83.99109699992411, 38.431705999903613],
            [-83.991139999581833, 38.431416000308296],
            [-83.991199000031358, 38.431135999836513],
            [-83.991308999636217, 38.430756999835999],
            [-83.991610999760013, 38.429891000098856],
            [-83.991907999860942, 38.429144999650191],
            [-83.992131000341999, 38.428585999706968],
            [-83.992378000214217, 38.427964000244607],
            [-83.992558000139269, 38.427553000236571],
            [-83.993239000379745, 38.425715000142368],
            [-83.994430000258177, 38.424941999704693],
            [-83.994528000167463, 38.424899999949218],
            [-83.99475099975021, 38.424802999767145],
            [-83.995628999634178, 38.424551999728827],
            [-83.996449999616758, 38.42438499970519],
            [-83.99668999981624, 38.424211000323304],
            [-83.996981999894302, 38.424060999767406],
            [-83.997475999638723, 38.423542000324581],
            [-83.99785800012846, 38.423034000040985],
            [-83.998068000190742, 38.42281399966285],
            [-83.99817500032087, 38.422700000329385],
            [-83.998506999683556, 38.42252799985858],
            [-83.998807000157527, 38.422426999694068],
            [-83.999227000282104, 38.422285999681094],
            [-83.999469999956347, 38.422715000048257],
            [-83.999659000102227, 38.423151999826935],
            [-83.999743999592738, 38.423537000006746],
            [-83.999695000087243, 38.424198999670971],
            [-83.999440999644023, 38.424943999792951],
            [-83.998915000112561, 38.42594899984983],
            [-83.998324000283787, 38.427064000298031],
            [-83.997941999794051, 38.428005000327701],
            [-83.997766000066946, 38.428581999732046],
            [-83.997723000409238, 38.428789000253424],
            [-83.997578999570891, 38.429481999761066],
            [-83.997357999637941, 38.43082800003392],
            [-83.997347999592208, 38.43098099978706],
            [-83.99729300023894, 38.431867000197698],
            [-83.997246000383257, 38.432757999972004],
            [-83.997330999873768, 38.433876999819532],
            [-83.997412000064614, 38.435018999836963],
            [-83.997453000072497, 38.436289999698431],
            [-83.997530000065396, 38.437229000076563],
            [-83.997782999785372, 38.438532999909796],
            [-83.998012000114244, 38.439556999930353],
            [-83.998359000443884, 38.440326999926064],
            [-83.998593999722203, 38.440760999899034],
            [-83.998794999563643, 38.441067999724339],
            [-83.999198999794686, 38.441453000077786],
            [-83.999642000383787, 38.441698000192929],
            [-83.999945000332502, 38.44171199967186],
            [-83.999996000386133, 38.441713999999244],
            [-84.00008199970155, 38.441717999950242],
            [-84.000840999759831, 38.441751999876743],
            [-84.001489000388332, 38.441638000184192],
            [-84.002031999638234, 38.441560999771518],
            [-84.002767000305383, 38.441283000284521],
            [-84.003644000364432, 38.440553000098184],
            [-84.003984999947974, 38.439624999692207],
            [-84.004013000435378, 38.438585000139973],
            [-84.003476999959858, 38.436976999724116],
            [-84.002890000329032, 38.435304000235128],
            [-84.00278900004669, 38.434638999901644],
            [-84.00271299987871, 38.433515000274276],
            [-84.002953999903141, 38.432481000301394],
            [-84.00360800037943, 38.431704999953119],
            [-84.004118999842277, 38.431339000251626],
            [-84.005184000222314, 38.431000999698647],
            [-84.006396999842039, 38.431000999698647],
            [-84.007914999958587, 38.431485999904702],
            [-84.009222000187961, 38.431941999796926],
            [-84.010146000102694, 38.432872000317808],
            [-84.011048000276105, 38.434674000257075],
            [-84.011781000395118, 38.436132999676161],
            [-84.012749999617384, 38.438063999808257],
            [-84.013953000089657, 38.440869999748145],
            [-84.014934999730713, 38.442629000082491],
            [-84.015978000369429, 38.444080000210064],
            [-84.016450000372529, 38.444634000243099],
            [-84.016643999642994, 38.444861999834309],
            [-84.01728899989844, 38.445352000011589],
            [-84.018177999653076, 38.445699000138006],
            [-84.018996000160897, 38.445670999909879],
            [-84.019617000126914, 38.445525000052015],
            [-84.020988999755303, 38.445203000217788],
            [-84.022260999824567, 38.444569000295587],
            [-84.023855999934014, 38.443027999776525],
            [-84.024985999713067, 38.442238000138161],
            [-84.025872999817878, 38.441713999999244],
            [-84.027713000149717, 38.440976999788525],
            [-84.028009000425726, 38.440916000061115],
            [-84.029038999747343, 38.440703999996323],
            [-84.029755000147915, 38.440636999670453],
            [-84.030438999863122, 38.440708999829091],
            [-84.031530000182428, 38.441307999948151],
            [-84.032745000350289, 38.442303000074169],
            [-84.033627000432219, 38.442866999745746],
            [-84.034144999567758, 38.443199000176342],
            [-84.036318999810447, 38.4443349997184],
            [-84.039161999699729, 38.445588000325664],
            [-84.043374999567575, 38.447221999748869],
            [-84.043470999827022, 38.447260000244221],
            [-84.043963999746538, 38.447600000120183],
            [-84.044877999615522, 38.447947999716568],
            [-84.046246999769167, 38.448112999969794],
            [-84.047558000196489, 38.448425999903854],
            [-84.049191999765711, 38.448952999694882],
            [-84.051422999909789, 38.449446999759559],
            [-84.052623999833941, 38.449922999767139],
            [-84.053724000374089, 38.450682000251355],
            [-84.053848000222629, 38.450766999681491],
            [-84.054022000299909, 38.450886999947983],
            [-84.054230999638975, 38.4510310001451],
            [-84.055707999747654, 38.452114000260572],
            [-84.056184999773635, 38.452361000096289],
            [-84.056538999775952, 38.452543999651425],
            [-84.057298999659153, 38.452783999702341],
            [-84.057815000043192, 38.452824000102183],
            [-84.05831299998556, 38.452863000118974],
            [-84.06051800019037, 38.453197999953922],
            [-84.063915999923438, 38.453981999953918],
            [-84.066998000187326, 38.454675999961083],
            [-84.067508999650158, 38.454860000309175],
            [-84.06757899997038, 38.454885000194096],
            [-84.067756000420687, 38.454948999663031],
            [-84.068425000067293, 38.455189000155599],
            [-84.069714999679917, 38.455889000314968],
            [-84.070717000310736, 38.456569000156655],
            [-84.071161999651366, 38.456871000149626],
            [-84.072398999560534, 38.457302000330493],
            [-84.07336199983331, 38.457407000033442],
            [-84.074736000009835, 38.457175999781768],
            [-84.075997000208446, 38.45674799976932],
            [-84.077041999598677, 38.456544999758272],
            [-84.078395999683707, 38.45654299984195],
            [-84.079717999981696, 38.456530000032778],
            [-84.080955999715769, 38.456363000111715],
            [-84.081698000055596, 38.456152000012459],
            [-84.083262000202936, 38.455488000027572],
            [-84.083724000160302, 38.455275000231651],
            [-84.083811000198921, 38.455234000159074],
            [-84.084287000399982, 38.455014999737344],
            [-84.085096999613583, 38.454641999791882],
            [-84.086141000077234, 38.45454100022927],
            [-84.086808000074001, 38.454608000310131],
            [-84.087516000078651, 38.454805000250467],
            [-84.088306000099081, 38.455298000021891],
            [-84.08953399978742, 38.456395999861407],
            [-84.090449000379635, 38.45718999977543],
            [-84.091334999761187, 38.457958999877441],
            [-84.092751999595421, 38.458948999774833],
            [-84.093530999745198, 38.459351000087935],
            [-84.094431000268784, 38.459856000099137],
            [-84.095797999874293, 38.460497999994395],
            [-84.096329000326946, 38.460623999664669],
            [-84.097088000385227, 38.460612000141012],
            [-84.097983999812541, 38.460439999949401],
            [-84.098808999993054, 38.460181000040407],
            [-84.099342999920438, 38.459953999874195],
            [-84.099448000400741, 38.45991099982416],
            [-84.099616999556829, 38.459838999830332],
            [-84.099815999748458, 38.459755999660267],
            [-84.101102000061431, 38.459471999712036],
            [-84.102099999595993, 38.459378999931786],
            [-84.102299999612541, 38.459189999895486],
            [-84.105392999747082, 38.456276999925727],
            [-84.111532999985386, 38.450490999858886],
            [-84.112959000040448, 38.449150000301266],
            [-84.115401999896633, 38.446850000063634],
            [-84.118034999723633, 38.444368999819325],
            [-84.121782000334477, 38.440840999933449],
            [-84.122495000362008, 38.440168999703033],
            [-84.124740999676405, 38.438052999913332],
            [-84.128503000355849, 38.434503000068418],
            [-84.135419000370874, 38.42797600027135],
            [-84.138689000057411, 38.424787999778168],
            [-84.138950000173324, 38.424532000142506],
            [-84.140711999789048, 38.422814999736453],
            [-84.141569999581534, 38.421978000138026],
            [-84.141745000382031, 38.421808000234478],
            [-84.143652999587616, 38.419944000202861],
            [-84.145425000147412, 38.418220000275781],
            [-84.145770999753807, 38.417879999976066],
            [-84.148586999878901, 38.415136999889604],
            [-84.148668000069762, 38.415057000233972],
            [-84.1498749998417, 38.413881000212946],
            [-84.156959999911138, 38.407187999945123],
            [-84.163251999587104, 38.40100299966511],
            [-84.169981999829304, 38.394638000143303],
            [-84.170310999717259, 38.394319000102627],
            [-84.176640000101486, 38.388208000043392],
            [-84.178770999788142, 38.386150000277546],
            [-84.179196999760492, 38.385740000291307],
            [-84.180918000266658, 38.384074999889471],
            [-84.181011999977969, 38.383989000211137],
            [-84.181252000177494, 38.383757000339507],
            [-84.183295000000598, 38.381780999804796],
            [-84.190852999898055, 38.374734999808631],
            [-84.192505999733839, 38.373188000010892],
            [-84.194049999789669, 38.371750000149625],
            [-84.194264999874804, 38.371605000258938],
            [-84.194902999559275, 38.371172999799668],
            [-84.195639999876249, 38.370673999862703],
            [-84.196356000276836, 38.370190000062074],
            [-84.19706099990843, 38.369712999866302],
            [-84.197789999829482, 38.369219999683558],
            [-84.198491000161454, 38.368745999785489],
            [-84.198623000405931, 38.368656999840304],
            [-84.199138999891645, 38.36830799983008],
            [-84.19985000026935, 38.367827000090969],
            [-84.200539000007439, 38.367359999773534],
            [-84.201206999829125, 38.366909000138854],
            [-84.201924000054618, 38.366423999660007],
            [-84.202607999769825, 38.365961000069881],
            [-84.203229999560747, 38.365540000098669],
            [-84.203884999861955, 38.365097999790862],
            [-84.204508000376109, 38.364676000260992],
            [-84.205131999816885, 38.364253999679448],
            [-84.205669999942202, 38.363889000138066],
            [-84.205852000415419, 38.363767000054615],
            [-84.206004999677972, 38.363663000329161],
            [-84.206615999598242, 38.363249000320067],
            [-84.207223000218875, 38.362839000148348],
            [-84.20779200030637, 38.362453999951626],
            [-84.208433000363854, 38.362021000302576],
            [-84.209046999758883, 38.361605000331231],
            [-84.209642999610551, 38.361202000148346],
            [-84.210251000056076, 38.360791000129531],
            [-84.210788000356516, 38.360427000263833],
            [-84.211287999948723, 38.360088000273599],
            [-84.211693000004672, 38.359816000072783],
            [-84.211829000447111, 38.359723999690665],
            [-84.212099999710446, 38.359538999739847],
            [-84.212553000345295, 38.359233999835801],
            [-84.213011999929606, 38.35892299994542],
            [-84.213439999551781, 38.358634999707093],
            [-84.213851000353813, 38.358354999707529],
            [-84.214222000074585, 38.358103999962346],
            [-84.21455400033561, 38.357880000237856],
            [-84.214788999613944, 38.357720999777037],
            [-84.214971000087118, 38.357597000025869],
            [-84.21545300013598, 38.357271999806692],
            [-84.215855999643779, 38.356999000016707],
            [-84.216434999777007, 38.356608000157827],
            [-84.217633000226442, 38.355797000308868],
            [-84.218897999724717, 38.354934000017423],
            [-84.219034999992047, 38.354839999856658],
            [-84.220006999587355, 38.354177999675123],
            [-84.220172000342103, 38.354063999877944],
            [-84.220676999957178, 38.353718999843032],
            [-84.22169299993341, 38.353026999808272],
            [-84.22278000005474, 38.352286000228752],
            [-84.223297000263685, 38.35193199984657],
            [-84.224534000172866, 38.351085999792026],
            [-84.22588499988484, 38.350168000288406],
            [-84.227290999848421, 38.349202999835533],
            [-84.228593999879834, 38.348313000342799],
            [-84.229336000219689, 38.3478069998881],
            [-84.229670000130511, 38.347578999780978],
            [-84.23114800006411, 38.346569999737618],
            [-84.232307000155473, 38.345778999727365],
            [-84.233472999919542, 38.344988999978732],
            [-84.234791999844461, 38.344099000134122],
            [-84.235739000223731, 38.343453000121613],
            [-84.23575199974421, 38.343444000146171],
            [-84.237644999779491, 38.342163999767585],
            [-84.240588000126195, 38.340173999884776],
            [-84.241532000132409, 38.339533999702347],
            [-84.24277900008731, 38.33869000033387],
            [-84.243116000371217, 38.338461999712557],
            [-84.24392700030802, 38.337913000093558],
            [-84.246071000413465, 38.336460999747359],
            [-84.248192999879308, 38.335025000071255],
            [-84.250320000266328, 38.333584999822634],
            [-84.252170999570524, 38.332394000244335],
            [-84.252542000189592, 38.332157000277455],
            [-84.253901000297489, 38.331284000153303],
            [-84.25414200032192, 38.331136999681469],
            [-84.254349000011146, 38.330995999926621],
            [-84.255858999731799, 38.330025000172363],
            [-84.256525999728581, 38.329596000215041],
            [-84.257739000246616, 38.328816999772791],
            [-84.259320000112353, 38.327801999978135],
            [-84.260991000389808, 38.326727999786428],
            [-84.262626999608827, 38.325676000060618],
            [-84.263856999845302, 38.324886000269991],
            [-84.264471999963547, 38.324491000317167],
            [-84.265159999876715, 38.324049000335449],
            [-84.265965999790652, 38.323530999799914],
            [-84.268288999996258, 38.322028000101909],
            [-84.268706999572686, 38.321768000061915],
            [-84.26916199985736, 38.321483000274966],
            [-84.269354000376282, 38.321355000233552],
            [-84.269828000029221, 38.321051999653257],
            [-84.270550000277581, 38.320590999778958],
            [-84.271048000219963, 38.32027000016538],
            [-84.271424999788508, 38.320030999848427],
            [-84.275182000445071, 38.31765000022201],
            [-84.278063999794099, 38.315823999981262],
            [-84.278257000137955, 38.315701999982998],
            [-84.278856000362651, 38.315323000325485],
            [-84.278970000165472, 38.315251000027146],
            [-84.27905899985393, 38.315193999828374],
            [-84.279207999816848, 38.315100000255875],
            [-84.279366999825513, 38.31499900018202],
            [-84.27963999963697, 38.314797000317114],
            [-84.279796000170904, 38.314388000196892],
            [-84.279805000391747, 38.314288000000879],
            [-84.279894000080191, 38.314089000067511],
            [-84.280070999632201, 38.313555000281752],
            [-84.280217999945307, 38.31333299988669],
            [-84.280669999856926, 38.313135999808374],
            [-84.280891999614767, 38.313079000061556],
            [-84.281419999694364, 38.312941999744929],
            [-84.281596000319766, 38.312742000160732],
            [-84.281711999772426, 38.312561000086227],
            [-84.281844000016889, 38.312461000190083],
            [-84.282817000335413, 38.312254000044526],
            [-84.283887999664927, 38.311990000114953],
            [-84.284476999843889, 38.311990000114953],
            [-84.284905000364375, 38.3118650001201],
            [-84.285375999644245, 38.311906999973246],
            [-84.285594999927369, 38.312002999848318],
            [-84.285782000423438, 38.312012000204554],
            [-84.286046999838987, 38.311968000018688],
            [-84.286405999864201, 38.311931999974938],
            [-84.286803000422537, 38.311764999969064],
            [-84.287042999723738, 38.311702000056862],
            [-84.287383000380686, 38.311682999770497],
            [-84.287796999759152, 38.311738000214788],
            [-84.288228999579275, 38.311797000004184],
            [-84.288399000356918, 38.311810999971087],
            [-84.288679999666002, 38.31185299985551],
            [-84.2891309997527, 38.311944999718698],
            [-84.289589000410416, 38.312161999868472],
            [-84.290026000253405, 38.312244999718324],
            [-84.290285999646088, 38.312403999912739],
            [-84.290565000203657, 38.312690000333525],
            [-84.290643000021475, 38.312930999842017],
            [-84.290575000249419, 38.313307000189681],
            [-84.29040399964687, 38.313559999746232],
            [-84.290135999858279, 38.3138459998369],
            [-84.290070999560939, 38.314102000129445],
            [-84.289943000412748, 38.314485999930916],
            [-84.289864999696618, 38.314903000044268],
            [-84.290016000207672, 38.315303000132324],
            [-84.290401999997059, 38.315865999655848],
            [-84.290605000386634, 38.316465999802027],
            [-84.290735999907895, 38.316697999673963],
            [-84.291043999879477, 38.316997999744459],
            [-84.291387999836047, 38.317214000154316],
            [-84.292222000237416, 38.317427000261162],
            [-84.292958999656065, 38.317628999847258],
            [-84.293401000420261, 38.317752000244184],
            [-84.293732999782961, 38.317735999780332],
            [-84.294409999825476, 38.317603000280997],
            [-84.294776000421678, 38.317607000052249],
            [-84.295141000294663, 38.317633999735655],
            [-84.295310000349076, 38.317723999782508],
            [-84.295696000138463, 38.317777000345174],
            [-84.296142000202281, 38.317773999995204],
            [-84.296577000395473, 38.317724999899895],
            [-84.296902000085481, 38.317548000056398],
            [-84.297302000118563, 38.317062000115705],
            [-84.297470000348042, 38.316628999728835],
            [-84.29748100021871, 38.316210000102593],
            [-84.29729399972264, 38.31585000018547],
            [-84.296980999728191, 38.315572000013105],
            [-84.296055000163648, 38.315146000256838],
            [-84.295388999991786, 38.314806000326563],
            [-84.294829000125134, 38.314293000119662],
            [-84.294398999954822, 38.313648000273801],
            [-84.293797000255381, 38.312539000163184],
            [-84.293398000047205, 38.311503000075412],
            [-84.293343999620532, 38.310871000019887],
            [-84.293461999621314, 38.310261000011558],
            [-84.293568999751443, 38.310040999847388],
            [-84.293833000240397, 38.309499000126294],
            [-84.294071999716678, 38.309027000313087],
            [-84.294270000083387, 38.308928000011782],
            [-84.294808000208732, 38.308864000215067],
            [-84.295318999671579, 38.308934000033886],
            [-84.29558999983324, 38.309125000243213],
            [-84.295746000367174, 38.309687000277684],
            [-84.295928999766957, 38.31020899981511],
            [-84.296292999815023, 38.310753999804717],
            [-84.296840999986102, 38.311266999672952],
            [-84.297439000385907, 38.311618000088799],
            [-84.297821999802224, 38.311794000111618],
            [-84.297988000381906, 38.311794000111618],
            [-84.298202999568758, 38.311685000171892],
            [-84.298308000049062, 38.311557999951347],
            [-84.298800000143629, 38.311505999980007],
            [-84.299197999628589, 38.311573000166575],
            [-84.299722000408536, 38.311598999780422],
            [-84.300420000367453, 38.311570000264759],
            [-84.300659999668667, 38.311549999741267],
            [-84.300935000028275, 38.311528000216434],
            [-84.301680999667752, 38.311369999716064],
            [-84.301987999814415, 38.311407999742954],
            [-84.302129000279734, 38.311507000183163],
            [-84.302236000409849, 38.311594000180754],
            [-84.302407999938993, 38.312052999776952],
            [-84.302505000023359, 38.312270999796098],
            [-84.302754000443713, 38.312376000205226],
            [-84.303068000263067, 38.312585999862506],
            [-84.30329400021887, 38.312888999877131],
            [-84.303582999923876, 38.313066999997858],
            [-84.304732999794396, 38.313174000319542],
            [-84.305236999584565, 38.313198999884499],
            [-84.30556899984559, 38.313170000303757],
            [-84.305922999847894, 38.313139000350283],
            [-84.306168999895206, 38.313100000344477],
            [-84.30649600013335, 38.313052000091652],
            [-84.306954999717661, 38.312906999663696],
            [-84.307061999847789, 38.312745000014068],
            [-84.307159999757076, 38.312570999856817],
            [-84.307204000138015, 38.312495999781767],
            [-84.307354999750757, 38.31244600015858],
            [-84.30799400015843, 38.312455999944973],
            [-84.30852899991072, 38.312481999947153],
            [-84.308806999745087, 38.312365999702884],
            [-84.309124999762389, 38.311955000279106],
            [-84.309681000329391, 38.311584999772641],
            [-84.30986799992715, 38.311394999902937],
            [-84.310130999692873, 38.310888000095723],
            [-84.310149000134544, 38.310582000236089],
            [-84.310143000286757, 38.31034699987508],
            [-84.31027700018106, 38.30999900032328],
            [-84.310261000287539, 38.309755999779817],
            [-84.310143000286757, 38.308923000227971],
            [-84.310120999647125, 38.307882000085193],
            [-84.310036000156629, 38.307592000116735],
            [-84.309913000132994, 38.307486000276384],
            [-84.309615000207174, 38.307497000300238],
            [-84.309197999557327, 38.307763000177665],
            [-84.308807999569979, 38.307866000262997],
            [-84.308453999567647, 38.307849000183744],
            [-84.308046000036967, 38.307672999750615],
            [-84.307408000352524, 38.307162999920713],
            [-84.307056999824923, 38.307015000316014],
            [-84.306862999656147, 38.30698800020312],
            [-84.305947000137365, 38.306743999876026],
            [-84.305357000133483, 38.306453000018969],
            [-84.304954999552265, 38.306083999916694],
            [-84.304654999976606, 38.305730000065878],
            [-84.304592000227416, 38.305448999712908],
            [-84.304573999785745, 38.305214000342978],
            [-84.304762999931626, 38.305003000193985],
            [-84.304994999735243, 38.304835999741115],
            [-84.305417000407942, 38.304833000265567],
            [-84.306408000269798, 38.304955000221369],
            [-84.306840000089935, 38.305022999703233],
            [-84.307184000046519, 38.304989999910823],
            [-84.307656999874538, 38.304788999953786],
            [-84.308227999611859, 38.304284999990223],
            [-84.308528000085829, 38.304084000194472],
            [-84.308702000163095, 38.304033999706348],
            [-84.309555999757606, 38.304107999768],
            [-84.3105759999318, 38.304019999648084],
            [-84.310718000222025, 38.304008000200206],
            [-84.310813999583175, 38.303981999979854],
            [-84.311261000370237, 38.303985000195546],
            [-84.311817999863862, 38.304082999888962],
            [-84.312333000422953, 38.304072000052244],
            [-84.312885999718617, 38.303820000132085],
            [-84.313665999693299, 38.303142999877466],
            [-84.314129000373882, 38.302834000210304],
            [-84.314824999784648, 38.302466999976964],
            [-84.315435999704917, 38.302130000111724],
            [-84.3157150002625, 38.30194200011114],
            [-84.315721999935192, 38.30167200009047],
            [-84.315747999874461, 38.301500999769161],
            [-84.316112999747432, 38.300995999876612],
            [-84.316234999946175, 38.30063900022013],
            [-84.316593999971374, 38.299924000208847],
            [-84.316726000215866, 38.299663000206145],
            [-84.317061999776527, 38.298990000024084],
            [-84.317219999960273, 38.29858899981879],
            [-84.317286999907424, 38.298086000172347],
            [-84.317303999625864, 38.29800699977649],
            [-84.317352000204764, 38.297790000281061],
            [-84.317649000305664, 38.297448999662031],
            [-84.318430000105266, 38.296553000100189],
            [-84.318943000116263, 38.296092000284943],
            [-84.319163000224293, 38.295961999709704],
            [-84.319721000441106, 38.295934000000067],
            [-84.320156999560879, 38.295912999681924],
            [-84.32064600018073, 38.296027000026434],
            [-84.321021999924383, 38.296491000075314],
            [-84.321528000262688, 38.2973720000737],
            [-84.321760999891183, 38.297661000322194],
            [-84.322134000160077, 38.297840999824487],
            [-84.322533000368253, 38.297867999817022],
            [-84.323084000014077, 38.297741000077806],
            [-84.323270999611822, 38.297505999707546],
            [-84.323378999566842, 38.297328000171539],
            [-84.324038999890931, 38.29692499984214],
            [-84.324684000146391, 38.29621400013567],
            [-84.325497999557939, 38.295007000112371],
            [-84.325977999956976, 38.294526999794847],
            [-84.326369999594135, 38.294314999848162],
            [-84.326555000440379, 38.294271000207296],
            [-84.326805999612219, 38.294212000262419],
            [-84.327366000377197, 38.294185000319459],
            [-84.328147000176784, 38.294000000100496],
            [-84.329590999775192, 38.293534000141605],
            [-84.330343999985701, 38.29328399977755],
            [-84.331217999671694, 38.293065000048173],
            [-84.331858999729207, 38.292967000277216],
            [-84.332416999946048, 38.293037999678432],
            [-84.333313000271673, 38.293302000199141],
            [-84.334745000174507, 38.294005999947338],
            [-84.335789999564739, 38.294455000002124],
            [-84.335830999572607, 38.294471999695247],
            [-84.33614000026742, 38.294581000121269],
            [-84.336295999903029, 38.294636000138254],
            [-84.336495000094658, 38.294738999827196],
            [-84.336869000188472, 38.295022000225352],
            [-84.337762999965975, 38.295916999944424],
            [-84.338258000433612, 38.29626599979008],
            [-84.338902999790747, 38.296536999894187],
            [-84.339425999847492, 38.296608000032485],
            [-84.340052999661282, 38.296612999960189],
            [-84.340626999771658, 38.296514000340906],
            [-84.340928000070519, 38.296404000292171],
            [-84.341237999691927, 38.296274999984107],
            [-84.341933000176098, 38.295827000330149],
            [-84.342387999562447, 38.29537300029186],
            [-84.342498999890523, 38.294987999682789],
            [-84.342479999623961, 38.294904000098796],
            [-84.342373000392143, 38.294481000111801],
            [-84.342118000124032, 38.294146999729904],
            [-84.341740999657176, 38.293656000062953],
            [-84.341368000286579, 38.292997999686676],
            [-84.341200999882005, 38.292845999657928],
            [-84.340030000095069, 38.292120999931427],
            [-84.339646999780442, 38.292029000305959],
            [-84.339298999625868, 38.291964999700724],
            [-84.338910000361764, 38.291639999788188],
            [-84.338604999864927, 38.291548000258068],
            [-84.338041999625233, 38.291453999652028],
            [-84.337659000208888, 38.291382000335581],
            [-84.336656999578068, 38.291193000203641],
            [-84.336071999597053, 38.29097900012043],
            [-84.335879999976427, 38.290901000229709],
            [-84.335505000057708, 38.2908560001461],
            [-84.33502300000886, 38.290928999766223],
            [-84.334607999907149, 38.290983999730919],
            [-84.334361000034946, 38.290995999922778],
            [-84.333897000427754, 38.290833000202312],
            [-84.333766000008211, 38.290732999963353],
            [-84.33365300003031, 38.290643000265014],
            [-84.333454999663573, 38.290241999759182],
            [-84.333372999647807, 38.289818000297522],
            [-84.333412999830784, 38.289563000115166],
            [-84.333427999899399, 38.289471000067273],
            [-84.333436000295308, 38.289357999802824],
            [-84.333622999893066, 38.288975000037532],
            [-84.333846000374152, 38.288751000232224],
            [-84.334084999850432, 38.288647999800126],
            [-84.334423999784136, 38.28863299977975],
            [-84.335970000388102, 38.289114000110544],
            [-84.336433000170388, 38.289237000216872],
            [-84.336741000141956, 38.289274999852211],
            [-84.337229000038576, 38.289137999700564],
            [-84.33740200029095, 38.289074000071146],
            [-84.33780999982163, 38.288920999770006],
            [-84.338132999861813, 38.288721000230993],
            [-84.339064000347562, 38.288318999864074],
            [-84.339830000078521, 38.287818999713998],
            [-84.340640000190433, 38.287080000028197],
            [-84.341144999805508, 38.286672999831545],
            [-84.341410999944287, 38.286521999794886],
            [-84.341804000304677, 38.286430999966655],
            [-84.342702000280141, 38.286235000003359],
            [-84.343323000246158, 38.285978000224446],
            [-84.34378600002843, 38.285678000179253],
            [-84.344172999642709, 38.285285999887527],
            [-84.344544000261791, 38.285109999715502],
            [-84.344920999830336, 38.285046000059978],
            [-84.345475999674107, 38.285098999822779],
            [-84.345740999987981, 38.285180999752143],
            [-84.34663800013854, 38.285459000061415],
            [-84.347644000069025, 38.285724999654796],
            [-84.348058000345816, 38.285860000199499],
            [-84.348551000265317, 38.286046999713946],
            [-84.349122999827529, 38.286187000305844],
            [-84.349337999912677, 38.286321999991237],
            [-84.349609000074338, 38.286617000284195],
            [-84.350077999704382, 38.286898000246623],
            [-84.350302000010373, 38.287105000125294],
            [-84.350577000369981, 38.287232999979679],
            [-84.351282000001589, 38.28724400025412],
            [-84.351717000194782, 38.287303000223268],
            [-84.352219000335111, 38.287463999751637],
            [-84.352475000428143, 38.287560000246401],
            [-84.352801999767991, 38.287590000022419],
            [-84.353288000014786, 38.287610000101282],
            [-84.35363199997137, 38.28772599974473],
            [-84.354226000173213, 38.288127000050252],
            [-84.354493000136912, 38.288263000176499],
            [-84.354820000375057, 38.288297000344514],
            [-84.355207999814255, 38.28820699974063],
            [-84.355427000097379, 38.288179999678711],
            [-84.355613999695109, 38.288252000056495],
            [-84.356049999713221, 38.288766000228172],
            [-84.356289999912718, 38.289004000125509],
            [-84.356602000082248, 38.289314999780771],
            [-84.356985000396904, 38.289718999868597],
            [-84.357115000093245, 38.289794000227282],
            [-84.357539000415784, 38.290084000132921],
            [-84.358028999962229, 38.29034299975951],
            [-84.358567999912481, 38.290561999947592],
            [-84.358844000097008, 38.290703999861229],
            [-84.358937999808333, 38.290904000281273],
            [-84.358904000371467, 38.29113799969231],
            [-84.358609999745269, 38.291424000063031],
            [-84.358404999705854, 38.29167099976457],
            [-84.357801000356588, 38.292539999831128],
            [-84.357736999884168, 38.292711000121479],
            [-84.35779200013576, 38.29289199967242],
            [-84.357989999604172, 38.293386999975461],
            [-84.358040999657803, 38.293757999990007],
            [-84.35806400012234, 38.294110000268475],
            [-84.358157999833651, 38.2942740001196],
            [-84.358357000025293, 38.294436000133054],
            [-84.358733999593824, 38.294720000032491],
            [-84.358890000127758, 38.294914000188697],
            [-84.358956000250004, 38.295025999831928],
            [-84.359309000427416, 38.295642999784228],
            [-84.359525000337484, 38.295894999908022],
            [-84.3596879996458, 38.29601599967323],
            [-84.359885000187603, 38.29603799967294],
            [-84.36031600018282, 38.29588999993085],
            [-84.360675000208005, 38.295786000045787],
            [-84.361121000271865, 38.295813999812594],
            [-84.361477999748914, 38.295825999910775],
            [-84.361587000427178, 38.295816999661049],
            [-84.361700000405079, 38.295761000119015],
            [-84.361984000087205, 38.295674999881996],
            [-84.362165999662096, 38.295507000092371],
            [-84.362244000378197, 38.295424999843938],
            [-84.362496000273282, 38.295178999952753],
            [-84.362835000206999, 38.29478899967139],
            [-84.36310399982051, 38.294349000001027],
            [-84.363215999973505, 38.294165999674647],
            [-84.363250000308696, 38.29411100000646],
            [-84.363272999874908, 38.294073999821691],
            [-84.363824000419044, 38.293093000159871],
            [-84.363992999575132, 38.292818999911759],
            [-84.364077000139034, 38.292682999862379],
            [-84.364310999592448, 38.292303000011721],
            [-84.364488999867689, 38.292015000046213],
            [-84.364831000174448, 38.291524999828468],
            [-84.364924000060867, 38.291389999949779],
            [-84.365078000046665, 38.291167000326091],
            [-84.3651090000088, 38.291121999702391],
            [-84.365144999993817, 38.291069999886986],
            [-84.365204000443356, 38.290985999998036],
            [-84.365278999888105, 38.290876999812532],
            [-84.365463000011118, 38.29061199984956],
            [-84.365611999974035, 38.290398999957425],
            [-84.365627999867556, 38.290374000289866],
            [-84.365796000097049, 38.290084999926364],
            [-84.365854999648278, 38.289985999861656],
            [-84.365904999876989, 38.289896999738083],
            [-84.365957999580431, 38.289805000113589],
            [-84.365989000440891, 38.289719999667078],
            [-84.366083999977135, 38.289457000019091],
            [-84.366130999832819, 38.289325999739667],
            [-84.366170000190863, 38.289220000002494],
            [-84.366188999559128, 38.289169999846592],
            [-84.366212999848571, 38.28909699986734],
            [-84.366241000335975, 38.289026000135813],
            [-84.366270999574894, 38.288952000202727],
            [-84.366550000132463, 38.288264999813514],
            [-84.366610000406922, 38.288116999730192],
            [-84.366643999843788, 38.287869999919472],
            [-84.366658999912403, 38.287744000134758],
            [-84.36664999969156, 38.287708999881474],
            [-84.366631000323309, 38.287631999829081],
            [-84.366612999881653, 38.287550999676576],
            [-84.366571000048864, 38.287375000060884],
            [-84.366559000353291, 38.28732299967605],
            [-84.366612999881653, 38.287093999829786],
            [-84.366737999555113, 38.286872000240571],
            [-84.367244999718338, 38.286320000300648],
            [-84.367294999947049, 38.286125999733613],
            [-84.367125999892622, 38.285898000192638],
            [-84.367032000181297, 38.285670999789701],
            [-84.367096999580326, 38.285396999724497],
            [-84.367279000053514, 38.285216999674638],
            [-84.367304000167877, 38.285036999883502],
            [-84.367376999962801, 38.284403999952524],
            [-84.367459999803486, 38.284207000282471],
            [-84.367572999781387, 38.284051999840571],
            [-84.367755000254576, 38.283917000164102],
            [-84.368294000204841, 38.28381200016382],
            [-84.368535000229258, 38.283671999927165],
            [-84.368987999965782, 38.283323000156301],
            [-84.369131999905832, 38.283135999970582],
            [-84.36918799998233, 38.282857999931565],
            [-84.369292999564323, 38.282522999751045],
            [-84.369464000166843, 38.282431999845443],
            [-84.36958100034272, 38.28252899984156],
            [-84.369783999833999, 38.282755000303766],
            [-84.369902999659686, 38.282829000208608],
            [-84.370085999957794, 38.282776000198623],
            [-84.370274000278769, 38.282616999936685],
            [-84.370238000293753, 38.282409000052731],
            [-84.370029000056377, 38.282061999658971],
            [-84.369943999667555, 38.281834000045762],
            [-84.369938999644702, 38.281632000198464],
            [-84.370050999797684, 38.281531000064092],
            [-84.370348999723504, 38.281434000144813],
            [-84.370618000235339, 38.281377000168128],
            [-84.370785999566522, 38.281416000305441],
            [-84.371081000017611, 38.281599000344563],
            [-84.371257999569622, 38.28165299971306],
            [-84.371496999944227, 38.281608000242095],
            [-84.371541000325152, 38.281419999956761],
            [-84.371539999601936, 38.280983000082877],
            [-84.371583999982875, 38.280789999982161],
            [-84.371921000266752, 38.280364999675989],
            [-84.371994000061676, 38.280200000197411],
            [-84.37216599959082, 38.279676999876472],
            [-84.372307999881059, 38.279508999722211],
            [-84.372678999601817, 38.279310000283203],
            [-84.372988000296615, 38.279227000125616],
            [-84.373205000031589, 38.279253999991873],
            [-84.373413000444046, 38.279290000033022],
            [-84.373800000058338, 38.279263000180165],
            [-84.374210999962074, 38.279128000059998],
            [-84.374631000086637, 38.278907999979317],
            [-84.37486299989024, 38.278822000221709],
            [-84.375139999899673, 38.278820000324522],
            [-84.375602999681945, 38.278910999821456],
            [-84.376345000021786, 38.278990999796406],
            [-84.376669999711808, 38.279129000004367],
            [-84.376915999759092, 38.279211000330726],
            [-84.37702000041449, 38.279208999739105],
            [-84.377195000316661, 38.279199000305987],
            [-84.377315999792188, 38.279093999828227],
            [-84.377328000386058, 38.278968000323879],
            [-84.377182999722777, 38.27880299978596],
            [-84.377196000141581, 38.278675999825957],
            [-84.377336999708575, 38.278589999793553],
            [-84.377615000441239, 38.278565000289838],
            [-84.378090999743975, 38.278601999919005],
            [-84.378269999844122, 38.278556000015072],
            [-84.378467000385939, 38.27816000021906],
            [-84.378662000379606, 38.277911999710021],
            [-84.378761999938718, 38.277851999903191],
            [-84.379018999856669, 38.277879000280777],
            [-84.379284000170543, 38.277994000000518],
            [-84.379536999890519, 38.278158000303691],
            [-84.37971599999068, 38.278278000067232],
            [-84.380321999888082, 38.278639000234506],
            [-84.380637000430667, 38.278775999751979],
            [-84.381000999580408, 38.278852000083155],
            [-84.381515000314621, 38.278931000176037],
            [-84.381751000316186, 38.27908500032423],
            [-84.381907999776701, 38.27918800022276],
            [-84.38214499960317, 38.27918800022276],
            [-84.382315000380785, 38.279089000103916],
            [-84.382349999642585, 38.278926999682454],
            [-84.382399000046391, 38.278867999957157],
            [-84.382553000032175, 38.278658000008036],
            [-84.382742000178069, 38.278612000139539],
            [-84.383247999618021, 38.278662999762027],
            [-84.383382000410649, 38.27885499992756],
            [-84.383485000342802, 38.279285000322169],
            [-84.383629000282852, 38.279364999885004],
            [-84.383836999796998, 38.279410000041139],
            [-84.384026999767812, 38.279315999934092],
            [-84.38431899984586, 38.279168999882728],
            [-84.384517000212583, 38.279132999781631],
            [-84.384723000076889, 38.279250000221275],
            [-84.384827999658881, 38.279450999704608],
            [-84.384867000016939, 38.279848000150579],
            [-84.385112000239317, 38.280110000131494],
            [-84.385281000293716, 38.280235999769488],
            [-84.385409000340232, 38.280299000211613],
            [-84.385660000410411, 38.28042400030025],
            [-84.385794000304713, 38.280589999899107],
            [-84.385790999931658, 38.280782999826393],
            [-84.385985000100419, 38.280935999652584],
            [-84.386319999836175, 38.281082999651971],
            [-84.386833999672064, 38.281253000225107],
            [-84.387073000046655, 38.281451999979666],
            [-84.387278000086098, 38.281766999893428],
            [-84.387305999675178, 38.281912999714486],
            [-84.387340000010369, 38.282087999977634],
            [-84.387446000315578, 38.282153999931026],
            [-84.387615000369976, 38.282189000042244],
            [-84.387993999588346, 38.282144000198358],
            [-84.388135000053651, 38.28202000015515],
            [-84.388273000145901, 38.282014000022563],
            [-84.388473999987383, 38.28208000004328],
            [-84.388700999768076, 38.282410999851066],
            [-84.388896999586677, 38.282547000110064],
            [-84.38912400026571, 38.282609999957039],
            [-84.389633000078732, 38.282549999801795],
            [-84.390387999939051, 38.28240499975081],
            [-84.390607000222161, 38.2823860002527],
            [-84.390894000277342, 38.282360999940657],
            [-84.391750000420004, 38.28240200005304],
            [-84.392677999634387, 38.28244599983833],
            [-84.393075000192724, 38.282464000127476],
            [-84.393353999851982, 38.282416000051711],
            [-84.39352000043165, 38.282527999944023],
            [-84.393641999732054, 38.282772999811087],
            [-84.39381900018239, 38.282936000004305],
            [-84.393965999597171, 38.282989999788597],
            [-84.39428100013977, 38.283098999831459],
            [-84.394537000232802, 38.283211999968408],
            [-84.394899999557637, 38.283318999904729],
            [-84.395164000046591, 38.283587000054723],
            [-84.395339999773697, 38.283677000041003],
            [-84.395637999699517, 38.283683000036135],
            [-84.395856000157721, 38.283660999816526],
            [-84.396050000326483, 38.283228000291849],
            [-84.396094999634016, 38.283179000127582],
            [-84.396520999606366, 38.283206999822539],
            [-84.396590999926559, 38.283167999942236],
            [-84.396527000352449, 38.28289199981085],
            [-84.396513000108754, 38.282689000191574],
            [-84.396643999630001, 38.282596999892377],
            [-84.396891000400529, 38.282621000226932],
            [-84.397127000402079, 38.282751999915313],
            [-84.397355000007721, 38.282775000304547],
            [-84.39752499988704, 38.282711000000603],
            [-84.397812999767112, 38.282695000268369],
            [-84.397938000338897, 38.282777999986855],
            [-84.398005000286062, 38.282888000240625],
            [-84.397984000369647, 38.282987000115007],
            [-84.397955000057351, 38.283020000043173],
            [-84.397785000178033, 38.283203000269737],
            [-84.397761999713509, 38.28331499965293],
            [-84.39776099988859, 38.283410000108681],
            [-84.397830000383863, 38.283462999655775],
            [-84.397842999904341, 38.283470000258262],
            [-84.398097000347562, 38.283476000270511],
            [-84.398298000189001, 38.283529999653112],
            [-84.398360999938205, 38.283617000062513],
            [-84.398345000044685, 38.283729000217271],
            [-84.398325999778109, 38.28376000004701],
            [-84.398242000112518, 38.283889999916632],
            [-84.398165999944538, 38.283959999858467],
            [-84.398149000226098, 38.284004000109732],
            [-84.398145000028137, 38.284014000291329],
            [-84.398208999602247, 38.284078000151595],
            [-84.39828099957225, 38.284111000288874],
            [-84.398396999923207, 38.284117000248145],
            [-84.398509000076217, 38.284124999958017],
            [-84.398699000047003, 38.28415600032374],
            [-84.398969000383744, 38.284252000257808],
            [-84.399119999996486, 38.284341000252198],
            [-84.399284999852938, 38.284317999654036],
            [-84.399529000250396, 38.284300999697791],
            [-84.399634999657295, 38.2843839996954],
            [-84.399735000114717, 38.284545000057406],
            [-84.399991000207763, 38.284635000266213],
            [-84.400347999684826, 38.284674999931489],
            [-84.400576000188764, 38.284657000190577],
            [-84.401023000077501, 38.28441499995057],
            [-84.40114699992607, 38.284232999832874],
            [-84.401294000239176, 38.284106000204936],
            [-84.401562999852686, 38.284056999928239],
            [-84.401704000318006, 38.283935000088441],
            [-84.401824999793504, 38.283837999855706],
            [-84.401958999687793, 38.283836999976202],
            [-84.402186000366839, 38.283918000042497],
            [-84.402437000437004, 38.283981999987404],
            [-84.40255399971457, 38.284004000109732],
            [-84.402670000065513, 38.284000999772942],
            [-84.403123999626942, 38.284033999945237],
            [-84.403318999620623, 38.28406500034982],
            [-84.403336000237374, 38.28415600032374],
            [-84.403281999810716, 38.284370999948429],
            [-84.403294000404586, 38.284465999727324],
            [-84.403342000085146, 38.284524999839142],
            [-84.403415999705004, 38.284549000241419],
            [-84.403696999912398, 38.284464999856475],
            [-84.403944999609521, 38.284430000137462],
            [-84.404215999771154, 38.284517000173395],
            [-84.404466000016413, 38.284662000236573],
            [-84.404686000124443, 38.284748999994449],
            [-84.404983000225371, 38.284776999788974],
            [-84.405173000196157, 38.284803999706511],
            [-84.405478999619589, 38.284838000084612],
            [-84.405826999774163, 38.284774000189223],
            [-84.406234000378234, 38.284800000241688],
            [-84.406737000343483, 38.284706999929853],
            [-84.407072000079239, 38.284726000230712],
            [-84.407554000128087, 38.284739999781188],
            [-84.407939999917474, 38.284761999673727],
            [-84.408091000428527, 38.284747000260531],
            [-84.4082389996682, 38.284733000006263],
            [-84.408466000347246, 38.284611999761225],
            [-84.408600000241549, 38.284573999799989],
            [-84.408883000098768, 38.28455299972007],
            [-84.409180000199697, 38.284613000335185],
            [-84.409721999624665, 38.284720000321791],
            [-84.409959000349446, 38.284770999884266],
            [-84.410090999695598, 38.284927000065657],
            [-84.410063999931424, 38.284967000275095],
            [-84.410047000212998, 38.284979999915393],
            [-84.409888000204333, 38.285066000134641],
            [-84.409744000264297, 38.28509399980689],
            [-84.409540000049802, 38.285320000039867],
            [-84.409560999966189, 38.285492000276015],
            [-84.409709000104186, 38.285616000029442],
            [-84.409816000234301, 38.285672000349066],
            [-84.410154000343113, 38.285653000295831],
            [-84.410310999803627, 38.285723999801334],
            [-84.410828999837506, 38.286101000004493],
            [-84.41106400001415, 38.28617800027088],
            [-84.411317999559031, 38.286211000158545],
            [-84.411431000435257, 38.286270000262256],
            [-84.411541999865037, 38.286327999767742],
            [-84.411903000438372, 38.28641700003719],
            [-84.412114000325545, 38.286511999958805],
            [-84.41255899966616, 38.286548999768463],
            [-84.413107999662159, 38.286677999738671],
            [-84.413423000204745, 38.286702999974175],
            [-84.414111000117927, 38.286848999739291],
            [-84.414198999981465, 38.28692699975425],
            [-84.414209000027213, 38.287113000210937],
            [-84.414233000316656, 38.287179999659713],
            [-84.414564999679357, 38.287182999865145],
            [-84.414783000137561, 38.287174999787169],
            [-84.414896000115462, 38.287312000118732],
            [-84.414886000069728, 38.287451999680819],
            [-84.414983999979015, 38.287548000191514],
            [-84.415105000352852, 38.287502000315207],
            [-84.41517599959964, 38.287421999847759],
            [-84.415368999943482, 38.287376999722348],
            [-84.415681000113025, 38.287441999972913],
            [-84.415809999984432, 38.287449000191664],
            [-84.416077999773066, 38.287469000309315],
            [-84.416244000352719, 38.287507999994162],
            [-84.416538999905512, 38.287659000094855],
            [-84.416662999754067, 38.287671999958086],
            [-84.416757000363702, 38.287682000339416],
            [-84.417000999862864, 38.287668999772912],
            [-84.417343999994543, 38.287581999989357],
            [-84.418065000417982, 38.287296999822246],
            [-84.418235000297301, 38.287250999786849],
            [-84.418486000367466, 38.287315000318671],
            [-84.418657999896595, 38.28735899994642],
            [-84.418843999669434, 38.287308999918636],
            [-84.419016999921809, 38.287267999757383],
            [-84.419002999678099, 38.287074000313908],
            [-84.419058999754597, 38.286989000194474],
            [-84.419638999712717, 38.286768000123217],
            [-84.420027000050254, 38.286506000197555],
            [-84.421213999730696, 38.285747999807114],
            [-84.421684000083985, 38.285556000243439],
            [-84.42168599973381, 38.285457000347058],
            [-84.421593999672311, 38.285148000101287],
            [-84.421597000045352, 38.2849909998261],
            [-84.421474999846609, 38.284668000150297],
            [-84.421530000098201, 38.284443999745079],
            [-84.421535000121068, 38.284132999666959],
            [-84.421591000197552, 38.283877999960097],
            [-84.42198200000982, 38.283211000080286],
            [-84.422326999791309, 38.282822000249404],
            [-84.422547999724245, 38.282740999665315],
            [-84.422765000357558, 38.282791000019103],
            [-84.422941000084649, 38.282907000312512],
            [-84.423170000413506, 38.282881000287169],
            [-84.423222000292043, 38.282756000198127],
            [-84.423156000169797, 38.282542999815739],
            [-84.423202000200547, 38.282326999812625],
            [-84.423392999996253, 38.282201000277986],
            [-84.424061999642845, 38.281962999933455],
            [-84.424685999981932, 38.281121000030303],
            [-84.424926000181443, 38.281000000111028],
            [-84.425096000060762, 38.280955000235302],
            [-84.42546699978152, 38.280778000218348],
            [-84.426002000432135, 38.280753000057679],
            [-84.426354999711222, 38.280517999677912],
            [-84.427107000096811, 38.280132999947384],
            [-84.42746600012201, 38.280056000320428],
            [-84.427904999614853, 38.279979999839284],
            [-84.428106000354617, 38.279843999707523],
            [-84.428604000296986, 38.279724999647662],
            [-84.429001999781931, 38.279670000318582],
            [-84.429255000400218, 38.279689999758887],
            [-84.429563000371814, 38.279890000205775],
            [-84.429863999772365, 38.280193999914459],
            [-84.430009000435646, 38.2803819998488],
            [-84.430155000025493, 38.280462000318401],
            [-84.430384000354351, 38.280408000063971],
            [-84.430625000378782, 38.28032800024009],
            [-84.430784000387447, 38.280300000139846],
            [-84.431039999582168, 38.280372999799276],
            [-84.431359000322715, 38.280366000308447],
            [-84.431854999716947, 38.28032800024009],
            [-84.432063999954309, 38.280282999947786],
            [-84.432499999972421, 38.280256999687893],
            [-84.433054999816193, 38.280304999780753],
            [-84.433526999819293, 38.280494999984001],
            [-84.433840999638647, 38.28070899995145],
            [-84.434066999594464, 38.280808999897957],
            [-84.434219999755342, 38.281146000064304],
            [-84.43451100000847, 38.281390999659308],
            [-84.434705000177232, 38.281556999867711],
            [-84.434942000003701, 38.281670000289481],
            [-84.435235999731574, 38.281785000350887],
            [-84.435420999679494, 38.281969000070198],
            [-84.435563999794624, 38.282229000350164],
            [-84.435701999886888, 38.282344000231213],
            [-84.435906999926317, 38.282451999935212],
            [-84.435989999766974, 38.282756000198127],
            [-84.436136000255175, 38.28291699994007],
            [-84.436436999655726, 38.283185000163876],
            [-84.436691999923866, 38.283353000273237],
            [-84.43738099966194, 38.283611000061974],
            [-84.43747299972344, 38.283623000062605],
            [-84.437667999717107, 38.283622000180138],
            [-84.4379339998559, 38.283646000175821],
            [-84.438339999736769, 38.283776000249617],
            [-84.438497999920514, 38.283801999954392],
            [-84.438825000158658, 38.283808999819101],
            [-84.439096000320305, 38.283653000055573],
            [-84.439354999888081, 38.283581999934682],
            [-84.440179000243702, 38.283631999709208],
            [-84.440345999749951, 38.283617000062513],
            [-84.441136999595287, 38.283729000217271],
            [-84.441587999681985, 38.283550000145468],
            [-84.44254900030495, 38.283269999801881],
            [-84.442660999559649, 38.283236000099642],
            [-84.442746999773362, 38.283526000118052],
            [-84.442844999682649, 38.28365900005268],
            [-84.442964000406647, 38.283732999741105],
            [-84.443253999936559, 38.283694000143392],
            [-84.44373099996254, 38.283700000137117],
            [-84.444063000223551, 38.283779999770907],
            [-84.444298000400181, 38.283982999864911],
            [-84.444381000240881, 38.284115999667399],
            [-84.444632000311046, 38.284304999895248],
            [-84.4447560001596, 38.28448900027859],
            [-84.444869999962421, 38.284738999914111],
            [-84.444707999580714, 38.285096000236386],
            [-84.444617000242417, 38.285413000271454],
            [-84.444530000203798, 38.285514999797044],
            [-84.444510999937222, 38.285610000194083],
            [-84.444627000288179, 38.285774000215845],
            [-84.444711999778661, 38.286150000311657],
            [-84.444462000431727, 38.286289000153985],
            [-84.444160000307946, 38.28641299995612],
            [-84.44343300003672, 38.286564000219542],
            [-84.443345999998073, 38.286642999676509],
            [-84.44319600021025, 38.286882999864567],
            [-84.442976999927126, 38.287152999920856],
            [-84.442848000055719, 38.28722700027803],
            [-84.442449999672434, 38.287447999656784],
            [-84.442251000379116, 38.28758799966171],
            [-84.442176000036056, 38.287896000273122],
            [-84.442191000104671, 38.288023000320919],
            [-84.44242399973318, 38.2882449999152],
            [-84.442623999749713, 38.288483000110745],
            [-84.442788999606151, 38.288628999820808],
            [-84.442916999652681, 38.2887419998101],
            [-84.443325000081671, 38.289223999928907],
            [-84.443544000364795, 38.289313999976763],
            [-84.443669999863175, 38.289429999717136],
            [-84.443633999878159, 38.2895459999772],
            [-84.443537999618698, 38.289697000068315],
            [-84.443160000225234, 38.29017500031663],
            [-84.44300600023945, 38.290587000255428],
            [-84.442888000238668, 38.290935999648653],
            [-84.442873000170053, 38.291237000300718],
            [-84.442810000420863, 38.291402000074513],
            [-84.442679000001291, 38.291539000182802],
            [-84.442218999693765, 38.291555999853969],
            [-84.441995000286084, 38.291586999866183],
            [-84.44190499987441, 38.291841999987454],
            [-84.441965000148841, 38.292213000145267],
            [-84.442124999982425, 38.29272099980853],
            [-84.442042000141754, 38.292967000277216],
            [-84.44185899984366, 38.293161000184732],
            [-84.441369000297186, 38.293771999913531],
            [-84.441278000060592, 38.293972000338762],
            [-84.441310999672567, 38.294076999742096],
            [-84.441757999561304, 38.294338999833322],
            [-84.44177699982788, 38.294631999805134],
            [-84.441549000222253, 38.294937999975673],
            [-84.4409409997767, 38.295398000352314],
            [-84.440606000040958, 38.295534999966833],
            [-84.440493999887948, 38.295585999685215],
            [-84.440364000191607, 38.295736999899155],
            [-84.440365999841433, 38.29601599967323],
            [-84.440592999622154, 38.296165000278066],
            [-84.440724999866632, 38.296385000228412],
            [-84.440662000117442, 38.296481999908082],
            [-84.440266000282321, 38.296698999790415],
            [-84.439789000256354, 38.297097999767928],
            [-84.439583000392034, 38.297129999929027],
            [-84.43935099969012, 38.297219000347006],
            [-84.439094999597089, 38.297227000022772],
            [-84.438923999892864, 38.297201000192068],
            [-84.438706000332971, 38.297034000108347],
            [-84.438501000293556, 38.296835999768497],
            [-84.438106000283355, 38.296534999780036],
            [-84.437738999862233, 38.296373000222673],
            [-84.437577000378838, 38.29636499974773],
            [-84.437392000430904, 38.296292999663741],
            [-84.436994999872567, 38.296253000056247],
            [-84.436833000389157, 38.296262999960177],
            [-84.436749999650175, 38.296311000043929],
            [-84.436692999748772, 38.296589000022145],
            [-84.436558999854469, 38.296684999726644],
            [-84.436349999617093, 38.296686000134116],
            [-84.436122000011466, 38.29676600025973],
            [-84.436021999554029, 38.296894999694857],
            [-84.435997000337991, 38.297034000108347],
            [-84.435880999987035, 38.297076000089554],
            [-84.435579999688173, 38.297118999743049],
            [-84.435123999578579, 38.297231000212825],
            [-84.434366000243514, 38.297498000062546],
            [-84.433886999669411, 38.297784999729508],
            [-84.433678000330346, 38.297977999761287],
            [-84.433448000176583, 38.298546000331541],
            [-84.433007000135618, 38.299058000162589],
            [-84.432831000408527, 38.299441999955931],
            [-84.43284099955595, 38.299569000242592],
            [-84.4329350001656, 38.299759999733354],
            [-84.433121999763344, 38.29999800023328],
            [-84.433254999832741, 38.300369999936471],
            [-84.43340999964343, 38.300679999877019],
            [-84.433613999857954, 38.300981999937001],
            [-84.433818000072421, 38.301143999777921],
            [-84.434264000136267, 38.301473999718631],
            [-84.434778999797075, 38.301864000020416],
            [-84.434859999987935, 38.30195100030604],
            [-84.434982000186679, 38.302629000026513],
            [-84.434973999790742, 38.302957999940581],
            [-84.434915000239528, 38.303146000127917],
            [-84.434782999995051, 38.303313999853039],
            [-84.434583999803408, 38.303440999705963],
            [-84.434350000350008, 38.303656000004736],
            [-84.434225999603129, 38.303852000148133],
            [-84.433987999951739, 38.304036000318675],
            [-84.433848000209665, 38.304158999804592],
            [-84.433797000156034, 38.304382999983233],
            [-84.433814999699393, 38.304522999743611],
            [-84.433905000111068, 38.304650999892331],
            [-84.434176000272728, 38.304797000204736],
            [-84.434456999581812, 38.305063999702078],
            [-84.434516999856257, 38.305209999888142],
            [-84.434706000002151, 38.305389999693695],
            [-84.434782999995051, 38.305552999845027],
            [-84.434706000002151, 38.305753999799677],
            [-84.434306999793975, 38.306060999865352],
            [-84.434030999609448, 38.306366000198373],
            [-84.434008000043235, 38.30649099980257],
            [-84.433979999555831, 38.306787999706806],
            [-84.434261999588145, 38.306848999828532],
            [-84.434584999628328, 38.306864999875074],
            [-84.434982000186679, 38.307017000141201],
            [-84.435133999624327, 38.307047999892063],
            [-84.435660999879019, 38.307207999759704],
            [-84.435736000222079, 38.307304000215794],
            [-84.435753999765438, 38.307664999816936],
            [-84.43583699960611, 38.307744000269125],
            [-84.436123999661277, 38.307875999976062],
            [-84.436410999716472, 38.308067000152072],
            [-84.436476999838703, 38.308180999725856],
            [-84.436416999564258, 38.308509000294983],
            [-84.436481999861584, 38.308680999845777],
            [-84.436864000351321, 38.309262000017128],
            [-84.436978999979033, 38.30946200003536],
            [-84.436949999666723, 38.309619000234179],
            [-84.436758999871017, 38.309777000320146],
            [-84.436248000408156, 38.310090999718987],
            [-84.436142999927853, 38.31020100016115],
            [-84.436112999790637, 38.310398999972577],
            [-84.436161000369523, 38.310530999781527],
            [-84.436261999753555, 38.310631999734746],
            [-84.436496000105279, 38.310808000035927],
            [-84.436681000053213, 38.311015000079855],
            [-84.436865000176212, 38.311136000002143],
            [-84.437143000010579, 38.31140300013007],
            [-84.437526000325207, 38.311795000310795],
            [-84.43772700016666, 38.311974999985971],
            [-84.437859000411137, 38.31217100020497],
            [-84.437888999650056, 38.31238400032413],
            [-84.43778999991585, 38.312648000229068],
            [-84.43741099979917, 38.313162000271561],
            [-84.437409000149344, 38.313252000230591],
            [-84.43751899975419, 38.313348999912513],
            [-84.438071999948164, 38.313820999790146],
            [-84.438425999950482, 38.31408100013671],
            [-84.439158000244589, 38.31448800025494],
            [-84.439602999585205, 38.314872000126819],
            [-84.439862999876198, 38.3151209999535],
            [-84.440031999930596, 38.315535000201365],
            [-84.440294999696334, 38.316428000311227],
            [-84.440247999840665, 38.316621000078264],
            [-84.439959000135673, 38.3170020002539],
            [-84.439861000226372, 38.317180000145527],
            [-84.439901000409336, 38.317301999771367],
            [-84.440255000411668, 38.317508000187203],
            [-84.440431999963678, 38.317625000077228],
            [-84.440461000276002, 38.317891000160785],
            [-84.440380000085156, 38.318118999959076],
            [-84.440089999656919, 38.318424000327006],
            [-84.439918999952695, 38.318839000141978],
            [-84.439865000424319, 38.319058000297638],
            [-84.439961999610404, 38.319262999856768],
            [-84.4403270003817, 38.319343999846012],
            [-84.440872000179723, 38.319454000347719],
            [-84.441748000413881, 38.319604000122212],
            [-84.441888000155956, 38.319773999961335],
            [-84.442109000088905, 38.319896000155708],
            [-84.442350000113336, 38.32014899997953],
            [-84.442719000184269, 38.320439999852375],
            [-84.443014999561967, 38.320578000175672],
            [-84.443272000378215, 38.320519999857297],
            [-84.443639999725946, 38.320536999785325],
            [-84.444023000040602, 38.320572999785519],
            [-84.444356999951424, 38.320886000286997],
            [-84.444674000143834, 38.321259000054162],
            [-84.444854999893806, 38.321578000093503],
            [-84.44483499980231, 38.321739999741737],
            [-84.444704000281078, 38.321827000147387],
            [-84.444264999889924, 38.322015000051586],
            [-84.443994999553198, 38.322191000209799],
            [-84.443944000397877, 38.322349999737085],
            [-84.444043999956975, 38.322482999689882],
            [-84.4442840001565, 38.323015999924408],
            [-84.444340000232998, 38.323287000164477],
            [-84.44430099987494, 38.323416999691204],
            [-84.444253000194351, 38.323609999881384],
            [-84.44388800032138, 38.324044000184706],
            [-84.443729000312729, 38.324243000279814],
            [-84.443756000076903, 38.324309999972868],
            [-84.444022000215682, 38.324505999971095],
            [-84.444181000224333, 38.324530999857238],
            [-84.444408000005055, 38.324500999851878],
            [-84.444700000083117, 38.324516000208483],
            [-84.445193999827509, 38.324382999757297],
            [-84.445331999919787, 38.324358999845927],
            [-84.445855999801424, 38.324433000310542],
            [-84.446366000337676, 38.324443999877943],
            [-84.446557999958287, 38.324358999845927],
            [-84.44664599982184, 38.324401000214159],
            [-84.446618000232746, 38.324481000076332],
            [-84.446547999912553, 38.324596999966317],
            [-84.446434000109718, 38.324832999971399],
            [-84.446311999910989, 38.325064999848536],
            [-84.446364999614445, 38.325224000119213],
            [-84.446558999783207, 38.325552999717999],
            [-84.44689799971691, 38.325799000194458],
            [-84.447054000250844, 38.325985999660034],
            [-84.44702599976344, 38.326089999937935],
            [-84.446826999571812, 38.326256000072277],
            [-84.446552999935435, 38.326619999740807],
            [-84.446481999790308, 38.326781000108788],
            [-84.446470000094735, 38.32707300012639],
            [-84.44633100017758, 38.32732200033189],
            [-84.446362999964634, 38.327471000051403],
            [-84.446332999827391, 38.327696000083108],
            [-84.4463470000711, 38.327800000021455],
            [-84.446464000246962, 38.328086000315643],
            [-84.446468000444924, 38.328361999775915],
            [-84.44645800039919, 38.328623000090907],
            [-84.446526000171261, 38.328795999814155],
            [-84.446623000255627, 38.328824000227463],
            [-84.447144999589113, 38.328782000308095],
            [-84.447455999933752, 38.328667000035217],
            [-84.447676999866687, 38.328663000169534],
            [-84.447800999715241, 38.328691999895604],
            [-84.448148000044881, 38.328830999976795],
            [-84.448369999802736, 38.328845000178042],
            [-84.448450000168663, 38.328959000206083],
            [-84.448462999689156, 38.329283999932279],
            [-84.448522000138695, 38.32940199979965],
            [-84.448705000436803, 38.329523000043402],
            [-84.448749999744308, 38.329627000178803],
            [-84.448936000415486, 38.330041000037859],
            [-84.448924999646508, 38.330335000196982],
            [-84.449024000279039, 38.330958000300598],
            [-84.449139999731671, 38.331122999922997],
            [-84.449262999755319, 38.331170000259164],
            [-84.449426999786851, 38.331138000318482],
            [-84.449995999874346, 38.330996999860893],
            [-84.450421999846682, 38.33088500009152],
            [-84.450658999673152, 38.330889999770328],
            [-84.450734999841117, 38.330931999877414],
            [-84.450832999750418, 38.331372000307461],
            [-84.450923999986998, 38.331472000192782],
            [-84.451067999927062, 38.331503000058731],
            [-84.451656000281105, 38.331465999921704],
            [-84.452211999949796, 38.331477999758725],
            [-84.452370000133556, 38.331549000221862],
            [-84.452462000195055, 38.331824999882599],
            [-84.45244700012644, 38.332029999979156],
            [-84.452196999881195, 38.332613000318574],
            [-84.45216000007126, 38.332953999792245],
            [-84.452216000147772, 38.333041000126364],
            [-84.452438999730518, 38.333149999668571],
            [-84.452828999717866, 38.333284000141767],
            [-84.453053000023857, 38.333302999699754],
            [-84.453424999569521, 38.333301999797293],
            [-84.453696999556101, 38.333366999768955],
            [-84.453814999556855, 38.333436999889969],
            [-84.453811000257204, 38.333518000247686],
            [-84.453751999807665, 38.333741000033854],
            [-84.45365800009634, 38.334028000028397],
            [-84.453689000058475, 38.334245000317985],
            [-84.453844999694098, 38.334397000263735],
            [-84.454043000060821, 38.334527000298074],
            [-84.45406700035025, 38.334658999866697],
            [-84.454022999969311, 38.334773999791295],
            [-84.453814999556855, 38.335085999690698],
            [-84.45352099982901, 38.335357999771581],
            [-84.453493000239916, 38.335447999656445],
            [-84.453583999578186, 38.335517000009197],
            [-84.453841000394448, 38.335604000084579],
            [-84.454273000214584, 38.335807000323911],
            [-84.454842000302065, 38.33597300004493],
            [-84.455155000296514, 38.336041999897674],
            [-84.455413000039385, 38.336220000245916],
            [-84.455922999677313, 38.33649599973112],
            [-84.456297999596032, 38.336760999763939],
            [-84.456393999855507, 38.337060000096997],
            [-84.456414999771894, 38.337362999991086],
            [-84.456203999884707, 38.337561000311702],
            [-84.456207000257749, 38.337673000331726],
            [-84.456345000350026, 38.337762000318541],
            [-84.456459000152819, 38.337882000151424],
            [-84.456473000396542, 38.338004000165299],
            [-84.456346000174918, 38.338379000284824],
            [-84.456348999649677, 38.338510999881905],
            [-84.456721999918571, 38.338938000256782],
            [-84.456904000391745, 38.339095000039052],
            [-84.456865999858607, 38.339327999878641],
            [-84.456541000168599, 38.339689999787929],
            [-84.456202000234882, 38.340133000010674],
            [-84.456146000158384, 38.340326000074839],
            [-84.456213999930455, 38.340530000273752],
            [-84.456321000060584, 38.340767000332534],
            [-84.456506999833408, 38.340811999747778],
            [-84.456721000093651, 38.340960000116823],
            [-84.456900000193798, 38.341207000226028],
            [-84.456906000041585, 38.341464000210117],
            [-84.456807000307379, 38.341723000264025],
            [-84.456871999706379, 38.342098999937591],
            [-84.456942999851492, 38.34262799984095],
            [-84.457135000370442, 38.342807999755593],
            [-84.457634000137716, 38.343087999986359],
            [-84.457787000298595, 38.343109999797605],
            [-84.45834200014238, 38.343188999673167],
            [-84.458790999680957, 38.343388999802329],
            [-84.459102999850472, 38.34371100035078],
            [-84.459128999789755, 38.343932000253318],
            [-84.459138000010569, 38.344526999728714],
            [-84.459387000430937, 38.344887999983634],
            [-84.459496000210876, 38.345143000111776],
            [-84.459488999639859, 38.345438999759125],
            [-84.459373000187227, 38.346081999790094],
            [-84.459406999624093, 38.346460999953678],
            [-84.459562000333108, 38.34693299980659],
            [-84.459921000358307, 38.347453999862545],
            [-84.460637999685474, 38.348132000320362],
            [-84.460891000303789, 38.348424999943333],
            [-84.460708999830601, 38.34866900018428],
            [-84.4602309999797, 38.349057000179506],
            [-84.459445000157245, 38.349524000220519],
            [-84.459311000262943, 38.349498999798321],
            [-84.459106000223542, 38.349445000209499],
            [-84.458743999825273, 38.349537000267617],
            [-84.458585999641528, 38.349690999888921],
            [-84.458479000409724, 38.349926999889995],
            [-84.45816899989002, 38.350393000290211],
            [-84.457814000062768, 38.350646999690156],
            [-84.457676999795424, 38.350783000234117],
            [-84.457674000320694, 38.351401000255265],
            [-84.457795999621112, 38.351484000261067],
            [-84.458367000256743, 38.351816999684274],
            [-84.459266999882018, 38.352093000330456],
            [-84.460297999926851, 38.352569999702226],
            [-84.461230000237506, 38.352839000049102],
            [-84.461410999987478, 38.353058999943528],
            [-84.461689999646737, 38.353479999943396],
            [-84.461755999768954, 38.353818999879387],
            [-84.461641000141228, 38.354397999728008],
            [-84.461343000215408, 38.355354999682312],
            [-84.46130300003243, 38.355768999753174],
            [-84.461359999933833, 38.356004000081022],
            [-84.461468999713787, 38.356222999930736],
            [-84.461653999661721, 38.356498999984751],
            [-84.462048999671936, 38.357096000323182],
            [-84.462108000121475, 38.357243999821421],
            [-84.462204000380936, 38.357478000019569],
            [-84.462341999574889, 38.357647999767458],
            [-84.462626000155325, 38.357996000194291],
            [-84.462700999600088, 38.358371999917011],
            [-84.462642999873779, 38.358713000002183],
            [-84.462736999585104, 38.359092999822302],
            [-84.462729999912398, 38.359210999742459],
            [-84.46272300023972, 38.359337000041791],
            [-84.462632000003111, 38.360204000214104],
            [-84.462354000168773, 38.360698000053439],
            [-84.461914999777633, 38.361950000121105],
            [-84.461922000348636, 38.362152000276076],
            [-84.462112000319436, 38.362445000224412],
            [-84.462512000352504, 38.363011999871802],
            [-84.462777999592973, 38.363554000212766],
            [-84.46283200001966, 38.363961000009972],
            [-84.462774000293322, 38.364357999964447],
            [-84.462695999577207, 38.36458799971183],
            [-84.462662000140341, 38.364683000067956],
            [-84.462503000131676, 38.364900000087516],
            [-84.462293000069408, 38.365043999861463],
            [-84.462098999900647, 38.365084000256523],
            [-84.461858999701121, 38.36513199985621],
            [-84.461730999654606, 38.365180000128376],
            [-84.461425000231159, 38.365344999984856],
            [-84.461201999750102, 38.365485999794686],
            [-84.460908999847135, 38.365669999882641],
            [-84.460744999815603, 38.36579500005076],
            [-84.460642999708355, 38.365877000302966],
            [-84.460593000377955, 38.365958999757922],
            [-84.46057699958611, 38.36605800034183],
            [-84.460590000004899, 38.366136999835554],
            [-84.460622999616859, 38.366205999830981],
            [-84.460668999647638, 38.366297000275637],
            [-84.460930999588456, 38.366599999708434],
            [-84.46111200023671, 38.367302000277803],
            [-84.461097000168124, 38.36761300009033],
            [-84.461016999802169, 38.367975000188657],
            [-84.460934999786403, 38.368231000138017],
            [-84.460876000235174, 38.368678000217059],
            [-84.460769999929951, 38.368953999974451],
            [-84.460651999929198, 38.369233999826527],
            [-84.460620000142143, 38.36940199992209],
            [-84.460593000377955, 38.369657999753748],
            [-84.460593000377955, 38.369759999814065],
            [-84.460543999974149, 38.369939999901234],
            [-84.460702000157895, 38.370229999725922],
            [-84.460868999664157, 38.370489999819341],
            [-84.460948000205207, 38.370622000050972],
            [-84.461072999878667, 38.370710000306431],
            [-84.461060000358188, 38.370819000210354],
            [-84.461060000358188, 38.370956999659363],
            [-84.461108999863683, 38.371069000151692],
            [-84.461079999551359, 38.371189999815954],
            [-84.461036999893651, 38.371305000194042],
            [-84.46095800025094, 38.371559000179438],
            [-84.460912000220191, 38.371776000006996],
            [-84.460840000250158, 38.37195000027495],
            [-84.460835000227306, 38.372184000121266],
            [-84.460745999640523, 38.37248400006338],
            [-84.460569999913432, 38.372579999979351],
            [-84.460444000415038, 38.372593000112239],
            [-84.460419000300689, 38.372670000093002],
            [-84.460415999927619, 38.372731999761896],
            [-84.460363000224177, 38.37281399990124],
            [-84.460237999652406, 38.372833999714949],
            [-84.460133000070428, 38.372833999714949],
            [-84.459945999574359, 38.372833999714949],
            [-84.459804000182444, 38.372856999705256],
            [-84.459712000120945, 38.372859999887162],
            [-84.459604000165896, 38.372882999869155],
            [-84.459423000415953, 38.372929999870848],
            [-84.459245000140697, 38.372988999844821],
            [-84.459091000154928, 38.373014999961292],
            [-84.4589070000319, 38.373083999737545],
            [-84.458762000266958, 38.373149999982516],
            [-84.458587000364759, 38.37329100008013],
            [-84.458476000036683, 38.373584000008556],
            [-84.458385999625008, 38.373955000227504],
            [-84.458471999838721, 38.374326999993059],
            [-84.458359999685726, 38.374748000258556],
            [-84.458428000356108, 38.374924999814411],
            [-84.458618000326908, 38.375146000227595],
            [-84.458757000244077, 38.375482000043654],
            [-84.458911000229875, 38.375971999766087],
            [-84.458900000359208, 38.376458000351974],
            [-84.459041999751122, 38.376623999856285],
            [-84.459307000064996, 38.376733000006659],
            [-84.45944199978419, 38.376755000159214],
            [-84.45956800018088, 38.376805999782988],
            [-84.459926000381188, 38.376878000184782],
            [-84.45997800025971, 38.376999999997821],
            [-84.460005000023898, 38.377406000237741],
            [-84.460316000368522, 38.378052000148067],
            [-84.460395999836152, 38.378401000346521],
            [-84.460342000307776, 38.378480999729071],
            [-84.460343999957615, 38.3785469999805],
            [-84.459892999870888, 38.378973000218885],
            [-84.459906000289692, 38.378994999690356],
            [-84.46007399962086, 38.3790219997367],
            [-84.460359000026216, 38.379125999925378],
            [-84.461291000336857, 38.37951100016231],
            [-84.461845000355737, 38.38005500009713],
            [-84.462204000380936, 38.380651999802936],
            [-84.462524999872997, 38.381556000180566],
            [-84.462617999759416, 38.382052999846415],
            [-84.462554000185307, 38.382296000191324],
            [-84.462514000002329, 38.3824530003278],
            [-84.462520999675036, 38.382619000159835],
            [-84.462601000040976, 38.382889999945043],
            [-84.46273599976017, 38.383341999884699],
            [-84.462731999562223, 38.383562000023637],
            [-84.462577999576439, 38.383877999910105],
            [-84.462400000199523, 38.384172999725841],
            [-84.462370000062293, 38.384344000049239],
            [-84.462397999651373, 38.384456000239624],
            [-84.462503000131676, 38.384534000169118],
            [-84.462698999950263, 38.384639000076888],
            [-84.462853999760966, 38.384687999981615],
            [-84.463021999990445, 38.384771999741155],
            [-84.463148000387136, 38.384856000107291],
            [-84.463456000358718, 38.385128999743245],
            [-84.463504999864213, 38.385304000177641],
            [-84.46363799993361, 38.385737999821998],
            [-84.463868000087359, 38.385977000240459],
            [-84.464540000107021, 38.386743000198798],
            [-84.464689999894844, 38.38692400015028],
            [-84.464935999942142, 38.387055000108759],
            [-84.465299000165302, 38.387170999777204],
            [-84.465540000189719, 38.387247999733553],
            [-84.465691999627367, 38.387321000165166],
            [-84.465895000016957, 38.387472000100701],
            [-84.466042000330063, 38.387601000057067],
            [-84.466139000414444, 38.387704000026211],
            [-84.466273000308732, 38.387881000273126],
            [-84.466352999776348, 38.388113000294815],
            [-84.466458000256651, 38.388291999939511],
            [-84.466475999800011, 38.388438000029709],
            [-84.466463000279532, 38.388839000246236],
            [-84.466469000127304, 38.3889979999377],
            [-84.466510999960107, 38.389181000252577],
            [-84.466611000417544, 38.389336999693676],
            [-84.466842000396213, 38.389576000188669],
            [-84.467127999728163, 38.389962000253924],
            [-84.467163999713179, 38.390107999789016],
            [-84.46715200001762, 38.390200000270603],
            [-84.466931999909576, 38.390467999659407],
            [-84.466773999725845, 38.390589999787856],
            [-84.466768999702964, 38.390800999985863],
            [-84.466741000113885, 38.390976999883577],
            [-84.466819999756595, 38.391113999799515],
            [-84.467032000367013, 38.391313999904604],
            [-84.467232000383561, 38.391504000020106],
            [-84.467620999647664, 38.391873000274522],
            [-84.467740000371663, 38.39198599986706],
            [-84.467828000235201, 38.392159000315537],
            [-84.467813999991506, 38.392370000159787],
            [-84.467690000142966, 38.392880999940999],
            [-84.467710000234447, 38.392943999673641],
            [-84.46773500034881, 38.393010000105775],
            [-84.467779999656315, 38.393036999849137],
            [-84.467895000182381, 38.393107000023456],
            [-84.46806400023678, 38.393160000351777],
            [-84.468203999978854, 38.393155999823541],
            [-84.468513999600248, 38.393107000023456],
            [-84.468862999579699, 38.393024999651495],
            [-84.469390999659311, 38.392867999933451],
            [-84.469679000437708, 38.392855999707812],
            [-84.469936000355659, 38.392942999890622],
            [-84.470158000113514, 38.393123999814215],
            [-84.470300000403725, 38.393342000213714],
            [-84.470415000031466, 38.39352299984256],
            [-84.47050999956771, 38.393609999926902],
            [-84.470625999918653, 38.393742000219184],
            [-84.470666999926536, 38.393811999711048],
            [-84.470831999782988, 38.393932000291514],
            [-84.470989000141813, 38.393985000015107],
            [-84.471124999685941, 38.394021999892097],
            [-84.47131100035709, 38.394084000271462],
            [-84.471471000190661, 38.394154000136254],
            [-84.471554000031347, 38.394208000166735],
            [-84.471619000328673, 38.394295000130931],
            [-84.471821999819952, 38.394444000061121],
            [-84.47191200023164, 38.39463200017763],
            [-84.47203600008018, 38.394934999935707],
            [-84.472047999775754, 38.395208999999213],
            [-84.47186399965274, 38.395403999889915],
            [-84.471620999978498, 38.39560499984416],
            [-84.471399000220643, 38.395797000140313],
            [-84.471347000342092, 38.395977999959939],
            [-84.471383000327108, 38.396124000021082],
            [-84.471468999642525, 38.396239999926991],
            [-84.471609000282911, 38.396338000175838],
            [-84.471737000329441, 38.396434999853163],
            [-84.471944999843586, 38.396484000214052],
            [-84.472189000241059, 38.396490000026034],
            [-84.472359999945283, 38.396466000070923],
            [-84.472543000243391, 38.396497000275446],
            [-84.472652000023331, 38.396532999837689],
            [-84.472732000389271, 38.396593999739451],
            [-84.472805000184195, 38.396716999823383],
            [-84.472945999751204, 38.396945999771376],
            [-84.473199000369519, 38.398158999979152],
            [-84.473338000286674, 38.398355000069763],
            [-84.473632000014547, 38.398549999923496],
            [-84.473995000237707, 38.398803000292844],
            [-84.47444600032442, 38.399229999901365],
            [-84.474432999905616, 38.399423999813557],
            [-84.474428999707655, 38.399483000002945],
            [-84.474402999768415, 38.399756999726421],
            [-84.474264999676137, 38.400168999863446],
            [-84.474986000099591, 38.400347000255657],
            [-84.475175000245486, 38.400371000330402],
            [-84.475644999700449, 38.400510999786142],
            [-84.47634100000954, 38.400864999805165],
            [-84.47685900004339, 38.401085000140711],
            [-84.476993999762612, 38.401126999661486],
            [-84.477475999811446, 38.401401999859587],
            [-84.477670999805127, 38.401603000033781],
            [-84.477865999798794, 38.40186599969077],
            [-84.477982000149751, 38.401988000298871],
            [-84.478269000204932, 38.402122000094792],
            [-84.478481999741931, 38.40217100012098],
            [-84.478714000443844, 38.402305000281601],
            [-84.478983000057355, 38.402536999783202],
            [-84.479111000103885, 38.40261000026738],
            [-84.479294000401993, 38.402676999971852],
            [-84.479439999991854, 38.402708000328943],
            [-84.479629000137734, 38.402720000327342],
            [-84.479855000093551, 38.402744000318208],
            [-84.480190999654212, 38.402824000230098],
            [-84.48045299959503, 38.402939999945055],
            [-84.480806999597363, 38.403152999992912],
            [-84.481087999804757, 38.40338500029263],
            [-84.481271000102851, 38.40357400002582],
            [-84.481362000339459, 38.403745000230153],
            [-84.481355999593362, 38.403971000143031],
            [-84.481301000240094, 38.404142000112117],
            [-84.481061000040583, 38.404572000136213],
            [-84.481020999857606, 38.40481300019502],
            [-84.481056999842622, 38.404909999764008],
            [-84.481129999637545, 38.405025999651045],
            [-84.481265000255078, 38.405100000052123],
            [-84.481423000438824, 38.405129999755566],
            [-84.481959999840953, 38.40523399971044],
            [-84.482204000238426, 38.40541699976184],
            [-84.482441999889787, 38.405600000053788],
            [-84.482631000035681, 38.405752000140232],
            [-84.482784000196546, 38.405953999788174],
            [-84.482839000448138, 38.406239999739071],
            [-84.482912000243076, 38.406747000262271],
            [-84.48297300034244, 38.406984999933734],
            [-84.483161999590024, 38.4072169999002],
            [-84.483364000154694, 38.40735099985708],
            [-84.483650000384955, 38.407576999757339],
            [-84.483876000340771, 38.40766199996051],
            [-84.484058999740554, 38.407631999900225],
            [-84.484334000100162, 38.407583000056512],
            [-84.484565999903765, 38.407583000056512],
            [-84.484729999935297, 38.407606999840453],
            [-84.48484600028624, 38.407698999876942],
            [-84.485072000242056, 38.408064999704045],
            [-84.485523000328769, 38.409296999898551],
            [-84.485396000107144, 38.409562000230153],
            [-84.485434999566891, 38.410149000224244],
            [-84.485535000024328, 38.410322000147417],
            [-84.485738000413917, 38.410466000312766],
            [-84.486097000439116, 38.410532000234021],
            [-84.486726999727665, 38.410492000331615],
            [-84.48751099990028, 38.410463000282959],
            [-84.48806599974408, 38.410593000288955],
            [-84.488278000354498, 38.410692000326208],
            [-84.488455999731414, 38.411123999861246],
            [-84.488578999755063, 38.411216000347665],
            [-84.489090000116221, 38.411333000200237],
            [-84.489296999805461, 38.411379999853075],
            [-84.489460000012073, 38.411500999657271],
            [-84.489721999952891, 38.412299000190728],
            [-84.489861999694966, 38.412513999836513],
            [-84.49012700000884, 38.412715000079089],
            [-84.49017499968943, 38.412755000158732],
            [-84.490440000003304, 38.412999999811319],
            [-84.490930000448074, 38.414225999883222],
            [-84.491091999931456, 38.414374000069245],
            [-84.492610999872923, 38.414739999874229],
            [-84.493123000059001, 38.4148950002905],
            [-84.493650000313693, 38.415320999676368],
            [-84.494168000347543, 38.415711000222778],
            [-84.49469700025206, 38.416018999740459],
            [-84.494806999856934, 38.416214999965625],
            [-84.494908999964167, 38.416798000185537],
            [-84.495180999950733, 38.417097000029322],
            [-84.495513000211744, 38.417264000010825],
            [-84.495959000275604, 38.417356999866918],
            [-84.496372999654071, 38.417347999931479],
            [-84.496930999870898, 38.417238000317255],
            [-84.497417000117707, 38.417213000061636],
            [-84.497920000082942, 38.417304999833512],
            [-84.498388999713001, 38.417446999863344],
            [-84.499952999860326, 38.418221999846352],
            [-84.500188999861862, 38.418298999812002],
            [-84.500633000275883, 38.418250000163319],
            [-84.500921000155969, 38.418280000038386],
            [-84.501522999855425, 38.418565999770195],
            [-84.501953000025736, 38.418732999875033],
            [-84.502190999677097, 38.418702000057536],
            [-84.502645000136866, 38.418683999816821],
            [-84.502840000130533, 38.418780000344832],
            [-84.502941000412875, 38.418834999702767],
            [-84.503183000262197, 38.419056999782285],
            [-84.503498999731391, 38.419792999819776],
            [-84.50374399995377, 38.419926999681437],
            [-84.504476000247863, 38.420198999802246],
            [-84.504755999732041, 38.42037399980692],
            [-84.505237999780874, 38.420950000254464],
            [-84.505513000140496, 38.421146999866686],
            [-84.505812999716142, 38.421166999686541],
            [-84.506007999709823, 38.421100000233103],
            [-84.506208999551262, 38.420878000097787],
            [-84.506346999643526, 38.420727999658205],
            [-84.506633999698721, 38.42052599978458],
            [-84.506977999655305, 38.420417000189545],
            [-84.507280999603992, 38.420400999886517],
            [-84.507567999659173, 38.420487999996091],
            [-84.50872699975055, 38.421115999677546],
            [-84.50899100023949, 38.421284000316348],
            [-84.50937100018109, 38.42185199985046],
            [-84.509612000205522, 38.422211999988434],
            [-84.509849999856897, 38.422419999844685],
            [-84.510120000193638, 38.422542000239588],
            [-84.510721999893079, 38.422632000110362],
            [-84.510941000176203, 38.422700000329385],
            [-84.511087999590984, 38.422882999783205],
            [-84.511615999670568, 38.424066000048967],
            [-84.511660000051506, 38.424669999849925],
            [-84.511700000234484, 38.424994999914226],
            [-84.511818000235252, 38.425223000305621],
            [-84.512363000033289, 38.425723999739091],
            [-84.512754999670449, 38.426111999664222],
            [-84.513009999938589, 38.426267000312201],
            [-84.513158000076572, 38.426300999774227],
            [-84.513411999621496, 38.426242999688824],
            [-84.513897000043386, 38.425988000313822],
            [-84.514386999589831, 38.425768999817308],
            [-84.514754000010939, 38.425677000268699],
            [-84.51606799991302, 38.425475000160063],
            [-84.516124999814423, 38.425785000338841],
            [-84.516237999792324, 38.425941000311461],
            [-84.516507000304159, 38.426054000130797],
            [-84.516888999895585, 38.42614099976533],
            [-84.517114999851373, 38.426158000231766],
            [-84.517401999906554, 38.426218999761183],
            [-84.517575999983833, 38.426296999672743],
            [-84.517757999558725, 38.426436000253716],
            [-84.517957999575259, 38.426678999917876],
            [-84.518123000330021, 38.426975000335858],
            [-84.518340000064981, 38.427322000129905],
            [-84.518504999921447, 38.427521999981892],
            [-84.518678999998713, 38.427695999831805],
            [-84.518991000168242, 38.427842999863643],
            [-84.519433999859032, 38.42794800020588],
            [-84.51985099961054, 38.428000000318853],
            [-84.520190000442568, 38.428000000318853],
            [-84.520433000116824, 38.427974000267042],
            [-84.520788999768982, 38.427887000025656],
            [-84.521198000022892, 38.427877999994728],
            [-84.52182300018687, 38.427887000025656],
            [-84.522204999778296, 38.427974000267042],
            [-84.522595999590536, 38.428181999715591],
            [-84.522822000444663, 38.42833000016288],
            [-84.523116999997441, 38.428668999839893],
            [-84.523317000013975, 38.429103000227798],
            [-84.523404000052622, 38.4293979998764],
            [-84.523500000312097, 38.429945000169944],
            [-84.523620999787596, 38.430684000342708],
            [-84.523751000382248, 38.431040000249169],
            [-84.524020999820678, 38.431309000170764],
            [-84.524385999693649, 38.431431000328054],
            [-84.524707000084035, 38.431405000104135],
            [-84.524933000039837, 38.431405000104135],
            [-84.525262999752727, 38.43151799981829],
            [-84.525627999625712, 38.431777999821598],
            [-84.525786999634363, 38.431987000222755],
            [-84.525952000389111, 38.432076000341198],
            [-84.526130999590947, 38.432178000326296],
            [-84.526282999926906, 38.432278000282139],
            [-84.526391999706846, 38.432412000202874],
            [-84.526462000027053, 38.432589999986099],
            [-84.526539999844857, 38.432864000138927],
            [-84.526621999860623, 38.433024999962072],
            [-84.526756999579831, 38.433119999794179],
            [-84.526939000053034, 38.433185000199856],
            [-84.527125999650792, 38.433207000064101],
            [-84.52763399963888, 38.433225000203912],
            [-84.527760000035585, 38.433228999921646],
            [-84.52794800035656, 38.433249999843333],
            [-84.526499999661894, 38.438072000114595],
            [-84.526436999912704, 38.438427000325873],
            [-84.52642000019425, 38.439204999890563],
            [-84.52694499990082, 38.443347999885823],
            [-84.527108999932338, 38.445030999874959],
            [-84.527067000099549, 38.445788000238174],
            [-84.526984000258864, 38.446330999784074],
            [-84.526127000291297, 38.448163999907784],
            [-84.526119999720279, 38.448450000188949],
            [-84.526118999895388, 38.448578999649605],
            [-84.526092000131186, 38.449249000256494],
            [-84.526205999934021, 38.449842000250648],
            [-84.526600999944222, 38.450648000310551],
            [-84.527640000385006, 38.452369000224927],
            [-84.529244999641875, 38.454857000012872],
            [-84.530273000211992, 38.456647000341171],
            [-84.530439999718254, 38.456911999995249],
            [-84.530884999957166, 38.457662999874586],
            [-84.531421000432715, 38.458416999822042],
            [-84.531931999895548, 38.458885999911153],
            [-84.532614999785835, 38.459299000047572],
            [-84.533163999781848, 38.459549000006653],
            [-84.535914999609602, 38.460813999711505],
            [-84.539636000281178, 38.462522999893075],
            [-84.541729000333007, 38.463531000073367],
            [-84.543917999745986, 38.4647350002897],
            [-84.544389999749086, 38.465087999789802],
            [-84.544912999805831, 38.465481000087884],
            [-84.545705000374383, 38.46608799998031],
            [-84.546192000446098, 38.466590000140521],
            [-84.546400999785178, 38.466800999952234],
            [-84.546859000442879, 38.467517999835962],
            [-84.547129999706215, 38.468096000051759],
            [-84.547504999624934, 38.469426999916024],
            [-84.548079999560201, 38.471412999682521],
            [-84.548855000410327, 38.474056000217168],
            [-84.549110999605048, 38.474809000336819],
            [-84.549427999797459, 38.47553200034411],
            [-84.549895999602612, 38.476379999667259],
            [-84.551064999739722, 38.478152000147638],
            [-84.55122899977124, 38.478521000155936],
            [-84.551391999977866, 38.479015000272582],
            [-84.55146399994787, 38.479313999827482],
            [-84.551520999849288, 38.479662999731296],
            [-84.551598999667092, 38.480209000229273],
            [-84.551730000086664, 38.481275000231754],
            [-84.551839999691509, 38.481849999990921],
            [-84.551932999577943, 38.482553999968324],
            [-84.552006000271192, 38.483115000191376],
            [-84.552055999601578, 38.483376999819981],
            [-84.552099000157611, 38.483594000042061],
            [-84.552185000371324, 38.48392400024219],
            [-84.552234999701724, 38.484385000310382],
            [-84.55283800012441, 38.488677999988127],
            [-84.552925000163029, 38.489449999977708],
            [-84.552996000308141, 38.489914999944865],
            [-84.553081999623558, 38.490164999934358],
            [-84.553134000400419, 38.490307000076534],
            [-84.553223000088863, 38.490505999913793],
            [-84.55344800021976, 38.490848000222861],
            [-84.553659999931867, 38.491154999952386],
            [-84.553786000328586, 38.491351000075838],
            [-84.554045999721254, 38.491604000178711],
            [-84.554600999565039, 38.491975999678083],
            [-84.554931000176225, 38.492181999943043],
            [-84.555230999751885, 38.492299999877282],
            [-84.555660000097291, 38.49255300016334],
            [-84.556059000305439, 38.492656000247706],
            [-84.556430000026225, 38.492734999878124],
            [-84.557102999870779, 38.492865000096025],
            [-84.557374999857345, 38.492916999836226],
            [-84.558046000052073, 38.492922000268983],
            [-84.558061000120674, 38.492759999992302],
            [-84.558017999564683, 38.492620000084784],
            [-84.558014000265032, 38.492601000186873],
            [-84.557996999648282, 38.49251600013811],
            [-84.558770999775163, 38.492166999895844],
            [-84.558853999615849, 38.492128000039749],
            [-84.558969999966806, 38.492124999887722],
            [-84.559322000319298, 38.492116999950362],
            [-84.55947399975696, 38.492113999797809],
            [-84.559704999735644, 38.492077000250198],
            [-84.559826999934359, 38.492058000209099],
            [-84.559994000338946, 38.49206099966085],
            [-84.560169000241132, 38.492070000124606],
            [-84.56033800029553, 38.49210100007295],
            [-84.560463999793924, 38.492162000113808],
            [-84.560561999703211, 38.492249000209476],
            [-84.560673999856206, 38.492378000085225],
            [-84.562691999564962, 38.490435999913558],
            [-84.562776000128864, 38.49035500019005],
            [-84.56350599987482, 38.48965300017823],
            [-84.567938000025777, 38.485278999714041],
            [-84.569881000289797, 38.483362999987413],
            [-84.570004000313432, 38.483240999723698],
            [-84.573598999689978, 38.479720999787361],
            [-84.578542000202091, 38.474935000322823],
            [-84.579468999591569, 38.47405500015013],
            [-84.580102000151456, 38.473454000256062],
            [-84.580538999994474, 38.473039000132893],
            [-84.580856000186884, 38.47273099980552],
            [-84.586247000412641, 38.467490000338216],
            [-84.594731999699562, 38.459243000286904],
            [-84.602650000345434, 38.451542999847369],
            [-84.604218999617302, 38.450012999983173],
            [-84.607527999661912, 38.446801000087007],
            [-84.612933000131392, 38.441547000263363],
            [-84.612968000291488, 38.441513000240299],
            [-84.613001999728368, 38.441479000201227],
            [-84.613057999804866, 38.441422999977796],
            [-84.613117000254405, 38.44136299974047],
            [-84.61415900016992, 38.440356999777897],
            [-84.614263999751884, 38.440255000089984],
            [-84.61431399998061, 38.440205999857497],
            [-84.614328000224305, 38.440192000086547],
            [-84.614339000094972, 38.44018200034899],
            [-84.614428999608336, 38.440094000206422],
            [-84.614539000111492, 38.439985999724975],
            [-84.616961999876224, 38.437622000152253],
            [-84.618021000408476, 38.436598000126111],
            [-84.618547999764857, 38.436085999943728],
            [-84.62236700034569, 38.432371999748433],
            [-84.622482999798336, 38.432259999906258],
            [-84.623583000338471, 38.431191000341634],
            [-84.624057999816301, 38.430855999686415],
            [-84.624154999900682, 38.430786000182991],
            [-84.624375999833617, 38.430627000224312],
            [-84.624491000359669, 38.430558999727936],
            [-84.624549999910897, 38.430524000192584],
            [-84.624609000360437, 38.43048899993655],
            [-84.624744999904564, 38.430407999721311],
            [-84.624929000027578, 38.43029800029128],
            [-84.625060000447164, 38.430217999832891],
            [-84.625217999732584, 38.430121999728833],
            [-84.625404000403734, 38.430007999967245],
            [-84.625570999909996, 38.429914000238306],
            [-84.629444000019205, 38.427773000254454],
            [-84.63079700027933, 38.427026999741926],
            [-84.631834000171949, 38.426446999807247],
            [-84.641895000200066, 38.420809000173584],
            [-84.645272000016718, 38.418913999974116],
            [-84.649459999770215, 38.416567000169792],
            [-84.649559000402732, 38.416488000147254],
            [-84.652164999567233, 38.414353000289609],
            [-84.66030199959792, 38.407692000008396],
            [-84.66223800018922, 38.406109000044822],
            [-84.663022000361863, 38.405457999971382],
            [-84.663198000088954, 38.405309000214537],
            [-84.66685799976284, 38.402267000061642],
            [-84.672962999841062, 38.397191000216161],
            [-84.680331999592624, 38.391157999799695],
            [-84.680375000148643, 38.391121999673544],
            [-84.680420000354488, 38.391084999720768],
            [-84.680437999897833, 38.391069999772569],
            [-84.680509999867866, 38.391012000272248],
            [-84.68053599980712, 38.390991000041062],
            [-84.681555000156393, 38.390157000213129],
            [-84.681844999686305, 38.389919000054981],
            [-84.682178999597156, 38.389646000192897],
            [-84.688595000020001, 38.384380000028777],
            [-84.692684000039293, 38.380989000051585],
            [-84.693026000346052, 38.380705000104889],
            [-84.699672000024336, 38.375131999819949],
            [-84.705987999989759, 38.370101999878571],
            [-84.706065999807535, 38.370062000143918],
            [-84.718051999658002, 38.363935000162328],
            [-84.718263000443514, 38.363825000270033],
            [-84.723564000257596, 38.361076999796552],
            [-84.737423999876754, 38.354025000054406],
            [-84.739476999745619, 38.352982999863436],
            [-84.740594000004194, 38.35241500022439],
            [-84.74051899966112, 38.351249999712188],
            [-84.740419999926914, 38.349883000174991],
            [-84.74039099961459, 38.349529000022166],
            [-84.740384999766817, 38.349406000011783],
            [-84.740030999764485, 38.344258000211248],
            [-84.739684000333156, 38.338035000055235],
            [-84.739679000310304, 38.33795799987233],
            [-84.739461999677005, 38.33404600020377],
            [-84.739347999874184, 38.332538999749765],
            [-84.739037000427885, 38.328433999737967],
            [-84.738988000024079, 38.32765700015586],
            [-84.738647000440551, 38.322294000240326],
            [-84.738588999815903, 38.321604999707638],
            [-84.738240999661357, 38.317467000175057],
            [-84.738121999835684, 38.316011999946475],
            [-84.738044000017865, 38.313315000205868],
            [-84.73792099999423, 38.309291999984566],
            [-84.737917999621175, 38.30909099996596],
            [-84.737916999796255, 38.309051999897854],
            [-84.737782999901953, 38.29859799972467],
            [-84.737771000206394, 38.297696000005821],
            [-84.737734000396486, 38.297129999929027],
            [-84.737670999748971, 38.296248999812271],
            [-84.737621000418571, 38.295552999830036],
            [-84.737561000144112, 38.294720000032491],
            [-84.737512999565226, 38.294043000166788],
            [-84.737469999907518, 38.293451999778711],
            [-84.737423999876754, 38.292807999777231],
            [-84.737366999975364, 38.29202000029035],
            [-84.737303000401255, 38.291244000153441],
            [-84.737280999761637, 38.290978000339294],
            [-84.73714799969224, 38.289481000200766],
            [-84.736120000020435, 38.2778549997889],
            [-84.736090999708125, 38.277469000073566],
            [-84.735883000193979, 38.27503400030502],
            [-84.735685999652176, 38.272686000091703],
            [-84.735601999986585, 38.271670000281503],
            [-84.735597999788624, 38.271656000326431],
            [-84.735543000435356, 38.270990999704956],
            [-84.735444999627759, 38.269782999788291],
            [-84.73523999958833, 38.267479000163725],
            [-84.735198999580447, 38.266935999778937],
            [-84.735077000280029, 38.265470000270859],
            [-84.734981000020568, 38.26432099982172],
            [-84.734907000400725, 38.263428000180625],
            [-84.73476400028558, 38.261953000192449],
            [-84.734725999752428, 38.261573999781227],
            [-84.734707000384162, 38.261377000240053],
            [-84.734586000010353, 38.260137000313456],
            [-84.73457699978951, 38.260052999901163],
            [-84.734553000398392, 38.25980500033409],
            [-84.734534999956722, 38.259618999750579],
            [-84.734512000390495, 38.259388999773719],
            [-84.73427899986369, 38.256441000339805],
            [-84.734269999642862, 38.256329999972472],
            [-84.734261000320345, 38.256208000104031],
            [-84.734253999749328, 38.256117999931021],
            [-84.734191999825043, 38.255341000220945],
            [-84.734158000388177, 38.254912000119262],
            [-84.73413599974856, 38.254632999675678],
            [-84.7341180002052, 38.254408000153255],
            [-84.734066000326678, 38.253759999696243],
            [-84.734016000097952, 38.253123000315476],
            [-84.733981999762776, 38.252686999775207],
            [-84.733929000059319, 38.252021999738467],
            [-84.733857999914207, 38.251128999892423],
            [-84.733818999556149, 38.250622999823236],
            [-84.733785999944175, 38.250223999781504],
            [-84.733758000355095, 38.249867000152236],
            [-84.733744000111386, 38.24967700024321],
            [-84.733591999775427, 38.247768000080548],
            [-84.733580999904774, 38.24762400009854],
            [-84.733021000038121, 38.240748999767497],
            [-84.733001999771545, 38.240518000268715],
            [-84.732996999748678, 38.240464999721247],
            [-84.732918999930874, 38.239502000018518],
            [-84.732903000037339, 38.239304000120896],
            [-84.732898999839392, 38.239254000168401],
            [-84.732897000189567, 38.239228000038381],
            [-84.732769000143037, 38.237663000165163],
            [-84.732754999899356, 38.23748499997032],
            [-84.732550999684833, 38.234989000085086],
            [-84.732518999897778, 38.234596999980887],
            [-84.732430000209348, 38.233510999744318],
            [-84.732241000063453, 38.231192000251951],
            [-84.732041999871825, 38.228745999751261],
            [-84.730989000085671, 38.216338000207593],
            [-84.730312000043142, 38.208361999844207],
            [-84.730288999578605, 38.208301999782911],
            [-84.727925000263454, 38.202360999909523],
            [-84.727329000411785, 38.200860999656449],
            [-84.727252000418886, 38.200667999938233],
            [-84.727212000235923, 38.200567999828159],
            [-84.726862000431552, 38.199697999781726],
            [-84.726253000161094, 38.198155000111356],
            [-84.72556299969979, 38.196418999826861],
            [-84.725238000009782, 38.195601000036632],
            [-84.725167999689575, 38.195425999754001],
            [-84.725549000354391, 38.195279999837851],
            [-84.725760000241593, 38.195198999801647],
            [-84.726122999566442, 38.195058999683525],
            [-84.727762999881733, 38.194429000057347],
            [-84.728054000134861, 38.19431800033508],
            [-84.728171000310738, 38.194272999731652],
            [-84.728434000076462, 38.194172000315596],
            [-84.729157000149755, 38.193892999802678],
            [-84.729649000244322, 38.193697000141768],
            [-84.729788999986411, 38.193648000320643],
            [-84.729910000360235, 38.193605000133473],
            [-84.734406000085301, 38.191874000183077],
            [-84.734541999629414, 38.191821000201138],
            [-84.734613999599446, 38.191792999888676],
            [-84.734754000239846, 38.191736999937554],
            [-84.734806999943288, 38.191717000297587],
            [-84.740223000283422, 38.189643999745336],
            [-84.747001000206211, 38.187029000110492],
            [-84.747124000229846, 38.18698499974586],
            [-84.747258999949054, 38.186934000044097],
            [-84.747428000003453, 38.186870000063308],
            [-84.747685999746309, 38.186770000069032],
            [-84.748957999815588, 38.186279999665992],
            [-84.749488000443321, 38.186075000270257],
            [-84.75006800040147, 38.185851000274397],
            [-84.754784000234537, 38.184015000184338],
            [-84.756048999732798, 38.183527000009853],
            [-84.768716999648632, 38.178606999843723],
            [-84.771846999593109, 38.177401999851369],
            [-84.773399999869767, 38.176806000111796],
            [-84.778008999572734, 38.175030000168412],
            [-84.780601000290147, 38.174030000313209],
            [-84.781832000351557, 38.173555000147751],
            [-84.782953999734673, 38.173121000028551],
            [-84.783197000307226, 38.173027000179658],
            [-84.783441999631293, 38.172932000216775],
            [-84.785178000206074, 38.172253999807261],
            [-84.786321000403902, 38.171815999676667],
            [-84.788407999709634, 38.171008999939417],
            [-84.788703000160737, 38.170895999799477],
            [-84.788811999940691, 38.170854000327807],
            [-84.789344000218236, 38.170645999829823],
            [-84.804347999860155, 38.164840000324844],
            [-84.806604999943517, 38.163995000200259],
            [-84.806722999944284, 38.163948999819574],
            [-84.806840000120147, 38.163903000116179],
            [-84.807052999657174, 38.163820000270839],
            [-84.807138999870915, 38.163785999787827],
            [-84.807264000442686, 38.163737000331011],
            [-84.807342000260491, 38.163707000286998],
            [-84.80741800042847, 38.163677000230592],
            [-84.810738000343719, 38.162378999859669],
            [-84.814747999821975, 38.160811999765599],
            [-84.814981000348794, 38.160722999677631],
            [-84.815875999951189, 38.160375000266939],
            [-84.821823999670571, 38.158071999707218],
            [-84.823221000311634, 38.157531000070925],
            [-84.823366000076575, 38.157474999921156],
            [-84.827769999740141, 38.155770000101548],
            [-84.828197000435722, 38.155604000165454],
            [-84.828625999882789, 38.155439000084336],
            [-84.829909999647626, 38.154941999947312],
            [-84.831199000333655, 38.154447999988079],
            [-84.835032000259886, 38.152957999797351],
            [-84.835132999643918, 38.152918999976606],
            [-84.836417000307065, 38.152429999693823],
            [-84.837005999587717, 38.152199999871698],
            [-84.841078999713474, 38.150617999779982],
            [-84.845125000075058, 38.149041999794782],
            [-84.846244999808363, 38.148606000027065],
            [-84.846643000191619, 38.148451999739081],
            [-84.847439999884728, 38.148142000347825],
            [-84.848508999564416, 38.147727999826351],
            [-84.849132999903475, 38.147488000127311],
            [-84.849271999820658, 38.147434999651722],
            [-84.849385999623479, 38.147385999804186],
            [-84.853760999873003, 38.145687000162923],
            [-84.853914000033882, 38.145627999707337],
            [-84.855684999870434, 38.144942000222969],
            [-84.855790000350737, 38.144901000306945],
            [-84.855883000237156, 38.144863999759913],
            [-84.85731099994203, 38.144302999705808],
            [-84.863606999815971, 38.141831000262762],
            [-84.864236000177911, 38.141589999816688],
            [-84.864684999716488, 38.141417999676975],
            [-84.864804000440486, 38.141373000316996],
            [-84.865166999765322, 38.138388000341607],
            [-84.865340999842601, 38.137653999649515],
            [-84.865721999609107, 38.136054999943624],
            [-84.865735000027897, 38.135986000128888],
            [-84.866002999816502, 38.134627000311418],
            [-84.865975000227408, 38.132110000087458],
            [-84.865878999967947, 38.13093200018799],
            [-84.865597999760553, 38.128184999811111],
            [-84.8654119999877, 38.126402999652271],
            [-84.865129000130494, 38.124054999814334],
            [-84.864852000121047, 38.123455000176769],
            [-84.864064999575362, 38.122412999908448],
            [-84.863760999801755, 38.122011000213604],
            [-84.863569000181144, 38.121683000348881],
            [-84.863369000164582, 38.121341999802013],
            [-84.863363000316809, 38.121072000330464],
            [-84.863385000058116, 38.120916999881736],
            [-84.863441999959534, 38.120600000091507],
            [-84.863481000317591, 38.120381999657802],
            [-84.863600000143279, 38.119945999664722],
            [-84.863679999610895, 38.11966499979706],
            [-84.863744999908235, 38.119483000092977],
            [-84.863935999703941, 38.119064000102235],
            [-84.864137000443705, 38.118620999798019],
            [-84.864255000444487, 38.118361999831706],
            [-84.864462999958647, 38.117906999729477],
            [-84.864628999639976, 38.117541000200859],
            [-84.864776999777987, 38.117217000246065],
            [-84.864908000197545, 38.116925999938267],
            [-84.865247000131262, 38.116936999825221],
            [-84.865438999751888, 38.116943000148446],
            [-84.865623999699807, 38.116945000256045],
            [-84.865669999730557, 38.11694600030981],
            [-84.866062000266041, 38.11695099987179],
            [-84.866608999713918, 38.116964999915631],
            [-84.867181999999346, 38.117026999673726],
            [-84.867735000193306, 38.117243000129719],
            [-84.868254000052076, 38.117404000181622],
            [-84.868635999643502, 38.117522000038143],
            [-84.868906999805134, 38.1175130003313],
            [-84.86935299986898, 38.117216000196017],
            [-84.869578999824796, 38.117070999857681],
            [-84.869828000245121, 38.117012000295652],
            [-84.870188999920146, 38.117031999936941],
            [-84.870665999946127, 38.117154999942564],
            [-84.871025999796245, 38.117247000328454],
            [-84.871409000110901, 38.117344000133514],
            [-84.871895000357696, 38.117356000005756],
            [-84.872353999942007, 38.117224999939459],
            [-84.87269500042386, 38.116963999862129],
            [-84.872886000219566, 38.116740000248797],
            [-84.873381999613798, 38.116138999803589],
            [-84.873353000199799, 38.115932000225527],
            [-84.873261000138299, 38.115850999647094],
            [-84.87302799961148, 38.115603999911265],
            [-84.872989999976639, 38.115520000162704],
            [-84.873241000046818, 38.115446999722181],
            [-84.873313000016822, 38.115359000197884],
            [-84.873203000411976, 38.115261999876523],
            [-84.872945999595714, 38.11522100024844],
            [-84.872034000274866, 38.11537800021658],
            [-84.87140400008802, 38.115342000325697],
            [-84.871132000101454, 38.115171999973143],
            [-84.871040000039955, 38.114944000192821],
            [-84.871120000405895, 38.114458000108087],
            [-84.871295000308081, 38.114055999731832],
            [-84.871307999828545, 38.113705000046579],
            [-84.871394999867192, 38.113439999704291],
            [-84.871430000027289, 38.113282999810707],
            [-84.871479000431094, 38.11304600023697],
            [-84.871584999837992, 38.112851999682483],
            [-84.871733999800909, 38.112650999945274],
            [-84.872455000224349, 38.112172999691666],
            [-84.873194000191148, 38.111688999796257],
            [-84.873683999737608, 38.111493999749797],
            [-84.874155999740722, 38.111217999827211],
            [-84.874310999551412, 38.111005999762398],
            [-84.874428999552165, 38.110566999912244],
            [-84.874635000314811, 38.110332000296147],
            [-84.874995999989835, 38.110142000189136],
            [-84.875232999816291, 38.110136000014037],
            [-84.875700999621444, 38.110118000192564],
            [-84.875970999958184, 38.110103000102313],
            [-84.876221000203429, 38.109960000077045],
            [-84.876847000192328, 38.109529000131332],
            [-84.877135999897334, 38.109328999889662],
            [-84.877174000430472, 38.10930699994276],
            [-84.877434999648088, 38.109154000289209],
            [-84.877693000289256, 38.109071000352337],
            [-84.878002999910649, 38.108969000053811],
            [-84.878075999705587, 38.108917000040854],
            [-84.878269000049428, 38.108780000101248],
            [-84.87843300008096, 38.108654000332457],
            [-84.878727999633739, 38.108275000256342],
            [-84.878735000204742, 38.1081520001391],
            [-84.878741999877448, 38.108132999654316],
            [-84.878755000296252, 38.108003999654571],
            [-84.878724000334088, 38.107960999839683],
            [-84.878504000226059, 38.107652999866588],
            [-84.878141000002898, 38.107400999758035],
            [-84.877879000062094, 38.107216000031009],
            [-84.87761499957314, 38.107022000249614],
            [-84.877136999722254, 38.106409000163318],
            [-84.877087000391853, 38.106343999983963],
            [-84.876982999736455, 38.105945000095559],
            [-84.877016000246726, 38.105601999863381],
            [-84.877267000316905, 38.105319999727413],
            [-84.877530999907535, 38.105144000203858],
            [-84.877833999856264, 38.105082000254647],
            [-84.878484999959497, 38.105089999863431],
            [-84.879054000046978, 38.105088999647279],
            [-84.87948800041525, 38.105088999647279],
            [-84.880284000283453, 38.105088999647279],
            [-84.88044900013989, 38.105088999647279],
            [-84.880716999928481, 38.104948999650247],
            [-84.880880999960027, 38.104745000123479],
            [-84.880957999952926, 38.104368000011853],
            [-84.880860000043626, 38.10399200030659],
            [-84.880553999721883, 38.103539000223655],
            [-84.88044999996481, 38.103267999725482],
            [-84.880518999561787, 38.102864999723799],
            [-84.880644000133557, 38.102622999736894],
            [-84.88069900038515, 38.102518000284817],
            [-84.880966000348849, 38.102350999828936],
            [-84.881325000374048, 38.102158000109114],
            [-84.881384999750182, 38.102150999728778],
            [-84.881547999956794, 38.102086000002487],
            [-84.881877999669683, 38.101966000138411],
            [-84.882438000434647, 38.10177900026364],
            [-84.883088999639597, 38.101526000128743],
            [-84.883121000324962, 38.101513999776465],
            [-84.883714999628481, 38.101383000279718],
            [-84.884179999958889, 38.101280999850559],
            [-84.884487999930457, 38.101120000311084],
            [-84.884657999809775, 38.100969999880931],
            [-84.884769000137865, 38.100829999767114],
            [-84.885060000390993, 38.100464000201882],
            [-84.885196999760026, 38.1002759997357],
            [-84.885494999685861, 38.099723000035119],
            [-84.885542000439855, 38.09923699976919],
            [-84.885650000394875, 38.099094999980267],
            [-84.885684999656661, 38.098902999737227],
            [-84.88580799968031, 38.098389000248758],
            [-84.885866000304944, 38.098154000340124],
            [-84.885927000404294, 38.097900000064271],
            [-84.886104999781224, 38.09762600031879],
            [-84.886428999646327, 38.097393000013355],
            [-84.88665999962501, 38.097319000222079],
            [-84.88683399970229, 38.097264000137599],
            [-84.887186999879702, 38.097070000087598],
            [-84.887437999949867, 38.0970050000832],
            [-84.888371000085414, 38.096995999969252],
            [-84.889237000273823, 38.096988000181248],
            [-84.889437000290357, 38.096969000327761],
            [-84.890281999664069, 38.09688900025796],
            [-84.890793999850146, 38.096915999929017],
            [-84.891844000161541, 38.097051999874651],
            [-84.892182000270353, 38.097005999703015],
            [-84.89236399984523, 38.096964999725451],
            [-84.892957000222168, 38.096698999829549],
            [-84.893254000323083, 38.096717000129452],
            [-84.893523999761499, 38.096947999814248],
            [-84.893836999755948, 38.097060999981657],
            [-84.894045000168418, 38.097034999983634],
            [-84.894138999879743, 38.097025999873424],
            [-84.89463199979923, 38.096966000052809],
            [-84.895969999990768, 38.096807000148516],
            [-84.897374000304495, 38.096596999931577],
            [-84.901187999964179, 38.09602699983553],
            [-84.902075000068976, 38.095895000057453],
            [-84.902153999711686, 38.094948000207275],
            [-84.902265999864682, 38.093436999690311],
            [-84.902901000074408, 38.09344800028655],
            [-84.903286000038875, 38.093455000086699],
            [-84.903721000232039, 38.093476999858126],
            [-84.904328999779267, 38.093548999963524],
            [-84.904733000010324, 38.093589999736551],
            [-84.905196999617516, 38.093550000337636],
            [-84.905801999689999, 38.093500999665466],
            [-84.906127000278317, 38.09347400014677],
            [-84.906578000365045, 38.093491000159077],
            [-84.907797999657461, 38.093665999806817],
            [-84.908018999590396, 38.093781999798871],
            [-84.908565000111651, 38.094293999855822],
            [-84.908639999556414, 38.094361000169528],
            [-84.909013999650213, 38.094773000094342],
            [-84.909579000438058, 38.095012999920328],
            [-84.910426000359891, 38.09521699975371],
            [-84.911317999589244, 38.095206000130702],
            [-84.911541999895249, 38.095224999735585],
            [-84.912804999743685, 38.095394999850086],
            [-84.913145000400618, 38.095443000318134],
            [-84.913393999922647, 38.095526999824287],
            [-84.9139539997893, 38.096207000048494],
            [-84.914136000262488, 38.096340000305894],
            [-84.914466999800268, 38.096483000126625],
            [-84.915204000117242, 38.096745000194389],
            [-84.915549999723652, 38.096876000229507],
            [-84.916092999871864, 38.097081000137024],
            [-84.91631700017787, 38.097164000263618],
            [-84.916964999908075, 38.097617000281318],
            [-84.917103999825244, 38.097697000261171],
            [-84.917499999660365, 38.097927999675939],
            [-84.917897000218716, 38.09822000033963],
            [-84.918037999785696, 38.098361999708082],
            [-84.918082999991555, 38.09840799973307],
            [-84.918102000258116, 38.098433000349225],
            [-84.918277000160302, 38.098668000067647],
            [-84.918483999849542, 38.098975000152592],
            [-84.918663999774594, 38.099243000132567],
            [-84.918810000262781, 38.099380999870753],
            [-84.918838999676794, 38.099263999986569],
            [-84.918876000385012, 38.09910500013374],
            [-84.918975000119218, 38.098701000196208],
            [-84.919011000104234, 38.09856499978472],
            [-84.919252999953557, 38.098599999862806],
            [-84.919380000175167, 38.09813599968723],
            [-84.919447999947224, 38.097858000273142],
            [-84.919478999909373, 38.097732000048033],
            [-84.919524999940137, 38.097526000233209],
            [-84.919638999742943, 38.096897000056792],
            [-84.919699999842308, 38.09646499976909],
            [-84.919769000337595, 38.095813000246622],
            [-84.91978400040621, 38.095591999729365],
            [-84.919798999576514, 38.095148999872514],
            [-84.919798999576514, 38.094702999790428],
            [-84.919776000010287, 38.094036000247804],
            [-84.919767999614379, 38.093957000163826],
            [-84.919957999585179, 38.093890000186697],
            [-84.920139000233448, 38.093593999816676],
            [-84.920521999649779, 38.092918000141879],
            [-84.92059100014508, 38.092697999740089],
            [-84.920709000145848, 38.092644000099433],
            [-84.92077899956773, 38.092688000123886],
            [-84.920896999568512, 38.092703999933377],
            [-84.920972999736492, 38.092611000063734],
            [-84.921084000064582, 38.092571999809486],
            [-84.921264999814539, 38.092593999846692],
            [-84.921529000303508, 38.09258299982892],
            [-84.922043000139411, 38.092529000103298],
            [-84.922459999890918, 38.092335999893706],
            [-84.922793999801769, 38.092088999830764],
            [-84.923155000375104, 38.091792999943941],
            [-84.923670000035912, 38.091425000266597],
            [-84.923794999709358, 38.091425000266597],
            [-84.923891999793753, 38.09140900017713],
            [-84.924017000365552, 38.091342999682652],
            [-84.924177000199094, 38.091139000348328],
            [-84.924413000200659, 38.091078999936741],
            [-84.92455899979052, 38.090898000117001],
            [-84.92489299970137, 38.090886999844045],
            [-84.925087999695037, 38.090677999998334],
            [-84.925275000191107, 38.090557000075016],
            [-84.925344999613003, 38.090459000340864],
            [-84.925352000183992, 38.090353999671962],
            [-84.925296000107494, 38.090210999878472],
            [-84.925108999611439, 38.090139999733715],
            [-84.924963000021577, 38.090025000040058],
            [-84.924886000028664, 38.089853999736789],
            [-84.924977000265272, 38.089613000217888],
            [-84.92476800002791, 38.088464999755701],
            [-84.924690000210106, 38.08771199974548],
            [-84.923972999984613, 38.087652999803851],
            [-84.922725000204778, 38.087630999693616],
            [-84.922729000402754, 38.087383000242383],
            [-84.922729000402754, 38.087287000000892],
            [-84.922736999900351, 38.087062000133976],
            [-84.922736999900351, 38.08681799991048],
            [-84.922743999573029, 38.086578000043659],
            [-84.922743999573029, 38.086346000342637],
            [-84.922751999968966, 38.086234000345399],
            [-84.922751999968966, 38.085829999964858],
            [-84.922760000364889, 38.085745999920412],
            [-84.922758999641658, 38.085666000293365],
            [-84.922760000364889, 38.08560100004587],
            [-84.922767000037581, 38.085547999888327],
            [-84.922789999603793, 38.085506000069699],
            [-84.922828000136931, 38.085468000044621],
            [-84.92288900023631, 38.085426000180036],
            [-84.92298100029781, 38.085394999978348],
            [-84.923095000100645, 38.085365000249602],
            [-84.923202000230759, 38.085325999664633],
            [-84.9233319999271, 38.085285000205637],
            [-84.923469000194459, 38.085238999698873],
            [-84.923613999959414, 38.085196999702681],
            [-84.923751000226758, 38.085154999682409],
            [-84.923938999649422, 38.085095000015642],
            [-84.924019000015363, 38.085071000276557],
            [-84.924147999886799, 38.0850360000832],
            [-84.924438000315021, 38.084978999671797],
            [-84.924583000079977, 38.084961000016385],
            [-84.924736000240856, 38.084938000018226],
            [-84.924880000180892, 38.084915000012828],
            [-84.92503300034177, 38.084892000000146],
            [-84.925185999604324, 38.084865000129767],
            [-84.925337999940297, 38.084842000101411],
            [-84.925482999705252, 38.084815999999094],
            [-84.925628000368519, 38.084792999955326],
            [-84.925765999562472, 38.084769999904253],
            [-84.925902999829816, 38.084746000058495],
            [-84.926047999594772, 38.084723999780529],
            [-84.926184999862116, 38.084700999707756],
            [-84.926329999627072, 38.084678000334826],
            [-84.92648299978795, 38.084652000174252],
            [-84.926939999722435, 38.084582999866377],
            [-84.927086000210622, 38.0845559998819],
            [-84.927222999579683, 38.084532999756284],
            [-84.927359999847013, 38.084514000200421],
            [-84.927497999939291, 38.084491000061639],
            [-84.927626999810713, 38.084471999787802],
            [-84.927757000405364, 38.084449000342886],
            [-84.92812300010327, 38.084392000180863],
            [-84.928236999906062, 38.084369000003704],
            [-84.928352000432128, 38.084349999698148],
            [-84.92846600023492, 38.084334999974459],
            [-84.92858099986266, 38.08431599966007],
            [-84.928687000167884, 38.084297000047876],
            [-84.928901000428112, 38.0842660000745],
            [-84.928992999591301, 38.084251000333524],
            [-84.929122000361062, 38.084228000112013],
            [-84.929206999851544, 38.08421100006661],
            [-84.929195000156, 38.084191999719991],
            [-84.929159000170984, 38.08414100025378],
            [-84.929015000230933, 38.08392999990761],
            [-84.928948000283782, 38.083823000159533],
            [-84.928908000100805, 38.083760999797697],
            [-84.928881000336631, 38.083716000254874],
            [-84.92884700000144, 38.083662000342628],
            [-84.928780999879194, 38.083552999887665],
            [-84.928599000304331, 38.083224999860633],
            [-84.92851599956532, 38.083057000053017],
            [-84.928432999724663, 38.082884999900564],
            [-84.928262000020425, 38.082543000138372],
            [-84.928235000256251, 38.082484000267797],
            [-84.928206999768861, 38.082426000168866],
            [-84.928180000004659, 38.082367000203881],
            [-84.928150999692335, 38.08230999983293],
            [-84.928094999615851, 38.082195999664826],
            [-84.928037999714448, 38.082075999668021],
            [-84.927953000223951, 38.081900000023587],
            [-84.927871000208185, 38.081723999955507],
            [-84.927758000230284, 38.081486999833245],
            [-84.927697999955825, 38.081368999754524],
            [-84.927620999962926, 38.081209999862494],
            [-84.927153999982693, 38.081294000168725],
            [-84.925819000164239, 38.081507999839332],
            [-84.924261999689605, 38.081764000168867],
            [-84.923530000293823, 38.081878000303398],
            [-84.922621000447705, 38.082030999795258],
            [-84.922264000072332, 38.081183999882903],
            [-84.921935000184362, 38.080428000293985],
            [-84.921684000114212, 38.079901999918057],
            [-84.921546000021934, 38.07954799992244],
            [-84.921452000310595, 38.079334000172679],
            [-84.921371999944654, 38.07911999979661],
            [-84.92254299973159, 38.078805999968232],
            [-84.921819999658325, 38.07710599971081],
            [-84.922560000348341, 38.076891999886193],
            [-84.922977999924782, 38.076804999785089],
            [-84.923202000230759, 38.076743999733743],
            [-84.923773999792971, 38.076590999786838],
            [-84.924126999970383, 38.076491999817016],
            [-84.9247810004467, 38.07631299975278],
            [-84.925291999909533, 38.076178000018949],
            [-84.925363000054645, 38.076340999854949],
            [-84.925430999826716, 38.07651199994315],
            [-84.925501999971829, 38.076683000338662],
            [-84.92559800023129, 38.076904999933049],
            [-84.925671999851147, 38.077069000162616],
            [-84.925738999798298, 38.077232000134153],
            [-84.925785999653939, 38.077339000334405],
            [-84.925860999997028, 38.077499000044419],
            [-84.925954999708367, 38.077718000339523],
            [-84.926005999761983, 38.077827000300132],
            [-84.926076999907096, 38.077986999649553],
            [-84.926102999846364, 38.078042000096438],
            [-84.926177000364518, 38.078205999897556],
            [-84.926255000182337, 38.078370000038078],
            [-84.926354999741434, 38.078591000296726],
            [-84.926486000161006, 38.078573999647851],
            [-84.926534999666487, 38.078569000288134],
            [-84.926685000352634, 38.078558000281326],
            [-84.926788000284802, 38.078555999829938],
            [-84.926924999653835, 38.078549000017411],
            [-84.927052999700365, 38.078544999821176],
            [-84.927194999990576, 38.078543000076564],
            [-84.927333999907745, 38.078538000007597],
            [-84.927482999870676, 38.078534999683214],
            [-84.927785999819363, 38.078526999996186],
            [-84.927947000376165, 38.078523999671354],
            [-84.928092999966026, 38.078522999798743],
            [-84.928245000301999, 38.078522999798743],
            [-84.928397999564567, 38.078519000308219],
            [-84.928558000296434, 38.078519000308219],
            [-84.92889399985711, 38.078514000237661],
            [-84.929061000261697, 38.078510000039515],
            [-84.92939699982233, 38.078505999841141],
            [-84.929573000447775, 38.078505999841141],
            [-84.929755999847544, 38.078508000293887],
            [-84.930136999614064, 38.078508000293887],
            [-84.930319999912157, 38.078504000095464],
            [-84.930510999707863, 38.07849399995191],
            [-84.930608999617164, 38.078488000006544],
            [-84.930709000074586, 38.078481000187516],
            [-84.930908000266214, 38.078465000093502],
            [-84.931114000130535, 38.078447000248822],
            [-84.931328000390778, 38.078426000070806],
            [-84.931540999927805, 38.078409999964819],
            [-84.93176299968566, 38.078387999901771],
            [-84.931983999618595, 38.078368000288684],
            [-84.932206000274761, 38.078346000212953],
            [-84.932427000207696, 38.078325999881244],
            [-84.932640999569614, 38.078304999668532],
            [-84.932747999699743, 38.07829600008057],
            [-84.933486999666542, 38.078226000262084],
            [-84.933589999598709, 38.078215000203734],
            [-84.934097999586825, 38.078164999981787],
            [-84.934201000417303, 38.078157000254222],
            [-84.934890999980297, 38.078091999695346],
            [-84.935090000171925, 38.078081000323934],
            [-84.935463000440819, 38.078064000263574],
            [-84.936004999865816, 38.078046000320136],
            [-84.936180999592906, 38.078042000096438],
            [-84.93634799999748, 38.078042999975565],
            [-84.936523999724571, 38.07804999983653],
            [-84.936706000197773, 38.078060000040807],
            [-84.937072999720584, 38.078083999959802],
            [-84.937247999622755, 38.078094000159425],
            [-84.937613000394066, 38.078117000189096],
            [-84.937979000091943, 38.078134000237128],
            [-84.938163000214956, 38.078145000307714],
            [-84.938688999746432, 38.078170000076206],
            [-84.938863999648618, 38.078182000018657],
            [-84.939040000274019, 38.078191000327735],
            [-84.939190000061856, 38.078199999928572],
            [-84.939383000405698, 38.078211999866106],
            [-84.939543000239269, 38.078220000294735],
            [-84.939710999570437, 38.078232000228994],
            [-84.939871000302318, 38.078241999701234],
            [-84.940031999960823, 38.078250000126594],
            [-84.940185000121687, 38.07826000030353],
            [-84.940473999826679, 38.078277000318316],
            [-84.940604000421345, 38.078281999697992],
            [-84.940832999851892, 38.07829299974626],
            [-84.940917000415794, 38.078294000329151],
            [-84.940996000058504, 38.078296999956287],
            [-84.941230000410243, 38.078308000002345],
            [-84.941396999916506, 38.078319999922101],
            [-84.941480999582083, 38.078324000130657],
            [-84.941557999574968, 38.078330000089466],
            [-84.941702000413358, 38.078337999798102],
            [-84.941786999903826, 38.078341000130564],
            [-84.941832000109684, 38.078341000130564],
            [-84.941878000140449, 38.078343999755766],
            [-84.941930999843876, 38.078342999880704],
            [-84.942000000339178, 38.078336999922954],
            [-84.942061000438542, 38.078325999881244],
            [-84.942138000431441, 38.078302999917312],
            [-84.942207000028404, 38.078273000107195],
            [-84.942198999632495, 38.078232000228994],
            [-84.942176000066269, 38.07809799967319],
            [-84.942191999959789, 38.077964000286144],
            [-84.942207000028404, 38.077883999922889],
            [-84.94222999959463, 38.077631999691576],
            [-84.942244999663245, 38.077541000219632],
            [-84.942253000059154, 38.077449000040012],
            [-84.942313000333613, 38.07707099994753],
            [-84.942329000227147, 38.076976000202613],
            [-84.942375000257897, 38.076663000259309],
            [-84.942405000395127, 38.076433999915302],
            [-84.942412999892738, 38.076316000168319],
            [-84.942427999961353, 38.076198000230995],
            [-84.942436000357276, 38.076080000103246],
            [-84.942451000425876, 38.075828000019982],
            [-84.942482000388026, 38.075565000025748],
            [-84.942504999954238, 38.075431000240414],
            [-84.942581000122232, 38.074724999649547],
            [-84.942581000122232, 38.074305999663267],
            [-84.942565000228697, 38.074160999731724],
            [-84.942550000160068, 38.07387500016533],
            [-84.942535000091482, 38.073730000086513],
            [-84.942526999695545, 38.073584999720183],
            [-84.94251199962693, 38.073439999773633],
            [-84.942504000129318, 38.073295000246759],
            [-84.942489000060704, 38.073149999725302],
            [-84.942480999664795, 38.07300500033071],
            [-84.942458999923488, 38.072565999898977],
            [-84.942458999923488, 38.072425999833847],
            [-84.942451000425876, 38.072291999954935],
            [-84.942451000425876, 38.072170000052189],
            [-84.942436000357276, 38.071957999853133],
            [-84.942412999892738, 38.071849000338915],
            [-84.942381999930589, 38.071745999746824],
            [-84.942329000227147, 38.071647000290668],
            [-84.942268000127768, 38.071544000121349],
            [-84.942213999701082, 38.071449000269112],
            [-84.942169000393577, 38.071357000205325],
            [-84.942130999860424, 38.071265999997664],
            [-84.942114999966904, 38.071173999703717],
            [-84.942114999966904, 38.071079000078157],
            [-84.942138000431441, 38.070974999840416],
            [-84.942167999670332, 38.07086500029849],
            [-84.942207000028404, 38.070747000053004],
            [-84.942299000089903, 38.070484000175547],
            [-84.942390000326526, 38.070205000280225],
            [-84.94244300002994, 38.070059999998023],
            [-84.942539000289429, 38.069768999993556],
            [-84.942572999726295, 38.069640000168057],
            [-84.942618999757045, 38.069503000148153],
            [-84.942657000290197, 38.069369999862737],
            [-84.942679999856409, 38.069240000041326],
            [-84.942693000275213, 38.069138000019677],
            [-84.942694999925024, 38.069117999998745],
            [-84.942703000320947, 38.068998999761277],
            [-84.942703000320947, 38.068885000059382],
            [-84.942709999993653, 38.068771000179886],
            [-84.942709999993653, 38.06865600011519],
            [-84.942725999887159, 38.068439000287924],
            [-84.942740999955788, 38.068320999665204],
            [-84.94274799962848, 38.068206000307555],
            [-84.942771000093018, 38.068088000016182],
            [-84.942802000055153, 38.067970000241722],
            [-84.942824999621365, 38.067844000128616],
            [-84.942848999910836, 38.067737000182071],
            [-84.942854999758609, 38.067710999655894],
            [-84.942870999652129, 38.067573000244487],
            [-84.942931999751494, 38.067019999965815],
            [-84.942939000322511, 38.066881999958206],
            [-84.942985000353261, 38.066612000082117],
            [-84.943000000421875, 38.066479000198562],
            [-84.943022999988088, 38.066348000151372],
            [-84.943053999950223, 38.066218999951239],
            [-84.943077000414775, 38.066089000188313],
            [-84.943115000049602, 38.065962999664485],
            [-84.943145000186846, 38.065849000182318],
            [-84.943206000286196, 38.06560099970266],
            [-84.943221000354825, 38.065483000160313],
            [-84.943244999745943, 38.065364999720387],
            [-84.943259999814558, 38.065257999684384],
            [-84.943283000279095, 38.065154999713421],
            [-84.943388999685979, 38.06487600000446],
            [-84.943434999716757, 38.06475000022062],
            [-84.943480999747507, 38.064627999762912],
            [-84.943526999778257, 38.064502000259239],
            [-84.943556999915472, 38.064373000340538],
            [-84.943587999877622, 38.064235000290822],
            [-84.943602999946222, 38.064090000199023],
            [-84.943602999946222, 38.063949000107371],
            [-84.943611000342159, 38.063799999860663],
            [-84.943618000014851, 38.063646999714095],
            [-84.943626000410774, 38.06350299994952],
            [-84.943626000410774, 38.063208999785942],
            [-84.943633000083452, 38.063061000238072],
            [-84.943633999908371, 38.062912000304877],
            [-84.943640999581064, 38.062766999713055],
            [-84.943640999581064, 38.06261799988841],
            [-84.943648999977, 38.062473000128549],
            [-84.943648999977, 38.062331999749937],
            [-84.943655999649678, 38.062187000130571],
            [-84.943655999649678, 38.062044999810254],
            [-84.943664000045601, 38.061907999713185],
            [-84.943664000045601, 38.061488999868871],
            [-84.943672000441524, 38.061347000315891],
            [-84.943664000045601, 38.061205999889353],
            [-84.943664000045601, 38.06106499989837],
            [-84.943672000441524, 38.060919999890203],
            [-84.943664000045601, 38.060787000269073],
            [-84.943664000045601, 38.060604000203725],
            [-84.943664000045601, 38.060503999696408],
            [-84.943679000114201, 38.06020699984537],
            [-84.943679999939121, 38.060057999758953],
            [-84.94369400018283, 38.059749000084324],
            [-84.94369500000775, 38.059597000086043],
            [-84.943701999680428, 38.059444000345941],
            [-84.943725000144966, 38.058989999904625],
            [-84.94374000021358, 38.058848999887616],
            [-84.943756000107115, 38.058585000238949],
            [-84.943756000107115, 38.058470999871147],
            [-84.943762999779807, 38.058378999755099],
            [-84.94378600024433, 38.058296000158549],
            [-84.943823999879172, 38.058222999847516],
            [-84.943953999575513, 38.058070000064056],
            [-84.944038000139415, 38.057987000116995],
            [-84.944121999805006, 38.057892000343315],
            [-84.9442130000416, 38.057796000290374],
            [-84.944320000171729, 38.057697000347048],
            [-84.944418999905935, 38.057598000269799],
            [-84.944519000363343, 38.057501999831196],
            [-84.944624999770241, 38.057403000197489],
            [-84.944724000402758, 38.057307000210422],
            [-84.944915000198463, 38.057127999883491],
            [-84.945013999932669, 38.057041000325192],
            [-84.945105999994183, 38.056964999675181],
            [-84.945213000124312, 38.056888000192579],
            [-84.945441999554845, 38.056742999688446],
            [-84.945563999753588, 38.056675000099446],
            [-84.945799999755124, 38.056540999663419],
            [-84.94591500028119, 38.056471999712691],
            [-84.946014000015381, 38.056391999893407],
            [-84.946105000251976, 38.056307999989038],
            [-84.94618200024486, 38.056223999988276],
            [-84.946258000412854, 38.05613300005551],
            [-84.946327000009816, 38.056044999841887],
            [-84.946410999675408, 38.055957000229817],
            [-84.946578999904901, 38.055778000137714],
            [-84.946677999639107, 38.05569000020455],
            [-84.946768999875701, 38.055599000315183],
            [-84.946860999937215, 38.055503000083768],
            [-84.947044000235309, 38.055297000120085],
            [-84.9471279999009, 38.055190999700002],
            [-84.947280000236859, 38.054968999990926],
            [-84.947348999833849, 38.054854999649208],
            [-84.9474099999332, 38.05473699975385],
            [-84.94745599996395, 38.054615000285416],
            [-84.947486000101193, 38.054488999809173],
            [-84.947511000215556, 38.054348000315954],
            [-84.947539999629555, 38.054102999672516],
            [-84.947562000269173, 38.053973999812555],
            [-84.947578000162707, 38.053840000090155],
            [-84.947624000193457, 38.053584999856312],
            [-84.947639000262072, 38.053455000282888],
            [-84.94764599993475, 38.05341900030578],
            [-84.947661999828284, 38.053328999931843],
            [-84.947676999896913, 38.053207000238594],
            [-84.947685000292822, 38.053085000342001],
            [-84.947661999828284, 38.052688000221984],
            [-84.947646999759669, 38.052554000267357],
            [-84.947630999866149, 38.052283999867022],
            [-84.94760099972892, 38.052009000125402],
            [-84.947578000162707, 38.05187200033933],
            [-84.947563000094078, 38.051731000049024],
            [-84.947493999598805, 38.051310999697016],
            [-84.947479000428501, 38.051169999740836],
            [-84.94745599996395, 38.051032999799233],
            [-84.94745599996395, 38.050890999764711],
            [-84.947486000101193, 38.05061299968667],
            [-84.947517000063328, 38.050474999861436],
            [-84.947548999850383, 38.050363000109272],
            [-84.947631999691055, 38.050078999994959],
            [-84.947669000399301, 38.049945000216042],
            [-84.947707999859034, 38.049811999749409],
            [-84.947753999889798, 38.049678000189111],
            [-84.947790999699706, 38.049544999944857],
            [-84.947830000057778, 38.049410999895812],
            [-84.947852999624004, 38.049274000199219],
            [-84.947882999761234, 38.049137000246184],
            [-84.947898999654754, 38.048998999760663],
            [-84.947943999860584, 38.048723999703959],
            [-84.947973999997828, 38.048450000312641],
            [-84.948004999959963, 38.048182999784956],
            [-84.948050999990713, 38.047809000322978],
            [-84.948073999556925, 38.047695000148622],
            [-84.948105000417399, 38.047573000261821],
            [-84.948142000227307, 38.04745399964871],
            [-84.948203000326686, 38.047342999817928],
            [-84.948271999923648, 38.047210000283449],
            [-84.948333000023027, 38.047083999794147],
            [-84.948401999619989, 38.046957999795453],
            [-84.948462999719354, 38.046832000287282],
            [-84.948532000214641, 38.046703000347222],
            [-84.948599999986712, 38.046569999650082],
            [-84.948661000086076, 38.046435999814982],
            [-84.948714999614438, 38.046313999952503],
            [-84.948768000216205, 38.046179999648857],
            [-84.948820999919647, 38.046050999974874],
            [-84.948897999912546, 38.045794999877394],
            [-84.948943999943296, 38.04567700023302],
            [-84.948981999578137, 38.045565999830352],
            [-84.94903500017989, 38.045462999733267],
            [-84.949066000142039, 38.045360000198677],
            [-84.949103999776881, 38.045269000200818],
            [-84.949148999982711, 38.045185000265676],
            [-84.949195000013461, 38.045112000319556],
            [-84.949249000440147, 38.045051000018056],
            [-84.949317000212204, 38.044994000281811],
            [-84.949378000311569, 38.044928999970011],
            [-84.949431999839931, 38.044849000268833],
            [-84.949470000373083, 38.044758000343322],
            [-84.949499999611987, 38.044540000053942],
            [-84.94952399990143, 38.044230999949917],
            [-84.949538999970045, 38.044132000052862],
            [-84.949569000107275, 38.044033000021955],
            [-84.949607999567021, 38.04393300021929],
            [-84.949667999841481, 38.043833999919315],
            [-84.949737000336768, 38.043735000192946],
            [-84.949829000398267, 38.043644000297782],
            [-84.949935999630085, 38.04355599992622],
            [-84.950050000331217, 38.043468000156359],
            [-84.950164000134023, 38.043376000283907],
            [-84.950409000356416, 38.043192999840173],
            [-84.95053099965682, 38.043097999966847],
            [-84.950660000426581, 38.043002999970213],
            [-84.950919999819263, 38.042820000009208],
            [-84.951048999690698, 38.042728000029996],
            [-84.951171999714347, 38.042637000298278],
            [-84.951286000415479, 38.042549000131416],
            [-84.951400000218285, 38.042472000340815],
            [-84.951522000417015, 38.042404000228736],
            [-84.95165200011337, 38.042338999739997],
            [-84.951781999809711, 38.04228200001495],
            [-84.951919000077055, 38.042236000055581],
            [-84.952056000344413, 38.042198000190353],
            [-84.952194000436677, 38.042167000062321],
            [-84.952330999805696, 38.04215200017822],
            [-84.952475999570652, 38.042148000114238],
            [-84.95261299983801, 38.042154999872302],
            [-84.952903000266232, 38.042194000128944],
            [-84.953207999864759, 38.042246999863913],
            [-84.953514000186516, 38.042307999671657],
            [-84.953658000126552, 38.042342999793533],
            [-84.953802999891508, 38.042373000187858],
            [-84.953947999656464, 38.042396000128143],
            [-84.954109000213265, 38.042408000278662],
            [-84.954269000046835, 38.042404000228736],
            [-84.954437000276329, 38.042388999685684],
            [-84.95480299997422, 38.042358000345956],
            [-84.955161999999419, 38.042319999836593],
            [-84.955345000297513, 38.042307999671657],
            [-84.955695999926803, 38.042277999958131],
            [-84.955863000331391, 38.042265999786309],
            [-84.956039000058482, 38.042250999922487],
            [-84.956207000287961, 38.042240000114695],
            [-84.956367000121546, 38.042219999816837],
            [-84.95650400038889, 38.04221300006504],
            [-84.95661900001663, 38.042204999943586],
            [-84.956717999750822, 38.042186000005408],
            [-84.956809999812336, 38.042158999935843],
            [-84.956872999561526, 38.0421250000961],
            [-84.956892999652993, 38.042114000269386],
            [-84.95696200014828, 38.04205699966176],
            [-84.957038000316274, 38.041984000134377],
            [-84.957106999913236, 38.041904000045392],
            [-84.95718300008123, 38.041834999739272],
            [-84.957239999982647, 38.041768000118033],
            [-84.95730899957961, 38.041623000083717],
            [-84.957351000310723, 38.041537999832535],
            [-84.957381000447953, 38.041431000333262],
            [-84.957397000341473, 38.041323999970139],
            [-84.957404999839071, 38.041221000272934],
            [-84.957397000341473, 38.041114000310458],
            [-84.957373999876935, 38.041003999743005],
            [-84.957343999739706, 38.040884999772793],
            [-84.957321000173494, 38.040771000137148],
            [-84.957266999746821, 38.040633999837574],
            [-84.95722900011198, 38.040519000126665],
            [-84.957198000149845, 38.04041300023934],
            [-84.957190999578827, 38.040302000346401],
            [-84.957198000149845, 38.040194999748586],
            [-84.957222000439273, 38.040080999746273],
            [-84.957260000074115, 38.039961999691087],
            [-84.957351000310723, 38.039725999806279],
            [-84.95738899994555, 38.039611000084463],
            [-84.9574199999077, 38.039492999671516],
            [-84.957443000372223, 38.039381999799083],
            [-84.957472999611142, 38.039272000167415],
            [-84.957527000037814, 38.039022999773401],
            [-84.957515000342255, 38.038769999699291],
            [-84.957503999573277, 38.038661000273294],
            [-84.957496000075679, 38.038593000159757],
            [-84.95748799967977, 38.038490000158831],
            [-84.95748799967977, 38.038406000229401],
            [-84.957472999611142, 38.03828799999738],
            [-84.957472999611142, 38.03806000024565],
            [-84.957374999701841, 38.038075999978304],
            [-84.957075999951101, 38.037937999869712],
            [-84.956673000443288, 38.037554000352358],
            [-84.956520000282424, 38.037163999732385],
            [-84.956533999627808, 38.036888999797398],
            [-84.956659000199593, 38.036406000002948],
            [-84.956798000116763, 38.036136999933184],
            [-84.956916000117531, 38.03586800029052],
            [-84.956992000285524, 38.035560000136087],
            [-84.956845999797338, 38.035307999882548],
            [-84.956443000289525, 38.035103999918206],
            [-84.956013000119214, 38.034918000038253],
            [-84.955526999872404, 38.034769999887594],
            [-84.955310999962336, 38.034649000163718],
            [-84.955074999960786, 38.034495000161741],
            [-84.954922999624813, 38.034362999700186],
            [-84.954936000043602, 38.034061000343783],
            [-84.955512999628695, 38.033434999881784],
            [-84.955588999796674, 38.032929999663459],
            [-84.955629999804572, 38.032463000192301],
            [-84.955818000125547, 38.032002000086521],
            [-84.95609500013498, 38.031502000348041],
            [-84.956151000211477, 38.031183000177911],
            [-84.956164999556862, 38.030678000000549],
            [-84.95614399964046, 38.030277000080062],
            [-84.956171000302945, 38.029881999773323],
            [-84.956275000060032, 38.02950299964975],
            [-84.95645599980999, 38.029200000229757],
            [-84.956803000139629, 38.028937000347788],
            [-84.957178000058349, 38.028767000018497],
            [-84.957788999978632, 38.028606999889327],
            [-84.958553000059794, 38.028475000138862],
            [-84.959426999745787, 38.028364999693387],
            [-84.961594000315785, 38.028035000196439],
            [-84.9619409997471, 38.027854000051221],
            [-84.962364000244733, 38.027283000005269],
            [-84.962759000254934, 38.026271999838386],
            [-84.962739000163452, 38.026003000056349],
            [-84.962565000086173, 38.025684000000119],
            [-84.962329000084623, 38.025525000103393],
            [-84.962134000090941, 38.025146000084099],
            [-84.961933000249502, 38.024525999987596],
            [-84.961773000415917, 38.024333999998625],
            [-84.961696000423032, 38.024103000251834],
            [-84.961773000415917, 38.023350000119834],
            [-84.961924999853579, 38.022937999841716],
            [-84.962334999932395, 38.02253799994547],
            [-84.962647000101938, 38.022185999702565],
            [-84.962812999783296, 38.021855999973688],
            [-84.962924999936277, 38.021598000334244],
            [-84.96301299979983, 38.021296999960683],
            [-84.963098000188651, 38.021005000031955],
            [-84.963284999786396, 38.0206980003233],
            [-84.963646000359745, 38.020390000076951],
            [-84.964576000122236, 38.019813000090203],
            [-84.965298000370595, 38.019318999806956],
            [-84.965943999552664, 38.018912000115918],
            [-84.966638000211915, 38.018313000091709],
            [-84.966915000221348, 38.017972999985147],
            [-84.967039999894837, 38.017456000057834],
            [-84.967121999910603, 38.017227999867323],
            [-84.967198999903488, 38.017011999740312],
            [-84.967198999903488, 38.016604999976259],
            [-84.967171000314394, 38.016016999706146],
            [-84.967045999742624, 38.015412999947856],
            [-84.966976000320727, 38.014979000324537],
            [-84.966885999909039, 38.014665999919316],
            [-84.966711999831773, 38.014298000114373],
            [-84.966649999907503, 38.013985000339808],
            [-84.96666999999897, 38.013370000218046],
            [-84.966726000075482, 38.0128869996501],
            [-84.966711999831773, 38.012243999674531],
            [-84.966802000243462, 38.011525000034872],
            [-84.96681200028921, 38.011397000274023],
            [-84.966835999680328, 38.011096999848156],
            [-84.966864000167746, 38.010415000280958],
            [-84.966919000419338, 38.010103000304397],
            [-84.966961000252127, 38.009722999691867],
            [-84.96701599960538, 38.009383000081762],
            [-84.967230999690543, 38.009030999648488],
            [-84.967592000263892, 38.00880099991231],
            [-84.967841999610826, 38.00866899987318],
            [-84.968091999856071, 38.008662999865756],
            [-84.968404000025615, 38.008768000278678],
            [-84.968563999859171, 38.008839000115437],
            [-84.968938999777905, 38.009206999722515],
            [-84.969265000191143, 38.009404000253262],
            [-84.969590999706071, 38.009574000206698],
            [-84.969931000363005, 38.009679000022636],
            [-84.970265000273855, 38.009756000311128],
            [-84.970619000276173, 38.009816000176521],
            [-84.971180999792651, 38.009975000183957],
            [-84.971716000443251, 38.010288000094612],
            [-84.972180999875349, 38.010420000049727],
            [-84.972486000372186, 38.010462999887274],
            [-84.973118000208871, 38.010506999793698],
            [-84.974089999804178, 38.010414000185605],
            [-84.974478000141687, 38.010326000234762],
            [-84.975693000309548, 38.010176999851829],
            [-84.976089000144682, 38.010104999795786],
            [-84.97640799998689, 38.009968000181978],
            [-84.976500000048404, 38.009951999972728],
            [-84.976484999979789, 38.009925000054082],
            [-84.976454999842559, 38.009856000059507],
            [-84.976432000276333, 38.00981399996946],
            [-84.976424999705344, 38.009761000124833],
            [-84.976424999705344, 38.009700000109333],
            [-84.976442000322095, 38.009642999758938],
            [-84.976445999621745, 38.009626000080409],
            [-84.976469999911174, 38.009574000206698],
            [-84.976524000337847, 38.009521000188556],
            [-84.976592000109903, 38.009467000023832],
            [-84.976676999600414, 38.009413999928341],
            [-84.976782999905623, 38.009360999794538],
            [-84.976905999929258, 38.009321999751734],
            [-84.977027000303096, 38.009295999711668],
            [-84.977150000326745, 38.009254000008603],
            [-84.977264000129566, 38.009195999907227],
            [-84.977377999932358, 38.009139999985464],
            [-84.977492999560113, 38.009074999706648],
            [-84.977607000261216, 38.009013999828092],
            [-84.977714000391344, 38.008949000145371],
            [-84.97781399995047, 38.008879999939985],
            [-84.977905000187064, 38.008810999669649],
            [-84.978003999921256, 38.008750000279235],
            [-84.978102999655462, 38.008692999897967],
            [-84.978194999716976, 38.008631999701613],
            [-84.978362999946455, 38.008518000126827],
            [-84.978430999718526, 38.0084559996628],
            [-84.978491999817905, 38.008396000099957],
            [-84.978552999917255, 38.008330999869258],
            [-84.978622000412557, 38.008268999954907],
            [-84.978697999682211, 38.008209000238971],
            [-84.978782000246127, 38.008152000144882],
            [-84.978859000239026, 38.008086999697902],
            [-84.979025999745289, 38.00795700004663],
            [-84.979102999738174, 38.00788800032317],
            [-84.979185999578846, 38.007816000142434],
            [-84.979270000142748, 38.007758999742805],
            [-84.979353999808353, 38.007693000230503],
            [-84.979438000372255, 38.00762900021774],
            [-84.979522000037832, 38.007571999672663],
            [-84.979614000099346, 38.007514999791148],
            [-84.979697999764923, 38.007456999729577],
            [-84.979789000001517, 38.007404000304398],
            [-84.979872999667109, 38.007357999677154],
            [-84.979949999660008, 38.007309000023618],
            [-84.980030000025934, 38.007260000337276],
            [-84.980101999995966, 38.007229000287708],
            [-84.980178000163946, 38.007205999922789],
            [-84.980260000179712, 38.007188000247631],
            [-84.980346000393453, 38.007167000149188],
            [-84.98043000005903, 38.007143999764821],
            [-84.980513999724621, 38.007128999787241],
            [-84.980605999786121, 38.007106000098737],
            [-84.980702000045596, 38.007086000117582],
            [-84.980783000236457, 38.007061000133461],
            [-84.980972000382337, 38.007014999998788],
            [-84.9810560000479, 38.006996000134805],
            [-84.981132000215894, 38.006976000123636],
            [-84.981208000383873, 38.006947000239272],
            [-84.981235000148061, 38.006934999942075],
            [-84.981288999676408, 38.006903999755082],
            [-84.981347000301056, 38.006853999654147],
            [-84.981404000202474, 38.006801999937757],
            [-84.981442999662207, 38.006764000094407],
            [-84.981480000370439, 38.006722999794349],
            [-84.981526000401189, 38.006682000179133],
            [-84.98158099975447, 38.006630000340699],
            [-84.981613000439836, 38.00660299990642],
            [-84.981651000074677, 38.006576000170028],
            [-84.981688999709505, 38.006553000308045],
            [-84.981727000242657, 38.006542000094548],
            [-84.981758000204806, 38.006534000324329],
            [-84.981786999618791, 38.006529000290548],
            [-84.9818490004414, 38.006521999959539],
            [-84.981872999832518, 38.006524999697],
            [-84.981894999573839, 38.006525999845408],
            [-84.981970999741804, 38.006538000209552],
            [-84.981986999635339, 38.006542000094548],
            [-84.982089999567506, 38.006562999664226],
            [-84.981482000020264, 38.007224999732358],
            [-84.981445000210343, 38.007472999775537],
            [-84.981498999738704, 38.007729000036214],
            [-84.981579999929565, 38.007808999934319],
            [-84.982814000364002, 38.00853100028597],
            [-84.983908999982944, 38.008952999898831],
            [-84.984277000228971, 38.009274000106139],
            [-84.984369000290471, 38.009282000285197],
            [-84.985100999686253, 38.009958999976234],
            [-84.985369000373197, 38.010018999675481],
            [-84.985699999910977, 38.00997699967882],
            [-84.986284999891978, 38.00977899987604],
            [-84.986704000191651, 38.009456999648172],
            [-84.986930999972358, 38.008866999842724],
            [-84.98701600036118, 38.008300000272548],
            [-84.986946000040987, 38.008149999892424],
            [-84.986801000276017, 38.007974000112128],
            [-84.98654099998501, 38.007794000092787],
            [-84.986335000120704, 38.007592000229067],
            [-84.986377999778412, 38.007307999885896],
            [-84.986939000368295, 38.00696299968876],
            [-84.987387000081952, 38.006751999767268],
            [-84.987870999780611, 38.006615999697303],
            [-84.988971000320745, 38.006068999970097],
            [-84.989736000226799, 38.005599000108674],
            [-84.990312999811891, 38.005147999705791],
            [-84.990430999812688, 38.004979000276336],
            [-84.99117700035049, 38.004328000295679],
            [-84.99125500016828, 38.004119999705466],
            [-84.991408000329159, 38.004026000306879],
            [-84.991596999576728, 38.0037549998979],
            [-84.991644000330723, 38.003688000133408],
            [-84.991788000270759, 38.003341999699138],
            [-84.991957000325158, 38.003140999797758],
            [-84.9921999999994, 38.002444999812489],
            [-84.992302000106648, 38.002381999670845],
            [-84.992345999589276, 38.001936999859254],
            [-84.992954000034828, 38.001434999817626],
            [-84.993974000209008, 38.000808000001292],
            [-84.994605000220773, 38.000613999712805],
            [-84.995016000124522, 38.000650999683359],
            [-84.995254999600803, 38.000600000044294],
            [-84.995380999997494, 38.000684000138769],
            [-84.996421000263155, 38.000849000069579],
            [-84.996638999823062, 38.000941000260148],
            [-84.997786000218866, 38.001008999926754],
            [-84.997934000356864, 38.000950000157211],
            [-84.998582000087055, 38.00113599990555],
            [-84.999377999955271, 38.001512000269905],
            [-84.999594999690231, 38.001603000121086],
            [-84.999878000445761, 38.001879999844164],
            [-84.999998999921289, 38.001903999967645],
            [-85.00012899961763, 38.00190999982037],
            [-85.000290000174417, 38.002067999775655],
            [-85.000518999604964, 38.002088999918833],
            [-85.000951000323411, 38.001983999850758],
            [-85.001224999959788, 38.002009000150274],
            [-85.001572000289428, 38.001859999853195],
            [-85.002596999588178, 38.001198000188737],
            [-85.002791999581859, 38.000821000111777],
            [-85.002829000290092, 38.000573000221017],
            [-85.003177000444623, 38.000000999741175],
            [-85.003179000094448, 37.999872000150049],
            [-85.003338000103113, 37.999742000091032],
            [-85.003657999770255, 37.999391999875805],
            [-85.004066000199259, 37.999133000198569],
            [-85.004307000223662, 37.998997999697984],
            [-85.00490399990025, 37.998768999890409],
            [-85.005319000001947, 37.998629000271045],
            [-85.006294999795202, 37.998593000244796],
            [-85.006834999570373, 37.998555999943783],
            [-85.007198999618439, 37.998645999667716],
            [-85.00784899989678, 37.998676000259017],
            [-85.008072000377865, 37.998731999678228],
            [-85.008371000128591, 37.998902999852262],
            [-85.008958999584351, 37.998992000314963],
            [-85.00961800008352, 37.99923099978222],
            [-85.009987000154453, 37.999552000080364],
            [-85.010213000110269, 37.999894999984029],
            [-85.010194999668599, 38.000003999745424],
            [-85.010171000277481, 38.000084999813936],
            [-85.010443000264033, 38.000432999798143],
            [-85.010427000370527, 38.000539000193427],
            [-85.010860000015555, 38.001045000182735],
            [-85.01071900044856, 38.001993000327644],
            [-85.010675000067621, 38.002285999755408],
            [-85.011376000399594, 38.003786000000659],
            [-85.012344999621831, 38.004735999739687],
            [-85.013046999778709, 38.005301999809994],
            [-85.013431999743176, 38.005517000306085],
            [-85.013569000010534, 38.005529000127588],
            [-85.013770999676893, 38.005727000083311],
            [-85.013953999974987, 38.005742999799025],
            [-85.014555999674457, 38.00604899970606],
            [-85.015190000059249, 38.006141999896613],
            [-85.015937000421957, 38.006100999956558],
            [-85.017357999555841, 38.005582999653747],
            [-85.01841200006524, 38.005030999870009],
            [-85.019294999972061, 38.004391999650764],
            [-85.019721999769317, 38.004323000111455],
            [-85.020532999706148, 38.003856999707075],
            [-85.020546000124938, 38.003856000230115],
            [-85.020766000232967, 38.00384199976488],
            [-85.021061999610666, 38.003724999968654],
            [-85.022590999597881, 38.002784999743803],
            [-85.023322000067054, 38.002849999936323],
            [-85.023534999604081, 38.002977000265972],
            [-85.024019000201065, 38.003452000190173],
            [-85.024646999839788, 38.004515000145723],
            [-85.024845000206511, 38.005358999996353],
            [-85.025137000284545, 38.005888000071451],
            [-85.025338000125998, 38.006085999765538],
            [-85.026019000366475, 38.006182999813795],
            [-85.026631999936583, 38.006418000018833],
            [-85.026833999602957, 38.006615999697303],
            [-85.027330999720405, 38.006696000102096],
            [-85.02762899964624, 38.006867000108358],
            [-85.028562999606706, 38.007741000203445],
            [-85.029039999632687, 38.007964000240619],
            [-85.029402999855833, 38.008319999922527],
            [-85.029901999623107, 38.009011000192459],
            [-85.030149000393649, 38.00921299968541],
            [-85.030792000100973, 38.009559000018484],
            [-85.0314769996411, 38.009620000151308],
            [-85.032504000386297, 38.009568999672432],
            [-85.032901000046337, 38.009389000030261],
            [-85.033084000344431, 38.009404999654585],
            [-85.033669000325446, 38.009206999722515],
            [-85.034337000147119, 38.008763999807307],
            [-85.034317000055651, 38.007970999726126],
            [-85.034445000102153, 38.007731999724299],
            [-85.034654000339529, 38.007571000246351],
            [-85.034737000180215, 38.007326999669026],
            [-85.034549999684145, 38.006411999827193],
            [-85.03446900039161, 38.006331999820347],
            [-85.034490000308011, 38.006191000330155],
            [-85.034414000140018, 38.006076000344351],
            [-85.03447299969126, 38.005685999911186],
            [-85.034641999745659, 38.005486000227386],
            [-85.035150999558667, 38.005172000175342],
            [-85.035670000315761, 38.005110999880756],
            [-85.035913999814923, 38.005025000272703],
            [-85.037179000211495, 38.004924000135084],
            [-85.038149000156977, 38.004938999855938],
            [-85.038251000264225, 38.004875999733557],
            [-85.038484999717639, 38.004860999999828],
            [-85.03887999972784, 38.00500499972388],
            [-85.038863999834319, 38.005110999880756],
            [-85.039146999691539, 38.005387999800938],
            [-85.040477000385437, 38.005472000073382],
            [-85.040920000076227, 38.0052960002348],
            [-85.041175000344353, 38.005139000323958],
            [-85.041237000268637, 38.005037000174667],
            [-85.041445999607689, 38.004875999733557],
            [-85.041568999631338, 38.004671999976999],
            [-85.041635999578489, 38.004533999944783],
            [-85.042172000054009, 38.004042999868197],
            [-85.042681999691951, 38.003730000193713],
            [-85.042818999959309, 38.003742000307618],
            [-85.043176000334682, 38.003523000219985],
            [-85.043312999703716, 38.003534999659969],
            [-85.044137000059337, 38.003286000260914],
            [-85.044982000331331, 38.002894999654679],
            [-85.045220999807626, 38.002844000160565],
            [-85.045631999711347, 38.002880999713824],
            [-85.045779999849344, 38.002822000034698],
            [-85.045871000085953, 38.002830999700855],
            [-85.04584900034466, 38.002654999893764],
            [-85.04619699960088, 38.002385999782561],
            [-85.046786999604748, 38.002319999680836],
            [-85.047106000345295, 38.002254000227587],
            [-85.047522000271897, 38.002128000269842],
            [-85.048057000024201, 38.001742999726027],
            [-85.048243999621945, 38.001590000149235],
            [-85.0485080001109, 38.001440999708677],
            [-85.048771999701543, 38.001359000211217],
            [-85.049195000199177, 38.001271000009716],
            [-85.049277000214929, 38.001411999758758],
            [-85.049481000429424, 38.001286999989816],
            [-85.049908000226708, 38.001217000139448],
            [-85.050157999573642, 38.001096000220201],
            [-85.050636000322839, 38.000995000333653],
            [-85.050863999928467, 38.00101600007622],
            [-85.050966000035729, 38.000953000122642],
            [-85.051737999614488, 38.001058000251199],
            [-85.051996000255656, 38.001189000322157],
            [-85.052238000104978, 38.001427000198042],
            [-85.05237000034947, 38.001473999808582],
            [-85.052490999824983, 38.001593000088477],
            [-85.052658000229542, 38.001716000323576],
            [-85.053104000293402, 38.001828000139476],
            [-85.053368999708937, 38.001762000243346],
            [-85.053906999834297, 38.001418999869756],
            [-85.053984999652101, 38.001314999769697],
            [-85.054040999728599, 38.001375000172168],
            [-85.054336000179688, 38.001327999790291],
            [-85.054839000144938, 38.001372999734826],
            [-85.055234000155139, 38.001515999721256],
            [-85.055578999936643, 38.001528999706181],
            [-85.055721000226868, 38.001666999730936],
            [-85.056252999606116, 38.001822999784771],
            [-85.056470000239386, 38.001925999661061],
            [-85.056497000003574, 38.002034999943049],
            [-85.056524999592668, 38.001993000327644],
            [-85.056682999776427, 38.002040999785009],
            [-85.056774999837927, 38.001986000271437],
            [-85.056900000409712, 38.001975000080648],
            [-85.057302000092619, 38.001996999752762],
            [-85.057420000093416, 38.001975000080648],
            [-85.057795000012121, 38.001969000233231],
            [-85.057856999936405, 38.001942000206192],
            [-85.057877999852792, 38.001789000336728],
            [-85.058244000449008, 38.001822000280043],
            [-85.058324999741544, 38.00190100004113],
            [-85.059456000243827, 38.002074999824025],
            [-85.059617999727209, 38.002233000131667],
            [-85.060180000141997, 38.002302999720129],
            [-85.060216000127014, 38.002186000299758],
            [-85.060290999571762, 38.001933999934032],
            [-85.060324999906953, 38.001809000347066],
            [-85.06034300034861, 38.001715000109563],
            [-85.060348000371491, 38.001690999924179],
            [-85.06034699964826, 38.001571999803318],
            [-85.060325999731859, 38.001473000299157],
            [-85.06028499972399, 38.001376999901588],
            [-85.060227999822573, 38.001285999769955],
            [-85.060159000225596, 38.001194000012205],
            [-85.060082000232711, 38.001105000098242],
            [-85.059996000018998, 38.001013000113375],
            [-85.05935099976351, 38.000484000261224],
            [-85.059233999587661, 38.000386000228289],
            [-85.059110999564012, 38.000286000305287],
            [-85.058997999586083, 38.000183999776141],
            [-85.05889499965393, 38.000086000050189],
            [-85.058812999638178, 37.999986999955695],
            [-85.058734999820373, 37.999896999753801],
            [-85.058581999659495, 37.999739000076069],
            [-85.058493999795942, 37.999684999785586],
            [-85.058401999734429, 37.999646999793285],
            [-85.058307000198198, 37.99962300034688],
            [-85.058220000159565, 37.999619000084436],
            [-85.058108000006584, 37.999629999920742],
            [-85.057986999632746, 37.999655000314888],
            [-85.057847999715563, 37.999698000095094],
            [-85.057726000415158, 37.99974699987974],
            [-85.057594999995572, 37.999796999871833],
            [-85.057472999796829, 37.99984600029822],
            [-85.057348999948275, 37.999882999948419],
            [-85.057226999749545, 37.999905999778939],
            [-85.057112000121819, 37.999911999795088],
            [-85.056998000319012, 37.999908999787074],
            [-85.056892999838709, 37.999893999745169],
            [-85.056768000165235, 37.999861000349988],
            [-85.056639000293814, 37.999822999741035],
            [-85.056508999699162, 37.999778000261152],
            [-85.056379999827712, 37.999727000014921],
            [-85.056266999849811, 37.999666000145844],
            [-85.056162000267832, 37.999596000163905],
            [-85.056072999681064, 37.999514000019133],
            [-85.055997000411395, 37.999417999888585],
            [-85.055928999741013, 37.999307999717225],
            [-85.055876999862477, 37.999187000187604],
            [-85.05582499998394, 37.999057999872484],
            [-85.055778000128271, 37.99892700024219],
            [-85.055726000249734, 37.998790000270397],
            [-85.055676999845929, 37.998651000239043],
            [-85.055624000142487, 37.998513999751673],
            [-85.05557200026395, 37.998371999834184],
            [-85.055527000058106, 37.998235000241451],
            [-85.05549000024817, 37.998100999766976],
            [-85.055459000286049, 37.997971999665346],
            [-85.055434999996606, 37.997843000044689],
            [-85.055419000103072, 37.997706000171696],
            [-85.055404000034443, 37.99756499966832],
            [-85.055395999638534, 37.997416000252521],
            [-85.055388999965857, 37.997263000143136],
            [-85.055390999615668, 37.997110999991399],
            [-85.055405999684282, 37.996966000060695],
            [-85.055428000323914, 37.996822000124084],
            [-85.055460000110969, 37.996684999759708],
            [-85.055501000118838, 37.996554999714746],
            [-85.055533999730798, 37.996425999725489],
            [-85.055569999715814, 37.996299999665162],
            [-85.055590999632216, 37.996174000096246],
            [-85.055594000005257, 37.996052000060217],
            [-85.055587000332565, 37.995938000040418],
            [-85.055563999868028, 37.995830999779933],
            [-85.055526000233186, 37.995731000017216],
            [-85.055485000225318, 37.995639999958989],
            [-85.055436999646417, 37.995551999974182],
            [-85.055395999638534, 37.995496000250704],
            [-85.055374999722147, 37.995467000073674],
            [-85.055306000125157, 37.995382999667122],
            [-85.055140000443814, 37.995199999687159],
            [-85.055040999811283, 37.995111999882432],
            [-85.054927999833382, 37.995030999984877],
            [-85.054798999961974, 37.994958000324026],
            [-85.054669000265633, 37.994898999934037],
            [-85.054536000196222, 37.994831999865617],
            [-85.054395999555837, 37.99476900026314],
            [-85.054255999813762, 37.994716000162413],
            [-85.054119000444715, 37.994677000117221],
            [-85.053982000177356, 37.994645999703486],
            [-85.053844000085107, 37.994623999950015],
            [-85.053690999924228, 37.994611000156937],
            [-85.053522999694749, 37.994602999793038],
            [-85.053353999640322, 37.994600999878863],
            [-85.053184999585923, 37.994609000243031],
            [-85.053009999683752, 37.994623000347218],
            [-85.052840999629353, 37.994650999839642],
            [-85.052673000298171, 37.994680000339251],
            [-85.052505000068678, 37.994702000075975],
            [-85.052336999839184, 37.994716999763938],
            [-85.052176000180708, 37.994725000115459],
            [-85.052023999844735, 37.994721999895212],
            [-85.051879000079794, 37.994712999941854],
            [-85.051742999637355, 37.99468400016319],
            [-85.051612999941014, 37.994647000013913],
            [-85.051498000313273, 37.9945979996536],
            [-85.051392000008079, 37.994531000018178],
            [-85.051293000273873, 37.994463000008587],
            [-85.051202000037264, 37.994389000176405],
            [-85.051106999602709, 37.994306000266263],
            [-85.051022999937132, 37.99421899970519],
            [-85.050950999967114, 37.994124999650211],
            [-85.050883000195043, 37.994018999895644],
            [-85.050829999593276, 37.993905000255765],
            [-85.050771999866967, 37.993784999921814],
            [-85.050719000163511, 37.993659000280196],
            [-85.050673999957681, 37.993530000153179],
            [-85.050632000124892, 37.99339899985241],
            [-85.050598999614607, 37.993271000305256],
            [-85.050579000421422, 37.993133999679735],
            [-85.050571999850405, 37.993003999712492],
            [-85.050577999698206, 37.992872000261563],
            [-85.050587999743954, 37.992741999830052],
            [-85.050611000208477, 37.99261300021422],
            [-85.050639999622476, 37.992479999719727],
            [-85.050675999607492, 37.992346999692053],
            [-85.050715999790469, 37.992218000089565],
            [-85.050759000346474, 37.992091999880131],
            [-85.050805000377224, 37.991966999801306],
            [-85.050849999684772, 37.991840999868721],
            [-85.050892000415885, 37.991716000070106],
            [-85.050935999898485, 37.991593999698829],
            [-85.050975000256543, 37.991471999832577],
            [-85.051017999914251, 37.991349000116017],
            [-85.051058999922134, 37.991228000199364],
            [-85.051149000333822, 37.99099900020282],
            [-85.051248000068028, 37.990782000310091],
            [-85.051284000053045, 37.990673999951369],
            [-85.051310999817218, 37.990572000213838],
            [-85.051318000388221, 37.990473000020643],
            [-85.051304000144526, 37.990377000091875],
            [-85.051269999809335, 37.990285000101238],
            [-85.051213999732838, 37.990197000063795],
            [-85.051134000265208, 37.990104999847425],
            [-85.05103200015796, 37.990009000145079],
            [-85.050919000180059, 37.989911999942137],
            [-85.050803999654022, 37.989815999987179],
            [-85.050679999805453, 37.989717000189763],
            [-85.050566000002632, 37.989620999979643],
            [-85.050467000268441, 37.989525000351939],
            [-85.050375000206927, 37.989420999669498],
            [-85.050330999826002, 37.989352999878797],
            [-85.050304999886734, 37.989311000080683],
            [-85.050237000114663, 37.989188999957641],
            [-85.050162999596495, 37.989061999822972],
            [-85.050084999778718, 37.98893300010775],
            [-85.050002999762953, 37.988811000064125],
            [-85.049903000203827, 37.988692999968166],
            [-85.049796999898618, 37.988582000310643],
            [-85.049674999699889, 37.988472000171853],
            [-85.049545000003533, 37.988365000348459],
            [-85.049269999643926, 37.988147000053402],
            [-85.049196000024068, 37.988092000032523],
            [-85.049124000054064, 37.988036000277802],
            [-85.049053999733871, 37.987979999772385],
            [-85.048985999961801, 37.987921999836011],
            [-85.048850000417673, 37.987810000024368],
            [-85.048720999647927, 37.98769899973891],
            [-85.048468999752842, 37.987474000271604],
            [-85.048338000231595, 37.987363999887592],
            [-85.048200999964251, 37.987265000321351],
            [-85.048063999696893, 37.987172999968202],
            [-85.04792499977971, 37.98708600015145],
            [-85.047779000189863, 37.986995999695367],
            [-85.047482000088934, 37.986815999868021],
            [-85.047328000103164, 37.986725000078337],
            [-85.047247999737209, 37.986678999931598],
            [-85.047169000094485, 37.986632000044402],
            [-85.047015999933606, 37.986536999758549],
            [-85.04693499974276, 37.986489999780332],
            [-85.04685500027513, 37.986442000057728],
            [-85.04669999956613, 37.98634500009468],
            [-85.046621999748325, 37.986297999993525],
            [-85.046235999958938, 37.98606900018445],
            [-85.045932000185317, 37.985892999802182],
            [-85.045787000420361, 37.985805000160767],
            [-85.045506000212981, 37.98563999966354],
            [-85.045383000189332, 37.985553000153118],
            [-85.045267999663267, 37.985462000212991],
            [-85.045163999906208, 37.985376000220334],
            [-85.045067999646747, 37.98528099972431],
            [-85.044970999562352, 37.98518000000859],
            [-85.044879000399163, 37.985076999980052],
            [-85.044794999835261, 37.984967000250478],
            [-85.044712999819495, 37.984850999816359],
            [-85.044645999872344, 37.984737000089943],
            [-85.044590999620766, 37.984615999888476],
            [-85.044539999567121, 37.984493000005763],
            [-85.044501000107388, 37.98436799972383],
            [-85.044469000320333, 37.984239000251762],
            [-85.044454000251733, 37.984159000130433],
            [-85.044423000289584, 37.983972999812167],
            [-85.044393999977274, 37.983839000188993],
            [-85.044368999862911, 37.983706000072743],
            [-85.044338999725682, 37.983571999962038],
            [-85.044310000311683, 37.983435000340876],
            [-85.044280000174453, 37.983302000200418],
            [-85.044184999739898, 37.98289399976138],
            [-85.044126000188683, 37.982615000315732],
            [-85.04410100007432, 37.982478000323979],
            [-85.044079000332999, 37.982341000076453],
            [-85.044066999739115, 37.982199000004741],
            [-85.044066999739115, 37.982051000305724],
            [-85.044074000310133, 37.981901999824018],
            [-85.044087999655531, 37.981749999705144],
            [-85.044096000051439, 37.981601000028412],
            [-85.04410100007432, 37.981459999723072],
            [-85.044096999876359, 37.981318999854821],
            [-85.044091000028558, 37.981189000193289],
            [-85.044081999807744, 37.981056000230396],
            [-85.044081999807744, 37.98068999984951],
            [-85.044090000203667, 37.980579000121949],
            [-85.044104000447362, 37.980472000117182],
            [-85.044117999792761, 37.980372999748823],
            [-85.044147999929962, 37.980277999856298],
            [-85.044187000288034, 37.980185999947494],
            [-85.044224000097955, 37.98011400018472],
            [-85.044322000007242, 37.979960000297631],
            [-85.044374999710698, 37.979900000079404],
            [-85.044434999985143, 37.979846999857635],
            [-85.04450500030535, 37.97977899969073],
            [-85.04457300007742, 37.97970199979013],
            [-85.044628000329013, 37.979615000320223],
            [-85.044674000359763, 37.979520000154508],
            [-85.044706999971723, 37.9794289998134],
            [-85.044721000215418, 37.979341000208784],
            [-85.044718999667282, 37.979267999804989],
            [-85.044708999621548, 37.979161999826538],
            [-85.044685000230402, 37.97907099974956],
            [-85.044645000047424, 37.978977999927885],
            [-85.044589999795861, 37.978885999805584],
            [-85.044527999871576, 37.978800999713208],
            [-85.044454000251733, 37.978709999896758],
            [-85.04438300010662, 37.978613000333844],
            [-85.0443189996342, 37.978514000290126],
            [-85.044292999694932, 37.978467999952564],
            [-85.044266999755678, 37.978410000286296],
            [-85.044229000120836, 37.978298999942602],
            [-85.044215999702033, 37.978241999968787],
            [-85.044207000379529, 37.978188000139077],
            [-85.0441920003109, 37.977958999803583],
            [-85.044188999937859, 37.977849000025323],
            [-85.044183999914978, 37.977738000249374],
            [-85.044181000440261, 37.977628999974236],
            [-85.044158999800629, 37.977286000046782],
            [-85.044157999975738, 37.977060999805893],
            [-85.044168000021472, 37.976959000262539],
            [-85.0441920003109, 37.976862999646499],
            [-85.044210999679166, 37.976820999780053],
            [-85.044239000166584, 37.97677600035167],
            [-85.044306999938627, 37.976704000075941],
            [-85.044384999756431, 37.97663999992885],
            [-85.044471999795078, 37.976582000234238],
            [-85.044563999856592, 37.976530000298098],
            [-85.044649000245414, 37.976476999767009],
            [-85.044732000086071, 37.97642800001686],
            [-85.044876999851027, 37.976337000090538],
            [-85.044927999904672, 37.976302000306731],
            [-85.044974999760313, 37.976273000331616],
            [-85.045009000095519, 37.976247999757796],
            [-85.045033000384961, 37.976226000152224],
            [-85.045050999928307, 37.976201000270528],
            [-85.045061999798975, 37.976183999921275],
            [-85.045069000369949, 37.976159999879641],
            [-85.045065999996922, 37.976140999811662],
            [-85.045060000149135, 37.976119000173973],
            [-85.04504500008052, 37.976092999692476],
            [-85.045013000293466, 37.976061000067659],
            [-85.044953999843926, 37.976015000316984],
            [-85.04482300032268, 37.975924999736243],
            [-85.044768999895993, 37.975886000323655],
            [-85.044720000390512, 37.975842000180727],
            [-85.044679000382629, 37.975808999879256],
            [-85.044604999864461, 37.975737000071142],
            [-85.044595999643647, 37.975723999763858],
            [-85.044771000444129, 37.975779999709296],
            [-85.044963000064769, 37.975817000168284],
            [-85.045158999883327, 37.97582700017427],
            [-85.045358999899875, 37.975813999882938],
            [-85.045556000441678, 37.975777000130613],
            [-85.045747000237384, 37.975720000322482],
            [-85.045896000200301, 37.975664000331278],
            [-85.046129999653729, 37.975574999890611],
            [-85.046312999951823, 37.975491999939315],
            [-85.046504999572448, 37.975407000164957],
            [-85.046896000283027, 37.975229999835761],
            [-85.047468999670144, 37.974967000342623],
            [-85.047851999984786, 37.974798000060581],
            [-85.048042999780506, 37.9747120003166],
            [-85.048233999576212, 37.97462800022236],
            [-85.048425000270242, 37.974545999784759],
            [-85.048616000065948, 37.974468000181602],
            [-85.048806999861668, 37.974394999887764],
            [-85.049005000228362, 37.974335999956175],
            [-85.04920600006983, 37.974289999832592],
            [-85.049404000436539, 37.974253999900519],
            [-85.049602999729856, 37.974224999824322],
            [-85.049917000447536, 37.974181999983308],
            [-85.05000600013598, 37.974169000108759],
            [-85.050205000327608, 37.974134999881272],
            [-85.050410000367023, 37.974091000104984],
            [-85.050598999614607, 37.974031999929053],
            [-85.050775000240023, 37.973957000141034],
            [-85.050938000446635, 37.973860999847346],
            [-85.051089999884283, 37.973749999705348],
            [-85.051226000326722, 37.973626000132896],
            [-85.051347999627154, 37.973496000299093],
            [-85.051463999978097, 37.973368000019931],
            [-85.051577999780918, 37.973234000152438],
            [-85.051693000306955, 37.973093999955601],
            [-85.051807999934667, 37.97295099979754],
            [-85.051927999585274, 37.97280399976065],
            [-85.052161000112093, 37.972512000028196],
            [-85.052274999914914, 37.97236599972647],
            [-85.052396000288738, 37.97221600021016],
            [-85.052517999589156, 37.972067000297528],
            [-85.052640999612791, 37.971915000345867],
            [-85.052763999636468, 37.971765999822289],
            [-85.0528930004062, 37.971612000122953],
            [-85.053014999706619, 37.971462999692491],
            [-85.053138999555173, 37.971315000296315],
            [-85.053261999578822, 37.971163000203987],
            [-85.053389999625338, 37.97101199972137],
            [-85.053506999801215, 37.97086500005063],
            [-85.053628000175038, 37.970719000014086],
            [-85.053741999977859, 37.970574000325755],
            [-85.053858000328788, 37.970429000351039],
            [-85.053977000154504, 37.970291000338655],
            [-85.054102999652869, 37.970154999939254],
            [-85.054239000095322, 37.970029000083784],
            [-85.054384999685169, 37.969914999994479],
            [-85.054542999868929, 37.969810999845585],
            [-85.054713999573153, 37.969728999692407],
            [-85.054896999871247, 37.969657000294184],
            [-85.055087999666966, 37.969596000207794],
            [-85.055277999637752, 37.969549999946608],
            [-85.05536399985148, 37.969534000126117],
            [-85.055476000004475, 37.96951199992462],
            [-85.055674000371198, 37.969470000101111],
            [-85.05587100001469, 37.969416000191501],
            [-85.056051999764662, 37.96935000016942],
            [-85.056219000169236, 37.969266000312963],
            [-85.056372000330114, 37.969166999701145],
            [-85.056508999699162, 37.969057000202511],
            [-85.056631999722796, 37.968934999690184],
            [-85.056733999830044, 37.968804000092767],
            [-85.05683299956425, 37.968665999858537],
            [-85.057030999930973, 37.968372000034165],
            [-85.057138000061087, 37.968219000259573],
            [-85.057245000191216, 37.968064000236907],
            [-85.057357000344211, 37.967912999753942],
            [-85.057487000040553, 37.967768000189103],
            [-85.057634000353644, 37.96763599995532],
            [-85.057779000118586, 37.967514999886582],
            [-85.057929999731329, 37.967395000300463],
            [-85.058248999573564, 37.967152999877499],
            [-85.058410999955271, 37.967031999721037],
            [-85.058564000116135, 37.966914999994636],
            [-85.058715999553797, 37.966795000136038],
            [-85.058868999714676, 37.966677000048456],
            [-85.059014000377942, 37.966550999889598],
            [-85.059144000074284, 37.966421000274764],
            [-85.059253999679129, 37.966276999876982],
            [-85.059329000022217, 37.966127999950125],
            [-85.059374000228047, 37.965966999803328],
            [-85.059379000250914, 37.965927000064063],
            [-85.059395000144448, 37.965802000030052],
            [-85.059397999619179, 37.965634999890462],
            [-85.059390999946487, 37.965463000079133],
            [-85.059376999702792, 37.96529199986729],
            [-85.059373000403141, 37.965117999951168],
            [-85.059374000228047, 37.964943000323807],
            [-85.059390999946487, 37.964772000317375],
            [-85.059421999908622, 37.964599999900905],
            [-85.059469999589197, 37.964429999818137],
            [-85.059527000388911, 37.964260000049968],
            [-85.059591999787941, 37.964090999906979],
            [-85.0596520000624, 37.963922000083329],
            [-85.059713999986684, 37.963757999987322],
            [-85.059776999735874, 37.963598000335239],
            [-85.059843999683025, 37.963440999709256],
            [-85.05992099967591, 37.963292999723009],
            [-85.060021000133347, 37.963151999659615],
            [-85.060134999936153, 37.963021999692849],
            [-85.060263999807589, 37.962902999881017],
            [-85.060410000295761, 37.962797000350491],
            [-85.060570000129331, 37.962701000336331],
            [-85.060730999787808, 37.962609999683181],
            [-85.060895999644274, 37.962521999745974],
            [-85.061239999600843, 37.962347000305968],
            [-85.061415000401325, 37.962259000053535],
            [-85.061593999603176, 37.962166000179266],
            [-85.061775000251458, 37.962076999663829],
            [-85.061950999978549, 37.961982000172355],
            [-85.062124000230924, 37.961882000313949],
            [-85.062280999691438, 37.961769999715905],
            [-85.062418999783688, 37.961641000187711],
            [-85.062525000088897, 37.961496000277336],
            [-85.062606000279757, 37.961345999800074],
            [-85.062673000226908, 37.961189000025357],
            [-85.062735999976098, 37.9610299997941],
            [-85.062803999748155, 37.960876000239736],
            [-85.062879999916149, 37.960722999718804],
            [-85.06296399958174, 37.960579000187217],
            [-85.063062000389337, 37.9604450003498],
            [-85.063176000192158, 37.960319000121082],
            [-85.063306999713419, 37.960201000250514],
            [-85.063450999653455, 37.960094000287988],
            [-85.063602000164508, 37.959993999983482],
            [-85.063757999800117, 37.959901000073891],
            [-85.063916999808782, 37.959793000305247],
            [-85.064060999748818, 37.959677999826127],
            [-85.064183999772467, 37.959551999698],
            [-85.064290999902596, 37.959415999946721],
            [-85.064387999986963, 37.959271999977261],
            [-85.064550000368669, 37.958980000254464],
            [-85.064628000186474, 37.958836000138383],
            [-85.064711000027145, 37.958693999924478],
            [-85.064793999867831, 37.958555999812738],
            [-85.064892999602051, 37.958429999884515],
            [-85.065007000303154, 37.958315000104321],
            [-85.065143999672202, 37.958218999897333],
            [-85.065296000008161, 37.958146999836856],
            [-85.065465000062559, 37.958090999898381],
            [-85.06564400016272, 37.95805100011858],
            [-85.065820999714703, 37.958032999714746],
            [-85.065999999814863, 37.958027999916602],
            [-85.066183000112972, 37.958036000018481],
            [-85.066552000183904, 37.958065000114807],
            [-85.06674299997961, 37.958076999907107],
            [-85.066905000361331, 37.958081000309633],
            [-85.066946000369214, 37.958081999701925],
            [-85.067143000012692, 37.958069999910443],
            [-85.067338999831279, 37.958038000220853],
            [-85.067529999626984, 37.957981000097327],
            [-85.0677060002524, 37.957898000086871],
            [-85.067851999842262, 37.957798999729896],
            [-85.067980999713711, 37.957683999669953],
            [-85.068081000171119, 37.957558999770072],
            [-85.06816599966163, 37.957425000088847],
            [-85.068231999783862, 37.957290000051742],
            [-85.068287000035454, 37.957151000021838],
            [-85.068334999716015, 37.957007999976433],
            [-85.068379999921873, 37.956865999769761],
            [-85.068434000348546, 37.956726000235037],
            [-85.068495000447911, 37.956584000191476],
            [-85.068564000044873, 37.956445999656665],
            [-85.068660000304348, 37.956309999820334],
            [-85.068768000259396, 37.956188000086179],
            [-85.068897000130818, 37.956077000140432],
            [-85.069041999895774, 37.955970999965501],
            [-85.069189000208866, 37.955872999974957],
            [-85.069347000392611, 37.955775999985768],
            [-85.069507000226182, 37.955687000226163],
            [-85.06967499955735, 37.955607000151232],
            [-85.069843999611763, 37.955540000331332],
            [-85.070020000237164, 37.955482999685799],
            [-85.070197999614081, 37.955440000201001],
            [-85.070375000064402, 37.955409000210899],
            [-85.070549000141682, 37.955389000301707],
            [-85.070730999716545, 37.95537700007025],
            [-85.070815000280462, 37.955369999816313],
            [-85.07092099968736, 37.955360999994703],
            [-85.071103999985453, 37.955343000348265],
            [-85.071285999560345, 37.955318999868361],
            [-85.071468000033533, 37.955280000134323],
            [-85.071637000087932, 37.95522299999535],
            [-85.071790000248797, 37.955146999977401],
            [-85.071926999617844, 37.955052000021489],
            [-85.072048999816587, 37.954930000322804],
            [-85.072143000426223, 37.954798999822799],
            [-85.072211000198294, 37.954652999714781],
            [-85.072249999658027, 37.954498000097537],
            [-85.072269999749537, 37.954334999649177],
            [-85.072275999597309, 37.954271999987355],
            [-85.072284999818123, 37.954176000162597],
            [-85.072330999848887, 37.953549000236094],
            [-85.072340999894635, 37.953398999819591],
            [-85.072350000115478, 37.95324200005674],
            [-85.072371000031865, 37.953083999789676],
            [-85.072402999818905, 37.952928999695054],
            [-85.072451000397791, 37.952772999808872],
            [-85.072515999796806, 37.952617999766439],
            [-85.072586999941933, 37.952465999928158],
            [-85.072669999782605, 37.952317000312654],
            [-85.07284499968479, 37.952007000101418],
            [-85.072930999898517, 37.951858000263343],
            [-85.073019999586961, 37.951713000164006],
            [-85.073111999648475, 37.951571000346284],
            [-85.073202999885069, 37.951440999713761],
            [-85.07331599986297, 37.951326000324663],
            [-85.073448999932381, 37.951219999668886],
            [-85.073608999765938, 37.951128999665535],
            [-85.073783999668123, 37.951052999662004],
            [-85.073976000187059, 37.950988000332885],
            [-85.074377000045047, 37.950880000208841],
            [-85.07467099977292, 37.950802999747971]
          ]
        ]
      },
      "properties": {
        "AREALAND": "9823344195",
        "AREAWATER": "100326212",
        "BASENAME": "6",
        "CDSESSN": "119",
        "CDTYP": "O",
        "CENTLAT": "+37.9985745",
        "CENTLON": "-084.2679031",
        "FUNCSTAT": "N",
        "GEOID": "2106",
        "HU100": null,
        "INTPTLAT": "+38.0057384",
        "INTPTLON": "-084.2483707",
        "LSADC": "C2",
        "MTFCC": "G5200",
        "NAME": "Congressional District 6",
        "OBJECTID": 293,
        "OID": "2119035951821775",
        "POP100": null,
        "STATE": "21",
        "CD119": "06"
      }
    }
  ]
}
