{
  "type": "FeatureCollection",
  "features": [
    {
      "type": "Feature",
      "id": 379,
      "geometry": {
        "type": "Polygon",
        "coordinates": [
          [
            [-97.834535999854538, 42.089750000275046],
            [-97.834446000341174, 42.089382000153563],
            [-97.834374000371156, 42.089157000143508],
            [-97.834335999838004, 42.088987000154745],
            [-97.834298000203177, 42.088650000057704],
            [-97.834290999632159, 42.084594000166405],
            [-97.834288000157443, 42.083167999908994],
            [-97.834288000157443, 42.083154999824202],
            [-97.834284999784387, 42.081750000244817],
            [-97.834282000309642, 42.081169999832994],
            [-97.834273999913734, 42.080158000172148],
            [-97.834251000347507, 42.078538999973979],
            [-97.834247999974465, 42.078260000243993],
            [-97.834227000058064, 42.075922000121636],
            [-97.834191000073048, 42.07243200033178],
            [-97.834186999875087, 42.072052999889145],
            [-97.834182999677139, 42.071619000026651],
            [-97.834179000377503, 42.071143999744436],
            [-97.834170000156661, 42.070076999745112],
            [-97.834169000331741, 42.069991000320925],
            [-97.83418199985222, 42.069978999802665],
            [-97.834289999807254, 42.068190000304511],
            [-97.834316999571442, 42.067750999867961],
            [-97.834314000096697, 42.067580000238934],
            [-97.834313000271791, 42.067540999732543],
            [-97.834312000446872, 42.067505000115922],
            [-97.83430900007383, 42.0672989997312],
            [-97.834150999890085, 42.066571000222297],
            [-97.834150999890085, 42.066558000071836],
            [-97.834176000004433, 42.063756000065986],
            [-97.834157999562763, 42.061487999858997],
            [-97.834172999631377, 42.060336999963134],
            [-97.834157999562763, 42.059326000018174],
            [-97.834181000027314, 42.055316000239799],
            [-97.834157999562763, 42.052962000255711],
            [-97.834140000019431, 42.051751000123453],
            [-97.834136999646361, 42.051526000093027],
            [-97.834134000171645, 42.051123999984632],
            [-97.834124999950816, 42.049628999756258],
            [-97.834112000430324, 42.049113000042077],
            [-97.834109999882187, 42.048808000157223],
            [-97.834112000430324, 42.048508999762838],
            [-97.834112000430324, 42.048487999753668],
            [-97.834114000080149, 42.048250000276006],
            [-97.834133000346725, 42.046981999957779],
            [-97.834118000278124, 42.045927999867075],
            [-97.834097000361723, 42.044872000313816],
            [-97.834099000011548, 42.043381999803032],
            [-97.834098000186628, 42.043311999877837],
            [-97.8340889999658, 42.042185999708551],
            [-97.834087000315961, 42.041113999822933],
            [-97.834087000315961, 42.041048000284455],
            [-97.834078999920052, 42.0397520002495],
            [-97.834078000095147, 42.039655000280668],
            [-97.834073999897186, 42.03868699997021],
            [-97.834083000118014, 42.038234999778908],
            [-97.834093000163762, 42.037803999920214],
            [-97.834098000186628, 42.037560999904812],
            [-97.834079999744972, 42.036880000050537],
            [-97.83406999969921, 42.036507999775807],
            [-97.834068000049399, 42.036108000307912],
            [-97.834068000049399, 42.036037000242708],
            [-97.834068999874319, 42.035395000327327],
            [-97.834063999851438, 42.034989999779008],
            [-97.834059999653476, 42.034863000012912],
            [-97.834056000353826, 42.03471399994806],
            [-97.834067000224493, 42.034113000049651],
            [-97.834051000330973, 42.03248100013866],
            [-97.834051000330973, 42.031018999928925],
            [-97.834042000110131, 42.030420000231523],
            [-97.834031000239477, 42.029689999877803],
            [-97.834042000110131, 42.02666300014387],
            [-97.833990000231609, 42.024031999678883],
            [-97.833991000056514, 42.023615999858706],
            [-97.833987999683458, 42.021448999852275],
            [-97.83396099991927, 42.017943000080471],
            [-97.833945000025764, 42.01709799987043],
            [-97.833950000048645, 42.015278000250383],
            [-97.833955999896418, 42.014184999696148],
            [-97.833956999721309, 42.013979999723652],
            [-97.833925999759174, 42.012415000036547],
            [-97.833892000322308, 42.008157999797618],
            [-97.833908000215828, 42.006885000265882],
            [-97.833890999599078, 42.005370000325449],
            [-97.833895999621959, 42.004038000269666],
            [-97.833898999995, 42.00344199998456],
            [-97.833904999842787, 42.002587000126184],
            [-97.833888999949266, 42.00191600014216],
            [-97.833843999743408, 42.000003999797052],
            [-97.833857999987103, 41.998611000287966],
            [-97.83386600038304, 41.997855000215139],
            [-97.833873000055732, 41.997044000201562],
            [-97.83388099955333, 41.995331999774216],
            [-97.833851000314425, 41.994833999916445],
            [-97.833827999849888, 41.994095999959292],
            [-97.833822999827007, 41.993930000331559],
            [-97.833841000268691, 41.992674999867226],
            [-97.833823999651926, 41.988913999722769],
            [-97.83382000035229, 41.9883049998679],
            [-97.833803999560445, 41.987752999682556],
            [-97.833808999583312, 41.98701599998865],
            [-97.833760999902751, 41.98117499983217],
            [-97.833775999971365, 41.979810000023122],
            [-97.83377400032154, 41.979111999919901],
            [-97.83377299959831, 41.978580999901808],
            [-97.833743000359391, 41.977208999854952],
            [-97.833733000313657, 41.974390999838164],
            [-97.833733000313657, 41.973960999783529],
            [-97.833733000313657, 41.973948000053483],
            [-97.833734000138577, 41.97332600010941],
            [-97.833717000420123, 41.972183000103378],
            [-97.833720999719773, 41.971040000290486],
            [-97.833714999871987, 41.970639999776132],
            [-97.833708000199294, 41.970176999953232],
            [-97.833729999940601, 41.96849299972461],
            [-97.833770000123565, 41.967012000288292],
            [-97.833689999757638, 41.964356999890541],
            [-97.833656000320758, 41.961277000057507],
            [-97.833664999643261, 41.960103999890592],
            [-97.833658999795489, 41.959872000191702],
            [-97.833556999688241, 41.94533400017049],
            [-97.833541999619626, 41.944697000006563],
            [-97.833544000167748, 41.943421999709741],
            [-97.8335190000534, 41.940018999863881],
            [-97.833523000251361, 41.938689000316238],
            [-97.833509999832572, 41.938114999742943],
            [-97.833473000022664, 41.936425000019916],
            [-97.833473000022664, 41.935931000062062],
            [-97.833473000022664, 41.935536000222747],
            [-97.83345600030421, 41.933740000275549],
            [-97.83345600030421, 41.933728000095414],
            [-97.833454999580994, 41.933606999767676],
            [-97.833457999954035, 41.931665000111941],
            [-97.83344299988542, 41.930828999962813],
            [-97.833469999649594, 41.927798000308108],
            [-97.83342600016698, 41.926767999749877],
            [-97.833360999869655, 41.922536000245451],
            [-97.833349000174096, 41.921778000235292],
            [-97.833351999648826, 41.921050999918009],
            [-97.833339999953253, 41.919181999821802],
            [-97.833288000074717, 41.916285999789899],
            [-97.833268999808141, 41.915113000001462],
            [-97.833271000356291, 41.914046000235196],
            [-97.833263999785288, 41.913857000121055],
            [-97.833256000287662, 41.913660999758129],
            [-97.833262000135463, 41.913030999863054],
            [-97.833288999899651, 41.912187000283438],
            [-97.833323000234813, 41.90950000030746],
            [-97.833349000174096, 41.908866000287297],
            [-97.833318000211946, 41.907201999814106],
            [-97.833328000257694, 41.90619500026461],
            [-97.833335999755292, 41.90430899966853],
            [-97.83330200031844, 41.902956000051212],
            [-97.833303000143346, 41.901764000177657],
            [-97.833288000074717, 41.900430999942976],
            [-97.833287000249811, 41.90033199969227],
            [-97.833283999876755, 41.900049999980574],
            [-97.833312000364174, 41.897370999783874],
            [-97.833312000364174, 41.897346999782613],
            [-97.833313000189079, 41.897309000152219],
            [-97.833313000189079, 41.897296999806763],
            [-97.833313000189079, 41.897274999724715],
            [-97.833317000387041, 41.896838000111309],
            [-97.833364000242696, 41.895347000303602],
            [-97.833406000075513, 41.894554999821551],
            [-97.833436000212728, 41.893957999792647],
            [-97.833473999847556, 41.892503999743411],
            [-97.83345600030421, 41.891638000271115],
            [-97.833454999580994, 41.891595999669235],
            [-97.833400000227712, 41.890639999708988],
            [-97.833328000257694, 41.890107999788313],
            [-97.833310999640929, 41.889909000141266],
            [-97.833286000424891, 41.888846000183065],
            [-97.833242999868887, 41.887704999713478],
            [-97.833241000219061, 41.887253999673369],
            [-97.833237000021086, 41.886795000030581],
            [-97.833237000021086, 41.886760000221216],
            [-97.833191999815256, 41.8814920003163],
            [-97.833185999967483, 41.880030000165767],
            [-97.833184000317644, 41.879460999879505],
            [-97.833175000096816, 41.877289999963217],
            [-97.833143000309761, 41.876007999890469],
            [-97.833134999913838, 41.873670999860401],
            [-97.833134999913838, 41.872744999938519],
            [-97.833133000264027, 41.871447999692393],
            [-97.833114999822371, 41.869966999953739],
            [-97.833114999822371, 41.867605999999768],
            [-97.833095999555795, 41.866464000102937],
            [-97.833084999685141, 41.866265999859394],
            [-97.833103999951703, 41.865370999987341],
            [-97.833083999860222, 41.862360000024793],
            [-97.833040000377594, 41.860868999743531],
            [-97.833038999654391, 41.86032599978455],
            [-97.833037000004566, 41.85976700029704],
            [-97.833071000339757, 41.859045999828325],
            [-97.833071000339757, 41.858854999705308],
            [-97.833071000339757, 41.858219999829863],
            [-97.833059999570779, 41.856542999725477],
            [-97.833067999966687, 41.856025000262029],
            [-97.833081000385491, 41.85519399990212],
            [-97.833078999837355, 41.853733000067777],
            [-97.833067999966687, 41.852200999992],
            [-97.833073999814488, 41.852010000169066],
            [-97.833087000233277, 41.850784000127931],
            [-97.833068999791621, 41.849612000072597],
            [-97.833068999791621, 41.845719999686224],
            [-97.833064999593645, 41.845400000121124],
            [-97.833042999852339, 41.843710000318687],
            [-97.833031999981685, 41.842743999847563],
            [-97.833038999654391, 41.841634999745125],
            [-97.833007999692242, 41.840281000087671],
            [-97.833014000438354, 41.839615999691624],
            [-97.833011999890203, 41.839220000322342],
            [-97.83300100001955, 41.837010999849483],
            [-97.83300100001955, 41.836939000075262],
            [-97.832999000369725, 41.836678999881428],
            [-97.832995000171763, 41.835913000012603],
            [-97.832994000346844, 41.835751999734825],
            [-97.832992999623642, 41.835551000307873],
            [-97.832992999623642, 41.835500000233019],
            [-97.832992999623642, 41.835484999848923],
            [-97.832990999973802, 41.835004999757061],
            [-97.832989000323991, 41.834651999817233],
            [-97.832987999600761, 41.834458999902864],
            [-97.832966999684359, 41.830267000123598],
            [-97.832951999615744, 41.829209999812043],
            [-97.832945999767958, 41.828377999826877],
            [-97.832958000361828, 41.826813000054798],
            [-97.832950999790839, 41.826139000219335],
            [-97.832929000049532, 41.823388000029382],
            [-97.83291900000377, 41.822085000028075],
            [-97.832904999760089, 41.820279999928864],
            [-97.83290599958498, 41.820099999819895],
            [-97.83291900000377, 41.817865000118253],
            [-97.832900999562128, 41.816564000001414],
            [-97.832898999912302, 41.814751000206066],
            [-97.832889999691474, 41.81249699970413],
            [-97.832888000041635, 41.812309000105223],
            [-97.832866000300328, 41.810071000023022],
            [-97.832873999797926, 41.808581000095813],
            [-97.832877000170981, 41.808014000225569],
            [-97.832877999995901, 41.807808999951348],
            [-97.832855000429689, 41.805548999832105],
            [-97.832857000079514, 41.804165999961143],
            [-97.832857999904419, 41.803299999821462],
            [-97.832850000406808, 41.802790999931112],
            [-97.832820000269578, 41.800696999769428],
            [-97.832822999744323, 41.800239000039078],
            [-97.832837999812938, 41.798034000008748],
            [-97.832828999592095, 41.796827000226251],
            [-97.83279799962996, 41.792359999679746],
            [-97.832801000003002, 41.790252999939213],
            [-97.832806999850774, 41.789533999857731],
            [-97.832817999721442, 41.78824899979135],
            [-97.83281000022383, 41.787186999781589],
            [-97.832778000436775, 41.785751999938661],
            [-97.832770000040867, 41.785186999783576],
            [-97.832773000413923, 41.784209000313609],
            [-97.832778000436775, 41.782584000216289],
            [-97.832737000428907, 41.774941999994361],
            [-97.832735999705676, 41.774745999701366],
            [-97.832732000406025, 41.774029999911839],
            [-97.832730999682809, 41.773811000266313],
            [-97.832719999812156, 41.773082999879058],
            [-97.832693999872873, 41.771252999931612],
            [-97.832564000176532, 41.756903999995714],
            [-97.832573000397375, 41.756839999899192],
            [-97.832590000115815, 41.756716999984704],
            [-97.832564000176532, 41.756184999922716],
            [-97.832538000237292, 41.754416999967219],
            [-97.83252800019153, 41.753746999966992],
            [-97.832525999643394, 41.753435000216797],
            [-97.83250999974986, 41.751433000023312],
            [-97.83250999974986, 41.750011000162644],
            [-97.832498000054315, 41.749507999698658],
            [-97.832482999985686, 41.748919999822448],
            [-97.832473999764858, 41.747727999874748],
            [-97.832462000069299, 41.747164999823362],
            [-97.832397999596864, 41.744033999967229],
            [-97.832390000099267, 41.742788000176645],
            [-97.832365999809824, 41.742401999889182],
            [-97.832349999916303, 41.742370000327298],
            [-97.832313999931287, 41.742294999930088],
            [-97.832241999961269, 41.742234000168047],
            [-97.830857999738996, 41.742242999960752],
            [-97.830492999866024, 41.74223799970369],
            [-97.830481000170451, 41.73904800031648],
            [-97.830507999934625, 41.736470000217238],
            [-97.830517999980373, 41.735506999727043],
            [-97.830521000353428, 41.735245999970225],
            [-97.830557000338445, 41.731832000011892],
            [-97.830575999706696, 41.730066999824182],
            [-97.830568000209098, 41.728789000257748],
            [-97.830574000056885, 41.728175000052822],
            [-97.830624000285596, 41.722777000227502],
            [-97.830622999562351, 41.722635999705929],
            [-97.830614000239862, 41.721434999945089],
            [-97.830668999593115, 41.71369300003375],
            [-97.830692000057638, 41.709414000209073],
            [-97.830696000255614, 41.708550999874731],
            [-97.830697999905439, 41.707994999826127],
            [-97.830712000149134, 41.707083000078612],
            [-97.830701000278481, 41.70606200029534],
            [-97.83072999969248, 41.704769999961599],
            [-97.830726000392843, 41.702392999762786],
            [-97.830759000004818, 41.699197000076012],
            [-97.830757000354993, 41.697429000026439],
            [-97.830774000073404, 41.696360000036066],
            [-97.830768000225632, 41.695601000001176],
            [-97.830760999654629, 41.694690000320023],
            [-97.830755999631748, 41.693973000222023],
            [-97.830779999921205, 41.692921999796148],
            [-97.830772000423593, 41.691736000070506],
            [-97.830789000142033, 41.6904089998336],
            [-97.83077800027138, 41.689084999679714],
            [-97.830789000142033, 41.686279999736648],
            [-97.830805999860459, 41.685347999988068],
            [-97.830816999731127, 41.685081999765821],
            [-97.830817999556032, 41.684705999699489],
            [-97.830835000172783, 41.682407999786179],
            [-97.830866999959838, 41.681208000189756],
            [-97.831005000052102, 41.673386999755166],
            [-97.83100099985414, 41.673091999927273],
            [-97.830995999831273, 41.672794000047617],
            [-97.831013000448024, 41.671499000308501],
            [-97.831046000059985, 41.670218000325022],
            [-97.831107999984255, 41.667334999691747],
            [-97.831119999679814, 41.666147000289449],
            [-97.831150999641977, 41.662976000248506],
            [-97.831153000190113, 41.662789999893803],
            [-97.831154000015005, 41.662718999688892],
            [-97.83115599966483, 41.662501000196208],
            [-97.831148999992152, 41.661401000044762],
            [-97.831169000083619, 41.660455999954507],
            [-97.831165999710578, 41.659705999791704],
            [-97.831200000045754, 41.656950999677058],
            [-97.831200999870674, 41.656889000081819],
            [-97.831215000114369, 41.655685999736832],
            [-97.831162000410927, 41.651849999828862],
            [-97.831169000083619, 41.650703000116799],
            [-97.831118000030003, 41.64811799969776],
            [-97.831113000007136, 41.647876999738898],
            [-97.831116000380177, 41.646629000136414],
            [-97.831119999679814, 41.645284999863925],
            [-97.831113000007136, 41.644686999990682],
            [-97.831075000372294, 41.641144000276306],
            [-97.831077999847025, 41.636746999975699],
            [-97.83106399960333, 41.634086999814286],
            [-97.831051000082851, 41.631533999851136],
            [-97.83104799970981, 41.631007000266884],
            [-97.83103000016645, 41.627945999779627],
            [-97.831036999839156, 41.626626000064661],
            [-97.831052999732663, 41.625008000100763],
            [-97.831046000059985, 41.624465000299601],
            [-97.831035000189317, 41.620715000238263],
            [-97.831010999899874, 41.6194249999932],
            [-97.831005000052102, 41.619102000121117],
            [-97.831008000425143, 41.618992999865704],
            [-97.831019000295811, 41.618544000198277],
            [-97.831031999816275, 41.618026000259619],
            [-97.831024000318664, 41.616149999768787],
            [-97.831009000250049, 41.612653000014618],
            [-97.831020000120702, 41.612092999919767],
            [-97.831030999991356, 41.611562999729784],
            [-97.831044000410159, 41.609722000059797],
            [-97.831025000143583, 41.608332999940835],
            [-97.831046000059985, 41.605834999807655],
            [-97.831058999580449, 41.604952000104653],
            [-97.831051000082851, 41.604439000053254],
            [-97.831051000082851, 41.60439299983895],
            [-97.831049000433026, 41.603729000334546],
            [-97.831021999770527, 41.594018000138178],
            [-97.831057999755544, 41.592799999852225],
            [-97.831044000410159, 41.590335000087265],
            [-97.831045000235065, 41.590180000002441],
            [-97.831051999907757, 41.587876000189034],
            [-97.831051999907757, 41.58779499974132],
            [-97.831056999930624, 41.586393999832616],
            [-97.831041000037104, 41.583110000045224],
            [-97.831055000280799, 41.580604000221115],
            [-97.83106299977841, 41.579419000098113],
            [-97.831055000280799, 41.577379000037567],
            [-97.831032999641195, 41.576453999895492],
            [-97.831011999724794, 41.575560999858808],
            [-97.830877999830491, 41.569429000024535],
            [-97.830866000134932, 41.568988000010663],
            [-97.830856000089184, 41.568620000244657],
            [-97.830794999989806, 41.563438000281153],
            [-97.830555999615214, 41.554191999669548],
            [-97.830524999653079, 41.552949000194644],
            [-97.830185999719362, 41.539593000066183],
            [-97.830001999596334, 41.532340999829593],
            [-97.829901000212303, 41.528400000023808],
            [-97.829891999991489, 41.528026999732411],
            [-97.829876000097954, 41.527389999869847],
            [-97.829856000006473, 41.526597999799428],
            [-97.829845999960739, 41.526174000206488],
            [-97.828916000198234, 41.526173000159766],
            [-97.82778499969595, 41.526172000113021],
            [-97.827177999973628, 41.526171000066263],
            [-97.826109000293968, 41.526170000019434],
            [-97.825526999787684, 41.526168999972647],
            [-97.824069999770501, 41.526167999925839],
            [-97.810619000405239, 41.526153999941364],
            [-97.808124999597098, 41.526153999941364],
            [-97.804500999908228, 41.526150999800151],
            [-97.803486999581821, 41.526109999874294],
            [-97.801873000104109, 41.526132000247841],
            [-97.800902000333721, 41.526133999670016],
            [-97.799364999950583, 41.526138999906564],
            [-97.798138000087164, 41.526143000095537],
            [-97.797314999556448, 41.526134999717399],
            [-97.793607000202002, 41.52616100027025],
            [-97.792326999736801, 41.526346999988952],
            [-97.79230800036855, 41.526346999988952],
            [-97.792208999736033, 41.526348000032982],
            [-97.791859999756582, 41.526351000165064],
            [-97.791817999923794, 41.526351000165064],
            [-97.791472000317384, 41.526354999668399],
            [-97.776001999621826, 41.526412000129767],
            [-97.77577499984109, 41.526427000101279],
            [-97.775313999708658, 41.526434999770785],
            [-97.772330000252367, 41.526439999984071],
            [-97.77181800006629, 41.52644200006926],
            [-97.770855999618433, 41.526465999741838],
            [-97.77067300021865, 41.526471999994854],
            [-97.770468000179235, 41.526479000289328],
            [-97.770417999950524, 41.52648099970083],
            [-97.770340000132705, 41.52648099970083],
            [-97.769118000292153, 41.526481999742792],
            [-97.765502999925801, 41.526511000280863],
            [-97.763731000264343, 41.526552999993491],
            [-97.762917999779376, 41.526562999728917],
            [-97.76279099955778, 41.526564999810304],
            [-97.752886000063597, 41.526682999795923],
            [-97.752860999949235, 41.526675000157027],
            [-97.750161000175098, 41.52677499994315],
            [-97.744210999907551, 41.526911000184306],
            [-97.739269999943573, 41.526823999741552],
            [-97.733873999694936, 41.526828999924781],
            [-97.733472999836948, 41.5268409996904],
            [-97.733253999553838, 41.526841999726805],
            [-97.733124999682389, 41.526841999726805],
            [-97.731179999768571, 41.526848999981254],
            [-97.729768999782138, 41.526873000175378],
            [-97.728863000309076, 41.52688499993284],
            [-97.724790000183319, 41.526939999857561],
            [-97.724540999762979, 41.526941999927345],
            [-97.724476000363978, 41.526942999962188],
            [-97.724051000216519, 41.526947000101401],
            [-97.723856000222852, 41.526914000290283],
            [-97.72375499994051, 41.526861999779264],
            [-97.723624000419264, 41.526746000195942],
            [-97.723600000129821, 41.526727000145812],
            [-97.723512000266268, 41.526724000031173],
            [-97.723499999672384, 41.526722999992948],
            [-97.722600000047109, 41.526729000222126],
            [-97.714212999771178, 41.526761000090019],
            [-97.711825999991476, 41.52676700031563],
            [-97.703627000036519, 41.52679600005343],
            [-97.703635000432442, 41.525315000096221],
            [-97.703776999824342, 41.517279999674557],
            [-97.703765000128783, 41.515518999784504],
            [-97.703764000303863, 41.515423000270808],
            [-97.703810000334627, 41.511745000007643],
            [-97.703894999825124, 41.505973000110821],
            [-97.703977999665796, 41.500012000115653],
            [-97.703940999855874, 41.498480000204424],
            [-97.703888999977337, 41.486758000183904],
            [-97.703893000175299, 41.483132000189308],
            [-97.703892000350379, 41.481530999813486],
            [-97.703862000213164, 41.471893000155525],
            [-97.703854999642147, 41.469600999693263],
            [-97.703764000303863, 41.469258000039346],
            [-97.703765000128783, 41.465329000290289],
            [-97.703945000053835, 41.458688999741263],
            [-97.703967999620048, 41.455631000335437],
            [-97.703965999970222, 41.455546999760955],
            [-97.703987999711543, 41.455202000227999],
            [-97.703962999597181, 41.45461300032666],
            [-97.703899000023071, 41.454124999833176],
            [-97.703857000190283, 41.453799999872565],
            [-97.703858000015202, 41.453746000251662],
            [-97.703979000389012, 41.453152999936528],
            [-97.70396000012245, 41.450442000273227],
            [-97.703984000411893, 41.438207999896775],
            [-97.703992999734396, 41.433484999876569],
            [-97.703996999932357, 41.431797999967358],
            [-97.704000000305413, 41.430574999757731],
            [-97.703967999620048, 41.429591999903543],
            [-97.703969000343278, 41.428745000267945],
            [-97.703945000053835, 41.423817000291557],
            [-97.70394400022893, 41.4236019996818],
            [-97.703939000206049, 41.422740000308536],
            [-97.703936999657913, 41.422251999902706],
            [-97.703936999657913, 41.42107000015563],
            [-97.703880999581415, 41.420939000236217],
            [-97.703879999756495, 41.420509999786873],
            [-97.703878000106684, 41.418798000046145],
            [-97.703874999733642, 41.416803000241288],
            [-97.703842000121668, 41.409387000056235],
            [-97.703820000380361, 41.406035999776932],
            [-97.703820000380361, 41.405976000205598],
            [-97.703818999657145, 41.405920000106534],
            [-97.703818999657145, 41.405909000057328],
            [-97.703818999657145, 41.405890000274226],
            [-97.703796000090918, 41.402467000217094],
            [-97.70380199993869, 41.399545999728211],
            [-97.70380299976361, 41.399243999686803],
            [-97.703765000128783, 41.39487600032168],
            [-97.696125000215545, 41.394887000216862],
            [-97.694982999842637, 41.39487600032168],
            [-97.694150000164512, 41.394883000010125],
            [-97.69349700041144, 41.394891999800983],
            [-97.692693999972235, 41.394887000216862],
            [-97.676845000058321, 41.39489399990412],
            [-97.676279000343882, 41.394909000001597],
            [-97.675381000368418, 41.39490399974482],
            [-97.675290000131824, 41.39490399974482],
            [-97.675044999909446, 41.394904999796204],
            [-97.671590000274961, 41.394912000155415],
            [-97.668626999836775, 41.394897000058641],
            [-97.666874000441879, 41.394921999993407],
            [-97.666834000258902, 41.394952000171919],
            [-97.666840000106689, 41.395152999932748],
            [-97.637436000172144, 41.394938000135241],
            [-97.625333999970749, 41.394849000264827],
            [-97.598694000282748, 41.395076000268823],
            [-97.598460999755929, 41.395067999878407],
            [-97.598454999908142, 41.394861000216636],
            [-97.598459999931023, 41.394656000006066],
            [-97.598456999557968, 41.394146000178246],
            [-97.598418999923126, 41.39396299983931],
            [-97.598398999831645, 41.393774999989439],
            [-97.598350000326164, 41.380937999868465],
            [-97.598298000447627, 41.368835999732461],
            [-97.598305999945239, 41.368175000073954],
            [-97.598286999678649, 41.3663750002029],
            [-97.598285999853744, 41.364372000159229],
            [-97.598268000310384, 41.363451999779031],
            [-97.598250999693633, 41.359696999746085],
            [-97.59825800026465, 41.359133000055003],
            [-97.598254000066689, 41.358599000290241],
            [-97.598230999602166, 41.355079000070475],
            [-97.598232000325396, 41.354967999786503],
            [-97.598238999998088, 41.354096000217105],
            [-97.598232000325396, 41.351983999949432],
            [-97.598230999602166, 41.351819999727091],
            [-97.598230999602166, 41.351760000019468],
            [-97.59822999977726, 41.351497000289044],
            [-97.598228000127421, 41.35126000008075],
            [-97.598228000127421, 41.346285000316811],
            [-97.598228000127421, 41.345104999678348],
            [-97.598228000127421, 41.344324000164541],
            [-97.598219999731498, 41.344260999825693],
            [-97.59819600034038, 41.344079999712072],
            [-97.598192999967324, 41.344054000306436],
            [-97.598189999594297, 41.343948000235976],
            [-97.598187000119538, 41.343822000118593],
            [-97.598233000150287, 41.343597000266101],
            [-97.59827599980801, 41.343388999815787],
            [-97.598300999922358, 41.341873000265842],
            [-97.598330000234682, 41.340999999771768],
            [-97.5983389995572, 41.340895999866085],
            [-97.59825900008957, 41.338719000240019],
            [-97.598274000158185, 41.338242999865507],
            [-97.598276999632915, 41.338147000252619],
            [-97.598274000158185, 41.334933999800413],
            [-97.598274000158185, 41.334682000190767],
            [-97.598274000158185, 41.334496999886177],
            [-97.598274000158185, 41.334077000325216],
            [-97.598253000241797, 41.333118999811546],
            [-97.598271999610034, 41.331706000218617],
            [-97.598237000348249, 41.331044000184953],
            [-97.598230999602166, 41.329345999671844],
            [-97.598228000127421, 41.328921000021957],
            [-97.598222000279634, 41.328037000234509],
            [-97.597664000062807, 41.328333999732159],
            [-97.593025000222624, 41.329913000189464],
            [-97.579606999571027, 41.334061000050738],
            [-97.579613000317124, 41.3324000002983],
            [-97.579602000446457, 41.332185999814122],
            [-97.579584000004814, 41.33107499983025],
            [-97.579578000157028, 41.328572999855226],
            [-97.579563000088413, 41.327997000216897],
            [-97.579575999608878, 41.327187999716585],
            [-97.579563999913319, 41.326567000320232],
            [-97.579562000263493, 41.325510000003966],
            [-97.579574999783972, 41.324690999817157],
            [-97.579594000050548, 41.323469999989896],
            [-97.579639000256392, 41.32252699993893],
            [-97.579650000127046, 41.322286000264832],
            [-97.579669000393608, 41.321036999729323],
            [-97.579666999845486, 41.32036999999746],
            [-97.57972299992197, 41.315756999847196],
            [-97.579710000401505, 41.315111999838599],
            [-97.579724999571795, 41.314126999979202],
            [-97.579723999746889, 41.313323999752583],
            [-97.579737999990584, 41.312864000140088],
            [-97.579748999861252, 41.310447000033513],
            [-97.579780999648307, 41.308332999843081],
            [-97.579782000371509, 41.308234999950386],
            [-97.57978700039439, 41.307931999715258],
            [-97.579721000272158, 41.305357999690273],
            [-97.579679000439356, 41.304071999799014],
            [-97.579628000385739, 41.301382000068536],
            [-97.579630000035564, 41.299958000246455],
            [-97.579672999693258, 41.297239999946456],
            [-97.579698999632541, 41.293647999669695],
            [-97.579705000378624, 41.292732999678655],
            [-97.579710000401505, 41.2919729999279],
            [-97.579702000005568, 41.290873000113592],
            [-97.579705000378624, 41.290577999942457],
            [-97.579716000249292, 41.289223999690648],
            [-97.579784999846268, 41.280722000321141],
            [-97.579782000371509, 41.279203000207765],
            [-97.579772000325775, 41.276994999665511],
            [-97.579737999990584, 41.273944000044814],
            [-97.579738999815504, 41.271993000008031],
            [-97.579813000333672, 41.265201999897705],
            [-97.579798000265058, 41.264578000156583],
            [-97.579675000241394, 41.259830999789543],
            [-97.579480000247727, 41.254623000223987],
            [-97.579344999630223, 41.24997500030895],
            [-97.579349999653076, 41.249663000031191],
            [-97.579410999752454, 41.245980999876778],
            [-97.579456999783204, 41.245026000030478],
            [-97.579431999668842, 41.243542000315493],
            [-97.579490000293461, 41.241997999882109],
            [-97.57955200021776, 41.240508999670787],
            [-97.579815999808403, 41.235636999720938],
            [-97.579819000181445, 41.235401000217657],
            [-97.57064699990795, 41.23540200001694],
            [-97.562490999610716, 41.23540200001694],
            [-97.561494999725952, 41.235405999889622],
            [-97.560484999597534, 41.235406999688891],
            [-97.560492000168509, 41.234973000261348],
            [-97.560492000168509, 41.22732100025469],
            [-97.5604839997726, 41.226933999893809],
            [-97.560463999681119, 41.225937999692448],
            [-97.560451999985546, 41.225384999915804],
            [-97.560436000092025, 41.224652000213801],
            [-97.560414000350733, 41.22299100019405],
            [-97.560384000213489, 41.221037999716472],
            [-97.560348000228473, 41.217428999884397],
            [-97.560364000122007, 41.206438999675314],
            [-97.560359999924046, 41.205448999785013],
            [-97.560383000388569, 41.204204000104113],
            [-97.560440000289987, 41.191898999683694],
            [-97.561201999822998, 41.191898999683694],
            [-97.562118000240119, 41.191898999683694],
            [-97.565268000276063, 41.191897999895268],
            [-97.567044999960402, 41.191881000109639],
            [-97.56719800012128, 41.191880000320936],
            [-97.570408000431669, 41.191885999728946],
            [-97.572414000444866, 41.191874000236417],
            [-97.573986000089803, 41.191875999814002],
            [-97.57931899969094, 41.191882999687003],
            [-97.579327000086849, 41.191149999745264],
            [-97.579375999592358, 41.188430000229815],
            [-97.579375999592358, 41.187969000063909],
            [-97.579375999592358, 41.18750800003243],
            [-97.579414999950401, 41.184668999954809],
            [-97.579517999882555, 41.177408000107455],
            [-97.579070999993817, 41.177407000097766],
            [-97.577491999777891, 41.177418000203623],
            [-97.574894999935907, 41.177417000194076],
            [-97.57126399967602, 41.177420000222675],
            [-97.568917000079296, 41.177432000335685],
            [-97.567629999941403, 41.177423000251132],
            [-97.563433999792011, 41.177430000316996],
            [-97.561991000018523, 41.177432999668859],
            [-97.56047000042723, 41.177430000316996],
            [-97.560471000252122, 41.177301999670568],
            [-97.560489999620387, 41.175099999959954],
            [-97.560493999818348, 41.174313999825344],
            [-97.560534999826231, 41.163880999950209],
            [-97.560542000397248, 41.163294000267456],
            [-97.560545999696885, 41.162867000125686],
            [-97.560022999640154, 41.162867000125686],
            [-97.557529999555243, 41.162888999808175],
            [-97.557213000261143, 41.162888000253147],
            [-97.556917999810054, 41.162887000021797],
            [-97.556769999672042, 41.162885999790433],
            [-97.555107999615444, 41.162877999967833],
            [-97.55340899974891, 41.162876000181107],
            [-97.552675999629912, 41.162874999949587],
            [-97.551580000186036, 41.162888999808175],
            [-97.551545999850845, 41.162890000039496],
            [-97.551032999839862, 41.162896000074483],
            [-97.550991000007073, 41.162897000305691],
            [-97.550671000339932, 41.162896000074483],
            [-97.550250000390449, 41.162894000288311],
            [-97.549463999669683, 41.162891000270797],
            [-97.547133999791384, 41.162900000322928],
            [-97.545034000066863, 41.16291400017618],
            [-97.542787999854156, 41.162917999747236],
            [-97.541474999776995, 41.162925000010439],
            [-97.540730999787343, 41.162923000225163],
            [-97.523911999927932, 41.162887000021797],
            [-97.523389999696107, 41.162885000235306],
            [-97.522219999734105, 41.162880999985944],
            [-97.521572999828805, 41.162879000199311],
            [-97.510086999570561, 41.162855000049809],
            [-97.509027000111729, 41.162853000262395],
            [-97.504468999564068, 41.162844000203762],
            [-97.503767000305515, 41.162842999971744],
            [-97.503023000315849, 41.162847000223479],
            [-97.501078000402018, 41.162865999894017],
            [-97.500007000174193, 41.16288200021738],
            [-97.498684000051313, 41.162896000074483],
            [-97.495517000296928, 41.162928000026447],
            [-97.494754000040686, 41.162947999903942],
            [-97.488104000164427, 41.163020999776933],
            [-97.484170999780758, 41.163064000155074],
            [-97.483773000295812, 41.163064000155074],
            [-97.482931000396846, 41.163061999697739],
            [-97.47924200041065, 41.163047000323495],
            [-97.473754000100499, 41.163023999788486],
            [-97.468628000188588, 41.163002999704617],
            [-97.467806000381117, 41.162999999692083],
            [-97.466725999932478, 41.1630089997293],
            [-97.46452099972764, 41.162993000113197],
            [-97.45684700037755, 41.162985999857206],
            [-97.454915999809103, 41.162985000303649],
            [-97.45454300043852, 41.162985000303649],
            [-97.452263999715527, 41.162982999843905],
            [-97.449746000414592, 41.162976000263193],
            [-97.446301999752464, 41.162979999830462],
            [-97.445601000318803, 41.162978000046856],
            [-97.445362999769131, 41.162976999816884],
            [-97.444397000021596, 41.162973999803171],
            [-97.443774000405767, 41.162972000019387],
            [-97.441677000155977, 41.162979999830462],
            [-97.43749500025028, 41.162984000073784],
            [-97.437043000338662, 41.162988000316865],
            [-97.434628000071541, 41.162990000100216],
            [-97.432365000140408, 41.163000999921714],
            [-97.430019000368574, 41.162999999692083],
            [-97.427959999753625, 41.163011000188256],
            [-97.426101000053521, 41.16301400020027],
            [-97.421082000271738, 41.16300399993419],
            [-97.419088999779021, 41.162993999666625],
            [-97.417158000108913, 41.163005000163757],
            [-97.41481599963673, 41.163009999958781],
            [-97.412644999767096, 41.163005000163757],
            [-97.411514999988043, 41.16301400020027],
            [-97.409590999990613, 41.162999999692083],
            [-97.406569000001198, 41.162994999896348],
            [-97.405562000245794, 41.162994999896348],
            [-97.403279000223165, 41.162994999896348],
            [-97.400657000266833, 41.162991000329939],
            [-97.399006000080888, 41.162996000126036],
            [-97.396307999956548, 41.163005000163757],
            [-97.392787000199846, 41.163002000151316],
            [-97.39078000036173, 41.163005000163757],
            [-97.387098000048226, 41.162999000138747],
            [-97.386306000377999, 41.162997999909095],
            [-97.373697999838285, 41.16301400020027],
            [-97.372384999761138, 41.163017000212157],
            [-97.371648000342475, 41.16301400020027],
            [-97.368850999585646, 41.163020999776933],
            [-97.368187999786826, 41.16301400020027],
            [-97.368060999565216, 41.16301400020027],
            [-97.368060999565216, 41.162982999843905],
            [-97.368060999565216, 41.160118000188753],
            [-97.368060999565216, 41.159707000065453],
            [-97.368059999740311, 41.155584999738309],
            [-97.368059999740311, 41.152782000268495],
            [-97.368054999717444, 41.152527999918995],
            [-97.368047000219832, 41.152112999997264],
            [-97.368052000242713, 41.151435999796789],
            [-97.368038999823909, 41.15077200004702],
            [-97.368048000044752, 41.150130999992662],
            [-97.368044999671696, 41.148486000292365],
            [-97.368053999892524, 41.14205699998476],
            [-97.368060999565216, 41.141692999983249],
            [-97.368077000357061, 41.140256000205454],
            [-97.368064999763178, 41.139661999989436],
            [-97.368077000357061, 41.139043999733438],
            [-97.368065999588083, 41.137702999733555],
            [-97.368079000006887, 41.137019999894875],
            [-97.3680730001591, 41.136080000037623],
            [-97.3680730001591, 41.136064999901919],
            [-97.3680730001591, 41.136032999691146],
            [-97.368068000136219, 41.135842000095934],
            [-97.368068000136219, 41.13583199974407],
            [-97.368068000136219, 41.135821000099412],
            [-97.368068000136219, 41.135808999808432],
            [-97.368068000136219, 41.135796000223699],
            [-97.368068000136219, 41.135781000023037],
            [-97.368068000136219, 41.135764999850338],
            [-97.368068000136219, 41.135746999735979],
            [-97.368068000136219, 41.135725999709045],
            [-97.368068000136219, 41.13570199976666],
            [-97.368068000136219, 41.135674999905596],
            [-97.368068000136219, 41.135643000181162],
            [-97.368068000136219, 41.135605999909444],
            [-97.368068000136219, 41.135561999815181],
            [-97.368068999961139, 41.135488999808935],
            [-97.368068999961139, 41.135475000187704],
            [-97.368087000402795, 41.134432999695555],
            [-97.368085999679579, 41.133979999760932],
            [-97.368085999679579, 41.133966999813701],
            [-97.368084000029768, 41.133615000263667],
            [-97.368082000379928, 41.133331999932381],
            [-97.368079000006887, 41.132956000087688],
            [-97.368084999854659, 41.132286999842165],
            [-97.368084000029768, 41.131552000112016],
            [-97.368084000029768, 41.131516000272704],
            [-97.368084000029768, 41.131504999904386],
            [-97.368075999633831, 41.127069000101443],
            [-97.368094999900407, 41.125518000092136],
            [-97.368100999748194, 41.125005999823571],
            [-97.36808999987754, 41.124523999766126],
            [-97.36808999987754, 41.124495999901072],
            [-97.368093000250582, 41.124252999845439],
            [-97.368073999983991, 41.124116000261196],
            [-97.368063999938258, 41.12408499978217],
            [-97.368058000090485, 41.1239619998981],
            [-97.368058000090485, 41.123798999845143],
            [-97.368058000090485, 41.123526000003601],
            [-97.368058000090485, 41.123389000255045],
            [-97.368058000090485, 41.123346999726593],
            [-97.368058000090485, 41.123324000150838],
            [-97.368058000090485, 41.123312000280706],
            [-97.368057000265594, 41.123214000244189],
            [-97.368057000265594, 41.122981999947307],
            [-97.368057000265594, 41.122711999916746],
            [-97.368057000265594, 41.12266500014379],
            [-97.368057000265594, 41.122529000121574],
            [-97.368056000440674, 41.121146000300932],
            [-97.368056000440674, 41.121135999739053],
            [-97.368056000440674, 41.121099000083149],
            [-97.368056000440674, 41.120967000299473],
            [-97.368054999717444, 41.120538000184176],
            [-97.368053999892524, 41.119642999861874],
            [-97.368053999892524, 41.119625000061376],
            [-97.368053999892524, 41.119476999935557],
            [-97.368053000067633, 41.119360999713408],
            [-97.368053000067633, 41.118518000137001],
            [-97.368053000067633, 41.118280000101358],
            [-97.368057000265594, 41.118254000073613],
            [-97.368068000136219, 41.118095000330548],
            [-97.368077000357061, 41.117454999899941],
            [-97.36807200033418, 41.117027000093266],
            [-97.36807200033418, 41.116996000326182],
            [-97.36807200033418, 41.1169640002893],
            [-97.368068999961139, 41.116726000033061],
            [-97.368067000311328, 41.116519000274337],
            [-97.368079000006887, 41.115473000138458],
            [-97.3680730001591, 41.115100999928416],
            [-97.368067000311328, 41.114743000304593],
            [-97.368067000311328, 41.114731000219081],
            [-97.368067000311328, 41.114670999758779],
            [-97.368063999938258, 41.114589000281718],
            [-97.368063000113366, 41.111287999751013],
            [-97.368084000029768, 41.110223000161866],
            [-97.368084000029768, 41.110208999887639],
            [-97.368088000227729, 41.109997000107796],
            [-97.368088000227729, 41.109015000033288],
            [-97.368088000227729, 41.108688999734788],
            [-97.36808900005262, 41.108628000138644],
            [-97.36808999987754, 41.108603999760483],
            [-97.368109000144116, 41.107517999697635],
            [-97.368115999816808, 41.101906000098644],
            [-97.368115999816808, 41.101888999981121],
            [-97.368120999839675, 41.098346999857746],
            [-97.368120999839675, 41.098240000334478],
            [-97.368120999839675, 41.098093999792788],
            [-97.368121999664595, 41.098065000295705],
            [-97.368121999664595, 41.09803699997542],
            [-97.368121999664595, 41.097990000136313],
            [-97.368121999664595, 41.097924000060637],
            [-97.368121999664595, 41.097747999985906],
            [-97.368121999664595, 41.097719000336056],
            [-97.368118000364944, 41.09043500025188],
            [-97.368118000364944, 41.089951000265415],
            [-97.368118000364944, 41.089409000245162],
            [-97.368116999641728, 41.087931000242833],
            [-97.368115999816808, 41.087500000188257],
            [-97.368133000433559, 41.086695999991136],
            [-97.368131999710329, 41.083624000033403],
            [-97.368130999885409, 41.083268999706569],
            [-97.368130999885409, 41.082475999664481],
            [-97.368130999885409, 41.082421000046992],
            [-97.368129000235598, 41.077760999686092],
            [-97.368128000410692, 41.075970000131136],
            [-97.368121999664595, 41.075011999672164],
            [-97.368137999558115, 41.070930999820824],
            [-97.368140000106251, 41.07069499990012],
            [-97.368142999580996, 41.070439999785435],
            [-97.368144000304213, 41.070143000014525],
            [-97.368145000129132, 41.069855999825556],
            [-97.36813599990829, 41.068719999777379],
            [-97.368134000258479, 41.068517000318977],
            [-97.368130000060518, 41.067209000213239],
            [-97.36811900018985, 41.065883999873257],
            [-97.368120000014784, 41.065304999876574],
            [-97.368120000014784, 41.065066000330944],
            [-97.368126999687462, 41.061675000238402],
            [-97.368124000212731, 41.061461999861812],
            [-97.368124000212731, 41.049683000178547],
            [-97.368129000235598, 41.048327000053199],
            [-97.368118000364944, 41.046946999892278],
            [-97.368109999969008, 41.041769999917221],
            [-97.368114999991889, 41.032416999824456],
            [-97.368105999771061, 41.031529999928473],
            [-97.368093000250582, 41.030590999966456],
            [-97.368104000121235, 41.03017200005948],
            [-97.368104999946155, 41.029594999952373],
            [-97.368114000166969, 41.028984999774856],
            [-97.368115999816808, 41.028202999755386],
            [-97.368104999946155, 41.027528999798399],
            [-97.368093000250582, 41.027045000238807],
            [-97.368099000098383, 41.026540000129152],
            [-97.368090999702446, 41.026087000058325],
            [-97.368098000273463, 41.023133999804621],
            [-97.368105999771061, 41.022562000027655],
            [-97.36810699959598, 41.020231000310133],
            [-97.368101999573099, 41.019669000140169],
            [-97.368110999793942, 41.019312000122461],
            [-97.368124000212731, 41.018334999796409],
            [-97.368121999664595, 41.017903999702369],
            [-97.368109999969008, 41.017683999798592],
            [-97.36810699959598, 41.0168020001203],
            [-97.368105999771061, 41.016442000219094],
            [-97.368095999725313, 41.016083999898797],
            [-97.368109999969008, 41.015497999780266],
            [-97.368108000319197, 41.014768000217913],
            [-97.368116999641728, 41.014028999891266],
            [-97.36811900018985, 41.013418999903081],
            [-97.36810300029633, 41.012330000154158],
            [-97.368109000144116, 41.011819999944251],
            [-97.36808900005262, 41.010591000262139],
            [-97.368094000075502, 41.010050999938755],
            [-97.368104999946155, 41.008997000135544],
            [-97.368104000121235, 41.008255999720987],
            [-97.368090999702446, 41.007073999782776],
            [-97.368090999702446, 41.007038000191798],
            [-97.368098000273463, 41.005833999981448],
            [-97.368141999756062, 41.003399999953352],
            [-97.368123000387811, 41.002650999957432],
            [-97.368121999664595, 41.002428000069251],
            [-97.36811900018985, 41.002009999936313],
            [-97.368095999725313, 41.000680999925585],
            [-97.36810699959598, 40.999951000261746],
            [-97.368094000075502, 40.999017000317913],
            [-97.36810300029633, 40.998125999967918],
            [-97.36808999987754, 40.997177999985787],
            [-97.368111999618847, 40.996271999671691],
            [-97.368099000098383, 40.995462999905769],
            [-97.368094999900407, 40.995227999898006],
            [-97.368101999573099, 40.994407999931013],
            [-97.368099999923274, 40.993003999979983],
            [-97.368109000144116, 40.991995000229345],
            [-97.368099000098383, 40.991323999723249],
            [-97.368104000121235, 40.99018100033836],
            [-97.368094000075502, 40.98951999992871],
            [-97.368097000448557, 40.988890000206766],
            [-97.368099000098383, 40.988376000284333],
            [-97.368093000250582, 40.987508000194978],
            [-97.368093000250582, 40.9863480002806],
            [-97.368090999702446, 40.986027000334516],
            [-97.36810300029633, 40.985625000074172],
            [-97.368104999946155, 40.983843999900614],
            [-97.368114999991889, 40.974393999856233],
            [-97.36807200033418, 40.97354999971526],
            [-97.368140000106251, 40.971033000131506],
            [-97.368141999756062, 40.970233000002814],
            [-97.368142999580996, 40.968404999799255],
            [-97.368116999641728, 40.965814000194719],
            [-97.368128000410692, 40.96486499977631],
            [-97.368145999954024, 40.963899999991334],
            [-97.368141999756062, 40.962526999734223],
            [-97.368167999695345, 40.961381000140335],
            [-97.368155999999772, 40.959885000107732],
            [-97.36815299962673, 40.959538999821248],
            [-97.368165000220614, 40.958459000236495],
            [-97.368176999916159, 40.955773000202313],
            [-97.368160000197747, 40.9550229998856],
            [-97.368147999603863, 40.95450699993571],
            [-97.368134000258479, 40.952155000022138],
            [-97.368139000281346, 40.951305000019119],
            [-97.368161999847572, 40.947319000197076],
            [-97.368159000372813, 40.946913999799683],
            [-97.368166000045534, 40.9466839998084],
            [-97.368166000045534, 40.946670000001369],
            [-97.368206000228497, 40.94537100000047],
            [-97.368159000372813, 40.943047000142109],
            [-97.36813599990829, 40.941093000204027],
            [-97.368079999831807, 40.939167999793085],
            [-97.368113000342078, 40.937267999675484],
            [-97.368131999710329, 40.935353999705946],
            [-97.368134000258479, 40.935126999736205],
            [-97.368155999999772, 40.934141999926297],
            [-97.368171000068386, 40.933843999833599],
            [-97.368172999718212, 40.933772000078754],
            [-97.368208999703214, 40.932087999983885],
            [-97.368231000342846, 40.931180999766966],
            [-97.368231000342846, 40.931117999736919],
            [-97.368233999817576, 40.93101499983846],
            [-97.368237000190632, 40.930911999779418],
            [-97.36824399986331, 40.93058999987057],
            [-97.368296999566766, 40.928325000253764],
            [-97.368176999916159, 40.923604000269215],
            [-97.368172999718212, 40.923453999899522],
            [-97.368165000220614, 40.922765000009178],
            [-97.368156999824691, 40.92210400025742],
            [-97.368196000182749, 40.921389999907753],
            [-97.368223999771843, 40.916331999934947],
            [-97.368218999748962, 40.915751000177849],
            [-97.368222999946923, 40.914555000321769],
            [-97.368216000274231, 40.913584999996957],
            [-97.368212000076284, 40.911180000201341],
            [-97.368222000122017, 40.910222999979489],
            [-97.368232999992685, 40.908597000291252],
            [-97.368236000365727, 40.906248999973741],
            [-97.368258000107033, 40.90393900019977],
            [-97.368255999558897, 40.902730999810792],
            [-97.368243000038419, 40.902271000316695],
            [-97.368228999794724, 40.901807999943493],
            [-97.368238000015538, 40.901679999912247],
            [-97.368255999558897, 40.901213000270268],
            [-97.368253000084152, 40.90032699987534],
            [-97.368284999871207, 40.899011999839935],
            [-97.368275999650365, 40.897576999834961],
            [-97.368273000175648, 40.89514800029162],
            [-97.368264999779711, 40.894727000171542],
            [-97.368262000304981, 40.89459700021569],
            [-97.368263000129886, 40.894552999786235],
            [-97.368265999604631, 40.894415000255748],
            [-97.368289000069169, 40.890000000101338],
            [-97.368289000069169, 40.888643999896715],
            [-97.368289999894088, 40.88728500005174],
            [-97.368305999787609, 40.88728500005174],
            [-97.368308000335745, 40.885144999739438],
            [-97.36830900016065, 40.883003000025575],
            [-97.368299000114902, 40.88121100012313],
            [-97.368299999939836, 40.880206999792669],
            [-97.368308000335745, 40.879244000243055],
            [-97.368319000206398, 40.878551000271131],
            [-97.368311999635381, 40.878111999838133],
            [-97.368299999939836, 40.87720400026069],
            [-97.368311999635381, 40.876685000270967],
            [-97.368325000054185, 40.875381999949774],
            [-97.368319000206398, 40.874808000146643],
            [-97.368323000404359, 40.873352000009881],
            [-97.368331999726863, 40.872773000130493],
            [-97.36830900016065, 40.870711000113729],
            [-97.368319000206398, 40.869806999987048],
            [-97.368320000031304, 40.869124999818176],
            [-97.368320000031304, 40.866901000327601],
            [-97.368342999597516, 40.864629000192572],
            [-97.368342999597516, 40.861881999800417],
            [-97.368340999947705, 40.860055000014562],
            [-97.368362999689012, 40.858253000168077],
            [-97.368347999620397, 40.857908999889233],
            [-97.368345999970586, 40.857365999907969],
            [-97.368360000214281, 40.856585999687262],
            [-97.368349000343628, 40.855695000289145],
            [-97.368350999993439, 40.855116999735721],
            [-97.368351999818358, 40.854856000073646],
            [-97.368351999818358, 40.85479599983416],
            [-97.368351999818358, 40.854773000158282],
            [-97.368366000062053, 40.849958000187428],
            [-97.368376000107816, 40.848027000106903],
            [-97.368376999932721, 40.846611000228243],
            [-97.368376000107816, 40.846418999976898],
            [-97.36837199990984, 40.845536000142822],
            [-97.368378999582532, 40.844183999690912],
            [-97.368402999871989, 40.843732999870241],
            [-97.368392999826227, 40.841422999928874],
            [-97.368395000374392, 40.83935899967976],
            [-97.368396000199283, 40.837333000314651],
            [-97.368380000305763, 40.835989999667959],
            [-97.368397000024203, 40.832711000268489],
            [-97.368386000153549, 40.83053099984361],
            [-97.368402999871989, 40.82965799972542],
            [-97.368406000245017, 40.829205999759758],
            [-97.368397000024203, 40.828982000066624],
            [-97.368386999978455, 40.82804600029904],
            [-97.368388999628266, 40.827313000239187],
            [-97.368403999696895, 40.826065000189871],
            [-97.368397999849108, 40.824986000235512],
            [-97.368400000397244, 40.824473999871302],
            [-97.368381000130682, 40.823153000283682],
            [-97.368373999559665, 40.822662000058727],
            [-97.368375000282882, 40.822611000303226],
            [-97.368377999757641, 40.822484000048568],
            [-97.368380000305763, 40.822408000181348],
            [-97.368381000130682, 40.822383000197064],
            [-97.368381999955588, 40.822344999876535],
            [-97.368382999780493, 40.822317999921815],
            [-97.368382999780493, 40.82229199992986],
            [-97.368387999803375, 40.822096000028445],
            [-97.368390000351511, 40.822033000107027],
            [-97.368392000001336, 40.82197599999715],
            [-97.368400000397244, 40.821707999777857],
            [-97.368402999871989, 40.82160100019955],
            [-97.368412999917737, 40.821362000155929],
            [-97.368444999704792, 40.820610000337048],
            [-97.368406000245017, 40.819595000282966],
            [-97.368395000374392, 40.819282999814533],
            [-97.368382999780493, 40.818557000326052],
            [-97.368381000130682, 40.818290999957178],
            [-97.368373999559665, 40.817362999928363],
            [-97.368386999978455, 40.816732999977162],
            [-97.368388999628266, 40.815495000122731],
            [-97.368411000267898, 40.814704999799481],
            [-97.368411000267898, 40.81227099969918],
            [-97.368402999871989, 40.809272999721273],
            [-97.368412000092817, 40.806332000279248],
            [-97.368421000313646, 40.804946999723555],
            [-97.368417999940604, 40.803927999739464],
            [-97.368416000290779, 40.80323999990366],
            [-97.368412000092817, 40.802263999856947],
            [-97.368417000115684, 40.802006999920351],
            [-97.368433000009205, 40.801145999837615],
            [-97.368429999636163, 40.800194999794527],
            [-97.368419999590429, 40.797098999756294],
            [-97.368427999986338, 40.79438899980731],
            [-97.368419999590429, 40.792095000260268],
            [-97.368427000161432, 40.78998399988852],
            [-97.368427000161432, 40.789446000147649],
            [-97.368431000359379, 40.785660999835436],
            [-97.368431000359379, 40.785584000113268],
            [-97.368432000184299, 40.785526999978742],
            [-97.368432000184299, 40.785469999795296],
            [-97.368432000184299, 40.785381000294073],
            [-97.368429999636163, 40.784838999877763],
            [-97.368429999636163, 40.784713999822948],
            [-97.368422000138565, 40.781903000183256],
            [-97.368422000138565, 40.780467999836581],
            [-97.368413999742629, 40.779012000241096],
            [-97.368417999940604, 40.777295999759488],
            [-97.368414999567548, 40.77588699970196],
            [-97.368432000184299, 40.774422000246318],
            [-97.368417000115684, 40.772974999760493],
            [-97.368419999590429, 40.771171999763553],
            [-97.368416000290779, 40.76866299994176],
            [-97.368433000009205, 40.767192999782864],
            [-97.368406000245017, 40.765736000297046],
            [-97.368422999963471, 40.764280000333137],
            [-97.368421000313646, 40.76399900030588],
            [-97.368421000313646, 40.76388899969804],
            [-97.36841899976551, 40.763629999879782],
            [-97.368413999742629, 40.762856999887617],
            [-97.368414999567548, 40.761283999859018],
            [-97.368414999567548, 40.759988000244888],
            [-97.368402999871989, 40.759101999667635],
            [-97.368395000374392, 40.758507000012223],
            [-97.368408999719776, 40.75766900001139],
            [-97.36841899976551, 40.756647999956613],
            [-97.368422999963471, 40.756348000322838],
            [-97.368402999871989, 40.753150999936928],
            [-97.368412999917737, 40.751822999859485],
            [-97.368392999826227, 40.750591000331376],
            [-97.368407000069936, 40.749343999996825],
            [-97.368406000245017, 40.748049000088542],
            [-97.368387999803375, 40.746751000209613],
            [-97.368391000176416, 40.745506000225326],
            [-97.368393999651147, 40.743866000256205],
            [-97.368391000176416, 40.742485000178114],
            [-97.368390000351511, 40.742131000145541],
            [-97.368387999803375, 40.74199300032609],
            [-97.368381000130682, 40.739578999877743],
            [-97.368398999674028, 40.73621199985643],
            [-97.368398999674028, 40.733943000036575],
            [-97.368432000184299, 40.729134000150289],
            [-97.368432000184299, 40.727650000164751],
            [-97.368407000069936, 40.726995000128213],
            [-97.368412999917737, 40.726855000126065],
            [-97.368417000115684, 40.724633999742203],
            [-97.368407999894856, 40.724455000290504],
            [-97.368407999894856, 40.724306999688046],
            [-97.368402999871989, 40.723282000329],
            [-97.368398999674028, 40.722200000175583],
            [-97.368393999651147, 40.721976000231493],
            [-97.368392000001336, 40.721737999805391],
            [-97.368397000024203, 40.720396000223339],
            [-97.368397999849108, 40.720208999752181],
            [-97.368413999742629, 40.717900999915884],
            [-97.36840200004707, 40.715715999979622],
            [-97.368406000245017, 40.713121000286385],
            [-97.368397999849108, 40.712489000244432],
            [-97.368395000374392, 40.708203999876943],
            [-97.368403999696895, 40.706103000172405],
            [-97.368406000245017, 40.705655999848716],
            [-97.368406000245017, 40.705622000260455],
            [-97.368406000245017, 40.705588999662027],
            [-97.368405000420125, 40.705542999687921],
            [-97.368405000420125, 40.70553300007424],
            [-97.368405000420125, 40.705517000280651],
            [-97.368405000420125, 40.705462000322477],
            [-97.368405000420125, 40.705443999769088],
            [-97.368405000420125, 40.705390999814021],
            [-97.368403999696895, 40.705231000002087],
            [-97.368405000420125, 40.705144000045181],
            [-97.368405000420125, 40.705099999835845],
            [-97.368413999742629, 40.703915999754955],
            [-97.368408999719776, 40.703586000244826],
            [-97.368407999894856, 40.703499000182092],
            [-97.368407999894856, 40.703468000014844],
            [-97.368407000069936, 40.703404000195142],
            [-97.368406000245017, 40.703367000292594],
            [-97.368406000245017, 40.703345000285601],
            [-97.368396000199283, 40.70260900001086],
            [-97.368406000245017, 40.699961999876322],
            [-97.368401000222164, 40.698625000280316],
            [-97.368387999803375, 40.698626000073013],
            [-97.368069999786044, 40.698625000280316],
            [-97.367983999572317, 40.698626000073013],
            [-97.36517500001824, 40.69861699989476],
            [-97.364743000198104, 40.698613999835082],
            [-97.363134999669867, 40.698616000101921],
            [-97.361030999747371, 40.698602000276061],
            [-97.358798999778358, 40.698600999801933],
            [-97.358725000158515, 40.698602000276061],
            [-97.355473999840243, 40.698612000249256],
            [-97.35544899972588, 40.698612000249256],
            [-97.353938000180321, 40.698606999922319],
            [-97.352865000302685, 40.698607999715328],
            [-97.350776000448818, 40.698597999741544],
            [-97.350188999919681, 40.698603999862193],
            [-97.34936600028729, 40.698594999681013],
            [-97.348176000233778, 40.698589000240567],
            [-97.346793999661344, 40.698574999728017],
            [-97.345969000379142, 40.698567000017526],
            [-97.344100999559899, 40.698564999749273],
            [-97.341594999954495, 40.698553999975204],
            [-97.339937999920778, 40.6985619996872],
            [-97.339583000093526, 40.698563999955603],
            [-97.339407000366435, 40.698563999955603],
            [-97.336585000393541, 40.698557999831344],
            [-97.335444999670429, 40.698551999706503],
            [-97.33400000024713, 40.698560999893544],
            [-97.332672000101368, 40.698551999706503],
            [-97.330464000421799, 40.698563999955603],
            [-97.330312000085854, 40.698567000017526],
            [-97.329957000258602, 40.698567000017526],
            [-97.328733999694819, 40.69855600024384],
            [-97.327805999582139, 40.698560000099818],
            [-97.324242999992634, 40.698541999724306],
            [-97.322540999753059, 40.698549000324967],
            [-97.320221999745414, 40.698543999993298],
            [-97.319091000141469, 40.698537999867241],
            [-97.313551999777687, 40.698510999974275],
            [-97.312223999631911, 40.69851600030843],
            [-97.311541999566515, 40.698513000244212],
            [-97.311245000363925, 40.698520000166809],
            [-97.308673999562885, 40.698518999691444],
            [-97.30782400016632, 40.698526000294535],
            [-97.307044000191652, 40.698523000230757],
            [-97.305116999821152, 40.698504000050683],
            [-97.302728000391639, 40.698508999704295],
            [-97.293126999772753, 40.698508999704295],
            [-97.292567999731006, 40.698494999855946],
            [-97.292315999835949, 40.698497999921024],
            [-97.292023999757902, 40.698508999704295],
            [-97.28910100040099, 40.698500999985932],
            [-97.288208000448407, 40.698501999780483],
            [-97.286710000423327, 40.698504000050683],
            [-97.285477999638715, 40.698494000061274],
            [-97.284111000033192, 40.698494000061274],
            [-97.282613000008126, 40.698485999660036],
            [-97.281570000267706, 40.698490000201296],
            [-97.279185000137829, 40.698491999790775],
            [-97.278450000369006, 40.698481000004705],
            [-97.277255000292627, 40.698485999660036],
            [-97.275744999673677, 40.698483000275488],
            [-97.274510000312617, 40.698474000077965],
            [-97.273347999848227, 40.698471000011857],
            [-97.273326999931825, 40.698471000011857],
            [-97.27308900028045, 40.698474000077965],
            [-97.273068000364063, 40.698474000077965],
            [-97.272733999554902, 40.698470000216773],
            [-97.271366999949379, 40.698470000216773],
            [-97.270344000300469, 40.698474000077965],
            [-97.266200999854519, 40.698464000084051],
            [-97.263095000199485, 40.698464000084051],
            [-97.261265999738313, 40.698464000084051],
            [-97.260100999799164, 40.698451000021628],
            [-97.258734000193655, 40.69844100002426],
            [-97.255292999904583, 40.69843000022972],
            [-97.254517000127862, 40.698427999957303],
            [-97.254008000314826, 40.698425999684865],
            [-97.24872400021917, 40.698433000297683],
            [-97.247411999966928, 40.698427999957303],
            [-97.246180000080628, 40.698428999753006],
            [-97.244657999766119, 40.698437000161093],
            [-97.243898999707824, 40.698434000093314],
            [-97.243599999957084, 40.698435999684484],
            [-97.242917999891702, 40.698440000228743],
            [-97.240977000175818, 40.698433000297683],
            [-97.239494000219366, 40.69842700016163],
            [-97.237668000131222, 40.698428999753006],
            [-97.236671000421566, 40.698424000093397],
            [-97.236586000032759, 40.698424000093397],
            [-97.236045000432682, 40.698423000297616],
            [-97.235996000028862, 40.698421999820802],
            [-97.23597799958722, 40.698421999820802],
            [-97.235304999742652, 40.698415999683753],
            [-97.234992999573123, 40.698423000297616],
            [-97.234956999588107, 40.698423000297616],
            [-97.234670000431237, 40.698421000025036],
            [-97.233819000311456, 40.69842700016163],
            [-97.232493999640425, 40.69842700016163],
            [-97.231004999836173, 40.698433000297683],
            [-97.229584999628912, 40.698425999684865],
            [-97.226925999862644, 40.698415999683753],
            [-97.2268959997254, 40.698415999683753],
            [-97.226818999732515, 40.698415999683753],
            [-97.226777999724646, 40.698415999683753],
            [-97.226751999785364, 40.698414999887852],
            [-97.226729000219152, 40.698414999887852],
            [-97.226668999944692, 40.698414999887852],
            [-97.226066000420346, 40.698413000296057],
            [-97.225366999738199, 40.698411000023171],
            [-97.224760999840782, 40.698408999750171],
            [-97.224651000235923, 40.698408999750171],
            [-97.223489999596438, 40.698404999885085],
            [-97.222260000258274, 40.698411000023171],
            [-97.219604999791642, 40.698407000158191],
            [-97.216930000131853, 40.698395999677018],
            [-97.216689999932356, 40.698394999880811],
            [-97.215996000171401, 40.698411999819079],
            [-97.215895999713965, 40.698414999887852],
            [-97.215704000093353, 40.698424999889113],
            [-97.213733000240254, 40.698414999887852],
            [-97.211337000239709, 40.698393000288412],
            [-97.210229000201977, 40.698417999956483],
            [-97.207163999656544, 40.698404999885085],
            [-97.204279999759379, 40.698417000160667],
            [-97.202589000288768, 40.698410000227192],
            [-97.200534999696686, 40.698391999811143],
            [-97.198911000173226, 40.698387000148756],
            [-97.197823000226961, 40.698377000141789],
            [-97.197290000124497, 40.69837199979721],
            [-97.196844000060651, 40.698367999929893],
            [-97.196317999630892, 40.698377000141789],
            [-97.195341000012704, 40.698384000078725],
            [-97.194852000291149, 40.698383000282348],
            [-97.19328499977081, 40.698391000014936],
            [-97.192924000095772, 40.698401999815864],
            [-97.190549999836549, 40.698384000078725],
            [-97.190106000320853, 40.698384000078725],
            [-97.188891999977912, 40.698383000282348],
            [-97.187716000168109, 40.698374000071318],
            [-97.186736000176893, 40.698358999716831],
            [-97.185755000360757, 40.698370000204115],
            [-97.185131000021698, 40.698383000282348],
            [-97.184120000068319, 40.698367000133317],
            [-97.182159000260967, 40.698367000133317],
            [-97.179660000328269, 40.698357999920077],
            [-97.178652999674568, 40.698370000204115],
            [-97.177810999775602, 40.698380000212133],
            [-97.177572000299321, 40.698381999804923],
            [-97.176598999980797, 40.69837199979721],
            [-97.173747999695593, 40.698377999938209],
            [-97.173362999731111, 40.698377999938209],
            [-97.172966999896005, 40.698378999734665],
            [-97.172665999597129, 40.698380000212133],
            [-97.170845000430177, 40.698360999991316],
            [-97.169378000367232, 40.698363000265708],
            [-97.166708999656919, 40.698340000171044],
            [-97.165499000410236, 40.698340000171044],
            [-97.164387999999448, 40.698338999692979],
            [-97.163064999876568, 40.698347999908741],
            [-97.159771999725479, 40.698336000301808],
            [-97.158771999642781, 40.698327999881599],
            [-97.158256000157053, 40.698324000011688],
            [-97.157812999567952, 40.698337999895919],
            [-97.1569859997376, 40.698336000301808],
            [-97.156952000300734, 40.698336000301808],
            [-97.156324999588605, 40.698330999954152],
            [-97.155805999729864, 40.698338999692979],
            [-97.154436999576191, 40.698340999968018],
            [-97.152080999758638, 40.698344999836962],
            [-97.150972999720906, 40.698344999836962],
            [-97.147489999599017, 40.698346000314928],
            [-97.143317999739068, 40.698331999751311],
            [-97.140677000414456, 40.698336000301808],
            [-97.139704000095932, 40.69833400002662],
            [-97.139098000198544, 40.698334999823679],
            [-97.136313999860491, 40.698338999692979],
            [-97.135348000112955, 40.698347000111866],
            [-97.133992000378115, 40.698341999765034],
            [-97.133131000212572, 40.698343000243057],
            [-97.131117999628358, 40.698364999859002],
            [-97.13043300008826, 40.698378999734665],
            [-97.130072000413236, 40.698373000274778],
            [-97.130021000359605, 40.69837199979721],
            [-97.130006000291004, 40.69837199979721],
            [-97.129762999718423, 40.698357999920077],
            [-97.129514000196409, 40.6983289996788],
            [-97.129232999989014, 40.698284999734788],
            [-97.12917000023981, 40.698272000318511],
            [-97.129079000003216, 40.698266000167905],
            [-97.129018999728757, 40.698262000294278],
            [-97.128961000002462, 40.698259000218563],
            [-97.128945000108914, 40.69825799973929],
            [-97.128919999994565, 40.698256000142777],
            [-97.128903000276125, 40.69825499966344],
            [-97.128757999612844, 40.698246000116136],
            [-97.128264999693357, 40.698239999963242],
            [-97.127853999789608, 40.698235000289444],
            [-97.12759699987167, 40.698225000259654],
            [-97.12723299982359, 40.698253999865116],
            [-97.127136999564129, 40.698262000294278],
            [-97.125318000047002, 40.698421999820802],
            [-97.124193000290816, 40.698417000160667],
            [-97.123408000293281, 40.698411999819079],
            [-97.123337000148169, 40.698411999819079],
            [-97.123307000010925, 40.698411999819079],
            [-97.123291999942339, 40.698411999819079],
            [-97.123277999698615, 40.698411999819079],
            [-97.122571000417182, 40.698407000158191],
            [-97.122333999692401, 40.698405999681135],
            [-97.122310000301283, 40.698405999681135],
            [-97.122017000398316, 40.698404999885085],
            [-97.121999999781565, 40.698404999885085],
            [-97.121762999955109, 40.69840400008907],
            [-97.121460000006408, 40.698403000292984],
            [-97.12130600002061, 40.698401000019793],
            [-97.121229000027725, 40.698400000223678],
            [-97.121199999715401, 40.698400000223678],
            [-97.121186000370002, 40.698400000223678],
            [-97.120721999864514, 40.698394999880811],
            [-97.120639000023843, 40.698394000084654],
            [-97.120049999844866, 40.698387000148756],
            [-97.117195000260025, 40.698353000255132],
            [-97.117044999573892, 40.698350999980391],
            [-97.117015000334973, 40.698350000183567],
            [-97.116996999893303, 40.698350000183567],
            [-97.116930999771071, 40.698348999705658],
            [-97.116758000417022, 40.698347000111866],
            [-97.116647000088946, 40.698346000314928],
            [-97.116568000446208, 40.698344999836962],
            [-97.11645299992017, 40.698344000040045],
            [-97.116228999614194, 40.698347999908741],
            [-97.116166999689909, 40.698347000111866],
            [-97.115995999985699, 40.698347000111866],
            [-97.115924000015667, 40.698347000111866],
            [-97.115781999725442, 40.698346000314928],
            [-97.115684999641061, 40.698346000314928],
            [-97.115658999701807, 40.698346000314928],
            [-97.115641000158448, 40.698346000314928],
            [-97.115549999921853, 40.698344999836962],
            [-97.11549300002045, 40.698331999751311],
            [-97.111117999770912, 40.698283000139092],
            [-97.110674000255202, 40.69827799978745],
            [-97.106007999752521, 40.698225000259654],
            [-97.10590999984322, 40.698223999779813],
            [-97.105895999599525, 40.698223999779813],
            [-97.105871000383488, 40.698223999779813],
            [-97.10577299957589, 40.698222999981077],
            [-97.105715999674473, 40.698222000182277],
            [-97.10562500033619, 40.698220999702443],
            [-97.105559000213958, 40.698219999903664],
            [-97.104856000232175, 40.698212000150541],
            [-97.104575000024766, 40.698209000072623],
            [-97.104528999994002, 40.698208000273667],
            [-97.104426999886755, 40.698206999793619],
            [-97.104278999748757, 40.698205999994585],
            [-97.104123999938054, 40.698203999715432],
            [-97.103968000302444, 40.698202000117298],
            [-97.102721000347529, 40.698185000125498],
            [-97.102717999974487, 40.698172999808122],
            [-97.102558000140931, 40.698176999687092],
            [-97.102353000101516, 40.698181000246954],
            [-97.102152000260048, 40.698178000167644],
            [-97.101984999855475, 40.69817599988766],
            [-97.101835999892558, 40.698174000288688],
            [-97.092790999840688, 40.698097000018187],
            [-97.092445000234278, 40.698100999901783],
            [-97.092362000393607, 40.698101999702338],
            [-97.09233700027923, 40.698101999702338],
            [-97.09227899965461, 40.698103000183963],
            [-97.092252999715328, 40.698103000183963],
            [-97.09223299962386, 40.698103000183963],
            [-97.091855000230396, 40.698107000067189],
            [-97.089947999951406, 40.698124000078955],
            [-97.086598999723833, 40.698155000009066],
            [-97.085022999880934, 40.698169999728457],
            [-97.084169000286423, 40.69817599988766],
            [-97.084100999616055, 40.698233999809752],
            [-97.084027999821117, 40.69825799973929],
            [-97.083949000178379, 40.698276000191534],
            [-97.08386100031484, 40.698272000318511],
            [-97.083522000381137, 40.698259000218563],
            [-97.082556999560211, 40.698256000142777],
            [-97.082543000214841, 40.698256000142777],
            [-97.082473999719525, 40.698256000142777],
            [-97.08022099983414, 40.698249000192384],
            [-97.079517000027437, 40.698256999941052],
            [-97.078511000096952, 40.698250999789103],
            [-97.076780000443364, 40.69825799973929],
            [-97.076058000195005, 40.69825499966344],
            [-97.075150000173807, 40.698264999688732],
            [-97.074720000003495, 40.698260999814984],
            [-97.074499000070574, 40.698259000218563],
            [-97.074449999666768, 40.69825799973929],
            [-97.073808999609255, 40.698247999712947],
            [-97.073447999934231, 40.698246999914581],
            [-97.072966999710303, 40.698246000116136],
            [-97.072457999897267, 40.698243999838191],
            [-97.072297000238791, 40.698243000039753],
            [-97.072144000077913, 40.698242000241258],
            [-97.071738000197044, 40.698237999685112],
            [-97.070476000173514, 40.698237999685112],
            [-97.070429000317858, 40.698240999761715],
            [-97.067049000128137, 40.698246999914581],
            [-97.066961000264598, 40.698246999914581],
            [-97.066946000195969, 40.698246999914581],
            [-97.066902999639964, 40.698247999712947],
            [-97.066859999982256, 40.698247999712947],
            [-97.066760000423145, 40.698247999712947],
            [-97.066705000171567, 40.698247999712947],
            [-97.066684000255165, 40.698247999712947],
            [-97.066537999766979, 40.698246000116136],
            [-97.065588999737898, 40.698235000289444],
            [-97.064914000243519, 40.698235000289444],
            [-97.064675999693833, 40.698235000289444],
            [-97.063648000022042, 40.698233999809752],
            [-97.063457000226322, 40.698233999809752],
            [-97.06323100027052, 40.698233999809752],
            [-97.062117000385001, 40.698232000212521],
            [-97.061195999945014, 40.698236999886589],
            [-97.060130999564976, 40.698233999809752],
            [-97.059066000083249, 40.698230999732829],
            [-97.058900000401906, 40.698229000135505],
            [-97.058861000043848, 40.698229000135505],
            [-97.057989999832571, 40.698218000306007],
            [-97.056911000107135, 40.698218000306007],
            [-97.053308000334681, 40.698219999903664],
            [-97.052928000393081, 40.698215000228373],
            [-97.052899999905677, 40.698215000228373],
            [-97.052319999947542, 40.698206999793619],
            [-97.050550999760802, 40.698202999916404],
            [-97.049840000281421, 40.698205000195578],
            [-97.049360999707304, 40.698202000117298],
            [-97.048736000441636, 40.698206999793619],
            [-97.047655999992998, 40.698209000072623],
            [-97.046058000408792, 40.698199999838081],
            [-97.045890000179313, 40.698199999838081],
            [-97.044392999979138, 40.698202000117298],
            [-97.044327999681812, 40.698202000117298],
            [-97.044301999742544, 40.698202999916404],
            [-97.044284000199198, 40.698202999916404],
            [-97.044264999932622, 40.698202999916404],
            [-97.044250999688913, 40.698202999916404],
            [-97.044237000343529, 40.698202999916404],
            [-97.042751999838927, 40.698201000318235],
            [-97.042087000390296, 40.698193999680996],
            [-97.040118000187022, 40.698205000195578],
            [-97.038194000189591, 40.698201000318235],
            [-97.037044000319057, 40.698189000003751],
            [-97.03637700032229, 40.698186999724086],
            [-97.034492999609498, 40.698179999766502],
            [-97.033730000251595, 40.698182000046323],
            [-97.031644999697363, 40.698176999687092],
            [-97.030130999778748, 40.698178000167644],
            [-97.028339999850729, 40.698172999808122],
            [-97.02811899991778, 40.698174000288688],
            [-97.027159999842951, 40.698178999967055],
            [-97.02678199955119, 40.698181000246954],
            [-97.025939999652238, 40.698175000088199],
            [-97.025548000015078, 40.698172000008576],
            [-97.025501000159394, 40.698172999808122],
            [-97.025322000059248, 40.698175000088199],
            [-97.025100000301393, 40.698178999967055],
            [-97.025057999570294, 40.698178999967055],
            [-97.024241999610609, 40.698168999928861],
            [-97.023006000424658, 40.698167000329683],
            [-97.022910999990117, 40.6981680001293],
            [-97.022896999746408, 40.6981680001293],
            [-97.022875999830006, 40.6981680001293],
            [-97.02285300026378, 40.698168999928861],
            [-97.022828000149431, 40.698168999928861],
            [-97.022803999859988, 40.698168999928861],
            [-97.02271599999645, 40.698169999728457],
            [-97.022685000034301, 40.698171000209065],
            [-97.022669000140766, 40.698171000209065],
            [-97.022654999897071, 40.698171000209065],
            [-97.02194299969446, 40.698178000167644],
            [-97.02129599978916, 40.698172000008576],
            [-97.021039999696129, 40.698169999728457],
            [-97.020320999820811, 40.698162999769032],
            [-97.019216999981026, 40.69816400024974],
            [-97.018310999609668, 40.698151999928584],
            [-97.017882000162587, 40.698147000248184],
            [-97.017235000257301, 40.698151000128775],
            [-97.016919999714702, 40.698152999728428],
            [-97.016698999781752, 40.698155000009066],
            [-97.016639000405632, 40.698155000009066],
            [-97.016326000411183, 40.698151999928584],
            [-97.015981999556288, 40.698148999847973],
            [-97.015488999636773, 40.698144999967269],
            [-97.014640000065128, 40.698151000128775],
            [-97.013546000271091, 40.698148999847973],
            [-97.012884000297191, 40.698148999847973],
            [-97.012747999854753, 40.698148000048114],
            [-97.01243700040844, 40.698148000048114],
            [-97.011404999640391, 40.698134999923973],
            [-97.010891999629393, 40.698135999724073],
            [-97.010570000312427, 40.698135999724073],
            [-97.009143000432459, 40.698131000042473],
            [-97.008715999736879, 40.69812799996091],
            [-97.007611000072188, 40.698120000196745],
            [-97.006178000344434, 40.698120000196745],
            [-97.004902000077209, 40.698113000232063],
            [-97.003659000320269, 40.698117000114685],
            [-97.002822000444183, 40.698114999832868],
            [-97.001594999682439, 40.698114000032504],
            [-97.001492999575191, 40.698114000032504],
            [-97.001377999947451, 40.698114000032504],
            [-97.000311999742507, 40.69811600031435],
            [-96.999299999964236, 40.698117000114685],
            [-96.999275999674808, 40.698117000114685],
            [-96.998905999778927, 40.698110000149697],
            [-96.99743799989109, 40.698103999984554],
            [-96.997240000422678, 40.698106000266698],
            [-96.997221000156117, 40.698106000266698],
            [-96.995840000306899, 40.697939999801243],
            [-96.995611999802961, 40.697939999801243],
            [-96.990967000114992, 40.697942000088261],
            [-96.990875999878369, 40.697942000088261],
            [-96.990864000182825, 40.697942000088261],
            [-96.990768999748255, 40.697942000088261],
            [-96.990741000159176, 40.697939999801243],
            [-96.990727999740372, 40.697939999801243],
            [-96.989755000320173, 40.697942999891268],
            [-96.9745850000986, 40.697949999873813],
            [-96.974083999783176, 40.697959000142127],
            [-96.974068999714561, 40.697949999873813],
            [-96.964710999668227, 40.698012999683506],
            [-96.964295999566545, 40.698017000253209],
            [-96.963847000027968, 40.698021000141544],
            [-96.963769000210164, 40.698021000141544],
            [-96.963656000232262, 40.698021999943364],
            [-96.963580000064269, 40.698021999943364],
            [-96.963339000039852, 40.698022999745113],
            [-96.963171999635279, 40.698022999745113],
            [-96.96303000024335, 40.698022999745113],
            [-96.962841999922389, 40.698024000227925],
            [-96.962494999592749, 40.698025000029702],
            [-96.962155999659046, 40.698025999831401],
            [-96.961753000151219, 40.698025999831401],
            [-96.961668999587317, 40.698031000201958],
            [-96.961491000210401, 40.698011999881608],
            [-96.96135999979083, 40.697956000052834],
            [-96.961326000353964, 40.697917000241567],
            [-96.957665999781767, 40.697903000268852],
            [-96.954261000376007, 40.697882000304205],
            [-96.95096099965393, 40.69786200013715],
            [-96.950916000346396, 40.697893999992928],
            [-96.950744999743875, 40.697946999784051],
            [-96.95059699960585, 40.697972000300574],
            [-96.950241999778612, 40.69800100001622],
            [-96.94943400021485, 40.698004000103502],
            [-96.949392000382062, 40.698004000103502],
            [-96.94917899994671, 40.697997999928809],
            [-96.948978999930176, 40.697993000236849],
            [-96.948961000386831, 40.697993000236849],
            [-96.948927000051626, 40.697991999753576],
            [-96.94889400043968, 40.697990999951308],
            [-96.948311999933395, 40.697993000236849],
            [-96.948231999567454, 40.697993000236849],
            [-96.947680000096739, 40.698000000214144],
            [-96.946848000243506, 40.697994000039039],
            [-96.946139000413936, 40.698004000103502],
            [-96.945522999572489, 40.698000000214144],
            [-96.944042000164174, 40.698014000166459],
            [-96.942741999607478, 40.698005999707576],
            [-96.941174000160515, 40.698011999881608],
            [-96.940085000389374, 40.697997999928809],
            [-96.93898200037448, 40.698005999707576],
            [-96.937625999741314, 40.698015999770242],
            [-96.935919000377183, 40.697990999951308],
            [-96.933474999797753, 40.697991999753576],
            [-96.932895999664524, 40.697994000039039],
            [-96.932858999854616, 40.697994000039039],
            [-96.932827999892453, 40.697994000039039],
            [-96.932808999625891, 40.697994999841264],
            [-96.932791000082545, 40.697994999841264],
            [-96.932714000089661, 40.697994999841264],
            [-96.932697000371206, 40.697994999841264],
            [-96.932677000279725, 40.697994999841264],
            [-96.932437000080213, 40.697996000324487],
            [-96.932120999712723, 40.697991999753576],
            [-96.930457999831205, 40.697970999816974],
            [-96.929061999913372, 40.69797499970813],
            [-96.929047999669663, 40.69797499970813],
            [-96.928006999579083, 40.697977999796578],
            [-96.927732000117786, 40.697976999994154],
            [-96.926949999594981, 40.697976000191666],
            [-96.926651999669133, 40.697976000191666],
            [-96.924746000113373, 40.697958000339419],
            [-96.923316999685269, 40.697960999747565],
            [-96.923038000026025, 40.697960999747565],
            [-96.92205999968462, 40.697955000250076],
            [-96.92116099988425, 40.697972000300574],
            [-96.920284999650107, 40.697967999728213],
            [-96.919555999729042, 40.697976999994154],
            [-96.918430000147964, 40.69798499977545],
            [-96.917149999682778, 40.69796699992564],
            [-96.915788000100136, 40.69795399976617],
            [-96.914813999956692, 40.697966000122996],
            [-96.913493000381948, 40.697948000268056],
            [-96.913490999833812, 40.695784000049727],
            [-96.913493000381948, 40.692482000058781],
            [-96.913493000381948, 40.691612999718522],
            [-96.913495000031759, 40.688113999921427],
            [-96.913495999856664, 40.686658000278975],
            [-96.913498000404829, 40.683029999929971],
            [-96.913498000404829, 40.68296300014768],
            [-96.913498000404829, 40.682878999806945],
            [-96.913613999857446, 40.671544999747802],
            [-96.913642000344865, 40.668731999829312],
            [-96.913643000169756, 40.668652000241551],
            [-96.913643999994676, 40.668476999829387],
            [-96.913695000048307, 40.661561000008291],
            [-96.913695999873212, 40.661489000069523],
            [-96.913695999873212, 40.661390000111943],
            [-96.91370599991896, 40.659865999880772],
            [-96.913710999941827, 40.659143000033175],
            [-96.913714000314883, 40.658731999971501],
            [-96.913715000139788, 40.658675000136085],
            [-96.913720999987561, 40.657711999966018],
            [-96.913721999812481, 40.65758700014532],
            [-96.913721999812481, 40.657565999743568],
            [-96.913735000231284, 40.655753999864366],
            [-96.913739000429231, 40.655171999888765],
            [-96.913742999728882, 40.654594999828639],
            [-96.913745000277032, 40.654258000251396],
            [-96.913748999576669, 40.653661999768282],
            [-96.913751000124805, 40.650988999661237],
            [-96.913751999949696, 40.650522000328628],
            [-96.913752999774616, 40.649868000165625],
            [-96.913755000322766, 40.647271999844783],
            [-96.913755000322766, 40.646729999861911],
            [-96.913756000147686, 40.646431000169272],
            [-96.913761999995458, 40.639721000152925],
            [-96.913767000018311, 40.639247999669735],
            [-96.913770000391366, 40.63900500018206],
            [-96.913772000041206, 40.638844999820485],
            [-96.913772999866111, 40.638712000024682],
            [-96.913776000239153, 40.638488000200248],
            [-96.91378200008694, 40.638039999659824],
            [-96.913787000109821, 40.637590000150084],
            [-96.913819999721767, 40.634793999702602],
            [-96.9139129996082, 40.626855999985629],
            [-96.913930000224951, 40.62541400001448],
            [-96.913930000224951, 40.625247999905056],
            [-96.913925000202084, 40.618245000257623],
            [-96.913924000377165, 40.617939999934698],
            [-96.913922999653934, 40.61608999997442],
            [-96.913921000004123, 40.613816999705648],
            [-96.913921000004123, 40.613341999747668],
            [-96.913921000004123, 40.612794999857954],
            [-96.913917999631067, 40.610728000010646],
            [-96.913609999659485, 40.602107999939172],
            [-96.913398999772298, 40.596207999775906],
            [-96.91320200012882, 40.591678999710616],
            [-96.91308999997581, 40.589106000110938],
            [-96.913086999602754, 40.589047000033041],
            [-96.913052000340983, 40.588246999735766],
            [-96.912930999967145, 40.585453999931403],
            [-96.912766999935627, 40.581692000182208],
            [-96.912734000323667, 40.580831999904156],
            [-96.912705000011329, 40.580099999912058],
            [-96.912653999957726, 40.578771999783122],
            [-96.912638999889097, 40.578370999871417],
            [-96.9125979998812, 40.57730799992521],
            [-96.912206000244041, 40.567179000278628],
            [-96.912217999939628, 40.562721000137223],
            [-96.912217999939628, 40.56265599992625],
            [-96.912218999764534, 40.562487999959956],
            [-96.912222000137589, 40.561374000053242],
            [-96.912222000137589, 40.561343999832495],
            [-96.912224999612306, 40.560043999872882],
            [-96.912226000335551, 40.559957000265214],
            [-96.912227000160456, 40.559657999802319],
            [-96.912237000206204, 40.555988000067714],
            [-96.912247000251938, 40.552666999672645],
            [-96.912272000366301, 40.550703999787522],
            [-96.912334000290571, 40.545764999774576],
            [-96.912356999856797, 40.543911999841313],
            [-96.912409999560239, 40.539762000316848],
            [-96.912428999826815, 40.538241000275534],
            [-96.912431000374951, 40.53811799972982],
            [-96.912520999888315, 40.531784999891215],
            [-96.912530000109157, 40.531147999706782],
            [-96.912637000239272, 40.523624999770952],
            [-96.911340999880579, 40.523589999926003],
            [-96.910792999709486, 40.52356699968626],
            [-96.910590000218207, 40.523583999775134],
            [-96.910009000435153, 40.52356699968626],
            [-96.909580000089761, 40.523578000306578],
            [-96.90900400032956, 40.523572999838606],
            [-96.908422999648209, 40.52356699968626],
            [-96.907418000440941, 40.523561000216191],
            [-96.906871000094782, 40.523555999746947],
            [-96.906599999933121, 40.523572999838606],
            [-96.905387000313397, 40.523555999746947],
            [-96.904653000369464, 40.52355000027589],
            [-96.904240999742512, 40.523589000242289],
            [-96.903679000226035, 40.523587000192066],
            [-96.902994999612503, 40.523583999775134],
            [-96.902895000053391, 40.523583000091385],
            [-96.90284700037283, 40.523583000091385],
            [-96.899268999816385, 40.52356800005311],
            [-96.899192999648406, 40.52356800005311],
            [-96.89840299962799, 40.523563999951293],
            [-96.898200999961617, 40.523563000267195],
            [-96.898147000433255, 40.523563000267195],
            [-96.897940999670624, 40.523561999900274],
            [-96.89341999983121, 40.523542999754241],
            [-96.89338999969398, 40.523542999754241],
            [-96.892992000209034, 40.523540000018194],
            [-96.888633999677936, 40.52350999991905],
            [-96.888554000210291, 40.523509000234142],
            [-96.887980000099944, 40.5235050001288],
            [-96.883015999671429, 40.523470000221195],
            [-96.878398999572539, 40.523438000036009],
            [-96.878203999578872, 40.523436999667219],
            [-96.878176999814698, 40.523436999667219],
            [-96.878161999746084, 40.523436999667219],
            [-96.878140999829682, 40.523436999667219],
            [-96.877448999718553, 40.523431000185518],
            [-96.877397999664936, 40.523431000185518],
            [-96.876765000003346, 40.523425999706568],
            [-96.876713000124809, 40.523425999706568],
            [-96.874352000284361, 40.523409000260436],
            [-96.874297000032797, 40.523409000260436],
            [-96.870767999880172, 40.523385000271837],
            [-96.868165000190388, 40.5233680001325],
            [-96.864945999659184, 40.523346000186741],
            [-96.864914999697021, 40.523346000186741],
            [-96.862447999551378, 40.523329000037457],
            [-96.861330000366223, 40.523322000175583],
            [-96.860112999650227, 40.523313999942353],
            [-96.859526999844277, 40.523309999825379],
            [-96.856725999787798, 40.523291000290762],
            [-96.856694000000758, 40.523291000290762],
            [-96.855401999839998, 40.523281999682681],
            [-96.855348000311636, 40.523281999682681],
            [-96.836365000255299, 40.523199000239686],
            [-96.836203999698512, 40.523197999867328],
            [-96.833734999903029, 40.523182000053175],
            [-96.832785000049057, 40.523175999865778],
            [-96.831806999707652, 40.523169999677854],
            [-96.830241999735421, 40.523160000046317],
            [-96.82206200004704, 40.523107000062389],
            [-96.822036999932692, 40.523107000062389],
            [-96.821922000304966, 40.523105999688667],
            [-96.81736200010748, 40.523076000078078],
            [-96.817289000312556, 40.523076000078078],
            [-96.807956000380585, 40.523076000078078],
            [-96.807932000091157, 40.523076000078078],
            [-96.807645999860881, 40.523076000078078],
            [-96.80207700025818, 40.523076000078078],
            [-96.800450000361678, 40.523076000078078],
            [-96.799308999813661, 40.523076000078078],
            [-96.799256999935125, 40.523076000078078],
            [-96.79838900009689, 40.523076000078078],
            [-96.796583999925161, 40.523076000078078],
            [-96.791710999733226, 40.523076000078078],
            [-96.791478000104732, 40.523076000078078],
            [-96.791362999578695, 40.523076000078078],
            [-96.791302000377641, 40.523076000078078],
            [-96.790765000077201, 40.523076000078078],
            [-96.788216999740698, 40.523076000078078],
            [-96.788133999900026, 40.523076000078078],
            [-96.786803000279519, 40.523076000078078],
            [-96.786720000438862, 40.523076000078078],
            [-96.780637999926853, 40.523076000078078],
            [-96.780555000086167, 40.523076000078078],
            [-96.779857999952185, 40.523076000078078],
            [-96.775138999746048, 40.523074999703894],
            [-96.764362000215669, 40.523074000012556],
            [-96.764055999893927, 40.523074000012556],
            [-96.762305000148871, 40.523074000012556],
            [-96.760921999751517, 40.523074000012556],
            [-96.75910099968624, 40.523076999769451],
            [-96.75908300014288, 40.523076999769451],
            [-96.756965999801608, 40.523080000209021],
            [-96.753179999731046, 40.523085999722149],
            [-96.753147999943991, 40.523085999722149],
            [-96.752115000249333, 40.523087999787371],
            [-96.744693999720909, 40.52310000017733],
            [-96.74195600031193, 40.52310400030683],
            [-96.741940000418396, 40.52310400030683],
            [-96.732441999731677, 40.523107999753236],
            [-96.732339999624429, 40.523107999753236],
            [-96.731983000147366, 40.523107999753236],
            [-96.729573999728032, 40.523105999688667],
            [-96.7255359997624, 40.52310400030683],
            [-96.725437999853085, 40.52310400030683],
            [-96.723680000435323, 40.523102999933052],
            [-96.722984000126232, 40.523102999933052],
            [-96.722967000407806, 40.523102999933052],
            [-96.720843000393842, 40.523102999933052],
            [-96.713508000079145, 40.52310000017733],
            [-96.712075000351405, 40.523094999673681],
            [-96.710753999878321, 40.523089999852488],
            [-96.709148999723126, 40.523084000339729],
            [-96.709132000004686, 40.523084000339729],
            [-96.708752999888006, 40.523082999965659],
            [-96.707397999978056, 40.523078000143606],
            [-96.707233000121619, 40.523076999769451],
            [-96.707153999580584, 40.523076999769451],
            [-96.706893000362996, 40.523076000078078],
            [-96.706831000438697, 40.523076000078078],
            [-96.704180000170055, 40.523065999749726],
            [-96.702894999681988, 40.523067000124051],
            [-96.702820000237239, 40.523067000124051],
            [-96.694606000213668, 40.52307100025552],
            [-96.694405000372214, 40.52307100025552],
            [-96.693693999994494, 40.523087999787371],
            [-96.692189000296736, 40.52312400026792],
            [-96.684931999799858, 40.52329600009692],
            [-96.675581000324541, 40.523366999762665],
            [-96.674330000171665, 40.523377999732993],
            [-96.674160000292346, 40.523379999789455],
            [-96.672427999915541, 40.523396999925808],
            [-96.672401999976273, 40.523396999925808],
            [-96.67154099981073, 40.523405000149133],
            [-96.670693999888911, 40.523412999688645],
            [-96.670190000098756, 40.523418000168554],
            [-96.666646999702422, 40.52345199973481],
            [-96.666486000043932, 40.52345199973481],
            [-96.665899000413106, 40.523453999789112],
            [-96.657386999565389, 40.523475000014002],
            [-96.6572950004022, 40.523475999699414],
            [-96.657046999806752, 40.523474000328619],
            [-96.656813000353353, 40.523472000274914],
            [-96.653032000305643, 40.523444000199945],
            [-96.65273900040269, 40.523442000145337],
            [-96.652594999564329, 40.523440999776611],
            [-96.652581000218944, 40.523440999776611],
            [-96.652563999602194, 40.523440999776611],
            [-96.652547999708659, 40.523440999776611],
            [-96.652525000142447, 40.52344000009073],
            [-96.649512000373846, 40.523416999799473],
            [-96.649493000107285, 40.523416999799473],
            [-96.647906000393732, 40.523405000149133],
            [-96.647892999974943, 40.523405000149133],
            [-96.645573000142392, 40.52342500002041],
            [-96.644818000282072, 40.523431999871526],
            [-96.644031999561307, 40.523438999721925],
            [-96.643553999710406, 40.523442999831204],
            [-96.643482999565293, 40.523444000199945],
            [-96.64233900044087, 40.523453000103366],
            [-96.642243000181381, 40.523453999789112],
            [-96.634007000416517, 40.523524999970299],
            [-96.633443000351917, 40.523529000074447],
            [-96.631004999620259, 40.523550999960136],
            [-96.630988999726739, 40.523550999960136],
            [-96.628977999690676, 40.523568999737087],
            [-96.621860999834183, 40.523678000028212],
            [-96.621501999808984, 40.523682999805501],
            [-96.621487999565289, 40.523682999805501],
            [-96.621464000174143, 40.523682999805501],
            [-96.621432000387088, 40.523682999805501],
            [-96.619982000042597, 40.523706000005433],
            [-96.619822000209027, 40.523708999734048],
            [-96.619739000368355, 40.523710000098824],
            [-96.619545000199594, 40.523712999827204],
            [-96.614447999701682, 40.523721999694558],
            [-96.614394000173334, 40.523721999694558],
            [-96.610178999757352, 40.523729999879102],
            [-96.600983999917645, 40.523755999789415],
            [-96.600932000039109, 40.523755999789415],
            [-96.600213999988711, 40.52375799983465],
            [-96.600157999912213, 40.52375799983465],
            [-96.59104199971523, 40.523783999734107],
            [-96.591020999798829, 40.523783999734107],
            [-96.590953999851692, 40.523783999734107],
            [-96.590922999889557, 40.523783999734107],
            [-96.590210999686917, 40.523781000008846],
            [-96.586909000213339, 40.52376899974081],
            [-96.58522399969219, 40.523761999924886],
            [-96.583862999934468, 40.523757000153452],
            [-96.581724999676794, 40.523748999972128],
            [-96.581711000331396, 40.523748999972128],
            [-96.579414000065071, 40.523768000059775],
            [-96.572195999926237, 40.523828000013729],
            [-96.572171999636808, 40.523828000013729],
            [-96.559036999740727, 40.523772999830399],
            [-96.559004999953686, 40.523772999830399],
            [-96.55498200005664, 40.523746999926672],
            [-96.554794999560571, 40.523746000245303],
            [-96.550795999952967, 40.52372100001287],
            [-96.547661999810558, 40.523701000229863],
            [-96.539981999714371, 40.523652000087644],
            [-96.538841000064664, 40.523645000259499],
            [-96.527668999625774, 40.523572000154687],
            [-96.527611999724357, 40.523572000154687],
            [-96.527569000066663, 40.523572000154687],
            [-96.527535999556378, 40.523572000154687],
            [-96.527509999617124, 40.523572000154687],
            [-96.527490000423938, 40.523572000154687],
            [-96.527473999632107, 40.523572000154687],
            [-96.527442999669972, 40.523572000154687],
            [-96.527409000233092, 40.523572000154687],
            [-96.526205999760791, 40.523561999900274],
            [-96.520899000098922, 40.523527000022369],
            [-96.520862000289, 40.523527000022369],
            [-96.502024999822538, 40.523394000183231],
            [-96.501993999860389, 40.523394000183231],
            [-96.501773999752359, 40.523392000127131],
            [-96.501700999957421, 40.523390999757659],
            [-96.498584000431762, 40.523361000274683],
            [-96.498560000142319, 40.523361000274683],
            [-96.496063999684353, 40.523335999898613],
            [-96.496036000095259, 40.523335999898613],
            [-96.495991999714334, 40.523335000211155],
            [-96.495949999881532, 40.523335000211155],
            [-96.495925999592089, 40.523335000211155],
            [-96.495912000246705, 40.523335000211155],
            [-96.493349999666506, 40.523311999883866],
            [-96.493321000252507, 40.523311999883866],
            [-96.493293999590009, 40.523311999883866],
            [-96.49323500003878, 40.52331100019606],
            [-96.493178000137377, 40.523309999825379],
            [-96.493118999687809, 40.523309000137544],
            [-96.493061999786434, 40.523307999766779],
            [-96.490653000265411, 40.523285000113127],
            [-96.490613999907339, 40.523285000113127],
            [-96.490596000363993, 40.523285000113127],
            [-96.490571000249645, 40.523283999742063],
            [-96.490370000408191, 40.523281999682681],
            [-96.490341999920787, 40.523281999682681],
            [-96.49031799963133, 40.523281999682681],
            [-96.49025599970706, 40.523280999994427],
            [-96.490197000155831, 40.523280000306102],
            [-96.489321999746593, 40.523270999696592],
            [-96.489106999661445, 40.523269000319679],
            [-96.487415000365914, 40.523252000150926],
            [-96.487389000426646, 40.523252000150926],
            [-96.487360999939256, 40.523250999779371],
            [-96.487312000433747, 40.523250999779371],
            [-96.487268000052822, 40.523250999779371],
            [-96.486703000163288, 40.523245999969802],
            [-96.484822999648486, 40.523228000106108],
            [-96.484306000337853, 40.523223000294884],
            [-96.483994999993229, 40.523219999861659],
            [-96.483918000000344, 40.523219000172482],
            [-96.482666999847467, 40.523206999803833],
            [-96.482654000326988, 40.523206999803833],
            [-96.479074000120733, 40.523171000050674],
            [-96.478814999654659, 40.523168000297979],
            [-96.477983999626346, 40.523160000046317],
            [-96.477860999602697, 40.523158999673392],
            [-96.477436000353563, 40.523153999857009],
            [-96.473251000074825, 40.523111000191477],
            [-96.473220999937595, 40.523111000191477],
            [-96.469218000132045, 40.523069999881251],
            [-96.469196000390738, 40.523069999881251],
            [-96.463631999912593, 40.52301299969141],
            [-96.463643999608166, 40.530273000040999],
            [-96.463643999608166, 40.530461999668944],
            [-96.463650000354264, 40.534311999919623],
            [-96.4636539996539, 40.536579999710739],
            [-96.463655000377145, 40.537501000123015],
            [-96.463647999806128, 40.5375469999058],
            [-96.463648999631019, 40.538387999998811],
            [-96.463636999935474, 40.538796000146071],
            [-96.463641999958341, 40.53979599978355],
            [-96.463635000285635, 40.540218999958718],
            [-96.463647999806128, 40.542923999779795],
            [-96.463643999608166, 40.544527999736552],
            [-96.463641999958341, 40.544608999962932],
            [-96.463617999668884, 40.545850000007228],
            [-96.463631999912593, 40.546869999845626],
            [-96.463625000239901, 40.547111999909717],
            [-96.463647999806128, 40.547574999970429],
            [-96.463630000262782, 40.548667000315582],
            [-96.463646999981208, 40.54916899996077],
            [-96.463636000110554, 40.549467000189232],
            [-96.463646000156302, 40.550142999786225],
            [-96.463647999806128, 40.551032000088313],
            [-96.463645000331383, 40.551214000178057],
            [-96.463638999585285, 40.551583999930727],
            [-96.463646000156302, 40.55190099995216],
            [-96.463667000072689, 40.552005000177026],
            [-96.463672999920476, 40.55845599985259],
            [-96.463658999676781, 40.558489000221712],
            [-96.463656000202036, 40.559269999885863],
            [-96.463648999631019, 40.562112000294924],
            [-96.463656000202036, 40.562459999810855],
            [-96.463657000026956, 40.562510000020168],
            [-96.463656000202036, 40.562593999687181],
            [-96.463655000377145, 40.562883999937227],
            [-96.4636539996539, 40.563597999993938],
            [-96.463647999806128, 40.566355000192218],
            [-96.463679999593182, 40.566507000302089],
            [-96.463689999638916, 40.573821999671729],
            [-96.463693999836877, 40.577345000171796],
            [-96.463698999859744, 40.581007000190368],
            [-96.46369999968465, 40.582781000253149],
            [-96.463702000232786, 40.584339000135635],
            [-96.463706000430747, 40.587457999781734],
            [-96.463709999730398, 40.591866999962605],
            [-96.463713000103454, 40.594877000287987],
            [-96.463713999928373, 40.595431000012056],
            [-96.463713999928373, 40.595504000241654],
            [-96.463713999928373, 40.595694999885936],
            [-96.463719999776146, 40.598113000303364],
            [-96.463729999821879, 40.602645999834238],
            [-96.463733000194921, 40.604067999881472],
            [-96.463734000019841, 40.604671999902543],
            [-96.463738000217802, 40.606516000012931],
            [-96.463744999890508, 40.609995999918944],
            [-96.463749999913375, 40.612062999905078],
            [-96.463751999563186, 40.612591000218714],
            [-96.463755999761148, 40.614118000291228],
            [-96.463758000309312, 40.615038000106672],
            [-96.463763000332165, 40.616814000159721],
            [-96.463765999806895, 40.61815299973901],
            [-96.463766999631801, 40.618342000178032],
            [-96.463783000423646, 40.624524999984835],
            [-96.4637940002943, 40.631371000276594],
            [-96.463795000119219, 40.631739999783747],
            [-96.463806999814778, 40.638989000095002],
            [-96.463825000256449, 40.645998000327886],
            [-96.46384299979978, 40.652791999911024],
            [-96.463845000347931, 40.65348800002284],
            [-96.463845000347931, 40.667983999835556],
            [-96.463845000347931, 40.668993000278334],
            [-96.463841000149969, 40.679324000090652],
            [-96.463840000325064, 40.682470000308946],
            [-96.463840000325064, 40.683982000204622],
            [-96.463840000325064, 40.685983999863133],
            [-96.463838999601833, 40.687685999992915],
            [-96.463838999601833, 40.687851000168408],
            [-96.463838999601833, 40.687960999831375],
            [-96.463838999601833, 40.688722999669714],
            [-96.463838999601833, 40.690060999692882],
            [-96.463837999776914, 40.694570000189465],
            [-96.463837999776914, 40.696963999661705],
            [-96.463819000408662, 40.69959300033436],
            [-96.463836999952008, 40.699853999823276],
            [-96.463872000112104, 40.700352999738847],
            [-96.463850000370797, 40.701364999862307],
            [-96.4638439996247, 40.701452999738613],
            [-96.463836000127088, 40.702015000045179],
            [-96.463790999921258, 40.704205999749405],
            [-96.463790999921258, 40.704460999957561],
            [-96.463833999578952, 40.710991000288345],
            [-96.463833999578952, 40.711281000116792],
            [-96.463833999578952, 40.711462000149083],
            [-96.463833999578952, 40.711703000015248],
            [-96.463835000302197, 40.714219000009948],
            [-96.463838999601833, 40.721824999868197],
            [-96.463841000149969, 40.72519799995154],
            [-96.463841000149969, 40.725547999949839],
            [-96.463841000149969, 40.725965999706688],
            [-96.463841000149969, 40.726253000164519],
            [-96.463840000325064, 40.726665999996285],
            [-96.463833999578952, 40.733186999902685],
            [-96.463833999578952, 40.733212000122798],
            [-96.463831000104236, 40.735416000087234],
            [-96.46382799973118, 40.737892000135183],
            [-96.463821999883393, 40.742868000281312],
            [-96.463821000058488, 40.743393999839],
            [-96.463821000058488, 40.743451999848702],
            [-96.463821000058488, 40.743496999692326],
            [-96.463815000210687, 40.743562000244566],
            [-96.463799000317181, 40.744350999997252],
            [-96.463790999921258, 40.74615100010935],
            [-96.463816000035607, 40.747509000164946],
            [-96.463815000210687, 40.747742999989676],
            [-96.463812999662565, 40.750005000079184],
            [-96.463811999837645, 40.750945000248365],
            [-96.463806999814778, 40.75495600020426],
            [-96.463796999769031, 40.762015999688529],
            [-96.463795000119219, 40.763763999683221],
            [-96.463788000446513, 40.769454000012139],
            [-96.463779000225699, 40.774720999926949],
            [-96.463766999631801, 40.782163000099729],
            [-96.463764999981976, 40.78307499972405],
            [-96.463764000157084, 40.783959999829776],
            [-96.463646000156302, 40.783959999829776],
            [-96.45714600006788, 40.78393999968096],
            [-96.455739000279394, 40.783938999809394],
            [-96.454659999655661, 40.78393799993782],
            [-96.453445000386111, 40.783938999809394],
            [-96.452135999608601, 40.783942999975757],
            [-96.45087100011034, 40.783942999975757],
            [-96.450055999975561, 40.783942999975757],
            [-96.446874000152576, 40.783953000050431],
            [-96.445301999609327, 40.783953999921792],
            [-96.443618999636328, 40.783948000013261],
            [-96.442031000097884, 40.783932000027846],
            [-96.441475000429179, 40.783937000066224],
            [-96.441321000443409, 40.783948000013261],
            [-96.441096000312513, 40.783964999866043],
            [-96.440735999564069, 40.78396399999486],
            [-96.440154999781015, 40.783953000050431],
            [-96.439327999950663, 40.783937000066224],
            [-96.438669000349833, 40.783928999732552],
            [-96.438597000379815, 40.783949999756089],
            [-96.438521000211821, 40.783957000215942],
            [-96.438456999739415, 40.783963000123663],
            [-96.438380999571436, 40.783969999901942],
            [-96.438325000393249, 40.783970999773047],
            [-96.438176000430332, 40.78397499993747],
            [-96.438025999744184, 40.783978000230633],
            [-96.438004999827783, 40.783978000230633],
            [-96.437510000258456, 40.78397900010166],
            [-96.436883000444666, 40.78396700028857],
            [-96.436792000208058, 40.783965999737219],
            [-96.436654000115809, 40.783964999866043],
            [-96.436326999877664, 40.783963000123663],
            [-96.435890999859566, 40.783953000050431],
            [-96.435390000442453, 40.783949999756089],
            [-96.433511999577462, 40.783954999793124],
            [-96.432717000432476, 40.783953000050431],
            [-96.432498999974271, 40.783948000013261],
            [-96.431329999837175, 40.783946000270362],
            [-96.430195999860175, 40.783938999809394],
            [-96.429808000420962, 40.783942000104233],
            [-96.429354999786128, 40.783947000141815],
            [-96.426241999560105, 40.783947000141815],
            [-96.425419999752634, 40.783951000307688],
            [-96.424929000381269, 40.783953000050431],
            [-96.424592999922297, 40.783962000252444],
            [-96.424309000240157, 40.78396800015971],
            [-96.423946000016997, 40.783963000123663],
            [-96.421636000230194, 40.783975999808483],
            [-96.421365999893453, 40.78397900010166],
            [-96.419913000074217, 40.783979999972615],
            [-96.419287000085319, 40.783985000007327],
            [-96.418928000060134, 40.783976999679496],
            [-96.418451000034153, 40.783974000066436],
            [-96.418105000427744, 40.783976999679496],
            [-96.417403000270866, 40.783969000030837],
            [-96.416932999917577, 40.783969000030837],
            [-96.416472999610036, 40.783974000066436],
            [-96.416336000241003, 40.783972000324319],
            [-96.41618599955487, 40.783969999901942],
            [-96.415747000062041, 40.783974000066436],
            [-96.414244999839013, 40.783975999808483],
            [-96.413556999925845, 40.783976999679496],
            [-96.413058999983463, 40.783976999679496],
            [-96.412097000433889, 40.78399699981717],
            [-96.410877000243175, 40.783990999912518],
            [-96.407543000084203, 40.78399699981717],
            [-96.407142000226216, 40.783995000075748],
            [-96.406719999553502, 40.78398300026555],
            [-96.406130000447959, 40.78398300026555],
            [-96.405947999974742, 40.783989000170919],
            [-96.405799000011825, 40.783988000300091],
            [-96.40525000001584, 40.783985000007327],
            [-96.403141999895396, 40.784006999883772],
            [-96.402517999556324, 40.784005000142649],
            [-96.402479999921496, 40.784004000272063],
            [-96.402421000370254, 40.784004000272063],
            [-96.402382000012196, 40.784004000272063],
            [-96.401613999733087, 40.784030000303275],
            [-96.399407999703357, 40.784027999882646],
            [-96.398556999583562, 40.784011999916508],
            [-96.397957000432257, 40.78400000010938],
            [-96.397096000266728, 40.783995000075748],
            [-96.395106000147067, 40.783944999718742],
            [-96.393967999972091, 40.783948000013261],
            [-96.392724000390217, 40.783925000245553],
            [-96.39213699986108, 40.783900999917556],
            [-96.391915000103239, 40.783891999707286],
            [-96.390778999578075, 40.783926000117326],
            [-96.390185000274556, 40.783928999732552],
            [-96.389367999591641, 40.783921000078109],
            [-96.388077999979018, 40.783936000194615],
            [-96.387581999686475, 40.783942000104233],
            [-96.385903999736357, 40.783932999899513],
            [-96.385250000158351, 40.783947000141815],
            [-96.384118999656081, 40.783949999756089],
            [-96.383358999772909, 40.783937000066224],
            [-96.382466999645217, 40.783938999809394],
            [-96.381953999634234, 40.783942000104233],
            [-96.380643999930143, 40.783936000194615],
            [-96.380152999660453, 40.783938999809394],
            [-96.379585000296188, 40.783943999847253],
            [-96.376863999707339, 40.783937000066224],
            [-96.376626000055964, 40.783926000117326],
            [-96.376411999795721, 40.783921999949953],
            [-96.376066000189326, 40.783928999732552],
            [-96.375411999713009, 40.783920000206273],
            [-96.37500300035741, 40.783922999821769],
            [-96.373553999837824, 40.783919000334407],
            [-96.372615999679397, 40.783926999989085],
            [-96.371798999894779, 40.783928999732552],
            [-96.369008999708967, 40.783923999693577],
            [-96.368314000123107, 40.783922999821769],
            [-96.366228999568861, 40.783910999998561],
            [-96.364882000054848, 40.783915000166601],
            [-96.363885000345178, 40.783909000254553],
            [-96.363379999831821, 40.783910000126561],
            [-96.362808000269595, 40.783911999870547],
            [-96.3604929995616, 40.783889000090376],
            [-96.358879999908808, 40.783889999962696],
            [-96.357730000038259, 40.783890999834995],
            [-96.35658299964247, 40.783872000218132],
            [-96.354481000268123, 40.783884000048381],
            [-96.34997899979696, 40.783863000003976],
            [-96.349778999780426, 40.783862000131251],
            [-96.348131999792443, 40.783821999768527],
            [-96.34649400002526, 40.783762999733668],
            [-96.345132000442632, 40.783706999951903],
            [-96.343545999655689, 40.783656000182404],
            [-96.33818999959, 40.78354600014616],
            [-96.336323000392298, 40.783539000323195],
            [-96.335849999665982, 40.783536999887779],
            [-96.335223999677083, 40.783540000200773],
            [-96.33435900021189, 40.783543999710957],
            [-96.333282999961213, 40.783524000117026],
            [-96.332265000335155, 40.783500000324324],
            [-96.331640999996097, 40.783497999887729],
            [-96.322083999758149, 40.783510999663577],
            [-96.32188100026687, 40.783510999663577],
            [-96.321824000365453, 40.783509999785551],
            [-96.320918999819, 40.783496000131279],
            [-96.32050799991525, 40.783490000181381],
            [-96.3192299999982, 40.783484000230935],
            [-96.314848000075969, 40.783484000230935],
            [-96.312837999864811, 40.783469999891025],
            [-96.312560999855393, 40.783484000230935],
            [-96.312498000106203, 40.78348699986612],
            [-96.303656000443894, 40.783528000308372],
            [-96.300836999945759, 40.783502999958785],
            [-96.300034000404835, 40.783512000221783],
            [-96.299880000419066, 40.783512000221783],
            [-96.29371699971621, 40.783524999994839],
            [-96.293494999958369, 40.783528000308372],
            [-96.292540999906407, 40.783537999765393],
            [-96.292375000225064, 40.783539000323195],
            [-96.291046000254383, 40.783543999710957],
            [-96.288102999907679, 40.7835630001018],
            [-96.287214999977962, 40.783585000118023],
            [-96.286990999671985, 40.783585999994919],
            [-96.286802000424402, 40.783587999748654],
            [-96.283623000076147, 40.783602000063688],
            [-96.280923000301996, 40.783613000066246],
            [-96.279474999607316, 40.783631999757198],
            [-96.274465000046362, 40.783651000122866],
            [-96.264036999597138, 40.783670999678556],
            [-96.262249999867066, 40.78369099990838],
            [-96.255380999707697, 40.783706000076826],
            [-96.251854000103194, 40.783688000282403],
            [-96.249995000403104, 40.783704000326644],
            [-96.245848999584084, 40.783729999795092],
            [-96.245703999819128, 40.7837309996698],
            [-96.24525699993039, 40.783733999974039],
            [-96.244841999828694, 40.783733000099367],
            [-96.240782000121726, 40.783724999741132],
            [-96.23844700022056, 40.783719999686838],
            [-96.23690300016473, 40.783733999974039],
            [-96.236322000381676, 40.783733999974039],
            [-96.235558000300529, 40.783733999974039],
            [-96.2292909998406, 40.783783999809749],
            [-96.225700999588611, 40.783792000160837],
            [-96.224035000232348, 40.783823000322045],
            [-96.222742000246711, 40.783813000227745],
            [-96.221438000390378, 40.78383099998829],
            [-96.218494000218755, 40.783825999941932],
            [-96.218253000194323, 40.783825000068646],
            [-96.216653999886901, 40.783839000333721],
            [-96.215591999879933, 40.7838429998259],
            [-96.214527000398206, 40.783846999998033],
            [-96.212605999875521, 40.783852999915688],
            [-96.211369999791259, 40.783861000258526],
            [-96.209487999626631, 40.783867000174858],
            [-96.207619999705699, 40.783862000131251],
            [-96.205787999769768, 40.783875999708322],
            [-96.204058999766005, 40.78386600030219],
            [-96.202507000212577, 40.783884999920772],
            [-96.202224000355358, 40.783888000218049],
            [-96.200902000057368, 40.783886999665512],
            [-96.200523999765593, 40.783885999793149],
            [-96.198829999921941, 40.783880999750927],
            [-96.198220999651483, 40.783888000218049],
            [-96.19756500042368, 40.783895000004236],
            [-96.195403999701483, 40.783894000132001],
            [-96.194216000196107, 40.783900000045399],
            [-96.19164199992035, 40.783906999830336],
            [-96.188022000429442, 40.783916000038523],
            [-96.187866999720427, 40.783916999910431],
            [-96.187029000019422, 40.783922999821769],
            [-96.185640999599201, 40.783933999771172],
            [-96.183771000028443, 40.783932000027846],
            [-96.183227999880231, 40.783932000027846],
            [-96.182948000396053, 40.783932999899513],
            [-96.182489999738351, 40.783933999771172],
            [-96.180425000173926, 40.78393799993782],
            [-96.178363000084232, 40.783946000270362],
            [-96.1760230001602, 40.783946000270362],
            [-96.174746999892974, 40.783947000141815],
            [-96.164704000306529, 40.78395200017907],
            [-96.163591000245901, 40.783958000087239],
            [-96.162940999967574, 40.78396399999486],
            [-96.161699000035526, 40.783959999829776],
            [-96.159596999762883, 40.783941000232659],
            [-96.159342000393067, 40.78395200017907],
            [-96.159116000437251, 40.783958999958514],
            [-96.157450000182678, 40.783985000007327],
            [-96.155779999730157, 40.783984000136456],
            [-96.152623000021507, 40.784010000175535],
            [-96.149129000028978, 40.784018999689629],
            [-96.145559999693376, 40.784027999882646],
            [-96.144892999696609, 40.784030000303275],
            [-96.144686000007383, 40.784030000303275],
            [-96.140945000142651, 40.784039999684708],
            [-96.140269999749961, 40.784035000334278],
            [-96.121177000088764, 40.78410800033587],
            [-96.120598999780441, 40.784085999812746],
            [-96.119607000093652, 40.78407400001899],
            [-96.11947700039731, 40.784072000279892],
            [-96.119270999634679, 40.784068999990922],
            [-96.118775000240447, 40.784056000324298],
            [-96.118104000045719, 40.78407400001899],
            [-96.117272000192486, 40.784073000149448],
            [-96.116722000371581, 40.784068000121302],
            [-96.116625000287215, 40.784067000251667],
            [-96.116216000033305, 40.784072000279892],
            [-96.11591800010747, 40.784082000335196],
            [-96.115718000090922, 40.784079000046688],
            [-96.114522000189623, 40.784060999673152],
            [-96.114175999684917, 40.784068999990922],
            [-96.113999000132893, 40.784089999970249],
            [-96.113527999954712, 40.784079000046688],
            [-96.112927000080177, 40.784073000149448],
            [-96.112491000062093, 40.784077000307732],
            [-96.112290000220639, 40.784079000046688],
            [-96.111926999997479, 40.784072000279892],
            [-96.111730000353973, 40.784072000279892],
            [-96.111624000048764, 40.784090999839535],
            [-96.111527999789303, 40.784130000171508],
            [-96.111417000359538, 40.784161000174912],
            [-96.111325000298024, 40.784116999836677],
            [-96.111281999742005, 40.784106999786644],
            [-96.111224999840587, 40.784100000022796],
            [-96.111147000022797, 40.784089000100941],
            [-96.110691999738108, 40.784094000127453],
            [-96.11030599994875, 40.784090999839535],
            [-96.109156999903121, 40.784084000074003],
            [-96.107539000227447, 40.784084999943381],
            [-96.106294999747263, 40.784094999996682],
            [-96.105082000127553, 40.78410300031036],
            [-96.102039000221737, 40.78410800033587],
            [-96.100742999863002, 40.784106999786644],
            [-96.098403999763889, 40.784070999730119],
            [-96.097879999882238, 40.784074999888524],
            [-96.09726099956606, 40.784099000153638],
            [-96.096571999827958, 40.784095999865905],
            [-96.095487000254764, 40.784073000149448],
            [-96.094171999629481, 40.78407400001899],
            [-96.092954999811781, 40.784114000229941],
            [-96.092553999953793, 40.78410800033587],
            [-96.091577000335633, 40.784094000127453],
            [-96.090697999728434, 40.78410300031036],
            [-96.090436999612521, 40.784109000204893],
            [-96.090151000280571, 40.784115000098879],
            [-96.090039999952495, 40.784112999680808],
            [-96.087950000273707, 40.784094999996682],
            [-96.087367999767423, 40.784100999891933],
            [-96.086945000168129, 40.784112999680808],
            [-96.085061000353676, 40.784086999682096],
            [-96.084329999884474, 40.784086999682096],
            [-96.084026999935787, 40.784095999865905],
            [-96.083558000305715, 40.784100999891933],
            [-96.08304199992169, 40.784086999682096],
            [-96.082677000048704, 40.784077000307732],
            [-96.079218000216272, 40.784058000063887],
            [-96.078629999862216, 40.784073000149448],
            [-96.078023000139893, 40.784079999916145],
            [-96.075923000415372, 40.784082000335196],
            [-96.075165000181997, 40.784068999990922],
            [-96.073487000231879, 40.784059999803411],
            [-96.07306299990934, 40.784063999962477],
            [-96.071713000022271, 40.784077000307732],
            [-96.070169999791347, 40.784069999860534],
            [-96.06786500002741, 40.784079999916145],
            [-96.065694999982682, 40.784064999832161],
            [-96.06458799976987, 40.784067000251667],
            [-96.059245000122971, 40.784078000177217],
            [-96.05443700022839, 40.784079999916145],
            [-96.03005999957324, 40.78409300025821],
            [-96.021998999710533, 40.783906999830336],
            [-96.020760999976446, 40.783932999899513],
            [-96.019863000000996, 40.78395200017907],
            [-96.016461999894887, 40.784127999753949],
            [-96.016370999658292, 40.784106999786644],
            [-96.015814999989587, 40.784117999705572],
            [-96.014648000400626, 40.784126000016471],
            [-96.012265999745495, 40.784089999970249],
            [-96.011437000265317, 40.784062000223074],
            [-96.011304000195921, 40.784032999913805],
            [-96.011043000080022, 40.784052000164749],
            [-96.010622000130525, 40.784073000149448],
            [-96.009549000252889, 40.784051000294873],
            [-96.009119000082592, 40.784067000251667],
            [-96.008995000234023, 40.784042000104975],
            [-96.008806000088143, 40.784042000104975],
            [-96.008495999568424, 40.78404100023495],
            [-96.007600000141124, 40.784047000135075],
            [-96.006898999809152, 40.784064999832161],
            [-96.005081000116931, 40.784075999758038],
            [-96.000294000138737, 40.784079999916145],
            [-96.000016000304385, 40.784079999916145],
            [-95.99907300012309, 40.784090999839535],
            [-95.997536999564872, 40.784080999785587],
            [-95.99691300012411, 40.784095999865905],
            [-95.994379999856235, 40.78407400001899],
            [-95.99324400022941, 40.784067000251667],
            [-95.992418000223978, 40.784072000279892],
            [-95.9899639995988, 40.784084999943381],
            [-95.989869000062569, 40.784085999812746],
            [-95.989649999779445, 40.784086999682096],
            [-95.988295999694401, 40.784116999836677],
            [-95.98791699957772, 40.784125000147654],
            [-95.987361999733935, 40.784126999885224],
            [-95.986396999811333, 40.784130000171508],
            [-95.985858999686002, 40.784125000147654],
            [-95.98533300015454, 40.78412000012348],
            [-95.984897000136428, 40.784115000098879],
            [-95.983237999554561, 40.784099000153638],
            [-95.981472999565781, 40.784100999891933],
            [-95.979399999605448, 40.784094999996682],
            [-95.979037000280599, 40.784090999839535],
            [-95.978595000414728, 40.784084999943381],
            [-95.977326999645101, 40.784068000121302],
            [-95.974953000284188, 40.784070999730119],
            [-95.972901000240256, 40.784078000177217],
            [-95.969659999967718, 40.784104000179454],
            [-95.969110999971704, 40.784100000022796],
            [-95.965520999719701, 40.784112999680808],
            [-95.960882999704438, 40.784130000171508],
            [-95.959523999596541, 40.784135000194986],
            [-95.959495000182528, 40.784135000194986],
            [-95.958861999622627, 40.784129000302812],
            [-95.957542999697694, 40.784116999836677],
            [-95.949768000065262, 40.784077000307732],
            [-95.945819999612979, 40.784057000194103],
            [-95.943936999623432, 40.784095999865905],
            [-95.942605000178034, 40.78409800028448],
            [-95.941364000070891, 40.784110999942875],
            [-95.940413000391999, 40.784112999680808],
            [-95.940031999727168, 40.784109000204893],
            [-95.938248000370137, 40.78410800033587],
            [-95.937506000030282, 40.784115000098879],
            [-95.934884999898856, 40.784112999680808],
            [-95.932499999768979, 40.784116999836677],
            [-95.9309309995988, 40.784119000254627],
            [-95.930786999658764, 40.784122999729945],
            [-95.930112000164371, 40.784114000229941],
            [-95.926494000323288, 40.784105999917593],
            [-95.924360000263576, 40.784089000100941],
            [-95.923273999967137, 40.784127999753949],
            [-95.921682000230732, 40.784132999777526],
            [-95.921303000114051, 40.784136999932194],
            [-95.920857999875125, 40.784142999823644],
            [-95.920441000123603, 40.784147999846148],
            [-95.920312000252167, 40.784150000263161],
            [-95.919005000022807, 40.784156000153445],
            [-95.917342000141289, 40.784131999908865],
            [-95.917040000017494, 40.784124000278879],
            [-95.916829000130292, 40.784129000302812],
            [-95.916753999787218, 40.784131000040198],
            [-95.916537000052244, 40.784126000016471],
            [-95.91641200037877, 40.784120999992311],
            [-95.915839000093328, 40.784125000147654],
            [-95.912013999664694, 40.784151999999914],
            [-95.911753000447106, 40.78415399973661],
            [-95.911300999637163, 40.784157999890013],
            [-95.908539999763647, 40.784137999800777],
            [-95.906787000368766, 40.784131999908865],
            [-95.904639999890264, 40.784138999669352],
            [-95.902084000056149, 40.784134000326361],
            [-95.893224999777118, 40.784105000048527],
            [-95.892732999682536, 40.784110999942875],
            [-95.892619999704635, 40.784095999865905],
            [-95.892571000199126, 40.784070999730119],
            [-95.892514000297723, 40.784130000171508],
            [-95.892407000167609, 40.784126999885224],
            [-95.891870999692088, 40.784152999868269],
            [-95.890237999947786, 40.784189999748151],
            [-95.890129999992766, 40.784196000314957],
            [-95.889832000066932, 40.784213000104266],
            [-95.889350000018084, 40.784268000272974],
            [-95.888761999664041, 40.784291999788209],
            [-95.887963000321093, 40.78427099987276],
            [-95.887923999963022, 40.784265999859571],
            [-95.887626999862107, 40.784228000154833],
            [-95.887569000135784, 40.784224999872905],
            [-95.887191999668914, 40.784203000068686],
            [-95.885912999926973, 40.784188000012534],
            [-95.884633000360083, 40.784187000144698],
            [-95.884315000342767, 40.784137999800777],
            [-95.884250000045441, 40.784085999812746],
            [-95.883268000404399, 40.784084999943381],
            [-95.882823000165473, 40.784084999943381],
            [-95.876379999978454, 40.784110000073888],
            [-95.876036999846789, 40.78409300025821],
            [-95.874991999558247, 40.784091999708806],
            [-95.873331000224852, 40.784109000204893],
            [-95.87086800027717, 40.784085999812746],
            [-95.866022999674357, 40.784058999933656],
            [-95.865687999938572, 40.78402899975287],
            [-95.865400999883406, 40.784006000013214],
            [-95.858336999730369, 40.784009000305026],
            [-95.854898999814338, 40.784011000046029],
            [-95.854831000042267, 40.784011000046029],
            [-95.854153999999767, 40.784011000046029],
            [-95.853691000217481, 40.784011999916508],
            [-95.851958999840676, 40.783990999912518],
            [-95.835458999823501, 40.783798000083458],
            [-95.834119999807086, 40.783782999935831],
            [-95.834103999913566, 40.784130000171508],
            [-95.834064999555508, 40.785592000247526],
            [-95.834214000416736, 40.786664999834279],
            [-95.83452300021321, 40.78777799981269],
            [-95.835206999928431, 40.789308999714535],
            [-95.835815000373984, 40.79062999985311],
            [-95.836829999626985, 40.792287999780193],
            [-95.838577999897325, 40.794976000165413],
            [-95.840070000074604, 40.797471000316321],
            [-95.841527000091801, 40.799821000274278],
            [-95.842317000112246, 40.801247000061494],
            [-95.842738000061701, 40.801865999799652],
            [-95.84322500013343, 40.802816000113765],
            [-95.843744999817105, 40.803782999968909],
            [-95.843960999727173, 40.805177999935509],
            [-95.844407999615925, 40.806274000062118],
            [-95.844703999891934, 40.807209000221114],
            [-95.844994000320156, 40.808507999887205],
            [-95.845097000252323, 40.809108000023073],
            [-95.845220000275972, 40.809830999764941],
            [-95.845341999576391, 40.811323999846636],
            [-95.845251000238093, 40.812817999765613],
            [-95.844968000380888, 40.814216999873722],
            [-95.844922000350124, 40.814646000013113],
            [-95.844852000029931, 40.815306999805827],
            [-95.844396999745257, 40.816553000251879],
            [-95.843921000442521, 40.817685999705823],
            [-95.842948000123997, 40.819216999880339],
            [-95.842081000110667, 40.820568999681484],
            [-95.841580999620163, 40.821532999882272],
            [-95.841157000195949, 40.822039999950206],
            [-95.840436999597415, 40.822903000105548],
            [-95.839894000347513, 40.823786000295136],
            [-95.839269000183535, 40.825057000207586],
            [-95.838601000361848, 40.826174999789437],
            [-95.838351000116603, 40.826963000335795],
            [-95.83819999960555, 40.827436999715147],
            [-95.837664999853246, 40.829215999813414],
            [-95.837303000353316, 40.831164000121809],
            [-95.837265999645069, 40.832754999662576],
            [-95.837145999994476, 40.833474000067781],
            [-95.837121999705033, 40.83425699986951],
            [-95.837186000177439, 40.835347000120457],
            [-95.837570000317001, 40.836524000292265],
            [-95.838223999894979, 40.838078999669904],
            [-95.838688000400481, 40.839803999744106],
            [-95.839201000411478, 40.841094000045359],
            [-95.840013999998106, 40.842598999926402],
            [-95.840506000092716, 40.843953000066726],
            [-95.841308999633597, 40.845604000309606],
            [-95.841707999841773, 40.846286000081854],
            [-95.841892999789707, 40.84660299997406],
            [-95.842681000160297, 40.847712999681995],
            [-95.843523000059264, 40.848976000326253],
            [-95.844339999843854, 40.849949000101198],
            [-95.845073999787772, 40.851035000325453],
            [-95.84607600041862, 40.852370000305449],
            [-95.847083999998929, 40.854174000174467],
            [-95.847499999925546, 40.855407000117125],
            [-95.847971999928646, 40.856808999735783],
            [-95.848111999670735, 40.857294999885426],
            [-95.848489999962496, 40.85860699971574],
            [-95.848565000305584, 40.859665000238188],
            [-95.84857100015337, 40.860016000140263],
            [-95.848587000046876, 40.860887999860232],
            [-95.848590000419932, 40.861060999689663],
            [-95.848242000265401, 40.862315000213499],
            [-95.847785000330887, 40.864327999892865],
            [-95.847396999993379, 40.86487099986801],
            [-95.846938000409068, 40.865745000202601],
            [-95.845974000311372, 40.867034000279915],
            [-95.844913000129296, 40.868201999849198],
            [-95.844072999880169, 40.869247999932561],
            [-95.842521000326713, 40.870265999740703],
            [-95.840788000125002, 40.871236000234425],
            [-95.840482999628179, 40.871377000291382],
            [-95.83873500025615, 40.872191000241585],
            [-95.836996000206653, 40.872643999731565],
            [-95.835053999767553, 40.872984999892559],
            [-95.833483999772454, 40.873259999860601],
            [-95.832102999923251, 40.87341199974307],
            [-95.830734999594512, 40.873702000177403],
            [-95.827787000123251, 40.874444000227626],
            [-95.8249890004398, 40.875000000312866],
            [-95.824587999683501, 40.875158000088575],
            [-95.823279999629221, 40.875693999948922],
            [-95.82119300032349, 40.87668200009432],
            [-95.819589999818106, 40.877439000061514],
            [-95.817896999799373, 40.878447999974526],
            [-95.815932999618965, 40.879845999708685],
            [-95.814020000390499, 40.88180799990338],
            [-95.81208299997428, 40.884239000315375],
            [-95.810708999797768, 40.886681000292356],
            [-95.809994000120398, 40.889149000061174],
            [-95.809474000436722, 40.891227999796406],
            [-95.809379000002181, 40.893279000249088],
            [-95.809774999837302, 40.895446999898219],
            [-95.810886000248075, 40.897906999819583],
            [-95.812756999643739, 40.900642000195234],
            [-95.813464999648403, 40.901693000292738],
            [-95.814302000422799, 40.902935999905324],
            [-95.81618000038948, 40.904791000188276],
            [-95.818708999561096, 40.906817999732695],
            [-95.822081000253192, 40.909078999720549],
            [-95.822950999741252, 40.909639000126958],
            [-95.824959000302584, 40.91093300013452],
            [-95.827905000124019, 40.913069000108209],
            [-95.830698999609496, 40.915003999969386],
            [-95.833041000081664, 40.917242999912744],
            [-95.834905999629555, 40.919573999742738],
            [-95.836437999989826, 40.921642000113359],
            [-95.8377739996332, 40.924711999911842],
            [-95.83841700023882, 40.927407999802071],
            [-95.838445999652834, 40.927531000182746],
            [-95.839130000266366, 40.930341000308829],
            [-95.83974299983646, 40.932780000067638],
            [-95.840138999671595, 40.93547999977104],
            [-95.840207000341962, 40.937021000050287],
            [-95.840253000372712, 40.937908999897509],
            [-95.840276999763844, 40.938714999751227],
            [-95.840275000114019, 40.939941999888504],
            [-95.839978999838024, 40.941308999724143],
            [-95.839363999719779, 40.944059000042344],
            [-95.838876999648051, 40.946104999835612],
            [-95.838445999652834, 40.948385000073252],
            [-95.837951000083507, 40.950618000319125],
            [-95.836557999640419, 40.95320500000301],
            [-95.83509499977545, 40.955471000015841],
            [-95.833498999841055, 40.957988000271506],
            [-95.83301500014241, 40.958724000178279],
            [-95.832004000189045, 40.960268999839286],
            [-95.830800999716743, 40.962105000070956],
            [-95.82982900012145, 40.963857000109741],
            [-95.829506999906158, 40.965651999861294],
            [-95.829353999745294, 40.967380000324248],
            [-95.828991000420459, 40.969248000175057],
            [-95.828665000007206, 40.970792999687021],
            [-95.828329000446544, 40.972378000201488],
            [-95.828545000356613, 40.973900999747386],
            [-95.829074000261116, 40.975688000031163],
            [-95.829792000311528, 40.977343999729683],
            [-95.830296999926603, 40.978331999718577],
            [-95.831117999909154, 40.979776999891875],
            [-95.832055000242676, 40.981139999804888],
            [-95.833537000374221, 40.982659999714926],
            [-95.835433999709153, 40.98418400014468],
            [-95.837680999746766, 40.98559899978401],
            [-95.838907999610186, 40.986484000035773],
            [-95.840143999694448, 40.987242999890896],
            [-95.841185999609962, 40.987883000251102],
            [-95.842753999955235, 40.988811999777226],
            [-95.844350999714507, 40.989523999892654],
            [-95.847320000000494, 40.990213999872267],
            [-95.849232000302351, 40.990688000108236],
            [-95.851413000217718, 40.991362000026285],
            [-95.852547000194733, 40.991737999988509],
            [-95.854452999750492, 40.992478999667377],
            [-95.856071000324491, 40.993205999725269],
            [-95.857304999860617, 40.993839999947632],
            [-95.858668000166475, 40.994521000103283],
            [-95.860115999962844, 40.995242000253747],
            [-95.860444999850813, 40.995424999932418],
            [-95.861199999711133, 40.995844999919434],
            [-95.862480000176319, 40.996606999980024],
            [-95.863491999954604, 40.997340000193361],
            [-95.86439099975496, 40.998283999769363],
            [-95.865096000284879, 40.999075999906772],
            [-95.866010000153864, 40.999998999676308],
            [-95.866149999895939, 41.00001499969936],
            [-95.866422999707424, 41.000382999835828],
            [-95.866694999693976, 41.000734000116687],
            [-95.866785999930585, 41.000898999683919],
            [-95.866899999733405, 41.001026000059746],
            [-95.866950999787008, 41.001084999884199],
            [-95.867303000139543, 41.001645000000565],
            [-95.86731800020813, 41.001673000017107],
            [-95.867327000428972, 41.001689000311742],
            [-95.867662000164728, 41.00230400026097],
            [-95.868037000083461, 41.003214000184933],
            [-95.868380000215126, 41.003753000326391],
            [-95.868699999882267, 41.004395000277796],
            [-95.868914999967416, 41.005133000275144],
            [-95.869216000266306, 41.00598799996618],
            [-95.869494999925564, 41.00709000012197],
            [-95.869566999895568, 41.00774499995223],
            [-95.86962299997208, 41.008432000080923],
            [-95.869525999887699, 41.009162000029342],
            [-95.869501999598256, 41.009429000066767],
            [-95.869300999756803, 41.009868000195915],
            [-95.868924000188258, 41.010953999784576],
            [-95.868642999980864, 41.011968999718654],
            [-95.868386999887832, 41.012726999858877],
            [-95.868001999923351, 41.013565999858955],
            [-95.867520999699423, 41.014420000151176],
            [-95.866872000144312, 41.015369999736215],
            [-95.866287000163311, 41.016349000167715],
            [-95.865886000305295, 41.017417999740744],
            [-95.865349000004869, 41.018164000120166],
            [-95.864699999551434, 41.018922000147008],
            [-95.864010999813374, 41.019753000221918],
            [-95.863265000173868, 41.020607000281416],
            [-95.862328999665266, 41.021807999909107],
            [-95.861615999637735, 41.022714000230337],
            [-95.860958999686702, 41.023620000287153],
            [-95.860786000332666, 41.023999000154575],
            [-95.860743999601553, 41.024057999741039],
            [-95.860294000238071, 41.024690999709165],
            [-95.859917999596121, 41.025402999903214],
            [-95.859622000218437, 41.026423000207409],
            [-95.859397999912431, 41.027787000333504],
            [-95.859190000398286, 41.028930999704571],
            [-95.8591419998194, 41.030323000097162],
            [-95.859101999636422, 41.031599000185523],
            [-95.859190000398286, 41.032591000317225],
            [-95.859278000261838, 41.033379000078575],
            [-95.859494000171921, 41.03446699995974],
            [-95.859654000005477, 41.0356949998882],
            [-95.860069999932094, 41.03701100017318],
            [-95.86038600029957, 41.037699000101817],
            [-95.860461999569253, 41.037887000288926],
            [-95.860861999602321, 41.038546999952558],
            [-95.861782000217417, 41.039427000276532],
            [-95.862686000040654, 41.040150999830495],
            [-95.863686000123366, 41.04097099969465],
            [-95.865158000209163, 41.042215000183212],
            [-95.866453999669559, 41.043102999769154],
            [-95.867246000238126, 41.043670999904862],
            [-95.868230000427303, 41.044271000115273],
            [-95.86922999961169, 41.044847000319763],
            [-95.869807000095093, 41.045199000145942],
            [-95.869863000171577, 41.045250999760469],
            [-95.870903000437266, 41.045823000260803],
            [-95.87178299997106, 41.046383000155259],
            [-95.872374999624768, 41.046955000300635],
            [-95.872902999704351, 41.047470999856507],
            [-95.873398999996908, 41.048030999953134],
            [-95.874246999743661, 41.048879000143415],
            [-95.87471100024915, 41.049322999830437],
            [-95.874998000304331, 41.049972000178705],
            [-95.875071999924188, 41.050140000148566],
            [-95.875147000267248, 41.050307999689466],
            [-95.8751869995519, 41.050399000052046],
            [-95.875287000009322, 41.050599000153518],
            [-95.875497999896524, 41.050743000039809],
            [-95.877257999862437, 41.051945999829854],
            [-95.87756900020706, 41.052134999853465],
            [-95.879462000242327, 41.053276999748668],
            [-95.87948700035669, 41.053299000276894],
            [-95.87948800018161, 41.053312999808639],
            [-95.879497000402438, 41.053447999688686],
            [-95.87972400018316, 41.053548999789101],
            [-95.879926999674439, 41.053638999868689],
            [-95.880819999627022, 41.054035999834113],
            [-95.881587999906131, 41.054378000065775],
            [-95.881172999804448, 41.055938000259452],
            [-95.881387000064677, 41.056471000172678],
            [-95.881808999839066, 41.057521000314082],
            [-95.881939000433718, 41.057909000330106],
            [-95.8821009999171, 41.058359000153288],
            [-95.882341999941545, 41.059418999762201],
            [-95.882393999820081, 41.060412000316013],
            [-95.882475999835847, 41.061359999971451],
            [-95.882224999765668, 41.063538999943489],
            [-95.881767999831183, 41.064561000001397],
            [-95.881478000301271, 41.065358999905854],
            [-95.881011000321038, 41.066303000001732],
            [-95.880233999821087, 41.067456999699239],
            [-95.879541999709971, 41.068314000233833],
            [-95.879366999807786, 41.068532000313745],
            [-95.877441000160545, 41.070357000328848],
            [-95.874998000304331, 41.072265999922912],
            [-95.873967000259483, 41.073071000148389],
            [-95.873876999847795, 41.073135999887931],
            [-95.873762000220069, 41.07321800033241],
            [-95.873742999953492, 41.073231999687863],
            [-95.873732999907759, 41.073239000041646],
            [-95.872569999618435, 41.074069999790481],
            [-95.871593999825166, 41.074949999732603],
            [-95.871464000128825, 41.075021999809863],
            [-95.870322999580807, 41.075808999848086],
            [-95.866912000327289, 41.07885500006573],
            [-95.865835000251678, 41.080078999875788],
            [-95.864781999567214, 41.081610999980974],
            [-95.864550999588516, 41.082160000077607],
            [-95.863842999583881, 41.083456000274147],
            [-95.86332000042546, 41.084915000142949],
            [-95.862937000110819, 41.086177999984073],
            [-95.862426999574566, 41.089686999754754],
            [-95.862516999986255, 41.090583000173787],
            [-95.862513999613199, 41.091123000044178],
            [-95.862587000306448, 41.09187600024331],
            [-95.86278300012502, 41.092579999713415],
            [-95.863044000240947, 41.093194999721902],
            [-95.863096999944375, 41.093660000100286],
            [-95.863112999837909, 41.093692999919107],
            [-95.863121000233832, 41.09371100005945],
            [-95.86313100027958, 41.093732999923404],
            [-95.863303999633629, 41.094099999706124],
            [-95.863279000417592, 41.094494999957675],
            [-95.863631999696679, 41.095391999703324],
            [-95.864214000202949, 41.096713000121511],
            [-95.864395999777827, 41.097123999674992],
            [-95.864832999620845, 41.098487000001974],
            [-95.865076000193397, 41.098989999958448],
            [-95.86527299983689, 41.099912999780365],
            [-95.865725999573428, 41.10120000007521],
            [-95.865739999817137, 41.101263000114365],
            [-95.865862000015852, 41.101832999881381],
            [-95.865920999567081, 41.102108000202804],
            [-95.865978000366809, 41.102376999892975],
            [-95.86617199963726, 41.103279999706039],
            [-95.866212999645143, 41.103470999993121],
            [-95.866389000270544, 41.10406200024044],
            [-95.866661000257125, 41.104975000216648],
            [-95.867072000160846, 41.108378999934381],
            [-95.866975999901371, 41.108713999785905],
            [-95.867102000298075, 41.109116000058975],
            [-95.867098999925034, 41.109511000027737],
            [-95.86681799971764, 41.110935000019929],
            [-95.86680000017428, 41.111074000058146],
            [-95.866396999768142, 41.114376000138137],
            [-95.866303999881737, 41.115116000119606],
            [-95.866415000209813, 41.117415999702644],
            [-95.86642500025556, 41.117812000056396],
            [-95.866641000165615, 41.119277999784458],
            [-95.867086000404541, 41.120602999664136],
            [-95.867227999796455, 41.121493000175803],
            [-95.867565999905253, 41.12208600029436],
            [-95.868381999864951, 41.123886000069078],
            [-95.868545999896483, 41.124102999712825],
            [-95.868689000011614, 41.124667000002312],
            [-95.868960999998166, 41.125165999871385],
            [-95.869092000417751, 41.125547999769907],
            [-95.869493000275739, 41.126034000217174],
            [-95.869623999796985, 41.126234000297082],
            [-95.870021000355337, 41.126839000109456],
            [-95.870086999579271, 41.127084000264119],
            [-95.870121999739354, 41.127134999979667],
            [-95.870715999941211, 41.128004000079507],
            [-95.871167999852815, 41.128794999792547],
            [-95.872053000307801, 41.129731000271477],
            [-95.872412000333014, 41.129965999884313],
            [-95.872679000296685, 41.130219000291525],
            [-95.872912999750113, 41.130570999794152],
            [-95.873121000162584, 41.130766000030164],
            [-95.873470000142021, 41.131397000249841],
            [-95.873901999962143, 41.131731000335293],
            [-95.874548999867443, 41.132485999788621],
            [-95.874757000279914, 41.132809000269638],
            [-95.874948999900525, 41.133025000164857],
            [-95.875225000085067, 41.13333499994944],
            [-95.875337000238048, 41.133420999704363],
            [-95.875497000071604, 41.13358900022201],
            [-95.875555999622847, 41.133642000296078],
            [-95.875598000353961, 41.133703000328275],
            [-95.875656999905189, 41.133757000309416],
            [-95.875809000241148, 41.133849000175019],
            [-95.87594499978529, 41.133948999882513],
            [-95.875988000341295, 41.134009000310471],
            [-95.87600699970956, 41.134079999945335],
            [-95.876010999907507, 41.134109999767972],
            [-95.876016999755294, 41.134155000152781],
            [-95.876046000067603, 41.134220999668997],
            [-95.876080000402794, 41.134285999804248],
            [-95.876126000433544, 41.13434499993366],
            [-95.876247999733977, 41.134438000316635],
            [-95.87638599982624, 41.134649000332871],
            [-95.877041999952368, 41.135399000162103],
            [-95.877375000038285, 41.135860000184273],
            [-95.877476000320627, 41.136000000176317],
            [-95.87750599955956, 41.13602400000962],
            [-95.877674999613944, 41.136205000133018],
            [-95.877898999919921, 41.136503000287234],
            [-95.877973000438089, 41.136630000164061],
            [-95.878011999897836, 41.13669200007849],
            [-95.878098999936469, 41.136812999873705],
            [-95.878148000340275, 41.136870999808252],
            [-95.878276000386791, 41.136974000172117],
            [-95.878372999572861, 41.137087999808287],
            [-95.878473000030283, 41.137204999762965],
            [-95.878616999970333, 41.137458999935106],
            [-95.878663999826003, 41.137517999916859],
            [-95.878785000199827, 41.137702999733555],
            [-95.878880999560977, 41.137819000007021],
            [-95.87896799959961, 41.137939999752938],
            [-95.87915900029364, 41.138251999851477],
            [-95.879210000347243, 41.138308999936839],
            [-95.87926800007358, 41.13835999972197],
            [-95.879278000119314, 41.138375000009411],
            [-95.879329999997864, 41.138453999752691],
            [-95.8793760000286, 41.138563999819056],
            [-95.879412999838536, 41.138616999932786],
            [-95.879461000417422, 41.138666000306173],
            [-95.879523000341706, 41.13872699972579],
            [-95.879587999740707, 41.138777999862462],
            [-95.879646000365355, 41.138831999725134],
            [-95.879751999772253, 41.138945000271157],
            [-95.879843000008847, 41.139064000132841],
            [-95.879870999597927, 41.139131000039519],
            [-95.87989700043552, 41.139276999982854],
            [-95.879924000199694, 41.139353000251042],
            [-95.880043999850301, 41.139563000106982],
            [-95.880125999866067, 41.139811999731663],
            [-95.880233999821087, 41.14000000023217],
            [-95.880300999768238, 41.140129999809631],
            [-95.88033900030139, 41.140191999798432],
            [-95.880385000332154, 41.140251000027902],
            [-95.88040200005058, 41.140271000059293],
            [-95.880436000385771, 41.140309000305002],
            [-95.880520999876282, 41.140430000193035],
            [-95.880623999808435, 41.140543000015448],
            [-95.880669000014279, 41.14060299982409],
            [-95.880709000197257, 41.140672999869679],
            [-95.880740999984312, 41.140729999880676],
            [-95.88076500027374, 41.140781999704998],
            [-95.880832000220892, 41.140928000032282],
            [-95.880873000228775, 41.141068000031538],
            [-95.88093799962779, 41.141185000328434],
            [-95.880981000183809, 41.141317999915131],
            [-95.881016000343919, 41.141452999672531],
            [-95.881022000191692, 41.141473000013846],
            [-95.881057000351788, 41.14158699994865],
            [-95.881083000291071, 41.141653000105173],
            [-95.881124000298939, 41.141715999885129],
            [-95.881263000216123, 41.141872000271768],
            [-95.881288000330471, 41.141900000163091],
            [-95.881444999790986, 41.142084999797099],
            [-95.881478000301271, 41.142148999709882],
            [-95.881514000286288, 41.142283999786201],
            [-95.881536000027594, 41.142420999995451],
            [-95.881555000294171, 41.142487999855312],
            [-95.881607000172693, 41.14262000031799],
            [-95.881673000294938, 41.142751999838502],
            [-95.881693000386434, 41.142815999776836],
            [-95.881725000173489, 41.142934000197123],
            [-95.882032000320137, 41.143534000322248],
            [-95.882136000077224, 41.143994000150627],
            [-95.882179999559838, 41.144071000206623],
            [-95.882235999636322, 41.144201999672454],
            [-95.882273000344568, 41.144313000083976],
            [-95.882302999583473, 41.144401999839417],
            [-95.882325000223105, 41.144538999682908],
            [-95.882376000276722, 41.144740999838632],
            [-95.8823889997972, 41.144808999864935],
            [-95.882396000368217, 41.144878000326862],
            [-95.88243599965287, 41.144942000219849],
            [-95.882456999569271, 41.145079000288206],
            [-95.882476999660753, 41.145146000138368],
            [-95.882522999691503, 41.145278999809825],
            [-95.882552999828746, 41.145414000207495],
            [-95.88256299987448, 41.145553000281474],
            [-95.882614999753002, 41.145766999843737],
            [-95.882654000111074, 41.145889000299441],
            [-95.88275299984528, 41.146153999930696],
            [-95.882777000134723, 41.146291000172745],
            [-95.882823000165473, 41.146494000148252],
            [-95.882866999648073, 41.146626999791465],
            [-95.88287500004401, 41.146674999789703],
            [-95.882878000417051, 41.146693000287321],
            [-95.882890999937544, 41.146763999721692],
            [-95.8828940003106, 41.146833000155873],
            [-95.88288099989181, 41.146975999795089],
            [-95.882856999602339, 41.14704999966574],
            [-95.88284400008186, 41.147123000333842],
            [-95.882856999602339, 41.147260999697586],
            [-95.882875999868915, 41.147328000024139],
            [-95.88292600009764, 41.14746000021475],
            [-95.882942999816066, 41.147528000127252],
            [-95.882943999640986, 41.147583000014826],
            [-95.882935000318469, 41.147669999816593],
            [-95.882952999861814, 41.147736999725183],
            [-95.883065999839729, 41.147998999982605],
            [-95.883086999756102, 41.148066000231466],
            [-95.883099000350001, 41.148128999938599],
            [-95.883121000091293, 41.14827200013368],
            [-95.883125000289255, 41.148341000333879],
            [-95.883101999824731, 41.148529999833862],
            [-95.883099000350001, 41.148606999975001],
            [-95.883107999672504, 41.148675999822665],
            [-95.883112999695385, 41.148813999976532],
            [-95.883130000312136, 41.148951999839902],
            [-95.883142999832614, 41.149006999885891],
            [-95.883163999749016, 41.149090999854764],
            [-95.883197000259287, 41.149299999882082],
            [-95.883199999734018, 41.149437000315253],
            [-95.883193999886245, 41.14957399978573],
            [-95.883209999779766, 41.149712999834762],
            [-95.883274000252172, 41.150060000145643],
            [-95.883265000031358, 41.150196999667195],
            [-95.883280000099973, 41.150335000001824],
            [-95.883295000168573, 41.150404999805637],
            [-95.883306000039227, 41.150517000283237],
            [-95.883309000412282, 41.150552999840485],
            [-95.883315000260069, 41.150680999985191],
            [-95.883314000435149, 41.150749999679391],
            [-95.883316000084974, 41.15084900026082],
            [-95.883304000389415, 41.150955999942227],
            [-95.883305000214335, 41.151024000287457],
            [-95.883297999643318, 41.151093000297145],
            [-95.883280999924878, 41.151160999823915],
            [-95.883248000312918, 41.151228000223675],
            [-95.883237000442264, 41.151296000286784],
            [-95.883234999894114, 41.151365000010202],
            [-95.88320899995486, 41.151569999965808],
            [-95.883188000038444, 41.151653000306602],
            [-95.883168999771883, 41.151843000128977],
            [-95.883173999794764, 41.152050000059795],
            [-95.883194999711151, 41.152257000013471],
            [-95.88320800012994, 41.152326999794347],
            [-95.883234000069194, 41.152397000176897],
            [-95.883253000335785, 41.152466000094321],
            [-95.883276999726917, 41.152536000328446],
            [-95.883295999993493, 41.15260599981147],
            [-95.883306999864146, 41.152675000185326],
            [-95.883300000191454, 41.152743999810156],
            [-95.883282999574703, 41.152812000330009],
            [-95.883251999612568, 41.152878999718894],
            [-95.88320800012994, 41.152945999715712],
            [-95.883169999596802, 41.152991000028436],
            [-95.883152999878362, 41.1530119999384],
            [-95.883116999893346, 41.153078999799227],
            [-95.883090999954078, 41.153146000268045],
            [-95.883063000364984, 41.153281999726914],
            [-95.883059000167023, 41.153351000065655],
            [-95.883049999946195, 41.153418999955932],
            [-95.883042000448597, 41.153535000162961],
            [-95.882991000394952, 41.15367399993076],
            [-95.88297200012839, 41.154039000078569],
            [-95.882925000272735, 41.154100999768325],
            [-95.882899000333452, 41.15416799986896],
            [-95.882880000066876, 41.154305000275514],
            [-95.882876999693849, 41.154660999785904],
            [-95.882878000417051, 41.154679000120154],
            [-95.88271799968517, 41.15493700031017],
            [-95.882643000240421, 41.15506099996152],
            [-95.882624999798765, 41.155201000224153],
            [-95.882540000308254, 41.155880999758949],
            [-95.882392000170256, 41.156184999759894],
            [-95.882151999970745, 41.156495000324654],
            [-95.881957999801983, 41.156935000179914],
            [-95.881476999578041, 41.158360999752809],
            [-95.881062000374669, 41.158841000171265],
            [-95.880520999876282, 41.159873999927825],
            [-95.87995900035979, 41.160946999940947],
            [-95.879653999862967, 41.161267000158304],
            [-95.879170999989199, 41.161968000081394],
            [-95.877368000365593, 41.163914000313135],
            [-95.875798000370494, 41.165267999727575],
            [-95.875396999614196, 41.16551999969515],
            [-95.874398000254715, 41.166215999884464],
            [-95.873691999899876, 41.166641999670333],
            [-95.87271000025882, 41.167002999965625],
            [-95.872065999828266, 41.167310000266681],
            [-95.871110000126492, 41.167634999962921],
            [-95.870573999650972, 41.167783999798694],
            [-95.869177999733154, 41.168013000097481],
            [-95.867308999987316, 41.16815299974418],
            [-95.865928999963003, 41.168129000173757],
            [-95.864851999887406, 41.167939000221324],
            [-95.864399000150897, 41.167859000005329],
            [-95.863260999975907, 41.167494999885676],
            [-95.8623449995588, 41.167297000164112],
            [-95.860910000181235, 41.166910999949991],
            [-95.860315999979377, 41.166684999701189],
            [-95.859258000170357, 41.166534999895688],
            [-95.857637000121628, 41.166113000142779],
            [-95.856812999766021, 41.165934999944838],
            [-95.856295999557076, 41.165877000019051],
            [-95.853451000017969, 41.165517999989056],
            [-95.850881999765079, 41.1656739998745],
            [-95.849854999918193, 41.165832999947796],
            [-95.849362999823597, 41.165966999765317],
            [-95.848891999645417, 41.166017999679397],
            [-95.847937999593455, 41.166238999975398],
            [-95.846956999777333, 41.166603999808295],
            [-95.845451000254656, 41.16742299974878],
            [-95.844378000376992, 41.168241000122535],
            [-95.843882999909368, 41.168767999769017],
            [-95.843442999693323, 41.169096000081694],
            [-95.842731000389008, 41.170031000069713],
            [-95.842623000433989, 41.170344999854272],
            [-95.842039000277879, 41.171366999733003],
            [-95.842014999988436, 41.171653999953442],
            [-95.84178900003262, 41.172314000143274],
            [-95.841655000138317, 41.173169999767467],
            [-95.841610999757393, 41.173925000191943],
            [-95.841666999833876, 41.174768999804556],
            [-95.841672999681663, 41.174860000232563],
            [-95.841615999780274, 41.175468999946958],
            [-95.841710000389909, 41.175857999877863],
            [-95.841815999796793, 41.175976999682085],
            [-95.841928999774694, 41.176255999773204],
            [-95.841956000437207, 41.176321000161799],
            [-95.842050999973452, 41.176772000322096],
            [-95.842188000240796, 41.177421000232179],
            [-95.842409999998637, 41.17777799994365],
            [-95.842745999559313, 41.178126999748493],
            [-95.842977000436306, 41.178717999702798],
            [-95.843350999631809, 41.17967699969865],
            [-95.843656999953566, 41.180040999746772],
            [-95.844174999987416, 41.18041100025966],
            [-95.844534999837521, 41.180791000291748],
            [-95.844841999984183, 41.181155000233517],
            [-95.845120999643441, 41.181611999911119],
            [-95.845432999812985, 41.18193000006427],
            [-95.846294999803419, 41.182545999820846],
            [-95.847241000357769, 41.183350999696522],
            [-95.848797999934064, 41.184296000122174],
            [-95.849357999800745, 41.184545000213539],
            [-95.84986099976598, 41.184769999799471],
            [-95.850373999776963, 41.185089999952247],
            [-95.850757000091605, 41.185233999848798],
            [-95.85116899982026, 41.185320999703322],
            [-95.851267999554466, 41.185365000207391],
            [-95.852313999667913, 41.185833000297329],
            [-95.853093999642596, 41.185987999930681],
            [-95.854142000304179, 41.186410999981106],
            [-95.854836000065148, 41.186528999670756],
            [-95.855286000326942, 41.186696999996371],
            [-95.856124999852852, 41.186949000014586],
            [-95.856879999713172, 41.186994999827405],
            [-95.858032000131828, 41.187329999826218],
            [-95.858728000440934, 41.187375000189924],
            [-95.859223999835166, 41.187500999691608],
            [-95.860439999827946, 41.187665999992298],
            [-95.860969999557369, 41.187825999948281],
            [-95.861659000193768, 41.187964999994037],
            [-95.862084000341198, 41.188006999701784],
            [-95.862557999994124, 41.187992999802198],
            [-95.863796999553117, 41.188245000240798],
            [-95.864553999961586, 41.188204999699437],
            [-95.865781999649911, 41.188295999712601],
            [-95.866303999881737, 41.188276999980324],
            [-95.86762399963159, 41.188415999744642],
            [-95.868372999644123, 41.188324000055246],
            [-95.869537999583258, 41.188341999931147],
            [-95.870100999822967, 41.188272000085419],
            [-95.871288000401734, 41.188324000055246],
            [-95.872030999668169, 41.188208999754643],
            [-95.87360800023427, 41.188223000284083],
            [-95.873876999847795, 41.188153000311139],
            [-95.874537000171898, 41.188089000019261],
            [-95.875726000400476, 41.18804800021136],
            [-95.876581999644813, 41.188067000010129],
            [-95.877133000188948, 41.187960999923867],
            [-95.878133000271674, 41.187941000245537],
            [-95.878636000236909, 41.187835999805777],
            [-95.879586000090896, 41.18778699967816],
            [-95.880089000056131, 41.187680999814653],
            [-95.880658000143612, 41.187662999757038],
            [-95.885516000266932, 41.186773000050337],
            [-95.886131000385177, 41.186582000218408],
            [-95.886738999932405, 41.186495999882091],
            [-95.887840000297444, 41.18623900009851],
            [-95.888923000220828, 41.186127999698556],
            [-95.889651000316974, 41.185961999699394],
            [-95.891186999976881, 41.185721000002445],
            [-95.894133999623236, 41.185336000062875],
            [-95.898154999870457, 41.184774999961796],
            [-95.898961999609313, 41.184794000034216],
            [-95.899800000208614, 41.184655000017599],
            [-95.90050999986309, 41.184608999913017],
            [-95.90088999980469, 41.184626000234665],
            [-95.901347999564095, 41.184717999711495],
            [-95.901817999917384, 41.184660000188643],
            [-95.90416899971207, 41.184553999995501],
            [-95.90473500032482, 41.184499000031742],
            [-95.905590999569171, 41.184527999870859],
            [-95.907579999863927, 41.184367999968927],
            [-95.908667999810177, 41.18445399971975],
            [-95.91023600015545, 41.184402999959765],
            [-95.910786999801275, 41.184480999775431],
            [-95.911365000109598, 41.184641999976591],
            [-95.91198400042579, 41.184669999853625],
            [-95.91250599975929, 41.184637999703469],
            [-95.91316799973319, 41.184690999753485],
            [-95.913668000223709, 41.18480899983841],
            [-95.914199999602943, 41.185039999904689],
            [-95.914668000306392, 41.185110999717416],
            [-95.915428000189593, 41.185145000095638],
            [-95.916118999577506, 41.185279000300845],
            [-95.916699000433951, 41.185524999701443],
            [-95.91719999985105, 41.18590700024221],
            [-95.918909999588237, 41.186540000272664],
            [-95.919560999691498, 41.186900999763985],
            [-95.919916000417047, 41.18723899982254],
            [-95.920178000357865, 41.187660000197639],
            [-95.920783000430376, 41.188071000073762],
            [-95.92126999960378, 41.188401000090664],
            [-95.92136199966528, 41.18850799998085],
            [-95.921430000335647, 41.188554000050445],
            [-95.921494999734662, 41.188603000280104],
            [-95.921559000207083, 41.188650999959044],
            [-95.921626000154234, 41.188697999765495],
            [-95.921688999903424, 41.188746999887385],
            [-95.921743000330096, 41.188803000174921],
            [-95.921795000208633, 41.188860000249399],
            [-95.921847000087183, 41.188918000108202],
            [-95.92189899996572, 41.188975000082621],
            [-95.921950999844242, 41.189031000175149],
            [-95.922002999722778, 41.189088000051129],
            [-95.922056000324545, 41.189144999877492],
            [-95.922112000401029, 41.189199000165331],
            [-95.922169000302446, 41.189252999732652],
            [-95.922227000028769, 41.189306000103407],
            [-95.922285999579998, 41.189357999928063],
            [-95.922341999656496, 41.189412000040228],
            [-95.922397999732993, 41.189466999933423],
            [-95.922452999984586, 41.189521999780418],
            [-95.922463999855225, 41.189532999879482],
            [-95.922508000236164, 41.189575999757373],
            [-95.922565999962487, 41.189629999689735],
            [-95.922617999841023, 41.189685999898053],
            [-95.922669999719545, 41.189743999701172],
            [-95.922719000123351, 41.189802999949379],
            [-95.922781000047635, 41.189850000280877],
            [-95.92282500042856, 41.189910000252354],
            [-95.922873999934055, 41.189968999674939],
            [-95.922950999926954, 41.19005399968912],
            [-95.922976999866208, 41.190082999772081],
            [-95.923022000072066, 41.190143000206056],
            [-95.923054999684027, 41.190206999842175],
            [-95.923073999950603, 41.190277000323206],
            [-95.923104000087818, 41.190342000316562],
            [-95.92314199972266, 41.190404000135665],
            [-95.923195000324412, 41.190461000168362],
            [-95.923256000423791, 41.190515000046823],
            [-95.923315999799925, 41.190569999689444],
            [-95.923386000120132, 41.190620000246298],
            [-95.923449999694228, 41.190673000186464],
            [-95.923475999633496, 41.190701000188533],
            [-95.923547999603528, 41.190850000287966],
            [-95.92367800019818, 41.19098400031011],
            [-95.92432799957821, 41.19098400031011],
            [-95.925095999857319, 41.19098400031011],
            [-95.92606199960484, 41.19098400031011],
            [-95.930017999554721, 41.190982999831689],
            [-95.930617999604351, 41.190982999831689],
            [-95.933392999721548, 41.190982000029273],
            [-95.933459999668699, 41.190982000029273],
            [-95.933478999935289, 41.190982000029273],
            [-95.933618999677378, 41.190982000029273],
            [-95.935881999608512, 41.190985999914872],
            [-95.936840999683341, 41.190974000257384],
            [-95.938182000247906, 41.190989999800173],
            [-95.938240999799135, 41.19099100027848],
            [-95.939479000431518, 41.190988999997863],
            [-95.939751000418084, 41.190988000195524],
            [-95.940655000241321, 41.190985000112484],
            [-95.943072999983173, 41.190978999945905],
            [-95.943092000249749, 41.190978999945905],
            [-95.943211999900342, 41.190979999748379],
            [-95.943625000352213, 41.190982000029273],
            [-95.943929000125834, 41.190978000143424],
            [-95.945526999710012, 41.190960000316203],
            [-95.945550999999469, 41.190960000316203],
            [-95.946031000398492, 41.190950000259818],
            [-95.94793299975629, 41.190952999668504],
            [-95.947948999649824, 41.190952999668504],
            [-95.9480599999779, 41.190951000062725],
            [-95.949055999862637, 41.190933000228036],
            [-95.949392000321623, 41.190927000056732],
            [-95.949928999723753, 41.190913999908965],
            [-95.950020999785252, 41.190912000302006],
            [-95.950072999663789, 41.190910999822542],
            [-95.950100000326287, 41.190910999822542],
            [-95.950392000404321, 41.190913000105496],
            [-95.950414999970548, 41.190913000105496],
            [-95.950967000339602, 41.190910000019024],
            [-95.952827999689504, 41.190899999955008],
            [-95.952841000108307, 41.190899999955008],
            [-95.953631999953643, 41.190895000260404],
            [-95.954740999816281, 41.190889000085612],
            [-95.954898000175135, 41.19088800028176],
            [-95.955160999940858, 41.190886999801883],
            [-95.955221000215332, 41.190886999801883],
            [-95.957693000383841, 41.190875999930306],
            [-95.958897999607643, 41.190871000233876],
            [-95.958926000095047, 41.190871000233876],
            [-95.9600500000263, 41.190871000233876],
            [-95.960984999811686, 41.190869999753779],
            [-95.961392000415771, 41.190869999753779],
            [-95.962475000339154, 41.190866999665289],
            [-95.962532000240557, 41.190866999665289],
            [-95.962545999585942, 41.190866999665289],
            [-95.963585999851631, 41.190864000252667],
            [-95.964000999953328, 41.190861999968163],
            [-95.964985999967411, 41.190858000075039],
            [-95.966425000441262, 41.190851999896822],
            [-95.96739600021165, 41.19084899980755],
            [-95.96744100041748, 41.19084899980755],
            [-95.968816000418926, 41.19084499991358],
            [-95.969767999922738, 41.190841999823938],
            [-95.970183000024434, 41.190838999734211],
            [-95.972215999801804, 41.190821999673602],
            [-95.973199999990982, 41.190819000258919],
            [-95.973316000341939, 41.190819000258919],
            [-95.973492999893949, 41.190819000258919],
            [-95.974574000167522, 41.190816999973094],
            [-95.974671000251874, 41.190816999973094],
            [-95.974689999620139, 41.190816999973094],
            [-95.975084999630354, 41.190813999882174],
            [-95.976058999773798, 41.190806999894868],
            [-95.976119000048243, 41.190806999894868],
            [-95.977015000373882, 41.190799999906766],
            [-95.977380000246868, 41.190799000101556],
            [-95.977408999660867, 41.190799000101556],
            [-95.977626000294165, 41.190798000296326],
            [-95.977654999708164, 41.190798000296326],
            [-95.978033999824831, 41.190796999815063],
            [-95.978109000167919, 41.190796999815063],
            [-95.979426000443027, 41.190792000112651],
            [-95.979524000352313, 41.190791000307307],
            [-95.980116000006021, 41.1907880002152],
            [-95.980157999838823, 41.1907880002152],
            [-95.980367999901091, 41.190785999928373],
            [-95.980803999919189, 41.190782999836088],
            [-95.981412000364728, 41.190778999938075],
            [-95.981569999650176, 41.190778999938075],
            [-95.981865000101266, 41.190777000326996],
            [-95.98189799971324, 41.190775999845414],
            [-95.982380999586994, 41.190774000234285],
            [-95.98246400032599, 41.190774000234285],
            [-95.983877999787154, 41.190768999854058],
            [-95.984236999812353, 41.190768000048365],
            [-95.984504999600958, 41.190767000242666],
            [-95.984595000012646, 41.190765999760934],
            [-95.985794000286973, 41.190761000056142],
            [-95.986266000290087, 41.190758999768498],
            [-95.986620000292405, 41.1907570001568],
            [-95.986650000429648, 41.1907570001568],
            [-95.987430000404316, 41.19075300025721],
            [-95.988617000084759, 41.190747999875427],
            [-95.989323000439612, 41.190743999975282],
            [-95.989368999572037, 41.190743999975282],
            [-95.989653000152501, 41.190743000169213],
            [-95.989905999872477, 41.190741999687162],
            [-95.990071999553834, 41.190740999881065],
            [-95.990876999642865, 41.190736999980501],
            [-95.991399999699595, 41.190732000273449],
            [-95.991527999746125, 41.190730999791235],
            [-95.991687999579696, 41.190729999984967],
            [-95.991743999656194, 41.190729000178678],
            [-95.992007000320228, 41.190726000083728],
            [-95.992111000077301, 41.190725000277389],
            [-95.992174999651397, 41.190723999795004],
            [-95.992828000302779, 41.190716999798084],
            [-95.993013000250713, 41.190715000185108],
            [-95.993087999695476, 41.190713999702574],
            [-95.993491000101614, 41.190712000089505],
            [-95.993507999820039, 41.190712000089505],
            [-95.994377000381505, 41.190705000091306],
            [-95.99488000034674, 41.190698000092347],
            [-95.994892000042313, 41.190698000092347],
            [-95.996828999560208, 41.190680000188088],
            [-95.997466000318084, 41.19067499980072],
            [-95.997841000236789, 41.190677000090943],
            [-95.998057000146858, 41.190677999898014],
            [-95.99841100014919, 41.190678999705078],
            [-95.999334000238989, 41.190681999802138],
            [-95.99935500015539, 41.190681999802138],
            [-95.999821000310718, 41.190684000092141],
            [-96.000920000127621, 41.190677999898014],
            [-96.001993000005271, 41.190671999703298],
            [-96.003214999845824, 41.190666000184088],
            [-96.004620999809376, 41.190666000184088],
            [-96.004946000397723, 41.190666999991336],
            [-96.004963999941069, 41.190666999991336],
            [-96.005194000094832, 41.190666999991336],
            [-96.005214000186328, 41.190666999991336],
            [-96.005917999993017, 41.190667999798556],
            [-96.006217999568662, 41.190667999798556],
            [-96.006241999858119, 41.190667999798556],
            [-96.007048999596975, 41.190670000088936],
            [-96.007595999943149, 41.190671999703298],
            [-96.008554000193058, 41.190688999802852],
            [-96.008681000414668, 41.190691000092599],
            [-96.008709999828682, 41.190691999899457],
            [-96.009134000151192, 41.190699999705842],
            [-96.009261000372803, 41.190701999995248],
            [-96.00931699955099, 41.190702999801942],
            [-96.009407999787584, 41.190705000091306],
            [-96.009675999576189, 41.190708999993824],
            [-96.009821000239455, 41.190712000089505],
            [-96.00983600030807, 41.190712000089505],
            [-96.011151999859962, 41.190702999801942],
            [-96.011929000359899, 41.190698000092347],
            [-96.012582000112971, 41.190708000187215],
            [-96.012619999747798, 41.190708999993824],
            [-96.013986000426726, 41.190730999791235],
            [-96.014162000153817, 41.190727999696371],
            [-96.014245999819408, 41.19074499978133],
            [-96.014661999746025, 41.190741999687162],
            [-96.014998000204997, 41.19073900026882],
            [-96.017414000297009, 41.190722000182241],
            [-96.017601999719673, 41.190718000280569],
            [-96.018098999837122, 41.190713999702574],
            [-96.01900900040647, 41.190706999704588],
            [-96.019991000047511, 41.190698999899105],
            [-96.020181000018297, 41.190698000092347],
            [-96.020766999824232, 41.190692999706307],
            [-96.020766999824232, 41.190683000285155],
            [-96.021407000056826, 41.190684999899112],
            [-96.021986000190054, 41.190687999995944],
            [-96.022156000069373, 41.190688999802852],
            [-96.02359600036813, 41.190694999995976],
            [-96.023680000033707, 41.19069599980277],
            [-96.023748999630698, 41.190697000285581],
            [-96.023813999928009, 41.190697000285581],
            [-96.024628000237897, 41.190643999688824],
            [-96.024881999782792, 41.190642000073609],
            [-96.025337999892344, 41.190655000275385],
            [-96.026198000232981, 41.190680000188088],
            [-96.026216999601232, 41.190680999995124],
            [-96.026522000098083, 41.190690000285713],
            [-96.026719999566481, 41.190694999995976],
            [-96.027097999858256, 41.190692999706307],
            [-96.027377000415811, 41.190691999899457],
            [-96.027841000023002, 41.190690000285713],
            [-96.028130999552928, 41.190688999802852],
            [-96.02888899978629, 41.190684999899112],
            [-96.031063999853885, 41.190715999991596],
            [-96.03146100041225, 41.190715999991596],
            [-96.032487000434216, 41.190716999798084],
            [-96.032510000000443, 41.190716999798084],
            [-96.033197999913611, 41.190716999798084],
            [-96.033317999564204, 41.190715999991596],
            [-96.033830999575173, 41.19071299989605],
            [-96.033843000169071, 41.19071299989605],
            [-96.035150000398446, 41.19070400028464],
            [-96.036286000025271, 41.190720999699877],
            [-96.0367399995867, 41.190726999890053],
            [-96.038283999642545, 41.190708000187215],
            [-96.03859599981206, 41.19070400028464],
            [-96.038611999705594, 41.19070400028464],
            [-96.039481000267045, 41.190698000092347],
            [-96.040518999984599, 41.190694000189154],
            [-96.040556999619426, 41.190694000189154],
            [-96.04134099979207, 41.190691000092599],
            [-96.041585000189542, 41.190691000092599],
            [-96.041851000328322, 41.190690000285713],
            [-96.042030000428454, 41.190688999802852],
            [-96.042120999766738, 41.190688999802852],
            [-96.042328000354289, 41.190687999995944],
            [-96.042910999787154, 41.190685999706069],
            [-96.042980000282455, 41.190685999706069],
            [-96.04305700027534, 41.190687000189023],
            [-96.044567999820913, 41.190701000188533],
            [-96.045224999771932, 41.190706999704588],
            [-96.045865999829445, 41.19070400028464],
            [-96.04699899998154, 41.19069599980277],
            [-96.047026999570633, 41.19069599980277],
            [-96.047132999875828, 41.190694999995976],
            [-96.047779999781127, 41.190699999705842],
            [-96.047865000169921, 41.190701000188533],
            [-96.049126000368545, 41.190709999800418],
            [-96.049148000109867, 41.190709999800418],
            [-96.051312000306794, 41.190699999705842],
            [-96.05142799975944, 41.190699999705842],
            [-96.051856000279926, 41.190698000092347],
            [-96.051874999648177, 41.190698000092347],
            [-96.052276000404504, 41.190698999899105],
            [-96.052759000278257, 41.190698999899105],
            [-96.055490999839449, 41.190702999801942],
            [-96.05717899983533, 41.190701000188533],
            [-96.057361000308518, 41.190701000188533],
            [-96.057460000042724, 41.190701000188533],
            [-96.061904999714145, 41.19070400028464],
            [-96.061944999897108, 41.19070400028464],
            [-96.062027999737808, 41.19070400028464],
            [-96.062140999715709, 41.19070400028464],
            [-96.062196999792192, 41.19070400028464],
            [-96.062246000195998, 41.19070400028464],
            [-96.062502000289044, 41.190702999801942],
            [-96.064274999775407, 41.190725000277389],
            [-96.064303000262839, 41.190725000277389],
            [-96.066782000104027, 41.19070400028464],
            [-96.06917399990661, 41.190727999696371],
            [-96.069435999847414, 41.190727999696371],
            [-96.070382000401764, 41.190727999696371],
            [-96.070926000374897, 41.190727999696371],
            [-96.071193000338596, 41.190727999696371],
            [-96.071229000323598, 41.190727999696371],
            [-96.071460000302281, 41.190727999696371],
            [-96.071749000007287, 41.190727999696371],
            [-96.071781999619247, 41.190727999696371],
            [-96.072334999813194, 41.190727999696371],
            [-96.07432400010795, 41.190726999890053],
            [-96.074916999586577, 41.190732000273449],
            [-96.075253999870469, 41.190734999692118],
            [-96.076500000000465, 41.190747000069415],
            [-96.07653199978752, 41.190747000069415],
            [-96.079357999958361, 41.190755999674913],
            [-96.079397000316405, 41.190755999674913],
            [-96.080093999552105, 41.190755999674913],
            [-96.080608000286318, 41.190755999674913],
            [-96.081368000169519, 41.190755999674913],
            [-96.081395999758612, 41.190755999674913],
            [-96.08241199973483, 41.190748999681418],
            [-96.083602999613262, 41.190740000074953],
            [-96.083949999942874, 41.190736999980501],
            [-96.084764000252747, 41.190729000178678],
            [-96.08718299981949, 41.190741999687162],
            [-96.087216000329789, 41.190741999687162],
            [-96.087382999836052, 41.190740000074953],
            [-96.087885999801273, 41.190733999885907],
            [-96.088218999887218, 41.190729999984967],
            [-96.088583999760218, 41.190726000083728],
            [-96.088602000201874, 41.190726000083728],
            [-96.089399999719902, 41.190716999798084],
            [-96.089649999965161, 41.190719000087022],
            [-96.089726000133126, 41.190719000087022],
            [-96.089762000118142, 41.190719000087022],
            [-96.089793999905197, 41.190719000087022],
            [-96.090311000114156, 41.19072299998863],
            [-96.090675000162207, 41.190725000277389],
            [-96.090838000368819, 41.190726000083728],
            [-96.091539999627386, 41.190732000273449],
            [-96.091573999962591, 41.190732000273449],
            [-96.092383000249569, 41.190732000273449],
            [-96.092788000305532, 41.190732000273449],
            [-96.093452999754163, 41.190730999791235],
            [-96.095252999903025, 41.190743000169213],
            [-96.099213999875786, 41.190765999760934],
            [-96.099674000183342, 41.190764999955199],
            [-96.100290999951397, 41.190768999854058],
            [-96.10059700027314, 41.190771000141396],
            [-96.100638000281023, 41.190774000234285],
            [-96.100886999803052, 41.190768999854058],
            [-96.101034999941049, 41.190768000048365],
            [-96.101429000126359, 41.190761999861941],
            [-96.101931000266688, 41.1907570001568],
            [-96.102146000351851, 41.1907570001568],
            [-96.102400999721652, 41.190754999869036],
            [-96.10269500034785, 41.190750999969367],
            [-96.102876000097822, 41.190747000069415],
            [-96.103312000115906, 41.190743999975282],
            [-96.104276000213588, 41.190736000174326],
            [-96.10438099979558, 41.190733999885907],
            [-96.104595000055824, 41.190740999881065],
            [-96.104851999973775, 41.19073900026882],
            [-96.105006999784479, 41.190719000087022],
            [-96.105132000356249, 41.190718000280569],
            [-96.106192999640015, 41.190702999801942],
            [-96.108460999594044, 41.190676000283844],
            [-96.108597000036468, 41.190673000186464],
            [-96.109450999630994, 41.190663000086246],
            [-96.109915999961402, 41.19066399989353],
            [-96.110030999589128, 41.19066399989353],
            [-96.110218000085197, 41.190660999795604],
            [-96.110464000132495, 41.190659000180915],
            [-96.113348999854566, 41.190625999769765],
            [-96.116897000273781, 41.190554999852935],
            [-96.11782399966323, 41.190547999837939],
            [-96.119598999697743, 41.190588000299911],
            [-96.119894000148847, 41.190589999916767],
            [-96.120180000379094, 41.190592000209584],
            [-96.120500000046249, 41.190593999826319],
            [-96.121281999670742, 41.19059699992728],
            [-96.121796000404956, 41.190607000037573],
            [-96.12212799976767, 41.19061000013798],
            [-96.124241999735887, 41.190653999791948],
            [-96.125003000342303, 41.190673000186464],
            [-96.126092999938379, 41.190680000188088],
            [-96.126728999973025, 41.190684999899112],
            [-96.126755999737199, 41.190684999899112],
            [-96.127047999815247, 41.190687999995944],
            [-96.127378000426447, 41.190691000092599],
            [-96.128206000081704, 41.190711000282946],
            [-96.128821000199949, 41.190725000277389],
            [-96.129115999752713, 41.190729999984967],
            [-96.12921899968488, 41.190732000273449],
            [-96.129237999951457, 41.190732000273449],
            [-96.129658999900926, 41.190736999980501],
            [-96.130171999911923, 41.19073900026882],
            [-96.13099600026753, 41.190743000169213],
            [-96.131776000242198, 41.190747000069415],
            [-96.132763999731026, 41.19076400014945],
            [-96.133702999714373, 41.190762999667726],
            [-96.135296999998914, 41.190761000056142],
            [-96.135324999588008, 41.190768000048365],
            [-96.135558000114841, 41.190764999955199],
            [-96.137359999913514, 41.190795000204581],
            [-96.137401999746331, 41.190796000009861],
            [-96.13801199984168, 41.190802000193166],
            [-96.138832999824245, 41.190809999986058],
            [-96.138886000426012, 41.190809999986058],
            [-96.139980000220035, 41.190806000089758],
            [-96.140099000045723, 41.190806000089758],
            [-96.140688000224714, 41.190806000089758],
            [-96.140710999790926, 41.190806000089758],
            [-96.141238000045604, 41.190807999699913],
            [-96.141754000429657, 41.190807999699913],
            [-96.143952999888356, 41.190809999986058],
            [-96.144947999948201, 41.190796000009861],
            [-96.145625999815636, 41.190799000101556],
            [-96.146075000252509, 41.190800999711968],
            [-96.14759500001891, 41.190796000009861],
            [-96.148042999732567, 41.190793999723276],
            [-96.148055000326437, 41.190793999723276],
            [-96.148558000291686, 41.190791000307307],
            [-96.149187999580207, 41.1907880002152],
            [-96.150170999944493, 41.190795000204581],
            [-96.151891999552319, 41.19078900002058],
            [-96.151908000344164, 41.19078900002058],
            [-96.152607000128, 41.190782999836088],
            [-96.152710999885059, 41.190782000030609],
            [-96.153422000262765, 41.190782000030609],
            [-96.154332999758708, 41.190782999836088],
            [-96.155034999915571, 41.190771999947039],
            [-96.155094000365111, 41.190771000141396],
            [-96.15548699982719, 41.19076400014945],
            [-96.155738999722274, 41.190767000242666],
            [-96.155856999723056, 41.190768000048365],
            [-96.155947000134745, 41.190768999854058],
            [-96.156507999826303, 41.190775999845414],
            [-96.157871999957067, 41.190765999760934],
            [-96.158087999867135, 41.19076400014945],
            [-96.158313999822951, 41.190761999861941],
            [-96.158333000089527, 41.190761999861941],
            [-96.158855000321353, 41.190757999962663],
            [-96.159214000346552, 41.190755999674913],
            [-96.159441999952179, 41.190754999869036],
            [-96.15960099996083, 41.19075400006313],
            [-96.160431999989129, 41.190750999969367],
            [-96.160488999890546, 41.190750999969367],
            [-96.160592999647605, 41.190750999969367],
            [-96.160904999817163, 41.190750999969367],
            [-96.161247000123922, 41.190747999875427],
            [-96.162186999932175, 41.190737999786663],
            [-96.162905999807478, 41.190730999791235],
            [-96.163098000326414, 41.190729000178678],
            [-96.163457000351599, 41.190726000083728],
            [-96.164096999685896, 41.190719999893446],
            [-96.164552999795475, 41.190715000185108],
            [-96.165192000203135, 41.190708999993824],
            [-96.165296999785141, 41.190708999993824],
            [-96.165420999633696, 41.190708999993824],
            [-96.166948999796006, 41.19070400028464],
            [-96.167348999829073, 41.190701999995248],
            [-96.167821999657107, 41.190699999705842],
            [-96.168291000185462, 41.190698999899105],
            [-96.168958000182229, 41.190673999993599],
            [-96.168998000365207, 41.190671999703298],
            [-96.169318999857254, 41.190670999896128],
            [-96.169774999966847, 41.190669000281744],
            [-96.171426999977712, 41.190662000278941],
            [-96.172534000190524, 41.190655000275385],
            [-96.174311999699796, 41.190645000172417],
            [-96.174026000367832, 41.189953999700727],
            [-96.173670999642269, 41.189787999937138],
            [-96.173008999668383, 41.189457000325028],
            [-96.17298000025437, 41.188662000204445],
            [-96.169942000371421, 41.187398000288745],
            [-96.167414999951333, 41.1862199997693],
            [-96.164524000381476, 41.186158000044429],
            [-96.160544000142124, 41.186158000044429],
            [-96.159855000404036, 41.186561000248929],
            [-96.158530999557925, 41.186515000131209],
            [-96.158326000416835, 41.186507999684274],
            [-96.158318999845818, 41.186184000197933],
            [-96.158347000333237, 41.18595900006207],
            [-96.15835800020389, 41.185779999819495],
            [-96.15835599965574, 41.185754000181639],
            [-96.158329999716486, 41.185431000231951],
            [-96.158318999845818, 41.184511000199848],
            [-96.158332000264608, 41.183902999957454],
            [-96.158343000135275, 41.183380999962537],
            [-96.158347000333237, 41.181895000103914],
            [-96.158376999572141, 41.180356000196952],
            [-96.158342000310356, 41.179214000148789],
            [-96.158334999739353, 41.17900200021603],
            [-96.158373000272505, 41.178052999801842],
            [-96.158367000424704, 41.176924999731064],
            [-96.158360999678621, 41.17680100020219],
            [-96.158332000264608, 41.176203000334446],
            [-96.158339999762219, 41.17397900018355],
            [-96.158328000066646, 41.173049000120976],
            [-96.158321000393954, 41.172459999901861],
            [-96.158369999899449, 41.171732000076489],
            [-96.158677000046112, 41.171771999860802],
            [-96.158856000146244, 41.171778999854354],
            [-96.158998000436483, 41.171769999669301],
            [-96.159113999889101, 41.171747000167514],
            [-96.159282999943528, 41.171699999690489],
            [-96.159458999670619, 41.17163400002832],
            [-96.159604000333886, 41.171541000330102],
            [-96.159756999596439, 41.171413999772717],
            [-96.160047000024676, 41.171088999887523],
            [-96.160528000248604, 41.170424000299654],
            [-96.160568000431567, 41.170367999848246],
            [-96.160785999991461, 41.170050999808012],
            [-96.160508000157122, 41.169911000159502],
            [-96.160368000415033, 41.169822999995475],
            [-96.160274999630303, 41.169735999840029],
            [-96.16012200036775, 41.169484999987887],
            [-96.160088000032545, 41.169330999974378],
            [-96.160072000139024, 41.169018000201504],
            [-96.1600279997581, 41.168853000252994],
            [-96.159973000404818, 41.168724999752648],
            [-96.159876000320438, 41.16857999992979],
            [-96.159732000380401, 41.168430999875469],
            [-96.159441000127259, 41.168202999835323],
            [-96.159201999752653, 41.168084000110291],
            [-96.158790000024013, 41.167894000027324],
            [-96.158539999778753, 41.167765000201555],
            [-96.158199000195211, 41.167555000052005],
            [-96.157959999820619, 41.167386999988778],
            [-96.157738999887684, 41.167216999840527],
            [-96.157591999574592, 41.167069999726692],
            [-96.157363000144045, 41.166736999905297],
            [-96.15730200004468, 41.166592999915324],
            [-96.157226999701606, 41.166247000063919],
            [-96.157218000379089, 41.166010000239126],
            [-96.157220999853834, 41.165928000003177],
            [-96.157240999945316, 41.165762999712129],
            [-96.157278999580143, 41.165627999964201],
            [-96.157399000129061, 41.165367000023608],
            [-96.157560999612443, 41.165115999664998],
            [-96.157861000086427, 41.16469300003758],
            [-96.15805799972992, 41.16445300005644],
            [-96.158234000355336, 41.164212999872611],
            [-96.158608000449149, 41.163733000249408],
            [-96.158779000153359, 41.163552999906955],
            [-96.158918999895448, 41.163439999837614],
            [-96.159043999568908, 41.163363000211369],
            [-96.159190999882014, 41.163291999817133],
            [-96.159353000263721, 41.163249999814411],
            [-96.159563000325988, 41.163210999787772],
            [-96.159749000098842, 41.163206000008124],
            [-96.159847999833033, 41.163216000243331],
            [-96.160016999887446, 41.163252000266013],
            [-96.160790000189436, 41.16345199980632],
            [-96.161046000282468, 41.162900999877785],
            [-96.161134999970926, 41.162702999800544],
            [-96.161203999567888, 41.162550000314795],
            [-96.161239999552905, 41.162328000187081],
            [-96.161244999575786, 41.162219999889636],
            [-96.16120799976585, 41.161999999810192],
            [-96.161093999963057, 41.16174299994104],
            [-96.161844999625416, 41.161741999692211],
            [-96.163063999991223, 41.161709999837448],
            [-96.163749000429647, 41.161700000048739],
            [-96.164136000043953, 41.161676000143721],
            [-96.164274000136217, 41.161668000173471],
            [-96.165214999769361, 41.161660999775997],
            [-96.165602000281979, 41.16165700012818],
            [-96.166933999727391, 41.1616419997561],
            [-96.167608000295175, 41.161635000032106],
            [-96.167845000121631, 41.161633000207473],
            [-96.167865000213112, 41.159698000251119],
            [-96.16787500025886, 41.158699999947984],
            [-96.167753000060131, 41.158699999947984],
            [-96.167737999991516, 41.158001000175624],
            [-96.168487000004049, 41.157995999998512],
            [-96.171252999900446, 41.157977999898755],
            [-96.171800000246606, 41.157975000332513],
            [-96.172929000200753, 41.157966999910492],
            [-96.173940000154104, 41.157959999794009],
            [-96.174931999840894, 41.157953999983476],
            [-96.177340000435308, 41.157930000059416],
            [-96.177336000237347, 41.157568999831561],
            [-96.177336000237347, 41.156298999819455],
            [-96.177336000237347, 41.156204000009026],
            [-96.177347000108, 41.154295999719444],
            [-96.177351000305961, 41.15361399990659],
            [-96.177351000305961, 41.153589999746217],
            [-96.177351000305961, 41.153524999803338],
            [-96.177343999734944, 41.152426000023603],
            [-96.177347000108, 41.15014700004285],
            [-96.176850999815443, 41.15013499966738],
            [-96.176597000270561, 41.150112000012555],
            [-96.176362000093917, 41.150081000318032],
            [-96.176300000169633, 41.150066000002319],
            [-96.176032000381042, 41.150003999878628],
            [-96.175660999761959, 41.149885000251558],
            [-96.175342999744629, 41.149754999718624],
            [-96.175212000223382, 41.149676999816286],
            [-96.175079000153985, 41.149598000063442],
            [-96.174813999840111, 41.149421000091799],
            [-96.174501999670582, 41.149139000078577],
            [-96.173926999735315, 41.148390999982581],
            [-96.1737219996959, 41.148110999835197],
            [-96.173606000243268, 41.147986000108148],
            [-96.173496999565003, 41.147917999994171],
            [-96.173365000218837, 41.147859999682098],
            [-96.173238999822146, 41.14783099984502],
            [-96.173072000315884, 41.147817999937203],
            [-96.172801000154237, 41.147815999690998],
            [-96.172796999956276, 41.147044000209533],
            [-96.172254999632969, 41.147048999869163],
            [-96.170150999710486, 41.147035000009517],
            [-96.168748999944867, 41.147035999806313],
            [-96.168716000332907, 41.147035999806313],
            [-96.167013000268412, 41.147048000072573],
            [-96.166887999696627, 41.147048999869163],
            [-96.166759999650111, 41.14704999966574],
            [-96.164411000403575, 41.147067000264116],
            [-96.164148999564418, 41.147061000132993],
            [-96.163638000101585, 41.147051000138774],
            [-96.16308599973253, 41.147044000209533],
            [-96.162582999767295, 41.147038000076307],
            [-96.160509999806948, 41.147037000279553],
            [-96.158734999772435, 41.147041999939717],
            [-96.158444000417603, 41.147045000006187],
            [-96.158148999966514, 41.147048999869163],
            [-96.158129999699923, 41.145718999857245],
            [-96.158097000087977, 41.143373999743233],
            [-96.158131000423168, 41.142766999797935],
            [-96.158111000331658, 41.141303000300802],
            [-96.158123000027246, 41.140639000088839],
            [-96.158109999608456, 41.139858000170229],
            [-96.158091000240191, 41.138694000213171],
            [-96.158071999973615, 41.137452000335102],
            [-96.158054000430283, 41.136313999951405],
            [-96.158054000430283, 41.136167000215814],
            [-96.158056999905, 41.135622000120939],
            [-96.15805799972992, 41.135448000233204],
            [-96.158014000247306, 41.132502000084479],
            [-96.155691000041699, 41.132492999918526],
            [-96.15399200017518, 41.132486999807213],
            [-96.15280700014452, 41.132489999862905],
            [-96.148343000206523, 41.13250400012118],
            [-96.14658499989045, 41.132486999807213],
            [-96.144757999977415, 41.132483999751322],
            [-96.144287999624126, 41.132502000084479],
            [-96.14407900028506, 41.13251000023093],
            [-96.141249999741177, 41.132509000212686],
            [-96.139828999708982, 41.132500000047685],
            [-96.139359000254018, 41.132496999992441],
            [-96.13911400003164, 41.132491999900019],
            [-96.138903999969358, 41.132487999825798],
            [-96.13102899987949, 41.132541000112738],
            [-96.130079000025503, 41.132540000094913],
            [-96.12779900037593, 41.132537000041502],
            [-96.125804000233387, 41.132544000165964],
            [-96.125001999619073, 41.132555999701047],
            [-96.124351000414151, 41.132553999665895],
            [-96.120419999680308, 41.132544000165964],
            [-96.119586000177264, 41.132550000272062],
            [-96.11806200021293, 41.132560999788595],
            [-96.116102000230484, 41.132575000031714],
            [-96.115759000098805, 41.132577000066171],
            [-96.115569000128005, 41.132578000083384],
            [-96.114264000446767, 41.132588000254742],
            [-96.107022000018503, 41.132583000169255],
            [-96.105384000251334, 41.132588000254742],
            [-96.103557000338284, 41.132594999697204],
            [-96.10267699990618, 41.132595999714134],
            [-96.100882999605105, 41.132598999764902],
            [-96.100793999916647, 41.132599999781775],
            [-96.100414999799952, 41.132599999781775],
            [-96.099142999730674, 41.132601999815471],
            [-96.095643999715293, 41.132608999933055],
            [-96.090829999972897, 41.132619000099687],
            [-96.088101999711341, 41.132622000149347],
            [-96.086581999944968, 41.132629000264799],
            [-96.084493999916006, 41.132640999784286],
            [-96.084185000119518, 41.132640999784286],
            [-96.082128999877611, 41.132640999784286],
            [-96.081979999914708, 41.132641999800512],
            [-96.081549999744382, 41.132641999800512],
            [-96.081270000260233, 41.132641999800512],
            [-96.081209999985759, 41.132641999800512],
            [-96.081016999641903, 41.132642999816781],
            [-96.080970999611154, 41.132642999816781],
            [-96.079865999946477, 41.132642999816781],
            [-96.07880200028967, 41.132643999832993],
            [-96.078003999873317, 41.132645999865353],
            [-96.076879999942051, 41.132650999946037],
            [-96.076439999726006, 41.132651999962114],
            [-96.075658999926418, 41.132653999994282],
            [-96.075294999878338, 41.132655000010317],
            [-96.075011000196227, 41.132656000026337],
            [-96.074965000165463, 41.132656000026337],
            [-96.074535999820057, 41.132650999946037],
            [-96.074338000351673, 41.132648999913826],
            [-96.073997999694726, 41.132644999849177],
            [-96.073955999861937, 41.132644999849177],
            [-96.073253999705059, 41.132638999751762],
            [-96.072312000246967, 41.132633999670169],
            [-96.071403000400878, 41.132640999784286],
            [-96.071241000019171, 41.132641999800512],
            [-96.070115000438079, 41.132650999946037],
            [-96.069279000386913, 41.132650999946037],
            [-96.068785999569101, 41.132650999946037],
            [-96.068045999777382, 41.132652999978234],
            [-96.067891999791598, 41.132653999994282],
            [-96.067490000108705, 41.132655000010317],
            [-96.067335000297973, 41.132655000010317],
            [-96.066860999746751, 41.132656000026337],
            [-96.066639999813816, 41.132656000026337],
            [-96.066550000300452, 41.132656000026337],
            [-96.065381999988247, 41.132656000026337],
            [-96.064882000396068, 41.132656000026337],
            [-96.064334000224974, 41.132656000026337],
            [-96.064290999668941, 41.132656000026337],
            [-96.063556999725023, 41.132656000026337],
            [-96.063534000158796, 41.132656000026337],
            [-96.062129999845041, 41.132658000058385],
            [-96.061848999637661, 41.132657000042357],
            [-96.058752000203469, 41.132639999768031],
            [-96.058636999677432, 41.132639999768031],
            [-96.057445999799015, 41.132645999865353],
            [-96.056170000430114, 41.132652999978234],
            [-96.055136999837117, 41.132652999978234],
            [-96.053222000060529, 41.132653999994282],
            [-96.052775000171778, 41.132650999946037],
            [-96.052695999630757, 41.132650999946037],
            [-96.052575999980149, 41.132650999946037],
            [-96.05246700020021, 41.132649999929946],
            [-96.050872000090735, 41.132640999784286],
            [-96.050796999747675, 41.132640999784286],
            [-96.045186000312185, 41.132618000083056],
            [-96.043634999685338, 41.132621000132815],
            [-96.043207000063163, 41.132622000149347],
            [-96.042910999787154, 41.132623000165871],
            [-96.042742999557689, 41.132639999768031],
            [-96.042243999790387, 41.132691999916723],
            [-96.04190900005463, 41.132704000101299],
            [-96.041789000404037, 41.132712000223158],
            [-96.041666000380388, 41.132720999682469],
            [-96.041268999822037, 41.13276899970981],
            [-96.040987999614643, 41.132822999783215],
            [-96.040709999780319, 41.132890999987843],
            [-96.040489999672275, 41.13293599985564],
            [-96.040283999807954, 41.132978999670421],
            [-96.039994000278043, 41.13301600007064],
            [-96.039846999964951, 41.133031000226957],
            [-96.039400999901105, 41.13305899983299],
            [-96.039093999754442, 41.133065999901753],
            [-96.038938999943753, 41.133067999921302],
            [-96.038784999957969, 41.133069999940737],
            [-96.038476999986386, 41.133072999969826],
            [-96.038025000074768, 41.133083000065731],
            [-96.03773299999672, 41.133095000178784],
            [-96.037589000056684, 41.133102000243703],
            [-96.037446999766459, 41.133110000317032],
            [-96.037170999581917, 41.133120999739617],
            [-96.03703500003779, 41.133124999775241],
            [-96.036898999595365, 41.13312899981063],
            [-96.036476999820977, 41.133137999889335],
            [-96.036048000373896, 41.133136999880662],
            [-96.03580800017437, 41.133131999837019],
            [-96.035613000180703, 41.13312899981063],
            [-96.0351760003377, 41.133099000215992],
            [-96.035111000040374, 41.133088000113105],
            [-96.034726999900812, 41.133027000185599],
            [-96.034274000164288, 41.132929999784849],
            [-96.033983999736066, 41.132860000271478],
            [-96.033705999901727, 41.132788999992769],
            [-96.03316000027877, 41.132615000033212],
            [-96.033142999662005, 41.132608999933055],
            [-96.032760000245688, 41.132474000240734],
            [-96.032627000176291, 41.132428000036555],
            [-96.032508000350603, 41.132386999900881],
            [-96.03221500044765, 41.132288999885411],
            [-96.032073999982345, 41.132243000228129],
            [-96.031786000102258, 41.1321580003058],
            [-96.031641000337302, 41.132119000049862],
            [-96.031197999748187, 41.132020000284925],
            [-96.030745999836569, 41.131946999720185],
            [-96.030289999726989, 41.131893000278914],
            [-96.029830000317773, 41.131866000203352],
            [-96.029787999586659, 41.131866000203352],
            [-96.029348000268925, 41.131866000203352],
            [-96.028856000174315, 41.131902999878072],
            [-96.028538000157013, 41.131942000262413],
            [-96.028380999798173, 41.131965000200637],
            [-96.028225999987484, 41.131989000156977],
            [-96.027923000038768, 41.13204400022115],
            [-96.027774000075851, 41.132076999696245],
            [-96.027364999821941, 41.132177000075103],
            [-96.026891999993936, 41.132367000171975],
            [-96.026808000328344, 41.132389999961205],
            [-96.02638400000582, 41.132506000157854],
            [-96.025936000292162, 41.132599999781775],
            [-96.025453000418395, 41.132674000312313],
            [-96.025266999747245, 41.132692999932175],
            [-96.02468099994131, 41.132729999817094],
            [-96.024624000039935, 41.132733999876564],
            [-96.024328999588818, 41.132727999787299],
            [-96.024075000043922, 41.132644999849177],
            [-96.023688000429644, 41.132643999832993],
            [-96.023449000055038, 41.132643999832993],
            [-96.022442000299634, 41.132643999832993],
            [-96.021165000207475, 41.132645999865353],
            [-96.018780999902518, 41.132648999913826],
            [-96.018510999565777, 41.132649999929946],
            [-96.014084000335998, 41.132655000010317],
            [-96.014080000138051, 41.132299000100822],
            [-96.014085999985838, 41.129319999786226],
            [-96.01410899955205, 41.128949999712198],
            [-96.007509999729422, 41.129013000190405],
            [-96.004513999679261, 41.12904200022907],
            [-96.004510000379625, 41.12800899983732],
            [-96.004503999633528, 41.125374000230032],
            [-96.004503999633528, 41.125158000182758],
            [-96.004516000227412, 41.125003000102296],
            [-96.004510000379625, 41.124737000136818],
            [-96.004502999808622, 41.123510999704287],
            [-96.004476000044448, 41.121193999998994],
            [-96.004486000090182, 41.119478000152419],
            [-96.004474000394623, 41.118120999744555],
            [-96.004465999998686, 41.117871999675998],
            [-96.004474000394623, 41.117451000262541],
            [-96.004466999823606, 41.114797999935128],
            [-96.004464000348861, 41.113557000087965],
            [-96.004445000082285, 41.113048999810466],
            [-96.004444000257394, 41.112471999703288],
            [-96.004452999579897, 41.106384000285473],
            [-96.004450999930057, 41.106254999917489],
            [-96.004438000409607, 41.105156999781407],
            [-96.004449000280246, 41.104588000201922],
            [-96.004435999861471, 41.104038000224016],
            [-96.004449000280246, 41.103761000302605],
            [-96.004481000067301, 41.103700999970179],
            [-96.004336000302345, 41.100501999895556],
            [-96.004311000187982, 41.099987999774704],
            [-96.004290000271595, 41.099524000032993],
            [-96.003979999751891, 41.092750999682671],
            [-96.003994999820506, 41.092434000131746],
            [-96.004105000323662, 41.09076700030716],
            [-96.004266999807058, 41.088318000231389],
            [-96.004389999830721, 41.085135000144064],
            [-96.004378999960053, 41.085116000299237],
            [-96.0043680000894, 41.085097999835327],
            [-96.004366000439589, 41.084979000293131],
            [-96.004369999739225, 41.084656000062516],
            [-96.004477999694259, 41.082579000080003],
            [-96.005081999941851, 41.064062999833844],
            [-96.005116000277027, 41.063612999752031],
            [-96.005183000224179, 41.061504000009769],
            [-96.005199999942604, 41.061084000032778],
            [-96.00519099972179, 41.060624000270508],
            [-96.007758000324856, 41.06068499973783],
            [-96.007874999602407, 41.060687999687978],
            [-96.010366000037493, 41.060748999773303],
            [-96.012858000297499, 41.060809999802046],
            [-96.014068000442492, 41.060839999917562],
            [-96.015183000152916, 41.061020000323296],
            [-96.018062000027214, 41.061485000107417],
            [-96.020755999953565, 41.062056999681872],
            [-96.025758999841841, 41.063128000287485],
            [-96.026064000338678, 41.063194999813383],
            [-96.028127000253278, 41.063635000209914],
            [-96.029010000160113, 41.063986000054761],
            [-96.030293000100059, 41.064497999988632],
            [-96.03032400006218, 41.06450999976996],
            [-96.03406199955387, 41.066001000092093],
            [-96.034804999718617, 41.06598000010289],
            [-96.035436999555301, 41.065963000171223],
            [-96.035484000309268, 41.065959000106936],
            [-96.035623000226437, 41.065946999912761],
            [-96.035669000257201, 41.065953999687679],
            [-96.035899000410978, 41.065950000300184],
            [-96.035953999764246, 41.065948999945277],
            [-96.036070000115203, 41.065946999912761],
            [-96.036101000077338, 41.065946999912761],
            [-96.036532000072555, 41.065929000294652],
            [-96.036577000278399, 41.065927000261524],
            [-96.037111000205783, 41.065904000214829],
            [-96.038149999748242, 41.065864999881718],
            [-96.040282999983035, 41.065818000057391],
            [-96.040943000307138, 41.065792000255357],
            [-96.041602999732888, 41.065765999765816],
            [-96.041739000175326, 41.065773999917567],
            [-96.042092000352739, 41.065765999765816],
            [-96.04244499963184, 41.065756999932596],
            [-96.042473999944164, 41.065756000252108],
            [-96.042682000356621, 41.065750000136767],
            [-96.047121000180269, 41.065620999894882],
            [-96.048873999575164, 41.065569999808211],
            [-96.050626000043451, 41.065518999682041],
            [-96.052240000419488, 41.06547200028767],
            [-96.0538539998972, 41.065425999867976],
            [-96.056255999745517, 41.065356000168762],
            [-96.062986999812622, 41.063321999960685],
            [-96.063037000041334, 41.063307000132028],
            [-96.063201999897771, 41.063256000282735],
            [-96.064596999990684, 41.062348000329386],
            [-96.065713000424353, 41.061991999826816],
            [-96.066890999883967, 41.061298999775474],
            [-96.066901999754634, 41.061292999930821],
            [-96.066916999823249, 41.0612840001628],
            [-96.066962000029079, 41.061257999922894],
            [-96.066972999899747, 41.061251000325484],
            [-96.067048000242806, 41.0612069998393],
            [-96.067090000075609, 41.061181999996379],
            [-96.068008000142555, 41.06064199998599],
            [-96.068034999906729, 41.060625999787611],
            [-96.069547000175504, 41.060085000186888],
            [-96.071519999678429, 41.059478000117842],
            [-96.073211999872242, 41.058512000136943],
            [-96.073647000065435, 41.058045999857107],
            [-96.074131999589028, 41.057955999710522],
            [-96.077121999791402, 41.057400999810788],
            [-96.077906999788965, 41.057346000212583],
            [-96.079490000202838, 41.057236000200781],
            [-96.08107299971843, 41.057125000193295],
            [-96.081168000152971, 41.057118000156038],
            [-96.087432000239858, 41.055440999664732],
            [-96.090308999565991, 41.05441299967034],
            [-96.090695000253703, 41.054276000028267],
            [-96.09108000021817, 41.054138000243739],
            [-96.093696000326716, 41.053205000247061],
            [-96.095058999734263, 41.053191999886437],
            [-96.097175000250644, 41.053170999871668],
            [-96.099044999821402, 41.053446999821041],
            [-96.099300999914433, 41.053404000079347],
            [-96.099927999728237, 41.053300000146784],
            [-96.100192000217191, 41.053248000118828],
            [-96.103369999842229, 41.05194499993943],
            [-96.109864999907785, 41.048403999872434],
            [-96.111142999824835, 41.046863999917228],
            [-96.112649000245838, 41.045049999667903],
            [-96.114015000026441, 41.04404800019028],
            [-96.114523000014543, 41.043645000156019],
            [-96.115031000002659, 41.043241999686444],
            [-96.115442999731314, 41.042912000169231],
            [-96.11585500035828, 41.042581999674795],
            [-96.116079999590852, 41.042391999953523],
            [-96.116519999806911, 41.04211200022025],
            [-96.116924000037955, 41.041447000144743],
            [-96.117796000074136, 41.040010000016828],
            [-96.11791599972473, 41.039811999725323],
            [-96.119077000364243, 41.03856500028801],
            [-96.119611000291613, 41.038401999705677],
            [-96.119768999577047, 41.038389999904595],
            [-96.120018999822307, 41.038370000005372],
            [-96.120798999796989, 41.037987999883022],
            [-96.120835999606925, 41.037970000067361],
            [-96.121423000136048, 41.037682000314305],
            [-96.12171400038919, 41.037539999845265],
            [-96.123431999623975, 41.03652300002468],
            [-96.124934999671922, 41.035340000299477],
            [-96.127296000410695, 41.034140999779446],
            [-96.128476000418431, 41.033363000025851],
            [-96.130623999823541, 41.031829999812771],
            [-96.131244999789558, 41.031387000216327],
            [-96.136825999986144, 41.026364000028998],
            [-96.13722299964617, 41.026052999903371],
            [-96.139381999820245, 41.024362999976681],
            [-96.139453999790263, 41.024307000239283],
            [-96.141413999772709, 41.02106200013597],
            [-96.144692999680075, 41.017598000320341],
            [-96.147680000407718, 41.016855000223913],
            [-96.148996999784515, 41.016627000178715],
            [-96.153347999744625, 41.015875999856668],
            [-96.156645999918567, 41.01400500021407],
            [-96.157650000199226, 41.013435000057136],
            [-96.157666000092732, 41.013427000319489],
            [-96.158035000163693, 41.013240999706461],
            [-96.158528000083209, 41.01309100029458],
            [-96.158624000342655, 41.013058000012087],
            [-96.15872100042705, 41.013024999713068],
            [-96.161711999556005, 41.012008000140781],
            [-96.164704000306529, 41.01099200029492],
            [-96.173981000161973, 41.007838999830376],
            [-96.180163000233094, 41.006235999722193],
            [-96.180345999632905, 41.00618900001232],
            [-96.1822329998204, 41.005148999729776],
            [-96.187531999984671, 41.002228000044482],
            [-96.188918999681661, 41.001766999743388],
            [-96.193487000275042, 41.000248000273082],
            [-96.194844999659736, 41.000132999749518],
            [-96.197387000148439, 40.999918000177878],
            [-96.197853000303752, 40.99973700010203],
            [-96.202927000337141, 40.997772999965733],
            [-96.204083000055462, 40.997247000298621],
            [-96.205530000026911, 40.996589999754434],
            [-96.205596000149157, 40.996560000183152],
            [-96.205662000271374, 40.996529999920199],
            [-96.207648000193103, 40.995627999785683],
            [-96.207982000103939, 40.995570999960123],
            [-96.208531999924844, 40.995477000211558],
            [-96.209082999570668, 40.99538300032895],
            [-96.209627000442111, 40.995289999707303],
            [-96.209716999955489, 40.99527399989335],
            [-96.210169999692013, 40.995197999706889],
            [-96.210834000214049, 40.995085000017092],
            [-96.211476999921388, 40.994975999766737],
            [-96.212784000150748, 40.994752999675867],
            [-96.213051999939353, 40.994703999749369],
            [-96.214425000290973, 40.994473000089755],
            [-96.218938999559356, 40.994308000031047],
            [-96.220020999657848, 40.994638999818392],
            [-96.22226199984766, 40.995325000219133],
            [-96.223251000059719, 40.995628999853508],
            [-96.226534000165046, 40.997444999763637],
            [-96.227672000340021, 40.998245000038125],
            [-96.229588999766435, 40.999591999817504],
            [-96.229620999553489, 40.999613999984049],
            [-96.230643000275819, 40.999993999668312],
            [-96.231665000099838, 41.000373999873574],
            [-96.232960999560234, 41.000855000201319],
            [-96.233370999639078, 41.001844999760678],
            [-96.233393000278681, 41.001893999802512],
            [-96.233404000149335, 41.001918999796025],
            [-96.233948000122467, 41.00312099976491],
            [-96.234502000141333, 41.004347999932826],
            [-96.235029000396011, 41.005513999918819],
            [-96.23583199993692, 41.007291000196162],
            [-96.238294999884602, 41.009601999759653],
            [-96.239200000431069, 41.010996000311671],
            [-96.240757999832297, 41.013398000076222],
            [-96.243353999849347, 41.014944000128196],
            [-96.244276999939188, 41.015494000036846],
            [-96.246304999693677, 41.016700999881536],
            [-96.246992999606846, 41.017440999793259],
            [-96.247601000052384, 41.017776000266721],
            [-96.248921999627157, 41.018248000087979],
            [-96.250291999605707, 41.018597999704333],
            [-96.25039200006313, 41.018597999704333],
            [-96.250780000400638, 41.018753999790114],
            [-96.252091999754583, 41.018898000219117],
            [-96.252323999558158, 41.018946000066201],
            [-96.253779999750435, 41.019033999920993],
            [-96.254320000423931, 41.019028000288905],
            [-96.254795999726682, 41.019021999978548],
            [-96.254891999986143, 41.018998000087045],
            [-96.257210000168882, 41.01906499981876],
            [-96.258190999985018, 41.018998000087045],
            [-96.259227000052718, 41.018941999854356],
            [-96.260618999772603, 41.01885800009385],
            [-96.26240300002793, 41.018779000164855],
            [-96.262562999861501, 41.018774000226209],
            [-96.264091000023811, 41.018860000202373],
            [-96.2648430004094, 41.018901999755855],
            [-96.26865899971888, 41.0192980001355],
            [-96.273645999713636, 41.019867999716382],
            [-96.27548299967242, 41.020078000102146],
            [-96.276281000088773, 41.020216000145965],
            [-96.278691000332998, 41.020634000007483],
            [-96.283191000256011, 41.021598000295107],
            [-96.284387000157295, 41.021745999970086],
            [-96.285994999787235, 41.022358000113947],
            [-96.286839000234323, 41.022700000288758],
            [-96.288626999789315, 41.023426000111826],
            [-96.291442999914409, 41.024770000001894],
            [-96.29280299984724, 41.025206000023992],
            [-96.293171000093267, 41.025310000305439],
            [-96.294090999810024, 41.025569000338145],
            [-96.294931999884071, 41.025744999852314],
            [-96.296721000162279, 41.026516999865549],
            [-96.296793999957231, 41.026553999932126],
            [-96.29693200004948, 41.026624999855088],
            [-96.297070999966664, 41.026695999701495],
            [-96.297296000097546, 41.026804000075103],
            [-96.299697999945877, 41.027955000012398],
            [-96.299717000212468, 41.027964000273563],
            [-96.299795999855164, 41.02800199978131],
            [-96.301191999772982, 41.028897999903393],
            [-96.301971999747678, 41.029398999971619],
            [-96.302364000283148, 41.029765000216926],
            [-96.302374000328896, 41.029786999796535],
            [-96.303049999648181, 41.030342000189584],
            [-96.303058999869023, 41.030349999905859],
            [-96.303340000076417, 41.030586000246956],
            [-96.30443499969536, 41.03146599992985],
            [-96.305803000024085, 41.032430000223769],
            [-96.306850999787358, 41.033266000131384],
            [-96.307660999899284, 41.033861000181588],
            [-96.30801099970364, 41.034118000138072],
            [-96.309786999563073, 41.035274000329075],
            [-96.310780999797998, 41.036041999893961],
            [-96.311282999938328, 41.036429999870577],
            [-96.312267999952411, 41.037475000158196],
            [-96.312637000023372, 41.037841000227907],
            [-96.313468000051657, 41.038610999843101],
            [-96.314642000211649, 41.039730999711573],
            [-96.315033999848808, 41.040104999996558],
            [-96.315566000126353, 41.040640000246185],
            [-96.316115000122366, 41.041192999829057],
            [-96.317171000281576, 41.042622000295104],
            [-96.318282999618944, 41.043889999700959],
            [-96.319190999640156, 41.044997999894548],
            [-96.31928199987675, 41.044997999894548],
            [-96.319373999938236, 41.044996999898487],
            [-96.32062000006826, 41.044998999890595],
            [-96.322358000292837, 41.044984999944752],
            [-96.322660000416619, 41.04498699993723],
            [-96.322857999885045, 41.044987999933397],
            [-96.323195000168923, 41.044988999929593],
            [-96.323862000165704, 41.0449909999219],
            [-96.325427000137935, 41.044997999894548],
            [-96.331851999883298, 41.044996999898487],
            [-96.332129999717637, 41.044998999890595],
            [-96.332407999551975, 41.044999999886571],
            [-96.332694999607156, 41.045001999878593],
            [-96.332981999662351, 41.045003999870495],
            [-96.333267999892598, 41.044997999894548],
            [-96.333709999758483, 41.044998999890595],
            [-96.337006000282599, 41.044994999906365],
            [-96.337327999599566, 41.044994999906365],
            [-96.337485999783325, 41.044993999910261],
            [-96.345421000147624, 41.044983999948549],
            [-96.345519999881844, 41.044983999948549],
            [-96.348201000287716, 41.044980999959733],
            [-96.349027000293148, 41.044950000067303],
            [-96.349079000171685, 41.04452500006937],
            [-96.349080999821496, 41.042893999667541],
            [-96.349085000019485, 41.040397000252632],
            [-96.349085999844377, 41.040050000167653],
            [-96.349085999844377, 41.039703000285911],
            [-96.349088000392513, 41.038664000012368],
            [-96.349089000217432, 41.037625999707835],
            [-96.349090000042338, 41.037198000177973],
            [-96.349099000263166, 41.036823000194474],
            [-96.349116999806512, 41.036072999916797],
            [-96.34928699968583, 41.029720999680315],
            [-96.349391000341228, 41.029420000118463],
            [-96.349384999595117, 41.02931999981093],
            [-96.349372999899558, 41.028942999874623],
            [-96.349391000341228, 41.027858999861117],
            [-96.349393999815959, 41.027629999697517],
            [-96.349399999663731, 41.027284999933009],
            [-96.349409999709493, 41.02528000025417],
            [-96.349409999709493, 41.02491400015434],
            [-96.34941100043271, 41.024474999986374],
            [-96.34941200025763, 41.02345500000667],
            [-96.349419999755227, 41.022868000068932],
            [-96.349424999778094, 41.022464000147977],
            [-96.349444999869576, 41.020764999726147],
            [-96.349445999694481, 41.020633000319044],
            [-96.349470999808858, 41.017658999685992],
            [-96.349456999565149, 41.017031999723812],
            [-96.349454999915324, 41.017022000258734],
            [-96.349469999983938, 41.015319999778541],
            [-96.349470999808858, 41.015210999779903],
            [-96.349493000448476, 41.015210999779903],
            [-96.354550999690005, 41.015201999809285],
            [-96.354693999805136, 41.015201999809285],
            [-96.354831000072494, 41.015201999809285],
            [-96.361191000418842, 41.015191000295367],
            [-96.361224000030788, 41.015191000295367],
            [-96.368539000253989, 41.01517900033059],
            [-96.368583999561523, 41.015165000143014],
            [-96.368598999630137, 41.015162000150859],
            [-96.3686239997445, 41.015151999724097],
            [-96.368838999829649, 41.015115000029738],
            [-96.368856000446399, 41.015112000035266],
            [-96.369219999596169, 41.015049999893542],
            [-96.369506999651335, 41.014990999693488],
            [-96.369905999859512, 41.015010000142773],
            [-96.370612000214336, 41.015044999671851],
            [-96.370998000003709, 41.015064000105561],
            [-96.371100999935877, 41.015069000325816],
            [-96.371417000303381, 41.015085000079132],
            [-96.37228199976856, 41.015127000006132],
            [-96.372368999807193, 41.015130999771884],
            [-96.372552999930207, 41.015139999752208],
            [-96.372740000426276, 41.015148999731302],
            [-96.372849000206216, 41.015147000187916],
            [-96.375277999818707, 41.01511700025187],
            [-96.376876000301223, 41.01522199996829],
            [-96.377313999969132, 41.01525300030444],
            [-96.386929999758323, 41.015300000327059],
            [-96.386957000420807, 41.015300000327059],
            [-96.387785000076065, 41.015301000096436],
            [-96.388048999666708, 41.015304000082303],
            [-96.388483999859901, 41.015307999837262],
            [-96.388959000236042, 41.015312000269795],
            [-96.389052999947381, 41.015310000053532],
            [-96.397770999761107, 41.015356000267005],
            [-96.398451000176664, 41.015360000018845],
            [-96.406737000170253, 41.015444000173289],
            [-96.41907200000017, 41.015578999785575],
            [-96.42416000027724, 41.015650000017928],
            [-96.424330000156544, 41.015652000223874],
            [-96.424499000210943, 41.015655000193711],
            [-96.424678000311104, 41.015655999957701],
            [-96.424855999688006, 41.015656999721685],
            [-96.425110000131227, 41.015658000163413],
            [-96.42551500018719, 41.015658999927361],
            [-96.430225999997404, 41.015678000183975],
            [-96.43024400043906, 41.015678000183975],
            [-96.43030700018825, 41.015647000047871],
            [-96.430420999991071, 41.015630999753235],
            [-96.430456000151167, 41.015630999753235],
            [-96.431427999746475, 41.015636999694735],
            [-96.432447999920669, 41.015667999835593],
            [-96.432994000441923, 41.015678000183975],
            [-96.437993999957129, 41.015773999791499],
            [-96.439671999907276, 41.015806000307421],
            [-96.444139000218314, 41.015889999893147],
            [-96.444436000319243, 41.015886999934018],
            [-96.449121000190189, 41.015929999787339],
            [-96.449141000281656, 41.015929999787339],
            [-96.449301000115241, 41.015931000224967],
            [-96.451877000040824, 41.015954999878332],
            [-96.453980999963321, 41.015971999853463],
            [-96.456344000351891, 41.015991999778699],
            [-96.461537000210953, 41.016035000241303],
            [-96.463861000241451, 41.016069000145841],
            [-96.463867999914143, 41.01870799991616],
            [-96.463867999914143, 41.022973000306983],
            [-96.463867999914143, 41.023328999809856],
            [-96.463866000264332, 41.029086000151317],
            [-96.463866000264332, 41.030571999945948],
            [-96.463867000089252, 41.031725999664332],
            [-96.463876000310066, 41.032951000040335],
            [-96.463862000066371, 41.034534000216681],
            [-96.46385700004349, 41.036575999842434],
            [-96.463855000393664, 41.037402000193339],
            [-96.463856000218584, 41.037594000307863],
            [-96.463856000218584, 41.037606000254065],
            [-96.463862999891276, 41.038519000023236],
            [-96.463867000089252, 41.039025999899529],
            [-96.46387399976193, 41.040971999751882],
            [-96.463867000089252, 41.042278999894819],
            [-96.463868999739063, 41.045083000180242],
            [-96.463902000249348, 41.045083000180242],
            [-96.467428000028917, 41.045095000116099],
            [-96.471851999783951, 41.045102000077691],
            [-96.473107999959694, 41.045114000010031],
            [-96.473133999898963, 41.045114000010031],
            [-96.473435000197838, 41.045116999992779],
            [-96.474219000370496, 41.045124999946154],
            [-96.475635000379796, 41.045126999934332],
            [-96.478803999783992, 41.045138999862154],
            [-96.48299099971257, 41.045164999698258],
            [-96.485990999960691, 41.045176000303336],
            [-96.486066000303751, 41.045176000303336],
            [-96.488734000290847, 41.045174000316607],
            [-96.488790000367359, 41.045175000309982],
            [-96.490814999748807, 41.045194000180807],
            [-96.49320599972647, 41.045201000131861],
            [-96.49321900014526, 41.045201000131861],
            [-96.493408000291154, 41.045201000131861],
            [-96.496852000054957, 41.045205000103572],
            [-96.498171999804796, 41.04521900000254],
            [-96.498754000311081, 41.045220999987855],
            [-96.499059999734513, 41.045221999980512],
            [-96.499531999737627, 41.045222999973106],
            [-96.499766999914257, 41.045249999768259],
            [-96.499996000243115, 41.045276000238019],
            [-96.500130000137418, 41.04530400000278],
            [-96.500167999772259, 41.045302000020001],
            [-96.501502999590699, 41.045227999936039],
            [-96.502152000044134, 41.045206000096421],
            [-96.521344000337848, 41.045247999783825],
            [-96.526151000407523, 41.045257999705413],
            [-96.527181999554045, 41.045260999681609],
            [-96.533481999625934, 41.045275000246185],
            [-96.53843400035889, 41.045286000155357],
            [-96.539200000089878, 41.045288000138683],
            [-96.540498000098395, 41.045291000113501],
            [-96.54175699974887, 41.045289000130268],
            [-96.544315999956041, 41.045299000045674],
            [-96.546546000275228, 41.045303000011373],
            [-96.547739999628362, 41.045311999933375],
            [-96.548842999643227, 41.045320999854162],
            [-96.550892000212443, 41.045309999950838],
            [-96.553022999899113, 41.045313999915919],
            [-96.555054999851563, 41.045310999942146],
            [-96.555665999771847, 41.045315999898342],
            [-96.556921999947591, 41.045326999800658],
            [-96.558456999782592, 41.045329999773699],
            [-96.560600999888052, 41.045332999746606],
            [-96.56249999977112, 41.045346000305116],
            [-96.563428999708719, 41.045341999664508],
            [-96.563468999891683, 41.045341999664508],
            [-96.56391800032857, 41.045341999664508],
            [-96.564320000011463, 41.045343000332799],
            [-96.564463999951514, 41.045344000323595],
            [-96.56554199985203, 41.045359000183581],
            [-96.566476999637402, 41.045359000183581],
            [-96.570410000021084, 41.045395999823548],
            [-96.572319999774805, 41.045383999942587],
            [-96.574032000060129, 41.04538799990317],
            [-96.575080999648307, 41.045400999773285],
            [-96.576212000150591, 41.045396999813555],
            [-96.580342000177751, 41.045418000277117],
            [-96.581349999758046, 41.045409999681894],
            [-96.581984999967801, 41.045413000328665],
            [-96.581999000211496, 41.045413000328665],
            [-96.582466000191715, 41.045408999692093],
            [-96.582898999836772, 41.045404999732838],
            [-96.582912000255561, 41.045404999732838],
            [-96.583033999555994, 41.045403999742959],
            [-96.583156999579629, 41.045403999742959],
            [-96.585909000130627, 41.045404999732838],
            [-96.586443000058011, 41.045404999732838],
            [-96.58645499975357, 41.045404999732838],
            [-96.586761000075313, 41.045404999732838],
            [-96.590744999614301, 41.045389999883341],
            [-96.592237999616515, 41.045390999873433],
            [-96.592313999784508, 41.045390999873433],
            [-96.592778000289996, 41.045395999823548],
            [-96.595189000359142, 41.045427000183388],
            [-96.596446000359791, 41.045422000235632],
            [-96.597019999571842, 41.045428000172919],
            [-96.599145000309036, 41.045447999959919],
            [-96.601110000314335, 41.045444000002995],
            [-96.602347000223517, 41.0454469999707],
            [-96.602408000322896, 41.0454469999707],
            [-96.60258900007284, 41.045447999959919],
            [-96.602777000393829, 41.04544899994908],
            [-96.602897000044422, 41.04544899994908],
            [-96.603016999695015, 41.04544899994908],
            [-96.603328000039639, 41.04544999993827],
            [-96.603410000055405, 41.04544999993827],
            [-96.609213999834751, 41.04546799974085],
            [-96.614625999976909, 41.045484000238702],
            [-96.614800999879108, 41.045485000227366],
            [-96.615842999794609, 41.04548800019316],
            [-96.615914999764627, 41.04548800019316],
            [-96.616908999999552, 41.045491000158862],
            [-96.616933000288995, 41.045491000158862],
            [-96.619519000260325, 41.045499000066769],
            [-96.620260999701856, 41.045504000008691],
            [-96.62028900018926, 41.045504000008691],
            [-96.620537999711274, 41.04550599998533],
            [-96.621459999976182, 41.045500000055156],
            [-96.622963000024157, 41.04550599998533],
            [-96.624203000306366, 41.045504000008691],
            [-96.624596999593351, 41.045504000008691],
            [-96.624999000174569, 41.045504999997036],
            [-96.625769999928409, 41.045516999855892],
            [-96.627073999784727, 41.045521999796499],
            [-96.627158000348629, 41.045521999796499],
            [-96.631106999727507, 41.045535000317656],
            [-96.637107000223736, 41.045556000059719],
            [-96.638093000062739, 41.045565999934503],
            [-96.63970499989064, 41.045569999884016],
            [-96.639862000249479, 41.045566999921917],
            [-96.639909000105149, 41.045565999934503],
            [-96.64014799958143, 41.045560000009786],
            [-96.640227999947371, 41.045559000022322],
            [-96.640309999963137, 41.045557000047232],
            [-96.641091999587644, 41.045556000059719],
            [-96.641491999620712, 41.045555000072135],
            [-96.64273100007803, 41.045564999947118],
            [-96.643502999656789, 41.045555000072135],
            [-96.644193000118094, 41.045554000084536],
            [-96.644737000091226, 41.045560000009786],
            [-96.645069000352237, 41.045563999959676],
            [-96.645328999744919, 41.045566999921917],
            [-96.645344999638453, 41.045566999921917],
            [-96.645671000051678, 41.045555000072135],
            [-96.646712999967193, 41.045557000047232],
            [-96.648667000101824, 41.045560999997299],
            [-96.648682999995373, 41.045560999997299],
            [-96.652475999738627, 41.045568999896652],
            [-96.653008999841106, 41.045584999692494],
            [-96.653650999723538, 41.045632999734067],
            [-96.654086999741622, 41.045678999769251],
            [-96.654782000225808, 41.045693000244889],
            [-96.654813000187929, 41.045716999891944],
            [-96.654870999914252, 41.04570400008425],
            [-96.655455000070347, 41.045568999896652],
            [-96.655548999781686, 41.045551000121705],
            [-96.655676000003297, 41.045526999736659],
            [-96.655963999883369, 41.045471999696275],
            [-96.656551000412534, 41.045383999942587],
            [-96.656906000239772, 41.04537100006911],
            [-96.657282999808331, 41.045389999883341],
            [-96.657365999648988, 41.045393999843562],
            [-96.657682999841398, 41.045440000045808],
            [-96.658008000429717, 41.045500000055156],
            [-96.658272000020361, 41.045565999934503],
            [-96.658708000038473, 41.045602000148726],
            [-96.659243999615668, 41.045606000096058],
            [-96.659405999997375, 41.045606000096058],
            [-96.659426000088857, 41.045606000096058],
            [-96.660510999662066, 41.045605000109234],
            [-96.664186000302877, 41.045614999976621],
            [-96.666737000114111, 41.045631999747648],
            [-96.668193000306402, 41.045625999828957],
            [-96.678969999836767, 41.04565300013622],
            [-96.681053999667753, 41.045659000052446],
            [-96.68138900030182, 41.045657000080453],
            [-96.681402999647233, 41.045657000080453],
            [-96.682878999930978, 41.045652000150163],
            [-96.684058000113836, 41.045654000122319],
            [-96.684889999967055, 41.045660000038453],
            [-96.686880000086717, 41.045673999840631],
            [-96.687538999687575, 41.045671999869093],
            [-96.68755399975619, 41.045671999869093],
            [-96.687804999826355, 41.045671999869093],
            [-96.688079000361057, 41.045672999854894],
            [-96.691121000441967, 41.045678999769251],
            [-96.691207999582289, 41.045678999769251],
            [-96.691877000127192, 41.045679999754952],
            [-96.691893000020727, 41.045679999754952],
            [-96.69593799965908, 41.0456829997119],
            [-96.697613000134481, 41.045691000273926],
            [-96.698562999988468, 41.045580999743883],
            [-96.698701999905651, 41.045579999756683],
            [-96.698954999625627, 41.045577999782275],
            [-96.699175999558562, 41.045613999989939],
            [-96.699266999795157, 41.04565000017795],
            [-96.699387000344061, 41.045709999995772],
            [-96.699454000291212, 41.045748000100566],
            [-96.699595999683126, 41.04580799982908],
            [-96.699614999949702, 41.045809999796496],
            [-96.699860999997, 41.045834000078372],
            [-96.700193000258025, 41.045820000310236],
            [-96.70069700004818, 41.045750000069795],
            [-96.701261000112794, 41.04570700004011],
            [-96.701821999804352, 41.045690000288403],
            [-96.705629999616235, 41.04571899986211],
            [-96.710023000307444, 41.045710999981004],
            [-96.715262000197256, 41.045726999742314],
            [-96.716005000362031, 41.045728999712182],
            [-96.716751999826414, 41.045744000161868],
            [-96.717043999904462, 41.045745000146574],
            [-96.717341999830296, 41.045747000115895],
            [-96.717628999885463, 41.045748000100566],
            [-96.718165000360997, 41.045751000054423],
            [-96.719295000140036, 41.045749000085216],
            [-96.719793999907324, 41.045749000085216],
            [-96.721655999980484, 41.045752000039023],
            [-96.725380000126776, 41.045758999930669],
            [-96.728551999904028, 41.045763999852873],
            [-96.730121999899126, 41.045765999821626],
            [-96.7307189995757, 41.045766999805949],
            [-96.732502999831041, 41.045770999743254],
            [-96.732515000424911, 41.045770999743254],
            [-96.733061000047869, 41.045769999758939],
            [-96.734800000097366, 41.045777000326225],
            [-96.736385000161093, 41.045772999711787],
            [-96.736586000002546, 41.045782000247023],
            [-96.737254999649124, 41.045786000183412],
            [-96.738484999885614, 41.045793000071448],
            [-96.739585000425748, 41.045781000262878],
            [-96.740389999616468, 41.045790000119503],
            [-96.74080300006834, 41.045794000055409],
            [-96.741331999972843, 41.04579700000717],
            [-96.741948999740913, 41.0458009999426],
            [-96.742348999773995, 41.045806999845333],
            [-96.7426319996312, 41.045811999763892],
            [-96.743676999919757, 41.045786000183412],
            [-96.74527799987699, 41.045781000262878],
            [-96.748771999869533, 41.045821000293742],
            [-96.748883000197608, 41.045821000293742],
            [-96.754835999939871, 41.045828000178105],
            [-96.754998000321564, 41.045825000227765],
            [-96.755646000051769, 41.045812999747511],
            [-96.755789000166899, 41.045809999796496],
            [-96.755834000372744, 41.04580899981282],
            [-96.755943999977617, 41.045803999894027],
            [-96.756947000433371, 41.045799999958788],
            [-96.757371999682476, 41.045803999894027],
            [-96.757421999911188, 41.045803999894027],
            [-96.757677000179328, 41.045806999845333],
            [-96.758331999582211, 41.045813999731173],
            [-96.759310999748521, 41.045833000095016],
            [-96.760441000425885, 41.045831000128302],
            [-96.761958999644136, 41.045855999707996],
            [-96.763648000363233, 41.045868000180398],
            [-96.764913999686414, 41.045859000334431],
            [-96.766116000333781, 41.045864000248997],
            [-96.767707000245281, 41.045850999792833],
            [-96.770265999554113, 41.045879999973103],
            [-96.771626000385254, 41.045867000197553],
            [-96.773413000115326, 41.045856999691004],
            [-96.774296999847081, 41.045843999910915],
            [-96.774641999628599, 41.045844999894108],
            [-96.77591500042108, 41.045853999741986],
            [-96.776841999810529, 41.045848999826667],
            [-96.776923999826295, 41.045847999843538],
            [-96.77714700030738, 41.045846999860395],
            [-96.777159999827845, 41.045846999860395],
            [-96.778257999819843, 41.045855999707996],
            [-96.781800000391272, 41.045855999707996],
            [-96.783416000417134, 41.04586000031734],
            [-96.784155000383933, 41.045867000197553],
            [-96.786305000337151, 41.045889999798653],
            [-96.788093999717063, 41.045888999816142],
            [-96.788697999964626, 41.045882999920941],
            [-96.790590000175001, 41.045893999728477],
            [-96.791384000393407, 41.045881999938331],
            [-96.793236000420805, 41.045896999675676],
            [-96.793781000218857, 41.045893999728477],
            [-96.793792999914416, 41.045893999728477],
            [-96.794356000154096, 41.045882999920941],
            [-96.795561000276223, 41.04588499988607],
            [-96.795589999690222, 41.04588499988607],
            [-96.795701999843217, 41.04588499988607],
            [-96.795956000286438, 41.045885999868588],
            [-96.795992000271454, 41.045885999868588],
            [-96.796053000370819, 41.045885999868588],
            [-96.796116000120008, 41.045885999868588],
            [-96.796153999754836, 41.045886999851135],
            [-96.796179999694118, 41.045886999851135],
            [-96.796304000440983, 41.045886999851135],
            [-96.80805199974175, 41.045912000087064],
            [-96.808722000111572, 41.045919999943742],
            [-96.809167000350499, 41.045918999961742],
            [-96.81249300011352, 41.04591300006922],
            [-96.812935999804324, 41.045908000158377],
            [-96.813263999867374, 41.045905000211683],
            [-96.814895999786771, 41.045910000122753],
            [-96.814914000228413, 41.045910000122753],
            [-96.815920999983817, 41.04591300006922],
            [-96.818368999862884, 41.045931999726967],
            [-96.820015999850881, 41.045933999690661],
            [-96.821126000436749, 41.045936000331743],
            [-96.824313000282629, 41.045947000130425],
            [-96.82595199987469, 41.045953000019843],
            [-96.826178999655411, 41.045954000001331],
            [-96.826291999633327, 41.045954000001331],
            [-96.828933999681155, 41.045984000117286],
            [-96.832082999892194, 41.045978000230697],
            [-96.833944999965325, 41.04596899972227],
            [-96.833968000429849, 41.04596899972227],
            [-96.834755999902143, 41.04596499979705],
            [-96.837257000382991, 41.045975000287193],
            [-96.839607000352771, 41.045970999684783],
            [-96.841814000207407, 41.045990000003336],
            [-96.843817999672467, 41.045986000079353],
            [-96.846181999885943, 41.045982000155121],
            [-96.846942999594049, 41.045981000174059],
            [-96.848478000327376, 41.045990999984262],
            [-96.84849199967276, 41.04599199996521],
            [-96.848514000312363, 41.045992999946158],
            [-96.848548999574163, 41.045992999946158],
            [-96.849690000122166, 41.046001999773793],
            [-96.851229000155129, 41.046004999716025],
            [-96.851651999754452, 41.046005999696767],
            [-96.852567000346639, 41.046025000005166],
            [-96.852593000285907, 41.046025999985609],
            [-96.852631999745668, 41.046026999966031],
            [-96.852649000362419, 41.046026999966031],
            [-96.852702000065847, 41.046027999946382],
            [-96.852942000265372, 41.046010000296995],
            [-96.853086000205408, 41.045967999741009],
            [-96.853180999741653, 41.045899000317888],
            [-96.853209000229072, 41.045777000326225],
            [-96.855078999799815, 41.045804999877824],
            [-96.860173999749577, 41.045881999938331],
            [-96.86078100037021, 41.045890999781143],
            [-96.86101800019668, 41.045894999710853],
            [-96.861429999925321, 41.045902000264853],
            [-96.865861000251357, 41.046008000335661],
            [-96.866422999767849, 41.046006999677495],
            [-96.866795000211823, 41.046012000258315],
            [-96.867182999651035, 41.046018000141807],
            [-96.867396000086373, 41.045995999888845],
            [-96.867432000071389, 41.04599199996521],
            [-96.867530999805581, 41.046016000180671],
            [-96.868318000351266, 41.046039999709919],
            [-96.870121999799792, 41.046041999670273],
            [-96.87026999993779, 41.046057000048663],
            [-96.870298000425194, 41.046059999988422],
            [-96.870351000128636, 41.046064999887719],
            [-96.870473000327365, 41.046054000108761],
            [-96.871162000065468, 41.046037999749501],
            [-96.87118399980676, 41.046036999769235],
            [-96.871199999700309, 41.046036999769235],
            [-96.87132500027208, 41.046037999749501],
            [-96.87135799988404, 41.046034999808732],
            [-96.871415999610377, 41.046030999887478],
            [-96.871445999747593, 41.046028999926783],
            [-96.87150199982409, 41.046025000005166],
            [-96.871951000260978, 41.045954000001331],
            [-96.872212000376877, 41.045917999979679],
            [-96.872410999670208, 41.045903000247115],
            [-96.872891000069231, 41.045956999945794],
            [-96.87339099966141, 41.045976000268389],
            [-96.873512999860139, 41.045981000174059],
            [-96.874262999697606, 41.04599199996521],
            [-96.875037999649408, 41.046016000180671],
            [-96.875498999781868, 41.045987000060379],
            [-96.875631000026345, 41.045969999703559],
            [-96.875993000424586, 41.045923999871746],
            [-96.876411999825933, 41.045864000248997],
            [-96.876502000237622, 41.045843999910915],
            [-96.876917000339319, 41.045804999877824],
            [-96.877245000402382, 41.045779000294587],
            [-96.877684999720117, 41.045772999711787],
            [-96.877869999668036, 41.045774999680312],
            [-96.878555000106473, 41.04581799966563],
            [-96.878838999788613, 41.045841999944543],
            [-96.878991000124557, 41.045846999860395],
            [-96.879072000315418, 41.045848999826667],
            [-96.879667000342167, 41.045881999938331],
            [-96.881088000374362, 41.045993999927035],
            [-96.881916999854539, 41.046046000268369],
            [-96.882541000193598, 41.046056000068695],
            [-96.886814000335889, 41.046080000260858],
            [-96.886991999712805, 41.046081000240413],
            [-96.889423999698352, 41.046062999928054],
            [-96.889437999942061, 41.046063999907915],
            [-96.889493000193639, 41.046066999847312],
            [-96.891459000023858, 41.046072999725794],
            [-96.891489000161101, 41.046072999725794],
            [-96.893387000219249, 41.046069999786624],
            [-96.898746999584574, 41.046075999664829],
            [-96.900436000303671, 41.046090000056012],
            [-96.90237299982158, 41.046090000056012],
            [-96.903321999850675, 41.046090000056012],
            [-96.903368999706316, 41.046090000056012],
            [-96.904053000319848, 41.046099999849702],
            [-96.90547699982676, 41.046097999891053],
            [-96.90549000024555, 41.046097999891053],
            [-96.90655100042764, 41.046095999932398],
            [-96.906811999645228, 41.046094999953077],
            [-96.906825999888937, 41.046094999953077],
            [-96.908087999912453, 41.046090000056012],
            [-96.908507000212111, 41.04609100003546],
            [-96.908512000234992, 41.048849999929935],
            [-96.908512000234992, 41.048964000158243],
            [-96.90851999973259, 41.053013000287649],
            [-96.90852099955751, 41.053315000225368],
            [-96.90852099955751, 41.053435000053511],
            [-96.908529999778324, 41.057521000314082],
            [-96.908530999603258, 41.060621000317489],
            [-96.9085490000449, 41.067336000058695],
            [-96.90854999986982, 41.067721000112329],
            [-96.90854999986982, 41.068002000228965],
            [-96.90855200041797, 41.071620000235086],
            [-96.908561999565379, 41.07429999977353],
            [-96.908561999565379, 41.074350999860954],
            [-96.908561999565379, 41.074409000138054],
            [-96.908561999565379, 41.074458999915521],
            [-96.908561999565379, 41.074491999896836],
            [-96.908563000288623, 41.074530000306247],
            [-96.908563000288623, 41.074657999777195],
            [-96.908563000288623, 41.074724999744817],
            [-96.908563000288623, 41.07475899981339],
            [-96.908563000288623, 41.074776000179732],
            [-96.908564999938434, 41.075359999776808],
            [-96.908584000205025, 41.079059000262703],
            [-96.908594000250758, 41.089795000338086],
            [-96.908594000250758, 41.090355000265099],
            [-96.908594000250758, 41.090497999783658],
            [-96.90859500007565, 41.092522999850438],
            [-96.90859500007565, 41.092536999833214],
            [-96.90859500007565, 41.092798999831551],
            [-96.90859500007565, 41.093157999889669],
            [-96.908596999725475, 41.09340600032484],
            [-96.908599000273639, 41.093718000263152],
            [-96.908625000212893, 41.097898000094666],
            [-96.908600999923451, 41.098856999865461],
            [-96.908596999725475, 41.099021999955902],
            [-96.908591999702622, 41.099215000138784],
            [-96.908590999877703, 41.099269000067373],
            [-96.908568000311476, 41.0993239997986],
            [-96.908579000182129, 41.099492000280122],
            [-96.908585999854836, 41.099575000178085],
            [-96.908872999910017, 41.104213999689257],
            [-96.908855000366671, 41.105414000085482],
            [-96.908857999841388, 41.11355399984339],
            [-96.908877999932869, 41.114957000219931],
            [-96.90885000034379, 41.117897999855103],
            [-96.908832999727039, 41.118208000051347],
            [-96.908778000373772, 41.118402000250192],
            [-96.908713000076432, 41.118630999806271],
            [-96.908728000145061, 41.120599999741657],
            [-96.908728000145061, 41.120609999708414],
            [-96.908737000365889, 41.121893000337245],
            [-96.908759999932116, 41.125006999956177],
            [-96.908737000365889, 41.128352000312844],
            [-96.908860000389524, 41.133268000211771],
            [-96.908877000107978, 41.135657999736793],
            [-96.908856000191577, 41.136429000016598],
            [-96.908865000412405, 41.143821999839538],
            [-96.908865000412405, 41.144050000138819],
            [-96.90886600023731, 41.144537000013166],
            [-96.908846999970734, 41.147220999833486],
            [-96.908713000076432, 41.147660999702502],
            [-96.908698999832737, 41.147706000260591],
            [-96.908699999657642, 41.147889999966573],
            [-96.908702000205778, 41.148471000288239],
            [-96.90870999970339, 41.150372999827269],
            [-96.90870999970339, 41.15045799981997],
            [-96.908717000274393, 41.155646000329483],
            [-96.908733999992833, 41.162433999830093],
            [-96.908727000320141, 41.168989000257078],
            [-96.908717000274393, 41.169223999857309],
            [-96.908773000350905, 41.173072999917743],
            [-96.908774000175811, 41.17313200031051],
            [-96.908829000427389, 41.176943000035784],
            [-96.908809000335907, 41.17848499966199],
            [-96.908713999901352, 41.185858000023103],
            [-96.908717000274393, 41.18623499992291],
            [-96.908732000343022, 41.187821000018936],
            [-96.908728999969981, 41.188500999746942],
            [-96.908750999711273, 41.188927999798977],
            [-96.908729999794872, 41.189673000179894],
            [-96.908740999665525, 41.190635000067921],
            [-96.908725999596925, 41.191249999934847],
            [-96.908728000145061, 41.191461000306973],
            [-96.908768000328038, 41.194231999885147],
            [-96.908764000130077, 41.195729000026702],
            [-96.908797999566943, 41.19781300021274],
            [-96.908801999764904, 41.198054000011538],
            [-96.908799000290159, 41.198177999853989],
            [-96.908784000221544, 41.198892000154011],
            [-96.908778000373772, 41.199763000259154],
            [-96.908786999696289, 41.200579000289395],
            [-96.908776999650541, 41.201333999704552],
            [-96.908754000084329, 41.202143000297127],
            [-96.908720999574044, 41.205941000177297],
            [-96.908719999749138, 41.206230000089661],
            [-96.908681000289377, 41.207767000307179],
            [-96.908651999977067, 41.208505999932179],
            [-96.908631999885586, 41.20930700015775],
            [-96.908622999664757, 41.210281000240862],
            [-96.908614000342226, 41.210621000231846],
            [-96.908612999619024, 41.210641999916952],
            [-96.908612999619024, 41.210659000236319],
            [-96.908610000144265, 41.210773000117406],
            [-96.908498999816203, 41.215042999697246],
            [-96.908508000037031, 41.215975000222166],
            [-96.908477999899802, 41.216905000142518],
            [-96.908477999899802, 41.217073000217788],
            [-96.908477999899802, 41.217928999917845],
            [-96.908468999678959, 41.218820999788917],
            [-96.908476000249976, 41.219784999740646],
            [-96.908472999876935, 41.220402000092307],
            [-96.908477000074896, 41.222420999858429],
            [-96.908472999876935, 41.223156000217429],
            [-96.908492000143497, 41.223761000119694],
            [-96.908499999641123, 41.224452999698741],
            [-96.908508999861937, 41.224504999976652],
            [-96.908518000082765, 41.224557000213217],
            [-96.908528999953418, 41.224692000101605],
            [-96.908509999686856, 41.225064000183721],
            [-96.908511000410073, 41.22540700021861],
            [-96.90853599962611, 41.227428999946554],
            [-96.90853599962611, 41.227453000079052],
            [-96.908574999984182, 41.230574000267147],
            [-96.908627999687624, 41.234887000010879],
            [-96.9086469999542, 41.23717100004248],
            [-96.908670000418738, 41.238513000154292],
            [-96.908677000091416, 41.238884999958749],
            [-96.908677999916335, 41.239823000219623],
            [-96.908676000266524, 41.240192000144809],
            [-96.908691000335125, 41.241608000153626],
            [-96.908698000007817, 41.241779999742278],
            [-96.908712000251526, 41.242180000129743],
            [-96.908715999551177, 41.242299999971202],
            [-96.90872300012218, 41.243142000159047],
            [-96.908725999596925, 41.243403999791759],
            [-96.908725999596925, 41.243417999995238],
            [-96.908737000365889, 41.244723999705627],
            [-96.908734999817753, 41.245551999987796],
            [-96.908740999665525, 41.245984999777484],
            [-96.908781999673408, 41.249122000154728],
            [-96.908801999764904, 41.249467000107771],
            [-96.908819000381655, 41.250004999750587],
            [-96.908819000381655, 41.25002800012367],
            [-96.908816999833519, 41.250202000334454],
            [-96.908810000160827, 41.251169000273755],
            [-96.908830000252294, 41.251297000318893],
            [-96.90885000034379, 41.252242999756966],
            [-96.908853999643426, 41.252421999867749],
            [-96.90886700006223, 41.253063999902132],
            [-96.908887000153712, 41.253982999683437],
            [-96.908887000153712, 41.255373999853049],
            [-96.908908000070113, 41.255512000083186],
            [-96.908914999742805, 41.255598000206383],
            [-96.908917000290941, 41.25563800006806],
            [-96.908911000443155, 41.256128000099935],
            [-96.908918000115847, 41.256433000172557],
            [-96.908919999765658, 41.256505999812617],
            [-96.909107000261727, 41.26383700006248],
            [-96.909108000086647, 41.263970999818369],
            [-96.909112000284608, 41.26440299971906],
            [-96.909031000093762, 41.26672799966645],
            [-96.909022999697825, 41.267442999777721],
            [-96.90899299956061, 41.267935000324115],
            [-96.908951999552713, 41.268628000120124],
            [-96.908908999895033, 41.271023000016989],
            [-96.908908999895033, 41.271246000110253],
            [-96.908912000268074, 41.272650000011588],
            [-96.908934999834287, 41.273477000223551],
            [-96.908930999636326, 41.273840999684701],
            [-96.90892999981142, 41.273968999858624],
            [-96.908928000161595, 41.274222999692697],
            [-96.908912000268074, 41.275625999846092],
            [-96.908913000092994, 41.275695000204536],
            [-96.908955999750674, 41.277891000251699],
            [-96.908959999948635, 41.278095999683778],
            [-96.90895900012373, 41.278229000060946],
            [-96.908951999552713, 41.278483000195813],
            [-96.90894200040529, 41.278840999887493],
            [-96.90894599970494, 41.280593999888168],
            [-96.908954000100863, 41.281115000113367],
            [-96.90894599970494, 41.281829999947618],
            [-96.908968000344572, 41.285796999982125],
            [-96.908975999842184, 41.287180000036138],
            [-96.908958000298824, 41.289139000306761],
            [-96.908948000253076, 41.290324999943479],
            [-96.908925999613459, 41.292779000017084],
            [-96.908922000313822, 41.293010999732786],
            [-96.90892999981142, 41.293943000132231],
            [-96.908914999742805, 41.294972000200453],
            [-96.908920999590578, 41.295946000165721],
            [-96.908918000115847, 41.296056000256691],
            [-96.908865000412405, 41.297933999929015],
            [-96.908846000145843, 41.299797999930952],
            [-96.908841000122962, 41.300251999684782],
            [-96.908836999925001, 41.300370999980494],
            [-96.908820000206561, 41.300921999880352],
            [-96.908816000008599, 41.301035000111305],
            [-96.908733000167942, 41.307227000312722],
            [-96.908689999611909, 41.309678000101442],
            [-96.908683999764122, 41.310641999772372],
            [-96.908663999672626, 41.311500999775184],
            [-96.908648999604026, 41.312509000134249],
            [-96.908625000212893, 41.314812000327471],
            [-96.908606999771237, 41.315501999837814],
            [-96.908575999809088, 41.318115000295521],
            [-96.908564999938434, 41.319094000057433],
            [-96.90853599962611, 41.320623000164268],
            [-96.908528000128499, 41.321790999829787],
            [-96.908462999831187, 41.322406999784327],
            [-96.90809399976024, 41.325941000240775],
            [-96.908097000133296, 41.325956000048976],
            [-96.908058999600158, 41.330825000181719],
            [-96.908057999775224, 41.330918999746565],
            [-96.908056999950318, 41.331027000155622],
            [-96.908056000125399, 41.331093999888459],
            [-96.908055000300507, 41.331197000249382],
            [-96.908055000300507, 41.331240000044083],
            [-96.908055000300507, 41.33127699970354],
            [-96.908025000163263, 41.335208000202215],
            [-96.908017999592261, 41.336141000084773],
            [-96.908016999767341, 41.336267999828479],
            [-96.908020000140382, 41.33642899994959],
            [-96.908041999881704, 41.336798000255023],
            [-96.908061999973185, 41.337333999965409],
            [-96.908149999836738, 41.338735000044849],
            [-96.908194000217676, 41.339249000281903],
            [-96.908205999913235, 41.339565999762527],
            [-96.908210999936102, 41.339717000268351],
            [-96.908271000210561, 41.340443000103456],
            [-96.908280000431404, 41.340624000209395],
            [-96.908304999647441, 41.341114999733549],
            [-96.908404000279944, 41.342663999955633],
            [-96.908426000021251, 41.343132999853992],
            [-96.908448999587478, 41.3433270000913],
            [-96.9084569999834, 41.344558999691799],
            [-96.908451999960533, 41.344783000119079],
            [-96.908443999564597, 41.345099000170322],
            [-96.908492000143497, 41.348863000179605],
            [-96.908488999770455, 41.349530000212944],
            [-96.908494999618242, 41.349894000122227],
            [-96.908481000272857, 41.350725999786981],
            [-96.908489999595361, 41.351481000248086],
            [-96.908492999968402, 41.352231999912121],
            [-96.908494999618242, 41.35263699999782],
            [-96.908502000189245, 41.353079999693705],
            [-96.908506000387206, 41.353528999826999],
            [-96.908513999884818, 41.354288000153893],
            [-96.908502000189245, 41.355420000336096],
            [-96.908501000364325, 41.355490999858212],
            [-96.908501000364325, 41.355542000331404],
            [-96.908509999686856, 41.356291999700417],
            [-96.908544000022047, 41.356330999903236],
            [-96.908493999793322, 41.35640900023877],
            [-96.908497000166363, 41.356511999674133],
            [-96.90848700012063, 41.356643000010244],
            [-96.90839500005913, 41.35678099982691],
            [-96.908179999973967, 41.357138999902567],
            [-96.908221999806756, 41.357283999706318],
            [-96.908334999784657, 41.357405000299757],
            [-96.908347000378555, 41.357939999692455],
            [-96.908514999709709, 41.3651159998944],
            [-96.908471000227109, 41.367475999997588],
            [-96.908492999968402, 41.368305999855494],
            [-96.908462999831187, 41.368651000056012],
            [-96.908421999823304, 41.368712999933329],
            [-96.908296000324924, 41.368817999677766],
            [-96.908046000079665, 41.36914299967458],
            [-96.908046999904585, 41.369155000325854],
            [-96.908293999776788, 41.375007000012353],
            [-96.908298999799641, 41.376024000333693],
            [-96.908319999716042, 41.379610999724285],
            [-96.908323000089098, 41.380401000280088],
            [-96.908291000302043, 41.382756000109957],
            [-96.908276000233428, 41.384882000089554],
            [-96.908273999685292, 41.385144999700515],
            [-96.908273999685292, 41.385154999692915],
            [-96.908273999685292, 41.385215999815472],
            [-96.908272000035467, 41.385463999845989],
            [-96.908263999639544, 41.38652100024256],
            [-96.908261999989733, 41.386838000026216],
            [-96.908256999966852, 41.389367000334438],
            [-96.908240000248426, 41.390092999728829],
            [-96.908244000446388, 41.391320999920332],
            [-96.908221999806756, 41.393375000234613],
            [-96.908232999677409, 41.394094000248479],
            [-96.907872999827291, 41.394095000312326],
            [-96.906964999806092, 41.394116000301601],
            [-96.905913999669778, 41.394095000312326],
            [-96.905769999729728, 41.394094000248479],
            [-96.905788000171398, 41.397323000186844],
            [-96.905813000285747, 41.403906999845347],
            [-96.905819999958453, 41.40398800014831],
            [-96.905825999806225, 41.40406899967644],
            [-96.905830000004187, 41.404808999882732],
            [-96.905830000004187, 41.404826000184549],
            [-96.905830000004187, 41.404878000287354],
            [-96.905943999807008, 41.410697999860453],
            [-96.905941000332263, 41.411247000122792],
            [-96.90594999965478, 41.411923999916645],
            [-96.905939999609046, 41.412612000329567],
            [-96.905952000202916, 41.413323000249534],
            [-96.905953999852741, 41.414802999715462],
            [-96.905947000180063, 41.415386999850895],
            [-96.905951000378025, 41.415819000319246],
            [-96.905907999821991, 41.415817999916008],
            [-96.905923999715512, 41.416148000102176],
            [-96.905929999563313, 41.416879999760994],
            [-96.905917999867725, 41.418007000229395],
            [-96.905927999913487, 41.418830000020819],
            [-96.905925000438742, 41.420148999887111],
            [-96.905918999692659, 41.42240099991443],
            [-96.905939999609046, 41.423090000116353],
            [-96.905947000180063, 41.423408999947341],
            [-96.905937999959221, 41.428861000265925],
            [-96.905952000202916, 41.429350999886715],
            [-96.905958000050703, 41.429584999912912],
            [-96.90594999965478, 41.430521999842384],
            [-96.905944999631899, 41.430678999783574],
            [-96.905956000400877, 41.431774000234448],
            [-96.905944999631899, 41.433260000302518],
            [-96.905942999982088, 41.43397699986479],
            [-96.905953999852741, 41.43469400026251],
            [-96.905952000202916, 41.434930000104721],
            [-96.90594999965478, 41.43509900008943],
            [-96.905954999677675, 41.435188000051937],
            [-96.905954999677675, 41.435247000148998],
            [-96.905954999677675, 41.43530600019244],
            [-96.905956000400877, 41.435740999770516],
            [-96.905956000400877, 41.436069000226162],
            [-96.90596200024865, 41.436751999697229],
            [-96.905959999700528, 41.437626999790012],
            [-96.905944999631899, 41.437788999707507],
            [-96.905968000096451, 41.441285999947887],
            [-96.905967000271545, 41.442258999862872],
            [-96.905958999875622, 41.44326699999835],
            [-96.905972000294426, 41.446160999783409],
            [-96.905978999967104, 41.447680000215087],
            [-96.905942999982088, 41.451237000269501],
            [-96.905938999784127, 41.451744999960681],
            [-96.90591700004282, 41.451846000185967],
            [-96.905898999601149, 41.451873999967233],
            [-96.905881999882723, 41.451900000041917],
            [-96.905871999836975, 41.451916000289856],
            [-96.90587000018715, 41.451932999707303],
            [-96.905865999989203, 41.452013000193531],
            [-96.905865999989203, 41.452032999794675],
            [-96.905861999791242, 41.453388999981328],
            [-96.896932000265409, 41.453323000095196],
            [-96.896858999572146, 41.453308999845525],
            [-96.896738000096661, 41.453308000019916],
            [-96.896606999677076, 41.453307000194343],
            [-96.896564000019382, 41.453304000044149],
            [-96.896512000140831, 41.453300000068133],
            [-96.896435000147932, 41.45327600020682],
            [-96.89628799983484, 41.453238000071579],
            [-96.896177000405075, 41.453184999810354],
            [-96.896153000115646, 41.453179999999421],
            [-96.896085000343575, 41.453144000137492],
            [-96.895958000121979, 41.453117999888164],
            [-96.895801999588045, 41.453117000059613],
            [-96.895664000394106, 41.453088000312576],
            [-96.895552000241111, 41.453055999717655],
            [-96.895517000081014, 41.453053000229147],
            [-96.895413000323927, 41.453030000106303],
            [-96.895223000353141, 41.453014000133173],
            [-96.894829000167846, 41.453005000314874],
            [-96.894674000357142, 41.453015999793386],
            [-96.894604000036935, 41.453027999773226],
            [-96.894558000006185, 41.453030999936189],
            [-96.894536000264864, 41.453038999921148],
            [-96.894479000363447, 41.453071999680461],
            [-96.894385999578731, 41.453089999970508],
            [-96.89433600024833, 41.45311499972923],
            [-96.894183000087466, 41.453164999891072],
            [-96.894122999813007, 41.453169999703157],
            [-96.894058000413992, 41.453190000294143],
            [-96.893941000238115, 41.453208999705332],
            [-96.893890000184484, 41.453233000264731],
            [-96.893846999628479, 41.453247999684059],
            [-96.893788999902156, 41.453254999815883],
            [-96.893745000419528, 41.453269999903419],
            [-96.893654000182948, 41.453288999964471],
            [-96.893594999733395, 41.453281999836321],
            [-96.893464000212134, 41.453281999836321],
            [-96.893381000371477, 41.453274999707418],
            [-96.89328199973896, 41.453241000224779],
            [-96.893237000431412, 41.453233000264731],
            [-96.893106000011869, 41.453222000149708],
            [-96.893037000414878, 41.453207999878188],
            [-96.892960000421979, 41.453183000155349],
            [-96.892887999553665, 41.453179999999421],
            [-96.892848000268998, 41.45316099990648],
            [-96.892778999773711, 41.453148000123129],
            [-96.892530000251682, 41.453117999888164],
            [-96.892363999672, 41.453106999753643],
            [-96.892219999731964, 41.453113999900687],
            [-96.892125000195719, 41.453113999900687],
            [-96.892045999654698, 41.453136000165493],
            [-96.891987999928375, 41.453144999965637],
            [-96.89192699982901, 41.45314199980794],
            [-96.891860999706765, 41.453121999875407],
            [-96.891684999979674, 41.453096000290557],
            [-96.891505999879527, 41.453092000301666],
            [-96.891193999709984, 41.453097000119378],
            [-96.891016000333082, 41.453082999820921],
            [-96.890787999829129, 41.453078000002137],
            [-96.890689999919829, 41.453082999820921],
            [-96.890658000132788, 41.453094999788377],
            [-96.890642000239268, 41.453116000231105],
            [-96.890637000216387, 41.453155000265745],
            [-96.890646000437215, 41.453182000327807],
            [-96.890680999699015, 41.453218999995585],
            [-96.890689999919829, 41.453238000071579],
            [-96.890657000307868, 41.453243999704597],
            [-96.890608999728983, 41.453239999724879],
            [-96.890530999911178, 41.453222999976639],
            [-96.890478000207722, 41.453184999810354],
            [-96.890479000032641, 41.453231999764711],
            [-96.890455999568104, 41.453238000071579],
            [-96.890391000169103, 41.453229000284338],
            [-96.890319000199071, 41.45321800016864],
            [-96.890212000068942, 41.453211000032823],
            [-96.890103000289002, 41.453215000014325],
            [-96.890058000083172, 41.453226000130535],
            [-96.889929000211737, 41.453273999881333],
            [-96.889719000149441, 41.453338999992148],
            [-96.889663999897863, 41.453369000124958],
            [-96.889509000087173, 41.453362000005434],
            [-96.888452999927978, 41.453227999784204],
            [-96.88740599998961, 41.453094999788377],
            [-96.886711000403722, 41.453021000290207],
            [-96.886373000294924, 41.452984999666796],
            [-96.886327000264174, 41.452979999840451],
            [-96.885846000040232, 41.452928999704611],
            [-96.885794000161695, 41.452924999705473],
            [-96.885685000381756, 41.452915999874811],
            [-96.885672999787886, 41.452915000043149],
            [-96.885646000023684, 41.452912999706534],
            [-96.885601999642745, 41.452910000211411],
            [-96.885280000325807, 41.452886000205801],
            [-96.884778000185463, 41.452859999853061],
            [-96.884457999620025, 41.452821000314309],
            [-96.884425000008051, 41.452817000308514],
            [-96.884389999847954, 41.452814000135646],
            [-96.884231999664209, 41.45279499993552],
            [-96.884197000402409, 41.452790999928119],
            [-96.88415499967131, 41.452786000086817],
            [-96.883503999568063, 41.452590000079724],
            [-96.883393999963204, 41.452557000075203],
            [-96.882962999967972, 41.452537999799794],
            [-96.882504000383676, 41.452271000230887],
            [-96.881652000438962, 41.451872000271827],
            [-96.881011000381463, 41.451744999960681],
            [-96.880982000069139, 41.451739000188979],
            [-96.880952999756829, 41.451732999743456],
            [-96.880901999703212, 41.451722999897378],
            [-96.880659999853876, 41.451674999672278],
            [-96.88027800026245, 41.451606999685296],
            [-96.879988999659147, 41.451555999816577],
            [-96.879869999833431, 41.451535000215436],
            [-96.879059999721534, 41.451411000155694],
            [-96.87878000023737, 41.451356000037002],
            [-96.878755999947927, 41.451351999940876],
            [-96.878345000044177, 41.451271000129175],
            [-96.877895999607304, 41.451181000144906],
            [-96.877341999588438, 41.451041000295334],
            [-96.877180000105056, 41.451041000295334],
            [-96.877140999746985, 41.451041000295334],
            [-96.876903999920529, 41.451039999761505],
            [-96.876886000377183, 41.451038000040334],
            [-96.876815000232071, 41.45103499978525],
            [-96.87673499986613, 41.451030999669271],
            [-96.876550999743102, 41.451022000249161],
            [-96.876061000196643, 41.45094900026811],
            [-96.876036000082308, 41.450944000284849],
            [-96.875684999554693, 41.450874999668557],
            [-96.875308999811054, 41.450801000331168],
            [-96.873952000251293, 41.450517999757317],
            [-96.872265999905252, 41.450150999813097],
            [-96.870217000234334, 41.449878999780765],
            [-96.870201000340828, 41.449877000023854],
            [-96.870139000416529, 41.449869000322238],
            [-96.870094000210699, 41.449862999703747],
            [-96.869346000023071, 41.449871000079391],
            [-96.868756999844095, 41.44988299996772],
            [-96.867386999865545, 41.449872999836479],
            [-96.866411999897196, 41.449786000245773],
            [-96.866287000223707, 41.449775000219567],
            [-96.866206999857781, 41.449767999712215],
            [-96.866176999720551, 41.449765000071672],
            [-96.866156999629055, 41.44976300031125],
            [-96.866102000275802, 41.449758000236571],
            [-96.863942000276822, 41.44950700016755],
            [-96.863664000442483, 41.449475999710756],
            [-96.863600999794969, 41.449468999844477],
            [-96.863341000402286, 41.449440999698467],
            [-96.862840000086848, 41.449385999929603],
            [-96.861989999791973, 41.44931499990188],
            [-96.861581000436374, 41.44922599978586],
            [-96.861541000253411, 41.449217000115354],
            [-96.861151000266062, 41.44913200009821],
            [-96.860424999819742, 41.448965000080733],
            [-96.859619999730711, 41.448697000049364],
            [-96.859548999585598, 41.44865700013063],
            [-96.859455999699179, 41.448638000059582],
            [-96.859013000008389, 41.448431000059124],
            [-96.858859000022619, 41.448358999757787],
            [-96.858799999573066, 41.44833199970833],
            [-96.858708000409877, 41.448288999855819],
            [-96.858552999700876, 41.448262999680594],
            [-96.85853000013465, 41.44825599968344],
            [-96.857564000387129, 41.447968999823011],
            [-96.856790000260233, 41.447509000167067],
            [-96.855777999583637, 41.446554000274965],
            [-96.855238999633386, 41.446045999663944],
            [-96.855175999884196, 41.446007000069017],
            [-96.854648999629489, 41.445674000293963],
            [-96.854296000350416, 41.445451999718969],
            [-96.852958999983798, 41.445178000285402],
            [-96.849403000066999, 41.445132999786111],
            [-96.84931000018058, 41.445124000221227],
            [-96.84842800009865, 41.445042000087696],
            [-96.847913000437842, 41.444927999959873],
            [-96.847639999728045, 41.444975999790003],
            [-96.847426000366127, 41.445013000097802],
            [-96.847390000381111, 41.445018999818167],
            [-96.84737299976436, 41.445032999836819],
            [-96.847290999748594, 41.445447999932135],
            [-96.846538000436396, 41.445486999863057],
            [-96.846449999674547, 41.44550999996676],
            [-96.84637600005469, 41.445529000280459],
            [-96.846269999749481, 41.445538999734524],
            [-96.846215000396214, 41.445544000134355],
            [-96.845991000090237, 41.445524999825047],
            [-96.845950999907274, 41.44552199998833],
            [-96.845919999945139, 41.445519000151478],
            [-96.845584000384463, 41.445489999701401],
            [-96.845477000254334, 41.445477999673912],
            [-96.845165000084805, 41.445442000251496],
            [-96.844749999983094, 41.445395000040236],
            [-96.844258999713418, 41.445287000228127],
            [-96.844226000101457, 41.445265999944532],
            [-96.843749000075505, 41.444959999850596],
            [-96.843268999676454, 41.444810999762119],
            [-96.842733999924164, 41.444799000282437],
            [-96.842671000174974, 41.444798000325726],
            [-96.842220000088275, 41.44478700012715],
            [-96.841782000420352, 41.444678999976446],
            [-96.841753000108042, 41.444672000266003],
            [-96.841308999694036, 41.444821000000211],
            [-96.841158000081293, 41.444903999694802],
            [-96.840912000033995, 41.445040000181699],
            [-96.840835000041096, 41.445083000167436],
            [-96.840331000250956, 41.445264000045441],
            [-96.839902999730455, 41.445418000176545],
            [-96.839737000049098, 41.445477999673912],
            [-96.839378000023899, 41.445565000327974],
            [-96.839150000418272, 41.445619999969253],
            [-96.838922999739239, 41.445675000237223],
            [-96.838769999578361, 41.445712000146429],
            [-96.838193999818174, 41.445849000227042],
            [-96.838049000053218, 41.445884000157044],
            [-96.837654999867922, 41.445917000189148],
            [-96.837628000103749, 41.445908999999283],
            [-96.837403999797758, 41.445840000088097],
            [-96.837385000429492, 41.445833999770336],
            [-96.837341000048568, 41.445820999865468],
            [-96.83713000016138, 41.445756000302168],
            [-96.836453000118851, 41.445627000250802],
            [-96.836424999631447, 41.445621999857366],
            [-96.836301999607798, 41.445621999857366],
            [-96.835685999664662, 41.445623999745429],
            [-96.835656000425743, 41.445627000250802],
            [-96.835634999611031, 41.445629000138709],
            [-96.835526999655997, 41.445636999689768],
            [-96.83542399972383, 41.445669999847496],
            [-96.835244999623697, 41.445726000015561],
            [-96.835073000094553, 41.445723000188138],
            [-96.834776999818544, 41.445692999886319],
            [-96.834755999902143, 41.445700000159995],
            [-96.834704000023621, 41.445697000331371],
            [-96.834478999892724, 41.445621999857366],
            [-96.834411000120653, 41.445598999793368],
            [-96.834002999691663, 41.445643999969484],
            [-96.833756999644351, 41.445697000331371],
            [-96.833570999871526, 41.445583999952248],
            [-96.833437999802129, 41.445502999672584],
            [-96.83329700023512, 41.445323999685208],
            [-96.83325200002929, 41.445265999944532],
            [-96.833206999823446, 41.445210000052832],
            [-96.83288899980613, 41.445039000228647],
            [-96.83284199995046, 41.444956999987753],
            [-96.832835000277754, 41.444943999907174],
            [-96.832827999706765, 41.44493199977871],
            [-96.832802999592417, 41.444890000321635],
            [-96.83278000002619, 41.444850000075967],
            [-96.832737000368468, 41.444776999883814],
            [-96.832670000421331, 41.444701999693159],
            [-96.832650000329849, 41.44467999993504],
            [-96.83259099988031, 41.444614999902065],
            [-96.832575999811681, 41.444603999672516],
            [-96.832534999803784, 41.444575000160206],
            [-96.832441999917393, 41.444489000160367],
            [-96.832422999650802, 41.444475000024333],
            [-96.832366999574305, 41.444436000158483],
            [-96.832357000426882, 41.444428999748432],
            [-96.832313999870863, 41.444398000232169],
            [-96.832271000213154, 41.444323000276789],
            [-96.83220799956564, 41.444277999857917],
            [-96.83176999989773, 41.444167000307438],
            [-96.831658999569655, 41.444135000025632],
            [-96.831278999628054, 41.444024000230542],
            [-96.831170999673034, 41.443992999847353],
            [-96.831065000266122, 41.443969999879371],
            [-96.831049000372602, 41.443966999970762],
            [-96.830588000240141, 41.443870000157858],
            [-96.83057099962339, 41.443862999686743],
            [-96.830439000277224, 41.443813999734694],
            [-96.830372000330073, 41.443788999758667],
            [-96.830281999918398, 41.443755999991076],
            [-96.830271000047759, 41.4437520000997],
            [-96.830143000001229, 41.443649000118917],
            [-96.829881999885316, 41.443407999767047],
            [-96.829840999877433, 41.443369999912072],
            [-96.829819000136126, 41.443359000144817],
            [-96.829562000218175, 41.443233999965251],
            [-96.82932799986645, 41.443202999878096],
            [-96.829077999621191, 41.443187000174838],
            [-96.829049000207192, 41.443186000193236],
            [-96.829019999894868, 41.443184000230033],
            [-96.828573000006131, 41.443190000119507],
            [-96.828425999693039, 41.443185000211678],
            [-96.828266999684388, 41.443176999684916],
            [-96.828167999950182, 41.443173999739656],
            [-96.828069000215976, 41.443171999776077],
            [-96.828008999941531, 41.44316999981244],
            [-96.827592000189995, 41.443110000201081],
            [-96.82757899977122, 41.443105000287076],
            [-96.827532999740441, 41.443088999886257],
            [-96.827237000362757, 41.442982000261061],
            [-96.827176000263393, 41.442959999919786],
            [-96.827112999615892, 41.442937000259015],
            [-96.827038000171129, 41.442911999945096],
            [-96.826971000223978, 41.442895000184059],
            [-96.826910999949519, 41.442837000292378],
            [-96.826793999773656, 41.442725000308371],
            [-96.826090999791873, 41.442469000003918],
            [-96.825130999892124, 41.442196000092103],
            [-96.82378000018015, 41.441555000294144],
            [-96.82292700041053, 41.441327999717387],
            [-96.822902000296196, 41.44132200032918],
            [-96.822879999656564, 41.44131600026703],
            [-96.822436000140868, 41.441198000278476],
            [-96.821956999566737, 41.441052999690498],
            [-96.821753000250553, 41.440991000111168],
            [-96.820573000242803, 41.440651000039821],
            [-96.820451999868965, 41.440615999980899],
            [-96.82041000003619, 41.440603999725418],
            [-96.820343000089025, 41.440584999989888],
            [-96.820142000247571, 41.440527000053805],
            [-96.819260999990561, 41.440231000106827],
            [-96.819228000378601, 41.440219999807525],
            [-96.819187000370704, 41.44020600009727],
            [-96.819151000385702, 41.440193999766031],
            [-96.819117999875417, 41.440183000133842],
            [-96.818472999619956, 41.440067000164717],
            [-96.818405999672805, 41.440054999807778],
            [-96.81837700025882, 41.440050000331766],
            [-96.818361000365286, 41.440047000241996],
            [-96.81832500038027, 41.440040000031843],
            [-96.81821700042525, 41.440021000131189],
            [-96.817880000141344, 41.439961000301892],
            [-96.817392000244709, 41.439874000215291],
            [-96.81716200009096, 41.439833000211401],
            [-96.817054999960831, 41.439814000250095],
            [-96.817039999892216, 41.439811000149412],
            [-96.816310000146245, 41.439681999727462],
            [-96.815488000338775, 41.439609999818963],
            [-96.815202999933419, 41.439585000243632],
            [-96.814891999588795, 41.439610999855674],
            [-96.814795000402725, 41.439619000148632],
            [-96.814654999762325, 41.439630999912758],
            [-96.813642999984069, 41.439718000325179],
            [-96.813400000309812, 41.439740999779964],
            [-96.812262000134851, 41.439827000011597],
            [-96.812199000385661, 41.439834000244673],
            [-96.811074999556084, 41.439962999691048],
            [-96.810943000209917, 41.439989999855953],
            [-96.810805999942559, 41.44001800004002],
            [-96.810780999828197, 41.440023000191871],
            [-96.810753000239103, 41.440027999669908],
            [-96.81068399974383, 41.440042000091985],
            [-96.810313000023058, 41.440117000281333],
            [-96.810249000448962, 41.440135000125309],
            [-96.810204000243118, 41.440147999822464],
            [-96.810128000075125, 41.440168999742177],
            [-96.809507000109107, 41.440342000329345],
            [-96.807943999786701, 41.440780999901108],
            [-96.806634000082596, 41.441227999964894],
            [-96.805298000439237, 41.441724999867887],
            [-96.804422000205093, 41.442047999716557],
            [-96.8030220000893, 41.442522000265591],
            [-96.802336999650876, 41.442753999974066],
            [-96.802235000441925, 41.442790000214423],
            [-96.802133000334678, 41.442825999761368],
            [-96.801913000226662, 41.4429020000862],
            [-96.801548000353677, 41.443029000199992],
            [-96.801458999766893, 41.443066000271209],
            [-96.800925999664415, 41.443288000255556],
            [-96.80039299956195, 41.443509000177137],
            [-96.800051999978422, 41.443651000067845],
            [-96.799179999942226, 41.444012999900742],
            [-96.798505000447847, 41.444312999961937],
            [-96.798184999882395, 41.444454000151275],
            [-96.798073999554305, 41.444504000254675],
            [-96.797916000268884, 41.444610000104028],
            [-96.797820999834329, 41.444674000183333],
            [-96.797778000176606, 41.44467999993504],
            [-96.797707000031494, 41.444671000307281],
            [-96.797629000213703, 41.444649999824314],
            [-96.797554999695535, 41.444652999701347],
            [-96.797527000106442, 41.444662000004932],
            [-96.797516000235788, 41.444678000017831],
            [-96.797511000212936, 41.44471399986417],
            [-96.796890000246918, 41.44462200029205],
            [-96.796798000185404, 41.444579999960943],
            [-96.796566000381802, 41.444507000138465],
            [-96.796146000257224, 41.444300999716781],
            [-96.795953999738302, 41.444298999787939],
            [-96.795861999676802, 41.444281999716871],
            [-96.795615999629504, 41.444171000173235],
            [-96.795297999612174, 41.444092000085057],
            [-96.795002000234504, 41.443973999757262],
            [-96.794573999714004, 41.443856999859506],
            [-96.794538999553893, 41.443906999749537],
            [-96.794189999574456, 41.443975999696114],
            [-96.794125000175441, 41.444013999869611],
            [-96.793905000067397, 41.444058999798166],
            [-96.793818000028764, 41.444106000303769],
            [-96.793607000141563, 41.444170000206789],
            [-96.793427000216511, 41.444259999816346],
            [-96.793223000002001, 41.444310000069187],
            [-96.793116999696807, 41.444319999711169],
            [-96.792411000240293, 41.444315999854553],
            [-96.79219699998005, 41.444300999716781],
            [-96.791976999872006, 41.444345000155955],
            [-96.791786999901205, 41.444359000320077],
            [-96.791695999664611, 41.444379000260668],
            [-96.791313000248294, 41.444387999928885],
            [-96.790581999779093, 41.444347000083425],
            [-96.790551999641878, 41.444354999792488],
            [-96.790515999656876, 41.444415000272848],
            [-96.790473999824073, 41.444421000048493],
            [-96.790325999686047, 41.44441199971142],
            [-96.790268999784644, 41.444422000011016],
            [-96.790175999898239, 41.444405999934993],
            [-96.790017999714493, 41.444378000297441],
            [-96.78997699970661, 41.444370999881137],
            [-96.789328999976405, 41.444357999683149],
            [-96.789163000295062, 41.444354999792488],
            [-96.789026999852609, 41.444386999965786],
            [-96.788873999691731, 41.44439600030632],
            [-96.788631000017489, 41.444521000267578],
            [-96.788078999648448, 41.445064999675758],
            [-96.787979000089322, 41.445197999973558],
            [-96.787762000354348, 41.445353000209472],
            [-96.787646000003406, 41.44546800021044],
            [-96.787302999871727, 41.445664000187378],
            [-96.787148000061038, 41.445730999727601],
            [-96.786992000425414, 41.445775999812163],
            [-96.786992000425414, 41.445812999663723],
            [-96.786956000440412, 41.445848000286517],
            [-96.786895000341033, 41.445891999676661],
            [-96.786710000393114, 41.445956999777088],
            [-96.786557000232236, 41.445977999837048],
            [-96.786363000063474, 41.446047000274845],
            [-96.786005999688086, 41.4461230001939],
            [-96.785810999694419, 41.446190999868833],
            [-96.785716000158189, 41.446246000326163],
            [-96.785477999608503, 41.446261999948518],
            [-96.785142000047827, 41.446330000151157],
            [-96.785111000085692, 41.446354999821509],
            [-96.785050999811233, 41.446454999753456],
            [-96.784998999932697, 41.446491999891236],
            [-96.784783000022642, 41.446539999911117],
            [-96.784610999595174, 41.446596000001627],
            [-96.784454999959578, 41.446649000259235],
            [-96.784368999745851, 41.44680999995046],
            [-96.784331999935915, 41.446843000184948],
            [-96.784076999667803, 41.44692099969312],
            [-96.783633000152093, 41.447109999873511],
            [-96.783411000394253, 41.447274000196664],
            [-96.783161999973913, 41.447398000083687],
            [-96.782968999630071, 41.447568999750906],
            [-96.782761999940817, 41.447652999883097],
            [-96.782725999955829, 41.447688000186623],
            [-96.782633000069396, 41.447712000095279],
            [-96.7826129999779, 41.447809000224787],
            [-96.782582000015765, 41.447834999908594],
            [-96.782549000403804, 41.447846000263731],
            [-96.782464000015011, 41.447811000045434],
            [-96.782355000235043, 41.44780699973073],
            [-96.782226000363622, 41.447898000264615],
            [-96.782024999623857, 41.447920000278359],
            [-96.781894000102596, 41.447964000283413],
            [-96.781766000056081, 41.448030000235072],
            [-96.781588999605773, 41.448152000213845],
            [-96.781411000228843, 41.448204999873703],
            [-96.781311999596326, 41.44825599968344],
            [-96.781157999610542, 41.448266000063889],
            [-96.781068000097164, 41.448310999736925],
            [-96.780683000132697, 41.448406999743142],
            [-96.780570000154796, 41.448454999692935],
            [-96.78031400006175, 41.448499999908222],
            [-96.780113000220311, 41.448554999754911],
            [-96.779781999784205, 41.448586999876838],
            [-96.779173000412058, 41.448559000023508],
            [-96.779068999756674, 41.4485999999008],
            [-96.778704999708594, 41.448651000073333],
            [-96.778545999699944, 41.448729999997433],
            [-96.778441999942856, 41.448750999833209],
            [-96.778427999699161, 41.448751999728998],
            [-96.778262000017804, 41.448795999843192],
            [-96.778198000443709, 41.448786000217737],
            [-96.778072000047018, 41.448794000052857],
            [-96.777978000335693, 41.448834999781695],
            [-96.77782599999972, 41.448903999874425],
            [-96.777403000400412, 41.449057000228215],
            [-96.776929999674081, 41.44923199978998],
            [-96.776555999580253, 41.449279999802727],
            [-96.776471999914676, 41.449308000018227],
            [-96.77598300019315, 41.44937499983552],
            [-96.775908999674982, 41.449408000112058],
            [-96.77574499964345, 41.449427999842968],
            [-96.775449000265752, 41.449506000283399],
            [-96.775250999899029, 41.449541000260623],
            [-96.775044000209803, 41.449623999977206],
            [-96.774980999562302, 41.449744999771319],
            [-96.774903999569418, 41.449791000318285],
            [-96.774808000208267, 41.449878999780765],
            [-96.774619999887278, 41.449900999796036],
            [-96.774526000175939, 41.44985500000039],
            [-96.774340000403114, 41.449867999770326],
            [-96.774304000418098, 41.449927999865821],
            [-96.774305000243004, 41.450074999899066],
            [-96.774244000143625, 41.450104000319726],
            [-96.774153999731951, 41.450104000319726],
            [-96.774126000142871, 41.450004999828586],
            [-96.774100000203589, 41.44998899978264],
            [-96.773901000011975, 41.450003999952102],
            [-96.773721000086923, 41.44992899974352],
            [-96.773619999804566, 41.449987000029125],
            [-96.773562000078243, 41.45004899976626],
            [-96.773429999833766, 41.450118999789275],
            [-96.773397000221806, 41.450128999882537],
            [-96.773054999915047, 41.4500470000146],
            [-96.772864999944247, 41.449932000049806],
            [-96.772632000315753, 41.450014000063106],
            [-96.772421000428551, 41.449992000086148],
            [-96.772268000267673, 41.449855999879219],
            [-96.772166000160425, 41.449827999900236],
            [-96.772039999763734, 41.449797000270109],
            [-96.771735999990113, 41.449839999796531],
            [-96.771258000139227, 41.449860999946296],
            [-96.771043000054064, 41.449955999801638],
            [-96.771010000442118, 41.449948000109806],
            [-96.771002000046195, 41.449910999922977],
            [-96.770964000411368, 41.449895999731993],
            [-96.770663999937398, 41.449905999859695],
            [-96.770207999827804, 41.449826000141755],
            [-96.770111999568343, 41.449831000211141],
            [-96.770013999659042, 41.449867999770326],
            [-96.769847999977699, 41.449842000227903],
            [-96.769725999778956, 41.449789999765137],
            [-96.769544000204093, 41.449793999957578],
            [-96.769489999777406, 41.449861999825025],
            [-96.769382999647277, 41.44989999991796],
            [-96.769227000011682, 41.449898000161653],
            [-96.769083000071618, 41.44985500000039],
            [-96.768812999734891, 41.449860999946296],
            [-96.76868300003855, 41.449876000145352],
            [-96.768595000175011, 41.449921000048306],
            [-96.768346999579563, 41.449952000292512],
            [-96.768237999799624, 41.449982999848579],
            [-96.76811899997395, 41.449976999913908],
            [-96.767918999957388, 41.449876000145352],
            [-96.767745999705028, 41.449838999917453],
            [-96.767421999839939, 41.449816999881151],
            [-96.767268999679075, 41.449765000071672],
            [-96.767102999997704, 41.449782000052828],
            [-96.766986999646747, 41.449756999682954],
            [-96.766713999835275, 41.449736000172756],
            [-96.766440000198884, 41.449737999934058],
            [-96.766297000083767, 41.449690000260119],
            [-96.765973000218665, 41.449682999743644],
            [-96.765897000050686, 41.449656000245184],
            [-96.765799000141385, 41.449552000326499],
            [-96.765606999622449, 41.449475999710756],
            [-96.765547000246315, 41.449473999941432],
            [-96.765456999834626, 41.449531000076661],
            [-96.765259000366228, 41.449566000040399],
            [-96.765173999977407, 41.449531000076661],
            [-96.765075000243215, 41.449439999813244],
            [-96.765019000166703, 41.449422999742524],
            [-96.764770999571269, 41.449449000126151],
            [-96.764594999844178, 41.449419000200486],
            [-96.764306999964106, 41.449408999997772],
            [-96.764067999589486, 41.449485000018669],
            [-96.76373299985373, 41.449490999998787],
            [-96.763389999722065, 41.449408000112058],
            [-96.763188999880597, 41.449378000167421],
            [-96.762495000119657, 41.449337999995215],
            [-96.762201000391784, 41.449491999883222],
            [-96.762105999957228, 41.449502000073188],
            [-96.761783999741951, 41.449430000287045],
            [-96.761462000424999, 41.449454000224641],
            [-96.761406000348487, 41.449446999682657],
            [-96.761351999921828, 41.449413000213703],
            [-96.761002999942349, 41.449403999895814],
            [-96.760896999637154, 41.449443000142146],
            [-96.760673000229488, 41.449469999729203],
            [-96.760545000182958, 41.449514000029737],
            [-96.760258999952683, 41.449543000027887],
            [-96.759863000117576, 41.44953700005253],
            [-96.759705999758722, 41.44958900004476],
            [-96.759287000357389, 41.449606999954646],
            [-96.759181000052195, 41.449661000327723],
            [-96.758989000431555, 41.449671999699923],
            [-96.758864999684675, 41.449703999944226],
            [-96.758721999569545, 41.449709999904144],
            [-96.758134000113813, 41.449822999830566],
            [-96.757703999943502, 41.449844999864837],
            [-96.757318999979034, 41.449838999917453],
            [-96.757175000038984, 41.449870000200796],
            [-96.756995999938852, 41.449819000313241],
            [-96.756876000288244, 41.449816000001725],
            [-96.756698999837923, 41.449788999885335],
            [-96.75593300010695, 41.449798000149826],
            [-96.755692000082533, 41.449744999771319],
            [-96.755201999637748, 41.449738999814642],
            [-96.754888999643313, 41.449711999666206],
            [-96.754850000183566, 41.449694999666704],
            [-96.75478499988624, 41.449595999898094],
            [-96.754748000076333, 41.449573999779382],
            [-96.754644000319246, 41.44952799975183],
            [-96.754409999967507, 41.449484000134127],
            [-96.754360999563701, 41.449409999883422],
            [-96.754316000256196, 41.449401000238431],
            [-96.75425099995887, 41.449437000157594],
            [-96.75424699976088, 41.449544999795087],
            [-96.754214000148934, 41.449606000072031],
            [-96.754174999790877, 41.449633000264583],
            [-96.753943999812194, 41.449619999774271],
            [-96.753429000151371, 41.449625999741905],
            [-96.752948999752348, 41.44959400013245],
            [-96.752820999705847, 41.44960099998525],
            [-96.752803000162501, 41.449625999741905],
            [-96.752772000200338, 41.449633000264583],
            [-96.752280999930662, 41.449623999977206],
            [-96.7522619996641, 41.449654999689997],
            [-96.752194999716949, 41.449667000291562],
            [-96.75207300041653, 41.449671999699923],
            [-96.751921000080557, 41.449654999689997],
            [-96.751649000094005, 41.44968199986215],
            [-96.751546999986743, 41.449726999899674],
            [-96.751382000130306, 41.449743999890785],
            [-96.75123700036535, 41.44978700012561],
            [-96.751218999923708, 41.449808000292578],
            [-96.751079000181605, 41.449832000090339],
            [-96.750347999712417, 41.449811999810642],
            [-96.750115999908815, 41.449738999814642],
            [-96.750001000281088, 41.449733999738108],
            [-96.749893000326068, 41.449731999976734],
            [-96.749715999875733, 41.449755999802605],
            [-96.74964499973062, 41.449758000236571],
            [-96.74958100015651, 41.449732999857453],
            [-96.749546999821348, 41.449725000138073],
            [-96.749511999661237, 41.449721999822266],
            [-96.749366999896282, 41.449721999822266],
            [-96.749260999591073, 41.449733999738108],
            [-96.749118000374253, 41.449737999934058],
            [-96.748976999908933, 41.44971400010153],
            [-96.748940999923931, 41.449714999982525],
            [-96.748634999602174, 41.449759000116899],
            [-96.748421000240242, 41.449776999979619],
            [-96.748385000255226, 41.44977299978612],
            [-96.74817900039092, 41.449731000096051],
            [-96.748080999583308, 41.449766999832036],
            [-96.748046000321523, 41.449770000145811],
            [-96.747938000366489, 41.449765999951886],
            [-96.747472000211175, 41.449766999832036],
            [-96.747149000170992, 41.449752000281151],
            [-96.747042999865769, 41.449738999814642],
            [-96.746898999925733, 41.449735000292129],
            [-96.746828999605526, 41.449744999771319],
            [-96.746756999635494, 41.44974200012971],
            [-96.746722000373722, 41.449748999966545],
            [-96.746687000213626, 41.449749999846993],
            [-96.746658999726208, 41.449735000292129],
            [-96.746645000380823, 41.449709999904144],
            [-96.746625000289342, 41.449686999942685],
            [-96.746571999687575, 41.449651000162255],
            [-96.746502000265693, 41.449589999927682],
            [-96.746472000128463, 41.449576000218961],
            [-96.746175999852454, 41.449478000153363],
            [-96.745995000102496, 41.449390000146956],
            [-96.745765999773639, 41.449313000127589],
            [-96.745282000074951, 41.449078999848901],
            [-96.745096000302127, 41.44899799989247],
            [-96.745061999966936, 41.448991999866763],
            [-96.744989000171998, 41.448986999732661],
            [-96.744830999988253, 41.44892299986757],
            [-96.744698999743761, 41.448879999733421],
            [-96.744591999613647, 41.448877999945722],
            [-96.744531000412593, 41.448850000217924],
            [-96.744333000045884, 41.448785000322431],
            [-96.74411399976276, 41.44869299978928],
            [-96.744047999640514, 41.448671000037656],
            [-96.74394300005855, 41.448656000233321],
            [-96.743910000446576, 41.448644000118037],
            [-96.743790999722577, 41.44858400018169],
            [-96.743757000285697, 41.448579000016139],
            [-96.743683999592449, 41.448580999813061],
            [-96.743614000170567, 41.448571000154523],
            [-96.743307999848824, 41.44849299993664],
            [-96.742926000257398, 41.448416000199352],
            [-96.742864000333114, 41.448389000173613],
            [-96.742660000118619, 41.448337999795129],
            [-96.742466999774777, 41.448266000063889],
            [-96.742418000269282, 41.448225999879419],
            [-96.742383999934091, 41.448217000070187],
            [-96.742311000139154, 41.448216000166163],
            [-96.742280000177018, 41.448206999682199],
            [-96.742197000336347, 41.448153000118864],
            [-96.742137000061888, 41.448124000172783],
            [-96.742034000129721, 41.448097999931448],
            [-96.741998999969624, 41.448094000307734],
            [-96.741926999999606, 41.448092999728452],
            [-96.74189199983951, 41.44808700029234],
            [-96.741860000052455, 41.448075000071803],
            [-96.741741000226767, 41.448015000282595],
            [-96.741715000287499, 41.447996000023537],
            [-96.741672999556386, 41.447952000040132],
            [-96.741644999967306, 41.447935000252862],
            [-96.741523999593468, 41.447876000243419],
            [-96.741422000384546, 41.447848999992999],
            [-96.741316000079337, 41.447833999998629],
            [-96.741280999919226, 41.447835999818551],
            [-96.74121200032225, 41.447853000305123],
            [-96.741141000177137, 41.447862000164839],
            [-96.741069000207119, 41.44786100025533],
            [-96.741035999696834, 41.447851999722126],
            [-96.740973999772578, 41.447824000224898],
            [-96.740909000373549, 41.447801000268171],
            [-96.740806000441395, 41.447776999719089],
            [-96.740699000311281, 41.447764000203563],
            [-96.740669000174037, 41.44775100001204],
            [-96.740645999709514, 41.447729999852577],
            [-96.740613000097539, 41.447720000062823],
            [-96.740506999792331, 41.447704000126699],
            [-96.740433999997407, 41.447705999950585],
            [-96.7403639996772, 41.447697999981308],
            [-96.740297999554954, 41.447673000155028],
            [-96.740271999615686, 41.447656000294593],
            [-96.7402659997679, 41.44762899995262],
            [-96.740229999782898, 41.447583999806554],
            [-96.740201000368899, 41.447504999833733],
            [-96.740184999577053, 41.447481999763923],
            [-96.740153999614904, 41.447468000273631],
            [-96.740119000353133, 41.447460000275008],
            [-96.7400819996449, 41.447460000275008],
            [-96.74004900003294, 41.44745300019121],
            [-96.740019999720602, 41.447437000189254],
            [-96.739888000374435, 41.447393999743511],
            [-96.739709000274303, 41.447390000076389],
            [-96.739674999939126, 41.447399000000381],
            [-96.739602999969094, 41.44740899983956],
            [-96.739572000006959, 41.447400999833675],
            [-96.739549000440732, 41.447379000317298],
            [-96.739521999778248, 41.447361999706473],
            [-96.739453000181271, 41.44734499976456],
            [-96.739418000021175, 41.447343999847078],
            [-96.73927499990603, 41.447360999789261],
            [-96.739238999921028, 41.447359999871985],
            [-96.738921999728618, 41.447311999785384],
            [-96.7388499997586, 41.447310999867405],
            [-96.738814999598503, 41.447317999966515],
            [-96.738781999986529, 41.447317000048571],
            [-96.738689999925029, 41.447273000278045],
            [-96.738657000313069, 41.447262999744552],
            [-96.738586999992862, 41.447252999882821],
            [-96.738532999566189, 41.447217000098505],
            [-96.738500999779134, 41.447206000310032],
            [-96.738432000182158, 41.447191000167052],
            [-96.738336999747602, 41.447151999913615],
            [-96.738236000363599, 41.447125000035214],
            [-96.738200000378583, 41.447123000193422],
            [-96.738056000438519, 41.447132000154397],
            [-96.738022000103342, 41.447141000114179],
            [-96.738000000362021, 41.447091000022773],
            [-96.737971999874617, 41.447074000009849],
            [-96.737939000262671, 41.44706500004083],
            [-96.737901999554424, 41.447066999884406],
            [-96.737867000292653, 41.447062000275309],
            [-96.737833999782353, 41.447049999865186],
            [-96.737800000345487, 41.447042999737164],
            [-96.737690999667223, 41.447044000332639],
            [-96.737656000405451, 41.447039000048406],
            [-96.737588999559989, 41.447020000176892],
            [-96.737361999779253, 41.446938999669861],
            [-96.737206000143658, 41.446872999955097],
            [-96.737103000211505, 41.446847999810927],
            [-96.737073000074261, 41.446833000258493],
            [-96.737031000241473, 41.446788000233695],
            [-96.737001999929149, 41.446773999920339],
            [-96.736929999959116, 41.446758999677435],
            [-96.736898999996981, 41.446747999811365],
            [-96.736883999928381, 41.446725000146508],
            [-96.736873999882633, 41.446698000090471],
            [-96.736849999593176, 41.446678000191298],
            [-96.736818999631041, 41.446663999854209],
            [-96.736708000201276, 41.446654999828326],
            [-96.736692000307755, 41.446640000231262],
            [-96.736697000330622, 41.446608999751213],
            [-96.736683000086913, 41.446584000178682],
            [-96.736662999995431, 41.446561999711925],
            [-96.736607999743853, 41.446523999683947],
            [-96.736575999956798, 41.446515000312004],
            [-96.736540999796716, 41.446513999708316],
            [-96.736392999658705, 41.446530999867967],
            [-96.736325999711553, 41.446529999937958],
            [-96.736307000343288, 41.446508000126258],
            [-96.736293000099593, 41.446480000049007],
            [-96.736268999810136, 41.446459000151535],
            [-96.73623399965004, 41.446458000220403],
            [-96.736200000213159, 41.446451999959741],
            [-96.73617099990085, 41.446435999710928],
            [-96.736145999786501, 41.446415999730988],
            [-96.736071000341738, 41.446322000012174],
            [-96.736038999656373, 41.446320000145619],
            [-96.736001000021545, 41.446326999678291],
            [-96.735969000234491, 41.446322000012174],
            [-96.735949000142995, 41.446299000196312],
            [-96.735918000180845, 41.446249000129406],
            [-96.735894999716322, 41.446229000091883],
            [-96.735728000210059, 41.446126999939118],
            [-96.735585000094915, 41.446125000066559],
            [-96.735513999949816, 41.446114000092955],
            [-96.735419000413557, 41.446076999739624],
            [-96.735176999665924, 41.445960000267064],
            [-96.735113999916734, 41.445934999771097],
            [-96.735077999931718, 41.445930000074775],
            [-96.7350059999617, 41.445927000256788],
            [-96.734937000364724, 41.445913999697225],
            [-96.734877000090279, 41.445884000157044],
            [-96.734769000135245, 41.445883000217002],
            [-96.734738000173095, 41.445870000321996],
            [-96.734711000408922, 41.445851000108163],
            [-96.734680000446787, 41.445838000206692],
            [-96.734646000111596, 41.445830000007042],
            [-96.734503999821371, 41.445808999899192],
            [-96.734472000034316, 41.44579899981337],
            [-96.734446000095048, 41.445782000135296],
            [-96.734374000125015, 41.4457800002521],
            [-96.734267999819821, 41.445763999837567],
            [-96.734195000024883, 41.445765999721246],
            [-96.734173000283562, 41.445749999976584],
            [-96.734175999758307, 41.445721000303124],
            [-96.734145999621077, 41.44571000026108],
            [-96.73410899981117, 41.445702999988477],
            [-96.734072000001234, 41.44570200004565],
            [-96.734015000099816, 41.445735000170316],
            [-96.733981999589545, 41.445742999708301],
            [-96.733851999893204, 41.445697000331371],
            [-96.733609000218962, 41.445648999687847],
            [-96.73353800007385, 41.44564300002574],
            [-96.733502000088848, 41.445646999800566],
            [-96.733468999578562, 41.445642000082046],
            [-96.733451000035203, 41.445618000081062],
            [-96.733424000271029, 41.445600999682185],
            [-96.733332000209529, 41.445558000039725],
            [-96.733164999804956, 41.445509000020955],
            [-96.732958999940635, 41.445463999751269],
            [-96.732833000442241, 41.445411999819697],
            [-96.73279900010705, 41.445403000293517],
            [-96.732657999641745, 41.445380000151893],
            [-96.732521000272726, 41.44534899974321],
            [-96.73235600041626, 41.445293999872234],
            [-96.732296999966721, 41.445264000045441],
            [-96.73220200043049, 41.445183000039677],
            [-96.732092999752226, 41.445113000077924],
            [-96.73177300008507, 41.44493900013449],
            [-96.731576000441578, 41.444840999798409],
            [-96.731203999997604, 41.444655000292649],
            [-96.730940000406946, 41.444515999788919],
            [-96.730861999690831, 41.444458999961334],
            [-96.730803999964522, 41.444390999818019],
            [-96.730690999986606, 41.444286000248923],
            [-96.730555000442493, 41.444127000289399],
            [-96.730444999939323, 41.444021000324426],
            [-96.730238000250083, 41.443871000128865],
            [-96.729972000111303, 41.443651000067845],
            [-96.729818000125505, 41.443555999734365],
            [-96.729635999652331, 41.443426000045015],
            [-96.729474000168935, 41.443319000302104],
            [-96.72939700017605, 41.443263000076875],
            [-96.729332999703615, 41.443165999884947],
            [-96.729143999557721, 41.4430029999371],
            [-96.728843999982075, 41.442769999784083],
            [-96.728253000153288, 41.442375999948311],
            [-96.728233000061792, 41.442353000080551],
            [-96.728202000099657, 41.442341000146321],
            [-96.72813299960437, 41.442325000230539],
            [-96.728094999969528, 41.442325000230539],
            [-96.72806999985518, 41.442312000296063],
            [-96.72803999971795, 41.442260999854632],
            [-96.727920999892262, 41.442160000195621],
            [-96.727885999732166, 41.442113000300736],
            [-96.727663000149406, 41.44197799973989],
            [-96.727606000247988, 41.441907999687658],
            [-96.72758399960837, 41.441888000332298],
            [-96.727521999684086, 41.441861000283637],
            [-96.72745300008711, 41.441798000126489],
            [-96.727395000360801, 41.441729999888217],
            [-96.727341999759034, 41.441629000076176],
            [-96.727324000215702, 41.441606999949606],
            [-96.727113000328501, 41.441502999923607],
            [-96.727059999726734, 41.441468000324186],
            [-96.727029999589504, 41.441417999901624],
            [-96.727011000221253, 41.441394999694324],
            [-96.726962999642353, 41.441354999987809],
            [-96.726859999710186, 41.441279999882369],
            [-96.726611000188157, 41.44112500001831],
            [-96.726349000247339, 41.440939999978347],
            [-96.726134999987096, 41.440796000179155],
            [-96.726035000427984, 41.440684000039617],
            [-96.725926999574639, 41.440575999794191],
            [-96.72578799965747, 41.440451999664859],
            [-96.725602999709537, 41.440323999869349],
            [-96.725432000005313, 41.440224999943815],
            [-96.725094999721421, 41.44007000025362],
            [-96.725005000208057, 41.44002500025249],
            [-96.724955999804251, 41.439986999763356],
            [-96.724919999819235, 41.439983000313092],
            [-96.724816999887068, 41.439958000208009],
            [-96.724638999611827, 41.439824999944818],
            [-96.724625000266442, 41.439800999812654],
            [-96.724550999748288, 41.439619000148632],
            [-96.724534000029848, 41.439595999977115],
            [-96.724469999557442, 41.439530000201081],
            [-96.724323999967567, 41.439411000292417],
            [-96.724166999608727, 41.439299999824456],
            [-96.723984000208958, 41.43921400024135],
            [-96.723866000208176, 41.439153000295711],
            [-96.723729999765737, 41.439064999754223],
            [-96.723671000214509, 41.439034999741359],
            [-96.723568000282341, 41.438959000275148],
            [-96.723481000243694, 41.438911000034771],
            [-96.723314999664041, 41.438861000335898],
            [-96.723195000013447, 41.438802000156784],
            [-96.723138999936936, 41.438765999724403],
            [-96.723124999693241, 41.438743999974101],
            [-96.722924999676692, 41.438682000209141],
            [-96.722762000368391, 41.438626000022964],
            [-96.722702000093932, 41.438597999911771],
            [-96.722631999773739, 41.438533999900841],
            [-96.722604000184646, 41.438517999719878],
            [-96.722532000214642, 41.438508999910972],
            [-96.72250799992517, 41.438493999777762],
            [-96.722488999658609, 41.438471999935267],
            [-96.722353999939386, 41.438432999828798],
            [-96.722262999702806, 41.438389000095029],
            [-96.722199000128697, 41.438365000105222],
            [-96.722091999998568, 41.438346999770317],
            [-96.722060000211528, 41.438336999881379],
            [-96.72203599992207, 41.438319000212168],
            [-96.721996999564013, 41.43827200022919],
            [-96.721897000004887, 41.438193999752556],
            [-96.721820000012002, 41.438102999751351],
            [-96.721794000072734, 41.438085000017239],
            [-96.72170299983614, 41.438042000108375],
            [-96.721469000382712, 41.437915000336538],
            [-96.721306000176114, 41.437855999970893],
            [-96.721246999726574, 41.437827000136785],
            [-96.721224000160348, 41.437808000261654],
            [-96.721156000388277, 41.437710999997257],
            [-96.721090000266045, 41.437646999785038],
            [-96.720992000356759, 41.437566999767824],
            [-96.720975999564899, 41.437544000216008],
            [-96.720968000067316, 41.437516999706951],
            [-96.720916000188765, 41.437446000160463],
            [-96.720862999586998, 41.43741099971993],
            [-96.720768999875673, 41.437370000180437],
            [-96.720667999593346, 41.437341000129173],
            [-96.720422000444344, 41.437303000088818],
            [-96.720357000147033, 41.437279999770048],
            [-96.720203000161248, 41.437208999964291],
            [-96.719978000030338, 41.437125999855759],
            [-96.719799999755125, 41.437034999704082],
            [-96.719674000256731, 41.43693899970917],
            [-96.719663000386078, 41.436921999730338],
            [-96.719613000157352, 41.436881999960654],
            [-96.719545000385295, 41.436868000203816],
            [-96.719485000110851, 41.43683699976944],
            [-96.719378999805627, 41.436820999843597],
            [-96.719316999881343, 41.436820999843597],
            [-96.719337999797744, 41.436741000155131],
            [-96.719331999949972, 41.436712999904138],
            [-96.719315000231532, 41.436691000131404],
            [-96.719240999713364, 41.436688999968041],
            [-96.719208999926309, 41.436678999823684],
            [-96.719147000002039, 41.436652000301663],
            [-96.719081999704713, 41.436586000225596],
            [-96.719053000290714, 41.436571999731491],
            [-96.718948999635316, 41.436555000329946],
            [-96.718770000433494, 41.436550999994772],
            [-96.718738999573034, 41.436536000082455],
            [-96.718705000136168, 41.436538000250593],
            [-96.71859700018112, 41.436563000326203],
            [-96.718565000394065, 41.436563999736336],
            [-96.718546999952409, 41.436510999996493],
            [-96.718510000142501, 41.436465000136309],
            [-96.718461999563587, 41.43642500008503],
            [-96.718473000332565, 41.43639699969772],
            [-96.718409999685065, 41.436374999817879],
            [-96.718324000369648, 41.436326000272985],
            [-96.718093000390965, 41.436252999920264],
            [-96.718064000078655, 41.436236999850458],
            [-96.718013999849944, 41.43619899983721],
            [-96.717978999689848, 41.436196000242838],
            [-96.717909000267952, 41.436210000144634],
            [-96.717876999582586, 41.436201000015679],
            [-96.717813999833396, 41.436174000294869],
            [-96.717787999894142, 41.436152999755905],
            [-96.717790000442278, 41.436130999793356],
            [-96.717813000008491, 41.436107999732741],
            [-96.717827000252186, 41.436083000155342],
            [-96.717818000031357, 41.43605799989485],
            [-96.717787999894142, 41.436018999684755],
            [-96.717720000122071, 41.435997999769121],
            [-96.71768599978688, 41.436003000230741],
            [-96.71765399999984, 41.436017000174111],
            [-96.717633000083438, 41.435999999953836],
            [-96.717560000288501, 41.435903999774972],
            [-96.717536999823963, 41.435882999822184],
            [-96.717509000234884, 41.435866000240246],
            [-96.717489999968308, 41.435844000180417],
            [-96.717478000272735, 41.435817999732734],
            [-96.717455999633117, 41.435796999752107],
            [-96.717308000393416, 41.435719999764984],
            [-96.717279999906012, 41.435700999946484],
            [-96.717279000081106, 41.435678999830742],
            [-96.717340000180471, 41.435647000077658],
            [-96.717341999830296, 41.435620000126342],
            [-96.717315000066108, 41.435607000195709],
            [-96.717239999723049, 41.435599000081673],
            [-96.717168999577936, 41.435506000283077],
            [-96.717172999775897, 41.435478000172786],
            [-96.717156999882363, 41.435459999710694],
            [-96.717120000072455, 41.435453999780023],
            [-96.717054999775115, 41.435430000051866],
            [-96.717026000361116, 41.435413999779129],
            [-96.717002000071673, 41.435393999769438],
            [-96.716957999690749, 41.435320000286197],
            [-96.716982999805083, 41.435274999685461],
            [-96.716945000170256, 41.435269999841296],
            [-96.716918000406082, 41.435251999994946],
            [-96.716904999987307, 41.435224999879374],
            [-96.716949000368231, 41.435201000066492],
            [-96.716846000436064, 41.435171000287966],
            [-96.716814999575604, 41.435157000162079],
            [-96.71680399970495, 41.435131000112676],
            [-96.716781999963644, 41.435107999697706],
            [-96.716749000351683, 41.435107000265091],
            [-96.716716999666318, 41.435116999978149],
            [-96.716699999947878, 41.435094000231651],
            [-96.716691999551955, 41.435064999836946],
            [-96.716706999620584, 41.435040999964912],
            [-96.716690999727035, 41.435015999976564],
            [-96.716657000290184, 41.435010000004851],
            [-96.716626000328048, 41.434999000167544],
            [-96.716569000426631, 41.434968000187432],
            [-96.716546999786999, 41.434946999931803],
            [-96.716530000068573, 41.434921999907246],
            [-96.716503000304385, 41.434907999727649],
            [-96.716431000334367, 41.434897999982333],
            [-96.716402000022043, 41.434882000251996],
            [-96.716364000387216, 41.434835999910817],
            [-96.71633199970185, 41.434822999823147],
            [-96.716306999587488, 41.434804999852851],
            [-96.71628300019637, 41.43475400024667],
            [-96.716278999998408, 41.434726999923953],
            [-96.71628300019637, 41.434698000038708],
            [-96.716279999823314, 41.434674000031031],
            [-96.716246000386434, 41.434662000023835],
            [-96.71621799989903, 41.43464500012211],
            [-96.71614199973105, 41.434585000037195],
            [-96.716114999966862, 41.434569999670593],
            [-96.716079999806766, 41.434577999911454],
            [-96.7160460003699, 41.434569999670593],
            [-96.716026000278418, 41.434547999844938],
            [-96.716053000042592, 41.434534999699601],
            [-96.71612500001261, 41.43451500009256],
            [-96.716147999578823, 41.434493999690332],
            [-96.716151999776784, 41.434466999932944],
            [-96.716082000354916, 41.434463000142522],
            [-96.716021000255537, 41.434434000139326],
            [-96.715812999843081, 41.434285000127751],
            [-96.715781000056026, 41.434274000167584],
            [-96.715744000246104, 41.434274000167584],
            [-96.715714000108875, 41.434286999691707],
            [-96.715692000367568, 41.434309000279264],
            [-96.715663000055244, 41.434325000150892],
            [-96.715627000070256, 41.434327999831737],
            [-96.71559100008524, 41.434320000233555],
            [-96.715565000145958, 41.434302000123758],
            [-96.715550999902263, 41.434275999731881],
            [-96.715556999750049, 41.43425100012238],
            [-96.71557199981865, 41.434224999710082],
            [-96.715579000389667, 41.434198999960849],
            [-96.715580000214572, 41.434172000080764],
            [-96.715569000343919, 41.434111000110683],
            [-96.715456000366018, 41.43404400002234],
            [-96.715422000030827, 41.434035000266547],
            [-96.715385000220905, 41.43403300002128],
            [-96.715357999558421, 41.434019000323431],
            [-96.715338000365236, 41.433996000187875],
            [-96.715323000296635, 41.433969999673479],
            [-96.715304999854965, 41.433917999960336],
            [-96.715294999809231, 41.433865000080296],
            [-96.71527300006791, 41.433845000266821],
            [-96.715237999907814, 41.433835999809943],
            [-96.715131999602605, 41.43382400032133],
            [-96.715063999830534, 41.433843000015756],
            [-96.715035000416535, 41.433828000151131],
            [-96.714899999799016, 41.433792000327237],
            [-96.714774000300622, 41.433740999925156],
            [-96.71458099995678, 41.433618999791129],
            [-96.714519999857401, 41.433591999669794],
            [-96.714416999925248, 41.433565000210663],
            [-96.714386999788033, 41.433550999738387],
            [-96.714363000396901, 41.43353199995849],
            [-96.714319999840882, 41.433487000138676],
            [-96.714293999901599, 41.433468999797896],
            [-96.714261000289653, 41.433457999699442],
            [-96.714200000190274, 41.433428999920764],
            [-96.714010000219474, 41.433305000279695],
            [-96.713923000180841, 41.433258000033412],
            [-96.713822999723405, 41.433180999728251],
            [-96.713761999624055, 41.433151999825824],
            [-96.713651000194261, 41.433082999820101],
            [-96.713630000277874, 41.433062000301589],
            [-96.713596999767603, 41.433013000276183],
            [-96.713507000254225, 41.432929000050336],
            [-96.713248999613057, 41.432705000039185],
            [-96.71319400025979, 41.4326350000877],
            [-96.713164999947466, 41.432618999799509],
            [-96.713091000327623, 41.432560000007726],
            [-96.71297499997668, 41.43249799972358],
            [-96.712847999755056, 41.432447999798889],
            [-96.712799000249589, 41.432407999966081],
            [-96.712714999685687, 41.432357999972062],
            [-96.712685000446754, 41.43230900008875],
            [-96.712511000369489, 41.432213999989692],
            [-96.712404000239374, 41.43214300003045],
            [-96.712364000056397, 41.432097999921211],
            [-96.712338000117114, 41.432078999716076],
            [-96.712277999842669, 41.432049999994852],
            [-96.712111000336407, 41.432000999879016],
            [-96.712075000351405, 41.431996999936679],
            [-96.712003000381372, 41.431996999936679],
            [-96.711933999886085, 41.431982999799686],
            [-96.71179099977094, 41.431978999856241],
            [-96.711508999738641, 41.431938000253083],
            [-96.711445000164545, 41.431913999898413],
            [-96.711343000057298, 41.431886999741359],
            [-96.711219000208743, 41.431831999910585],
            [-96.711165999606976, 41.431796000326742],
            [-96.711124999599079, 41.431753000292481],
            [-96.711044000306543, 41.431630999789753],
            [-96.710696000152012, 41.431158000012054],
            [-96.71049600013545, 41.430901999879701],
            [-96.710476000043982, 41.430849000231277],
            [-96.710460000150434, 41.430826000319577],
            [-96.710435999861005, 41.430806000243322],
            [-96.710274000377609, 41.430698999899008],
            [-96.710205999707227, 41.430681000132189],
            [-96.709949999614196, 41.430582999817432],
            [-96.709681999825591, 41.430505999706924],
            [-96.709419000059881, 41.430418999743317],
            [-96.709230999738892, 41.430339999752761],
            [-96.709005999607982, 41.430205000296652],
            [-96.708972999996035, 41.430194999826902],
            [-96.708937999835939, 41.430190000264922],
            [-96.708865999865907, 41.430190000264922],
            [-96.708834999903772, 41.43017800010233],
            [-96.708783999850127, 41.430138999726992],
            [-96.708689000313896, 41.430101999694685],
            [-96.708492999597013, 41.430035000183153],
            [-96.708424999824942, 41.430017999743171],
            [-96.708353999679829, 41.430010999798462],
            [-96.708247000448011, 41.430017999743171],
            [-96.708174999579683, 41.430010999798462],
            [-96.708037000385744, 41.429981000315387],
            [-96.708006000423609, 41.429969000114163],
            [-96.707982999959057, 41.429948000261852],
            [-96.707951999996922, 41.429934999868799],
            [-96.707852000437796, 41.429904000164392],
            [-96.707734000437043, 41.429844999925621],
            [-96.707659000093955, 41.429786000306827],
            [-96.707627000306914, 41.42977500025777],
            [-96.707320999985157, 41.429696000157094],
            [-96.707223999900776, 41.429661000252295],
            [-96.707166000174453, 41.429629000226562],
            [-96.707119000318798, 41.429586000104024],
            [-96.70709300037953, 41.429569000220049],
            [-96.70706099969415, 41.429559000325817],
            [-96.70695299973913, 41.429541000242914],
            [-96.706934000370865, 41.429521999962894],
            [-96.706926999799848, 41.429492999772954],
            [-96.70690699970838, 41.429474999671761],
            [-96.706869999898444, 41.429468999861442],
            [-96.706837000286498, 41.429475999864579],
            [-96.706750000247865, 41.429524999865684],
            [-96.70671500008774, 41.429531999862832],
            [-96.706679999927644, 41.429530999670824],
            [-96.706611000330682, 41.429513999772446],
            [-96.706580000368547, 41.429499999773562],
            [-96.706552999706062, 41.429481999674259],
            [-96.706535999987608, 41.429456000045967],
            [-96.706505000025473, 41.429453000139993],
            [-96.706468000215537, 41.429460000144857],
            [-96.706432000230535, 41.429458999951798],
            [-96.706397000070453, 41.429451999946785],
            [-96.706367999758129, 41.429436999741064],
            [-96.706341999818846, 41.42941800010415],
            [-96.706310999856711, 41.429404000084553],
            [-96.706274999871695, 41.429401000176178],
            [-96.706241000434829, 41.429408999707],
            [-96.706188999657968, 41.429446000134327],
            [-96.706150000198249, 41.429449000040627],
            [-96.706132999581484, 41.429429999733678],
            [-96.706124000258967, 41.429404000084553],
            [-96.706088000273951, 41.429398000267668],
            [-96.706013999755783, 41.429397000073607],
            [-96.705986999991609, 41.429383000049484],
            [-96.70597600012097, 41.429356000186793],
            [-96.70597600012097, 41.429297000123604],
            [-96.705954000379649, 41.429284999795954],
            [-96.705920999869377, 41.429280999686227],
            [-96.705806000241651, 41.429287000187465],
            [-96.70570900015727, 41.429319999903448],
            [-96.705648999882797, 41.429350999886715],
            [-96.705615000445945, 41.42935900009725],
            [-96.705364000375766, 41.429363000202166],
            [-96.705309999949094, 41.429328000117849],
            [-96.705274999789012, 41.429322999815568],
            [-96.705236000329236, 41.429369000022284],
            [-96.705206000192035, 41.429383000049484],
            [-96.705135999871828, 41.429394999685471],
            [-96.70502799991678, 41.429394999685471],
            [-96.704991999931792, 41.429401000176178],
            [-96.704959000319818, 41.429411000094753],
            [-96.704913000289068, 41.429453000139993],
            [-96.704883000151852, 41.429463000050561],
            [-96.704844999618686, 41.429464000243556],
            [-96.70481100018182, 41.429471000247283],
            [-96.704712000447614, 41.429505000062164],
            [-96.704689999807982, 41.42952399967362],
            [-96.704673000089556, 41.429548999756491],
            [-96.704647000150274, 41.42956699983722],
            [-96.704521999578503, 41.429619999858673],
            [-96.704504999860077, 41.429643999714372],
            [-96.704483000118756, 41.429664000148655],
            [-96.704349000224454, 41.429704000325152],
            [-96.704313000239438, 41.429703000135802],
            [-96.70421100013219, 41.429729999854132],
            [-96.704180000170055, 41.42974399980347],
            [-96.704166999751251, 41.429768999801638],
            [-96.704139999987078, 41.429783999930635],
            [-96.704069999666885, 41.42980000024405],
            [-96.704000000244989, 41.429811000288808],
            [-96.703964000259987, 41.429807999725753],
            [-96.703787999634571, 41.429836999774984],
            [-96.703687000250554, 41.429862999924232],
            [-96.703657000113324, 41.429876999844893],
            [-96.703601999861732, 41.429912999819372],
            [-96.703538000287651, 41.429937000240287],
            [-96.70346700014251, 41.429948999773892],
            [-96.703360999837315, 41.429952000330481],
            [-96.703257999905148, 41.429977999760183],
            [-96.703149999950099, 41.429984000196953],
            [-96.703079999629921, 41.429976000063441],
            [-96.702980000070809, 41.429944999705071],
            [-96.702852999849199, 41.42989300013533],
            [-96.702765999810552, 41.429847000299937],
            [-96.702570999816885, 41.42972699996082],
            [-96.702287999959665, 41.429520000252161],
            [-96.702147000392685, 41.429436000221145],
            [-96.701991999683656, 41.429367999827832],
            [-96.701780999796469, 41.429267000310581],
            [-96.701543999969999, 41.429204000052039],
            [-96.701457999756286, 41.429154000284399],
            [-96.701364999869853, 41.429113999769029],
            [-96.701231999800484, 41.42907299970355],
            [-96.701128000043397, 41.42905599968519],
            [-96.700984000103361, 41.42907299970355],
            [-96.700955999615942, 41.429062000207232],
            [-96.700933000049716, 41.429039000335983],
            [-96.700871999950365, 41.42900899973025],
            [-96.700850000209059, 41.428988999767725],
            [-96.70083500014043, 41.428964000142706],
            [-96.700810999850987, 41.428944000166311],
            [-96.700701000246141, 41.428874999729111],
            [-96.700492999833671, 41.428768999773567],
            [-96.700409000168094, 41.428718000139988],
            [-96.700259000380242, 41.42860199988646],
            [-96.700189999884969, 41.428584999744821],
            [-96.700167000318743, 41.428565999858563],
            [-96.700147000227261, 41.428542000277865],
            [-96.700119999564777, 41.428523999913004],
            [-96.699762000262794, 41.428344000031117],
            [-96.699593000208395, 41.428243999806249],
            [-96.699321000221843, 41.428065000036192],
            [-96.699289000434788, 41.42806200006595],
            [-96.699179999756524, 41.428085999824084],
            [-96.699151000342525, 41.42808500028336],
            [-96.699147000144549, 41.428054999910344],
            [-96.699120000380375, 41.428003999715855],
            [-96.699075999999437, 41.427956000130138],
            [-96.699049000235263, 41.427943000011709],
            [-96.699019999922953, 41.427950000179429],
            [-96.698957000173763, 41.427984000117291],
            [-96.698849000218729, 41.428015000064924],
            [-96.6988190000815, 41.428013999849597],
            [-96.698804000012899, 41.42799499979624],
            [-96.698794999792057, 41.427935000300245],
            [-96.69880200036306, 41.427879999815502],
            [-96.698793999967151, 41.427855999981212],
            [-96.698762000180096, 41.427842000298298],
            [-96.698725000370175, 41.427842999842767],
            [-96.698692999684809, 41.427832999682735],
            [-96.69866400027081, 41.427817000231613],
            [-96.698584999729775, 41.427762000320456],
            [-96.698512999759757, 41.427761000101185],
            [-96.698489000368625, 41.427743000193367],
            [-96.698399999781842, 41.427620000015935],
            [-96.698376000390709, 41.427608000051869],
            [-96.698340000405707, 41.427618000246618],
            [-96.698311999918289, 41.427637999957874],
            [-96.698295000199863, 41.427660000104659],
            [-96.698261999689578, 41.427611000043086],
            [-96.698239000123365, 41.427591000323474],
            [-96.698203999963269, 41.427581999673052],
            [-96.698141000214065, 41.427557000179817],
            [-96.698116999924622, 41.427536000220869],
            [-96.698085999962487, 41.427523000018347],
            [-96.697952000068184, 41.427484000068716],
            [-96.697855999808723, 41.427446999870369],
            [-96.697839000090283, 41.427422999876065],
            [-96.697773999792958, 41.427448000094472],
            [-96.697741000180997, 41.427454000091565],
            [-96.697712999693593, 41.427436000098567],
            [-96.6977000001731, 41.427380999864667],
            [-96.69768699975431, 41.427356000294033],
            [-96.697659999990137, 41.427359999848804],
            [-96.697625999654932, 41.427376000085985],
            [-96.697555000408144, 41.427383000314848],
            [-96.697410999569797, 41.427380999864667],
            [-96.697352000018569, 41.427350000287881],
            [-96.697319000406594, 41.427341000277558],
            [-96.697283000421578, 41.427341000277558],
            [-96.69721200027648, 41.427329000261935],
            [-96.69718299996417, 41.427314999791875],
            [-96.697157999849793, 41.427294999981079],
            [-96.697129000435794, 41.427278999723868],
            [-96.697096999750428, 41.427266999696776],
            [-96.697006000412159, 41.42722200024896],
            [-96.696973999726779, 41.427231999829601],
            [-96.696941000114819, 41.427230000048326],
            [-96.696909000327764, 41.42721600023043],
            [-96.696890000061202, 41.42719299970517],
            [-96.696861999573784, 41.4271770000964],
            [-96.696828000136918, 41.42716699983373],
            [-96.696782000106182, 41.427128999899288],
            [-96.69671000013615, 41.427121000087531],
            [-96.696671999602998, 41.427125999885789],
            [-96.696645999663716, 41.427110999816236],
            [-96.696633999968157, 41.42708399968231],
            [-96.696654000059652, 41.427033000072214],
            [-96.696572999868792, 41.426981000190771],
            [-96.696509000294697, 41.426955000234436],
            [-96.696443000172451, 41.426934000080777],
            [-96.696371000202433, 41.426934000080777],
            [-96.696336000042336, 41.426928000035588],
            [-96.696304000255282, 41.426914999711371],
            [-96.69618899972923, 41.426811999951745],
            [-96.696137999675614, 41.426773999809527],
            [-96.695961000123603, 41.426681000165281],
            [-96.695909000245081, 41.42664499974574],
            [-96.69587400008497, 41.426596999828902],
            [-96.695823000031339, 41.42655900023442],
            [-96.695722999573903, 41.426528000265122],
            [-96.695704000205652, 41.426506999973363],
            [-96.695647000304248, 41.426406000046832],
            [-96.69559200005267, 41.426337000280078],
            [-96.695519000257733, 41.426276999925477],
            [-96.695491999595234, 41.42625999984859],
            [-96.695406000279817, 41.426192999740003],
            [-96.694660999566949, 41.425886999973599],
            [-96.694653999894228, 41.425829999950246],
            [-96.694646000396645, 41.425774000126722],
            [-96.694616000259401, 41.425758999744822],
            [-96.694607000038573, 41.425731000145234],
            [-96.694581000099305, 41.425720000082777],
            [-96.694364000364317, 41.42572399973831],
            [-96.694006000164038, 41.425739000128303],
            [-96.6937430003983, 41.425737999877867],
            [-96.693289999763465, 41.425707999767504],
            [-96.693218999618352, 41.4257159997534],
            [-96.693186000006392, 41.425704999688342],
            [-96.693151999671201, 41.425699999780662],
            [-96.693007999731151, 41.425699999780662],
            [-96.692974000294285, 41.425707999767504],
            [-96.692943000332136, 41.425721999910557],
            [-96.692910999646784, 41.425729999894727],
            [-96.692874999661768, 41.425724999988923],
            [-96.692730999721718, 41.425720000082777],
            [-96.692658999751714, 41.42572399973831],
            [-96.692590999979643, 41.425710000269277],
            [-96.692519000009611, 41.425702000282641],
            [-96.692483000024609, 41.425707000190215],
            [-96.692451000237554, 41.425705999939289],
            [-96.692443999666537, 41.425680000145981],
            [-96.69248700022257, 41.425635000271846],
            [-96.692416000077458, 41.425624999771678],
            [-96.692385999940228, 41.425629000106653],
            [-96.692365000023827, 41.425651999838792],
            [-96.69232999986373, 41.425661000083181],
            [-96.692269999589271, 41.425634000019805],
            [-96.692233999604255, 41.42563299976775],
            [-96.692163000357468, 41.425643999845008],
            [-96.692103999907914, 41.425672999733507],
            [-96.692032999762802, 41.425683000226286],
            [-96.691819000400869, 41.425665999993868],
            [-96.691759000126424, 41.425638999932623],
            [-96.691724999791234, 41.425648999757051],
            [-96.691689999631137, 41.425650000008815],
            [-96.691655000369352, 41.425642000014818],
            [-96.691621000034147, 41.425648000178818],
            [-96.691553000262104, 41.425667999823361],
            [-96.691486000314953, 41.425653000090499],
            [-96.69138000000973, 41.425670000326321],
            [-96.691344000024728, 41.425662999912767],
            [-96.691291000321286, 41.425694000295067],
            [-96.691140999635138, 41.425688999712897],
            [-96.691117000244006, 41.425696000123637],
            [-96.691128000114645, 41.42572399973831],
            [-96.691096000327605, 41.425737000300998],
            [-96.690952000387554, 41.425752000014448],
            [-96.690927000273206, 41.425737000300998],
            [-96.690898999785801, 41.425726000239557],
            [-96.690862999800785, 41.425734000223187],
            [-96.690764999891485, 41.425766000147966],
            [-96.690678999677758, 41.425807000281168],
            [-96.69060900025589, 41.425799000306483],
            [-96.690543999958564, 41.425823000227531],
            [-96.690410000064261, 41.425820000153699],
            [-96.69034300011711, 41.425802999957156],
            [-96.690273999621809, 41.425793000156446],
            [-96.690201999651805, 41.425802999957156],
            [-96.690179000085578, 41.425820999729297],
            [-96.690162000367138, 41.42584599989096],
            [-96.690138000077695, 41.425863000076248],
            [-96.690063999559541, 41.425863000076248],
            [-96.690035999970448, 41.425847999714854],
            [-96.690013000404221, 41.425828999701217],
            [-96.689906000274092, 41.425836999672221],
            [-96.689800999793803, 41.425820999729297],
            [-96.689692999838769, 41.425823999803086],
            [-96.689549999723639, 41.425834999847929],
            [-96.689442999593524, 41.425833000023637],
            [-96.689264000391688, 41.425839999745278],
            [-96.689157000261574, 41.425831999774644],
            [-96.689122000101477, 41.425826000301235],
            [-96.688799999886186, 41.425834000272602],
            [-96.688727999916154, 41.425828999701217],
            [-96.688662999618842, 41.425814000005609],
            [-96.688635999854654, 41.425834000272602],
            [-96.688604999892519, 41.425845000315753],
            [-96.688502999785271, 41.425866000148091],
            [-96.688395999655143, 41.425879000008813],
            [-96.688289000423353, 41.425885000150906],
            [-96.688223000301093, 41.425864000324701],
            [-96.688116000170965, 41.425863000076248],
            [-96.687721999985683, 41.425845000315753],
            [-96.687435999755408, 41.425869000219805],
            [-96.687292999640277, 41.425877000185821],
            [-96.687114000438442, 41.425872000291385],
            [-96.686793000048084, 41.425845000315753],
            [-96.686649000108034, 41.4258509997874],
            [-96.686473000380943, 41.425874000114483],
            [-96.686187000150667, 41.42589900025574],
            [-96.686152999815491, 41.42590700021811],
            [-96.686081999670378, 41.425915000179494],
            [-96.6859770000884, 41.425934000167956],
            [-96.685945000301345, 41.425945000194169],
            [-96.685915999989035, 41.425961999679949],
            [-96.685880000004019, 41.425964000173856],
            [-96.685852000414926, 41.425947000015057],
            [-96.68581899990464, 41.425937999810316],
            [-96.685782999919624, 41.425934000167956],
            [-96.685720999995354, 41.42590700021811],
            [-96.685688000383379, 41.425899999830115],
            [-96.685578999705129, 41.42589900025574],
            [-96.685470999750109, 41.42590700021811],
            [-96.685449000008788, 41.42588800022174],
            [-96.685417000221733, 41.425877999760537],
            [-96.685166000151568, 41.425879000008813],
            [-96.685023000036438, 41.42589000004434],
            [-96.684745000202099, 41.425901000078056],
            [-96.684593999691046, 41.42590700021811],
            [-96.684559000429246, 41.42589900025574],
            [-96.68449499995684, 41.425874000114483],
            [-96.68446200034488, 41.425866000148091],
            [-96.684424999636633, 41.425864999899609],
            [-96.684359000412726, 41.425883000328099],
            [-96.68432300042771, 41.425883999902716],
            [-96.684287000442694, 41.425879000008813],
            [-96.684181000137485, 41.425874999689242],
            [-96.684109999992359, 41.425866000148091],
            [-96.684079000030223, 41.425847999714854],
            [-96.68405200026605, 41.425842999818187],
            [-96.684032000174582, 41.425869000219805],
            [-96.684000000387528, 41.425872999866172],
            [-96.683962999679267, 41.425866999722977],
            [-96.683929000242415, 41.425872000291385],
            [-96.683834999632751, 41.42591299968403],
            [-96.683800000370965, 41.425918000248942],
            [-96.683620000445913, 41.425920000070626],
            [-96.683514000140704, 41.425929999851775],
            [-96.683406000185684, 41.425923000139839],
            [-96.683371000025588, 41.425926999782874],
            [-96.683306999553153, 41.425951999903731],
            [-96.683272000291382, 41.425959000286113],
            [-96.683237000131285, 41.425956999792056],
            [-96.683171000009025, 41.425934999741798],
            [-96.683030000442031, 41.425926000208911],
            [-96.682885999603684, 41.425923000139839],
            [-96.682780000196772, 41.425929999851775],
            [-96.68271300024962, 41.425947000015057],
            [-96.682680999564255, 41.425942000125964],
            [-96.682647000127403, 41.425931000099247],
            [-96.682611000142387, 41.42592499996141],
            [-96.682504000012258, 41.425920000070626],
            [-96.682289999752015, 41.425929999851775],
            [-96.682253999766999, 41.42593700023653],
            [-96.682227999827731, 41.425953999724413],
            [-96.682213999584036, 41.426008000247322],
            [-96.682213999584036, 41.426035999727411],
            [-96.682194000390865, 41.426052000290923],
            [-96.682155999857713, 41.426049000227678],
            [-96.682124000070658, 41.426036999973256],
            [-96.682128000268619, 41.425954999971466],
            [-96.682119999872697, 41.425932999920519],
            [-96.682083000062789, 41.425921000318247],
            [-96.682057000123507, 41.425942000125964],
            [-96.682028999636103, 41.425956999792056],
            [-96.681956999666099, 41.425954999971466],
            [-96.680881000313704, 41.425973999948226],
            [-96.67982900035247, 41.426000999870219],
            [-96.679769000078011, 41.426002000116611],
            [-96.678584999872299, 41.426032000091084],
            [-96.677615999751723, 41.42603800021908],
            [-96.676542000049196, 41.426087999692101],
            [-96.675716999868655, 41.426093999814881],
            [-96.674714000311212, 41.426131000110736],
            [-96.674572999845907, 41.426151999850539],
            [-96.674465999715792, 41.426151999850539],
            [-96.674433000103832, 41.42616299983986],
            [-96.674340000217398, 41.426178999698507],
            [-96.674293000361729, 41.426187000299905],
            [-96.674006000306562, 41.426181000185728],
            [-96.673899000176434, 41.42617099976971],
            [-96.673865999666162, 41.426159000211364],
            [-96.673832000229282, 41.426151999850539],
            [-96.673760000259279, 41.426151000280093],
            [-96.673690999763963, 41.426137999800254],
            [-96.673592999854691, 41.426102999998044],
            [-96.673487000447793, 41.426093999814881],
            [-96.673166000057435, 41.426090999753555],
            [-96.67302299994229, 41.426080999997197],
            [-96.672843999842144, 41.426077999935288],
            [-96.672736999712015, 41.426090999753555],
            [-96.672700999727013, 41.42608899993715],
            [-96.672458000052757, 41.426124999991387],
            [-96.672064999692381, 41.426156999723467],
            [-96.672030000430595, 41.426154999909038],
            [-96.671995000270499, 41.42614800022141],
            [-96.671853999805194, 41.426167000141696],
            [-96.671674999705033, 41.426173999827327],
            [-96.671606000108071, 41.426189000113354],
            [-96.671427999832829, 41.426208000021646],
            [-96.671148000348651, 41.426251999929711],
            [-96.671047000066324, 41.426279999978199],
            [-96.670853999722482, 41.426353000095851],
            [-96.670820000285616, 41.426357999953254],
            [-96.670782999577369, 41.426354999904127],
            [-96.670751999615234, 41.426365999859065],
            [-96.670725999675966, 41.426385999956025],
            [-96.670694999713817, 41.426396999905663],
            [-96.67065700007899, 41.426393000291576],
            [-96.670631999964627, 41.426404999806671],
            [-96.670615000246173, 41.426429999743476],
            [-96.670540999728047, 41.426489999956694],
            [-96.670510999590803, 41.426503999931128],
            [-96.670411999856597, 41.426536999714557],
            [-96.670375999871581, 41.426537999952643],
            [-96.67034400008454, 41.426548999876566],
            [-96.670289999657868, 41.426584999675761],
            [-96.670220000235986, 41.426590000188874],
            [-96.670190000098756, 41.426604999705269],
            [-96.670060000402415, 41.426650000254234],
            [-96.670024000417399, 41.426655000088807],
            [-96.669969999990727, 41.42669000026703],
            [-96.66989999967052, 41.426699999929596],
            [-96.669796999738352, 41.426722999955928],
            [-96.669701000377202, 41.426761000128003],
            [-96.669666000217106, 41.42676499971941],
            [-96.669328000108308, 41.426856000124069],
            [-96.669087999908797, 41.426906000314325],
            [-96.669027999634338, 41.426934000080777],
            [-96.668959999862267, 41.426952999771061],
            [-96.668891000265305, 41.426963000066642],
            [-96.668712000165158, 41.426966000087717],
            [-96.668678999654887, 41.426975000149973],
            [-96.668615999905697, 41.427002999886625],
            [-96.668549999783465, 41.427024000017958],
            [-96.668480000361569, 41.427033000072214],
            [-96.668411999691187, 41.427049999946661],
            [-96.668339999721169, 41.427055999980531],
            [-96.668160999621023, 41.427051999733528],
            [-96.668092000024046, 41.427066999816709],
            [-96.667984000069012, 41.427065000030304],
            [-96.667913999748819, 41.427075000308683],
            [-96.667811999641572, 41.427099999987512],
            [-96.667519999563538, 41.427204000191701],
            [-96.667343999836419, 41.427231000275725],
            [-96.667312000049378, 41.427243000309467],
            [-96.667276999889268, 41.42724900032551],
            [-96.667204999919264, 41.427251000106246],
            [-96.666886000077028, 41.427287999742724],
            [-96.666851999741837, 41.427296999760344],
            [-96.666820999779702, 41.427310000008113],
            [-96.666785999619577, 41.427316000017967],
            [-96.666677999664557, 41.427316000017967],
            [-96.66660700041777, 41.427323000253288],
            [-96.666505000310508, 41.427349000062264],
            [-96.66643300034049, 41.42734600005894],
            [-96.666290000225359, 41.427350999839867],
            [-96.666221999554978, 41.427367000079329],
            [-96.666149999584974, 41.427371000306984],
            [-96.66586699972774, 41.427404000323278],
            [-96.665656999665458, 41.427440000321972],
            [-96.665556000281441, 41.427469000081878],
            [-96.665415999641027, 41.427493000059158],
            [-96.665351000242012, 41.427515999804584],
            [-96.665107999669459, 41.427563000166835],
            [-96.664833000208148, 41.427625999997133],
            [-96.664737999773621, 41.427663000093482],
            [-96.664668000351725, 41.427676000267972],
            [-96.664613000100132, 41.427691000207041],
            [-96.664567000069383, 41.427703000155766],
            [-96.664461999589079, 41.427722999840888],
            [-96.664217000265012, 41.427752999693752],
            [-96.664111999784723, 41.427770000053243],
            [-96.66394299973031, 41.427816000013237],
            [-96.663874000133333, 41.427829000157097],
            [-96.663802000163329, 41.427830999919927],
            [-96.663731000018217, 41.427841000080313],
            [-96.663663000246146, 41.427857999743253],
            [-96.663633000108902, 41.427872000096222],
            [-96.663578999682244, 41.427909000052381],
            [-96.663547999720109, 41.427919000200767],
            [-96.663474999925185, 41.427920999960818],
            [-96.663443999963022, 41.427935000300245],
            [-96.663339000381043, 41.427950999722235],
            [-96.663269999885756, 41.427935999843278],
            [-96.663198999740658, 41.427932000323999],
            [-96.663127999595545, 41.427938999819354],
            [-96.663027000211514, 41.427968000029885],
            [-96.662956999891307, 41.427978999711549],
            [-96.662884999921303, 41.427978999711549],
            [-96.662849999761178, 41.427984000117291],
            [-96.662818999799043, 41.427997000227506],
            [-96.66276299972256, 41.428031999682304],
            [-96.662664999813273, 41.428065000036192],
            [-96.662607999911856, 41.428097999699794],
            [-96.662573999576665, 41.428145000314281],
            [-96.662359000389841, 41.428144000100914],
            [-96.662216000274697, 41.428151999786671],
            [-96.662109999969474, 41.428170000254674],
            [-96.662047000220298, 41.428195000185433],
            [-96.661964000379612, 41.428247999979874],
            [-96.661931999694261, 41.428256000326321],
            [-96.661858999899323, 41.428250999941518],
            [-96.661750999944289, 41.428255000114703],
            [-96.66164499963908, 41.428265999747701],
            [-96.661579000415145, 41.428287999681693],
            [-96.661329000169886, 41.428394999958535],
            [-96.661161999765312, 41.428496999693131],
            [-96.661129999978257, 41.428503999801116],
            [-96.660986000038221, 41.428497999901055],
            [-96.660914999893123, 41.428507999958669],
            [-96.660750000036657, 41.428559999964229],
            [-96.660658999800077, 41.428603000092771],
            [-96.660594000401062, 41.428627000324425],
            [-96.660523000255949, 41.428634999950617],
            [-96.660363000422379, 41.428695999678148],
            [-96.660302000323, 41.428722999815264],
            [-96.660277000208652, 41.428742999859736],
            [-96.660246000246516, 41.428755999817923],
            [-96.660108999979158, 41.428788999803864],
            [-96.660046000229968, 41.42881499969927],
            [-96.659979000282831, 41.4288340001862],
            [-96.659837999817512, 41.42885599992772],
            [-96.659621999907444, 41.428951999753501],
            [-96.659551999587237, 41.428968000271958],
            [-96.659525999647983, 41.428981999712029],
            [-96.659517000325465, 41.42900899973025],
            [-96.659487000188221, 41.42902299983502],
            [-96.659452000028125, 41.429031000085971],
            [-96.659344000073105, 41.429036999936777],
            [-96.6592029996078, 41.429016999982927],
            [-96.658988000420933, 41.429021000108868],
            [-96.658953000260837, 41.42902599976086],
            [-96.65891899992566, 41.429035999737202],
            [-96.658862000024243, 41.429069000254302],
            [-96.65883699990988, 41.429092000114927],
            [-96.658810000145706, 41.429106000201848],
            [-96.658749000046342, 41.429079000224021],
            [-96.658641000091322, 41.429079000224021],
            [-96.658569999946195, 41.429069000254302],
            [-96.658426999831079, 41.429065000131281],
            [-96.658208000446265, 41.429089000192135],
            [-96.658176999585805, 41.429096999761462],
            [-96.658168000263302, 41.429116999690656],
            [-96.658179000133956, 41.429147000246545],
            [-96.658152000369768, 41.429161999845711],
            [-96.658116000384766, 41.42916599996272],
            [-96.658008000429717, 41.429161999845711],
            [-96.65783099997941, 41.429182999952268],
            [-96.657723999849296, 41.429180000033682],
            [-96.657690000412401, 41.429171000277087],
            [-96.657657999727036, 41.429157000204185],
            [-96.657637999635568, 41.429133000168463],
            [-96.657611999696286, 41.429122000008817],
            [-96.657578000259406, 41.429123999731807],
            [-96.657468999581155, 41.429144000326239],
            [-96.657393000311473, 41.429148999968774],
            [-96.657363999999177, 41.42915799972841],
            [-96.657352000303604, 41.429181999754888],
            [-96.657347000280723, 41.429211000083804],
            [-96.657324999641119, 41.429230999977889],
            [-96.657288999656103, 41.429235000090692],
            [-96.657256000044143, 41.429223999948334],
            [-96.657220999884032, 41.429219000311583],
            [-96.657114999578823, 41.429232999697582],
            [-96.656973000186923, 41.42924500003484],
            [-96.656938000026813, 41.429238000006741],
            [-96.656902999866716, 41.429239000203253],
            [-96.65686799970662, 41.429246000231196],
            [-96.656795999736602, 41.429250999865857],
            [-96.656729999614356, 41.429232999697582],
            [-96.656621999659336, 41.429232999697582],
            [-96.65655200023744, 41.429242000119125],
            [-96.656487999765034, 41.429267999833108],
            [-96.656388000205908, 41.429294999732335],
            [-96.656353000045812, 41.429298999841201],
            [-96.656209000105775, 41.429294999732335],
            [-96.656101999975647, 41.429302999949819],
            [-96.655999000043479, 41.429325000205971],
            [-96.655896999936218, 41.429352000081501],
            [-96.655800999676757, 41.429388999867754],
            [-96.655732999904714, 41.429405000278464],
            [-96.655660999934682, 41.429408000186655],
            [-96.655626999599491, 41.429414000002659],
            [-96.655597000360572, 41.429429999733678],
            [-96.655577000269091, 41.429453000139993],
            [-96.65552600021546, 41.42948800015693],
            [-96.655496000078244, 41.429502999677354],
            [-96.655474000336923, 41.429524999865684],
            [-96.65543499997888, 41.429597999702494],
            [-96.655433000329054, 41.429625000138024],
            [-96.655440999826666, 41.429760000126691],
            [-96.655460999918134, 41.429782999742564],
            [-96.655459000268309, 41.42980899991344],
            [-96.655415999712304, 41.429969000114163],
            [-96.655398000168944, 41.429992000329527],
            [-96.655385999575074, 41.430016000047708],
            [-96.655378000077462, 41.430069999886321],
            [-96.655359999635792, 41.430094000249198],
            [-96.655354999612939, 41.430120000295581],
            [-96.655393000146077, 41.430226000065893],
            [-96.655390999597955, 41.430252000059347],
            [-96.655373000054595, 41.430273999993894],
            [-96.655320000351125, 41.43031300028813],
            [-96.655258000426869, 41.430339000246754],
            [-96.655112999763588, 41.43037600014403],
            [-96.655051999664224, 41.430399000215154],
            [-96.655048000364587, 41.430428000000433],
            [-96.655034999945784, 41.4304499998753],
            [-96.655003000158757, 41.430463000165268],
            [-96.654864000241574, 41.43049599995701],
            [-96.6548039999671, 41.430523000019072],
            [-96.65466199967689, 41.430540000326765],
            [-96.654598000102794, 41.430565000018447],
            [-96.654526999957667, 41.430565000018447],
            [-96.654361000276324, 41.430616999723462],
            [-96.654304000374921, 41.43064799976095],
            [-96.654164999559427, 41.430674000258918],
            [-96.654101999810237, 41.43070000007296],
            [-96.653960000418337, 41.430720000181871],
            [-96.653851999564978, 41.430717000334305],
            [-96.653818000128098, 41.430720000181871],
            [-96.653787000165963, 41.43073399991772],
            [-96.653644999875738, 41.430751000170169],
            [-96.653578999753506, 41.43077100026337],
            [-96.653458000277993, 41.430827999990129],
            [-96.653430999615509, 41.430846999887883],
            [-96.653418999919921, 41.430896999698696],
            [-96.653315000162863, 41.430920000258766],
            [-96.653218999903402, 41.430956999824879],
            [-96.65289699968811, 41.431127000218105],
            [-96.652828000091148, 41.431143000200521],
            [-96.652499000203179, 41.431249999813026],
            [-96.652361000110915, 41.431337000010032],
            [-96.652339000369594, 41.431358000086568],
            [-96.652272000422442, 41.431483000241187],
            [-96.652252000330975, 41.431534999884363],
            [-96.652223000018651, 41.431583000191566],
            [-96.652167999767073, 41.431652999930456],
            [-96.652145000200846, 41.431672999745814],
            [-96.652086999576213, 41.431706000269493],
            [-96.652067000383042, 41.431727000226651],
            [-96.652033000047851, 41.431831999910585],
            [-96.651992000039982, 41.431908000313491],
            [-96.651971999948472, 41.431929000205308],
            [-96.651848000099918, 41.431985000108121],
            [-96.651752999665376, 41.432021999740748],
            [-96.651703000334962, 41.432069999687855],
            [-96.651562999694562, 41.432180000246547],
            [-96.65152300040991, 41.432225000298942],
            [-96.651462000310545, 41.432252999791935],
            [-96.651212000065271, 41.432447000325325],
            [-96.650980000261697, 41.432574000020232],
            [-96.650929000208066, 41.432612000135215],
            [-96.650786000092936, 41.432732999998692],
            [-96.650770000199415, 41.432784999987604],
            [-96.650740000062171, 41.432796000200092],
            [-96.650591999924174, 41.432820000228681],
            [-96.650559000312228, 41.432829000152928],
            [-96.650536999672596, 41.432844999715805],
            [-96.650530999824809, 41.432901000175427],
            [-96.650515999756195, 41.432926000304853],
            [-96.650475999573217, 41.432970999840123],
            [-96.650439999588201, 41.43297599986137],
            [-96.650415000372163, 41.432993999665356],
            [-96.650371999816159, 41.43303799968902],
            [-96.650340000029104, 41.433047000256551],
            [-96.650304000044088, 41.433051000134171],
            [-96.650271000432127, 41.433062999765696],
            [-96.650237000096936, 41.433110000153199],
            [-96.650167999601649, 41.433121999773817],
            [-96.650134000164783, 41.433132999929192],
            [-96.650104999852459, 41.433147999954429],
            [-96.650082000286247, 41.433169000118561],
            [-96.650064999669482, 41.433193000009247],
            [-96.650056000346964, 41.4332200002966],
            [-96.65003000040771, 41.43323400016677],
            [-96.649960000087503, 41.433249000168651],
            [-96.649748000375396, 41.433280999756967],
            [-96.649642000070187, 41.433293000019411],
            [-96.649605000260266, 41.433290000290754],
            [-96.649577999597767, 41.433300000283779],
            [-96.649560999879327, 41.433325000259551],
            [-96.649529000092286, 41.433336999840414],
            [-96.649458999772079, 41.433351999818491],
            [-96.649389000350197, 41.433360999668977],
            [-96.649351999641965, 41.433357999943453],
            [-96.649317000380179, 41.433360999668977],
            [-96.649182999587552, 41.433400000129119],
            [-96.649159000196434, 41.4334200000797],
            [-96.649117000363631, 41.433466000077367],
            [-96.649088999876227, 41.433473000323069],
            [-96.649000000187769, 41.433423999934398],
            [-96.648965000027673, 41.433427000330369],
            [-96.64889499970748, 41.433442000287663],
            [-96.648733000224084, 41.433498000232206],
            [-96.64867499959945, 41.43353199995849],
            [-96.648653999683049, 41.433552999998454],
            [-96.648648999660182, 41.433580000136061],
            [-96.648602999629432, 41.433621000049101],
            [-96.648590000108939, 41.433645999901287],
            [-96.648591999758764, 41.433674000128356],
            [-96.648574000215433, 41.433695000122384],
            [-96.648499999697265, 41.43375599980984],
            [-96.64846799991021, 41.433764000151072],
            [-96.648323000145254, 41.433771999817779],
            [-96.648253999649953, 41.433782999863013],
            [-96.648204000319566, 41.43382400032133],
            [-96.648174000182337, 41.433838000061279],
            [-96.64813900002224, 41.433841999890177],
            [-96.648102000212333, 41.433839000186886],
            [-96.648067000052208, 41.433840999764627],
            [-96.648038999564818, 41.433857999876913],
            [-96.648005999952844, 41.433867000330686],
            [-96.647722000270718, 41.433916999835908],
            [-96.647626000011272, 41.433944999946071],
            [-96.647606999744681, 41.433998999883912],
            [-96.647576999607452, 41.434009999890733],
            [-96.647436999865377, 41.434041000328378],
            [-96.647293999750246, 41.434053999899156],
            [-96.647159999855944, 41.434090000251238],
            [-96.647124999695819, 41.434092999942941],
            [-96.647098999756565, 41.434111000110683],
            [-96.647085000411167, 41.434136999895166],
            [-96.647088999710803, 41.434167000151575],
            [-96.647082999863031, 41.434190999673277],
            [-96.647010000068107, 41.434203999887508],
            [-96.646984000128839, 41.434215999979379],
            [-96.646985999778664, 41.434271999929734],
            [-96.646965999687168, 41.434294999967456],
            [-96.646953999991609, 41.434373999859432],
            [-96.646928000052327, 41.434391999949206],
            [-96.64689399971715, 41.434406999683496],
            [-96.64686000028027, 41.434416000061198],
            [-96.646814000249535, 41.434382000124451],
            [-96.646778000264518, 41.434381000007171],
            [-96.646706000294486, 41.434390999832132],
            [-96.646675000332351, 41.434406999683496],
            [-96.646652999692719, 41.434428000113819],
            [-96.646629000301601, 41.434478999976186],
            [-96.646604000187239, 41.434498000152331],
            [-96.646507999927763, 41.434534000258175],
            [-96.646398000322918, 41.434548999959645],
            [-96.646367000360783, 41.434558000317658],
            [-96.646349999744032, 41.434609000077835],
            [-96.646321000330019, 41.434623999761932],
            [-96.646194000108409, 41.434659999797937],
            [-96.646153999925431, 41.434671999805452],
            [-96.646096000199122, 41.434704000039254],
            [-96.64602599987893, 41.434714999926555],
            [-96.64591600027407, 41.434784000217974],
            [-96.645898999657319, 41.434807000074279],
            [-96.645887999786666, 41.434833000253448],
            [-96.645866000045345, 41.434857000202399],
            [-96.645836999733035, 41.434857000202399],
            [-96.645804000121075, 41.434841999898609],
            [-96.645767000311153, 41.434839000241524],
            [-96.645733999800868, 41.434846999775743],
            [-96.645691999968079, 41.434891999999721],
            [-96.64556899994443, 41.434945999823235],
            [-96.645544999654987, 41.434967000079226],
            [-96.645508999669985, 41.435013000327515],
            [-96.645406999562724, 41.435042000072023],
            [-96.645372000300938, 41.435046999933753],
            [-96.645337000140856, 41.435046999933753],
            [-96.645281000064344, 41.435080000089151],
            [-96.645209000094326, 41.435080000089151],
            [-96.644966000420069, 41.435115999872252],
            [-96.644932000084893, 41.435113000227837],
            [-96.644897999749702, 41.435102999840623],
            [-96.644861999764686, 41.43509900008943],
            [-96.644825999779684, 41.435100000195597],
            [-96.64479200034279, 41.435112000121819],
            [-96.644759999657452, 41.435108999803738],
            [-96.644695000258437, 41.435082999735101],
            [-96.644659000273421, 41.435076000336551],
            [-96.644623000288405, 41.435075000229972],
            [-96.644573000059694, 41.435109999909791],
            [-96.644536000249758, 41.435111000015795],
            [-96.644505000287623, 41.435097999983206],
            [-96.644476999800204, 41.435080000089151],
            [-96.644445000013178, 41.435069999696914],
            [-96.644408000203242, 41.435070999803571],
            [-96.644341000256091, 41.435090999912788],
            [-96.644271999760804, 41.435102999840623],
            [-96.644234999950882, 41.435100000195597],
            [-96.644207000361789, 41.435114000333783],
            [-96.644161000331039, 41.435158999699176],
            [-96.644132999843634, 41.435167999972613],
            [-96.644097999683538, 41.4351580002674],
            [-96.644061999698522, 41.435160999909741],
            [-96.643998000124427, 41.435185999842247],
            [-96.643972000185144, 41.43520399970685],
            [-96.643954999568393, 41.435228000192097],
            [-96.643926999979314, 41.435247000148998],
            [-96.643894000367354, 41.435248999683331],
            [-96.643861999681988, 41.435235000247744],
            [-96.643830999719825, 41.435227000087856],
            [-96.643800999582623, 41.435243999837155],
            [-96.643762000122862, 41.435290999992411],
            [-96.643732999810553, 41.435301999780236],
            [-96.643696000000631, 41.4353050000894],
            [-96.643633000251455, 41.435333000274319],
            [-96.643599999741156, 41.435340000318682],
            [-96.643562999931234, 41.435339000216175],
            [-96.643528999596043, 41.435331000069105],
            [-96.643495999984083, 41.435316999977722],
            [-96.643465000021948, 41.435324000023769],
            [-96.643444000105546, 41.435346999688768],
            [-96.643433000234893, 41.435403000010297],
            [-96.643412000318492, 41.435419000285691],
            [-96.643268000378455, 41.43544600032061],
            [-96.643233000218359, 41.435447999848805],
            [-96.643162000073247, 41.435430000051866],
            [-96.643136000133993, 41.435443000017962],
            [-96.643115000217577, 41.435468999942387],
            [-96.643084000255442, 41.43548099980034],
            [-96.64304700044552, 41.435484000101226],
            [-96.643017000308291, 41.435473999771233],
            [-96.642991000369037, 41.435452999679264],
            [-96.642960000406887, 41.43544099981613],
            [-96.642921999873735, 41.435430000051866],
            [-96.642861999599276, 41.435413999779129],
            [-96.64280899989582, 41.435487999828744],
            [-96.642784999606391, 41.435506999709546],
            [-96.642724000405323, 41.435529999983181],
            [-96.642479000182959, 41.435585000048093],
            [-96.64208499999765, 41.435716000051769],
            [-96.641587000055267, 41.435867000334646],
            [-96.640326999681562, 41.436182999754088],
            [-96.640150999954471, 41.436207999966435],
            [-96.639899999884307, 41.436227000309948],
            [-96.639648999814142, 41.436221999865595],
            [-96.639505999699011, 41.436227999725254],
            [-96.639473000087051, 41.436241000205001],
            [-96.63943799992694, 41.436242000293618],
            [-96.639299000009771, 41.436213999827352],
            [-96.639087000297678, 41.436186000022481],
            [-96.638837000052419, 41.436169999936155],
            [-96.638549999997238, 41.436174000294869],
            [-96.638483000050073, 41.436194000064212],
            [-96.638447999889991, 41.43619899983721],
            [-96.637908999939725, 41.43618700011195],
            [-96.637828999573784, 41.436189000290788],
            [-96.637729999839578, 41.436176999890257],
            [-96.637487000165336, 41.436128000195843],
            [-96.637344000050206, 41.436122000326982],
            [-96.637240000293133, 41.436100999771192],
            [-96.637169000148035, 41.436092000300604],
            [-96.636954000062872, 41.436089000027863],
            [-96.636774999962711, 41.436093999808939],
            [-96.636667999832596, 41.436077000282268],
            [-96.636601999710365, 41.436056999803398],
            [-96.636575999771097, 41.43604000026702],
            [-96.636533000113388, 41.435995000165462],
            [-96.636396999670964, 41.435905999962586],
            [-96.636308999807412, 41.435860999768124],
            [-96.636242999685166, 41.435840999896165],
            [-96.636102999943077, 41.435812999930391],
            [-96.636031999797979, 41.435804999841743],
            [-96.635998000361099, 41.43579500023462],
            [-96.635646000008592, 41.435657999805144],
            [-96.635624000267285, 41.43563500025035],
            [-96.635564999817731, 41.435619000028197],
            [-96.635440999969163, 41.435563999992098],
            [-96.635383000242854, 41.43553200018227],
            [-96.635338000036995, 41.435491000129318],
            [-96.635188000249187, 41.43530600019244],
            [-96.635112999906113, 41.435183000201064],
            [-96.634994000080425, 41.435017000084052],
            [-96.634881000102524, 41.434880000032877],
            [-96.634818000353334, 41.434814000175365],
            [-96.634768999949543, 41.434776000002451],
            [-96.634682999735816, 41.434729000147776],
            [-96.634430000015811, 41.434623000321928],
            [-96.63430100014439, 41.434575999682927],
            [-96.634207000433051, 41.43453699992935],
            [-96.634120000394432, 41.434487999670367],
            [-96.634041999678303, 41.434433000022899],
            [-96.634034000180691, 41.434406000240088],
            [-96.634019999936996, 41.434382000124451],
            [-96.633999999845514, 41.434364000031849],
            [-96.63322800026674, 41.434377000211448],
            [-96.632938999663438, 41.43438300024166],
            [-96.632882999586926, 41.434383999685416],
            [-96.631512999608361, 41.434408999917189],
            [-96.625303999773081, 41.43451500009256],
            [-96.617894999838541, 41.434406000240088],
            [-96.61698000014465, 41.434391999949206],
            [-96.616828999633597, 41.434389999714988],
            [-96.615677000113237, 41.434373999859432],
            [-96.615566999610081, 41.434371000180718],
            [-96.6154050001267, 41.434366999710875],
            [-96.613156000439247, 41.434310999842538],
            [-96.612675000215305, 41.434222000024477],
            [-96.612439000213769, 41.434130999842203],
            [-96.61242300032022, 41.434124999788686],
            [-96.612399000030791, 41.434116000044128],
            [-96.612193999991362, 41.434036999838199],
            [-96.612173000074975, 41.43402800008144],
            [-96.611592000291921, 41.433772999944388],
            [-96.611183999862931, 41.433588999954942],
            [-96.611147000052995, 41.433571999772205],
            [-96.61103999992288, 41.433524999719197],
            [-96.610782000180009, 41.433442000287663],
            [-96.610732999776218, 41.433426000198381],
            [-96.610716999882698, 41.43342100021178],
            [-96.610398000040462, 41.433317999997925],
            [-96.610381000322022, 41.43331599973061],
            [-96.609638999982181, 41.433229000165383],
            [-96.609208999811869, 41.433199000148903],
            [-96.609049999803219, 41.433188000004705],
            [-96.608619999632907, 41.433119000037244],
            [-96.608587000020947, 41.433114000026954],
            [-96.608556000058798, 41.43310900001633],
            [-96.608494000134527, 41.433098999993923],
            [-96.607986000146397, 41.433081000219047],
            [-96.607833999810424, 41.433076000205887],
            [-96.607781000107011, 41.433073999931075],
            [-96.606667000221478, 41.43328199989115],
            [-96.606631000236462, 41.433289000156698],
            [-96.606566999764041, 41.433300999744212],
            [-96.606533000327175, 41.433306999873892],
            [-96.606520999733277, 41.433309000141485],
            [-96.606365999922588, 41.433337999973773],
            [-96.605734000085903, 41.433571000315943],
            [-96.605414000418776, 41.433872999734604],
            [-96.60527399977839, 41.434006000072138],
            [-96.604963000332077, 41.434223000144208],
            [-96.604704999690895, 41.434459999794427],
            [-96.604460000366828, 41.434487999670367],
            [-96.604277999893625, 41.434487999670367],
            [-96.60414999984711, 41.434487999670367],
            [-96.604031999846356, 41.434552000303619],
            [-96.6039790001429, 41.434672999918241],
            [-96.603829000355063, 41.434729000147776],
            [-96.603764999882642, 41.434720999925524],
            [-96.603483999675262, 41.434736999695552],
            [-96.603347000306215, 41.434744999915829],
            [-96.603154999787293, 41.434671999805452],
            [-96.602963000166653, 41.434583999923035],
            [-96.602801999609866, 41.434454999887478],
            [-96.602523999775514, 41.434309000279264],
            [-96.602409999972707, 41.43431400019751],
            [-96.602280000276366, 41.43435900011751],
            [-96.601987000373398, 41.434401999772469],
            [-96.601794999854462, 41.434360999679193],
            [-96.601455999920745, 41.434288999929151],
            [-96.601378000102955, 41.434292999730246],
            [-96.601356000361648, 41.434294999967456],
            [-96.601240999835596, 41.434303999687202],
            [-96.600239999927979, 41.43437999988987],
            [-96.599786000366521, 41.43438700003702],
            [-96.599389999633104, 41.434378999772612],
            [-96.598876999622121, 41.434385999919819],
            [-96.598428000083544, 41.434410000034035],
            [-96.596566000010398, 41.434383999685416],
            [-96.595945999869301, 41.43435900011751],
            [-96.595346999644576, 41.434357999999868],
            [-96.594790999975885, 41.434301000005249],
            [-96.594246000177847, 41.434259999848223],
            [-96.593636000082483, 41.434226999949374],
            [-96.592235000141784, 41.43416100010139],
            [-96.591924999622066, 41.434145000189382],
            [-96.591560999574, 41.434129000273444],
            [-96.591080000248382, 41.434072000077727],
            [-96.589197000258821, 41.434012000136654],
            [-96.587893000402516, 41.433921999784289],
            [-96.586417000118743, 41.433863999955108],
            [-96.583795999987316, 41.433787999821718],
            [-96.583358000319379, 41.433819999817835],
            [-96.582565999750841, 41.433892000088136],
            [-96.581132000198167, 41.43414799987854],
            [-96.581093999665015, 41.434153999929926],
            [-96.579966000434112, 41.434339999900672],
            [-96.57928199982058, 41.434371000180718],
            [-96.578843000327765, 41.434395000300427],
            [-96.578275999890096, 41.434281000326116],
            [-96.577806000435146, 41.43418400017849],
            [-96.577685000061308, 41.43416100010139],
            [-96.577335000256937, 41.434095000186353],
            [-96.577074999965944, 41.434048999960943],
            [-96.576917999607105, 41.434022000018416],
            [-96.57614799967817, 41.433964000278571],
            [-96.575592000009493, 41.433939999999453],
            [-96.573709999844851, 41.43369600025018],
            [-96.572950999786556, 41.433606000133231],
            [-96.571132000269444, 41.433451000125672],
            [-96.570350999571545, 41.433426000198381],
            [-96.56995100043676, 41.433371000324527],
            [-96.569861999849991, 41.433285999754339],
            [-96.569716000260115, 41.433278000027748],
            [-96.569537000159983, 41.433280000296229],
            [-96.569431999679679, 41.433305000279695],
            [-96.569398000242799, 41.433304000145874],
            [-96.569298999610297, 41.433269000165758],
            [-96.569264000348497, 41.433265999762476],
            [-96.569069000354844, 41.433285999754339],
            [-96.569035999844544, 41.433284000159553],
            [-96.569009000080371, 41.433276999893458],
            [-96.568988999988889, 41.433261999898043],
            [-96.56897700029333, 41.433240000302639],
            [-96.568953999828793, 41.433091000244232],
            [-96.568939999585083, 41.433067999779858],
            [-96.568917000018871, 41.433052000271942],
            [-96.568859000292548, 41.433024999914714],
            [-96.568789999797261, 41.433004999842431],
            [-96.568772000253915, 41.433002000100458],
            [-96.568702999758614, 41.432989999784162],
            [-96.56867699981936, 41.432985999902783],
            [-96.568661999750745, 41.432984999763988],
            [-96.568628000313879, 41.432983000159922],
            [-96.568530000404579, 41.432948000006732],
            [-96.568373999870659, 41.432888999840458],
            [-96.56407399996418, 41.431313000106684],
            [-96.563637000121176, 41.431152999850774],
            [-96.563141999653539, 41.431054000080039],
            [-96.562698999962748, 41.430966000007409],
            [-96.56234499996043, 41.430877000317793],
            [-96.561896000421854, 41.43070000007296],
            [-96.561446999984966, 41.430489000063801],
            [-96.561200999937668, 41.43042500013938],
            [-96.560944999844637, 41.430407999801517],
            [-96.560485000435392, 41.430432000039438],
            [-96.560216999748491, 41.430358999793391],
            [-96.559907999952003, 41.430205000296652],
            [-96.559575999690978, 41.430083999762346],
            [-96.559384000070352, 41.430060000069254],
            [-96.559169999810123, 41.429947000076304],
            [-96.559143999870841, 41.429880999917842],
            [-96.559064000403211, 41.429681000007754],
            [-96.559050000159516, 41.429623999947516],
            [-96.559009999976539, 41.429464000243556],
            [-96.558946000402457, 41.429333999941207],
            [-96.558866000036502, 41.429287999709686],
            [-96.558793000241579, 41.429246000231196],
            [-96.55849699996557, 41.429076999826044],
            [-96.55748799966203, 41.42850099985116],
            [-96.557463000445992, 41.428487000307321],
            [-96.557296000041404, 41.428390999793969],
            [-96.557152000101368, 41.428309000070954],
            [-96.556849000152653, 41.428129000266551],
            [-96.556828000236251, 41.428116000182769],
            [-96.556808999969689, 41.42810499985081],
            [-96.555321999815263, 41.42722200024896],
            [-96.554905000063741, 41.426981000190771],
            [-96.55164000040007, 41.425095000023141],
            [-96.550448999623342, 41.424406999811545],
            [-96.550406999790553, 41.424383000040699],
            [-96.550354999912003, 41.424352999977877],
            [-96.550320999576812, 41.424332999928296],
            [-96.54958900018103, 41.423909999996425],
            [-96.549522000233878, 41.423860000193358],
            [-96.549226999782789, 41.423640999942421],
            [-96.549040000185045, 41.423547000241705],
            [-96.549019000268643, 41.423540999883571],
            [-96.548863999559629, 41.423466999687022],
            [-96.54885199986407, 41.423460999995093],
            [-96.54883400032071, 41.423452000119369],
            [-96.548671000114084, 41.423374000021347],
            [-96.54822199967721, 41.423213000118587],
            [-96.54806199984364, 41.423172999984615],
            [-96.548046999775025, 41.423169000171939],
            [-96.54779499987994, 41.423104999767673],
            [-96.547645000092118, 41.42306700015034],
            [-96.547113999639478, 41.423005999849543],
            [-96.547092999723077, 41.423003999938111],
            [-96.547077999654462, 41.423002000026571],
            [-96.547062999585847, 41.423000000115024],
            [-96.54686500011745, 41.422977000117079],
            [-96.546404999809894, 41.422888000253437],
            [-96.546019999845427, 41.42281500028183],
            [-96.545634999880974, 41.422660999731043],
            [-96.544888000416563, 41.422337999729677],
            [-96.544428000109022, 41.422063000078531],
            [-96.544064999885862, 41.42184500013996],
            [-96.543606000301551, 41.421514000292554],
            [-96.541416999990247, 41.420020000134166],
            [-96.540478000006928, 41.419470999917699],
            [-96.540156999616556, 41.419261000142818],
            [-96.539922000338223, 41.41914000009568],
            [-96.539355999725487, 41.41892999992411],
            [-96.538886000270523, 41.418800000087145],
            [-96.536641999707626, 41.41787800026372],
            [-96.534932999795359, 41.417101999711264],
            [-96.53410000011722, 41.416697999830447],
            [-96.533352999754513, 41.416325999992416],
            [-96.532263000158437, 41.415745000081166],
            [-96.531697000443998, 41.415421000303795],
            [-96.531021000226389, 41.414999000000215],
            [-96.530779000377066, 41.414847999685314],
            [-96.530021000143691, 41.414362999864217],
            [-96.529551999615308, 41.414032000283932],
            [-96.528566999601225, 41.413396999878408],
            [-96.52848899978342, 41.413347000065563],
            [-96.528479999562592, 41.413341000112375],
            [-96.528467000042113, 41.413332999949368],
            [-96.52839699972192, 41.413288000277333],
            [-96.528272999873352, 41.413207999885145],
            [-96.527447999692825, 41.412676000295249],
            [-96.52648500031836, 41.412111000030258],
            [-96.525505000327144, 41.411537000061386],
            [-96.52437800002285, 41.410936000299657],
            [-96.524356000281529, 41.410923999947379],
            [-96.523776000323394, 41.410615000218414],
            [-96.522963999663332, 41.410131000274866],
            [-96.522002999938707, 41.409693999914829],
            [-96.521767999762062, 41.409652999714787],
            [-96.521617999974239, 41.409597000089924],
            [-96.521597000057838, 41.409452000331726],
            [-96.521490999752629, 41.409347000165361],
            [-96.521299000132004, 41.409257999814493],
            [-96.521000000381264, 41.408806000064359],
            [-96.520574000408914, 41.408459000288268],
            [-96.52029599967625, 41.408257000060274],
            [-96.519976000009109, 41.408079000292723],
            [-96.519677000258355, 41.407958000301015],
            [-96.519431000211057, 41.407837000083966],
            [-96.518758000366518, 41.407610000182508],
            [-96.518715999635404, 41.407595000321358],
            [-96.517102999982598, 41.407027000066336],
            [-96.516642999675057, 41.406897999855012],
            [-96.516173000220093, 41.406759999893836],
            [-96.515746000422837, 41.406638000269979],
            [-96.515254000328227, 41.406540999925049],
            [-96.514250000047582, 41.40629700029951],
            [-96.513737000036585, 41.406174999806289],
            [-96.513289000322928, 41.406022000106518],
            [-96.511173999631481, 41.405179999750935],
            [-96.510628999833443, 41.404993999796652],
            [-96.510372999740397, 41.404855999834304],
            [-96.510259999762511, 41.404786000180792],
            [-96.510073999989658, 41.404671000201233],
            [-96.509801000178172, 41.404457000125326],
            [-96.50975400032253, 41.404420000283167],
            [-96.509509000100138, 41.404218000299984],
            [-96.509201000128556, 41.403783999666445],
            [-96.509131999633269, 41.403663999678415],
            [-96.509099000021308, 41.403606999690638],
            [-96.509083000127788, 41.403578999973909],
            [-96.509052000165639, 41.403523999749112],
            [-96.509037000097024, 41.403496999915809],
            [-96.508997999738966, 41.403428000066114],
            [-96.508872000240586, 41.40321499986289],
            [-96.508663000003224, 41.402859999769454],
            [-96.508317000396815, 41.40227500028135],
            [-96.507636000156339, 41.401024999760153],
            [-96.507324999811701, 41.400394000115512],
            [-96.507147000434784, 41.400033000275016],
            [-96.506827999694252, 41.399508999785162],
            [-96.506670000408818, 41.399198999689872],
            [-96.506665000385951, 41.399188999836092],
            [-96.506544000012127, 41.398951000166242],
            [-96.506522000270806, 41.3989239997806],
            [-96.506511000400153, 41.398910999915344],
            [-96.506478999714801, 41.39887300029433],
            [-96.505049000360074, 41.397161999728091],
            [-96.504806999612441, 41.397009999715856],
            [-96.504467999678724, 41.396797000040543],
            [-96.504238000423271, 41.396620999927634],
            [-96.503906000162246, 41.396506999676781],
            [-96.503661999764788, 41.396441999928953],
            [-96.503558000007715, 41.396384999671554],
            [-96.503446999679639, 41.396373000001127],
            [-96.503393999976169, 41.396366999828153],
            [-96.502364999581147, 41.396256999928063],
            [-96.502319000448708, 41.396251999775046],
            [-96.502224999839072, 41.396239000049228],
            [-96.501750000361227, 41.396167999842049],
            [-96.501731999919556, 41.396169999905908],
            [-96.50042100039056, 41.395984999804682],
            [-96.500303000389778, 41.395967999885549],
            [-96.500023999832194, 41.395828000223695],
            [-96.499755000218713, 41.395764999873123],
            [-96.499421000307848, 41.395460000329109],
            [-96.49882799993091, 41.394986999913463],
            [-96.498418999677, 41.394747000248337],
            [-96.496561999626721, 41.394158000259793],
            [-96.495929999790064, 41.394031000238982],
            [-96.495662000001445, 41.394023999784885],
            [-96.495319999694686, 41.394057999961703],
            [-96.494861000110376, 41.394189000179416],
            [-96.49417900004498, 41.394553999686721],
            [-96.493753999897564, 41.394941999664702],
            [-96.493543000010348, 41.3953139999768],
            [-96.493320000427602, 41.395539999663079],
            [-96.492633000339339, 41.396631000176576],
            [-96.49231799979674, 41.397292999754903],
            [-96.492212000389856, 41.397454999901299],
            [-96.492072999574376, 41.397487000281807],
            [-96.492007000350426, 41.397469000069719],
            [-96.491958999771541, 41.397455999913433],
            [-96.491901000045232, 41.397440999729923],
            [-96.491804999785771, 41.397416000090139],
            [-96.491609999792104, 41.39716699981112],
            [-96.49139200023221, 41.396741000117594],
            [-96.491331000132845, 41.396638999700727],
            [-96.491321999912017, 41.396625000027413],
            [-96.49109099993332, 41.396246000264782],
            [-96.490931000099749, 41.395981999700325],
            [-96.49087099982529, 41.395884000259372],
            [-96.490838000213344, 41.395830000297977],
            [-96.490587999968085, 41.395378000134713],
            [-96.490444999852954, 41.395118000280632],
            [-96.490382999928656, 41.395005000139008],
            [-96.490069000109301, 41.394683000143083],
            [-96.490003999811989, 41.394698000289253],
            [-96.489693000365676, 41.39444199997093],
            [-96.489325999944555, 41.394178000166157],
            [-96.488842000245882, 41.3938739999817],
            [-96.488617000114985, 41.39377800019561],
            [-96.488377999740393, 41.393535999965195],
            [-96.488156999807444, 41.393304999670661],
            [-96.48759299974283, 41.393298999888351],
            [-96.487093999975542, 41.393294000181683],
            [-96.487052999967673, 41.393294000181683],
            [-96.485898000074258, 41.393283000016979],
            [-96.48583199995204, 41.393281999940641],
            [-96.484974000159553, 41.39329999996442],
            [-96.484903000014427, 41.39329999996442],
            [-96.484439000407264, 41.39329999996442],
            [-96.484020000107591, 41.393303000192567],
            [-96.483266000072192, 41.39330699982257],
            [-96.481091999829502, 41.393321000210527],
            [-96.481077999585793, 41.393321000210527],
            [-96.481044999973832, 41.393321000210527],
            [-96.478705999874705, 41.393307999898525],
            [-96.477882000417409, 41.393295000257844],
            [-96.476914999946672, 41.393293000105515],
            [-96.474262999853096, 41.393292000029334],
            [-96.474215000172535, 41.393292000029334],
            [-96.474185999860197, 41.393292000029334],
            [-96.473535999581856, 41.393287999724478],
            [-96.472553000115923, 41.393269999697324],
            [-96.471569999751637, 41.393251999665246],
            [-96.470905000303006, 41.393236999859312],
            [-96.470720000355072, 41.393239000013359],
            [-96.470670000126361, 41.393239000013359],
            [-96.470624999920531, 41.393239000013359],
            [-96.470310000276257, 41.393241000167293],
            [-96.470138999673722, 41.393242000244264],
            [-96.470024000045981, 41.39324300032122],
            [-96.469998999931633, 41.39324300032122],
            [-96.469955000449019, 41.39324300032122],
            [-96.467257000324693, 41.393278999711526],
            [-96.467242000256078, 41.393278999711526],
            [-96.467229999662209, 41.393278999711526],
            [-96.467145000171698, 41.393279999787914],
            [-96.465755000101666, 41.393297999812297],
            [-96.464846000255548, 41.393304999670661],
            [-96.464810000270532, 41.393304999670661],
            [-96.464791999828876, 41.393304999670661],
            [-96.464160999817096, 41.393310000050384],
            [-96.464015000227249, 41.393311000126303],
            [-96.463877000134985, 41.393311000126303],
            [-96.457721999828038, 41.393308999974465],
            [-96.45548999985904, 41.393297999812297],
            [-96.455264999728129, 41.39330699982257],
            [-96.454750000067335, 41.393301000040474],
            [-96.453874999658098, 41.393305999746602],
            [-96.451841999880727, 41.39331300027802],
            [-96.450989999936027, 41.393310000050384],
            [-96.449616999584421, 41.393304999670661],
            [-96.44945400027612, 41.393304000268586],
            [-96.446279999950733, 41.393292000029334],
            [-96.446175000368754, 41.393292000029334],
            [-96.445940000192095, 41.393295000257844],
            [-96.44579899972679, 41.393296999736179],
            [-96.445486999557261, 41.393301000040474],
            [-96.445392999845922, 41.393302000116527],
            [-96.445175000286042, 41.393304999670661],
            [-96.445156000019466, 41.393312000202144],
            [-96.444880999659844, 41.393308999974465],
            [-96.444822000108616, 41.393310000050384],
            [-96.444478000152031, 41.393301000040474],
            [-96.444465999558162, 41.393301000040474],
            [-96.444452000212763, 41.393301000040474],
            [-96.444345999907554, 41.393297999812297],
            [-96.443632999880037, 41.393278000309046],
            [-96.442744000125401, 41.393254999895596],
            [-96.4425829995686, 41.393251000262346],
            [-96.44251999981941, 41.393249000108668],
            [-96.442442000001606, 41.393246999954975],
            [-96.442361999635665, 41.393244999801169],
            [-96.442246000183033, 41.393242000244264],
            [-96.441966999625464, 41.393234000302037],
            [-96.441566999592368, 41.393224000204427],
            [-96.440276999979758, 41.39319000026525],
            [-96.434332999560027, 41.393214000105225],
            [-96.42537399972187, 41.393170000054901],
            [-96.425361000201406, 41.393171000132966],
            [-96.423730000106929, 41.393171000132966],
            [-96.423670999657389, 41.393171000132966],
            [-96.423657000312005, 41.393171000132966],
            [-96.412057000250925, 41.393173000289046],
            [-96.412043000007216, 41.393173000289046],
            [-96.410262000124931, 41.393173000289046],
            [-96.410180999934084, 41.393172000211017],
            [-96.409656000227528, 41.393170000054901],
            [-96.409592999580028, 41.393170000054901],
            [-96.409086000315128, 41.393167999898779],
            [-96.408570999756009, 41.39316599974255],
            [-96.406216999588267, 41.393181000238776],
            [-96.406190999648985, 41.393181000238776],
            [-96.39768700009553, 41.393178000005008],
            [-96.395323999706946, 41.393175999849078],
            [-96.395305000338681, 41.393175999849078],
            [-96.393519000433514, 41.39317399969314],
            [-96.393124000423299, 41.39317399969314],
            [-96.387997999613091, 41.39316899997683],
            [-96.387492000173111, 41.39316899997683],
            [-96.387138000170779, 41.39316899997683],
            [-96.387097999987802, 41.39316899997683],
            [-96.386752000381406, 41.393185999954127],
            [-96.382727999761116, 41.393190999669088],
            [-96.375298999735108, 41.393182000316628],
            [-96.368458000063143, 41.393174999771148],
            [-96.367980000212256, 41.39317399969314],
            [-96.367822999853431, 41.393173000289046],
            [-96.367497000338503, 41.393172000211017],
            [-96.367421999995443, 41.393172000211017],
            [-96.367324999911048, 41.393172000211017],
            [-96.365479999556342, 41.393164999664407],
            [-96.360264999955973, 41.39316599974255],
            [-96.358331999737715, 41.39316599974255],
            [-96.358280999684069, 41.39316599974255],
            [-96.357382999708619, 41.393172000211017],
            [-96.357356999769365, 41.393172000211017],
            [-96.355189000272773, 41.393184999876297],
            [-96.354363000267341, 41.39319000026525],
            [-96.354037999679022, 41.393191999746833],
            [-96.353820999944034, 41.393193999902259],
            [-96.353478999637275, 41.393196000057628],
            [-96.353208000373925, 41.393198000212884],
            [-96.348219999655981, 41.393180000160868],
            [-96.348207000135503, 41.393180000160868],
            [-96.333461000236454, 41.393139000323188],
            [-96.333210000166289, 41.393138000244683],
            [-96.332491000290986, 41.393136000087523],
            [-96.332410999925031, 41.393136000087523],
            [-96.33232600043452, 41.393136000087523],
            [-96.33229799994713, 41.393136000087523],
            [-96.332282000053596, 41.393136000087523],
            [-96.332209000258658, 41.393135000008932],
            [-96.330719999556109, 41.393130999694421],
            [-96.330680000271457, 41.393130999694421],
            [-96.330475000232042, 41.39313199977309],
            [-96.330460999988333, 41.39313199977309],
            [-96.330430999851103, 41.39313199977309],
            [-96.329072999568112, 41.393136000087523],
            [-96.329028000260578, 41.393136000087523],
            [-96.329012000367058, 41.393136000087523],
            [-96.329005999620961, 41.394350999975529],
            [-96.32900099959808, 41.394625999690888],
            [-96.32899999977316, 41.394719000083668],
            [-96.328998999948269, 41.394801999814632],
            [-96.32895700011548, 41.398984999787359],
            [-96.328981000404923, 41.399049999687406],
            [-96.328935000374173, 41.399900999731848],
            [-96.328917999757422, 41.400160999994306],
            [-96.328900000214063, 41.400420999890493],
            [-96.328896999841021, 41.400440999891224],
            [-96.328838000289778, 41.401118999712544],
            [-96.328836999566562, 41.401133999721019],
            [-96.328844000137579, 41.40118100030918],
            [-96.328819000023216, 41.401517999703074],
            [-96.328793000083934, 41.401855000044591],
            [-96.328792000259043, 41.401895999774929],
            [-96.32876700014468, 41.402604999862604],
            [-96.328701000022434, 41.40372200020564],
            [-96.328695999999567, 41.403989999971465],
            [-96.328690000151767, 41.404370000299117],
            [-96.32860899996092, 41.405871999694433],
            [-96.328598999915187, 41.406062999902886],
            [-96.328568999777957, 41.40675700028693],
            [-96.328561000280359, 41.406938999772386],
            [-96.328557999907304, 41.40731799983751],
            [-96.328557000082398, 41.407430000272647],
            [-96.328556000257478, 41.407696999713096],
            [-96.328556000257478, 41.407714999787302],
            [-96.328553999709342, 41.408070000306672],
            [-96.328551000234611, 41.408436999700214],
            [-96.328551000234611, 41.408449999681103],
            [-96.328582000196747, 41.409477000057556],
            [-96.328597000265376, 41.409983000229296],
            [-96.328599999740092, 41.410096999747964],
            [-96.328607000311109, 41.410810999665316],
            [-96.32860899996092, 41.411030999866313],
            [-96.328609999785826, 41.411146000042386],
            [-96.32861099961076, 41.411278999775341],
            [-96.328613000158882, 41.411480000243039],
            [-96.328614999808721, 41.411657000330962],
            [-96.328614999808721, 41.411685999728476],
            [-96.328617000356843, 41.411891000118146],
            [-96.328620999656493, 41.412227000100387],
            [-96.328679000281141, 41.417354999897817],
            [-96.328684000303994, 41.417484999932512],
            [-96.328685999953805, 41.417647000264559],
            [-96.328687999603645, 41.417758000034247],
            [-96.328689000326875, 41.417912000086318],
            [-96.328692999626526, 41.41832699979544],
            [-96.328699000372609, 41.418772000181441],
            [-96.32871799974086, 41.420126000226674],
            [-96.328751000251145, 41.422590000102055],
            [-96.328762000121799, 41.423372999734475],
            [-96.328763999771624, 41.423514000285863],
            [-96.32876700014468, 41.423730000121175],
            [-96.328767999969585, 41.423877999830523],
            [-96.328769999619411, 41.424025000272913],
            [-96.328772000167547, 41.424135000317541],
            [-96.328772999992466, 41.424245000175816],
            [-96.328789999710892, 41.425861000252759],
            [-96.328789999710892, 41.426071999811036],
            [-96.328789999710892, 41.426085999875603],
            [-96.328787000236161, 41.426251999929711],
            [-96.328787000236161, 41.426273000304001],
            [-96.328784999688011, 41.426359999761431],
            [-96.3287830000382, 41.426496000042363],
            [-96.328783999863106, 41.426621999691775],
            [-96.328784999688011, 41.426749000005181],
            [-96.328786000411256, 41.426889999961261],
            [-96.328787000236161, 41.427031999841709],
            [-96.328803999954602, 41.427370000081687],
            [-96.328813000175444, 41.427935999843278],
            [-96.328823000221178, 41.428672000145497],
            [-96.328815999650161, 41.429271999943637],
            [-96.328814000000335, 41.429499999773562],
            [-96.328814000000335, 41.429534000246733],
            [-96.328813000175444, 41.429591999903543],
            [-96.328812000350524, 41.429650000182065],
            [-96.328810999627294, 41.429685000092839],
            [-96.328810999627294, 41.429708999924507],
            [-96.328808999977483, 41.429772999881294],
            [-96.328810999627294, 41.429882000104456],
            [-96.328813000175444, 41.43000600022232],
            [-96.328922999780275, 41.436620999764123],
            [-96.329379999714774, 41.43661700010643],
            [-96.33116099959706, 41.436603999702008],
            [-96.331394000123879, 41.436612999775072],
            [-96.33213700028864, 41.436596999793956],
            [-96.337413999813293, 41.436530000251302],
            [-96.337618000027788, 41.43652800008293],
            [-96.337737999678396, 41.43652800008293],
            [-96.339748999714445, 41.436514000249723],
            [-96.339953999753874, 41.436513000165348],
            [-96.340245999831907, 41.436512000080903],
            [-96.340538999734889, 41.436510999996493],
            [-96.341055999943819, 41.43652900016712],
            [-96.34116999974664, 41.436526999998762],
            [-96.347834999691514, 41.436464000051174],
            [-96.357689999855296, 41.436272999665277],
            [-96.357689999855296, 41.4363550001043],
            [-96.357699000076124, 41.436531999746109],
            [-96.357725000015392, 41.436582999975634],
            [-96.357776000069009, 41.43662799966954],
            [-96.357816000251987, 41.436655999957203],
            [-96.357873000153404, 41.436682000069155],
            [-96.357930999879713, 41.436695999866117],
            [-96.367335999781716, 41.436698000029317],
            [-96.367326999560873, 41.438877999806849],
            [-96.367324000086128, 41.43960000012467],
            [-96.367330999758821, 41.440141000296691],
            [-96.36733199958374, 41.440201999987075],
            [-96.367334000131891, 41.440340000278496],
            [-96.367336999606621, 41.440577999837757],
            [-96.367303000169727, 41.441952999729921],
            [-96.367324999911048, 41.442046999717455],
            [-96.367329999933901, 41.442064999699525],
            [-96.367386000010427, 41.442122000283227],
            [-96.367489999767486, 41.442186000122859],
            [-96.367482000269874, 41.442413999711967],
            [-96.367476000422101, 41.44258499971987],
            [-96.36747100039922, 41.442758999915114],
            [-96.367464999653123, 41.442939000229821],
            [-96.367458999805351, 41.443119000045286],
            [-96.367241000245471, 41.449420999971508],
            [-96.367200000237574, 41.450952999715831],
            [-96.36740799975172, 41.45095599997471],
            [-96.368431000298969, 41.450985000001587],
            [-96.368900999753947, 41.450999000079527],
            [-96.369027999975529, 41.451004000058546],
            [-96.369156000022059, 41.451009000037189],
            [-96.369291999566187, 41.451014000015455],
            [-96.369428999833531, 41.451018000132436],
            [-96.370185000417081, 41.451041000295334],
            [-96.371146999966626, 41.451070000284162],
            [-96.37212100011007, 41.451090000176038],
            [-96.373260999934871, 41.451114000172851],
            [-96.375008000380276, 41.45114999981471],
            [-96.376371999612743, 41.451191999932753],
            [-96.377781999774285, 41.451221999711862],
            [-96.379929000252787, 41.451229000062263],
            [-96.381470999760495, 41.451237000269501],
            [-96.383774999699497, 41.451243999945028],
            [-96.385359999763224, 41.451257000109891],
            [-96.38647799984669, 41.451253000007654],
            [-96.386472999823809, 41.454080999966955],
            [-96.386477000021785, 41.456029000280111],
            [-96.386482000044651, 41.458432000068179],
            [-96.386481000219746, 41.458490000156715],
            [-96.386452999732342, 41.458583999748996],
            [-96.386435000188996, 41.458641999701655],
            [-96.38644400040981, 41.458895999997509],
            [-96.386451000082531, 41.459080000269012],
            [-96.386475000371973, 41.45941500003763],
            [-96.386477000021785, 41.459455999785938],
            [-96.386480000394826, 41.459492999914232],
            [-96.386476000196865, 41.459696999769477],
            [-96.386472999823809, 41.45986700028066],
            [-96.386466999976037, 41.46017399979759],
            [-96.386457999755223, 41.461208999720483],
            [-96.386456000105397, 41.461443999701181],
            [-96.386452999732342, 41.461679999873212],
            [-96.386451999907422, 41.461924000095166],
            [-96.386450000257597, 41.462170999812336],
            [-96.386440000211863, 41.463333999932907],
            [-96.386420000120381, 41.465748999984363],
            [-96.387544999876567, 41.465752000232023],
            [-96.392027000256221, 41.465765999815304],
            [-96.392172999846096, 41.465767000121986],
            [-96.392691999704851, 41.465767999755535],
            [-96.392946999972978, 41.465769000062174],
            [-96.393721000099887, 41.465771000002306],
            [-96.394045999789896, 41.465771000002306],
            [-96.394369999654998, 41.465771000002306],
            [-96.399263999763306, 41.465798000197758],
            [-96.400894999857783, 41.465802000076167],
            [-96.405060000045026, 41.465813000077077],
            [-96.405621999561532, 41.465820999831806],
            [-96.405677999638016, 41.467908000071027],
            [-96.40570399957727, 41.46880799980773],
            [-96.405711000148287, 41.469198999904208],
            [-96.405712999798112, 41.469328000198544],
            [-96.405716000171168, 41.469455999986394],
            [-96.405718999645885, 41.469587999839554],
            [-96.40572200001894, 41.469718999851331],
            [-96.405733999714514, 41.470114000123864],
            [-96.405846999692415, 41.473926999989658],
            [-96.405854000263432, 41.474407999684992],
            [-96.405861999761015, 41.475014999771275],
            [-96.405865000134085, 41.475218999926682],
            [-96.405871999806763, 41.475623999866862],
            [-96.405890000248434, 41.47686900001424],
            [-96.405900000294181, 41.477691999877457],
            [-96.405936000279183, 41.480459999728339],
            [-96.407163000142617, 41.480452999841106],
            [-96.407408000364981, 41.48045199976103],
            [-96.407651999864143, 41.480450000273798],
            [-96.40791200015515, 41.480448000113483],
            [-96.408170999722927, 41.48044700003333],
            [-96.410949000213193, 41.480433000255303],
            [-96.4115350000191, 41.480434999743061],
            [-96.412000000349536, 41.480435999823399],
            [-96.413443000123024, 41.480440000144696],
            [-96.414678000382352, 41.480442999712466],
            [-96.414874000200939, 41.480443999792733],
            [-96.415070000019526, 41.480443999792733],
            [-96.415315000241904, 41.480444999872937],
            [-96.415561000289202, 41.480444999872937],
            [-96.416236999608486, 41.480442000305253],
            [-96.418338000056238, 41.480432000174915],
            [-96.420959000187679, 41.480414000070994],
            [-96.420945999768875, 41.480400000285883],
            [-96.421707000375292, 41.480411999909627],
            [-96.422115999730906, 41.480412999990314],
            [-96.422525999809736, 41.480414000070994],
            [-96.422593999581778, 41.480414000070994],
            [-96.422612999848354, 41.480414000070994],
            [-96.422699999887001, 41.480415000151709],
            [-96.423700999794619, 41.480417000313025],
            [-96.425152999788935, 41.480336999869252],
            [-96.425211000413569, 41.480342000278448],
            [-96.425203000017646, 41.480397000043105],
            [-96.425175000428553, 41.480598999928326],
            [-96.425179999553123, 41.481131000118232],
            [-96.425178999728203, 41.481278000091272],
            [-96.425176000253472, 41.481896999794301],
            [-96.425176000253472, 41.481981999940885],
            [-96.4251700004057, 41.482024000280958],
            [-96.425150000314204, 41.482158000222483],
            [-96.425142999743187, 41.48221000030599],
            [-96.425088000389934, 41.482343999862891],
            [-96.425076999620956, 41.482375000087593],
            [-96.425099000260573, 41.484191000262236],
            [-96.425099000260573, 41.484211000034193],
            [-96.425181000276339, 41.490977000123763],
            [-96.425173999705336, 41.491233000072377],
            [-96.425141999918281, 41.49259300033124],
            [-96.425219999736086, 41.494865000026394],
            [-96.428358000076457, 41.494903999845789],
            [-96.432493000126499, 41.494913999761174],
            [-96.434792000042648, 41.494927999774738],
            [-96.434787000019782, 41.495136999761286],
            [-96.43478500036997, 41.495194999982481],
            [-96.434776999974048, 41.495300999742163],
            [-96.434776000149128, 41.495557999943586],
            [-96.434775000324223, 41.495813999955175],
            [-96.434773999600992, 41.496070000300648],
            [-96.434772999776072, 41.496324999799164],
            [-96.434798999715355, 41.499799999695647],
            [-96.434668000194108, 41.506190000263729],
            [-96.434679000064733, 41.506433999774707],
            [-96.434689999935401, 41.506677000036284],
            [-96.434698000331323, 41.506860999901718],
            [-96.434705999828921, 41.507044999916992],
            [-96.434650999577357, 41.510683999776276],
            [-96.434643000079731, 41.511179999867956],
            [-96.43463999970669, 41.511412000146983],
            [-96.43463899988177, 41.511471000192593],
            [-96.434637000231945, 41.511642999995971],
            [-96.434633999858903, 41.511805000018541],
            [-96.434633000033983, 41.511859999979734],
            [-96.434628999836036, 41.512078000173332],
            [-96.434561999888885, 41.516835999778174],
            [-96.434480999698039, 41.522441999978859],
            [-96.434459999781637, 41.523930999764609],
            [-96.439624000226672, 41.523938999742768],
            [-96.439948000091789, 41.523938000334006],
            [-96.440271999956892, 41.523936000171418],
            [-96.440610000065689, 41.523934000008758],
            [-96.440948999999407, 41.523931999845999],
            [-96.441426999850293, 41.523931999845999],
            [-96.442384000275297, 41.523931999845999],
            [-96.443170999922671, 41.523932999927361],
            [-96.443898000193897, 41.523932999927361],
            [-96.443907000414725, 41.524701000019128],
            [-96.443924999958071, 41.52613999995382],
            [-96.44393800037686, 41.527180999746783],
            [-96.443970999988835, 41.529822999890989],
            [-96.443974000361877, 41.530081000243271],
            [-96.443981999859488, 41.530677000115404],
            [-96.443992999730142, 41.531499000299689],
            [-96.444007999798757, 41.532603000016081],
            [-96.444011000171798, 41.532919000092008],
            [-96.444018999669424, 41.533234999969125],
            [-96.444027999890238, 41.533593000169418],
            [-96.444037000111067, 41.533952000332171],
            [-96.444017000019585, 41.533964000121529],
            [-96.444052000179681, 41.534112999729942],
            [-96.444082000316925, 41.534371999703694],
            [-96.444061000400524, 41.534509000031207],
            [-96.444053000004587, 41.534563000281757],
            [-96.444053999829507, 41.534783999729228],
            [-96.444079999768775, 41.535016000122887],
            [-96.444099000035365, 41.535116999700918],
            [-96.4440470001568, 41.535187999889139],
            [-96.44400199995097, 41.535206000237004],
            [-96.444006000148931, 41.535354999674148],
            [-96.444030000438374, 41.536272000026209],
            [-96.4440320000882, 41.537223999854305],
            [-96.444044999608664, 41.538347000035735],
            [-96.444063000050349, 41.539663000209394],
            [-96.444058999852388, 41.540202000186198],
            [-96.444057000202562, 41.540561999799166],
            [-96.444197999769557, 41.547145999872875],
            [-96.444195000294826, 41.547328999929022],
            [-96.444192999746676, 41.547448000077026],
            [-96.444191999921756, 41.547502000280979],
            [-96.444227999906772, 41.547680000086075],
            [-96.444234999579479, 41.547806000263748],
            [-96.44423899977744, 41.547869000260533],
            [-96.444246000348443, 41.547995000069882],
            [-96.444252000196244, 41.548234000090048],
            [-96.44425499967096, 41.548357000076727],
            [-96.444292000379207, 41.548555999986014],
            [-96.444309999922552, 41.548654999861341],
            [-96.444321999618111, 41.548676999962446],
            [-96.444185000249092, 41.555168999918976],
            [-96.444229999556612, 41.559247000330785],
            [-96.444316999595245, 41.567531000314759],
            [-96.444316999595245, 41.567619999921476],
            [-96.444316999595245, 41.574931000253386],
            [-96.444316999595245, 41.584650999674132],
            [-96.444355999953302, 41.596398999702117],
            [-96.444299000051885, 41.599865999727434],
            [-96.444115999753777, 41.610911999821461],
            [-96.444111999555815, 41.616589000074242],
            [-96.444129000172566, 41.616738999919015],
            [-96.444130999822406, 41.61687500027363],
            [-96.444130999822406, 41.616990999974213],
            [-96.444136999670178, 41.619717000032153],
            [-96.444116999578696, 41.619932000108015],
            [-96.444111999555815, 41.620042999994666],
            [-96.44411300027906, 41.620094000150758],
            [-96.444114000103951, 41.620126000135961],
            [-96.444135999845273, 41.620269000274511],
            [-96.444129000172566, 41.620420000222147],
            [-96.444139000218314, 41.622385000073976],
            [-96.444222999883905, 41.62498099982912],
            [-96.444313000295594, 41.625395000065524],
            [-96.444331999663845, 41.630032999711339],
            [-96.444326999640978, 41.630047000024888],
            [-96.444352999580246, 41.631234999918888],
            [-96.444360000151264, 41.63494700020393],
            [-96.444355000128397, 41.634961999827908],
            [-96.444381000067651, 41.638357999786749],
            [-96.444495999695377, 41.639924999823428],
            [-96.444508000289275, 41.643816000053071],
            [-96.4445099999391, 41.644294999886625],
            [-96.444542999551047, 41.654608000222098],
            [-96.444542999551047, 41.654646000287642],
            [-96.444551999771889, 41.655108999780076],
            [-96.444550999946969, 41.655947999763711],
            [-96.444632000137815, 41.660371000097513],
            [-96.44463499961256, 41.661851999775671],
            [-96.444660999551829, 41.664492000277924],
            [-96.444689000039233, 41.665563000118162],
            [-96.444718000351557, 41.669000000273506],
            [-96.4446940000621, 41.66912100002866],
            [-96.444690999689044, 41.669207000259838],
            [-96.444714999978501, 41.672694999935466],
            [-96.444715999803407, 41.672865999667565],
            [-96.444725999849155, 41.674346999798942],
            [-96.444752999613343, 41.678331000216929],
            [-96.444760000184331, 41.679356000224267],
            [-96.444764000382321, 41.680011000061185],
            [-96.444795000344456, 41.680912000314926],
            [-96.444786000123614, 41.681351999981047],
            [-96.444785000298708, 41.682062000325601],
            [-96.444791999971386, 41.682722999955558],
            [-96.444778999552597, 41.683258000245154],
            [-96.444785000298708, 41.68363299975897],
            [-96.444775000252946, 41.6838950001207],
            [-96.444771000054985, 41.684217999976696],
            [-96.444774000428055, 41.68460400030532],
            [-96.444760000184331, 41.685329999891707],
            [-96.444740999917769, 41.686192999925446],
            [-96.444741999742689, 41.686849000181326],
            [-96.444720000001382, 41.687506000018736],
            [-96.444709999955634, 41.688744000294946],
            [-96.444690999689044, 41.69013699993247],
            [-96.444648999856256, 41.695597999681013],
            [-96.444629999589679, 41.698129000028153],
            [-96.444603999650425, 41.701361999780254],
            [-96.444602999825506, 41.702085000035829],
            [-96.444602999825506, 41.702322000318027],
            [-96.444602999825506, 41.702586999678395],
            [-96.4446020000006, 41.703636999795883],
            [-96.444576999886252, 41.70481600030606],
            [-96.444544000274277, 41.706320000087352],
            [-96.444528000380743, 41.709621000295584],
            [-96.444528000380743, 41.709669000298213],
            [-96.444525999832621, 41.710203999801472],
            [-96.444508000289275, 41.71115100017866],
            [-96.444509000114181, 41.712629999896684],
            [-96.44444499964176, 41.719497000227634],
            [-96.444425000448575, 41.721608999987282],
            [-96.444410000379975, 41.722894999708153],
            [-96.444410000379975, 41.722925999905151],
            [-96.444406000182013, 41.723237999735304],
            [-96.444403999633863, 41.723386999684863],
            [-96.444403999633863, 41.723425999718096],
            [-96.444402999808972, 41.723484999895319],
            [-96.444402999808972, 41.723515000135109],
            [-96.444401999984052, 41.723639000307202],
            [-96.444397999786091, 41.724696999775809],
            [-96.444401000159147, 41.725752999979427],
            [-96.444376999869689, 41.727162999971739],
            [-96.444336999686712, 41.73039200022545],
            [-96.444320999793206, 41.732306000245764],
            [-96.444319000143395, 41.732542999721439],
            [-96.444318000318461, 41.732656999904471],
            [-96.444316999595245, 41.732747999999496],
            [-96.444303000249846, 41.734114000209658],
            [-96.444302000424941, 41.734176999994581],
            [-96.444299999876804, 41.734447999790632],
            [-96.444298000226993, 41.734628999969921],
            [-96.444297000402074, 41.73471400028177],
            [-96.444297000402074, 41.734746000306977],
            [-96.444262000241977, 41.7382000001192],
            [-96.444253999846055, 41.739021999692646],
            [-96.444252000196244, 41.739292999825189],
            [-96.444251000371324, 41.73936000027777],
            [-96.444249999648093, 41.739443000171178],
            [-96.444251000371324, 41.73982200019482],
            [-96.444253000021135, 41.740506999914587],
            [-96.444231000279842, 41.741458999805396],
            [-96.444217000036119, 41.741774999682463],
            [-96.446467000446802, 41.741761000200192],
            [-96.448972000227272, 41.741774999682463],
            [-96.449246999688583, 41.741776999799754],
            [-96.449633000376267, 41.741778999916981],
            [-96.450763999980225, 41.741785000268308],
            [-96.452205999928808, 41.741782000092719],
            [-96.452533999991857, 41.741781000034152],
            [-96.454262000170715, 41.741776999799754],
            [-96.455509999950536, 41.741776999799754],
            [-96.458892999614974, 41.741775999741115],
            [-96.459097999654404, 41.741775999741115],
            [-96.4596969998791, 41.741775999741115],
            [-96.461271000072159, 41.741774999682463],
            [-96.463462999858194, 41.741779999975577],
            [-96.46869900027329, 41.741788999831911],
            [-96.471513999675153, 41.741802999978376],
            [-96.472442999612738, 41.741808000269309],
            [-96.473179999929712, 41.741808000269309],
            [-96.47323699983113, 41.741808000269309],
            [-96.473290000432883, 41.741808000269309],
            [-96.474026999851546, 41.741809000327443],
            [-96.476488000149402, 41.741812999889561],
            [-96.476764000333944, 41.741812999889561],
            [-96.478380000359778, 41.741817000121721],
            [-96.479603999850156, 41.741824999914996],
            [-96.481371000387071, 41.741835999880536],
            [-96.482287999730787, 41.74183799999593],
            [-96.482364999723671, 41.74183799999593],
            [-96.482466000006013, 41.74183799999593],
            [-96.482747000213408, 41.741839000053602],
            [-96.487797999782245, 41.741847999901672],
            [-96.489392999891706, 41.741847999901672],
            [-96.489609999626694, 41.741847999901672],
            [-96.491196000413623, 41.741847999901672],
            [-96.491766000326024, 41.741855000303971],
            [-96.492188999925332, 41.741859999920614],
            [-96.4922090000168, 41.741859999920614],
            [-96.492494000422155, 41.741864000149846],
            [-96.492875000188675, 41.741860999977952],
            [-96.493411999590791, 41.741856999748535],
            [-96.493763999943297, 41.741858999863275],
            [-96.494189999915648, 41.741859999920614],
            [-96.494250000190092, 41.741859999920614],
            [-96.49449700006231, 41.741860999977952],
            [-96.49465400042115, 41.741862000035269],
            [-96.494672999789401, 41.741862000035269],
            [-96.494708999774417, 41.741862000035269],
            [-96.494750999607191, 41.741862000035269],
            [-96.494795999813036, 41.741863000092572],
            [-96.496678999802597, 41.741870999880113],
            [-96.499833999861409, 41.741905999860613],
            [-96.49985499977781, 41.741905999860613],
            [-96.500279000100335, 41.741903999747329],
            [-96.500736999859726, 41.741902000304293],
            [-96.500870999754042, 41.741899000134154],
            [-96.501788999820974, 41.74187600016576],
            [-96.501947000004733, 41.74187899966666],
            [-96.50204499991402, 41.74187899966666],
            [-96.502161000264977, 41.74187899966666],
            [-96.503466999771106, 41.741880999780768],
            [-96.503558000007715, 41.741880999780768],
            [-96.50392200005578, 41.741881999837773],
            [-96.503967000261625, 41.741881999837773],
            [-96.505456000065863, 41.741885000008693],
            [-96.508591000033192, 41.741891999736659],
            [-96.508676000422014, 41.741891999736659],
            [-96.508760999912511, 41.741891999736659],
            [-96.508852000149105, 41.741891999736659],
            [-96.508943000385699, 41.741891999736659],
            [-96.516025000082095, 41.741906999917227],
            [-96.517687000138693, 41.741895999963894],
            [-96.519002999690571, 41.741907999973819],
            [-96.52073400024247, 41.741910000086968],
            [-96.521503000346499, 41.741902999690673],
            [-96.528313999881249, 41.741909000030404],
            [-96.530110999657069, 41.74192400020705],
            [-96.533671999596748, 41.741923000150692],
            [-96.536756000408758, 41.741960000214448],
            [-96.536924999564832, 41.741960000214448],
            [-96.53744199977379, 41.741961000270216],
            [-96.537970999678308, 41.741967999989953],
            [-96.538980999806753, 41.7419519997677],
            [-96.539989000285374, 41.741969000045607],
            [-96.540154000141811, 41.741972000212456],
            [-96.540646000236407, 41.741974999708887],
            [-96.540917000398068, 41.741976999819947],
            [-96.541001000063645, 41.741976999819947],
            [-96.542535000073741, 41.741984000208177],
            [-96.544823000119237, 41.741993000035976],
            [-96.546154999564649, 41.741981000041889],
            [-96.547221999594512, 41.741995000146481],
            [-96.547850999956452, 41.742002999917581],
            [-96.547956000436741, 41.742002999917581],
            [-96.548196999562862, 41.742003999972681],
            [-96.55065000036312, 41.742009000247975],
            [-96.550814000394638, 41.742010000302983],
            [-96.552032000037229, 41.742010000302983],
            [-96.554486999589002, 41.742020000181938],
            [-96.555172000027426, 41.742018000072214],
            [-96.555173999677251, 41.74301400008752],
            [-96.555165000354748, 41.743651999915109],
            [-96.555172999852346, 41.74449299972067],
            [-96.555163999631517, 41.74485899996322],
            [-96.555163999631517, 41.745626000185034],
            [-96.555168999654398, 41.747054999829615],
            [-96.555160000331867, 41.748556999802048],
            [-96.555160000331867, 41.748609999971755],
            [-96.555161999981692, 41.749181000302272],
            [-96.555161999981692, 41.749292999887501],
            [-96.555162999806598, 41.751590000168143],
            [-96.555172000027426, 41.752641999666309],
            [-96.55517100020252, 41.752737999699775],
            [-96.555163999631517, 41.753977000315331],
            [-96.555158999608651, 41.756488999732277],
            [-96.555170000377601, 41.762972999869604],
            [-96.555170000377601, 41.763185000247155],
            [-96.555170000377601, 41.763200000143044],
            [-96.55517100020252, 41.763237999729554],
            [-96.55517100020252, 41.76326399992741],
            [-96.55517100020252, 41.763273999846056],
            [-96.55517100020252, 41.763379000238061],
            [-96.55517100020252, 41.763403000265228],
            [-96.55517100020252, 41.763766000084217],
            [-96.555173999677251, 41.765074000020356],
            [-96.555173999677251, 41.765142000064451],
            [-96.555172999852346, 41.765212999787259],
            [-96.555170000377601, 41.765676000290163],
            [-96.555170000377601, 41.765706000253779],
            [-96.555168999654398, 41.765738000244184],
            [-96.555168999654398, 41.765764000099033],
            [-96.555168999654398, 41.765774999982895],
            [-96.555167999829465, 41.765880999985441],
            [-96.555163999631517, 41.766392999870462],
            [-96.555163999631517, 41.766487999762212],
            [-96.555153999585769, 41.76894100000213],
            [-96.555153999585769, 41.770057999830769],
            [-96.555156000133906, 41.770282000313252],
            [-96.555156999958825, 41.770350999810759],
            [-96.555156999958825, 41.770367000324498],
            [-96.555156999958825, 41.770385000060202],
            [-96.555157999783731, 41.77042600025824],
            [-96.555161000156787, 41.770655000179609],
            [-96.555161999981692, 41.770807000158726],
            [-96.555162999806598, 41.770868000238615],
            [-96.555163999631517, 41.770960000051673],
            [-96.555163999631517, 41.771053000005324],
            [-96.555173999677251, 41.777646000080217],
            [-96.555176000225401, 41.778761000085787],
            [-96.555177000050307, 41.779342000209283],
            [-96.555177999875227, 41.779681999786305],
            [-96.555170000377601, 41.780282000040899],
            [-96.555161000156787, 41.781008000204764],
            [-96.555157999783731, 41.781747000223945],
            [-96.555157999783731, 41.782052999701861],
            [-96.555178999700132, 41.78310699967664],
            [-96.555186000271149, 41.783398000174088],
            [-96.55518799992096, 41.784226000116746],
            [-96.555188999745866, 41.784504000079849],
            [-96.555192999943827, 41.785477000170935],
            [-96.555194999593638, 41.785864000000473],
            [-96.555180000423363, 41.787307000168546],
            [-96.555182999898093, 41.788593999690654],
            [-96.555194999593638, 41.789925999870732],
            [-96.555180000423363, 41.791164999710176],
            [-96.555182000073188, 41.791567999944924],
            [-96.555192999943827, 41.792646999961292],
            [-96.555193999768747, 41.792745000285827],
            [-96.555201000339764, 41.793383999931201],
            [-96.555201000339764, 41.795533999894211],
            [-96.555201000339764, 41.799975000184027],
            [-96.555204999639415, 41.805867000304758],
            [-96.555228000103938, 41.80739999981887],
            [-96.55521600040835, 41.811359000075171],
            [-96.555229999753749, 41.81250100021667],
            [-96.555244999822378, 41.814428999921439],
            [-96.555254000043192, 41.816318000023777],
            [-96.555253000218286, 41.816606999922278],
            [-96.55525099967015, 41.817263999933388],
            [-96.55525099967015, 41.817281999893879],
            [-96.555248000195405, 41.818150999778453],
            [-96.555239999799497, 41.820366000107313],
            [-96.55523399995171, 41.822173000079573],
            [-96.555243000172553, 41.824300000174532],
            [-96.555243000172553, 41.827392000276056],
            [-96.555243999997444, 41.827529000046709],
            [-96.555243999997444, 41.827576000208282],
            [-96.555249999845245, 41.828920999894777],
            [-96.555249000020339, 41.84341699969864],
            [-96.555269000111807, 41.84609499978513],
            [-96.555260999715898, 41.846922000213048],
            [-96.555260999715898, 41.846950999873883],
            [-96.555259999890978, 41.846980000190655],
            [-96.555237000324752, 41.849144000240493],
            [-96.555242000347633, 41.850617999954657],
            [-96.555242000347633, 41.850653000151986],
            [-96.555252000393367, 41.853717999943143],
            [-96.555252000393367, 41.853861000140952],
            [-96.555259000066073, 41.855971999876239],
            [-96.555253000218286, 41.857936999967741],
            [-96.555269000111807, 41.866445999923677],
            [-96.55527999998246, 41.872417000231941],
            [-96.555276999609418, 41.875997000197515],
            [-96.555276999609418, 41.876080999811357],
            [-96.555285000005341, 41.876894999666753],
            [-96.55527999998246, 41.87793800031622],
            [-96.555285000005341, 41.878512999714523],
            [-96.555275999784499, 41.878823000204029],
            [-96.555273000309768, 41.879344000006014],
            [-96.555278000332649, 41.879596999949037],
            [-96.555263000264034, 41.880749000298955],
            [-96.555252000393367, 41.881633000165223],
            [-96.55525099967015, 41.883174000103566],
            [-96.55525099967015, 41.883269999955012],
            [-96.555249000020339, 41.884165999861366],
            [-96.555259999890978, 41.884360000134485],
            [-96.555258000241153, 41.8844520001822],
            [-96.555249999845245, 41.884764000288087],
            [-96.555240999624402, 41.885667000059506],
            [-96.555225999555802, 41.886533000227686],
            [-96.555224999730882, 41.886914999709234],
            [-96.555224999730882, 41.887037000098807],
            [-96.555224999730882, 41.887048999697015],
            [-96.555223000081057, 41.887642000271384],
            [-96.55523399995171, 41.888320000047976],
            [-96.555221000431231, 41.89547299997632],
            [-96.555218999883095, 41.896534000012096],
            [-96.555201000339764, 41.897827000100257],
            [-96.555202000164655, 41.898538000246973],
            [-96.555196000316883, 41.899255000156678],
            [-96.555202999989575, 41.900851000110308],
            [-96.555199999616519, 41.901380000083435],
            [-96.555208000012442, 41.902146999736942],
            [-96.555194999593638, 41.902681000118292],
            [-96.555183999722999, 41.903925000170844],
            [-96.555182000073188, 41.907222000183374],
            [-96.555182000073188, 41.9072450003329],
            [-96.555182000073188, 41.907413999665771],
            [-96.555182000073188, 41.907472000259382],
            [-96.555182999898093, 41.907548000104477],
            [-96.555182999898093, 41.907575000054095],
            [-96.555182999898093, 41.907623999859105],
            [-96.555187000096041, 41.907988999856684],
            [-96.55518799992096, 41.908098999785558],
            [-96.555183999722999, 41.908664999996532],
            [-96.555177999875227, 41.909951999811263],
            [-96.555173999677251, 41.910607999917438],
            [-96.55515299976085, 41.914149000118393],
            [-96.555155000309014, 41.915868000254846],
            [-96.555167000004559, 41.917894000300215],
            [-96.555166000179639, 41.919446999924006],
            [-96.555166000179639, 41.919596999834624],
            [-96.55517100020252, 41.920611000115585],
            [-96.555160000331867, 41.921627000177907],
            [-96.555157999783731, 41.922891000124793],
            [-96.555157999783731, 41.923040000056126],
            [-96.555160000331867, 41.923965000287261],
            [-96.555161000156787, 41.924211999961983],
            [-96.555142999715116, 41.925478999761765],
            [-96.555166000179639, 41.926537000210374],
            [-96.555167999829465, 41.926613999927042],
            [-96.555158999608651, 41.927621999980076],
            [-96.555144000438347, 41.929344000178808],
            [-96.555155000309014, 41.930310999794337],
            [-96.555161000156787, 41.931570999703403],
            [-96.555155000309014, 41.932517000098841],
            [-96.555165000354748, 41.935609000272414],
            [-96.555165000354748, 41.935657000232126],
            [-96.555167000004559, 41.93619199996872],
            [-96.555157999783731, 41.937559999889395],
            [-96.555141000065291, 41.944805999905917],
            [-96.555158999608651, 41.946857000035202],
            [-96.555162999806598, 41.947379999731773],
            [-96.555158999608651, 41.947767000228914],
            [-96.555156999958825, 41.947971000166852],
            [-96.555156000133906, 41.948097000195453],
            [-96.555147999737997, 41.949009999887515],
            [-96.555161999981692, 41.950056999899225],
            [-96.555151999935944, 41.950443000036785],
            [-96.555170000377601, 41.952063000202948],
            [-96.555163999631517, 41.953451000256422],
            [-96.555163999631517, 41.955245000066476],
            [-96.555167000004559, 41.955473000322257],
            [-96.555168999654398, 41.955571999880455],
            [-96.555158999608651, 41.956106000149575],
            [-96.555153999585769, 41.956421000304353],
            [-96.555157999783731, 41.95885500007342],
            [-96.555157999783731, 41.958867000200996],
            [-96.555158999608651, 41.959298999947784],
            [-96.555158999608651, 41.959370000174914],
            [-96.555161000156787, 41.959726000120888],
            [-96.555161000156787, 41.959756000025507],
            [-96.555181000248268, 41.96411000005557],
            [-96.555172000027426, 41.965047000083452],
            [-96.555189999570786, 41.965814999862715],
            [-96.555192000118922, 41.965918000320535],
            [-96.55518799992096, 41.966485999698449],
            [-96.555168999654398, 41.969664000055083],
            [-96.555160000331867, 41.973121999848615],
            [-96.555148999562888, 41.973470999956447],
            [-96.555151000111039, 41.973803999732802],
            [-96.555157999783731, 41.974243000106654],
            [-96.555155000309014, 41.974595000041589],
            [-96.555167000004559, 41.977019000177911],
            [-96.555165000354748, 41.97725800027024],
            [-96.555163999631517, 41.977337000287918],
            [-96.555163999631517, 41.977418000314159],
            [-96.555167999829465, 41.978560000164748],
            [-96.555167999829465, 41.978698999917462],
            [-96.555168999654398, 41.978985999772995],
            [-96.555168999654398, 41.979057999792069],
            [-96.555170000377601, 41.979377000093677],
            [-96.555170000377601, 41.979435000037547],
            [-96.555170000377601, 41.979573999883755],
            [-96.55517100020252, 41.97990899983246],
            [-96.555172999852346, 41.980564000062593],
            [-96.555172999852346, 41.980592999834478],
            [-96.555172999852346, 41.980661000030629],
            [-96.555192000118922, 41.987248000325955],
            [-96.555194999593638, 41.988261999906833],
            [-96.555194999593638, 41.988375999817706],
            [-96.555202000164655, 41.990059999798731],
            [-96.555204999639415, 41.990658000256552],
            [-96.555206000362617, 41.990838999714128],
            [-96.555206000362617, 41.9908900000069],
            [-96.555206000362617, 41.990919999924415],
            [-96.555207000187536, 41.990940000084095],
            [-96.555207000187536, 41.990956000207305],
            [-96.555207000187536, 41.990995999830133],
            [-96.555208000012442, 41.991153999730315],
            [-96.555208999837362, 41.991449000197179],
            [-96.555212000210389, 41.992089999698926],
            [-96.555213000035323, 41.992354999939145],
            [-96.555206000362617, 41.992375000315612],
            [-96.555221000431231, 41.994233000267101],
            [-96.555238000149672, 41.996452000184036],
            [-96.555230999578654, 41.997788999824934],
            [-96.555240999624402, 41.999897000255046],
            [-96.555245999647283, 42.000001999732412],
            [-96.555254999868112, 42.001715000037102],
            [-96.555234999776616, 42.002764999738254],
            [-96.555105000080289, 42.003280999939889],
            [-96.55487099972855, 42.015501000247887],
            [-96.554869000078739, 42.01561700032947],
            [-96.554867000428914, 42.015748000311135],
            [-96.554865999705669, 42.015811999857576],
            [-96.554865999705669, 42.015875000224177],
            [-96.554864000055858, 42.015933000284072],
            [-96.554860999682816, 42.015991000291081],
            [-96.554868000253819, 42.016315999708311],
            [-96.555040999607868, 42.02450100012453],
            [-96.555059000049525, 42.025153999980155],
            [-96.555100999882328, 42.027075000284569],
            [-96.555101999707247, 42.027153000260057],
            [-96.555103000430449, 42.027243000061453],
            [-96.555122999623634, 42.028111999767731],
            [-96.555380000439897, 42.039035000111561],
            [-96.555411000402046, 42.045135000190072],
            [-96.555411000402046, 42.04516699985718],
            [-96.555417000249818, 42.046322999706113],
            [-96.555419999724549, 42.046677999813404],
            [-96.555414999701682, 42.04769200016289],
            [-96.555367999846013, 42.050767000239361],
            [-96.555372000043974, 42.050856999955116],
            [-96.55537500041703, 42.050929000036099],
            [-96.555383999739533, 42.051144999789436],
            [-96.555383999739533, 42.05118799993987],
            [-96.555382999914627, 42.051657000124649],
            [-96.555382999914627, 42.051681999967613],
            [-96.555376000241935, 42.056167000258874],
            [-96.555378999716666, 42.057200999877821],
            [-96.555371000219068, 42.057730999669936],
            [-96.555363999648051, 42.058178000304615],
            [-96.555357999800279, 42.059225999950392],
            [-96.555377999891746, 42.060129999909407],
            [-96.555372000043974, 42.060821000097278],
            [-96.555363999648051, 42.061030999785039],
            [-96.55536100017332, 42.062623999847894],
            [-96.555360000348401, 42.063403000108529],
            [-96.555367000021093, 42.063709000298232],
            [-96.55537500041703, 42.064083999775022],
            [-96.555370000394163, 42.064671000062866],
            [-96.55536199999824, 42.065742000227786],
            [-96.555372000043974, 42.066772999704554],
            [-96.555358999625184, 42.067866999962455],
            [-96.555363999648051, 42.068487000161745],
            [-96.555358999625184, 42.069983000197944],
            [-96.555358999625184, 42.070049999946193],
            [-96.555358999625184, 42.070117000290523],
            [-96.555371000219068, 42.071673000278786],
            [-96.555387000112589, 42.072306000289714],
            [-96.55539200013547, 42.073007000169177],
            [-96.555376000241935, 42.073808999776752],
            [-96.555393999785295, 42.075304000226424],
            [-96.555399999633067, 42.077766999753649],
            [-96.55542399992251, 42.078606000025196],
            [-96.555419999724549, 42.07939100023188],
            [-96.555414999701682, 42.080405000326515],
            [-96.555452000409915, 42.081595999730517],
            [-96.555474000151222, 42.082319999978694],
            [-96.555474000151222, 42.082345999821051],
            [-96.555461999557352, 42.083397000042623],
            [-96.555474999976141, 42.084242000123609],
            [-96.555475999801033, 42.084941000107705],
            [-96.555484000196969, 42.086355999768152],
            [-96.555490999869647, 42.087448999833079],
            [-96.555490000044756, 42.088156000315692],
            [-96.555498000440664, 42.08884100028699],
            [-96.555499000265584, 42.089492000297618],
            [-96.555510999961157, 42.089956999738497],
            [-96.558399000056255, 42.089970999713266],
            [-96.560232999642011, 42.089979999933462],
            [-96.560629000375457, 42.089983999734656],
            [-96.560738999980316, 42.089986000301778],
            [-96.561156999556744, 42.089991000052741],
            [-96.561325999611128, 42.089992999953054],
            [-96.56240799970962, 42.090005999969932],
            [-96.570395999777375, 42.090016000134959],
            [-96.571586999655793, 42.090020999883563],
            [-96.572742000447505, 42.090031000046231],
            [-96.57498100008921, 42.09002800019757],
            [-96.578504000394048, 42.09003199999573],
            [-96.57947199979138, 42.090022999782875],
            [-96.581180999703662, 42.090039000308522],
            [-96.581891000256462, 42.090045000004622],
            [-96.582758000269763, 42.090037999692491],
            [-96.584581999809771, 42.090037999692491],
            [-96.58550700044772, 42.090044000055322],
            [-96.586509000180243, 42.090037999692491],
            [-96.588304000306238, 42.090037999692491],
            [-96.589839000141239, 42.090030000096654],
            [-96.590044000180669, 42.090029000147119],
            [-96.591322000097705, 42.090039000308522],
            [-96.591614000175767, 42.090036999743077],
            [-96.592399000173302, 42.090032999945223],
            [-96.593333999958674, 42.0900339998947],
            [-96.59403299974251, 42.090040000257908],
            [-96.594354000132867, 42.090037999692491],
            [-96.59589300016583, 42.090032999945223],
            [-96.59704499968619, 42.090046999903166],
            [-96.600677999595888, 42.09004799985248],
            [-96.601305000308002, 42.090040000257908],
            [-96.601948000015341, 42.090039000308522],
            [-96.602038000427015, 42.090040000257908],
            [-96.603989000188633, 42.090060999858082],
            [-96.604943000240581, 42.09006399970518],
            [-96.605370999862757, 42.09005999990903],
            [-96.605886000421876, 42.090049999750939],
            [-96.606635000434423, 42.090068000167676],
            [-96.606685999589743, 42.090068000167676],
            [-96.60883300006823, 42.09006399970518],
            [-96.609269999911248, 42.090056000112632],
            [-96.609532999676972, 42.090050999700146],
            [-96.610410999560941, 42.09006399970518],
            [-96.611418000214655, 42.090068000167676],
            [-96.612262999588339, 42.090067000218738],
            [-96.613682999795628, 42.09007599975871],
            [-96.615062999819926, 42.090082000117945],
            [-96.616247000025652, 42.090086999861342],
            [-96.61698000014465, 42.090096000065074],
            [-96.618233999772272, 42.090082000117945],
            [-96.620027000248442, 42.090080000220453],
            [-96.621189999639455, 42.090086999861342],
            [-96.621695999977732, 42.090089999707168],
            [-96.622428000271853, 42.090107000164252],
            [-96.623074000352219, 42.090101999755831],
            [-96.62384900030402, 42.090102999704214],
            [-96.624245000139155, 42.090099999858957],
            [-96.625014000243169, 42.090094000168072],
            [-96.626722000330531, 42.090087999809967],
            [-96.628751999734845, 42.090073999861019],
            [-96.630854999832437, 42.090087999809967],
            [-96.633048000341688, 42.090082000117945],
            [-96.635659000427367, 42.090096000065074],
            [-96.636533999938294, 42.090097000013607],
            [-96.637985000107719, 42.090098999910524],
            [-96.640073999961587, 42.090107000164252],
            [-96.641894000201944, 42.090104000319229],
            [-96.64690799996086, 42.090100999807376],
            [-96.647636000057005, 42.090104000319229],
            [-96.648180999855029, 42.090107000164252],
            [-96.651417999929606, 42.090123999950173],
            [-96.653452000430221, 42.090108000112608],
            [-96.655685000224111, 42.090118000261512],
            [-96.657369999846949, 42.090106000215926],
            [-96.657655000252319, 42.090105000267585],
            [-96.657953000178139, 42.090102999704214],
            [-96.659012999636971, 42.09011299985395],
            [-96.66043000036953, 42.090125999846244],
            [-96.662663000163448, 42.09011900020969],
            [-96.66503400004963, 42.09013200020074],
            [-96.669246000092542, 42.090114999750362],
            [-96.669862000035693, 42.090123999950173],
            [-96.67024600017524, 42.090131000252818],
            [-96.670733000246969, 42.090137999888036],
            [-96.670867000141257, 42.090139999783666],
            [-96.670985000142053, 42.090150999875199],
            [-96.671187999633318, 42.09016900026333],
            [-96.671416999962176, 42.090220000224086],
            [-96.673488000272698, 42.090138999835858],
            [-96.674367999806492, 42.090107000164252],
            [-96.674417000210283, 42.090105000267585],
            [-96.674505999898756, 42.090101999755831],
            [-96.674798999801709, 42.090092000271],
            [-96.674934000419242, 42.090084000015331],
            [-96.675388999805591, 42.090065000320806],
            [-96.675571000278779, 42.090057000061748],
            [-96.677000999633506, 42.089996999753374],
            [-96.677178999908719, 42.090034999844157],
            [-96.677542000131879, 42.0900790002717],
            [-96.677575999568759, 42.090083000066642],
            [-96.677778000133429, 42.090101999755831],
            [-96.677907000004865, 42.090113999802163],
            [-96.678187000387368, 42.090122000054002],
            [-96.678929999653789, 42.090133000148661],
            [-96.680846000153608, 42.090145000189139],
            [-96.682387999661302, 42.090139999783666],
            [-96.684060999588567, 42.090145000189139],
            [-96.687547000083498, 42.090153999718041],
            [-96.690693999746387, 42.09015299977046],
            [-96.691564999957649, 42.090161999964828],
            [-96.694932999553487, 42.090173000052545],
            [-96.696820999565901, 42.090166999701928],
            [-96.697008999886876, 42.090161000017368],
            [-96.697912999710127, 42.090166999701928],
            [-96.698187000244815, 42.09016900026333],
            [-96.698451999660378, 42.090171000157966],
            [-96.699606999553779, 42.090178999736018],
            [-96.704411999973644, 42.090177999788779],
            [-96.705841000401747, 42.090190999767792],
            [-96.706592999889011, 42.090198000063033],
            [-96.70884300029968, 42.090191999714769],
            [-96.709181000408492, 42.090190999767792],
            [-96.709254000203416, 42.090190999767792],
            [-96.710050000071632, 42.090191999714769],
            [-96.714324999863734, 42.090191999714769],
            [-96.716606000236553, 42.090185000085505],
            [-96.717232000225451, 42.090193000328391],
            [-96.719403999919976, 42.090187999926698],
            [-96.721635999888989, 42.090191999714769],
            [-96.722733999880987, 42.090208000197798],
            [-96.725053999713523, 42.090204999690869],
            [-96.727531999729834, 42.09019900000991],
            [-96.728837000309369, 42.090196000169243],
            [-96.729486999689399, 42.090201999850485],
            [-96.731640000015688, 42.090223000063666],
            [-96.738263000127773, 42.090226999849492],
            [-96.738279000021279, 42.090226999849492],
            [-96.740312999623583, 42.090225999903062],
            [-96.74378200040006, 42.090223000063666],
            [-96.745503000007901, 42.090232000248108],
            [-96.746848999697008, 42.090223000063666],
            [-96.749043000031193, 42.090236000033407],
            [-96.750002999930913, 42.090241999710869],
            [-96.75103399997576, 42.090243000323696],
            [-96.751994999700415, 42.090244000269848],
            [-96.752181000371564, 42.090245000216001],
            [-96.752290000151504, 42.090245000216001],
            [-96.752658000397545, 42.090247000108299],
            [-96.752897999698732, 42.090248000054402],
            [-96.752979999714483, 42.090248000054402],
            [-96.753137999898243, 42.090249000000483],
            [-96.753877999689948, 42.090251999838685],
            [-96.755277999805728, 42.090258000181286],
            [-96.757212999673825, 42.090266999694151],
            [-96.757601000011334, 42.090269000252356],
            [-96.758050000448222, 42.090271000143851],
            [-96.758753000430019, 42.090269000252356],
            [-96.763153999720501, 42.090259000127205],
            [-96.764962000265299, 42.090270000198103],
            [-96.766876000216982, 42.090273999981015],
            [-96.767725999613546, 42.090269000252356],
            [-96.768412999701809, 42.090275999872354],
            [-96.769671000425689, 42.090289999776715],
            [-96.771485999744868, 42.090302999732721],
            [-96.773968999784017, 42.090309000070484],
            [-96.775749999666331, 42.090305000289788],
            [-96.777220000102304, 42.090310999960771],
            [-96.778145999666862, 42.09031499974104],
            [-96.778325999591914, 42.090315999686119],
            [-96.77999699986934, 42.090333000082573],
            [-96.781427999947269, 42.090327999691972],
            [-96.78190499997325, 42.090326999747084],
            [-96.783019999683674, 42.090327999691972],
            [-96.78442800019539, 42.090329000303441],
            [-96.785675999975226, 42.090334000027369],
            [-96.786597000415213, 42.090333000082573],
            [-96.788108999785663, 42.090331000193039],
            [-96.788390999817992, 42.090332000137813],
            [-96.791859999696158, 42.09034799991889],
            [-96.793618000012231, 42.090348999863394],
            [-96.795485000108243, 42.090342000251447],
            [-96.797138999768933, 42.090344000140647],
            [-96.799334999752915, 42.09035400025239],
            [-96.801149999970406, 42.090349999807934],
            [-96.801286000412858, 42.09035099975241],
            [-96.803114999975719, 42.090363999695924],
            [-96.80357600010818, 42.090372999860399],
            [-96.803885999729573, 42.090367000195336],
            [-96.804183999655393, 42.090358999974356],
            [-96.805928999552677, 42.090369000083733],
            [-96.806429999868115, 42.090371999916272],
            [-96.807454000240256, 42.090370999972073],
            [-96.808611999608402, 42.090380000135568],
            [-96.809035000106007, 42.090382999967574],
            [-96.809652999698983, 42.090375999692696],
            [-96.814044999666962, 42.09039799979201],
            [-96.815778999693606, 42.090395999904523],
            [-96.818080000157892, 42.09041300027959],
            [-96.818269000303772, 42.090415000166544],
            [-96.82046699993758, 42.090408999838807],
            [-96.822406999828544, 42.090409999782352],
            [-96.82344700009422, 42.09041099972594],
            [-96.823519999889143, 42.09041099972594],
            [-96.82366999967698, 42.09041099972594],
            [-96.825114999998618, 42.090409999782352],
            [-96.826011000324243, 42.090406999951668],
            [-96.82787800042027, 42.090407999895241],
            [-96.831642999676134, 42.09041300027959],
            [-96.834794000435295, 42.090417999996902],
            [-96.836099000116533, 42.090419999883693],
            [-96.836283000239547, 42.090417999996902],
            [-96.836631000394092, 42.09041400022307],
            [-96.839330000343324, 42.090415000166544],
            [-96.842004000178207, 42.090416000109997],
            [-96.842896000305871, 42.090416000109997],
            [-96.843724999786033, 42.090415000166544],
            [-96.844370000041522, 42.090418999940304],
            [-96.845847000150187, 42.090428000096985],
            [-96.847617000161833, 42.090424000323779],
            [-96.853107999946729, 42.090437000252329],
            [-96.853323000031864, 42.090437000252329],
            [-96.855231999960679, 42.090437000252329],
            [-96.86026199961313, 42.090453000006917],
            [-96.861044000135948, 42.090443999853839],
            [-96.862272999649207, 42.090441999967751],
            [-96.862841999736673, 42.090440000081649],
            [-96.86338400005998, 42.090453000006917],
            [-96.864114999630871, 42.090453000006917],
            [-96.871972000177379, 42.090463000101479],
            [-96.872044000147412, 42.090463000101479],
            [-96.872465999921786, 42.090449000235303],
            [-96.873681999914567, 42.090461000216045],
            [-96.875004000212542, 42.090453000006917],
            [-96.875184999962499, 42.090453999949773],
            [-96.879438000013309, 42.090469999700069],
            [-96.881748999625032, 42.090463000101479],
            [-96.88227800042786, 42.090462000158773],
            [-96.882673000438061, 42.090466999872213],
            [-96.883754999638228, 42.090466999872213],
            [-96.886506000364321, 42.090469999700069],
            [-96.88680299956691, 42.090469999700069],
            [-96.892219999731964, 42.090476000022036],
            [-96.892414999725631, 42.090476000022036],
            [-96.892829999827327, 42.090476999964572],
            [-96.894901999962769, 42.090478999849509],
            [-96.89899900037797, 42.090483000285879],
            [-96.899474999680706, 42.090484000228258],
            [-96.901210000430567, 42.090480999734382],
            [-96.90328699969055, 42.09048199967684],
            [-96.906670000253328, 42.090498000086662],
            [-96.906687999796674, 42.090498000086662],
            [-96.907018000407859, 42.090499999970987],
            [-96.908439000440055, 42.090495000260141],
            [-96.908451999960533, 42.090495000260141],
            [-96.910011999909884, 42.090484000228258],
            [-96.911822000104493, 42.090491999766783],
            [-96.911843999845814, 42.090489999882259],
            [-96.912315999848914, 42.090491999766783],
            [-96.914256999564785, 42.09048799999767],
            [-96.916287999692329, 42.090501999855192],
            [-96.91663699967178, 42.09050099991309],
            [-96.918455000262313, 42.090498000086662],
            [-96.920713000170593, 42.090495000260141],
            [-96.920730999713925, 42.090495000260141],
            [-96.920898999943432, 42.090495000260141],
            [-96.920923000232875, 42.090495000260141],
            [-96.921353000403187, 42.090495000260141],
            [-96.921812999812403, 42.090494000317889],
            [-96.922642000190891, 42.090476000022036],
            [-96.922683000198774, 42.090477999907051],
            [-96.922873999994479, 42.090479999791945],
            [-96.923398999701021, 42.090484000228258],
            [-96.923459999800386, 42.090484000228258],
            [-96.925132999727666, 42.090498000086662],
            [-96.927536000299213, 42.090496000202329],
            [-96.929834000390443, 42.09050700023213],
            [-96.931922000419405, 42.090499999970987],
            [-96.934206000266954, 42.09049299970907],
            [-96.937502999717665, 42.090506000290119],
            [-96.937826999582768, 42.090510000058089],
            [-96.937869000313881, 42.090510000058089],
            [-96.937896999902961, 42.090510000058089],
            [-96.939112000070821, 42.090501999855192],
            [-96.940188000321513, 42.090506000290119],
            [-96.941463999690427, 42.090511999942038],
            [-96.945166000095426, 42.090517000318179],
            [-96.946449000035329, 42.090512999883956],
            [-96.947940000387732, 42.090517000318179],
            [-96.949322999886746, 42.090529000286018],
            [-96.950647999659481, 42.090531000169307],
            [-96.951863999652247, 42.090537999760443],
            [-96.953332000438422, 42.090525999794266],
            [-96.955191999963432, 42.090536999818859],
            [-96.957424999757336, 42.090538999701955],
            [-96.958937999851031, 42.090540000310092],
            [-96.95967799964275, 42.090541000251569],
            [-96.961618000431997, 42.090538999701955],
            [-96.964528000268444, 42.090536999818859],
            [-96.966151999791904, 42.090535999877318],
            [-96.966809999567843, 42.090533000052588],
            [-96.967515000097777, 42.090529000286018],
            [-96.969029999841283, 42.090534999935755],
            [-96.969771000356204, 42.090530000227666],
            [-96.970661999760665, 42.09052299996906],
            [-96.971691999980592, 42.090526999736014],
            [-96.975001999850093, 42.090547999841547],
            [-96.976577999692992, 42.090544000075973],
            [-96.979100000090213, 42.090533000052588],
            [-96.980896999866033, 42.090545999958799],
            [-96.981489000418051, 42.090549999724296],
            [-96.983302999912326, 42.09054899978296],
            [-96.984747000409044, 42.09054899978296],
            [-96.988068000149212, 42.090547999841547],
            [-96.992876999868713, 42.090545999958799],
            [-96.993414000169139, 42.090545999958799],
            [-96.996267999929074, 42.090553000214868],
            [-96.997685999588199, 42.090545000017393],
            [-96.998556999799476, 42.090545000017393],
            [-96.998776999907506, 42.090545999958799],
            [-96.998885999687445, 42.090545999958799],
            [-96.999908000409775, 42.090563000293663],
            [-97.000392999933354, 42.090564000234778],
            [-97.005050000215221, 42.090564000234778],
            [-97.00963100032908, 42.090568999940189],
            [-97.017847999827396, 42.09057700013463],
            [-97.018739999955059, 42.090578000075581],
            [-97.019359000271265, 42.09057700013463],
            [-97.024814000071146, 42.090569999881211],
            [-97.028566999631437, 42.090597000283083],
            [-97.029822999807195, 42.090605999747865],
            [-97.030243999756649, 42.090605999747865],
            [-97.032572999810029, 42.090608000295376],
            [-97.032992999934606, 42.090603999866893],
            [-97.033307999578881, 42.090604999807404],
            [-97.034251999585095, 42.090608000295376],
            [-97.036025999794688, 42.090604999807404],
            [-97.03743599995623, 42.090595999675848],
            [-97.038585000001845, 42.09058800015039],
            [-97.039306000425285, 42.090582999779883],
            [-97.040700999619887, 42.090579999957335],
            [-97.04172099979408, 42.090576000193721],
            [-97.041735999862695, 42.090576000193721],
            [-97.042388999615781, 42.090572999704243],
            [-97.043688000347544, 42.090594999735238],
            [-97.047102999799023, 42.090602999926396],
            [-97.048431999769718, 42.090615999818311],
            [-97.048659000448751, 42.090617999698864],
            [-97.049769999961228, 42.090614999877957],
            [-97.051154000183473, 42.090614999877957],
            [-97.052714999957743, 42.090615999818311],
            [-97.052918000347347, 42.090615999818311],
            [-97.053177999740029, 42.090615999818311],
            [-97.056358999738094, 42.090597000283083],
            [-97.057063000443108, 42.090598000223672],
            [-97.057566000408357, 42.090583999720693],
            [-97.058055000129897, 42.090569999881211],
            [-97.058276000062847, 42.09057700013463],
            [-97.059163000167629, 42.090582999779883],
            [-97.060621000009732, 42.090595999675848],
            [-97.062668999855731, 42.090586000268893],
            [-97.0640670003217, 42.090587000209645],
            [-97.068880000239162, 42.090578000075581],
            [-97.071660000379254, 42.090579000016461],
            [-97.072575999898049, 42.090565000175879],
            [-97.072590000141744, 42.090565000175879],
            [-97.07271900001318, 42.090563000293663],
            [-97.0736699996921, 42.090590999972569],
            [-97.074448999841849, 42.090569999881211],
            [-97.075749000398531, 42.090557999921145],
            [-97.076088000332248, 42.090565000175879],
            [-97.076591000297483, 42.090575000252791],
            [-97.077266999616782, 42.090589000091164],
            [-97.077649000106504, 42.090586000268893],
            [-97.078195999554367, 42.090581999839017],
            [-97.080470000254493, 42.090591999913244],
            [-97.081467999789055, 42.090580999898187],
            [-97.086387000011726, 42.090578000075581],
            [-97.088132999733915, 42.090567999999152],
            [-97.090307999801524, 42.090581999839017],
            [-97.092302999944053, 42.090569999881211],
            [-97.095779000393236, 42.090579999957335],
            [-97.096893000278754, 42.090589000091164],
            [-97.100311999928209, 42.090590000031874],
            [-97.102215999834158, 42.090599000164232],
            [-97.104845000361507, 42.090598000223672],
            [-97.106627000068727, 42.090608000295376],
            [-97.106861000420452, 42.090609000235787],
            [-97.107569000425102, 42.090612999997319],
            [-97.10853900037057, 42.09061900030575],
            [-97.110141000152723, 42.09062300006665],
            [-97.111335000404196, 42.090620000245991],
            [-97.113768000214648, 42.090621000186211],
            [-97.115226999881685, 42.090615999818311],
            [-97.115996999810619, 42.090612999997319],
            [-97.116484999707225, 42.090616999758595],
            [-97.124523999828625, 42.090633000134417],
            [-97.128402999785621, 42.09064100032078],
            [-97.130156000078813, 42.090653000265156],
            [-97.133162999999627, 42.090650999719074],
            [-97.134690000337031, 42.090656000084259],
            [-97.135935999568716, 42.090650999719074],
            [-97.136809000328114, 42.090654000204857],
            [-97.141648000184858, 42.09066500020726],
            [-97.14303900007981, 42.090659999842785],
            [-97.144322000019741, 42.090661999721995],
            [-97.146106000275068, 42.090664000267736],
            [-97.147184000175585, 42.090653000265156],
            [-97.147610000147935, 42.090648999839566],
            [-97.150579000433908, 42.090657999963554],
            [-97.151955000260259, 42.090652000325441],
            [-97.15311099997858, 42.090653000265156],
            [-97.154439999949261, 42.090658999903177],
            [-97.156113999701418, 42.09066500020726],
            [-97.157892999933892, 42.090668000025801],
            [-97.161066000434374, 42.090679999965062],
            [-97.161798999655076, 42.090697000264015],
            [-97.162578999629744, 42.09071000013661],
            [-97.162659999820605, 42.090711000075466],
            [-97.165501999884967, 42.090682999782892],
            [-97.169816000035141, 42.090679000025773],
            [-97.171844999614564, 42.090681999843603],
            [-97.172854999743024, 42.090683999722117],
            [-97.173797000099412, 42.090686000267155],
            [-97.175917999740321, 42.090675000268398],
            [-97.176458000413788, 42.090671999783609],
            [-97.178784999919031, 42.090681999843603],
            [-97.179694999590069, 42.090686000267155],
            [-97.180775999863613, 42.090690000023841],
            [-97.180805000175937, 42.090690000023841],
            [-97.182185000200249, 42.090696000324989],
            [-97.186671999704473, 42.090692999841146],
            [-97.187677999634957, 42.090692999841146],
            [-97.189347000262572, 42.090701999958945],
            [-97.190757000424114, 42.09069800020302],
            [-97.19079099986098, 42.09069800020302],
            [-97.193249999610714, 42.090703999836776],
            [-97.195240999555296, 42.09069900014201],
            [-97.196033999948753, 42.090705999714608],
            [-97.196971000282261, 42.09071499983051],
            [-97.19781999985392, 42.09071200001425],
            [-97.197983999885452, 42.090711000075466],
            [-97.198870999990248, 42.090707000320108],
            [-97.200083999609987, 42.090701999958945],
            [-97.201875000436331, 42.090719000251994],
            [-97.205411000261648, 42.090707000320108],
            [-97.210322000088397, 42.090733000058592],
            [-97.213681000361717, 42.090716999707993],
            [-97.217539000402311, 42.090703999836776],
            [-97.221707999889219, 42.090752000219666],
            [-97.223121000423802, 42.090747999800264],
            [-97.224134000026993, 42.090744999985553],
            [-97.227593999684331, 42.09075899978636],
            [-97.228751000125868, 42.090743000108958],
            [-97.232093999607343, 42.090752000219666],
            [-97.23266400041804, 42.090753000157804],
            [-97.233213000414054, 42.090741000232349],
            [-97.233619000294922, 42.090732000120077],
            [-97.233738000120596, 42.090730000243127],
            [-97.234171999590544, 42.09073699981225],
            [-97.235293999871999, 42.090754000095934],
            [-97.236970999997212, 42.090745999923804],
            [-97.238874999903175, 42.090775000126364],
            [-97.240552999853293, 42.090755999972181],
            [-97.242182000297944, 42.09075899978636],
            [-97.243907000103746, 42.090762000267091],
            [-97.245460000380405, 42.090741000232349],
            [-97.246673000000129, 42.090759999724391],
            [-97.247775000190074, 42.090776000064146],
            [-97.249951000082589, 42.090798000024726],
            [-97.251707999675432, 42.090800999836972],
            [-97.252433000296861, 42.090801999774335],
            [-97.254717999969316, 42.090815000292054],
            [-97.255830000205009, 42.090798000024726],
            [-97.257279999651189, 42.090802999711684],
            [-97.258617999842699, 42.090800999836972],
            [-97.259541999757417, 42.090807000127626],
            [-97.260053000118575, 42.090810999876673],
            [-97.26166400012157, 42.090817000166332],
            [-97.262006000428329, 42.090818000103503],
            [-97.262403000088355, 42.090819999977676],
            [-97.264110000350811, 42.090828000140462],
            [-97.265614000223664, 42.090828000140462],
            [-97.266132000257542, 42.090823999725906],
            [-97.266198000379759, 42.090823999725906],
            [-97.266220000121081, 42.090823999725906],
            [-97.266234000364776, 42.090823999725906],
            [-97.266250000258296, 42.090823999725906],
            [-97.266287000068232, 42.090822999788884],
            [-97.266661000162031, 42.090820999914747],
            [-97.266892999965634, 42.090819999977676],
            [-97.267193000439605, 42.090818000103503],
            [-97.269232999889681, 42.090831999888188],
            [-97.270993999680485, 42.09081900004059],
            [-97.27176500033265, 42.09081900004059],
            [-97.272807000248136, 42.090834999698821],
            [-97.274378000068154, 42.090836000302289],
            [-97.27836800035324, 42.090829000077456],
            [-97.279934999975296, 42.090821999851791],
            [-97.280740999889233, 42.09081900004059],
            [-97.283105999927614, 42.090819999977676],
            [-97.284820999687682, 42.090823999725906],
            [-97.286758999928807, 42.090819999977676],
            [-97.286830999898839, 42.090819999977676],
            [-97.287049000357044, 42.090821999851791],
            [-97.290018999569611, 42.090844999733164],
            [-97.29047200020446, 42.090862999924305],
            [-97.290688999939434, 42.090950000331723],
            [-97.307651999738866, 42.090668000025801],
            [-97.307677999678148, 42.090670999844143],
            [-97.309904999624266, 42.090894999881165],
            [-97.310887000163632, 42.090897999688778],
            [-97.31299199991102, 42.090890000201455],
            [-97.31327499976824, 42.09088900026542],
            [-97.315224999704952, 42.090872000017924],
            [-97.315426000444717, 42.090872999954229],
            [-97.319416999656383, 42.090882999982526],
            [-97.319559999771514, 42.090882999982526],
            [-97.31981500003964, 42.090884999854708],
            [-97.320922000252466, 42.090888000329429],
            [-97.321874999581198, 42.090890000201455],
            [-97.326755000344122, 42.090890000201455],
            [-97.329317000026009, 42.09088599979075],
            [-97.330004999939177, 42.090884999854708],
            [-97.330826999746648, 42.090883999918645],
            [-97.330860000256934, 42.090883999918645],
            [-97.330958999991125, 42.090883999918645],
            [-97.331169999878327, 42.090883999918645],
            [-97.33121000006129, 42.090883999918645],
            [-97.331234000350733, 42.090883999918645],
            [-97.331246999871226, 42.090883999918645],
            [-97.331347000328662, 42.090882999982526],
            [-97.331461000131455, 42.090882999982526],
            [-97.331562000413797, 42.090882999982526],
            [-97.33253499983401, 42.090881000110329],
            [-97.332780999881308, 42.090881000110329],
            [-97.333956999691097, 42.090880000174209],
            [-97.334309000043618, 42.090879000238068],
            [-97.336336999798121, 42.090875999762879],
            [-97.337936999930463, 42.090881000110329],
            [-97.339327999825414, 42.09088599979075],
            [-97.345463000040837, 42.090888000329429],
            [-97.347337999634476, 42.09088900026542],
            [-97.348757000016832, 42.090895999817057],
            [-97.349603999938665, 42.09090100016288],
            [-97.35574800037493, 42.090926999821832],
            [-97.359408999873722, 42.090931000229958],
            [-97.359668000339823, 42.090931000229958],
            [-97.362101000150275, 42.090954000071747],
            [-97.365878000000023, 42.090957999811522],
            [-97.368268000152781, 42.090924000015605],
            [-97.368403999696895, 42.090922000144651],
            [-97.368531999743411, 42.090921000209171],
            [-97.368960000263911, 42.090914999929304],
            [-97.370724000427757, 42.090918999671537],
            [-97.371947999918135, 42.090928999692636],
            [-97.372464000302173, 42.090917999736014],
            [-97.376811999889227, 42.090907999713181],
            [-97.385778000298387, 42.090913999993717],
            [-97.387592999617553, 42.090902000098716],
            [-97.387661000287935, 42.090902000098716],
            [-97.388674999716045, 42.090903000034494],
            [-97.390542999636949, 42.090904999905995],
            [-97.397405999948546, 42.090891000137418],
            [-97.402705000112832, 42.090895999817057],
            [-97.405814000140879, 42.09088599979075],
            [-97.407225000127312, 42.090886999726777],
            [-97.408506000417418, 42.090886999726777],
            [-97.412393999696931, 42.090868000272778],
            [-97.415046999615413, 42.090866999669814],
            [-97.417394999935368, 42.090858000242065],
            [-97.422362999663534, 42.090823999725906],
            [-97.423896999673616, 42.09081199981388],
            [-97.425222000344633, 42.090800999836972],
            [-97.425881999770425, 42.090801999774335],
            [-97.426132000015684, 42.090802999711684],
            [-97.42660499984369, 42.090804000315657],
            [-97.42681099970801, 42.090804000315657],
            [-97.427690000315195, 42.090804000315657],
            [-97.428481000160531, 42.090804000315657],
            [-97.428595999788271, 42.090804000315657],
            [-97.429003000392342, 42.090804000315657],
            [-97.430184000225026, 42.090805000252978],
            [-97.431168000414203, 42.090805000252978],
            [-97.431765999915697, 42.090805000252978],
            [-97.432511999555189, 42.090806000190341],
            [-97.432746999731833, 42.090805000252978],
            [-97.434826000438278, 42.09079199973322],
            [-97.437992000367743, 42.090796000149851],
            [-97.442914000065144, 42.090775000126364],
            [-97.444036000346571, 42.090769999770558],
            [-97.444580000319704, 42.090747999800264],
            [-97.445342999677635, 42.09075899978636],
            [-97.446261999569487, 42.09075899978636],
            [-97.446428999974074, 42.09075899978636],
            [-97.446645999709048, 42.090759999724391],
            [-97.448811999555815, 42.090755000034036],
            [-97.454099999849419, 42.090751000281514],
            [-97.45530300032172, 42.090749999676703],
            [-97.455467000353252, 42.090746999862041],
            [-97.456719000331034, 42.090727999699467],
            [-97.46048699995994, 42.090737999750679],
            [-97.462806999792491, 42.09071200001425],
            [-97.464098000128345, 42.090693999780257],
            [-97.464755000079379, 42.090692999841146],
            [-97.46511900012743, 42.090691999902056],
            [-97.465521999635243, 42.090690999962959],
            [-97.465832999979881, 42.090692999841146],
            [-97.467293000370134, 42.090701000019997],
            [-97.469824000089872, 42.090705999714608],
            [-97.474801000038866, 42.090716999707993],
            [-97.476689999876186, 42.090694999719318],
            [-97.484830000279928, 42.090676000207758],
            [-97.485128000205762, 42.090657000023917],
            [-97.486148000379956, 42.090664000267736],
            [-97.488967999804686, 42.09064100032078],
            [-97.489414999693437, 42.090636999894379],
            [-97.494013000424061, 42.090620000245991],
            [-97.494693999766213, 42.090621000186211],
            [-97.49569100037418, 42.090622000126466],
            [-97.496519999854357, 42.090614999877957],
            [-97.497023999644526, 42.090622000126466],
            [-97.498519000194847, 42.090610000176177],
            [-97.498932999573327, 42.090605999747865],
            [-97.49985599966314, 42.09061900030575],
            [-97.500791000346837, 42.090621000186211],
            [-97.502166000348268, 42.09062300006665],
            [-97.504061000033374, 42.090614999877957],
            [-97.504681000174486, 42.090612999997319],
            [-97.505636999876259, 42.090612999997319],
            [-97.506462999881691, 42.090612999997319],
            [-97.509397000007553, 42.090586000268893],
            [-97.510103000362406, 42.090579000016461],
            [-97.511743999604306, 42.090585000328119],
            [-97.513010999650703, 42.090579999957335],
            [-97.513579999738184, 42.090578000075581],
            [-97.513982000319402, 42.090578000075581],
            [-97.514173000115107, 42.090578000075581],
            [-97.51613200027262, 42.090580999898187],
            [-97.519156999736808, 42.090579999957335],
            [-97.520571000096282, 42.090565000175879],
            [-97.523677999576208, 42.090546999900184],
            [-97.524104000446869, 42.090545000017393],
            [-97.533243000210078, 42.090522000027292],
            [-97.5346039999678, 42.090518000260026],
            [-97.535603000225592, 42.090506000290119],
            [-97.535800999694018, 42.090503999739347],
            [-97.536307999857215, 42.090498000086662],
            [-97.538162000432749, 42.090485000170624],
            [-97.538523000107773, 42.090486000112968],
            [-97.540076000384431, 42.090491999766783],
            [-97.542257000299813, 42.090486000112968],
            [-97.543213999826492, 42.090483000285879],
            [-97.543680999806739, 42.090484000228258],
            [-97.546087999677923, 42.090490999824532],
            [-97.54763699975662, 42.090480999734382],
            [-97.548189000125674, 42.090477999907051],
            [-97.549944999893597, 42.090489999882259],
            [-97.55275900036888, 42.090476999964572],
            [-97.55517299991277, 42.09046599992957],
            [-97.559732000285337, 42.090484000228258],
            [-97.560210000136223, 42.090479999791945],
            [-97.560552000442982, 42.090467999814848],
            [-97.562092000300851, 42.090448000292369],
            [-97.56267399990881, 42.090455999835477],
            [-97.564664000028472, 42.090281000267105],
            [-97.576623999939656, 42.090363999695924],
            [-97.578003999963968, 42.090373999804513],
            [-97.579984000037882, 42.090386999743302],
            [-97.582072000066859, 42.090401000289816],
            [-97.59168899968094, 42.090332000137813],
            [-97.601477999722476, 42.090260000073116],
            [-97.620928999583981, 42.090296000115707],
            [-97.624821999784672, 42.090330000248244],
            [-97.625466000215212, 42.090311999905857],
            [-97.626195999961169, 42.090263999856653],
            [-97.626441000183561, 42.090266999694151],
            [-97.62686399978287, 42.090297000061035],
            [-97.627356999702371, 42.090265999748311],
            [-97.627923000315121, 42.090315999686119],
            [-97.62848999985448, 42.090330000248244],
            [-97.628812000069729, 42.090358999974356],
            [-97.628990000344984, 42.090385999799402],
            [-97.629506999655604, 42.090405000064415],
            [-97.629838999916629, 42.090320000132714],
            [-97.630787000120804, 42.090362999751648],
            [-97.632110000243699, 42.090297000061035],
            [-97.632431999560652, 42.090287999885774],
            [-97.634252999625915, 42.090322999967569],
            [-97.635092000050136, 42.090313999795995],
            [-97.636202999562627, 42.090326999747084],
            [-97.638169000291157, 42.090286999940297],
            [-97.638787999709038, 42.090307000180189],
            [-97.639981000135592, 42.090378000247505],
            [-97.640920999943845, 42.090382999967574],
            [-97.641327999649619, 42.090344000140647],
            [-97.641761000192986, 42.090322999967569],
            [-97.64193000024737, 42.090332000137813],
            [-97.642423000166872, 42.090319000187748],
            [-97.643574999687232, 42.090332000137813],
            [-97.644643000440311, 42.090320000132714],
            [-97.644712000037288, 42.09031499974104],
            [-97.644784000007306, 42.090309000070484],
            [-97.644922999924475, 42.090298000006342],
            [-97.646312999994521, 42.09028899983128],
            [-97.647465000413206, 42.090271000143851],
            [-97.648422999764776, 42.090270000198103],
            [-97.650119999981499, 42.090294000224958],
            [-97.652424999745449, 42.090289999776715],
            [-97.654588999942362, 42.090281000267105],
            [-97.656030999890959, 42.090285999994819],
            [-97.659385000141413, 42.09028899983128],
            [-97.659710999656326, 42.09028899983128],
            [-97.660831000287942, 42.090294000224958],
            [-97.664901000040658, 42.090277999763671],
            [-97.666024000147004, 42.090285999994819],
            [-97.669587999561429, 42.090275999872354],
            [-97.67713899978618, 42.09025399973072],
            [-97.678411999680364, 42.090265999748311],
            [-97.679186999632151, 42.090264999802486],
            [-97.679579999992555, 42.090259000127205],
            [-97.680760999825225, 42.090270000198103],
            [-97.682131999628695, 42.090262999910813],
            [-97.689757000371628, 42.090254999676716],
            [-97.690836999921956, 42.090250999892653],
            [-97.693800000360142, 42.090239999818465],
            [-97.694454999763025, 42.090236000033407],
            [-97.695340000218025, 42.090239999818465],
            [-97.696726000090095, 42.090245000216001],
            [-97.698609999904548, 42.09023799992594],
            [-97.717905999955335, 42.090227999795957],
            [-97.718122999690323, 42.090225999903062],
            [-97.720456999766569, 42.090231000301749],
            [-97.72249299991698, 42.090225999903062],
            [-97.725133000314983, 42.090229999688745],
            [-97.727510000048952, 42.090210000091218],
            [-97.730979999752037, 42.090199999956766],
            [-97.734691000377865, 42.09020700025107],
            [-97.736719999957273, 42.090195000222273],
            [-97.737467000319981, 42.090190999767792],
            [-97.737771999918508, 42.090189999820794],
            [-97.743021999678973, 42.090177999788779],
            [-97.745283999785215, 42.090173000052545],
            [-97.747382999684831, 42.090144000241409],
            [-97.752453000418555, 42.090123999950173],
            [-97.7538719999026, 42.090133000148661],
            [-97.756997999649087, 42.090131000252818],
            [-97.757179000297384, 42.090118000261512],
            [-97.758051000333566, 42.090127999742244],
            [-97.761491999724328, 42.090126999794251],
            [-97.762654000188746, 42.09007599975871],
            [-97.763780999594729, 42.090082000117945],
            [-97.765898999760921, 42.090067000218738],
            [-97.76722199988383, 42.090094000168072],
            [-97.769899000091741, 42.090104000319229],
            [-97.770788999671282, 42.090082000117945],
            [-97.772254000084388, 42.090128999690265],
            [-97.773168999778292, 42.090107000164252],
            [-97.776276000156514, 42.090097000013607],
            [-97.795707999751443, 42.090057000061748],
            [-97.805157999859262, 42.08996799986177],
            [-97.807142000131151, 42.089949000132457],
            [-97.8152210004355, 42.090018000034426],
            [-97.815484000201238, 42.089986000301778],
            [-97.816089000273749, 42.089983999734656],
            [-97.816576000345464, 42.089999000320141],
            [-97.829410999767546, 42.089884999914801],
            [-97.830225000077419, 42.089885999866596],
            [-97.831050000257946, 42.089870999921047],
            [-97.832785999934387, 42.08986199968539],
            [-97.833936999629842, 42.089804999718524],
            [-97.834535999854538, 42.089750000275046]
          ]
        ]
      },
      "properties": {
        "AREALAND": "15494287193",
        "AREAWATER": "183862115",
        "BASENAME": "1",
        "CDSESSN": "119",
        "CDTYP": "O",
        "CENTLAT": "+41.3763391",
        "CENTLON": "-096.9806670",
        "FUNCSTAT": "N",
        "GEOID": "3101",
        "HU100": null,
        "INTPTLAT": "+41.3776094",
        "INTPTLON": "-096.9798487",
        "LSADC": "C2",
        "MTFCC": "G5200",
        "NAME": "Congressional District 1",
        "OBJECTID": 379,
        "OID": "2119035951823462",
        "POP100": null,
        "STATE": "31",
        "CD119": "01"
      }
    }
  ]
}
