{
  "type": "FeatureCollection",
  "features": [
    {
      "type": "Feature",
      "id": 1856,
      "geometry": {
        "type": "Polygon",
        "coordinates": [
          [
            [-98.011413000096709, 30.248562000202412],
            [-98.011413000096709, 30.248486999777104],
            [-98.011404999700787, 30.248432999652685],
            [-98.011389999632172, 30.248382999827189],
            [-98.011357000020226, 30.248311000095825],
            [-98.01131900038537, 30.248244999649103],
            [-98.010888000390167, 30.247690000028996],
            [-98.010722999635405, 30.24750099987067],
            [-98.010690000023445, 30.247451999856484],
            [-98.010666999558907, 30.247402000307797],
            [-98.010650999665387, 30.247313999922806],
            [-98.01061300003056, 30.247248000358368],
            [-98.010448000174108, 30.247049999847043],
            [-98.010331999823165, 30.24693100022175],
            [-98.010227000241173, 30.246848000097877],
            [-98.009895999805067, 30.246602999706489],
            [-98.00961999962054, 30.246347999616376],
            [-98.009562999719137, 30.246301999919236],
            [-98.009402999885552, 30.246196000163938],
            [-98.009242000227076, 30.246098999885],
            [-98.009046000408517, 30.245997000336398],
            [-98.008933000430588, 30.245948999873161],
            [-98.008782999744454, 30.245896999732818],
            [-98.008699999903769, 30.245875000083025],
            [-98.008607000017363, 30.245858999911327],
            [-98.008469999750005, 30.245848999996717],
            [-98.008324999985049, 30.245852000126444],
            [-98.008226000250843, 30.245858999911327],
            [-98.008112000448037, 30.245878000211899],
            [-98.008037000104963, 30.245871999954009],
            [-98.007924999951967, 30.245845999866912],
            [-98.007772999615995, 30.245790000014104],
            [-98.00760299973669, 30.245706999702463],
            [-98.006828999609795, 30.245366999956477],
            [-98.006722000377991, 30.245312999669469],
            [-98.00665500043084, 30.245269000103416],
            [-98.006590999958419, 30.245211000081035],
            [-98.006509999767559, 30.245111999762972],
            [-98.006406999835406, 30.244949999944563],
            [-98.006332000390643, 30.244806000054233],
            [-98.006286000359893, 30.244700000237192],
            [-98.00624899965166, 30.244589999823017],
            [-98.006207999643763, 30.244370000177337],
            [-98.006170999833856, 30.244253999813075],
            [-98.006144000069682, 30.244150000039131],
            [-98.006135999673759, 30.244070999622398],
            [-98.006139999871721, 30.244002000021741],
            [-98.006154999940335, 30.243949999627148],
            [-98.006180000054698, 30.243904999905215],
            [-98.006210000191913, 30.243868999957577],
            [-98.006277000139065, 30.243815999946058],
            [-98.00649899989692, 30.243677000014234],
            [-98.006650000407973, 30.243606000263576],
            [-98.006729000050683, 30.243556999859159],
            [-98.007206000076664, 30.243266000232691],
            [-98.007312000381873, 30.243195000185047],
            [-98.0073500000167, 30.243164999624831],
            [-98.007423999636558, 30.243096999718045],
            [-98.007587999668061, 30.242932999794927],
            [-98.007659999638093, 30.242878999722464],
            [-98.007719000087647, 30.24285200006312],
            [-98.007786000034784, 30.242834999842668],
            [-98.007857000179897, 30.242827999842383],
            [-98.007945000043449, 30.242827000285711],
            [-98.008003999594692, 30.242831999620908],
            [-98.008092000356555, 30.242845999620467],
            [-98.008191999915681, 30.242871000169096],
            [-98.008345000076545, 30.242925000245961],
            [-98.008574000405403, 30.24302100022302],
            [-98.008701999553608, 30.243084999638345],
            [-98.0087509999574, 30.243115999776641],
            [-98.008819999554376, 30.243172000377239],
            [-98.00889499989745, 30.243273000201842],
            [-98.008936999730253, 30.243337999780472],
            [-98.008982999761002, 30.243382000211078],
            [-98.009007999875351, 30.243396999683164],
            [-98.009124000226294, 30.243439999760913],
            [-98.009529000282242, 30.243546999710297],
            [-98.009600000427383, 30.243579000027957],
            [-98.009622999993596, 30.243594000245984],
            [-98.009636000412371, 30.243608999685708],
            [-98.009693000313789, 30.243656000191741],
            [-98.00974699984215, 30.243666000329512],
            [-98.010249999807399, 30.243721000293103],
            [-98.010372000006129, 30.243757000294909],
            [-98.010426000432815, 30.243757000294909],
            [-98.010486999633855, 30.243740999778403],
            [-98.010560000327104, 30.243702999899227],
            [-98.010649999840467, 30.243627999645287],
            [-98.010736999879128, 30.243534000136084],
            [-98.01081800006996, 30.24343499968067],
            [-98.010886999666937, 30.243328999936907],
            [-98.010958999636969, 30.243197999619721],
            [-98.01102200028447, 30.243051000051121],
            [-98.011121999843567, 30.242768000040819],
            [-98.011151000155891, 30.242703999643048],
            [-98.011182999942946, 30.242638000086551],
            [-98.011232000346752, 30.242419000288042],
            [-98.011253000263153, 30.242288000309916],
            [-98.011199999661386, 30.241764000203545],
            [-98.011088000406701, 30.241346999648012],
            [-98.01093000022297, 30.241027000376135],
            [-98.010885000017112, 30.240696999623456],
            [-98.010828999940614, 30.240445000023986],
            [-98.010830999590439, 30.240339000159619],
            [-98.00954099997783, 30.239419999786442],
            [-97.999899000249371, 30.232507999800205],
            [-97.982590999770125, 30.220149000105792],
            [-97.96933700004837, 30.21067199999462],
            [-97.95936200023398, 30.203540000128502],
            [-97.950901000338206, 30.197507000046251],
            [-97.948131000243862, 30.19553099966172],
            [-97.94481600035148, 30.193149999981291],
            [-97.929646000129907, 30.182304000325757],
            [-97.928808000428901, 30.18170300015877],
            [-97.924900999984501, 30.178892000071791],
            [-97.923614999671514, 30.1779669998228],
            [-97.923195000445261, 30.177659999913782],
            [-97.919570999858095, 30.17503899962885],
            [-97.91945799988018, 30.17494900002222],
            [-97.918622999653905, 30.174351000013278],
            [-97.91718900010126, 30.173324999761824],
            [-97.916071999842686, 30.172526000107826],
            [-97.913035999609548, 30.170343000376846],
            [-97.911564000422061, 30.169271999873494],
            [-97.908513999945228, 30.1670820003459],
            [-97.90651700015286, 30.165631999821162],
            [-97.904655000079728, 30.164297000153976],
            [-97.902899000311791, 30.163032000374795],
            [-97.898939999988855, 30.16018300024357],
            [-97.898522000412413, 30.159894000280087],
            [-97.89714400003794, 30.158883000155942],
            [-97.896281000222586, 30.15827100016315],
            [-97.895254000375701, 30.157519999785499],
            [-97.893809999878982, 30.15649100014058],
            [-97.890445999582781, 30.154071999645332],
            [-97.888931999664194, 30.152966999842661],
            [-97.88352200007013, 30.149066999919743],
            [-97.882256999673572, 30.148161999709341],
            [-97.880731999884318, 30.147067000358742],
            [-97.878525999854588, 30.14546200017244],
            [-97.878171000027351, 30.145216999836137],
            [-97.877950000094401, 30.145049000075097],
            [-97.877834999568364, 30.144974999765935],
            [-97.877822999872805, 30.144966000249418],
            [-97.87753599981761, 30.144757999715079],
            [-97.877281000447809, 30.144572999846098],
            [-97.877129999936756, 30.144512999961048],
            [-97.877186999838159, 30.144505999959122],
            [-97.874247999689416, 30.142396999740665],
            [-97.868840999570125, 30.138515000124652],
            [-97.868797000087497, 30.138483999670768],
            [-97.868583999652159, 30.138332999726643],
            [-97.866739000195764, 30.13700699979201],
            [-97.866555999897656, 30.136875000285848],
            [-97.866468000034118, 30.13681200003553],
            [-97.865744000135933, 30.136292000355205],
            [-97.863569000068324, 30.134731999637129],
            [-97.862411999626801, 30.133902000027941],
            [-97.861354999642685, 30.133143999780067],
            [-97.857935999993217, 30.130698000077246],
            [-97.85785499980237, 30.130641000059029],
            [-97.854637999819261, 30.128331999663743],
            [-97.847483000327941, 30.123194999727932],
            [-97.846734000315408, 30.122656999808981],
            [-97.835752999672238, 30.114775000127704],
            [-97.834305999700788, 30.113742999731372],
            [-97.832991999798722, 30.112798999679967],
            [-97.831123999877789, 30.111455999908568],
            [-97.820950999696677, 30.104144999852945],
            [-97.820771999596545, 30.104101000159542],
            [-97.820729999763756, 30.104036999793436],
            [-97.819690000396378, 30.103317000007223],
            [-97.81807400037053, 30.102164999697081],
            [-97.815865999792663, 30.100613000219042],
            [-97.815515999988293, 30.10033699972653],
            [-97.813941999795233, 30.099149999892557],
            [-97.813725999885165, 30.098988000120496],
            [-97.813643999869399, 30.098930999676991],
            [-97.813561000028727, 30.098873999977823],
            [-97.813545999960112, 30.098862999663961],
            [-97.813514999997963, 30.098842000050517],
            [-97.812977999697537, 30.099983000044663],
            [-97.812391999891616, 30.101233999869422],
            [-97.812356999731506, 30.10130899976209],
            [-97.811764000252907, 30.102540999925239],
            [-97.811170000051064, 30.103777000259871],
            [-97.811098999905951, 30.103924999635836],
            [-97.810609000359506, 30.104949000126293],
            [-97.810498000031401, 30.105180000007159],
            [-97.809903999829586, 30.10641700013926],
            [-97.809354000008682, 30.107562000328755],
            [-97.808734999692476, 30.109011000092227],
            [-97.808522000155449, 30.10950700038628],
            [-97.808153999909436, 30.110303999676514],
            [-97.807850999960706, 30.110961000191971],
            [-97.807746000378728, 30.111188000319647],
            [-97.80756300008062, 30.1115859997605],
            [-97.807152000176885, 30.112476999754303],
            [-97.806388999920657, 30.114334999915766],
            [-97.80584800032058, 30.11567800017794],
            [-97.805552999869462, 30.116412000133678],
            [-97.805297999601351, 30.1170469999708],
            [-97.804650999696051, 30.118657000093361],
            [-97.804613999886129, 30.118748999862724],
            [-97.804447000379881, 30.119163999741929],
            [-97.804438000159038, 30.119185999733645],
            [-97.80445800025052, 30.119195000046709],
            [-97.804345000272619, 30.119417999771976],
            [-97.803644999765581, 30.121171999989464],
            [-97.80297699994388, 30.122845000347759],
            [-97.802482000374553, 30.124085999897098],
            [-97.801956999769686, 30.125402999612444],
            [-97.801384000382555, 30.126892000120385],
            [-97.800974000303754, 30.127939999783713],
            [-97.800796999853418, 30.128390000179831],
            [-97.800250000405569, 30.129705000123341],
            [-97.800164000191828, 30.129909000048858],
            [-97.799969000198161, 30.13037600023743],
            [-97.799667000074379, 30.131116999895916],
            [-97.799436999920601, 30.131680000375123],
            [-97.79915099969034, 30.132380999643964],
            [-97.798702000151764, 30.133625000198165],
            [-97.798494999564213, 30.134197999962868],
            [-97.798432999639942, 30.134369999853309],
            [-97.798395000005101, 30.134466000041204],
            [-97.797996999621844, 30.135477000259584],
            [-97.797396999572229, 30.13699499998544],
            [-97.797372000356177, 30.13705800011893],
            [-97.797019000178764, 30.137950000097725],
            [-97.796505000342876, 30.139265999924397],
            [-97.796431999649613, 30.139452000250696],
            [-97.796158000013222, 30.140151999656169],
            [-97.796142000119701, 30.140203999733483],
            [-97.796363000052651, 30.140351999684082],
            [-97.796603000252148, 30.140466000124594],
            [-97.79716399994372, 30.140734000273437],
            [-97.799585000058613, 30.141888000153397],
            [-97.801555000086793, 30.142828000265482],
            [-97.804798999834063, 30.143662000084028],
            [-97.804150000278952, 30.145409999758698],
            [-97.804110000095974, 30.145516000094947],
            [-97.803346999839732, 30.147059999761201],
            [-97.802590000329602, 30.149899000372354],
            [-97.801555000086793, 30.152141000171088],
            [-97.801627999881717, 30.152149999809836],
            [-97.80165299999608, 30.152157000046092],
            [-97.801718000293405, 30.15217599979723],
            [-97.801820000400667, 30.152229000228356],
            [-97.801889999822535, 30.152276999802798],
            [-97.802042000158508, 30.152403999632224],
            [-97.802217999885599, 30.152567999732767],
            [-97.802383999566956, 30.152697000131759],
            [-97.802711999630006, 30.153022999701715],
            [-97.80293199973805, 30.153228000051712],
            [-97.803318000425747, 30.153633999953399],
            [-97.803416000335034, 30.15376400019618],
            [-97.803741000025042, 30.15416500026592],
            [-97.803819999667752, 30.154255999886267],
            [-97.803886999614889, 30.154316999738434],
            [-97.803927999622786, 30.154342999931355],
            [-97.80404999982153, 30.154398000107697],
            [-97.804153999578602, 30.154473999693661],
            [-97.804265999731598, 30.154542999931358],
            [-97.804442000357, 30.154633000303953],
            [-97.804540000266286, 30.154669999950027],
            [-97.804609999688182, 30.154686000191532],
            [-97.804804999681849, 30.154703999780473],
            [-97.804926999880593, 30.154700999978633],
            [-97.805012000269386, 30.154686999866687],
            [-97.80513799976778, 30.15468199993721],
            [-97.805526999930208, 30.154688999993766],
            [-97.805639999908109, 30.15468199993721],
            [-97.80572000027405, 30.154662999892061],
            [-97.805844000122619, 30.154617000053832],
            [-97.805907999696714, 30.154583000193401],
            [-97.805987000237735, 30.154528000120223],
            [-97.806025999697482, 30.154487999835862],
            [-97.806240999782631, 30.154173000039624],
            [-97.8062879996383, 30.154124000153484],
            [-97.806821999565685, 30.153744000289482],
            [-97.806989999795178, 30.153619999689969],
            [-97.807065000138252, 30.153544000222627],
            [-97.807118999666613, 30.153469000384348],
            [-97.807162000222618, 30.153387000340437],
            [-97.807211999553047, 30.153250000219312],
            [-97.807221999598781, 30.153180999853749],
            [-97.807205999705246, 30.152986000214543],
            [-97.807209999903222, 30.152931999720476],
            [-97.807225999796728, 30.152888999708665],
            [-97.807298999591666, 30.152773000251702],
            [-97.807383999980487, 30.152607000322824],
            [-97.807490000285682, 30.152319000382231],
            [-97.807520000422926, 30.152263000123533],
            [-97.807687999754108, 30.152066000042652],
            [-97.807748999853473, 30.151982999906554],
            [-97.807794000059303, 30.151928999640141],
            [-97.807825000021452, 30.151901000180839],
            [-97.807908999687029, 30.151836999722267],
            [-97.807975999634181, 30.151794999714365],
            [-97.808081999939404, 30.1517419998268],
            [-97.808143000038768, 30.15172299999206],
            [-97.808236999750093, 30.151715000019689],
            [-97.808522000155449, 30.151720999804834],
            [-97.808615000041868, 30.151733000150838],
            [-97.808713999776074, 30.151757999766545],
            [-97.808820999906203, 30.151798000381302],
            [-97.808880000355742, 30.151833000129173],
            [-97.80912399985489, 30.15203400026051],
            [-97.809440000222395, 30.152274999626801],
            [-97.8095180000402, 30.152343000150463],
            [-97.809574000116697, 30.152410999850524],
            [-97.809721000429789, 30.152649999680801],
            [-97.809784000178979, 30.152728999698798],
            [-97.809846999928169, 30.152778000278005],
            [-97.810027999678113, 30.152895000199184],
            [-97.810155999724643, 30.152959999663899],
            [-97.810210999976235, 30.152976000182825],
            [-97.810482000137895, 30.153001000260197],
            [-97.81054300023726, 30.153016000303626],
            [-97.81060500016153, 30.153064999963476],
            [-97.810743000253808, 30.153147000275023],
            [-97.810863999729307, 30.153202000341576],
            [-97.810991999775823, 30.153283000073088],
            [-97.811105999578643, 30.153370999888239],
            [-97.811227999777358, 30.153447999953311],
            [-97.811319000013981, 30.153525999645222],
            [-97.811344000128329, 30.153539000235213],
            [-97.811409000425655, 30.153554000196763],
            [-97.811467999976898, 30.153554999883443],
            [-97.811543000319958, 30.153532999783881],
            [-97.81158299960461, 30.153525999645222],
            [-97.811649999551761, 30.153532999783881],
            [-97.811684999711872, 30.153542999759125],
            [-97.811698000130647, 30.153557000033487],
            [-97.811698000130647, 30.15359400008316],
            [-97.811703000153528, 30.153628000284545],
            [-97.811722000420104, 30.153643000232623],
            [-97.811767999552544, 30.153653000196723],
            [-97.811866000360155, 30.153643000232623],
            [-97.812462000211809, 30.153621999838684],
            [-97.812610000349821, 30.153604000052272],
            [-97.812721999604491, 30.153574999828475],
            [-97.812966000001964, 30.153487999882696],
            [-97.813442000203025, 30.153267000380737],
            [-97.813479999837867, 30.153247000373266],
            [-97.81367800020459, 30.153147999965775],
            [-97.813911999657989, 30.153036000357954],
            [-97.814137999613806, 30.152913999808163],
            [-97.814366000117758, 30.152779999667015],
            [-97.814422000194256, 30.152730999865593],
            [-97.814463000202139, 30.152674000145272],
            [-97.81450000001206, 30.152571000376192],
            [-97.814519000278636, 30.152471000369356],
            [-97.814532999624021, 30.15232599982977],
            [-97.814525999951329, 30.152240999735774],
            [-97.814508000407969, 30.152149000108906],
            [-97.814490999791218, 30.152091000350744],
            [-97.814417000171389, 30.151888000151718],
            [-97.814370000315719, 30.151714000314421],
            [-97.814322999561739, 30.15160699994064],
            [-97.814211000307068, 30.151405000007472],
            [-97.814162999728168, 30.151330999805353],
            [-97.814091999583042, 30.151236000199329],
            [-97.814019999613038, 30.151159999671819],
            [-97.813896999589375, 30.151056000163361],
            [-97.813705999793669, 30.150883000125646],
            [-97.813526999693536, 30.150703999937857],
            [-97.813446000400987, 30.150613000147427],
            [-97.813057000238558, 30.150098000340677],
            [-97.812918000321389, 30.149888000303815],
            [-97.81274699971884, 30.149560000239607],
            [-97.812721999604491, 30.149490999623083],
            [-97.812673000099011, 30.149242000272814],
            [-97.81263899976382, 30.148915999858346],
            [-97.812643999786701, 30.148790999668595],
            [-97.812663000053277, 30.148669999818825],
            [-97.812760000137629, 30.148214999966818],
            [-97.812787999726737, 30.148163000227417],
            [-97.81282899973462, 30.148112000202445],
            [-97.812898000229922, 30.148052999881678],
            [-97.812960000154192, 30.148016999826662],
            [-97.813053999865517, 30.147974999745813],
            [-97.813136999706202, 30.147952000211852],
            [-97.813231000315838, 30.14794600019745],
            [-97.813328000400233, 30.147955000218886],
            [-97.813369000408102, 30.147956999705716],
            [-97.813439999654889, 30.148028000103771],
            [-97.813562999678553, 30.148086999662684],
            [-97.813658000113094, 30.148133000215939],
            [-97.813826000342587, 30.14820399971056],
            [-97.813911999657989, 30.148239999697331],
            [-97.813975000305504, 30.148271000193315],
            [-97.814075999689535, 30.148355999824378],
            [-97.814223000002627, 30.148445999628112],
            [-97.814549000415866, 30.148672999804017],
            [-97.814720999944996, 30.148810999802794],
            [-97.814925999984411, 30.148947999875215],
            [-97.815135000221787, 30.149075999838967],
            [-97.815260999720152, 30.149133000084923],
            [-97.81538200009399, 30.149162999792352],
            [-97.815720000202802, 30.149314000252463],
            [-97.815777999929111, 30.149334000280685],
            [-97.815886999709065, 30.149357000269248],
            [-97.815993000014259, 30.14935899972761],
            [-97.816042000418065, 30.149367999620129],
            [-97.816085000075788, 30.149391000377573],
            [-97.816142999802096, 30.149446999936472],
            [-97.816207000274503, 30.149532000107847],
            [-97.816229999840715, 30.149583999902347],
            [-97.816250999757116, 30.14971199981764],
            [-97.816253000305252, 30.149802999662469],
            [-97.816234000038705, 30.149824000092792],
            [-97.816235999688516, 30.149846999967036],
            [-97.816249999932211, 30.14986499966232],
            [-97.816309000381764, 30.149905000267967],
            [-97.816407000291051, 30.149942000134072],
            [-97.816434999880158, 30.149951999696597],
            [-97.816469000215335, 30.149964000257796],
            [-97.816496999804414, 30.149975000317863],
            [-97.816584999667967, 30.149978000263371],
            [-97.816866999700281, 30.149979999709199],
            [-97.817183999892677, 30.149981999931743],
            [-97.817332000030675, 30.149964999980874],
            [-97.817439000160803, 30.149950999973452],
            [-97.817592000321682, 30.149931999793726],
            [-97.817612000413177, 30.149930000346984],
            [-97.817711999972289, 30.149922999952619],
            [-97.817766000398947, 30.149916000334599],
            [-97.817959999669412, 30.149886999803233],
            [-97.818096999936756, 30.149857000315997],
            [-97.818187000348445, 30.149854000366808],
            [-97.818241999701698, 30.149855999815092],
            [-97.818302999801062, 30.14984900019228],
            [-97.818348999831812, 30.149832999942884],
            [-97.818507999840492, 30.149717999724626],
            [-97.818554999696147, 30.149700000002575],
            [-97.818645999932741, 30.149683999729007],
            [-97.818852999621967, 30.149637000172689],
            [-97.818932000163016, 30.149612000019413],
            [-97.818993000262395, 30.14957899971418],
            [-97.819031999722128, 30.149540999984566],
            [-97.819052999638529, 30.149501000008136],
            [-97.819067999707144, 30.149426000202691],
            [-97.819071000080186, 30.149325000384998],
            [-97.819064000407508, 30.149203999636629],
            [-97.819410000013903, 30.149103000368431],
            [-97.819656000061187, 30.149045000372759],
            [-97.819893999712576, 30.14898299985753],
            [-97.81999800036796, 30.148949000385315],
            [-97.820345999624195, 30.148815000295237],
            [-97.820530999572114, 30.148748000181957],
            [-97.820699999626513, 30.148696999682599],
            [-97.821227999706124, 30.148595000158391],
            [-97.821815000235262, 30.148551999809506],
            [-97.821995000160314, 30.148530999885221],
            [-97.82234599978959, 30.148470000338691],
            [-97.82278500018073, 30.14837399979174],
            [-97.822950999862087, 30.148316000144245],
            [-97.823057000167324, 30.14828000018516],
            [-97.823125999764287, 30.148271999933534],
            [-97.823312000435436, 30.148289000176174],
            [-97.823425000413337, 30.148310999891766],
            [-97.823509999903834, 30.148340000109634],
            [-97.823725999813902, 30.14844299963595],
            [-97.823952999594624, 30.148542999842483],
            [-97.824079999816234, 30.148616000069062],
            [-97.824385000313072, 30.148821000256774],
            [-97.824465999605607, 30.148885000341807],
            [-97.824505999788585, 30.148932999989935],
            [-97.824634999660006, 30.14913399981641],
            [-97.824683000238906, 30.149188999790294],
            [-97.824745999988082, 30.149240999765667],
            [-97.824954000400552, 30.149381999710346],
            [-97.82497899961659, 30.149418999772614],
            [-97.824996000233341, 30.14948999989522],
            [-97.824996000233341, 30.149575000029532],
            [-97.824970000294073, 30.149654000180032],
            [-97.824920999890267, 30.149770000197947],
            [-97.824899000148974, 30.149807999839279],
            [-97.824805000437635, 30.149922999952619],
            [-97.824670999645022, 30.150099999784022],
            [-97.824564000413204, 30.150213999836392],
            [-97.824489999895036, 30.150276000354712],
            [-97.824396000183725, 30.150337000337995],
            [-97.824222999931365, 30.150424999674357],
            [-97.824120999824103, 30.150495000132036],
            [-97.824069999770501, 30.150542999773549],
            [-97.824048999854099, 30.150572000111996],
            [-97.824012999869083, 30.15064199968856],
            [-97.823991000127762, 30.150662000224258],
            [-97.823971000036295, 30.150695999882828],
            [-97.823833999768922, 30.151140000013879],
            [-97.823797999783906, 30.151276999958771],
            [-97.823780000240589, 30.151368999622175],
            [-97.823790000286323, 30.151624000385244],
            [-97.823788999563092, 30.151683999829316],
            [-97.823659999691671, 30.15203200007959],
            [-97.823603999615173, 30.152170000039757],
            [-97.82359100009468, 30.152224999874381],
            [-97.823586999896733, 30.152335999927388],
            [-97.823593999569411, 30.152397999888613],
            [-97.823618999683788, 30.152482999847322],
            [-97.823683999981114, 30.152641000087673],
            [-97.823739000232692, 30.152735999894023],
            [-97.823793999585959, 30.152806000265127],
            [-97.823863999906166, 30.152905000239119],
            [-97.823887000370689, 30.152948999936722],
            [-97.823950999944799, 30.153167000302787],
            [-97.823966999838333, 30.153193999712443],
            [-97.823986999929815, 30.153275999916744],
            [-97.824015000417219, 30.153358000052876],
            [-97.824125999846984, 30.153572999678801],
            [-97.824197999817002, 30.153683999768283],
            [-97.824359000373803, 30.153880999724407],
            [-97.824888000278321, 30.154381000141168],
            [-97.825043999913916, 30.154513999983696],
            [-97.825209999595259, 30.154641000039653],
            [-97.825371000152074, 30.154751000029364],
            [-97.825443999947012, 30.154815000150531],
            [-97.82551699974195, 30.154898999906685],
            [-97.825597000107891, 30.155012999849706],
            [-97.825695000017163, 30.155194999771727],
            [-97.825772999834982, 30.155393999929469],
            [-97.825849000002975, 30.155568000265273],
            [-97.82587999996511, 30.155622999758521],
            [-97.825618000024278, 30.156461999988995],
            [-97.825357999733285, 30.157245000311992],
            [-97.825004999555873, 30.158312000104956],
            [-97.824446000412451, 30.160034000131677],
            [-97.823990000302857, 30.161570000161731],
            [-97.823430000436218, 30.163291999987667],
            [-97.823049999596307, 30.164583000137053],
            [-97.823011999961466, 30.164714000275865],
            [-97.822596999859769, 30.165931999885235],
            [-97.822236000184745, 30.167117000105701],
            [-97.821997999635045, 30.167884000041866],
            [-97.821882000182413, 30.168192999970024],
            [-97.821233999553897, 30.170094000090781],
            [-97.821206999789709, 30.170173999630592],
            [-97.820610999938054, 30.172038000270369],
            [-97.820077000010684, 30.173707000007603],
            [-97.820063999591881, 30.173744999743715],
            [-97.81999800036796, 30.173889000368284],
            [-97.818650000130702, 30.176815000109126],
            [-97.818003000225417, 30.178020000367979],
            [-97.817224000075655, 30.179247999873283],
            [-97.81679999975313, 30.179902999990958],
            [-97.816448000298948, 30.180410000229291],
            [-97.814752999732036, 30.182851999685493],
            [-97.812848000001196, 30.185545000156175],
            [-97.812822999886833, 30.185580999709082],
            [-97.812780000229139, 30.185641000228816],
            [-97.812744000244123, 30.185692000253635],
            [-97.812237000080927, 30.186477000044661],
            [-97.811438999664574, 30.187659999905069],
            [-97.810806000002998, 30.188598999947367],
            [-97.80873300004265, 30.191606000034191],
            [-97.808547000269797, 30.191890999884052],
            [-97.807163999872444, 30.193919000032651],
            [-97.807019000107502, 30.194132000373074],
            [-97.804825999598236, 30.197348000277369],
            [-97.804322999633001, 30.198134000338264],
            [-97.804120999966642, 30.198421999951321],
            [-97.803423999832631, 30.198090999860042],
            [-97.802145000090675, 30.197518000235615],
            [-97.800287000215476, 30.196603999719525],
            [-97.799447999791255, 30.196260000115569],
            [-97.798876000229043, 30.195954999829436],
            [-97.798318000012216, 30.195740000256421],
            [-97.797584999893203, 30.19538200019656],
            [-97.796459000312112, 30.19485299996137],
            [-97.795246999618982, 30.194229999941186],
            [-97.794255999757112, 30.193723000179897],
            [-97.793914000348664, 30.194183999934197],
            [-97.793469000109738, 30.194867999847173],
            [-97.793244999803747, 30.195202000026033],
            [-97.793047000335335, 30.195494999863683],
            [-97.792677000439483, 30.196085000156046],
            [-97.792431000392199, 30.196464999827889],
            [-97.791995000374101, 30.197108000110589],
            [-97.791164000345816, 30.198447000147638],
            [-97.791119999964863, 30.198517999893969],
            [-97.791089000002728, 30.198565000211843],
            [-97.790892000359236, 30.198860000141892],
            [-97.790615000349803, 30.199274999955016],
            [-97.790392999693637, 30.199596999983552],
            [-97.790114000034379, 30.200004999852368],
            [-97.789918000215792, 30.200373000064836],
            [-97.789442000014731, 30.201144000338715],
            [-97.788901000414654, 30.20172199969317],
            [-97.788308999862636, 30.201768000060198],
            [-97.787277999817803, 30.201310000038642],
            [-97.786922000165632, 30.201139999640947],
            [-97.785676999860556, 30.200544000220749],
            [-97.784502999700578, 30.202424000220244],
            [-97.783823000183318, 30.203834999900835],
            [-97.782340000226853, 30.206778999919521],
            [-97.782330000181119, 30.206799999854631],
            [-97.781555000229304, 30.208364000321335],
            [-97.78154299963542, 30.208386999731751],
            [-97.781627000199336, 30.208425000062284],
            [-97.782556000136921, 30.208839000015654],
            [-97.783849999947506, 30.209004999935321],
            [-97.783977999994008, 30.209026000171757],
            [-97.784294000361513, 30.209112999994627],
            [-97.784392000270799, 30.209154999640617],
            [-97.784487999631949, 30.209191999775989],
            [-97.784872999596431, 30.209364999930763],
            [-97.785457999577432, 30.209750999709144],
            [-97.786255000168865, 30.210274999632198],
            [-97.786599000125449, 30.210464999821735],
            [-97.78684000014988, 30.210567999632172],
            [-97.787102000090712, 30.210639999835109],
            [-97.787266000122216, 30.210706999793342],
            [-97.788508000054264, 30.21113699985295],
            [-97.789333000234777, 30.211464999920469],
            [-97.789411999877515, 30.211489999909169],
            [-97.789529000053378, 30.211538999992808],
            [-97.79057400034192, 30.211958000171112],
            [-97.790720999756701, 30.212017000273416],
            [-97.790851000351353, 30.212080999686474],
            [-97.792681999564053, 30.212964999644591],
            [-97.793664000103405, 30.213438999786458],
            [-97.793704000286382, 30.213458000142513],
            [-97.79372400037785, 30.213464999905042],
            [-97.793746000119171, 30.213476999718594],
            [-97.793675999798964, 30.213578999627348],
            [-97.793628000118403, 30.213641999723638],
            [-97.793265999720148, 30.214114000012135],
            [-97.79292299958847, 30.214510999634673],
            [-97.79254799966975, 30.214880999629862],
            [-97.792277000406401, 30.215062000138246],
            [-97.792115000024694, 30.215182000141581],
            [-97.791909999985279, 30.215340999823557],
            [-97.79167999983153, 30.215509000087103],
            [-97.791436000332368, 30.215627999712101],
            [-97.791200000330804, 30.215769999982971],
            [-97.789577999558858, 30.216408999829955],
            [-97.789441000189825, 30.21645500031843],
            [-97.789425000296291, 30.216426999787419],
            [-97.789264999564423, 30.216133000328707],
            [-97.78921699988382, 30.216016000196763],
            [-97.789195999967433, 30.215966000184174],
            [-97.789158000332606, 30.215909999612023],
            [-97.78912499982232, 30.21587800037976],
            [-97.789060000423319, 30.215835999722032],
            [-97.788992999577843, 30.215802999858017],
            [-97.788893999843637, 30.215763000384431],
            [-97.788689999629156, 30.215657000303391],
            [-97.788596999742722, 30.215598999888506],
            [-97.788499999658342, 30.215527000209232],
            [-97.788409000320073, 30.215451000361188],
            [-97.788313999885503, 30.215381000244989],
            [-97.788225000197045, 30.215325999952412],
            [-97.78818099981612, 30.215302999835011],
            [-97.7880729998611, 30.215262000321243],
            [-97.787938000141878, 30.215226999813986],
            [-97.787737000300424, 30.215182999979252],
            [-97.787538000108796, 30.215126999737702],
            [-97.787452999719974, 30.215092999797349],
            [-97.787333000069367, 30.215033999987021],
            [-97.787210000045732, 30.214985000091314],
            [-97.787142000273661, 30.214966999870018],
            [-97.786973000219263, 30.214942999828651],
            [-97.786811999662476, 30.21493399971456],
            [-97.786762000332075, 30.214923999759378],
            [-97.78658700042989, 30.214849999903979],
            [-97.786307000047401, 30.214771000007456],
            [-97.786184999848672, 30.214727999811085],
            [-97.786092999787144, 30.2146950003517],
            [-97.785905000364508, 30.214637999989197],
            [-97.785820999800592, 30.214624999697602],
            [-97.785690000279359, 30.214627000160533],
            [-97.785500000308545, 30.214649999659688],
            [-97.785387000330644, 30.214652999965235],
            [-97.785262999583779, 30.214646000287168],
            [-97.78517100042059, 30.214628999847204],
            [-97.785116000168983, 30.214608999873793],
            [-97.7850269995822, 30.214554999769931],
            [-97.784969999680811, 30.21450999979017],
            [-97.784757999968704, 30.214322000117765],
            [-97.78469600004442, 30.214231000077124],
            [-97.784436999578347, 30.213918000002746],
            [-97.784307999706897, 30.213820999703202],
            [-97.784266999699028, 30.213778999719931],
            [-97.784137999827593, 30.213643000353251],
            [-97.783865999841026, 30.213377000192459],
            [-97.783769999581565, 30.213296000175777],
            [-97.783700999984589, 30.21325700031646],
            [-97.783495999945174, 30.213166999925264],
            [-97.783373999746445, 30.213124999662803],
            [-97.783235999654181, 30.213088000229991],
            [-97.783158999661296, 30.213078000087108],
            [-97.783039000010689, 30.213080999664296],
            [-97.783002000200767, 30.213087000370976],
            [-97.782900000093505, 30.213112999806313],
            [-97.782808000032006, 30.213122999945586],
            [-97.782757999803295, 30.213117000017391],
            [-97.782548999565932, 30.21302800013402],
            [-97.782099000202436, 30.212823999844662],
            [-97.78195400043748, 30.212751999687182],
            [-97.781679999902792, 30.212636999919454],
            [-97.781576000145705, 30.212602000030927],
            [-97.781473000213538, 30.212561000167923],
            [-97.781398999695384, 30.212516999917174],
            [-97.781351000014823, 30.212472999646817],
            [-97.781291999565269, 30.21239799963465],
            [-97.781212000097639, 30.212268999759338],
            [-97.78113699975458, 30.212178000148789],
            [-97.781058999936775, 30.212100000304758],
            [-97.780992999814515, 30.212050999724177],
            [-97.780921999669403, 30.212020999752749],
            [-97.780829999607903, 30.212005000281788],
            [-97.780771999881594, 30.212000000155452],
            [-97.780490999674171, 30.211990999772159],
            [-97.780335999863482, 30.21197600016659],
            [-97.780197999771218, 30.211978999777365],
            [-97.780007999800432, 30.211999000285431],
            [-97.779867000233438, 30.212019000013075],
            [-97.779769000324151, 30.212021999622529],
            [-97.779671000414851, 30.212014999757354],
            [-97.779457000154608, 30.21197600016659],
            [-97.779066000342368, 30.211935000042729],
            [-97.778970999907799, 30.211929000042108],
            [-97.778953000364453, 30.211975000296327],
            [-97.778512000323488, 30.212862999875565],
            [-97.777344000011283, 30.214083000044582],
            [-97.777226000010515, 30.214236000090096],
            [-97.776789000167511, 30.214786999804918],
            [-97.776425000119431, 30.215390000318177],
            [-97.775991999576078, 30.21608000011366],
            [-97.774762000237914, 30.218040999921268],
            [-97.774199999823139, 30.218932000039317],
            [-97.77287699970023, 30.221042999870047],
            [-97.771594999585218, 30.223104999683894],
            [-97.77136399960655, 30.223515000174988],
            [-97.770881999557702, 30.224267000173498],
            [-97.770432000194219, 30.224971000014506],
            [-97.769988999605118, 30.225666000340983],
            [-97.769672000311019, 30.226184999919894],
            [-97.769466000446698, 30.226517999656348],
            [-97.76934800044593, 30.226706999802357],
            [-97.769241000315816, 30.226880000204808],
            [-97.768871000419949, 30.227464000347496],
            [-97.768534999960977, 30.227955000173335],
            [-97.768091000445267, 30.22869500008774],
            [-97.767636999985513, 30.229449999914433],
            [-97.766801999759252, 30.230728999787193],
            [-97.765998000393438, 30.232010999873811],
            [-97.765733999904484, 30.232410000319675],
            [-97.765312999955, 30.233118999902324],
            [-97.765010999831219, 30.23357200029081],
            [-97.764844000324942, 30.233822000363514],
            [-97.764505000391239, 30.234444999644332],
            [-97.763951000372359, 30.235272999989057],
            [-97.763834000196496, 30.235507000087956],
            [-97.763485000217045, 30.235975999793219],
            [-97.763213000230479, 30.236468000195124],
            [-97.76302800028256, 30.236733999995753],
            [-97.762101999819691, 30.238202999952644],
            [-97.761223000110817, 30.237801000136582],
            [-97.760527999626632, 30.237467999808445],
            [-97.760342999678699, 30.237389999841188],
            [-97.759335000098403, 30.236965000096394],
            [-97.75848800017657, 30.236536000031723],
            [-97.75784200009619, 30.236242000149069],
            [-97.756364999987511, 30.235507999719005],
            [-97.755643999564057, 30.236337000046266],
            [-97.754887999878818, 30.23720599967325],
            [-97.753518999725188, 30.238760000351309],
            [-97.75149299962051, 30.237513999760079],
            [-97.750425999590647, 30.237064000084228],
            [-97.750095000052852, 30.236991000204789],
            [-97.748803999716998, 30.236703999791633],
            [-97.747954000320433, 30.236587000072344],
            [-97.747930000031005, 30.236583999659789],
            [-97.747198999561803, 30.236417999714575],
            [-97.746801000076857, 30.236262000380133],
            [-97.746493999930195, 30.236137000033313],
            [-97.746221999943643, 30.236019000013304],
            [-97.745806999841946, 30.235779000259054],
            [-97.743685000376104, 30.234679999801365],
            [-97.743195999756253, 30.234337999875507],
            [-97.742558000071796, 30.234066000374007],
            [-97.74179700036369, 30.233893999844323],
            [-97.741651999700423, 30.233849999822954],
            [-97.741272999583742, 30.233770999664543],
            [-97.740860999855087, 30.234474999761726],
            [-97.740233000216364, 30.235549000106456],
            [-97.738654000000437, 30.238242000009425],
            [-97.738416000349062, 30.238648999898096],
            [-97.738391000234699, 30.238691999724992],
            [-97.738212000134567, 30.238976000202779],
            [-97.737484000038421, 30.240134999864523],
            [-97.73702299990596, 30.240879999888421],
            [-97.736969000377613, 30.240952999983886],
            [-97.736402999764863, 30.241929000091162],
            [-97.735939999982591, 30.242683999946774],
            [-97.735873999860345, 30.242815000173046],
            [-97.735631000186103, 30.2432140002247],
            [-97.735467000154571, 30.243563000258458],
            [-97.735307000321001, 30.24395499968125],
            [-97.735261000290251, 30.244083000357751],
            [-97.735141999566252, 30.244414000145859],
            [-97.735036999984274, 30.244958999639685],
            [-97.73502100009074, 30.245439999823095],
            [-97.735027999763432, 30.24586300034251],
            [-97.735124999847812, 30.246374000346695],
            [-97.735247999871461, 30.247020999977764],
            [-97.735339000108056, 30.24750099987067],
            [-97.735411999902979, 30.247888000026663],
            [-97.735440000390398, 30.248019999803425],
            [-97.735602999698699, 30.248790999894918],
            [-97.735689999737346, 30.249195000301018],
            [-97.735821999981809, 30.24980899988855],
            [-97.735931999586668, 30.250322000059491],
            [-97.735994000409264, 30.250611000010878],
            [-97.735801999890327, 30.250520000184977],
            [-97.735707000354097, 30.250475000367896],
            [-97.735683999889559, 30.250463999892144],
            [-97.73562000031545, 30.250450000201877],
            [-97.735534999926642, 30.250431000009403],
            [-97.735451000261051, 30.250411999813252],
            [-97.735182999574121, 30.250353000242686],
            [-97.734424000414165, 30.250208999734539],
            [-97.734302000215422, 30.250163999774944],
            [-97.73413900000881, 30.250070000310242],
            [-97.733743999998595, 30.249858999764374],
            [-97.733174000086194, 30.249568999664849],
            [-97.733005999856715, 30.249478999914789],
            [-97.732856999893798, 30.24939999990243],
            [-97.732794999969528, 30.249366999662371],
            [-97.732775999702952, 30.249398999636668],
            [-97.729782000200927, 30.248108999835036],
            [-97.728976000286991, 30.247906999934894],
            [-97.728443000184512, 30.247773999724021],
            [-97.725907000441893, 30.247138999981232],
            [-97.725476000446662, 30.247032000062958],
            [-97.723758000313566, 30.246602999706489],
            [-97.722600000047109, 30.246808000059858],
            [-97.720343999788653, 30.247718000193974],
            [-97.720060000106514, 30.247812000356934],
            [-97.71953299985185, 30.24806399968962],
            [-97.719193999918133, 30.248245999926617],
            [-97.717490999853638, 30.24916399975243],
            [-97.7160940001109, 30.249724000118842],
            [-97.715935999927154, 30.249822999670101],
            [-97.715696999552563, 30.249882999819874],
            [-97.714569000321646, 30.250335000287702],
            [-97.7137929996466, 30.250359999706905],
            [-97.713505999591419, 30.250432000264727],
            [-97.710189999874146, 30.250503999993725],
            [-97.706873000331939, 30.250575000192153],
            [-97.705280999697194, 30.250609000279919],
            [-97.702066000262249, 30.250226000231205],
            [-97.70187799994126, 30.250203999998721],
            [-97.701380999823797, 30.24980899988855],
            [-97.701203000446895, 30.249592000303391],
            [-97.700481000198522, 30.248709000062998],
            [-97.700035999959596, 30.247817999720326],
            [-97.69983299957002, 30.247413999860314],
            [-97.699580999674936, 30.246909000027433],
            [-97.69838099957569, 30.24630899967206],
            [-97.697357000101846, 30.246007999760256],
            [-97.695624999725055, 30.245497999710327],
            [-97.694981000192826, 30.245308999991934],
            [-97.694848999948334, 30.245317000122842],
            [-97.694443999892385, 30.245345999719024],
            [-97.693483000167745, 30.24541399962169],
            [-97.693237000120448, 30.245386999882768],
            [-97.692201999877639, 30.245274999622143],
            [-97.691279999612732, 30.24517600014461],
            [-97.691113999931389, 30.245280000384824],
            [-97.691010999999222, 30.245343000349909],
            [-97.690947000425112, 30.24538300020825],
            [-97.690791999716097, 30.245477999806567],
            [-97.690637999730328, 30.245573999617768],
            [-97.690288999750862, 30.245790000014104],
            [-97.690005000068723, 30.245660000177388],
            [-97.689357000338532, 30.245274000090355],
            [-97.689287999843231, 30.245234000187661],
            [-97.689218000421349, 30.2451949998012],
            [-97.684839999798754, 30.245781999921711],
            [-97.683744000354906, 30.245919000153719],
            [-97.683716999692408, 30.245842999737071],
            [-97.683249999712174, 30.245868999824907],
            [-97.682333000368459, 30.245919999678879],
            [-97.682247000154732, 30.245753999981023],
            [-97.681520999708425, 30.245848999996717],
            [-97.680739000083918, 30.246097000062225],
            [-97.680163000323731, 30.24632499977049],
            [-97.679518999893176, 30.246579999920232],
            [-97.67831899979393, 30.246952000120462],
            [-97.676250000031544, 30.247462999893447],
            [-97.672167999684973, 30.250817000013079],
            [-97.67138199986249, 30.251714000219415],
            [-97.671500999688206, 30.25208699984336],
            [-97.671669999742576, 30.252232000163655],
            [-97.671370000166931, 30.252816999683681],
            [-97.671318000288395, 30.25292199982572],
            [-97.671310999717392, 30.252934999709861],
            [-97.671283999953218, 30.252989999916927],
            [-97.670140999755375, 30.255300999635402],
            [-97.670103999945454, 30.255376999719427],
            [-97.66842199979736, 30.256414999759155],
            [-97.66612000040648, 30.257832999734379],
            [-97.66610699998769, 30.257839000037752],
            [-97.663389999596788, 30.259516999613687],
            [-97.661932999579577, 30.260416999978467],
            [-97.660759000317938, 30.261144000321167],
            [-97.660581999867603, 30.261252999901117],
            [-97.660340999843172, 30.261386999852526],
            [-97.660216999994617, 30.26146500016851],
            [-97.660175999986748, 30.261489999858735],
            [-97.660161999743039, 30.261499000366424],
            [-97.6600680000317, 30.261559000367512],
            [-97.659995000236776, 30.26160600004528],
            [-97.659679999694177, 30.261808999848061],
            [-97.659524999883487, 30.261824999749706],
            [-97.659042999834654, 30.26187599985521],
            [-97.658313000088683, 30.261953999782786],
            [-97.65556300008582, 30.26224600005575],
            [-97.647958000332693, 30.263054000260681],
            [-97.647828999562947, 30.263040000037197],
            [-97.642659000168422, 30.262475999792315],
            [-97.642604999741749, 30.262387999720623],
            [-97.642181000317535, 30.262117999766616],
            [-97.642070999814365, 30.262024000102695],
            [-97.641987000148788, 30.261965999885501],
            [-97.64181600044455, 30.261838000007319],
            [-97.641762000017877, 30.261773999617713],
            [-97.641726000032875, 30.261712000243083],
            [-97.641689000222954, 30.261601000113643],
            [-97.641637000344417, 30.261444000268575],
            [-97.641587999940612, 30.261277999645372],
            [-97.64155000030577, 30.261148000129943],
            [-97.641479999985592, 30.260761000225482],
            [-97.641432000305002, 30.260570000081476],
            [-97.641416000411468, 30.260434999637852],
            [-97.641416000411468, 30.260382000027921],
            [-97.641432000305002, 30.26027300025714],
            [-97.641459000069176, 30.259829999623349],
            [-97.641453000221389, 30.259732000230802],
            [-97.641412000213521, 30.259604999930424],
            [-97.641437000327883, 30.259521000264662],
            [-97.641489000206406, 30.259393000303302],
            [-97.641584999567556, 30.259182999774996],
            [-97.641648000215071, 30.25900099962637],
            [-97.64171199978918, 30.258183000003605],
            [-97.64171199978918, 30.257978000108096],
            [-97.641695999895646, 30.257562999672157],
            [-97.641674000154325, 30.257389000325034],
            [-97.641654000062857, 30.257295000014366],
            [-97.641623000100708, 30.257210999924737],
            [-97.641573999696917, 30.257126999763329],
            [-97.641473000312885, 30.2569970001848],
            [-97.641336000045527, 30.256854999708377],
            [-97.641260999702467, 30.256794999937213],
            [-97.641117999587323, 30.256710000004599],
            [-97.640849999798732, 30.256578000264703],
            [-97.640623999842916, 30.256502000333981],
            [-97.64043300004721, 30.256466000346293],
            [-97.640250999574022, 30.256438000346755],
            [-97.639949000348537, 30.25643199995784],
            [-97.639756999829615, 30.256443999959352],
            [-97.639656000445584, 30.256465000152456],
            [-97.639444999660057, 30.25649300014436],
            [-97.63914199971137, 30.25652600031848],
            [-97.638704000043461, 30.25651700013098],
            [-97.638412999790305, 30.256462999764789],
            [-97.63808599955216, 30.25639300013674],
            [-97.637785000151595, 30.256346999711088],
            [-97.637494999723373, 30.256260999970841],
            [-97.637277999988385, 30.256200999836754],
            [-97.636786999718709, 30.256088000066757],
            [-97.636487000143063, 30.256034000240607],
            [-97.635858999606043, 30.255948999649476],
            [-97.635421999763025, 30.255883999878094],
            [-97.635030000125866, 30.255843999639254],
            [-97.63460099978046, 30.255819000063671],
            [-97.633353999825559, 30.255781000199992],
            [-97.632979999731745, 30.255781000199992],
            [-97.632686999828763, 30.255766999715625],
            [-97.632433000283896, 30.255721999974153],
            [-97.63217700019085, 30.255700999622189],
            [-97.631858000348615, 30.255693999762485],
            [-97.631565000445647, 30.255712000287463],
            [-97.630941999931494, 30.255762000262688],
            [-97.630638999982807, 30.255811000011896],
            [-97.630217000208404, 30.255850000064086],
            [-97.630067000420581, 30.25585599971258],
            [-97.628629999596555, 30.255995999684178],
            [-97.627832999903433, 30.255639000293446],
            [-97.626806999881452, 30.255343999935231],
            [-97.626228999573144, 30.255112000151634],
            [-97.626150999755339, 30.254944000046596],
            [-97.626134999861819, 30.254898999928088],
            [-97.626109999747456, 30.254768999728601],
            [-97.626063999716706, 30.254341000004914],
            [-97.626060000417056, 30.254235999827735],
            [-97.626043999625225, 30.253780000128351],
            [-97.626041000150479, 30.253704999806629],
            [-97.625939000043232, 30.253080999782775],
            [-97.625826999890236, 30.252506999755127],
            [-97.625805999973849, 30.252443999727639],
            [-97.625789000255409, 30.252331999751458],
            [-97.625785000057448, 30.252176000070637],
            [-97.625755999745124, 30.251850999940032],
            [-97.625750999722243, 30.251490000026795],
            [-97.625720999585042, 30.251110000277855],
            [-97.625718999935216, 30.250976000273113],
            [-97.625729999805856, 30.250802000121681],
            [-97.625764999965966, 30.250628999915289],
            [-97.625800000126063, 30.250316000072978],
            [-97.625901000408405, 30.249825999678485],
            [-97.626214000402854, 30.249137999760404],
            [-97.6266269999564, 30.248323000313423],
            [-97.627278000059661, 30.247228000034816],
            [-97.627746999689705, 30.246518999786421],
            [-97.628033999744886, 30.246282999700593],
            [-97.62832800037107, 30.245760999772955],
            [-97.62880100019909, 30.244936999779888],
            [-97.629360000240823, 30.24409299967607],
            [-97.630435999593189, 30.242680999720331],
            [-97.630576000233617, 30.242548999755993],
            [-97.630943999581305, 30.242240999925709],
            [-97.631342999789481, 30.241895000104069],
            [-97.63176200008914, 30.241561999677106],
            [-97.632082999581201, 30.241326000103651],
            [-97.632455999850109, 30.240993000077005],
            [-97.632572000201051, 30.240923000291378],
            [-97.632615999683665, 30.240885999675079],
            [-97.632655000041737, 30.240830999676987],
            [-97.632737000057489, 30.240668999786088],
            [-97.632830999768828, 30.240528999703592],
            [-97.632866999753844, 30.240443999667047],
            [-97.63290199991394, 30.240343000039434],
            [-97.632963999838211, 30.240136999808577],
            [-97.632998999998321, 30.240073000025735],
            [-97.633046999678896, 30.240005000307757],
            [-97.633152999984091, 30.239904999815295],
            [-97.633553000017187, 30.239665999824972],
            [-97.63373200011732, 30.239597000235957],
            [-97.634044000286863, 30.239493999780731],
            [-97.634233000432758, 30.239440999738029],
            [-97.634507000069135, 30.239352999984785],
            [-97.634784999903488, 30.239269000076206],
            [-97.635286000218898, 30.239097000113336],
            [-97.635501000304046, 30.23903799995751],
            [-97.636154000057118, 30.238834999663663],
            [-97.63650800005945, 30.238745000171573],
            [-97.636728999992386, 30.238693000099754],
            [-97.63704399963666, 30.238637999650567],
            [-97.637392999616111, 30.238563999787907],
            [-97.637609000424504, 30.238532000165655],
            [-97.637772999557711, 30.238503000110935],
            [-97.637980999970182, 30.238446999954281],
            [-97.638155000047448, 30.238388999786093],
            [-97.638345999843153, 30.238333000340585],
            [-97.639355000146693, 30.238075000154815],
            [-97.640062000326438, 30.237902999654761],
            [-97.640913000446233, 30.237741999978873],
            [-97.641457000419365, 30.237704999717245],
            [-97.641581000267919, 30.237702000114904],
            [-97.641842000383832, 30.237680999791781],
            [-97.642019999760734, 30.237652000262045],
            [-97.642215999579335, 30.23759799961632],
            [-97.642596000419246, 30.237485000181131],
            [-97.643020999668366, 30.237343999831463],
            [-97.643479000326082, 30.237179000007675],
            [-97.643860999917507, 30.237048000030235],
            [-97.644066999781813, 30.23698999981271],
            [-97.644501999974992, 30.236849000305217],
            [-97.644789000030173, 30.23677699988427],
            [-97.645346000422094, 30.236597999773288],
            [-97.645524999623944, 30.236552999789485],
            [-97.646068999597048, 30.236515000235602],
            [-97.646446000063932, 30.236511999820834],
            [-97.646844000447174, 30.236513999838664],
            [-97.647258999650546, 30.236495999676997],
            [-97.647580999865838, 30.236441999948404],
            [-97.64774300024753, 30.236406999993481],
            [-97.649509000061229, 30.235547000068994],
            [-97.649991000110063, 30.235306999938519],
            [-97.650143000446036, 30.235230000218777],
            [-97.65020399964709, 30.23516299988944],
            [-97.650270999594227, 30.235090000150493],
            [-97.650350999960168, 30.234731999667758],
            [-97.650463999938083, 30.234614999929715],
            [-97.650769000434934, 30.234411000172884],
            [-97.651670999710021, 30.23377899995856],
            [-97.652109000276255, 30.233535999662976],
            [-97.652735000265153, 30.233269000092506],
            [-97.65294699997726, 30.233235000214339],
            [-97.653350000383398, 30.233206000149149],
            [-97.653569999593088, 30.233035999755653],
            [-97.654779999738082, 30.231428999692877],
            [-97.655306000167883, 30.230786000138895],
            [-97.655456999780611, 30.230589999975695],
            [-97.656630999940575, 30.229683000211807],
            [-97.657008000407444, 30.229391999871165],
            [-97.657677000054051, 30.228711999649043],
            [-97.658129999790589, 30.228095000311594],
            [-97.658620000235345, 30.227380000370392],
            [-97.658796999787356, 30.226759999724681],
            [-97.658674999588612, 30.226133000190227],
            [-97.658456000203799, 30.225537000011681],
            [-97.658181999669111, 30.22454900014591],
            [-97.657842999735394, 30.223503999786562],
            [-97.657616999779592, 30.222988000082285],
            [-97.657380999778042, 30.22243200013272],
            [-97.657014000255231, 30.221622000107061],
            [-97.65659999997844, 30.221025999759295],
            [-97.656182000402012, 30.220554000031505],
            [-97.655505000359497, 30.219808999676015],
            [-97.655183999969125, 30.219534999985861],
            [-97.654886999868197, 30.219173000346824],
            [-97.654628000300448, 30.218900000237504],
            [-97.654330000374614, 30.218520000242947],
            [-97.654050999817031, 30.218229000249455],
            [-97.653535000331317, 30.217612000349963],
            [-97.65282099958057, 30.216724000162426],
            [-97.652110999926094, 30.215711999634713],
            [-97.650885999712472, 30.214376000349496],
            [-97.650850999552375, 30.214161999717234],
            [-97.65075699984105, 30.213856999785541],
            [-97.650560000197558, 30.213567999680304],
            [-97.650278000165244, 30.21338399996079],
            [-97.649853000017814, 30.213178999775163],
            [-97.649628999711823, 30.213084999876724],
            [-97.649227000028915, 30.212809000366072],
            [-97.648201000006935, 30.212074999694746],
            [-97.647144999847725, 30.211383999882376],
            [-97.646037999634913, 30.21073399974042],
            [-97.645281999949674, 30.210358000356674],
            [-97.644035999819678, 30.210034000040835],
            [-97.643384999716446, 30.20980500012055],
            [-97.642752999879761, 30.209582999706111],
            [-97.641946999965811, 30.20928999987855],
            [-97.641172000014009, 30.208891000348011],
            [-97.64070199966072, 30.208654999992635],
            [-97.640607999949381, 30.208625999666477],
            [-97.639619999562242, 30.208309999895526],
            [-97.639467000299689, 30.208273000204883],
            [-97.639381999910867, 30.208259999848611],
            [-97.639207000008696, 30.208223000139167],
            [-97.639021000235857, 30.208232000090756],
            [-97.638847999983497, 30.208223000139167],
            [-97.638800000302922, 30.208215000095219],
            [-97.63863600027139, 30.208127000345474],
            [-97.638543000384956, 30.208081999754921],
            [-97.63847800008763, 30.208062000003395],
            [-97.638422000011147, 30.208055999766611],
            [-97.638213999598676, 30.208056999676696],
            [-97.637694999739921, 30.208058000363099],
            [-97.637549000150045, 30.208199000005386],
            [-97.637340999737575, 30.208249000083306],
            [-97.63679199974159, 30.208131999892263],
            [-97.63674599971084, 30.208116999698472],
            [-97.636499999663528, 30.20806700032983],
            [-97.63615800025508, 30.208015000338417],
            [-97.636089999584698, 30.207998000305409],
            [-97.636016999789774, 30.207981000269452],
            [-97.635775999765343, 30.207954000343339],
            [-97.635543999961769, 30.207904000115555],
            [-97.635095000423192, 30.207788000203529],
            [-97.634829000284427, 30.207727999981159],
            [-97.634594000107768, 30.207688000330162],
            [-97.634399000114115, 30.207663000151889],
            [-97.634257999648796, 30.207646000058073],
            [-97.634011999601498, 30.207601999938628],
            [-97.632763999821677, 30.207472000070744],
            [-97.631931000143553, 30.207676999724619],
            [-97.631408999911741, 30.207886000151564],
            [-97.630982999939377, 30.208062000003395],
            [-97.630084999963927, 30.208382000197961],
            [-97.629523000447463, 30.208646000079725],
            [-97.628306999556358, 30.209090999877127],
            [-97.627789000420819, 30.209243999921814],
            [-97.628340000066629, 30.208693000219675],
            [-97.62772800032144, 30.208933000088745],
            [-97.627517000434253, 30.209015999616124],
            [-97.626378000434386, 30.209311000054171],
            [-97.626267999931201, 30.209326999963221],
            [-97.62587399974592, 30.209382999624243],
            [-97.625677000102414, 30.209410999830951],
            [-97.625275000419506, 30.209518000325733],
            [-97.624959999876907, 30.209563000259614],
            [-97.624206999666427, 30.209668999919117],
            [-97.622737000128751, 30.209943999806899],
            [-97.622200999653231, 30.210045000382891],
            [-97.622118999637451, 30.2100550000577],
            [-97.622044000192716, 30.210064999731401],
            [-97.621767000183269, 30.210102000300957],
            [-97.621645999809445, 30.210118000081383],
            [-97.620942000002756, 30.210210999820845],
            [-97.620751000207036, 30.210237999904027],
            [-97.619828999942143, 30.210430999822897],
            [-97.619658000237905, 30.210467000369256],
            [-97.619295999839679, 30.210660999722652],
            [-97.61841700013079, 30.211109000137323],
            [-97.617505999736537, 30.211606000115204],
            [-97.616945999869898, 30.211942999784196],
            [-97.616579000347087, 30.212166000176808],
            [-97.615764000212309, 30.212662000386675],
            [-97.614980999864599, 30.213173999708545],
            [-97.614630000235309, 30.213334000163144],
            [-97.614181999623327, 30.213302000093055],
            [-97.613846999887571, 30.213127000156241],
            [-97.613200999807205, 30.213394000072519],
            [-97.612433000426392, 30.213535999686311],
            [-97.611809999912239, 30.213820999703202],
            [-97.611425999772692, 30.214022999779072],
            [-97.611035999785344, 30.214362000177232],
            [-97.610726999988856, 30.214576000374485],
            [-97.609793999853309, 30.214790999947933],
            [-97.608998999810012, 30.214849999903979],
            [-97.607704000174522, 30.215164999794226],
            [-97.606863000100475, 30.215560000165787],
            [-97.606304000058742, 30.21616799973738],
            [-97.605856000345085, 30.216649000285624],
            [-97.605392999664488, 30.217113000023929],
            [-97.605089999715787, 30.217544999659911],
            [-97.604898000095162, 30.218056999963174],
            [-97.604867000133027, 30.218808999773952],
            [-97.604883999851467, 30.219433000042262],
            [-97.604724999842801, 30.219994000363833],
            [-97.604596999796286, 30.22060199969944],
            [-97.604646000200106, 30.221113999615884],
            [-97.604581999727671, 30.221417999785018],
            [-97.60432700035787, 30.221897999732338],
            [-97.604024000409169, 30.222330000088334],
            [-97.603768000316123, 30.222889999652025],
            [-97.603656999988047, 30.223161999797679],
            [-97.603544999835037, 30.223273999639005],
            [-97.603560999728572, 30.223578999870242],
            [-97.603610000132363, 30.223899000050405],
            [-97.603530999591342, 30.224522999852013],
            [-97.603501000352423, 30.224678000218837],
            [-97.603829000415487, 30.224744999931172],
            [-97.603763000293242, 30.225347000211279],
            [-97.603590000040896, 30.225805000127366],
            [-97.603355999689157, 30.226398000286817],
            [-97.602965999701809, 30.226792000074006],
            [-97.602377000421157, 30.226988000045978],
            [-97.601621999662527, 30.227061000367375],
            [-97.600368000034933, 30.227354000048788],
            [-97.599184999654113, 30.227602000209533],
            [-97.598820999606048, 30.227616999761018],
            [-97.598398999831645, 30.227664000151968],
            [-97.598342999755161, 30.227670999679862],
            [-97.598232000325396, 30.227693000299471],
            [-97.598032000308848, 30.227763999901725],
            [-97.5978320002923, 30.227865000034676],
            [-97.597673000283649, 30.227984000234947],
            [-97.597603999788362, 30.22804899983354],
            [-97.597447000327847, 30.228180999865231],
            [-97.597402999946922, 30.228227999986608],
            [-97.597368999611717, 30.22825799967249],
            [-97.597293000342049, 30.228309000126593],
            [-97.597190000409896, 30.228369000215949],
            [-97.597130999960328, 30.22841600024752],
            [-97.597091999602284, 30.228437999924274],
            [-97.596975000324747, 30.22847300038768],
            [-97.596673000200937, 30.228523000251979],
            [-97.596503000321633, 30.228529999718727],
            [-97.596482000405231, 30.228534000079062],
            [-97.596356000008541, 30.228534000079062],
            [-97.596323000396566, 30.228526999836461],
            [-97.596077000349283, 30.228513999828127],
            [-97.595588999554323, 30.228453000124414],
            [-97.595310999719985, 30.22841300036178],
            [-97.595042000106474, 30.228369000215949],
            [-97.594832000044192, 30.228325000050489],
            [-97.594638999700351, 30.22826400022953],
            [-97.594396999851, 30.228161000318686],
            [-97.594109999795819, 30.228019999791087],
            [-97.593801999824265, 30.227857999744469],
            [-97.593683999823469, 30.227779000204674],
            [-97.593489999654722, 30.227634000284873],
            [-97.593327000346406, 30.227492000065183],
            [-97.59313800020054, 30.227310999919727],
            [-97.593068999705238, 30.227223000174625],
            [-97.59291700026759, 30.227050000375588],
            [-97.592611999770753, 30.226647000251162],
            [-97.59246199998293, 30.226426000308035],
            [-97.592283999707703, 30.226002999969566],
            [-97.592250000270823, 30.225911000139515],
            [-97.592239000400156, 30.225865000192222],
            [-97.592211999737671, 30.225678000218593],
            [-97.592195999844137, 30.225388999912791],
            [-97.592196999669056, 30.225183000170084],
            [-97.59219099982127, 30.225145000102582],
            [-97.592160999684054, 30.224909999665371],
            [-97.592093999736903, 30.224510000090568],
            [-97.592085000414372, 30.224273999943126],
            [-97.592107999980584, 30.224028000199652],
            [-97.592148999988481, 30.223821000184913],
            [-97.592208000438021, 30.223590000250272],
            [-97.592367000446686, 30.223171999691665],
            [-97.592441999891435, 30.22301499976388],
            [-97.592522000257375, 30.222821999692076],
            [-97.592648999580675, 30.222622999893176],
            [-97.592785000023113, 30.222484000266789],
            [-97.593038999568023, 30.222270000195461],
            [-97.593288999813268, 30.22208700021859],
            [-97.593497000225724, 30.221961999703559],
            [-97.593790000128692, 30.221821000378768],
            [-97.594011000061613, 30.221721000019556],
            [-97.594231000169657, 30.221647999615438],
            [-97.594529000095491, 30.221515000356199],
            [-97.594770000119908, 30.22134300038212],
            [-97.5951070004038, 30.221007999867108],
            [-97.595238999749967, 30.220765999617115],
            [-97.595352999552787, 30.220544999654511],
            [-97.595413999652152, 30.220316000135384],
            [-97.595513000284669, 30.219885999828325],
            [-97.595552999569307, 30.219620000246202],
            [-97.595587999729432, 30.218986999868392],
            [-97.595597999775165, 30.218640999712083],
            [-97.595632000110356, 30.218160000364776],
            [-97.595638999783034, 30.218065999791548],
            [-97.595634999585073, 30.218008000020674],
            [-97.595605000346183, 30.217488999986639],
            [-97.595555000117471, 30.217220999722649],
            [-97.595391000085939, 30.216858000286386],
            [-97.595143000388816, 30.216233000158663],
            [-97.595008999596203, 30.21582999995929],
            [-97.594915999709769, 30.215598000055014],
            [-97.594872000227156, 30.215428000273061],
            [-97.594827000021311, 30.215257000360459],
            [-97.594712000393585, 30.214922999919015],
            [-97.594580999974028, 30.214559999766426],
            [-97.59445999960019, 30.214110999690163],
            [-97.594426000163338, 30.213881999942785],
            [-97.59444299988175, 30.213540999734597],
            [-97.594456000300539, 30.213123999804168],
            [-97.59452499989753, 30.212715000114095],
            [-97.594560000057626, 30.212354999953732],
            [-97.594570000103374, 30.212002999765488],
            [-97.594587999646706, 30.211672000318664],
            [-97.594630000377819, 30.211459999766689],
            [-97.594646000271368, 30.211376999971812],
            [-97.594739000157759, 30.211040999796747],
            [-97.594796000059176, 30.210760999680122],
            [-97.594856000333635, 30.210409000000105],
            [-97.595109999878545, 30.209658000311286],
            [-97.595191000069391, 30.209463999756835],
            [-97.59527999975785, 30.209214999769234],
            [-97.595300999674251, 30.20903599995011],
            [-97.595294999826464, 30.208942999876488],
            [-97.595289999803597, 30.208855000001432],
            [-97.595254999643487, 30.208703999935352],
            [-97.595159000282337, 30.208499999997404],
            [-97.594832000044192, 30.208050000305793],
            [-97.59472800028712, 30.207906999850461],
            [-97.594493999935395, 30.207752000229732],
            [-97.59417900029112, 30.207515000332673],
            [-97.593934999893648, 30.207348000311363],
            [-97.593805000197307, 30.207268999826017],
            [-97.593683999823469, 30.207209000063621],
            [-97.593553000302222, 30.20715499978035],
            [-97.593185999881115, 30.207022000336561],
            [-97.592968000321221, 30.206950999736797],
            [-97.592631999862235, 30.206868000020506],
            [-97.592430000195876, 30.206802999623239],
            [-97.592288999730556, 30.206748999893538],
            [-97.591979999934068, 30.206607999726462],
            [-97.591871999979034, 30.206567999620301],
            [-97.591683999658059, 30.206515999613199],
            [-97.591224000248843, 30.206415000073306],
            [-97.591117000118729, 30.206385999863429],
            [-97.591003000315894, 30.206340000101939],
            [-97.590805999774091, 30.206292999614593],
            [-97.590490000304925, 30.206244000024132],
            [-97.590030999822289, 30.206210000119682],
            [-97.589857999569929, 30.206188000129568],
            [-97.589690000238761, 30.206137999780921],
            [-97.589624000116515, 30.206126999778423],
            [-97.589250000022702, 30.206102999909916],
            [-97.589008999998271, 30.206068999956752],
            [-97.58887900030193, 30.206060999737769],
            [-97.588753999730159, 30.206067000096191],
            [-97.588610999615014, 30.20609000004341],
            [-97.588552999888705, 30.206102999909916],
            [-97.588284000275181, 30.206171999710246],
            [-97.588105999999954, 30.206227999613866],
            [-97.587996000395094, 30.206268999786516],
            [-97.587938999595366, 30.206308000086405],
            [-97.587782999959771, 30.206473999617231],
            [-97.587726999883259, 30.206510000058504],
            [-97.58747800036123, 30.206628999698108],
            [-97.587276999621466, 30.206713000316043],
            [-97.587103000442511, 30.206771999681386],
            [-97.586940000235899, 30.206817000094588],
            [-97.586730000173617, 30.206900999775772],
            [-97.586500999844759, 30.20700099967247],
            [-97.586295999805344, 30.207095999868322],
            [-97.58620399974383, 30.207129000323473],
            [-97.585915999863744, 30.207220999863765],
            [-97.584919999978993, 30.207588000355237],
            [-97.584663999885947, 30.207691000071698],
            [-97.584489999808682, 30.207777000385448],
            [-97.584350999891512, 30.207854999774558],
            [-97.584092000323736, 30.208011999830482],
            [-97.583687000267787, 30.208311999710563],
            [-97.583438999672353, 30.208513000321897],
            [-97.583402999687337, 30.208696999834093],
            [-97.583327000417682, 30.208889999670067],
            [-97.583209000416915, 30.209094000352174],
            [-97.58305000040825, 30.209279000228431],
            [-97.582907000293105, 30.209386000090397],
            [-97.582687000185089, 30.209466000324699],
            [-97.582585000077827, 30.209508999715425],
            [-97.58240400032787, 30.209601000136043],
            [-97.582375000015546, 30.209630000174805],
            [-97.582215000181975, 30.209820999949272],
            [-97.582082000112592, 30.21007400029087],
            [-97.581990999875984, 30.210209000044379],
            [-97.581929999776619, 30.210258999877354],
            [-97.581851999958829, 30.210315999671469],
            [-97.581769000118129, 30.210362999790121],
            [-97.581768000293238, 30.210609000325618],
            [-97.581735999607872, 30.210981999885544],
            [-97.581708999843698, 30.211182999701116],
            [-97.581641999896547, 30.211340999758391],
            [-97.581516000398153, 30.211533999842842],
            [-97.581253999559024, 30.2118409997321],
            [-97.580975999724672, 30.212076000340286],
            [-97.580552000300457, 30.21234300000339],
            [-97.580241999780739, 30.212592999702697],
            [-97.579979999839921, 30.212862999875565],
            [-97.579705000378624, 30.213120000369681],
            [-97.579523999730355, 30.213281999849908],
            [-97.579295000299794, 30.213417999715499],
            [-97.578973000084531, 30.213581999965555],
            [-97.578650999869254, 30.21375900034997],
            [-97.578429000111399, 30.213857999636684],
            [-97.578131000185564, 30.213955999749942],
            [-97.577659000182464, 30.214058999787497],
            [-97.577227000362328, 30.214129000068006],
            [-97.576879000207782, 30.214200999994134],
            [-97.576496999718046, 30.214267000009457],
            [-97.576213999860826, 30.214297000072321],
            [-97.575890999820658, 30.214303999775211],
            [-97.575783999690529, 30.214306000244679],
            [-97.575298000342045, 30.214296000225648],
            [-97.574841000407531, 30.214255000292237],
            [-97.574487000405213, 30.214182999629394],
            [-97.574074999778247, 30.214046000195715],
            [-97.573669999722298, 30.213921000330611],
            [-97.573334000161637, 30.213828000216189],
            [-97.572830000371482, 30.213701000368708],
            [-97.572333000254019, 30.213592000057144],
            [-97.571902000258788, 30.213487999675753],
            [-97.57115200042135, 30.213324999901946],
            [-97.571037999720218, 30.213296000175777],
            [-97.570714999680021, 30.2132140002347],
            [-97.570123999851248, 30.213080999664296],
            [-97.570021999743986, 30.213057999798426],
            [-97.569369999815819, 30.212916000271079],
            [-97.569076000087946, 30.212847999626685],
            [-97.568284000417719, 30.212683999705739],
            [-97.567939999562796, 30.212638999646494],
            [-97.567342000061331, 30.212557999798584],
            [-97.566849000141815, 30.212457000249366],
            [-97.566247000442374, 30.212323000341545],
            [-97.565799999655312, 30.212208999940305],
            [-97.565085999802875, 30.211967999651499],
            [-97.563863000137403, 30.211345000041504],
            [-97.563703000303846, 30.211227999649921],
            [-97.563577999732047, 30.211135999974115],
            [-97.563159000330714, 30.210636000299608],
            [-97.562986000078354, 30.210447000326099],
            [-97.562885999620917, 30.210308999684926],
            [-97.562821000221902, 30.210161999852215],
            [-97.562756999749496, 30.20997600019275],
            [-97.562716999566518, 30.209758999628225],
            [-97.562699000023159, 30.209594000098587],
            [-97.562704999870959, 30.209393000142597],
            [-97.562688000152519, 30.209255000352186],
            [-97.562647000144636, 30.209160999810393],
            [-97.562524000120987, 30.208941000074311],
            [-97.562386000028738, 30.208736999851325],
            [-97.562206000103671, 30.208557999939025],
            [-97.561951999660451, 30.208386999731751],
            [-97.561209000394015, 30.207930000144028],
            [-97.560889999653483, 30.207792999767491],
            [-97.560534999826231, 30.20769000015785],
            [-97.560052999777398, 30.207599000194435],
            [-97.559494999560556, 30.207537000026154],
            [-97.55899900016631, 30.207526000180025],
            [-97.55838900007096, 30.207488000278701],
            [-97.557973999969263, 30.207469000322579],
            [-97.557715000401487, 30.207469000322579],
            [-97.557603000248491, 30.207480000175007],
            [-97.557077999643639, 30.20753999977223],
            [-97.556746000280924, 30.207637999967229],
            [-97.55667099993785, 30.207666999808175],
            [-97.556501000058546, 30.207733000324577],
            [-97.556167000147695, 30.207921000164816],
            [-97.555490999930086, 30.208351999884229],
            [-97.555125000232195, 30.20863999987855],
            [-97.554753999613112, 30.208995000153873],
            [-97.554421000425492, 30.209369000294217],
            [-97.553229999648778, 30.210856000127812],
            [-97.552951999814411, 30.211173000140946],
            [-97.552684999850726, 30.211433000018797],
            [-97.552354000312931, 30.211730999816169],
            [-97.552124000159168, 30.212017000273416],
            [-97.551646000308295, 30.212847999626685],
            [-97.550954000197137, 30.213808000079968],
            [-97.549677000105007, 30.215201000161034],
            [-97.548969999925262, 30.215844999753607],
            [-97.548395999814915, 30.21637799980925],
            [-97.547664000419132, 30.216846999929739],
            [-97.546171000416905, 30.217982000326415],
            [-97.545598000131463, 30.21802099986521],
            [-97.545496000024229, 30.218078999628435],
            [-97.545335000365739, 30.21819999964006],
            [-97.545184999679591, 30.21829800008566],
            [-97.544922999738773, 30.218521000046685],
            [-97.544767000103164, 30.218639999909552],
            [-97.544633000208862, 30.218729000149906],
            [-97.544525000253842, 30.218768000168801],
            [-97.544214999734123, 30.218933999638473],
            [-97.544023999938403, 30.219020000216808],
            [-97.543883000371423, 30.219064999686164],
            [-97.543493000384075, 30.219154000318248],
            [-97.543332999652193, 30.219182000073101],
            [-97.543081999582029, 30.219212999986421],
            [-97.5429250001215, 30.219251999813427],
            [-97.542886999588347, 30.219267999658378],
            [-97.542782000006369, 30.219292000197147],
            [-97.54264200026428, 30.219406999948397],
            [-97.542426000354212, 30.219632000085223],
            [-97.542228999812409, 30.219866999937455],
            [-97.54217000026118, 30.219961000342177],
            [-97.542131999728028, 30.220039000163865],
            [-97.542088000245414, 30.220152000243623],
            [-97.54206200030616, 30.220291000060655],
            [-97.542067000329013, 30.220349000037945],
            [-97.542106999613679, 30.220522999764558],
            [-97.542257000299813, 30.220805000380871],
            [-97.542609999578914, 30.221275000128919],
            [-97.542710999861256, 30.221438999700702],
            [-97.542786000204345, 30.22161100028308],
            [-97.542828999862024, 30.221742999641538],
            [-97.542847000303695, 30.221849000150694],
            [-97.542853999976387, 30.222015999622631],
            [-97.542831000410175, 30.22210899975877],
            [-97.542745000196447, 30.2223079998214],
            [-97.542731999777658, 30.222346999973698],
            [-97.54273799962543, 30.222393000014083],
            [-97.54273400032578, 30.222459999730656],
            [-97.542739000348675, 30.222479999660369],
            [-97.542694000142816, 30.222687999930315],
            [-97.54261200012705, 30.223004999853913],
            [-97.542578999616779, 30.223094000025835],
            [-97.542468000187014, 30.22334999965274],
            [-97.54240500043781, 30.223477000239214],
            [-97.542224999614461, 30.223775999786582],
            [-97.542118000382644, 30.223927000006917],
            [-97.542051000435507, 30.223988000189543],
            [-97.542033999818742, 30.224010999828618],
            [-97.541966999871605, 30.224056999866953],
            [-97.541920000015921, 30.224157999926192],
            [-97.541884999855824, 30.224209999923982],
            [-97.541854999718595, 30.224264999906602],
            [-97.541841000373211, 30.224307000070187],
            [-97.541805000388194, 30.224470000276458],
            [-97.541774000426059, 30.224666999960494],
            [-97.541668999945756, 30.22525300029687],
            [-97.541110999728929, 30.225578999632049],
            [-97.540776999818092, 30.225739000091355],
            [-97.540418999617799, 30.225866999650428],
            [-97.540131999562604, 30.225956000337142],
            [-97.53991700037578, 30.225985999940011],
            [-97.539622999749596, 30.225976000332146],
            [-97.539375000052473, 30.225914000101604],
            [-97.539068999730731, 30.22579000029944],
            [-97.538651999979209, 30.225546999664186],
            [-97.538385000015509, 30.225280999867898],
            [-97.538075000394116, 30.224810999858114],
            [-97.537984999982442, 30.224639999956214],
            [-97.537906000339717, 30.224429999669908],
            [-97.537830999996643, 30.224077999995416],
            [-97.537732000262437, 30.223534000137331],
            [-97.537697000102341, 30.223035000356901],
            [-97.537691000254569, 30.222548999619573],
            [-97.537666999965111, 30.222064999897242],
            [-97.537620999934362, 30.221933999963809],
            [-97.537492999887832, 30.221710999978029],
            [-97.537434000336617, 30.221616999693239],
            [-97.537241999817681, 30.221393999764988],
            [-97.536913999754617, 30.22111200006109],
            [-97.536486000132442, 30.220851000366181],
            [-97.536040999893515, 30.220628000253637],
            [-97.535752000188509, 30.220576999697421],
            [-97.534855999862884, 30.22036399991941],
            [-97.534578000028546, 30.220269999899877],
            [-97.533969999582993, 30.220105000143786],
            [-97.533560000402488, 30.220050000163578],
            [-97.532694000214093, 30.220031000304377],
            [-97.532370000348976, 30.220016000372151],
            [-97.532126999776423, 30.21997300013965],
            [-97.531797000063548, 30.219859000064048],
            [-97.531293000273379, 30.219726999729797],
            [-97.531094000081751, 30.219661000272431],
            [-97.530911999608563, 30.219588999684852],
            [-97.530688000200897, 30.21947000019383],
            [-97.530189000433609, 30.219147000184243],
            [-97.529919000096868, 30.218963000031412],
            [-97.529608999577164, 30.218765999790079],
            [-97.529401999887924, 30.218678000161603],
            [-97.529149999992853, 30.218604000024953],
            [-97.528898000097769, 30.218552999971777],
            [-97.528643999654548, 30.218532000216161],
            [-97.528346999553619, 30.218525000037886],
            [-97.528073999742162, 30.218564999941023],
            [-97.527793000433078, 30.218612000000416],
            [-97.527528000119204, 30.218674999978809],
            [-97.527139999781681, 30.21878800007298],
            [-97.526953000183937, 30.218889999909191],
            [-97.52677400008379, 30.219031000330485],
            [-97.526629000318835, 30.219201999893098],
            [-97.526482999830648, 30.219396999671623],
            [-97.526399999989977, 30.219546999835316],
            [-97.526255000225035, 30.219718999844954],
            [-97.526046999812564, 30.219935000387864],
            [-97.525800999765266, 30.220166000368103],
            [-97.52558800022824, 30.220277999739849],
            [-97.525393000234573, 30.220406999980977],
            [-97.525214999959331, 30.22049399983149],
            [-97.524368000037512, 30.220827000207795],
            [-97.523865999897183, 30.221216000145073],
            [-97.523429999879085, 30.222084999907285],
            [-97.523152999869666, 30.223008999662763],
            [-97.523064000181193, 30.223650000114102],
            [-97.523096999793168, 30.224597999934826],
            [-97.523266999672472, 30.226314999899898],
            [-97.52332199992405, 30.227177000064842],
            [-97.523153999694571, 30.228120999661083],
            [-97.522721000049529, 30.228536999961051],
            [-97.522280000008564, 30.228873000142524],
            [-97.522198999817704, 30.228934000361868],
            [-97.52062700017278, 30.229282000176866],
            [-97.520191999979588, 30.22931200031741],
            [-97.519950999955171, 30.229335999957481],
            [-97.519648999831375, 30.22930200027157],
            [-97.518954000245515, 30.229246000306642],
            [-97.518473000021601, 30.229190000309867],
            [-97.518331999556267, 30.229163999690677],
            [-97.518223999601233, 30.229119999880954],
            [-97.518073999813424, 30.229030999729321],
            [-97.517960999835523, 30.228955000225049],
            [-97.51788399984261, 30.228894000018734],
            [-97.517791999781096, 30.228809999710879],
            [-97.517558000327696, 30.228568999732115],
            [-97.517472000113969, 30.228461999777657],
            [-97.517320999602916, 30.228240000327752],
            [-97.517164000142401, 30.227867999937132],
            [-97.51709600037033, 30.227693000299471],
            [-97.516990000065107, 30.227386000204824],
            [-97.516865000391647, 30.226982999905047],
            [-97.516774000155053, 30.226600999871934],
            [-97.51673300014717, 30.226399000010545],
            [-97.516646000108523, 30.225791999759185],
            [-97.516507000191368, 30.224918999642938],
            [-97.516439000419297, 30.224435999684335],
            [-97.516427999650332, 30.224252999856532],
            [-97.516425000175602, 30.223824999960573],
            [-97.516446000092003, 30.223480000275536],
            [-97.516478999703949, 30.22322599972264],
            [-97.516487999924792, 30.222916000377626],
            [-97.516498999795445, 30.222711999634605],
            [-97.516498999795445, 30.222543000266256],
            [-97.516473999681082, 30.221791000281669],
            [-97.516431000023388, 30.221388000341218],
            [-97.516374999946891, 30.220958999842157],
            [-97.516313000022592, 30.220569999664672],
            [-97.516266999991842, 30.220182000064383],
            [-97.516235000204787, 30.219955999843918],
            [-97.516175999755248, 30.219402999993012],
            [-97.516109999633017, 30.21905900012035],
            [-97.515743999935111, 30.217590999617247],
            [-97.515579999903593, 30.216988999993617],
            [-97.515224000251436, 30.21594899997228],
            [-97.514744999677305, 30.21458600036506],
            [-97.514515000421866, 30.213891000153094],
            [-97.514174999764933, 30.213094000159892],
            [-97.513930000440851, 30.212653999927305],
            [-97.513730000424317, 30.212255000063625],
            [-97.513573999890397, 30.211883999637578],
            [-97.513480000179058, 30.211474000351874],
            [-97.513399999813132, 30.211090999983238],
            [-97.513275000139657, 30.210692999875331],
            [-97.513240999804466, 30.210504000011358],
            [-97.51372399967822, 30.210394000153389],
            [-97.513958999854864, 30.210327999869051],
            [-97.514163999894265, 30.210234000352177],
            [-97.514298999613487, 30.210149999634375],
            [-97.514479000436864, 30.209999999893085],
            [-97.514651999790914, 30.209899999938592],
            [-97.514743000027494, 30.20982000005705],
            [-97.514885000317733, 30.209713999783958],
            [-97.514989000074792, 30.209601000136043],
            [-97.515050000174156, 30.209454999917902],
            [-97.515097999854731, 30.209319000009028],
            [-97.515179000045606, 30.209122999764077],
            [-97.515245999992757, 30.208988000073379],
            [-97.515281999977773, 30.208856999805338],
            [-97.515306000267202, 30.208671999912148],
            [-97.515292000023507, 30.208492999881631],
            [-97.515287999825546, 30.208442000021538],
            [-97.515185999718284, 30.208018000069938],
            [-97.515087999808998, 30.207709000071375],
            [-97.515016999663899, 30.207548999786287],
            [-97.514977000379233, 30.207426999956979],
            [-97.514948999891828, 30.207305999894189],
            [-97.514938999846095, 30.207218000107943],
            [-97.514941000394217, 30.207131000162533],
            [-97.5149880002499, 30.207033000238962],
            [-97.515103999702518, 30.206958999883479],
            [-97.515245000167837, 30.206858000021867],
            [-97.515553000139406, 30.20668400019397],
            [-97.516009000248985, 30.206500000023492],
            [-97.516373000297065, 30.206343999811992],
            [-97.516740999644767, 30.206214999763873],
            [-97.516985000042254, 30.206166000134598],
            [-97.517190999906575, 30.206156999994057],
            [-97.517910999606798, 30.206211999977405],
            [-97.518151999631229, 30.206211000048519],
            [-97.518666000365442, 30.20621599969266],
            [-97.518878999902441, 30.20620800026192],
            [-97.518970000139049, 30.206235999819324],
            [-97.519027999865358, 30.206263000216772],
            [-97.519231000254948, 30.206360000203404],
            [-97.51939799976121, 30.206450999759745],
            [-97.519837000152364, 30.206767999988674],
            [-97.520065999582897, 30.206898999932058],
            [-97.52024700023118, 30.206974000253794],
            [-97.520463999966168, 30.20704100037899],
            [-97.520600000408606, 30.207077999756535],
            [-97.52084700028081, 30.207146999649648],
            [-97.521047000297344, 30.207169000201691],
            [-97.521289000146666, 30.207164999748816],
            [-97.521590000445556, 30.207171999958987],
            [-97.521801000332744, 30.207193999729146],
            [-97.522070999771188, 30.20724299962297],
            [-97.522389999613424, 30.207320000294054],
            [-97.52265999995015, 30.207396000211734],
            [-97.522916999868116, 30.207434000148567],
            [-97.522999999708787, 30.207446999837547],
            [-97.523271999695339, 30.207444000088621],
            [-97.523553999727653, 30.207416000098611],
            [-97.52380700034594, 30.207378000154822],
            [-97.524039999974448, 30.207313000094338],
            [-97.524354999618723, 30.207206000307455],
            [-97.524780999591073, 30.207066999859098],
            [-97.525075000217257, 30.206986000082573],
            [-97.525368999945144, 30.206914000311507],
            [-97.525773000176173, 30.206844000332627],
            [-97.526209000194285, 30.206731999641825],
            [-97.526675000349584, 30.206602000177377],
            [-97.527102999971746, 30.206441999645286],
            [-97.527400999897594, 30.206283000333894],
            [-97.527687999952775, 30.206112999985219],
            [-97.527937000373115, 30.205985000341826],
            [-97.528436000140402, 30.205718999664882],
            [-97.528611000042588, 30.20559500002593],
            [-97.528775999899025, 30.20543300031234],
            [-97.529037999839844, 30.205066000324681],
            [-97.529140999772011, 30.2048869999463],
            [-97.529218999589816, 30.204765999866144],
            [-97.529277000214449, 30.204644999637214],
            [-97.529318000222332, 30.204518000359741],
            [-97.529345999811412, 30.20439000019471],
            [-97.529350999834293, 30.204329000281945],
            [-97.529355000032254, 30.204278999765201],
            [-97.529346999636331, 30.20413999984115],
            [-97.529325999719944, 30.204027000004068],
            [-97.52927999968918, 30.20391499998934],
            [-97.529216000115071, 30.203780000141894],
            [-97.529134999924224, 30.203624000277365],
            [-97.52899799965688, 30.203476999775706],
            [-97.528888000052021, 30.203381999968428],
            [-97.528795000165601, 30.203302000223026],
            [-97.528365999820195, 30.203041999825221],
            [-97.527513999875495, 30.202668999673609],
            [-97.527493999784014, 30.202659999989631],
            [-97.527227999645234, 30.202504999869316],
            [-97.52704100004749, 30.202405000062907],
            [-97.526885000411866, 30.202288999880622],
            [-97.526783000304619, 30.202196999612088],
            [-97.526682000022291, 30.202098000239793],
            [-97.526574999892162, 30.201968000089334],
            [-97.526462999739167, 30.201799999998965],
            [-97.526304999555435, 30.201541000268378],
            [-97.526107000087023, 30.201179999623907],
            [-97.525697999833113, 30.200471999619225],
            [-97.525579999832331, 30.20031499995811],
            [-97.525413000326068, 30.200136000256602],
            [-97.525019000140773, 30.199764999951633],
            [-97.524657999567424, 30.199501000316722],
            [-97.524368999862418, 30.199307999926798],
            [-97.524236999617941, 30.199213999978042],
            [-97.524128999662921, 30.199126999945484],
            [-97.524058000416119, 30.199033999825655],
            [-97.523931000194509, 30.19875999973825],
            [-97.523886999813584, 30.198578000295822],
            [-97.523829000087261, 30.198470000322555],
            [-97.523718999584091, 30.198363000239439],
            [-97.523434999901966, 30.198212999615048],
            [-97.523131999953264, 30.198068000373002],
            [-97.522810999562893, 30.197933000270879],
            [-97.522531000078729, 30.197851999965479],
            [-97.522102999558228, 30.197789999868803],
            [-97.521668000263375, 30.197759000194011],
            [-97.521125999940068, 30.197785999811103],
            [-97.520997999893538, 30.1977919998976],
            [-97.520965000281578, 30.197797999983663],
            [-97.520869000022131, 30.197816000239655],
            [-97.520124000207545, 30.197985000153839],
            [-97.519022999842477, 30.198205000310338],
            [-97.518396999853607, 30.198339000030661],
            [-97.51801100006422, 30.198401999789773],
            [-97.517750999773227, 30.198434000046355],
            [-97.517209000348231, 30.198486999672049],
            [-97.516876000262315, 30.198498999759089],
            [-97.51654300017637, 30.198497999751922],
            [-97.516298999778897, 30.19848599966469],
            [-97.515928000058153, 30.198503999794962],
            [-97.515542000268766, 30.198566000218346],
            [-97.514792000431299, 30.198757999729121],
            [-97.514164999719185, 30.198949999641894],
            [-97.513686999868298, 30.199119999939491],
            [-97.513342999911728, 30.199233999974648],
            [-97.513080000145976, 30.199375999833801],
            [-97.512869000258789, 30.199500000319656],
            [-97.512695000181523, 30.199617999898152],
            [-97.51252699995203, 30.199806999704759],
            [-97.512250999767502, 30.200136000256602],
            [-97.511789999635056, 30.200729999848786],
            [-97.511495000082277, 30.201061000383767],
            [-97.511196000331523, 30.201414000091507],
            [-97.510910000101262, 30.201837999767243],
            [-97.510732999650941, 30.202065999621507],
            [-97.5105109998931, 30.202331000109638],
            [-97.510135999974352, 30.202766000096702],
            [-97.509699999956268, 30.203226000249444],
            [-97.509380000289141, 30.203553000331816],
            [-97.508981000080965, 30.20390099988149],
            [-97.508511999552582, 30.204262999811906],
            [-97.508164000296361, 30.204519000305776],
            [-97.507626000171015, 30.204956999764384],
            [-97.507221999939972, 30.205334000312916],
            [-97.506857999891906, 30.205659999668349],
            [-97.506530999653748, 30.205989999997431],
            [-97.506263999690063, 30.206176000203488],
            [-97.505442999707498, 30.206865000253934],
            [-97.505062999765897, 30.20715499978035],
            [-97.50488100019102, 30.207270999662214],
            [-97.504758000167385, 30.207338000361563],
            [-97.50431700012642, 30.207664999980086],
            [-97.504102000041257, 30.20777000021825],
            [-97.503759999734498, 30.207904000115555],
            [-97.503269000363133, 30.208070000059774],
            [-97.502728999689651, 30.208210999684873],
            [-97.502231999572174, 30.208317000024316],
            [-97.501673000428767, 30.20840900000664],
            [-97.501430999681105, 30.208450999953104],
            [-97.501085000074696, 30.208511999640113],
            [-97.500638000185958, 30.208599999821953],
            [-97.500171000205725, 30.208663000000811],
            [-97.49964800014898, 30.208712999842959],
            [-97.499228000024416, 30.208736999851325],
            [-97.498521999669606, 30.208751999950618],
            [-97.497879999787187, 30.208792999848097],
            [-97.497617000021449, 30.20880400032889],
            [-97.497293999981252, 30.208816999836948],
            [-97.496883000077517, 30.208904999746039],
            [-97.49634199957913, 30.209065000155384],
            [-97.495949999941971, 30.209227999999278],
            [-97.495802999628879, 30.209301000303846],
            [-97.49569499967383, 30.2093959998321],
            [-97.495576999673062, 30.209552999758561],
            [-97.495448999626532, 30.209837999667315],
            [-97.495352000440491, 30.210019000136946],
            [-97.495238999564265, 30.210256000214152],
            [-97.495077000080883, 30.210515000300898],
            [-97.494919999722043, 30.210627999675562],
            [-97.494839000429494, 30.210687999682378],
            [-97.494501000320696, 30.21091300035242],
            [-97.494294999558051, 30.2110419996765],
            [-97.494199000196886, 30.211102000207177],
            [-97.493855000240316, 30.211301999900499],
            [-97.493784000095204, 30.211352999830996],
            [-97.493375999666185, 30.21164399997901],
            [-97.493215999832643, 30.211812000344867],
            [-97.49301900018915, 30.212064000355863],
            [-97.49284299956372, 30.212298999655161],
            [-97.492703999646565, 30.212468000320566],
            [-97.492565999554301, 30.212580999781323],
            [-97.492416999591384, 30.212638999646494],
            [-97.492359999689967, 30.21264100014988],
            [-97.492240000039374, 30.212647000107093],
            [-97.492113999642669, 30.212607999990507],
            [-97.491926000220019, 30.212541999638656],
            [-97.491752999967645, 30.212446000176897],
            [-97.491579999715285, 30.212313999987806],
            [-97.491516000141189, 30.212247000347478],
            [-97.491372000201153, 30.212159000321876],
            [-97.491254000200371, 30.212109999770671],
            [-97.491115000283187, 30.212372000010376],
            [-97.49098399986363, 30.212618000181099],
            [-97.490807000311619, 30.212949000327072],
            [-97.490268000361368, 30.213848000348413],
            [-97.490137999766716, 30.214064999658252],
            [-97.489067000437203, 30.215852999953441],
            [-97.488662000381254, 30.216552000349868],
            [-97.487706999606061, 30.218129000119635],
            [-97.486329000129913, 30.220528000233941],
            [-97.486312000411459, 30.220557000156983],
            [-97.484975000044884, 30.222863999695715],
            [-97.48415800026028, 30.224273999943126],
            [-97.484139999818623, 30.224304999804041],
            [-97.484120999552047, 30.224335999655189],
            [-97.484087999940073, 30.224389999823259],
            [-97.484076000244514, 30.224408999616621],
            [-97.484070000396727, 30.224419000160054],
            [-97.484062000000804, 30.224432999677159],
            [-97.484019000343096, 30.224503000337744],
            [-97.484012999596999, 30.224513000095389],
            [-97.484007999574118, 30.224521000366479],
            [-97.483916000410929, 30.22467099970174],
            [-97.483841999892789, 30.224792000142408],
            [-97.482683999626346, 30.226686000235222],
            [-97.4826600002352, 30.226725000203878],
            [-97.482476999937091, 30.227043000027354],
            [-97.48205900036065, 30.227768000293203],
            [-97.481343999784997, 30.22900900018525],
            [-97.481269000340234, 30.229140999704402],
            [-97.480908999591833, 30.229766000084442],
            [-97.480419999870279, 30.230614999760853],
            [-97.478915000172506, 30.233226999876049],
            [-97.478515000139438, 30.233920999636016],
            [-97.477751999883182, 30.235245999792546],
            [-97.477663000194724, 30.235401999963248],
            [-97.477347999652139, 30.235946999760472],
            [-97.47645300004973, 30.237499999777096],
            [-97.476324000178295, 30.237726000035245],
            [-97.476304000086813, 30.237761000296633],
            [-97.476144000253242, 30.238038999623889],
            [-97.476029999552125, 30.238236999664732],
            [-97.475981000046616, 30.23832099967915],
            [-97.475954000282442, 30.238368000385826],
            [-97.475759000288775, 30.238704999939667],
            [-97.475473000058528, 30.239202999765091],
            [-97.475045000436353, 30.239945000334924],
            [-97.474440000363842, 30.240993999652265],
            [-97.474324000012885, 30.24119399987147],
            [-97.473621999856022, 30.242414000155787],
            [-97.473226999845807, 30.243099999931779],
            [-97.472876000216516, 30.243711999708545],
            [-97.472770999736227, 30.243892999924125],
            [-97.471989000111719, 30.245249999685097],
            [-97.471599999949291, 30.245927000235021],
            [-97.470156000350897, 30.248515999989731],
            [-97.470111999969959, 30.248599000256654],
            [-97.470034000152154, 30.24874799983068],
            [-97.469952000136388, 30.248901999757091],
            [-97.46987799961822, 30.249042000327243],
            [-97.469756000317801, 30.24927399970219],
            [-97.469592000286298, 30.249498999780165],
            [-97.469588999913228, 30.249516999888311],
            [-97.469583000065455, 30.249565000160551],
            [-97.469402000315483, 30.249864000293755],
            [-97.469336000193252, 30.249971999715854],
            [-97.469311999903795, 30.250012000017808],
            [-97.469044000115204, 30.250456000180247],
            [-97.468784999649102, 30.250886000259996],
            [-97.46825400009476, 30.251678000028939],
            [-97.467811000403984, 30.252348999880745],
            [-97.467495000036493, 30.252864999895557],
            [-97.467423000066461, 30.252981999634795],
            [-97.46704300012486, 30.253637999657006],
            [-97.466513000395452, 30.254552000235918],
            [-97.465928000414436, 30.255444999663109],
            [-97.46547099958164, 30.25624300032241],
            [-97.465167999632939, 30.256703999632297],
            [-97.464719999919282, 30.25743100030267],
            [-97.464074999663808, 30.258451000342045],
            [-97.463694999722208, 30.259079000285574],
            [-97.462643999585879, 30.260757999775194],
            [-97.462000000053635, 30.261746999719666],
            [-97.461981999611993, 30.261807000345097],
            [-97.461912000190097, 30.262043000380483],
            [-97.461890000448804, 30.262115000133701],
            [-97.461800000037101, 30.262415000218269],
            [-97.461596999647497, 30.263141000385652],
            [-97.460873999574233, 30.264445999992656],
            [-97.460445000127152, 30.265179999950497],
            [-97.457326999878262, 30.270531999822186],
            [-97.457302999588819, 30.270573000335027],
            [-97.456909000301849, 30.271249000096347],
            [-97.455142999589839, 30.274278999838199],
            [-97.454882000372251, 30.274726999711028],
            [-97.454726999663237, 30.274991999875137],
            [-97.45386700022091, 30.276468000218774],
            [-97.452517000333856, 30.278764000247101],
            [-97.450425999931838, 30.282321000377383],
            [-97.450398000342744, 30.282368000199877],
            [-97.449510000413042, 30.283878999877569],
            [-97.449440999917741, 30.283995999896426],
            [-97.449414999978487, 30.28403999995361],
            [-97.449404999932725, 30.284057999936046],
            [-97.449399000084952, 30.284067999838658],
            [-97.449377000343645, 30.284104999702208],
            [-97.449346000381496, 30.284157999692123],
            [-97.449328999764745, 30.28418700023067],
            [-97.449321000267147, 30.284199999854106],
            [-97.449315000419375, 30.284209999742238],
            [-97.449291999954823, 30.284249000149593],
            [-97.449194000045551, 30.284415999848889],
            [-97.449121000250614, 30.284541000041656],
            [-97.449115000402813, 30.284550999895032],
            [-97.449081000067636, 30.284608999955541],
            [-97.449069000372063, 30.284628999647438],
            [-97.449024000166233, 30.284706000207429],
            [-97.449011999572349, 30.284725999879555],
            [-97.448951000371309, 30.284829000220931],
            [-97.448882999700913, 30.28494499997889],
            [-97.44885500011182, 30.284993999902344],
            [-97.448844000241181, 30.285011999709763],
            [-97.448833000370527, 30.285031000192419],
            [-97.448768999898107, 30.285138999722363],
            [-97.448706000148903, 30.285246000008517],
            [-97.448679000384729, 30.285292000081164],
            [-97.448562000208867, 30.285491000180635],
            [-97.448506999957289, 30.285584999869034],
            [-97.448501000109502, 30.285594999616016],
            [-97.448491000063754, 30.285606999931613],
            [-97.448484000391062, 30.285619000245745],
            [-97.448313999613447, 30.28591299972657],
            [-97.44808299963475, 30.286305999880842],
            [-97.448049000197869, 30.286363999679473],
            [-97.44780099960245, 30.286786000124447],
            [-97.447741000226301, 30.286887000086683],
            [-97.44761099963165, 30.287107999779703],
            [-97.447439999927425, 30.287397999937753],
            [-97.4473460002161, 30.287558999668754],
            [-97.447336999995258, 30.287575000027509],
            [-97.447266999675065, 30.287694000044173],
            [-97.44724900013172, 30.28772400018855],
            [-97.447234999888011, 30.287746999646636],
            [-97.447199999727914, 30.287806999893824],
            [-97.447163999742898, 30.287868999852087],
            [-97.446356000179122, 30.289243000031064],
            [-97.446150000314816, 30.289593000013426],
            [-97.445331999806967, 30.290983999734966],
            [-97.445314000263636, 30.291015000266356],
            [-97.441128999984883, 30.298132999915673],
            [-97.441120999588961, 30.298146999786852],
            [-97.441115999566094, 30.29815500026633],
            [-97.441109999718321, 30.298163999738534],
            [-97.441092999999881, 30.298193999782967],
            [-97.440990000067714, 30.298369000247053],
            [-97.439345999554448, 30.301165000369071],
            [-97.438989000077399, 30.301781000132291],
            [-97.437865999971052, 30.303718000273381],
            [-97.43740300018878, 30.304516999830625],
            [-97.437398000165899, 30.304524999790328],
            [-97.437299000431693, 30.304694999749653],
            [-97.437282999639862, 30.304722000240698],
            [-97.43716100033943, 30.304933999672965],
            [-97.437120000331561, 30.305004000357901],
            [-97.436978000041321, 30.305249999731643],
            [-97.436967000170668, 30.305269000171425],
            [-97.436957999949854, 30.305284000271161],
            [-97.436884000329997, 30.305412999793177],
            [-97.43686599988834, 30.305443999640939],
            [-97.436682999590232, 30.305761000073794],
            [-97.436607000320564, 30.305893000365185],
            [-97.436070999845029, 30.30681600007393],
            [-97.435848000262283, 30.307200999708723],
            [-97.435840999691266, 30.307212999707321],
            [-97.434490999804211, 30.30941600020931],
            [-97.433909000196238, 30.310406999954814],
            [-97.433865999640219, 30.310480000314605],
            [-97.433823999807416, 30.310552000201817],
            [-97.433663999973859, 30.310824999972397],
            [-97.433501999592153, 30.311101000220145],
            [-97.431626999998528, 30.3142950001698],
            [-97.431263999775368, 30.314913000371359],
            [-97.431257999927567, 30.314923999827716],
            [-97.43112599968309, 30.31514899985666],
            [-97.42833899987032, 30.319897000209775],
            [-97.428286000166864, 30.319986999747893],
            [-97.427794000072268, 30.320824999870247],
            [-97.426739999562912, 30.322621000117454],
            [-97.425696999822492, 30.32439800017583],
            [-97.425567000126151, 30.324620000111569],
            [-97.425552999882456, 30.324643000219353],
            [-97.425480000087504, 30.324759999672594],
            [-97.4251699995678, 30.325296000351791],
            [-97.424654999906991, 30.326174000305951],
            [-97.423587999877128, 30.328049999986916],
            [-97.423116999698948, 30.32884400005069],
            [-97.423093000307816, 30.328885000223899],
            [-97.419891000393335, 30.334314000230226],
            [-97.419831999943767, 30.334413999896867],
            [-97.419817999700086, 30.334439000379074],
            [-97.419812999677205, 30.334447000221925],
            [-97.419770000019497, 30.334519999726645],
            [-97.419637999775034, 30.334744000320729],
            [-97.419373000359457, 30.335193000137995],
            [-97.418403000414003, 30.336837000368494],
            [-97.418032999619825, 30.337462999836585],
            [-97.417794000143545, 30.337867999677211],
            [-97.417734999694005, 30.33796800036583],
            [-97.417687000013416, 30.338050000032435],
            [-97.417664000447203, 30.338087999816867],
            [-97.417649000378589, 30.338113000136207],
            [-97.417625999914051, 30.338152000032508],
            [-97.417615000043398, 30.338171000294405],
            [-97.417583000256343, 30.338224999876047],
            [-97.417091999986667, 30.339056999802036],
            [-97.416845999939383, 30.339473999949711],
            [-97.416809999954367, 30.339534999668093],
            [-97.416783000190179, 30.339579999728318],
            [-97.416747000205177, 30.339642000277017],
            [-97.416742000182296, 30.339650999815671],
            [-97.416732000136562, 30.339668000320337],
            [-97.416702999824238, 30.339717000025452],
            [-97.416659000341625, 30.33979100037217],
            [-97.416635000052167, 30.339830999719094],
            [-97.416604000090032, 30.339883999817076],
            [-97.415975999552998, 30.340948000058461],
            [-97.415855000077499, 30.341153000221162],
            [-97.415844000206832, 30.341171999900613],
            [-97.415821999567228, 30.341210000023722],
            [-97.415777000259681, 30.341286000225633],
            [-97.415659000258913, 30.341485999944702],
            [-97.415490000204514, 30.341772000081122],
            [-97.413993999829273, 30.344306999612638],
            [-97.413962000042204, 30.344360999685787],
            [-97.413922999684161, 30.344426999820801],
            [-97.413214999679482, 30.345633999656446],
            [-97.412505999849927, 30.346842000159029],
            [-97.412474000062872, 30.346897999702612],
            [-97.412468000215085, 30.346908000171464],
            [-97.412443000100737, 30.346950999850247],
            [-97.410852000189223, 30.349662999720657],
            [-97.410689999807545, 30.34991800027624],
            [-97.410550000065442, 30.350178000234507],
            [-97.410545000042575, 30.35018600034152],
            [-97.410479999745249, 30.350297000208592],
            [-97.409874999672738, 30.351329000382833],
            [-97.409862999977193, 30.351348999638738],
            [-97.409848999733484, 30.351372999670652],
            [-97.409837000037911, 30.351393999693709],
            [-97.40980400042595, 30.351449999733219],
            [-97.409498999929113, 30.3519690001248],
            [-97.409457000096324, 30.352039999752165],
            [-97.409392999623904, 30.352149999848425],
            [-97.409327000399969, 30.352261999805179],
            [-97.409272999973311, 30.352353999812223],
            [-97.409242000011176, 30.352407000105604],
            [-97.407928999934029, 30.354644000102592],
            [-97.407129999692756, 30.356007000172443],
            [-97.407057999722753, 30.356129999844061],
            [-97.404998000181195, 30.359611999902128],
            [-97.404967000219045, 30.359664000222779],
            [-97.40493399970876, 30.359718000347634],
            [-97.404858000439091, 30.359848000181408],
            [-97.404638000331076, 30.360220000253783],
            [-97.404337999857106, 30.360726000306581],
            [-97.404311999917851, 30.360770000018981],
            [-97.404118999573996, 30.361096000336619],
            [-97.403725000286997, 30.361761000223986],
            [-97.403695000149781, 30.361812000282786],
            [-97.403478000414808, 30.362180000298732],
            [-97.403074000183764, 30.362862000142808],
            [-97.402596000332863, 30.363668999903513],
            [-97.402307999554466, 30.36415600007669],
            [-97.402233000109703, 30.364282999829836],
            [-97.402207999995341, 30.364324999754636],
            [-97.402166000162552, 30.364395999715654],
            [-97.400136999684818, 30.367823999769755],
            [-97.400089000004257, 30.367905999995621],
            [-97.399002999707818, 30.369739999800892],
            [-97.39694399999118, 30.373364999613667],
            [-97.396421999759369, 30.374267999666767],
            [-97.395878999611156, 30.375206999707082],
            [-97.395061000001633, 30.37659499974426],
            [-97.393405999617727, 30.379405999681687],
            [-97.391580000427894, 30.38253199987118],
            [-97.391212000181852, 30.383160999699168],
            [-97.391203999785944, 30.383174000138354],
            [-97.391194999565101, 30.383190000378434],
            [-97.390998999746543, 30.383524999717896],
            [-97.39090800040826, 30.383680999642955],
            [-97.390874000073055, 30.383740000354464],
            [-97.390859000004468, 30.38376600030205],
            [-97.390839999737878, 30.383797999810781],
            [-97.388339000155369, 30.38807800027573],
            [-97.387360999813964, 30.389737999780298],
            [-97.387129999835281, 30.390129999884277],
            [-97.38669899984005, 30.39086400001996],
            [-97.38607299985118, 30.391927000179795],
            [-97.383183999931134, 30.396835000009666],
            [-97.382256999643346, 30.398408999713965],
            [-97.380753999595413, 30.401002000312289],
            [-97.379432000195749, 30.403283000208791],
            [-97.378851000412695, 30.404284999664377],
            [-97.378783999567233, 30.404400000256324],
            [-97.378775000244715, 30.404416000119078],
            [-97.378752999605098, 30.404453000227516],
            [-97.37872699966583, 30.404497999858862],
            [-97.378679999810146, 30.404579000072765],
            [-97.378550000113819, 30.404802999826558],
            [-97.378077000285799, 30.405619000062742],
            [-97.377226999990924, 30.407085999665821],
            [-97.376200000144024, 30.408769999854535],
            [-97.37538400018434, 30.410047000245399],
            [-97.375273999681184, 30.410220000285712],
            [-97.375235000221423, 30.41024700033153],
            [-97.375203000434382, 30.410269999676007],
            [-97.375190999840484, 30.410281000034267],
            [-97.37518199961967, 30.41029000004476],
            [-97.375114999672519, 30.410405999933328],
            [-97.37507299983973, 30.410479000073078],
            [-97.375032999656753, 30.410547000079834],
            [-97.374866000150476, 30.410805999774293],
            [-97.374702999943878, 30.411055000226572],
            [-97.374117000137957, 30.411925000059039],
            [-97.373425999851747, 30.413041000250647],
            [-97.372727000067897, 30.414253999824375],
            [-97.37256200021146, 30.414541000291294],
            [-97.371486999785688, 30.416374000071198],
            [-97.371213000149297, 30.416842999845656],
            [-97.370208000043718, 30.418463000300353],
            [-97.369539000397111, 30.419562999624777],
            [-97.369640999606077, 30.419599000111415],
            [-97.369825999553981, 30.419504999716541],
            [-97.369947999752725, 30.419442000151101],
            [-97.370283000386806, 30.419287000100411],
            [-97.373537000179823, 30.417715000184359],
            [-97.376766999683383, 30.419195999651034],
            [-97.377729000131254, 30.422369999973842],
            [-97.379221000308561, 30.423720000120802],
            [-97.379428999822693, 30.423901000208843],
            [-97.380842000357276, 30.424007999893234],
            [-97.381438000208945, 30.424050999740597],
            [-97.381671999662345, 30.424071000383734],
            [-97.381745000355608, 30.424047999643783],
            [-97.381952999869753, 30.424061000062675],
            [-97.382248000320843, 30.424078999865234],
            [-97.38338999979544, 30.424149999785516],
            [-97.383270000144861, 30.425805000274984],
            [-97.383253000426421, 30.426037000213601],
            [-97.384763000147075, 30.4289619996947],
            [-97.386922000321135, 30.429948000119168],
            [-97.38718900028482, 30.43131899985778],
            [-97.38759900036365, 30.433420000005867],
            [-97.392172000081615, 30.434348999835944],
            [-97.392540000327628, 30.434426000356844],
            [-97.39190400029301, 30.43579300023827],
            [-97.391813999881307, 30.436061000264775],
            [-97.391505000084834, 30.4368579997168],
            [-97.393030999698993, 30.438768000193726],
            [-97.395491000171944, 30.437765000162443],
            [-97.401012000094056, 30.43935699979982],
            [-97.401397000058537, 30.439672000295971],
            [-97.402818000090733, 30.440087999645005],
            [-97.404106000053517, 30.440894999630501],
            [-97.404310000268026, 30.44096099963323],
            [-97.404495000215931, 30.44110000005622],
            [-97.404790999593629, 30.441359999825018],
            [-97.405086000044733, 30.441685000109906],
            [-97.405281000038414, 30.441718999700601],
            [-97.405411999559661, 30.44166300027732],
            [-97.405562000245794, 30.441479000286197],
            [-97.406240000113229, 30.442288000065954],
            [-97.408769000183156, 30.438189999663173],
            [-97.409825000342352, 30.438218000376185],
            [-97.41010300017669, 30.438225000359523],
            [-97.412042000242735, 30.438276000001963],
            [-97.413024999708696, 30.438295000165635],
            [-97.413249000014687, 30.438298999710472],
            [-97.415251999654814, 30.438337000025193],
            [-97.42190800027717, 30.444319000019458],
            [-97.422757999673749, 30.445277999653605],
            [-97.424260999721682, 30.447677999919524],
            [-97.425340000345429, 30.44782199977562],
            [-97.425321999903758, 30.4478940000111],
            [-97.425205999552801, 30.448649000266965],
            [-97.425142999803626, 30.449065999806976],
            [-97.425140000328881, 30.449081000314322],
            [-97.427093999565216, 30.452200999905184],
            [-97.429313999838655, 30.45239999978871],
            [-97.433282000382434, 30.452909999845382],
            [-97.433735000118972, 30.455655000176922],
            [-97.434113000410747, 30.459719000147725],
            [-97.435858000308016, 30.460075999670629],
            [-97.437301000081504, 30.460763000218673],
            [-97.43954100044644, 30.46028199968077],
            [-97.440585999836671, 30.45842399990255],
            [-97.441836000164642, 30.455332000205392],
            [-97.442719000071477, 30.455557000075775],
            [-97.44423899983785, 30.455945000294097],
            [-97.44494900039065, 30.456124999719091],
            [-97.445067000391433, 30.458558999939509],
            [-97.445628000082976, 30.461403999681544],
            [-97.446280000011157, 30.46137099963822],
            [-97.448804000058217, 30.461241999854369],
            [-97.448938999777411, 30.461228999746663],
            [-97.449625000040754, 30.461308000017219],
            [-97.453390000194958, 30.461305999942546],
            [-97.459783999978157, 30.458317000038676],
            [-97.463933000271908, 30.460642999640328],
            [-97.46611699966202, 30.464322999691138],
            [-97.466275999670671, 30.464591000256402],
            [-97.466566999923799, 30.46508199963624],
            [-97.46691699972817, 30.465190000197552],
            [-97.467326999807, 30.465362000385362],
            [-97.469285999964526, 30.466072999771146],
            [-97.470831999670182, 30.466694000271257],
            [-97.471326000312914, 30.466974000257785],
            [-97.473549000061098, 30.466955000264768],
            [-97.474110999577562, 30.467054000106046],
            [-97.475502000370838, 30.467145000027781],
            [-97.476492000407802, 30.469125999765609],
            [-97.476602000012633, 30.469150000280649],
            [-97.47684700023504, 30.469226999634905],
            [-97.477850999617388, 30.469542000371433],
            [-97.478048000159191, 30.469605000086755],
            [-97.478274000114993, 30.469692999706925],
            [-97.48012299976935, 30.470431999969456],
            [-97.482887000015921, 30.469945000255752],
            [-97.486428999689039, 30.469473000120253],
            [-97.488037000217275, 30.472061000238906],
            [-97.488480999732971, 30.472777000255768],
            [-97.488701999665906, 30.473130999787593],
            [-97.48909199965324, 30.473291999669438],
            [-97.493623000436713, 30.475036000247282],
            [-97.493800999813644, 30.475099000279325],
            [-97.497277000262812, 30.476334999815005],
            [-97.498330000048966, 30.476619000247549],
            [-97.498966000083612, 30.4767919998705],
            [-97.499050999574109, 30.476787000091615],
            [-97.499449999782271, 30.476902999851614],
            [-97.499831000447102, 30.477083000033158],
            [-97.500278000335854, 30.477142000015988],
            [-97.501251999580973, 30.477268999896939],
            [-97.501347999840434, 30.477291999693119],
            [-97.501379999627488, 30.477383000112333],
            [-97.501398000069159, 30.477434999650136],
            [-97.501405999566757, 30.477456999922669],
            [-97.501437000427202, 30.477560999665581],
            [-97.50144800029787, 30.47757800017132],
            [-97.501373999779688, 30.477923000093067],
            [-97.502551000312735, 30.48056699967967],
            [-97.504789999954426, 30.481095000247514],
            [-97.510862000420673, 30.48526499967214],
            [-97.511478000363837, 30.484765999955552],
            [-97.517640000343462, 30.480014999965238],
            [-97.522357000001449, 30.476380999843162],
            [-97.523448000320755, 30.473552999787518],
            [-97.523762999965015, 30.472726000085917],
            [-97.523971000377486, 30.47217500035827],
            [-97.524967000262208, 30.472954000182551],
            [-97.526235000133525, 30.47394600025628],
            [-97.527116000390549, 30.474645999620964],
            [-97.528150999735047, 30.475433999998508],
            [-97.539088999822212, 30.478271999793261],
            [-97.539481000357696, 30.47837399971559],
            [-97.540390000203786, 30.478610000173646],
            [-97.540500999633565, 30.478639000357749],
            [-97.541883000205999, 30.478999999630741],
            [-97.542634999693263, 30.479204999632096],
            [-97.542895999809176, 30.479275999660263],
            [-97.543167999795742, 30.479350000354223],
            [-97.543443000155349, 30.47942499968196],
            [-97.543642000346992, 30.479474999975849],
            [-97.544120000197893, 30.479596000038896],
            [-97.544182999947083, 30.479535000294653],
            [-97.544233000175794, 30.479476000213747],
            [-97.544307999620528, 30.479386999905952],
            [-97.543690999852473, 30.479268000063147],
            [-97.543141000031568, 30.479160999872143],
            [-97.543391000276827, 30.478837999652935],
            [-97.54392100000625, 30.478153999613134],
            [-97.545286999786839, 30.476391999712039],
            [-97.545386000419356, 30.47626500023544],
            [-97.545882999638508, 30.475649999719334],
            [-97.546079000355405, 30.475419999957094],
            [-97.547917999964014, 30.475910000210117],
            [-97.549553000256438, 30.476345999689073],
            [-97.550067999917275, 30.476483000198325],
            [-97.549949999916478, 30.477206999981846],
            [-97.549821000045043, 30.477998999999045],
            [-97.549563000302186, 30.479590999629821],
            [-97.549554000081358, 30.47968500015563],
            [-97.549539000012743, 30.479840000182033],
            [-97.5495149997233, 30.480032000042439],
            [-97.549508999875513, 30.480082000024559],
            [-97.549494999631818, 30.480181999911728],
            [-97.549489999608937, 30.480248999856155],
            [-97.549325999577405, 30.481130000242562],
            [-97.55091700038723, 30.484878999724465],
            [-97.551560999919474, 30.48624700035063],
            [-97.551977999670967, 30.487447999972975],
            [-97.552053000014055, 30.487665000284],
            [-97.552218999695398, 30.488146000264962],
            [-97.552964000408295, 30.490294999759673],
            [-97.55386400003357, 30.490441000341793],
            [-97.554167999807206, 30.490482000047056],
            [-97.55444800018968, 30.490520000136044],
            [-97.556099000375625, 30.490743999870006],
            [-97.557528999730337, 30.490937000015165],
            [-97.560997999608503, 30.491460000261146],
            [-97.561905999629701, 30.4915969996241],
            [-97.562821000221902, 30.491734999680165],
            [-97.563456000431643, 30.491831999647278],
            [-97.56348099964768, 30.492049000245089],
            [-97.56355699981566, 30.492976999891887],
            [-97.56360299984641, 30.493538999787269],
            [-97.563769000426078, 30.495557000019769],
            [-97.565233999940872, 30.495744000256646],
            [-97.565257000405396, 30.495848999880206],
            [-97.567896999905102, 30.496076999999548],
            [-97.568219000120379, 30.496105000330413],
            [-97.568886000117161, 30.496162000260348],
            [-97.568881999919185, 30.496183000103898],
            [-97.568349999641626, 30.499222999696897],
            [-97.568255000105381, 30.499724999671098],
            [-97.569146000408153, 30.499855000355304],
            [-97.570054000429352, 30.499989000199999],
            [-97.570282000034979, 30.500019000232356],
            [-97.570719999702888, 30.50007700021709],
            [-97.57159299956399, 30.500193000082756],
            [-97.572076000336068, 30.500257000109585],
            [-97.572641000225602, 30.500275999795015],
            [-97.572657999944028, 30.500276999819064],
            [-97.573232999879295, 30.500190000007926],
            [-97.573685999615833, 30.500213999830152],
            [-97.573869999738832, 30.50022500010143],
            [-97.573873000111902, 30.500210999755904],
            [-97.574519000192268, 30.500245999841905],
            [-97.574537999560533, 30.50024699986627],
            [-97.575053999944558, 30.500274999770891],
            [-97.575567999780461, 30.500300000370025],
            [-97.576013999844292, 30.500322000117897],
            [-97.576317999617913, 30.500335999673386],
            [-97.576799999666761, 30.500360000233588],
            [-97.576909000345012, 30.500365000349596],
            [-97.577192000202231, 30.500378999898892],
            [-97.577459000165931, 30.50039200019733],
            [-97.577526000113082, 30.500395000265993],
            [-97.577794999726578, 30.500407999788273],
            [-97.577927999795989, 30.500410999856374],
            [-97.578004999788874, 30.500412999901748],
            [-97.578186000437157, 30.500430000285736],
            [-97.579808000310791, 30.500501000309246],
            [-97.580000999756336, 30.500439999736226],
            [-97.580052999634859, 30.500394000243102],
            [-97.580242999605659, 30.500500000287449],
            [-97.580565999645856, 30.500680000171194],
            [-97.580605000003899, 30.500682000211032],
            [-97.580595999783071, 30.500697999754216],
            [-97.580897000081961, 30.500863999794021],
            [-97.581076000182108, 30.500793000035472],
            [-97.581154999824818, 30.500760000184588],
            [-97.581176999566111, 30.500751000012215],
            [-97.581265000327974, 30.50071500008838],
            [-97.581898999814484, 30.500460000182077],
            [-97.583420000304102, 30.499841999985136],
            [-97.583750000016977, 30.499703999818145],
            [-97.584637999946693, 30.499366999972981],
            [-97.58592199971153, 30.498898000193027],
            [-97.586283000284865, 30.49876899981745],
            [-97.586838000128637, 30.498564000002652],
            [-97.587844999884041, 30.498196000221586],
            [-97.587861999602467, 30.498189999948643],
            [-97.587880999869057, 30.498005999911708],
            [-97.588371000313828, 30.497999999626987],
            [-97.588793000088216, 30.497915000198095],
            [-97.589203000167032, 30.497710000131626],
            [-97.589315000320042, 30.497655999713754],
            [-97.589855000095199, 30.497397000087869],
            [-97.590306000181897, 30.497179999807646],
            [-97.590595999711809, 30.497179999807646],
            [-97.590886000140046, 30.497286000258292],
            [-97.591015000011467, 30.497530000170162],
            [-97.591055000194444, 30.497563999620759],
            [-97.59110899972282, 30.498482999688679],
            [-97.591110000446022, 30.498503999805184],
            [-97.591117000118729, 30.498617999916483],
            [-97.591124999616326, 30.498750999877405],
            [-97.591148999905769, 30.499170000154368],
            [-97.591209000180228, 30.500082000347575],
            [-97.591240000142363, 30.500540000376422],
            [-97.591313999762221, 30.500908999821284],
            [-97.592087000064183, 30.500709999990427],
            [-97.592887000130361, 30.500503000352776],
            [-97.592989000237623, 30.500446999892723],
            [-97.593339000041993, 30.500430000285736],
            [-97.593523000165007, 30.500497000222069],
            [-97.593827999763519, 30.500609000278338],
            [-97.595638999783034, 30.50127200010542],
            [-97.595921999640268, 30.501374999928604],
            [-97.596161999839779, 30.501480999677888],
            [-97.597249999786044, 30.500916999961564],
            [-97.600238000338578, 30.499394000097737],
            [-97.601609000142048, 30.498694999956761],
            [-97.601799000112848, 30.498597999865897],
            [-97.603501000352423, 30.497231000323644],
            [-97.603535999614223, 30.497184000031204],
            [-97.60390499968517, 30.496915000110938],
            [-97.60439000010706, 30.496486000327632],
            [-97.606089999798485, 30.495137999661804],
            [-97.606319999952262, 30.493620999665868],
            [-97.606326999624955, 30.493572999858596],
            [-97.606832999963245, 30.490312999716043],
            [-97.610013000136419, 30.490013000008688],
            [-97.610186000388779, 30.489998999741722],
            [-97.610948999746711, 30.489931000185738],
            [-97.615180000056213, 30.489525999933495],
            [-97.615250000376406, 30.489546000300905],
            [-97.615274999592444, 30.489546000300905],
            [-97.615425000278606, 30.489542999897672],
            [-97.615655000432355, 30.489537999999609],
            [-97.615724000029331, 30.489563999621698],
            [-97.615801999847136, 30.489583999981292],
            [-97.617540000071742, 30.489420999678966],
            [-97.618647000284554, 30.49037700005],
            [-97.619401000319968, 30.489957999832942],
            [-97.620556000213369, 30.489334000222662],
            [-97.621490999998755, 30.488814999955022],
            [-97.622472999639797, 30.488271000202378],
            [-97.622603000234449, 30.488197000097816],
            [-97.623101000176817, 30.487921999969316],
            [-97.623308999690963, 30.487807000332577],
            [-97.62371299992202, 30.487581999876156],
            [-97.624010000022935, 30.487419000091013],
            [-97.624229000306059, 30.487297000305865],
            [-97.624516000361226, 30.487137999905848],
            [-97.624591999630894, 30.487096000180404],
            [-97.624728000073333, 30.48702099979614],
            [-97.624834000378542, 30.486962000382185],
            [-97.627002999700053, 30.485757999661253],
            [-97.627544000198441, 30.485459000022335],
            [-97.627806999964164, 30.485312999706984],
            [-97.627874999736235, 30.485269999789736],
            [-97.628007999805618, 30.485235999913748],
            [-97.632499000406128, 30.48411099986836],
            [-97.632792000309081, 30.484130999800335],
            [-97.633049000227032, 30.484154999713333],
            [-97.633501999963556, 30.484043000068873],
            [-97.633633000383142, 30.484009999955514],
            [-97.634231999709527, 30.483858000180401],
            [-97.634631999742595, 30.483758000198847],
            [-97.635367000409758, 30.483573999964463],
            [-97.635635000198349, 30.483508000182681],
            [-97.636420000195912, 30.483315000012738],
            [-97.637369000224993, 30.483081999951537],
            [-97.63924999966639, 30.482619999752288],
            [-97.641280999793949, 30.482120999635868],
            [-97.64134699991618, 30.48203900013069],
            [-97.641520000168541, 30.481825999743094],
            [-97.643130000346616, 30.47983099962288],
            [-97.643443000341065, 30.478213999971906],
            [-97.64350400044043, 30.478147000175301],
            [-97.643500000242483, 30.478135999730512],
            [-97.64347500012812, 30.478077000350144],
            [-97.643733999695883, 30.477954999693971],
            [-97.644148999797579, 30.477790000308438],
            [-97.644338999768394, 30.477705000257785],
            [-97.644841999733629, 30.477504999936915],
            [-97.645062999666564, 30.477417999893635],
            [-97.645823000448075, 30.477128000220098],
            [-97.645888999671996, 30.477104000122971],
            [-97.646087000038719, 30.477043000365686],
            [-97.646364999873057, 30.476937000315701],
            [-97.646571999562312, 30.47683199964116],
            [-97.646718999875375, 30.476775000001737],
            [-97.647214000343041, 30.476613000192415],
            [-97.647519999766473, 30.476495000324146],
            [-97.647667999904471, 30.476438999982307],
            [-97.647933000218345, 30.476333000048932],
            [-97.64796400018048, 30.476310000026245],
            [-97.648057999891805, 30.476271000311975],
            [-97.648569000252976, 30.476066999824798],
            [-97.64862399960623, 30.476046000285525],
            [-97.648651000268742, 30.476037999648771],
            [-97.648693999926451, 30.476020000149155],
            [-97.648760999873602, 30.475986999638518],
            [-97.648787999637776, 30.475972999676618],
            [-97.648974000308925, 30.475880999987261],
            [-97.648994000400421, 30.475871000335594],
            [-97.649184000371221, 30.475766000059782],
            [-97.649293999976067, 30.475714999907119],
            [-97.649834999576129, 30.475538999858141],
            [-97.650319000173127, 30.475382000166199],
            [-97.650761000039012, 30.475214999727843],
            [-97.651277000423036, 30.474971999890375],
            [-97.651440999556272, 30.47489400014852],
            [-97.651886999620089, 30.47511899974025],
            [-97.652416000422917, 30.475374999754926],
            [-97.65262999978485, 30.475468999706216],
            [-97.652720000196524, 30.475498000051775],
            [-97.652778999747753, 30.47552900017136],
            [-97.653525000285569, 30.475854000306011],
            [-97.65351199986678, 30.476012999783695],
            [-97.653794999723999, 30.476143999903329],
            [-97.654426999560684, 30.476449000349852],
            [-97.6552319996497, 30.476819000065905],
            [-97.655369999741964, 30.476890000285849],
            [-97.655479000420215, 30.476939000069383],
            [-97.656218000387028, 30.477285999679509],
            [-97.656269000440659, 30.477315000258013],
            [-97.657270000348277, 30.477881000262222],
            [-97.657975999804776, 30.478280000246421],
            [-97.65905799990324, 30.478870999971338],
            [-97.659195000170612, 30.47895899973355],
            [-97.659365999874836, 30.479047999658459],
            [-97.659999000434738, 30.479376000375471],
            [-97.660324999949665, 30.479525000244106],
            [-97.660699000043465, 30.479714000019491],
            [-97.66081100019646, 30.479765999860604],
            [-97.660960999984283, 30.479853000128077],
            [-97.66098299972559, 30.479866000072406],
            [-97.661013999687725, 30.479883000175612],
            [-97.66109099968061, 30.479927999842495],
            [-97.661119999992948, 30.479944999934887],
            [-97.66114099990935, 30.479953999709355],
            [-97.661166000023698, 30.479969000105765],
            [-97.661314000161696, 30.480033999732548],
            [-97.661561000033899, 30.480180999681146],
            [-97.661739000309154, 30.480281999696238],
            [-97.661875999678173, 30.480349999800715],
            [-97.661915999861151, 30.480378000012028],
            [-97.662154000410837, 30.480516999946676],
            [-97.662418999826386, 30.480665000165779],
            [-97.662771000178907, 30.480876000324383],
            [-97.66331799962677, 30.481193000201987],
            [-97.663885999889331, 30.481592999988386],
            [-97.665019999866345, 30.481190000315408],
            [-97.665677999642284, 30.480931000213534],
            [-97.669898000081133, 30.478414000384607],
            [-97.67239299981587, 30.479594999802298],
            [-97.67283399985682, 30.47980300002834],
            [-97.672886999560276, 30.479827999694329],
            [-97.673279000095746, 30.480013000274699],
            [-97.673519000295272, 30.480126000142413],
            [-97.673758999596473, 30.480100999778777],
            [-97.673946000092528, 30.480093000249443],
            [-97.673975000404852, 30.480150999725439],
            [-97.674014999689504, 30.480228999900678],
            [-97.674115999971832, 30.480426000134415],
            [-97.674239999820387, 30.480789999647168],
            [-97.674372000064878, 30.480775000151404],
            [-97.674439999836949, 30.480751000179247],
            [-97.674640999678388, 30.480727000201099],
            [-97.674705999975714, 30.480720000174099],
            [-97.674747999808517, 30.480716000047853],
            [-97.674992000205989, 30.480693999737703],
            [-97.675465000033995, 30.480656999908618],
            [-97.675510000239854, 30.480654000005522],
            [-97.676209999848567, 30.480600000186193],
            [-97.676784999783834, 30.480548000016416],
            [-97.677131000288554, 30.480516999946676],
            [-97.679370999755179, 30.480316999983618],
            [-97.680415000218815, 30.480228999900678],
            [-97.680499999709312, 30.480221999837855],
            [-97.680580999900172, 30.480214999774596],
            [-97.68072800021325, 30.480204999793894],
            [-97.680836000168298, 30.480198999959768],
            [-97.680974000260562, 30.480188999977425],
            [-97.681103000131984, 30.480180000224674],
            [-97.681290999554648, 30.480169000009674],
            [-97.681498999967104, 30.480156000105815],
            [-97.681621999990753, 30.480147999806825],
            [-97.681813999611379, 30.480136000131221],
            [-97.681951999703642, 30.480127999830586],
            [-97.682022000023835, 30.48012300022296],
            [-97.682695999693308, 30.480080999792872],
            [-97.682893000235111, 30.480066000187875],
            [-97.682946999763473, 30.479917999832313],
            [-97.682972999702741, 30.479850000200276],
            [-97.68306300011443, 30.47960900001755],
            [-97.6831099999701, 30.479477999915279],
            [-97.683145000130196, 30.479383999963709],
            [-97.683191000160946, 30.479260999931213],
            [-97.684033000059912, 30.476578999615175],
            [-97.684120000098531, 30.47629000003575],
            [-97.684406000328806, 30.475343000080194],
            [-97.684951999951764, 30.47360400029844],
            [-97.684972000043231, 30.473539999774449],
            [-97.68498499956371, 30.473495999776947],
            [-97.685105000112628, 30.473107000253687],
            [-97.685322999672522, 30.472398999728579],
            [-97.68548900025219, 30.471857000222016],
            [-97.685610999552608, 30.471460000106394],
            [-97.685832000383854, 30.470743000143532],
            [-97.686583999871132, 30.468301000337583],
            [-97.686599999764653, 30.468257000295669],
            [-97.686634000099843, 30.468160000062685],
            [-97.687084000361651, 30.466900999816186],
            [-97.687395999632855, 30.465891999765432],
            [-97.687697999756665, 30.464913999729578],
            [-97.68794700017699, 30.464108999640573],
            [-97.68837300014934, 30.462732000173073],
            [-97.688380999646952, 30.462704999943433],
            [-97.688642999587771, 30.461856999991046],
            [-97.688784000053076, 30.461400999959675],
            [-97.689518999821928, 30.461422000334036],
            [-97.69214199960318, 30.461495999884114],
            [-97.692283999893405, 30.461500999673795],
            [-97.692405000267215, 30.461500999673795],
            [-97.692467000191513, 30.461500999673795],
            [-97.692730999782142, 30.461500999673795],
            [-97.693031000256113, 30.461500999673795],
            [-97.694592000030383, 30.461500999673795],
            [-97.694684000091897, 30.461500999673795],
            [-97.695783999733706, 30.461601000059613],
            [-97.695983999750268, 30.461400999959675],
            [-97.696356000194243, 30.461265999989166],
            [-97.696425999616125, 30.461241000203501],
            [-97.698261999750002, 30.460574999711582],
            [-97.698543999782302, 30.460472999729461],
            [-97.698916000226305, 30.460338000021668],
            [-97.699296999992825, 30.460200000367891],
            [-97.699785999714351, 30.460022999717861],
            [-97.703984000411893, 30.458500999992456],
            [-97.704292000383475, 30.458489999651444],
            [-97.715191999937488, 30.458647999924619],
            [-97.718127999713175, 30.457225999857279],
            [-97.719189999720172, 30.456705000164458],
            [-97.720358000032363, 30.456139000211074],
            [-97.720785999654538, 30.4559259996987],
            [-97.721148999877684, 30.455835000137636],
            [-97.721285000320151, 30.455801000050087],
            [-97.721685000353219, 30.455600999659257],
            [-97.721984000103944, 30.455453999776257],
            [-97.722241999846815, 30.455327000099128],
            [-97.723169999959495, 30.454870999705214],
            [-97.729986000415408, 30.451518999692734],
            [-97.731054000270191, 30.45099399989008],
            [-97.733685000447352, 30.449701000162783],
            [-97.738982999888407, 30.449577999814473],
            [-97.739299000255912, 30.449570999871796],
            [-97.742717000080461, 30.449496000012296],
            [-97.743610000033044, 30.449475999936773],
            [-97.743964000035348, 30.449468000215166],
            [-97.744376999588923, 30.449454000313569],
            [-97.746222999768534, 30.449417000232078],
            [-97.746409000439698, 30.449410000277901],
            [-97.746595000212537, 30.449405999640067],
            [-97.746686000449131, 30.449404000095466],
            [-97.746802999726683, 30.449346000120094],
            [-97.748644999708347, 30.448187000119596],
            [-97.749399999568666, 30.447722999752187],
            [-97.749633999920405, 30.447570000081484],
            [-97.750008999839125, 30.447044000120357],
            [-97.750285999848572, 30.446661999665046],
            [-97.75055799983511, 30.446269999668864],
            [-97.751156000234914, 30.445455999793708],
            [-97.751558999742741, 30.4449049999374],
            [-97.752780999583294, 30.443311999668133],
            [-97.75309899960061, 30.442776000013801],
            [-97.753221999624273, 30.442565000185329],
            [-97.753711000244124, 30.441770999689457],
            [-97.754665000296072, 30.440223000297834],
            [-97.754523000005833, 30.4392819998268],
            [-97.754350999578392, 30.438132999874149],
            [-97.754149999736939, 30.436784000046824],
            [-97.753635000076144, 30.433286999878817],
            [-97.755248999553842, 30.433222999980153],
            [-97.756745999754017, 30.433054000203292],
            [-97.758038999739682, 30.432910000221909],
            [-97.759092000424161, 30.432792000089385],
            [-97.760339000379048, 30.432713999884058],
            [-97.761664999976688, 30.432613000121272],
            [-97.763610999715425, 30.432491999792294],
            [-97.765036999770487, 30.432401000041303],
            [-97.765323000000748, 30.432403999881231],
            [-97.765609000231024, 30.432406999721131],
            [-97.76570700014031, 30.432407999667689],
            [-97.765865000324055, 30.432408999614285],
            [-97.76594200031694, 30.432410000335384],
            [-97.766056000119761, 30.43241100028197],
            [-97.766119999693871, 30.432412000228538],
            [-97.76650999968119, 30.432416999961127],
            [-97.766722000291622, 30.432420999747038],
            [-97.766773000345253, 30.432421999693521],
            [-97.766925999607807, 30.432425000307315],
            [-97.767238999602256, 30.432468000317332],
            [-97.767985999964978, 30.432571000120113],
            [-97.768478000059559, 30.432538000383154],
            [-97.768905999681721, 30.432463999758838],
            [-97.769197999759783, 30.432408999614285],
            [-97.7695020004317, 30.432286999858949],
            [-97.769519999975074, 30.432280000223884],
            [-97.77161800004977, 30.431440000092842],
            [-97.771719000332084, 30.431388999973663],
            [-97.772683000429794, 30.431051999928197],
            [-97.772972999959705, 30.430947000147277],
            [-97.773562999963588, 30.430743000028563],
            [-97.773831999577098, 30.430644999667908],
            [-97.774476000007652, 30.430419999613406],
            [-97.775380999655809, 30.430102000303641],
            [-97.775851000009084, 30.42993199979432],
            [-97.776339999730624, 30.429768000379976],
            [-97.776389000134444, 30.429840999978623],
            [-97.776599000196725, 30.430252000370274],
            [-97.776949000001082, 30.430941000377704],
            [-97.777104999636691, 30.431298999926057],
            [-97.777178000329954, 30.431547000028434],
            [-97.777235000231343, 30.431755999781188],
            [-97.777287000109894, 30.431946000012825],
            [-97.77782400041032, 30.433891999738137],
            [-97.777988000441866, 30.434274999811176],
            [-97.778086000351152, 30.434502000117316],
            [-97.778333000223341, 30.434913000231344],
            [-97.778385999926797, 30.435001000202099],
            [-97.779386999834415, 30.438400999665664],
            [-97.779966999792549, 30.438732999692228],
            [-97.780085999618223, 30.438801000146057],
            [-97.781663000184338, 30.439491000041844],
            [-97.781685999750565, 30.439501000329926],
            [-97.783788000023222, 30.439902000040032],
            [-97.78534100029988, 30.440654999736672],
            [-97.786907999921937, 30.442341000370568],
            [-97.787077999801255, 30.442523999666481],
            [-97.787788000354055, 30.443212999711125],
            [-97.788776999667775, 30.444190000120816],
            [-97.789416999900382, 30.444231999764366],
            [-97.789914000017831, 30.444286000385816],
            [-97.790184000354586, 30.444315999771579],
            [-97.790811999993281, 30.444393999990073],
            [-97.792662000370882, 30.444586999845448],
            [-97.792890999801415, 30.444599000028518],
            [-97.794130000258718, 30.444711999937134],
            [-97.794408999917977, 30.444843000332117],
            [-97.794812000324114, 30.445035000255896],
            [-97.797609000182646, 30.44616000020855],
            [-97.797748000099801, 30.446208999962316],
            [-97.799724999800688, 30.447138000307007],
            [-97.800291000413438, 30.447150000176027],
            [-97.801256000336039, 30.447170999749613],
            [-97.802247000197923, 30.44716800036398],
            [-97.804016000384649, 30.447165000203796],
            [-97.805096999759897, 30.447153000336609],
            [-97.806777000258165, 30.44714700001531],
            [-97.807260999956824, 30.447129999619058],
            [-97.809415000108032, 30.4470869998792],
            [-97.809680000421892, 30.447070000247006],
            [-97.810882999995883, 30.447064999716826],
            [-97.811202999663024, 30.44706399992052],
            [-97.81137799956521, 30.447047000284257],
            [-97.811686000435088, 30.447032000238345],
            [-97.811862999987113, 30.447017999986848],
            [-97.811941999629809, 30.44706700008382],
            [-97.812567999618707, 30.447429000005229],
            [-97.812693000190478, 30.447500999756578],
            [-97.812879999788251, 30.447611000026889],
            [-97.81304899984265, 30.447703999876996],
            [-97.813316999631255, 30.447850999833836],
            [-97.813340999920683, 30.447864000177578],
            [-97.813528000416753, 30.44799200007407],
            [-97.814072000389885, 30.448359999904881],
            [-97.814509000232889, 30.448633999693147],
            [-97.814678000287287, 30.448761000348359],
            [-97.814777999846399, 30.448831000333865],
            [-97.814991000281736, 30.448985000125091],
            [-97.81519200012319, 30.449129000373503],
            [-97.81527199959082, 30.449178999958256],
            [-97.816146000175138, 30.44976899993614],
            [-97.816357999887245, 30.449905999882038],
            [-97.817578000077987, 30.450721000299929],
            [-97.817834999995924, 30.4508929997025],
            [-97.818447999566018, 30.451302999890629],
            [-97.8186429995597, 30.451399000119906],
            [-97.818837999553367, 30.45149600000542],
            [-97.819810000046971, 30.451978000296144],
            [-97.820675000410475, 30.452405000045172],
            [-97.820817999627295, 30.452476999992633],
            [-97.821010000146217, 30.452572999839862],
            [-97.821532000378042, 30.452747000096203],
            [-97.821633999586993, 30.4527809997006],
            [-97.821687000188732, 30.452798999623003],
            [-97.822087000221828, 30.453000000079431],
            [-97.823068999862869, 30.453435999898744],
            [-97.823235000442537, 30.45359099988671],
            [-97.823981000082028, 30.454287000295796],
            [-97.825228000036944, 30.455211999907217],
            [-97.82572299960627, 30.455605000042787],
            [-97.825867000444617, 30.455472999689299],
            [-97.825992000118106, 30.455314999688166],
            [-97.826233999967414, 30.45501100014145],
            [-97.828104000436497, 30.453294999790518],
            [-97.828383999920675, 30.453037000349404],
            [-97.828455000065773, 30.452929000254525],
            [-97.828743999770779, 30.452491999974981],
            [-97.828780999580701, 30.452435999770952],
            [-97.829013000282615, 30.451949999663256],
            [-97.829506000202102, 30.450919000351192],
            [-97.829678999556151, 30.450541000185911],
            [-97.829938999847144, 30.449971999979457],
            [-97.830044000327447, 30.44975100022846],
            [-97.830165999627866, 30.449496000012296],
            [-97.830732000240616, 30.448473000100218],
            [-97.830790999791844, 30.448331999781416],
            [-97.830867999784758, 30.448151999901846],
            [-97.83087399963253, 30.448137000025966],
            [-97.830907000142801, 30.448071000234833],
            [-97.831015999922755, 30.447851999622067],
            [-97.831723999927405, 30.446429000197135],
            [-97.831870000415591, 30.446145999831803],
            [-97.832199000303547, 30.445505999713653],
            [-97.832555999780624, 30.444716999813597],
            [-97.832569000199427, 30.44470200018355],
            [-97.833129999890971, 30.44348399975333],
            [-97.833206000058951, 30.443342000128109],
            [-97.833517000403589, 30.44270499971142],
            [-97.833637999879087, 30.442491000199745],
            [-97.833844999568328, 30.442218999874633],
            [-97.834099999836454, 30.441902000164031],
            [-97.834518000311192, 30.441484000328416],
            [-97.835166999866317, 30.440798000038182],
            [-97.835546999807903, 30.440384000350097],
            [-97.835761000068146, 30.440143000105678],
            [-97.835905999833102, 30.43998500003671],
            [-97.835973999605173, 30.439909999772158],
            [-97.836243000117008, 30.439613999951618],
            [-97.836489000164292, 30.439347000271482],
            [-97.836680999784917, 30.439136999870154],
            [-97.837234999803783, 30.438531000137342],
            [-97.837372000071142, 30.438386999723683],
            [-97.837556000194155, 30.438192000212261],
            [-97.838228000213803, 30.437482000205648],
            [-97.838776000384868, 30.436901999996316],
            [-97.838976000401416, 30.436691999750913],
            [-97.839030999754698, 30.436633999957493],
            [-97.840125000447046, 30.435484999783696],
            [-97.840146000363433, 30.435463000101244],
            [-97.840252999595251, 30.435229000285069],
            [-97.841237999609348, 30.433080000188014],
            [-97.841348999937409, 30.432835999879781],
            [-97.841367000379094, 30.432796999802505],
            [-97.84146399956515, 30.432456000190356],
            [-97.841726000404279, 30.431537999654708],
            [-97.841887999887675, 30.430972999919156],
            [-97.842684999580797, 30.428781999685146],
            [-97.84341699987489, 30.426534000215096],
            [-97.844069999627962, 30.424742000218796],
            [-97.844267999994685, 30.424179999943618],
            [-97.845008999611309, 30.421938000102802],
            [-97.845282000321092, 30.421206999782239],
            [-97.845611000209075, 30.42031699994271],
            [-97.845644999645927, 30.420225999679268],
            [-97.846092000432989, 30.419297000136098],
            [-97.847345000235677, 30.416766000164525],
            [-97.848591000365687, 30.414292000210033],
            [-97.849617000387667, 30.412357000097398],
            [-97.849947000100542, 30.411728000012943],
            [-97.850567000241668, 30.410566000221383],
            [-97.851009999932444, 30.409724000267541],
            [-97.8524789996452, 30.406595000275512],
            [-97.85359699972868, 30.404553000240977],
            [-97.853682999942407, 30.404394999862845],
            [-97.854021000051205, 30.403776999929484],
            [-97.853230000205869, 30.403075999621965],
            [-97.852733000088421, 30.402573999760012],
            [-97.852528999873911, 30.402341999828533],
            [-97.852373000238316, 30.402014000187162],
            [-97.852046000000172, 30.401562000265102],
            [-97.851784999884259, 30.401144999852882],
            [-97.851604000134287, 30.400844000386726],
            [-97.850814000113871, 30.399549000047596],
            [-97.849664000243337, 30.397610999698493],
            [-97.849535000371901, 30.397401999650075],
            [-97.849485000143176, 30.397350000031928],
            [-97.849323999586389, 30.397114999937351],
            [-97.849090000132975, 30.396836000320789],
            [-97.848817000321517, 30.396615000278189],
            [-97.847657000405235, 30.395959999711064],
            [-97.847409999634706, 30.395821000063211],
            [-97.847269000067698, 30.395740999880761],
            [-97.847166000135545, 30.395682999765562],
            [-97.845936999723975, 30.394938999990057],
            [-97.845632999950368, 30.39467199970737],
            [-97.845468000093931, 30.394537000340097],
            [-97.84556199980527, 30.394373000335388],
            [-97.845820000446437, 30.394059000380278],
            [-97.845883000195627, 30.393952999975063],
            [-97.845919000180643, 30.39386100036349],
            [-97.845956999815471, 30.393747999669163],
            [-97.845981999929833, 30.393648999783196],
            [-97.845990000325742, 30.393515000122029],
            [-97.846013999716888, 30.393410000247577],
            [-97.846043999854103, 30.393107000264788],
            [-97.846062000295774, 30.393060000109084],
            [-97.845977999731872, 30.392990999971463],
            [-97.845940999921936, 30.392972000284356],
            [-97.845757999623842, 30.392906999940266],
            [-97.845321999605744, 30.392784999618726],
            [-97.845069999710674, 30.392679000155617],
            [-97.844795000249377, 30.392517999647275],
            [-97.844468999836124, 30.392328999722658],
            [-97.84431499985034, 30.392231000306591],
            [-97.844813999617642, 30.391140999683053],
            [-97.844939000189413, 30.390867999959138],
            [-97.844396000041201, 30.390605000122406],
            [-97.843257000041334, 30.390057000029529],
            [-97.843397999608314, 30.389858999650109],
            [-97.843580999906422, 30.389576999849318],
            [-97.843426000095732, 30.387113000080621],
            [-97.843056000199851, 30.386557000318223],
            [-97.841153000118851, 30.383703999819492],
            [-97.841625999946856, 30.379268000221952],
            [-97.841788000328563, 30.377753000249282],
            [-97.84149500042561, 30.377591000212941],
            [-97.839942000148952, 30.376713000387287],
            [-97.844570999943372, 30.370457999627543],
            [-97.850306000125755, 30.362710999749591],
            [-97.8512180003449, 30.362400000042943],
            [-97.852045000175252, 30.362011999907203],
            [-97.854206999824058, 30.361208000128418],
            [-97.856001000125147, 30.361036999910279],
            [-97.856714000152664, 30.360969000320623],
            [-97.857125999881319, 30.360747999777654],
            [-97.857952999711657, 30.360312999663229],
            [-97.858058000191946, 30.360257999956513],
            [-97.858293000368604, 30.360135000049407],
            [-97.861028000302852, 30.358611000356259],
            [-97.862346000402866, 30.35787699985902],
            [-97.863014000224553, 30.357437999622537],
            [-97.863454000440612, 30.357350000280981],
            [-97.862876999957194, 30.358391999770578],
            [-97.86286400043673, 30.358415999625066],
            [-97.863102000088105, 30.3586900000012],
            [-97.863153999966642, 30.358749000292924],
            [-97.864215000148718, 30.357805999816616],
            [-97.864318999905791, 30.357658999892472],
            [-97.864318999905791, 30.35743499980482],
            [-97.864255000331696, 30.35722699981784],
            [-97.863962000428728, 30.357176999635776],
            [-97.863834000382198, 30.357199999846738],
            [-97.863471999983958, 30.357233000241031],
            [-97.863359000006056, 30.357237000006219],
            [-97.863271999967409, 30.357225999876459],
            [-97.862974999866509, 30.357126000260948],
            [-97.862900000421732, 30.357093999773245],
            [-97.862871999934342, 30.357071000312512],
            [-97.862859000413849, 30.357035999976912],
            [-97.862856999865727, 30.356970999763394],
            [-97.862868999561286, 30.356911000004942],
            [-97.862893999675649, 30.356849000319304],
            [-97.862952000300282, 30.356755999941903],
            [-97.863018000422514, 30.356633000282244],
            [-97.863050000209569, 30.356593999998626],
            [-97.863282999838063, 30.356439000208489],
            [-97.863398000364114, 30.356323999755404],
            [-97.863502999946093, 30.356110000015121],
            [-97.863523000037574, 30.356016999710363],
            [-97.863480000379866, 30.355791999782699],
            [-97.863482000029705, 30.35574400033061],
            [-97.863502999946093, 30.355672000333151],
            [-97.863522000212683, 30.355636000314586],
            [-97.863615999923994, 30.355494999984991],
            [-97.863655000282066, 30.355436000056155],
            [-97.863693999741812, 30.355390000349693],
            [-97.863726000427178, 30.355365999752838],
            [-97.863760999688964, 30.355352000306286],
            [-97.863810000092769, 30.355344999807116],
            [-97.863848999552502, 30.355327999700105],
            [-97.863865000344333, 30.355314000248111],
            [-97.863872999841959, 30.355289999632554],
            [-97.863878999689746, 30.355228999656521],
            [-97.863917000222884, 30.355115000069581],
            [-97.863908999826961, 30.355080999772639],
            [-97.863894999583252, 30.355054999947999],
            [-97.863896000306497, 30.355014999846521],
            [-97.863934999766229, 30.354886999721884],
            [-97.863940999614016, 30.354866999638844],
            [-97.863955999682631, 30.354780000276481],
            [-97.863959999880592, 30.354722999850431],
            [-97.8639680002765, 30.354674999873879],
            [-97.863620999946889, 30.354245999715726],
            [-97.863585999786764, 30.354202000169607],
            [-97.863203000370447, 30.353729999706051],
            [-97.863153000141736, 30.353668000329918],
            [-97.864775999840276, 30.352649999854627],
            [-97.866400000262047, 30.351632999638831],
            [-97.871373999837985, 30.34820400034787],
            [-97.873594999936344, 30.346654000349449],
            [-97.874416999743815, 30.346168999981284],
            [-97.87986999989387, 30.34429099998723],
            [-97.880377000057067, 30.344054000093593],
            [-97.880486999661926, 30.344003000080679],
            [-97.880623000104379, 30.34398099994533],
            [-97.883943000019627, 30.343434999934701],
            [-97.884964999843646, 30.343288000127064],
            [-97.890395000427489, 30.342374999964488],
            [-97.894486999921483, 30.341703000181621],
            [-97.896909999686201, 30.340894999761304],
            [-97.897769000201919, 30.340609000163607],
            [-97.899241000287716, 30.340118000155382],
            [-97.899887000368096, 30.339902999742826],
            [-97.901972000024017, 30.338059999854735],
            [-97.903284000276244, 30.336899999702187],
            [-97.904187000274575, 30.336103000134898],
            [-97.907489999573087, 30.33313100023009],
            [-97.908765000015393, 30.331982999897956],
            [-97.909186999789796, 30.331603000181289],
            [-97.910057000176153, 30.331023000015225],
            [-97.910551999745479, 30.330693999669418],
            [-97.911046000388211, 30.330364000328522],
            [-97.911282000389747, 30.329997999730761],
            [-97.911537999584482, 30.329599999917896],
            [-97.911672000377081, 30.329391999699485],
            [-97.912331999802873, 30.328365999941678],
            [-97.911787000004836, 30.328614000065595],
            [-97.911241000381878, 30.328861000105693],
            [-97.911186999955206, 30.328902999727195],
            [-97.909808999580704, 30.33010700034415],
            [-97.909412999745598, 30.330453000114609],
            [-97.90933900012574, 30.330309000071789],
            [-97.909094999728296, 30.32983699991167],
            [-97.908785000106874, 30.330007000155909],
            [-97.908728000205485, 30.330037999977069],
            [-97.908518000143189, 30.330104999907157],
            [-97.908351999563521, 30.330157999842573],
            [-97.908361999609269, 30.329910999972139],
            [-97.908230000263103, 30.329533999866644],
            [-97.908184000232353, 30.329398999728937],
            [-97.907913000070707, 30.328818999690796],
            [-97.907713999879064, 30.328419000042814],
            [-97.907643999558871, 30.328276999809702],
            [-97.907379000143322, 30.327774999650522],
            [-97.907708000031292, 30.32727199977241],
            [-97.907945999682653, 30.326885999652607],
            [-97.911689999920455, 30.321077000168955],
            [-97.911355000184699, 30.320720999804216],
            [-97.911227000138183, 30.320276000049279],
            [-97.910914999968639, 30.319830000275957],
            [-97.910785000272298, 30.319467000069235],
            [-97.910746999739146, 30.319144999666015],
            [-97.910755999959974, 30.318785000249981],
            [-97.910674999769128, 30.318342999696508],
            [-97.910634999586165, 30.318059000053591],
            [-97.910508000262851, 30.317615999756264],
            [-97.910426000247099, 30.317212999837722],
            [-97.910530000004172, 30.316734000001205],
            [-97.910540000049906, 30.316335000217954],
            [-97.910586000080656, 30.316038000129137],
            [-97.910627999913459, 30.315721000364935],
            [-97.910668999921342, 30.315441000023547],
            [-97.910621000240752, 30.315366000294805],
            [-97.910422000049138, 30.314931000115571],
            [-97.910217999834629, 30.314483999673897],
            [-97.910180000199801, 30.31434499976632],
            [-97.910011999970322, 30.313742999826431],
            [-97.909919000083889, 30.31359399965044],
            [-97.909544999990075, 30.313011000240113],
            [-97.90951300020302, 30.312897999965109],
            [-97.909677000234552, 30.312653000019406],
            [-97.909551999662767, 30.312367999770895],
            [-97.909040000375015, 30.310723999847596],
            [-97.908879999643133, 30.310652999728326],
            [-97.908344000065938, 30.310415999853429],
            [-97.907075000369701, 30.309855000202038],
            [-97.907270000363383, 30.309671000110562],
            [-97.908191999729965, 30.30980299978971],
            [-97.908866000297749, 30.30983300015026],
            [-97.908825000289852, 30.309702999814071],
            [-97.908771999688099, 30.3095089998031],
            [-97.908766999665232, 30.309436999925165],
            [-97.908754000144739, 30.309275000006469],
            [-97.908606999831647, 30.308951999800225],
            [-97.908570999846631, 30.308873000344128],
            [-97.908570000021726, 30.308842000029692],
            [-97.908558000326167, 30.308702999875166],
            [-97.908496000401882, 30.307926000022611],
            [-97.908389000271768, 30.306469999804939],
            [-97.908380000050926, 30.306346000101641],
            [-97.908402999617152, 30.306198999687268],
            [-97.908467999914492, 30.30628499987731],
            [-97.908502000249669, 30.306336999829373],
            [-97.908590000113207, 30.306489999692374],
            [-97.90861299967942, 30.306525000261058],
            [-97.908663999733065, 30.306587000019096],
            [-97.908718999984643, 30.306635000305192],
            [-97.908816999893929, 30.306692999714741],
            [-97.909052999895493, 30.306808000301142],
            [-97.909273000003509, 30.306927000246667],
            [-97.909478000042924, 30.30702499981955],
            [-97.90956000005869, 30.30705500025482],
            [-97.909678000059472, 30.307080999642334],
            [-97.909808999580704, 30.307091999977658],
            [-97.910052999978191, 30.307092999655548],
            [-97.910181000024707, 30.307080999642334],
            [-97.910390000262083, 30.307017999742527],
            [-97.910447999988406, 30.307009999986228],
            [-97.910603999624001, 30.307002999908136],
            [-97.910716999601917, 30.306986999616964],
            [-97.91083899980066, 30.306956999936375],
            [-97.911029999596352, 30.306879999783636],
            [-97.91118299975723, 30.306835999890758],
            [-97.91131199962868, 30.306789999840642],
            [-97.911391000169701, 30.306750999865525],
            [-97.911448999896024, 30.306704000093653],
            [-97.911485999705945, 30.30667900028828],
            [-97.911575000292714, 30.30664199963406],
            [-97.911637000216999, 30.306609999706705],
            [-97.911689000095535, 30.306560999725061],
            [-97.911826000362879, 30.306390999899509],
            [-97.911883000264297, 30.306304999802467],
            [-97.911957999709045, 30.306138999834634],
            [-97.912000000440159, 30.306074999641154],
            [-97.912141000007153, 30.305858000346344],
            [-97.912206000304479, 30.305773000248607],
            [-97.912336000000835, 30.305637000249199],
            [-97.912409999620678, 30.305552999653443],
            [-97.912495000009471, 30.305445000111206],
            [-97.912571000177465, 30.305282000102888],
            [-97.912621000406176, 30.305210999919396],
            [-97.912652000368311, 30.305177000130058],
            [-97.912699000223981, 30.305139999684418],
            [-97.912830999570147, 30.305082000131577],
            [-97.912942999723143, 30.305025000243408],
            [-97.913043000180565, 30.304999000310644],
            [-97.91318600029571, 30.304909999891908],
            [-97.913361000197881, 30.304792000301493],
            [-97.913568999712027, 30.304659000375963],
            [-97.913736000116614, 30.30458100026571],
            [-97.913979999615762, 30.304414999705212],
            [-97.914059000156797, 30.304363999990471],
            [-97.914274000241946, 30.304234999863656],
            [-97.914584999688259, 30.304032000180122],
            [-97.914988000094397, 30.303815999952072],
            [-97.915060000064429, 30.303775000145901],
            [-97.91515999962354, 30.303718000273381],
            [-97.915383999929517, 30.303572999999215],
            [-97.915533999717354, 30.303464999826822],
            [-97.915594999816719, 30.303426000080044],
            [-97.915684000403488, 30.303377999773758],
            [-97.915983000154228, 30.303243999763914],
            [-97.916074000390807, 30.303212999995999],
            [-97.916193000216524, 30.303187000358186],
            [-97.91626099998858, 30.303179000289301],
            [-97.916393000233043, 30.303182000218271],
            [-97.916476999898634, 30.303174000148903],
            [-97.91657200033319, 30.303155000078604],
            [-97.916732000166775, 30.303102000271224],
            [-97.916857999665154, 30.303047999940475],
            [-97.917100000412802, 30.302925000282496],
            [-97.917271999941931, 30.302858000378652],
            [-97.917395999790486, 30.30280099997297],
            [-97.917516000339404, 30.302730000319333],
            [-97.917621999746288, 30.302650999726712],
            [-97.917713999807816, 30.302571999845973],
            [-97.917858999572772, 30.302430999881025],
            [-97.918121000411915, 30.302175000031433],
            [-97.918252999758067, 30.302068000374856],
            [-97.918420999987561, 30.30195700012932],
            [-97.918504999653152, 30.301879000196084],
            [-97.918578000346386, 30.301787000075674],
            [-97.918658999638922, 30.301647999999833],
            [-97.918896000363702, 30.301314000049697],
            [-97.918969999983545, 30.301201000250185],
            [-97.919046000151539, 30.301044999894248],
            [-97.919144999885745, 30.300822000321723],
            [-97.919180000045841, 30.300705999950551],
            [-97.91918900026667, 30.300627000053797],
            [-97.919176999672771, 30.300447999983462],
            [-97.919171999649919, 30.300129999685268],
            [-97.919154999931479, 30.299870000250632],
            [-97.919128000167305, 30.299777999796326],
            [-97.919117000296637, 30.299726000243282],
            [-97.919118000121543, 30.299676000169679],
            [-97.91914300023592, 30.299541999753743],
            [-97.919186999718534, 30.299155999754532],
            [-97.919209000358151, 30.299074999865262],
            [-97.919231000099458, 30.299029999811665],
            [-97.919441000161754, 30.298693000184418],
            [-97.919561999637267, 30.298519000063898],
            [-97.919687000209038, 30.29832799971425],
            [-97.919765000026842, 30.298219999969181],
            [-97.919836000171955, 30.298138000313081],
            [-97.920000000203487, 30.297980999966775],
            [-97.920164000235019, 30.297815999638154],
            [-97.920274999664784, 30.297718999940599],
            [-97.920406000084355, 30.297626000020507],
            [-97.920681000443963, 30.297446999901052],
            [-97.920885999585053, 30.297310999986184],
            [-97.921377999679649, 30.297029000234602],
            [-97.921482000335047, 30.296984999798617],
            [-97.921574000396546, 30.296945000019786],
            [-97.921725000009289, 30.29685800038634],
            [-97.921813999697733, 30.296780000274865],
            [-97.92188400001794, 30.296727999907535],
            [-97.921957999637797, 30.296687000239878],
            [-97.922012999889375, 30.296669000247888],
            [-97.922140000110986, 30.296648999908278],
            [-97.92226499978446, 30.296616999821765],
            [-97.922319000211118, 30.296597000247132],
            [-97.922356000021054, 30.296568000274966],
            [-97.92241899977023, 30.296539000294178],
            [-97.922510999831744, 30.296486000013076],
            [-97.922525999900358, 30.296461999715344],
            [-97.922520000052572, 30.29640100032185],
            [-97.922534000296267, 30.296376000216132],
            [-97.922583999626667, 30.296337999764024],
            [-97.922985000382994, 30.296105000119528],
            [-97.923060999652648, 30.296075000211648],
            [-97.923218000011488, 30.29604100035662],
            [-97.923281999585598, 30.29602799997549],
            [-97.923342999684962, 30.296023000246119],
            [-97.923501999693613, 30.296036999642901],
            [-97.923627000265398, 30.296042999937775],
            [-97.923710000106084, 30.296038000209158],
            [-97.923853000221229, 30.295998999835074],
            [-97.923901999726695, 30.295989000373055],
            [-97.924006000382093, 30.29597800034318],
            [-97.924068000306363, 30.295980999716864],
            [-97.924124000382875, 30.295994000104166],
            [-97.924212000246413, 30.296045000294527],
            [-97.924531999913555, 30.296275999729581],
            [-97.92457999959413, 30.296301999648708],
            [-97.924654000112298, 30.296325999985612],
            [-97.92475200002157, 30.296347000178638],
            [-97.924844999908004, 30.296352999678895],
            [-97.924900000159582, 30.296345999615511],
            [-97.925054000145366, 30.296304000000244],
            [-97.92518100036699, 30.296282999798017],
            [-97.925260000009686, 30.296279999657958],
            [-97.925320000284145, 30.296288000289763],
            [-97.925409999797537, 30.296318999920306],
            [-97.925568999806188, 30.296365000229649],
            [-97.925592000270711, 30.29636900015435],
            [-97.925686999806956, 30.296368000367114],
            [-97.925707999723343, 30.296366000016924],
            [-97.925822000424489, 30.296340000114771],
            [-97.925962999991484, 30.29630300021228],
            [-97.926033000311676, 30.296275999729581],
            [-97.926082999642077, 30.296248000226615],
            [-97.926183999924433, 30.296190000067323],
            [-97.926297999727225, 30.296109000054841],
            [-97.926413000253291, 30.296009000071695],
            [-97.92650399959156, 30.295938999945214],
            [-97.926722000049764, 30.295841999942272],
            [-97.926773999928287, 30.295793999801351],
            [-97.926814000111264, 30.29574300025611],
            [-97.926841999700358, 30.295668999986653],
            [-97.926854000294227, 30.295623999921258],
            [-97.926859000317108, 30.295590999705095],
            [-97.926884000431471, 30.295547000175194],
            [-97.926900000324977, 30.295533999728583],
            [-97.926915000393606, 30.29553100034126],
            [-97.926949999655406, 30.295456999911845],
            [-97.926946000355741, 30.295391999928839],
            [-97.926937999959833, 30.295244000355684],
            [-97.926934999586791, 30.295181999629584],
            [-97.926956000401503, 30.29502000019956],
            [-97.926969999746888, 30.294610000264466],
            [-97.926980999617541, 30.294314000085805],
            [-97.926962000249276, 30.294191000330578],
            [-97.926927999914085, 30.294069000231794],
            [-97.926905000347872, 30.293967000096242],
            [-97.926891999929069, 30.293872999907848],
            [-97.92689600012703, 30.293338000148356],
            [-97.926917999868351, 30.293219999817264],
            [-97.926946000355741, 30.293111000055745],
            [-97.926948000005581, 30.293024999944965],
            [-97.92692600026426, 30.292855999742013],
            [-97.926901000149911, 30.292766999935736],
            [-97.926861999791839, 30.292688999673071],
            [-97.926829000179893, 30.29265000029417],
            [-97.926731000270593, 30.29258300035038],
            [-97.926506999964616, 30.29241900007489],
            [-97.926489000421256, 30.292383999900128],
            [-97.926490000246176, 30.292265999972599],
            [-97.926491000071067, 30.292180999726455],
            [-97.926477999652278, 30.292157999756693],
            [-97.92644099984237, 30.292133999951147],
            [-97.926265999940185, 30.292077000292437],
            [-97.926074000319559, 30.291997999649222],
            [-97.925825999724125, 30.291909999672765],
            [-97.925654000194982, 30.291825999727379],
            [-97.92539899992687, 30.291712000018791],
            [-97.925133999612996, 30.291603000132721],
            [-97.925039999901671, 30.291571999787163],
            [-97.925012000312563, 30.291562999710081],
            [-97.924704000341009, 30.29146199990825],
            [-97.924492999555511, 30.291403000183301],
            [-97.924141999926221, 30.291322999934213],
            [-97.923931000039019, 30.291259999992679],
            [-97.923843000175452, 30.291216999910855],
            [-97.923819999710929, 30.291211999936166],
            [-97.923786000274077, 30.291216000071088],
            [-97.923720999976737, 30.291249000208058],
            [-97.923659000052453, 30.291270999776074],
            [-97.923645999633649, 30.291270999776074],
            [-97.92358500043261, 30.291273000230163],
            [-97.923541000051671, 30.291283000173017],
            [-97.923464999883706, 30.291295999631764],
            [-97.92336899962423, 30.291303000055656],
            [-97.923289999981506, 30.291298000085344],
            [-97.922843999917689, 30.291225000180027],
            [-97.922696999604582, 30.291213999615842],
            [-97.922402000051804, 30.291179999626902],
            [-97.92171300031373, 30.291039000345723],
            [-97.921448999824761, 30.290980000366329],
            [-97.92133699967178, 30.290948999823872],
            [-97.92114599987606, 30.290883000112657],
            [-97.921022000027506, 30.290829999877545],
            [-97.92081199996521, 30.290726999631435],
            [-97.920676000421096, 30.290649000073504],
            [-97.920498999970761, 30.290523000059849],
            [-97.919936999555972, 30.290231000132458],
            [-97.9195220003526, 30.290091000114032],
            [-97.919375000039494, 30.289997999941441],
            [-97.919235000297419, 30.289913999909942],
            [-97.91904699997643, 30.289718999670324],
            [-97.918834000439432, 30.289544000060026],
            [-97.91871600043865, 30.289406000328935],
            [-97.918602999562438, 30.289228999664505],
            [-97.918478999713869, 30.289008000095677],
            [-97.918465000368485, 30.288918999900535],
            [-97.918457999797468, 30.288828999760529],
            [-97.91845000029987, 30.288717000177769],
            [-97.9184800004371, 30.288549000175959],
            [-97.918497999980445, 30.288456999960719],
            [-97.918518999896847, 30.288320999990344],
            [-97.918549999858982, 30.288203999699537],
            [-97.918583000369267, 30.2881199996832],
            [-97.918677999905498, 30.287958000224169],
            [-97.918769999967012, 30.287783999674136],
            [-97.918810999974895, 30.28773000021636],
            [-97.918867999876312, 30.287681000108051],
            [-97.918959999937812, 30.28762699981786],
            [-97.919058999672018, 30.287589999731217],
            [-97.91923799977215, 30.287549999999115],
            [-97.919344000077373, 30.287537000043923],
            [-97.9195220003526, 30.287530000126981],
            [-97.919734000064707, 30.287533999636327],
            [-97.919876000354918, 30.287551999753433],
            [-97.920067000150624, 30.287601999802774],
            [-97.920160999861963, 30.287629000346271],
            [-97.920309999824866, 30.287680000232243],
            [-97.920416999954995, 30.287726999814669],
            [-97.920586000009408, 30.28781999981323],
            [-97.920760999911593, 30.287948999815431],
            [-97.921391999923358, 30.288327999850846],
            [-97.921423999710399, 30.288348000336001],
            [-97.921562999627582, 30.288433999893389],
            [-97.921806000200135, 30.288584000167713],
            [-97.921951999790011, 30.288649000008537],
            [-97.922165000225334, 30.288728000246333],
            [-97.922371999914589, 30.288792000127202],
            [-97.922556999862493, 30.288863999652452],
            [-97.922690999756796, 30.288900000170898],
            [-97.922880999727596, 30.288937999626498],
            [-97.923070999698382, 30.288963999939543],
            [-97.923239999752809, 30.288971999616813],
            [-97.923341999860057, 30.288967000303437],
            [-97.923489999998068, 30.2889469999445],
            [-97.923703000433377, 30.288902999761],
            [-97.923988999765342, 30.288822999799969],
            [-97.924135000253514, 30.288773000372959],
            [-97.924198999827624, 30.28875499970426],
            [-97.92431299963043, 30.288740000178699],
            [-97.924393999821305, 30.288723000144767],
            [-97.924550000355211, 30.288659000218885],
            [-97.924758999694276, 30.288584000167713],
            [-97.924829999839389, 30.288550999909855],
            [-97.924859999976618, 30.288523999620143],
            [-97.924916000053116, 30.288415000069861],
            [-97.924960000434041, 30.288338999963038],
            [-97.924986000373323, 30.288318000382457],
            [-97.925049000122513, 30.288298999760684],
            [-97.925082999559365, 30.288285000035049],
            [-97.925140000359093, 30.288225999950505],
            [-97.92530699986537, 30.288008999939063],
            [-97.925429000064099, 30.28782599983516],
            [-97.925469000247062, 30.287781999924551],
            [-97.9255269999734, 30.28773799999426],
            [-97.925691000004917, 30.287665999642563],
            [-97.925730000362975, 30.287631000098987],
            [-97.925777000218645, 30.287562000075635],
            [-97.925854000211544, 30.287472000241991],
            [-97.925913999587678, 30.287403000106799],
            [-97.925957000143697, 30.287353999835165],
            [-97.926005999649178, 30.287275999922208],
            [-97.926019999892887, 30.287231999764902],
            [-97.92603199958846, 30.287138999984613],
            [-97.926029000113729, 30.28705599971418],
            [-97.925988999930752, 30.286960000117567],
            [-97.925910000288027, 30.286589000098516],
            [-97.92587099992997, 30.28646699985261],
            [-97.925819999876353, 30.286354999900208],
            [-97.925788000089284, 30.286314999664597],
            [-97.925679000309344, 30.286228999800894],
            [-97.925562000133496, 30.286148000094929],
            [-97.925531999996252, 30.286133000170732],
            [-97.925458000376423, 30.286105000099301],
            [-97.925142000008918, 30.286019000051557],
            [-97.925092999605127, 30.285990000054547],
            [-97.925038000251845, 30.285917999971364],
            [-97.924969999581464, 30.285858000120246],
            [-97.924931000121717, 30.285814999997559],
            [-97.924870999847258, 30.285718999962231],
            [-97.924812000296043, 30.285607999828553],
            [-97.924776000311027, 30.285492999976949],
            [-97.924727999732141, 30.285229000144842],
            [-97.924634000020788, 30.284622000298736],
            [-97.924623999975054, 30.284473999989203],
            [-97.924638000218778, 30.284002000152167],
            [-97.924659000135179, 30.283672000278251],
            [-97.924670999830724, 30.283580000143704],
            [-97.924686999724258, 30.283512000292387],
            [-97.924757000044465, 30.283294999938335],
            [-97.92478899983152, 30.283215999979841],
            [-97.924846999557815, 30.283116000039328],
            [-97.924932999771556, 30.283003000216649],
            [-97.925069000213981, 30.282859000267745],
            [-97.925347000048347, 30.282547999840169],
            [-97.925443000307794, 30.282460999848375],
            [-97.925568999806188, 30.282366000339941],
            [-97.925644999974168, 30.282321000377383],
            [-97.925684000332225, 30.282290000201517],
            [-97.925751000279377, 30.282214999935743],
            [-97.925802000333007, 30.282166000175899],
            [-97.925875999952837, 30.282110000087972],
            [-97.92593299985424, 30.282083000352728],
            [-97.925992000303793, 30.282069999673105],
            [-97.926192000320341, 30.282064000074914],
            [-97.926234999978035, 30.282068999740108],
            [-97.926291000054547, 30.28208899994975],
            [-97.926357000176779, 30.282132000154011],
            [-97.926805999715341, 30.282455000274137],
            [-97.926875000210643, 30.282481999906967],
            [-97.927098999618295, 30.282539999639063],
            [-97.927291000137245, 30.28261099994652],
            [-97.927481000108045, 30.282672000158726],
            [-97.927700000391155, 30.282751999705571],
            [-97.927892999836686, 30.282809000128303],
            [-97.928452999703353, 30.283039999706137],
            [-97.928672999811369, 30.283146000032222],
            [-97.928805999880765, 30.283198999764423],
            [-97.928882000048745, 30.283234000113456],
            [-97.929138000141791, 30.283377000368084],
            [-97.929235000226157, 30.283438000104059],
            [-97.929283999731638, 30.283469999835887],
            [-97.929328999937496, 30.283504000169881],
            [-97.929416999801049, 30.283570000191347],
            [-97.929514999710335, 30.283651999615468],
            [-97.929607999596755, 30.283715999704981],
            [-97.929744999864084, 30.283785000106182],
            [-97.930123999980779, 30.283946000336403],
            [-97.930334999867966, 30.284045000293794],
            [-97.930681000372687, 30.28422200022726],
            [-97.930745999771716, 30.284250999971199],
            [-97.931256000307954, 30.284428000308694],
            [-97.93146600037025, 30.28448599966617],
            [-97.931826000220369, 30.284574000097013],
            [-97.932017000016074, 30.28460999986266],
            [-97.932110999727399, 30.284618999801996],
            [-97.932285999629585, 30.284625000019698],
            [-97.932401000155622, 30.284618999801996],
            [-97.932545999920578, 30.284583000039671],
            [-97.932698000256551, 30.284558000024546],
            [-97.932817000082224, 30.284539000226019],
            [-97.932848999869279, 30.284532000095155],
            [-97.932991000159504, 30.284480000215709],
            [-97.933088000243885, 30.284433999762335],
            [-97.933186999978105, 30.284370000141244],
            [-97.933304000153953, 30.284269999825501],
            [-97.933500999797445, 30.284129999832761],
            [-97.933631000392111, 30.284029000135046],
            [-97.933767999761145, 30.283870999785044],
            [-97.933858000172819, 30.283774000259037],
            [-97.933889999959874, 30.283758000056089],
            [-97.933982999846293, 30.283741999850601],
            [-97.93408699960338, 30.283745000374157],
            [-97.93412900033448, 30.283739000102642],
            [-97.93416299977136, 30.283720000145518],
            [-97.9341949995584, 30.283684000053317],
            [-97.934260999680632, 30.283583999814102],
            [-97.934346000069453, 30.283475000205197],
            [-97.934413000016605, 30.283391000018316],
            [-97.934453000199568, 30.283314999898135],
            [-97.934491999659329, 30.283187999851656],
            [-97.934510999925891, 30.283053000257226],
            [-97.934511999750796, 30.282952000226601],
            [-97.934483000336797, 30.282544000127547],
            [-97.934496999682182, 30.282479000120549],
            [-97.934490999834409, 30.282419999647225],
            [-97.934473000291064, 30.282371999919686],
            [-97.934407999993738, 30.282254000360375],
            [-97.934280999772113, 30.282069999673105],
            [-97.934012999983509, 30.281746999837114],
            [-97.933941999838424, 30.281669000120868],
            [-97.933910999876275, 30.281612999749235],
            [-97.933837000256418, 30.281499999747069],
            [-97.933706999661766, 30.281347999621335],
            [-97.933624999646, 30.281239999797187],
            [-97.933518000414196, 30.281075000008663],
            [-97.933428000002507, 30.280905000218546],
            [-97.933339000314049, 30.280758999625174],
            [-97.933223999788012, 30.280591999907507],
            [-97.933124000228901, 30.280463000316601],
            [-97.932945000128754, 30.280265000055309],
            [-97.932863999937908, 30.280182000175675],
            [-97.932821000280185, 30.280156999814963],
            [-97.932728000393794, 30.280122999872663],
            [-97.932692000408778, 30.280105999897128],
            [-97.932596999974209, 30.280044999641245],
            [-97.93252599982911, 30.279985000077392],
            [-97.932504000087789, 30.27995000012098],
            [-97.932477000323601, 30.279845000176696],
            [-97.932437000140638, 30.279712999732791],
            [-97.93231900013987, 30.279389999895834],
            [-97.93228900000264, 30.279274999738057],
            [-97.93225600039068, 30.278949000116565],
            [-97.932234999575968, 30.278693000259121],
            [-97.932243999796796, 30.278587999745685],
            [-97.932336999683216, 30.278157999943289],
            [-97.932403999630353, 30.277693999800302],
            [-97.932420000422198, 30.277631999618396],
            [-97.93244399981333, 30.277579999961144],
            [-97.932483999996307, 30.277527000297066],
            [-97.932606000195051, 30.277404999644151],
            [-97.932648000027839, 30.277371000299951],
            [-97.93269300023367, 30.277352999866611],
            [-97.932740999914245, 30.277345999998893],
            [-97.933075999650015, 30.277332000261946],
            [-97.933176999932343, 30.277335000205728],
            [-97.93334500016185, 30.277348999942241],
            [-97.933609999577399, 30.277401999702445],
            [-97.933668000202033, 30.277428999949887],
            [-97.933755000240652, 30.277479999707399],
            [-97.933802000096335, 30.277508999892341],
            [-97.934349000442495, 30.277703000374007],
            [-97.934695999873824, 30.277809000259253],
            [-97.934937999723147, 30.277896999696438],
            [-97.935232000349345, 30.278017999763442],
            [-97.935443000236546, 30.278098999975001],
            [-97.935632000382441, 30.278178000174339],
            [-97.935854000140282, 30.278291000123136],
            [-97.936368999801076, 30.2786000001425],
            [-97.936506999893339, 30.278670000230139],
            [-97.93663699958968, 30.278748000002988],
            [-97.936916000147264, 30.278934999832511],
            [-97.937210999700056, 30.279168999884796],
            [-97.937454000272609, 30.279375999674706],
            [-97.937761000419272, 30.279621999722941],
            [-97.93794200016923, 30.279786999627387],
            [-97.938120000444471, 30.279928000341432],
            [-97.938359999745657, 30.280098000272694],
            [-97.938605999792955, 30.280282000003304],
            [-97.938898999695908, 30.280481000179492],
            [-97.939081999994016, 30.280589000063305],
            [-97.939180999728222, 30.280652999823413],
            [-97.939358000178544, 30.28078799961683],
            [-97.939440000194324, 30.280872999650118],
            [-97.939493999722671, 30.280914999666745],
            [-97.939562000393039, 30.280955999721051],
            [-97.939620000119376, 30.280980999878196],
            [-97.939681000218741, 30.280997999702137],
            [-97.939889999557792, 30.281031000173396],
            [-97.939976999596439, 30.281039999665254],
            [-97.940317000253387, 30.281063999857775],
            [-97.940465000391384, 30.281067999630721],
            [-97.940937000394484, 30.281030000229801],
            [-97.941527000398366, 30.280995999814287],
            [-97.941722000392019, 30.280978999989991],
            [-97.941886000423565, 30.280956999665385],
            [-97.941984000332852, 30.280934000167044],
            [-97.9420920002879, 30.280893000103553],
            [-97.942227000007094, 30.280827999778559],
            [-97.942298999977126, 30.280786999670767],
            [-97.942374000320186, 30.280722999998048],
            [-97.942447000115124, 30.280638999782468],
            [-97.942518000260222, 30.280532999851079],
            [-97.942565000115906, 30.280400000382599],
            [-97.942612999796467, 30.280319999693894],
            [-97.94265999965215, 30.28026999981218],
            [-97.942791000071708, 30.280169999972262],
            [-97.943083000149755, 30.279914000197056],
            [-97.943169000363469, 30.279828000153003],
            [-97.943196000127656, 30.279771000325837],
            [-97.943208999648135, 30.279704000119207],
            [-97.943207999823244, 30.279615999975071],
            [-97.943191999929695, 30.279528999711022],
            [-97.943165000165521, 30.279444000065087],
            [-97.943136999678117, 30.279386000054476],
            [-97.943064999708099, 30.279289999934917],
            [-97.943020000400566, 30.279222000213593],
            [-97.942960000126121, 30.279110999711644],
            [-97.942893000178969, 30.278924000217494],
            [-97.942842999950244, 30.278819999917346],
            [-97.942803999592186, 30.278767000147155],
            [-97.942514999887194, 30.278456999907998],
            [-97.942403999559104, 30.278350999946941],
            [-97.942367999574103, 30.278310000355734],
            [-97.942314000045741, 30.278224999653933],
            [-97.942282000258686, 30.278146000268205],
            [-97.94213800031865, 30.277593999662724],
            [-97.942032999838347, 30.277308999913981],
            [-97.941990000180624, 30.277224999879131],
            [-97.941975999936943, 30.277187999748609],
            [-97.941985999982677, 30.277138999805867],
            [-97.941927000431434, 30.276882999881519],
            [-97.941908999989792, 30.27677299982405],
            [-97.941903000142005, 30.276648999808906],
            [-97.941914000012645, 30.276534000318001],
            [-97.941936999578871, 30.276451000385876],
            [-97.942079999694002, 30.276164999652046],
            [-97.942108000181406, 30.276135999845756],
            [-97.942303000175087, 30.276007999822568],
            [-97.942430000396683, 30.275933000186011],
            [-97.942581999834331, 30.275868999674998],
            [-97.942729000147423, 30.27579499992915],
            [-97.942844999600084, 30.275729000108768],
            [-97.943362999633933, 30.275349000279409],
            [-97.943523000365801, 30.27524600007218],
            [-97.943591999962791, 30.275210999977222],
            [-97.943675999628368, 30.275183999895386],
            [-97.943734000253002, 30.275178999879401],
            [-97.943782999758497, 30.275183999895386],
            [-97.94382299994146, 30.275196999935716],
            [-97.943890999713531, 30.275242000061983],
            [-97.944065999615717, 30.275412000352862],
            [-97.944250999563636, 30.275579000351883],
            [-97.944436000409866, 30.275707000158768],
            [-97.944525000098338, 30.275790999941282],
            [-97.944582999824661, 30.27583899978476],
            [-97.944638000076239, 30.275871999663547],
            [-97.944758999551752, 30.275906000302797],
            [-97.944801000282851, 30.27592300023009],
            [-97.944936000002073, 30.276005999833014],
            [-97.945090999812777, 30.27611299999332],
            [-97.94520999963845, 30.276189000261041],
            [-97.945314000293848, 30.276245999841393],
            [-97.945510999937341, 30.276333999904299],
            [-97.945737999718062, 30.276442999687688],
            [-97.945900000099783, 30.276512999762289],
            [-97.946193999827628, 30.276624000099662],
            [-97.946362000057121, 30.276678000239411],
            [-97.946599999708511, 30.27673200034938],
            [-97.946817000341795, 30.276771999837074],
            [-97.947035999726594, 30.276795000310877],
            [-97.947512999752576, 30.276827999868161],
            [-97.947749999579045, 30.276838999718169],
            [-97.947845999838506, 30.276834999772834],
            [-97.947940000448156, 30.27681999997651],
            [-97.948450999911003, 30.27670499991018],
            [-97.949034000242193, 30.276528000381347],
            [-97.949287999787089, 30.276466000238599],
            [-97.949919999623759, 30.276298000205468],
            [-97.950380999756206, 30.276129999884763],
            [-97.950569000077181, 30.276037999661138],
            [-97.95081900032244, 30.27592300023009],
            [-97.950976999607889, 30.275862999697672],
            [-97.951524999778954, 30.275641000279151],
            [-97.951614000365737, 30.275611000319223],
            [-97.951805999986362, 30.275560000366298],
            [-97.951869999560458, 30.275553000370685],
            [-97.951929999834903, 30.275567000361402],
            [-97.951964000170108, 30.275590000341801],
            [-97.952030000292339, 30.275677000218966],
            [-97.952153000315988, 30.275810999878921],
            [-97.95220799966927, 30.275891000364478],
            [-97.952233999608538, 30.275913000273217],
            [-97.952262000095928, 30.27592700021259],
            [-97.952456000264704, 30.275975999984659],
            [-97.952609000425568, 30.276005999833014],
            [-97.953077000230721, 30.276039999650092],
            [-97.953309999859229, 30.276045999616603],
            [-97.953438999730636, 30.276039999650092],
            [-97.95390800025902, 30.276068000266338],
            [-97.954029999559452, 30.276045999616603],
            [-97.954206000184854, 30.276045999616603],
            [-97.954324000185622, 30.276058000324248],
            [-97.954421000270003, 30.276083000177607],
            [-97.95447800017142, 30.276106000037146],
            [-97.954714999997876, 30.276267999670573],
            [-97.954819999579868, 30.276326999963885],
            [-97.954992000007309, 30.276401000084405],
            [-97.955073000198155, 30.276440999707006],
            [-97.955130000099572, 30.276462000278073],
            [-97.955433000048274, 30.276506999824388],
            [-97.955591000232019, 30.276535000307394],
            [-97.955957999754844, 30.276617000179936],
            [-97.956238999962224, 30.276691000081847],
            [-97.956650999690865, 30.276786999640741],
            [-97.956706999767363, 30.276804000191234],
            [-97.956938999570966, 30.276886999824832],
            [-97.957003999868277, 30.276895999696745],
            [-97.957097999579602, 30.276887999810626],
            [-97.957163999701862, 30.276886999824832],
            [-97.957210999557503, 30.276891999753801],
            [-97.957261999611148, 30.276909000286114],
            [-97.95734600017505, 30.276952999642287],
            [-97.957367999916357, 30.276958000343697],
            [-97.957423999992855, 30.276958000343697],
            [-97.95754700001649, 30.276936999878707],
            [-97.95767500006302, 30.276899999639586],
            [-97.957747000033052, 30.27686900007852],
            [-97.958075999921007, 30.276630000030465],
            [-97.958253000371329, 30.27652299965807],
            [-97.958409000006938, 30.276422999878836],
            [-97.958476999779009, 30.276388000203546],
            [-97.958634000137835, 30.276326999963885],
            [-97.958788000123633, 30.276280000351079],
            [-97.959000999660645, 30.276240999879516],
            [-97.959147000148832, 30.276197000204139],
            [-97.95964599991612, 30.276003999843429],
            [-97.959664000357762, 30.275992999899831],
            [-97.959688999573814, 30.275964000042727],
            [-97.959774999787541, 30.275786999953304],
            [-97.959819000168466, 30.275719000132074],
            [-97.959865000199216, 30.275672000228159],
            [-97.959921000275727, 30.2756360002865],
            [-97.960193000262294, 30.27552300038386],
            [-97.960219000201562, 30.275500000387765],
            [-97.960257999661295, 30.275430000366406],
            [-97.960444000332473, 30.275134999727907],
            [-97.960476000119499, 30.27506800023512],
            [-97.960491000188114, 30.274999999915792],
            [-97.960507999906554, 30.27460700025037],
            [-97.960505000431809, 30.274431000051948],
            [-97.960455000203098, 30.273893999744121],
            [-97.960436999761455, 30.273826000163009],
            [-97.960349999722808, 30.273612000169898],
            [-97.960259000384539, 30.273408999944561],
            [-97.960158000102197, 30.273231999902375],
            [-97.960087999781976, 30.273140000065531],
            [-97.960037999553279, 30.273091999677938],
            [-97.959886999940537, 30.272975999872713],
            [-97.959799000076984, 30.272927000154585],
            [-97.959729999581711, 30.272904000325923],
            [-97.959656999786773, 30.272890999981929],
            [-97.959303999609361, 30.272880999716097],
            [-97.959230999814423, 30.272871000225123],
            [-97.959167000240313, 30.272852999742231],
            [-97.958860999918571, 30.27272400006423],
            [-97.958419000052686, 30.272552999742608],
            [-97.957851999615031, 30.272306999819012],
            [-97.957510000206582, 30.272101999928999],
            [-97.957228999999188, 30.271914000232535],
            [-97.957124000417195, 30.271852000278408],
            [-97.957058000294964, 30.271804000036788],
            [-97.956961000210583, 30.271704000104545],
            [-97.956792999981104, 30.271508000096976],
            [-97.95674600012542, 30.271439000373299],
            [-97.956526999842296, 30.270987000050415],
            [-97.956502999552868, 30.270916999913883],
            [-97.956495000055256, 30.27084999986937],
            [-97.956509000298965, 30.270717999740622],
            [-97.956501999727948, 30.270563999883329],
            [-97.956481999636466, 30.270436999627734],
            [-97.956490999857309, 30.270377999673045],
            [-97.956490000032389, 30.270333999696877],
            [-97.956479999986655, 30.270316000300461],
            [-97.956384999552085, 30.270244999631924],
            [-97.956295999863642, 30.270172000355313],
            [-97.956266999551303, 30.270131999729628],
            [-97.956248000183038, 30.270095000028554],
            [-97.956185000433862, 30.269919000274122],
            [-97.956178999687765, 30.269874000034971],
            [-97.956187000083673, 30.269799000366394],
            [-97.956238999962224, 30.269583000007689],
            [-97.95627400012232, 30.269495000098839],
            [-97.956327999650682, 30.269434000230401],
            [-97.956360000336034, 30.269415999893102],
            [-97.956743999577284, 30.26930299981235],
            [-97.956971000256317, 30.269221000036232],
            [-97.957032000355696, 30.269202000371642],
            [-97.957131000089902, 30.269179999734579],
            [-97.957219999778346, 30.269171999995365],
            [-97.957505000183701, 30.269171999995365],
            [-97.957581000351695, 30.269177000317345],
            [-97.957727999766462, 30.269204999788098],
            [-97.957869000231781, 30.269217999844443],
            [-97.958017000369779, 30.269206999916232],
            [-97.958188000074017, 30.269200000243405],
            [-97.958310000272746, 30.269210000108348],
            [-97.958480000152065, 30.269253999812424],
            [-97.959233000362559, 30.269395000142005],
            [-97.959784999833289, 30.269512999645794],
            [-97.959861999826174, 30.269538999675209],
            [-97.959903999658977, 30.269561000231857],
            [-97.959957000260744, 30.269600000254325],
            [-97.960051999796974, 30.269701000061424],
            [-97.960102999850605, 30.269755000130719],
            [-97.960147000231544, 30.269793000018037],
            [-97.960216999653426, 30.269826000377812],
            [-97.960789000113948, 30.270044000312911],
            [-97.960994999978269, 30.270138000057287],
            [-97.961200000017683, 30.270196000102246],
            [-97.961265000315009, 30.270225000111839],
            [-97.961374000094963, 30.270282000052298],
            [-97.961550999646974, 30.270390000297905],
            [-97.962072999878785, 30.270623999775847],
            [-97.962350999713138, 30.270761000272287],
            [-97.962589000262824, 30.270867999943725],
            [-97.962696000392938, 30.270905000129286],
            [-97.962868999747002, 30.270953000034659],
            [-97.962990000120811, 30.270979999728667],
            [-97.963252999886549, 30.271030999733881],
            [-97.963442000032444, 30.271060000272655],
            [-97.964154000235041, 30.271201000335704],
            [-97.964436000267369, 30.271241999793276],
            [-97.964513000260254, 30.271247000009815],
            [-97.964591000078059, 30.271222999743991],
            [-97.964866000437667, 30.271179000146642],
            [-97.964903000247588, 30.271165000305817],
            [-97.96519199995258, 30.270977000366496],
            [-97.96536699985478, 30.270816999853821],
            [-97.965413999710449, 30.270761000272287],
            [-97.965550000152874, 30.270553000105924],
            [-97.965578999566887, 30.270495000271882],
            [-97.965591999985676, 30.270401000093514],
            [-97.965596000183638, 30.270304999719485],
            [-97.965598999658354, 30.270287000317751],
            [-97.965694999917844, 30.269998000075077],
            [-97.965791000177305, 30.269687000009817],
            [-97.965812999918597, 30.269497000221119],
            [-97.965981000148091, 30.269006000023587],
            [-97.966068000186738, 30.268884999708373],
            [-97.966125000088141, 30.268749999834654],
            [-97.966207000103921, 30.268573999996409],
            [-97.966241000439098, 30.268442999982508],
            [-97.966254999784482, 30.268352000385278],
            [-97.966252000309751, 30.268297000246729],
            [-97.966237000241122, 30.268242000077382],
            [-97.966201000256135, 30.268155999891885],
            [-97.966104999996659, 30.267967000320219],
            [-97.966023999805813, 30.267849999811872],
            [-97.965992999843678, 30.267797000324826],
            [-97.965931999744299, 30.267346000384912],
            [-97.965889999911511, 30.267122000153908],
            [-97.965874000017976, 30.266968000086596],
            [-97.965874000017976, 30.266844000098612],
            [-97.965883000238819, 30.266792000157206],
            [-97.965926999721418, 30.266681999653191],
            [-97.96601100028532, 30.266498000029916],
            [-97.966048000095256, 30.266343999759712],
            [-97.966099000148873, 30.266196999911212],
            [-97.966207999928827, 30.265950000256087],
            [-97.966295999792365, 30.265800999620215],
            [-97.966551999885397, 30.26541599963798],
            [-97.96659899974108, 30.265357999872553],
            [-97.966643000122005, 30.265325000338514],
            [-97.966742999681117, 30.265287000273606],
            [-97.966840999590403, 30.265257000252788],
            [-97.966920999956344, 30.265236999716517],
            [-97.9672210004303, 30.265197000183608],
            [-97.967352999776466, 30.265169999675035],
            [-97.967489000218933, 30.265149999896995],
            [-97.967575000432646, 30.265147999686143],
            [-97.967654000075356, 30.265164999924853],
            [-97.967757000007524, 30.265176999635166],
            [-97.967818999931794, 30.265174000095698],
            [-97.967921000039055, 30.265154999647851],
            [-97.968321000072137, 30.26503299991105],
            [-97.968475999882827, 30.265000000267776],
            [-97.968634999891492, 30.26496099996973],
            [-97.968702999663563, 30.264934000172151],
            [-97.968966000327597, 30.264781999994735],
            [-97.969060999863828, 30.264736999728601],
            [-97.969120000313382, 30.26472499996451],
            [-97.969176000389893, 30.264728000293598],
            [-97.969213000199801, 30.264735000285302],
            [-97.969272999575935, 30.264752999929051],
            [-97.9693820002542, 30.264802999956654],
            [-97.96955999963113, 30.264877000230168],
            [-97.969690000225782, 30.264938999934085],
            [-97.969921000204479, 30.265078000041466],
            [-97.970106000152384, 30.265206000351515],
            [-97.970462999629447, 30.265489000123406],
            [-97.970527999926787, 30.265549000014104],
            [-97.970590999675977, 30.265614000371574],
            [-97.970645999927555, 30.265689000133762],
            [-97.97074300001195, 30.265848000371076],
            [-97.970809999959087, 30.265944999769751],
            [-97.970992000432275, 30.266162999788218],
            [-97.971076999922786, 30.266275000285745],
            [-97.97126000022088, 30.26655000012709],
            [-97.971358999955086, 30.266655999642985],
            [-97.971468999559946, 30.266789999979828],
            [-97.971867999768122, 30.267331999997467],
            [-97.97195599963166, 30.267471999902284],
            [-97.97208399967819, 30.267708000287467],
            [-97.972138000104863, 30.267816000261316],
            [-97.97223400036431, 30.268025000096092],
            [-97.972307000159262, 30.26821699977862],
            [-97.972440000228644, 30.268544000204109],
            [-97.972518000046449, 30.268795999881466],
            [-97.972553000206545, 30.268874999810265],
            [-97.972717000238092, 30.269163000191075],
            [-97.972794000230977, 30.269265999798847],
            [-97.9728519999573, 30.269320000107474],
            [-97.972908000033783, 30.269358000163155],
            [-97.973099999654409, 30.269446000194812],
            [-97.97316699960156, 30.269469000057796],
            [-97.973194000264073, 30.269484000201654],
            [-97.973236999921752, 30.269525000376415],
            [-97.973508999908319, 30.269890000174062],
            [-97.973611999840486, 30.270042000201837],
            [-97.97370300007708, 30.270213000242652],
            [-97.973745999734774, 30.270319999735612],
            [-97.97378199971979, 30.270455999829149],
            [-97.973820000252942, 30.270649000237494],
            [-97.973826999925649, 30.270788000019106],
            [-97.973841000169344, 30.270908000269511],
            [-97.973868999758437, 30.271035999961171],
            [-97.973908000116495, 30.271139999975652],
            [-97.973965000017898, 30.27124399987996],
            [-97.974092000239523, 30.271433000125164],
            [-97.974246000225293, 30.271645000135532],
            [-97.974426999975265, 30.271880999798842],
            [-97.974575000113262, 30.272055999879711],
            [-97.974677000220524, 30.272154000161105],
            [-97.974761999711006, 30.272212999824188],
            [-97.974878000061963, 30.272274000293283],
            [-97.975047999941282, 30.272343000205911],
            [-97.975153000421585, 30.272373999644845],
            [-97.975360000110825, 30.272415000164138],
            [-97.975564000325321, 30.272443000262946],
            [-97.975734000204639, 30.272454999859534],
            [-97.975911999581541, 30.272454999859534],
            [-97.976008999665936, 30.272445000325167],
            [-97.976111999598103, 30.272422000383557],
            [-97.976314999987679, 30.272357999910625],
            [-97.976537999570439, 30.272276000358936],
            [-97.976623999784181, 30.272231999681839],
            [-97.976790000363849, 30.272117999704935],
            [-97.976879000052293, 30.272042000164035],
            [-97.976945000174538, 30.271968999896238],
            [-97.977002000075956, 30.271887000019596],
            [-97.977059999802265, 30.271780999945047],
            [-97.977135000145324, 30.271622000006527],
            [-97.977207000115357, 30.271418000279109],
            [-97.977253999971012, 30.271308000303382],
            [-97.977313000420551, 30.271187999766116],
            [-97.977519000284886, 30.270678000113261],
            [-97.977536999828246, 30.270606999706544],
            [-97.977544000399249, 30.270525000243797],
            [-97.977540000201287, 30.270279999946084],
            [-97.977508000414232, 30.270071000256937],
            [-97.977464999858228, 30.269895999740655],
            [-97.977427000223372, 30.269654999662809],
            [-97.97729699962872, 30.269012999710228],
            [-97.977224999658688, 30.268727999872162],
            [-97.977147999665803, 30.268266000296137],
            [-97.977135999970258, 30.268130000272073],
            [-97.977135999970258, 30.267888999738176],
            [-97.977150000213953, 30.267739999717381],
            [-97.977178999627938, 30.267604999820918],
            [-97.977255999620837, 30.267384999735548],
            [-97.977326999765964, 30.267216000368471],
            [-97.977419999652369, 30.267010999933209],
            [-97.977475999728867, 30.266908000287167],
            [-97.977499000193404, 30.266882999648718],
            [-97.977525999957578, 30.26686899997113],
            [-97.97759200007981, 30.266855000291599],
            [-97.977643999958374, 30.266821999709009],
            [-97.977689999989124, 30.266782000045939],
            [-97.977747999715433, 30.266715000282854],
            [-97.977794999571103, 30.26664400011343],
            [-97.97795600012789, 30.266352999822431],
            [-97.9781179996113, 30.266184000230705],
            [-97.978196000327401, 30.266129999748916],
            [-97.978307999582086, 30.266073999821327],
            [-97.978469999963792, 30.266008999768449],
            [-97.978602000208269, 30.265944999769751],
            [-97.978691999721647, 30.265888999736653],
            [-97.978796000377031, 30.265811999929994],
            [-97.979176000318631, 30.265467000205998],
            [-97.979205999557536, 30.26542699999095],
            [-97.979251999588286, 30.265319999820342],
            [-97.979336999977107, 30.265196000078699],
            [-97.979415999619832, 30.265100000046029],
            [-97.979492999612717, 30.265030000367116],
            [-97.979572999978657, 30.264979000347946],
            [-97.979649000146651, 30.264950000340441],
            [-97.979735000360364, 30.264933000064566],
            [-97.979875000102453, 30.264923999871638],
            [-97.979969999638698, 30.264929999741703],
            [-97.980061999700197, 30.264944999803237],
            [-97.98019700031773, 30.264989999973981],
            [-97.980660999924922, 30.265151000002366],
            [-97.98073200007002, 30.265181000055559],
            [-97.981182000331813, 30.265417999843301],
            [-97.981255999951657, 30.265465000001686],
            [-97.981452999595163, 30.265604000140311],
            [-97.98161400015195, 30.265702999979549],
            [-97.981707000038369, 30.265770999756441],
            [-97.981792000427191, 30.265847000272807],
            [-97.982051999819873, 30.266106999879508],
            [-97.982312000110866, 30.266420999924971],
            [-97.982502999906572, 30.266697000222898],
            [-97.982523999822973, 30.266727999893046],
            [-97.982651000044569, 30.266883999736439],
            [-97.982840000190464, 30.267209999862281],
            [-97.982924999680961, 30.267329999831151],
            [-97.982945999597362, 30.267385999818156],
            [-97.982949999795338, 30.267438000220892],
            [-97.982902000114734, 30.267778000384649],
            [-97.982880000373427, 30.267988999677378],
            [-97.982856000083984, 30.268129000197046],
            [-97.982831999794556, 30.268196999845383],
            [-97.982809000228343, 30.268227999817771],
            [-97.982786999588697, 30.268242000077382],
            [-97.982711000319043, 30.268249999892308],
            [-97.982627999580046, 30.268274000109113],
            [-97.982599999990953, 30.268298000320051],
            [-97.982553000135297, 30.26839699977036],
            [-97.982524999647879, 30.268481000377669],
            [-97.982440000157382, 30.269118000381244],
            [-97.982373000210245, 30.269443000009844],
            [-97.982249000361676, 30.269989000346445],
            [-97.982228000445275, 30.270171000301087],
            [-97.982225000072233, 30.270382999933592],
            [-97.982240999965768, 30.270611999955435],
            [-97.982262999707061, 30.271016999872014],
            [-97.982281999973637, 30.271296999833556],
            [-97.982298999692077, 30.27139800022216],
            [-97.982328000004387, 30.271511000218815],
            [-97.982379000058017, 30.271635999782113],
            [-97.982444000355343, 30.271758999885915],
            [-97.98256200035614, 30.271948999951562],
            [-97.982704999572931, 30.272160000365158],
            [-97.982836999817408, 30.272308999883993],
            [-97.982948999970418, 30.272416000195502],
            [-97.983102000131282, 30.272549999652625],
            [-97.983306000345792, 30.272705000301805],
            [-97.983456000133614, 30.272830999923421],
            [-97.983590000027917, 30.272933000311383],
            [-97.983810000135946, 30.27308400025758],
            [-97.983914999717925, 30.273139000041546],
            [-97.984373000375641, 30.273352000268257],
            [-97.98446700008698, 30.273381000121315],
            [-97.984682999997048, 30.273422000219998],
            [-97.984766999662639, 30.273429999612812],
            [-97.984840000355874, 30.273428000346545],
            [-97.98489200023441, 30.273417000114247],
            [-97.984948000310908, 30.273391000336222],
            [-97.985086000403172, 30.273305000006644],
            [-97.985258999757207, 30.273184000335529],
            [-97.985324999879467, 30.273128999801017],
            [-97.985454999575808, 30.273000999735334],
            [-97.985673000034012, 30.272758000242398],
            [-97.985802999730339, 30.272628999663713],
            [-97.986097000356537, 30.272289000008591],
            [-97.986130999793389, 30.272242000013815],
            [-97.986236000273692, 30.272041000128855],
            [-97.986354000274474, 30.271792999622548],
            [-97.986432000092279, 30.271643000057068],
            [-97.986473999925082, 30.271550000242406],
            [-97.98649900003943, 30.271503999934449],
            [-97.986559000313889, 30.27144599988647],
            [-97.986636000306788, 30.271350999800756],
            [-97.986661000421151, 30.27130100000452],
            [-97.986711999576457, 30.271089000027064],
            [-97.986726999645057, 30.271058000182283],
            [-97.986767999652955, 30.271007000191098],
            [-97.986817000056746, 30.270923000193555],
            [-97.986892000399834, 30.270774000122586],
            [-97.986919000164008, 30.27069700026804],
            [-97.986921999638724, 30.270658999954822],
            [-97.986910999768099, 30.270601000183412],
            [-97.98686200026259, 30.270479000231351],
            [-97.986817000056746, 30.270347000379566],
            [-97.986793999592209, 30.270231999711577],
            [-97.986788999569356, 30.270130999674993],
            [-97.986793999592209, 30.269973000223498],
            [-97.986808999660823, 30.269828999775207],
            [-97.986892000399834, 30.26938200010904],
            [-97.986923000361969, 30.269264999735384],
            [-97.987041000362751, 30.268983000052057],
            [-97.987111999609539, 30.268832000004199],
            [-97.987197999823266, 30.268676000152762],
            [-97.987335999915516, 30.268480000306219],
            [-97.987581999962813, 30.26808800021514],
            [-97.987669999826366, 30.267969999774348],
            [-97.98774400034452, 30.267887999660694],
            [-97.987993999691454, 30.267639000220402],
            [-97.988124000286135, 30.267517999772039],
            [-97.988223000020326, 30.267447000183321],
            [-97.988334000348402, 30.267392000313645],
            [-97.988421000387049, 30.267362000160148],
            [-97.988550000258485, 30.267335000246948],
            [-97.988874000123573, 30.267290000375084],
            [-97.989192000140889, 30.267261000274299],
            [-97.98961999976305, 30.267212000031048],
            [-97.989879000229138, 30.267205000215988],
            [-97.990012000298549, 30.267195000146778],
            [-97.990238000254351, 30.267151000295748],
            [-97.990475000080821, 30.26712599971918],
            [-97.990788999900175, 30.267115000332435],
            [-97.991051999665899, 30.267121000068613],
            [-97.991099000419894, 30.267130000060099],
            [-97.991224000093339, 30.267179000344278],
            [-97.991453000422212, 30.267201999962552],
            [-97.991758999845644, 30.26721899984561],
            [-97.991995999672113, 30.267214000199779],
            [-97.992084000433977, 30.267216999676982],
            [-97.99220400008457, 30.267234000333261],
            [-97.992290000298297, 30.267255999854726],
            [-97.992436999713078, 30.267307000242855],
            [-97.992629000232, 30.267392000313645],
            [-97.99269500035426, 30.267243000314455],
            [-97.992778000194917, 30.267114000247066],
            [-97.992932000180716, 30.266839999746036],
            [-97.993210000015054, 30.26655499980674],
            [-97.993654000429075, 30.266143000212438],
            [-97.994215999945553, 30.265604000140311],
            [-97.994722000283843, 30.264986999652912],
            [-97.9947749999873, 30.264830999898955],
            [-97.994707000215229, 30.26444299965496],
            [-97.994370999756242, 30.264016000307919],
            [-97.994051000089115, 30.263714000219181],
            [-97.993952000354909, 30.263735999753457],
            [-97.993847999699511, 30.26374999987776],
            [-97.993788000323377, 30.263747999638408],
            [-97.99356099964433, 30.263702000330085],
            [-97.993332000213783, 30.263662000171841],
            [-97.993232999581267, 30.263639999845086],
            [-97.993143999892823, 30.263608999975887],
            [-97.99297800021148, 30.263533000054885],
            [-97.992810999806892, 30.263447999746823],
            [-97.992629000232, 30.26333800015173],
            [-97.992529999599483, 30.263264000270187],
            [-97.992352000222567, 30.263104999727947],
            [-97.992265000183949, 30.263046000022388],
            [-97.992214999955237, 30.263005000245602],
            [-97.992194000038836, 30.262969999665636],
            [-97.992187000366144, 30.262915999743893],
            [-97.992148999832978, 30.262746999667694],
            [-97.992136000312499, 30.262649000082547],
            [-97.992133999764377, 30.262537000104356],
            [-97.99214499963503, 30.262354999964352],
            [-97.992172000297515, 30.262242000291693],
            [-97.992228000374027, 30.26209900027931],
            [-97.99228299972728, 30.262013000144393],
            [-97.992326000283313, 30.261969000298894],
            [-97.99239300023045, 30.261924000295423],
            [-97.992645999950454, 30.261774999757471],
            [-97.992722999943354, 30.26172499973978],
            [-97.992784999867624, 30.26166899962768],
            [-97.992809999981972, 30.261652000335477],
            [-97.993311000297396, 30.261541000138227],
            [-97.993558000169614, 30.261504999669857],
            [-97.993717000178265, 30.261444999635778],
            [-97.994128000082, 30.261369999735592],
            [-97.994189000181379, 30.261363000279975],
            [-97.994262999801222, 30.261363999648001],
            [-97.994374000129298, 30.261379000254287],
            [-97.9945080000236, 30.261406999621098],
            [-97.994641000092983, 30.261450000351282],
            [-97.994802999576379, 30.261515000318575],
            [-97.994912000254644, 30.261565999809164],
            [-97.99499699974514, 30.261619999697359],
            [-97.995037999753023, 30.261663999699238],
            [-97.995088999806654, 30.261747999859704],
            [-97.995125999616562, 30.261795000222943],
            [-97.995165999799539, 30.261824999749706],
            [-97.995241999967519, 30.261859999961871],
            [-97.995337000402074, 30.261884000188829],
            [-97.995452999854706, 30.261896999662753],
            [-97.995646000198562, 30.261896999662753],
            [-97.995723000191461, 30.261906000133092],
            [-97.995823999575464, 30.261931999849274],
            [-97.996192999646425, 30.261975000349501],
            [-97.996247999898003, 30.261975000349501],
            [-97.996401999883801, 30.261930000348801],
            [-97.996772999604559, 30.261844000065942],
            [-97.996873000061996, 30.261807000345097],
            [-97.997044999591139, 30.261725999880049],
            [-97.997259999676288, 30.261651000194462],
            [-97.997348000438137, 30.261613000259498],
            [-97.997412000012261, 30.26157599967576],
            [-97.997449999647074, 30.26154200028035],
            [-97.997478999959412, 30.261503000160683],
            [-97.997511999571358, 30.261410000051605],
            [-97.997519000142375, 30.261356000047929],
            [-97.997514999944414, 30.261235999761052],
            [-97.997531999662826, 30.261108999853803],
            [-97.997592999762205, 30.260954999666509],
            [-97.997613999678606, 30.260840999785444],
            [-97.997648000013797, 30.260531000351733],
            [-97.997665999557157, 30.260425999808575],
            [-97.997715999785854, 30.26026599994735],
            [-97.997752999595775, 30.260124999698405],
            [-97.997777999710138, 30.259991000352777],
            [-97.997779000433368, 30.25992200029421],
            [-97.997765000189645, 30.25986499977062],
            [-97.99764299999093, 30.25960200022071],
            [-97.997613999678606, 30.259515000064109],
            [-97.997549000279577, 30.259115000091459],
            [-97.997508000271708, 30.258939000052926],
            [-97.997456000393186, 30.258791999981813],
            [-97.997416000210208, 30.258712000304605],
            [-97.997385000248073, 30.258676000351013],
            [-97.997198999576909, 30.258558000238196],
            [-97.997119000109279, 30.258500000301719],
            [-97.99705899983482, 30.258437000238278],
            [-97.997003999583242, 30.25835799967053],
            [-97.996961999750454, 30.258282999740587],
            [-97.99677400032779, 30.257855999989921],
            [-97.99674400019056, 30.257759999764879],
            [-97.996740999817504, 30.257665999809291],
            [-97.996761999733891, 30.25759399989802],
            [-97.99677699980252, 30.257568999991978],
            [-97.996808999589561, 30.257464000161647],
            [-97.996884999757555, 30.257359999627909],
            [-97.997033999720472, 30.257214999893698],
            [-97.997099000017798, 30.257131999922759],
            [-97.997247999980715, 30.256973000315412],
            [-97.997395000293807, 30.256846999741029],
            [-97.997602999807953, 30.256699000227055],
            [-97.997903000281923, 30.256507999942734],
            [-97.997983999574458, 30.256466000346293],
            [-97.998073999986147, 30.256434999764334],
            [-97.998164000397821, 30.256385000131718],
            [-97.998259999758972, 30.256338999702315],
            [-97.998407000072064, 30.256260999970841],
            [-97.998453999927747, 30.256227999707679],
            [-97.998490999737669, 30.256184999794833],
            [-97.998513000377287, 30.256125999811687],
            [-97.998575000301571, 30.255874999631768],
            [-97.998632000202974, 30.25572899983182],
            [-97.99866800018799, 30.255654999648353],
            [-97.99873099993718, 30.255555999766699],
            [-97.998808999754985, 30.255456000357057],
            [-97.998849999762868, 30.255414999739411],
            [-97.998900999816499, 30.255381999967923],
            [-97.998972999786517, 30.255357999703918],
            [-97.999187000046774, 30.255327000324208],
            [-97.999351000078278, 30.255318000026854],
            [-97.999428999896082, 30.255319000232348],
            [-97.999575000384283, 30.255346000345707],
            [-97.999724000347186, 30.25536100031924],
            [-97.999871999586887, 30.255350999819829],
            [-98.000049999862114, 30.255323000278356],
            [-98.000112999611289, 30.255316999821336],
            [-98.00025800027457, 30.255319000232348],
            [-98.000456999567888, 30.255312000345484],
            [-98.000516000017427, 30.25531500018624],
            [-98.000670999828131, 30.255334999639441],
            [-98.000820999615968, 30.255334000210002],
            [-98.000988000020527, 30.255315999615807],
            [-98.001126999937711, 30.255282000381165],
            [-98.001326999954259, 30.255245999946318],
            [-98.001398999924277, 30.255225999699022],
            [-98.001520000298115, 30.255170999967941],
            [-98.001581000397465, 30.255161000225158],
            [-98.001699000398247, 30.255164000070533],
            [-98.00175700012457, 30.255170999967941],
            [-98.001846999637934, 30.25519400007088],
            [-98.001906000087473, 30.255200999966167],
            [-98.002007000369829, 30.255199000328716],
            [-98.002091000035406, 30.255188999812802],
            [-98.002255999891844, 30.255149000066911],
            [-98.00265500010002, 30.255022000047937],
            [-98.002840999872845, 30.25495399981148],
            [-98.00290500034528, 30.254926000156829],
            [-98.002962000246669, 30.254890999801368],
            [-98.003038000414648, 30.25482799975088],
            [-98.00311200003452, 30.254753000229307],
            [-98.00320599974583, 30.254640000345386],
            [-98.003321000271868, 30.254475000075416],
            [-98.003438000447744, 30.254282999906124],
            [-98.003471999884624, 30.254217000367515],
            [-98.003503999671679, 30.254134999632726],
            [-98.00352100028843, 30.254056000260533],
            [-98.003523999763146, 30.253979999930408],
            [-98.003496999998958, 30.25368399979941],
            [-98.003500000372028, 30.253588000152593],
            [-98.003511000242682, 30.25354099974162],
            [-98.003578000189833, 30.253411000072848],
            [-98.003594999908273, 30.253356000101448],
            [-98.003604000129087, 30.253294000068635],
            [-98.003611999626713, 30.253155999804928],
            [-98.003604000129087, 30.252952999964453],
            [-98.003608000327063, 30.252656999842714],
            [-98.003604999954007, 30.252602000225206],
            [-98.003589000060501, 30.252539999716454],
            [-98.003547000227684, 30.252476999710137],
            [-98.003343000013189, 30.252246999836704],
            [-98.003183000179618, 30.252047000386263],
            [-98.003156000415444, 30.251998999774695],
            [-98.003142000171735, 30.251963999928318],
            [-98.003116000232467, 30.251840999859283],
            [-98.003080000247465, 30.251428999837337],
            [-98.003074000399664, 30.251248000311719],
            [-98.00308100007237, 30.251166000202517],
            [-98.003095000316065, 30.251117999936486],
            [-98.003112999859411, 30.251088000243278],
            [-98.003163000088136, 30.251035999718724],
            [-98.003281000088904, 30.250954000208576],
            [-98.003384999845977, 30.250896999912545],
            [-98.003512000067587, 30.250837999857161],
            [-98.00362900024345, 30.250790000206884],
            [-98.003969999826992, 30.250670000202529],
            [-98.004190999759942, 30.250573999938343],
            [-98.004457999723613, 30.250429999754139],
            [-98.004670000334031, 30.250284999878115],
            [-98.004775999740943, 30.250226000231205],
            [-98.004949999818209, 30.250148000301721],
            [-98.005088999735392, 30.250105000055427],
            [-98.005165999728277, 30.250088000313784],
            [-98.005210999934121, 30.250082000312936],
            [-98.005338999980637, 30.250079000312429],
            [-98.005865000410424, 30.250118000312302],
            [-98.006647000034917, 30.250136000307041],
            [-98.007033999649224, 30.250136000307041],
            [-98.007487000284058, 30.250103999796782],
            [-98.007753000422838, 30.250103000314187],
            [-98.007796999905452, 30.250094000314203],
            [-98.007868999875484, 30.250063000049295],
            [-98.008073000089965, 30.249923000157999],
            [-98.008145999884917, 30.249878000067469],
            [-98.008203999611226, 30.249849999742036],
            [-98.008284999802072, 30.249820999923113],
            [-98.008446000358887, 30.249778999795623],
            [-98.008588999575693, 30.249751999704234],
            [-98.008749000307589, 30.249736000163836],
            [-98.009202999869018, 30.249672999911333],
            [-98.009301999603224, 30.249651000331028],
            [-98.009406000258608, 30.249618000175214],
            [-98.009484999901318, 30.249581999992699],
            [-98.009612000122942, 30.249486999706228],
            [-98.009761999910765, 30.249398999636668],
            [-98.010399999595222, 30.249064000043969],
            [-98.010679999977711, 30.248962999963524],
            [-98.011040999652721, 30.248852999665591],
            [-98.011177000095174, 30.24879599970264],
            [-98.011299000293903, 30.2487329996234],
            [-98.011363999692918, 30.24868599999375],
            [-98.0113839997844, 30.24866100014853],
            [-98.01140200022607, 30.248618000027449],
            [-98.011413000096709, 30.248562000202412]
          ]
        ]
      },
      "properties": {
        "AREALAND": "1333775854",
        "AREAWATER": "13668065",
        "BASENAME": "14",
        "CENTLAT": "+30.3276171",
        "CENTLON": "-097.6765074",
        "FUNCSTAT": "N",
        "GEOID": "48014",
        "HU100": null,
        "INTPTLAT": "+30.3276222",
        "INTPTLON": "-097.6766210",
        "LDTYP": "O",
        "LSADC": "LU",
        "LSY": "2024",
        "MTFCC": "G5210",
        "NAME": "State Senate District 14",
        "OBJECTID": 1856,
        "OID": "2129035951823303",
        "POP100": null,
        "SLDU": "014",
        "STATE": "48"
      }
    }
  ]
}
