{
  "type": "FeatureCollection",
  "features": [
    {
      "type": "Feature",
      "id": 290,
      "geometry": {
        "type": "Polygon",
        "coordinates": [
          [
            [-85.946508999645133, 38.005228000296668],
            [-85.947103999671882, 38.005071999700611],
            [-85.945044000130324, 38.002426000180002],
            [-85.943023000048527, 38.00138500023445],
            [-85.943002999957031, 38.001372999734826],
            [-85.942770000328537, 38.001255000026056],
            [-85.942455999610871, 38.001094999997733],
            [-85.942398999709454, 38.001064000173088],
            [-85.942366000097493, 38.001046999921151],
            [-85.942331999762303, 38.001029000149828],
            [-85.942280999708672, 38.001004999739919],
            [-85.942171999928732, 38.000945999967158],
            [-85.941935000102262, 38.000824000082474],
            [-85.941392999778955, 38.000545000157842],
            [-85.941302000440686, 38.000490999752969],
            [-85.940851000353973, 38.000225000193289],
            [-85.940726999607108, 38.000153000274288],
            [-85.940524000115829, 38.000033000252138],
            [-85.939431999971603, 37.999399999717376],
            [-85.939297000252381, 37.999321000093552],
            [-85.938927000356543, 37.999107000084742],
            [-85.938549000064782, 37.998888000312448],
            [-85.938486000315578, 37.998851999705444],
            [-85.938402999576581, 37.998804000284437],
            [-85.93832099956083, 37.998756000124125],
            [-85.937856999953652, 37.9987680003441],
            [-85.937606999708393, 37.998774999999625],
            [-85.936065000200685, 37.998815999788704],
            [-85.935666999817443, 37.99876700008987],
            [-85.935507999808763, 37.998679999864983],
            [-85.935439000211801, 37.998518000074384],
            [-85.935497999763029, 37.998157000333158],
            [-85.93545199973228, 37.997860000331457],
            [-85.9353260002339, 37.997596999826392],
            [-85.935055000072239, 37.997341999860105],
            [-85.934643000343598, 37.997217000232943],
            [-85.934393000098339, 37.997209999720795],
            [-85.934074000256103, 37.997287999928382],
            [-85.933505999993542, 37.997468000254059],
            [-85.933014999723881, 37.997703000073443],
            [-85.932377999864315, 37.99821000007114],
            [-85.93195500026502, 37.998634999683766],
            [-85.931788999685352, 37.998887000059852],
            [-85.93163700024769, 37.999113999707916],
            [-85.931454999774502, 37.999625999658697],
            [-85.931237000214608, 37.999944000344932],
            [-85.931192000008764, 38.000026000008845],
            [-85.930964000403137, 38.000437000016177],
            [-85.930905999778517, 38.00058099993371],
            [-85.930694999891315, 38.001108000057336],
            [-85.93053599988265, 38.001505999676787],
            [-85.930290999660272, 38.001926999872197],
            [-85.929930999810153, 38.002333999728862],
            [-85.929444999563344, 38.002732999972991],
            [-85.929139000139912, 38.00298499971646],
            [-85.928272999951517, 38.003635000107337],
            [-85.927458999641658, 38.004162999698913],
            [-85.926699999583349, 38.004837000136277],
            [-85.926245000197, 38.00524699991098],
            [-85.926080000340562, 38.005322000277793],
            [-85.925640999949422, 38.005408999701132],
            [-85.92520800030438, 38.005491000332299],
            [-85.925003000264965, 38.005636999847987],
            [-85.924888999563848, 38.005848000146955],
            [-85.924803000248431, 38.006185000119928],
            [-85.924751000369881, 38.007017999716084],
            [-85.924539999584368, 38.007245999814174],
            [-85.924123999657766, 38.00758000003745],
            [-85.923531000179153, 38.007980000175941],
            [-85.923311999896029, 38.00812699981644],
            [-85.923265000040388, 38.008159000320255],
            [-85.922968999764379, 38.008357999667162],
            [-85.922632000378783, 38.008495000166306],
            [-85.922545000340165, 38.008509999864408],
            [-85.922425999616152, 38.00853100028597],
            [-85.922147999781799, 38.008580999951029],
            [-85.921515000120223, 38.008665000104223],
            [-85.921168999615517, 38.008940999929976],
            [-85.920911999697552, 38.009168999710141],
            [-85.920217000111677, 38.009983000286503],
            [-85.9198510004138, 38.010343999847244],
            [-85.919714000146428, 38.01039699997812],
            [-85.91959399959751, 38.010394999786961],
            [-85.919428999741086, 38.01033499968765],
            [-85.919083999959582, 38.010133999846524],
            [-85.91895000006528, 38.010032000276254],
            [-85.918748000398921, 38.009878000198185],
            [-85.918428999658389, 38.009433999982235],
            [-85.918144000151329, 38.009116000107014],
            [-85.917961999678141, 38.009060000124087],
            [-85.917842000027548, 38.009068000326486],
            [-85.916863999686157, 38.009321000349274],
            [-85.916492000140479, 38.009353000331913],
            [-85.915918000030118, 38.009297999932862],
            [-85.915651000066433, 38.009340999720735],
            [-85.915631999799857, 38.009353000331913],
            [-85.915456999897671, 38.009470000348607],
            [-85.915410000042016, 38.009681000233385],
            [-85.915473999616111, 38.010137000143999],
            [-85.915347000292826, 38.010280000025354],
            [-85.915107999918206, 38.010366999935478],
            [-85.914929999642979, 38.01038699972937],
            [-85.914702000037337, 38.010410999899463],
            [-85.914640999937987, 38.010417999859143],
            [-85.914434000248747, 38.010462999887274],
            [-85.91420800029293, 38.010512999650203],
            [-85.914069000375775, 38.010598999898775],
            [-85.913985999636765, 38.010650999753217],
            [-85.913865999986157, 38.010843000202911],
            [-85.913865999986157, 38.01127500008382],
            [-85.913888999552384, 38.011495999826671],
            [-85.913917999864722, 38.011744000285127],
            [-85.913944999628896, 38.012037999747513],
            [-85.914054000307146, 38.012317999891778],
            [-85.914228000384426, 38.012662999660392],
            [-85.914480000279497, 38.01290299992646],
            [-85.915098999697378, 38.013508999950012],
            [-85.915370999683944, 38.013942999784462],
            [-85.915411999691827, 38.014254999695424],
            [-85.915326000376425, 38.014587999795729],
            [-85.914914999574364, 38.015092999760213],
            [-85.914686999968737, 38.015420000137617],
            [-85.91457200034101, 38.015652999702539],
            [-85.914543999853592, 38.015708000287596],
            [-85.9144300000508, 38.015940000332499],
            [-85.914316000247979, 38.016314999782665],
            [-85.914148999843391, 38.016867000238328],
            [-85.914030000017704, 38.017256999930922],
            [-85.91395600039786, 38.017504000007527],
            [-85.913710000350562, 38.017948000175252],
            [-85.913607000418409, 38.018333999828009],
            [-85.913527999877374, 38.018699999927485],
            [-85.91343499999094, 38.019126000351754],
            [-85.913251999692847, 38.019637999973945],
            [-85.913000999622682, 38.020004999894688],
            [-85.912921999979957, 38.020194000018193],
            [-85.912788999910575, 38.02065200025384],
            [-85.912659000214234, 38.020732000202202],
            [-85.912500000205583, 38.020685000198924],
            [-85.91234700004469, 38.020635000297801],
            [-85.912187000211134, 38.020560999985271],
            [-85.912131000134622, 38.020523000197358],
            [-85.911936999965874, 38.020391999995418],
            [-85.911401000388651, 38.020040000059211],
            [-85.910838000148971, 38.019701000148856],
            [-85.910387999887178, 38.019580000304202],
            [-85.910058000174274, 38.019559000217235],
            [-85.909886999571754, 38.019624999661481],
            [-85.909642000247686, 38.0197759998821],
            [-85.909381000131773, 38.020080000024514],
            [-85.909253000085243, 38.020269999915413],
            [-85.909237000191737, 38.020289999838027],
            [-85.909198999658585, 38.020445999896339],
            [-85.90915099997801, 38.020641000032974],
            [-85.909162999673569, 38.021068999689348],
            [-85.909263999955911, 38.021393999696492],
            [-85.909344000321852, 38.021526000174006],
            [-85.909418999766601, 38.021590000084011],
            [-85.909914000234238, 38.021867000012165],
            [-85.909941999823332, 38.021882999743532],
            [-85.910180000373018, 38.022034000265094],
            [-85.910293000350919, 38.022268999900113],
            [-85.910334000358816, 38.022670999705703],
            [-85.910293000350919, 38.022917999934144],
            [-85.910162999756267, 38.02301600027824],
            [-85.9100659996719, 38.023032999681909],
            [-85.909940999998412, 38.022986999662933],
            [-85.909665999638804, 38.022867000215903],
            [-85.909337999575754, 38.022653000289679],
            [-85.909012999885746, 38.022549999811403],
            [-85.908745000097127, 38.022567000030854],
            [-85.908688000195724, 38.022569999819417],
            [-85.907879999733652, 38.022706999939807],
            [-85.907498000142226, 38.022688999824965],
            [-85.907288000079944, 38.022637999947349],
            [-85.907088000063396, 38.022537000015532],
            [-85.906912000336305, 38.022345999700931],
            [-85.906866000305541, 38.022038999948997],
            [-85.906918000184092, 38.021777999717685],
            [-85.906969000237709, 38.021386000131677],
            [-85.907026999964032, 38.020769999881736],
            [-85.907027999788951, 38.020250999948502],
            [-85.906959000191975, 38.020042999951215],
            [-85.906811999878883, 38.0199970001783],
            [-85.906640000349739, 38.020040000059211],
            [-85.906498000059514, 38.020134000155331],
            [-85.906350999746422, 38.020339999974553],
            [-85.906287000172327, 38.020627999898444],
            [-85.906123999965686, 38.021113000305995],
            [-85.905911000428688, 38.021485000346004],
            [-85.905651000137695, 38.021835999770801],
            [-85.905398000417705, 38.022038999948997],
            [-85.905134999753656, 38.022361000103039],
            [-85.905128000080964, 38.022499999767447],
            [-85.905173000286808, 38.022627000024563],
            [-85.905338999968166, 38.022876000251998],
            [-85.905554999878234, 38.023063000201788],
            [-85.906118000117914, 38.023420000067411],
            [-85.906528000196744, 38.023725999780986],
            [-85.906681000357622, 38.023993000318626],
            [-85.906669999588658, 38.024263000310228],
            [-85.906566999656491, 38.024754000117092],
            [-85.9063909999294, 38.025188999774102],
            [-85.906179000217293, 38.025422000124109],
            [-85.905933000170009, 38.025545999895925],
            [-85.905569000121929, 38.02561400009256],
            [-85.905170999738672, 38.025732000221588],
            [-85.90497300027026, 38.02583900001234],
            [-85.904867999789957, 38.025895999797406],
            [-85.904794000170114, 38.026062000185135],
            [-85.904783000299474, 38.026196999677545],
            [-85.904776999553349, 38.026274000303964],
            [-85.904738000093616, 38.026340000068849],
            [-85.9047020001086, 38.026398999926315],
            [-85.90457700043514, 38.026448000263528],
            [-85.904326000364961, 38.026584000334644],
            [-85.904172000379191, 38.02674499980116],
            [-85.904132000196213, 38.026934000230924],
            [-85.90412100032556, 38.027141999773491],
            [-85.904133000021119, 38.027189999747335],
            [-85.904165999633094, 38.027318000231531],
            [-85.904358000152016, 38.02774300022967],
            [-85.904533999879121, 38.02827700006722],
            [-85.9045179999856, 38.028619000176484],
            [-85.904385999741123, 38.02884300022275],
            [-85.904174999853922, 38.028962999788909],
            [-85.90401099982239, 38.029025999730131],
            [-85.903872999730112, 38.029077000114611],
            [-85.903469000397408, 38.029284999941325],
            [-85.903411999597679, 38.02931599986151],
            [-85.903305000365862, 38.02937400031611],
            [-85.903231999672627, 38.029414000139298],
            [-85.903069000364326, 38.029501999814862],
            [-85.903052999572481, 38.0295109997436],
            [-85.902865000149816, 38.029568000209828],
            [-85.902706000141166, 38.029570999711709],
            [-85.90248299966008, 38.029505000027108],
            [-85.902243000358879, 38.029332000089127],
            [-85.902070999931439, 38.029204000293348],
            [-85.901949999557615, 38.029120000327914],
            [-85.90172500032503, 38.028952999950512],
            [-85.901608999974073, 38.028808000017428],
            [-85.90152199993544, 38.028698999917872],
            [-85.901191000397645, 38.028521000250443],
            [-85.900952000023054, 38.028499999895431],
            [-85.900685000059354, 38.028655000318572],
            [-85.9006049996934, 38.028789999986216],
            [-85.900452000430846, 38.029338999656922],
            [-85.900416000445844, 38.029467999759753],
            [-85.900266999584602, 38.029637999877558],
            [-85.900111999773912, 38.029704000149941],
            [-85.899947999742366, 38.029734999892824],
            [-85.899742999702966, 38.029683000134057],
            [-85.8991119996912, 38.02939300004028],
            [-85.898961999903378, 38.029368999717555],
            [-85.898684999893931, 38.029457000154785],
            [-85.898233999807232, 38.029700000113671],
            [-85.898119000179506, 38.029730999858245],
            [-85.897572999658237, 38.029725000159807],
            [-85.89734500005261, 38.029809000139132],
            [-85.896946999669339, 38.030066999877626],
            [-85.896113999991215, 38.030612999717889],
            [-85.895534000033095, 38.031031000300203],
            [-85.895144000045747, 38.031384000313935],
            [-85.894266999986698, 38.032140999857589],
            [-85.89403799965784, 38.032269999979228],
            [-85.893354999767524, 38.032700999714514],
            [-85.892305000354426, 38.033218000337861],
            [-85.892275000217197, 38.033228000301627],
            [-85.89145000003667, 38.033502999831555],
            [-85.89104099978276, 38.033693000293063],
            [-85.890824000047786, 38.033889000327157],
            [-85.890480999916107, 38.034340999835962],
            [-85.890343999648763, 38.034394000301646],
            [-85.890162000073886, 38.034428000193017],
            [-85.889684000222985, 38.034401000093261],
            [-85.889409999688297, 38.034462000068658],
            [-85.889182999907575, 38.034643999925244],
            [-85.888817000209684, 38.035379000187724],
            [-85.888588999705732, 38.035552999747672],
            [-85.8876709996388, 38.036000000162367],
            [-85.887483000216136, 38.036092000103849],
            [-85.88724499966645, 38.036244000092438],
            [-85.886902000433082, 38.03646099986927],
            [-85.886422999858965, 38.036703999941956],
            [-85.886149000222574, 38.036781999872986],
            [-85.883960999736189, 38.037392999878236],
            [-85.883492000106131, 38.03758199972193],
            [-85.883357000386937, 38.037815000276645],
            [-85.883343999968133, 38.038048999808311],
            [-85.883436000029647, 38.03827500016407],
            [-85.883595000038298, 38.038507000217052],
            [-85.88377599978827, 38.038923000203752],
            [-85.883774999963364, 38.039246999842163],
            [-85.883616999779619, 38.039367999752244],
            [-85.883215999921617, 38.039454000098807],
            [-85.882887000033648, 38.039580999973531],
            [-85.882822999561228, 38.039641999879606],
            [-85.882727000200077, 38.039732999795817],
            [-85.882709999583327, 38.039817000325627],
            [-85.882692999864886, 38.039903999837819],
            [-85.882748999941398, 38.040157000239198],
            [-85.882767000383055, 38.040280999831445],
            [-85.882805000017882, 38.040544999701837],
            [-85.88257800023716, 38.040782000165557],
            [-85.882372000372825, 38.040879000280441],
            [-85.881949999700126, 38.040959999752751],
            [-85.881493999590546, 38.040959000074253],
            [-85.880605999660844, 38.040957000009755],
            [-85.880479000337559, 38.040963000203185],
            [-85.880362999986602, 38.040968000010224],
            [-85.880208000175912, 38.040974999881044],
            [-85.876968999553171, 38.041817999746137],
            [-85.876198999624236, 38.04201800003959],
            [-85.875367999595952, 38.042367000109977],
            [-85.874917000407564, 38.042497999930056],
            [-85.873380999849331, 38.042921000276195],
            [-85.873122000281541, 38.042992999926192],
            [-85.872372000444116, 38.04319800020243],
            [-85.871091999978916, 38.043551000295878],
            [-85.862055000322954, 38.046036999788178],
            [-85.860523999787603, 38.046460000204711],
            [-85.860115000432003, 38.046569000048166],
            [-85.85881200040059, 38.046917999649416],
            [-85.858644000171111, 38.04697500001005],
            [-85.857387999995353, 38.047321000315875],
            [-85.857165000412607, 38.047382999731759],
            [-85.856535000225747, 38.047556000186077],
            [-85.856069999895325, 38.047683999743874],
            [-85.854530999862376, 38.048106999840918],
            [-85.854441000348999, 38.048131999970856],
            [-85.854382999724365, 38.048148000332489],
            [-85.854314000127388, 38.048167000138406],
            [-85.854130999829295, 38.048217999928141],
            [-85.854042999965742, 38.048241999733683],
            [-85.853918000292282, 38.048276000270079],
            [-85.853698000184252, 38.048337000006804],
            [-85.853237999876697, 38.048462999754435],
            [-85.853134000119638, 38.048492000187785],
            [-85.853010000271084, 38.048525999900605],
            [-85.852831000170923, 38.048575999865783],
            [-85.852708999972194, 38.048608999965531],
            [-85.851688999798014, 38.048888999720447],
            [-85.851487999956547, 38.048944999684437],
            [-85.850504999592289, 38.049214999667392],
            [-85.850282000009528, 38.049277000308891],
            [-85.850137000244573, 38.049316000308984],
            [-85.84899400004673, 38.04963099965704],
            [-85.848327000049963, 38.049814999837103],
            [-85.847595999580761, 38.050015999770451],
            [-85.845349000441459, 38.050634000067845],
            [-85.843380000238199, 38.051175999804713],
            [-85.842258999781663, 38.051485000307018],
            [-85.841457000065674, 38.051706999972538],
            [-85.835525000239812, 38.053336000035642],
            [-85.82399899979859, 38.056505999963072],
            [-85.821536999675828, 38.057182000289053],
            [-85.818619000341798, 38.057984999810344],
            [-85.816944999691287, 38.05844599973576],
            [-85.812075999697342, 38.059784999777072],
            [-85.810058999813492, 38.060336000035896],
            [-85.807354000016474, 38.06108199966593],
            [-85.803668000403334, 38.062099000123908],
            [-85.800264999749061, 38.063035000171894],
            [-85.799786999898188, 38.063166999868223],
            [-85.799109000030754, 38.063353000129126],
            [-85.79846999962308, 38.063528999849346],
            [-85.797036999895326, 38.063922999649456],
            [-85.796953000229749, 38.0639459998918],
            [-85.796294999555485, 38.064130000155508],
            [-85.795224000225986, 38.06442799970867],
            [-85.791655999715303, 38.06542399996416],
            [-85.790491999601045, 38.065747999723406],
            [-85.790154000390572, 38.065841999860915],
            [-85.788109999844224, 38.066412999831606],
            [-85.783556000392849, 38.067665000116726],
            [-85.78138799999796, 38.068261000330388],
            [-85.779828999873502, 38.068688000348139],
            [-85.779758999553309, 38.068707999779399],
            [-85.778808999699308, 38.068968999670801],
            [-85.778530999864969, 38.069044999876041],
            [-85.778125999809006, 38.06914900002883],
            [-85.774666000151683, 38.070107000140503],
            [-85.768910000052912, 38.071686999651313],
            [-85.768177999758819, 38.071888000332983],
            [-85.76589599956111, 38.072515000103273],
            [-85.762336000344646, 38.07350199969332],
            [-85.75193100035996, 38.076388000204361],
            [-85.75186600006262, 38.07640699975029],
            [-85.750912000010658, 38.076671000150242],
            [-85.745617000044348, 38.078142999844978],
            [-85.741124999618947, 38.079381999873632],
            [-85.74013999960485, 38.079661000119259],
            [-85.728853000436558, 38.08279300008045],
            [-85.721924999827621, 38.084715000275494],
            [-85.720981999646341, 38.08497799988745],
            [-85.719975999715857, 38.085256999992808],
            [-85.719773000224578, 38.085314999967224],
            [-85.713422000099058, 38.087076000249589],
            [-85.712577999651955, 38.087310999719563],
            [-85.708199999927686, 38.086931999942379],
            [-85.705162000044737, 38.086670999811588],
            [-85.703162999704247, 38.086498999676529],
            [-85.701621000196553, 38.086365999894788],
            [-85.701372999601119, 38.086344000104312],
            [-85.70119799969892, 38.086329000082657],
            [-85.700857000115391, 38.086299999796381],
            [-85.700779000297587, 38.086299000030102],
            [-85.700740999764434, 38.086296000024163],
            [-85.700625000311803, 38.08628600023917],
            [-85.700612999717919, 38.086284999765688],
            [-85.700423999572038, 38.086268000198537],
            [-85.699968000360769, 38.08622999986251],
            [-85.699309999686506, 38.08617299967495],
            [-85.698129999678741, 38.086068999689608],
            [-85.697582000405987, 38.086021000135972],
            [-85.695573999844655, 38.085845999861391],
            [-85.694066999598746, 38.085714000080124],
            [-85.690884999775747, 38.085439999901922],
            [-85.689016000029881, 38.08527900011044],
            [-85.685464000311043, 38.084971999767056],
            [-85.683556000207147, 38.084806999798367],
            [-85.681205000412447, 38.084605000186826],
            [-85.680616000233485, 38.08455400030163],
            [-85.680138000382613, 38.084511999911975],
            [-85.67997299962785, 38.084498000012445],
            [-85.678713999977376, 38.084389999889083],
            [-85.677502000182542, 38.084286000195654],
            [-85.675987000439022, 38.084155000221728],
            [-85.674764999700173, 38.084048999892914],
            [-85.673921999976315, 38.08397599982387],
            [-85.673715000287061, 38.08395799992158],
            [-85.672674000196466, 38.083868000343585],
            [-85.672270999790356, 38.08383400008136],
            [-85.672105000109013, 38.083820000051993],
            [-85.671594999572747, 38.083776000346234],
            [-85.671421000393792, 38.083760999797697],
            [-85.670080999654132, 38.083645000165617],
            [-85.66971300030643, 38.083613000112784],
            [-85.667765999844462, 38.083444999782564],
            [-85.667395000123705, 38.083413000349289],
            [-85.667150999726232, 38.083392000183295],
            [-85.66677900018054, 38.08335900021325],
            [-85.666349999835148, 38.083323000100435],
            [-85.665767000402283, 38.083272999835756],
            [-85.665389999935414, 38.083239999812051],
            [-85.6652979998739, 38.083231999932586],
            [-85.66321800024086, 38.083053000103391],
            [-85.661153999603044, 38.082874999649029],
            [-85.659896999602381, 38.082766999956633],
            [-85.659392999812226, 38.082723000324279],
            [-85.65921500043531, 38.082708000266813],
            [-85.655451999930946, 38.082383000151161],
            [-85.653399000062095, 38.082206000009229],
            [-85.652290000199443, 38.08211000004065],
            [-85.649183999646112, 38.08184200016845],
            [-85.642995999727233, 38.081308999809174],
            [-85.642772000319567, 38.08128900028786],
            [-85.64249299976197, 38.081265000006567],
            [-85.642333999753319, 38.081252000027675],
            [-85.63667999976181, 38.080764000290579],
            [-85.636544000217697, 38.080753999748957],
            [-85.635299999737512, 38.080644999908564],
            [-85.623929000005305, 38.079665000254394],
            [-85.623734999836543, 38.079647999855197],
            [-85.616941999845153, 38.079060999992528],
            [-85.615865999594462, 38.078969000310927],
            [-85.612805000145286, 38.078704999721104],
            [-85.604649999672944, 38.078001000088669],
            [-85.603965000132845, 38.077942000088925],
            [-85.596529000434117, 38.077301000307628],
            [-85.596325000219608, 38.077283000176443],
            [-85.596213000066626, 38.077273999755555],
            [-85.596059000080828, 38.077259999884475],
            [-85.590015000101999, 38.076738000351902],
            [-85.589663999574384, 38.076707999899789],
            [-85.588934999653333, 38.076644999971023],
            [-85.588828000421543, 38.07663600017878],
            [-85.588400999725962, 38.07659899968565],
            [-85.587364999658249, 38.076510000142889],
            [-85.58649699982, 38.076440999930263],
            [-85.583335999913416, 38.076193000001695],
            [-85.582395000280258, 38.07611899996278],
            [-85.582074999714791, 38.076094000200271],
            [-85.581071000332457, 38.076014999819712],
            [-85.575694000350381, 38.075524000043615],
            [-85.575295999967125, 38.075486999695066],
            [-85.574879000215603, 38.075450000034905],
            [-85.572452000252923, 38.075228000266755],
            [-85.571962999633072, 38.075182999715565],
            [-85.567363999975854, 38.074763000307627],
            [-85.567144999692729, 38.074742999703211],
            [-85.56705400035446, 38.074861999789292],
            [-85.566933999805542, 38.074975000155362],
            [-85.566939999653329, 38.07504600017711],
            [-85.566938999828409, 38.075170000069789],
            [-85.566922000109969, 38.07526099966335],
            [-85.566901000193567, 38.075298000126232],
            [-85.56687899955395, 38.075530000232149],
            [-85.566886000124967, 38.075570000297994],
            [-85.566861999835524, 38.075795000172114],
            [-85.566841999744042, 38.075905999987043],
            [-85.566836999721161, 38.076003000228837],
            [-85.566811999606799, 38.076088000058007],
            [-85.566809999956988, 38.076115000340792],
            [-85.566829000223549, 38.07616699965255],
            [-85.566857999637563, 38.07622299995792],
            [-85.566876000079219, 38.076295999988588],
            [-85.56688000027718, 38.076413999767844],
            [-85.566896999995606, 38.076495000225215],
            [-85.566917999912008, 38.076537000269873],
            [-85.566926000307944, 38.076562999780386],
            [-85.5669249995847, 38.076615000187914],
            [-85.566916000262182, 38.076668999647239],
            [-85.566918999736927, 38.076859999706627],
            [-85.566916000262182, 38.076959999779376],
            [-85.566928999782661, 38.077110999877689],
            [-85.566958999919905, 38.077155999949667],
            [-85.566974999813425, 38.077190999672268],
            [-85.566980999661197, 38.077241999743144],
            [-85.566979000011386, 38.077296000153794],
            [-85.566985999684078, 38.077385000154273],
            [-85.566985999684078, 38.07750300029781],
            [-85.566962000292932, 38.077747999670223],
            [-85.566915000437291, 38.078024000147586],
            [-85.566905000391543, 38.078107999870902],
            [-85.566896000170701, 38.07814799994096],
            [-85.566809999956988, 38.078397000185497],
            [-85.566774999796863, 38.078466999840302],
            [-85.566772000322146, 38.07849399995191],
            [-85.566778999994852, 38.078523999671354],
            [-85.566778000169933, 38.078559000153462],
            [-85.56676999977401, 38.078598000105231],
            [-85.566756000428626, 38.078628999653198],
            [-85.566732000139183, 38.078659999895144],
            [-85.566702000001939, 38.078686000065112],
            [-85.5666429995524, 38.078695000312159],
            [-85.566599000069772, 38.078708000038503],
            [-85.566472999673081, 38.078772000180692],
            [-85.56643900023623, 38.078789999945386],
            [-85.566438000411296, 38.078821000119092],
            [-85.566418000319828, 38.078869000156772],
            [-85.566383999984623, 38.078918999897375],
            [-85.566375999588715, 38.078966000004229],
            [-85.566358999870289, 38.078996000237183],
            [-85.566316000212552, 38.079161999747967],
            [-85.566302999793763, 38.079186000012427],
            [-85.566266999808775, 38.079231000221831],
            [-85.56618899999097, 38.07935500008989],
            [-85.566133999739378, 38.079431999970609],
            [-85.566070000165269, 38.079562000062694],
            [-85.565952999989392, 38.079750000069929],
            [-85.565898999562734, 38.079851000287995],
            [-85.565731000231551, 38.080031999881712],
            [-85.565716000162936, 38.080055999860576],
            [-85.565696000071455, 38.080107000054731],
            [-85.565681000002854, 38.08013100000904],
            [-85.565648000390894, 38.080162000321323],
            [-85.565552999956324, 38.080310999768649],
            [-85.565528999666881, 38.080369999978373],
            [-85.565434000130651, 38.080530999972993],
            [-85.565399999795446, 38.08057199997652],
            [-85.565378000054139, 38.080608000029578],
            [-85.56536999965823, 38.080640999826983],
            [-85.565378000054139, 38.080676000002946],
            [-85.565395999597484, 38.080715000239906],
            [-85.56542900010777, 38.080835000349012],
            [-85.565443000351465, 38.080860999745646],
            [-85.565475999963439, 38.080887999680392],
            [-85.565563000002072, 38.080996000026865],
            [-85.565612000405878, 38.081034000254881],
            [-85.565650000040705, 38.081053000007977],
            [-85.565749999599817, 38.08109200004381],
            [-85.565790999607685, 38.081118000056186],
            [-85.565867999600599, 38.081183999882903],
            [-85.566038000378214, 38.081277000148198],
            [-85.566199999861624, 38.081350999917483],
            [-85.56624800044051, 38.081363000044995],
            [-85.566347999999621, 38.081379000211975],
            [-85.566606999567398, 38.081435000061738],
            [-85.566645000100522, 38.081447000175466],
            [-85.566819000177816, 38.081472000229311],
            [-85.566918999736927, 38.081477000097621],
            [-85.567108999707713, 38.081522000311381],
            [-85.567138999844943, 38.081532000040859],
            [-85.567211999639881, 38.08156699979034],
            [-85.567245999975071, 38.08158900031119],
            [-85.567276000112315, 38.08160200023017],
            [-85.567384999892255, 38.08159900003151],
            [-85.56747899960358, 38.081629999721443],
            [-85.567522000159599, 38.081632999918838],
            [-85.567728999848825, 38.08159900003151],
            [-85.567780999727376, 38.081606000259185],
            [-85.567819000260528, 38.081618000344854],
            [-85.567852999697394, 38.081619000175138],
            [-85.56790399975101, 38.081603000060682],
            [-85.567959000002602, 38.081616999807437],
            [-85.568000999835391, 38.081632999918838],
            [-85.568035000170596, 38.0816249998636],
            [-85.568112000163481, 38.081650999686453],
            [-85.568185999783324, 38.08168799974473],
            [-85.568211999722607, 38.081707999864022],
            [-85.568340999594014, 38.081895000184147],
            [-85.568512000196577, 38.08205899982935],
            [-85.568554999854257, 38.082105000215627],
            [-85.568610999930755, 38.08218699984868],
            [-85.568661999984386, 38.082277999902928],
            [-85.568701000342458, 38.082309000012081],
            [-85.568832999688624, 38.08255400025282],
            [-85.568876000244629, 38.082625999803838],
            [-85.568932000321112, 38.082701999960108],
            [-85.569002999567942, 38.082782999816381],
            [-85.56905199997172, 38.082850000074863],
            [-85.569279999577361, 38.083239000003921],
            [-85.569311000437821, 38.08332099977941],
            [-85.569340999676726, 38.083384000320457],
            [-85.569373000362077, 38.083432999996688],
            [-85.5694160000198, 38.083480000030477],
            [-85.569519999776873, 38.083620999950561],
            [-85.569544999891221, 38.08364100024815],
            [-85.569590999921985, 38.083692999865001],
            [-85.569693000029233, 38.083826000266946],
            [-85.569774000220079, 38.083914000298854],
            [-85.569809000380175, 38.083960000225176],
            [-85.569980000084414, 38.084131000174082],
            [-85.570047000031565, 38.084215999747613],
            [-85.570081000366756, 38.084249999832188],
            [-85.570115999628527, 38.084277999723611],
            [-85.570154999986599, 38.084301999723003],
            [-85.570190000146695, 38.084314000073284],
            [-85.570456000285475, 38.084327000214856],
            [-85.570531999555143, 38.084334000181308],
            [-85.570575000111162, 38.084344000233287],
            [-85.570618999593776, 38.084362000040549],
            [-85.570673000020449, 38.084375999966184],
            [-85.570770000104829, 38.084381000342979],
            [-85.570843999724673, 38.084379000050902],
            [-85.570979000342206, 38.084362999833324],
            [-85.571015000327222, 38.084348999905259],
            [-85.571080999551143, 38.084308999691892],
            [-85.571117000434455, 38.084308999691892],
            [-85.571171999787737, 38.08430300022362],
            [-85.571324999948615, 38.084263999779218],
            [-85.571567999622857, 38.084190999924886],
            [-85.571667000255374, 38.084153999719035],
            [-85.571884999815268, 38.084062000081559],
            [-85.571970000204075, 38.084020000116354],
            [-85.572058999892548, 38.083967000226814],
            [-85.572176999893315, 38.083922999902477],
            [-85.572268000129895, 38.083873000048108],
            [-85.572418999742652, 38.0837740000376],
            [-85.572638000025762, 38.083655000311836],
            [-85.572740999957915, 38.083594000317859],
            [-85.572927999555688, 38.083462000006072],
            [-85.572952999670022, 38.08343399980216],
            [-85.57305599960219, 38.083371000011276],
            [-85.573216000334085, 38.083250999821587],
            [-85.573318000441333, 38.083158999754964],
            [-85.573383999665239, 38.083108000275296],
            [-85.573511999711769, 38.082975999793199],
            [-85.573549000420002, 38.08294499996682],
            [-85.573597000100591, 38.082911999795037],
            [-85.573678000291437, 38.082842999966289],
            [-85.573710999903412, 38.082801000007947],
            [-85.573725999971998, 38.082771999736387],
            [-85.573730000169974, 38.082744999790222],
            [-85.573747999713319, 38.082723000324279],
            [-85.573788999721188, 38.082717000018825],
            [-85.573823000056393, 38.082689000236705],
            [-85.573879999957811, 38.082624000170846],
            [-85.573894000201506, 38.082596000353057],
            [-85.574076999601289, 38.082399999914493],
            [-85.574163999639936, 38.082324999972059],
            [-85.57428699966357, 38.08219199966809],
            [-85.574339000440432, 38.082142999867308],
            [-85.574401000364716, 38.082094000033628],
            [-85.574433000151771, 38.082074000019979],
            [-85.574455999717998, 38.082052000352142],
            [-85.574514000342617, 38.081978999703459],
            [-85.574591000335502, 38.081908999875047],
            [-85.574714000359165, 38.081760000148506],
            [-85.574774999560205, 38.08169400013464],
            [-85.57487099981968, 38.08161500014684],
            [-85.574998000041276, 38.081486999833245],
            [-85.575056999592505, 38.081422000113065],
            [-85.57510799964615, 38.081380000045534],
            [-85.575191000385132, 38.081320000109265],
            [-85.575260999807028, 38.081277999983151],
            [-85.575285000096457, 38.081233000326336],
            [-85.57530799966267, 38.081209999862494],
            [-85.575338999624833, 38.081191000150248],
            [-85.575520000273102, 38.081018000012413],
            [-85.575532999793566, 38.080991000125678],
            [-85.575613000159521, 38.080935999775512],
            [-85.575682999581417, 38.080869999725003],
            [-85.57586300040478, 38.080726999764686],
            [-85.575912999735181, 38.080677999689279],
            [-85.576025999713082, 38.080581999835864],
            [-85.576127999820343, 38.080471999893177],
            [-85.576166000353481, 38.080445999651111],
            [-85.57620700036135, 38.08042500004715],
            [-85.576258000414995, 38.080391000305248],
            [-85.576439999989859, 38.08030300027584],
            [-85.576511000134971, 38.080277999822314],
            [-85.576633000333715, 38.080216999839479],
            [-85.576742999938574, 38.080192000063612],
            [-85.576809000060805, 38.080182000150884],
            [-85.576900000297414, 38.080178000044029],
            [-85.577029000168835, 38.080195000320003],
            [-85.577106000161734, 38.080215000140541],
            [-85.577162000238232, 38.080239999908493],
            [-85.577210999743713, 38.080272999871973],
            [-85.577244000253998, 38.080304999972327],
            [-85.577275000216133, 38.080346000102566],
            [-85.57729699995744, 38.080388999903953],
            [-85.577316000224002, 38.080415000166283],
            [-85.577348999835976, 38.080428000293985],
            [-85.577372000300514, 38.080460000326497],
            [-85.577390999668765, 38.080504999751909],
            [-85.577425999828861, 38.080562999960435],
            [-85.577482999730279, 38.080753999748957],
            [-85.577565999570936, 38.080946000292244],
            [-85.577577000339915, 38.081000999927774],
            [-85.577588000210582, 38.081030000194637],
            [-85.577631999693196, 38.081021000234927],
            [-85.577642999563849, 38.080991999964546],
            [-85.577647999586716, 38.080960000164836],
            [-85.577677999723946, 38.080962999682605],
            [-85.577696999990522, 38.081057999904928],
            [-85.577698999640347, 38.081138000331372],
            [-85.57772399975471, 38.081186000262385],
            [-85.577756000440075, 38.081310000350797],
            [-85.577757000264967, 38.081337999953881],
            [-85.577728999777577, 38.081393999835036],
            [-85.577719999556749, 38.081453999710583],
            [-85.577732000150618, 38.081544999969971],
            [-85.577751000417194, 38.081627000231038],
            [-85.577773000158516, 38.081669999986282],
            [-85.577835999907705, 38.081928999933893],
            [-85.577855999999173, 38.081965000025953],
            [-85.577939999664778, 38.082198000016632],
            [-85.577995999741262, 38.082466999816894],
            [-85.577998000289398, 38.082569000341898],
            [-85.57802199968053, 38.08277400007249],
            [-85.578050000167934, 38.082926999810709],
            [-85.578091000175817, 38.083095999727071],
            [-85.57811600029018, 38.083168000158558],
            [-85.578152000275182, 38.0832420001353],
            [-85.578199999955771, 38.083323000100435],
            [-85.578281999971537, 38.083570000086063],
            [-85.578285000344593, 38.083613000112784],
            [-85.578302999887924, 38.083710999832583],
            [-85.578343999895807, 38.083812000236051],
            [-85.578363999987289, 38.083890999971317],
            [-85.578394999949438, 38.083979999722999],
            [-85.578461000071684, 38.084121000092971],
            [-85.578459000421859, 38.084163999795642],
            [-85.578464000444725, 38.084194000017192],
            [-85.578481000163151, 38.084217000249453],
            [-85.578502000079553, 38.084235000087986],
            [-85.578539999714394, 38.084283999900975],
            [-85.578517999973073, 38.084359999747946],
            [-85.578555999607914, 38.084440000096969],
            [-85.578342000245968, 38.084443000179064],
            [-85.57806799971128, 38.084437999806447],
            [-85.578006999611915, 38.08445000013441],
            [-85.577980999672647, 38.084463000251795],
            [-85.57797599964978, 38.084485999692362],
            [-85.577994000091437, 38.084541000200474],
            [-85.578025000053572, 38.084589999808372],
            [-85.578107999894257, 38.084676000050862],
            [-85.57813300000862, 38.084726000063171],
            [-85.578137000206581, 38.08475200019744],
            [-85.578061000038588, 38.084806000011675],
            [-85.578045999969959, 38.084832999903881],
            [-85.578062999688413, 38.084859999786069],
            [-85.578081999954975, 38.084879999744736],
            [-85.578172000366678, 38.084954999894585],
            [-85.57817999986429, 38.084977000103095],
            [-85.578174000016489, 38.085000000088982],
            [-85.578148000077235, 38.085023000067693],
            [-85.57810000039666, 38.085052000153446],
            [-85.578039000297281, 38.085071000276557],
            [-85.578047999619798, 38.085097000288137],
            [-85.57807100008435, 38.08511799996441],
            [-85.578117999939991, 38.08519500013999],
            [-85.578150999551966, 38.085235999649449],
            [-85.578164999795675, 38.085263999870271],
            [-85.578158000122968, 38.085292000080422],
            [-85.578092000000737, 38.085394000199685],
            [-85.578085000328031, 38.085404999885156],
            [-85.578078999581948, 38.085427999736453],
            [-85.578082999779895, 38.085458999924157],
            [-85.578106000244432, 38.085483000242931],
            [-85.578150999551966, 38.085515000184373],
            [-85.578256000032255, 38.085553999961448],
            [-85.578277999773576, 38.085556999997834],
            [-85.578297000040138, 38.085575999989715],
            [-85.578309999560631, 38.085607000114649],
            [-85.578312000108767, 38.085629999902402],
            [-85.578302000063005, 38.085652999682871],
            [-85.578266000078003, 38.085698999929207],
            [-85.578097999848524, 38.085941999874002],
            [-85.578060000213682, 38.085987000167911],
            [-85.578028000426627, 38.086005000277737],
            [-85.577946000410861, 38.086033000204097],
            [-85.577886999961308, 38.086060000350187],
            [-85.577862999671879, 38.086083999764611],
            [-85.577839000280733, 38.086135999765133],
            [-85.57783300043296, 38.086189999971204],
            [-85.577782000379329, 38.086386999913628],
            [-85.577749999693978, 38.086443999934339],
            [-85.577683999571732, 38.086530000117151],
            [-85.577655999982639, 38.086551000088882],
            [-85.577524999563067, 38.086619999953498],
            [-85.577443000445612, 38.086697999722048],
            [-85.577390999668765, 38.086735000054489],
            [-85.577348999835976, 38.08677199966121],
            [-85.57710799981156, 38.087131000223366],
            [-85.577065999978757, 38.087226000209107],
            [-85.577046999712195, 38.08724600022758],
            [-85.576928999711413, 38.087332000173951],
            [-85.57688699987861, 38.087369999937216],
            [-85.576876999832876, 38.087392999877324],
            [-85.576825999779246, 38.08759099986181],
            [-85.57680599968775, 38.087638999798742],
            [-85.57672700004504, 38.087747999818312],
            [-85.576691000060023, 38.087817999712733],
            [-85.576684000387345, 38.087869000149119],
            [-85.576670000143622, 38.087891000187717],
            [-85.576608000219366, 38.087949000193618],
            [-85.576562000188602, 38.088015000217403],
            [-85.576521000180705, 38.088054000074933],
            [-85.576471999776928, 38.088087000046855],
            [-85.576441999639684, 38.088097000292535],
            [-85.576428000294314, 38.08811900026253],
            [-85.576423000271419, 38.088146000345255],
            [-85.576445999837645, 38.088169000041226],
            [-85.576523999655464, 38.088217000305633],
            [-85.576540000447295, 38.088237000053027],
            [-85.576553999792679, 38.088312000294202],
            [-85.576552000142868, 38.08833700012179],
            [-85.576538999724079, 38.088358000281495],
            [-85.576512999784796, 38.088375000069647],
            [-85.576458000431515, 38.088399999875698],
            [-85.576413000225685, 38.088436000316754],
            [-85.5763859995632, 38.088448999725372],
            [-85.576356000324282, 38.088456000004193],
            [-85.576291999851847, 38.08846199983865],
            [-85.576210999661001, 38.088474999949682],
            [-85.576202000338483, 38.088510999646722],
            [-85.576178999873946, 38.08855099968212],
            [-85.575969999636584, 38.088736999736035],
            [-85.575815999650786, 38.088944999745131],
            [-85.57577999966577, 38.089064999780277],
            [-85.575788999886612, 38.089517999799057],
            [-85.575807000328282, 38.08957599992808],
            [-85.575844999963124, 38.089628999993501],
            [-85.576505000287199, 38.090128000339732],
            [-85.576577000257231, 38.090217000275921],
            [-85.576804999862844, 38.090631000349873],
            [-85.576865999962223, 38.090733000090061],
            [-85.576895000274519, 38.090769000089132],
            [-85.576973999917243, 38.090903000047767],
            [-85.577019999947993, 38.091041999681913],
            [-85.577203000246101, 38.091344000086906],
            [-85.577325000444844, 38.091491999675299],
            [-85.577445999920343, 38.091574999786282],
            [-85.577561000446408, 38.091643000164659],
            [-85.577835999907705, 38.091840000259211],
            [-85.578040999947106, 38.09206100010298],
            [-85.578092999825643, 38.092151000199834],
            [-85.578165999620566, 38.092313999778845],
            [-85.578236999765679, 38.092422999897401],
            [-85.578307999910805, 38.092502000225544],
            [-85.578436999782227, 38.092684999673146],
            [-85.578481000163151, 38.092977999750893],
            [-85.578533999866607, 38.093137000208714],
            [-85.578578000247546, 38.093223000294444],
            [-85.578450000201016, 38.093410999816996],
            [-85.578360999614233, 38.093550000337636],
            [-85.578297999865043, 38.093684999812019],
            [-85.578172000366678, 38.094146999944151],
            [-85.578019000205785, 38.094641999824375],
            [-85.577989000068584, 38.094726000251143],
            [-85.577936000365128, 38.094821999913663],
            [-85.577846999778345, 38.094934000185368],
            [-85.577824000212118, 38.094954999863759],
            [-85.577701000188483, 38.095066000285264],
            [-85.577469000384895, 38.095234000067578],
            [-85.577363000079671, 38.095309999842257],
            [-85.577236999682981, 38.09541000013229],
            [-85.577126000253216, 38.095506999950608],
            [-85.577034000191702, 38.095599000031086],
            [-85.576732999892812, 38.09594100022143],
            [-85.576210999661001, 38.096551000180497],
            [-85.575379999632702, 38.097519000116009],
            [-85.575017000307852, 38.09803600029948],
            [-85.57477899975818, 38.098347000031787],
            [-85.574746999971126, 38.098405999824806],
            [-85.574685999871747, 38.098462999663489],
            [-85.574642000389133, 38.098522000069799],
            [-85.574576000266887, 38.098641999934415],
            [-85.574541000106791, 38.098733000006703],
            [-85.574386000296087, 38.099276000001474],
            [-85.574350000311071, 38.099365000109152],
            [-85.574201000348168, 38.09966300030807],
            [-85.574049000012209, 38.099932000172288],
            [-85.574014999677019, 38.0999779999159],
            [-85.573975000392366, 38.100016999752647],
            [-85.573898000399481, 38.10007000002313],
            [-85.573824999706204, 38.100103000225481],
            [-85.573763999606854, 38.100118999825533],
            [-85.573694000184958, 38.100128000261734],
            [-85.572877000400368, 38.100180000168415],
            [-85.569739999884902, 38.100404999949696],
            [-85.567486000174583, 38.100571999904993],
            [-85.566652999598148, 38.100601000184263],
            [-85.566692999781125, 38.100682000001449],
            [-85.566715000420729, 38.100749999682627],
            [-85.56672399974326, 38.100798000167941],
            [-85.567124999601262, 38.101888999956863],
            [-85.567378000219549, 38.102571000155038],
            [-85.565479000336481, 38.102858000118104],
            [-85.565511000123536, 38.103115999684221],
            [-85.565574999697617, 38.103512000172202],
            [-85.565649000215785, 38.103861999830514],
            [-85.565732000056471, 38.104151000128589],
            [-85.565833000338827, 38.104432000310382],
            [-85.566508999658097, 38.106575999825999],
            [-85.566938000003503, 38.107883000143659],
            [-85.567075000270862, 38.1083059999429],
            [-85.567565999642198, 38.109826999871487],
            [-85.568400999868473, 38.112412000209503],
            [-85.568574999945767, 38.112953000104731],
            [-85.569261000209096, 38.115080999879567],
            [-85.569435000286376, 38.115642999887903],
            [-85.569595000119946, 38.116073999801237],
            [-85.569689999656191, 38.116330999983681],
            [-85.569935999703475, 38.116303999712791],
            [-85.57143200007873, 38.116119999982814],
            [-85.571627999897316, 38.116091000209749],
            [-85.571740999875232, 38.11608299968541],
            [-85.572016000234839, 38.116972000289948],
            [-85.57289999996658, 38.11986600001876],
            [-85.573319000266224, 38.121237999689292],
            [-85.573368999596653, 38.121387000205807],
            [-85.573561000115575, 38.121354999717369],
            [-85.573818999858432, 38.121333999852972],
            [-85.574040999616273, 38.121417999980999],
            [-85.574208999845766, 38.121471000272862],
            [-85.574425999580754, 38.12152399981953],
            [-85.574494000251121, 38.121566000139666],
            [-85.574541999931711, 38.121650000000784],
            [-85.574588999787366, 38.12178199989016],
            [-85.574768999712418, 38.121924000104357],
            [-85.574921000048391, 38.12197700002892],
            [-85.575306999837764, 38.121972000104378],
            [-85.575532999793566, 38.121987999861787],
            [-85.57572299976438, 38.12203999975587],
            [-85.576193000117669, 38.122124999761226],
            [-85.577089000443308, 38.12219899986826],
            [-85.577452999593049, 38.122220000190538],
            [-85.577579999814674, 38.122251000318776],
            [-85.577712000059137, 38.12229900010378],
            [-85.577638000439293, 38.122499000163984],
            [-85.577603000279197, 38.122646000275928],
            [-85.577589000035488, 38.122731000282457],
            [-85.577588000210582, 38.122846000092281],
            [-85.577609000126969, 38.122966000284528],
            [-85.577646999761811, 38.123071000025874],
            [-85.577716000257098, 38.123185000038575],
            [-85.577830999884824, 38.123345999709848],
            [-85.577702999838309, 38.123420999957801],
            [-85.577577000339915, 38.123516000114236],
            [-85.57747100003472, 38.123616999921751],
            [-85.577342000163284, 38.12376299994235],
            [-85.576672999618381, 38.124519999975675],
            [-85.57658599957972, 38.12459099992811],
            [-85.576472999601819, 38.124657000070833],
            [-85.576362999996974, 38.124701999844817],
            [-85.576135000391332, 38.124776000166669],
            [-85.575894000366915, 38.12487299986374],
            [-85.575668000411113, 38.124981000227201],
            [-85.575469000219485, 38.125093000199811],
            [-85.575157000049941, 38.125275999993555],
            [-85.574613000076823, 38.125410000269881],
            [-85.575312999685551, 38.126824999683038],
            [-85.57562599968, 38.127460000274759],
            [-85.575940000397665, 38.128093999681603],
            [-85.576068000444195, 38.128352999752124],
            [-85.576234000125538, 38.128715999818688],
            [-85.57643099976903, 38.129084000344477],
            [-85.576574999709081, 38.129324999695029],
            [-85.576730000418095, 38.129562000139302],
            [-85.576764999679867, 38.129610000064034],
            [-85.57698200031318, 38.129907999832547],
            [-85.577163000063138, 38.130132999906905],
            [-85.577389999843845, 38.130435999712006],
            [-85.578215999849277, 38.131505000253043],
            [-85.57854300008745, 38.132121999652718],
            [-85.578979999930439, 38.13291200013699],
            [-85.57918800034291, 38.133303000326755],
            [-85.579337000305827, 38.133593999663169],
            [-85.579605999919337, 38.134144999790749],
            [-85.577916000273632, 38.134648999696296],
            [-85.577228000360464, 38.134859999851265],
            [-85.577141000321831, 38.134882999680627],
            [-85.577052999559967, 38.134898000333401],
            [-85.576964999696429, 38.134904999694918],
            [-85.576732999892812, 38.134899999949162],
            [-85.572340000099928, 38.13468300033847],
            [-85.56968399980839, 38.134552000270943],
            [-85.569344000049782, 38.134550999751738],
            [-85.569147000406289, 38.134564999953739],
            [-85.568815000145264, 38.134580999777604],
            [-85.568606999732808, 38.134587000063902],
            [-85.567375999671413, 38.134602999882887],
            [-85.566682999735377, 38.134612000309481],
            [-85.566303999618682, 38.134607999648999],
            [-85.566009999890809, 38.134593000349746],
            [-85.564818000187486, 38.134488000222561],
            [-85.564347000009306, 38.134446000270714],
            [-85.56326800028387, 38.134367999892262],
            [-85.562198999705885, 38.134290999953244],
            [-85.558975000050083, 38.134065999977892],
            [-85.558848999653392, 38.134058000009993],
            [-85.557249000419375, 38.13393600003711],
            [-85.556909999587347, 38.133904000103172],
            [-85.556801999632327, 38.133904999924646],
            [-85.556728999837404, 38.133984999732206],
            [-85.556702000073216, 38.134034000100939],
            [-85.556687999829506, 38.134082999730197],
            [-85.556655000217546, 38.134322999717547],
            [-85.556630999928089, 38.134372999674476],
            [-85.556584000072434, 38.134417999818361],
            [-85.556511000277496, 38.134448999712923],
            [-85.556467999721477, 38.134455999824048],
            [-85.553173999745496, 38.134259000174943],
            [-85.550844999692117, 38.134131000214772],
            [-85.550765000224473, 38.134132999851545],
            [-85.550711999622706, 38.134146000315567],
            [-85.550663000117225, 38.13416700002751],
            [-85.550611000238703, 38.134206999798636],
            [-85.550578999553323, 38.134245999731043],
            [-85.55038000026002, 38.134722999826828],
            [-85.550246000365718, 38.135121000253839],
            [-85.549977999678788, 38.135749000053131],
            [-85.549914000104692, 38.135869000232361],
            [-85.549874999746621, 38.13591800004275],
            [-85.549827000066045, 38.135962000147281],
            [-85.549782999685121, 38.135994999678331],
            [-85.549602999760069, 38.136102999837775],
            [-85.549391000047947, 38.136204999684558],
            [-85.549269999674138, 38.136244999751831],
            [-85.54907100038082, 38.136280000145959],
            [-85.548919999869781, 38.136317000100284],
            [-85.54877099990685, 38.13637099996172],
            [-85.548614000446349, 38.136451999678947],
            [-85.548580000111144, 38.136469000288557],
            [-85.548507000316221, 38.13652799967209],
            [-85.548242999827252, 38.136836999879563],
            [-85.548035000313092, 38.137052999666125],
            [-85.547935999680604, 38.137171000267294],
            [-85.547894999672707, 38.137301999872982],
            [-85.547878999779186, 38.137452999649831],
            [-85.547821000052849, 38.13775099989769],
            [-85.547809000357304, 38.137848999784424],
            [-85.547809000357304, 38.13795199978307],
            [-85.547837999771289, 38.138086000105588],
            [-85.547879999604092, 38.138179999784263],
            [-85.547923999985017, 38.138247999882246],
            [-85.547940999703457, 38.138268999826956],
            [-85.547976999688473, 38.138312000165946],
            [-85.548055000404588, 38.138386000114863],
            [-85.548123000176659, 38.138438000339633],
            [-85.54814400009306, 38.138451999795961],
            [-85.548196999796502, 38.138486000079361],
            [-85.548283000010215, 38.13853099980674],
            [-85.548374000246824, 38.138571999769695],
            [-85.548493000072511, 38.138617000150553],
            [-85.549056000312206, 38.138808999862341],
            [-85.552257000401767, 38.139804000145119],
            [-85.552761000191936, 38.139972000190419],
            [-85.553207000255753, 38.140131000104105],
            [-85.556254000359544, 38.141248999707557],
            [-85.55665299966941, 38.141389999780202],
            [-85.558595999933416, 38.142017000320756],
            [-85.559021000080847, 38.142154999783884],
            [-85.559135999708573, 38.142192000291828],
            [-85.559385999953832, 38.142284999919944],
            [-85.559463999771637, 38.142316999711376],
            [-85.561306999578221, 38.143067999905576],
            [-85.552604999658001, 38.145043000055608],
            [-85.552252000378914, 38.145113999826293],
            [-85.552189999556319, 38.145134000246742],
            [-85.55179600026932, 38.145228999696343],
            [-85.545692999840938, 38.146615999896575],
            [-85.54587199994107, 38.146825999714039],
            [-85.544870000208547, 38.14705299989653],
            [-85.54397800008087, 38.147278999734439],
            [-85.543658000413743, 38.147373000286073],
            [-85.543290999992621, 38.147498000012781],
            [-85.54305099979311, 38.147590999941812],
            [-85.542612000300281, 38.147788000334209],
            [-85.542402000237985, 38.147892000061425],
            [-85.542228000160719, 38.147989999750173],
            [-85.541942999755378, 38.148165999855479],
            [-85.541823000104756, 38.148261999926632],
            [-85.54158700010322, 38.148421000141823],
            [-85.541418000048807, 38.148544000243817],
            [-85.53996199985653, 38.149676000335312],
            [-85.535904999624293, 38.152949000220922],
            [-85.535815000110944, 38.153021000333091],
            [-85.535699999584892, 38.153114999842742],
            [-85.534716000294026, 38.153909000110382],
            [-85.533344999592231, 38.155008000191813],
            [-85.532605999625446, 38.155574999831479],
            [-85.526181999705003, 38.160310000101582],
            [-85.524668999611293, 38.16143699975953],
            [-85.524304999563242, 38.161735000216531],
            [-85.524026999728875, 38.161984999669897],
            [-85.523717000107496, 38.162265999761281],
            [-85.523213000317341, 38.162773000039174],
            [-85.522922999889104, 38.163089000164653],
            [-85.522626999613095, 38.163445000319363],
            [-85.52235999964941, 38.163779999784033],
            [-85.521921999981501, 38.164380999947731],
            [-85.521697999675496, 38.164740999864762],
            [-85.521027000379078, 38.165906000114525],
            [-85.520721999882227, 38.166451000089786],
            [-85.520100000091318, 38.167532999994691],
            [-85.519888000379211, 38.167922000262728],
            [-85.520536999934322, 38.168138999880611],
            [-85.520851999578582, 38.168235999849109],
            [-85.521069000211881, 38.168296999785063],
            [-85.52136600031281, 38.168370000335976],
            [-85.521003999914555, 38.168827000217483],
            [-85.519696999685181, 38.170610999680903],
            [-85.519372999820078, 38.171048999990731],
            [-85.518207999880943, 38.172609999696235],
            [-85.516016999919813, 38.175551000050653],
            [-85.513824000308873, 38.177281000272536],
            [-85.511183999910884, 38.179788999895287],
            [-85.511157000146682, 38.179689000067064],
            [-85.511156000321776, 38.179612999851564],
            [-85.511131000207428, 38.179595000216359],
            [-85.511084000351758, 38.179597999920503],
            [-85.511060000062315, 38.179581000183127],
            [-85.511050000016553, 38.179520999707684],
            [-85.511065000085168, 38.179496999927366],
            [-85.511127999834358, 38.179487000193092],
            [-85.511171000390391, 38.179484999681179],
            [-85.511291999865904, 38.179447999733469],
            [-85.511311999957385, 38.179428000250084],
            [-85.51124599983514, 38.179342999913118],
            [-85.511225999743658, 38.179284999759147],
            [-85.511229999941634, 38.179259999995132],
            [-85.511316000155347, 38.179184999945392],
            [-85.511336000246828, 38.179148999752869],
            [-85.51135700016323, 38.179130000095228],
            [-85.511418000262594, 38.179114000156709],
            [-85.511475999988917, 38.179085999902711],
            [-85.511511999973933, 38.179063999796533],
            [-85.511532000065415, 38.179041999683669],
            [-85.511538999738107, 38.179014000108211],
            [-85.511536000263376, 38.178973000281673],
            [-85.511520000369842, 38.178930999815471],
            [-85.511502999753091, 38.178904000108233],
            [-85.511502999753091, 38.17887499986233],
            [-85.511526000217643, 38.178831000221983],
            [-85.511553999806722, 38.178792000117362],
            [-85.511582000294126, 38.178741000329296],
            [-85.511603000210528, 38.178712000018514],
            [-85.511615999731006, 38.178679000040397],
            [-85.51162800032489, 38.178620000149301],
            [-85.511645000043316, 38.178579000101067],
            [-85.511682999678158, 38.178535000282032],
            [-85.511662999586662, 38.178484000314093],
            [-85.511665999959718, 38.178421999806503],
            [-85.511710000340656, 38.178352999817406],
            [-85.511782000310674, 38.178210999961756],
            [-85.51176700024206, 38.178110000164565],
            [-85.51138999977519, 38.178399000288181],
            [-85.511053000389623, 38.178660000260201],
            [-85.510815999664842, 38.178843999781478],
            [-85.510266999668858, 38.179291999804548],
            [-85.509890000100285, 38.179632000089413],
            [-85.509717999672844, 38.179803999787076],
            [-85.509466999602679, 38.180091999652596],
            [-85.509238999997052, 38.180391999890823],
            [-85.509022000262064, 38.180735000349159],
            [-85.508927999652428, 38.180904999794663],
            [-85.508802000154034, 38.181166999849687],
            [-85.508680999780211, 38.181466999898461],
            [-85.508566999977404, 38.181839999893405],
            [-85.508550000258964, 38.18192400027246],
            [-85.508493000357547, 38.182196000263772],
            [-85.508464000045237, 38.18244199999922],
            [-85.508453000174569, 38.182641999728894],
            [-85.508459000022356, 38.183044999927723],
            [-85.508478000288932, 38.183336999798613],
            [-85.50852099994664, 38.183673000184804],
            [-85.50852000012172, 38.183831000305666],
            [-85.508542999687947, 38.183986999695549],
            [-85.508601000312581, 38.184318000019466],
            [-85.508870999751011, 38.185959999857204],
            [-85.50912000017135, 38.18747399984975],
            [-85.50916700002702, 38.187804000074586],
            [-85.509225999578248, 38.188300000214923],
            [-85.509259000088534, 38.188776000060571],
            [-85.509284000202882, 38.189130999951054],
            [-85.509289000225749, 38.189360999762009],
            [-85.509280000004921, 38.18993500023565],
            [-85.509244000019905, 38.19049199970047],
            [-85.509204999661847, 38.190887000158177],
            [-85.50915000030858, 38.191287999743501],
            [-85.508953999591682, 38.192444000308761],
            [-85.508833000116184, 38.193156000159462],
            [-85.50842899988514, 38.19554500018959],
            [-85.508354000440363, 38.196042999914773],
            [-85.508270999701395, 38.196693000094513],
            [-85.508181000188017, 38.197548000276726],
            [-85.507741999796878, 38.202086000200012],
            [-85.507483000229115, 38.204766000026282],
            [-85.50747800020622, 38.204826000178628],
            [-85.5073700002512, 38.20594300003237],
            [-85.507216000265416, 38.207573000239591],
            [-85.507210000417629, 38.207642000079268],
            [-85.506955000149503, 38.210335999832445],
            [-85.506657000223669, 38.213007999658807],
            [-85.506569000360116, 38.213894000221401],
            [-85.506375000191369, 38.213722999996904],
            [-85.506155999908245, 38.215979999946221],
            [-85.506052000151186, 38.217007000239327],
            [-85.50598600002894, 38.217672000134748],
            [-85.505863000005291, 38.218764000144063],
            [-85.505864999655117, 38.218984000261656],
            [-85.505575000125205, 38.222024000250805],
            [-85.505541999614934, 38.222119999726679],
            [-85.50549499975925, 38.222615999705681],
            [-85.504949000136307, 38.222596000079307],
            [-85.504805000196271, 38.222616999722142],
            [-85.504248999629255, 38.222595000062555],
            [-85.501023000323656, 38.222490999656905],
            [-85.500819999934052, 38.222487000289803],
            [-85.500579999734555, 38.222452999661641],
            [-85.499408999947619, 38.222420999761646],
            [-85.49857799991932, 38.222411000275187],
            [-85.493756999605935, 38.222255999943592],
            [-85.493843999644568, 38.222474000051484],
            [-85.494072999973426, 38.223041999828219],
            [-85.494454999564837, 38.224022000099268],
            [-85.494709999832963, 38.224728000301141],
            [-85.49477799960502, 38.224915999813426],
            [-85.495263000026924, 38.226150000294332],
            [-85.4954720002643, 38.22668200031957],
            [-85.495545000059224, 38.226866999847744],
            [-85.49589900006157, 38.227729000199609],
            [-85.496058999895112, 38.228116000218677],
            [-85.496161999827279, 38.228366999761178],
            [-85.496326999683745, 38.228802000166937],
            [-85.496684000059119, 38.229738999743724],
            [-85.496822000151369, 38.230098999873981],
            [-85.497309000223098, 38.231323000254342],
            [-85.497306999674962, 38.232502000242228],
            [-85.497278000260948, 38.232937999783104],
            [-85.497181000176582, 38.234634999982653],
            [-85.497088000290148, 38.235279999955019],
            [-85.497039999711262, 38.23548599964878],
            [-85.496968999566164, 38.235704000326436],
            [-85.496883000250747, 38.235907000023481],
            [-85.496781999968405, 38.236099000306915],
            [-85.496663999967623, 38.236286000235232],
            [-85.495826000266646, 38.237424000120406],
            [-85.495258000004043, 38.238191999829361],
            [-85.494365999876379, 38.239399000288735],
            [-85.493525999627252, 38.240534999890336],
            [-85.494507000341684, 38.240916999968249],
            [-85.49487200021467, 38.241044000332742],
            [-85.495202999752465, 38.241142000334555],
            [-85.495663999884925, 38.241255999896886],
            [-85.496139000261067, 38.241349000112983],
            [-85.496377999737348, 38.241385999649971],
            [-85.496398999653749, 38.241390000094597],
            [-85.496519000202667, 38.241404999996064],
            [-85.496539000294163, 38.241407999975991],
            [-85.496837000219983, 38.241439000231594],
            [-85.496998999703365, 38.241456000343376],
            [-85.497290999781413, 38.241480999919553],
            [-85.497762999784527, 38.241521000070186],
            [-85.498474000162233, 38.241582000010609],
            [-85.498722999684276, 38.241602000060922],
            [-85.500213000211744, 38.241725999967635],
            [-85.500336000235393, 38.241732999654509],
            [-85.500667999598093, 38.241765999983471],
            [-85.50146299964139, 38.241831000138681],
            [-85.501732000153211, 38.241862000213914],
            [-85.501874000443436, 38.241879000226781],
            [-85.502006999614494, 38.241885000147384],
            [-85.502236999768286, 38.241896000235727],
            [-85.502399999974898, 38.241908000073622],
            [-85.502585999747751, 38.241922000117135],
            [-85.502681000182278, 38.241936999908852],
            [-85.502861999932264, 38.241958000317595],
            [-85.503116000375471, 38.241968999689334],
            [-85.503651000127775, 38.242012999981753],
            [-85.503316000392033, 38.245478000063095],
            [-85.503270000361269, 38.245587999667791],
            [-85.503081000215374, 38.247669999839658],
            [-85.503010999895181, 38.248639999716886],
            [-85.502934999727202, 38.249402000163542],
            [-85.502892999894399, 38.249837999953193],
            [-85.502491000211492, 38.253480999767646],
            [-85.502369999837654, 38.254713000294188],
            [-85.50235700031719, 38.254837999982094],
            [-85.502256000034862, 38.25588099971803],
            [-85.502114999569542, 38.255917000059135],
            [-85.502008000337739, 38.25763200009213],
            [-85.502005999789603, 38.257674000299168],
            [-85.501998000292005, 38.257807999856936],
            [-85.502064000414222, 38.257866999762797],
            [-85.501733999803051, 38.261263999979256],
            [-85.501404999915067, 38.26466200020522],
            [-85.500907999797604, 38.269765999954906],
            [-85.500881999858336, 38.270038000337372],
            [-85.500630999788157, 38.270132999829016],
            [-85.499331999954705, 38.270624999996429],
            [-85.495659999686964, 38.272016000227509],
            [-85.492502999978313, 38.27321100004454],
            [-85.491242999604623, 38.273689000248218],
            [-85.491080000296321, 38.273738999783831],
            [-85.490893999625158, 38.273814999745483],
            [-85.490747000210376, 38.273889000299768],
            [-85.490609000118113, 38.273973000227727],
            [-85.490481000071611, 38.274066000185663],
            [-85.490409000101579, 38.274126000300086],
            [-85.490297999773503, 38.27423200021655],
            [-85.490199000039283, 38.274345000050197],
            [-85.490098999581861, 38.274489999978599],
            [-85.490029000159993, 38.274616000201675],
            [-85.49000300022071, 38.274673999850251],
            [-85.489608000210509, 38.275342999877289],
            [-85.489474000316207, 38.275570000135666],
            [-85.489168999819356, 38.276090999744554],
            [-85.489029000077281, 38.276320999729293],
            [-85.488560000447222, 38.277132999735962],
            [-85.488310000201977, 38.277533000062299],
            [-85.487984999613644, 38.278124000322869],
            [-85.487546000120815, 38.278907000031907],
            [-85.48692900035276, 38.279976000108626],
            [-85.486577000000253, 38.280588000050614],
            [-85.48614199980706, 38.28126399999546],
            [-85.486007000087852, 38.28147400016357],
            [-85.485761999865474, 38.281855000207095],
            [-85.485330000045337, 38.282527999944023],
            [-85.485268000121067, 38.282650999928833],
            [-85.485248999854491, 38.282719999760275],
            [-85.485243000006705, 38.282811999903601],
            [-85.485278000166801, 38.28291199977388],
            [-85.485351999786658, 38.282999000218837],
            [-85.485460999566598, 38.283074999654936],
            [-85.48556100002402, 38.283123999889405],
            [-85.485853000102068, 38.283248000162317],
            [-85.485555000176234, 38.283527999885614],
            [-85.48551599981819, 38.283564999806018],
            [-85.485268000121067, 38.283793000328856],
            [-85.484593999553283, 38.284414000079003],
            [-85.48336800041308, 38.285543999857232],
            [-85.48212200028307, 38.286714000328949],
            [-85.481974999969978, 38.286857999691058],
            [-85.480825999924363, 38.28798400020775],
            [-85.480686000182288, 38.288102000305173],
            [-85.480593000295855, 38.288166999906466],
            [-85.480507000082127, 38.288217000048242],
            [-85.480400999776904, 38.288271000134507],
            [-85.480269000430752, 38.288329999973925],
            [-85.480035999903933, 38.288426000028373],
            [-85.479320000401685, 38.288681999787784],
            [-85.478131999997998, 38.289117000235983],
            [-85.476796000354639, 38.289610999695356],
            [-85.476633000147999, 38.289655000046494],
            [-85.476609999683461, 38.289662000051798],
            [-85.476253000206427, 38.289694999765672],
            [-85.476858000278895, 38.29002200022132],
            [-85.477084000234711, 38.290145999991545],
            [-85.479728999757285, 38.291598999958339],
            [-85.480981999559972, 38.292287000278648],
            [-85.481647999731834, 38.292652000318355],
            [-85.48250200022467, 38.293119999804155],
            [-85.484277000259183, 38.294092999785555],
            [-85.485111999587133, 38.294550999709884],
            [-85.48581100026928, 38.294932999932612],
            [-85.485889000087084, 38.294976000151053],
            [-85.487124000346427, 38.295629000221673],
            [-85.487808999886553, 38.296024000186655],
            [-85.48814199997247, 38.296204000224982],
            [-85.489602000362723, 38.296996000305782],
            [-85.490830000051062, 38.297661000322194],
            [-85.491498999697654, 38.298024000047405],
            [-85.492293999740951, 38.298461000253575],
            [-85.492436999856096, 38.298540000155093],
            [-85.494399000386665, 38.299617000254202],
            [-85.495693000197235, 38.300327000094811],
            [-85.495960000160935, 38.300470000289444],
            [-85.496345000125388, 38.300683999876654],
            [-85.498273000320779, 38.301741000167851],
            [-85.498418999910655, 38.301820999654382],
            [-85.499419999818286, 38.302371000168549],
            [-85.504236000108776, 38.305124000277637],
            [-85.504334000018062, 38.305180000347072],
            [-85.507682000420743, 38.307092999802393],
            [-85.508608999810193, 38.307623999878487],
            [-85.511133999682144, 38.309066999926536],
            [-85.513362000351492, 38.310319000078238],
            [-85.514600000085593, 38.311010999944976],
            [-85.514668999682556, 38.311047999950524],
            [-85.514775999812684, 38.311110000222307],
            [-85.51726800007269, 38.312506000266133],
            [-85.517526999640452, 38.312651000086298],
            [-85.517991000145955, 38.312911999877713],
            [-85.518487000438512, 38.313189999675586],
            [-85.518598999693182, 38.313252999704737],
            [-85.521486999788308, 38.314873000283484],
            [-85.522282999656497, 38.315318000277728],
            [-85.522629999986151, 38.315512999770974],
            [-85.522717999849689, 38.315561999951569],
            [-85.522792000367858, 38.315603000336118],
            [-85.523747000244725, 38.316140999693111],
            [-85.5259060004188, 38.317352999692766],
            [-85.525990999909283, 38.317399999795846],
            [-85.526591999783832, 38.31773900013183],
            [-85.526965999877618, 38.317949999877506],
            [-85.53030000003659, 38.319820999904515],
            [-85.533362000208982, 38.321535000139171],
            [-85.535055000227743, 38.322482999689882],
            [-85.537216000051629, 38.323697000156905],
            [-85.538038999684019, 38.324152999868879],
            [-85.539612999877079, 38.325033000031098],
            [-85.543913999608463, 38.327435999936704],
            [-85.545363000128049, 38.328248000218188],
            [-85.545618000396161, 38.328386999741504],
            [-85.545718999780206, 38.328444000138127],
            [-85.546075000330674, 38.328644000099729],
            [-85.546132000232078, 38.328673999799726],
            [-85.546271999974167, 38.328753999878565],
            [-85.546291000240743, 38.328765000199596],
            [-85.546352000340107, 38.328797999743351],
            [-85.547072000040316, 38.329198999938654],
            [-85.547240000269809, 38.329294000215157],
            [-85.547420000194876, 38.329394000149144],
            [-85.547527000325005, 38.329454000325164],
            [-85.547976999688473, 38.329704000054157],
            [-85.549457000170207, 38.330534999872853],
            [-85.549540000010879, 38.330580000005774],
            [-85.549622999851564, 38.330625000110693],
            [-85.549678000103128, 38.33065800021685],
            [-85.549913000279773, 38.33078600003806],
            [-85.549986000074725, 38.330823999754273],
            [-85.550038999778153, 38.330854999897433],
            [-85.550244999642487, 38.330967999647797],
            [-85.550638000002877, 38.331187999735157],
            [-85.550962999692885, 38.331368999815531],
            [-85.552859000101222, 38.332428000164143],
            [-85.555048000412526, 38.333651000142716],
            [-85.555214999918775, 38.333739000241053],
            [-85.556133999810626, 38.334260999956456],
            [-85.559965000087061, 38.336384000005488],
            [-85.560447000135909, 38.336647000030823],
            [-85.561321999646808, 38.337123999666275],
            [-85.574726000054724, 38.333976999859523],
            [-85.576412000400765, 38.334849000072687],
            [-85.576778999923576, 38.335038999780537],
            [-85.576839000198035, 38.335070000234445],
            [-85.577004999879406, 38.335156000265066],
            [-85.578174000016489, 38.335760000176784],
            [-85.585271999606405, 38.33943100021601],
            [-85.584443000126242, 38.339812000280197],
            [-85.578395999774344, 38.341019999875662],
            [-85.578374000033037, 38.34102399976387],
            [-85.569412999646744, 38.341751999695568],
            [-85.573631000435768, 38.344159999863784],
            [-85.573828999904165, 38.344264000127559],
            [-85.573934000384469, 38.344320000261988],
            [-85.574223999914381, 38.34448400000386],
            [-85.574320000173856, 38.34453900022082],
            [-85.574495999900947, 38.344639000252066],
            [-85.574630999620169, 38.344715999674754],
            [-85.575634999900842, 38.345285000255416],
            [-85.576773999900709, 38.345931000133511],
            [-85.578614000232562, 38.346974000059099],
            [-85.58044699999337, 38.348013000257644],
            [-85.580507000267843, 38.348046999892929],
            [-85.580544999902656, 38.348065999806515],
            [-85.58057599986482, 38.348084000016662],
            [-85.580717000330125, 38.348163999800626],
            [-85.58286300008541, 38.349373999671265],
            [-85.583090999691024, 38.349502000243938],
            [-85.584371000156224, 38.350224000084928],
            [-85.584662000409352, 38.350389000214861],
            [-85.584982999901399, 38.350570000232437],
            [-85.585209999682135, 38.350698999762507],
            [-85.585299000268918, 38.350748999769813],
            [-85.585535000270454, 38.350883000098165],
            [-85.585803999883979, 38.351034999655248],
            [-85.587023000249786, 38.351726999705569],
            [-85.587419999909827, 38.351951000149825],
            [-85.587677999652698, 38.352099000302189],
            [-85.587717000010755, 38.352121999836974],
            [-85.589370999671431, 38.353056999979515],
            [-85.589398000333929, 38.35307200006045],
            [-85.590056999934788, 38.353444000087606],
            [-85.590102999965538, 38.353472000133536],
            [-85.591461000248529, 38.354242999936439],
            [-85.592683000089082, 38.35493900014994],
            [-85.594669000010796, 38.356065000350199],
            [-85.597875999948144, 38.357882000068642],
            [-85.598415999723315, 38.358188000296664],
            [-85.598743999786365, 38.358376000255788],
            [-85.604868000131162, 38.361847000110998],
            [-85.606761000166443, 38.362918000338027],
            [-85.608809999837348, 38.364074999719442],
            [-85.611696000282649, 38.365690999717479],
            [-85.611985999812561, 38.365854000207229],
            [-85.614295999599378, 38.367143000086124],
            [-85.615822000111862, 38.368000999993725],
            [-85.617079000112497, 38.368712000009282],
            [-85.617515000130609, 38.368957999728394],
            [-85.622837999685999, 38.371970000327501],
            [-85.62347399972063, 38.37233099969194],
            [-85.623749999905172, 38.372486000194939],
            [-85.624960000050152, 38.373173999928653],
            [-85.625374000326929, 38.373414999709119],
            [-85.627739000365324, 38.374769000276274],
            [-85.628613999876251, 38.375221000252658],
            [-85.630826999578687, 38.376428000019125],
            [-85.634668999725747, 38.378521999721627],
            [-85.637817000111866, 38.380238999760259],
            [-85.637986999991185, 38.379313999724531],
            [-85.638058000136283, 38.378991999762775],
            [-85.638242000259311, 38.377807000350899],
            [-85.638289999939886, 38.37732499966755],
            [-85.638319000252196, 38.376714999876832],
            [-85.638337999620461, 38.376104999872695],
            [-85.638371000130732, 38.375078000334888],
            [-85.638376000153613, 38.375061999853727],
            [-85.638392999872053, 38.375001000099559],
            [-85.638524000291611, 38.374528000075784],
            [-85.638588999690626, 38.374293000021972],
            [-85.638588999690626, 38.373782999946798],
            [-85.63857100014728, 38.373382000067153],
            [-85.63860499958416, 38.372600999921964],
            [-85.638576999995067, 38.37224500013749],
            [-85.638611000330243, 38.371948000128519],
            [-85.638599999561293, 38.371531000086144],
            [-85.638576999995067, 38.371129999699249],
            [-85.638514000245877, 38.370207000309236],
            [-85.63852500011653, 38.369218000165993],
            [-85.638490999781339, 38.369037000282532],
            [-85.638477000435955, 38.369017000123669],
            [-85.638485999758458, 38.368431000128659],
            [-85.638457000344459, 38.367410999680267],
            [-85.638457000344459, 38.366663999940087],
            [-85.638501999651993, 38.365499999955624],
            [-85.63863399989647, 38.363856999858932],
            [-85.639058000219009, 38.362517000123951],
            [-85.639156000128295, 38.362203999834243],
            [-85.639384999558828, 38.361105999931212],
            [-85.639471999597461, 38.360860999812616],
            [-85.639648000222863, 38.360363999681368],
            [-85.64005099973069, 38.359507999896032],
            [-85.640535000327674, 38.358349000254179],
            [-85.641289000363088, 38.356539000170741],
            [-85.641351000287372, 38.356360000152861],
            [-85.641378999876451, 38.3562840000154],
            [-85.641522999816502, 38.355913000080534],
            [-85.642082999683154, 38.354471000196661],
            [-85.642347000172109, 38.353614000149314],
            [-85.642444000256489, 38.353191000263756],
            [-85.642626999656287, 38.352483000277026],
            [-85.643041999757983, 38.350887000146216],
            [-85.64358300025637, 38.348810000067111],
            [-85.643593000302118, 38.348776000085508],
            [-85.643762000356517, 38.34818199998643],
            [-85.644174999910078, 38.346902999916459],
            [-85.644198000374615, 38.346716000180088],
            [-85.644523000064609, 38.346006999864699],
            [-85.644626999821682, 38.345777000266793],
            [-85.644689999570872, 38.345578999856414],
            [-85.644672999852446, 38.345453000274198],
            [-85.644856999975474, 38.345238999653894],
            [-85.645092000152104, 38.344794000168569],
            [-85.645149999878427, 38.3446840000802],
            [-85.645222999673351, 38.344545999861154],
            [-85.645262999856328, 38.344470000006034],
            [-85.64533499982636, 38.34436000013018],
            [-85.6454439996063, 38.34419199968989],
            [-85.645636000125222, 38.343630000115652],
            [-85.645733000209617, 38.343503000199576],
            [-85.64583600014177, 38.343310999909235],
            [-85.645922000355498, 38.34309700000604],
            [-85.646539000123553, 38.341797999693249],
            [-85.646558000390129, 38.34175799981945],
            [-85.646832999851426, 38.341224000233943],
            [-85.646976999791463, 38.340884000022193],
            [-85.647068000028057, 38.340687999929379],
            [-85.647417999832427, 38.339944999895501],
            [-85.647549000252013, 38.339598999720089],
            [-85.647653000009086, 38.339416999946138],
            [-85.64766399987974, 38.339284999885969],
            [-85.64766399987974, 38.339241999867838],
            [-85.64783600030718, 38.33899999992871],
            [-85.64886200032916, 38.336780999673948],
            [-85.649279999905588, 38.335743000295992],
            [-85.649509000234445, 38.335271000105479],
            [-85.650023000070334, 38.334068999834201],
            [-85.650811000440939, 38.332404000098059],
            [-85.650936000114413, 38.332228000075325],
            [-85.651250999758673, 38.331553999854854],
            [-85.651285000093864, 38.3314810002462],
            [-85.651360000436924, 38.331288999804585],
            [-85.651326000101747, 38.330943999802862],
            [-85.651325000276827, 38.330931999877414],
            [-85.651347999843054, 38.330707000026493],
            [-85.651490999958199, 38.33043699998791],
            [-85.651526000118281, 38.330262000065083],
            [-85.651675000081198, 38.329987000037157],
            [-85.651866999701838, 38.329652999660794],
            [-85.652264000260161, 38.328791999955534],
            [-85.652998000204107, 38.327618000207622],
            [-85.653317000046329, 38.327107999711657],
            [-85.654031999723685, 38.32596300028316],
            [-85.654342000243403, 38.325470000302801],
            [-85.654519999620305, 38.325185000271254],
            [-85.654711000314336, 38.324968000336526],
            [-85.655261999960146, 38.324116000207816],
            [-85.65535300019674, 38.323996000129597],
            [-85.655517000228286, 38.323722000322114],
            [-85.656015000170669, 38.323330999824378],
            [-85.656166999608303, 38.323110999848247],
            [-85.656519999785729, 38.322805000123047],
            [-85.657066000306983, 38.32220799974597],
            [-85.657365000057723, 38.321883000004838],
            [-85.657541999609734, 38.321573999836609],
            [-85.657636000219384, 38.321474999750414],
            [-85.658307000414112, 38.320777999994206],
            [-85.658390000254798, 38.32068999966279],
            [-85.658411000171199, 38.320663999784664],
            [-85.658479999768176, 38.320516000246762],
            [-85.658509999905391, 38.320305000216486],
            [-85.658689000005523, 38.320070999735201],
            [-85.659334000261012, 38.319722000243573],
            [-85.661447000404323, 38.317740999661353],
            [-85.662147000013064, 38.316982999946646],
            [-85.662263000364007, 38.316866999854618],
            [-85.662531999977503, 38.316669000082975],
            [-85.662710000252758, 38.316406000151794],
            [-85.663039999965633, 38.316018000087297],
            [-85.664296999966282, 38.314656999948006],
            [-85.665047999628655, 38.313945999937566],
            [-85.665201999614439, 38.313824999770027],
            [-85.665390999760334, 38.313539999771642],
            [-85.665695000432251, 38.313232000170991],
            [-85.66629100028392, 38.312528999683373],
            [-85.666502999996027, 38.312215000267614],
            [-85.666559999897444, 38.31215499991923],
            [-85.666646000111157, 38.312110999820185],
            [-85.666865000394267, 38.31177700024822],
            [-85.667057999839798, 38.311483999736915],
            [-85.667161999596885, 38.311355999664066],
            [-85.667350999742766, 38.311211000074046],
            [-85.667529000018007, 38.310963999929804],
            [-85.667602999637836, 38.310846999864623],
            [-85.66764799984368, 38.310776999777566],
            [-85.667718000163887, 38.310667000209115],
            [-85.667958000363384, 38.310425000007378],
            [-85.668359000221386, 38.309990999941263],
            [-85.668473999849112, 38.309842999763397],
            [-85.668589000375178, 38.309755000257418],
            [-85.668632000032858, 38.309739999666142],
            [-85.66868599956122, 38.309721999798384],
            [-85.668909000042305, 38.309558000327527],
            [-85.669192999724444, 38.309288999988382],
            [-85.669321999595851, 38.309167000273469],
            [-85.669550999924709, 38.308926000239282],
            [-85.669872000315081, 38.308674000265448],
            [-85.670221000294546, 38.308266999941203],
            [-85.670679000053937, 38.307681999939327],
            [-85.671064000018404, 38.307189999968458],
            [-85.671201000285777, 38.306882999746975],
            [-85.671534000371693, 38.306230000164412],
            [-85.671624999709962, 38.306146999774789],
            [-85.671756999954454, 38.30582300022386],
            [-85.671813999855857, 38.305805999665701],
            [-85.671843000168181, 38.305756999942083],
            [-85.671819999703629, 38.305663000120688],
            [-85.671843000168181, 38.305547999828505],
            [-85.671975000412658, 38.305252000070695],
            [-85.672244000026168, 38.30480099997741],
            [-85.672439000019835, 38.304433000230787],
            [-85.672810999565513, 38.303905999878772],
            [-85.672828000182264, 38.303784999878154],
            [-85.672806000440971, 38.303659000233914],
            [-85.673102999643561, 38.303246999791106],
            [-85.673229000040266, 38.302987999695659],
            [-85.673453000346242, 38.302675999803448],
            [-85.67376200014273, 38.302247000139843],
            [-85.674141000259425, 38.301989000333229],
            [-85.674225999749922, 38.301955999865534],
            [-85.674317999811436, 38.301890000294947],
            [-85.674433000337473, 38.30176899975141],
            [-85.674690000255424, 38.301598999998475],
            [-85.675724999599908, 38.300711000221199],
            [-85.675957000301821, 38.300549999767568],
            [-85.676097999868801, 38.30043400017825],
            [-85.67676999988845, 38.299879999739417],
            [-85.676835000185775, 38.299833000265934],
            [-85.679961999757197, 38.297584999943957],
            [-85.680422999889643, 38.297300999977992],
            [-85.681919000264898, 38.29642600017425],
            [-85.683450999726844, 38.295597999821062],
            [-85.685208000217997, 38.294691999843536],
            [-85.686034000223444, 38.294298000118268],
            [-85.686563999952867, 38.294045000349634],
            [-85.687954999847818, 38.293367000078526],
            [-85.689346999567704, 38.292728999980191],
            [-85.690884999775747, 38.291988999758033],
            [-85.692311999655701, 38.291370000207536],
            [-85.692513000395479, 38.291270999780579],
            [-85.69464099970908, 38.290305999768734],
            [-85.696583000148181, 38.289460000130404],
            [-85.698209000219776, 38.288767999851373],
            [-85.699542000388433, 38.288201999938828],
            [-85.699837999766103, 38.288075000204245],
            [-85.700467999952963, 38.287740000126767],
            [-85.700703000129607, 38.28762500033303],
            [-85.70154500002856, 38.287164000207426],
            [-85.703280999705001, 38.286334000248829],
            [-85.703824999678133, 38.28605300021831],
            [-85.704186000251482, 38.285867999717233],
            [-85.704782999928057, 38.285559999666596],
            [-85.705280999870425, 38.28530300031823],
            [-85.705819999820676, 38.285025999979766],
            [-85.70685699971331, 38.284459999796915],
            [-85.707887999758157, 38.283900000113938],
            [-85.710328999964531, 38.282679999722909],
            [-85.711658999760118, 38.282035000131827],
            [-85.713042000157472, 38.281437999795081],
            [-85.714255999602088, 38.280878000069812],
            [-85.714796000275584, 38.280627999830372],
            [-85.716105999979689, 38.280023999682143],
            [-85.716943999680666, 38.279638000215343],
            [-85.718373000108784, 38.278892000114134],
            [-85.720091000241894, 38.278127000197337],
            [-85.720846000102213, 38.277777999861556],
            [-85.721174999990197, 38.277502999655908],
            [-85.721307000234674, 38.277448000053965],
            [-85.722761999703721, 38.276959000196754],
            [-85.723415000355104, 38.276678999819708],
            [-85.723770000182355, 38.276545999791239],
            [-85.724005000358986, 38.276414000206174],
            [-85.724259999728801, 38.276317999780197],
            [-85.724657000287138, 38.276122000014965],
            [-85.724764000417267, 38.276063000125937],
            [-85.724899000136489, 38.275908999914869],
            [-85.725013999764201, 38.27581600020163],
            [-85.725730999989693, 38.27552599970921],
            [-85.725843000142689, 38.275464000056708],
            [-85.728049999997339, 38.274424000110322],
            [-85.728455000053287, 38.274210999965938],
            [-85.729098999585531, 38.273930000259966],
            [-85.729741000366261, 38.273566999911019],
            [-85.729998000284198, 38.273452000232155],
            [-85.730102000041285, 38.273358000169253],
            [-85.730102000041285, 38.273231999879094],
            [-85.730136000376476, 38.273154999985913],
            [-85.730337000217929, 38.272979000024286],
            [-85.731138999933918, 38.272671000299205],
            [-85.731368000262762, 38.272561000080849],
            [-85.73171200021936, 38.272347000076195],
            [-85.732204000313942, 38.272100000206244],
            [-85.732570999836739, 38.271954999737098],
            [-85.733206999871385, 38.271703999758131],
            [-85.733878000066113, 38.271345999824014],
            [-85.73471999996508, 38.27091799978124],
            [-85.735046000378304, 38.270647999995845],
            [-85.735457000282068, 38.270503000153873],
            [-85.735572999734686, 38.270461999669436],
            [-85.736947999736117, 38.269675000281474],
            [-85.737572999900095, 38.269322999990635],
            [-85.73782499979518, 38.26922499990264],
            [-85.737997000222634, 38.269098000117197],
            [-85.73820399991186, 38.269032000285364],
            [-85.738317999714681, 38.269018999905356],
            [-85.738536000172871, 38.268992999843654],
            [-85.738742000037206, 38.268932999719915],
            [-85.738999999780063, 38.268816999669362],
            [-85.739578999913292, 38.268504000177138],
            [-85.740701000194733, 38.268039000257218],
            [-85.741594999972236, 38.267667999972701],
            [-85.742552000397239, 38.267442999909264],
            [-85.743474999588727, 38.267294000292402],
            [-85.744079999661224, 38.267240000119145],
            [-85.744673999863053, 38.267209999692056],
            [-85.744801000084678, 38.267203999746222],
            [-85.744960999918234, 38.267196000287861],
            [-85.745077000269191, 38.267190000340825],
            [-85.746539000309269, 38.267170000278824],
            [-85.746740000150709, 38.267189000232108],
            [-85.747468000246855, 38.267215000234287],
            [-85.74822999977988, 38.267313000213235],
            [-85.748351000153704, 38.267339000171027],
            [-85.748645999706469, 38.267366000225927],
            [-85.749522999765531, 38.267581000200117],
            [-85.749645999789195, 38.267612999974524],
            [-85.750670000161335, 38.26782900002285],
            [-85.751202000438894, 38.267939999748776],
            [-85.75147500025038, 38.267997999792279],
            [-85.753953000266677, 38.268790000153913],
            [-85.754421000071815, 38.268996000095356],
            [-85.754642000004765, 38.26892300028225],
            [-85.755093999916369, 38.269049000290551],
            [-85.755278000039382, 38.269153999777842],
            [-85.75541000028386, 38.269423000102506],
            [-85.755658999805902, 38.269606000042316],
            [-85.755918000271976, 38.269750000191074],
            [-85.755976999823204, 38.269774999908684],
            [-85.756331999650456, 38.269885000115366],
            [-85.756904999935898, 38.270198000003539],
            [-85.757104999952446, 38.270330000309059],
            [-85.757380000312054, 38.270413000057758],
            [-85.757798999713387, 38.270594000200397],
            [-85.758314000272506, 38.270928999706847],
            [-85.758654999856049, 38.271101000185645],
            [-85.75867599977245, 38.27110999997398],
            [-85.759018999904114, 38.271225999888507],
            [-85.759392000173037, 38.271314000283773],
            [-85.760497999662618, 38.271737999924113],
            [-85.760921999985143, 38.27191400007235],
            [-85.761265000116822, 38.272110999952822],
            [-85.761421999577351, 38.272231999875792],
            [-85.761487999699597, 38.272266999833384],
            [-85.763186999566116, 38.273532999896162],
            [-85.763358999993571, 38.273729000302623],
            [-85.763712000170983, 38.274129000339791],
            [-85.763740999584996, 38.274161000050128],
            [-85.763805999882322, 38.274268999938059],
            [-85.763953000195414, 38.274447000316989],
            [-85.764102000158331, 38.274717000082688],
            [-85.764181999625947, 38.27474900023914],
            [-85.76463400043589, 38.274776999659203],
            [-85.76469700018508, 38.274836999891377],
            [-85.76466299984989, 38.274887000046959],
            [-85.764497000168532, 38.275151000297782],
            [-85.764445000289996, 38.275277000079072],
            [-85.764484999574648, 38.275347999859541],
            [-85.76463400043589, 38.275414000298447],
            [-85.764771999629829, 38.275568000148901],
            [-85.764863999691343, 38.275557000220786],
            [-85.765058999684996, 38.275502999844321],
            [-85.765155999769391, 38.275529999684963],
            [-85.765185000081701, 38.275595999958441],
            [-85.765161999617163, 38.276029999856355],
            [-85.765179000233914, 38.276128999914903],
            [-85.765225000264664, 38.276161000154325],
            [-85.765385000098249, 38.276188999735147],
            [-85.765667000130549, 38.276179999871083],
            [-85.766083999882071, 38.276167000065414],
            [-85.766433999686441, 38.276217000010398],
            [-85.766640000449087, 38.276338000143845],
            [-85.76684100029054, 38.276507999839119],
            [-85.766889999796021, 38.276571999969754],
            [-85.766910999712422, 38.276591000284128],
            [-85.76715699975972, 38.277129999820417],
            [-85.767161999782587, 38.277323999747104],
            [-85.767048999804686, 38.27769200017589],
            [-85.767005000322058, 38.277751000151611],
            [-85.76684100029054, 38.278001999679873],
            [-85.766782999665892, 38.278183999904918],
            [-85.766771999795239, 38.278305000286402],
            [-85.766640000449087, 38.278529999841808],
            [-85.766302000340275, 38.2787439999599],
            [-85.766037999851321, 38.279013000020875],
            [-85.765951999637593, 38.279375999941422],
            [-85.766175999943584, 38.280249000256944],
            [-85.766356999693556, 38.280496999835009],
            [-85.766394000401775, 38.280545999694091],
            [-85.76676000009968, 38.280804000291695],
            [-85.767150000087014, 38.281012999756555],
            [-85.767401999982098, 38.281122999864117],
            [-85.76791199962004, 38.281260000335607],
            [-85.768032000168944, 38.281314999870503],
            [-85.768181000131875, 38.281480000340778],
            [-85.768341999790351, 38.281673000017442],
            [-85.76892000009866, 38.282270999733079],
            [-85.769080999757151, 38.28238100004998],
            [-85.76997500043295, 38.283046000018672],
            [-85.770266999612673, 38.283184000275376],
            [-85.770439000040128, 38.283238999762951],
            [-85.770588000003045, 38.283331999840094],
            [-85.770856999616569, 38.283470000258262],
            [-85.771373000000608, 38.283805000299402],
            [-85.771492999651201, 38.283914999702162],
            [-85.771602000329466, 38.284222999681454],
            [-85.771486999803429, 38.284398000016978],
            [-85.771470000084975, 38.284458999925974],
            [-85.771556000298702, 38.284611999761225],
            [-85.771940000438263, 38.284980999779101],
            [-85.77200900003524, 38.285056999960688],
            [-85.772426999611667, 38.285331999757979],
            [-85.772701999971275, 38.285541000289172],
            [-85.773074000415264, 38.28576100001267],
            [-85.773475000273251, 38.285771999805021],
            [-85.773779000046872, 38.285766999835488],
            [-85.774014000223502, 38.285750000218592],
            [-85.774374999898527, 38.285848999715355],
            [-85.774981999620849, 38.285876999790638],
            [-85.775405999943388, 38.285947999782159],
            [-85.776082999985888, 38.285998000042369],
            [-85.776621000111248, 38.286102999701058],
            [-85.77711400003075, 38.286152000006879],
            [-85.777520999736524, 38.286339000179296],
            [-85.777755999913154, 38.286565000061479],
            [-85.777842000126896, 38.286641999835645],
            [-85.778191000106332, 38.286778999762966],
            [-85.778335999871288, 38.286851999958358],
            [-85.77870699959206, 38.287042999784155],
            [-85.778952999639358, 38.287197000351931],
            [-85.779095999754489, 38.287312000118732],
            [-85.779284999900369, 38.287404999913356],
            [-85.779494999962665, 38.287466000115764],
            [-85.779685999758385, 38.28752099988445],
            [-85.780276999587159, 38.287817999889327],
            [-85.780397000136077, 38.287866999742484],
            [-85.780562999817434, 38.288015000335584],
            [-85.780762000009062, 38.288123999883844],
            [-85.780987000139959, 38.288245999733981],
            [-85.781187999981412, 38.288306999934669],
            [-85.78133699994433, 38.288290000207553],
            [-85.781582999991628, 38.288213999885599],
            [-85.781721000083877, 38.288240999934871],
            [-85.781897999635902, 38.288306999934669],
            [-85.782162000124842, 38.288395000076086],
            [-85.782254000186356, 38.288383000159186],
            [-85.782430999738366, 38.288341999899522],
            [-85.782607000363782, 38.288341000082063],
            [-85.783507999813963, 38.288417000271039],
            [-85.783754999686181, 38.288456000151548],
            [-85.78477499986036, 38.288499999792705],
            [-85.784998000341432, 38.288528000255532],
            [-85.785379999932857, 38.288529000070419],
            [-85.785524999697813, 38.288540999963125],
            [-85.786230000227732, 38.288544000112246],
            [-85.786903999897206, 38.288533000034867],
            [-85.787996999866323, 38.288355000345526],
            [-85.789923000411889, 38.287829999899571],
            [-85.791038000122313, 38.287570999766189],
            [-85.791076999582074, 38.287561999902834],
            [-85.791710999966881, 38.287507000165213],
            [-85.792300999970763, 38.287454999875017],
            [-85.792840999745934, 38.287407000279117],
            [-85.793140000394985, 38.28738099975029],
            [-85.793547000100759, 38.28732599987557],
            [-85.793718999629888, 38.287254999821741],
            [-85.793776000429617, 38.287229999776358],
            [-85.794501000152721, 38.286745000294104],
            [-85.795464000425497, 38.286281999823366],
            [-85.797270000422145, 38.285697000225944],
            [-85.798801000059186, 38.285230999835555],
            [-85.799411999979455, 38.285092999944688],
            [-85.801602999940599, 38.284776999788974],
            [-85.801828000071495, 38.284754000034106],
            [-85.802120000149529, 38.284723999791019],
            [-85.80237600024256, 38.284700000151744],
            [-85.802578999733853, 38.284680999844078],
            [-85.803808999970315, 38.284565000270163],
            [-85.804486000012844, 38.28450600019081],
            [-85.805992000433832, 38.284289999682471],
            [-85.806415999858046, 38.284186000096426],
            [-85.807217999574036, 38.283987000079897],
            [-85.807957000439131, 38.283981999987404],
            [-85.808128999968275, 38.283889000037846],
            [-85.808415000198551, 38.283829000234583],
            [-85.808833999599884, 38.283795000089007],
            [-85.809189000325432, 38.283789999983355],
            [-85.809606999901874, 38.283746000307531],
            [-85.810421000211733, 38.283483000166598],
            [-85.810638999771641, 38.283422000142586],
            [-85.811468000150114, 38.283400999729395],
            [-85.812202999918966, 38.283382999672639],
            [-85.81290199970276, 38.283268000027277],
            [-85.813177000062367, 38.283186000052311],
            [-85.814151000205825, 38.283053999846572],
            [-85.814546000216041, 38.283009999724634],
            [-85.814844000141861, 38.282943999844278],
            [-85.815112999755385, 38.282833999675354],
            [-85.815423000275089, 38.282757000092516],
            [-85.815657999553423, 38.282757000092516],
            [-85.817172000370334, 38.282444000041018],
            [-85.817399000151056, 38.282387000152184],
            [-85.818162000407284, 38.282186000335606],
            [-85.818401999708485, 38.282168999880021],
            [-85.818620000166703, 38.282114000286938],
            [-85.819067000055441, 38.281927999713275],
            [-85.81965100021155, 38.28182799989785],
            [-85.819892000235967, 38.281712999904506],
            [-85.819971999703611, 38.281636999747697],
            [-85.820195000184668, 38.281526999713719],
            [-85.820303999964608, 38.281482000164658],
            [-85.820647999921192, 38.28138899983292],
            [-85.820980000182217, 38.281333999648908],
            [-85.82139899958355, 38.281064999725622],
            [-85.821724999996803, 38.280993999894136],
            [-85.821811000210516, 38.280983000082877],
            [-85.822447000245148, 38.280741000287804],
            [-85.823078000256928, 38.280515999827493],
            [-85.823698000398039, 38.280181000122283],
            [-85.823771000192963, 38.2801420000267],
            [-85.824767999902633, 38.279686000012319],
            [-85.825243000278761, 38.279377999823303],
            [-85.825615999649372, 38.279191000053274],
            [-85.82608000015486, 38.278801999837107],
            [-85.826354999616157, 38.278637000332274],
            [-85.826497999731288, 38.278575999762253],
            [-85.826749999626358, 38.278400000246407],
            [-85.826938999772253, 38.278234999828044],
            [-85.827139999613706, 38.278014999862208],
            [-85.827392000407087, 38.277883000126899],
            [-85.827605999769034, 38.277642999801024],
            [-85.827742000211458, 38.277571000183244],
            [-85.827885000326603, 38.277505000294539],
            [-85.82808000032027, 38.277400000187754],
            [-85.828429000299735, 38.277010000275119],
            [-85.828806999693199, 38.276707999883705],
            [-85.829065000334367, 38.276554000335395],
            [-85.829128000083557, 38.276406000351798],
            [-85.829363000260201, 38.275987999683849],
            [-85.82954599965997, 38.275713999742173],
            [-85.829621000003058, 38.275560000201374],
            [-85.829850000331916, 38.275235000176252],
            [-85.830108000074773, 38.274806999781497],
            [-85.830291000372867, 38.274620000227543],
            [-85.830503000084974, 38.274313999726381],
            [-85.831151999640099, 38.273205999915135],
            [-85.832017999828494, 38.271781999824839],
            [-85.832824999567364, 38.270365999837836],
            [-85.832956999811842, 38.270181000267307],
            [-85.833001000192766, 38.269829999680205],
            [-85.83308099966041, 38.269637000260111],
            [-85.833207999882006, 38.269435000332351],
            [-85.833562999709244, 38.269137999879192],
            [-85.833821000350412, 38.268968999941158],
            [-85.834002000100398, 38.268714999958192],
            [-85.834895000052967, 38.267456999971152],
            [-85.835143999574981, 38.267055000344392],
            [-85.835372999903853, 38.266649000143872],
            [-85.835408000063936, 38.266544999974045],
            [-85.835372999903853, 38.266296999999099],
            [-85.835475999836007, 38.266160000212963],
            [-85.835683000423558, 38.265973000257695],
            [-85.836049999946368, 38.265456999958616],
            [-85.83619800008438, 38.265137999976872],
            [-85.836425999690007, 38.264540999660824],
            [-85.836588000071714, 38.264071999860548],
            [-85.836757999951033, 38.263524000013113],
            [-85.836771000369822, 38.263427000020108],
            [-85.836993000127663, 38.261882000012811],
            [-85.83750600013866, 38.260093999913011],
            [-85.837631999637026, 38.259244000027508],
            [-85.837631999637026, 38.25899899977437],
            [-85.837633000360256, 38.258328999916138],
            [-85.83755100034449, 38.257437000223632],
            [-85.837496999917832, 38.25684900025179],
            [-85.837301000099231, 38.25570800031862],
            [-85.837265000114229, 38.255225999901164],
            [-85.837292999703322, 38.255024000107269],
            [-85.83731600016786, 38.254864999745372],
            [-85.837291000053497, 38.254781999866353],
            [-85.83727000013711, 38.25471200001364],
            [-85.837261999741187, 38.254617000105732],
            [-85.837200999641823, 38.253882000147648],
            [-85.837234999977014, 38.253459000273828],
            [-85.837132000044846, 38.252590999732014],
            [-85.837248000395803, 38.250911999944293],
            [-85.83739499981057, 38.249989999724519],
            [-85.837968999920932, 38.248243000110101],
            [-85.838127000104677, 38.24766799979016],
            [-85.838241999732418, 38.246078000181726],
            [-85.838075000226141, 38.246067999714747],
            [-85.83810399964014, 38.245748000270801],
            [-85.838064000355487, 38.245577000138098],
            [-85.838183000181175, 38.244784000284177],
            [-85.83816700028764, 38.244558999901372],
            [-85.838364999756052, 38.24457000029058],
            [-85.838390999695335, 38.243800000067253],
            [-85.838485000304971, 38.242882000301293],
            [-85.838630000069926, 38.242089999723994],
            [-85.838876000117224, 38.241015000141253],
            [-85.838921000323054, 38.240330999935296],
            [-85.838970999653455, 38.240240999856155],
            [-85.838994000117978, 38.240159999760287],
            [-85.839029000278103, 38.2400190002665],
            [-85.839097000050145, 38.239822000145637],
            [-85.839148000103776, 38.239732000141984],
            [-85.839268999579289, 38.239517000309519],
            [-85.839338000074576, 38.239414999680918],
            [-85.839384000105326, 38.2393079999745],
            [-85.839503999755919, 38.239083000282598],
            [-85.839704999597373, 38.238793999697556],
            [-85.839773000267755, 38.238648999781788],
            [-85.839808000427851, 38.238541999653677],
            [-85.839841999864731, 38.238445999978381],
            [-85.83989999959104, 38.238340000057413],
            [-85.839939999774018, 38.238216000020302],
            [-85.840008000444399, 38.23807799969623],
            [-85.840088999736935, 38.23786999997062],
            [-85.840127000270073, 38.237770000175672],
            [-85.840189000194371, 38.237644000252338],
            [-85.840288999753483, 38.237314000157596],
            [-85.840653999626454, 38.237062999741312],
            [-85.841488000027823, 38.235430999986335],
            [-85.842498000156255, 38.233826999974809],
            [-85.842642000096305, 38.233594999787726],
            [-85.84276799959467, 38.23339299985544],
            [-85.842852000158572, 38.233258999737508],
            [-85.843598999622984, 38.232178999998965],
            [-85.844048000059871, 38.231563999674748],
            [-85.845340000220645, 38.22993599966135],
            [-85.845612000207197, 38.229590999651585],
            [-85.846047000400389, 38.22900899979205],
            [-85.846218999929519, 38.228756999710285],
            [-85.846930000307211, 38.227834000118385],
            [-85.847577000212496, 38.227063999781578],
            [-85.848064000284225, 38.226530999764762],
            [-85.848270000148545, 38.226349999948411],
            [-85.849594999921266, 38.224980000227227],
            [-85.84976700034872, 38.224809999930415],
            [-85.84978400006716, 38.224789000214898],
            [-85.85010999958206, 38.224465000307042],
            [-85.850200999818682, 38.224356999781818],
            [-85.851020999976313, 38.223376999789281],
            [-85.851673999729385, 38.22260700026262],
            [-85.851759999943127, 38.222534999738102],
            [-85.852035000302735, 38.222300000166918],
            [-85.852414000419415, 38.222010999929758],
            [-85.854017000026488, 38.220909000263525],
            [-85.854338000416845, 38.220706000343064],
            [-85.85468200037343, 38.220437000351119],
            [-85.855340999974288, 38.220074000238945],
            [-85.85566200036466, 38.219946999950871],
            [-85.855862000381194, 38.219755000078131],
            [-85.856191000269163, 38.219393000152849],
            [-85.856315000117732, 38.219259999712307],
            [-85.856972999893657, 38.218785000187232],
            [-85.857981000372291, 38.218189000304392],
            [-85.859650999926515, 38.217260000180303],
            [-85.863768000433183, 38.214736000048191],
            [-85.865814999555951, 38.2133999996529],
            [-85.868369999565132, 38.2117020000683],
            [-85.87053799996005, 38.210354000341219],
            [-85.871091999978916, 38.210041000349655],
            [-85.871744999731973, 38.209694999674355],
            [-85.871917000159414, 38.209614000145677],
            [-85.871948000121577, 38.209593000279334],
            [-85.872180999750086, 38.209436999973072],
            [-85.872306000321856, 38.209360000246122],
            [-85.872426999797369, 38.209265999864073],
            [-85.872650000278441, 38.209134000173918],
            [-85.872845000272122, 38.209024999981963],
            [-85.872907000196406, 38.20897800029563],
            [-85.873082999923497, 38.208895000264796],
            [-85.873364000130891, 38.20865299965179],
            [-85.873451999994444, 38.208594000039497],
            [-85.873687000171074, 38.208425999996287],
            [-85.873928000195505, 38.208229999926338],
            [-85.87432300020572, 38.208064000181821],
            [-85.87449499973485, 38.207996000253736],
            [-85.874833999668553, 38.207780000268286],
            [-85.874959000240352, 38.207700000241765],
            [-85.874987999654351, 38.207697000283147],
            [-85.876088000194471, 38.20685200020182],
            [-85.876545999953876, 38.206490000324166],
            [-85.877211000300832, 38.20591399996281],
            [-85.877479999914357, 38.205704999777126],
            [-85.877542999663547, 38.205665999942831],
            [-85.877875999749463, 38.205179999929825],
            [-85.878121999796761, 38.204970000201349],
            [-85.878391000308582, 38.204726999688923],
            [-85.878741000112953, 38.20440300009691],
            [-85.878849999892893, 38.204293999879482],
            [-85.878930000258848, 38.204203000116983],
            [-85.879084000244632, 38.204080000039973],
            [-85.879388000018253, 38.203797999957132],
            [-85.879715000256397, 38.20352300002839],
            [-85.880138999680611, 38.203122000046818],
            [-85.880557000155349, 38.202717000226521],
            [-85.880774999715243, 38.202482999773977],
            [-85.88086099992897, 38.202396000337089],
            [-85.881060999945504, 38.20222800010783],
            [-85.881130000440791, 38.202159999669533],
            [-85.881325000434458, 38.202003999669763],
            [-85.881594000047983, 38.201806999654067],
            [-85.88181800035396, 38.201681000263932],
            [-85.881897999821589, 38.201623000247274],
            [-85.882213000364189, 38.201303999682693],
            [-85.882666000100699, 38.200847000180588],
            [-85.882769000032866, 38.200729999866908],
            [-85.882877999812806, 38.200582000063612],
            [-85.883031999798618, 38.200424000275511],
            [-85.883359000036748, 38.200101999833564],
            [-85.883439000402689, 38.200012999721068],
            [-85.883554000030429, 38.199920999926725],
            [-85.883880000443654, 38.19954999999851],
            [-85.883960999736189, 38.199439999945689],
            [-85.884035000254372, 38.199354999662695],
            [-85.884366999617058, 38.199048000305787],
            [-85.884412999647807, 38.198977000109245],
            [-85.884842999818133, 38.198541999998731],
            [-85.885226999957695, 38.198135999762926],
            [-85.885559000218706, 38.197809999774648],
            [-85.886103000191838, 38.197219000089461],
            [-85.886223999667337, 38.197102999960833],
            [-85.886499000026944, 38.196771999843641],
            [-85.88677299966335, 38.196437999917315],
            [-85.88692800037235, 38.196255000028806],
            [-85.887065999566303, 38.196057000314291],
            [-85.887265999582837, 38.195804999770687],
            [-85.887695999753149, 38.195319000293814],
            [-85.88795400039433, 38.194985000057024],
            [-85.888240999551186, 38.194663000272335],
            [-85.888727999622915, 38.194049000236362],
            [-85.888830999555069, 38.193935000115253],
            [-85.888980000416311, 38.193740999981905],
            [-85.889225999565269, 38.19343200012537],
            [-85.889317999626797, 38.193305999656772],
            [-85.889563999674081, 38.193019000207407],
            [-85.890004999715046, 38.192534999941877],
            [-85.890205999556485, 38.192298999789486],
            [-85.890269000204, 38.192188000350804],
            [-85.890372000136153, 38.192045000194973],
            [-85.890721999940524, 38.191632000177883],
            [-85.890813000177133, 38.191554000238227],
            [-85.890881999774109, 38.191506000125266],
            [-85.890938999675512, 38.191455000058816],
            [-85.891100000232299, 38.191284000073701],
            [-85.891190999570583, 38.191196999964376],
            [-85.891294000401075, 38.191070000121321],
            [-85.891690000236196, 38.190655999768083],
            [-85.891782000297695, 38.190556999780078],
            [-85.891918999666728, 38.190341000301906],
            [-85.891999000032669, 38.190232999969609],
            [-85.89211399966041, 38.190053000001285],
            [-85.89222300033866, 38.189920000311588],
            [-85.89236599955548, 38.189797999873058],
            [-85.892789999878005, 38.189378999808682],
            [-85.8928869999624, 38.189272999705217],
            [-85.893054000366959, 38.189044999865907],
            [-85.893276999949734, 38.188776000060571],
            [-85.893661000089281, 38.188343999785296],
            [-85.894090000434687, 38.187820000222963],
            [-85.894383000337655, 38.187490999863584],
            [-85.894635000232711, 38.187187999810611],
            [-85.894790000043429, 38.187002999673588],
            [-85.894875000432222, 38.186880999997854],
            [-85.894990000059963, 38.186697000297194],
            [-85.895179000205843, 38.186470999775608],
            [-85.895368000351738, 38.186279999665992],
            [-85.895539999880867, 38.186087999949407],
            [-85.895636999965248, 38.185940999857458],
            [-85.895769000209725, 38.185794000174958],
            [-85.895894999708119, 38.185620999971697],
            [-85.896050000417119, 38.185451000232902],
            [-85.896359000213607, 38.184974999842353],
            [-85.896490999559774, 38.184795000296369],
            [-85.896811999950145, 38.184374999861589],
            [-85.89713900018829, 38.183828000069731],
            [-85.897401999954027, 38.18348500005041],
            [-85.897556999764717, 38.183297000136946],
            [-85.897729000192172, 38.183050999757874],
            [-85.897791999941361, 38.182951000170029],
            [-85.897878000155089, 38.182830999777316],
            [-85.898003999653469, 38.182715000033603],
            [-85.89828999988373, 38.182374000149693],
            [-85.898451000440531, 38.182143000300982],
            [-85.898451000440531, 38.182129999917848],
            [-85.89849699957297, 38.182069000261798],
            [-85.89852500006036, 38.182022999989641],
            [-85.898576999938911, 38.181902000317059],
            [-85.898685999718865, 38.181749000314973],
            [-85.898903000352135, 38.181505000108352],
            [-85.899069999858412, 38.181268000352404],
            [-85.899126999759815, 38.18116599996987],
            [-85.899332999624136, 38.180862999735922],
            [-85.899435999556289, 38.180688000054516],
            [-85.899613000006624, 38.180416000082495],
            [-85.899674999930909, 38.18032400024638],
            [-85.899819999695865, 38.180115999943069],
            [-85.899905999909578, 38.179978000283263],
            [-85.900095000055472, 38.179645000212105],
            [-85.90032400038433, 38.179267999948806],
            [-85.900639000028605, 38.178802999859286],
            [-85.901023000168166, 38.178148000006814],
            [-85.901097999612915, 38.178063000295126],
            [-85.901402000284833, 38.177562999942396],
            [-85.90156799996619, 38.177281000272536],
            [-85.901784999701178, 38.176933000107148],
            [-85.901848000348679, 38.176853000085821],
            [-85.901962999976419, 38.176665000007752],
            [-85.902065999908572, 38.176464000169126],
            [-85.9021520001223, 38.176329999733262],
            [-85.902290000214549, 38.17615399980884],
            [-85.902455999895906, 38.175850999918097],
            [-85.902582000292597, 38.175657000347371],
            [-85.902771000438491, 38.175401000006914],
            [-85.902810999723144, 38.175339999660679],
            [-85.902874000370645, 38.175209999829164],
            [-85.902948999815408, 38.175059999789681],
            [-85.903337999977836, 38.174429000234746],
            [-85.903446999757776, 38.174217000151977],
            [-85.90358400002512, 38.173927999685326],
            [-85.903676000086634, 38.17359400023043],
            [-85.903801999585014, 38.173264999892439],
            [-85.903865000232514, 38.17314699976999],
            [-85.903944999700144, 38.17296799994967],
            [-85.904271999938288, 38.172374999964632],
            [-85.90440400018278, 38.172064999865754],
            [-85.904529999681159, 38.171783000106771],
            [-85.90462699976554, 38.171551999874431],
            [-85.904696000260827, 38.171417000280108],
            [-85.904788000322327, 38.171142000254669],
            [-85.904872999812838, 38.170946000114277],
            [-85.905068999631396, 38.170600000114916],
            [-85.905171999563564, 38.170339000230811],
            [-85.905286000264709, 38.170007999964454],
            [-85.905308999830936, 38.169891000253216],
            [-85.905349000013899, 38.169804000020235],
            [-85.905384000173996, 38.169754000334542],
            [-85.905435000227627, 38.169700999796916],
            [-85.90552100044134, 38.169530000304633],
            [-85.905590000038316, 38.169326999771201],
            [-85.905847999781187, 38.168702000322824],
            [-85.905898999834804, 38.168510000191453],
            [-85.906180000042212, 38.16790599998216],
            [-85.906209000354508, 38.167773000118459],
            [-85.906266000255926, 38.167601000274793],
            [-85.906334999852902, 38.16735100030391],
            [-85.906402999624945, 38.167144999841803],
            [-85.906488999838686, 38.166929000165126],
            [-85.906523999998782, 38.16679000017534],
            [-85.906650000395487, 38.166504000165432],
            [-85.906804000381271, 38.165978000146538],
            [-85.906878999826034, 38.165660000351316],
            [-85.906912000336305, 38.16558300024338],
            [-85.906965999864653, 38.165364999982877],
            [-85.907057000101261, 38.164804000108909],
            [-85.907108000154892, 38.164392999855892],
            [-85.907130999721119, 38.16412799989385],
            [-85.907148000337841, 38.163957000041378],
            [-85.907216999934832, 38.163688000135004],
            [-85.907303000148559, 38.163417999818968],
            [-85.907389000362286, 38.163118000335565],
            [-85.907468999829888, 38.162800000072131],
            [-85.907486000446653, 38.162501999730175],
            [-85.907630000386703, 38.161734000070048],
            [-85.907692000310973, 38.161399999831076],
            [-85.907704000006547, 38.161156000004731],
            [-85.907772999603509, 38.160721000063269],
            [-85.907830000403237, 38.160500000313363],
            [-85.907893000152427, 38.160151999838398],
            [-85.907899000000214, 38.159801000008997],
            [-85.907961999749404, 38.159369999762653],
            [-85.907990000236808, 38.159281000033552],
            [-85.908018999650821, 38.15917399975514],
            [-85.908025000396904, 38.158945999674593],
            [-85.908052999985998, 38.15869100016193],
            [-85.908139000199725, 38.158386000044565],
            [-85.908161999765937, 38.158263999781624],
            [-85.908174000359821, 38.158111000304032],
            [-85.908167999613738, 38.157928000202517],
            [-85.908139000199725, 38.157543999897754],
            [-85.908150999895284, 38.157217999792124],
            [-85.908161999765937, 38.157038000201304],
            [-85.908150999895284, 38.156799000269935],
            [-85.908115999735188, 38.156658999822156],
            [-85.908104999864534, 38.156566000153155],
            [-85.908093000168975, 38.156437999769174],
            [-85.908110999712321, 38.156185999923849],
            [-85.908121999582974, 38.155687000180734],
            [-85.908145000047512, 38.155367999767556],
            [-85.9082200003906, 38.154938999934778],
            [-85.908247999979679, 38.154653000057074],
            [-85.908271000444202, 38.154128000261991],
            [-85.908288000162642, 38.153890999778397],
            [-85.908283000139775, 38.153763000350374],
            [-85.908264999698105, 38.153644000189438],
            [-85.908237000109011, 38.153554999829367],
            [-85.908237000109011, 38.153153000000898],
            [-85.908340000041179, 38.152522999692358],
            [-85.908426000254892, 38.151703000266863],
            [-85.908437000125559, 38.15134700000327],
            [-85.908505999722536, 38.150443999835659],
            [-85.908523000339287, 38.150076999948169],
            [-85.908551999753286, 38.149839999722872],
            [-85.908615000400786, 38.149515000108323],
            [-85.908648999837666, 38.149407000020176],
            [-85.908672000302204, 38.149265999899896],
            [-85.908672000302204, 38.149010999741812],
            [-85.90866100043155, 38.148855999985742],
            [-85.90870599973907, 38.14820300014074],
            [-85.90870599973907, 38.147915999651332],
            [-85.90870599973907, 38.147850999684003],
            [-85.908729000203621, 38.147074999773984],
            [-85.908764000363718, 38.146843999670303],
            [-85.908797999800584, 38.146647999907763],
            [-85.908810000394453, 38.146440000290319],
            [-85.908856000425203, 38.146066999990282],
            [-85.908878000166524, 38.145797999789153],
            [-85.908884000014311, 38.145280999989652],
            [-85.908906999580523, 38.145026999699745],
            [-85.90895900035737, 38.144266999947945],
            [-85.908976000075825, 38.143639999667897],
            [-85.909022000106575, 38.143363999739698],
            [-85.909067000312419, 38.142688000000163],
            [-85.909089999878631, 38.142559000285075],
            [-85.909095999726418, 38.142340999722435],
            [-85.909079000007978, 38.1421929999998],
            [-85.909043999847881, 38.142015000193503],
            [-85.909032999977214, 38.141706999725166],
            [-85.908986999946478, 38.141411999952346],
            [-85.908976000075825, 38.141191000330153],
            [-85.908992999794251, 38.140913999890394],
            [-85.908992999794251, 38.140740000114491],
            [-85.909010000411001, 38.140610000051737],
            [-85.909016000258788, 38.140476000125055],
            [-85.908997999817132, 38.140355000016754],
            [-85.908970000228024, 38.14022100032826],
            [-85.908930000045061, 38.139828000276196],
            [-85.908900999732751, 38.139396999987795],
            [-85.908913000326621, 38.139192999889886],
            [-85.908906999580523, 38.139051000059936],
            [-85.908873000143657, 38.138620999884758],
            [-85.908854999702001, 38.138518999882173],
            [-85.908867000295871, 38.138292999756402],
            [-85.908832000135774, 38.138047999870416],
            [-85.908791999952811, 38.1378450000079],
            [-85.908740999899166, 38.137652000109227],
            [-85.908718000332954, 38.137590999972829],
            [-85.908632000119226, 38.137482000123377],
            [-85.908620000423667, 38.137445000053219],
            [-85.908620000423667, 38.137348999879151],
            [-85.90865999970832, 38.137219000133918],
            [-85.908678000149976, 38.137140000115892],
            [-85.908615000400786, 38.136929999973972],
            [-85.908586000088476, 38.136784000145049],
            [-85.908602999806917, 38.136700999816824],
            [-85.908569000370036, 38.136143999751759],
            [-85.908516999593189, 38.13592400021917],
            [-85.908516999593189, 38.135763999821378],
            [-85.908535000034846, 38.135394999964483],
            [-85.908523000339287, 38.135148999729886],
            [-85.908529000187059, 38.134796999882283],
            [-85.908453999843999, 38.133845999833746],
            [-85.908447999996213, 38.133668000156774],
            [-85.908356999759619, 38.13298699974299],
            [-85.908345000064045, 38.13248500005426],
            [-85.908345000064045, 38.132357999651937],
            [-85.908321999599522, 38.132197000070498],
            [-85.908253999827451, 38.131561999702782],
            [-85.908231000261239, 38.13112900033795],
            [-85.908172999636605, 38.130691999649144],
            [-85.908150999895284, 38.13018799997662],
            [-85.908088000146094, 38.12959200009594],
            [-85.908006999955248, 38.129182999743009],
            [-85.907972999620057, 38.129049000032538],
            [-85.907915999718654, 38.128700000122407],
            [-85.907828999680021, 38.128355000253841],
            [-85.90773199959564, 38.127351000134091],
            [-85.907725999747854, 38.12725400019621],
            [-85.907657999975783, 38.126827000226633],
            [-85.907641000257357, 38.126647999764522],
            [-85.907543000348056, 38.126255000111975],
            [-85.907543000348056, 38.126144999657612],
            [-85.907531999579092, 38.125909000063679],
            [-85.907519999883533, 38.125782000232981],
            [-85.907514000035746, 38.125735999777987],
            [-85.907440000415903, 38.125252000023607],
            [-85.907411000103593, 38.125098999852774],
            [-85.907411000103593, 38.125068000227152],
            [-85.907341999608306, 38.124584000284202],
            [-85.907365000072829, 38.124574000085104],
            [-85.907273999836235, 38.123930000208112],
            [-85.907108000154892, 38.122761000219576],
            [-85.907010000245577, 38.121876000072817],
            [-85.906935999727423, 38.121272000218156],
            [-85.906913000161211, 38.121294000094601],
            [-85.906913000161211, 38.121118000190613],
            [-85.906637999801603, 38.119398999859072],
            [-85.906513000128129, 38.118798000095182],
            [-85.906494999686487, 38.118739999837445],
            [-85.906456000226711, 38.118523000243492],
            [-85.906115999569778, 38.116886999940021],
            [-85.906098999851352, 38.116805999714053],
            [-85.905714999711776, 38.114393000023163],
            [-85.905578000342757, 38.112783999956385],
            [-85.90546299981672, 38.112102999800001],
            [-85.90544500027336, 38.111950000348571],
            [-85.905308999830936, 38.111105000349312],
            [-85.905050000263145, 38.110186999719723],
            [-85.904693999712691, 38.108515999730436],
            [-85.904388000289245, 38.106215999853291],
            [-85.904261999892555, 38.103397999844738],
            [-85.904276999961169, 38.103005000179856],
            [-85.904409000205646, 38.101988000175375],
            [-85.904409000205646, 38.101324000062718],
            [-85.904391999588896, 38.100945000132747],
            [-85.904293999679609, 38.100185999747382],
            [-85.904254000394943, 38.099208999952133],
            [-85.90427600013625, 38.098797999888006],
            [-85.904363000174911, 38.097155000169252],
            [-85.904410000030552, 38.096617000213875],
            [-85.904810999888554, 38.093254999675693],
            [-85.90491100034599, 38.091334000285464],
            [-85.90505199991297, 38.089957000277479],
            [-85.90528500043979, 38.088936000052712],
            [-85.905307000181111, 38.088836999827855],
            [-85.906401999800053, 38.086290000011935],
            [-85.90697300043567, 38.084852999869931],
            [-85.907478999875664, 38.083513999750231],
            [-85.90755400021871, 38.083290999906687],
            [-85.907673999869331, 38.082932000286611],
            [-85.90814099984955, 38.081917999725412],
            [-85.908181999857447, 38.08181400005126],
            [-85.909024999581305, 38.080308000224086],
            [-85.909972999785467, 38.078044999733905],
            [-85.910423000047274, 38.076922000262826],
            [-85.912005999562837, 38.073399999957246],
            [-85.912983000079322, 38.071426000264047],
            [-85.913089000384545, 38.071319999870312],
            [-85.913128999669198, 38.071346999791714],
            [-85.913168999852175, 38.071445999653911],
            [-85.913244000195235, 38.071776000112784],
            [-85.913284000378212, 38.072176999768068],
            [-85.9132629995635, 38.072534999902622],
            [-85.913266999761461, 38.072644999761948],
            [-85.913260000088769, 38.073011000018717],
            [-85.913289000401093, 38.073066999911944],
            [-85.913398000181033, 38.073050000100444],
            [-85.913530000425524, 38.072825000267812],
            [-85.913867999635997, 38.071854000157956],
            [-85.91428899958548, 38.070284999849541],
            [-85.915142000253397, 38.067638000250767],
            [-85.91574999980061, 38.065129999739789],
            [-85.916276000230411, 38.06295800000332],
            [-85.916278999705142, 38.06281300020995],
            [-85.916319999713025, 38.062530999784087],
            [-85.916376999614442, 38.061541999780843],
            [-85.916343000177562, 38.060618999843669],
            [-85.916431999866006, 38.05965800029076],
            [-85.916440000261943, 38.05956899994024],
            [-85.91650899985892, 38.059165000079609],
            [-85.917052999832023, 38.057125000095596],
            [-85.917180000053648, 38.05613000022678],
            [-85.917186999726354, 38.05608099994204],
            [-85.917523000185312, 38.054219000180431],
            [-85.917648999683692, 38.053527000183976],
            [-85.91778699977597, 38.052504999710614],
            [-85.917924000043314, 38.051379000025271],
            [-85.917939999936834, 38.05114099966103],
            [-85.918010000257027, 38.050760999650954],
            [-85.918130999732554, 38.050224999812748],
            [-85.918365999909199, 38.048769000259824],
            [-85.918474999689138, 38.047321999907524],
            [-85.918483000085047, 38.047259999732546],
            [-85.91879500025459, 38.042559000236125],
            [-85.918912000430453, 38.041195000230331],
            [-85.919059999670154, 38.040260999706021],
            [-85.919472000297105, 38.037963999653719],
            [-85.919529000198509, 38.037653999668827],
            [-85.919569000381472, 38.037286999711263],
            [-85.919654999696888, 38.037018000047304],
            [-85.919689000032093, 38.036880999801852],
            [-85.91972300036727, 38.036674000055193],
            [-85.919769000398034, 38.03646300005655],
            [-85.919797999812033, 38.036216999954583],
            [-85.919803999659806, 38.03606299971181],
            [-85.91981899972842, 38.035955999995664],
            [-85.920652000304869, 38.032305999742235],
            [-85.921274999920698, 38.030320000296598],
            [-85.921853000229035, 38.028761000241069],
            [-85.923428000246986, 38.02524699995783],
            [-85.925654000368226, 38.021784000066916],
            [-85.926882999881457, 38.020223000323476],
            [-85.928365000013017, 38.01854700035188],
            [-85.928538000265377, 38.018392999762661],
            [-85.929057000124146, 38.017863000050077],
            [-85.929514999883551, 38.017485000031208],
            [-85.929961999772303, 38.017038999879517],
            [-85.930408999661054, 38.016671999967635],
            [-85.931119000213826, 38.015984999801645],
            [-85.932345000252354, 38.015008999895201],
            [-85.93236399962062, 38.014992000045652],
            [-85.932396000305985, 38.014968999993073],
            [-85.932407000176624, 38.014958999660294],
            [-85.933514000389465, 38.014077999663918],
            [-85.934609000008408, 38.013259999744342],
            [-85.936235999904909, 38.012084000269276],
            [-85.936882999810209, 38.011600999720791],
            [-85.937932000296712, 38.010865000045385],
            [-85.938783000416493, 38.010284999803318],
            [-85.938882999975618, 38.010217000245632],
            [-85.939524999858037, 38.009804000348929],
            [-85.94044700012293, 38.00903000024207],
            [-85.94139199995405, 38.008057000125483],
            [-85.942142999616408, 38.007343999880604],
            [-85.942216000309671, 38.007266999889993],
            [-85.942699000183424, 38.006815999837812],
            [-85.943054000010662, 38.00660199975907],
            [-85.94375899964227, 38.006256000334645],
            [-85.945787000295084, 38.005469999747795],
            [-85.946508999645133, 38.005228000296668]
          ]
        ]
      },
      "properties": {
        "AREALAND": "797090331",
        "AREAWATER": "39707818",
        "BASENAME": "3",
        "CDSESSN": "119",
        "CDTYP": "O",
        "CENTLAT": "+38.1897687",
        "CENTLON": "-085.7004924",
        "FUNCSTAT": "N",
        "GEOID": "2103",
        "HU100": null,
        "INTPTLAT": "+38.1903917",
        "INTPTLON": "-085.7005810",
        "LSADC": "C2",
        "MTFCC": "G5200",
        "NAME": "Congressional District 3",
        "OBJECTID": 290,
        "OID": "2119035951821325",
        "POP100": null,
        "STATE": "21",
        "CD119": "03"
      }
    }
  ]
}
