{
  "type": "FeatureCollection",
  "features": [
    {
      "type": "Feature",
      "id": 195,
      "geometry": {
        "type": "Polygon",
        "coordinates": [
          [
            [-85.637453999888706, 38.382218999892153],
            [-85.637817000111866, 38.380238999760259],
            [-85.634668999725747, 38.378521999721627],
            [-85.630826999578687, 38.376428000019125],
            [-85.628613999876251, 38.375221000252658],
            [-85.627739000365324, 38.374769000276274],
            [-85.625374000326929, 38.373414999709119],
            [-85.624960000050152, 38.373173999928653],
            [-85.623749999905172, 38.372486000194939],
            [-85.62347399972063, 38.37233099969194],
            [-85.622837999685999, 38.371970000327501],
            [-85.617515000130609, 38.368957999728394],
            [-85.617079000112497, 38.368712000009282],
            [-85.615822000111862, 38.368000999993725],
            [-85.614295999599378, 38.367143000086124],
            [-85.611985999812561, 38.365854000207229],
            [-85.611696000282649, 38.365690999717479],
            [-85.608809999837348, 38.364074999719442],
            [-85.606761000166443, 38.362918000338027],
            [-85.604868000131162, 38.361847000110998],
            [-85.598743999786365, 38.358376000255788],
            [-85.598415999723315, 38.358188000296664],
            [-85.597875999948144, 38.357882000068642],
            [-85.594669000010796, 38.356065000350199],
            [-85.592683000089082, 38.35493900014994],
            [-85.591461000248529, 38.354242999936439],
            [-85.590102999965538, 38.353472000133536],
            [-85.590056999934788, 38.353444000087606],
            [-85.589398000333929, 38.35307200006045],
            [-85.589370999671431, 38.353056999979515],
            [-85.587717000010755, 38.352121999836974],
            [-85.587677999652698, 38.352099000302189],
            [-85.587419999909827, 38.351951000149825],
            [-85.587023000249786, 38.351726999705569],
            [-85.585803999883979, 38.351034999655248],
            [-85.585535000270454, 38.350883000098165],
            [-85.585299000268918, 38.350748999769813],
            [-85.585209999682135, 38.350698999762507],
            [-85.584982999901399, 38.350570000232437],
            [-85.584662000409352, 38.350389000214861],
            [-85.584371000156224, 38.350224000084928],
            [-85.583090999691024, 38.349502000243938],
            [-85.58286300008541, 38.349373999671265],
            [-85.580717000330125, 38.348163999800626],
            [-85.58057599986482, 38.348084000016662],
            [-85.580544999902656, 38.348065999806515],
            [-85.580507000267843, 38.348046999892929],
            [-85.58044699999337, 38.348013000257644],
            [-85.578614000232562, 38.346974000059099],
            [-85.576773999900709, 38.345931000133511],
            [-85.575634999900842, 38.345285000255416],
            [-85.574630999620169, 38.344715999674754],
            [-85.574495999900947, 38.344639000252066],
            [-85.574320000173856, 38.34453900022082],
            [-85.574223999914381, 38.34448400000386],
            [-85.573934000384469, 38.344320000261988],
            [-85.573828999904165, 38.344264000127559],
            [-85.573631000435768, 38.344159999863784],
            [-85.569412999646744, 38.341751999695568],
            [-85.578374000033037, 38.34102399976387],
            [-85.578395999774344, 38.341019999875662],
            [-85.584443000126242, 38.339812000280197],
            [-85.585271999606405, 38.33943100021601],
            [-85.578174000016489, 38.335760000176784],
            [-85.577004999879406, 38.335156000265066],
            [-85.576839000198035, 38.335070000234445],
            [-85.576778999923576, 38.335038999780537],
            [-85.576412000400765, 38.334849000072687],
            [-85.574726000054724, 38.333976999859523],
            [-85.561321999646808, 38.337123999666275],
            [-85.560447000135909, 38.336647000030823],
            [-85.559965000087061, 38.336384000005488],
            [-85.556133999810626, 38.334260999956456],
            [-85.555214999918775, 38.333739000241053],
            [-85.555048000412526, 38.333651000142716],
            [-85.552859000101222, 38.332428000164143],
            [-85.550962999692885, 38.331368999815531],
            [-85.550638000002877, 38.331187999735157],
            [-85.550244999642487, 38.330967999647797],
            [-85.550038999778153, 38.330854999897433],
            [-85.549986000074725, 38.330823999754273],
            [-85.549913000279773, 38.33078600003806],
            [-85.549678000103128, 38.33065800021685],
            [-85.549622999851564, 38.330625000110693],
            [-85.549540000010879, 38.330580000005774],
            [-85.549457000170207, 38.330534999872853],
            [-85.547976999688473, 38.329704000054157],
            [-85.547527000325005, 38.329454000325164],
            [-85.547420000194876, 38.329394000149144],
            [-85.547240000269809, 38.329294000215157],
            [-85.547072000040316, 38.329198999938654],
            [-85.546352000340107, 38.328797999743351],
            [-85.546291000240743, 38.328765000199596],
            [-85.546271999974167, 38.328753999878565],
            [-85.546132000232078, 38.328673999799726],
            [-85.546075000330674, 38.328644000099729],
            [-85.545718999780206, 38.328444000138127],
            [-85.545618000396161, 38.328386999741504],
            [-85.545363000128049, 38.328248000218188],
            [-85.543913999608463, 38.327435999936704],
            [-85.539612999877079, 38.325033000031098],
            [-85.538038999684019, 38.324152999868879],
            [-85.537216000051629, 38.323697000156905],
            [-85.535055000227743, 38.322482999689882],
            [-85.533362000208982, 38.321535000139171],
            [-85.53030000003659, 38.319820999904515],
            [-85.526965999877618, 38.317949999877506],
            [-85.526591999783832, 38.31773900013183],
            [-85.525990999909283, 38.317399999795846],
            [-85.5259060004188, 38.317352999692766],
            [-85.523747000244725, 38.316140999693111],
            [-85.522792000367858, 38.315603000336118],
            [-85.522717999849689, 38.315561999951569],
            [-85.522629999986151, 38.315512999770974],
            [-85.522282999656497, 38.315318000277728],
            [-85.521486999788308, 38.314873000283484],
            [-85.518598999693182, 38.313252999704737],
            [-85.518487000438512, 38.313189999675586],
            [-85.517991000145955, 38.312911999877713],
            [-85.517526999640452, 38.312651000086298],
            [-85.51726800007269, 38.312506000266133],
            [-85.514775999812684, 38.311110000222307],
            [-85.514668999682556, 38.311047999950524],
            [-85.514600000085593, 38.311010999944976],
            [-85.513362000351492, 38.310319000078238],
            [-85.511133999682144, 38.309066999926536],
            [-85.508608999810193, 38.307623999878487],
            [-85.507682000420743, 38.307092999802393],
            [-85.504334000018062, 38.305180000347072],
            [-85.504236000108776, 38.305124000277637],
            [-85.499419999818286, 38.302371000168549],
            [-85.498418999910655, 38.301820999654382],
            [-85.498273000320779, 38.301741000167851],
            [-85.496345000125388, 38.300683999876654],
            [-85.495960000160935, 38.300470000289444],
            [-85.495693000197235, 38.300327000094811],
            [-85.494399000386665, 38.299617000254202],
            [-85.492436999856096, 38.298540000155093],
            [-85.492293999740951, 38.298461000253575],
            [-85.491498999697654, 38.298024000047405],
            [-85.490830000051062, 38.297661000322194],
            [-85.489602000362723, 38.296996000305782],
            [-85.48814199997247, 38.296204000224982],
            [-85.487808999886553, 38.296024000186655],
            [-85.487124000346427, 38.295629000221673],
            [-85.485889000087084, 38.294976000151053],
            [-85.48581100026928, 38.294932999932612],
            [-85.485111999587133, 38.294550999709884],
            [-85.484277000259183, 38.294092999785555],
            [-85.48250200022467, 38.293119999804155],
            [-85.481647999731834, 38.292652000318355],
            [-85.480981999559972, 38.292287000278648],
            [-85.479728999757285, 38.291598999958339],
            [-85.477084000234711, 38.290145999991545],
            [-85.476858000278895, 38.29002200022132],
            [-85.476253000206427, 38.289694999765672],
            [-85.473816000197999, 38.288368000084091],
            [-85.472107000285732, 38.287437999948281],
            [-85.471605000145388, 38.287164000207426],
            [-85.471272999884363, 38.286982999767496],
            [-85.469035000067578, 38.285761999865613],
            [-85.469014999976096, 38.285751000071748],
            [-85.468582000331068, 38.285513999940648],
            [-85.468529999554192, 38.285485999725282],
            [-85.468485000246673, 38.285460999775673],
            [-85.468449000261657, 38.285441999667256],
            [-85.468407000428869, 38.285419000123042],
            [-85.468331000260889, 38.285376999741032],
            [-85.46830100012366, 38.285360000032746],
            [-85.46828400040522, 38.285350999895243],
            [-85.468272999636255, 38.285345000037985],
            [-85.468248000420203, 38.285331999757979],
            [-85.468235999826334, 38.285325000040196],
            [-85.468219999932799, 38.285316999757477],
            [-85.468205999689104, 38.28530900017897],
            [-85.467976000433666, 38.285230999835555],
            [-85.467943999748286, 38.285219999961164],
            [-85.46773500040922, 38.285148999962672],
            [-85.467547000088246, 38.285085000341539],
            [-85.467327999805121, 38.285010000052623],
            [-85.467315000284671, 38.285005999894018],
            [-85.466387000171977, 38.28469000006465],
            [-85.466102999591527, 38.284593000135658],
            [-85.465161999958383, 38.284272999719661],
            [-85.464844999765972, 38.284164999904263],
            [-85.451719999915653, 38.279695000147001],
            [-85.450284999639734, 38.279209999682358],
            [-85.44135199974086, 38.276172999976005],
            [-85.441119999937285, 38.276089999758348],
            [-85.436635000082859, 38.27456299983784],
            [-85.43624799957027, 38.274432000183047],
            [-85.432457000375138, 38.273142000343938],
            [-85.429416000119133, 38.27210699978869],
            [-85.428452999846343, 38.271778999688166],
            [-85.426814000254282, 38.271221000327699],
            [-85.426138000036673, 38.270990999704956],
            [-85.422891999741267, 38.269886000187014],
            [-85.422423999936115, 38.269723000317178],
            [-85.421095999790367, 38.269263000139567],
            [-85.420792999841638, 38.269168000215224],
            [-85.420210000408787, 38.268960999971895],
            [-85.420017999889836, 38.268895000015625],
            [-85.419625000427772, 38.268759000279879],
            [-85.419268000052384, 38.268630000207033],
            [-85.419090999602076, 38.268566000129589],
            [-85.418385999970454, 38.268329000321522],
            [-85.418293000084049, 38.26829800025078],
            [-85.417383000413011, 38.267983999834662],
            [-85.4163890001781, 38.267637999722389],
            [-85.415396999593, 38.26730000023084],
            [-85.414398000233518, 38.266949999938554],
            [-85.413516999976508, 38.266646999911416],
            [-85.411531999879699, 38.265979999725324],
            [-85.41136399965022, 38.265919999933892],
            [-85.411211000387652, 38.265869999952237],
            [-85.409283000192261, 38.265216000042152],
            [-85.409100999719072, 38.265154000051346],
            [-85.406663999710645, 38.264328000153867],
            [-85.406543000235146, 38.264286999710258],
            [-85.404898999721894, 38.263730000077729],
            [-85.405111000332312, 38.262394999789919],
            [-85.405323999869324, 38.26104199970414],
            [-85.405353000181648, 38.260864999818487],
            [-85.406029000399244, 38.256598999820248],
            [-85.40603600007195, 38.256554999892309],
            [-85.406200000103468, 38.25551800016116],
            [-85.40641500018863, 38.254159000076683],
            [-85.406627999725643, 38.252817999850016],
            [-85.407066000291877, 38.250047999989775],
            [-85.407334000080482, 38.248431000211987],
            [-85.407344000126216, 38.248369999669329],
            [-85.407369000240578, 38.248220000071754],
            [-85.407994000404557, 38.244444999874332],
            [-85.408890999656791, 38.239027000022112],
            [-85.408918000319289, 38.238864999857377],
            [-85.409063000084245, 38.237986999845369],
            [-85.409565000224575, 38.234957000054948],
            [-85.409578999569959, 38.234869999924022],
            [-85.410197000061245, 38.231138999963044],
            [-85.410664999866384, 38.228314000236381],
            [-85.410710999897148, 38.228035999965989],
            [-85.410719000293071, 38.227986000028004],
            [-85.410721999767802, 38.227965999760897],
            [-85.410737999661336, 38.227871000181317],
            [-85.410757999752803, 38.22774899982619],
            [-85.410844999791451, 38.227224000220041],
            [-85.410855999662104, 38.227159999663456],
            [-85.410869000080893, 38.227076999905343],
            [-85.411932999737701, 38.220650000046298],
            [-85.41241899998451, 38.217711999971804],
            [-85.412456999619337, 38.217487999895155],
            [-85.413055000019142, 38.213874999745755],
            [-85.414187000346331, 38.207035000279703],
            [-85.414717000075754, 38.203835000243025],
            [-85.416486000262481, 38.193148000318779],
            [-85.416636000050303, 38.192243000227371],
            [-85.416993000425677, 38.190090000211562],
            [-85.417030000235613, 38.189859999878401],
            [-85.417088999786827, 38.189502000008382],
            [-85.417092000159883, 38.189484999757823],
            [-85.417194000267131, 38.188873000097054],
            [-85.417212999635396, 38.188757999864883],
            [-85.417371999644061, 38.187894999856518],
            [-85.417388000435892, 38.187807999935494],
            [-85.417391999735543, 38.187790999995634],
            [-85.417394000283664, 38.18777799991431],
            [-85.417737000415357, 38.185604000227492],
            [-85.417783000446107, 38.185313999909681],
            [-85.417888999852991, 38.184678000317696],
            [-85.41957500019906, 38.174480000215986],
            [-85.420228999777038, 38.170537999961923],
            [-85.420679000038831, 38.16782399981345],
            [-85.420690999734404, 38.167751000128277],
            [-85.42070900017606, 38.167642000142955],
            [-85.420711999650806, 38.16762499973531],
            [-85.420869999834537, 38.166673000242724],
            [-85.420879000055379, 38.166618000131038],
            [-85.421140000171292, 38.165035999933131],
            [-85.421270999692538, 38.164243000155579],
            [-85.421450999617591, 38.163157000352314],
            [-85.421693000365238, 38.161696000145405],
            [-85.422572000074112, 38.156388000098964],
            [-85.422587999967661, 38.156293000348576],
            [-85.423569999608688, 38.15035400021317],
            [-85.424054000205686, 38.147437999972915],
            [-85.424171000381534, 38.146751999847353],
            [-85.424239000153605, 38.14633500025478],
            [-85.424496999896462, 38.144749000021008],
            [-85.425178999961858, 38.140724999956049],
            [-85.425835999912877, 38.136806000292786],
            [-85.4262739995808, 38.134202000005104],
            [-85.426283999626548, 38.134142000336091],
            [-85.426293999672282, 38.13408599989387],
            [-85.426768000223532, 38.131260000189954],
            [-85.427439000418246, 38.12725400019621],
            [-85.427552000396176, 38.12657200008303],
            [-85.427563000266801, 38.126509999949526],
            [-85.427677999894556, 38.125820999720403],
            [-85.42827000044656, 38.122028999930883],
            [-85.428615000228049, 38.119780000195533],
            [-85.428642999817157, 38.119600000106239],
            [-85.428826999940156, 38.118399999715088],
            [-85.428830000313198, 38.118382999844087],
            [-85.428831999963037, 38.118369000072107],
            [-85.429173000444891, 38.116052999831624],
            [-85.429175000094716, 38.116040999745259],
            [-85.429176999744527, 38.116027000231064],
            [-85.42921899957733, 38.115740999773472],
            [-85.429227999798172, 38.115676000123663],
            [-85.429231999996119, 38.115647000174278],
            [-85.429240000392042, 38.1155939998958],
            [-85.429252000087601, 38.115512999649191],
            [-85.429257000110482, 38.115478999972673],
            [-85.429292000270578, 38.115241999750516],
            [-85.429336999578112, 38.114936000249564],
            [-85.429385999981903, 38.114601999894425],
            [-85.42944000040859, 38.114236000057851],
            [-85.42948999973899, 38.113897000264629],
            [-85.42953599976974, 38.113584000084231],
            [-85.429591999846238, 38.1132029999332],
            [-85.429647000097816, 38.112827999869538],
            [-85.429683999907738, 38.112577000057463],
            [-85.429702000349408, 38.112457999870436],
            [-85.429709000022115, 38.112414999850252],
            [-85.429740999809141, 38.112191999832397],
            [-85.429791000037852, 38.111854999987415],
            [-85.429843999741308, 38.111491000071226],
            [-85.429899999817792, 38.111111999871689],
            [-85.429956999719209, 38.11072399998946],
            [-85.430011999970802, 38.11035200035306],
            [-85.430031000237364, 38.11022000030033],
            [-85.430047999955818, 38.110104000249812],
            [-85.430078000093047, 38.109905000318989],
            [-85.430114999902969, 38.109653999650938],
            [-85.430161999758624, 38.109331999657023],
            [-85.430216000185297, 38.108963999945416],
            [-85.430274999736525, 38.10856299989306],
            [-85.43033699966081, 38.108144000158816],
            [-85.430396000110349, 38.107738999833693],
            [-85.430457000209728, 38.107328999870305],
            [-85.430468000080381, 38.10725100020634],
            [-85.43063499958663, 38.107096000110388],
            [-85.430683000165516, 38.107051000089328],
            [-85.430986999939137, 38.106988000154679],
            [-85.431648000088131, 38.106892999701692],
            [-85.432279999924816, 38.106738999746597],
            [-85.432917999609259, 38.106481999741142],
            [-85.434731000176939, 38.1057840002304],
            [-85.434829999911145, 38.105746000144606],
            [-85.43512899966187, 38.105560000258002],
            [-85.435590999619237, 38.105220000275047],
            [-85.435676999832964, 38.105125999859212],
            [-85.436128999744597, 38.104761000120789],
            [-85.436337999981959, 38.104589999658664],
            [-85.436425999845511, 38.104520000275876],
            [-85.436512000059224, 38.104451999862029],
            [-85.436429000218553, 38.10385100009502],
            [-85.436378000164922, 38.103482000103249],
            [-85.436362000271416, 38.103365999956466],
            [-85.436343999829731, 38.103241000280718],
            [-85.436305000369998, 38.102953999701448],
            [-85.436348000027692, 38.102927000140646],
            [-85.436631999709817, 38.102753000296886],
            [-85.437107000085973, 38.10246100007479],
            [-85.437676000173454, 38.10211100006719],
            [-85.43804299969625, 38.101931000258745],
            [-85.439586999752095, 38.101912999829338],
            [-85.440221000136901, 38.101906000132445],
            [-85.440709999858456, 38.102002999811191],
            [-85.441200000303226, 38.102175999771248],
            [-85.441520999795273, 38.102189000270599],
            [-85.443895999879402, 38.101917999713422],
            [-85.444536999936915, 38.101844999816699],
            [-85.445448000331169, 38.101741000215497],
            [-85.447076000052576, 38.101555000029428],
            [-85.447519999568271, 38.101607000334361],
            [-85.447628000421631, 38.101646000008579],
            [-85.448070000287501, 38.101816000031121],
            [-85.448615000085525, 38.102051000180296],
            [-85.448870000353665, 38.102161000170938],
            [-85.449811999811729, 38.102568999653805],
            [-85.4502250002636, 38.102678000029208],
            [-85.450517000341662, 38.102704000140164],
            [-85.450831999985922, 38.102613000064878],
            [-85.451186999813174, 38.10250999968757],
            [-85.451868999878542, 38.102311999824053],
            [-85.452017999841459, 38.102238000065789],
            [-85.452422000072517, 38.102035999847416],
            [-85.454038999923284, 38.101065999824101],
            [-85.456302999679323, 38.099868999754165],
            [-85.456692999666672, 38.099658999853247],
            [-85.457208000225805, 38.099385999928089],
            [-85.457532000090893, 38.099227999930186],
            [-85.458009999941794, 38.098697999992325],
            [-85.458364999769017, 38.09850400021449],
            [-85.459567000416399, 38.097927000068758],
            [-85.461379000260834, 38.097057000091347],
            [-85.461610000239531, 38.096910999702672],
            [-85.461842999868026, 38.096477000243574],
            [-85.46210700035698, 38.096237000276503],
            [-85.462873999912873, 38.09587799989734],
            [-85.463350999938854, 38.095807000308575],
            [-85.464862000382723, 38.095728999655314],
            [-85.465511999762739, 38.095774000287086],
            [-85.469230999886165, 38.096222000164033],
            [-85.470379000106874, 38.093992000327923],
            [-85.470913000034258, 38.092953000096529],
            [-85.471350999702167, 38.092102999690631],
            [-85.471627999711615, 38.09156299992086],
            [-85.471797999590933, 38.091241000086654],
            [-85.472423999579803, 38.090017000196049],
            [-85.47312400008687, 38.088656000112849],
            [-85.473924999977939, 38.087100999792867],
            [-85.474237999972388, 38.086491999917314],
            [-85.474330000033888, 38.086317000063111],
            [-85.474658000096966, 38.085674999681338],
            [-85.475012000099284, 38.0849879998513],
            [-85.476715000163779, 38.081679999695517],
            [-85.478521999985333, 38.078168000321348],
            [-85.48021500000408, 38.074878999886806],
            [-85.481329999714518, 38.072713000067978],
            [-85.481507000164839, 38.072369000200354],
            [-85.4829120003035, 38.069637000185864],
            [-85.483595000193787, 38.06831200026317],
            [-85.484913000293815, 38.065748999770662],
            [-85.486643000122484, 38.062423999847169],
            [-85.48754299974776, 38.060694000119106],
            [-85.488278000414923, 38.059281999773226],
            [-85.488681999747655, 38.058504999900158],
            [-85.488800999573343, 38.058279999893109],
            [-85.488814999817038, 38.058254000250074],
            [-85.488824999862771, 38.058234000083154],
            [-85.489739999556676, 38.056472999886729],
            [-85.489915000357172, 38.05614600025492],
            [-85.490296999948598, 38.055401000009432],
            [-85.490543999820801, 38.054931999856045],
            [-85.49086699986097, 38.054306000263885],
            [-85.491368000176394, 38.053343000138732],
            [-85.491998000363253, 38.052133000159941],
            [-85.492697000147089, 38.050788000085355],
            [-85.493426000068126, 38.049388000036949],
            [-85.494119000004176, 38.048057000262851],
            [-85.494514999839296, 38.047295000316993],
            [-85.494570999915794, 38.047193000123421],
            [-85.495261000377113, 38.045860999739467],
            [-85.495529999990623, 38.045343000316471],
            [-85.49558100004424, 38.045247999695462],
            [-85.496293000246865, 38.043878000304964],
            [-85.497038999886342, 38.042443000352755],
            [-85.497622000217547, 38.041321999915567],
            [-85.498264999924871, 38.040045000267185],
            [-85.498664000133047, 38.039251999766428],
            [-85.498731000080198, 38.039115999866183],
            [-85.498740000301026, 38.039098999949324],
            [-85.498824999791523, 38.038935000215893],
            [-85.498860999776539, 38.038861999698767],
            [-85.499404999749657, 38.037778999683631],
            [-85.500090000188081, 38.036416999979529],
            [-85.500625999765305, 38.035350999975932],
            [-85.501137000126462, 38.034336000283986],
            [-85.501332000120129, 38.033946000216979],
            [-85.501599999908734, 38.033424000164921],
            [-85.502232999570325, 38.032155999669456],
            [-85.5026109998621, 38.031405999651113],
            [-85.503047999705089, 38.030536999934633],
            [-85.503545999647471, 38.029547000154906],
            [-85.503559999891166, 38.029518000001858],
            [-85.503703000006311, 38.029235000247802],
            [-85.503856000167175, 38.028930999876671],
            [-85.50398099984065, 38.028683000259612],
            [-85.504072000077244, 38.028500999744004],
            [-85.50415499991793, 38.028334999929179],
            [-85.504185000055145, 38.028277999918821],
            [-85.504247999804335, 38.028152999964263],
            [-85.504388000444749, 38.027872000312456],
            [-85.504513999943129, 38.027620999651674],
            [-85.50461299967732, 38.02742700026301],
            [-85.504746999571637, 38.027160000209619],
            [-85.504889999686768, 38.026874000225952],
            [-85.505036999999845, 38.026582999752335],
            [-85.505175000092123, 38.02630799971854],
            [-85.505338000298735, 38.025984000160648],
            [-85.505531999569172, 38.025597999760571],
            [-85.505734999958776, 38.025194999844068],
            [-85.505925999754481, 38.02481500034181],
            [-85.506138000364899, 38.024393000056193],
            [-85.506346999703965, 38.023979000160878],
            [-85.506562999614033, 38.023548000061425],
            [-85.506771999851381, 38.023134000345351],
            [-85.506982999738597, 38.022715000068033],
            [-85.507080999647883, 38.022518999858931],
            [-85.507129000226769, 38.022423000128505],
            [-85.507283000212567, 38.022117999862857],
            [-85.50747800020622, 38.02172899979562],
            [-85.507699999964089, 38.021288999677587],
            [-85.507916999699063, 38.020858000032256],
            [-85.508083000278731, 38.020526000069594],
            [-85.508306999686411, 38.020082999914877],
            [-85.508527999619332, 38.019642999821265],
            [-85.508717999590132, 38.019264999783246],
            [-85.508756000123284, 38.019188000283521],
            [-85.508942999721043, 38.018817999867707],
            [-85.509001000345663, 38.01870299987435],
            [-85.509136999889776, 38.018429999961363],
            [-85.509291999700494, 38.018124000071055],
            [-85.509475999823522, 38.01775799992582],
            [-85.509670999817175, 38.017371000069758],
            [-85.509879000229645, 38.016956000127728],
            [-85.509981000336879, 38.016753000023272],
            [-85.510065999827376, 38.016585999766875],
            [-85.51020999976744, 38.01629900025106],
            [-85.510340000362092, 38.016041000156143],
            [-85.510469000233513, 38.015782999860782],
            [-85.510668000425156, 38.015387999972411],
            [-85.510879000312343, 38.01496799995985],
            [-85.51107299958278, 38.014584000349721],
            [-85.511291999865904, 38.014149000019806],
            [-85.511402000369074, 38.013928999829893],
            [-85.51149899955513, 38.01373699967786],
            [-85.511551000331991, 38.013632000012372],
            [-85.511667999609543, 38.01340099979415],
            [-85.511763000044098, 38.013210999789038],
            [-85.511813000272809, 38.013111999721602],
            [-85.51186199977829, 38.013014000288081],
            [-85.511922999877655, 38.012876999740982],
            [-85.512057999596877, 38.012625000023924],
            [-85.512066999817719, 38.012304999696426],
            [-85.512076000038533, 38.011971999840867],
            [-85.5122710000322, 38.011221999879936],
            [-85.512354999697791, 38.011067000091977],
            [-85.512450999957267, 38.010891000236725],
            [-85.512794999913851, 38.010750999696263],
            [-85.513240999977683, 38.010711999685135],
            [-85.513712999980783, 38.010667999901813],
            [-85.514517000244908, 38.010593000049312],
            [-85.514625000199942, 38.010585000013329],
            [-85.515005999966462, 38.010626000276979],
            [-85.515879999652455, 38.011042000049812],
            [-85.516476000402434, 38.011256999992149],
            [-85.516499999793581, 38.011258000075998],
            [-85.516882000283303, 38.011267000122267],
            [-85.516750999863731, 38.011169999722739],
            [-85.516290999556205, 38.010827000184648],
            [-85.515502000258991, 38.010238000178219],
            [-85.514686000299307, 38.009628999690925],
            [-85.514383000350605, 38.00940200003496],
            [-85.513645000208726, 38.00885399974316],
            [-85.513365999651143, 38.008645999960031],
            [-85.513056000029749, 38.008410999818324],
            [-85.512272999682025, 38.007830999979518],
            [-85.511794000006233, 38.007472999775537],
            [-85.511655999913984, 38.007369999905116],
            [-85.510906999901437, 38.006811999967759],
            [-85.510230999683841, 38.006308999881867],
            [-85.510105000185447, 38.006213000152982],
            [-85.509478000371644, 38.005746999727393],
            [-85.508827000268397, 38.005262000273646],
            [-85.50833199980076, 38.004887999659914],
            [-85.507980000346564, 38.004629000282065],
            [-85.507513000366316, 38.004281999862037],
            [-85.506587999728382, 38.003592999992669],
            [-85.506068999869612, 38.003205999674712],
            [-85.505530999744266, 38.002805000190307],
            [-85.505043999672552, 38.0024419999081],
            [-85.504117000283102, 38.001762999748905],
            [-85.503070000344721, 38.0009959998496],
            [-85.502092000003316, 38.000279000086131],
            [-85.501923999773837, 38.000155000037019],
            [-85.501200999700572, 37.999626999901196],
            [-85.500398000159663, 37.999039000070297],
            [-85.499528999598226, 37.998387999738938],
            [-85.498550000330226, 37.997654999900398],
            [-85.498370000405174, 37.997520000218728],
            [-85.497746999891007, 37.997053999764788],
            [-85.497069999848492, 37.996545999986246],
            [-85.496874999854825, 37.996400000067837],
            [-85.496350000148269, 37.996006999682329],
            [-85.495812999847843, 37.99560500017882],
            [-85.495156999721715, 37.995113999782632],
            [-85.494602999702835, 37.994698999854833],
            [-85.493751999583054, 37.994062000148503],
            [-85.492717000238557, 37.993286999906921],
            [-85.491999000188173, 37.992747999724315],
            [-85.491769000034395, 37.992575999728246],
            [-85.491603000353038, 37.992452000106567],
            [-85.491577000413784, 37.992433000009008],
            [-85.49154599955331, 37.992409000325836],
            [-85.491127000151977, 37.992095000207946],
            [-85.490291999925716, 37.991469999833086],
            [-85.489621999555879, 37.990969000011219],
            [-85.489202000329641, 37.990653999736359],
            [-85.490317999864985, 37.990028000162539],
            [-85.491370999651139, 37.989439000165753],
            [-85.491472999758386, 37.989380999966812],
            [-85.492801999729068, 37.988634000203],
            [-85.494553000372449, 37.987651999797095],
            [-85.495289999791098, 37.987239000248607],
            [-85.495821000243765, 37.986941000227681],
            [-85.497311999697814, 37.986104000266494],
            [-85.499285000099064, 37.984991000244186],
            [-85.50024800037184, 37.984457999863359],
            [-85.501219999967148, 37.983915999997073],
            [-85.503530999578857, 37.982616000082153],
            [-85.505356999666986, 37.981597000199216],
            [-85.506505999712616, 37.98094699992668],
            [-85.510347000034784, 37.978791999930927],
            [-85.512847999617293, 37.977387999843764],
            [-85.514476000237039, 37.976480000025205],
            [-85.51478000001066, 37.976305999716402],
            [-85.515592999597288, 37.97584999975809],
            [-85.519580000407629, 37.97361300015988],
            [-85.522059000248845, 37.972228999722418],
            [-85.522241999648628, 37.972119999764018],
            [-85.522520000381292, 37.971964000276174],
            [-85.529212999915245, 37.96820999988801],
            [-85.53094500029205, 37.967238000002816],
            [-85.532412000355009, 37.966415000352313],
            [-85.533603000233413, 37.96574700025927],
            [-85.53422500002435, 37.965402000049238],
            [-85.534301000192315, 37.965355999993179],
            [-85.534153999879223, 37.965227999685602],
            [-85.533871000022003, 37.965120999965443],
            [-85.533568000073316, 37.96506199966251],
            [-85.53297899989434, 37.965316999923125],
            [-85.532695000212215, 37.965362000002173],
            [-85.532561000317912, 37.965301999890649],
            [-85.532468000431493, 37.965175000201093],
            [-85.5324419995939, 37.96498199988433],
            [-85.532412000355009, 37.964764000241082],
            [-85.532465999883357, 37.964115999663527],
            [-85.532434999921222, 37.963967000309061],
            [-85.532358999753242, 37.963822000033822],
            [-85.532198000094752, 37.963711000293877],
            [-85.532013000146833, 37.963677000180446],
            [-85.531900999993823, 37.963679000229249],
            [-85.53162399998439, 37.96369499990918],
            [-85.530889000215566, 37.963527999935195],
            [-85.530599999612235, 37.963508000112178],
            [-85.530206000325251, 37.96346599968706],
            [-85.529823000010623, 37.963357000174788],
            [-85.529443999893914, 37.963248999822703],
            [-85.529126999701518, 37.963158999880143],
            [-85.528304000069156, 37.962841999849196],
            [-85.527883000119658, 37.962593999766845],
            [-85.527761999745834, 37.962484000336055],
            [-85.527574000323185, 37.962185000323089],
            [-85.527226999993545, 37.96202700017043],
            [-85.527083000053494, 37.961975999887237],
            [-85.526941999588189, 37.961600000163955],
            [-85.526708999959681, 37.961222999874202],
            [-85.52656599984455, 37.961040999749883],
            [-85.526183000428219, 37.960868999801633],
            [-85.525989000259457, 37.960722999718804],
            [-85.525804000311538, 37.960432000167607],
            [-85.525646000127807, 37.960145999825883],
            [-85.525270000384154, 37.959595999688624],
            [-85.525186999645143, 37.95950099982079],
            [-85.525045000253257, 37.959224000160766],
            [-85.524858999582108, 37.959000999982209],
            [-85.524738000106595, 37.95885900008733],
            [-85.524364999837687, 37.958317999688177],
            [-85.524025999903984, 37.957832000335898],
            [-85.52391999959876, 37.957551999724089],
            [-85.52396200032986, 37.957186999840779],
            [-85.524203000354291, 37.956792999681376],
            [-85.524352000317208, 37.956636000089638],
            [-85.524563000204409, 37.956393000208685],
            [-85.52464199984712, 37.95605600028496],
            [-85.524933000100248, 37.955540999758192],
            [-85.52492600042757, 37.955225000274389],
            [-85.524998000397588, 37.954676000265295],
            [-85.525166999553676, 37.954048000201155],
            [-85.525235000224058, 37.953810000343964],
            [-85.525189000193294, 37.953415999778336],
            [-85.525162000429106, 37.953255000094963],
            [-85.525244000444872, 37.952746000094663],
            [-85.525374000141213, 37.952536000246901],
            [-85.525544999845451, 37.952330999985151],
            [-85.526053999658473, 37.952031000246748],
            [-85.526151999567759, 37.951985000315517],
            [-85.52628299998733, 37.951912000334637],
            [-85.526445000369037, 37.9517700001932],
            [-85.526862999945479, 37.95124299987765],
            [-85.52741799978925, 37.950799999857217],
            [-85.527673000057376, 37.950407000353259],
            [-85.527820000370454, 37.950160000283113],
            [-85.528057000196924, 37.949704000151407],
            [-85.528155000106239, 37.949426000161303],
            [-85.52837600003916, 37.949064000238472],
            [-85.528750000132973, 37.948725999756974],
            [-85.529133000447629, 37.948329999792591],
            [-85.52956199989471, 37.947809000328611],
            [-85.529657000329266, 37.947677999880803],
            [-85.529946000034258, 37.947231000039089],
            [-85.530353999564966, 37.947019999760109],
            [-85.530658000236883, 37.946879999878526],
            [-85.531017000262082, 37.946662999889043],
            [-85.531798999886576, 37.946272000030298],
            [-85.532155000437044, 37.945979000076861],
            [-85.532638000310811, 37.945801000088281],
            [-85.532942000084418, 37.945659999739554],
            [-85.533161000367528, 37.945450999744743],
            [-85.533248000406175, 37.945316999936963],
            [-85.5335320000883, 37.944960000292525],
            [-85.533655999936855, 37.944429000279861],
            [-85.533997000418694, 37.944027999783188],
            [-85.534430000063765, 37.943812999753419],
            [-85.534876999952502, 37.943778000051495],
            [-85.535282999833356, 37.943887000282778],
            [-85.535544999774174, 37.944068000114697],
            [-85.535749999813603, 37.944122000244334],
            [-85.536087999922401, 37.944085999690031],
            [-85.536347000388488, 37.94394500030095],
            [-85.536991999745638, 37.943344000237275],
            [-85.537390999953814, 37.942869999731712],
            [-85.537457000076046, 37.942791999777029],
            [-85.537821999949031, 37.942391000265339],
            [-85.538086000437985, 37.942109999989128],
            [-85.538365999922163, 37.941951000256815],
            [-85.538883000131122, 37.941772999720705],
            [-85.539010000352704, 37.941693000079589],
            [-85.539453999868414, 37.941519000222968],
            [-85.539716999634138, 37.941309999785446],
            [-85.540014999559986, 37.941097999883489],
            [-85.54095199989348, 37.940783999874149],
            [-85.54137799986583, 37.940642000187466],
            [-85.541741999913924, 37.940502000197846],
            [-85.542398999864943, 37.94045499979233],
            [-85.542536999957207, 37.940435000062884],
            [-85.542916999898807, 37.940359000332855],
            [-85.543107999694527, 37.940091000322099],
            [-85.543236999565934, 37.939767999946163],
            [-85.543364999612464, 37.939507999899888],
            [-85.543562000154267, 37.939355999860936],
            [-85.543849000209462, 37.939135999956278],
            [-85.54412299984584, 37.938746999740168],
            [-85.54432899971016, 37.938239999866731],
            [-85.544440999863141, 37.937965000135328],
            [-85.544452999558729, 37.937935000231171],
            [-85.54447000017548, 37.937773000253877],
            [-85.544534999574481, 37.937599999997595],
            [-85.544693999583131, 37.937172000017632],
            [-85.544746000359979, 37.936547000299242],
            [-85.544876999881239, 37.936219000069762],
            [-85.545183000202996, 37.935785999946866],
            [-85.545349999709245, 37.935551999951016],
            [-85.545534999657193, 37.935157999958427],
            [-85.545631999741573, 37.934967000244981],
            [-85.545827999560146, 37.934815999734461],
            [-85.545990999766772, 37.934498000248944],
            [-85.546399000195763, 37.933988999967148],
            [-85.546579999945735, 37.933559000056206],
            [-85.546856000130262, 37.933341999699849],
            [-85.546973000306139, 37.933149000056055],
            [-85.547139999812387, 37.933024999947762],
            [-85.547150999683041, 37.932968999990287],
            [-85.547224000376289, 37.932597999991664],
            [-85.547261000186211, 37.93173799980346],
            [-85.547651000173545, 37.93111200017789],
            [-85.547932000380953, 37.930620000106344],
            [-85.547965999817805, 37.93029099987622],
            [-85.548139000070179, 37.930216999828424],
            [-85.548585999958931, 37.930182000028772],
            [-85.54885200009771, 37.930081000331427],
            [-85.549010000281456, 37.929975000205175],
            [-85.549105999642606, 37.92979100034507],
            [-85.549174000312988, 37.929577000251989],
            [-85.548999000410788, 37.928839999942767],
            [-85.548980999969146, 37.928491999899826],
            [-85.549073999855551, 37.928243000263087],
            [-85.549430000406019, 37.927834999983034],
            [-85.549725999783703, 37.927560000297184],
            [-85.549919000127559, 37.927256000091596],
            [-85.550058000044729, 37.927073000326807],
            [-85.550333000404336, 37.926855000140357],
            [-85.550495999712638, 37.926753000305709],
            [-85.550834999646355, 37.926397000302011],
            [-85.551176999953142, 37.926164000007304],
            [-85.551485999749616, 37.925954999841665],
            [-85.552166000165187, 37.925660999837149],
            [-85.55241300003739, 37.925565000188485],
            [-85.552905000131972, 37.925535000184006],
            [-85.55363999990081, 37.925544000115757],
            [-85.554224999881825, 37.925514999937967],
            [-85.554553999769794, 37.925415999880265],
            [-85.554716999976421, 37.925328000032017],
            [-85.554978000092319, 37.925088000297031],
            [-85.555286000063887, 37.924640999818585],
            [-85.555372000277615, 37.924429999875734],
            [-85.555539999608783, 37.924256000253187],
            [-85.555611999578815, 37.924073000108187],
            [-85.555729999579597, 37.923979000224548],
            [-85.55617700036666, 37.92388500022075],
            [-85.556588000270395, 37.923835000245148],
            [-85.5570460000298, 37.923778999665217],
            [-85.557872999860123, 37.923704000289597],
            [-85.558241000106165, 37.923626999698335],
            [-85.558474999559579, 37.923564999789477],
            [-85.55868100032221, 37.923511000146249],
            [-85.559335999725107, 37.923225999797758],
            [-85.559864999629625, 37.923069999922447],
            [-85.56028800012723, 37.923011999729965],
            [-85.560775000198959, 37.922999999879892],
            [-85.56125200022494, 37.923054999767075],
            [-85.561850999551339, 37.923185000303185],
            [-85.562065999636502, 37.92327700005314],
            [-85.562826000417999, 37.923475999988902],
            [-85.5629390003959, 37.923781000091601],
            [-85.563038000130106, 37.923991999770848],
            [-85.563213999857211, 37.924210999795086],
            [-85.56346199955432, 37.924304000239069],
            [-85.563757000005424, 37.924371000196473],
            [-85.563979999588184, 37.924458999772746],
            [-85.564111000007742, 37.924653999956476],
            [-85.564217000312951, 37.924750999931582],
            [-85.56435700005504, 37.924787999881083],
            [-85.564555000421777, 37.924750000085922],
            [-85.564839999928807, 37.92484299984816],
            [-85.565002000310514, 37.92489500024304],
            [-85.565173000014724, 37.924910999866576],
            [-85.565331000198483, 37.924899000326434],
            [-85.565474000313614, 37.924801999837953],
            [-85.565597000337249, 37.924676999976782],
            [-85.56577600043741, 37.924453999815796],
            [-85.565971000431077, 37.924185000068995],
            [-85.566149999632898, 37.924083999928406],
            [-85.566272999656547, 37.924035999798924],
            [-85.566434000213349, 37.923890000216453],
            [-85.566512999856059, 37.923665000073811],
            [-85.566497999787458, 37.923516000167375],
            [-85.566464000350578, 37.923294999759683],
            [-85.566284000425526, 37.92301300030789],
            [-85.56607799966288, 37.922849000300275],
            [-85.565915000354565, 37.922779000047356],
            [-85.565835999813544, 37.922620000308584],
            [-85.565794999805661, 37.922444000192378],
            [-85.565797000353811, 37.922267999654963],
            [-85.565853000430295, 37.922170000066977],
            [-85.565889000415311, 37.922103000230116],
            [-85.566257999587933, 37.921823000230219],
            [-85.566332000106101, 37.921670999763585],
            [-85.566209999907358, 37.921458000021687],
            [-85.566040999852945, 37.921189999839278],
            [-85.565865999950773, 37.92108000006872],
            [-85.565742999927124, 37.920961000350736],
            [-85.565721000185818, 37.920839000035024],
            [-85.565845999859292, 37.920697000086484],
            [-85.565942999943658, 37.920567000112747],
            [-85.565891999890042, 37.920385999810271],
            [-85.565723999660534, 37.920253000275054],
            [-85.565614999880594, 37.920131000202154],
            [-85.56560200036013, 37.920031000072804],
            [-85.565690000223682, 37.919946999802377],
            [-85.565932999897925, 37.919909000340319],
            [-85.566137999937339, 37.919834999765008],
            [-85.566301000143952, 37.919589000324365],
            [-85.566441999710946, 37.919382999652754],
            [-85.566597000419961, 37.91925500003186],
            [-85.566715000420729, 37.919039999824086],
            [-85.566922000109969, 37.918811999945511],
            [-85.567083999593365, 37.918674999976865],
            [-85.567502000068117, 37.918507999716581],
            [-85.567678999620128, 37.918370999890371],
            [-85.567846999849621, 37.918337000054372],
            [-85.568003000383541, 37.918176999989669],
            [-85.568224000316476, 37.918053000143026],
            [-85.56840599989134, 37.917987999974187],
            [-85.568599000235196, 37.917805999762749],
            [-85.568687999923668, 37.917680000115737],
            [-85.56883500023676, 37.917579000254129],
            [-85.568942000366874, 37.917570000056223],
            [-85.569113000071084, 37.91755500019643],
            [-85.569318999935419, 37.917620999981892],
            [-85.569493999837604, 37.917654000206738],
            [-85.569655000394405, 37.91763799971303],
            [-85.569825000273724, 37.917500999683647],
            [-85.570084999666392, 37.917427000228962],
            [-85.570497000293358, 37.917260999917318],
            [-85.570782999625308, 37.917048000159674],
            [-85.571100999642624, 37.916858000124897],
            [-85.571459999667809, 37.91661499980907],
            [-85.571945999914632, 37.916426999990883],
            [-85.572306999589657, 37.916218999752779],
            [-85.572519000200074, 37.916150000238957],
            [-85.572761999874317, 37.915995000201498],
            [-85.57305599960219, 37.916043999873722],
            [-85.573442000289887, 37.916188000225695],
            [-85.573741999865547, 37.916375999946034],
            [-85.574033999943595, 37.916582999783479],
            [-85.574356000158872, 37.91672599983422],
            [-85.574782000131208, 37.916821999682575],
            [-85.575222000347253, 37.91692199992287],
            [-85.575610999611385, 37.916835999738602],
            [-85.575759999574302, 37.916769999957445],
            [-85.575926999978876, 37.916687000170079],
            [-85.576162999980426, 37.916370000188586],
            [-85.576503999563954, 37.915904999778363],
            [-85.576835999824979, 37.91544499983322],
            [-85.577168000086004, 37.915011999968073],
            [-85.577404000087554, 37.914799000076272],
            [-85.577866000044907, 37.914655999822799],
            [-85.578061999863507, 37.914513999984948],
            [-85.578187000435278, 37.914316999870756],
            [-85.57843099993444, 37.913977999773913],
            [-85.578660000263312, 37.913736999856702],
            [-85.578933000074784, 37.913311999869755],
            [-85.579067999793992, 37.912948999959504],
            [-85.579340999605463, 37.912737999782046],
            [-85.579421999796324, 37.912682999975566],
            [-85.579974000165365, 37.912288000028695],
            [-85.580342000411392, 37.912058999755715],
            [-85.580723000177912, 37.911856000028784],
            [-85.58093900008798, 37.911615000247203],
            [-85.581114999815071, 37.911382999923397],
            [-85.58139400037264, 37.911224000354252],
            [-85.581637000046882, 37.911023999837717],
            [-85.581960999911971, 37.910892999743353],
            [-85.582253999814938, 37.910865000201497],
            [-85.583227999958396, 37.911186999959476],
            [-85.583269999791185, 37.911194000169679],
            [-85.58355400037162, 37.911241000146319],
            [-85.583613999747769, 37.911228999793245],
            [-85.583862000343188, 37.9111809997788],
            [-85.58394600000878, 37.911047999900092],
            [-85.583966999925167, 37.910857999959994],
            [-85.583962999727206, 37.910748999657223],
            [-85.583955000229608, 37.910534000101585],
            [-85.583839999703571, 37.910252999959404],
            [-85.583853999947266, 37.90999100033541],
            [-85.583966000100261, 37.909704999994631],
            [-85.584193999705903, 37.909440999729114],
            [-85.584628000074161, 37.909162999837712],
            [-85.584901999710553, 37.908950000020972],
            [-85.5850039998178, 37.908863999730528],
            [-85.585053000221606, 37.908790000092424],
            [-85.58519200013879, 37.908525000021314],
            [-85.585439000010993, 37.90835299976392],
            [-85.585557000011775, 37.908075000014243],
            [-85.585566000232589, 37.907922000121999],
            [-85.585683000408466, 37.907728999674426],
            [-85.585629999806699, 37.90749000000136],
            [-85.58545999992738, 37.907194999811907],
            [-85.58537899973652, 37.906960000172155],
            [-85.58533299970577, 37.906783000059505],
            [-85.585423999942364, 37.906395000289208],
            [-85.585110000123024, 37.90630099978484],
            [-85.584838999961363, 37.906226000306724],
            [-85.584777000037079, 37.906204999673676],
            [-85.584700999869114, 37.906178999961632],
            [-85.584503000400701, 37.906125999702333],
            [-85.584455999646707, 37.906111000344183],
            [-85.584409999615971, 37.906096000274182],
            [-85.583469999807718, 37.905878999675508],
            [-85.583115999805386, 37.905796999753044],
            [-85.582991999956832, 37.90577300010419],
            [-85.582237999921418, 37.905658000142488],
            [-85.581592999665958, 37.905546000321358],
            [-85.580872999965734, 37.90540800034529],
            [-85.580585999910554, 37.905358999967959],
            [-85.580443999620329, 37.905341000124935],
            [-85.580302000228414, 37.905317999728389],
            [-85.580108000059667, 37.905274999953988],
            [-85.579431999842072, 37.905151000331863],
            [-85.579122000220679, 37.905067000080457],
            [-85.578552000308264, 37.904944000222734],
            [-85.577984999870623, 37.904798999717343],
            [-85.577356000406979, 37.904599000164517],
            [-85.576891999901477, 37.904436999745535],
            [-85.576789999794229, 37.904393000042653],
            [-85.576624000112872, 37.904321999822322],
            [-85.576105000254117, 37.904069000067452],
            [-85.575850999810896, 37.903937000219869],
            [-85.575602000288868, 37.903799000061596],
            [-85.575201000430894, 37.903553000154652],
            [-85.574890999911162, 37.903348000076569],
            [-85.574248000203852, 37.902896000020114],
            [-85.573450999612405, 37.902333999863671],
            [-85.569980999909305, 37.899888999799892],
            [-85.564817000362581, 37.896242000345936],
            [-85.563804999685985, 37.895533000315325],
            [-85.56306700044243, 37.895032000303445],
            [-85.562233000041061, 37.894494000144491],
            [-85.561638000014327, 37.894131999816956],
            [-85.561082000345621, 37.893806999772771],
            [-85.560940999880316, 37.893724000310151],
            [-85.559390999976713, 37.892840999926712],
            [-85.559328000227509, 37.892806000064191],
            [-85.557523999880672, 37.891774000326038],
            [-85.556605999813726, 37.891249000121569],
            [-85.556250000161583, 37.891045999700516],
            [-85.555895000334345, 37.890841999831096],
            [-85.555821999641111, 37.890799999704385],
            [-85.555125000405411, 37.890401000141509],
            [-85.554274000285631, 37.889914000157695],
            [-85.553669000213119, 37.889574000032567],
            [-85.552796000352032, 37.889067000019899],
            [-85.552404999641482, 37.88883700017189],
            [-85.551648999956242, 37.888368000222158],
            [-85.551246000448415, 37.888096000066248],
            [-85.550704999950028, 37.887701999648442],
            [-85.550248000015543, 37.887349000305029],
            [-85.550037000128327, 37.887177999831884],
            [-85.549693000171757, 37.886886999780465],
            [-85.549582999668587, 37.886794000245132],
            [-85.549079999703338, 37.886350000021196],
            [-85.545851000024669, 37.883444000325611],
            [-85.544994999882022, 37.882671999658491],
            [-85.544137999914454, 37.881900000115898],
            [-85.543573000024921, 37.881391000280779],
            [-85.542453000291616, 37.880383000216497],
            [-85.541714000324816, 37.879740000343133],
            [-85.541279999956544, 37.879377999797192],
            [-85.540838000090687, 37.879023999791315],
            [-85.540047000245352, 37.878417999978126],
            [-85.539915000000875, 37.878317000115402],
            [-85.539028999720969, 37.87766300026415],
            [-85.53726700010526, 37.876377999678581],
            [-85.536082999899534, 37.875514000314148],
            [-85.535682999866452, 37.875216999987018],
            [-85.534907000089746, 37.874633000299561],
            [-85.534652999646525, 37.874434000153443],
            [-85.533969999756209, 37.873903999857227],
            [-85.533921000250729, 37.873861999997146],
            [-85.533077999628546, 37.87314199968516],
            [-85.532844000175132, 37.872947999677962],
            [-85.532410999631765, 37.872556000165986],
            [-85.531643000250966, 37.871814000190923],
            [-85.53093199987326, 37.871117000171864],
            [-85.530705000092539, 37.870906999778974],
            [-85.530488000357579, 37.870696000334696],
            [-85.530279000120188, 37.870481999955096],
            [-85.529878000262215, 37.870090999965846],
            [-85.529628999841862, 37.86984899970372],
            [-85.528268999909031, 37.868503999981534],
            [-85.527457000147308, 37.867709999980164],
            [-85.526664999578756, 37.866935999796205],
            [-85.52497599975797, 37.865285999917376],
            [-85.523733999825922, 37.864062000238143],
            [-85.523601999581459, 37.863937999991734],
            [-85.523214999967152, 37.864194999910225],
            [-85.522552999993266, 37.863549999931884],
            [-85.52229699990022, 37.863332000190049],
            [-85.522306999945954, 37.863324999683414],
            [-85.522428000319778, 37.863236000073208],
            [-85.522659000298461, 37.863065000353117],
            [-85.52196299998937, 37.862467000327371],
            [-85.521397000274945, 37.861998999821068],
            [-85.521169999595912, 37.861812000203173],
            [-85.521156000250528, 37.861800000302559],
            [-85.520540000307363, 37.861290999880403],
            [-85.518951000045689, 37.859988999990193],
            [-85.518730999937659, 37.859808999659919],
            [-85.518494999936109, 37.859616000031046],
            [-85.51819500036045, 37.859385999706731],
            [-85.517829999589168, 37.859091999702642],
            [-85.516380000142988, 37.85789899996751],
            [-85.515222999701422, 37.856950000348029],
            [-85.515022999684902, 37.856785999938744],
            [-85.514227999641605, 37.856143999869374],
            [-85.51293600037917, 37.855111999932028],
            [-85.511866999801171, 37.854266999816851],
            [-85.51164199967026, 37.854461000066117],
            [-85.511517999821706, 37.854567999835297],
            [-85.511346000292576, 37.854418999762977],
            [-85.510473000431475, 37.85371800007043],
            [-85.510138999622328, 37.853448999951645],
            [-85.509669999992255, 37.85323900027884],
            [-85.509550000341648, 37.853183999995508],
            [-85.50951400035666, 37.853168999782156],
            [-85.508519000296829, 37.85240399974905],
            [-85.508413999816526, 37.852170999961636],
            [-85.508330000150934, 37.852109000146811],
            [-85.508340000196668, 37.852097000085131],
            [-85.508443000128835, 37.851994000066277],
            [-85.508494000182466, 37.85194500031669],
            [-85.508553999558615, 37.851877999679935],
            [-85.508688000351228, 37.851755999761565],
            [-85.508827000268397, 37.851638000160129],
            [-85.509131000042004, 37.851413999856092],
            [-85.508689000176133, 37.851446999972133],
            [-85.506935999882927, 37.849839000293002],
            [-85.506415000374346, 37.849515000024624],
            [-85.505884999746598, 37.849081999652206],
            [-85.505792999685085, 37.848872999766684],
            [-85.505134000084226, 37.848397000229411],
            [-85.504520999615821, 37.847955999658048],
            [-85.503928999962113, 37.847569000067274],
            [-85.502907999963014, 37.84690000033406],
            [-85.502404000172859, 37.846557999894593],
            [-85.504761999640237, 37.846736000267356],
            [-85.507489000076887, 37.846941999955106],
            [-85.510870000091501, 37.843900000183233],
            [-85.512011999566127, 37.842872000108969],
            [-85.512480000269576, 37.84245099996037],
            [-85.5126509999738, 37.842296999657883],
            [-85.51277999984525, 37.842181000332467],
            [-85.51591099961459, 37.839364000265384],
            [-85.515729999864647, 37.839137999677305],
            [-85.515653999696653, 37.838951000242943],
            [-85.515522000350501, 37.838808000230465],
            [-85.515488000015296, 37.838605000024295],
            [-85.515543000266888, 37.838364000270445],
            [-85.515632999780252, 37.83817099983797],
            [-85.51591099961459, 37.837798000166295],
            [-85.516056000277871, 37.837649999868987],
            [-85.516091000437967, 37.837567000272124],
            [-85.516057000102791, 37.837463000209553],
            [-85.515986999782584, 37.837357999677053],
            [-85.515889999698217, 37.837309000134141],
            [-85.515827999773933, 37.837265000053527],
            [-85.51578699976605, 37.837176999813515],
            [-85.515703000100459, 37.837078000127569],
            [-85.515606999840983, 37.836996000215386],
            [-85.515558000335503, 37.836716000001296],
            [-85.515441000159655, 37.836550999656204],
            [-85.515190999914381, 37.83643499980748],
            [-85.514901000384469, 37.836324999672371],
            [-85.514492000130559, 37.835945999962938],
            [-85.514312000205507, 37.835847000043827],
            [-85.514188000356953, 37.835747999991845],
            [-85.514112000188959, 37.835397000026909],
            [-85.51407000035617, 37.835353000224814],
            [-85.514056000112475, 37.83527000017191],
            [-85.514077000028863, 37.835111000134582],
            [-85.514153000196828, 37.834989999791759],
            [-85.514230000189741, 37.83480899979385],
            [-85.514215999946018, 37.834699000072064],
            [-85.514147000349055, 37.834632999734588],
            [-85.514139999778052, 37.834518000069679],
            [-85.51425799977882, 37.834368999922589],
            [-85.51425799977882, 37.834117000026993],
            [-85.514299999611623, 37.834029000288581],
            [-85.514354999863201, 37.833808999773936],
            [-85.514265000349837, 37.833468000020993],
            [-85.514092000097492, 37.833051000226142],
            [-85.514119999686571, 37.832984999833329],
            [-85.514355999688121, 37.832869999727983],
            [-85.514349000015429, 37.832781999921167],
            [-85.514313999855332, 37.832676999820826],
            [-85.514169000090376, 37.832440999678347],
            [-85.513906000324624, 37.832057000033679],
            [-85.513836999829351, 37.831859000267364],
            [-85.513760999661358, 37.831743000135951],
            [-85.513774999905081, 37.83167699999202],
            [-85.513851000073046, 37.831605999911005],
            [-85.513830000156645, 37.831446999781519],
            [-85.51375399998868, 37.831309000020603],
            [-85.513760999661358, 37.831276000116631],
            [-85.513865000316756, 37.831276999812943],
            [-85.51394099958641, 37.831238000294988],
            [-85.51394099958641, 37.831156000277005],
            [-85.513921000393253, 37.831062000230823],
            [-85.513886000233157, 37.830979000316901],
            [-85.513824000308873, 37.830832000231695],
            [-85.513795999821482, 37.83073799977273],
            [-85.513748000140879, 37.830645000317887],
            [-85.513678999645606, 37.830568000299102],
            [-85.513665000300222, 37.830440999935902],
            [-85.513630000140125, 37.830326000122348],
            [-85.513574999888533, 37.830211000129566],
            [-85.513463999560457, 37.830083999861408],
            [-85.513463999560457, 37.829974000189949],
            [-85.513477999804152, 37.829870000065895],
            [-85.513554999797037, 37.829770999798029],
            [-85.513630999965017, 37.829770999798029],
            [-85.513804000217391, 37.829820999806586],
            [-85.513872999814367, 37.829815000091145],
            [-85.513880000385385, 37.829765999795306],
            [-85.513789999973667, 37.829485999811773],
            [-85.513333000039196, 37.829193999943854],
            [-85.513201999619625, 37.829023999750987],
            [-85.512938999853887, 37.828622999647735],
            [-85.512820999853119, 37.828518000014455],
            [-85.512744999685125, 37.828303999934377],
            [-85.512628000407574, 37.828100999914774],
            [-85.512419999995117, 37.827941000295759],
            [-85.512178000145795, 37.827726999961385],
            [-85.5120810000614, 37.827562000088861],
            [-85.512060000145013, 37.827418999995494],
            [-85.512087999734121, 37.827277000085132],
            [-85.512066999817719, 37.82713400014903],
            [-85.511943999794056, 37.827020999656185],
            [-85.511761000394273, 37.827186999780544],
            [-85.511690000249146, 37.827240999834544],
            [-85.511623000302009, 37.827291000138402],
            [-85.511472999615876, 37.827376000151418],
            [-85.511305000284693, 37.827435999976473],
            [-85.511128999659277, 37.827469000178745],
            [-85.510948999734225, 37.82747599983275],
            [-85.510767000159348, 37.82745899986098],
            [-85.510583999861225, 37.827424999905759],
            [-85.509834000023787, 37.827255999645431],
            [-85.50956299986214, 37.82717299970755],
            [-85.509372999891355, 37.827103000012194],
            [-85.509187000118501, 37.827016999930699],
            [-85.509004999645313, 37.826918000092292],
            [-85.508829999743114, 37.826807000201512],
            [-85.508546999885908, 37.82659999986334],
            [-85.508335000173801, 37.826436000070977],
            [-85.508043999920659, 37.826195000298824],
            [-85.507386999969626, 37.825628999785458],
            [-85.5072299996108, 37.825486000203654],
            [-85.506695999683416, 37.824965999840074],
            [-85.506499000039938, 37.824801000180216],
            [-85.50634400022922, 37.824693000009582],
            [-85.50623299990113, 37.824629000228079],
            [-85.506057000174039, 37.824543999889229],
            [-85.505873000051025, 37.824469000176741],
            [-85.50568200025532, 37.824402999912614],
            [-85.505422999789232, 37.824331000137697],
            [-85.505287000245104, 37.82429799995127],
            [-85.505076000357917, 37.824264999750142],
            [-85.504784000279869, 37.824226999865758],
            [-85.503991999711303, 37.824136000305842],
            [-85.5038910003273, 37.824123999950011],
            [-85.50343299966957, 37.824065999858483],
            [-85.503138999941697, 37.824021999685165],
            [-85.502904999589958, 37.823986999770511],
            [-85.502153000102695, 37.8238649998368],
            [-85.502081999957582, 37.823861999736977],
            [-85.50196700032987, 37.823856000246629],
            [-85.50179200042767, 37.823860000143483],
            [-85.501630999870883, 37.823881000130413],
            [-85.501466999839337, 37.823919000192909],
            [-85.501357000234478, 37.82395199983921],
            [-85.501139999601193, 37.82403499985196],
            [-85.500988999988465, 37.824110000005504],
            [-85.500840000025548, 37.824195999926921],
            [-85.500195999594993, 37.824613999883212],
            [-85.499978999860005, 37.824732999933516],
            [-85.499805999607659, 37.824809999655109],
            [-85.499562000108497, 37.824896000179969],
            [-85.498611000429577, 37.825162999875417],
            [-85.4981489995739, 37.825302000264628],
            [-85.497813999838158, 37.825408999768229],
            [-85.49761399982161, 37.825480000135741],
            [-85.497106999658413, 37.825677999990255],
            [-85.495988999574934, 37.82612999992525],
            [-85.494668000000161, 37.826650999650944],
            [-85.493807999659552, 37.826999000098937],
            [-85.492878999721952, 37.827376999900565],
            [-85.491896000256006, 37.827766999659907],
            [-85.491066000052612, 37.82809599979894],
            [-85.490691999958798, 37.828233999892859],
            [-85.490474000398905, 37.828309000036178],
            [-85.490306000169426, 37.828360000061693],
            [-85.490020999764056, 37.828440000169905],
            [-85.489667999586658, 37.828526999745598],
            [-85.4893119999345, 37.828600000126031],
            [-85.488152999843138, 37.82877799984692],
            [-85.487104000254945, 37.828929000098675],
            [-85.486857000382727, 37.828978000240852],
            [-85.486739000381959, 37.829010000026507],
            [-85.486626000404058, 37.829046000123597],
            [-85.486515000075968, 37.829088999704069],
            [-85.486191000210866, 37.829227999793538],
            [-85.485879999866242, 37.829404999696926],
            [-85.485718000382846, 37.829503999746365],
            [-85.485313000326897, 37.829778999659759],
            [-85.485170000211752, 37.829877000201677],
            [-85.48505499968573, 37.829768999655066],
            [-85.485058999883691, 37.829927000138397],
            [-85.485052000210999, 37.829999000129646],
            [-85.484982999715712, 37.830113999743325],
            [-85.484817000034354, 37.830245999930426],
            [-85.48469200036088, 37.830323000285247],
            [-85.484630000436596, 37.830389000221317],
            [-85.484533000352229, 37.830520999916445],
            [-85.484360000099869, 37.830789999950888],
            [-85.484263000015474, 37.830982000127328],
            [-85.484083000090422, 37.831147000156989],
            [-85.48382699999739, 37.831432999807241],
            [-85.483833999670082, 37.831520999804098],
            [-85.483882000248968, 37.831580999806228],
            [-85.483882000248968, 37.831669000336078],
            [-85.483771999745812, 37.831773000052841],
            [-85.483661000316047, 37.831816999861658],
            [-85.483417999743466, 37.83197100004994],
            [-85.483431999987189, 37.83207599973602],
            [-85.483363000390199, 37.832113999835634],
            [-85.483154999977742, 37.832174999749178],
            [-85.483113999969859, 37.832245999992139],
            [-85.482975999877596, 37.832393999779256],
            [-85.482088999772799, 37.833014999954713],
            [-85.481882000083573, 37.833086999770551],
            [-85.481764000082791, 37.833196999767431],
            [-85.481673999671102, 37.833234999999128],
            [-85.481528999906146, 37.833395000199872],
            [-85.481307000148306, 37.833510000196327],
            [-85.48070500044885, 37.833658000285844],
            [-85.479321000226577, 37.832790000165929],
            [-85.478443000342622, 37.832248000067914],
            [-85.478056999654939, 37.832009000203591],
            [-85.477926999958584, 37.832153000309575],
            [-85.477727999766955, 37.83237399976786],
            [-85.477315000213395, 37.832832000017802],
            [-85.477131000090381, 37.833014999954713],
            [-85.476925000226046, 37.833179000024259],
            [-85.476702999569895, 37.833318999881747],
            [-85.476468000291575, 37.83343499966373],
            [-85.476348999567577, 37.833483999651435],
            [-85.476105999893321, 37.833567999959996],
            [-85.475982999869672, 37.833599999883489],
            [-85.475602000103166, 37.833669000136801],
            [-85.474077000313912, 37.833843999996468],
            [-85.472994000390528, 37.833950000224441],
            [-85.472656000281731, 37.833973999866679],
            [-85.4724150002573, 37.833971999837686],
            [-85.472057999881926, 37.833948999854847],
            [-85.471843999621683, 37.833921999804218],
            [-85.4717049997045, 37.833904999898628],
            [-85.470876000224337, 37.833772000209841],
            [-85.470811999751916, 37.833760999664754],
            [-85.470630000177053, 37.833728999811143],
            [-85.470347000319819, 37.83367799994916],
            [-85.469567000345151, 37.83355999979959],
            [-85.466264999973234, 37.833010999844639],
            [-85.464834999720225, 37.83278300030657],
            [-85.464371999937939, 37.832709000130784],
            [-85.463703000291346, 37.83260599999263],
            [-85.462399000435028, 37.832370000332538],
            [-85.461611999889342, 37.8321879998987],
            [-85.460979000227752, 37.832068000123336],
            [-85.460806999800297, 37.833867000011992],
            [-85.460765999792429, 37.83435099975587],
            [-85.460699999670183, 37.835133999755094],
            [-85.460606999783764, 37.836086999876386],
            [-85.46057900019467, 37.836385000024372],
            [-85.460513000072453, 37.837117999722864],
            [-85.459488999700298, 37.837191000116732],
            [-85.459199999995292, 37.837187999849291],
            [-85.457641999695753, 37.837085000288873],
            [-85.457459000295955, 37.837044999966217],
            [-85.45724000001286, 37.83697200013733],
            [-85.457838000412664, 37.835773999738883],
            [-85.45687500013986, 37.835471000344448],
            [-85.455938999631272, 37.835177000044418],
            [-85.455429999818236, 37.835017000161024],
            [-85.454956000165311, 37.834868000312333],
            [-85.453992000067615, 37.834559999647254],
            [-85.453597999882305, 37.835321000352209],
            [-85.453381000147331, 37.83576599981771],
            [-85.454362999788387, 37.836063000212064],
            [-85.454203999779722, 37.836457999724679],
            [-85.453602999905186, 37.838100000331117],
            [-85.453351999835036, 37.83804500010659],
            [-85.452586999928954, 37.837832000307671],
            [-85.45295099997702, 37.836873000176205],
            [-85.452160000131698, 37.836638000309819],
            [-85.451920999757093, 37.836548000072149],
            [-85.451822999847806, 37.836485000266165],
            [-85.451776999817042, 37.836440999694055],
            [-85.451648999770526, 37.836253000178743],
            [-85.451616999983486, 37.836205999870359],
            [-85.451569000302911, 37.836142999772242],
            [-85.451498999982704, 37.836073999704432],
            [-85.451256000308462, 37.835868999800851],
            [-85.45047799998359, 37.835252000225026],
            [-85.449713000077523, 37.83462899971218],
            [-85.449006999722712, 37.834073000170903],
            [-85.448979000133605, 37.834038000057028],
            [-85.448976999585469, 37.833994000153879],
            [-85.449022999616233, 37.833919999773762],
            [-85.449801999765995, 37.833017000009647],
            [-85.450022999698916, 37.832784999658287],
            [-85.450236999959174, 37.832513000054341],
            [-85.451679999732676, 37.830216000102126],
            [-85.451905999688478, 37.829825000089613],
            [-85.452930999885538, 37.828222000203411],
            [-85.453644999737975, 37.827063999707129],
            [-85.452908000319312, 37.8267739997032],
            [-85.452977999741194, 37.826610000297514],
            [-85.453171999909955, 37.826319000165093],
            [-85.454033000075484, 37.825274999887938],
            [-85.454203999779722, 37.825087000302254],
            [-85.454253000183513, 37.825007999888129],
            [-85.454335000199279, 37.824824999960136],
            [-85.453843999929603, 37.824669999972521],
            [-85.453457000315325, 37.824540000029494],
            [-85.452032999910074, 37.824037999944743],
            [-85.451997999749977, 37.824027999871618],
            [-85.451945999871455, 37.824012000319463],
            [-85.451268999828912, 37.823773999830529],
            [-85.451204000429925, 37.823745999806007],
            [-85.451028999629429, 37.823684000220823],
            [-85.450628999596333, 37.823553000159158],
            [-85.450302000256485, 37.823424000179919],
            [-85.449011999745565, 37.822964000101663],
            [-85.447069000379869, 37.822279999904254],
            [-85.446228000305837, 37.821978000264728],
            [-85.445769999648107, 37.821818000142905],
            [-85.445215999629241, 37.821636999764387],
            [-85.444701999793352, 37.821454999822251],
            [-85.444156000170409, 37.821251000289372],
            [-85.443793999772154, 37.821113999744],
            [-85.443703000433885, 37.821078999869471],
            [-85.44347900012788, 37.821000000132244],
            [-85.442222000127245, 37.820552999918505],
            [-85.441862000277112, 37.820431999828457],
            [-85.441600000336308, 37.820349999865776],
            [-85.441121999587097, 37.820216000024999],
            [-85.440709000033536, 37.82011499988355],
            [-85.440252000099051, 37.820020999965045],
            [-85.440017999747326, 37.819979999766801],
            [-85.439298999872022, 37.819878000161324],
            [-85.438581999646516, 37.819802999964963],
            [-85.438347000368182, 37.819783000088997],
            [-85.437615999899009, 37.819708999649137],
            [-85.436630999884898, 37.819609999941889],
            [-85.43572500041185, 37.819518999656701],
            [-85.433341000106878, 37.819278999863606],
            [-85.433297999550874, 37.81927499971853],
            [-85.433162000006746, 37.819259999704713],
            [-85.432750000278091, 37.819213999785347],
            [-85.432250999612492, 37.819144000346704],
            [-85.431966000105461, 37.819091999767807],
            [-85.431710999837321, 37.8190370002756],
            [-85.431352999637042, 37.818945000130206],
            [-85.430940000083481, 37.818815000037866],
            [-85.430690999663128, 37.81872300032547],
            [-85.430447999988885, 37.818624000005443],
            [-85.430268999888753, 37.818546000347951],
            [-85.429946999673462, 37.818390000076036],
            [-85.429749000205064, 37.818284000203569],
            [-85.429472000195616, 37.818121000256625],
            [-85.429281000399939, 37.817997999975638],
            [-85.429094999728761, 37.817869000222338],
            [-85.428886000389724, 37.817711000178853],
            [-85.428732000403926, 37.817585000279095],
            [-85.428394000295114, 37.817273000311218],
            [-85.428235000286463, 37.817108999662921],
            [-85.42806700005697, 37.816917000292918],
            [-85.427955999728894, 37.816777999724096],
            [-85.427939999835374, 37.816757999738115],
            [-85.427831999880325, 37.816613000210062],
            [-85.427687999940289, 37.816402000074802],
            [-85.427514999687929, 37.816113999848447],
            [-85.427362000425362, 37.815817000057145],
            [-85.427298999777861, 37.815658999879616],
            [-85.427205999891441, 37.815406000045357],
            [-85.427147000340213, 37.815222999728626],
            [-85.427096000286582, 37.815038999751664],
            [-85.427036000012137, 37.814776999934118],
            [-85.427021999768428, 37.814685000156842],
            [-85.426993000354429, 37.814485000060351],
            [-85.426969000064972, 37.814165000340253],
            [-85.426968000240066, 37.814084999661304],
            [-85.426967000415146, 37.813925000172254],
            [-85.426979999935639, 37.813651000020144],
            [-85.42699500000424, 37.813499999734802],
            [-85.427019000293697, 37.813332000172949],
            [-85.4270279996162, 37.813283000287875],
            [-85.427072999822045, 37.813049999694201],
            [-85.427118000027875, 37.812871999652842],
            [-85.427180999777079, 37.812665999922508],
            [-85.427265000340981, 37.81243600007506],
            [-85.427283999709232, 37.8123900001615],
            [-85.427335999587783, 37.812266000313521],
            [-85.427522000258932, 37.811879000135598],
            [-85.427728000123267, 37.811495999915408],
            [-85.428595000136568, 37.809926000309076],
            [-85.428732000403926, 37.809679999913257],
            [-85.428913000153898, 37.809352999996491],
            [-85.428991999796608, 37.809214000090236],
            [-85.429042000025305, 37.809126999750283],
            [-85.429154000178315, 37.808932000206767],
            [-85.430349000254679, 37.806776000031313],
            [-85.431278000192293, 37.805100999846083],
            [-85.431405000413889, 37.804871999910311],
            [-85.43141000043677, 37.804863000133892],
            [-85.431740999974565, 37.804265000150366],
            [-85.431776000134647, 37.804203999881103],
            [-85.432006000288439, 37.803790000317562],
            [-85.432657000391671, 37.802596999680041],
            [-85.432956000142426, 37.801999999896118],
            [-85.433136999892398, 37.801597999805473],
            [-85.433352999802452, 37.801058000117607],
            [-85.433606000420752, 37.800340000301702],
            [-85.433756000208589, 37.799855000270739],
            [-85.433789999645441, 37.799734000328634],
            [-85.433988000012164, 37.799022999932269],
            [-85.434028000195141, 37.798877999647218],
            [-85.434065999829983, 37.798742000310739],
            [-85.434186000378901, 37.798360999672362],
            [-85.433596000375005, 37.798322999940602],
            [-85.43307900016606, 37.798277999896769],
            [-85.432691999653471, 37.798232999825473],
            [-85.432240999566758, 37.798166000094504],
            [-85.43209900017483, 37.798141000020387],
            [-85.431992000044715, 37.798122000100342],
            [-85.431744000347607, 37.798076999934061],
            [-85.431653999935904, 37.798057999997553],
            [-85.431417000109462, 37.798008999914657],
            [-85.431053000061397, 37.797926999891516],
            [-85.430733000394241, 37.797845999926516],
            [-85.430585000256244, 37.797809000079397],
            [-85.430263999865872, 37.797721000349476],
            [-85.429755000052864, 37.79756600023952],
            [-85.42950200033286, 37.797486000032613],
            [-85.429615000310761, 37.797401999828573],
            [-85.430410000354058, 37.796764999786781],
            [-85.432675999759937, 37.794949999751267],
            [-85.433100999907381, 37.794614000314972],
            [-85.433330000236239, 37.794424000341891],
            [-85.433711999827665, 37.794115999848088],
            [-85.433752000010628, 37.794083999842996],
            [-85.433931000110761, 37.79394100020545],
            [-85.433967000095777, 37.793912000021834],
            [-85.434280999915131, 37.793659000213438],
            [-85.434526000137524, 37.793465999998759],
            [-85.436414999974843, 37.791941000102746],
            [-85.437353000133271, 37.791196999875893],
            [-85.43941400039806, 37.789536000045715],
            [-85.441006999959384, 37.788265000226524],
            [-85.442346999800705, 37.787176000247293],
            [-85.442699999978117, 37.786895000290812],
            [-85.443486999625492, 37.786296999674242],
            [-85.443962999826553, 37.785951999984476],
            [-85.444957000061478, 37.785263000352323],
            [-85.445470000072461, 37.784921999971665],
            [-85.445998999976965, 37.784586999989358],
            [-85.446814000111758, 37.78409300001897],
            [-85.449893999827495, 37.782272999998327],
            [-85.451264999630965, 37.781467000164646],
            [-85.452072000268146, 37.780985999866687],
            [-85.452889000052735, 37.780507999720115],
            [-85.454228999894084, 37.779705999968819],
            [-85.455286999703091, 37.779098000346679],
            [-85.456610999650906, 37.778359999677704],
            [-85.457414999915031, 37.777929000113289],
            [-85.458482999769799, 37.777373000246641],
            [-85.460174000138721, 37.776512000314341],
            [-85.459852999748364, 37.776051999823849],
            [-85.459620000119855, 37.775681000283612],
            [-85.459374000072543, 37.775325000011698],
            [-85.459154999789448, 37.774986000141922],
            [-85.4590679997508, 37.774839000048274],
            [-85.458989999932996, 37.774687999942344],
            [-85.458896000221671, 37.774463999659218],
            [-85.458842999619904, 37.77429999980771],
            [-85.458789000091542, 37.77408300022438],
            [-85.458750999558404, 37.773886000244168],
            [-85.458713999748468, 37.773580000311718],
            [-85.458702000052924, 37.773381999931139],
            [-85.458702999877815, 37.773182999957555],
            [-85.458713999748468, 37.773001999666342],
            [-85.458742000235901, 37.772797999779904],
            [-85.458779999870728, 37.77261699996631],
            [-85.45882900027452, 37.772437000202665],
            [-85.458881000153056, 37.772280999816353],
            [-85.458959999795781, 37.772083000217577],
            [-85.459061000078123, 37.77186700030876],
            [-85.459154999789448, 37.771698999785649],
            [-85.459259000444831, 37.771536999782008],
            [-85.459401999661651, 37.771340000118919],
            [-85.45954300012697, 37.77116899970833],
            [-85.459912000197903, 37.770754999655246],
            [-85.460492999980943, 37.770121999944955],
            [-85.460631999898126, 37.769971000146882],
            [-85.460651999989608, 37.769947000291658],
            [-85.460776999663082, 37.769796999954913],
            [-85.460898000036906, 37.769639999858796],
            [-85.461030000281383, 37.769438000285071],
            [-85.46113300021355, 37.769250999681582],
            [-85.461219000427278, 37.769060999829627],
            [-85.461363000367314, 37.768680000247706],
            [-85.461517000353098, 37.768108999955324],
            [-85.461559000185886, 37.767919000009627],
            [-85.46158900032313, 37.767725000189294],
            [-85.461601000018689, 37.76752699975269],
            [-85.461595999995822, 37.767325000087972],
            [-85.461533000246632, 37.766501000232473],
            [-85.461535999721363, 37.766289999681518],
            [-85.461546999592017, 37.766078000079894],
            [-85.461621000110171, 37.765730000139847],
            [-85.46176000002734, 37.765246999952055],
            [-85.461811000080971, 37.765044999740837],
            [-85.461843999692945, 37.764842999688057],
            [-85.461856000286815, 37.764641999682055],
            [-85.461845000416162, 37.764443000332115],
            [-85.461815000278932, 37.764245000340502],
            [-85.461759000202449, 37.764051000114286],
            [-85.461693999905108, 37.763860999685079],
            [-85.46162199993509, 37.763674999793814],
            [-85.461525999675629, 37.763500999701165],
            [-85.46141500024585, 37.76333900020196],
            [-85.461319999811295, 37.763219999936062],
            [-85.461057999870476, 37.762933000345235],
            [-85.461015000212754, 37.762869000304455],
            [-85.460913000105521, 37.76269599965061],
            [-85.460852999831047, 37.762565000064448],
            [-85.460785000059005, 37.762335999677582],
            [-85.460555999730147, 37.76123299998995],
            [-85.460504999676516, 37.761013999824961],
            [-85.460411999790097, 37.760678000218107],
            [-85.46040699976723, 37.760658999898858],
            [-85.460354999888693, 37.760501000344064],
            [-85.460299999637101, 37.760354999808243],
            [-85.460212999598482, 37.760124999731808],
            [-85.460122000260185, 37.759932999966445],
            [-85.460050000290167, 37.759798999886662],
            [-85.459935999589035, 37.759848999690391],
            [-85.459844000425832, 37.759899000170577],
            [-85.459656000104857, 37.760033000069164],
            [-85.459570999716064, 37.760100000282549],
            [-85.459506000317049, 37.760162999929655],
            [-85.459391999615903, 37.760243000057962],
            [-85.459240000178255, 37.760324999993252],
            [-85.459131000398301, 37.760399000272486],
            [-85.458759999779232, 37.760632999977354],
            [-85.458621999686983, 37.760731999902774],
            [-85.458379999837632, 37.760884999978884],
            [-85.45815399988183, 37.761040000322737],
            [-85.457614000106659, 37.761392000043969],
            [-85.457481000037276, 37.761489999732817],
            [-85.457253000431635, 37.761638999945802],
            [-85.45703599979835, 37.76178999971242],
            [-85.456296999831551, 37.762328000321155],
            [-85.455788000018529, 37.762710999789],
            [-85.455443000237025, 37.762954999813871],
            [-85.455175000448421, 37.763165000028984],
            [-85.454686999653475, 37.763513999869176],
            [-85.454471999568327, 37.763657000146068],
            [-85.454310000084931, 37.763756000285056],
            [-85.454150000251346, 37.763844999880824],
            [-85.45399399971744, 37.763925000287884],
            [-85.453790000401241, 37.764012999783461],
            [-85.453689000118914, 37.764045000025995],
            [-85.453611000301095, 37.76406400018562],
            [-85.453457000315325, 37.764088999715483],
            [-85.45322200013868, 37.764109999654934],
            [-85.453054999734107, 37.764129999693118],
            [-85.452884999854788, 37.764165000279576],
            [-85.452710999777509, 37.764219000259168],
            [-85.452475999600878, 37.764313000182156],
            [-85.451912000434575, 37.764581999966566],
            [-85.451693999976371, 37.76467899980188],
            [-85.451436000233514, 37.764777999993207],
            [-85.451236000216966, 37.76483599977832],
            [-85.451084999705913, 37.764862000352842],
            [-85.450933000268279, 37.764867999664759],
            [-85.45077799955925, 37.764854999734744],
            [-85.450620000273815, 37.764826000210412],
            [-85.450460000440259, 37.764784000022047],
            [-85.450294999685511, 37.764734000003457],
            [-85.449236000051542, 37.764374999899822],
            [-85.449087999913544, 37.764307000115117],
            [-85.448960999691934, 37.76423499998252],
            [-85.448849000437264, 37.764159000200522],
            [-85.448635000177035, 37.763980000339927],
            [-85.448526000397081, 37.763878000094707],
            [-85.447950999563503, 37.763315000324873],
            [-85.446913999670869, 37.76233399983856],
            [-85.444928999574074, 37.760415000111969],
            [-85.444732999755487, 37.760238000318822],
            [-85.444608000082027, 37.760147000035602],
            [-85.444473000362819, 37.760076000064693],
            [-85.444327999699539, 37.760023999802712],
            [-85.444223999942452, 37.759999000319262],
            [-85.444110999964551, 37.759981999728275],
            [-85.443862000442536, 37.759959000133982],
            [-85.442098000278676, 37.759847999737261],
            [-85.440823999661276, 37.759751999912496],
            [-85.440690999591865, 37.759729000246686],
            [-85.440577999613964, 37.759687000004753],
            [-85.440483999902639, 37.759622000039904],
            [-85.440411000107716, 37.759541999950144],
            [-85.440348000358526, 37.75944399981109],
            [-85.439755999806493, 37.758395000291898],
            [-85.439276000305796, 37.757488000244457],
            [-85.439191999741894, 37.757270000343546],
            [-85.438747000401278, 37.756430999983003],
            [-85.438487000110285, 37.755916999963318],
            [-85.438416999790078, 37.755766000282065],
            [-85.438270000375297, 37.755421000159593],
            [-85.437821999763329, 37.754282000045833],
            [-85.437729999701816, 37.754015999832589],
            [-85.437706000310698, 37.753923000352124],
            [-85.437685000394296, 37.753776000293442],
            [-85.43768200002124, 37.753626999868231],
            [-85.437692999891908, 37.75352400022355],
            [-85.437721000379312, 37.753364000263602],
            [-85.437882999862708, 37.752555999832481],
            [-85.4381220002373, 37.751438000346269],
            [-85.438149999826379, 37.751287000047142],
            [-85.438164999895008, 37.75114199986492],
            [-85.43815400002434, 37.75100099968963],
            [-85.438116000389527, 37.750865000328886],
            [-85.438053999566918, 37.750733000313346],
            [-85.437971999551152, 37.750604999664468],
            [-85.437805000044889, 37.750399000341588],
            [-85.437345999562254, 37.749870999803306],
            [-85.437250000201104, 37.749749000332308],
            [-85.437165999637202, 37.74962599985858],
            [-85.437103999712932, 37.749492999670629],
            [-85.437071999925877, 37.749350999809664],
            [-85.437071999925877, 37.749208999676156],
            [-85.437106000261068, 37.749059999998437],
            [-85.437143000070975, 37.748957999779101],
            [-85.437209000193235, 37.74880100019741],
            [-85.437466999936092, 37.74826199983621],
            [-85.437600000005474, 37.747965000032551],
            [-85.437686000219188, 37.747743000017877],
            [-85.4377919996261, 37.747375000177669],
            [-85.437897999931295, 37.746942000188],
            [-85.438268999652081, 37.745514999716683],
            [-85.438488999760111, 37.744613000266803],
            [-85.438543000186783, 37.744415999926836],
            [-85.438602999562917, 37.74422100010154],
            [-85.438672999883124, 37.744029000263453],
            [-85.438888999793193, 37.743513999869513],
            [-85.438970999808959, 37.74328000000726],
            [-85.439041000129151, 37.743000000335201],
            [-85.439070000441475, 37.742812000194448],
            [-85.439093999832593, 37.74253200017268],
            [-85.439109999726128, 37.742168000052708],
            [-85.439107000251383, 37.741931999806816],
            [-85.439082999961954, 37.741647999922058],
            [-85.438935999648862, 37.740659999768106],
            [-85.43889299999114, 37.740457999907598],
            [-85.438760999746663, 37.739758000114072],
            [-85.438629000400496, 37.739168999713314],
            [-85.438514999699365, 37.738751000046101],
            [-85.438451999950175, 37.738562000239199],
            [-85.43834599964498, 37.738273999943864],
            [-85.438253999583466, 37.737967000196043],
            [-85.438183000336679, 37.737642999844965],
            [-85.438143000153701, 37.73732200026943],
            [-85.438114999666283, 37.737162000089633],
            [-85.438067999810613, 37.737005999901051],
            [-85.438003000411612, 37.736853999729028],
            [-85.437949999809859, 37.736749999917549],
            [-85.43777800028073, 37.73644199997414],
            [-85.4376999995646, 37.736283000295352],
            [-85.437614000249184, 37.736066000003959],
            [-85.437554999799644, 37.735848999786974],
            [-85.437518999814628, 37.735574999979391],
            [-85.437467999760997, 37.734997000025785],
            [-85.43742900030125, 37.734700000275978],
            [-85.437379000072553, 37.734459000316235],
            [-85.437266000094652, 37.733977999766978],
            [-85.437230000109636, 37.733797000163115],
            [-85.437203000345463, 37.733623999735734],
            [-85.437189000101739, 37.73343900015783],
            [-85.437189000101739, 37.733254999719804],
            [-85.437203000345463, 37.733069999930457],
            [-85.437242999630101, 37.732793999857861],
            [-85.437557000347766, 37.731160000238717],
            [-85.437594999982608, 37.73100600016754],
            [-85.437646000036239, 37.730859999693607],
            [-85.437688999693947, 37.730769000225877],
            [-85.43779300034933, 37.730591999855548],
            [-85.437852999725465, 37.730512999991234],
            [-85.438098999772777, 37.73023199998871],
            [-85.438446999927308, 37.729859000108071],
            [-85.438610000133934, 37.729703000162708],
            [-85.4387359996323, 37.729593999864704],
            [-85.438822999670961, 37.729526000086359],
            [-85.438958000288466, 37.729432000018285],
            [-85.43910100040361, 37.72934999995217],
            [-85.439255000389394, 37.72927700025015],
            [-85.440474999681811, 37.728760999876094],
            [-85.440363000427141, 37.728646000206076],
            [-85.439969000241831, 37.728286999784466],
            [-85.439374000215082, 37.727763999752796],
            [-85.439024000410726, 37.727487000117357],
            [-85.438764000119718, 37.727329999756272],
            [-85.438477000064523, 37.727188000007338],
            [-85.4381719995677, 37.72705900016458],
            [-85.437268999569369, 37.726734999684169],
            [-85.436783000220871, 37.726579000263108],
            [-85.436580999656201, 37.726531000101865],
            [-85.436254000316367, 37.726471999727849],
            [-85.431997999892502, 37.726559999714532],
            [-85.430760000158429, 37.726843000238631],
            [-85.43012999997157, 37.727066000095682],
            [-85.4301750001774, 37.727215999679188],
            [-85.430090999613512, 37.727732999837393],
            [-85.429898000167981, 37.72795799991426],
            [-85.429697000326527, 37.728079000105552],
            [-85.429288999897537, 37.728215999795786],
            [-85.428935999720125, 37.72819899971833],
            [-85.428714999787161, 37.72822100027755],
            [-85.428425000257263, 37.728440999826176],
            [-85.428375999853458, 37.728610999869453],
            [-85.428396999769859, 37.728771000055239],
            [-85.428576999694911, 37.728819999847545],
            [-85.429011999888104, 37.728787000338968],
            [-85.429177999569447, 37.728764999947899],
            [-85.429317000384927, 37.728897000064741],
            [-85.429158000376276, 37.729018000142801],
            [-85.428646000190199, 37.729155000227387],
            [-85.428369000180766, 37.729265000117088],
            [-85.428154999920523, 37.72975400005803],
            [-85.428016000003339, 37.729941000321055],
            [-85.427947000406377, 37.729972999669052],
            [-85.427815999986819, 37.729978999678458],
            [-85.427662999825927, 37.729929999942534],
            [-85.427420999976604, 37.729792000221927],
            [-85.427179000127254, 37.72983599967678],
            [-85.427013000445911, 37.72996200000577],
            [-85.426882000026339, 37.730225999999796],
            [-85.426239000319001, 37.730285999867185],
            [-85.42521499994686, 37.730483999795076],
            [-85.424592000331018, 37.730714999989132],
            [-85.423983999885465, 37.731093999739954],
            [-85.423685999959645, 37.731378999954394],
            [-85.422655999739717, 37.731879000235509],
            [-85.421390000416537, 37.732531999717416],
            [-85.421223999836869, 37.732637000091074],
            [-85.419328000326843, 37.733565000039604],
            [-85.418180000106148, 37.734163000129392],
            [-85.417397999583315, 37.734432000127384],
            [-85.416824000371292, 37.734475999666962],
            [-85.416401999698579, 37.734420999705584],
            [-85.41580699967183, 37.734026000074373],
            [-85.415234000284698, 37.733519999649737],
            [-85.414127000071872, 37.733069000325855],
            [-85.412198000051575, 37.732564000077105],
            [-85.411693000436486, 37.73239900007232],
            [-85.410371999963431, 37.732014000052246],
            [-85.409431000330272, 37.731974999988374],
            [-85.408774000379239, 37.732199999964948],
            [-85.408497000369806, 37.732194000135493],
            [-85.407673999839105, 37.731913999737962],
            [-85.406471000265128, 37.731233000215894],
            [-85.40537200044821, 37.730808999849572],
            [-85.404887999851226, 37.730687999856038],
            [-85.404389999908858, 37.730677000298918],
            [-85.403835999889992, 37.73079199965688],
            [-85.403503999628967, 37.730929999645326],
            [-85.403240999863243, 37.731060999823754],
            [-85.403117000014689, 37.731214999780541],
            [-85.402825999761561, 37.731258999810841],
            [-85.402559999622767, 37.731254999873748],
            [-85.402389999743448, 37.73118599985925],
            [-85.402163999787646, 37.731037999765803],
            [-85.402101999863376, 37.730687000219277],
            [-85.401945000402847, 37.730511000002593],
            [-85.401783999846046, 37.73065800009126],
            [-85.401686999761651, 37.730746999713141],
            [-85.401011000442381, 37.730709000039347],
            [-85.399992999918013, 37.730730999852888],
            [-85.39930599982975, 37.73081000019512],
            [-85.398492000418187, 37.73102599991811],
            [-85.397959000315709, 37.731235999814395],
            [-85.397658999841752, 37.731329999723897],
            [-85.397221000173829, 37.731557999824929],
            [-85.396396999818236, 37.731984999733456],
            [-85.395287000130665, 37.732316000124683],
            [-85.393199000101703, 37.73265700011153],
            [-85.392570999564683, 37.732815999762352],
            [-85.392291000080505, 37.733019000187561],
            [-85.392067999599433, 37.7333989998235],
            [-85.391730000388947, 37.734001000332562],
            [-85.391674000312449, 37.734552000101793],
            [-85.391650000023006, 37.734790000304471],
            [-85.391645000000139, 37.735332999741679],
            [-85.39147500012082, 37.735846999942403],
            [-85.39128599997494, 37.736448000169794],
            [-85.390894000337781, 37.73687099995071],
            [-85.390299000311018, 37.737352000175868],
            [-85.389617000245622, 37.737981000126602],
            [-85.388762999752799, 37.738956999823571],
            [-85.387053000015598, 37.740299000329465],
            [-85.386310999675757, 37.740676999826171],
            [-85.385684999686873, 37.740643999918866],
            [-85.384554999907834, 37.740374000253432],
            [-85.384431000059266, 37.740344999657232],
            [-85.384246999936252, 37.740129000125791],
            [-85.38409899979824, 37.739956000286583],
            [-85.383989000193395, 37.739826999954467],
            [-85.383882000063267, 37.739702000299268],
            [-85.383774000108232, 37.739576000205908],
            [-85.383186999579081, 37.739162000215842],
            [-85.381819000148667, 37.739215999975237],
            [-85.380376000375179, 37.739617999787242],
            [-85.379489000270382, 37.739614000301778],
            [-85.378276999577238, 37.740024999942413],
            [-85.378045999598569, 37.740103000093676],
            [-85.37719799985183, 37.740042000146317],
            [-85.374984000324488, 37.739708000230706],
            [-85.374631999971982, 37.739570000263775],
            [-85.374558000352138, 37.739542000290555],
            [-85.374139000052494, 37.739380000186934],
            [-85.373893999830088, 37.739439999740405],
            [-85.373323000092782, 37.73958099992052],
            [-85.373061999976883, 37.73996099997553],
            [-85.37313200029709, 37.740430000270266],
            [-85.373174000129865, 37.740519000222484],
            [-85.373230000206377, 37.740642999706125],
            [-85.37324100007703, 37.740665000119897],
            [-85.373313000047048, 37.740813000150162],
            [-85.373324999742607, 37.740837999722906],
            [-85.373385999841972, 37.740973000253199],
            [-85.373699999661341, 37.741661999866899],
            [-85.373893000005182, 37.742078999952071],
            [-85.373958000302522, 37.743338999775112],
            [-85.373724999775703, 37.744542000305664],
            [-85.373692999988648, 37.745251000253283],
            [-85.373684999592726, 37.74545699970006],
            [-85.373634000437406, 37.745684000191865],
            [-85.37361500017083, 37.745783999665043],
            [-85.373486000299422, 37.746432000136721],
            [-85.373465000383021, 37.746538000108032],
            [-85.373447999766256, 37.746624000133977],
            [-85.372697000103898, 37.748116000007542],
            [-85.372319999637028, 37.749053000015735],
            [-85.372389999957235, 37.749610999908093],
            [-85.37246799977504, 37.749998000214987],
            [-85.372567000407557, 37.750490999910063],
            [-85.37350600039089, 37.752962999869133],
            [-85.373554999896385, 37.753112000210962],
            [-85.373620000193711, 37.753310000172348],
            [-85.374549999956216, 37.756138000309932],
            [-85.37456500002483, 37.756190999755027],
            [-85.374607999682539, 37.756338999987648],
            [-85.375160000051579, 37.758281999730357],
            [-85.375212999755036, 37.758749999719988],
            [-85.375329000105978, 37.759986000243664],
            [-85.375206000082329, 37.761422000136413],
            [-85.375177999594925, 37.762014000040011],
            [-85.375117000393871, 37.763300000308973],
            [-85.374954000187259, 37.764506999721135],
            [-85.374718000185723, 37.764873999686294],
            [-85.374348000289842, 37.765001999793398],
            [-85.373583000383789, 37.765052000341015],
            [-85.372912000189046, 37.764993000131568],
            [-85.371964999809805, 37.7647580001302],
            [-85.371871000098466, 37.764735999777585],
            [-85.371548999883188, 37.76465399976135],
            [-85.371144999652145, 37.764568999986281],
            [-85.370258000445659, 37.764382999745031],
            [-85.370023000269015, 37.764334000058],
            [-85.369404999777743, 37.764188999880851],
            [-85.369269000233615, 37.764158000305656],
            [-85.368731000108269, 37.764031999951314],
            [-85.368233000165887, 37.763742000259107],
            [-85.36770900028425, 37.763408999976484],
            [-85.366243000046225, 37.762478000183954],
            [-85.3657690003933, 37.762174999678955],
            [-85.365427999911432, 37.761958000021728],
            [-85.365103000221424, 37.761750999712874],
            [-85.363651000227108, 37.761044000070768],
            [-85.362815000175942, 37.760637999689799],
            [-85.362548000212243, 37.760508999898143],
            [-85.361760999666544, 37.76014999988287],
            [-85.359512999804025, 37.759109000137876],
            [-85.358197000252147, 37.75867799985965],
            [-85.357227000306665, 37.758250999810116],
            [-85.355679000052874, 37.75800299998054],
            [-85.355079000003244, 37.75783799986241],
            [-85.355041000368416, 37.757828000058645],
            [-85.354109000057761, 37.75757099966647],
            [-85.353093000081543, 37.757387000265986],
            [-85.35295300033944, 37.757361999891422],
            [-85.352396999772438, 37.757487000259424],
            [-85.352111000440502, 37.757687999823041],
            [-85.351627999668423, 37.758030000093932],
            [-85.351068999626676, 37.758419000344929],
            [-85.350485000368906, 37.758931000095018],
            [-85.350127000168612, 37.759604000116056],
            [-85.350108999726956, 37.759644999739038],
            [-85.349647999594495, 37.760710999714448],
            [-85.349182000337493, 37.761568999916463],
            [-85.348799000022836, 37.762269000069203],
            [-85.348518999640376, 37.762581000145602],
            [-85.348126000178297, 37.762688000333057],
            [-85.347336999982787, 37.762700999933791],
            [-85.345905000079938, 37.762715000156795],
            [-85.345450999620184, 37.762879000136898],
            [-85.345275999717998, 37.762947999725434],
            [-85.345103000363963, 37.763187000138778],
            [-85.345073000226733, 37.763248000182948],
            [-85.344923000438911, 37.763554000262481],
            [-85.344780000323766, 37.76408500013217],
            [-85.344844999722795, 37.764563999829335],
            [-85.345070999678597, 37.765006000037324],
            [-85.345631000443561, 37.765669999886711],
            [-85.345712999561016, 37.765765999842252],
            [-85.346450999702896, 37.766229000015841],
            [-85.347633000258796, 37.767017000275423],
            [-85.349618000355591, 37.768013000200746],
            [-85.350666999943783, 37.768290000152184],
            [-85.352458999696736, 37.768745000063639],
            [-85.353078999837834, 37.76905400031913],
            [-85.353452999931648, 37.769249000029532],
            [-85.354166999784098, 37.76982899982503],
            [-85.354309999899215, 37.770171000057694],
            [-85.354329000165791, 37.770705999929504],
            [-85.354114999905548, 37.77123700028438],
            [-85.353407999725803, 37.77290800013666],
            [-85.353309999816517, 37.773366000056562],
            [-85.353283999877263, 37.773770999677858],
            [-85.353395000205339, 37.774211999772064],
            [-85.353416999946631, 37.774316000190233],
            [-85.353867000208453, 37.775981000210884],
            [-85.355019999553704, 37.779004999741652],
            [-85.355834999688483, 37.781427999892493],
            [-85.356145000208187, 37.782965999798343],
            [-85.356044999750779, 37.78377299995455],
            [-85.355670999656965, 37.784138999807823],
            [-85.355137999554486, 37.78422900005274],
            [-85.354463999885013, 37.78419300010993],
            [-85.354350999907112, 37.784187000236074],
            [-85.353009000415966, 37.783958000072005],
            [-85.352828999592575, 37.783880000006064],
            [-85.352445000351324, 37.783713000143216],
            [-85.35185399962424, 37.783456000246353],
            [-85.351650000308055, 37.783179999953092],
            [-85.351313999849069, 37.782635000179894],
            [-85.350914999640906, 37.782422000224976],
            [-85.350430000117314, 37.782270999988484],
            [-85.349828000417872, 37.782212999679238],
            [-85.3491120000173, 37.782098999648824],
            [-85.34876399986274, 37.782151999659952],
            [-85.348377000248448, 37.781847000228169],
            [-85.348263000445641, 37.781756999922592],
            [-85.347831999552099, 37.781392000005319],
            [-85.34704699955455, 37.781147999755731],
            [-85.345591000260583, 37.780902999742203],
            [-85.344110999778863, 37.78074700017978],
            [-85.343571000003692, 37.780635999744568],
            [-85.34310800022142, 37.780489999909683],
            [-85.342563000423368, 37.780314999946448],
            [-85.341522000332802, 37.780180999877089],
            [-85.339953999987515, 37.780056000234531],
            [-85.339763000191795, 37.780041000064415],
            [-85.33943599995365, 37.780061999733718],
            [-85.339196999579059, 37.780072999760975],
            [-85.338840000101996, 37.780098999947981],
            [-85.338419000152513, 37.780125999804802],
            [-85.337861999760591, 37.780343000110406],
            [-85.3375110001313, 37.780689999766061],
            [-85.337207000357694, 37.781111000066559],
            [-85.337081999785923, 37.781785999906823],
            [-85.33705699967156, 37.782270000338521],
            [-85.337274000304845, 37.783657999859223],
            [-85.337450999856856, 37.784792000328387],
            [-85.337080000136098, 37.785484000331294],
            [-85.336320000252897, 37.786919000323763],
            [-85.336119000411458, 37.787070000293248],
            [-85.335469000133116, 37.787557999932353],
            [-85.335116999780595, 37.787683999952932],
            [-85.334807999984122, 37.787794000167104],
            [-85.333092000399162, 37.78809700005236],
            [-85.332110999684701, 37.788275999742879],
            [-85.33180899956092, 37.788331000139756],
            [-85.331235000348869, 37.78843600013834],
            [-85.330632999751117, 37.788433000018749],
            [-85.330077999907331, 37.788262999668888],
            [-85.329640000239422, 37.788022999803786],
            [-85.328875000333355, 37.787673999925325],
            [-85.326684000372239, 37.787251000216756],
            [-85.325805999589946, 37.787024000198862],
            [-85.325202000240679, 37.78698399972312],
            [-85.324023999882741, 37.787130999803168],
            [-85.32348400010757, 37.787200000189046],
            [-85.320566999700134, 37.78752900008314],
            [-85.319419000377735, 37.787759999692469],
            [-85.318605000067862, 37.788179000337202],
            [-85.317621999703604, 37.789038999695869],
            [-85.317343999869252, 37.78918400012477],
            [-85.316891000132728, 37.789353999775614],
            [-85.315855999889919, 37.789746000018845],
            [-85.315266999710943, 37.789990000279168],
            [-85.314810999601377, 37.790326000156973],
            [-85.314500000155064, 37.79055600000369],
            [-85.313875999815991, 37.79100199984547],
            [-85.313202000146532, 37.791163999786797],
            [-85.312588999678127, 37.791252000228333],
            [-85.311843000038621, 37.79159700002068],
            [-85.310515999717779, 37.792528999687782],
            [-85.309745999788831, 37.792945999835204],
            [-85.309022999715552, 37.793549000211726],
            [-85.308674999561021, 37.793641000056567],
            [-85.308234000418352, 37.793764999944017],
            [-85.307929999746435, 37.794058000316667],
            [-85.307296000259939, 37.79491900029609],
            [-85.306343999857816, 37.796459000160482],
            [-85.306295000352335, 37.796631999896178],
            [-85.306105000381535, 37.797320999997694],
            [-85.305958999893349, 37.798002000305758],
            [-85.306024000190675, 37.798552000306962],
            [-85.306500000391736, 37.799659000253328],
            [-85.306620999867235, 37.799884999662517],
            [-85.307092000045444, 37.80076700004475],
            [-85.307480000382952, 37.801320000348817],
            [-85.308032999678588, 37.801711000179139],
            [-85.308610000162005, 37.801953999869461],
            [-85.309392999611418, 37.802360999882055],
            [-85.310175000134237, 37.802899999899964],
            [-85.311073999934607, 37.80342399985075],
            [-85.311166999820998, 37.803476000109079],
            [-85.311268999928274, 37.803532999981613],
            [-85.311569000402244, 37.803701999905506],
            [-85.311829999619832, 37.803845999879904],
            [-85.313352999759275, 37.804687999689186],
            [-85.313500000072366, 37.804768999958725],
            [-85.313747999769475, 37.804906999661306],
            [-85.314206000427205, 37.805296000279235],
            [-85.31438999965188, 37.805556000292384],
            [-85.31450099997997, 37.806035000275884],
            [-85.314427000360141, 37.806586000111295],
            [-85.31418999963536, 37.80708100018817],
            [-85.313789999602264, 37.807703999765685],
            [-85.313833999983203, 37.807960999781457],
            [-85.313875999815991, 37.808385000158317],
            [-85.313960000379893, 37.809233999990767],
            [-85.313609999677226, 37.809708000305442],
            [-85.313237000306628, 37.809879000265042],
            [-85.313145000245129, 37.809924000338],
            [-85.312145000162403, 37.810233000192945],
            [-85.311998999674231, 37.810293999740445],
            [-85.310436000250149, 37.810959000124583],
            [-85.309570999886645, 37.811668999916229],
            [-85.309359999999458, 37.81191000027961],
            [-85.309221000082289, 37.812071999790234],
            [-85.308610000162005, 37.812878999981542],
            [-85.308325999581569, 37.813593000214944],
            [-85.308224000372618, 37.814715999832373],
            [-85.308102000173889, 37.816574000038777],
            [-85.308071000211754, 37.816750999777227],
            [-85.308037999701469, 37.81694699985043],
            [-85.308011999762201, 37.817099999958614],
            [-85.307831000012243, 37.81817200022644],
            [-85.307450000245737, 37.819364999737239],
            [-85.30709700006831, 37.819951999722178],
            [-85.306991999588007, 37.820045999728556],
            [-85.306630000088077, 37.820371000141854],
            [-85.306116000252189, 37.820607999700307],
            [-85.303423999975635, 37.821181999777153],
            [-85.301173999564966, 37.821424000138251],
            [-85.300964000401009, 37.821461000217397],
            [-85.299757999555652, 37.821673999736703],
            [-85.299408999576215, 37.821948999736215],
            [-85.299313000215051, 37.822259999989846],
            [-85.299379000337282, 37.822591999996312],
            [-85.299617999813563, 37.823145000064237],
            [-85.300644999660477, 37.824732999933516],
            [-85.30093799956343, 37.825525999697774],
            [-85.300863999943573, 37.826020000035804],
            [-85.300607999850541, 37.827418000246972],
            [-85.300340000061937, 37.82813999967177],
            [-85.30025899987109, 37.828379000006549],
            [-85.300135999847441, 37.828709999717248],
            [-85.299918000287533, 37.829306999947185],
            [-85.299042000053404, 37.831213999762674],
            [-85.298431000133121, 37.83209599982824],
            [-85.297943000236486, 37.832386000201055],
            [-85.297036000040208, 37.832546999793657],
            [-85.296420000097044, 37.832623999875601],
            [-85.296076000140474, 37.8326670002089],
            [-85.295923999804515, 37.832685999754197],
            [-85.295065000187108, 37.832700000200219],
            [-85.294465000137478, 37.832603999926562],
            [-85.2936559998505, 37.832359999969498],
            [-85.292756000225225, 37.831986000318295],
            [-85.2921570000005, 37.831543000141664],
            [-85.291417000208796, 37.831358000001252],
            [-85.291093000343679, 37.831278000218759],
            [-85.290284000056701, 37.831182000223336],
            [-85.289273000103336, 37.83134100021438],
            [-85.288760999917258, 37.831577000327918],
            [-85.287780999926042, 37.832417000246863],
            [-85.287057000027858, 37.832982999777478],
            [-85.286265000357616, 37.83341999968993],
            [-85.285564000025659, 37.833929999925367],
            [-85.285098999695251, 37.83409200006362],
            [-85.284414999980029, 37.834298000303718],
            [-85.284219000161457, 37.834354000138688],
            [-85.283703999602324, 37.834507000345255],
            [-85.28161499974847, 37.834935999733041],
            [-85.281073000323474, 37.835175000048046],
            [-85.2803360000065, 37.835499000176753],
            [-85.279331999725841, 37.836209999807203],
            [-85.278104999862407, 37.837158000005928],
            [-85.277519999881392, 37.837798999774229],
            [-85.27716599987906, 37.838439999647861],
            [-85.277092000259231, 37.838845000106453],
            [-85.277113000175618, 37.839175999686489],
            [-85.277245000420109, 37.839838000065875],
            [-85.277606000095133, 37.840798999802011],
            [-85.278370000176267, 37.842181999881007],
            [-85.27861799987339, 37.84286400024817],
            [-85.278633999766924, 37.843618999691117],
            [-85.278629999568949, 37.843726000297558],
            [-85.278616000223565, 37.844119999687457],
            [-85.278610000375792, 37.844285000126362],
            [-85.27860199997987, 37.844501999930941],
            [-85.278851000400209, 37.845165000252166],
            [-85.279329000251096, 37.845976999987961],
            [-85.280647000351124, 37.848745000246815],
            [-85.280868000284059, 37.849885999716726],
            [-85.280716999773006, 37.850802999940093],
            [-85.280515000106632, 37.851391999770541],
            [-85.279765000269194, 37.85225099978291],
            [-85.278549000276413, 37.853349000013154],
            [-85.277991999884506, 37.853602000268772],
            [-85.277433999667664, 37.853708999866114],
            [-85.276809000401997, 37.853614000085507],
            [-85.27634800026955, 37.853317000146049],
            [-85.276149000077922, 37.853068000062891],
            [-85.276030000252248, 37.852945999985806],
            [-85.275699999641049, 37.852134999800931],
            [-85.275440000248366, 37.850293000038455],
            [-85.275148000170319, 37.849242999689572],
            [-85.274784000122239, 37.848579999856263],
            [-85.274578000257918, 37.848413000168428],
            [-85.274363000172755, 37.848373999779042],
            [-85.274069000444882, 37.848316999773097],
            [-85.273455999976463, 37.848267000241854],
            [-85.273096000126358, 37.84823800011511],
            [-85.272636999643737, 37.848170999656446],
            [-85.270874000203108, 37.847912000254112],
            [-85.270157999802521, 37.847631000153015],
            [-85.269674999928768, 37.847259000275407],
            [-85.269330999972183, 37.846852999716397],
            [-85.268677000394192, 37.845501999703409],
            [-85.26846800015683, 37.845064999718794],
            [-85.268033999788557, 37.844509000097077],
            [-85.2673040000426, 37.844429999906389],
            [-85.266144999951223, 37.844497000217217],
            [-85.265101000385911, 37.844435999851981],
            [-85.264268999634368, 37.844338000206257],
            [-85.263619000254351, 37.844390000020006],
            [-85.262736000347516, 37.844696000336867],
            [-85.262358999880661, 37.844970999661236],
            [-85.261685000211187, 37.845462999902537],
            [-85.261007000343753, 37.846140000119718],
            [-85.260300000164008, 37.847163999986734],
            [-85.259920000222408, 37.848118000203378],
            [-85.259592000159344, 37.848392000070454],
            [-85.259033000117611, 37.848666000338028],
            [-85.258290999777756, 37.848808999679846],
            [-85.257410000419057, 37.848766000244261],
            [-85.255382999591149, 37.848604999874716],
            [-85.255130999696092, 37.848574000247837],
            [-85.253615000127652, 37.848374999952988],
            [-85.252860000267333, 37.848276999867075],
            [-85.251681000084488, 37.848011999764182],
            [-85.250762000192623, 37.847888999652461],
            [-85.250005999609087, 37.847788999975634],
            [-85.249946000232953, 37.847778000102203],
            [-85.247864999876683, 37.847330000187192],
            [-85.246197999797189, 37.847076999689733],
            [-85.245223999653774, 37.847106999754828],
            [-85.24420000017993, 37.847449999962635],
            [-85.243523999962321, 37.847849999695327],
            [-85.243031999867725, 37.848307000153305],
            [-85.242844000445075, 37.848695000296445],
            [-85.242881000254982, 37.849125999776646],
            [-85.243058999631913, 37.849570000207763],
            [-85.243339000014387, 37.850091999825736],
            [-85.244000999988288, 37.850998000221949],
            [-85.244180000088434, 37.851190000290167],
            [-85.24498799965221, 37.852064999674603],
            [-85.24561799983907, 37.852842999734492],
            [-85.245782999695493, 37.853046999872163],
            [-85.246283000186011, 37.853652999831077],
            [-85.246509000141813, 37.853921999914803],
            [-85.247406000292372, 37.854734999767885],
            [-85.248970000439684, 37.855885000103513],
            [-85.249223000159688, 37.856070999794689],
            [-85.249994999738433, 37.856636000032026],
            [-85.250465000091722, 37.856978999885115],
            [-85.2505639998259, 37.857057000050801],
            [-85.251316000211489, 37.857647000322032],
            [-85.252379000043391, 37.858003000290587],
            [-85.252964999849311, 37.858227999764509],
            [-85.253429000354814, 37.858406999662385],
            [-85.253778000334279, 37.858540999646145],
            [-85.254226999872841, 37.858714000000639],
            [-85.254427999714295, 37.858796999911803],
            [-85.254548000263213, 37.858847000103708],
            [-85.254652000020272, 37.858889000011757],
            [-85.254806999830976, 37.858954999920172],
            [-85.255404000405875, 37.859199999869368],
            [-85.25591099967076, 37.859552000049881],
            [-85.256044999565063, 37.859959000202075],
            [-85.255948000378993, 37.860436000280217],
            [-85.255590000178714, 37.861371999731304],
            [-85.255069999596714, 37.862244000290104],
            [-85.254997999626681, 37.862674000012532],
            [-85.255112000327827, 37.862987000162448],
            [-85.255407999705511, 37.86341299992543],
            [-85.255519999858492, 37.863561000288904],
            [-85.255995000234662, 37.86420500021179],
            [-85.256025000371892, 37.864244999986155],
            [-85.255996999884488, 37.864832000311928],
            [-85.255853999769357, 37.865218000113941],
            [-85.255499999767025, 37.865767000020355],
            [-85.254986999756028, 37.866076000063742],
            [-85.25433300017805, 37.866422999671954],
            [-85.254097000176486, 37.86645899994646],
            [-85.253682999899723, 37.866528999878376],
            [-85.25270899975628, 37.866688000256701],
            [-85.252429000272116, 37.866833999869307],
            [-85.251773000145988, 37.867434999663075],
            [-85.25140300025015, 37.867452000349424],
            [-85.250359999611419, 37.86738899999726],
            [-85.24966599985045, 37.867293000201286],
            [-85.248869999982261, 37.866995000141387],
            [-85.248674999988594, 37.866896000064195],
            [-85.247669999883016, 37.866380999802224],
            [-85.246565000218311, 37.865581999915854],
            [-85.245808999634775, 37.864749000105107],
            [-85.245006000093866, 37.863787999746556],
            [-85.244272000149948, 37.863047000098241],
            [-85.243796999773807, 37.862839000064639],
            [-85.243465000411092, 37.862694000317916],
            [-85.242217999557852, 37.862447999943413],
            [-85.242184999945891, 37.862448999926436],
            [-85.240985999671551, 37.862493999856724],
            [-85.240589000011539, 37.862621000347232],
            [-85.240285000237932, 37.862725999660448],
            [-85.23935799995013, 37.863017000136452],
            [-85.238449999928932, 37.863394999755556],
            [-85.238215999577221, 37.863614999954606],
            [-85.238071999637157, 37.863900999940739],
            [-85.23802300013169, 37.864259000114764],
            [-85.238125000238924, 37.864857999733779],
            [-85.238439000058278, 37.865603000081457],
            [-85.239118999575538, 37.867005999984165],
            [-85.239300000223835, 37.86786500029973],
            [-85.239223000230936, 37.868350000199875],
            [-85.238937999825581, 37.868900000069395],
            [-85.238609999762517, 37.869228999689604],
            [-85.238145000330434, 37.869391000290591],
            [-85.238002000215289, 37.869398000221011],
            [-85.237471999587541, 37.869424000159263],
            [-85.237192000103391, 37.869392000179396],
            [-85.236556999893651, 37.869305999765771],
            [-85.235365000190342, 37.868990999719024],
            [-85.234847000156478, 37.868854999795929],
            [-85.23403700004458, 37.868682999742219],
            [-85.233340999735475, 37.868752999688837],
            [-85.232501000384659, 37.869151000350058],
            [-85.231473999639462, 37.869936000074077],
            [-85.230979999895055, 37.870356000123465],
            [-85.230875000313063, 37.870447000102295],
            [-85.23082000006147, 37.870494999734106],
            [-85.230702000060688, 37.870593000067181],
            [-85.230168000133318, 37.870626999978647],
            [-85.229753999856527, 37.870402999939543],
            [-85.229409999899957, 37.869960999941455],
            [-85.229438000387361, 37.869426999824199],
            [-85.229835999872293, 37.869004999655168],
            [-85.230702999885608, 37.86846000007673],
            [-85.231127000208147, 37.86817100033938],
            [-85.231307999958105, 37.868048999729673],
            [-85.231856999954104, 37.867677000053014],
            [-85.231911000380776, 37.867630999829103],
            [-85.231998000419409, 37.867533999725282],
            [-85.232138999986404, 37.867392999660986],
            [-85.232359999919353, 37.86717100026533],
            [-85.232445000308147, 37.867085000096118],
            [-85.232513000080218, 37.867016999825246],
            [-85.23272599961723, 37.866515000180975],
            [-85.232942000425609, 37.866012999953512],
            [-85.233143000267077, 37.864355000317396],
            [-85.233283999834057, 37.861912000008573],
            [-85.233201999818306, 37.86139799966459],
            [-85.233098999886153, 37.86074900000564],
            [-85.23250899988227, 37.859533000332874],
            [-85.232216999804209, 37.858519000268949],
            [-85.232046000099999, 37.857155999869448],
            [-85.231919999703308, 37.85595899972418],
            [-85.231553000180483, 37.855593999839705],
            [-85.231437999654446, 37.855479000230375],
            [-85.231004000184484, 37.855336000348792],
            [-85.230700000410877, 37.855236000132869],
            [-85.228822000444197, 37.855113000014576],
            [-85.228429999908727, 37.855125000294649],
            [-85.228127999784931, 37.855134999699054],
            [-85.226874999982243, 37.855174000058518],
            [-85.22610699970312, 37.855535999664454],
            [-85.225848000135358, 37.855919999780028],
            [-85.225795000431916, 37.856527999654858],
            [-85.225797999906632, 37.856854999779152],
            [-85.22580700012746, 37.857557000189182],
            [-85.225737999632187, 37.858660000290286],
            [-85.225606000286021, 37.859083000154428],
            [-85.225280999697688, 37.860130000036428],
            [-85.224638999815269, 37.861687999717063],
            [-85.223858999840601, 37.863007999649064],
            [-85.22306499962221, 37.863682999818771],
            [-85.222083999806088, 37.864411000023281],
            [-85.22004099998297, 37.865723999838167],
            [-85.219619000208581, 37.866142999851789],
            [-85.219312999886824, 37.866546999991932],
            [-85.219194000061137, 37.866914000088101],
            [-85.218687999722846, 37.870865000337673],
            [-85.218312999804112, 37.871266999680834],
            [-85.217894000402779, 37.871448000251249],
            [-85.217627000439094, 37.871484000198024],
            [-85.217440999767931, 37.871509000249283],
            [-85.217244000124438, 37.871535000151688],
            [-85.216757000052723, 37.871495999940052],
            [-85.216249000064607, 37.87132600010365],
            [-85.215746000099344, 37.870753000055906],
            [-85.215496999679019, 37.870061999914803],
            [-85.214931999789485, 37.867565999802906],
            [-85.214782999826568, 37.866406000166549],
            [-85.215211000347068, 37.86534200033411],
            [-85.21540799999056, 37.864312999978218],
            [-85.215273000271338, 37.86401999973198],
            [-85.215171000164105, 37.863796000173949],
            [-85.214773999605754, 37.863268999861518],
            [-85.213889000049093, 37.86209500013085],
            [-85.213623999735219, 37.861312999848707],
            [-85.213656000420585, 37.860014999702109],
            [-85.213678000161877, 37.859519000015688],
            [-85.213688000207625, 37.859298999646761],
            [-85.213652000222623, 37.859020999769484],
            [-85.213633999780953, 37.858878999698064],
            [-85.21361200003966, 37.858708999832118],
            [-85.213848999866116, 37.858304999987773],
            [-85.215529000364384, 37.857340999847608],
            [-85.216748999656787, 37.85668600027126],
            [-85.217183999849979, 37.856451999767415],
            [-85.21811699998554, 37.855779000191625],
            [-85.218474000360914, 37.855045000045621],
            [-85.218366000405879, 37.854257999679561],
            [-85.218245000032042, 37.854091000084964],
            [-85.218164999666101, 37.853983000234948],
            [-85.218081000000538, 37.853869999729888],
            [-85.217947999931141, 37.853702999965726],
            [-85.21701200032085, 37.852993000266153],
            [-85.21655500038635, 37.852828000161026],
            [-85.215602000159308, 37.852486999672017],
            [-85.213935999904749, 37.852310999946546],
            [-85.212324999901767, 37.852354000151983],
            [-85.211282999986267, 37.852237000210557],
            [-85.210760999754442, 37.852071999832098],
            [-85.210036999856271, 37.851622000211648],
            [-85.209091000200232, 37.851210000165082],
            [-85.208959999780674, 37.851138999733408],
            [-85.20803199966798, 37.85063299989195],
            [-85.20757300008367, 37.850134999906729],
            [-85.207372000242231, 37.849450999785745],
            [-85.207310000317932, 37.84873399980664],
            [-85.20688099997254, 37.847739000086307],
            [-85.206776000390562, 37.84752899975549],
            [-85.206553999734396, 37.847116000055692],
            [-85.206429000060922, 37.846877000126113],
            [-85.206290000143738, 37.846611999957403],
            [-85.205988000019957, 37.846379000309902],
            [-85.205784999630353, 37.846224000203627],
            [-85.205089000219601, 37.846217999694112],
            [-85.204253000168407, 37.846453000250342],
            [-85.203740000157438, 37.846742000025337],
            [-85.203411000269469, 37.847127000027889],
            [-85.203099999924831, 37.848062000177691],
            [-85.202837000159107, 37.848740000111405],
            [-85.202140999850016, 37.849473999900162],
            [-85.201969000320886, 37.849656000244181],
            [-85.201775999977031, 37.849935000125377],
            [-85.201592999678923, 37.850204000297715],
            [-85.201565999914749, 37.850608999995437],
            [-85.201538000325641, 37.851014000305838],
            [-85.201555999869015, 37.851475000123472],
            [-85.20157000011271, 37.852762999846284],
            [-85.201464999632393, 37.853421999946143],
            [-85.200994000352537, 37.854155999938143],
            [-85.20052800019721, 37.854353000048846],
            [-85.199713999887337, 37.854624999973701],
            [-85.199068999631876, 37.85468599971221],
            [-85.198862999767542, 37.854707000145353],
            [-85.198599000176898, 37.854727999863236],
            [-85.197184999817409, 37.854828000058973],
            [-85.196604000034355, 37.855025999876176],
            [-85.196390999599046, 37.855264000263759],
            [-85.196295000237882, 37.855538999894755],
            [-85.196270999948439, 37.855760000211355],
            [-85.196265000100666, 37.856294000067962],
            [-85.196398000170049, 37.856845999957812],
            [-85.196646999692078, 37.857400000072694],
            [-85.197101000151832, 37.858230999885244],
            [-85.197789000065001, 37.858878999698064],
            [-85.198170999656426, 37.859193999706633],
            [-85.198776999553829, 37.859694000243245],
            [-85.200144000057662, 37.86075300002981],
            [-85.200431999937749, 37.860977000326095],
            [-85.200858999735004, 37.861258999914753],
            [-85.20123899967659, 37.861513999964366],
            [-85.202600000332637, 37.862021000287264],
            [-85.204310999894744, 37.862490999909546],
            [-85.204857000415984, 37.86271899980548],
            [-85.205091999694318, 37.862818999798598],
            [-85.205119000356817, 37.862828000309072],
            [-85.205393999818114, 37.863179000210579],
            [-85.205377000099688, 37.863620999757423],
            [-85.205074999975892, 37.864193999950899],
            [-85.204981000264553, 37.86432100034861],
            [-85.204365000321417, 37.865066999689915],
            [-85.203458000125124, 37.8658080003026],
            [-85.202983999573874, 37.866289999765932],
            [-85.202966000030528, 37.86639899995194],
            [-85.202909999954031, 37.866748000015967],
            [-85.202782999732435, 37.866887999973351],
            [-85.202227999888635, 37.867499999804892],
            [-85.201618999618205, 37.868174999960715],
            [-85.200917000359624, 37.868702999835044],
            [-85.200318999959833, 37.868900999964865],
            [-85.199593000411809, 37.868953000182941],
            [-85.198897999927652, 37.86883700024611],
            [-85.198091000188782, 37.868538000147758],
            [-85.197446999758242, 37.868054999880606],
            [-85.197128999740926, 37.86742800025538],
            [-85.196999000044585, 37.866525000167698],
            [-85.197098999603682, 37.865864000322652],
            [-85.197199999886038, 37.865165000150668],
            [-85.196931000272514, 37.864261999990021],
            [-85.196475999987854, 37.863523000080185],
            [-85.195737999845974, 37.863057999821123],
            [-85.195003999902042, 37.862930000107234],
            [-85.194254999889509, 37.863160000010183],
            [-85.193926999826445, 37.863450000221441],
            [-85.193551000082792, 37.863891000307071],
            [-85.193476999564638, 37.864277000073656],
            [-85.193494000181389, 37.864790000244604],
            [-85.193626000425866, 37.865527000331944],
            [-85.193654999839879, 37.865593999909898],
            [-85.19376799981778, 37.865845000105381],
            [-85.194116999797231, 37.866596999890348],
            [-85.194705000151288, 37.867504000171756],
            [-85.195592000256084, 37.869181999833792],
            [-85.195848000349116, 37.869812999667197],
            [-85.195906999900359, 37.869958000298197],
            [-85.196002000334929, 37.87059700026618],
            [-85.196212000397196, 37.870931000158059],
            [-85.196644000217333, 37.871451999694635],
            [-85.197168999923889, 37.871932000113254],
            [-85.197503999659645, 37.872239000131493],
            [-85.197698999653312, 37.872417000188996],
            [-85.197837999570496, 37.872544999733506],
            [-85.198109999557047, 37.872893999760542],
            [-85.198271999938754, 37.873100999938195],
            [-85.198244000349661, 37.873613999659895],
            [-85.19781900020223, 37.874328999795573],
            [-85.197023000334028, 37.875092000264878],
            [-85.196922999876591, 37.875187000016354],
            [-85.196599999836408, 37.875497999875819],
            [-85.196131000206336, 37.876248999907403],
            [-85.196080999977639, 37.876323000353445],
            [-85.196071999756811, 37.876435999760439],
            [-85.196053000388559, 37.876614000313282],
            [-85.196029999924022, 37.876893000262591],
            [-85.196019000053354, 37.877793999944863],
            [-85.196060999886157, 37.878271999921346],
            [-85.196260999902705, 37.879066000253474],
            [-85.19632100017715, 37.879783000144791],
            [-85.196310000306497, 37.879898999863855],
            [-85.196219000069917, 37.880793000089525],
            [-85.19635100031438, 37.881454999729051],
            [-85.196687999699961, 37.8823779996792],
            [-85.196767000240982, 37.882514999873464],
            [-85.197007000440493, 37.882931999993481],
            [-85.197261999810308, 37.883383000284525],
            [-85.197580999652544, 37.883944999786131],
            [-85.19780300030871, 37.884336999664797],
            [-85.198671000146931, 37.885500999957031],
            [-85.19910899981484, 37.886755999966624],
            [-85.199282000067214, 37.887971000223189],
            [-85.199354999862138, 37.889752000026988],
            [-85.199313000029349, 37.890730000148892],
            [-85.199289999564826, 37.891087000092639],
            [-85.199092000096414, 37.893686000063752],
            [-85.199155999670523, 37.894414000103936],
            [-85.199196999678392, 37.894792000257155],
            [-85.19925500030304, 37.895765999812951],
            [-85.199456000144494, 37.896450000351109],
            [-85.199761999567926, 37.898253000181853],
            [-85.199797999552942, 37.899266999914182],
            [-85.199763000291128, 37.900351999719867],
            [-85.199522000266725, 37.901122999854721],
            [-85.199246999907103, 37.901593999675313],
            [-85.199212999571913, 37.90164600020362],
            [-85.199144999799856, 37.90176200021385],
            [-85.198806999691044, 37.901969000058877],
            [-85.198718999827506, 37.902022999922735],
            [-85.198671000146931, 37.902053000302523],
            [-85.19860699967451, 37.902091999927329],
            [-85.198049000355994, 37.902253999838067],
            [-85.197469000397859, 37.902249999940814],
            [-85.196988999998851, 37.902065000025729],
            [-85.196692999722828, 37.901879000197816],
            [-85.196568999874259, 37.901799999835241],
            [-85.195926999991855, 37.901245000263074],
            [-85.195750000439844, 37.901015000184401],
            [-85.195506000042357, 37.900701999995157],
            [-85.195309000398865, 37.900451000197421],
            [-85.195095999963556, 37.899985999826832],
            [-85.195075999872046, 37.899937000092272],
            [-85.194962000069253, 37.899692000221421],
            [-85.194808999908375, 37.89936199967044],
            [-85.194218000079573, 37.898325000082501],
            [-85.193597999938476, 37.897769999824774],
            [-85.193199999555205, 37.897553000194094],
            [-85.192875999690116, 37.897376000139175],
            [-85.191740000063263, 37.896930999706882],
            [-85.191140999838566, 37.896557000111201],
            [-85.191090999609855, 37.896496000300175],
            [-85.190750999851232, 37.896094999946897],
            [-85.190318000206176, 37.895466999855095],
            [-85.19026999962729, 37.895258999907817],
            [-85.190163000395486, 37.894784999904353],
            [-85.190180999938832, 37.893149000267741],
            [-85.190423999613074, 37.892210999855692],
            [-85.190893999966363, 37.891627999807767],
            [-85.192929000291883, 37.890279999797016],
            [-85.193094999973241, 37.89016900028458],
            [-85.193147999676668, 37.890135000176883],
            [-85.194152999782247, 37.889352999747331],
            [-85.19445900010399, 37.888735999709539],
            [-85.194509000332715, 37.88863699978171],
            [-85.194500000111887, 37.888466000172855],
            [-85.194490999891045, 37.888281999984365],
            [-85.194488000416328, 37.888220000063875],
            [-85.194470999799577, 37.887879000276882],
            [-85.194172999873743, 37.887419000239042],
            [-85.194014999689983, 37.887177999831884],
            [-85.193073000231919, 37.886457000281709],
            [-85.191018999639837, 37.885447000025216],
            [-85.189851000225957, 37.884778000224578],
            [-85.189817999715672, 37.88475899992212],
            [-85.189106000411385, 37.884349999834832],
            [-85.187513999776655, 37.883641000136592],
            [-85.186820000015686, 37.883543999842068],
            [-85.186097999767327, 37.883850999678707],
            [-85.185861999765791, 37.884181000281409],
            [-85.185614000068668, 37.884692999728912],
            [-85.185208000187799, 37.88559199966069],
            [-85.185106999905472, 37.886420000195969],
            [-85.18505699967676, 37.886735999812217],
            [-85.184976000384211, 37.887251000285616],
            [-85.184882999599481, 37.887836000239481],
            [-85.185014999843958, 37.888387999933329],
            [-85.185398999983519, 37.889385000272412],
            [-85.186151000369094, 37.890545999946724],
            [-85.186445999921887, 37.891172000296706],
            [-85.186326000271279, 37.891448999796971],
            [-85.18599700038331, 37.891907999886527],
            [-85.185763999856505, 37.892055000139628],
            [-85.185512999786326, 37.892212000143672],
            [-85.184622000381879, 37.892415000185352],
            [-85.183212000220351, 37.892472000113862],
            [-85.183091999671433, 37.892477000117893],
            [-85.182799999593385, 37.89246799968501],
            [-85.181398999652686, 37.892428000347032],
            [-85.17957199973965, 37.891936000261218],
            [-85.177692000123145, 37.89138200033841],
            [-85.177328999899984, 37.891275000145576],
            [-85.176427999551464, 37.891085000195083],
            [-85.175989000058664, 37.89097399976945],
            [-85.175772000323676, 37.89082799979149],
            [-85.175696999980602, 37.890776999726121],
            [-85.175577000329994, 37.890700999716024],
            [-85.175004000044567, 37.890252000210467],
            [-85.174881999845823, 37.890153000194175],
            [-85.174871999800075, 37.8901449997932],
            [-85.17477800008875, 37.890068000231508],
            [-85.174573999874255, 37.889896999692454],
            [-85.174518999622663, 37.889856999666577],
            [-85.173848000326245, 37.889311000189132],
            [-85.172926999886258, 37.888458000297526],
            [-85.172879000205683, 37.888418000198854],
            [-85.172182000071672, 37.887834000253626],
            [-85.171572999801214, 37.887645999921823],
            [-85.171453999975526, 37.887622999667215],
            [-85.171362999738932, 37.887606000090955],
            [-85.171099000148288, 37.887556000271829],
            [-85.170894000108888, 37.887517000034919],
            [-85.170732999552087, 37.887487000111271],
            [-85.169970000194155, 37.887459000171496],
            [-85.16984399979745, 37.887455000179237],
            [-85.169314999892961, 37.8875729998597],
            [-85.168800000232139, 37.887862000050795],
            [-85.168303999939582, 37.888395000185398],
            [-85.168235000342605, 37.888470999740029],
            [-85.167590999912065, 37.889298999804573],
            [-85.16673999979227, 37.890160000278492],
            [-85.165979999909069, 37.890783999751115],
            [-85.165261999858686, 37.891106000180081],
            [-85.16472600028149, 37.891195999744362],
            [-85.164647999565361, 37.891190000060419],
            [-85.164512999846139, 37.891177999982126],
            [-85.164221999592996, 37.891153000226232],
            [-85.163794999795741, 37.89102000030465],
            [-85.163176000377874, 37.890802999916758],
            [-85.16238999965708, 37.890487000031101],
            [-85.162285000075101, 37.890444999701877],
            [-85.162254000112966, 37.890431999898944],
            [-85.162121000043555, 37.890397999912757],
            [-85.162018000111416, 37.89036999966207],
            [-85.161578999720263, 37.890254999736207],
            [-85.161526000016821, 37.890241000293983],
            [-85.161488000381979, 37.890230999981817],
            [-85.161270999748709, 37.890153999801171],
            [-85.161090999823628, 37.890090000114512],
            [-85.160355000229885, 37.889763000016529],
            [-85.160098000311947, 37.889550000056133],
            [-85.159906999617917, 37.889391000103451],
            [-85.159723000393214, 37.889100000290583],
            [-85.159572999707066, 37.888718999681267],
            [-85.159570000232335, 37.888264000218641],
            [-85.159704000126638, 37.887871000337782],
            [-85.159735000088787, 37.887779999905753],
            [-85.159621000285966, 37.887493999740073],
            [-85.15952199965345, 37.887343999952698],
            [-85.159305999743381, 37.886967000201594],
            [-85.158827999892495, 37.886377999673684],
            [-85.158277000246684, 37.886021999956739],
            [-85.158139999979326, 37.885948000038496],
            [-85.157524999861096, 37.885680999916495],
            [-85.156848999643472, 37.885567000135062],
            [-85.155847999735869, 37.885515999970451],
            [-85.154944999737552, 37.885513000251642],
            [-85.154746000444234, 37.885511999872648],
            [-85.154599000131142, 37.885515999970451],
            [-85.15422599986222, 37.885526000214064],
            [-85.15381800033154, 37.885578000040809],
            [-85.153321000214092, 37.885844999827341],
            [-85.152511000102166, 37.88651799990344],
            [-85.151870999869573, 37.887259999938308],
            [-85.151747999845924, 37.887433999861756],
            [-85.151750000394074, 37.887655000235206],
            [-85.152024999855357, 37.887952000035632],
            [-85.152157999924754, 37.888037999949937],
            [-85.152281999773308, 37.888115000216644],
            [-85.152387000253611, 37.888181000178598],
            [-85.152562000155811, 37.888316999870661],
            [-85.152689000377407, 37.888466999802745],
            [-85.15292000035609, 37.888695999761886],
            [-85.153014999892321, 37.888941000075029],
            [-85.15302800031111, 37.888988000085327],
            [-85.153060000098165, 37.889106000144842],
            [-85.15314100028904, 37.889402000146916],
            [-85.153229999977469, 37.890142999870058],
            [-85.153122000022449, 37.890510999702101],
            [-85.152931000226744, 37.890792000082655],
            [-85.152856999708575, 37.890806999727189],
            [-85.152558999782755, 37.890866999692584],
            [-85.152266999704693, 37.890839999926889],
            [-85.151952000060419, 37.890691000175273],
            [-85.151639000065984, 37.890415000262266],
            [-85.151275999842824, 37.88992300019391],
            [-85.151208000070767, 37.889848000331263],
            [-85.151165000413044, 37.889801000161036],
            [-85.151084000222198, 37.889806999958175],
            [-85.151038000191448, 37.889814000075383],
            [-85.150978999741909, 37.889850999873524],
            [-85.150602000173365, 37.89008400034043],
            [-85.150548999571598, 37.890275999958014],
            [-85.150652000402076, 37.890746999712839],
            [-85.150707999580248, 37.891010000098284],
            [-85.150865999763994, 37.891745999889778],
            [-85.151003999856258, 37.892234999673633],
            [-85.151160000390192, 37.892510999852959],
            [-85.151728999579362, 37.89300300034958],
            [-85.152720000339542, 37.893758999736214],
            [-85.153496000116263, 37.894392000095259],
            [-85.153838000423022, 37.894716999683439],
            [-85.153992000408806, 37.895003000147447],
            [-85.154141000371723, 37.895723000128477],
            [-85.154102999838571, 37.896217000183071],
            [-85.153840000072833, 37.896817000330941],
            [-85.153481000047648, 37.897275000049305],
            [-85.153105000304024, 37.897517000229399],
            [-85.152797000332441, 37.897660999982456],
            [-85.153619999964818, 37.901690000131268],
            [-85.153640000056313, 37.901789000226671],
            [-85.153815999783404, 37.902652999659288],
            [-85.155147000302208, 37.90917900004861],
            [-85.155586999619956, 37.911331999925203],
            [-85.156347000401468, 37.915052999766665],
            [-85.157102000261787, 37.91871699978747],
            [-85.157113999957346, 37.918774999823938],
            [-85.157137000421883, 37.918886000132751],
            [-85.157159999988096, 37.918994999717583],
            [-85.157386999768832, 37.920133000019106],
            [-85.157614000447865, 37.921269999826748],
            [-85.157677000197054, 37.921580000019198],
            [-85.158287000292418, 37.924565999904885],
            [-85.158344000193836, 37.924850000176029],
            [-85.158693000173287, 37.926558000019554],
            [-85.158951999741049, 37.927828999743205],
            [-85.159279999804127, 37.929432999898388],
            [-85.159679000012275, 37.931390999770777],
            [-85.159864999785128, 37.932321000213797],
            [-85.161170000364677, 37.938748999759319],
            [-85.161248000182482, 37.939121000244718],
            [-85.16158899976601, 37.940747999809908],
            [-85.162525000274613, 37.945403000105998],
            [-85.162650999772993, 37.946022999697114],
            [-85.164214000095413, 37.953801999781795],
            [-85.16505400034454, 37.957983000301262],
            [-85.165131000337439, 37.958362999806553],
            [-85.165158000101613, 37.958501999667618],
            [-85.165188000238842, 37.958649000008911],
            [-85.165234000269592, 37.958878999759953],
            [-85.166334999736321, 37.964354000120409],
            [-85.166451000087278, 37.964930000229593],
            [-85.16653399992795, 37.965342999972158],
            [-85.167625000247241, 37.970768000034468],
            [-85.167652999836335, 37.970909000344285],
            [-85.167801999799266, 37.971650999681913],
            [-85.167833999586307, 37.971808999662237],
            [-85.16804899967147, 37.972915999815449],
            [-85.168125999664355, 37.973458000195244],
            [-85.16781100002008, 37.974074999857947],
            [-85.167718000133675, 37.974376000070997],
            [-85.167699999692005, 37.974731000046397],
            [-85.167775999859984, 37.975019999839709],
            [-85.167908999929381, 37.975522999949177],
            [-85.167917000325289, 37.975803000015951],
            [-85.167851000203058, 37.976251999878528],
            [-85.1678600004239, 37.976405999757063],
            [-85.168163000372601, 37.977122000062117],
            [-85.168144999930931, 37.977265999722846],
            [-85.168165000022412, 37.977537000285196],
            [-85.168268999779485, 37.977764000148127],
            [-85.168543000314202, 37.978222999731628],
            [-85.168527000420667, 37.978471000129375],
            [-85.168200000182509, 37.979046999943918],
            [-85.168118000166743, 37.979393000277575],
            [-85.168138000258239, 37.979682000124619],
            [-85.168329000053959, 37.979886999801415],
            [-85.168954000217937, 37.980315999969697],
            [-85.169041000256556, 37.980451999953431],
            [-85.169211999960794, 37.980757000088595],
            [-85.169252999968663, 37.981041999661258],
            [-85.169225000379583, 37.981370000154783],
            [-85.169037000058594, 37.981623999926988],
            [-85.16875900022427, 37.981878000236108],
            [-85.168463999773167, 37.982152000080028],
            [-85.168272000152541, 37.982383000324241],
            [-85.168027999755068, 37.982676000203966],
            [-85.167713000110794, 37.983158000346151],
            [-85.167555999751968, 37.983516000297655],
            [-85.167452999819801, 37.984059000033142],
            [-85.167359999933367, 37.984855999912071],
            [-85.167226000039079, 37.985282000162449],
            [-85.1669599999003, 37.985777999847329],
            [-85.166665000347521, 37.986165000086295],
            [-85.166634000385386, 37.986205000126319],
            [-85.166379000117246, 37.986459000154838],
            [-85.166214000260823, 37.986757999719487],
            [-85.166180999750523, 37.986915000040121],
            [-85.166168000230059, 37.987141000218521],
            [-85.166167000405139, 37.987172000263868],
            [-85.16620400021506, 37.987347999702116],
            [-85.166291000253707, 37.987519999919897],
            [-85.166784999998114, 37.988027999904823],
            [-85.167072999878201, 37.988384000083677],
            [-85.167457999842682, 37.988939999993811],
            [-85.167563000322986, 37.989057999692484],
            [-85.167964000180973, 37.98947899983682],
            [-85.168554000184841, 37.990074999998214],
            [-85.168628999629604, 37.99023799969212],
            [-85.168688999904063, 37.990535999772867],
            [-85.168643999698205, 37.990940999821319],
            [-85.168560000032613, 37.991074999925424],
            [-85.168431000161206, 37.991159999959699],
            [-85.168298000091795, 37.991246999901094],
            [-85.168190000136775, 37.991361999779222],
            [-85.168164000197493, 37.991537000140539],
            [-85.168237999817364, 37.991872000051984],
            [-85.168400000199071, 37.992226000005665],
            [-85.168672000185623, 37.992554999692892],
            [-85.168931999578305, 37.992766000112177],
            [-85.169196999892179, 37.993039999650257],
            [-85.169427999870862, 37.993260000223181],
            [-85.169721999598735, 37.993611999908964],
            [-85.169940999881831, 37.993993999704117],
            [-85.170062000255669, 37.99428899986367],
            [-85.170044999638918, 37.994645999703486],
            [-85.170042999989093, 37.994698000253067],
            [-85.169818999683102, 37.995118000290788],
            [-85.16971900012399, 37.995342000082658],
            [-85.169668000070359, 37.995524000117811],
            [-85.1696560003748, 37.99556700019626],
            [-85.169653000001759, 37.995586000189981],
            [-85.16960500032117, 37.995818000200771],
            [-85.169586000054608, 37.996052000060217],
            [-85.169540000023844, 37.996515999939454],
            [-85.16948399994736, 37.997078000051879],
            [-85.169359000273886, 37.997575999812696],
            [-85.169186000021526, 37.997915999665828],
            [-85.168816999950579, 37.998355999925941],
            [-85.168754000201389, 37.998411000038324],
            [-85.168623999606723, 37.998524000204085],
            [-85.168445000404901, 37.998679999864983],
            [-85.168344999947465, 37.9987680003441],
            [-85.168101000448303, 37.998904000104638],
            [-85.167186999681022, 37.999267999742692],
            [-85.167102000190511, 37.999333999759727],
            [-85.166862999815919, 37.999480000208457],
            [-85.166087000039198, 38.000084999813936],
            [-85.165738000059761, 38.000246999682517],
            [-85.165160999576329, 38.000515999853597],
            [-85.165144999682823, 38.000536999733271],
            [-85.164844000282258, 38.000894000307994],
            [-85.164785999657624, 38.001137000127464],
            [-85.164773999962051, 38.001189999835461],
            [-85.164655999961269, 38.001414000195048],
            [-85.164393000195545, 38.001531999647909],
            [-85.164019000101732, 38.001584000270377],
            [-85.163610999672713, 38.001617999813419],
            [-85.163198000119166, 38.001598999966653],
            [-85.162702999651529, 38.001513999995638],
            [-85.162456999604231, 38.001456000142021],
            [-85.162285000075101, 38.001466999702849],
            [-85.161871999623216, 38.001596000027654],
            [-85.161660999736043, 38.001593000088477],
            [-85.161466999567267, 38.001522000313557],
            [-85.161229999740812, 38.001157999829367],
            [-85.161126999808644, 38.000900000243355],
            [-85.161110000090204, 38.000759000217691],
            [-85.161115999937991, 38.000619999671024],
            [-85.161120999960872, 38.000488999999348],
            [-85.161243999984507, 38.000307000250885],
            [-85.161387999924557, 38.000092000051602],
            [-85.16163499979676, 37.999763000192402],
            [-85.162023999959189, 37.999394999905014],
            [-85.162228000173684, 37.999267999742692],
            [-85.162810999606563, 37.998848000108843],
            [-85.163492999671959, 37.998368000211414],
            [-85.163821999559929, 37.998022000159693],
            [-85.163931000238193, 37.997815999914302],
            [-85.164005999682942, 37.997559999730804],
            [-85.163968000048101, 37.997289000202777],
            [-85.163939999560696, 37.997246999992953],
            [-85.16379300014593, 37.997030000177702],
            [-85.163443000341545, 37.996514999654515],
            [-85.163285000157813, 37.996074999676324],
            [-85.1632080001649, 37.995804000324668],
            [-85.16310000020988, 37.995171999696417],
            [-85.163105000232747, 37.994545000137265],
            [-85.163223000233515, 37.99410099981273],
            [-85.163398000135714, 37.993679999999529],
            [-85.163587000281595, 37.993236999724317],
            [-85.163728999673509, 37.992906000303776],
            [-85.16390100010095, 37.992156000002311],
            [-85.163864000291042, 37.991771999847664],
            [-85.163804999841489, 37.991559999756483],
            [-85.163650000030785, 37.991301000032536],
            [-85.163264000241412, 37.990915999996702],
            [-85.162902999668077, 37.990717000041123],
            [-85.162725000291147, 37.990618999700985],
            [-85.162455999779326, 37.990566000141591],
            [-85.162189999640546, 37.990533999747853],
            [-85.161894000262862, 37.990574000237807],
            [-85.161453000221883, 37.990801999782221],
            [-85.161194999580715, 37.990977999716023],
            [-85.160889999982174, 37.991212000148643],
            [-85.160565000292166, 37.991485999827525],
            [-85.159745000134535, 37.992054999839382],
            [-85.159098000229235, 37.992442000242114],
            [-85.158576999822344, 37.992722000178851],
            [-85.158266000376031, 37.992802999794357],
            [-85.157411000058261, 37.992961000255349],
            [-85.156488999793368, 37.993048999808892],
            [-85.1562290004007, 37.992991999965298],
            [-85.15604199990463, 37.992916999731023],
            [-85.155584999970131, 37.992621000087262],
            [-85.155178000264371, 37.992245000156842],
            [-85.154757000314873, 37.991714999719711],
            [-85.154341000388285, 37.991046999775932],
            [-85.154076999899303, 37.990601000202197],
            [-85.153839000247942, 37.98980399971849],
            [-85.153729999569677, 37.989374000122787],
            [-85.153588000177777, 37.988911999737475],
            [-85.153444000237727, 37.98867599968068],
            [-85.15323599982527, 37.988420000164687],
            [-85.152928999678608, 37.988257999661009],
            [-85.152562999980702, 37.988153000323486],
            [-85.152214999826157, 37.988130000347397],
            [-85.151978999824607, 37.988144000272129],
            [-85.151702999640094, 37.988188999809879],
            [-85.151261999599114, 37.98836199986814],
            [-85.150973999719014, 37.988641999801942],
            [-85.150889000228545, 37.98883500021639],
            [-85.150813999885472, 37.98900400003393],
            [-85.150791000319245, 37.989571999801875],
            [-85.150833999976939, 37.990911000313922],
            [-85.150858000266396, 37.991581999720978],
            [-85.150915000167799, 37.991958000217842],
            [-85.150976000267164, 37.992363999836776],
            [-85.151084000222198, 37.992766999740333],
            [-85.151068000328678, 37.993532999714169],
            [-85.151044999864155, 37.993905999868353],
            [-85.150900000099199, 37.994138000237378],
            [-85.150634999785325, 37.994436000049753],
            [-85.149858000183684, 37.995053999921197],
            [-85.149192999836728, 37.995503999809259],
            [-85.148561999824977, 37.995922000309115],
            [-85.148155999944123, 37.996248999832019],
            [-85.148010000354233, 37.99648099986937],
            [-85.14798799971463, 37.996656000052788],
            [-85.148083999974091, 37.996792999763414],
            [-85.148418999709833, 37.99702399992578],
            [-85.149090999729495, 37.997354000311446],
            [-85.149524000272848, 37.997541000248454],
            [-85.149983999682064, 37.997741999925424],
            [-85.150516999784543, 37.998035000056127],
            [-85.150832000327128, 37.998224000195897],
            [-85.151063000305797, 37.998407999968904],
            [-85.151203000047886, 37.998609000101347],
            [-85.151244999880689, 37.998857000262774],
            [-85.151188999804191, 37.999111999916792],
            [-85.151070999803409, 37.999267999742692],
            [-85.151034999818393, 37.999299000326538],
            [-85.150828000129167, 37.999471999667769],
            [-85.150516999784543, 37.999602000205407],
            [-85.150329000361879, 37.999652999830623],
            [-85.150040999583481, 37.999631000163198],
            [-85.149668000212884, 37.999515999799307],
            [-85.149157999676632, 37.999359999793029],
            [-85.147457999985193, 37.998874000314444],
            [-85.147083000066473, 37.998764000035024],
            [-85.146178000418317, 37.998349000230469],
            [-85.145523999942014, 37.997995999652041],
            [-85.144789999998096, 37.997565999938935],
            [-85.144493999722087, 37.997385000288567],
            [-85.144169000032079, 37.997263000143136],
            [-85.143152000230955, 37.996891000350175],
            [-85.142934999597642, 37.996842000073194],
            [-85.142741000327192, 37.996843999926206],
            [-85.142563999876884, 37.996881999955036],
            [-85.142277999646609, 37.996976000016261],
            [-85.142014999880871, 37.997143999916062],
            [-85.141884000359639, 37.997271999783649],
            [-85.141756000313109, 37.99740099970073],
            [-85.141690000190863, 37.997593000161359],
            [-85.14171199993217, 37.997891000094697],
            [-85.141793000123016, 37.998211999886863],
            [-85.141813000214526, 37.998445999895303],
            [-85.14182400008518, 37.99879899972354],
            [-85.141830999757872, 37.99903799981977],
            [-85.141773000031549, 37.999307000178256],
            [-85.141692999665608, 37.99953999998862],
            [-85.141466999709806, 38.000081999813005],
            [-85.141152999890437, 38.000707999945845],
            [-85.140953999698809, 38.001064999688104],
            [-85.140774999598662, 38.00172399991159],
            [-85.140803000086066, 38.002265999875178],
            [-85.14067500003955, 38.002453000028844],
            [-85.140490999916537, 38.002589000034163],
            [-85.140217000280145, 38.002612999925645],
            [-85.140009999692609, 38.002563999932391],
            [-85.139945000293579, 38.002549999928334],
            [-85.139830999592448, 38.002467000051475],
            [-85.139632000299144, 38.001968000022728],
            [-85.139541999887456, 38.000953000122642],
            [-85.13960299998682, 38.000080000048278],
            [-85.139572999849591, 37.999510999994847],
            [-85.139402999970272, 37.99892700024219],
            [-85.139183999687177, 37.998504000005802],
            [-85.13897000032523, 37.998132000136259],
            [-85.138612999949856, 37.997716000026379],
            [-85.138205000419163, 37.99742999982093],
            [-85.137745000111636, 37.997233999956897],
            [-85.137247000169253, 37.997086000145821],
            [-85.136863999854626, 37.997035000151357],
            [-85.136791000059674, 37.997033999873494],
            [-85.1361020003216, 37.997022999647768],
            [-85.135481000355583, 37.996982000272176],
            [-85.134421999823331, 37.996893000201908],
            [-85.134162000430635, 37.99683000024595],
            [-85.133619000282422, 37.996667999908496],
            [-85.133060000240704, 37.996371000248296],
            [-85.13239700044187, 37.996086000044237],
            [-85.131698999584643, 37.995903999987789],
            [-85.131409000054745, 37.995871999798929],
            [-85.131051999679372, 37.995880000024407],
            [-85.130643000323758, 37.99598099987621],
            [-85.130265000031983, 37.996165000321049],
            [-85.130018000159779, 37.996457999672643],
            [-85.129849000105381, 37.996928999646769],
            [-85.129835999686591, 37.997437000312075],
            [-85.129886999740222, 37.998173000284801],
            [-85.129904000356973, 37.998286000109424],
            [-85.129904000356973, 37.998857999807868],
            [-85.129618000126698, 37.999637000201844],
            [-85.129411000437457, 38.000066999806435],
            [-85.129218000093616, 38.000329999948434],
            [-85.129075999803391, 38.000731000225521],
            [-85.128966000198531, 38.001042000221076],
            [-85.128351999905206, 38.002000999885475],
            [-85.127821000350878, 38.002444000316288],
            [-85.127323000408509, 38.002859000306913],
            [-85.1263650001586, 38.003658999656459],
            [-85.125894999805325, 38.004403999656326],
            [-85.125570000115317, 38.005318000326241],
            [-85.125102000310164, 38.006320000130323],
            [-85.124759000178472, 38.007022000282717],
            [-85.12434499990168, 38.007845999813476],
            [-85.124307000266867, 38.007921000352866],
            [-85.12387299989858, 38.00855300011446],
            [-85.123386999651785, 38.009194999795241],
            [-85.123224000343484, 38.00984099992899],
            [-85.123369999933345, 38.010581999734185],
            [-85.123677000080022, 38.011182000034516],
            [-85.124040000303168, 38.011971999840867],
            [-85.124310999566504, 38.012769000069419],
            [-85.124493000039706, 38.013845000046423],
            [-85.124638999629568, 38.014702999876327],
            [-85.124782999569618, 38.015444000075362],
            [-85.125109999807762, 38.015959000001665],
            [-85.125635000412629, 38.016386000094727],
            [-85.125689999765882, 38.016602999954443],
            [-85.125678000070337, 38.016672999977601],
            [-85.125616999970958, 38.017029999834222],
            [-85.125816999987521, 38.017632999716639],
            [-85.126016000179135, 38.018076999810518],
            [-85.126017000004055, 38.018590999652012],
            [-85.126125999783994, 38.019178999794427],
            [-85.126305999709047, 38.019894000212808],
            [-85.126452000197233, 38.020291999759223],
            [-85.126216000195683, 38.020635000297801],
            [-85.12574800039053, 38.020847999795315],
            [-85.124969000240768, 38.020979999840975],
            [-85.12417400019747, 38.021007999884453],
            [-85.12360500010999, 38.021020000000888],
            [-85.1235420003608, 38.021020999951524],
            [-85.12307100018262, 38.021252000214723],
            [-85.12242099990425, 38.021178999766057],
            [-85.121967000342821, 38.021081999745597],
            [-85.120992000374486, 38.020822000305131],
            [-85.119814999841452, 38.02078100008324],
            [-85.11923800025636, 38.020951999786853],
            [-85.118928999561561, 38.021294000120008],
            [-85.118962000071832, 38.021681999724116],
            [-85.11916200008838, 38.022104999990347],
            [-85.119364999579645, 38.02254099973522],
            [-85.119619000022865, 38.023225000249361],
            [-85.120070999934498, 38.023755000103812],
            [-85.120542000112678, 38.024141000306201],
            [-85.120977000305871, 38.024639000239787],
            [-85.121049000275875, 38.025298000142477],
            [-85.120831999642604, 38.025758999978514],
            [-85.120434000157658, 38.025945999646879],
            [-85.11957100034229, 38.025985999926441],
            [-85.117668000261261, 38.025843000259428],
            [-85.116474999834708, 38.025728999854834],
            [-85.115516999584798, 38.025727999968439],
            [-85.114898999991837, 38.025735999766873],
            [-85.114456000301047, 38.025701000200094],
            [-85.113896000434394, 38.025677000083149],
            [-85.113128999980177, 38.02564400026332],
            [-85.112369000096976, 38.025802999901799],
            [-85.112333999936894, 38.025820999959301],
            [-85.111698999727167, 38.026130999783831],
            [-85.111085000332167, 38.026444999926156],
            [-85.110254000303868, 38.026886999959942],
            [-85.10976600040722, 38.027045999731399],
            [-85.109469000306305, 38.027072999711727],
            [-85.109300000251906, 38.027168999718441],
            [-85.109331000214041, 38.027633999960749],
            [-85.109277999612289, 38.028047999724429],
            [-85.109079000318971, 38.028606999889327],
            [-85.109034000113127, 38.028742000353041],
            [-85.108891999822902, 38.029166999873965],
            [-85.108612000338738, 38.029599999843832],
            [-85.108188000016199, 38.029890999655322],
            [-85.107597000187411, 38.030200999948271],
            [-85.107054999864104, 38.030436000277618],
            [-85.106488000324774, 38.030741999700084],
            [-85.106314000247494, 38.03095100027511],
            [-85.106147999667826, 38.031169999791032],
            [-85.105806000259378, 38.031618999678521],
            [-85.105596000197096, 38.032024999746156],
            [-85.105337999555914, 38.032535000218502],
            [-85.105233999798841, 38.032696999841889],
            [-85.105130999866674, 38.032855999739695],
            [-85.104720999787858, 38.033074999928346],
            [-85.104622000053652, 38.033235000204684],
            [-85.104561999779193, 38.033405999852789],
            [-85.104387999701913, 38.033812999697503],
            [-85.104170999966954, 38.034038999681279],
            [-85.104035000422826, 38.03433000025516],
            [-85.103837999881023, 38.034709999932574],
            [-85.1034980001224, 38.035132000224429],
            [-85.103109999784891, 38.035463999804804],
            [-85.102877000156383, 38.035829999951012],
            [-85.102720999622449, 38.036372000322224],
            [-85.10253499984961, 38.036856000075431],
            [-85.102392999559385, 38.037002999815982],
            [-85.102176999649316, 38.037115999926201],
            [-85.101646000094973, 38.037270000077378],
            [-85.101421999788997, 38.037283999817816],
            [-85.101035000174704, 38.037251000273827],
            [-85.100717000157388, 38.037179999660793],
            [-85.100370999652654, 38.037100999714987],
            [-85.099202000413868, 38.0367529997541],
            [-85.09897399990993, 38.036802999976253],
            [-85.098758999824767, 38.036980000304425],
            [-85.098723999664671, 38.037023000123703],
            [-85.098387000279104, 38.037434000001795],
            [-85.098249000186826, 38.037487000351874],
            [-85.098039000124558, 38.037568000038455],
            [-85.097577999992097, 38.037596000110206],
            [-85.097270000020529, 38.037716999918047],
            [-85.096761000207508, 38.038263999759032],
            [-85.096480000000113, 38.038583000220953],
            [-85.096345000280891, 38.038712000317048],
            [-85.096023999890519, 38.038797000310993],
            [-85.094500999751091, 38.039122999914028],
            [-85.094233999787392, 38.039253999877488],
            [-85.093868000089515, 38.039622000287117],
            [-85.093397999736226, 38.039862999682121],
            [-85.092972999588781, 38.039901000051564],
            [-85.092545999791525, 38.039875999941046],
            [-85.091775000037671, 38.039629000286588],
            [-85.09106500038321, 38.039529999827444],
            [-85.090779999977826, 38.039531999930965],
            [-85.090389999990492, 38.039552999953195],
            [-85.089667999742133, 38.039811000038306],
            [-85.08910799987548, 38.039891999984455],
            [-85.088625000001727, 38.040055999697188],
            [-85.088127999884264, 38.04034100017499],
            [-85.087438000321271, 38.040716999651991],
            [-85.087123999603605, 38.040793000192359],
            [-85.086536999972779, 38.040760999788255],
            [-85.085792000158207, 38.04064999971537],
            [-85.084751999892504, 38.040651000105534],
            [-85.084580000363374, 38.040664000224574],
            [-85.084032000192295, 38.040706000321329],
            [-85.083616000265692, 38.040875999826625],
            [-85.083463000104814, 38.041053000215555],
            [-85.083278000156881, 38.041378999680447],
            [-85.082980000231046, 38.041689999837629],
            [-85.082549000235815, 38.04205699966176],
            [-85.082059999615964, 38.042265000125646],
            [-85.081671000351861, 38.042439000304732],
            [-85.081122000355876, 38.042954999746385],
            [-85.080605999971837, 38.043412999892745],
            [-85.080012999594899, 38.043894000181425],
            [-85.07930399976533, 38.044207000244441],
            [-85.078550999554835, 38.044736000064454],
            [-85.077922000091206, 38.045356000309951],
            [-85.077758000059674, 38.045732000210826],
            [-85.077435000019491, 38.04598399996673],
            [-85.077069000321586, 38.046508999855845],
            [-85.076846999665435, 38.046936000177652],
            [-85.076707999748251, 38.047207999682264],
            [-85.076643000349236, 38.04732599968878],
            [-85.076418000218354, 38.047755999662066],
            [-85.076059000193155, 38.048390000247089],
            [-85.075311999830433, 38.049480999698623],
            [-85.075115000186955, 38.049835999739798],
            [-85.074880000010296, 38.050952000152051],
            [-85.074715000153859, 38.051354999833428],
            [-85.074310999922815, 38.051731000049024],
            [-85.074135000195724, 38.051989999901906],
            [-85.074156999937017, 38.052246999789602],
            [-85.074162999784804, 38.052983999949106],
            [-85.073864999858969, 38.053774999851356],
            [-85.073181999968682, 38.055097000026421],
            [-85.07244700019983, 38.056261000177358],
            [-85.071682000293777, 38.057752999938529],
            [-85.071298000154229, 38.058152999916928],
            [-85.070893999923172, 38.058370999985577],
            [-85.069715999565233, 38.058802999727988],
            [-85.069194000231747, 38.058906000152959],
            [-85.06868600024363, 38.059006000014776],
            [-85.068332000241298, 38.059103000033133],
            [-85.066847999561602, 38.059507999661271],
            [-85.066256999732815, 38.059778000290066],
            [-85.065302999680853, 38.060374999802043],
            [-85.064524000429415, 38.060789999906866],
            [-85.064135000266972, 38.06102699990452],
            [-85.063939000448386, 38.0612660000589],
            [-85.063849999861631, 38.061373999674338],
            [-85.062653000135427, 38.062155999979545],
            [-85.061961999849217, 38.062509999987249],
            [-85.061692000410773, 38.062792999874468],
            [-85.061001999949468, 38.064210000002838],
            [-85.06067700025946, 38.064502000259239],
            [-85.060526999573327, 38.064829000037484],
            [-85.059979000300544, 38.066915000291175],
            [-85.05973099970511, 38.067374999804052],
            [-85.059681000374724, 38.067459999758711],
            [-85.05927499959553, 38.067773000188168],
            [-85.058964000149231, 38.068137000040444],
            [-85.058523000108266, 38.068243000096025],
            [-85.05799699967848, 38.068368000217703],
            [-85.057206999658064, 38.068442000319244],
            [-85.056631999722796, 38.068595000339606],
            [-85.056375999629751, 38.068833999818843],
            [-85.055927999916108, 38.069433999689934],
            [-85.055593000180338, 38.069712999697053],
            [-85.055354999630666, 38.06990300025123],
            [-85.054896999871247, 38.070196999681976],
            [-85.054039000078774, 38.070579999847801],
            [-85.052272000440183, 38.071177000330074],
            [-85.050769000392236, 38.071525000019328],
            [-85.049181999780373, 38.071892000186132],
            [-85.047877000099149, 38.072306000069865],
            [-85.047783000387824, 38.072340999991873],
            [-85.048000000122784, 38.072844000032148],
            [-85.048176999674794, 38.073078000037469],
            [-85.048328000185847, 38.07323100026175],
            [-85.048383000437454, 38.07328300020967],
            [-85.048509999760739, 38.073388999880144],
            [-85.048648999677894, 38.073488999748704],
            [-85.048796999815906, 38.073584999720183],
            [-85.048951999626624, 38.073675999871519],
            [-85.049108999985449, 38.073765999971968],
            [-85.049267000169181, 38.073858999770842],
            [-85.049435000398674, 38.073946999775792],
            [-85.049599000430206, 38.074036000316006],
            [-85.049755000065829, 38.07412300017522],
            [-85.050095999649344, 38.074292999861612],
            [-85.050282000320522, 38.07436900019259],
            [-85.050468000093346, 38.074440000095493],
            [-85.050661000437188, 38.07449900009189],
            [-85.050853000057828, 38.074541999795507],
            [-85.051056000447403, 38.074575000208803],
            [-85.051255999565626, 38.07459300029938],
            [-85.051448999909468, 38.074598999857123],
            [-85.051991000232775, 38.074876000119481],
            [-85.052401000311605, 38.075144000064064],
            [-85.052623999894365, 38.07544000018089],
            [-85.052837000329703, 38.076530000264157],
            [-85.052911999774466, 38.076846999651771],
            [-85.053150000324152, 38.077025999823249],
            [-85.053387000150622, 38.077304999864772],
            [-85.053516000022029, 38.077653999982104],
            [-85.053447000425066, 38.078793000259303],
            [-85.053480000037027, 38.079384000302419],
            [-85.053675999855614, 38.079751999781585],
            [-85.053823999993611, 38.080200000275674],
            [-85.054162999927328, 38.081223999684553],
            [-85.054188999866597, 38.081743000236365],
            [-85.054089000307485, 38.08334500009294],
            [-85.054350000423398, 38.083904000188106],
            [-85.054537999846048, 38.084222999724737],
            [-85.05409099995731, 38.084738000343869],
            [-85.053069000133291, 38.08541499979065],
            [-85.052556999947214, 38.085851999910069],
            [-85.052080999746153, 38.086578999806129],
            [-85.051700999804552, 38.087091000117979],
            [-85.05144200023679, 38.0875190002509],
            [-85.051519000229675, 38.087772000092649],
            [-85.051688000284088, 38.088081999923517],
            [-85.051951999874731, 38.088324999724811],
            [-85.052130000149958, 38.088415000179467],
            [-85.052469000083661, 38.088595000049317],
            [-85.052852000398332, 38.088839999729508],
            [-85.052952999782349, 38.089211000287996],
            [-85.052829999758686, 38.08955599984003],
            [-85.052195000447284, 38.090185999984755],
            [-85.051859999813232, 38.090644999782036],
            [-85.051460999605055, 38.091168999828689],
            [-85.050555000131993, 38.092469999807555],
            [-85.049661000354504, 38.093783999833718],
            [-85.048951999626624, 38.09470499980003],
            [-85.048196999766276, 38.096557999683455],
            [-85.047865000403576, 38.097133000091084],
            [-85.047657999816025, 38.097499999693667],
            [-85.047641999922504, 38.097788000096351],
            [-85.048087000161445, 38.099962999864381],
            [-85.048043999605412, 38.100195999751548],
            [-85.04792499977971, 38.100560000102924],
            [-85.047236999866541, 38.101706000228042],
            [-85.047086000253813, 38.101931000258745],
            [-85.046979000123685, 38.102114000130946],
            [-85.04688799988709, 38.102291999686663],
            [-85.046817999566898, 38.102490999856052],
            [-85.04669899974121, 38.102973999657678],
            [-85.046613000425793, 38.10348000033386],
            [-85.046513999793291, 38.104041999830017],
            [-85.046430999952605, 38.104362000069329],
            [-85.046349999761759, 38.104608999651283],
            [-85.046247999654483, 38.104851000128818],
            [-85.045881999956606, 38.105533999749689],
            [-85.04543599989276, 38.106339999894935],
            [-85.045132999944059, 38.10679399976781],
            [-85.045110000377846, 38.107082000295307],
            [-85.045004000072637, 38.107262000136785],
            [-85.044917000034005, 38.107380000122077],
            [-85.044927000079753, 38.107655999702715],
            [-85.045060000149135, 38.107896999805298],
            [-85.045187000370746, 38.108047000151046],
            [-85.045454000334431, 38.1083400001312],
            [-85.045487999771311, 38.108382000258835],
            [-85.0456910001609, 38.108654999792947],
            [-85.04584599997159, 38.10897299999889],
            [-85.045993000284696, 38.109751000352098],
            [-85.046215999867457, 38.110091999892823],
            [-85.046382000447124, 38.110545000338192],
            [-85.046271999943954, 38.110958000329077],
            [-85.046108999737328, 38.111090999888958],
            [-85.04526400036363, 38.111487000264027],
            [-85.044871000003255, 38.111823000269432],
            [-85.04477499974378, 38.112073999845443],
            [-85.044758000025354, 38.112370000278652],
            [-85.044754999652298, 38.112617000350006],
            [-85.044751000352662, 38.113001000347381],
            [-85.044628000329013, 38.113106999681868],
            [-85.044102999724132, 38.113450000014694],
            [-85.043767999988376, 38.113574999892101],
            [-85.04264800025507, 38.113502000334584],
            [-85.041982999908129, 38.113454999816007],
            [-85.041726999815083, 38.113663000152449],
            [-85.041709000271737, 38.113959999894888],
            [-85.041746000081659, 38.114288999908268],
            [-85.040564000424084, 38.116894000321821],
            [-85.040073000154408, 38.11801999999151],
            [-85.040034999621255, 38.118213000209821],
            [-85.040000000359456, 38.118452000044194],
            [-85.039962999651223, 38.118688999743306],
            [-85.03990599974982, 38.118887999770308],
            [-85.039833999779788, 38.11905699992851],
            [-85.039745000091344, 38.119199999811222],
            [-85.03965300002983, 38.119313000192633],
            [-85.039508000264874, 38.119435999889909],
            [-85.03932499996678, 38.119557000050676],
            [-85.039099999835869, 38.119675999978227],
            [-85.038863000009414, 38.119758999878215],
            [-85.038515999679774, 38.119821000091051],
            [-85.037963000384138, 38.119911999931929],
            [-85.037559000153095, 38.119979000076206],
            [-85.037144999876304, 38.120072999753148],
            [-85.036901000377142, 38.120153999888934],
            [-85.036702000185514, 38.120227999873357],
            [-85.036594000230494, 38.120276000281542],
            [-85.036035000188747, 38.120533999814924],
            [-85.035421999720313, 38.120856999893299],
            [-85.034715000438894, 38.121205999842267],
            [-85.034202000427911, 38.121477000223464],
            [-85.033933999740981, 38.121642000085501],
            [-85.033621999571452, 38.121848999732002],
            [-85.033577000263932, 38.121886999920903],
            [-85.033419000080187, 38.121980999968322],
            [-85.033203000170118, 38.122180000210825],
            [-85.033060999879908, 38.122402000139601],
            [-85.033044999986373, 38.122420999739269],
            [-85.032838000297147, 38.122727999652056],
            [-85.032677999565252, 38.12293499975317],
            [-85.032639000105505, 38.122984999737376],
            [-85.032567000135472, 38.123077999814846],
            [-85.032353999700163, 38.123320999845603],
            [-85.032306999844479, 38.123373000203735],
            [-85.032215999607885, 38.12345999999981],
            [-85.031829999818498, 38.12376299994235],
            [-85.031500999930529, 38.124003999899067],
            [-85.031295000066208, 38.124152999717765],
            [-85.031070999760217, 38.124286999935237],
            [-85.03085900004811, 38.124375999959575],
            [-85.030657000381751, 38.124437999785393],
            [-85.030319000272954, 38.124506999917152],
            [-85.029966999920447, 38.12453200008197],
            [-85.029253999892916, 38.124480999793207],
            [-85.028603999614589, 38.124389000041432],
            [-85.028359000290521, 38.124351999693722],
            [-85.028088000128861, 38.124300999985962],
            [-85.027821000165176, 38.124263000346815],
            [-85.027445000421523, 38.124223000072973],
            [-85.02713900009978, 38.124195999893452],
            [-85.026953000326955, 38.124193000029898],
            [-85.026751999587191, 38.124211999870191],
            [-85.026570999837219, 38.124249000288799],
            [-85.026343000231591, 38.124314000081107],
            [-85.02614700041299, 38.124389000041432],
            [-85.025999000274993, 38.124479999842649],
            [-85.02584799976394, 38.12459099992811],
            [-85.024959000009318, 38.125230999866695],
            [-85.024815999894173, 38.125357000010688],
            [-85.02440199961741, 38.125720000135232],
            [-85.024312999928938, 38.125835000183635],
            [-85.024103999691576, 38.126084999725407],
            [-85.023960999576445, 38.126274000122251],
            [-85.023619999992889, 38.12665799967953],
            [-85.02346900038016, 38.126801000222272],
            [-85.023332000112816, 38.126921000273825],
            [-85.022605999666496, 38.127483000316055],
            [-85.022489000388958, 38.127607000290972],
            [-85.02243199958923, 38.127680999788083],
            [-85.022378000060854, 38.127770999820292],
            [-85.022332000030104, 38.127900000238242],
            [-85.022318999611315, 38.128027999819544],
            [-85.022346000273814, 38.128210000129677],
            [-85.02241400004587, 38.128389000294867],
            [-85.022513999604996, 38.128546000216673],
            [-85.022643000374728, 38.128680000143852],
            [-85.022746000306896, 38.128742999739828],
            [-85.022936000277682, 38.128812999933785],
            [-85.023117999852559, 38.128859999753814],
            [-85.023226999632527, 38.128871999853324],
            [-85.023352000204298, 38.128877999902372],
            [-85.023491000121467, 38.12889500015639],
            [-85.023551000395912, 38.128904999763591],
            [-85.023711000229497, 38.1290519996965],
            [-85.023837999552782, 38.129129000216217],
            [-85.023969999797274, 38.129321000157994],
            [-85.024204000148998, 38.130004999776943],
            [-85.024264000423472, 38.130587000269301],
            [-85.024117000110365, 38.130872999813668],
            [-85.023264000340745, 38.131458000016316],
            [-85.022985999608096, 38.131670000062861],
            [-85.022882999675929, 38.131839000312155],
            [-85.022830999797378, 38.132018000057514],
            [-85.02288699987389, 38.132162999683402],
            [-85.023151000362844, 38.132895999947245],
            [-85.023106999981906, 38.133342999864809],
            [-85.022983999958271, 38.133623000257046],
            [-85.0229160001862, 38.133777000050209],
            [-85.022572000229616, 38.134159999888666],
            [-85.022182000242267, 38.134395999657251],
            [-85.021854000179204, 38.13449799977014],
            [-85.020784999601219, 38.134501999730098],
            [-85.020347999758215, 38.134580999777604],
            [-85.020071999573688, 38.134715999741267],
            [-85.019766000150256, 38.13499000026593],
            [-85.018745000151156, 38.136307000095364],
            [-85.018706999618004, 38.136589999775182],
            [-85.01875500019689, 38.13691499973887],
            [-85.018767999717383, 38.136985999646981],
            [-85.018849999733135, 38.137267999744424],
            [-85.019136999788316, 38.137637999792858],
            [-85.019375000338016, 38.138011000087225],
            [-85.01935500024652, 38.138307999708246],
            [-85.019211000306484, 38.138536999768313],
            [-85.018977999779665, 38.138909999706613],
            [-85.018925000076209, 38.139153000025431],
            [-85.018954000388518, 38.140090000310629],
            [-85.019001000244202, 38.140262999782607],
            [-85.019173999598237, 38.140544999933525],
            [-85.019500000011476, 38.140946000283172],
            [-85.019626000408167, 38.141065999688045],
            [-85.019997000128924, 38.141522999724231],
            [-85.019982999885229, 38.141932000163138],
            [-85.019870999732234, 38.142197000244458],
            [-85.019714000271719, 38.142419000056911],
            [-85.019498000361651, 38.142590999956383],
            [-85.019069000016259, 38.142772999983507],
            [-85.018812000098308, 38.142913000238906],
            [-85.018595000363334, 38.142881999700904],
            [-85.018289000041563, 38.143021999747155],
            [-85.018069999758467, 38.143153000152694],
            [-85.01795500013074, 38.143349000120708],
            [-85.017935999864164, 38.143502000187567],
            [-85.017984000443064, 38.143620000250884],
            [-85.018078000154375, 38.143792999831],
            [-85.018206000200905, 38.143973000318603],
            [-85.018472000339671, 38.144335999703763],
            [-85.018477000362552, 38.144551999899583],
            [-85.018393999623569, 38.144690000219754],
            [-85.018160000170155, 38.144822000128123],
            [-85.017407999784552, 38.145209999675011],
            [-85.016956999697854, 38.145478000261939],
            [-85.016806000085111, 38.14558199975005],
            [-85.016698000130077, 38.14564399993138],
            [-85.01667600038877, 38.146599000238119],
            [-85.016545999794118, 38.146803999761545],
            [-85.016494999740473, 38.146845999665125],
            [-85.016334000082011, 38.146967000311982],
            [-85.016144999936117, 38.147056999874764],
            [-85.015986999752357, 38.147129000151466],
            [-85.015862000078911, 38.147186999753657],
            [-85.015446000152295, 38.147379999863865],
            [-85.014897000156296, 38.147691000006688],
            [-85.014487999902386, 38.148033000011786],
            [-85.013598000322844, 38.148774999909307],
            [-85.013126000319744, 38.14921899979926],
            [-85.01245299957688, 38.149848999682874],
            [-85.012460000147897, 38.14989999990636],
            [-85.012469000368711, 38.149972000202652],
            [-85.012476999866323, 38.150029000063064],
            [-85.012485000262245, 38.150087000185181],
            [-85.012496999957804, 38.150177999735661],
            [-85.012270000177082, 38.150445999731829],
            [-85.011967000228381, 38.150805999927179],
            [-85.01161700042401, 38.151221000223856],
            [-85.01160599965506, 38.151233999762638],
            [-85.01158599956355, 38.151257999665845],
            [-85.011552000126684, 38.151299000247548],
            [-85.01152399963928, 38.151333000195528],
            [-85.011486000004453, 38.151377999769885],
            [-85.011398999965806, 38.151478999875103],
            [-85.0113000002316, 38.151598000036444],
            [-85.011004999780511, 38.151948000216713],
            [-85.01043700041626, 38.152621000223391],
            [-85.010092999561351, 38.153029000341164],
            [-85.009856999559801, 38.153309000070934],
            [-85.009240999616665, 38.154040000038194],
            [-85.008649999787849, 38.154741000247597],
            [-85.00807099965462, 38.15542700011521],
            [-85.007468999955194, 38.156140999784164],
            [-85.006930999829848, 38.156779000222429],
            [-85.006512000428515, 38.157275999848146],
            [-85.00627499970372, 38.157556999722267],
            [-85.006042999900131, 38.157832000139344],
            [-85.005970999930099, 38.15793399998153],
            [-85.005688999897814, 38.158328000165007],
            [-85.005570000072126, 38.15849499974199],
            [-85.005500999576824, 38.158547999950791],
            [-85.005349999964082, 38.158662999831449],
            [-85.005035000319822, 38.158858999799811],
            [-85.004732000371121, 38.159049000260858],
            [-85.004329999789888, 38.159428999697759],
            [-85.003804000258427, 38.160200000124441],
            [-85.003796999687438, 38.160333999843431],
            [-85.003790999839637, 38.160457000338553],
            [-85.003836999870387, 38.16066000014488],
            [-85.004034000412219, 38.160919999916899],
            [-85.005144000099762, 38.162105999922446],
            [-85.005538000285071, 38.162346999687038],
            [-85.005933000295286, 38.16241700013466],
            [-85.006884999799098, 38.162430999933612],
            [-85.009090000003908, 38.162461999932873],
            [-85.009563999656834, 38.162605000237356],
            [-85.00981899992496, 38.162793999987187],
            [-85.009950000344546, 38.163323000045473],
            [-85.010027000337431, 38.163666000324518],
            [-85.010109000353197, 38.164033999747858],
            [-85.01035399967725, 38.164921000216061],
            [-85.01031000019465, 38.165208000178701],
            [-85.010080000040873, 38.165425000106602],
            [-85.009751000152903, 38.165573000012436],
            [-85.009305999913977, 38.165561000298503],
            [-85.008762999765764, 38.165484000086003],
            [-85.007761999858161, 38.165197999896314],
            [-85.007311999596354, 38.165063999935064],
            [-85.006710999721832, 38.164903999880153],
            [-85.006215000327586, 38.164908999688507],
            [-85.005948000363887, 38.165053000238309],
            [-85.005666000331587, 38.165349999944212],
            [-85.005146999574492, 38.166324000191381],
            [-85.004944999908133, 38.166584000246672],
            [-85.004846000173941, 38.166706000007295],
            [-85.004513999912916, 38.166975000077962],
            [-85.004185999849852, 38.167113999714992],
            [-85.003739999786021, 38.167132999680355],
            [-85.003393000354691, 38.16722199971241],
            [-85.003230999972985, 38.167457999882231],
            [-85.003219000277426, 38.167605999898178],
            [-85.003316000361806, 38.167801999838609],
            [-85.003531000446955, 38.168043999902814],
            [-85.003866000182711, 38.168167000103182],
            [-85.004359000102227, 38.168180000152425],
            [-85.005333000245656, 38.168007999856577],
            [-85.005749000172258, 38.168031999889365],
            [-85.006220000350467, 38.168184999736148],
            [-85.007160999983611, 38.168219000286257],
            [-85.007796000193338, 38.16825200005723],
            [-85.008398999717684, 38.168283999756689],
            [-85.009059999866679, 38.168466999997079],
            [-85.009311999761763, 38.168786000309538],
            [-85.009299000241285, 38.169093000093454],
            [-85.009155000301249, 38.169346999908008],
            [-85.008934000368299, 38.169516999789899],
            [-85.008368999580469, 38.169716999683473],
            [-85.007329000213105, 38.170035000142768],
            [-85.006430000412749, 38.170310000107555],
            [-85.006331999605138, 38.170372999776184],
            [-85.005980999975861, 38.1705730001459],
            [-85.00575699966987, 38.17097499998448],
            [-85.005700999593373, 38.171528000294416],
            [-85.005831000188024, 38.17209399999696],
            [-85.005980999975861, 38.172448999961858],
            [-85.00616300044905, 38.172878999871415],
            [-85.006570999979729, 38.173417000067893],
            [-85.007104000082194, 38.173845999935537],
            [-85.007419999551388, 38.173965000317303],
            [-85.007956999851814, 38.174161000107063],
            [-85.008504000197988, 38.17440100029917],
            [-85.008849999804397, 38.174793999798467],
            [-85.008966000155368, 38.175318999795927],
            [-85.008889999987375, 38.17586200010399],
            [-85.008824999690034, 38.175946000313111],
            [-85.008770000336767, 38.176018000314372],
            [-85.008595000434596, 38.176082999891541],
            [-85.008248999929876, 38.176064000140649],
            [-85.007967999722467, 38.176008000102698],
            [-85.007894000102624, 38.175993000135662],
            [-85.007797000018257, 38.175972999703994],
            [-85.007730000071106, 38.175960000338556],
            [-85.007586999955961, 38.175857000340713],
            [-85.007479999825833, 38.175779999705583],
            [-85.007469999780099, 38.175858000293388],
            [-85.007460999559271, 38.175924999916795],
            [-85.007447000213887, 38.176033000276256],
            [-85.007371999870813, 38.176615000085647],
            [-85.00729700042605, 38.177220000087701],
            [-85.007269999763551, 38.177418000165822],
            [-85.007190000295921, 38.178043999648139],
            [-85.007103000257288, 38.178725000305356],
            [-85.007017000043575, 38.179393000081838],
            [-85.00692199960902, 38.180139000331735],
            [-85.00682600024787, 38.18088699977244],
            [-85.0067309998133, 38.181633000260732],
            [-85.00663799992688, 38.182355999784306],
            [-85.006540000017594, 38.183121000093841],
            [-85.006444999583039, 38.183860999834046],
            [-85.006348000396969, 38.184625000042232],
            [-85.006273000053895, 38.18520500006634],
            [-85.006201000083891, 38.185767000186615],
            [-85.006145999832285, 38.186196999883684],
            [-85.006118000243191, 38.186418000098527],
            [-85.006042000075226, 38.187011999988783],
            [-85.005990000196675, 38.187421000196345],
            [-85.005922000424633, 38.187947000084321],
            [-85.005863999799985, 38.188404999835683],
            [-85.005815000294504, 38.188807000151797],
            [-85.005683999874933, 38.189806999842951],
            [-85.005652999912797, 38.190050000021564],
            [-85.005576999744818, 38.190627999713783],
            [-85.005543000307924, 38.190909999970494],
            [-85.005519000018495, 38.191095000069012],
            [-85.005435000352904, 38.191753999662531],
            [-85.005345999766121, 38.192447000189873],
            [-85.005256000252757, 38.1931510001709],
            [-85.005168000389205, 38.193841000289865],
            [-85.005141999551626, 38.194045999715264],
            [-85.004995999961764, 38.195182999862283],
            [-85.004810000188925, 38.196638999716249],
            [-85.00461900039322, 38.198129000116346],
            [-85.004436999920031, 38.199553000292859],
            [-85.00424299975127, 38.201065999791687],
            [-85.004042999734708, 38.202630999948518],
            [-85.003860000334939, 38.204060999825884],
            [-85.003837999695307, 38.204230999893113],
            [-85.003687999907484, 38.205403000225346],
            [-85.003535999571525, 38.206594999836426],
            [-85.003391999631475, 38.20771000033811],
            [-85.003358000194595, 38.207980000302946],
            [-85.003119999644909, 38.209843000009499],
            [-85.002845000183598, 38.211986000207105],
            [-85.002795999779821, 38.212372999979209],
            [-85.002685000350056, 38.213242000157749],
            [-85.002256999829555, 38.216565999988312],
            [-85.002137000178962, 38.217509999687465],
            [-85.002001999561415, 38.218575000188714],
            [-85.001645000084352, 38.221368000206603],
            [-85.001209000066268, 38.224768999774462],
            [-85.001180999578864, 38.224969999681129],
            [-85.001089000415675, 38.225641000038408],
            [-85.001031999615947, 38.226152000230073],
            [-85.000993999981119, 38.227001999702338],
            [-85.000932000056849, 38.228410999816639],
            [-85.000839999995335, 38.230513000325978],
            [-85.000803000185414, 38.231243999898673],
            [-85.00064800037471, 38.234667000154488],
            [-85.000604999818691, 38.23562499979063],
            [-85.000464000251696, 38.238743000305135],
            [-85.000352000098701, 38.241235999751389],
            [-85.000311999915738, 38.242119999940485],
            [-85.000130000340846, 38.246314000221183],
            [-85.000061999670478, 38.247671999889093],
            [-84.999972999982006, 38.249486999837501],
            [-84.999952000065619, 38.250069999810691],
            [-84.999923999578201, 38.250611000013073],
            [-84.999849000133452, 38.252452000282418],
            [-84.999824000019089, 38.253076000195321],
            [-84.999779999638164, 38.254164999689074],
            [-84.999675999881106, 38.256615999913556],
            [-84.99956000042846, 38.259352000230848],
            [-84.999545000359831, 38.259717000102206],
            [-84.999442000427678, 38.262147999931479],
            [-84.999309000358295, 38.265271999874557],
            [-84.999270999825143, 38.266189999663098],
            [-84.999173999740762, 38.268458000223674],
            [-84.999076999656381, 38.270747000339327],
            [-84.998984999594867, 38.272933000084244],
            [-84.998895999906409, 38.274933000159749],
            [-84.998897999556235, 38.274979000243341],
            [-84.996697000447696, 38.277986000320233],
            [-84.995211999943081, 38.280017000157706],
            [-84.994913000192355, 38.280409999917424],
            [-84.993322000280841, 38.282596999892377],
            [-84.99320900030294, 38.282751000020852],
            [-84.992885000437852, 38.283193999864778],
            [-84.992560999674424, 38.283636999825802],
            [-84.992235999984416, 38.284079999903945],
            [-84.991912000119314, 38.284523000099099],
            [-84.991618000391441, 38.284925000336642],
            [-84.991482999773936, 38.285107999991524],
            [-84.991237999551529, 38.285443000229733],
            [-84.990922999907269, 38.285874000236397],
            [-84.990628000354491, 38.286276999888962],
            [-84.990339999576065, 38.286670000310146],
            [-84.99004000000042, 38.287080000028197],
            [-84.989749999572211, 38.287475999820408],
            [-84.989430999729976, 38.287912000269152],
            [-84.989140000375144, 38.288309000275568],
            [-84.98885999999267, 38.288692000029997],
            [-84.988588000006118, 38.289063000074108],
            [-84.988336999935939, 38.289406000223678],
            [-84.988102999584214, 38.289726999666122],
            [-84.987900999917841, 38.290002999896615],
            [-84.987715999969922, 38.29025400007373],
            [-84.987526999824027, 38.290512999798665],
            [-84.987330000180535, 38.290782999747513],
            [-84.987147999707346, 38.291031000000984],
            [-84.986987999873776, 38.291247000190822],
            [-84.986355000212185, 38.292114999928728],
            [-84.98621000044723, 38.292312999754991],
            [-84.986078000202752, 38.292492000073025],
            [-84.985998999661717, 38.292597999966496],
            [-84.985903000300567, 38.292731000199211],
            [-84.985790000322666, 38.292884999978597],
            [-84.985623999742984, 38.29311300013233],
            [-84.985273999938627, 38.293589999992285],
            [-84.984883000126374, 38.2941240001241],
            [-84.984456000329118, 38.294707999751395],
            [-84.984045000425382, 38.295270000092842],
            [-84.983621000102858, 38.295847999968096],
            [-84.983214000397084, 38.29640700011624],
            [-84.982817999663638, 38.296945999867326],
            [-84.982215000139277, 38.297768999795146],
            [-84.981606999693739, 38.298599999781914],
            [-84.981006999644109, 38.299418999913527],
            [-84.980428000409205, 38.300211000148934],
            [-84.980136000331157, 38.300609999847012],
            [-84.979980999622143, 38.300821999730303],
            [-84.979538999756258, 38.301424999888553],
            [-84.978969999668792, 38.302202000042897],
            [-84.978825999728727, 38.302397999885166],
            [-84.978461999680661, 38.302897000071347],
            [-84.978148999686226, 38.303324000193676],
            [-84.977634000025404, 38.304029999891377],
            [-84.977546999986785, 38.304146999674813],
            [-84.977109000318862, 38.304744000023909],
            [-84.976540000231381, 38.30552099987446],
            [-84.976013999801609, 38.306240000103031],
            [-84.975617000141568, 38.306782999775422],
            [-84.975498000315881, 38.30694500005486],
            [-84.975386000162885, 38.307097999712369],
            [-84.974802000006775, 38.307896000102971],
            [-84.974206000155121, 38.308709999811832],
            [-84.973605000280585, 38.309530999751559],
            [-84.973066000330334, 38.310268999658945],
            [-84.973020000299584, 38.310333000330431],
            [-84.972970000070859, 38.310397999754144],
            [-84.972451000212089, 38.311107000301334],
            [-84.971831000070978, 38.311955000279106],
            [-84.971221999800548, 38.312787000062407],
            [-84.970600999834531, 38.313635000130468],
            [-84.970016999678421, 38.314432999781921],
            [-84.969446999766021, 38.315211999747618],
            [-84.968917999861503, 38.315933000042982],
            [-84.968602000392323, 38.316365999652561],
            [-84.968352999971984, 38.316704999889431],
            [-84.968265000108431, 38.316826000184768],
            [-84.968108999574497, 38.317039000021865],
            [-84.967886999816656, 38.317341999754227],
            [-84.96748799960848, 38.317886999700391],
            [-84.96711600006283, 38.3183950000168],
            [-84.966941000160631, 38.3186340000887],
            [-84.966742999793908, 38.318904999795102],
            [-84.966551999998188, 38.319166999726257],
            [-84.966350000331843, 38.319441999929509],
            [-84.966150000315295, 38.319715000319356],
            [-84.965973999689879, 38.319954999650342],
            [-84.96580499963548, 38.320187000339246],
            [-84.965782000069254, 38.320218000098649],
            [-84.965644999801924, 38.320404999866497],
            [-84.965481999595298, 38.320627999829668],
            [-84.965274999906057, 38.320909999938657],
            [-84.96507999991239, 38.321177000020519],
            [-84.964880999720762, 38.321449000153876],
            [-84.964684999902175, 38.321715999660128],
            [-84.96448300023583, 38.321992000119437],
            [-84.964288000242163, 38.322258999740008],
            [-84.964098000271349, 38.322518000082042],
            [-84.963906999577333, 38.322780000346341],
            [-84.963710999758732, 38.323046999883552],
            [-84.963513000290334, 38.32331699996756],
            [-84.963320999771398, 38.323580000199563],
            [-84.963140999846345, 38.323826000324708],
            [-84.962961999746199, 38.324070000260043],
            [-84.962772999600318, 38.324327999743112],
            [-84.962597999698133, 38.324568000011212],
            [-84.962425000344069, 38.32480400011071],
            [-84.962247999893776, 38.325046000244924],
            [-84.962108999976593, 38.32523500027127],
            [-84.961986999777864, 38.325401000249606],
            [-84.961852999883561, 38.325585000010598],
            [-84.961672999958509, 38.325830999673713],
            [-84.961573000399397, 38.325967000297908],
            [-84.961433999583903, 38.326158000038944],
            [-84.961359000139154, 38.326260000070853],
            [-84.961308999910429, 38.326328000012367],
            [-84.961255000382067, 38.326401999876204],
            [-84.960934999816629, 38.326839000350716],
            [-84.960657999807182, 38.327219999680388],
            [-84.960365999729135, 38.327616000245804],
            [-84.959708999778101, 38.328514000081782],
            [-84.958964999788435, 38.329529999725167],
            [-84.958257999608691, 38.330496000063938],
            [-84.957751000343805, 38.331187999735157],
            [-84.957618000274422, 38.33137099967373],
            [-84.956958999775239, 38.332271000028214],
            [-84.957414000059913, 38.332307999754285],
            [-84.958517000074778, 38.332396999989207],
            [-84.959902999946848, 38.332510000153746],
            [-84.961011999809514, 38.332600999964825],
            [-84.962350999825944, 38.332710000168923],
            [-84.96269999980538, 38.332740000299751],
            [-84.962955000073521, 38.332760999820202],
            [-84.969246999749473, 38.333270000093407],
            [-84.969534999629573, 38.333293999872673],
            [-84.97083000016336, 38.333400000035745],
            [-84.972104999707369, 38.333504000244531],
            [-84.973056000284586, 38.333582000126952],
            [-84.974037999925628, 38.333660999822932],
            [-84.975063999947608, 38.333745000323923],
            [-84.975960000273233, 38.33381799976587],
            [-84.97614400039626, 38.333830999813195],
            [-84.976218999841009, 38.333837999783519],
            [-84.976320000123351, 38.333847000247694],
            [-84.976571000193516, 38.333868000152002],
            [-84.976950000310211, 38.333898999697645],
            [-84.978357999923588, 38.334012000338518],
            [-84.979136000248445, 38.33407800026967],
            [-84.979644000236547, 38.334119000047131],
            [-84.980327000126863, 38.334173999677795],
            [-84.981621999762353, 38.334279000073956],
            [-84.983072999931764, 38.334397000263735],
            [-84.984448999758101, 38.334509000242186],
            [-84.9858980002777, 38.334627000057424],
            [-84.987291999647383, 38.334740000267651],
            [-84.987869000130786, 38.334788000253724],
            [-84.989345000414559, 38.334908999960078],
            [-84.989612000378273, 38.334930000261259],
            [-84.990969999762939, 38.335039999658967],
            [-84.992404000213924, 38.335157000141898],
            [-84.993841000139611, 38.335273999731243],
            [-84.995263999821631, 38.335389999962672],
            [-84.99609599967485, 38.335457999793356],
            [-84.997667000393164, 38.335586000296182],
            [-84.993913000109643, 38.337215999872861],
            [-84.993829000444066, 38.337252000044437],
            [-84.992480000381903, 38.337830000036888],
            [-84.986206000249268, 38.340520000132301],
            [-84.985915999821046, 38.340644000238257],
            [-84.98178300031914, 38.342417000068266],
            [-84.981312999965866, 38.342617999989166],
            [-84.97796999958608, 38.344054999696624],
            [-84.975063000122688, 38.345304000189024],
            [-84.972149999913199, 38.34655100013611],
            [-84.967436999554877, 38.348573999948535],
            [-84.967239000086465, 38.348658999757461],
            [-84.967192000230796, 38.348678999905204],
            [-84.966992000214262, 38.348764999984411],
            [-84.966941999985551, 38.348785999791659],
            [-84.96658999963303, 38.348936999836518],
            [-84.961761999646953, 38.351011000117175],
            [-84.959109999553391, 38.352147999700499],
            [-84.956249000120749, 38.353376000232998],
            [-84.945572000149497, 38.35795900020409],
            [-84.945223000170046, 38.358108999875938],
            [-84.921214999585828, 38.368413000046509],
            [-84.914130000414715, 38.371456999837683],
            [-84.907903999962656, 38.374128000142477],
            [-84.906256000149753, 38.374835999721853],
            [-84.905644000404578, 38.373969000158674],
            [-84.904984999905409, 38.37304000001032],
            [-84.892577000280568, 38.355511999807455],
            [-84.892501999937494, 38.355404999996885],
            [-84.892388999959579, 38.355245999736184],
            [-84.892357000172538, 38.355199999825999],
            [-84.892239999996661, 38.355215999767474],
            [-84.892051999675687, 38.355217000071868],
            [-84.8917639997956, 38.355180999670814],
            [-84.891429000059858, 38.355097999675955],
            [-84.891133999608741, 38.354985000225923],
            [-84.890900999980261, 38.354868000067171],
            [-84.890742999796501, 38.35481200033977],
            [-84.890591000358853, 38.354768999676807],
            [-84.890468000335204, 38.354755999864551],
            [-84.890270999793401, 38.354755000258244],
            [-84.890006000377852, 38.354769999987433],
            [-84.889783999721686, 38.354811000029727],
            [-84.88965200037552, 38.354818000086219],
            [-84.889469000077412, 38.354773999820772],
            [-84.889308000418936, 38.354716999709332],
            [-84.88916799977855, 38.354606000290438],
            [-84.889045999579807, 38.354451000239671],
            [-84.888848999936314, 38.35425799977169],
            [-84.888649999744672, 38.354109999805353],
            [-84.888510000002597, 38.354050000323014],
            [-84.888177999741572, 38.353986000209858],
            [-84.887837999982935, 38.353925000302539],
            [-84.887605000354441, 38.353911000016275],
            [-84.887280999591027, 38.353894000168253],
            [-84.887035000442054, 38.35388800034525],
            [-84.886776999800873, 38.353874000051839],
            [-84.886478999875038, 38.353794000235474],
            [-84.886210000261514, 38.353724000059451],
            [-84.886032999811221, 38.353621999943492],
            [-84.885868999779674, 38.353517999732567],
            [-84.885800000182712, 38.353466999899716],
            [-84.885727000387774, 38.353410999793205],
            [-84.885672000136182, 38.353357000303596],
            [-84.885604000364111, 38.353288999662816],
            [-84.885504999731594, 38.353189000303395],
            [-84.885334999852276, 38.35299200006245],
            [-84.885243999615696, 38.352833000138673],
            [-84.885183000414642, 38.352673999865765],
            [-84.88520900035391, 38.352530000141421],
            [-84.885154999927224, 38.352141999732829],
            [-84.885092000178034, 38.352018999933705],
            [-84.884978000375241, 38.351895000279811],
            [-84.884857000001404, 38.351798999697522],
            [-84.884662999832656, 38.351722000055737],
            [-84.884509999671778, 38.351684999677254],
            [-84.884447999747493, 38.351668999660042],
            [-84.884354999861074, 38.351621999941308],
            [-84.884078999676547, 38.351527000056898],
            [-84.883953000178167, 38.35152999971406],
            [-84.883870000337495, 38.351961000122053],
            [-84.883706000305963, 38.352644000240325],
            [-84.883583000282329, 38.353176999835632],
            [-84.883277999785477, 38.354621000050493],
            [-84.88322300043221, 38.354884999686568],
            [-84.883170999655363, 38.355079999800282],
            [-84.88312799999764, 38.355178999765414],
            [-84.883061000050489, 38.3553249997587],
            [-84.882954999745294, 38.355525999784163],
            [-84.882681999933808, 38.355897999883688],
            [-84.882425999840777, 38.356224000221218],
            [-84.882252999588403, 38.356422999993192],
            [-84.882046999724096, 38.356596000256722],
            [-84.881686000049072, 38.356732999773051],
            [-84.881598000185519, 38.356752999804144],
            [-84.881385999575102, 38.356799999714625],
            [-84.881163999817247, 38.356844999735216],
            [-84.880959999602752, 38.356874000156346],
            [-84.880728999624068, 38.356887999869635],
            [-84.880290000131239, 38.356897999864493],
            [-84.879435999638403, 38.356904000142521],
            [-84.878948999566688, 38.356874999733407],
            [-84.877451000439919, 38.356769999685362],
            [-84.87592599975234, 38.356655000162448],
            [-84.875709999842272, 38.35663899983458],
            [-84.875115999640428, 38.356616000325651],
            [-84.875000000187796, 38.356611999889637],
            [-84.874594000306928, 38.356594999971321],
            [-84.874153000265963, 38.356578000049012],
            [-84.873579000155615, 38.356556000102209],
            [-84.872662999738495, 38.356519999662488],
            [-84.871483999555636, 38.35663899983458],
            [-84.871175999584082, 38.356673999930834],
            [-84.870481999823113, 38.356750999942165],
            [-84.870164999630717, 38.356414999804052],
            [-84.870087999637818, 38.356333999688438],
            [-84.869778000016424, 38.356340000013205],
            [-84.863332000354674, 38.356468000248107],
            [-84.862403000417075, 38.356504000009238],
            [-84.861558000145067, 38.356522000235287],
            [-84.86077999982021, 38.356539000170741],
            [-84.860665000192483, 38.356542000324666],
            [-84.860424999992972, 38.356547999927756],
            [-84.860280000228002, 38.356557999969574],
            [-84.860190999641247, 38.356564999857113],
            [-84.860064000317948, 38.35657499989658],
            [-84.859910000332164, 38.356593000104979],
            [-84.859597000337715, 38.356611000308952],
            [-84.859265000076689, 38.356698999989241],
            [-84.85892399959485, 38.356821000009504],
            [-84.858276999689565, 38.357055999740531],
            [-84.857989999634384, 38.35710800014148],
            [-84.857762000028742, 38.357055000165921],
            [-84.857274999957042, 38.356826000011701],
            [-84.85715699995626, 38.356764999679292],
            [-84.857064999894746, 38.356727000185288],
            [-84.856177999789935, 38.356304999755501],
            [-84.855899999955597, 38.356125000276101],
            [-84.855827000160673, 38.35595600006404],
            [-84.855719000205625, 38.355873000253133],
            [-84.855459999739551, 38.35567100018848],
            [-84.855188999577905, 38.355499000128603],
            [-84.854786000070078, 38.355368000091467],
            [-84.854155000058327, 38.355169000237588],
            [-84.853719999865135, 38.355093999860514],
            [-84.853308000136479, 38.355088000136938],
            [-84.852835000308474, 38.355081999708418],
            [-84.852622999698056, 38.355024999839443],
            [-84.852253999627109, 38.354928999884514],
            [-84.851728000095633, 38.354853999963296],
            [-84.851420000124065, 38.3548759997228],
            [-84.850712999944321, 38.355006999945687],
            [-84.850469000445159, 38.354980000096589],
            [-84.850108999696744, 38.354916000100978],
            [-84.849647999564297, 38.354789999856315],
            [-84.849425999806456, 38.354728000315184],
            [-84.849315000376663, 38.354696999820241],
            [-84.849014999902693, 38.354637999727842],
            [-84.848787000297065, 38.354664999704461],
            [-84.848494000394112, 38.354777000047832],
            [-84.847783999841326, 38.354948000105828],
            [-84.846581000267335, 38.355213999863039],
            [-84.845956000103342, 38.355373000194014],
            [-84.844730999889748, 38.355378999893972],
            [-84.844470999598755, 38.3554109996942],
            [-84.843164000267691, 38.35573099973643],
            [-84.842489999699907, 38.355801999677396],
            [-84.842067000100613, 38.355897999883688],
            [-84.841539000021015, 38.355875000139363],
            [-84.841410999974499, 38.355904000244585],
            [-84.84124299974502, 38.356112000002859],
            [-84.840928999925637, 38.356414000220646],
            [-84.840699999596808, 38.356495000246703],
            [-84.840562000402826, 38.356483000326854],
            [-84.84018300028616, 38.356343999759815],
            [-84.839908999751472, 38.356260000103674],
            [-84.839829000283828, 38.356270999770715],
            [-84.839744999719926, 38.356329999941281],
            [-84.839332999991285, 38.356749000080129],
            [-84.838932999958203, 38.356917000273548],
            [-84.838628000359662, 38.356957000228562],
            [-84.838419000122315, 38.356925999983581],
            [-84.837855999882592, 38.356633000239036],
            [-84.837516999948889, 38.35639799983948],
            [-84.836799999723382, 38.355963000009822],
            [-84.83657399976758, 38.355692999699805],
            [-84.836413999934024, 38.355334999969443],
            [-84.836432000375694, 38.35509599976826],
            [-84.836454000116987, 38.354798999830784],
            [-84.836420999606716, 38.354622999971305],
            [-84.836335000291299, 38.354522000026876],
            [-84.836084000221135, 38.354371999967952],
            [-84.835900999923027, 38.354262000337776],
            [-84.835316999766931, 38.353912999956698],
            [-84.835130000169173, 38.353868999845773],
            [-84.834893000342703, 38.35372499968004],
            [-84.834782000014641, 38.353462999994186],
            [-84.834716999717301, 38.353288999662816],
            [-84.834628000028857, 38.353199999732503],
            [-84.834323000430331, 38.353083999841196],
            [-84.833890999711883, 38.353106999767604],
            [-84.833429999579437, 38.353060999907484],
            [-84.833133000376819, 38.353015999648463],
            [-84.832854999644169, 38.352934999957156],
            [-84.832740000016415, 38.352814999699945],
            [-84.832726999597639, 38.352702999844098],
            [-84.832789000420235, 38.35251699992719],
            [-84.832907000421017, 38.352343000140486],
            [-84.833047000163106, 38.352135999764656],
            [-84.833097000391803, 38.35189399992953],
            [-84.833074999752199, 38.351645999981372],
            [-84.832940000032977, 38.351462999827241],
            [-84.832708000229388, 38.351336999914253],
            [-84.832466000380052, 38.351179000239092],
            [-84.832333000310669, 38.351013999795711],
            [-84.832297000325653, 38.35096899967359],
            [-84.832058999775967, 38.350750999797569],
            [-84.831732000436119, 38.350620999992202],
            [-84.831385999931399, 38.350623000023489],
            [-84.830999000317107, 38.350702999820726],
            [-84.830783000407038, 38.350771000072072],
            [-84.830518999918084, 38.350858999805219],
            [-84.830298999810054, 38.350877999685565],
            [-84.830198000426037, 38.350812999926049],
            [-84.83005000028804, 38.350627999749193],
            [-84.829839000400824, 38.350395999994291],
            [-84.82941900027626, 38.35025899975966],
            [-84.829206999665828, 38.350154999650137],
            [-84.828942000250308, 38.34999500016545],
            [-84.82850600023221, 38.349731999989054],
            [-84.828185999666744, 38.34962099997356],
            [-84.827902999809524, 38.349596999966877],
            [-84.827689000447592, 38.349586999668198],
            [-84.827752000196796, 38.349524999899096],
            [-84.827854000304043, 38.349315000173178],
            [-84.827782000334025, 38.348532999897266],
            [-84.827650000089548, 38.348371000258233],
            [-84.827141000276512, 38.348188999979222],
            [-84.826685999991852, 38.348209000256766],
            [-84.825489000265648, 38.348270999743448],
            [-84.824685999826428, 38.348237999909614],
            [-84.824089000149854, 38.348302999866824],
            [-84.823741999820228, 38.34845499990756],
            [-84.823521999712199, 38.348585000078593],
            [-84.823320999870745, 38.348943000069745],
            [-84.823089999892062, 38.349249000032913],
            [-84.822812000057709, 38.349406000011783],
            [-84.822149000258904, 38.349596000289296],
            [-84.821852999982895, 38.349599000026444],
            [-84.82149399995771, 38.349302999767865],
            [-84.821015000281889, 38.348862999737193],
            [-84.820011999826136, 38.348710000158491],
            [-84.81983699992395, 38.348607000333736],
            [-84.819610999968148, 38.348283000319761],
            [-84.819389000210307, 38.348112000021551],
            [-84.81845100005188, 38.347792000125622],
            [-84.81791399975144, 38.347964999875032],
            [-84.817533999809839, 38.348049999694176],
            [-84.817054000309128, 38.347992999925978],
            [-84.81589799969251, 38.347962000070254],
            [-84.815735000384208, 38.348021999665313],
            [-84.815639000124733, 38.34811600022266],
            [-84.815578000025354, 38.348175999690156],
            [-84.815025999656314, 38.348601000072719],
            [-84.814911000028587, 38.348689000329266],
            [-84.814793999852725, 38.34880199974134],
            [-84.814783999806991, 38.34903099991071],
            [-84.814917999701294, 38.349297999950686],
            [-84.815090000128734, 38.349636000061729],
            [-84.81438299994899, 38.349861999981336],
            [-84.814166000214001, 38.349794000285449],
            [-84.813667000446728, 38.34945200008022],
            [-84.813440999592601, 38.349395000006375],
            [-84.813181000199933, 38.349496999735983],
            [-84.812504000157389, 38.349930000317876],
            [-84.812135999911376, 38.349982000200626],
            [-84.811935999894828, 38.349915000290551],
            [-84.81173599987828, 38.349758000006183],
            [-84.811523000341268, 38.349366999793006],
            [-84.811288999989557, 38.349146000270217],
            [-84.81077599997856, 38.348945000147324],
            [-84.810400000234907, 38.348855000121787],
            [-84.809941999577205, 38.348945000147324],
            [-84.809486000365936, 38.349242999825037],
            [-84.808952000438552, 38.349331999687223],
            [-84.808761999569441, 38.349306000221617],
            [-84.808621999827352, 38.349204999905986],
            [-84.808431000031646, 38.348880999749262],
            [-84.807979000120028, 38.348557000256562],
            [-84.807707000133462, 38.348475999804684],
            [-84.807030000090947, 38.348502999965362],
            [-84.806743000035766, 38.348447999940475],
            [-84.806423000368639, 38.348302999866824],
            [-84.805995999673044, 38.348011999853675],
            [-84.805552999982268, 38.347709999819003],
            [-84.805395999623428, 38.347467999988119],
            [-84.80522599974411, 38.347118000263734],
            [-84.805096999872688, 38.346873000013893],
            [-84.804670999900353, 38.346643000347903],
            [-84.804363999753662, 38.346638000347035],
            [-84.803994999682729, 38.346768000256972],
            [-84.803802000237198, 38.346830000272753],
            [-84.803387000135501, 38.346826999716384],
            [-84.803013999866607, 38.34656800029888],
            [-84.80278500043606, 38.346288000134329],
            [-84.802269000052021, 38.345921999761423],
            [-84.802151000051239, 38.345785000222222],
            [-84.802021000354898, 38.345633999946457],
            [-84.801896999608033, 38.345216999784768],
            [-84.8017119996601, 38.344408999832879],
            [-84.801330999893608, 38.344188999728779],
            [-84.800867000286416, 38.344139000124351],
            [-84.800444999613717, 38.344190000185556],
            [-84.800051000326718, 38.344164000283158],
            [-84.799924000105108, 38.344036000139944],
            [-84.799760999898496, 38.343794000010696],
            [-84.799561999706867, 38.343651000002652],
            [-84.799201999856763, 38.343524000123388],
            [-84.798893999885181, 38.343352000098392],
            [-84.798533000210156, 38.34300699975914],
            [-84.798385000072159, 38.342331000201646],
            [-84.798379000224372, 38.342004000243662],
            [-84.798226999888399, 38.341777999759131],
            [-84.797733999968912, 38.341602999747522],
            [-84.797353000202406, 38.341444999973774],
            [-84.797174999927165, 38.341286000063207],
            [-84.796721000365721, 38.340223000305393],
            [-84.79649899970957, 38.340065000340147],
            [-84.79567799972699, 38.339918999878655],
            [-84.795139999601659, 38.339269999767843],
            [-84.794090000188547, 38.338731000320053],
            [-84.794072999571796, 38.338723000290173],
            [-84.793412000321112, 38.338668999713306],
            [-84.793218000152365, 38.338561999677829],
            [-84.793228000198098, 38.338505000193692],
            [-84.774101000201725, 38.342935999955138],
            [-84.773960999561325, 38.342969999860031],
            [-84.771971000339988, 38.343453999883927],
            [-84.770428000109064, 38.343806999677184],
            [-84.77017799986379, 38.343863999921581],
            [-84.769346000010586, 38.344054999696624],
            [-84.768959000396293, 38.344144000297682],
            [-84.768629999610013, 38.344219000038542],
            [-84.768355000148716, 38.344281999873552],
            [-84.763246999780151, 38.345477000245054],
            [-84.763208000320404, 38.345485999967899],
            [-84.762924999564873, 38.345554000185999],
            [-84.7628979998007, 38.345559999994947],
            [-84.762840999899282, 38.345573000049036],
            [-84.762768000104359, 38.345589999736873],
            [-84.752002000444634, 38.348042999688005],
            [-84.749361000221725, 38.348699999737335],
            [-84.746653000051651, 38.349375000056369],
            [-84.746226000254381, 38.349480999939857],
            [-84.745647000121167, 38.349784999688957],
            [-84.740999999885062, 38.35220400007929],
            [-84.740594000004194, 38.35241500022439],
            [-84.739476999745619, 38.352982999863436],
            [-84.737423999876754, 38.354025000054406],
            [-84.723564000257596, 38.361076999796552],
            [-84.718263000443514, 38.363825000270033],
            [-84.718051999658002, 38.363935000162328],
            [-84.706065999807535, 38.370062000143918],
            [-84.705987999989759, 38.370101999878571],
            [-84.699672000024336, 38.375131999819949],
            [-84.693026000346052, 38.380705000104889],
            [-84.692684000039293, 38.380989000051585],
            [-84.688595000020001, 38.384380000028777],
            [-84.682178999597156, 38.389646000192897],
            [-84.681844999686305, 38.389919000054981],
            [-84.681555000156393, 38.390157000213129],
            [-84.68053599980712, 38.390991000041062],
            [-84.680509999867866, 38.391012000272248],
            [-84.680437999897833, 38.391069999772569],
            [-84.680420000354488, 38.391084999720768],
            [-84.680375000148643, 38.391121999673544],
            [-84.680331999592624, 38.391157999799695],
            [-84.672962999841062, 38.397191000216161],
            [-84.66685799976284, 38.402267000061642],
            [-84.663198000088954, 38.405309000214537],
            [-84.663022000361863, 38.405457999971382],
            [-84.66223800018922, 38.406109000044822],
            [-84.66030199959792, 38.407692000008396],
            [-84.652164999567233, 38.414353000289609],
            [-84.649559000402732, 38.416488000147254],
            [-84.649459999770215, 38.416567000169792],
            [-84.645272000016718, 38.418913999974116],
            [-84.641895000200066, 38.420809000173584],
            [-84.631834000171949, 38.426446999807247],
            [-84.63079700027933, 38.427026999741926],
            [-84.629444000019205, 38.427773000254454],
            [-84.625570999909996, 38.429914000238306],
            [-84.625404000403734, 38.430007999967245],
            [-84.625217999732584, 38.430121999728833],
            [-84.625060000447164, 38.430217999832891],
            [-84.624929000027578, 38.43029800029128],
            [-84.624744999904564, 38.430407999721311],
            [-84.624609000360437, 38.43048899993655],
            [-84.624549999910897, 38.430524000192584],
            [-84.624491000359669, 38.430558999727936],
            [-84.624375999833617, 38.430627000224312],
            [-84.624154999900682, 38.430786000182991],
            [-84.624057999816301, 38.430855999686415],
            [-84.623583000338471, 38.431191000341634],
            [-84.622482999798336, 38.432259999906258],
            [-84.62236700034569, 38.432371999748433],
            [-84.618547999764857, 38.436085999943728],
            [-84.618021000408476, 38.436598000126111],
            [-84.616961999876224, 38.437622000152253],
            [-84.614539000111492, 38.439985999724975],
            [-84.614428999608336, 38.440094000206422],
            [-84.614339000094972, 38.44018200034899],
            [-84.614328000224305, 38.440192000086547],
            [-84.61431399998061, 38.440205999857497],
            [-84.614263999751884, 38.440255000089984],
            [-84.61415900016992, 38.440356999777897],
            [-84.613117000254405, 38.44136299974047],
            [-84.613057999804866, 38.441422999977796],
            [-84.613001999728368, 38.441479000201227],
            [-84.612968000291488, 38.441513000240299],
            [-84.612933000131392, 38.441547000263363],
            [-84.607527999661912, 38.446801000087007],
            [-84.604218999617302, 38.450012999983173],
            [-84.602650000345434, 38.451542999847369],
            [-84.594731999699562, 38.459243000286904],
            [-84.586247000412641, 38.467490000338216],
            [-84.580856000186884, 38.47273099980552],
            [-84.580538999994474, 38.473039000132893],
            [-84.580102000151456, 38.473454000256062],
            [-84.579468999591569, 38.47405500015013],
            [-84.578542000202091, 38.474935000322823],
            [-84.573598999689978, 38.479720999787361],
            [-84.570004000313432, 38.483240999723698],
            [-84.569881000289797, 38.483362999987413],
            [-84.567938000025777, 38.485278999714041],
            [-84.56350599987482, 38.48965300017823],
            [-84.562776000128864, 38.49035500019005],
            [-84.562691999564962, 38.490435999913558],
            [-84.560673999856206, 38.492378000085225],
            [-84.560561999703211, 38.492249000209476],
            [-84.560463999793924, 38.492162000113808],
            [-84.56033800029553, 38.49210100007295],
            [-84.560169000241132, 38.492070000124606],
            [-84.559994000338946, 38.49206099966085],
            [-84.559826999934359, 38.492058000209099],
            [-84.559704999735644, 38.492077000250198],
            [-84.55947399975696, 38.492113999797809],
            [-84.559322000319298, 38.492116999950362],
            [-84.558969999966806, 38.492124999887722],
            [-84.558853999615849, 38.492128000039749],
            [-84.558770999775163, 38.492166999895844],
            [-84.557996999648282, 38.49251600013811],
            [-84.558014000265032, 38.492601000186873],
            [-84.558017999564683, 38.492620000084784],
            [-84.558061000120674, 38.492759999992302],
            [-84.558046000052073, 38.492922000268983],
            [-84.557374999857345, 38.492916999836226],
            [-84.557102999870779, 38.492865000096025],
            [-84.556430000026225, 38.492734999878124],
            [-84.556059000305439, 38.492656000247706],
            [-84.555660000097291, 38.49255300016334],
            [-84.555230999751885, 38.492299999877282],
            [-84.554931000176225, 38.492181999943043],
            [-84.554600999565039, 38.491975999678083],
            [-84.554045999721254, 38.491604000178711],
            [-84.553786000328586, 38.491351000075838],
            [-84.553659999931867, 38.491154999952386],
            [-84.55344800021976, 38.490848000222861],
            [-84.553223000088863, 38.490505999913793],
            [-84.553134000400419, 38.490307000076534],
            [-84.553081999623558, 38.490164999934358],
            [-84.552996000308141, 38.489914999944865],
            [-84.552925000163029, 38.489449999977708],
            [-84.55283800012441, 38.488677999988127],
            [-84.552234999701724, 38.484385000310382],
            [-84.552185000371324, 38.48392400024219],
            [-84.552099000157611, 38.483594000042061],
            [-84.552055999601578, 38.483376999819981],
            [-84.552006000271192, 38.483115000191376],
            [-84.551932999577943, 38.482553999968324],
            [-84.551839999691509, 38.481849999990921],
            [-84.551730000086664, 38.481275000231754],
            [-84.551598999667092, 38.480209000229273],
            [-84.551520999849288, 38.479662999731296],
            [-84.55146399994787, 38.479313999827482],
            [-84.551391999977866, 38.479015000272582],
            [-84.55122899977124, 38.478521000155936],
            [-84.551064999739722, 38.478152000147638],
            [-84.549895999602612, 38.476379999667259],
            [-84.549427999797459, 38.47553200034411],
            [-84.549110999605048, 38.474809000336819],
            [-84.548855000410327, 38.474056000217168],
            [-84.548079999560201, 38.471412999682521],
            [-84.547504999624934, 38.469426999916024],
            [-84.547129999706215, 38.468096000051759],
            [-84.546859000442879, 38.467517999835962],
            [-84.546400999785178, 38.466800999952234],
            [-84.546192000446098, 38.466590000140521],
            [-84.545705000374383, 38.46608799998031],
            [-84.544912999805831, 38.465481000087884],
            [-84.544389999749086, 38.465087999789802],
            [-84.543917999745986, 38.4647350002897],
            [-84.541729000333007, 38.463531000073367],
            [-84.539636000281178, 38.462522999893075],
            [-84.535914999609602, 38.460813999711505],
            [-84.533163999781848, 38.459549000006653],
            [-84.532614999785835, 38.459299000047572],
            [-84.531931999895548, 38.458885999911153],
            [-84.531421000432715, 38.458416999822042],
            [-84.530884999957166, 38.457662999874586],
            [-84.530439999718254, 38.456911999995249],
            [-84.530273000211992, 38.456647000341171],
            [-84.529244999641875, 38.454857000012872],
            [-84.527640000385006, 38.452369000224927],
            [-84.526600999944222, 38.450648000310551],
            [-84.526205999934021, 38.449842000250648],
            [-84.526092000131186, 38.449249000256494],
            [-84.526118999895388, 38.448578999649605],
            [-84.526119999720279, 38.448450000188949],
            [-84.526127000291297, 38.448163999907784],
            [-84.526984000258864, 38.446330999784074],
            [-84.527067000099549, 38.445788000238174],
            [-84.527108999932338, 38.445030999874959],
            [-84.52694499990082, 38.443347999885823],
            [-84.52642000019425, 38.439204999890563],
            [-84.526436999912704, 38.438427000325873],
            [-84.526499999661894, 38.438072000114595],
            [-84.52794800035656, 38.433249999843333],
            [-84.527760000035585, 38.433228999921646],
            [-84.52763399963888, 38.433225000203912],
            [-84.527125999650792, 38.433207000064101],
            [-84.526939000053034, 38.433185000199856],
            [-84.526756999579831, 38.433119999794179],
            [-84.526621999860623, 38.433024999962072],
            [-84.526539999844857, 38.432864000138927],
            [-84.526462000027053, 38.432589999986099],
            [-84.526391999706846, 38.432412000202874],
            [-84.526282999926906, 38.432278000282139],
            [-84.526130999590947, 38.432178000326296],
            [-84.525952000389111, 38.432076000341198],
            [-84.525786999634363, 38.431987000222755],
            [-84.525627999625712, 38.431777999821598],
            [-84.525262999752727, 38.43151799981829],
            [-84.524933000039837, 38.431405000104135],
            [-84.524707000084035, 38.431405000104135],
            [-84.524385999693649, 38.431431000328054],
            [-84.524020999820678, 38.431309000170764],
            [-84.523751000382248, 38.431040000249169],
            [-84.523620999787596, 38.430684000342708],
            [-84.523500000312097, 38.429945000169944],
            [-84.523404000052622, 38.4293979998764],
            [-84.523317000013975, 38.429103000227798],
            [-84.523116999997441, 38.428668999839893],
            [-84.522822000444663, 38.42833000016288],
            [-84.522595999590536, 38.428181999715591],
            [-84.522204999778296, 38.427974000267042],
            [-84.52182300018687, 38.427887000025656],
            [-84.521198000022892, 38.427877999994728],
            [-84.520788999768982, 38.427887000025656],
            [-84.520433000116824, 38.427974000267042],
            [-84.520190000442568, 38.428000000318853],
            [-84.51985099961054, 38.428000000318853],
            [-84.519433999859032, 38.42794800020588],
            [-84.518991000168242, 38.427842999863643],
            [-84.518678999998713, 38.427695999831805],
            [-84.518504999921447, 38.427521999981892],
            [-84.518340000064981, 38.427322000129905],
            [-84.518123000330021, 38.426975000335858],
            [-84.517957999575259, 38.426678999917876],
            [-84.517757999558725, 38.426436000253716],
            [-84.517575999983833, 38.426296999672743],
            [-84.517401999906554, 38.426218999761183],
            [-84.517114999851373, 38.426158000231766],
            [-84.516888999895585, 38.42614099976533],
            [-84.516507000304159, 38.426054000130797],
            [-84.516237999792324, 38.425941000311461],
            [-84.516124999814423, 38.425785000338841],
            [-84.51606799991302, 38.425475000160063],
            [-84.514754000010939, 38.425677000268699],
            [-84.514386999589831, 38.425768999817308],
            [-84.513897000043386, 38.425988000313822],
            [-84.513411999621496, 38.426242999688824],
            [-84.513158000076572, 38.426300999774227],
            [-84.513009999938589, 38.426267000312201],
            [-84.512754999670449, 38.426111999664222],
            [-84.512363000033289, 38.425723999739091],
            [-84.511818000235252, 38.425223000305621],
            [-84.511700000234484, 38.424994999914226],
            [-84.511660000051506, 38.424669999849925],
            [-84.511615999670568, 38.424066000048967],
            [-84.511087999590984, 38.422882999783205],
            [-84.510941000176203, 38.422700000329385],
            [-84.510721999893079, 38.422632000110362],
            [-84.510120000193638, 38.422542000239588],
            [-84.509849999856897, 38.422419999844685],
            [-84.509612000205522, 38.422211999988434],
            [-84.50937100018109, 38.42185199985046],
            [-84.50899100023949, 38.421284000316348],
            [-84.50872699975055, 38.421115999677546],
            [-84.507567999659173, 38.420487999996091],
            [-84.507280999603992, 38.420400999886517],
            [-84.506977999655305, 38.420417000189545],
            [-84.506633999698721, 38.42052599978458],
            [-84.506346999643526, 38.420727999658205],
            [-84.506208999551262, 38.420878000097787],
            [-84.506007999709823, 38.421100000233103],
            [-84.505812999716142, 38.421166999686541],
            [-84.505513000140496, 38.421146999866686],
            [-84.505237999780874, 38.420950000254464],
            [-84.504755999732041, 38.42037399980692],
            [-84.504476000247863, 38.420198999802246],
            [-84.50374399995377, 38.419926999681437],
            [-84.503498999731391, 38.419792999819776],
            [-84.503183000262197, 38.419056999782285],
            [-84.502941000412875, 38.418834999702767],
            [-84.502840000130533, 38.418780000344832],
            [-84.502645000136866, 38.418683999816821],
            [-84.502190999677097, 38.418702000057536],
            [-84.501953000025736, 38.418732999875033],
            [-84.501522999855425, 38.418565999770195],
            [-84.500921000155969, 38.418280000038386],
            [-84.500633000275883, 38.418250000163319],
            [-84.500188999861862, 38.418298999812002],
            [-84.499952999860326, 38.418221999846352],
            [-84.498388999713001, 38.417446999863344],
            [-84.497920000082942, 38.417304999833512],
            [-84.497417000117707, 38.417213000061636],
            [-84.496930999870898, 38.417238000317255],
            [-84.496372999654071, 38.417347999931479],
            [-84.495959000275604, 38.417356999866918],
            [-84.495513000211744, 38.417264000010825],
            [-84.495180999950733, 38.417097000029322],
            [-84.494908999964167, 38.416798000185537],
            [-84.494806999856934, 38.416214999965625],
            [-84.49469700025206, 38.416018999740459],
            [-84.494168000347543, 38.415711000222778],
            [-84.493650000313693, 38.415320999676368],
            [-84.493123000059001, 38.4148950002905],
            [-84.492610999872923, 38.414739999874229],
            [-84.491091999931456, 38.414374000069245],
            [-84.490930000448074, 38.414225999883222],
            [-84.490440000003304, 38.412999999811319],
            [-84.49017499968943, 38.412755000158732],
            [-84.49012700000884, 38.412715000079089],
            [-84.489861999694966, 38.412513999836513],
            [-84.489721999952891, 38.412299000190728],
            [-84.489460000012073, 38.411500999657271],
            [-84.489296999805461, 38.411379999853075],
            [-84.489090000116221, 38.411333000200237],
            [-84.488578999755063, 38.411216000347665],
            [-84.488455999731414, 38.411123999861246],
            [-84.488278000354498, 38.410692000326208],
            [-84.48806599974408, 38.410593000288955],
            [-84.48751099990028, 38.410463000282959],
            [-84.486726999727665, 38.410492000331615],
            [-84.486097000439116, 38.410532000234021],
            [-84.485738000413917, 38.410466000312766],
            [-84.485535000024328, 38.410322000147417],
            [-84.485434999566891, 38.410149000224244],
            [-84.485396000107144, 38.409562000230153],
            [-84.485523000328769, 38.409296999898551],
            [-84.485072000242056, 38.408064999704045],
            [-84.48484600028624, 38.407698999876942],
            [-84.484729999935297, 38.407606999840453],
            [-84.484565999903765, 38.407583000056512],
            [-84.484334000100162, 38.407583000056512],
            [-84.484058999740554, 38.407631999900225],
            [-84.483876000340771, 38.40766199996051],
            [-84.483650000384955, 38.407576999757339],
            [-84.483364000154694, 38.40735099985708],
            [-84.483161999590024, 38.4072169999002],
            [-84.48297300034244, 38.406984999933734],
            [-84.482912000243076, 38.406747000262271],
            [-84.482839000448138, 38.406239999739071],
            [-84.482784000196546, 38.405953999788174],
            [-84.482631000035681, 38.405752000140232],
            [-84.482441999889787, 38.405600000053788],
            [-84.482204000238426, 38.40541699976184],
            [-84.481959999840953, 38.40523399971044],
            [-84.481423000438824, 38.405129999755566],
            [-84.481265000255078, 38.405100000052123],
            [-84.481129999637545, 38.405025999651045],
            [-84.481056999842622, 38.404909999764008],
            [-84.481020999857606, 38.40481300019502],
            [-84.481061000040583, 38.404572000136213],
            [-84.481301000240094, 38.404142000112117],
            [-84.481355999593362, 38.403971000143031],
            [-84.481362000339459, 38.403745000230153],
            [-84.481271000102851, 38.40357400002582],
            [-84.481087999804757, 38.40338500029263],
            [-84.480806999597363, 38.403152999992912],
            [-84.48045299959503, 38.402939999945055],
            [-84.480190999654212, 38.402824000230098],
            [-84.479855000093551, 38.402744000318208],
            [-84.479629000137734, 38.402720000327342],
            [-84.479439999991854, 38.402708000328943],
            [-84.479294000401993, 38.402676999971852],
            [-84.479111000103885, 38.40261000026738],
            [-84.478983000057355, 38.402536999783202],
            [-84.478714000443844, 38.402305000281601],
            [-84.478481999741931, 38.40217100012098],
            [-84.478269000204932, 38.402122000094792],
            [-84.477982000149751, 38.401988000298871],
            [-84.477865999798794, 38.40186599969077],
            [-84.477670999805127, 38.401603000033781],
            [-84.477475999811446, 38.401401999859587],
            [-84.476993999762612, 38.401126999661486],
            [-84.47685900004339, 38.401085000140711],
            [-84.47634100000954, 38.400864999805165],
            [-84.475644999700449, 38.400510999786142],
            [-84.475175000245486, 38.400371000330402],
            [-84.474986000099591, 38.400347000255657],
            [-84.474264999676137, 38.400168999863446],
            [-84.474402999768415, 38.399756999726421],
            [-84.474428999707655, 38.399483000002945],
            [-84.474432999905616, 38.399423999813557],
            [-84.47444600032442, 38.399229999901365],
            [-84.473995000237707, 38.398803000292844],
            [-84.473632000014547, 38.398549999923496],
            [-84.473338000286674, 38.398355000069763],
            [-84.473199000369519, 38.398158999979152],
            [-84.472945999751204, 38.396945999771376],
            [-84.472805000184195, 38.396716999823383],
            [-84.472732000389271, 38.396593999739451],
            [-84.472652000023331, 38.396532999837689],
            [-84.472543000243391, 38.396497000275446],
            [-84.472359999945283, 38.396466000070923],
            [-84.472189000241059, 38.396490000026034],
            [-84.471944999843586, 38.396484000214052],
            [-84.471737000329441, 38.396434999853163],
            [-84.471609000282911, 38.396338000175838],
            [-84.471468999642525, 38.396239999926991],
            [-84.471383000327108, 38.396124000021082],
            [-84.471347000342092, 38.395977999959939],
            [-84.471399000220643, 38.395797000140313],
            [-84.471620999978498, 38.39560499984416],
            [-84.47186399965274, 38.395403999889915],
            [-84.472047999775754, 38.395208999999213],
            [-84.47203600008018, 38.394934999935707],
            [-84.47191200023164, 38.39463200017763],
            [-84.471821999819952, 38.394444000061121],
            [-84.471619000328673, 38.394295000130931],
            [-84.471554000031347, 38.394208000166735],
            [-84.471471000190661, 38.394154000136254],
            [-84.47131100035709, 38.394084000271462],
            [-84.471124999685941, 38.394021999892097],
            [-84.470989000141813, 38.393985000015107],
            [-84.470831999782988, 38.393932000291514],
            [-84.470666999926536, 38.393811999711048],
            [-84.470625999918653, 38.393742000219184],
            [-84.47050999956771, 38.393609999926902],
            [-84.470415000031466, 38.39352299984256],
            [-84.470300000403725, 38.393342000213714],
            [-84.470158000113514, 38.393123999814215],
            [-84.469936000355659, 38.392942999890622],
            [-84.469679000437708, 38.392855999707812],
            [-84.469390999659311, 38.392867999933451],
            [-84.468862999579699, 38.393024999651495],
            [-84.468513999600248, 38.393107000023456],
            [-84.468203999978854, 38.393155999823541],
            [-84.46806400023678, 38.393160000351777],
            [-84.467895000182381, 38.393107000023456],
            [-84.467779999656315, 38.393036999849137],
            [-84.46773500034881, 38.393010000105775],
            [-84.467710000234447, 38.392943999673641],
            [-84.467690000142966, 38.392880999940999],
            [-84.467813999991506, 38.392370000159787],
            [-84.467828000235201, 38.392159000315537],
            [-84.467740000371663, 38.39198599986706],
            [-84.467620999647664, 38.391873000274522],
            [-84.467232000383561, 38.391504000020106],
            [-84.467032000367013, 38.391313999904604],
            [-84.466819999756595, 38.391113999799515],
            [-84.466741000113885, 38.390976999883577],
            [-84.466768999702964, 38.390800999985863],
            [-84.466773999725845, 38.390589999787856],
            [-84.466931999909576, 38.390467999659407],
            [-84.46715200001762, 38.390200000270603],
            [-84.467163999713179, 38.390107999789016],
            [-84.467127999728163, 38.389962000253924],
            [-84.466842000396213, 38.389576000188669],
            [-84.466611000417544, 38.389336999693676],
            [-84.466510999960107, 38.389181000252577],
            [-84.466469000127304, 38.3889979999377],
            [-84.466463000279532, 38.388839000246236],
            [-84.466475999800011, 38.388438000029709],
            [-84.466458000256651, 38.388291999939511],
            [-84.466352999776348, 38.388113000294815],
            [-84.466273000308732, 38.387881000273126],
            [-84.466139000414444, 38.387704000026211],
            [-84.466042000330063, 38.387601000057067],
            [-84.465895000016957, 38.387472000100701],
            [-84.465691999627367, 38.387321000165166],
            [-84.465540000189719, 38.387247999733553],
            [-84.465299000165302, 38.387170999777204],
            [-84.464935999942142, 38.387055000108759],
            [-84.464689999894844, 38.38692400015028],
            [-84.464540000107021, 38.386743000198798],
            [-84.463868000087359, 38.385977000240459],
            [-84.46363799993361, 38.385737999821998],
            [-84.463504999864213, 38.385304000177641],
            [-84.463456000358718, 38.385128999743245],
            [-84.463148000387136, 38.384856000107291],
            [-84.463021999990445, 38.384771999741155],
            [-84.462853999760966, 38.384687999981615],
            [-84.462698999950263, 38.384639000076888],
            [-84.462503000131676, 38.384534000169118],
            [-84.462397999651373, 38.384456000239624],
            [-84.462370000062293, 38.384344000049239],
            [-84.462400000199523, 38.384172999725841],
            [-84.462577999576439, 38.383877999910105],
            [-84.462731999562223, 38.383562000023637],
            [-84.46273599976017, 38.383341999884699],
            [-84.462601000040976, 38.382889999945043],
            [-84.462520999675036, 38.382619000159835],
            [-84.462514000002329, 38.3824530003278],
            [-84.462554000185307, 38.382296000191324],
            [-84.462617999759416, 38.382052999846415],
            [-84.462524999872997, 38.381556000180566],
            [-84.462204000380936, 38.380651999802936],
            [-84.461845000355737, 38.38005500009713],
            [-84.461291000336857, 38.37951100016231],
            [-84.460359000026216, 38.379125999925378],
            [-84.46007399962086, 38.3790219997367],
            [-84.459906000289692, 38.378994999690356],
            [-84.459892999870888, 38.378973000218885],
            [-84.460343999957615, 38.3785469999805],
            [-84.460342000307776, 38.378480999729071],
            [-84.460395999836152, 38.378401000346521],
            [-84.460316000368522, 38.378052000148067],
            [-84.460005000023898, 38.377406000237741],
            [-84.45997800025971, 38.376999999997821],
            [-84.459926000381188, 38.376878000184782],
            [-84.45956800018088, 38.376805999782988],
            [-84.45944199978419, 38.376755000159214],
            [-84.459307000064996, 38.376733000006659],
            [-84.459041999751122, 38.376623999856285],
            [-84.458900000359208, 38.376458000351974],
            [-84.458911000229875, 38.375971999766087],
            [-84.458757000244077, 38.375482000043654],
            [-84.458618000326908, 38.375146000227595],
            [-84.458428000356108, 38.374924999814411],
            [-84.458359999685726, 38.374748000258556],
            [-84.458471999838721, 38.374326999993059],
            [-84.458385999625008, 38.373955000227504],
            [-84.458476000036683, 38.373584000008556],
            [-84.458587000364759, 38.37329100008013],
            [-84.458762000266958, 38.373149999982516],
            [-84.4589070000319, 38.373083999737545],
            [-84.459091000154928, 38.373014999961292],
            [-84.459245000140697, 38.372988999844821],
            [-84.459423000415953, 38.372929999870848],
            [-84.459604000165896, 38.372882999869155],
            [-84.459712000120945, 38.372859999887162],
            [-84.459804000182444, 38.372856999705256],
            [-84.459945999574359, 38.372833999714949],
            [-84.460133000070428, 38.372833999714949],
            [-84.460237999652406, 38.372833999714949],
            [-84.460363000224177, 38.37281399990124],
            [-84.460415999927619, 38.372731999761896],
            [-84.460419000300689, 38.372670000093002],
            [-84.460444000415038, 38.372593000112239],
            [-84.460569999913432, 38.372579999979351],
            [-84.460745999640523, 38.37248400006338],
            [-84.460835000227306, 38.372184000121266],
            [-84.460840000250158, 38.37195000027495],
            [-84.460912000220191, 38.371776000006996],
            [-84.46095800025094, 38.371559000179438],
            [-84.461036999893651, 38.371305000194042],
            [-84.461079999551359, 38.371189999815954],
            [-84.461108999863683, 38.371069000151692],
            [-84.461060000358188, 38.370956999659363],
            [-84.461060000358188, 38.370819000210354],
            [-84.461072999878667, 38.370710000306431],
            [-84.460948000205207, 38.370622000050972],
            [-84.460868999664157, 38.370489999819341],
            [-84.460702000157895, 38.370229999725922],
            [-84.460543999974149, 38.369939999901234],
            [-84.460593000377955, 38.369759999814065],
            [-84.460593000377955, 38.369657999753748],
            [-84.460620000142143, 38.36940199992209],
            [-84.460651999929198, 38.369233999826527],
            [-84.460769999929951, 38.368953999974451],
            [-84.460876000235174, 38.368678000217059],
            [-84.460934999786403, 38.368231000138017],
            [-84.461016999802169, 38.367975000188657],
            [-84.461097000168124, 38.36761300009033],
            [-84.46111200023671, 38.367302000277803],
            [-84.460930999588456, 38.366599999708434],
            [-84.460668999647638, 38.366297000275637],
            [-84.460622999616859, 38.366205999830981],
            [-84.460590000004899, 38.366136999835554],
            [-84.46057699958611, 38.36605800034183],
            [-84.460593000377955, 38.365958999757922],
            [-84.460642999708355, 38.365877000302966],
            [-84.460744999815603, 38.36579500005076],
            [-84.460908999847135, 38.365669999882641],
            [-84.461201999750102, 38.365485999794686],
            [-84.461425000231159, 38.365344999984856],
            [-84.461730999654606, 38.365180000128376],
            [-84.461858999701121, 38.36513199985621],
            [-84.462098999900647, 38.365084000256523],
            [-84.462293000069408, 38.365043999861463],
            [-84.462503000131676, 38.364900000087516],
            [-84.462662000140341, 38.364683000067956],
            [-84.462695999577207, 38.36458799971183],
            [-84.462774000293322, 38.364357999964447],
            [-84.46283200001966, 38.363961000009972],
            [-84.462777999592973, 38.363554000212766],
            [-84.462512000352504, 38.363011999871802],
            [-84.462112000319436, 38.362445000224412],
            [-84.461922000348636, 38.362152000276076],
            [-84.461914999777633, 38.361950000121105],
            [-84.462354000168773, 38.360698000053439],
            [-84.462632000003111, 38.360204000214104],
            [-84.46272300023972, 38.359337000041791],
            [-84.462729999912398, 38.359210999742459],
            [-84.462736999585104, 38.359092999822302],
            [-84.462642999873779, 38.358713000002183],
            [-84.462700999600088, 38.358371999917011],
            [-84.462626000155325, 38.357996000194291],
            [-84.462341999574889, 38.357647999767458],
            [-84.462204000380936, 38.357478000019569],
            [-84.462108000121475, 38.357243999821421],
            [-84.462048999671936, 38.357096000323182],
            [-84.461653999661721, 38.356498999984751],
            [-84.461468999713787, 38.356222999930736],
            [-84.461359999933833, 38.356004000081022],
            [-84.46130300003243, 38.355768999753174],
            [-84.461343000215408, 38.355354999682312],
            [-84.461641000141228, 38.354397999728008],
            [-84.461755999768954, 38.353818999879387],
            [-84.461689999646737, 38.353479999943396],
            [-84.461410999987478, 38.353058999943528],
            [-84.461230000237506, 38.352839000049102],
            [-84.460297999926851, 38.352569999702226],
            [-84.459266999882018, 38.352093000330456],
            [-84.458367000256743, 38.351816999684274],
            [-84.457795999621112, 38.351484000261067],
            [-84.457674000320694, 38.351401000255265],
            [-84.457676999795424, 38.350783000234117],
            [-84.457814000062768, 38.350646999690156],
            [-84.45816899989002, 38.350393000290211],
            [-84.458479000409724, 38.349926999889995],
            [-84.458585999641528, 38.349690999888921],
            [-84.458743999825273, 38.349537000267617],
            [-84.459106000223542, 38.349445000209499],
            [-84.459311000262943, 38.349498999798321],
            [-84.459445000157245, 38.349524000220519],
            [-84.4602309999797, 38.349057000179506],
            [-84.460708999830601, 38.34866900018428],
            [-84.460891000303789, 38.348424999943333],
            [-84.460637999685474, 38.348132000320362],
            [-84.459921000358307, 38.347453999862545],
            [-84.459562000333108, 38.34693299980659],
            [-84.459406999624093, 38.346460999953678],
            [-84.459373000187227, 38.346081999790094],
            [-84.459488999639859, 38.345438999759125],
            [-84.459496000210876, 38.345143000111776],
            [-84.459387000430937, 38.344887999983634],
            [-84.459138000010569, 38.344526999728714],
            [-84.459128999789755, 38.343932000253318],
            [-84.459102999850472, 38.34371100035078],
            [-84.458790999680957, 38.343388999802329],
            [-84.45834200014238, 38.343188999673167],
            [-84.457787000298595, 38.343109999797605],
            [-84.457634000137716, 38.343087999986359],
            [-84.457135000370442, 38.342807999755593],
            [-84.456942999851492, 38.34262799984095],
            [-84.456871999706379, 38.342098999937591],
            [-84.456807000307379, 38.341723000264025],
            [-84.456906000041585, 38.341464000210117],
            [-84.456900000193798, 38.341207000226028],
            [-84.456721000093651, 38.340960000116823],
            [-84.456506999833408, 38.340811999747778],
            [-84.456321000060584, 38.340767000332534],
            [-84.456213999930455, 38.340530000273752],
            [-84.456146000158384, 38.340326000074839],
            [-84.456202000234882, 38.340133000010674],
            [-84.456541000168599, 38.339689999787929],
            [-84.456865999858607, 38.339327999878641],
            [-84.456904000391745, 38.339095000039052],
            [-84.456721999918571, 38.338938000256782],
            [-84.456348999649677, 38.338510999881905],
            [-84.456346000174918, 38.338379000284824],
            [-84.456473000396542, 38.338004000165299],
            [-84.456459000152819, 38.337882000151424],
            [-84.456345000350026, 38.337762000318541],
            [-84.456207000257749, 38.337673000331726],
            [-84.456203999884707, 38.337561000311702],
            [-84.456414999771894, 38.337362999991086],
            [-84.456393999855507, 38.337060000096997],
            [-84.456297999596032, 38.336760999763939],
            [-84.455922999677313, 38.33649599973112],
            [-84.455413000039385, 38.336220000245916],
            [-84.455155000296514, 38.336041999897674],
            [-84.454842000302065, 38.33597300004493],
            [-84.454273000214584, 38.335807000323911],
            [-84.453841000394448, 38.335604000084579],
            [-84.453583999578186, 38.335517000009197],
            [-84.453493000239916, 38.335447999656445],
            [-84.45352099982901, 38.335357999771581],
            [-84.453814999556855, 38.335085999690698],
            [-84.454022999969311, 38.334773999791295],
            [-84.45406700035025, 38.334658999866697],
            [-84.454043000060821, 38.334527000298074],
            [-84.453844999694098, 38.334397000263735],
            [-84.453689000058475, 38.334245000317985],
            [-84.45365800009634, 38.334028000028397],
            [-84.453751999807665, 38.333741000033854],
            [-84.453811000257204, 38.333518000247686],
            [-84.453814999556855, 38.333436999889969],
            [-84.453696999556101, 38.333366999768955],
            [-84.453424999569521, 38.333301999797293],
            [-84.453053000023857, 38.333302999699754],
            [-84.452828999717866, 38.333284000141767],
            [-84.452438999730518, 38.333149999668571],
            [-84.452216000147772, 38.333041000126364],
            [-84.45216000007126, 38.332953999792245],
            [-84.452196999881195, 38.332613000318574],
            [-84.45244700012644, 38.332029999979156],
            [-84.452462000195055, 38.331824999882599],
            [-84.452370000133556, 38.331549000221862],
            [-84.452211999949796, 38.331477999758725],
            [-84.451656000281105, 38.331465999921704],
            [-84.451067999927062, 38.331503000058731],
            [-84.450923999986998, 38.331472000192782],
            [-84.450832999750418, 38.331372000307461],
            [-84.450734999841117, 38.330931999877414],
            [-84.450658999673152, 38.330889999770328],
            [-84.450421999846682, 38.33088500009152],
            [-84.449995999874346, 38.330996999860893],
            [-84.449426999786851, 38.331138000318482],
            [-84.449262999755319, 38.331170000259164],
            [-84.449139999731671, 38.331122999922997],
            [-84.449024000279039, 38.330958000300598],
            [-84.448924999646508, 38.330335000196982],
            [-84.448936000415486, 38.330041000037859],
            [-84.448749999744308, 38.329627000178803],
            [-84.448705000436803, 38.329523000043402],
            [-84.448522000138695, 38.32940199979965],
            [-84.448462999689156, 38.329283999932279],
            [-84.448450000168663, 38.328959000206083],
            [-84.448369999802736, 38.328845000178042],
            [-84.448148000044881, 38.328830999976795],
            [-84.447800999715241, 38.328691999895604],
            [-84.447676999866687, 38.328663000169534],
            [-84.447455999933752, 38.328667000035217],
            [-84.447144999589113, 38.328782000308095],
            [-84.446623000255627, 38.328824000227463],
            [-84.446526000171261, 38.328795999814155],
            [-84.44645800039919, 38.328623000090907],
            [-84.446468000444924, 38.328361999775915],
            [-84.446464000246962, 38.328086000315643],
            [-84.4463470000711, 38.327800000021455],
            [-84.446332999827391, 38.327696000083108],
            [-84.446362999964634, 38.327471000051403],
            [-84.44633100017758, 38.32732200033189],
            [-84.446470000094735, 38.32707300012639],
            [-84.446481999790308, 38.326781000108788],
            [-84.446552999935435, 38.326619999740807],
            [-84.446826999571812, 38.326256000072277],
            [-84.44702599976344, 38.326089999937935],
            [-84.447054000250844, 38.325985999660034],
            [-84.44689799971691, 38.325799000194458],
            [-84.446558999783207, 38.325552999717999],
            [-84.446364999614445, 38.325224000119213],
            [-84.446311999910989, 38.325064999848536],
            [-84.446434000109718, 38.324832999971399],
            [-84.446547999912553, 38.324596999966317],
            [-84.446618000232746, 38.324481000076332],
            [-84.44664599982184, 38.324401000214159],
            [-84.446557999958287, 38.324358999845927],
            [-84.446366000337676, 38.324443999877943],
            [-84.445855999801424, 38.324433000310542],
            [-84.445331999919787, 38.324358999845927],
            [-84.445193999827509, 38.324382999757297],
            [-84.444700000083117, 38.324516000208483],
            [-84.444408000005055, 38.324500999851878],
            [-84.444181000224333, 38.324530999857238],
            [-84.444022000215682, 38.324505999971095],
            [-84.443756000076903, 38.324309999972868],
            [-84.443729000312729, 38.324243000279814],
            [-84.44388800032138, 38.324044000184706],
            [-84.444253000194351, 38.323609999881384],
            [-84.44430099987494, 38.323416999691204],
            [-84.444340000232998, 38.323287000164477],
            [-84.4442840001565, 38.323015999924408],
            [-84.444043999956975, 38.322482999689882],
            [-84.443944000397877, 38.322349999737085],
            [-84.443994999553198, 38.322191000209799],
            [-84.444264999889924, 38.322015000051586],
            [-84.444704000281078, 38.321827000147387],
            [-84.44483499980231, 38.321739999741737],
            [-84.444854999893806, 38.321578000093503],
            [-84.444674000143834, 38.321259000054162],
            [-84.444356999951424, 38.320886000286997],
            [-84.444023000040602, 38.320572999785519],
            [-84.443639999725946, 38.320536999785325],
            [-84.443272000378215, 38.320519999857297],
            [-84.443014999561967, 38.320578000175672],
            [-84.442719000184269, 38.320439999852375],
            [-84.442350000113336, 38.32014899997953],
            [-84.442109000088905, 38.319896000155708],
            [-84.441888000155956, 38.319773999961335],
            [-84.441748000413881, 38.319604000122212],
            [-84.440872000179723, 38.319454000347719],
            [-84.4403270003817, 38.319343999846012],
            [-84.439961999610404, 38.319262999856768],
            [-84.439865000424319, 38.319058000297638],
            [-84.439918999952695, 38.318839000141978],
            [-84.440089999656919, 38.318424000327006],
            [-84.440380000085156, 38.318118999959076],
            [-84.440461000276002, 38.317891000160785],
            [-84.440431999963678, 38.317625000077228],
            [-84.440255000411668, 38.317508000187203],
            [-84.439901000409336, 38.317301999771367],
            [-84.439861000226372, 38.317180000145527],
            [-84.439959000135673, 38.3170020002539],
            [-84.440247999840665, 38.316621000078264],
            [-84.440294999696334, 38.316428000311227],
            [-84.440031999930596, 38.315535000201365],
            [-84.439862999876198, 38.3151209999535],
            [-84.439602999585205, 38.314872000126819],
            [-84.439158000244589, 38.31448800025494],
            [-84.438425999950482, 38.31408100013671],
            [-84.438071999948164, 38.313820999790146],
            [-84.43751899975419, 38.313348999912513],
            [-84.437409000149344, 38.313252000230591],
            [-84.43741099979917, 38.313162000271561],
            [-84.43778999991585, 38.312648000229068],
            [-84.437888999650056, 38.31238400032413],
            [-84.437859000411137, 38.31217100020497],
            [-84.43772700016666, 38.311974999985971],
            [-84.437526000325207, 38.311795000310795],
            [-84.437143000010579, 38.31140300013007],
            [-84.436865000176212, 38.311136000002143],
            [-84.436681000053213, 38.311015000079855],
            [-84.436496000105279, 38.310808000035927],
            [-84.436261999753555, 38.310631999734746],
            [-84.436161000369523, 38.310530999781527],
            [-84.436112999790637, 38.310398999972577],
            [-84.436142999927853, 38.31020100016115],
            [-84.436248000408156, 38.310090999718987],
            [-84.436758999871017, 38.309777000320146],
            [-84.436949999666723, 38.309619000234179],
            [-84.436978999979033, 38.30946200003536],
            [-84.436864000351321, 38.309262000017128],
            [-84.436481999861584, 38.308680999845777],
            [-84.436416999564258, 38.308509000294983],
            [-84.436476999838703, 38.308180999725856],
            [-84.436410999716472, 38.308067000152072],
            [-84.436123999661277, 38.307875999976062],
            [-84.43583699960611, 38.307744000269125],
            [-84.435753999765438, 38.307664999816936],
            [-84.435736000222079, 38.307304000215794],
            [-84.435660999879019, 38.307207999759704],
            [-84.435133999624327, 38.307047999892063],
            [-84.434982000186679, 38.307017000141201],
            [-84.434584999628328, 38.306864999875074],
            [-84.434261999588145, 38.306848999828532],
            [-84.433979999555831, 38.306787999706806],
            [-84.434008000043235, 38.30649099980257],
            [-84.434030999609448, 38.306366000198373],
            [-84.434306999793975, 38.306060999865352],
            [-84.434706000002151, 38.305753999799677],
            [-84.434782999995051, 38.305552999845027],
            [-84.434706000002151, 38.305389999693695],
            [-84.434516999856257, 38.305209999888142],
            [-84.434456999581812, 38.305063999702078],
            [-84.434176000272728, 38.304797000204736],
            [-84.433905000111068, 38.304650999892331],
            [-84.433814999699393, 38.304522999743611],
            [-84.433797000156034, 38.304382999983233],
            [-84.433848000209665, 38.304158999804592],
            [-84.433987999951739, 38.304036000318675],
            [-84.434225999603129, 38.303852000148133],
            [-84.434350000350008, 38.303656000004736],
            [-84.434583999803408, 38.303440999705963],
            [-84.434782999995051, 38.303313999853039],
            [-84.434915000239528, 38.303146000127917],
            [-84.434973999790742, 38.302957999940581],
            [-84.434982000186679, 38.302629000026513],
            [-84.434859999987935, 38.30195100030604],
            [-84.434778999797075, 38.301864000020416],
            [-84.434264000136267, 38.301473999718631],
            [-84.433818000072421, 38.301143999777921],
            [-84.433613999857954, 38.300981999937001],
            [-84.43340999964343, 38.300679999877019],
            [-84.433254999832741, 38.300369999936471],
            [-84.433121999763344, 38.29999800023328],
            [-84.4329350001656, 38.299759999733354],
            [-84.43284099955595, 38.299569000242592],
            [-84.432831000408527, 38.299441999955931],
            [-84.433007000135618, 38.299058000162589],
            [-84.433448000176583, 38.298546000331541],
            [-84.433678000330346, 38.297977999761287],
            [-84.433886999669411, 38.297784999729508],
            [-84.434366000243514, 38.297498000062546],
            [-84.435123999578579, 38.297231000212825],
            [-84.435579999688173, 38.297118999743049],
            [-84.435880999987035, 38.297076000089554],
            [-84.435997000337991, 38.297034000108347],
            [-84.436021999554029, 38.296894999694857],
            [-84.436122000011466, 38.29676600025973],
            [-84.436349999617093, 38.296686000134116],
            [-84.436558999854469, 38.296684999726644],
            [-84.436692999748772, 38.296589000022145],
            [-84.436749999650175, 38.296311000043929],
            [-84.436833000389157, 38.296262999960177],
            [-84.436994999872567, 38.296253000056247],
            [-84.437392000430904, 38.296292999663741],
            [-84.437577000378838, 38.29636499974773],
            [-84.437738999862233, 38.296373000222673],
            [-84.438106000283355, 38.296534999780036],
            [-84.438501000293556, 38.296835999768497],
            [-84.438706000332971, 38.297034000108347],
            [-84.438923999892864, 38.297201000192068],
            [-84.439094999597089, 38.297227000022772],
            [-84.43935099969012, 38.297219000347006],
            [-84.439583000392034, 38.297129999929027],
            [-84.439789000256354, 38.297097999767928],
            [-84.440266000282321, 38.296698999790415],
            [-84.440662000117442, 38.296481999908082],
            [-84.440724999866632, 38.296385000228412],
            [-84.440592999622154, 38.296165000278066],
            [-84.440365999841433, 38.29601599967323],
            [-84.440364000191607, 38.295736999899155],
            [-84.440493999887948, 38.295585999685215],
            [-84.440606000040958, 38.295534999966833],
            [-84.4409409997767, 38.295398000352314],
            [-84.441549000222253, 38.294937999975673],
            [-84.44177699982788, 38.294631999805134],
            [-84.441757999561304, 38.294338999833322],
            [-84.441310999672567, 38.294076999742096],
            [-84.441278000060592, 38.293972000338762],
            [-84.441369000297186, 38.293771999913531],
            [-84.44185899984366, 38.293161000184732],
            [-84.442042000141754, 38.292967000277216],
            [-84.442124999982425, 38.29272099980853],
            [-84.441965000148841, 38.292213000145267],
            [-84.44190499987441, 38.291841999987454],
            [-84.441995000286084, 38.291586999866183],
            [-84.442218999693765, 38.291555999853969],
            [-84.442679000001291, 38.291539000182802],
            [-84.442810000420863, 38.291402000074513],
            [-84.442873000170053, 38.291237000300718],
            [-84.442888000238668, 38.290935999648653],
            [-84.44300600023945, 38.290587000255428],
            [-84.443160000225234, 38.29017500031663],
            [-84.443537999618698, 38.289697000068315],
            [-84.443633999878159, 38.2895459999772],
            [-84.443669999863175, 38.289429999717136],
            [-84.443544000364795, 38.289313999976763],
            [-84.443325000081671, 38.289223999928907],
            [-84.442916999652681, 38.2887419998101],
            [-84.442788999606151, 38.288628999820808],
            [-84.442623999749713, 38.288483000110745],
            [-84.44242399973318, 38.2882449999152],
            [-84.442191000104671, 38.288023000320919],
            [-84.442176000036056, 38.287896000273122],
            [-84.442251000379116, 38.28758799966171],
            [-84.442449999672434, 38.287447999656784],
            [-84.442848000055719, 38.28722700027803],
            [-84.442976999927126, 38.287152999920856],
            [-84.44319600021025, 38.286882999864567],
            [-84.443345999998073, 38.286642999676509],
            [-84.44343300003672, 38.286564000219542],
            [-84.444160000307946, 38.28641299995612],
            [-84.444462000431727, 38.286289000153985],
            [-84.444711999778661, 38.286150000311657],
            [-84.444627000288179, 38.285774000215845],
            [-84.444510999937222, 38.285610000194083],
            [-84.444530000203798, 38.285514999797044],
            [-84.444617000242417, 38.285413000271454],
            [-84.444707999580714, 38.285096000236386],
            [-84.444869999962421, 38.284738999914111],
            [-84.4447560001596, 38.28448900027859],
            [-84.444632000311046, 38.284304999895248],
            [-84.444381000240881, 38.284115999667399],
            [-84.444298000400181, 38.283982999864911],
            [-84.444063000223551, 38.283779999770907],
            [-84.44373099996254, 38.283700000137117],
            [-84.443253999936559, 38.283694000143392],
            [-84.442964000406647, 38.283732999741105],
            [-84.442844999682649, 38.28365900005268],
            [-84.442746999773362, 38.283526000118052],
            [-84.442660999559649, 38.283236000099642],
            [-84.44254900030495, 38.283269999801881],
            [-84.441587999681985, 38.283550000145468],
            [-84.441136999595287, 38.283729000217271],
            [-84.440345999749951, 38.283617000062513],
            [-84.440179000243702, 38.283631999709208],
            [-84.439354999888081, 38.283581999934682],
            [-84.439096000320305, 38.283653000055573],
            [-84.438825000158658, 38.283808999819101],
            [-84.438497999920514, 38.283801999954392],
            [-84.438339999736769, 38.283776000249617],
            [-84.4379339998559, 38.283646000175821],
            [-84.437667999717107, 38.283622000180138],
            [-84.43747299972344, 38.283623000062605],
            [-84.43738099966194, 38.283611000061974],
            [-84.436691999923866, 38.283353000273237],
            [-84.436436999655726, 38.283185000163876],
            [-84.436136000255175, 38.28291699994007],
            [-84.435989999766974, 38.282756000198127],
            [-84.435906999926317, 38.282451999935212],
            [-84.435701999886888, 38.282344000231213],
            [-84.435563999794624, 38.282229000350164],
            [-84.435420999679494, 38.281969000070198],
            [-84.435235999731574, 38.281785000350887],
            [-84.434942000003701, 38.281670000289481],
            [-84.434705000177232, 38.281556999867711],
            [-84.43451100000847, 38.281390999659308],
            [-84.434219999755342, 38.281146000064304],
            [-84.434066999594464, 38.280808999897957],
            [-84.433840999638647, 38.28070899995145],
            [-84.433526999819293, 38.280494999984001],
            [-84.433054999816193, 38.280304999780753],
            [-84.432499999972421, 38.280256999687893],
            [-84.432063999954309, 38.280282999947786],
            [-84.431854999716947, 38.28032800024009],
            [-84.431359000322715, 38.280366000308447],
            [-84.431039999582168, 38.280372999799276],
            [-84.430784000387447, 38.280300000139846],
            [-84.430625000378782, 38.28032800024009],
            [-84.430384000354351, 38.280408000063971],
            [-84.430155000025493, 38.280462000318401],
            [-84.430009000435646, 38.2803819998488],
            [-84.429863999772365, 38.280193999914459],
            [-84.429563000371814, 38.279890000205775],
            [-84.429255000400218, 38.279689999758887],
            [-84.429001999781931, 38.279670000318582],
            [-84.428604000296986, 38.279724999647662],
            [-84.428106000354617, 38.279843999707523],
            [-84.427904999614853, 38.279979999839284],
            [-84.42746600012201, 38.280056000320428],
            [-84.427107000096811, 38.280132999947384],
            [-84.426354999711222, 38.280517999677912],
            [-84.426002000432135, 38.280753000057679],
            [-84.42546699978152, 38.280778000218348],
            [-84.425096000060762, 38.280955000235302],
            [-84.424926000181443, 38.281000000111028],
            [-84.424685999981932, 38.281121000030303],
            [-84.424061999642845, 38.281962999933455],
            [-84.423392999996253, 38.282201000277986],
            [-84.423202000200547, 38.282326999812625],
            [-84.423156000169797, 38.282542999815739],
            [-84.423222000292043, 38.282756000198127],
            [-84.423170000413506, 38.282881000287169],
            [-84.422941000084649, 38.282907000312512],
            [-84.422765000357558, 38.282791000019103],
            [-84.422547999724245, 38.282740999665315],
            [-84.422326999791309, 38.282822000249404],
            [-84.42198200000982, 38.283211000080286],
            [-84.421591000197552, 38.283877999960097],
            [-84.421535000121068, 38.284132999666959],
            [-84.421530000098201, 38.284443999745079],
            [-84.421474999846609, 38.284668000150297],
            [-84.421597000045352, 38.2849909998261],
            [-84.421593999672311, 38.285148000101287],
            [-84.42168599973381, 38.285457000347058],
            [-84.421684000083985, 38.285556000243439],
            [-84.421213999730696, 38.285747999807114],
            [-84.420027000050254, 38.286506000197555],
            [-84.419638999712717, 38.286768000123217],
            [-84.419058999754597, 38.286989000194474],
            [-84.419002999678099, 38.287074000313908],
            [-84.419016999921809, 38.287267999757383],
            [-84.418843999669434, 38.287308999918636],
            [-84.418657999896595, 38.28735899994642],
            [-84.418486000367466, 38.287315000318671],
            [-84.418235000297301, 38.287250999786849],
            [-84.418065000417982, 38.287296999822246],
            [-84.417343999994543, 38.287581999989357],
            [-84.417000999862864, 38.287668999772912],
            [-84.416757000363702, 38.287682000339416],
            [-84.416662999754067, 38.287671999958086],
            [-84.416538999905512, 38.287659000094855],
            [-84.416244000352719, 38.287507999994162],
            [-84.416077999773066, 38.287469000309315],
            [-84.415809999984432, 38.287449000191664],
            [-84.415681000113025, 38.287441999972913],
            [-84.415368999943482, 38.287376999722348],
            [-84.41517599959964, 38.287421999847759],
            [-84.415105000352852, 38.287502000315207],
            [-84.414983999979015, 38.287548000191514],
            [-84.414886000069728, 38.287451999680819],
            [-84.414896000115462, 38.287312000118732],
            [-84.414783000137561, 38.287174999787169],
            [-84.414564999679357, 38.287182999865145],
            [-84.414233000316656, 38.287179999659713],
            [-84.414209000027213, 38.287113000210937],
            [-84.414198999981465, 38.28692699975425],
            [-84.414111000117927, 38.286848999739291],
            [-84.413423000204745, 38.286702999974175],
            [-84.413107999662159, 38.286677999738671],
            [-84.41255899966616, 38.286548999768463],
            [-84.412114000325545, 38.286511999958805],
            [-84.411903000438372, 38.28641700003719],
            [-84.411541999865037, 38.286327999767742],
            [-84.411431000435257, 38.286270000262256],
            [-84.411317999559031, 38.286211000158545],
            [-84.41106400001415, 38.28617800027088],
            [-84.410828999837506, 38.286101000004493],
            [-84.410310999803627, 38.285723999801334],
            [-84.410154000343113, 38.285653000295831],
            [-84.409816000234301, 38.285672000349066],
            [-84.409709000104186, 38.285616000029442],
            [-84.409560999966189, 38.285492000276015],
            [-84.409540000049802, 38.285320000039867],
            [-84.409744000264297, 38.28509399980689],
            [-84.409888000204333, 38.285066000134641],
            [-84.410047000212998, 38.284979999915393],
            [-84.410063999931424, 38.284967000275095],
            [-84.410090999695598, 38.284927000065657],
            [-84.409959000349446, 38.284770999884266],
            [-84.409721999624665, 38.284720000321791],
            [-84.409180000199697, 38.284613000335185],
            [-84.408883000098768, 38.28455299972007],
            [-84.408600000241549, 38.284573999799989],
            [-84.408466000347246, 38.284611999761225],
            [-84.4082389996682, 38.284733000006263],
            [-84.408091000428527, 38.284747000260531],
            [-84.407939999917474, 38.284761999673727],
            [-84.407554000128087, 38.284739999781188],
            [-84.407072000079239, 38.284726000230712],
            [-84.406737000343483, 38.284706999929853],
            [-84.406234000378234, 38.284800000241688],
            [-84.405826999774163, 38.284774000189223],
            [-84.405478999619589, 38.284838000084612],
            [-84.405173000196157, 38.284803999706511],
            [-84.404983000225371, 38.284776999788974],
            [-84.404686000124443, 38.284748999994449],
            [-84.404466000016413, 38.284662000236573],
            [-84.404215999771154, 38.284517000173395],
            [-84.403944999609521, 38.284430000137462],
            [-84.403696999912398, 38.284464999856475],
            [-84.403415999705004, 38.284549000241419],
            [-84.403342000085146, 38.284524999839142],
            [-84.403294000404586, 38.284465999727324],
            [-84.403281999810716, 38.284370999948429],
            [-84.403336000237374, 38.28415600032374],
            [-84.403318999620623, 38.28406500034982],
            [-84.403123999626942, 38.284033999945237],
            [-84.402670000065513, 38.284000999772942],
            [-84.40255399971457, 38.284004000109732],
            [-84.402437000437004, 38.283981999987404],
            [-84.402186000366839, 38.283918000042497],
            [-84.401958999687793, 38.283836999976202],
            [-84.401824999793504, 38.283837999855706],
            [-84.401704000318006, 38.283935000088441],
            [-84.401562999852686, 38.284056999928239],
            [-84.401294000239176, 38.284106000204936],
            [-84.40114699992607, 38.284232999832874],
            [-84.401023000077501, 38.28441499995057],
            [-84.400576000188764, 38.284657000190577],
            [-84.400347999684826, 38.284674999931489],
            [-84.399991000207763, 38.284635000266213],
            [-84.399735000114717, 38.284545000057406],
            [-84.399634999657295, 38.2843839996954],
            [-84.399529000250396, 38.284300999697791],
            [-84.399284999852938, 38.284317999654036],
            [-84.399119999996486, 38.284341000252198],
            [-84.398969000383744, 38.284252000257808],
            [-84.398699000047003, 38.28415600032374],
            [-84.398509000076217, 38.284124999958017],
            [-84.398396999923207, 38.284117000248145],
            [-84.39828099957225, 38.284111000288874],
            [-84.398208999602247, 38.284078000151595],
            [-84.398145000028137, 38.284014000291329],
            [-84.398149000226098, 38.284004000109732],
            [-84.398165999944538, 38.283959999858467],
            [-84.398242000112518, 38.283889999916632],
            [-84.398325999778109, 38.28376000004701],
            [-84.398345000044685, 38.283729000217271],
            [-84.398360999938205, 38.283617000062513],
            [-84.398298000189001, 38.283529999653112],
            [-84.398097000347562, 38.283476000270511],
            [-84.397842999904341, 38.283470000258262],
            [-84.397830000383863, 38.283462999655775],
            [-84.39776099988859, 38.283410000108681],
            [-84.397761999713509, 38.28331499965293],
            [-84.397785000178033, 38.283203000269737],
            [-84.397955000057351, 38.283020000043173],
            [-84.397984000369647, 38.282987000115007],
            [-84.398005000286062, 38.282888000240625],
            [-84.397938000338897, 38.282777999986855],
            [-84.397812999767112, 38.282695000268369],
            [-84.39752499988704, 38.282711000000603],
            [-84.397355000007721, 38.282775000304547],
            [-84.397127000402079, 38.282751999915313],
            [-84.396891000400529, 38.282621000226932],
            [-84.396643999630001, 38.282596999892377],
            [-84.396513000108754, 38.282689000191574],
            [-84.396527000352449, 38.28289199981085],
            [-84.396590999926559, 38.283167999942236],
            [-84.396520999606366, 38.283206999822539],
            [-84.396094999634016, 38.283179000127582],
            [-84.396050000326483, 38.283228000291849],
            [-84.395856000157721, 38.283660999816526],
            [-84.395637999699517, 38.283683000036135],
            [-84.395339999773697, 38.283677000041003],
            [-84.395164000046591, 38.283587000054723],
            [-84.394899999557637, 38.283318999904729],
            [-84.394537000232802, 38.283211999968408],
            [-84.39428100013977, 38.283098999831459],
            [-84.393965999597171, 38.282989999788597],
            [-84.39381900018239, 38.282936000004305],
            [-84.393641999732054, 38.282772999811087],
            [-84.39352000043165, 38.282527999944023],
            [-84.393353999851982, 38.282416000051711],
            [-84.393075000192724, 38.282464000127476],
            [-84.392677999634387, 38.28244599983833],
            [-84.391750000420004, 38.28240200005304],
            [-84.390894000277342, 38.282360999940657],
            [-84.390607000222161, 38.2823860002527],
            [-84.390387999939051, 38.28240499975081],
            [-84.389633000078732, 38.282549999801795],
            [-84.38912400026571, 38.282609999957039],
            [-84.388896999586677, 38.282547000110064],
            [-84.388700999768076, 38.282410999851066],
            [-84.388473999987383, 38.28208000004328],
            [-84.388273000145901, 38.282014000022563],
            [-84.388135000053651, 38.28202000015515],
            [-84.387993999588346, 38.282144000198358],
            [-84.387615000369976, 38.282189000042244],
            [-84.387446000315578, 38.282153999931026],
            [-84.387340000010369, 38.282087999977634],
            [-84.387305999675178, 38.281912999714486],
            [-84.387278000086098, 38.281766999893428],
            [-84.387073000046655, 38.281451999979666],
            [-84.386833999672064, 38.281253000225107],
            [-84.386319999836175, 38.281082999651971],
            [-84.385985000100419, 38.280935999652584],
            [-84.385790999931658, 38.280782999826393],
            [-84.385794000304713, 38.280589999899107],
            [-84.385660000410411, 38.28042400030025],
            [-84.385409000340232, 38.280299000211613],
            [-84.385281000293716, 38.280235999769488],
            [-84.385112000239317, 38.280110000131494],
            [-84.384867000016939, 38.279848000150579],
            [-84.384827999658881, 38.279450999704608],
            [-84.384723000076889, 38.279250000221275],
            [-84.384517000212583, 38.279132999781631],
            [-84.38431899984586, 38.279168999882728],
            [-84.384026999767812, 38.279315999934092],
            [-84.383836999796998, 38.279410000041139],
            [-84.383629000282852, 38.279364999885004],
            [-84.383485000342802, 38.279285000322169],
            [-84.383382000410649, 38.27885499992756],
            [-84.383247999618021, 38.278662999762027],
            [-84.382742000178069, 38.278612000139539],
            [-84.382553000032175, 38.278658000008036],
            [-84.382399000046391, 38.278867999957157],
            [-84.382349999642585, 38.278926999682454],
            [-84.382315000380785, 38.279089000103916],
            [-84.38214499960317, 38.27918800022276],
            [-84.381907999776701, 38.27918800022276],
            [-84.381751000316186, 38.27908500032423],
            [-84.381515000314621, 38.278931000176037],
            [-84.381000999580408, 38.278852000083155],
            [-84.380637000430667, 38.278775999751979],
            [-84.380321999888082, 38.278639000234506],
            [-84.37971599999068, 38.278278000067232],
            [-84.379536999890519, 38.278158000303691],
            [-84.379284000170543, 38.277994000000518],
            [-84.379018999856669, 38.277879000280777],
            [-84.378761999938718, 38.277851999903191],
            [-84.378662000379606, 38.277911999710021],
            [-84.378467000385939, 38.27816000021906],
            [-84.378269999844122, 38.278556000015072],
            [-84.378090999743975, 38.278601999919005],
            [-84.377615000441239, 38.278565000289838],
            [-84.377336999708575, 38.278589999793553],
            [-84.377196000141581, 38.278675999825957],
            [-84.377182999722777, 38.27880299978596],
            [-84.377328000386058, 38.278968000323879],
            [-84.377315999792188, 38.279093999828227],
            [-84.377195000316661, 38.279199000305987],
            [-84.37702000041449, 38.279208999739105],
            [-84.376915999759092, 38.279211000330726],
            [-84.376669999711808, 38.279129000004367],
            [-84.376345000021786, 38.278990999796406],
            [-84.375602999681945, 38.278910999821456],
            [-84.375139999899673, 38.278820000324522],
            [-84.37486299989024, 38.278822000221709],
            [-84.374631000086637, 38.278907999979317],
            [-84.374210999962074, 38.279128000059998],
            [-84.373800000058338, 38.279263000180165],
            [-84.373413000444046, 38.279290000033022],
            [-84.373205000031589, 38.279253999991873],
            [-84.372988000296615, 38.279227000125616],
            [-84.372678999601817, 38.279310000283203],
            [-84.372307999881059, 38.279508999722211],
            [-84.37216599959082, 38.279676999876472],
            [-84.371994000061676, 38.280200000197411],
            [-84.371921000266752, 38.280364999675989],
            [-84.371583999982875, 38.280789999982161],
            [-84.371539999601936, 38.280983000082877],
            [-84.371541000325152, 38.281419999956761],
            [-84.371496999944227, 38.281608000242095],
            [-84.371257999569622, 38.28165299971306],
            [-84.371081000017611, 38.281599000344563],
            [-84.370785999566522, 38.281416000305441],
            [-84.370618000235339, 38.281377000168128],
            [-84.370348999723504, 38.281434000144813],
            [-84.370050999797684, 38.281531000064092],
            [-84.369938999644702, 38.281632000198464],
            [-84.369943999667555, 38.281834000045762],
            [-84.370029000056377, 38.282061999658971],
            [-84.370238000293753, 38.282409000052731],
            [-84.370274000278769, 38.282616999936685],
            [-84.370085999957794, 38.282776000198623],
            [-84.369902999659686, 38.282829000208608],
            [-84.369783999833999, 38.282755000303766],
            [-84.36958100034272, 38.28252899984156],
            [-84.369464000166843, 38.282431999845443],
            [-84.369292999564323, 38.282522999751045],
            [-84.36918799998233, 38.282857999931565],
            [-84.369131999905832, 38.283135999970582],
            [-84.368987999965782, 38.283323000156301],
            [-84.368535000229258, 38.283671999927165],
            [-84.368294000204841, 38.28381200016382],
            [-84.367755000254576, 38.283917000164102],
            [-84.367572999781387, 38.284051999840571],
            [-84.367459999803486, 38.284207000282471],
            [-84.367376999962801, 38.284403999952524],
            [-84.367304000167877, 38.285036999883502],
            [-84.367279000053514, 38.285216999674638],
            [-84.367096999580326, 38.285396999724497],
            [-84.367032000181297, 38.285670999789701],
            [-84.367125999892622, 38.285898000192638],
            [-84.367294999947049, 38.286125999733613],
            [-84.367244999718338, 38.286320000300648],
            [-84.366737999555113, 38.286872000240571],
            [-84.366612999881653, 38.287093999829786],
            [-84.366559000353291, 38.28732299967605],
            [-84.366571000048864, 38.287375000060884],
            [-84.366612999881653, 38.287550999676576],
            [-84.366631000323309, 38.287631999829081],
            [-84.36664999969156, 38.287708999881474],
            [-84.366658999912403, 38.287744000134758],
            [-84.366643999843788, 38.287869999919472],
            [-84.366610000406922, 38.288116999730192],
            [-84.366550000132463, 38.288264999813514],
            [-84.366270999574894, 38.288952000202727],
            [-84.366241000335975, 38.289026000135813],
            [-84.366212999848571, 38.28909699986734],
            [-84.366188999559128, 38.289169999846592],
            [-84.366170000190863, 38.289220000002494],
            [-84.366130999832819, 38.289325999739667],
            [-84.366083999977135, 38.289457000019091],
            [-84.365989000440891, 38.289719999667078],
            [-84.365957999580431, 38.289805000113589],
            [-84.365904999876989, 38.289896999738083],
            [-84.365854999648278, 38.289985999861656],
            [-84.365796000097049, 38.290084999926364],
            [-84.365627999867556, 38.290374000289866],
            [-84.365611999974035, 38.290398999957425],
            [-84.365463000011118, 38.29061199984956],
            [-84.365278999888105, 38.290876999812532],
            [-84.365204000443356, 38.290985999998036],
            [-84.365144999993817, 38.291069999886986],
            [-84.3651090000088, 38.291121999702391],
            [-84.365078000046665, 38.291167000326091],
            [-84.364924000060867, 38.291389999949779],
            [-84.364831000174448, 38.291524999828468],
            [-84.364488999867689, 38.292015000046213],
            [-84.364310999592448, 38.292303000011721],
            [-84.364077000139034, 38.292682999862379],
            [-84.363992999575132, 38.292818999911759],
            [-84.363824000419044, 38.293093000159871],
            [-84.363272999874908, 38.294073999821691],
            [-84.363250000308696, 38.29411100000646],
            [-84.363215999973505, 38.294165999674647],
            [-84.36310399982051, 38.294349000001027],
            [-84.362835000206999, 38.29478899967139],
            [-84.362496000273282, 38.295178999952753],
            [-84.362244000378197, 38.295424999843938],
            [-84.362165999662096, 38.295507000092371],
            [-84.361984000087205, 38.295674999881996],
            [-84.361700000405079, 38.295761000119015],
            [-84.361587000427178, 38.295816999661049],
            [-84.361477999748914, 38.295825999910775],
            [-84.361121000271865, 38.295813999812594],
            [-84.360675000208005, 38.295786000045787],
            [-84.36031600018282, 38.29588999993085],
            [-84.359885000187603, 38.29603799967294],
            [-84.3596879996458, 38.29601599967323],
            [-84.359525000337484, 38.295894999908022],
            [-84.359309000427416, 38.295642999784228],
            [-84.358956000250004, 38.295025999831928],
            [-84.358890000127758, 38.294914000188697],
            [-84.358733999593824, 38.294720000032491],
            [-84.358357000025293, 38.294436000133054],
            [-84.358157999833651, 38.2942740001196],
            [-84.35806400012234, 38.294110000268475],
            [-84.358040999657803, 38.293757999990007],
            [-84.357989999604172, 38.293386999975461],
            [-84.35779200013576, 38.29289199967242],
            [-84.357736999884168, 38.292711000121479],
            [-84.357801000356588, 38.292539999831128],
            [-84.358404999705854, 38.29167099976457],
            [-84.358609999745269, 38.291424000063031],
            [-84.358904000371467, 38.29113799969231],
            [-84.358937999808333, 38.290904000281273],
            [-84.358844000097008, 38.290703999861229],
            [-84.358567999912481, 38.290561999947592],
            [-84.358028999962229, 38.29034299975951],
            [-84.357539000415784, 38.290084000132921],
            [-84.357115000093245, 38.289794000227282],
            [-84.356985000396904, 38.289718999868597],
            [-84.356602000082248, 38.289314999780771],
            [-84.356289999912718, 38.289004000125509],
            [-84.356049999713221, 38.288766000228172],
            [-84.355613999695109, 38.288252000056495],
            [-84.355427000097379, 38.288179999678711],
            [-84.355207999814255, 38.28820699974063],
            [-84.354820000375057, 38.288297000344514],
            [-84.354493000136912, 38.288263000176499],
            [-84.354226000173213, 38.288127000050252],
            [-84.35363199997137, 38.28772599974473],
            [-84.353288000014786, 38.287610000101282],
            [-84.352801999767991, 38.287590000022419],
            [-84.352475000428143, 38.287560000246401],
            [-84.352219000335111, 38.287463999751637],
            [-84.351717000194782, 38.287303000223268],
            [-84.351282000001589, 38.28724400025412],
            [-84.350577000369981, 38.287232999979679],
            [-84.350302000010373, 38.287105000125294],
            [-84.350077999704382, 38.286898000246623],
            [-84.349609000074338, 38.286617000284195],
            [-84.349337999912677, 38.286321999991237],
            [-84.349122999827529, 38.286187000305844],
            [-84.348551000265317, 38.286046999713946],
            [-84.348058000345816, 38.285860000199499],
            [-84.347644000069025, 38.285724999654796],
            [-84.34663800013854, 38.285459000061415],
            [-84.345740999987981, 38.285180999752143],
            [-84.345475999674107, 38.285098999822779],
            [-84.344920999830336, 38.285046000059978],
            [-84.344544000261791, 38.285109999715502],
            [-84.344172999642709, 38.285285999887527],
            [-84.34378600002843, 38.285678000179253],
            [-84.343323000246158, 38.285978000224446],
            [-84.342702000280141, 38.286235000003359],
            [-84.341804000304677, 38.286430999966655],
            [-84.341410999944287, 38.286521999794886],
            [-84.341144999805508, 38.286672999831545],
            [-84.340640000190433, 38.287080000028197],
            [-84.339830000078521, 38.287818999713998],
            [-84.339064000347562, 38.288318999864074],
            [-84.338132999861813, 38.288721000230993],
            [-84.33780999982163, 38.288920999770006],
            [-84.33740200029095, 38.289074000071146],
            [-84.337229000038576, 38.289137999700564],
            [-84.336741000141956, 38.289274999852211],
            [-84.336433000170388, 38.289237000216872],
            [-84.335970000388102, 38.289114000110544],
            [-84.334423999784136, 38.28863299977975],
            [-84.334084999850432, 38.288647999800126],
            [-84.333846000374152, 38.288751000232224],
            [-84.333622999893066, 38.288975000037532],
            [-84.333436000295308, 38.289357999802824],
            [-84.333427999899399, 38.289471000067273],
            [-84.333412999830784, 38.289563000115166],
            [-84.333372999647807, 38.289818000297522],
            [-84.333454999663573, 38.290241999759182],
            [-84.33365300003031, 38.290643000265014],
            [-84.333766000008211, 38.290732999963353],
            [-84.333897000427754, 38.290833000202312],
            [-84.334361000034946, 38.290995999922778],
            [-84.334607999907149, 38.290983999730919],
            [-84.33502300000886, 38.290928999766223],
            [-84.335505000057708, 38.2908560001461],
            [-84.335879999976427, 38.290901000229709],
            [-84.336071999597053, 38.29097900012043],
            [-84.336656999578068, 38.291193000203641],
            [-84.337659000208888, 38.291382000335581],
            [-84.338041999625233, 38.291453999652028],
            [-84.338604999864927, 38.291548000258068],
            [-84.338910000361764, 38.291639999788188],
            [-84.339298999625868, 38.291964999700724],
            [-84.339646999780442, 38.292029000305959],
            [-84.340030000095069, 38.292120999931427],
            [-84.341200999882005, 38.292845999657928],
            [-84.341368000286579, 38.292997999686676],
            [-84.341740999657176, 38.293656000062953],
            [-84.342118000124032, 38.294146999729904],
            [-84.342373000392143, 38.294481000111801],
            [-84.342479999623961, 38.294904000098796],
            [-84.342498999890523, 38.294987999682789],
            [-84.342387999562447, 38.29537300029186],
            [-84.341933000176098, 38.295827000330149],
            [-84.341237999691927, 38.296274999984107],
            [-84.340928000070519, 38.296404000292171],
            [-84.340626999771658, 38.296514000340906],
            [-84.340052999661282, 38.296612999960189],
            [-84.339425999847492, 38.296608000032485],
            [-84.338902999790747, 38.296536999894187],
            [-84.338258000433612, 38.29626599979008],
            [-84.337762999965975, 38.295916999944424],
            [-84.336869000188472, 38.295022000225352],
            [-84.336495000094658, 38.294738999827196],
            [-84.336295999903029, 38.294636000138254],
            [-84.33614000026742, 38.294581000121269],
            [-84.335830999572607, 38.294471999695247],
            [-84.335789999564739, 38.294455000002124],
            [-84.334745000174507, 38.294005999947338],
            [-84.333313000271673, 38.293302000199141],
            [-84.332416999946048, 38.293037999678432],
            [-84.331858999729207, 38.292967000277216],
            [-84.331217999671694, 38.293065000048173],
            [-84.330343999985701, 38.29328399977755],
            [-84.329590999775192, 38.293534000141605],
            [-84.328147000176784, 38.294000000100496],
            [-84.327366000377197, 38.294185000319459],
            [-84.326805999612219, 38.294212000262419],
            [-84.326555000440379, 38.294271000207296],
            [-84.326369999594135, 38.294314999848162],
            [-84.325977999956976, 38.294526999794847],
            [-84.325497999557939, 38.295007000112371],
            [-84.324684000146391, 38.29621400013567],
            [-84.324038999890931, 38.29692499984214],
            [-84.323378999566842, 38.297328000171539],
            [-84.323270999611822, 38.297505999707546],
            [-84.323084000014077, 38.297741000077806],
            [-84.322533000368253, 38.297867999817022],
            [-84.322134000160077, 38.297840999824487],
            [-84.321760999891183, 38.297661000322194],
            [-84.321528000262688, 38.2973720000737],
            [-84.321021999924383, 38.296491000075314],
            [-84.32064600018073, 38.296027000026434],
            [-84.320156999560879, 38.295912999681924],
            [-84.319721000441106, 38.295934000000067],
            [-84.319163000224293, 38.295961999709704],
            [-84.318943000116263, 38.296092000284943],
            [-84.318430000105266, 38.296553000100189],
            [-84.317649000305664, 38.297448999662031],
            [-84.317352000204764, 38.297790000281061],
            [-84.317303999625864, 38.29800699977649],
            [-84.317286999907424, 38.298086000172347],
            [-84.317219999960273, 38.29858899981879],
            [-84.317061999776527, 38.298990000024084],
            [-84.316726000215866, 38.299663000206145],
            [-84.316593999971374, 38.299924000208847],
            [-84.316234999946175, 38.30063900022013],
            [-84.316112999747432, 38.300995999876612],
            [-84.315747999874461, 38.301500999769161],
            [-84.315721999935192, 38.30167200009047],
            [-84.3157150002625, 38.30194200011114],
            [-84.315435999704917, 38.302130000111724],
            [-84.314824999784648, 38.302466999976964],
            [-84.314129000373882, 38.302834000210304],
            [-84.313665999693299, 38.303142999877466],
            [-84.312885999718617, 38.303820000132085],
            [-84.312333000422953, 38.304072000052244],
            [-84.311817999863862, 38.304082999888962],
            [-84.311261000370237, 38.303985000195546],
            [-84.310813999583175, 38.303981999979854],
            [-84.310718000222025, 38.304008000200206],
            [-84.3105759999318, 38.304019999648084],
            [-84.309555999757606, 38.304107999768],
            [-84.308702000163095, 38.304033999706348],
            [-84.308528000085829, 38.304084000194472],
            [-84.308227999611859, 38.304284999990223],
            [-84.307656999874538, 38.304788999953786],
            [-84.307184000046519, 38.304989999910823],
            [-84.306840000089935, 38.305022999703233],
            [-84.306408000269798, 38.304955000221369],
            [-84.305417000407942, 38.304833000265567],
            [-84.304994999735243, 38.304835999741115],
            [-84.304762999931626, 38.305003000193985],
            [-84.304573999785745, 38.305214000342978],
            [-84.304592000227416, 38.305448999712908],
            [-84.304654999976606, 38.305730000065878],
            [-84.304954999552265, 38.306083999916694],
            [-84.305357000133483, 38.306453000018969],
            [-84.305947000137365, 38.306743999876026],
            [-84.306862999656147, 38.30698800020312],
            [-84.307056999824923, 38.307015000316014],
            [-84.307408000352524, 38.307162999920713],
            [-84.308046000036967, 38.307672999750615],
            [-84.308453999567647, 38.307849000183744],
            [-84.308807999569979, 38.307866000262997],
            [-84.309197999557327, 38.307763000177665],
            [-84.309615000207174, 38.307497000300238],
            [-84.309913000132994, 38.307486000276384],
            [-84.310036000156629, 38.307592000116735],
            [-84.310120999647125, 38.307882000085193],
            [-84.310143000286757, 38.308923000227971],
            [-84.310261000287539, 38.309755999779817],
            [-84.31027700018106, 38.30999900032328],
            [-84.310143000286757, 38.31034699987508],
            [-84.310149000134544, 38.310582000236089],
            [-84.310130999692873, 38.310888000095723],
            [-84.30986799992715, 38.311394999902937],
            [-84.309681000329391, 38.311584999772641],
            [-84.309124999762389, 38.311955000279106],
            [-84.308806999745087, 38.312365999702884],
            [-84.30852899991072, 38.312481999947153],
            [-84.30799400015843, 38.312455999944973],
            [-84.307354999750757, 38.31244600015858],
            [-84.307204000138015, 38.312495999781767],
            [-84.307159999757076, 38.312570999856817],
            [-84.307061999847789, 38.312745000014068],
            [-84.306954999717661, 38.312906999663696],
            [-84.30649600013335, 38.313052000091652],
            [-84.306168999895206, 38.313100000344477],
            [-84.305922999847894, 38.313139000350283],
            [-84.30556899984559, 38.313170000303757],
            [-84.305236999584565, 38.313198999884499],
            [-84.304732999794396, 38.313174000319542],
            [-84.303582999923876, 38.313066999997858],
            [-84.30329400021887, 38.312888999877131],
            [-84.303068000263067, 38.312585999862506],
            [-84.302754000443713, 38.312376000205226],
            [-84.302505000023359, 38.312270999796098],
            [-84.302407999938993, 38.312052999776952],
            [-84.302236000409849, 38.311594000180754],
            [-84.302129000279734, 38.311507000183163],
            [-84.301987999814415, 38.311407999742954],
            [-84.301680999667752, 38.311369999716064],
            [-84.300935000028275, 38.311528000216434],
            [-84.300659999668667, 38.311549999741267],
            [-84.300420000367453, 38.311570000264759],
            [-84.299722000408536, 38.311598999780422],
            [-84.299197999628589, 38.311573000166575],
            [-84.298800000143629, 38.311505999980007],
            [-84.298308000049062, 38.311557999951347],
            [-84.298202999568758, 38.311685000171892],
            [-84.297988000381906, 38.311794000111618],
            [-84.297821999802224, 38.311794000111618],
            [-84.297439000385907, 38.311618000088799],
            [-84.296840999986102, 38.311266999672952],
            [-84.296292999815023, 38.310753999804717],
            [-84.295928999766957, 38.31020899981511],
            [-84.295746000367174, 38.309687000277684],
            [-84.29558999983324, 38.309125000243213],
            [-84.295318999671579, 38.308934000033886],
            [-84.294808000208732, 38.308864000215067],
            [-84.294270000083387, 38.308928000011782],
            [-84.294071999716678, 38.309027000313087],
            [-84.293833000240397, 38.309499000126294],
            [-84.293568999751443, 38.310040999847388],
            [-84.293461999621314, 38.310261000011558],
            [-84.293343999620532, 38.310871000019887],
            [-84.293398000047205, 38.311503000075412],
            [-84.293797000255381, 38.312539000163184],
            [-84.294398999954822, 38.313648000273801],
            [-84.294829000125134, 38.314293000119662],
            [-84.295388999991786, 38.314806000326563],
            [-84.296055000163648, 38.315146000256838],
            [-84.296980999728191, 38.315572000013105],
            [-84.29729399972264, 38.31585000018547],
            [-84.29748100021871, 38.316210000102593],
            [-84.297470000348042, 38.316628999728835],
            [-84.297302000118563, 38.317062000115705],
            [-84.296902000085481, 38.317548000056398],
            [-84.296577000395473, 38.317724999899895],
            [-84.296142000202281, 38.317773999995204],
            [-84.295696000138463, 38.317777000345174],
            [-84.295310000349076, 38.317723999782508],
            [-84.295141000294663, 38.317633999735655],
            [-84.294776000421678, 38.317607000052249],
            [-84.294409999825476, 38.317603000280997],
            [-84.293732999782961, 38.317735999780332],
            [-84.293401000420261, 38.317752000244184],
            [-84.292958999656065, 38.317628999847258],
            [-84.292222000237416, 38.317427000261162],
            [-84.291387999836047, 38.317214000154316],
            [-84.291043999879477, 38.316997999744459],
            [-84.290735999907895, 38.316697999673963],
            [-84.290605000386634, 38.316465999802027],
            [-84.290401999997059, 38.315865999655848],
            [-84.290016000207672, 38.315303000132324],
            [-84.289864999696618, 38.314903000044268],
            [-84.289943000412748, 38.314485999930916],
            [-84.290070999560939, 38.314102000129445],
            [-84.290135999858279, 38.3138459998369],
            [-84.29040399964687, 38.313559999746232],
            [-84.290575000249419, 38.313307000189681],
            [-84.290643000021475, 38.312930999842017],
            [-84.290565000203657, 38.312690000333525],
            [-84.290285999646088, 38.312403999912739],
            [-84.290026000253405, 38.312244999718324],
            [-84.289589000410416, 38.312161999868472],
            [-84.2891309997527, 38.311944999718698],
            [-84.288679999666002, 38.31185299985551],
            [-84.288399000356918, 38.311810999971087],
            [-84.288228999579275, 38.311797000004184],
            [-84.287796999759152, 38.311738000214788],
            [-84.287383000380686, 38.311682999770497],
            [-84.287042999723738, 38.311702000056862],
            [-84.286803000422537, 38.311764999969064],
            [-84.286405999864201, 38.311931999974938],
            [-84.286046999838987, 38.311968000018688],
            [-84.285782000423438, 38.312012000204554],
            [-84.285594999927369, 38.312002999848318],
            [-84.285375999644245, 38.311906999973246],
            [-84.284905000364375, 38.3118650001201],
            [-84.284476999843889, 38.311990000114953],
            [-84.283887999664927, 38.311990000114953],
            [-84.282817000335413, 38.312254000044526],
            [-84.281844000016889, 38.312461000190083],
            [-84.281711999772426, 38.312561000086227],
            [-84.281596000319766, 38.312742000160732],
            [-84.281419999694364, 38.312941999744929],
            [-84.280891999614767, 38.313079000061556],
            [-84.280669999856926, 38.313135999808374],
            [-84.280217999945307, 38.31333299988669],
            [-84.280070999632201, 38.313555000281752],
            [-84.279894000080191, 38.314089000067511],
            [-84.279805000391747, 38.314288000000879],
            [-84.279796000170904, 38.314388000196892],
            [-84.27963999963697, 38.314797000317114],
            [-84.279366999825513, 38.31499900018202],
            [-84.279207999816848, 38.315100000255875],
            [-84.27905899985393, 38.315193999828374],
            [-84.278970000165472, 38.315251000027146],
            [-84.278856000362651, 38.315323000325485],
            [-84.278257000137955, 38.315701999982998],
            [-84.278063999794099, 38.315823999981262],
            [-84.275182000445071, 38.31765000022201],
            [-84.271424999788508, 38.320030999848427],
            [-84.271048000219963, 38.32027000016538],
            [-84.270550000277581, 38.320590999778958],
            [-84.269828000029221, 38.321051999653257],
            [-84.269354000376282, 38.321355000233552],
            [-84.26916199985736, 38.321483000274966],
            [-84.268706999572686, 38.321768000061915],
            [-84.268288999996258, 38.322028000101909],
            [-84.265965999790652, 38.323530999799914],
            [-84.265159999876715, 38.324049000335449],
            [-84.264471999963547, 38.324491000317167],
            [-84.263856999845302, 38.324886000269991],
            [-84.262626999608827, 38.325676000060618],
            [-84.260991000389808, 38.326727999786428],
            [-84.259320000112353, 38.327801999978135],
            [-84.257739000246616, 38.328816999772791],
            [-84.256525999728581, 38.329596000215041],
            [-84.255858999731799, 38.330025000172363],
            [-84.254349000011146, 38.330995999926621],
            [-84.25414200032192, 38.331136999681469],
            [-84.253901000297489, 38.331284000153303],
            [-84.252542000189592, 38.332157000277455],
            [-84.252170999570524, 38.332394000244335],
            [-84.250320000266328, 38.333584999822634],
            [-84.248192999879308, 38.335025000071255],
            [-84.246071000413465, 38.336460999747359],
            [-84.24392700030802, 38.337913000093558],
            [-84.243116000371217, 38.338461999712557],
            [-84.24277900008731, 38.33869000033387],
            [-84.241532000132409, 38.339533999702347],
            [-84.240588000126195, 38.340173999884776],
            [-84.237644999779491, 38.342163999767585],
            [-84.23575199974421, 38.343444000146171],
            [-84.235739000223731, 38.343453000121613],
            [-84.234791999844461, 38.344099000134122],
            [-84.233472999919542, 38.344988999978732],
            [-84.232307000155473, 38.345778999727365],
            [-84.23114800006411, 38.346569999737618],
            [-84.229670000130511, 38.347578999780978],
            [-84.229336000219689, 38.3478069998881],
            [-84.228593999879834, 38.348313000342799],
            [-84.227290999848421, 38.349202999835533],
            [-84.22588499988484, 38.350168000288406],
            [-84.224534000172866, 38.351085999792026],
            [-84.223297000263685, 38.35193199984657],
            [-84.22278000005474, 38.352286000228752],
            [-84.22169299993341, 38.353026999808272],
            [-84.220676999957178, 38.353718999843032],
            [-84.220172000342103, 38.354063999877944],
            [-84.220006999587355, 38.354177999675123],
            [-84.219034999992047, 38.354839999856658],
            [-84.218897999724717, 38.354934000017423],
            [-84.217633000226442, 38.355797000308868],
            [-84.216434999777007, 38.356608000157827],
            [-84.215855999643779, 38.356999000016707],
            [-84.21545300013598, 38.357271999806692],
            [-84.214971000087118, 38.357597000025869],
            [-84.214788999613944, 38.357720999777037],
            [-84.21455400033561, 38.357880000237856],
            [-84.214222000074585, 38.358103999962346],
            [-84.213851000353813, 38.358354999707529],
            [-84.213439999551781, 38.358634999707093],
            [-84.213011999929606, 38.35892299994542],
            [-84.212553000345295, 38.359233999835801],
            [-84.212099999710446, 38.359538999739847],
            [-84.211829000447111, 38.359723999690665],
            [-84.211693000004672, 38.359816000072783],
            [-84.211287999948723, 38.360088000273599],
            [-84.210788000356516, 38.360427000263833],
            [-84.210251000056076, 38.360791000129531],
            [-84.209642999610551, 38.361202000148346],
            [-84.209046999758883, 38.361605000331231],
            [-84.208433000363854, 38.362021000302576],
            [-84.20779200030637, 38.362453999951626],
            [-84.207223000218875, 38.362839000148348],
            [-84.206615999598242, 38.363249000320067],
            [-84.206004999677972, 38.363663000329161],
            [-84.205852000415419, 38.363767000054615],
            [-84.205669999942202, 38.363889000138066],
            [-84.205131999816885, 38.364253999679448],
            [-84.204508000376109, 38.364676000260992],
            [-84.203884999861955, 38.365097999790862],
            [-84.203229999560747, 38.365540000098669],
            [-84.202607999769825, 38.365961000069881],
            [-84.201924000054618, 38.366423999660007],
            [-84.201206999829125, 38.366909000138854],
            [-84.200539000007439, 38.367359999773534],
            [-84.19985000026935, 38.367827000090969],
            [-84.199138999891645, 38.36830799983008],
            [-84.198623000405931, 38.368656999840304],
            [-84.198491000161454, 38.368745999785489],
            [-84.197789999829482, 38.369219999683558],
            [-84.19706099990843, 38.369712999866302],
            [-84.196356000276836, 38.370190000062074],
            [-84.195639999876249, 38.370673999862703],
            [-84.194902999559275, 38.371172999799668],
            [-84.194264999874804, 38.371605000258938],
            [-84.194049999789669, 38.371750000149625],
            [-84.192505999733839, 38.373188000010892],
            [-84.190852999898055, 38.374734999808631],
            [-84.183295000000598, 38.381780999804796],
            [-84.181252000177494, 38.383757000339507],
            [-84.181011999977969, 38.383989000211137],
            [-84.180918000266658, 38.384074999889471],
            [-84.179196999760492, 38.385740000291307],
            [-84.178770999788142, 38.386150000277546],
            [-84.176640000101486, 38.388208000043392],
            [-84.170310999717259, 38.394319000102627],
            [-84.169981999829304, 38.394638000143303],
            [-84.163251999587104, 38.40100299966511],
            [-84.156959999911138, 38.407187999945123],
            [-84.1498749998417, 38.413881000212946],
            [-84.148668000069762, 38.415057000233972],
            [-84.148586999878901, 38.415136999889604],
            [-84.145770999753807, 38.417879999976066],
            [-84.145425000147412, 38.418220000275781],
            [-84.143652999587616, 38.419944000202861],
            [-84.141745000382031, 38.421808000234478],
            [-84.141569999581534, 38.421978000138026],
            [-84.140711999789048, 38.422814999736453],
            [-84.138950000173324, 38.424532000142506],
            [-84.138689000057411, 38.424787999778168],
            [-84.135419000370874, 38.42797600027135],
            [-84.128503000355849, 38.434503000068418],
            [-84.124740999676405, 38.438052999913332],
            [-84.122495000362008, 38.440168999703033],
            [-84.121782000334477, 38.440840999933449],
            [-84.118034999723633, 38.444368999819325],
            [-84.115401999896633, 38.446850000063634],
            [-84.112959000040448, 38.449150000301266],
            [-84.111532999985386, 38.450490999858886],
            [-84.105392999747082, 38.456276999925727],
            [-84.102299999612541, 38.459189999895486],
            [-84.102099999595993, 38.459378999931786],
            [-84.101102000061431, 38.459471999712036],
            [-84.099815999748458, 38.459755999660267],
            [-84.099616999556829, 38.459838999830332],
            [-84.099448000400741, 38.45991099982416],
            [-84.099342999920438, 38.459953999874195],
            [-84.098808999993054, 38.460181000040407],
            [-84.097983999812541, 38.460439999949401],
            [-84.097088000385227, 38.460612000141012],
            [-84.096329000326946, 38.460623999664669],
            [-84.095797999874293, 38.460497999994395],
            [-84.094431000268784, 38.459856000099137],
            [-84.093530999745198, 38.459351000087935],
            [-84.092751999595421, 38.458948999774833],
            [-84.091334999761187, 38.457958999877441],
            [-84.090449000379635, 38.45718999977543],
            [-84.08953399978742, 38.456395999861407],
            [-84.088306000099081, 38.455298000021891],
            [-84.087516000078651, 38.454805000250467],
            [-84.086808000074001, 38.454608000310131],
            [-84.086141000077234, 38.45454100022927],
            [-84.085096999613583, 38.454641999791882],
            [-84.084287000399982, 38.455014999737344],
            [-84.083811000198921, 38.455234000159074],
            [-84.083724000160302, 38.455275000231651],
            [-84.083262000202936, 38.455488000027572],
            [-84.081698000055596, 38.456152000012459],
            [-84.080955999715769, 38.456363000111715],
            [-84.079717999981696, 38.456530000032778],
            [-84.078395999683707, 38.45654299984195],
            [-84.077041999598677, 38.456544999758272],
            [-84.075997000208446, 38.45674799976932],
            [-84.074736000009835, 38.457175999781768],
            [-84.07336199983331, 38.457407000033442],
            [-84.072398999560534, 38.457302000330493],
            [-84.071161999651366, 38.456871000149626],
            [-84.070717000310736, 38.456569000156655],
            [-84.069714999679917, 38.455889000314968],
            [-84.068425000067293, 38.455189000155599],
            [-84.067756000420687, 38.454948999663031],
            [-84.06757899997038, 38.454885000194096],
            [-84.067508999650158, 38.454860000309175],
            [-84.066998000187326, 38.454675999961083],
            [-84.063915999923438, 38.453981999953918],
            [-84.06051800019037, 38.453197999953922],
            [-84.05831299998556, 38.452863000118974],
            [-84.057815000043192, 38.452824000102183],
            [-84.057298999659153, 38.452783999702341],
            [-84.056538999775952, 38.452543999651425],
            [-84.056184999773635, 38.452361000096289],
            [-84.055707999747654, 38.452114000260572],
            [-84.054230999638975, 38.4510310001451],
            [-84.054022000299909, 38.450886999947983],
            [-84.053848000222629, 38.450766999681491],
            [-84.053724000374089, 38.450682000251355],
            [-84.052623999833941, 38.449922999767139],
            [-84.051422999909789, 38.449446999759559],
            [-84.049191999765711, 38.448952999694882],
            [-84.047558000196489, 38.448425999903854],
            [-84.046246999769167, 38.448112999969794],
            [-84.044877999615522, 38.447947999716568],
            [-84.043963999746538, 38.447600000120183],
            [-84.043470999827022, 38.447260000244221],
            [-84.043374999567575, 38.447221999748869],
            [-84.039161999699729, 38.445588000325664],
            [-84.036318999810447, 38.4443349997184],
            [-84.034144999567758, 38.443199000176342],
            [-84.033627000432219, 38.442866999745746],
            [-84.032745000350289, 38.442303000074169],
            [-84.031530000182428, 38.441307999948151],
            [-84.030438999863122, 38.440708999829091],
            [-84.029755000147915, 38.440636999670453],
            [-84.029038999747343, 38.440703999996323],
            [-84.028009000425726, 38.440916000061115],
            [-84.027713000149717, 38.440976999788525],
            [-84.025872999817878, 38.441713999999244],
            [-84.024985999713067, 38.442238000138161],
            [-84.023855999934014, 38.443027999776525],
            [-84.022260999824567, 38.444569000295587],
            [-84.020988999755303, 38.445203000217788],
            [-84.019617000126914, 38.445525000052015],
            [-84.018996000160897, 38.445670999909879],
            [-84.018177999653076, 38.445699000138006],
            [-84.01728899989844, 38.445352000011589],
            [-84.016643999642994, 38.444861999834309],
            [-84.016450000372529, 38.444634000243099],
            [-84.015978000369429, 38.444080000210064],
            [-84.014934999730713, 38.442629000082491],
            [-84.013953000089657, 38.440869999748145],
            [-84.012749999617384, 38.438063999808257],
            [-84.011781000395118, 38.436132999676161],
            [-84.011048000276105, 38.434674000257075],
            [-84.010146000102694, 38.432872000317808],
            [-84.009222000187961, 38.431941999796926],
            [-84.007914999958587, 38.431485999904702],
            [-84.006396999842039, 38.431000999698647],
            [-84.005184000222314, 38.431000999698647],
            [-84.004118999842277, 38.431339000251626],
            [-84.00360800037943, 38.431704999953119],
            [-84.002953999903141, 38.432481000301394],
            [-84.00271299987871, 38.433515000274276],
            [-84.00278900004669, 38.434638999901644],
            [-84.002890000329032, 38.435304000235128],
            [-84.003476999959858, 38.436976999724116],
            [-84.004013000435378, 38.438585000139973],
            [-84.003984999947974, 38.439624999692207],
            [-84.003644000364432, 38.440553000098184],
            [-84.002767000305383, 38.441283000284521],
            [-84.002031999638234, 38.441560999771518],
            [-84.001489000388332, 38.441638000184192],
            [-84.000840999759831, 38.441751999876743],
            [-84.00008199970155, 38.441717999950242],
            [-83.999996000386133, 38.441713999999244],
            [-83.999945000332502, 38.44171199967186],
            [-83.999642000383787, 38.441698000192929],
            [-83.999198999794686, 38.441453000077786],
            [-83.998794999563643, 38.441067999724339],
            [-83.998593999722203, 38.440760999899034],
            [-83.998359000443884, 38.440326999926064],
            [-83.998012000114244, 38.439556999930353],
            [-83.997782999785372, 38.438532999909796],
            [-83.997530000065396, 38.437229000076563],
            [-83.997453000072497, 38.436289999698431],
            [-83.997412000064614, 38.435018999836963],
            [-83.997330999873768, 38.433876999819532],
            [-83.997246000383257, 38.432757999972004],
            [-83.99729300023894, 38.431867000197698],
            [-83.997347999592208, 38.43098099978706],
            [-83.997357999637941, 38.43082800003392],
            [-83.997578999570891, 38.429481999761066],
            [-83.997723000409238, 38.428789000253424],
            [-83.997766000066946, 38.428581999732046],
            [-83.997941999794051, 38.428005000327701],
            [-83.998324000283787, 38.427064000298031],
            [-83.998915000112561, 38.42594899984983],
            [-83.999440999644023, 38.424943999792951],
            [-83.999695000087243, 38.424198999670971],
            [-83.999743999592738, 38.423537000006746],
            [-83.999659000102227, 38.423151999826935],
            [-83.999469999956347, 38.422715000048257],
            [-83.999227000282104, 38.422285999681094],
            [-83.998807000157527, 38.422426999694068],
            [-83.998506999683556, 38.42252799985858],
            [-83.99817500032087, 38.422700000329385],
            [-83.998068000190742, 38.42281399966285],
            [-83.99785800012846, 38.423034000040985],
            [-83.997475999638723, 38.423542000324581],
            [-83.996981999894302, 38.424060999767406],
            [-83.99668999981624, 38.424211000323304],
            [-83.996449999616758, 38.42438499970519],
            [-83.995628999634178, 38.424551999728827],
            [-83.99475099975021, 38.424802999767145],
            [-83.994528000167463, 38.424899999949218],
            [-83.994430000258177, 38.424941999704693],
            [-83.993239000379745, 38.425715000142368],
            [-83.992558000139269, 38.427553000236571],
            [-83.992378000214217, 38.427964000244607],
            [-83.992131000341999, 38.428585999706968],
            [-83.991907999860942, 38.429144999650191],
            [-83.991610999760013, 38.429891000098856],
            [-83.991308999636217, 38.430756999835999],
            [-83.991199000031358, 38.431135999836513],
            [-83.991139999581833, 38.431416000308296],
            [-83.99109699992411, 38.431705999903613],
            [-83.991080000205685, 38.432051000295296],
            [-83.991070999984842, 38.432248999830676],
            [-83.991214000099973, 38.433683000218899],
            [-83.99127100000139, 38.434207000249486],
            [-83.991282999696949, 38.43468100032613],
            [-83.991275000199337, 38.434793999839044],
            [-83.991254000282936, 38.434809999768191],
            [-83.990987000319265, 38.435002999954087],
            [-83.990716000157619, 38.435081000229175],
            [-83.989829999877713, 38.435076999910414],
            [-83.989526999929012, 38.435110000246844],
            [-83.989035999659336, 38.435258999765558],
            [-83.987705000038844, 38.435220000086559],
            [-83.987603999756502, 38.435182000288791],
            [-83.987305000005748, 38.434993000201409],
            [-83.98703200019429, 38.434829000119336],
            [-83.986787999796817, 38.434850000279333],
            [-83.985888999996433, 38.435016000123085],
            [-83.984607999706341, 38.435234000118065],
            [-83.984196999802606, 38.435327999957998],
            [-83.983907000272694, 38.435514000178912],
            [-83.983465000406824, 38.435850000225813],
            [-83.983153000237266, 38.436045000226997],
            [-83.982764999899757, 38.436124999858599],
            [-83.982066999940855, 38.436174000046542],
            [-83.981450000172799, 38.436225999864995],
            [-83.981414000187783, 38.436242000180506],
            [-83.981102000018254, 38.436379000142011],
            [-83.980757000236736, 38.43665000034283],
            [-83.980343999784864, 38.437088999989356],
            [-83.980143999768345, 38.437368000020221],
            [-83.979930000406412, 38.437791000257491],
            [-83.979881000002607, 38.438208000261113],
            [-83.979972000239215, 38.438706000111189],
            [-83.980030999790429, 38.43915899989446],
            [-83.980067999600365, 38.439448000209424],
            [-83.980424999975739, 38.439693999933553],
            [-83.982641999876122, 38.441221000293439],
            [-83.983010999947069, 38.44157700031181],
            [-83.983271000238062, 38.441918000032899],
            [-83.983369000147334, 38.442046000104533],
            [-83.983527000331108, 38.442255000332764],
            [-83.983602999600762, 38.442353999896341],
            [-83.9836260000653, 38.442404999682537],
            [-83.983841999975368, 38.442889999973112],
            [-83.983999000334208, 38.443243000127254],
            [-83.984092000220627, 38.443595999962142],
            [-83.984171999688257, 38.44382199974919],
            [-83.984299999734773, 38.444449000076339],
            [-83.984317000351524, 38.444696999887412],
            [-83.984282000191413, 38.445493000014814],
            [-83.98416099981759, 38.445940999948341],
            [-83.983861000241944, 38.446518999991099],
            [-83.983185000024321, 38.448252999782184],
            [-83.982943000174998, 38.448760000222059],
            [-83.982526000423476, 38.449591999719033],
            [-83.982460000301245, 38.450026999959753],
            [-83.982562000408493, 38.450287000137301],
            [-83.98277699959533, 38.450779000139207],
            [-83.982839000417925, 38.451064999905455],
            [-83.982892000121382, 38.451304000272252],
            [-83.982822999626094, 38.451825000008803],
            [-83.982707000173448, 38.452074999838928],
            [-83.982650000272031, 38.452195000040675],
            [-83.982518999852473, 38.452346999869],
            [-83.98239900020188, 38.45248499988017],
            [-83.981902000084418, 38.452881999939088],
            [-83.981394000096302, 38.453171000178152],
            [-83.97706900007546, 38.454290000160654],
            [-83.976980000387002, 38.454302999669984],
            [-83.976809999609387, 38.45432799974791],
            [-83.976674999890164, 38.454410999831893],
            [-83.976636000430432, 38.454424999658691],
            [-83.976412000124427, 38.454583000329222],
            [-83.976161999879167, 38.454744000251438],
            [-83.976119000221473, 38.454805999880975],
            [-83.976095999756936, 38.454839000342858],
            [-83.975954000365036, 38.455044999815144],
            [-83.975755000173393, 38.455324999705176],
            [-83.975529000217591, 38.455645999777161],
            [-83.975355000140326, 38.455891999864939],
            [-83.973707000327423, 38.458202999945684],
            [-83.97309999970679, 38.459129000087025],
            [-83.972651999993118, 38.460044999797276],
            [-83.972506000403257, 38.460342999685032],
            [-83.972026000004234, 38.461538000308124],
            [-83.971247999679377, 38.462302000036907],
            [-83.970912999943621, 38.462658000162754],
            [-83.97026299966528, 38.463816999932888],
            [-83.970009999945304, 38.463997000054903],
            [-83.95618899978588, 38.473852999687971],
            [-83.953980000281405, 38.475427000302851],
            [-83.948472999704691, 38.479355000276513],
            [-83.940698999897165, 38.484897000227711],
            [-83.937460000172763, 38.48720699985622],
            [-83.930348000339151, 38.492277999749277],
            [-83.913299000325978, 38.483658000054042],
            [-83.913100999959255, 38.483558000273995],
            [-83.909589000423381, 38.481781999940623],
            [-83.905665000260541, 38.479799000249848],
            [-83.902138999582647, 38.478014000013715],
            [-83.901787000128451, 38.477838999790116],
            [-83.901576000241263, 38.477732000263913],
            [-83.901363999630846, 38.477623999858118],
            [-83.899518000349531, 38.476690999969342],
            [-83.895109999589707, 38.474462000264012],
            [-83.894055000153742, 38.473929000032719],
            [-83.883152000226659, 38.468419999996087],
            [-83.881464000230793, 38.467564000042302],
            [-83.879039999742858, 38.46633800032312],
            [-83.878070999622281, 38.465849000057702],
            [-83.875847000049191, 38.464724000239649],
            [-83.868342999680124, 38.46092999985683],
            [-83.866437000124336, 38.459966000210741],
            [-83.866191000077052, 38.459840999655263],
            [-83.866146999696113, 38.459819000171002],
            [-83.866100999665363, 38.459795999711794],
            [-83.866068999878294, 38.459779999693872],
            [-83.866051000334963, 38.459771000121819],
            [-83.866003999580983, 38.459747000085272],
            [-83.865981000014756, 38.45973599997793],
            [-83.85928000008488, 38.456348000348378],
            [-83.85912399955096, 38.456402000325873],
            [-83.850112999834266, 38.459539999702407],
            [-83.838280000144692, 38.463661999721865],
            [-83.835522999570827, 38.464624000219366],
            [-83.835018999780686, 38.464797999968468],
            [-83.831522000313413, 38.466015999822098],
            [-83.819455000272114, 38.470219000330722],
            [-83.81939099979968, 38.470241000159497],
            [-83.814866999587238, 38.471817000350271],
            [-83.814730000218205, 38.471865000118946],
            [-83.81467900016456, 38.471882999760282],
            [-83.814597999973714, 38.471910999662192],
            [-83.806173000062941, 38.474845000254838],
            [-83.804350000347867, 38.475480000014564],
            [-83.801642000177793, 38.476423999777907],
            [-83.800283000069896, 38.47689700032619],
            [-83.79121899975145, 38.480054000090995],
            [-83.783882999611833, 38.482608999962665],
            [-83.778913000233857, 38.484340000212384],
            [-83.778705999646306, 38.484413000279019],
            [-83.767920999720005, 38.488168999827138],
            [-83.766226000051446, 38.48876000005356],
            [-83.757493999994011, 38.491801000307824],
            [-83.75707999971722, 38.49194399985717],
            [-83.756200000183441, 38.492251999653227],
            [-83.755933000219741, 38.492344999926388],
            [-83.746754000273569, 38.493712000305038],
            [-83.745679999672703, 38.493872000263181],
            [-83.745666000327319, 38.493872000263181],
            [-83.745510999618304, 38.493897999774632],
            [-83.745477000181438, 38.493911999669912],
            [-83.744971999668039, 38.494122999670545],
            [-83.74201499997595, 38.495355999869936],
            [-83.741941000356107, 38.495386999810606],
            [-83.741298999575378, 38.495654000062437],
            [-83.734610000239371, 38.498311999900729],
            [-83.725708000302632, 38.502234999981731],
            [-83.724257000133221, 38.502875999664525],
            [-83.724200000231804, 38.502900999774525],
            [-83.723546999580421, 38.503189000247559],
            [-83.723499999724766, 38.503210000193057],
            [-83.721743999956814, 38.50398199983146],
            [-83.709414000149778, 38.507284999940595],
            [-83.703694999860943, 38.508816999946006],
            [-83.70363799995954, 38.508833000328337],
            [-83.70285399978691, 38.509041000054886],
            [-83.702262999958108, 38.509200000126704],
            [-83.692056000340131, 38.511934000196987],
            [-83.673899000289225, 38.516799000251396],
            [-83.669676000375645, 38.517927000279172],
            [-83.668939999883591, 38.518124000107868],
            [-83.665023000291754, 38.519174999976528],
            [-83.660549000307995, 38.520372999814057],
            [-83.65801799968996, 38.521037999710813],
            [-83.656682999871492, 38.521403999734034],
            [-83.65604400036213, 38.521579000274215],
            [-83.655783000246217, 38.521650000339903],
            [-83.65010400014036, 38.523171000139854],
            [-83.649688000213743, 38.523282000003441],
            [-83.649238999776856, 38.523402999843327],
            [-83.641851999583636, 38.525381000152606],
            [-83.641732999757934, 38.524982000009061],
            [-83.641507999627038, 38.524520000334128],
            [-83.64112000018784, 38.523978000013734],
            [-83.640864000094808, 38.523560999740411],
            [-83.640751000116907, 38.523376999738105],
            [-83.640598999780934, 38.523048999820027],
            [-83.640545000252573, 38.522867000099147],
            [-83.64052099996313, 38.522785000205772],
            [-83.640464999886632, 38.522579999712313],
            [-83.640351000083811, 38.522383000131242],
            [-83.640069999876417, 38.522239999869235],
            [-83.639896999624071, 38.522175000295114],
            [-83.639790000392267, 38.522134000317365],
            [-83.639669000018429, 38.522088999903431],
            [-83.639515999857537, 38.521985999740366],
            [-83.639387999811035, 38.521898999719795],
            [-83.639337999582324, 38.52184900003197],
            [-83.638894000066628, 38.52139299989873],
            [-83.638535000041415, 38.520866999741799],
            [-83.638308000260707, 38.52035400020862],
            [-83.638198999582443, 38.52010499970082],
            [-83.638140999856134, 38.519996000122021],
            [-83.637965000129029, 38.519663999710765],
            [-83.637924999946051, 38.519588999945675],
            [-83.63754300035464, 38.519046999741846],
            [-83.63721299974344, 38.518577000112593],
            [-83.636928000236409, 38.517993000335345],
            [-83.636811000060533, 38.517836000326106],
            [-83.636630000310575, 38.517758999735342],
            [-83.636345999730111, 38.517741000306451],
            [-83.63628499963076, 38.517748000045813],
            [-83.635882999947853, 38.517791000036517],
            [-83.63576099974911, 38.517801000259482],
            [-83.635374999959737, 38.517830000054857],
            [-83.634994000193217, 38.517923000337717],
            [-83.634697999917222, 38.518103000294495],
            [-83.634553000152266, 38.518189999983413],
            [-83.634389999945626, 38.518387999949873],
            [-83.634358000158599, 38.51847899990792],
            [-83.63420300034791, 38.518921000276919],
            [-83.633958999950423, 38.519615000013651],
            [-83.633649000329029, 38.520498000126111],
            [-83.633506000213899, 38.520756999789562],
            [-83.633131000295151, 38.521436999932753],
            [-83.632811999554619, 38.521774999839892],
            [-83.632344999574386, 38.521959999826002],
            [-83.632035999777898, 38.522023000088851],
            [-83.631649999988525, 38.522093000316211],
            [-83.631482999583937, 38.522104000044543],
            [-83.630993999862412, 38.522119000182514],
            [-83.630617000293853, 38.52209900023211],
            [-83.630454999912146, 38.522107999753658],
            [-83.629879000151959, 38.52213699992226],
            [-83.629593999746604, 38.522122999890797],
            [-83.629496999662237, 38.522113000268234],
            [-83.629253999987981, 38.522086999696988],
            [-83.629089999956449, 38.522072999655755],
            [-83.629007000115791, 38.522066000336963],
            [-83.628761999893399, 38.52206400012988],
            [-83.62865499976327, 38.522005999722168],
            [-83.628551999831132, 38.521993999874319],
            [-83.628272000346954, 38.521478000307546],
            [-83.627832000130894, 38.520668000145974],
            [-83.627155999913285, 38.520645000125427],
            [-83.626903000193309, 38.520635999718159],
            [-83.626693999955918, 38.520405999782582],
            [-83.626406999900752, 38.520047999954556],
            [-83.626379000311658, 38.520013000260612],
            [-83.626315999664158, 38.519834000294694],
            [-83.626195000188645, 38.519485000282636],
            [-83.625975999905535, 38.518667999831763],
            [-83.625958000362175, 38.518556999880893],
            [-83.625886000392171, 38.518076000224241],
            [-83.625888999866888, 38.517805000207709],
            [-83.625969000232828, 38.517573000031391],
            [-83.62606899979194, 38.517391999986536],
            [-83.626213999556896, 38.517247000010592],
            [-83.62635199964916, 38.517151999916486],
            [-83.626523000251694, 38.517117999689582],
            [-83.626998999554445, 38.517043000083156],
            [-83.627331999640376, 38.516978000033106],
            [-83.627556999771272, 38.516880999935708],
            [-83.627785000275225, 38.516798000074651],
            [-83.628239999661588, 38.516638999912743],
            [-83.628314000179742, 38.516618999845413],
            [-83.628581999968347, 38.516567000347209],
            [-83.628775000312189, 38.516539999700846],
            [-83.62941200017174, 38.516431000346564],
            [-83.629590000446967, 38.516379000009692],
            [-83.629823000075461, 38.51631100021536],
            [-83.630064000099892, 38.516227999697108],
            [-83.630413000079358, 38.516106999744053],
            [-83.630649000080894, 38.515994999873485],
            [-83.630941000158955, 38.515856999818361],
            [-83.631075000053258, 38.515760999807412],
            [-83.631147999848196, 38.51559599970907],
            [-83.631115000236221, 38.515419999890256],
            [-83.63098999966445, 38.515273999961614],
            [-83.63051099998863, 38.515029000258558],
            [-83.629747999732416, 38.514777999898925],
            [-83.629245999592072, 38.514612999656286],
            [-83.628809999573974, 38.514475999972554],
            [-83.628311999631592, 38.51423899995546],
            [-83.628103000292555, 38.514125999776383],
            [-83.627708000282325, 38.513897000343839],
            [-83.62709599963884, 38.513542999959618],
            [-83.626707000374708, 38.513184999738797],
            [-83.62635199964916, 38.512659000052999],
            [-83.626179000295124, 38.512371000197916],
            [-83.626099999754089, 38.512177000109915],
            [-83.626058999746206, 38.511937000226936],
            [-83.626077000187877, 38.51162600020487],
            [-83.626222999777738, 38.511121000123666],
            [-83.626338000303775, 38.510935999694617],
            [-83.62666899984157, 38.510719999838493],
            [-83.626908000216162, 38.51064100024994],
            [-83.62723899975397, 38.510663999952236],
            [-83.627480999603293, 38.510625999828925],
            [-83.627719999977899, 38.510534999785001],
            [-83.628002000010198, 38.510398000073593],
            [-83.628320000027514, 38.510282000093596],
            [-83.628561999876865, 38.510227999699829],
            [-83.62884200025934, 38.510225000301624],
            [-83.629171999972229, 38.510188999780802],
            [-83.629725000166189, 38.510117000090993],
            [-83.630415999554074, 38.509983999967048],
            [-83.630853000295403, 38.509899000044584],
            [-83.631307999681766, 38.509709000020408],
            [-83.631589999714066, 38.509529000164008],
            [-83.63188400034025, 38.509295000170027],
            [-83.632085000181718, 38.509079999892755],
            [-83.632250999863061, 38.508903000026258],
            [-83.632385999582254, 38.508759000111766],
            [-83.632485000214785, 38.508568000303171],
            [-83.632496999910359, 38.508445000246603],
            [-83.632510000329134, 38.508316000321585],
            [-83.632486999864611, 38.507918999674615],
            [-83.632387000305499, 38.507565000125496],
            [-83.632260000083889, 38.507455999836495],
            [-83.632141000258201, 38.507395999697259],
            [-83.632017000409647, 38.507341999950995],
            [-83.6316829996005, 38.507272000141583],
            [-83.631367999956225, 38.507141999913202],
            [-83.631207000297721, 38.50707300022119],
            [-83.630881999709402, 38.507021000154914],
            [-83.630769999556421, 38.507035999921044],
            [-83.630454000087227, 38.507078999983086],
            [-83.630012000221356, 38.507139999994408],
            [-83.629869000106225, 38.50716100019374],
            [-83.629587000073926, 38.507150999898762],
            [-83.629452000354704, 38.50710500035148],
            [-83.628931999772718, 38.506929999772858],
            [-83.628755000220707, 38.506829999954213],
            [-83.628586000166308, 38.506739000033761],
            [-83.628350999989664, 38.506613000116225],
            [-83.628054999713655, 38.506413000162709],
            [-83.627772999681341, 38.506230999855795],
            [-83.627213999639622, 38.505840000232766],
            [-83.627191999898301, 38.505825000217527],
            [-83.627084999768172, 38.505712000189746],
            [-83.626998999554445, 38.505621999891488],
            [-83.626955999896765, 38.505568000220947],
            [-83.626808999583659, 38.505387000222704],
            [-83.626771999773737, 38.505339999915769],
            [-83.626497000312426, 38.505083000297326],
            [-83.626473999847889, 38.505062000194961],
            [-83.626315999664158, 38.504846000293135],
            [-83.626288999899955, 38.504807999911463],
            [-83.62600600004275, 38.504358000082554],
            [-83.625938000270693, 38.504248999860323],
            [-83.625621000078297, 38.503910999915234],
            [-83.625355999764423, 38.503750000103231],
            [-83.625119999762873, 38.503680000317281],
            [-83.625103999869339, 38.503678999958289],
            [-83.624925999594112, 38.503660999821285],
            [-83.624754999889888, 38.503637999991234],
            [-83.624735999623326, 38.50364000000728],
            [-83.624606999751876, 38.503652000102612],
            [-83.624398000412825, 38.503703999789572],
            [-83.62416300023618, 38.503805000088235],
            [-83.624016999747994, 38.503896000201216],
            [-83.623564000011456, 38.504040999649227],
            [-83.623496000239413, 38.504060999695618],
            [-83.623116000297813, 38.504110000137352],
            [-83.622488999585698, 38.504184000210358],
            [-83.62208400042806, 38.504232000217101],
            [-83.621655000082654, 38.50432699978461],
            [-83.621522999838177, 38.504413999951979],
            [-83.621338999715164, 38.50453499987271],
            [-83.621031999568501, 38.504656999935506],
            [-83.620054999950341, 38.504615000179214],
            [-83.619571000251653, 38.504568999715048],
            [-83.619382000105773, 38.504550000156634],
            [-83.618875999767482, 38.504455000180279],
            [-83.61856899962082, 38.504459000167053],
            [-83.618113000409551, 38.504508999982427],
            [-83.618074999876384, 38.504508000337943],
            [-83.617567999713188, 38.504499999666734],
            [-83.617366000046829, 38.504483000082757],
            [-83.617080999641473, 38.504451999838608],
            [-83.616634999577656, 38.504376999691679],
            [-83.616326999606073, 38.50432299979056],
            [-83.616097000350607, 38.504280000191848],
            [-83.615961999733088, 38.504194000214447],
            [-83.615859999625826, 38.504025000311103],
            [-83.615818999617957, 38.503740000037546],
            [-83.615736999602191, 38.503498999791979],
            [-83.615514999844351, 38.503273999654446],
            [-83.615289999713454, 38.503137999852285],
            [-83.614862000091279, 38.502944999862763],
            [-83.613974999986468, 38.502532999837527],
            [-83.61374599965761, 38.502386999788577],
            [-83.613201999684478, 38.502172999653872],
            [-83.613024000307576, 38.502147999994193],
            [-83.612419000235064, 38.502084999913336],
            [-83.612143000050551, 38.502060999901559],
            [-83.611841999751661, 38.502036000202935],
            [-83.611716000253281, 38.502034999821113],
            [-83.611349999657079, 38.502034999821113],
            [-83.610949999623983, 38.502032000081648],
            [-83.61035899979521, 38.502082000175953],
            [-83.609497999629653, 38.502145999936651],
            [-83.608948999633668, 38.502184999993645],
            [-83.608584999585602, 38.502269000206894],
            [-83.608324000368, 38.502407000294291],
            [-83.608137999696865, 38.502573000059328],
            [-83.608004999627454, 38.502698000345575],
            [-83.607901999695301, 38.502879999738937],
            [-83.607793999740267, 38.503070999870793],
            [-83.607724000318385, 38.503329999663791],
            [-83.607741000036825, 38.503693000061709],
            [-83.607783999694519, 38.504013000277908],
            [-83.607857000387767, 38.504556000128744],
            [-83.607909000266318, 38.504938999773756],
            [-83.607997000129856, 38.505381999952192],
            [-83.60810599990981, 38.506035000146539],
            [-83.608063000252088, 38.506262999657288],
            [-83.607967999817546, 38.506382000046372],
            [-83.607848999991845, 38.506455999893781],
            [-83.607597999921694, 38.506501999855622],
            [-83.607392999882279, 38.506508999984746],
            [-83.607177999797116, 38.506516000113237],
            [-83.60701700013864, 38.506481000167035],
            [-83.606899999962778, 38.506347000035042],
            [-83.60685700030507, 38.506256000207166],
            [-83.606818999771903, 38.506178000263219],
            [-83.606769000441517, 38.505511000212316],
            [-83.60676400041865, 38.505433000164381],
            [-83.606613999732517, 38.505307000070772],
            [-83.606487000409231, 38.505299000191307],
            [-83.606376999906047, 38.505345000189195],
            [-83.606229999592941, 38.505462000020856],
            [-83.606037999972344, 38.505636999949012],
            [-83.605924000169509, 38.505697999775826],
            [-83.605791000100126, 38.505770999996159],
            [-83.605699000038612, 38.505821000306625],
            [-83.605278999914049, 38.505902999840828],
            [-83.604456000281672, 38.505716999734361],
            [-83.604258999739855, 38.505678000184034],
            [-83.603857999881868, 38.505608000163058],
            [-83.603739000056166, 38.505593000099495],
            [-83.603555999758072, 38.505543999963784],
            [-83.603381999680792, 38.505498999723741],
            [-83.603258999657143, 38.505465999951646],
            [-83.603123999937935, 38.505349000126486],
            [-83.603089999602759, 38.505276999815131],
            [-83.603043999572009, 38.505180000121548],
            [-83.603055000340959, 38.504986999980289],
            [-83.60313900000655, 38.50479999997652],
            [-83.603250000334626, 38.504583000348504],
            [-83.603513000100364, 38.50419499986323],
            [-83.603571999651592, 38.504104000128088],
            [-83.603656000215494, 38.503971999797983],
            [-83.603781999713888, 38.503776000267528],
            [-83.60396199963894, 38.503555999987043],
            [-83.604170000051397, 38.503308000092154],
            [-83.604327000410223, 38.50308300006094],
            [-83.604503000137314, 38.502745999936671],
            [-83.604770000101027, 38.502384999737686],
            [-83.605018999623042, 38.502034000142345],
            [-83.605267000218475, 38.501741999834493],
            [-83.605418999656138, 38.501572000116383],
            [-83.605631000266555, 38.501280999733901],
            [-83.605683999969997, 38.501207999883505],
            [-83.605810000366688, 38.500829000270372],
            [-83.605822999887181, 38.500495999648919],
            [-83.605704000061479, 38.500149999918449],
            [-83.605626000243674, 38.50008099985471],
            [-83.605576000014977, 38.500037999832472],
            [-83.60540699996055, 38.499975000015176],
            [-83.605167999585959, 38.499945000350628],
            [-83.605042000087579, 38.499958999773831],
            [-83.60474599981157, 38.500102999708986],
            [-83.604579000305307, 38.500206999951814],
            [-83.6044169999236, 38.50027599989486],
            [-83.604048999677573, 38.500489000341361],
            [-83.603606999811689, 38.500746000183526],
            [-83.603144000029431, 38.500954000068241],
            [-83.603005999937167, 38.501011999861419],
            [-83.602862999822023, 38.501071999695249],
            [-83.60246000031421, 38.501191000225532],
            [-83.601986999587879, 38.501352999822032],
            [-83.601522999980702, 38.501484000344568],
            [-83.601092999810376, 38.501596999976044],
            [-83.600614000134584, 38.501781000110235],
            [-83.600249000261613, 38.501935000235626],
            [-83.600075000184333, 38.502008000052157],
            [-83.599808000220648, 38.502078000057217],
            [-83.599583000089737, 38.502097999945704],
            [-83.5994180002333, 38.502062000282969],
            [-83.599315000301132, 38.502041000002741],
            [-83.599188999904442, 38.501992000262412],
            [-83.598921000115851, 38.501787999995216],
            [-83.598757999909211, 38.501650999811972],
            [-83.598624999839842, 38.501516000146196],
            [-83.598481999724697, 38.501323000028378],
            [-83.598258000317031, 38.500952999671384],
            [-83.598137999768113, 38.500583999924793],
            [-83.598111999828845, 38.500294000174812],
            [-83.598100999958191, 38.500123000145926],
            [-83.598116999851726, 38.499955000240227],
            [-83.598129000445596, 38.499816999673058],
            [-83.598212000286281, 38.499570999687442],
            [-83.598322999716046, 38.499296000049348],
            [-83.598633000235751, 38.499001000024556],
            [-83.598860000016472, 38.498793999848253],
            [-83.599153999744345, 38.498617999736574],
            [-83.599891999886239, 38.498215999698147],
            [-83.599998000191434, 38.498091000070133],
            [-83.600028000328663, 38.498059999886969],
            [-83.600076999834172, 38.498006000171081],
            [-83.600111000169349, 38.497969999869305],
            [-83.60020599970558, 38.497868000088303],
            [-83.600402000422477, 38.497645000119157],
            [-83.600455999950839, 38.49758300005869],
            [-83.60050600017955, 38.497537000024728],
            [-83.600741000356194, 38.497323999988787],
            [-83.600876000075417, 38.497200999710913],
            [-83.601000999748877, 38.497077999926084],
            [-83.601199999940505, 38.496881000164642],
            [-83.601257999666828, 38.496808999824736],
            [-83.601368000169998, 38.49658300012625],
            [-83.601430999919188, 38.496387000174529],
            [-83.601471000102151, 38.496157999871087],
            [-83.60129600019998, 38.495887000321545],
            [-83.601142000214196, 38.495689000348584],
            [-83.601039000282029, 38.49561899975923],
            [-83.600763000097501, 38.495435000055195],
            [-83.600734999610097, 38.495416000196556],
            [-83.600681000081735, 38.495383999794228],
            [-83.600647999571478, 38.495364999922138],
            [-83.600584999822289, 38.495327000162916],
            [-83.600342999972938, 38.495184000297229],
            [-83.600049000245065, 38.495048999760456],
            [-83.600014999909874, 38.495025999992698],
            [-83.599845999855475, 38.494908000304619],
            [-83.599747000121269, 38.494811999784226],
            [-83.599662999557367, 38.494731000058572],
            [-83.599599999808191, 38.494657999897953],
            [-83.599501999898891, 38.49454700019578],
            [-83.599249000178901, 38.494421999826088],
            [-83.598982000215216, 38.494382999784428],
            [-83.598623000190003, 38.494434999835264],
            [-83.5984259996482, 38.494417999985011],
            [-83.59831900041641, 38.494408000029907],
            [-83.597933999553618, 38.494434000050973],
            [-83.59790599996451, 38.494440999946882],
            [-83.597695999902243, 38.494496999792666],
            [-83.597640999650665, 38.49451200005786],
            [-83.597438999984291, 38.494566000283605],
            [-83.597393999778461, 38.494576999999154],
            [-83.597317999610468, 38.494596000079063],
            [-83.597222000249317, 38.494621000250589],
            [-83.597141999883377, 38.494641000100323],
            [-83.597122999616801, 38.494645999710322],
            [-83.597026000430731, 38.494670000083531],
            [-83.596936000019042, 38.49469299996489],
            [-83.596833000086875, 38.49471299979465],
            [-83.596698000367667, 38.494738999705639],
            [-83.596637000268302, 38.494750999877773],
            [-83.596550000229669, 38.494760999785271],
            [-83.596280999717834, 38.494795000022933],
            [-83.595960000225787, 38.494842000180292],
            [-83.595863000141406, 38.494856999670574],
            [-83.595592999804666, 38.494896999936572],
            [-83.59527499978735, 38.494924000261754],
            [-83.594719999943564, 38.494858000152092],
            [-83.594576999828433, 38.494798999843027],
            [-83.594453999804799, 38.494750000097866],
            [-83.594194000412102, 38.494648999757437],
            [-83.593866000349038, 38.494499999845971],
            [-83.593709999815104, 38.494287999756942],
            [-83.593640000393236, 38.494038999800964],
            [-83.593736999579306, 38.493765999724253],
            [-83.593930999748068, 38.493461000168971],
            [-83.594169000297754, 38.493258999951003],
            [-83.59423799989473, 38.493199999738678],
            [-83.594811000180158, 38.492977999889341],
            [-83.59488399997511, 38.492934000040648],
            [-83.595073000120991, 38.492819999668534],
            [-83.595351999780249, 38.492653000117606],
            [-83.595403999658771, 38.492628999775661],
            [-83.595646000406433, 38.49251600013811],
            [-83.596433999878712, 38.491936999718668],
            [-83.596874000094758, 38.491605000002288],
            [-83.59705499984473, 38.491441999751039],
            [-83.59719799995986, 38.491313000308814],
            [-83.597274000127854, 38.491143999714438],
            [-83.597176000218553, 38.490970000265143],
            [-83.597079000134187, 38.490904000048921],
            [-83.596823000041141, 38.490730000020058],
            [-83.596440999551419, 38.490550999677126],
            [-83.596387999847963, 38.490526000202685],
            [-83.595791000171388, 38.490248000259392],
            [-83.595419999552306, 38.490145000248397],
            [-83.595284000008178, 38.490149000326646],
            [-83.594955000120208, 38.490158000326154],
            [-83.594493000162842, 38.490240999956107],
            [-83.594287000298522, 38.490277999743448],
            [-83.594005000266222, 38.490369000070636],
            [-83.593965000083244, 38.490382000107992],
            [-83.593869999648689, 38.490413000079442],
            [-83.593796999853765, 38.490436999753328],
            [-83.59346100029309, 38.490545999782945],
            [-83.593190000131429, 38.490632999720489],
            [-83.593122000359386, 38.490641999659545],
            [-83.592800000144095, 38.490684999665383],
            [-83.592694999663806, 38.490699000184982],
            [-83.592570999815237, 38.490714999670573],
            [-83.592148000215943, 38.490695999973397],
            [-83.592015999971466, 38.49068899971364],
            [-83.591678999687574, 38.49065500035077],
            [-83.591313999814588, 38.490550999677126],
            [-83.591164000026765, 38.490508000294518],
            [-83.590851999857236, 38.490343999829918],
            [-83.590450000174314, 38.489932000154461],
            [-83.590281999944821, 38.489701999874185],
            [-83.590270000249262, 38.489575999684533],
            [-83.590291999990583, 38.489364999727371],
            [-83.590423000410141, 38.489283000350405],
            [-83.590546000433804, 38.489304000131121],
            [-83.59073300003152, 38.489337000276436],
            [-83.59131600036271, 38.489521999937622],
            [-83.591760999703325, 38.489663999940646],
            [-83.592262999843669, 38.489705000127159],
            [-83.592487999974566, 38.489654999879441],
            [-83.592821000060496, 38.489577000239386],
            [-83.59311399996345, 38.489387999895996],
            [-83.59324100018506, 38.489181000223468],
            [-83.593334999896385, 38.489030999691764],
            [-83.593457000095128, 38.488667999939459],
            [-83.593466000315956, 38.488464999776646],
            [-83.593472000163757, 38.488238000049918],
            [-83.593417999737071, 38.488046999964425],
            [-83.593370999881401, 38.487894000259658],
            [-83.593344999942133, 38.487806999827711],
            [-83.593312000330172, 38.487696000118191],
            [-83.59330300010933, 38.487668999896925],
            [-83.593293000063596, 38.487594999733496],
            [-83.593279999644807, 38.487509000227242],
            [-83.593247999857766, 38.487290000072647],
            [-83.593242000009965, 38.487254000041382],
            [-83.593231000139326, 38.487171999668519],
            [-83.593226000116445, 38.487069000182764],
            [-83.593216999895617, 38.48686300006645],
            [-83.593215000245792, 38.486811000176061],
            [-83.593206999849883, 38.486643000165735],
            [-83.593201000002082, 38.48650600000974],
            [-83.593191999781254, 38.486296000101575],
            [-83.593110999590408, 38.486081000080652],
            [-83.592914999771821, 38.485852000069237],
            [-83.592620000219043, 38.485644000177388],
            [-83.592176999629942, 38.485509000048054],
            [-83.592065000375271, 38.485499000262799],
            [-83.591531000447873, 38.485453000248341],
            [-83.590568000175097, 38.485377000098957],
            [-83.590085000301329, 38.485362999951704],
            [-83.589487999726444, 38.485454000157254],
            [-83.589158999838489, 38.485503999804031],
            [-83.588732000041205, 38.485569000136735],
            [-83.588551000291247, 38.485597000348562],
            [-83.58840499980306, 38.485605000306613],
            [-83.588233000273931, 38.485614000170528],
            [-83.588142000037337, 38.485618999703739],
            [-83.588000999572017, 38.48562699965936],
            [-83.587839999913541, 38.485635000317266],
            [-83.587783999837043, 38.485638000036388],
            [-83.587596000414393, 38.485632999801325],
            [-83.58738200015415, 38.485591000203641],
            [-83.587233000191233, 38.48543800020672],
            [-83.587008000060337, 38.485245999819888],
            [-83.586922999671515, 38.484928999662294],
            [-83.586931000067437, 38.484896000311068],
            [-83.586979999572918, 38.48471800016199],
            [-83.587003999862375, 38.484626999730288],
            [-83.587029999801643, 38.484579999941353],
            [-83.587086999703047, 38.484476000344451],
            [-83.587186000335549, 38.484296999936291],
            [-83.587343999620998, 38.484159000315927],
            [-83.587448000276382, 38.484067999881539],
            [-83.587465999819727, 38.484053000254853],
            [-83.587699000346547, 38.483989999819606],
            [-83.588219000030236, 38.483852000314599],
            [-83.588736000239166, 38.483772000154438],
            [-83.589267999618428, 38.483672999762987],
            [-83.589537000130235, 38.483587999730339],
            [-83.58982400018543, 38.483419000004695],
            [-83.589968999950372, 38.483125000307403],
            [-83.589927999942503, 38.482668999652859],
            [-83.589685000268261, 38.482277000164451],
            [-83.589415999756426, 38.481984999942121],
            [-83.589198000196532, 38.481751999732516],
            [-83.58911299980771, 38.481710999943672],
            [-83.588875999981255, 38.481598000061851],
            [-83.588496000039669, 38.481642999762194],
            [-83.588158999755777, 38.481685000254139],
            [-83.587243000236967, 38.481893000320554],
            [-83.586781000279601, 38.482078000105169],
            [-83.585997999931877, 38.4824419999524],
            [-83.585571999959527, 38.482511000033028],
            [-83.585192000017926, 38.482410000116801],
            [-83.585046000428065, 38.482193999800167],
            [-83.585006000245102, 38.481933000048173],
            [-83.585002999872046, 38.48191300018717],
            [-83.585001000222206, 38.481900000028396],
            [-83.585001000222206, 38.48165200012081],
            [-83.58522100033025, 38.481376000331991],
            [-83.585469000027359, 38.481065999818611],
            [-83.585643000104625, 38.480847999747965],
            [-83.5857240002955, 38.480747000314331],
            [-83.585746999861712, 38.480717999650061],
            [-83.585909000243419, 38.48051400032211],
            [-83.586228000085654, 38.480114999781406],
            [-83.586404999637651, 38.479766999944111],
            [-83.586582000087986, 38.479384000082682],
            [-83.586712999609219, 38.47912499999434],
            [-83.587028999976724, 38.478804000336588],
            [-83.587650999767661, 38.478212000031704],
            [-83.587928999601999, 38.47793299968977],
            [-83.588133999641414, 38.477730000231816],
            [-83.588287999627198, 38.477618999770272],
            [-83.588439999963157, 38.477506999821919],
            [-83.588561000336995, 38.477359999669616],
            [-83.588576000405595, 38.477144999715492],
            [-83.58851600013115, 38.477015999997846],
            [-83.588069000242399, 38.476511999918635],
            [-83.58789900036308, 38.476303999796478],
            [-83.58777399979131, 38.47609499973872],
            [-83.587712999691931, 38.475883999695014],
            [-83.587755000423044, 38.475614999940333],
            [-83.588019000013702, 38.475347999983448],
            [-83.588059000196665, 38.47532000000971],
            [-83.588540000420608, 38.475003999853477],
            [-83.588896999897656, 38.474767000058087],
            [-83.589245000052202, 38.474536999906441],
            [-83.589402000411042, 38.474409999866047],
            [-83.589564999719343, 38.474230999778058],
            [-83.589587000358975, 38.474079000348432],
            [-83.589502999795073, 38.473976999801984],
            [-83.589390999642077, 38.473931000170275],
            [-83.589239000204415, 38.473902000280304],
            [-83.58911299980771, 38.473893999726599],
            [-83.588840999821159, 38.47387800002307],
            [-83.588711999949737, 38.473862000316004],
            [-83.588485000169015, 38.473830000187853],
            [-83.587961000287379, 38.473715999835846],
            [-83.587110999992504, 38.473482000251245],
            [-83.586469000110085, 38.473334000254141],
            [-83.585998999756796, 38.473165999775205],
            [-83.585573999609352, 38.472853999655662],
            [-83.585233000025823, 38.472366000061434],
            [-83.584940000122856, 38.472082999926542],
            [-83.584421000264086, 38.472067999915751],
            [-83.584329000202587, 38.471920999925985],
            [-83.584261000430516, 38.471571999816803],
            [-83.584083000155289, 38.471381999978256],
            [-83.583693000167941, 38.471339999813118],
            [-83.583128000278421, 38.471431000139958],
            [-83.582800000215357, 38.471434999850281],
            [-83.582617999742169, 38.471385000290489],
            [-83.582560000015846, 38.471158000221379],
            [-83.582804000413333, 38.470937000099603],
            [-83.582930999736618, 38.470839999886337],
            [-83.58258699978002, 38.4703480002538],
            [-83.582487000220922, 38.470006999846859],
            [-83.582580000107328, 38.469707999670788],
            [-83.582723000222472, 38.469599999904595],
            [-83.582857000116761, 38.469603999716483],
            [-83.582976999767368, 38.469642999804869],
            [-83.58306200015619, 38.469701000185779],
            [-83.583206000096226, 38.469797999821303],
            [-83.583329999944795, 38.469935000084824],
            [-83.583526999588273, 38.470060000026265],
            [-83.58377000016084, 38.469989999860694],
            [-83.583919000123757, 38.469908999664646],
            [-83.584181000064575, 38.469765999999467],
            [-83.584437000157607, 38.469630999671708],
            [-83.584602000014058, 38.469549000349531],
            [-83.584755000174937, 38.469473999738504],
            [-83.584956999841282, 38.469350999749118],
            [-83.585041000405184, 38.469292999789978],
            [-83.585129000268736, 38.469229999817927],
            [-83.585185000345234, 38.469045000117625],
            [-83.585104999979293, 38.468908000273224],
            [-83.585053999925663, 38.468857999664472],
            [-83.584965000237219, 38.468793999875665],
            [-83.584936999749814, 38.468745000031966],
            [-83.584827000144955, 38.468712000305047],
            [-83.584501999556622, 38.468611000045279],
            [-83.584196999958095, 38.46864700024463],
            [-83.583944000238105, 38.468811000143845],
            [-83.583627999870629, 38.46892300023805],
            [-83.583278000066258, 38.468889999889242],
            [-83.583103000164058, 38.468772000308824],
            [-83.583004000429852, 38.468476999809639],
            [-83.583020000323401, 38.468116999675495],
            [-83.582637000008731, 38.46736299984213],
            [-83.582749999986646, 38.466979000033312],
            [-83.583037000041813, 38.466640000211683],
            [-83.583036000216907, 38.466432999916677],
            [-83.582536999551323, 38.466138999873031],
            [-83.582365999847084, 38.466012999989779],
            [-83.582446000213025, 38.465676999693891],
            [-83.582406000030062, 38.465540999966436],
            [-83.581568000329071, 38.465481000087884],
            [-83.581081000257342, 38.465394000034614],
            [-83.580877999867738, 38.465366999899764],
            [-83.58054099958386, 38.46532899979703],
            [-83.580306000305541, 38.465209000340586],
            [-83.580195999802356, 38.465036999857176],
            [-83.580154999794473, 38.464923999864304],
            [-83.580270000320525, 38.464784000044602],
            [-83.580352000336276, 38.464727000125578],
            [-83.580647999713989, 38.464560999685219],
            [-83.581226000022312, 38.464461000142272],
            [-83.581405000122444, 38.464401000068605],
            [-83.581703000048279, 38.464265000045081],
            [-83.581871000277758, 38.464183000248312],
            [-83.581939000049829, 38.464083999683197],
            [-83.581983000430753, 38.463922000000046],
            [-83.582036999959115, 38.463348999764129],
            [-83.582045000355038, 38.463264999899316],
            [-83.582238999625488, 38.462964000166721],
            [-83.582601999848649, 38.462631999932469],
            [-83.582587999604925, 38.462460999861754],
            [-83.581889999646023, 38.462371999927775],
            [-83.58170499969809, 38.46227399992091],
            [-83.58156300030619, 38.462209999916297],
            [-83.581369999962348, 38.462056000002185],
            [-83.581210999953683, 38.461845999909215],
            [-83.58100900028731, 38.461581000091627],
            [-83.580852999753404, 38.461529999789384],
            [-83.580569999896184, 38.461658999780703],
            [-83.580203000373373, 38.461889000212508],
            [-83.579887000005883, 38.461954000033423],
            [-83.579553000095032, 38.46189899975591],
            [-83.579106000206281, 38.461602000205588],
            [-83.578903999641611, 38.461331999681072],
            [-83.578727000089614, 38.460659000081122],
            [-83.57847500019453, 38.460263999721434],
            [-83.578342999950053, 38.459864000100112],
            [-83.578059000267913, 38.459784000050348],
            [-83.577913999604647, 38.459602999698291],
            [-83.577877999619631, 38.459461000266195],
            [-83.577850000030551, 38.459349000249411],
            [-83.577938999718995, 38.459006000039544],
            [-83.578014000062083, 38.458718999816512],
            [-83.577958999810505, 38.458560000184306],
            [-83.577501000051086, 38.458398000052597],
            [-83.577331999996687, 38.458145000165672],
            [-83.577188999881557, 38.457907000240546],
            [-83.577142000025887, 38.457688999785674],
            [-83.577127999782192, 38.457621000160771],
            [-83.57690199982639, 38.457389000296168],
            [-83.576791000396597, 38.457187999876993],
            [-83.576843000275161, 38.456927999945897],
            [-83.576992000238079, 38.456759999935748],
            [-83.577087999599215, 38.456651999772909],
            [-83.577142999850807, 38.456585000183367],
            [-83.577157999919407, 38.456492000198473],
            [-83.577145000398943, 38.456395000252876],
            [-83.5771210001095, 38.456215999764346],
            [-83.577101000018018, 38.456057000243078],
            [-83.577133999629964, 38.455964999895414],
            [-83.577168999790061, 38.455871000199004],
            [-83.577417000385495, 38.455704999777431],
            [-83.577532000013221, 38.455628000303989],
            [-83.577707999740326, 38.455512000074165],
            [-83.577947000114918, 38.455443000182534],
            [-83.578224999949271, 38.455469000190234],
            [-83.578323999683477, 38.455480000244769],
            [-83.578439000209514, 38.455486999703027],
            [-83.578706999998118, 38.455432999744183],
            [-83.578758000051749, 38.455382000019505],
            [-83.578921000258362, 38.455219000161051],
            [-83.578973999961818, 38.455046999772982],
            [-83.579023000365623, 38.454887999785754],
            [-83.579143999841122, 38.454696000342828],
            [-83.57921800035929, 38.454578999684323],
            [-83.579292999804039, 38.454360000088258],
            [-83.579310000420804, 38.454307999967646],
            [-83.579329999613961, 38.454249000231854],
            [-83.57951700011003, 38.454007000143079],
            [-83.579486000147895, 38.453595999957948],
            [-83.579466000056385, 38.453339999754782],
            [-83.579423000398705, 38.453159000118262],
            [-83.579387000413689, 38.452980000042771],
            [-83.579425999873436, 38.452791999784075],
            [-83.579341000382925, 38.452655000020449],
            [-83.579072999696024, 38.452561000232386],
            [-83.578575999578561, 38.452582000158259],
            [-83.578383999957921, 38.452520999686705],
            [-83.578228000322326, 38.452478000130668],
            [-83.57812799986489, 38.452375999985001],
            [-83.578116000169331, 38.452327999908015],
            [-83.578091000054968, 38.452230000325713],
            [-83.578084000382276, 38.45220799992746],
            [-83.578147000131466, 38.452097999945828],
            [-83.578392000353844, 38.451676000213006],
            [-83.578378000110149, 38.451631000100868],
            [-83.578347000148014, 38.451531000220236],
            [-83.578185999591199, 38.451481000227886],
            [-83.578138999735557, 38.451416000115799],
            [-83.578117999819156, 38.451385000258128],
            [-83.578163000024986, 38.451239999680581],
            [-83.578250999888553, 38.450964999943871],
            [-83.578216999553362, 38.450801999955686],
            [-83.578060999917753, 38.450621999972569],
            [-83.578000999643294, 38.450551999935996],
            [-83.577979999726892, 38.450422000090008],
            [-83.578137000085732, 38.450303999842994],
            [-83.578240999842805, 38.450172000160826],
            [-83.578178000093601, 38.449873000067626],
            [-83.578091000054968, 38.44967600002802],
            [-83.577937000069184, 38.44941500005433],
            [-83.577865999924072, 38.449206000157602],
            [-83.578008000214282, 38.449007000282442],
            [-83.578039000176446, 38.448851000194544],
            [-83.578030999780509, 38.448770000178285],
            [-83.577905000282129, 38.448562000241083],
            [-83.577742000075517, 38.448305999765921],
            [-83.5777830000834, 38.448232999725121],
            [-83.577905000282129, 38.448018000168531],
            [-83.577903999558899, 38.447807000288506],
            [-83.577756000319226, 38.447667000314425],
            [-83.577506999898873, 38.447632999656591],
            [-83.577290000163899, 38.447613000131192],
            [-83.577173999812942, 38.447524000171036],
            [-83.577162999942288, 38.447361000149087],
            [-83.577280000118151, 38.447175999937087],
            [-83.577253000353963, 38.447007999732989],
            [-83.577017000352413, 38.44690700003769],
            [-83.576485999899774, 38.446809999869856],
            [-83.576223000134036, 38.446541000013291],
            [-83.575798999811497, 38.446541999758303],
            [-83.575729000389629, 38.44648099980914],
            [-83.575700000077305, 38.446382000277836],
            [-83.575905999941625, 38.446217000288193],
            [-83.576035999637966, 38.446134999675479],
            [-83.576058000277598, 38.445563000033843],
            [-83.576126999874575, 38.445349000023455],
            [-83.576182000126167, 38.445274000280655],
            [-83.576194999646617, 38.445254999864403],
            [-83.576228000156917, 38.445209000205949],
            [-83.57623800020265, 38.445194999998193],
            [-83.576223999958955, 38.445144999837119],
            [-83.576198999844593, 38.445132999849584],
            [-83.575873000329665, 38.444981000303848],
            [-83.575566000183002, 38.444836999994514],
            [-83.57534100005212, 38.444781000265699],
            [-83.575216000378632, 38.444749999668431],
            [-83.575111999723248, 38.444784000277387],
            [-83.574929000323465, 38.444790000300443],
            [-83.574843000109738, 38.444666999728625],
            [-83.57483200023907, 38.444455999901137],
            [-83.574864999851044, 38.444343999808758],
            [-83.575167999799746, 38.444135999779206],
            [-83.575276999579685, 38.444105000312071],
            [-83.575351000097854, 38.444083000250892],
            [-83.575407999999257, 38.444064000224621],
            [-83.575522999626997, 38.444007000115931],
            [-83.575531000022906, 38.443791000147144],
            [-83.575712999597783, 38.443606999715996],
            [-83.575823999925859, 38.443589999839823],
            [-83.575880999827277, 38.443580999655488],
            [-83.576213999913207, 38.443662999652126],
            [-83.576451999564583, 38.44347000010363],
            [-83.576489000272815, 38.443327999876558],
            [-83.576206000415596, 38.443153999703043],
            [-83.576138999570134, 38.443024999691843],
            [-83.576151000164018, 38.442913000193201],
            [-83.576321000043322, 38.442827999955171],
            [-83.576543999626082, 38.442883999792159],
            [-83.576731999947071, 38.442965999877117],
            [-83.5768390000772, 38.442883999792159],
            [-83.57688500010795, 38.442713999851286],
            [-83.577224999866573, 38.442601999870064],
            [-83.577219999843692, 38.442467000063829],
            [-83.577631999572347, 38.442371000063631],
            [-83.577623000249829, 38.442239999747414],
            [-83.577485000157566, 38.442072999821285],
            [-83.577691999846792, 38.441873000168158],
            [-83.577850999855457, 38.441863999769666],
            [-83.578012000412272, 38.441944999797535],
            [-83.578188999964254, 38.442034000305355],
            [-83.578354999645612, 38.442116999755051],
            [-83.578608000263898, 38.442191999964123],
            [-83.578881999900304, 38.442123999806029],
            [-83.578951000395591, 38.442040999660762],
            [-83.579038000434224, 38.441957000315121],
            [-83.579041999733889, 38.441744999789741],
            [-83.579064000373492, 38.441691999912891],
            [-83.579023000365623, 38.441638000184192],
            [-83.579003000274128, 38.441612000118013],
            [-83.578972000311978, 38.441571999835503],
            [-83.578749999655841, 38.441404999771137],
            [-83.578712000020985, 38.441374999651195],
            [-83.578636999677926, 38.44131900005069],
            [-83.578563999882974, 38.441065000261815],
            [-83.578563999882974, 38.440618999971356],
            [-83.578646999723674, 38.440405000077874],
            [-83.578691000104598, 38.440350000259237],
            [-83.578794000036766, 38.44022199999452],
            [-83.578815999778058, 38.440193999752431],
            [-83.578861999808822, 38.440137999939324],
            [-83.578932000129015, 38.440065000080018],
            [-83.578952000220497, 38.440044999864703],
            [-83.578985999657377, 38.440010000002275],
            [-83.578994000053285, 38.440001999910756],
            [-83.579050000129797, 38.439944000275894],
            [-83.579182000374274, 38.439727000270373],
            [-83.579245000123464, 38.439543999875411],
            [-83.579307000047748, 38.439348000333617],
            [-83.579582000407356, 38.43927799991593],
            [-83.57979900014233, 38.439363000112749],
            [-83.579969999846554, 38.439428999666696],
            [-83.580014000227479, 38.439444999975947],
            [-83.580251999878868, 38.439439000212204],
            [-83.580345999590193, 38.439344000251275],
            [-83.580417999560225, 38.439272000138359],
            [-83.580394999993999, 38.439181999896199],
            [-83.58038099975029, 38.439126999849314],
            [-83.580355999635927, 38.439033000030456],
            [-83.580327000221942, 38.438917999711265],
            [-83.580331000419889, 38.438781000346196],
            [-83.580332000244809, 38.43873299967003],
            [-83.580425999956148, 38.438696000167781],
            [-83.580504999598844, 38.438716999906603],
            [-83.580784999981333, 38.438792000130235],
            [-83.581179000166628, 38.438758000216751],
            [-83.581401999749403, 38.438634000065505],
            [-83.581492000161091, 38.438532999909796],
            [-83.581462999848767, 38.438424999907404],
            [-83.581443999582191, 38.438351999723082],
            [-83.581390000053815, 38.438284000169311],
            [-83.581347000396136, 38.438229000141888],
            [-83.581328000129545, 38.438204000115554],
            [-83.581294999619288, 38.438017999788727],
            [-83.581494999635808, 38.437975000034591],
            [-83.581529999795919, 38.437970999876185],
            [-83.581665000413437, 38.437956999671783],
            [-83.581747000429203, 38.437850999945688],
            [-83.581739000033295, 38.437804999790494],
            [-83.581727000337722, 38.437739000159027],
            [-83.581569000153976, 38.43770300001475],
            [-83.581520999575076, 38.437692000064835],
            [-83.581426000038832, 38.437665999984603],
            [-83.581395999901616, 38.437602999832563],
            [-83.581732000360574, 38.437333000267152],
            [-83.581751999553759, 38.43724799979104],
            [-83.581650000344837, 38.43713800022666],
            [-83.581631999903166, 38.437118999779585],
            [-83.581450000328289, 38.437064000271896],
            [-83.581472000069581, 38.437013000230365],
            [-83.581483999765169, 38.436984000273483],
            [-83.581597999567975, 38.436915000256469],
            [-83.581549000062495, 38.436751000318424],
            [-83.58142500021394, 38.436625999652044],
            [-83.581426999863751, 38.436550000109357],
            [-83.581703999873199, 38.436361999970927],
            [-83.581754000101895, 38.436329000206761],
            [-83.582001999799019, 38.436115000261339],
            [-83.582040000332171, 38.436081999680603],
            [-83.582243999648341, 38.43585399979807],
            [-83.58244799986285, 38.435624000106749],
            [-83.582565999863633, 38.435425000076265],
            [-83.582611000069463, 38.435075000102785],
            [-83.582719999849431, 38.434637000081885],
            [-83.58263600018384, 38.434521999796623],
            [-83.582493999893615, 38.434490999718967],
            [-83.582565999863633, 38.434226999971159],
            [-83.582536999551323, 38.434031999985429],
            [-83.582374000243007, 38.433874999978613],
            [-83.582420000273771, 38.433664000269921],
            [-83.582457000083679, 38.433665000193287],
            [-83.582708999978763, 38.433658999949216],
            [-83.582800000215357, 38.433584999946852],
            [-83.582816000108892, 38.433346999938699],
            [-83.582774000276089, 38.433316000060238],
            [-83.58269800010811, 38.433257999979453],
            [-83.58263899965857, 38.433257000050453],
            [-83.582307000295856, 38.433255000192418],
            [-83.582199000340822, 38.433228999921646],
            [-83.582036000134224, 38.433188999919807],
            [-83.582019000415769, 38.433127999944709],
            [-83.581979000232806, 38.432989000281893],
            [-83.582030000286423, 38.432814999815562],
            [-83.58224199999853, 38.432776000223747],
            [-83.582282000181507, 38.432781999837552],
            [-83.582508999962215, 38.432897000079514],
            [-83.582669999620705, 38.432897000079514],
            [-83.58270099958284, 38.432778000095055],
            [-83.582743000313954, 38.432614999845441],
            [-83.582692000260337, 38.432447000230518],
            [-83.582532000426752, 38.432408999676987],
            [-83.582312000318723, 38.432355000041191],
            [-83.58228800002928, 38.432298999776776],
            [-83.582210000211489, 38.432119000090324],
            [-83.582171999678337, 38.432030999970877],
            [-83.58205200002773, 38.431977999999098],
            [-83.581980000057698, 38.431946000289372],
            [-83.58187899977537, 38.431900999838035],
            [-83.581861000232024, 38.431768000325981],
            [-83.581837999767501, 38.431589999923737],
            [-83.581761999599507, 38.431473999757564],
            [-83.58161299963659, 38.431258000286157],
            [-83.581542000389788, 38.431230000085819],
            [-83.581318000083812, 38.431141000331998],
            [-83.58127899972574, 38.430879000222212],
            [-83.581164000098013, 38.430745000271386],
            [-83.581097999975782, 38.430734999929001],
            [-83.580804000247923, 38.430689000165714],
            [-83.580660000307859, 38.430558999727936],
            [-83.580565999698223, 38.430168999825021],
            [-83.580281000191178, 38.430072999655813],
            [-83.580095000418339, 38.42994300022017],
            [-83.579965999648593, 38.429934999716764],
            [-83.579827999556329, 38.430057000084368],
            [-83.579774999852887, 38.430178000274161],
            [-83.579664000423108, 38.430164999937844],
            [-83.579524999607628, 38.430006999993246],
            [-83.579414000177863, 38.429990999703392],
            [-83.579252999621076, 38.430084000062841],
            [-83.579081000091932, 38.430165999909661],
            [-83.57893399977884, 38.430116999866506],
            [-83.578860000158983, 38.429948000094491],
            [-83.578962000266245, 38.429762000312969],
            [-83.578926000281243, 38.429616999923979],
            [-83.578679000409039, 38.429640000150698],
            [-83.578433000361727, 38.429800000148354],
            [-83.578404999874323, 38.429803000078977],
            [-83.57820900005575, 38.429825000269936],
            [-83.57800300019143, 38.429661999687582],
            [-83.577535000386291, 38.429647999983061],
            [-83.577446999624428, 38.429446999703714],
            [-83.577256999653613, 38.42936399976125],
            [-83.577194999729343, 38.429341000150352],
            [-83.576882999559814, 38.429331000317255],
            [-83.576563999717578, 38.429551999824895],
            [-83.576468000356414, 38.429543999981895],
            [-83.576249000073318, 38.429385000103338],
            [-83.576146000141151, 38.429161000127436],
            [-83.576008999873793, 38.429174999926374],
            [-83.575755000328897, 38.4293979998764],
            [-83.575659000069422, 38.429394999929002],
            [-83.57552799964985, 38.42921000011556],
            [-83.57541600039518, 38.429229999813927],
            [-83.575372999839161, 38.429001000121374],
            [-83.575288000348664, 38.428785000289793],
            [-83.575053999996925, 38.428822999935562],
            [-83.57467599970515, 38.428803000124482],
            [-83.574459999795096, 38.429016999926802],
            [-83.57412500005934, 38.428958999911508],
            [-83.573892000430831, 38.428941000115657],
            [-83.57373199969895, 38.429009000024536],
            [-83.573608999675301, 38.429155000212774],
            [-83.573231000281837, 38.429134999789959],
            [-83.572877000279519, 38.429074999895569],
            [-83.571949999991745, 38.428587999694322],
            [-83.571708000142408, 38.428148999731405],
            [-83.571103000069911, 38.428009000334583],
            [-83.57083299973317, 38.428176999718943],
            [-83.57062699986885, 38.428226999669725],
            [-83.570214000315289, 38.42806299970178],
            [-83.569850000267223, 38.427756000168181],
            [-83.569650000250675, 38.427680999739927],
            [-83.569389000134763, 38.427657000290161],
            [-83.56919199959296, 38.427677999721205],
            [-83.568962000337507, 38.427744000104887],
            [-83.56887899959851, 38.427573999697863],
            [-83.56876700034384, 38.427426999822202],
            [-83.568379000006331, 38.427281999670804],
            [-83.56826600002843, 38.427244999930188],
            [-83.56791500039914, 38.42708499990146],
            [-83.567553000000871, 38.426959000078021],
            [-83.567384999771406, 38.42697699966412],
            [-83.567213000242276, 38.426913000020669],
            [-83.567125000378724, 38.426741999749424],
            [-83.566891000026985, 38.426579999970919],
            [-83.566336000183213, 38.426449999877164],
            [-83.566126000120931, 38.426404000199376],
            [-83.565876999700563, 38.426428000065478],
            [-83.565722999714794, 38.426462000155475],
            [-83.565341000123368, 38.426545999936522],
            [-83.565281999673829, 38.426559000220657],
            [-83.565197000183318, 38.426582000013816],
            [-83.564919000348979, 38.426660000237149],
            [-83.564838000158133, 38.426680999958045],
            [-83.56476100016522, 38.426687000078253],
            [-83.564658000233067, 38.426694000217879],
            [-83.564484000155801, 38.426641999868281],
            [-83.564455999668397, 38.426633999702915],
            [-83.56421399981906, 38.426561000264144],
            [-83.563718000424814, 38.426364999960015],
            [-83.56353599995164, 38.425997999906116],
            [-83.563044999681949, 38.425585999934313],
            [-83.562816000251402, 38.425423999674024],
            [-83.562169000346131, 38.425396000026652],
            [-83.56153499996131, 38.425292000235892],
            [-83.56090599959937, 38.424999000087773],
            [-83.560451000213007, 38.424566999766874],
            [-83.560190999922014, 38.424437000272277],
            [-83.559604000291174, 38.424330000350295],
            [-83.559380999810102, 38.42431899977057],
            [-83.559058999594839, 38.424096999675875],
            [-83.558451000047612, 38.423912999720592],
            [-83.557841999777153, 38.423371999879365],
            [-83.557252999598191, 38.423052999971816],
            [-83.55682300032619, 38.422865999953459],
            [-83.55630299974419, 38.422565999981494],
            [-83.555885000167763, 38.422210999906476],
            [-83.55562499987677, 38.422090999823581],
            [-83.555432000431225, 38.422112000169207],
            [-83.555295999988786, 38.422089999739953],
            [-83.5551980000795, 38.421953000115224],
            [-83.555188000033766, 38.421874999735017],
            [-83.555167999942256, 38.421721999692039],
            [-83.555158999721442, 38.421653999959908],
            [-83.554839999879206, 38.42140699990788],
            [-83.554664000152115, 38.421356000068336],
            [-83.554242000377727, 38.420966999831379],
            [-83.553597999947172, 38.420515000033078],
            [-83.552905000011123, 38.420139000225902],
            [-83.552274999824277, 38.419926000271666],
            [-83.551549000276268, 38.419850000043439],
            [-83.551457000214754, 38.419821000231586],
            [-83.550849999594121, 38.419634999705607],
            [-83.550088999886029, 38.419446999867873],
            [-83.54977599989158, 38.419393999810225],
            [-83.549426000087209, 38.419334999687052],
            [-83.549405999995741, 38.419332000025427],
            [-83.549174000192124, 38.419254000334092],
            [-83.548939999840414, 38.419174999730735],
            [-83.548760999740253, 38.41911399988286],
            [-83.548733000151174, 38.419106000291265],
            [-83.54840400026319, 38.419000999763192],
            [-83.548353000209573, 38.41898700010352],
            [-83.547657999725402, 38.418802999799915],
            [-83.546917999933697, 38.418579000082993],
            [-83.546305000363589, 38.418417999725463],
            [-83.545912999828118, 38.4183049999247],
            [-83.545789999804455, 38.418271000217928],
            [-83.545530000411787, 38.418271000217928],
            [-83.545353999786371, 38.418266000238987],
            [-83.544783999873971, 38.418411000191412],
            [-83.544634999911054, 38.418458000166936],
            [-83.544577000184731, 38.418471999929118],
            [-83.544243000273894, 38.418539999841357],
            [-83.543859999959253, 38.418533000319087],
            [-83.54355399963751, 38.418496999748989],
            [-83.543081999634396, 38.418532000186197],
            [-83.542736000027986, 38.418607999689598],
            [-83.542254999804044, 38.418623000258137],
            [-83.542079999901873, 38.418628000212365],
            [-83.541800000417695, 38.418607000261524],
            [-83.541448000065188, 38.418389000042623],
            [-83.54125100042171, 38.418258999986385],
            [-83.541034999613316, 38.418077999653818],
            [-83.540884000000588, 38.418027000279267],
            [-83.540564000333433, 38.417884999981723],
            [-83.540266000407613, 38.417749000267776],
            [-83.539986999850029, 38.417646000169164],
            [-83.539683999901342, 38.417534000011486],
            [-83.53959500021287, 38.417501000088969],
            [-83.539083000026793, 38.417351999824724],
            [-83.538327000341553, 38.41714699990834],
            [-83.538298999854163, 38.417139000098977],
            [-83.538076000271403, 38.417122999773696],
            [-83.537559999887378, 38.417172000186795],
            [-83.53749799996308, 38.417177999689244],
            [-83.537407999551405, 38.417154999716871],
            [-83.537379999962312, 38.417148000060401],
            [-83.537340999604254, 38.417065000060468],
            [-83.5371399997628, 38.416779000017101],
            [-83.537083999686317, 38.416692999822025],
            [-83.536904999586156, 38.416422000035482],
            [-83.536734999706837, 38.416272999657387],
            [-83.536512999948997, 38.416221000251412],
            [-83.535944999686421, 38.416254000054735],
            [-83.535146000343474, 38.41644199975579],
            [-83.534877999656558, 38.416604999909268],
            [-83.534780999572178, 38.41672600011362],
            [-83.534661999746504, 38.416872999949547],
            [-83.53395299991692, 38.417054999935317],
            [-83.533721999938251, 38.417099999783758],
            [-83.533244999912284, 38.41720299995697],
            [-83.532449000044082, 38.417420000087354],
            [-83.531679000115133, 38.417780999933726],
            [-83.531222000180648, 38.418083000349554],
            [-83.530838000041086, 38.418337000048204],
            [-83.530489000061635, 38.418506999674541],
            [-83.530244999664149, 38.418552000026224],
            [-83.529929000194969, 38.418611000085065],
            [-83.529499000024671, 38.418581000347444],
            [-83.528654999577569, 38.418037999705774],
            [-83.52832700041283, 38.417907000283996],
            [-83.528252999894661, 38.41787700025403],
            [-83.527925999656517, 38.417839999918399],
            [-83.527626999905777, 38.41785499994262],
            [-83.527363000315134, 38.417769000324576],
            [-83.527184000214987, 38.417616000030876],
            [-83.526903000007593, 38.416683999803865],
            [-83.526974999977611, 38.41610500003403],
            [-83.52708100028282, 38.415898999929134],
            [-83.52725899965975, 38.415261999746001],
            [-83.527402999599786, 38.415069000293514],
            [-83.52746100022442, 38.414991000222628],
            [-83.527600999966509, 38.414803999745821],
            [-83.527893000044543, 38.414645999982007],
            [-83.528257000092623, 38.414445999669702],
            [-83.528512000360749, 38.413989000323589],
            [-83.528729000095723, 38.413233999884717],
            [-83.528676000392281, 38.413012000212554],
            [-83.528681000415162, 38.412955999730954],
            [-83.528683999889878, 38.41291699997322],
            [-83.528859999616969, 38.412413999966269],
            [-83.528833999677715, 38.412277000292377],
            [-83.528312000344229, 38.412185999969893],
            [-83.52813700044203, 38.412010000320379],
            [-83.528113999977492, 38.41191399994694],
            [-83.528409000428596, 38.411463000048876],
            [-83.528310999620984, 38.411269000069723],
            [-83.528283000031905, 38.411185000120341],
            [-83.528128000221201, 38.411054000239005],
            [-83.527651000195235, 38.410950000212495],
            [-83.526985000023345, 38.410977000294679],
            [-83.526949000038343, 38.410980000303212],
            [-83.526615000127507, 38.410915000325573],
            [-83.52645199992088, 38.410788000211404],
            [-83.526333000095192, 38.410530999990371],
            [-83.52623500018592, 38.410437999794723],
            [-83.526121000383085, 38.410391000233105],
            [-83.525913999795549, 38.410380000346294],
            [-83.525316000294055, 38.410172999859945],
            [-83.52501699964499, 38.409871999716714],
            [-83.524255000111978, 38.409299999976824],
            [-83.523824000116761, 38.408975999956517],
            [-83.523506999924365, 38.408700000149153],
            [-83.523481999810002, 38.408677999859002],
            [-83.523307999732722, 38.408653999726852],
            [-83.52300099958606, 38.408758000242081],
            [-83.522736999995416, 38.409001999807522],
            [-83.522509000389803, 38.409113000257499],
            [-83.522489000298293, 38.409142999702993],
            [-83.522410999582178, 38.409266000255819],
            [-83.521850999715525, 38.410146999726329],
            [-83.520955000288211, 38.411300999790114],
            [-83.520745000225915, 38.411321000224063],
            [-83.520551000057168, 38.411221000110601],
            [-83.520279999895521, 38.411077000041956],
            [-83.520234999689677, 38.411053000002582],
            [-83.519946999809605, 38.410977999828305],
            [-83.519887000433442, 38.410962999784061],
            [-83.519303000277361, 38.410964000021735],
            [-83.518494999815275, 38.411024999711984],
            [-83.518340999829476, 38.411400999792868],
            [-83.518108000200968, 38.411654000230726],
            [-83.51751700037218, 38.411988000334048],
            [-83.516466000235866, 38.412549999868496],
            [-83.516031000042673, 38.412919999901192],
            [-83.515889999577354, 38.413167000112566],
            [-83.515763000254069, 38.41338900001238],
            [-83.515758000231187, 38.413574000229048],
            [-83.515701000329784, 38.41383299987735],
            [-83.515565999712265, 38.414035000165292],
            [-83.515492000092408, 38.414147000116373],
            [-83.514890000392967, 38.414678000318482],
            [-83.513953999884365, 38.414818000216094],
            [-83.513470000185691, 38.414850999956371],
            [-83.513229000161274, 38.41486800026464],
            [-83.512961000372655, 38.415026999724397],
            [-83.512851999694405, 38.415030999746151],
            [-83.512670999944447, 38.414959000024837],
            [-83.512520000331719, 38.414857999835384],
            [-83.512366000345921, 38.414716000347688],
            [-83.512315000292276, 38.414663000338507],
            [-83.51198700022924, 38.414393999652646],
            [-83.511818999999747, 38.414195999732478],
            [-83.511663000364123, 38.41405400035147],
            [-83.511440999707972, 38.413638999926398],
            [-83.511397000225358, 38.413473000215113],
            [-83.511361000240342, 38.413046999787596],
            [-83.511470000020282, 38.412685000004871],
            [-83.511630999678758, 38.412437000040185],
            [-83.511860000007616, 38.412146999796555],
            [-83.512219000032829, 38.411894999901861],
            [-83.512530000377453, 38.411685000256846],
            [-83.512682999640006, 38.411428999937812],
            [-83.512703999556408, 38.411261999843013],
            [-83.512656999700738, 38.411009000144375],
            [-83.512677999617139, 38.410625999847177],
            [-83.512604999822202, 38.41048600027397],
            [-83.512373999843518, 38.410405999692166],
            [-83.511938999650326, 38.410477000186539],
            [-83.510661999558195, 38.410832000204167],
            [-83.510356000134763, 38.411039000210593],
            [-83.510151999920254, 38.41104999999714],
            [-83.509922999591396, 38.410954999993841],
            [-83.509652000328074, 38.410806999843658],
            [-83.509381000166428, 38.410762999835661],
            [-83.509166000081265, 38.410791999763966],
            [-83.508782999766609, 38.411036000204518],
            [-83.508465999574213, 38.411176999650785],
            [-83.508067000264347, 38.411252000322477],
            [-83.507646000314878, 38.411692999966249],
            [-83.507499000001786, 38.411769000328846],
            [-83.507242999908755, 38.411782999979458],
            [-83.506621000117818, 38.411583999714097],
            [-83.506140999718795, 38.411352999921469],
            [-83.505487999965723, 38.411037999973964],
            [-83.505270000405815, 38.410841999782882],
            [-83.505181999643952, 38.410628000331833],
            [-83.505164999925526, 38.41047400015713],
            [-83.505325999584002, 38.409921000120164],
            [-83.505332000330114, 38.409744999881234],
            [-83.505299999644748, 38.409622999696055],
            [-83.505183000367197, 38.409420999744363],
            [-83.50464100004389, 38.408898000347364],
            [-83.504071000131489, 38.408098999990088],
            [-83.503759999786865, 38.407743999921017],
            [-83.503605999801081, 38.407387000349516],
            [-83.503682999793966, 38.406513999895644],
            [-83.503675000296369, 38.406316999803224],
            [-83.503606999626001, 38.40621600020512],
            [-83.503477999754551, 38.406154999975243],
            [-83.503180999653637, 38.406284999987648],
            [-83.502732000115074, 38.406293999893201],
            [-83.502470999999161, 38.406246000149302],
            [-83.50193200004891, 38.405905000214695],
            [-83.501771000390434, 38.40577000008301],
            [-83.50153600021379, 38.405659000129944],
            [-83.501346000242975, 38.405512000005821],
            [-83.501306999884932, 38.405499999767002],
            [-83.501214999823418, 38.405371000065614],
            [-83.501024999852618, 38.405193000077738],
            [-83.500741000170507, 38.40506300021304],
            [-83.5006859999189, 38.405039000288248],
            [-83.49989900027154, 38.40481300019502],
            [-83.499679999988416, 38.40449099971984],
            [-83.499578999706088, 38.40421299972104],
            [-83.499524000352807, 38.404003999909229],
            [-83.499357999773139, 38.40386299984295],
            [-83.498929000326058, 38.403587999855993],
            [-83.498436000406542, 38.403129999780013],
            [-83.49836500026143, 38.402997000088774],
            [-83.498411000292194, 38.402101999930835],
            [-83.49838500035294, 38.402015000209417],
            [-83.498370000284311, 38.401966000077465],
            [-83.498096999574528, 38.401717999934576],
            [-83.497873999991768, 38.401582000062724],
            [-83.497607999852988, 38.401550999926727],
            [-83.497433999775708, 38.401586999788172],
            [-83.497186999903505, 38.401794999888367],
            [-83.496817999832558, 38.402220999768652],
            [-83.496386000012421, 38.402532000123472],
            [-83.495999000398143, 38.402664999966319],
            [-83.495561999656829, 38.402696999976648],
            [-83.495200000156885, 38.402618999926624],
            [-83.49504100014822, 38.40262699993562],
            [-83.494739999849358, 38.402820999882998],
            [-83.494563000297347, 38.40302200033522],
            [-83.494417999634067, 38.403288999724857],
            [-83.494044000438578, 38.403525000246724],
            [-83.493945999630952, 38.403574999661778],
            [-83.493004999997808, 38.404024000250836],
            [-83.492793000285701, 38.404085999796294],
            [-83.492559999758882, 38.404089999719723],
            [-83.492496000184772, 38.404091999681334],
            [-83.492173999969509, 38.404018999989923],
            [-83.491987000371751, 38.403900999927821],
            [-83.491696000118623, 38.403585999880448],
            [-83.491342999941196, 38.403207999982612],
            [-83.491219999917561, 38.403084999678967],
            [-83.491118999635219, 38.403022999978859],
            [-83.491040999817415, 38.403011999674504],
            [-83.490904000448367, 38.403048999859585],
            [-83.489275999828621, 38.403891000092663],
            [-83.489065999766353, 38.404011000134972],
            [-83.48869099984762, 38.404144999700407],
            [-83.488638999969098, 38.404168999922049],
            [-83.4884079999904, 38.404347999945195],
            [-83.488303000408422, 38.404407000339354],
            [-83.488142999676526, 38.404398000198832],
            [-83.487751000039381, 38.404323000157341],
            [-83.487479000052829, 38.404345999990618],
            [-83.487232000180597, 38.40442899981781],
            [-83.487046000407773, 38.404531999750702],
            [-83.486911999615145, 38.40463199996892],
            [-83.486632000130967, 38.404758000018681],
            [-83.486352999573413, 38.404826000166572],
            [-83.485786999858973, 38.40506599976311],
            [-83.485718000261997, 38.405087000129853],
            [-83.485647999941804, 38.405056999704591],
            [-83.485612999781708, 38.404988999774034],
            [-83.485605000284096, 38.404850000162078],
            [-83.485534000138998, 38.404711999903043],
            [-83.485384000351161, 38.404495000324822],
            [-83.484963000401677, 38.404251000325893],
            [-83.484304999727428, 38.403940000327616],
            [-83.48415099974163, 38.403944999889973],
            [-83.483847999792928, 38.404142999740216],
            [-83.483472999874209, 38.404300000316738],
            [-83.482345999569901, 38.404447999713952],
            [-83.482287999843578, 38.404456000224506],
            [-83.48213700023085, 38.404452000321321],
            [-83.482025999902774, 38.404389999681861],
            [-83.481718999756083, 38.403912000096881],
            [-83.481551000424915, 38.403622000136359],
            [-83.481384000020341, 38.403346000297354],
            [-83.481164999737217, 38.403103000285896],
            [-83.480982000337434, 38.403013000022227],
            [-83.480542999946309, 38.402953999898081],
            [-83.480491999892678, 38.402888999741322],
            [-83.480079000339117, 38.402666000318838],
            [-83.479838000314686, 38.402550000164169],
            [-83.479663000412501, 38.402494999673742],
            [-83.479398999923546, 38.402409999729542],
            [-83.479019999806852, 38.402232000193379],
            [-83.478767000086876, 38.401995999673716],
            [-83.47846499996308, 38.401819999846595],
            [-83.478223000113744, 38.401707999797452],
            [-83.477939000431618, 38.401615000215621],
            [-83.477679999965531, 38.401565999812526],
            [-83.477601000322821, 38.401552000294664],
            [-83.477476999575941, 38.401533000341253],
            [-83.477437000291275, 38.401531000308793],
            [-83.477326999788104, 38.401527999908069],
            [-83.477209999612242, 38.401502000184244],
            [-83.477129000319721, 38.401382999866755],
            [-83.477047000303941, 38.40126400005736],
            [-83.477037000258207, 38.401238000238571],
            [-83.476971000135947, 38.401068000109881],
            [-83.47689199959494, 38.400864999805165],
            [-83.476756000050813, 38.400514999907401],
            [-83.476675999684872, 38.400257000080501],
            [-83.476597999867053, 38.400101000262346],
            [-83.47641999959184, 38.399905999664263],
            [-83.476381999956985, 38.399864999825354],
            [-83.476367999713275, 38.399851999665565],
            [-83.476213999727506, 38.399697999760619],
            [-83.47594799958874, 38.399594999979428],
            [-83.475639999617144, 38.399524000058449],
            [-83.475166999789138, 38.399404000311165],
            [-83.474693000136213, 38.399310999877173],
            [-83.474246000247462, 38.399043999874095],
            [-83.473980999933588, 38.398923000333731],
            [-83.473688999855526, 38.398827999877774],
            [-83.473651000220698, 38.39882099985406],
            [-83.47349899988474, 38.398791000348162],
            [-83.473405000173415, 38.398763000234894],
            [-83.473345999723875, 38.398745999658004],
            [-83.473284999624497, 38.398704000161921],
            [-83.473291000370594, 38.398564999727974],
            [-83.473497000234929, 38.398270000185541],
            [-83.473549999938371, 38.398195000121881],
            [-83.473789000312976, 38.397800000098371],
            [-83.473873999803459, 38.397713000127546],
            [-83.473920999659143, 38.397588000188492],
            [-83.474033999637044, 38.397384000246241],
            [-83.474083999865741, 38.397176999851034],
            [-83.474098000109436, 38.397027000194242],
            [-83.474077000193049, 38.396966999681105],
            [-83.474032999812124, 38.396906999822264],
            [-83.473682000182848, 38.396968999839835],
            [-83.473539000067717, 38.396986999857681],
            [-83.473457999876857, 38.396996999943894],
            [-83.47308899980591, 38.397004999871037],
            [-83.472482000083602, 38.397017999838809],
            [-83.471967000422779, 38.39696200034016],
            [-83.471742000291883, 38.396927000015438],
            [-83.471360999627066, 38.396862000071458],
            [-83.471187000448111, 38.39691999980765],
            [-83.470942000225733, 38.397051999689282],
            [-83.470833000445779, 38.397160000309214],
            [-83.470650999972591, 38.397341000236736],
            [-83.470421999643733, 38.397575000323265],
            [-83.470026999633532, 38.3978790001349],
            [-83.469589999790514, 38.398102000244613],
            [-83.469203000176236, 38.398268000062792],
            [-83.468838000303236, 38.398422999905179],
            [-83.468015999597441, 38.398701000347835],
            [-83.46683300011496, 38.398982000228031],
            [-83.466592000090543, 38.398907999899507],
            [-83.466079999904466, 38.398502999671095],
            [-83.465772999757789, 38.398260999984856],
            [-83.46573199974992, 38.398137999711686],
            [-83.465836000405304, 38.397924999670821],
            [-83.465899999979413, 38.397840999700314],
            [-83.466089999950199, 38.397608999911739],
            [-83.466081999554277, 38.397372000066078],
            [-83.466072000406854, 38.397341999958897],
            [-83.466014999607125, 38.397184999758267],
            [-83.465926999743587, 38.397022999879923],
            [-83.465540000129295, 38.396807000181532],
            [-83.465056000430621, 38.396684999981964],
            [-83.464822999903802, 38.396651999690597],
            [-83.46465899987227, 38.39661600018767],
            [-83.464495999665658, 38.396569999818873],
            [-83.464474999749271, 38.396511000068266],
            [-83.464473000099431, 38.396402000151731],
            [-83.464559000313173, 38.396199000121108],
            [-83.46468999983442, 38.395925000289196],
            [-83.464976000064681, 38.395366000266549],
            [-83.465097000438519, 38.394989000086916],
            [-83.465545000152161, 38.394659999778639],
            [-83.465955000230991, 38.394403999703677],
            [-83.466193999707286, 38.394265000155102],
            [-83.466367999784552, 38.394184999924001],
            [-83.466541000036898, 38.394054999975737],
            [-83.466563999603125, 38.39392000024241],
            [-83.466378999655191, 38.393609000153134],
            [-83.465956999880817, 38.393180000173359],
            [-83.465756999864269, 38.393071999944802],
            [-83.465580000312258, 38.393039000116595],
            [-83.465376000097777, 38.393056999704697],
            [-83.465340000112761, 38.393059999752957],
            [-83.464539000221663, 38.39334600002757],
            [-83.46415400025721, 38.393374999903628],
            [-83.46369599959948, 38.393352000100002],
            [-83.463474999666559, 38.393267999744864],
            [-83.463196000007301, 38.393155999823541],
            [-83.462766999661909, 38.393006000273289],
            [-83.462513000116985, 38.392903000110913],
            [-83.462360999781041, 38.39279399968359],
            [-83.46229300000897, 38.392611000062871],
            [-83.46230999972741, 38.39233700001121],
            [-83.462446999994768, 38.39198599986706],
            [-83.462508999919038, 38.39136300021562],
            [-83.462519999789706, 38.391153000057038],
            [-83.462431999926153, 38.390904000326032],
            [-83.462405999986885, 38.390779999693393],
            [-83.462364999979002, 38.390635999736695],
            [-83.462190999901736, 38.390513999685858],
            [-83.461646000103684, 38.390356000329923],
            [-83.460785999763061, 38.390133000268222],
            [-83.460573000226049, 38.390019000068897],
            [-83.460201999606966, 38.389741000040033],
            [-83.459280000240369, 38.389001999991891],
            [-83.459100000315317, 38.388840999925698],
            [-83.458889000428115, 38.388651999696719],
            [-83.458676999817698, 38.388466999761725],
            [-83.458538999725434, 38.388406000044782],
            [-83.45841999989976, 38.38831900003629],
            [-83.458426999572453, 38.388257000346698],
            [-83.4584790003493, 38.388113000294815],
            [-83.45864099983271, 38.387873999893685],
            [-83.458666999771964, 38.387834999980115],
            [-83.458956000375267, 38.387521000198596],
            [-83.459057999584218, 38.387407999966015],
            [-83.459259000323982, 38.387139999799061],
            [-83.459450000119688, 38.386840999940887],
            [-83.459441999723779, 38.386801000306512],
            [-83.459404000088938, 38.386660999651561],
            [-83.459184999805814, 38.38623799995441],
            [-83.459163000064521, 38.386151000154427],
            [-83.459132999927292, 38.386026999821546],
            [-83.459033000368166, 38.38539700032063],
            [-83.459082999698566, 38.385150000268382],
            [-83.459086999896527, 38.384911999827729],
            [-83.45911299983581, 38.384739000350251],
            [-83.459142000148134, 38.384619000005614],
            [-83.459189000003775, 38.384486999959854],
            [-83.459252999577885, 38.384286999986386],
            [-83.459293999585753, 38.384141999871034],
            [-83.459337999966692, 38.383963999720464],
            [-83.459249000278234, 38.383907999970219],
            [-83.459172000285349, 38.383895999666017],
            [-83.458746000312999, 38.383943000259315],
            [-83.458412000402149, 38.38395399994431],
            [-83.4582890003785, 38.38399100002465],
            [-83.458029000087507, 38.38406899975147],
            [-83.457628000229505, 38.384231999685476],
            [-83.457219999800515, 38.384354999673249],
            [-83.456936000118375, 38.384323999896395],
            [-83.456613000078192, 38.384233000293044],
            [-83.456237000334553, 38.383955999758783],
            [-83.456071999579791, 38.383767000142953],
            [-83.455982999891333, 38.383323000074945],
            [-83.455987000089308, 38.383021000168391],
            [-83.45595899960189, 38.382758000264801],
            [-83.455925000165024, 38.382620000085531],
            [-83.455830999555388, 38.382227000045944],
            [-83.455782999874799, 38.381955999889335],
            [-83.455755000285706, 38.381571999929719],
            [-83.455698000384302, 38.381458000319476],
            [-83.455536999827515, 38.381245999677084],
            [-83.455464999857483, 38.381265999976812],
            [-83.454976000135943, 38.381492999681484],
            [-83.454925999907232, 38.381514999794931],
            [-83.45455600001138, 38.381627000140682],
            [-83.45427200032924, 38.381782999679402],
            [-83.453992999771671, 38.381910999988506],
            [-83.453320999752037, 38.381980999665664],
            [-83.453097000344357, 38.38193799965071],
            [-83.452847999924018, 38.381799000082481],
            [-83.452566999716623, 38.381729000229214],
            [-83.452176999729275, 38.381631999837708],
            [-83.451619000410759, 38.381428999889636],
            [-83.451111000422657, 38.381151999884331],
            [-83.450488999733409, 38.381217999811533],
            [-83.449895000429876, 38.381210000250348],
            [-83.449097000013538, 38.380851999968549],
            [-83.448809999958343, 38.380766999930501],
            [-83.44841099975018, 38.380754999809405],
            [-83.447829999967126, 38.380813999740184],
            [-83.447157999947507, 38.380687000259115],
            [-83.446740000371065, 38.38060100007359],
            [-83.446465000011457, 38.38064200027307],
            [-83.446084000244952, 38.3809679997267],
            [-83.445520000180323, 38.381451000022494],
            [-83.445209999660605, 38.382179999745993],
            [-83.445090000010012, 38.382469999806332],
            [-83.444650999618887, 38.382897000102716],
            [-83.444464000021142, 38.383199999740548],
            [-83.444315999883131, 38.383846999928871],
            [-83.444493000333452, 38.384088999974828],
            [-83.444659000014809, 38.384596000233692],
            [-83.444599999565256, 38.384735000060267],
            [-83.444345000195426, 38.385009000045656],
            [-83.443937999591341, 38.385443000051907],
            [-83.44377500028304, 38.385616999842242],
            [-83.443509999969166, 38.385898999754666],
            [-83.443537999558259, 38.385971000260248],
            [-83.444032000201005, 38.386450999921408],
            [-83.444182999813748, 38.38669799975542],
            [-83.444192999859482, 38.387004999830118],
            [-83.444012999934429, 38.387215999926276],
            [-83.443773999559824, 38.38733000031938],
            [-83.443504000121393, 38.387372000085392],
            [-83.44325700024919, 38.387310000288139],
            [-83.443043999813852, 38.387298999705258],
            [-83.442512000434618, 38.387484999670086],
            [-83.442016000142047, 38.38768900008084],
            [-83.441868999828969, 38.387753999821641],
            [-83.441457000100328, 38.38787700015699],
            [-83.440667999904804, 38.388041999660061],
            [-83.440584000239227, 38.388170000158958],
            [-83.440472000086231, 38.388337999941847],
            [-83.440266000221911, 38.388406999890478],
            [-83.440076000251111, 38.388392000090917],
            [-83.439683999715626, 38.388324999821705],
            [-83.438883999649462, 38.388176999805623],
            [-83.438225999873524, 38.388226999978173],
            [-83.437765999565983, 38.388259000042254],
            [-83.436753999787712, 38.388355000149588],
            [-83.436685000190721, 38.38836300032883],
            [-83.436495000219935, 38.388416999755158],
            [-83.436373000021206, 38.388451999974606],
            [-83.436244999974676, 38.388532000211484],
            [-83.435732999788598, 38.388857000175733],
            [-83.435500999985024, 38.389001999991891],
            [-83.435382999984242, 38.389020999718028],
            [-83.435210999556787, 38.389014999990337],
            [-83.435059999944059, 38.388989999828759],
            [-83.434649999865229, 38.388922000274945],
            [-83.434417000236721, 38.388856000336197],
            [-83.433910999898444, 38.388889999800114],
            [-83.433602000101942, 38.389024999770896],
            [-83.433397999887447, 38.389161999864363],
            [-83.433231000381184, 38.389272999801186],
            [-83.433011000273169, 38.389381000070969],
            [-83.432899999945064, 38.389427000084744],
            [-83.432771999898549, 38.389423000054109],
            [-83.43225899988758, 38.389199000096944],
            [-83.431903000235422, 38.389071999847616],
            [-83.431734000181009, 38.389041999817181],
            [-83.431351999691273, 38.388974000312274],
            [-83.431237000063547, 38.388981999718872],
            [-83.430882000236309, 38.389006000045818],
            [-83.430417999730807, 38.388841999765383],
            [-83.429892000199345, 38.388582000138541],
            [-83.429175999798773, 38.388346999969507],
            [-83.428781999613477, 38.388253000251346],
            [-83.428512999999953, 38.388212999989662],
            [-83.428255000257096, 38.388197000301282],
            [-83.427785999728741, 38.388185999853313],
            [-83.427409000160196, 38.388223999729391],
            [-83.427275000265865, 38.388268999927341],
            [-83.427178000181513, 38.388342999879129],
            [-83.426384999788041, 38.388984999936199],
            [-83.426204999862961, 38.389121000269633],
            [-83.426061999747844, 38.389199999931726],
            [-83.425925000378811, 38.389283000250188],
            [-83.425520000322862, 38.38947200023825],
            [-83.425347999895394, 38.38957100033663],
            [-83.425388999903291, 38.390035999881519],
            [-83.425512999751845, 38.390237999792468],
            [-83.425767000195066, 38.390654999737627],
            [-83.425771000393013, 38.3907679998253],
            [-83.425826999571214, 38.3908059997528],
            [-83.425742000080703, 38.390916000171565],
            [-83.425491000010538, 38.391105999924662],
            [-83.425362000139103, 38.391196000226365],
            [-83.425328999628832, 38.391218000204852],
            [-83.425141000206168, 38.391248999843143],
            [-83.42497700017465, 38.391238999665966],
            [-83.424669000203068, 38.391233999928957],
            [-83.424632000393132, 38.391233000122298],
            [-83.424470000011425, 38.391353999859213],
            [-83.4244259996305, 38.391374000180321],
            [-83.424153999643949, 38.391497999794325],
            [-83.42396700004619, 38.391532999930817],
            [-83.423883000380599, 38.391549000289331],
            [-83.423773999702334, 38.391610999972912],
            [-83.423550000294682, 38.391737999987718],
            [-83.423476999601434, 38.391779000211017],
            [-83.423421000423232, 38.391819999706961],
            [-83.423191000269469, 38.391988000163593],
            [-83.423064999872778, 38.392074000187634],
            [-83.422909000237155, 38.392176000329123],
            [-83.422868000229286, 38.392191999841259],
            [-83.422716999718233, 38.392252999885066],
            [-83.422679999908297, 38.392268000291956],
            [-83.422514000226954, 38.39238600033309],
            [-83.422441000432016, 38.392437999991763],
            [-83.422238000042427, 38.39267300024401],
            [-83.422038000025879, 38.392919999949576],
            [-83.421951999812151, 38.392975999762633],
            [-83.421812000070076, 38.393101999711526],
            [-83.42158699993918, 38.393261999665462],
            [-83.421198999601657, 38.393412000092766],
            [-83.420975000193991, 38.393504999666384],
            [-83.420847000147461, 38.393559000181511],
            [-83.420709000055226, 38.393647999769072],
            [-83.420490999597007, 38.393770999936415],
            [-83.420420000350219, 38.393811999711048],
            [-83.420348000380187, 38.393914999986706],
            [-83.420312000395171, 38.393964999712161],
            [-83.420163000432254, 38.394118999860318],
            [-83.420069999647524, 38.394214999933027],
            [-83.419958000392853, 38.394280000144548],
            [-83.419763000399186, 38.394293999662573],
            [-83.41944299983372, 38.394223999933324],
            [-83.419232999771438, 38.394199000164441],
            [-83.418939999868485, 38.394181000156557],
            [-83.418585000041233, 38.394263999686324],
            [-83.418308999856734, 38.39454899966217],
            [-83.417861000143048, 38.394997999990863],
            [-83.417625000141513, 38.395237000080826],
            [-83.41737700044439, 38.39563200002663],
            [-83.417194999971201, 38.395844000039794],
            [-83.416928000007516, 38.396154999668198],
            [-83.416723999793007, 38.396266000135249],
            [-83.416482999768576, 38.39628099970961],
            [-83.416367000315944, 38.396242000105786],
            [-83.416254000338043, 38.396148000089717],
            [-83.416225000025719, 38.396124000021082],
            [-83.416092999781242, 38.395991999853194],
            [-83.415902999810442, 38.395803999752772],
            [-83.415664000334161, 38.39558299979236],
            [-83.415546000333379, 38.395454999742057],
            [-83.415397000370476, 38.395369999968487],
            [-83.415178999912257, 38.395394000287418],
            [-83.414946000283763, 38.395523000193023],
            [-83.414809000016405, 38.395618999809649],
            [-83.414326999967571, 38.395953000093527],
            [-83.414122999753062, 38.396073999676474],
            [-83.413704000351728, 38.396194000022959],
            [-83.413314000364394, 38.396298999898747],
            [-83.412884000194083, 38.396400999712533],
            [-83.412413000015874, 38.396474999791025],
            [-83.412244999786381, 38.396490999760012],
            [-83.412096999648398, 38.396501999648592],
            [-83.412002999937044, 38.39644599975027],
            [-83.411972999799829, 38.396277999794997],
            [-83.411991000241485, 38.396142000249306],
            [-83.412009999609737, 38.395991000112382],
            [-83.412084000127905, 38.395728000202595],
            [-83.412147999702, 38.395476000084869],
            [-83.412162999770629, 38.395420000095854],
            [-83.412298000388148, 38.395035000053539],
            [-83.41236799981003, 38.394870000312977],
            [-83.412339000396031, 38.39470899993443],
            [-83.412206000326648, 38.394568999803575],
            [-83.412018000005659, 38.394437000316998],
            [-83.411773999608201, 38.394316999870576],
            [-83.411465999636604, 38.394217999933247],
            [-83.411356000031759, 38.394223999933324],
            [-83.410833999799948, 38.394290999665508],
            [-83.410437999964813, 38.394348000292517],
            [-83.409930999801617, 38.394440000308009],
            [-83.409786999861581, 38.39439199973291],
            [-83.409632000050877, 38.394287999668315],
            [-83.409526999570559, 38.393912999743478],
            [-83.409509999852133, 38.393853000166445],
            [-83.409493999958613, 38.39369300011213],
            [-83.409559000255939, 38.393296999652158],
            [-83.409698000173108, 38.392703999962627],
            [-83.409709999868682, 38.392380000180502],
            [-83.409558000431034, 38.392154999731929],
            [-83.409369000285139, 38.39200600001336],
            [-83.409119000039894, 38.391920999705548],
            [-83.4086629999303, 38.391937999775138],
            [-83.408407999662188, 38.392019000175871],
            [-83.408077999949299, 38.392276000038272],
            [-83.407947000428052, 38.392425999694751],
            [-83.407824000404403, 38.392628999757562],
            [-83.407668999695389, 38.392746000127985],
            [-83.407493999793189, 38.392808000193362],
            [-83.407373000317691, 38.39278699977973],
            [-83.407211999760889, 38.392713999937151],
            [-83.406778000290942, 38.392433000337604],
            [-83.406600999840606, 38.392135000330931],
            [-83.406405000022048, 38.391766999804595],
            [-83.406149999753907, 38.391368999748494],
            [-83.405820000041032, 38.391189000167806],
            [-83.405641999765791, 38.39116300024606],
            [-83.405446999772124, 38.391164000053685],
            [-83.40516599956473, 38.391343999696609],
            [-83.405004000081334, 38.391446999967492],
            [-83.4047060001555, 38.391689999731135],
            [-83.40453899975094, 38.391814000211504],
            [-83.404327999863725, 38.391989999755964],
            [-83.404152000136634, 38.392096999693678],
            [-83.403943999724163, 38.392112999927392],
            [-83.40384199961693, 38.39208800013273],
            [-83.403727999814095, 38.391998000237123],
            [-83.403593000094901, 38.391710999759319],
            [-83.403439000109103, 38.391420000334485],
            [-83.403326000131202, 38.391233999928957],
            [-83.403265999856757, 38.39100200006235],
            [-83.403275000077585, 38.390557000235098],
            [-83.403364999590949, 38.390243000302505],
            [-83.403309000412762, 38.389976999727836],
            [-83.403136000160416, 38.389784000344818],
            [-83.403096999802344, 38.389740000212726],
            [-83.402799999701429, 38.389586999721026],
            [-83.4025029996005, 38.389572000166218],
            [-83.402028999947575, 38.389689999678069],
            [-83.401325999965792, 38.389898000210493],
            [-83.401004999575434, 38.389927999885828],
            [-83.400778999619618, 38.389912999697685],
            [-83.400663999991892, 38.389854999973444],
            [-83.400564000432794, 38.3897530000785],
            [-83.400520000051841, 38.389660999732364],
            [-83.400544000341284, 38.389318999883656],
            [-83.400648999923277, 38.388942999698735],
            [-83.400704999999775, 38.388633999716205],
            [-83.400826000373613, 38.388091000075846],
            [-83.400889999947694, 38.38790299985186],
            [-83.400920000084938, 38.387791000070457],
            [-83.400955000245034, 38.387709000007327],
            [-83.401053000154306, 38.387483999811586],
            [-83.401239999752065, 38.387121000282846],
            [-83.401427000248134, 38.386739000019709],
            [-83.40149699967003, 38.386511000007118],
            [-83.401454999837227, 38.386441999657798],
            [-83.400999999552553, 38.386269000319231],
            [-83.400839999718997, 38.386211999660965],
            [-83.400761000076272, 38.386175000012585],
            [-83.40057899960307, 38.386089000014564],
            [-83.400439999685915, 38.3860060002552],
            [-83.400236000369731, 38.385884000139093],
            [-83.400019999561337, 38.385705000167668],
            [-83.39998199992651, 38.385604999821581],
            [-83.400068000140223, 38.385242999905287],
            [-83.400190000338966, 38.385021000165196],
            [-83.400222999950927, 38.384995000138368],
            [-83.4003900003555, 38.384856000107291],
            [-83.400554000387032, 38.38471300022205],
            [-83.400723000441445, 38.384401999968283],
            [-83.400735999961924, 38.384334000325616],
            [-83.400765000274234, 38.384183000175938],
            [-83.400762999726098, 38.384081999932505],
            [-83.400759000426461, 38.383894999757906],
            [-83.400633000029757, 38.383363000224506],
            [-83.400524000249817, 38.382994000206239],
            [-83.400498000310535, 38.382903000337926],
            [-83.400463000150438, 38.382583999934212],
            [-83.4003900003555, 38.382069000189787],
            [-83.400367999715883, 38.381759999709878],
            [-83.400436000386264, 38.381119000250244],
            [-83.400534000295551, 38.380888000277601],
            [-83.400829999673249, 38.380494000027547],
            [-83.400977999811246, 38.38031999988457],
            [-83.401110999880643, 38.38014899990695],
            [-83.401254999820679, 38.379680000306969],
            [-83.401249999797827, 38.379595000300235],
            [-83.401158999561218, 38.379519999879932],
            [-83.400345999974562, 38.379317000342922],
            [-83.399533000387933, 38.379164000336225],
            [-83.399006000133241, 38.379030000244008],
            [-83.398497000320219, 38.378859000033934],
            [-83.398261000318655, 38.378723000121902],
            [-83.3980739998226, 38.37857400019405],
            [-83.398068999799733, 38.378402000330532],
            [-83.398122000401486, 38.378269000221245],
            [-83.398267999991361, 38.378140999805709],
            [-83.398443999718452, 38.378036000324606],
            [-83.398919999919514, 38.377877999765282],
            [-83.399171999814598, 38.37780099969298],
            [-83.399357999587423, 38.377721000262731],
            [-83.399555999954146, 38.377589000305157],
            [-83.399757999620519, 38.377378000294321],
            [-83.399849999682033, 38.377181999682904],
            [-83.399889000040076, 38.377033000102372],
            [-83.399913000329533, 38.376940999773367],
            [-83.399909999956478, 38.37672599995674],
            [-83.399897000435985, 38.376582000187383],
            [-83.399894000062972, 38.376548999877123],
            [-83.39993599989576, 38.376459999669493],
            [-83.400229999623619, 38.376249999900928],
            [-83.400309999989574, 38.37613699966591],
            [-83.400351999822362, 38.376000000253647],
            [-83.400367999715883, 38.375693999971581],
            [-83.400193999638617, 38.375165000072307],
            [-83.400149000331069, 38.375083999810137],
            [-83.400038999827927, 38.375034999738006],
            [-83.399704000092143, 38.374949999907777],
            [-83.399484999809047, 38.374900999744852],
            [-83.398702000359634, 38.374923999782339],
            [-83.397760000003245, 38.374946999812529],
            [-83.397397999604991, 38.374896000286888],
            [-83.396970999807735, 38.374609000256129],
            [-83.396646999942618, 38.37439099972962],
            [-83.396487999933967, 38.374231000282116],
            [-83.396451999948965, 38.374149000340104],
            [-83.396425000184777, 38.374085999728877],
            [-83.39652999976677, 38.373743000134091],
            [-83.396651000140594, 38.373544000085836],
            [-83.396689999600341, 38.373309999707622],
            [-83.396712000239958, 38.373181000322212],
            [-83.396655000338555, 38.372981000077935],
            [-83.396487000109076, 38.372854000227456],
            [-83.39624699990955, 38.37282000026849],
            [-83.395360999629659, 38.372911000143581],
            [-83.395070000274842, 38.372819000207279],
            [-83.394768999975966, 38.372509000295814],
            [-83.394470000225212, 38.371811999902498],
            [-83.394425000019382, 38.371636999929521],
            [-83.394459000354558, 38.371339000160603],
            [-83.394552000240978, 38.371036000144137],
            [-83.39473200016603, 38.370452999876598],
            [-83.394767000326141, 38.370057999746692],
            [-83.39470299985372, 38.369933999999425],
            [-83.39462400021101, 38.369900000077038],
            [-83.394367000293045, 38.369866000138678],
            [-83.393576000447709, 38.369881999655952],
            [-83.393358999814438, 38.369874000249943],
            [-83.393090000200914, 38.369826000273648],
            [-83.392730000350795, 38.369711999762153],
            [-83.392555000448624, 38.369616000267172],
            [-83.392372000150502, 38.369399000301122],
            [-83.39231900044706, 38.369163999788974],
            [-83.39229099995967, 38.368784000013598],
            [-83.39235399970886, 38.368385000144535],
            [-83.39237100032561, 38.368277000220026],
            [-83.392578999839742, 38.36761300009033],
            [-83.392550000425743, 38.366909000138854],
            [-83.392350000409223, 38.36655600026468],
            [-83.391065999746047, 38.36602100024615],
            [-83.390583999697213, 38.365979000057528],
            [-83.390315999908609, 38.366065000015148],
            [-83.390150000227251, 38.366118999887149],
            [-83.389889999936258, 38.366291000071797],
            [-83.389869999844791, 38.366345999925819],
            [-83.389607999903944, 38.367083000135651],
            [-83.389505999796697, 38.367369000298254],
            [-83.389290999711534, 38.367605999862391],
            [-83.388931999686349, 38.367711999820401],
            [-83.388518000307869, 38.367721000301394],
            [-83.388011000144672, 38.367562000325897],
            [-83.387801000082405, 38.367362000046782],
            [-83.387712000393932, 38.367160000344775],
            [-83.387518000225185, 38.366714000191735],
            [-83.387335999751969, 38.366264000205021],
            [-83.38718500013924, 38.365792999734211],
            [-83.387021999932614, 38.365563000294195],
            [-83.386999000366401, 38.365531000050801],
            [-83.386717000334087, 38.365419000144087],
            [-83.385850000320787, 38.36525499991771],
            [-83.385512000211975, 38.365066000046241],
            [-83.385283999708037, 38.364885999810518],
            [-83.384984000132363, 38.364652000313946],
            [-83.384374999861919, 38.364194000151372],
            [-83.384343999899784, 38.3641729998822],
            [-83.384259000409287, 38.364113000287027],
            [-83.384136000385638, 38.364105000243363],
            [-83.383968000156145, 38.364206999677691],
            [-83.383691999971632, 38.364373999994974],
            [-83.383404000091531, 38.364546000100383],
            [-83.383205999724808, 38.364649999965813],
            [-83.382963000050566, 38.364701999842467],
            [-83.382679000368441, 38.364717999797016],
            [-83.382183000075884, 38.364544999924881],
            [-83.381869000256529, 38.364403999690651],
            [-83.381706999874822, 38.364270999912328],
            [-83.381470999873272, 38.364073000059733],
            [-83.381358999720291, 38.363967999886093],
            [-83.380854000105217, 38.363448999990631],
            [-83.380494000255084, 38.363007999789211],
            [-83.380274999971988, 38.362810000003584],
            [-83.38002800009977, 38.362742999989074],
            [-83.379500999845092, 38.362775000056317],
            [-83.379069999849861, 38.362849000025527],
            [-83.378669999816779, 38.36280100032063],
            [-83.378433999815229, 38.362722000003259],
            [-83.37821899973008, 38.362529999951441],
            [-83.37810800030033, 38.362278999889675],
            [-83.378229999600734, 38.361901000312379],
            [-83.378350999974572, 38.361648999967166],
            [-83.378492000439877, 38.361359000273119],
            [-83.378519000204051, 38.361170000090141],
            [-83.378393999632252, 38.360887000060004],
            [-83.378152999607835, 38.360337999950481],
            [-83.378104000102368, 38.359765999986799],
            [-83.37802899975928, 38.359555999671301],
            [-83.377969000383146, 38.359284000289222],
            [-83.377976000055838, 38.359063000038766],
            [-83.378206000209602, 38.358813999735595],
            [-83.37854799961805, 38.358604000180605],
            [-83.378750000182734, 38.358495999749586],
            [-83.378962999719747, 38.3583819997069],
            [-83.379082000443731, 38.358265000106655],
            [-83.379421000377477, 38.357919000098192],
            [-83.379599999579284, 38.357559999831771],
            [-83.379264999843542, 38.357350999731935],
            [-83.37842100029475, 38.356832000295697],
            [-83.378221000278231, 38.356683999955237],
            [-83.377926999652033, 38.35642699973522],
            [-83.377612000007758, 38.356142000304764],
            [-83.377406999968358, 38.355887999750713],
            [-83.377140000004658, 38.355528999980059],
            [-83.377054999615837, 38.355204999940199],
            [-83.377011000133223, 38.35470500019921],
            [-83.377022000003876, 38.354579000291821],
            [-83.377044999570103, 38.354460999866603],
            [-83.377263999853227, 38.353709000113575],
            [-83.377370999983341, 38.353410000168289],
            [-83.377180000187622, 38.353382000098428],
            [-83.376987999668685, 38.353365999751702],
            [-83.376787999652166, 38.353359999884944],
            [-83.376256000272903, 38.353397999737091],
            [-83.37595099977608, 38.353361000214981],
            [-83.375769000201174, 38.353216000115857],
            [-83.375607999644387, 38.353013000052862],
            [-83.375368000343201, 38.352524999842558],
            [-83.375107000227288, 38.352060999768348],
            [-83.375021999838467, 38.35193599983662],
            [-83.374665000361418, 38.351591999880029],
            [-83.37435300019186, 38.351470000207335],
            [-83.373450000193543, 38.351397000235607],
            [-83.372399000057229, 38.351318999808143],
            [-83.372110000352208, 38.351265000167437],
            [-83.371901999939766, 38.351130000185094],
            [-83.371840999840387, 38.35093700002372],
            [-83.371951000343557, 38.350620999992202],
            [-83.372507999837168, 38.349851000045248],
            [-83.372633000408939, 38.349533999823443],
            [-83.372583000180242, 38.349253000171217],
            [-83.37240099970704, 38.349039999896405],
            [-83.372348999828489, 38.348979999735676],
            [-83.372315000391637, 38.348961000061927],
            [-83.371990999628224, 38.348780000249945],
            [-83.371619000082532, 38.348651999810087],
            [-83.370994999743473, 38.348518000285154],
            [-83.370954999560496, 38.348509000234543],
            [-83.370525000288509, 38.348473000021023],
            [-83.370076999676527, 38.348413000095071],
            [-83.3694690001293, 38.348188000282207],
            [-83.369178999701063, 38.3481530003111],
            [-83.368787999888823, 38.348230000225172],
            [-83.368454999802879, 38.348318999923208],
            [-83.368274999877826, 38.348300000076051],
            [-83.368202000082903, 38.348293000093982],
            [-83.368000000416529, 38.348174000295806],
            [-83.367880999692545, 38.347901000019974],
            [-83.367901999608932, 38.347323999774893],
            [-83.367814999570285, 38.347038000028839],
            [-83.367448999872408, 38.346706999905592],
            [-83.36720399965003, 38.346566999875009],
            [-83.36714099990084, 38.346531000105188],
            [-83.367119999984439, 38.346496000037916],
            [-83.367001999983657, 38.346296999756348],
            [-83.367037000143753, 38.346022999723765],
            [-83.367166000015189, 38.345777999997082],
            [-83.367198999627149, 38.345536999785224],
            [-83.367016000227352, 38.345299000095714],
            [-83.366704999882742, 38.34506700017856],
            [-83.366516999561753, 38.344841000091328],
            [-83.366317000443544, 38.344600000284494],
            [-83.365868000006643, 38.343825000241246],
            [-83.365140999735416, 38.34368699979477],
            [-83.364619000401916, 38.343547000267812],
            [-83.364539999860881, 38.343524000123388],
            [-83.364409000339634, 38.343486999783842],
            [-83.363887000107809, 38.343226999930437],
            [-83.363656999954031, 38.342919000348992],
            [-83.36352700025769, 38.342611999936466],
            [-83.363585999808933, 38.342204000121825],
            [-83.363743999992678, 38.341933000161148],
            [-83.363759000061307, 38.341908999720623],
            [-83.363988000390165, 38.341671999875054],
            [-83.364048999591191, 38.341608999883739],
            [-83.364139000002893, 38.341474000221204],
            [-83.364087000124357, 38.34127399973675],
            [-83.364031999872765, 38.341159000265016],
            [-83.363957000428002, 38.340991999947391],
            [-83.363882000084942, 38.340800000047345],
            [-83.363785999825481, 38.340314000293951],
            [-83.36367299984758, 38.340089999791267],
            [-83.363522000234838, 38.339973000228404],
            [-83.36318099975297, 38.339833999677161],
            [-83.36300900022384, 38.339764000099478],
            [-83.362979000086597, 38.339681000049573],
            [-83.362963000193091, 38.339536999856229],
            [-83.363312000172542, 38.338979999926686],
            [-83.363548000174092, 38.338761000071798],
            [-83.363728000099144, 38.338617000163588],
            [-83.364002999560441, 38.338362000313865],
            [-83.364101000368066, 38.338148999718271],
            [-83.363995000062843, 38.337987000106402],
            [-83.363921000443014, 38.337900999912996],
            [-83.363759999886199, 38.337746999885077],
            [-83.363693999763967, 38.337698999745385],
            [-83.36352700025769, 38.337576999922526],
            [-83.363467999808151, 38.337395000001287],
            [-83.363504999618087, 38.337214000175976],
            [-83.363578000311335, 38.33708200032968],
            [-83.363646999908298, 38.336981999730817],
            [-83.363786999650387, 38.336692999746951],
            [-83.36384399955179, 38.336455999748345],
            [-83.363733000122025, 38.336165000054365],
            [-83.363615000121243, 38.336015999889412],
            [-83.363430999998243, 38.335786000276968],
            [-83.363271999989578, 38.335652000202934],
            [-83.363041999835801, 38.33545899966601],
            [-83.362681999985696, 38.335226999943025],
            [-83.362543000068513, 38.335060000044031],
            [-83.362559999786953, 38.33499299971897],
            [-83.362570999657606, 38.334948000212549],
            [-83.362876000154458, 38.334790000017563],
            [-83.36305500025459, 38.334712000026187],
            [-83.363277999837365, 38.334609999910754],
            [-83.363452999739536, 38.334475999775819],
            [-83.363421999777401, 38.334357999714683],
            [-83.363348999982477, 38.334247999986225],
            [-83.363252999723002, 38.334066000158543],
            [-83.363220999935947, 38.333961000158389],
            [-83.36320099984448, 38.333847000247694],
            [-83.363035999988014, 38.333670000309091],
            [-83.362821999727771, 38.333555000041649],
            [-83.362656000046414, 38.333464999919457],
            [-83.362483999618973, 38.333400999936856],
            [-83.362389999907634, 38.333343000013876],
            [-83.361997000445584, 38.33307499974255],
            [-83.361831999690821, 38.332750000105719],
            [-83.36174800002523, 38.33248600011482],
            [-83.361789999858019, 38.332306999838103],
            [-83.362028000407719, 38.331949999993284],
            [-83.362029000232624, 38.331616000208044],
            [-83.362015999813821, 38.331472000192782],
            [-83.362122000119044, 38.331270999649043],
            [-83.362424000242839, 38.330949000182287],
            [-83.362745999559792, 38.330705000149912],
            [-83.362891000223058, 38.330602000091844],
            [-83.363061000102377, 38.330485000005645],
            [-83.363217999562892, 38.330380999692132],
            [-83.363513000013995, 38.330193000345744],
            [-83.363686000266355, 38.330092000158167],
            [-83.363805000092057, 38.329985000140766],
            [-83.364040000268687, 38.329774000190163],
            [-83.364204000300234, 38.329569000053937],
            [-83.364313000080173, 38.329371999696306],
            [-83.364311000430348, 38.329292000299645],
            [-83.364308999882212, 38.329176000171934],
            [-83.364287999965811, 38.328989999737658],
            [-83.36422299966847, 38.328585999892816],
            [-83.364143000200855, 38.328318000351089],
            [-83.363947000382268, 38.328118000194635],
            [-83.363774000129908, 38.328041000043605],
            [-83.363513999838901, 38.32797400027578],
            [-83.363124999676486, 38.327984000034697],
            [-83.362719999620523, 38.328087000290083],
            [-83.362533000022779, 38.328156999873819],
            [-83.362228000424238, 38.328258999911299],
            [-83.361845999934502, 38.328399000088361],
            [-83.361548999833602, 38.328412999668345],
            [-83.36121099972479, 38.328394000237651],
            [-83.360362000153145, 38.328124000038201],
            [-83.359646999577492, 38.328088000264501],
            [-83.359454000131947, 38.327992999816516],
            [-83.358829999792874, 38.327994999767874],
            [-83.358471999592595, 38.327948000191398],
            [-83.358071999559513, 38.32781900031253],
            [-83.357722999580062, 38.327554999975817],
            [-83.357534000332478, 38.327279000261271],
            [-83.357423000004403, 38.326879000004503],
            [-83.357400000438176, 38.326421999826444],
            [-83.357429999677095, 38.325965000290587],
            [-83.357550000226013, 38.32569800022592],
            [-83.357863000220448, 38.32545000008988],
            [-83.358315999956986, 38.325125000084697],
            [-83.358367000010603, 38.32509699965177],
            [-83.358530000217229, 38.324939999842947],
            [-83.358715000165162, 38.324717999775245],
            [-83.358962000037366, 38.324345000187641],
            [-83.359023999961636, 38.324027999700064],
            [-83.358919000379657, 38.32371500007936],
            [-83.358746999952217, 38.323591999932852],
            [-83.358542999737693, 38.323494999859143],
            [-83.35850299955473, 38.323475999844078],
            [-83.358427000285062, 38.323451000298782],
            [-83.358161000146296, 38.323385999890291],
            [-83.357629999693629, 38.323239999649324],
            [-83.35741399978356, 38.323179999967074],
            [-83.357207000094334, 38.32305799966128],
            [-83.357001000230014, 38.322853000262064],
            [-83.356662000296282, 38.322170999796903],
            [-83.356500999739495, 38.321985999768273],
            [-83.356335999883058, 38.321868999868364],
            [-83.355986999903593, 38.321727000344538],
            [-83.355643999771914, 38.321652999936511],
            [-83.355213999601602, 38.321635000206811],
            [-83.35473699957565, 38.321736000198555],
            [-83.354283999839112, 38.321861000091189],
            [-83.354118000157754, 38.321902999792471],
            [-83.353540999674351, 38.322047999849488],
            [-83.353277999908613, 38.322106999707067],
            [-83.352762000422899, 38.322245999731109],
            [-83.352364000039643, 38.322311999806395],
            [-83.351865000272355, 38.322300999915477],
            [-83.35099800025904, 38.321979000062662],
            [-83.350224999957049, 38.321714000240235],
            [-83.349609000013899, 38.321569000219924],
            [-83.348901000009249, 38.321443999823799],
            [-83.348125000232528, 38.321085999960538],
            [-83.347688000389539, 38.320851999885846],
            [-83.346770000322593, 38.320314000246981],
            [-83.346501999635677, 38.320238000345569],
            [-83.345757999645997, 38.320195000301148],
            [-83.345034999572732, 38.320034000105011],
            [-83.344118000229017, 38.319921000222152],
            [-83.343821000128102, 38.31983900008467],
            [-83.34343799981346, 38.319833000260047],
            [-83.3432300002993, 38.319869999992818],
            [-83.342954000114787, 38.319925999952538],
            [-83.342734000006757, 38.319976000056158],
            [-83.342409000316749, 38.320002000181027],
            [-83.342178000338066, 38.319933999943238],
            [-83.342045000268669, 38.319893999980835],
            [-83.341945999636152, 38.319856000172337],
            [-83.341825999985545, 38.319810000340418],
            [-83.341595999831782, 38.319710999959653],
            [-83.34138699959442, 38.319588000067085],
            [-83.341347000309767, 38.319521000238389],
            [-83.341430999975344, 38.318544999867974],
            [-83.341384999944594, 38.31845600024274],
            [-83.341247999677236, 38.318153000232293],
            [-83.341114999607854, 38.31787200008651],
            [-83.34123199978373, 38.317651000340412],
            [-83.341134999699335, 38.317712999900252],
            [-83.340825000077942, 38.317796999855929],
            [-83.340738000039295, 38.317830000164285],
            [-83.340564999786935, 38.317916000213856],
            [-83.340177000347722, 38.318154999750391],
            [-83.339999999897429, 38.318298000037075],
            [-83.339785999637172, 38.318505999950609],
            [-83.339218000272922, 38.319628000198279],
            [-83.339113999617538, 38.319853999996404],
            [-83.339080000180644, 38.319903000062411],
            [-83.339041999647506, 38.319938000290634],
            [-83.339019999906199, 38.319944000106567],
            [-83.338946000286356, 38.319945000193329],
            [-83.338876999791069, 38.320011000249139],
            [-83.33878200025481, 38.320080999879629],
            [-83.338726000178326, 38.320112999768796],
            [-83.338609999827369, 38.320158000029451],
            [-83.338553999750872, 38.32013999992855],
            [-83.338307999703574, 38.319987000299861],
            [-83.338347000061646, 38.319912000142864],
            [-83.338347000061646, 38.319877999989707],
            [-83.338330000343205, 38.319840000172825],
            [-83.338301000030896, 38.319807000074562],
            [-83.338148999694923, 38.319686999911063],
            [-83.338029999869249, 38.319543000157417],
            [-83.337993999884233, 38.319517999960574],
            [-83.337914000416589, 38.319428000026363],
            [-83.337846999571141, 38.319320999771243],
            [-83.337598000049113, 38.318860000166254],
            [-83.337444000063314, 38.318624999849639],
            [-83.337302999598009, 38.318467000012269],
            [-83.337115000175345, 38.318313999672085],
            [-83.336531000019235, 38.317973999796301],
            [-83.336085999780309, 38.317639000328526],
            [-83.33558600018813, 38.317196000027302],
            [-83.335341999790657, 38.316934000021533],
            [-83.335202000048582, 38.31673500030189],
            [-83.335026000321491, 38.316442000088827],
            [-83.334762999657428, 38.316186000304725],
            [-83.334156999760026, 38.315767000232938],
            [-83.333558000433612, 38.31539300025328],
            [-83.333519999900474, 38.31536900018498],
            [-83.333131999562951, 38.315147999857864],
            [-83.332692000245217, 38.314931000185673],
            [-83.33245000039588, 38.314859000202929],
            [-83.332175000036258, 38.314819999712562],
            [-83.331863999691663, 38.314797999770022],
            [-83.331802999592284, 38.314802999853633],
            [-83.331581999659335, 38.314819999712562],
            [-83.331271000213022, 38.314856999889138],
            [-83.330988000355816, 38.314923999798935],
            [-83.330729999714649, 38.315014999840237],
            [-83.330523999850314, 38.315072000179725],
            [-83.3303249996587, 38.315097999948733],
            [-83.329778000210823, 38.315018999754251],
            [-83.329498999653268, 38.314967000150261],
            [-83.328431999623405, 38.31482200002737],
            [-83.32808500019209, 38.314787000148698],
            [-83.327958999795385, 38.314793999843864],
            [-83.32690099998635, 38.314694999662102],
            [-83.326768999741887, 38.314675000000548],
            [-83.326648000266374, 38.314641999665852],
            [-83.326613999931183, 38.314619000213995],
            [-83.326465999793172, 38.314517000013389],
            [-83.326234999814503, 38.314405000153052],
            [-83.326027000300357, 38.314328000236777],
            [-83.325776000230178, 38.314271000017293],
            [-83.324905999843821, 38.314189999999257],
            [-83.324068000142816, 38.314153999648902],
            [-83.32370300026983, 38.314116999818445],
            [-83.323351999742258, 38.314052000203894],
            [-83.322857000172931, 38.313920999925337],
            [-83.322592999683962, 38.313865000261337],
            [-83.322232000008938, 38.313816000343664],
            [-83.322015000273964, 38.313807999677891],
            [-83.321821000105203, 38.313816000343664],
            [-83.321662000096552, 38.3138459998369],
            [-83.32146200007999, 38.313920999925337],
            [-83.321440000338711, 38.313928999873795],
            [-83.321374000216451, 38.313965000335855],
            [-83.321344000079236, 38.313993000134609],
            [-83.321318000139954, 38.314019000290514],
            [-83.32126200006347, 38.314053999835032],
            [-83.321184000245665, 38.314093000032607],
            [-83.320917000281966, 38.314141999763102],
            [-83.320884999596601, 38.314145000263373],
            [-83.320660000364029, 38.314170000198366],
            [-83.320102000147202, 38.314260999776288],
            [-83.319813000442181, 38.314298000238161],
            [-83.319482999830996, 38.314327000072595],
            [-83.319141000422547, 38.314349000157982],
            [-83.318794999917827, 38.314359999845749],
            [-83.318625999863414, 38.314379000135553],
            [-83.318101999981778, 38.314401000205166],
            [-83.317917000033859, 38.314397999715489],
            [-83.31773100026102, 38.314380000299025],
            [-83.317548999787817, 38.314350999780935],
            [-83.316727999805266, 38.314188999833114],
            [-83.316254000152341, 38.314111000225154],
            [-83.315664999973365, 38.314049999867841],
            [-83.315014999695023, 38.314001000075123],
            [-83.314234999720355, 38.314036000333182],
            [-83.313816000319022, 38.314083999934653],
            [-83.313084000024915, 38.314221000208271],
            [-83.312976999894786, 38.314243999786363],
            [-83.312400000309708, 38.314370000073097],
            [-83.310647000016488, 38.314845000119675],
            [-83.310460000418729, 38.314905999808204],
            [-83.310225000242099, 38.315031000199717],
            [-83.310123000134851, 38.315085000065423],
            [-83.30990100037701, 38.315187000171825],
            [-83.309729999774461, 38.315247000125936],
            [-83.309585000009491, 38.315284000084631],
            [-83.309508000016606, 38.315293000033634],
            [-83.309441000069455, 38.315295000335453],
            [-83.309360999703514, 38.315285000235662],
            [-83.309287999908577, 38.315266000183314],
            [-83.309175999755581, 38.31522599976001],
            [-83.309071999998523, 38.315175999904667],
            [-83.308955999647551, 38.31510599976734],
            [-83.308876000179936, 38.31504800000517],
            [-83.308775999722499, 38.314959000316271],
            [-83.308677999813227, 38.314855999732202],
            [-83.308507999933909, 38.314660999881767],
            [-83.308414000222569, 38.314568999940093],
            [-83.308139999687882, 38.314329999860369],
            [-83.308015000014407, 38.314230999749938],
            [-83.307811999624803, 38.314086000269761],
            [-83.307558999904828, 38.313923000264943],
            [-83.307079000404116, 38.313633999956735],
            [-83.306953999832317, 38.313571999728346],
            [-83.306824000135975, 38.313523000317538],
            [-83.306696000089474, 38.3134839998134],
            [-83.306594999807118, 38.313460999994248],
            [-83.305350000400367, 38.313252000230591],
            [-83.305166000277353, 38.313229999812322],
            [-83.30504400007861, 38.313221999786748],
            [-83.304817000297888, 38.313221000312119],
            [-83.304306999761621, 38.313251000051508],
            [-83.304229999768737, 38.313253999883791],
            [-83.303961000155226, 38.313264000263672],
            [-83.303632000267257, 38.313260000252846],
            [-83.303401000288574, 38.313239000016267],
            [-83.302832000201079, 38.313175999974895],
            [-83.301647999995367, 38.31307200020089],
            [-83.301432000085299, 38.313037000182348],
            [-83.301092000326662, 38.312968000277678],
            [-83.300765000088532, 38.31289699993944],
            [-83.300102000289712, 38.312740999974615],
            [-83.299688000012921, 38.312649999898923],
            [-83.299494999669079, 38.312611999818039],
            [-83.299287000154948, 38.312578999954205],
            [-83.299078999742477, 38.31255700003662],
            [-83.298872999878157, 38.312546000075351],
            [-83.298595000043804, 38.312543000213779],
            [-83.298142000307266, 38.312552999986856],
            [-83.298106000322264, 38.31255400017551],
            [-83.297800999825427, 38.312543999697759],
            [-83.29773200022845, 38.312547000264161],
            [-83.297445000173283, 38.312527000010121],
            [-83.297313999753712, 38.312509000129239],
            [-83.29719400010309, 38.312484999811254],
            [-83.297088999622801, 38.312454999754962],
            [-83.297000999759248, 38.31242400020065],
            [-83.296835000077891, 38.312354000226065],
            [-83.296661999825545, 38.312270999796098],
            [-83.29642400017417, 38.311820999845047],
            [-83.296286999906812, 38.311549000243637],
            [-83.296230999830314, 38.311451000064643],
            [-83.29614100031695, 38.311327000051179],
            [-83.296024999965994, 38.311222000237812],
            [-83.295880000201038, 38.311127000242074],
            [-83.295569999681334, 38.31096500014042],
            [-83.295113999571754, 38.310749000146743],
            [-83.29445400014599, 38.310442999700641],
            [-83.294150000372369, 38.310293000005501],
            [-83.29397999959474, 38.310202999898486],
            [-83.293183999726537, 38.309762999960618],
            [-83.292481999569674, 38.309380000052286],
            [-83.291954000388387, 38.309110000226532],
            [-83.29125399988132, 38.308864000215067],
            [-83.290984000442904, 38.308764999691313],
            [-83.290577999663711, 38.308607999758415],
            [-83.290351999707909, 38.308524999975326],
            [-83.290113000231628, 38.308422999661687],
            [-83.28994699965196, 38.30833700033628],
            [-83.289763000427257, 38.308232999966627],
            [-83.289575999931202, 38.308118999769668],
            [-83.289412999724576, 38.307997000201318],
            [-83.289215000256164, 38.307868000064772],
            [-83.289009000391843, 38.307724000100308],
            [-83.2888930000409, 38.307642999818462],
            [-83.288375999831956, 38.307280999846398],
            [-83.288014000332012, 38.307049999716334],
            [-83.287461999962972, 38.306722999867326],
            [-83.287057999731928, 38.306506999928096],
            [-83.286849000392863, 38.306405999869583],
            [-83.286721000346361, 38.306351999885322],
            [-83.286416999674429, 38.306238000256421],
            [-83.2857880002108, 38.306044000067907],
            [-83.285604000087773, 38.305976999707873],
            [-83.285567000277851, 38.305964000304208],
            [-83.28544099988116, 38.305911000271152],
            [-83.284485000179387, 38.306400999911915],
            [-83.283679000265437, 38.306814000331215],
            [-83.282009999637822, 38.307658000138545],
            [-83.28105899995893, 38.308144999916891],
            [-83.280578999559893, 38.30838099990553],
            [-83.279842999966149, 38.308715000315232],
            [-83.279345000023767, 38.308925000000549],
            [-83.278836000210745, 38.309124000007266],
            [-83.278319000001801, 38.30931199972094],
            [-83.277791999747109, 38.309488999932107],
            [-83.277267999865472, 38.309653999787713],
            [-83.276729999740127, 38.309808999822749],
            [-83.27645899957848, 38.309882000111031],
            [-83.275912999955523, 38.310017000122286],
            [-83.275363999959524, 38.310141000261062],
            [-83.274809999940658, 38.310249999702016],
            [-83.273972000239652, 38.310393000071677],
            [-83.273409999824878, 38.31047199966698],
            [-83.272844000110439, 38.310539000103965],
            [-83.2725600004283, 38.310568000031964],
            [-83.271710000133425, 38.310634000165081],
            [-83.271142999695769, 38.310664000269817],
            [-83.268878999939716, 38.310711999988698],
            [-83.266261000181345, 38.310749000146743],
            [-83.265237999634095, 38.310763999824481],
            [-83.264404000131051, 38.310785000072919],
            [-83.264112999877909, 38.310796999809355],
            [-83.263845000089304, 38.310808000035927],
            [-83.263563999881924, 38.310826999846661],
            [-83.263286000047586, 38.310845999652422],
            [-83.26273000037888, 38.310903999956132],
            [-83.262451999646217, 38.310939999805306],
            [-83.261901000000407, 38.311026999778242],
            [-83.261353999654219, 38.311131999873993],
            [-83.261084000215789, 38.311192999866513],
            [-83.260546999915363, 38.311328000256793],
            [-83.260014999637818, 38.311480999831403],
            [-83.25975100004716, 38.311563999755855],
            [-83.259231000363471, 38.311742999804537],
            [-83.258723000375355, 38.311937000256236],
            [-83.258473999955015, 38.312041000248335],
            [-83.258227000082812, 38.312149999653023],
            [-83.257738000361272, 38.312380000264817],
            [-83.255797999571996, 38.313327999701706],
            [-83.254348999950736, 38.314045999900372],
            [-83.253860000229182, 38.314278999927126],
            [-83.253611999633748, 38.314393000308783],
            [-83.25333799999737, 38.314509000129803],
            [-83.253108999668513, 38.314606999700302],
            [-83.252852999575467, 38.314708999774311],
            [-83.252337999914673, 38.314903000044268],
            [-83.252076999798746, 38.314991999801855],
            [-83.251546000244417, 38.315157999976492],
            [-83.251292999626131, 38.3152269999118],
            [-83.251007000294166, 38.315305999879705],
            [-83.250461999597817, 38.31543199973067],
            [-83.250187999961412, 38.315488000298963],
            [-83.249633999942546, 38.315589999838501],
            [-83.249355000283288, 38.315636000233447],
            [-83.249077000448949, 38.315675000284919],
            [-83.248518000407202, 38.315740999998972],
            [-83.247959000365483, 38.315796000184697],
            [-83.245448999663807, 38.316013000087473],
            [-83.244893999820036, 38.316065999786375],
            [-83.244820000200178, 38.316075000343147],
            [-83.244617999635494, 38.316098000038004],
            [-83.244343999999117, 38.316136999840985],
            [-83.244070000362726, 38.316181000316419],
            [-83.243799000201093, 38.316231000183571],
            [-83.243528999864338, 38.316287000134771],
            [-83.243261999900639, 38.316349000156158],
            [-83.24299599976186, 38.316417999662931],
            [-83.242471000055303, 38.316571999908504],
            [-83.242213000312461, 38.316656999908545],
            [-83.241958000044335, 38.316747999889373],
            [-83.24170699997417, 38.31684499982839],
            [-83.241457999553816, 38.316947999701448],
            [-83.241342000101199, 38.316998999871856],
            [-83.241212000404843, 38.317056000061314],
            [-83.241002000342561, 38.317154999838671],
            [-83.240732999830726, 38.31728900028321],
            [-83.240499000377298, 38.317414000090601],
            [-83.240039000069785, 38.317675999771424],
            [-83.238703000426398, 38.318504999844009],
            [-83.238039999729267, 38.318930000203324],
            [-83.236252999999195, 38.320028000296517],
            [-83.233799000272342, 38.321555000022755],
            [-83.233137000298441, 38.32198399965106],
            [-83.232706000303224, 38.322279000128681],
            [-83.230207000370527, 38.324026000343949],
            [-83.229079000241285, 38.324814000306986],
            [-83.228449999879359, 38.325261999932806],
            [-83.22824700038808, 38.325421999782506],
            [-83.227188999680735, 38.326165000045705],
            [-83.226549000346452, 38.326606999809279],
            [-83.226114999978194, 38.32689299987814],
            [-83.225893000220339, 38.32702899991903],
            [-83.225438999760584, 38.327289000116075],
            [-83.224972999605257, 38.3275339996515],
            [-83.224498000127426, 38.327764000086809],
            [-83.224256000278089, 38.327872999814531],
            [-83.224011000055711, 38.327978000179492],
            [-83.223510999565192, 38.328172000178526],
            [-83.223257000020297, 38.328262999799335],
            [-83.22314300021749, 38.328300000162322],
            [-83.222738999986447, 38.328430999829102],
            [-83.22221299955666, 38.328587999827867],
            [-83.221681000177426, 38.328731999936153],
            [-83.221143000052081, 38.328858999671873],
            [-83.22102800042434, 38.328883000207291],
            [-83.220599999903868, 38.328974000344786],
            [-83.2181310001084, 38.329472000227369],
            [-83.213890999578041, 38.330340999857064],
            [-83.212667000087677, 38.330587000290144],
            [-83.210209999987782, 38.331090000028581],
            [-83.209388000180311, 38.331254000124389],
            [-83.209332000103799, 38.331266999927067],
            [-83.209000999667708, 38.33134300024448],
            [-83.208846999681896, 38.331377999881688],
            [-83.2078390001016, 38.33158399975963],
            [-83.204424999576702, 38.332282999731945],
            [-83.202283999844312, 38.332717000247541],
            [-83.20173800022134, 38.332814999867814],
            [-83.201515999565189, 38.332849000294765],
            [-83.201463999686638, 38.332857000268518],
            [-83.201189000225355, 38.332892999787276],
            [-83.200912000215922, 38.332922999842332],
            [-83.200632999658325, 38.332948000348502],
            [-83.200544999794786, 38.33295499969951],
            [-83.200354999824, 38.332966999994632],
            [-83.200075000339822, 38.332979000287715],
            [-83.199793000307523, 38.3329849997289],
            [-83.199507999902167, 38.3329849997289],
            [-83.199224000220042, 38.332979000287715],
            [-83.198941000362822, 38.332967999901662],
            [-83.198656999782372, 38.332949000255844],
            [-83.198374999750072, 38.332923999750022],
            [-83.198094000441003, 38.332892999787276],
            [-83.197813000233594, 38.332854999746651],
            [-83.19753399967604, 38.332811000231068],
            [-83.197255999841673, 38.332759999910316],
            [-83.19697999965716, 38.332704000000355],
            [-83.196704000370943, 38.33264299978493],
            [-83.196432000384391, 38.332575000131129],
            [-83.196162000047636, 38.332500000314653],
            [-83.195628999945171, 38.332335000304226],
            [-83.19515199991919, 38.332163999704818],
            [-83.195110999911307, 38.33214900022638],
            [-83.194857000366426, 38.332048999865933],
            [-83.194356000050988, 38.331841999977975],
            [-83.192123000257084, 38.33088899983462],
            [-83.190595000094774, 38.330246000248323],
            [-83.189885000440285, 38.329946999984628],
            [-83.18739800020316, 38.328893999804087],
            [-83.187148999782806, 38.328796999778731],
            [-83.1866550000384, 38.32858100005506],
            [-83.18566500000145, 38.328166000338882],
            [-83.185519000411574, 38.328101999904547],
            [-83.185418000129232, 38.328058000321938],
            [-83.183752999699578, 38.327353999843425],
            [-83.182680999646848, 38.326900999804657],
            [-83.180197999607685, 38.325859999828189],
            [-83.177219999999181, 38.324600000033868],
            [-83.17708899957961, 38.324711000333437],
            [-83.177024000180609, 38.324778000298657],
            [-83.176783000156178, 38.32510699980768],
            [-83.176416999559976, 38.325647999840548],
            [-83.176234000160193, 38.325968000301522],
            [-83.176152000144427, 38.326160000040929],
            [-83.176024999922817, 38.326486000334882],
            [-83.175808000187828, 38.327079000056472],
            [-83.175759999608957, 38.327196999990363],
            [-83.17569000018706, 38.327402999772801],
            [-83.175644000156311, 38.327569999700387],
            [-83.175604999798239, 38.327837999893958],
            [-83.175592000277774, 38.32797200032384],
            [-83.175590999554544, 38.328106999775351],
            [-83.175598000125561, 38.328162999714159],
            [-83.175608000171295, 38.328248000218188],
            [-83.175646999631027, 38.328427999920059],
            [-83.175854000218592, 38.329096999814702],
            [-83.175891000028514, 38.329249999946796],
            [-83.175921999990649, 38.329440000241561],
            [-83.175935000409439, 38.329592999649527],
            [-83.175935000409439, 38.329745000192361],
            [-83.175918999617608, 38.329933999945155],
            [-83.175899000424423, 38.330046999722278],
            [-83.175864000264326, 38.330196000181729],
            [-83.175813000210709, 38.330377999863856],
            [-83.17565599985187, 38.330877999835934],
            [-83.175592000277774, 38.331103999793427],
            [-83.175561000315625, 38.331233000167224],
            [-83.175543999698888, 38.331405000073509],
            [-83.175554999569528, 38.331535999765137],
            [-83.175588000079813, 38.331665000074551],
            [-83.175644999981202, 38.331792000307857],
            [-83.175726000172077, 38.331913000084477],
            [-83.175828000279324, 38.332024999674367],
            [-83.175993000135776, 38.33216299978664],
            [-83.176159999642039, 38.332271999944901],
            [-83.176502999773689, 38.332474999653918],
            [-83.176691999919584, 38.332595999699443],
            [-83.176839000232675, 38.332698999742036],
            [-83.17697999979967, 38.332811000231068],
            [-83.177142000181377, 38.332962999661554],
            [-83.177290000319374, 38.333129000260847],
            [-83.17745299962769, 38.333341000210098],
            [-83.178218000432082, 38.33448600004683],
            [-83.178282999831083, 38.334594000349384],
            [-83.178340999557406, 38.334711000143173],
            [-83.178367000394985, 38.334762999677736],
            [-83.178419000273522, 38.334908000079828],
            [-83.178455000258523, 38.335058000287596],
            [-83.178471000152058, 38.335173000283589],
            [-83.17847799982475, 38.335290999722126],
            [-83.178472999801869, 38.335488000195703],
            [-83.178452999710402, 38.335689000316471],
            [-83.178411999702519, 38.335969999743462],
            [-83.178350999603154, 38.336328000077764],
            [-83.178272999785349, 38.336640000331869],
            [-83.178222999556624, 38.336793999894297],
            [-83.178167000378437, 38.336946999981876],
            [-83.17792600035402, 38.337531999907114],
            [-83.177767000345355, 38.337918999830833],
            [-83.177429000236557, 38.338712999899343],
            [-83.177338999824883, 38.33896700009857],
            [-83.177332000152177, 38.338995000104859],
            [-83.176419000108098, 38.338682000299507],
            [-83.176099000440971, 38.338246999742587],
            [-83.175285999956003, 38.337675000015949],
            [-83.173803999824472, 38.337559999763428],
            [-83.173572000020869, 38.337399999935556],
            [-83.173193999729108, 38.336759999909248],
            [-83.172817000160549, 38.336439000030801],
            [-83.172510999838792, 38.33634700024686],
            [-83.17220600024028, 38.336256000207761],
            [-83.171711999597548, 38.336232999862297],
            [-83.171237999944623, 38.336409999881738],
            [-83.171207999807393, 38.336489000017565],
            [-83.171184000416261, 38.336697999729616],
            [-83.171129000164683, 38.336868000345426],
            [-83.171102000400509, 38.336910999658748],
            [-83.171089999806611, 38.336953999651179],
            [-83.171082000308999, 38.33707999992447],
            [-83.171098000202548, 38.33724600025198],
            [-83.171092000354761, 38.337290999740404],
            [-83.171061000392612, 38.337377999799486],
            [-83.17097699982871, 38.337478999696557],
            [-83.170777999637068, 38.337666999869498],
            [-83.170697000344546, 38.337728999924501],
            [-83.170555000054307, 38.33780999971188],
            [-83.170391999847709, 38.337848999812039],
            [-83.169734999896676, 38.33789100011326],
            [-83.169529000032341, 38.337917000153311],
            [-83.168711000422832, 38.33808799985912],
            [-83.167701000294386, 38.338271999821053],
            [-83.167374999881147, 38.338317999914658],
            [-83.167183000260536, 38.338318999747898],
            [-83.167092000023942, 38.338303000300932],
            [-83.167008000358337, 38.338276999694791],
            [-83.166861000045245, 38.33819099984558],
            [-83.166573999990064, 38.33799699989288],
            [-83.166326000292955, 38.337852999875324],
            [-83.166195999698289, 38.337799000059185],
            [-83.162368999619844, 38.339058000255605],
            [-83.160524999988354, 38.339665000198778],
            [-83.159040000382078, 38.341181999751257],
            [-83.158915999635198, 38.341078999789623],
            [-83.158781999740896, 38.340988999853813],
            [-83.158635000326115, 38.340909999692705],
            [-83.158479999617114, 38.340842000046976],
            [-83.158165999797731, 38.340719999880093],
            [-83.158088999804846, 38.340684000022627],
            [-83.158017999659734, 38.340651000254972],
            [-83.157886000313582, 38.340566000207737],
            [-83.157774999985492, 38.340463000074877],
            [-83.157699999642404, 38.340358999990535],
            [-83.157600000083306, 38.34040299985476],
            [-83.157543000181903, 38.340415000325493],
            [-83.157476000234752, 38.340410999699074],
            [-83.157409000287601, 38.340390000281985],
            [-83.157053999562038, 38.340177000012147],
            [-83.1567470003137, 38.340010000249087],
            [-83.156201999617338, 38.339738000017675],
            [-83.155441999734151, 38.33938800028448],
            [-83.154766000414867, 38.339150999941864],
            [-83.15453899973582, 38.339087000049375],
            [-83.154323999650657, 38.339047000087838],
            [-83.15392500034082, 38.33902499974733],
            [-83.153512999713854, 38.339019999925213],
            [-83.153249999948116, 38.339030000273667],
            [-83.153122999726506, 38.339046000264695],
            [-83.152870999831421, 38.339095000039052],
            [-83.152586000324391, 38.339116999653747],
            [-83.15250699978337, 38.339122999995872],
            [-83.152209999682441, 38.339119000002711],
            [-83.151916999779488, 38.339099000033542],
            [-83.151736000029516, 38.339063999898073],
            [-83.151577000020865, 38.339022000276863],
            [-83.151362999760622, 38.33895999991914],
            [-83.150756000038299, 38.338700000023316],
            [-83.150207999867206, 38.338526000157181],
            [-83.149986999934285, 38.338419999742356],
            [-83.149662000244277, 38.338265000279094],
            [-83.149330999808143, 38.338151000093966],
            [-83.149293999998235, 38.338138000117098],
            [-83.148584000343746, 38.337948000080523],
            [-83.148293999915524, 38.337890000274164],
            [-83.148001000012556, 38.337846000292878],
            [-83.147950999783845, 38.337838000165327],
            [-83.147166999611215, 38.337638000211918],
            [-83.146101000304583, 38.337417999977873],
            [-83.145260000230536, 38.33723599965721],
            [-83.144772000333901, 38.337140000078229],
            [-83.144262999622555, 38.337018999869855],
            [-83.1440890004436, 38.336965999988593],
            [-83.143984999788216, 38.336919999741205],
            [-83.143898999574489, 38.336870000051867],
            [-83.143829000152607, 38.336811000233133],
            [-83.143773999901029, 38.336749999952033],
            [-83.143737000091107, 38.336687999763896],
            [-83.143716000174706, 38.336632999927602],
            [-83.14367900036477, 38.336507000286211],
            [-83.143608000219672, 38.336394000013208],
            [-83.143552000143174, 38.336337000232639],
            [-83.143482999647887, 38.336288999863442],
            [-83.143404000005162, 38.336247999904579],
            [-83.143311000118757, 38.336216000092435],
            [-83.143085999987861, 38.336165999917313],
            [-83.142342999823086, 38.336061000141775],
            [-83.142228000195374, 38.336040000168389],
            [-83.141927999721403, 38.335952000046056],
            [-83.141802000223009, 38.335929000308731],
            [-83.141455999718289, 38.335882000240744],
            [-83.141326999846854, 38.335858999776569],
            [-83.141192999952565, 38.33582199974979],
            [-83.141066999555861, 38.335782000099513],
            [-83.140737999667891, 38.335654999812881],
            [-83.140200000440856, 38.335517000009197],
            [-83.139872000377807, 38.335401999854533],
            [-83.139711999645911, 38.335377000195038],
            [-83.139619999584426, 38.335383000142272],
            [-83.139516999652258, 38.335405000179527],
            [-83.138760999967019, 38.335658999997342],
            [-83.138586000064834, 38.335750999950228],
            [-83.138485999607397, 38.335830000099953],
            [-83.138242000108249, 38.336037999734415],
            [-83.138154000244711, 38.336101000342609],
            [-83.138072000228945, 38.336135999795637],
            [-83.137991999863004, 38.336160999897892],
            [-83.137904999824343, 38.336174000229491],
            [-83.137817999785725, 38.336181999836192],
            [-83.137728000272361, 38.336171999799205],
            [-83.137637999860658, 38.336146999700752],
            [-83.137283000033435, 38.335977000211791],
            [-83.13718500012412, 38.335941000111333],
            [-83.137025000290578, 38.335898000222294],
            [-83.136882000175433, 38.33586700012264],
            [-83.136739999885194, 38.335850000266952],
            [-83.136589000272465, 38.335841000051573],
            [-83.136462999875775, 38.335851000134198],
            [-83.136338000202301, 38.335869999723734],
            [-83.136277000102922, 38.335893000184427],
            [-83.136214000353732, 38.335927999737869],
            [-83.13616300030013, 38.3359839999748],
            [-83.136130999614764, 38.336041999897674],
            [-83.136092999979923, 38.336207999784889],
            [-83.136068999690465, 38.336277999979885],
            [-83.136027999682597, 38.336358000119937],
            [-83.136002999568234, 38.336383000145588],
            [-83.135980000002021, 38.336399000016556],
            [-83.135950999689697, 38.336409000022158],
            [-83.135908999856909, 38.336407000303012],
            [-83.135744999825377, 38.336383000145588],
            [-83.135683999726012, 38.336365999706281],
            [-83.135347000340431, 38.336227999847495],
            [-83.134849000398063, 38.336000999799055],
            [-83.13447699995406, 38.335866000255614],
            [-83.134388000265616, 38.335843999653697],
            [-83.13430000040205, 38.335830000099953],
            [-83.134220000036123, 38.335823000322065],
            [-83.134148000066105, 38.335826999792616],
            [-83.134082999768765, 38.335836000009721],
            [-83.133737000162355, 38.335998000203375],
            [-83.133644000275936, 38.33604100003307],
            [-83.133542000168688, 38.336066000168096],
            [-83.133455999954975, 38.336087000133887],
            [-83.133370999566154, 38.336094999750202],
            [-83.133266999809081, 38.336089999725878],
            [-83.132979999753914, 38.33604400033154],
            [-83.13275999964587, 38.335997000338153],
            [-83.132515000321803, 38.335959999677215],
            [-83.132162999969296, 38.33588599970799],
            [-83.131710000232758, 38.335836999877159],
            [-83.131343999636556, 38.335831999835086],
            [-83.13074000028729, 38.335772999875743],
            [-83.130628999959214, 38.335766999960761],
            [-83.130505000110645, 38.335761000045323],
            [-83.129691999625692, 38.335830999967527],
            [-83.129462000370239, 38.335818000279026],
            [-83.129031000375022, 38.335776000185319],
            [-83.12875799966524, 38.335739999984995],
            [-83.128166999836438, 38.335643999833074],
            [-83.127913000291542, 38.335622999738831],
            [-83.127702000404341, 38.335619000257076],
            [-83.12755699974106, 38.335636000167021],
            [-83.127433999717425, 38.335676999767543],
            [-83.127380000189063, 38.335709999686934],
            [-83.127292000325525, 38.335787000145089],
            [-83.127259999640145, 38.335831999835086],
            [-83.127213999609396, 38.335934000344167],
            [-83.127201000088917, 38.336030999976622],
            [-83.126997999699327, 38.336914999773818],
            [-83.126955999866539, 38.337201999879575],
            [-83.126924999904404, 38.33741899982352],
            [-83.126700999598398, 38.339010000279934],
            [-83.126247999861874, 38.339071000067449],
            [-83.126031999951806, 38.339142000136555],
            [-83.125000000082053, 38.338960999743527],
            [-83.12478699964673, 38.338940999730738],
            [-83.124655000300564, 38.338919000062603],
            [-83.124493999743763, 38.338880999659246],
            [-83.124312999993791, 38.338798999833486],
            [-83.124179999924408, 38.338721999757951],
            [-83.123957000341647, 38.338409000182324],
            [-83.12390100026515, 38.338409000182324],
            [-83.123594999943393, 38.338452999821648],
            [-83.123546000437912, 38.338468999940098],
            [-83.123436999759647, 38.338502999827774],
            [-83.123533000019123, 38.33870300021168],
            [-83.123528999821161, 38.339019000101651],
            [-83.123413000368515, 38.339169000253762],
            [-83.123124999590118, 38.339263000322298],
            [-83.122629000195872, 38.339291000214239],
            [-83.121407000355333, 38.339008999751677],
            [-83.120659999992611, 38.338960999743527],
            [-83.119736999902813, 38.339131999803556],
            [-83.119237000310605, 38.339300000001046],
            [-83.118895999828752, 38.339464999652215],
            [-83.118299000152177, 38.339949999653783],
            [-83.118091999564641, 38.34032799968589],
            [-83.118033999838303, 38.340638000022111],
            [-83.118146999816204, 38.341555999837475],
            [-83.118019999594608, 38.341892999657325],
            [-83.117408999674325, 38.342372000240914],
            [-83.115956999679995, 38.34315600034207],
            [-83.115565999867741, 38.343503999961257],
            [-83.115443999669026, 38.343730999751244],
            [-83.115478999829122, 38.344010999936955],
            [-83.115755000013621, 38.344335999789159],
            [-83.116735000004851, 38.345223000326186],
            [-83.117125999817105, 38.345522000257112],
            [-83.117398999628591, 38.34565299978852],
            [-83.117750000156178, 38.345725000183002],
            [-83.118527999582724, 38.345738999938256],
            [-83.11974000027584, 38.345584999663309],
            [-83.120382999983178, 38.345552999748115],
            [-83.120692999604586, 38.345615000099414],
            [-83.120874000252854, 38.345720999849831],
            [-83.121383999890796, 38.346212999717693],
            [-83.121511000112406, 38.346395000030618],
            [-83.121619999892346, 38.34669800033447],
            [-83.121635999785866, 38.347153000030481],
            [-83.121436999594238, 38.347948000040162],
            [-83.121393000111624, 38.348334999976053],
            [-83.121694000410514, 38.349550000312327],
            [-83.121720000349754, 38.350145999802955],
            [-83.121679000341885, 38.350391999919125],
            [-83.121203999965729, 38.35163900032272],
            [-83.121171000353769, 38.351848999649768],
            [-83.121316000118725, 38.352145000068944],
            [-83.121701999908112, 38.352540000033692],
            [-83.121859000266937, 38.352796999961264],
            [-83.122055000085538, 38.353446999665358],
            [-83.122012000427816, 38.353621000321517],
            [-83.121860999916777, 38.353840999953405],
            [-83.120521999900348, 38.355162999815832],
            [-83.120361000241857, 38.355530000280126],
            [-83.120343999625106, 38.355914999965663],
            [-83.120558999710283, 38.356527999840033],
            [-83.120866999681837, 38.357179999713836],
            [-83.121002000299384, 38.357629000254676],
            [-83.120984999682634, 38.35798199999077],
            [-83.120873000427935, 38.358214999653896],
            [-83.120690000129827, 38.358416999664954],
            [-83.120368999739469, 38.358615999748906],
            [-83.119844000032927, 38.358741000123743],
            [-83.118565000290957, 38.358771000040662],
            [-83.117930999906136, 38.35870000019365],
            [-83.11731400013808, 38.358566999796722],
            [-83.116294999788792, 38.358262000024084],
            [-83.112875000314432, 38.358001999676887],
            [-83.112380999671714, 38.358068000292356],
            [-83.111885000277482, 38.358322000242566],
            [-83.111664000344533, 38.358370000099761],
            [-83.110974999708148, 38.358354999707529],
            [-83.110710000292585, 38.358403999803265],
            [-83.110439000130924, 38.358392999755914],
            [-83.110059000189324, 38.358274999911274],
            [-83.109786000377852, 38.358263999844326],
            [-83.108649000027796, 38.358651000298252],
            [-83.108273000284171, 38.358838000209488],
            [-83.108172000001844, 38.358952000238553],
            [-83.108074999917449, 38.359083999677232],
            [-83.108054000001047, 38.359204999655624],
            [-83.108064000046795, 38.359454000022758],
            [-83.108130999993946, 38.35961199995586],
            [-83.108267000436385, 38.359752000125617],
            [-83.108604999646872, 38.359861000331918],
            [-83.109285000062428, 38.359805999776555],
            [-83.110495000207422, 38.359466999695904],
            [-83.110897999715235, 38.359398000320382],
            [-83.111445999886328, 38.359407999968496],
            [-83.111708999652066, 38.359601000092063],
            [-83.112179000005355, 38.360409000304266],
            [-83.112416999656716, 38.360623999998452],
            [-83.112933999865675, 38.36085300011387],
            [-83.114148000208615, 38.361187999860483],
            [-83.114436999913622, 38.361352999659985],
            [-83.11471100044831, 38.361680999813643],
            [-83.114930999658029, 38.362182000188291],
            [-83.115036999963252, 38.362706999808466],
            [-83.115294999706109, 38.363532000272734],
            [-83.115263999743945, 38.363814999823312],
            [-83.114912000289763, 38.364926000292883],
            [-83.114852000015318, 38.365117000160801],
            [-83.11476199960363, 38.365239000081871],
            [-83.114564000135218, 38.365328000004226],
            [-83.114286000300893, 38.365317999765175],
            [-83.113891000290678, 38.365209000027974],
            [-83.113224000293897, 38.364956999929547],
            [-83.113191999608532, 38.364945000003601],
            [-83.112977000421694, 38.364761000185602],
            [-83.112752000290783, 38.364336999742847],
            [-83.112724999628298, 38.363809000118088],
            [-83.112587000434345, 38.363290999979782],
            [-83.112538000030554, 38.362413000011287],
            [-83.112297999831029, 38.361834000160847],
            [-83.112005999752967, 38.361524999900148],
            [-83.111752000208071, 38.361385999856516],
            [-83.111439000213636, 38.361369999869851],
            [-83.111049000226288, 38.361474000072221],
            [-83.110465999895112, 38.36175999985835],
            [-83.110141000205104, 38.362060000045275],
            [-83.11001999983128, 38.362291000257599],
            [-83.109920000272169, 38.362706999808466],
            [-83.110027000402283, 38.363159999954433],
            [-83.110692999675834, 38.36404899991269],
            [-83.110718999615102, 38.364292000153071],
            [-83.109977999998478, 38.36597600029468],
            [-83.108899000273055, 38.367546000295761],
            [-83.108860999739903, 38.367530000262036],
            [-83.108750000310138, 38.367494000349367],
            [-83.108711999777, 38.367482000139709],
            [-83.108598999799099, 38.367472000198269],
            [-83.108568999661856, 38.36747399976408],
            [-83.10850500008776, 38.367489999810125],
            [-83.108452000384304, 38.367514999654979],
            [-83.108418999874033, 38.367535999658834],
            [-83.108344000429284, 38.367604000300226],
            [-83.108176000199805, 38.36786399996771],
            [-83.10809599983385, 38.367987999740222],
            [-83.108034999734485, 38.368044999967616],
            [-83.107734000333906, 38.368273999848107],
            [-83.107458999974313, 38.368465000036871],
            [-83.107180000315054, 38.368651999950934],
            [-83.10706999981187, 38.368719000130199],
            [-83.106766000038263, 38.368889000243733],
            [-83.10653500005958, 38.369012000259119],
            [-83.106222999890051, 38.369133999953412],
            [-83.106062000231546, 38.369181999684386],
            [-83.105899999849868, 38.369217000055052],
            [-83.105735999818336, 38.369234999937284],
            [-83.105493999968985, 38.369240999896988],
            [-83.105415000326275, 38.369232000309346],
            [-83.105339000158295, 38.36920999998226],
            [-83.105103000156731, 38.369125999760406],
            [-83.10500699989727, 38.369074000244929],
            [-83.104905999614928, 38.368951999745221],
            [-83.104851000261675, 38.368871999686903],
            [-83.104792999637027, 38.368756999668214],
            [-83.104759000200147, 38.368667000322333],
            [-83.104722000390225, 38.368541000064013],
            [-83.104653999719844, 38.368159000287818],
            [-83.104614000435205, 38.368033999976674],
            [-83.104565999856305, 38.367944999860214],
            [-83.104503000107115, 38.367857999893786],
            [-83.10445500042654, 38.367801999649622],
            [-83.104243999641042, 38.367632999932866],
            [-83.104144999906836, 38.367544000027607],
            [-83.104077000134765, 38.367464999956688],
            [-83.104067999913937, 38.367453999877547],
            [-83.104021999883187, 38.367362000046782],
            [-83.104006999814573, 38.367268999961098],
            [-83.104026000081134, 38.367175999755958],
            [-83.104097000226247, 38.366985999828756],
            [-83.10410899992182, 38.36688099965501],
            [-83.104079999609496, 38.366773000303404],
            [-83.104016000035401, 38.366676000285359],
            [-83.103682000124564, 38.366372000316098],
            [-83.10349299997867, 38.366182999839793],
            [-83.103246999931372, 38.365926000237543],
            [-83.103159999892753, 38.365842999883235],
            [-83.102909999647494, 38.365633999749129],
            [-83.102651000079717, 38.365476999740089],
            [-83.102369999872309, 38.365389000164797],
            [-83.102220999909406, 38.365364999749822],
            [-83.101424000216284, 38.365889000074382],
            [-83.101307000040435, 38.36601700032984],
            [-83.101038000426911, 38.366026000317291],
            [-83.10045000007284, 38.36638199970524],
            [-83.099835999779515, 38.366955999794683],
            [-83.099439999944408, 38.36713499967302],
            [-83.099208999965725, 38.367135999812774],
            [-83.098911999864796, 38.367040999859022],
            [-83.097829999766333, 38.366444999980367],
            [-83.097484000159923, 38.366358999769986],
            [-83.097216000371333, 38.366408000082579],
            [-83.09687300023964, 38.366585999760261],
            [-83.09665300013161, 38.366768000283876],
            [-83.096324000243641, 38.367154000212537],
            [-83.096241000402969, 38.367642999852066],
            [-83.096407999909246, 38.367933999854031],
            [-83.098094000255287, 38.369181000277223],
            [-83.098409999724453, 38.369484999716356],
            [-83.09857799995396, 38.369738000351816],
            [-83.098692999581687, 38.370082000014037],
            [-83.098721999894011, 38.371084000022108],
            [-83.098931000131373, 38.372388000020003],
            [-83.098921000085639, 38.372671000156267],
            [-83.098738999612436, 38.372954999949251],
            [-83.098464000151139, 38.37308100026921],
            [-83.098019999737119, 38.373169999703407],
            [-83.097105000043229, 38.373147999869254],
            [-83.095514999956634, 38.372436999771935],
            [-83.095007999793438, 38.372268999679456],
            [-83.094513000224111, 38.372197999690819],
            [-83.093132000374894, 38.372438999904858],
            [-83.091386999579314, 38.372886000049988],
            [-83.091066000087267, 38.372889000230693],
            [-83.090592000434327, 38.372756999908702],
            [-83.090374999801043, 38.372627000177857],
            [-83.090198000249046, 38.372420000048606],
            [-83.08989000027745, 38.371866999786484],
            [-83.089684000413129, 38.370857000054244],
            [-83.089188999945478, 38.370005000096533],
            [-83.088771000369064, 38.369069999793084],
            [-83.088264000205854, 38.368490999665909],
            [-83.087444999873128, 38.367790000195363],
            [-83.087191000328232, 38.367381999958681],
            [-83.087176000259603, 38.367136999952479],
            [-83.087280000016676, 38.366940000334871],
            [-83.087465999789529, 38.366787000215403],
            [-83.088345000396714, 38.366348000227084],
            [-83.088490999986576, 38.36612900001554],
            [-83.088464000222402, 38.365955999994256],
            [-83.088271999703451, 38.365761000296857],
            [-83.087094000243837, 38.365352999891527],
            [-83.086438000117724, 38.365027999978984],
            [-83.085742999633538, 38.364558000092472],
            [-83.085263999957746, 38.364356999786295],
            [-83.084464999716488, 38.364238000326658],
            [-83.084239999585591, 38.364269000258027],
            [-83.083929999964198, 38.364406000045534],
            [-83.083622999817521, 38.364526000109109],
            [-83.083448999740256, 38.364652999783601],
            [-83.083218999586492, 38.364795999876932],
            [-83.082996000003732, 38.364999000006861],
            [-83.08278599994145, 38.365284999952493],
            [-83.082696000428072, 38.365558999648222],
            [-83.082584000275091, 38.3659710002201],
            [-83.082564000183595, 38.366251000343794],
            [-83.082619000435187, 38.366580999727816],
            [-83.082730999689858, 38.36696499966537],
            [-83.082838999644892, 38.367195999719307],
            [-83.082912000338141, 38.367579999915414],
            [-83.082939999927234, 38.368255999726848],
            [-83.082800000185159, 38.368626999794522],
            [-83.082678999811321, 38.36873299966576],
            [-83.082509999756923, 38.368786999660102],
            [-83.082241999968332, 38.368823999750319],
            [-83.08193300017183, 38.368776999898927],
            [-83.079893999648363, 38.367846999874423],
            [-83.079394999881075, 38.367669999908784],
            [-83.079029000183183, 38.367637999892636],
            [-83.078762000219484, 38.367687000043652],
            [-83.078458000445877, 38.367845999744489],
            [-83.078177000238483, 38.368092000294382],
            [-83.078019999879658, 38.368302999916594],
            [-83.078024000077619, 38.368618000130567],
            [-83.078414999889858, 38.369219999683558],
            [-83.078754999648467, 38.369555000147727],
            [-83.079655999996987, 38.370100999779801],
            [-83.08149499960561, 38.370742999758356],
            [-83.082024000408424, 38.371080999766562],
            [-83.083059999577841, 38.372651999656654],
            [-83.083315999670873, 38.373256000271333],
            [-83.08332200041697, 38.373644000203264],
            [-83.083136999570726, 38.374805000091207],
            [-83.083189000347573, 38.375049000164431],
            [-83.083400000234775, 38.375233999911046],
            [-83.084761999817403, 38.375898999852524],
            [-83.084996999994047, 38.376069000000335],
            [-83.085279000026347, 38.376390000283841],
            [-83.085334000277953, 38.376668000221052],
            [-83.085260999584705, 38.376796999727738],
            [-83.084884000016146, 38.37699499998066],
            [-83.084590000288259, 38.37709700026231],
            [-83.083888999956315, 38.377210999702648],
            [-83.082543000267194, 38.377534999836982],
            [-83.081552000405324, 38.377663999910439],
            [-83.080770999707426, 38.377685999779949],
            [-83.080420999903041, 38.377618000161753],
            [-83.079446999759625, 38.377161999662498],
            [-83.07883199964138, 38.376959999850897],
            [-83.078164999644613, 38.376655000116067],
            [-83.077618000196736, 38.376503000123712],
            [-83.076807000259919, 38.376516000256011],
            [-83.075957999789964, 38.376530999701529],
            [-83.075057000339768, 38.376418999916801],
            [-83.074254999725454, 38.376165000089621],
            [-83.073134999992163, 38.375614000324212],
            [-83.072827000020595, 38.375543000096556],
            [-83.07232300023044, 38.375506999944569],
            [-83.071785000105095, 38.375591999824707],
            [-83.070889999604375, 38.375855999743585],
            [-83.069911000336376, 38.376314000049213],
            [-83.069548000113215, 38.376579000159808],
            [-83.069327000180266, 38.376923999699727],
            [-83.069213000377474, 38.377370000308503],
            [-83.069230999920819, 38.377686999773836],
            [-83.069431999762259, 38.378660999952878],
            [-83.069404999998071, 38.379259999839725],
            [-83.069131000361708, 38.379979000191589],
            [-83.0684910001291, 38.38107900026818],
            [-83.06838200034916, 38.381534000079583],
            [-83.068435000052602, 38.382122000157729],
            [-83.068563000099118, 38.382456000111802],
            [-83.068990999721294, 38.383229000164555],
            [-83.069121000315945, 38.383779999674047],
            [-83.069030999904257, 38.384094000205863],
            [-83.068792000427976, 38.384394000055046],
            [-83.068554999703196, 38.384561000260575],
            [-83.068197000401241, 38.38471300022205],
            [-83.06776399985786, 38.384824999840994],
            [-83.066090000105703, 38.384916000107864],
            [-83.0648160003866, 38.385463999781713],
            [-83.064093000313335, 38.385837000102931],
            [-83.063263000109927, 38.386428999900936],
            [-83.06292500000113, 38.386604000006393],
            [-83.06248800015814, 38.386701000067504],
            [-83.062044999569039, 38.38672600031628],
            [-83.060746999560493, 38.386829999990802],
            [-83.06031100044072, 38.386912000346477],
            [-83.058346000435407, 38.387468999820648],
            [-83.05717599957508, 38.387665000020959],
            [-83.056629000127217, 38.387713999988037],
            [-83.056217000398576, 38.387698000189268],
            [-83.055608999953023, 38.387550000298319],
            [-83.055209999744861, 38.387372000085392],
            [-83.054875000009091, 38.387136000346018],
            [-83.054748999612386, 38.38694900032192],
            [-83.05419700014167, 38.386066000005997],
            [-83.0538969996677, 38.385367000173993],
            [-83.053828999895643, 38.384773000341255],
            [-83.053951999919278, 38.383968999960132],
            [-83.053966000162987, 38.383496000122634],
            [-83.053873000276582, 38.383223999873778],
            [-83.05376899962117, 38.383109000131405],
            [-83.053645999597535, 38.383060999780767],
            [-83.053422000189855, 38.383081000282836],
            [-83.052896999584988, 38.38329399968864],
            [-83.052351999786964, 38.383610999953859],
            [-83.052136999701787, 38.38383899995425],
            [-83.051981000066206, 38.384140000061649],
            [-83.051890999654503, 38.384140000061649],
            [-83.050527000422051, 38.384150999716681],
            [-83.050385999956745, 38.384219000235561],
            [-83.050113999970179, 38.384366999901296],
            [-83.049975999877915, 38.384420000297915],
            [-83.049592999563259, 38.384494999862802],
            [-83.04904399956726, 38.384694999965333],
            [-83.048615000120179, 38.384807000316322],
            [-83.048437999669844, 38.384842000170394],
            [-83.048255000270075, 38.384866999653433],
            [-83.047901000267728, 38.384886999656132],
            [-83.047816999703826, 38.384897000007463],
            [-83.047737000236211, 38.384918999789768],
            [-83.047370999640009, 38.385050999751243],
            [-83.047129999615578, 38.385165000036174],
            [-83.046874000420857, 38.385305999954781],
            [-83.046593000213463, 38.385445999711898],
            [-83.046390999648779, 38.385527000342861],
            [-83.046080000202465, 38.385626000208511],
            [-83.045794999797124, 38.385696999694403],
            [-83.045470000107102, 38.385826000000201],
            [-83.044959999570864, 38.386002000035354],
            [-83.044796000437643, 38.386037000015307],
            [-83.044710000223901, 38.386048000085943],
            [-83.044526999925807, 38.386053000181548],
            [-83.043812000248465, 38.38604100023322],
            [-83.043562999828126, 38.386008000013],
            [-83.043474999964573, 38.385978000119792],
            [-83.043234999765048, 38.385874999804933],
            [-83.043047000342398, 38.385720999703196],
            [-83.042905999877092, 38.385555999833876],
            [-83.042665999677567, 38.385233000305909],
            [-83.042556999897613, 38.385126999961145],
            [-83.04251699971465, 38.385099000189605],
            [-83.042373999599533, 38.385057999699775],
            [-83.042217000139004, 38.385013000320427],
            [-83.041961999870878, 38.385014000213083],
            [-83.041827000151656, 38.38503699985209],
            [-83.041741999762863, 38.38508600019135],
            [-83.04159100015012, 38.38521699995826],
            [-83.032303000424008, 38.384179999759397],
            [-83.03131699968668, 38.384743999832182],
            [-83.031072000362599, 38.384908000251535],
            [-83.031017999935926, 38.384917000001863],
            [-83.029570999964491, 38.385732999704615],
            [-83.027400999919749, 38.386561999794395],
            [-83.026762000410386, 38.386692999704465],
            [-83.025395999731472, 38.387060000134738],
            [-83.023942000087331, 38.387451000249783],
            [-83.023820999713493, 38.387472999959364],
            [-83.023162999937554, 38.387597999782315],
            [-83.02042299998044, 38.388019000272507],
            [-83.01432499957491, 38.388693000261469],
            [-83.013696999936215, 38.388636000105464],
            [-83.012937000053014, 38.388619999806536],
            [-83.012846999641326, 38.388630000345842],
            [-83.010094999988652, 38.388626000271117],
            [-83.011001000360011, 38.390255000257724],
            [-83.011398999844971, 38.390942999992717],
            [-83.011755000395425, 38.391526999707501],
            [-83.012001000442723, 38.391912000122694],
            [-83.012317999736808, 38.39238499983832],
            [-83.012603000142164, 38.392785999994537],
            [-83.013130000396856, 38.393502000340604],
            [-83.013481999851038, 38.393963999943253],
            [-83.013989000014263, 38.394600999877468],
            [-83.014436999727906, 38.395137000242435],
            [-83.014823000415603, 38.395579999848771],
            [-83.015332000228639, 38.396140000067746],
            [-83.015378000259389, 38.396191000104729],
            [-83.016031000012447, 38.396877000226169],
            [-83.016694999636186, 38.397561999751616],
            [-83.016560999741884, 38.397636999767933],
            [-83.016492999969813, 38.397675000309739],
            [-83.016421999824715, 38.397708999851233],
            [-83.01632599956524, 38.39774399979737],
            [-83.016276000234853, 38.397755000199361],
            [-83.016205999914646, 38.397770999885019],
            [-83.016065000347652, 38.397787000271215],
            [-83.015909999638637, 38.397783999715038],
            [-83.015750999629986, 38.397758000052697],
            [-83.015225000098511, 38.397608000193273],
            [-83.015158999976265, 38.397591999767506],
            [-83.01482900026339, 38.397515000264924],
            [-83.014398000268173, 38.397427999951184],
            [-83.013762000233527, 38.397318000286617],
            [-83.013459000284826, 38.397311000116687],
            [-83.013354999629456, 38.397311999839268],
            [-83.013154999612894, 38.397326999900663],
            [-83.012962000167363, 38.397354999866067],
            [-83.012778000044349, 38.397395999720423],
            [-83.012473000445823, 38.39748800008168],
            [-83.012427000415073, 38.397501999682532],
            [-83.01227699972894, 38.397573999900239],
            [-83.012049000123284, 38.397693000151804],
            [-83.011736999953769, 38.397869000170687],
            [-83.011496999754243, 38.39799400032792],
            [-83.011341999943554, 38.398083000088448],
            [-83.011057000436509, 38.398261999694341],
            [-83.011024999751143, 38.398278999681011],
            [-83.010981000268529, 38.398301000320508],
            [-83.010671999573745, 38.39844400008991],
            [-83.010439999770128, 38.398509000019558],
            [-83.010283000309627, 38.398540000052087],
            [-83.010119000278081, 38.398556999973444],
            [-83.009802000085671, 38.398575000299942],
            [-83.009642000252114, 38.398580000233366],
            [-83.009319000211917, 38.398607999713491],
            [-83.009169000424095, 38.398640000111811],
            [-83.009024999585733, 38.398676999718646],
            [-83.008729000208049, 38.398766000046415],
            [-83.008489999833444, 38.39883200009217],
            [-83.008411000190719, 38.398858999773466],
            [-83.008067000234135, 38.398977000322354],
            [-83.007986000043289, 38.399015999858818],
            [-83.007919999921043, 38.399057000179191],
            [-83.007823999661568, 38.399146999736374],
            [-83.007761999737312, 38.399220999820201],
            [-83.007724999927362, 38.399292999733937],
            [-83.007704000010975, 38.399402999913505],
            [-83.007712000406897, 38.399524000058449],
            [-83.007749000216833, 38.399733999840919],
            [-83.007852999973892, 38.400090000217332],
            [-83.007887000309097, 38.400283999933599],
            [-83.007862000194734, 38.400341000059761],
            [-83.007820000361946, 38.400405000011936],
            [-83.007762999562217, 38.400455000177196],
            [-83.00768899994236, 38.400486000079205],
            [-83.00759699988086, 38.400490000201842],
            [-83.007514999865094, 38.400462000042694],
            [-83.007437999872209, 38.400424999941407],
            [-83.00737799959775, 38.400363000071721],
            [-83.007328000267336, 38.400279000118026],
            [-83.007223999611952, 38.400070000195178],
            [-83.007175999931377, 38.399951000336351],
            [-83.007077000197171, 38.399747999710868],
            [-83.006751999608852, 38.399036000172579],
            [-83.006692000232718, 38.398921999929414],
            [-83.006621999912511, 38.398811000020146],
            [-83.006527000376266, 38.398683000052714],
            [-83.00631700031397, 38.398429999967426],
            [-83.006094999657819, 38.398195999832225],
            [-83.005893999816365, 38.398048000306432],
            [-83.005677000081391, 38.397926000088937],
            [-83.005140999605871, 38.397726999684835],
            [-83.004957000381154, 38.397673999888156],
            [-83.00475700036462, 38.397605000333712],
            [-83.004637999640622, 38.397568000178232],
            [-83.00456700039382, 38.397546000019659],
            [-83.003560999565025, 38.397199999845967],
            [-83.003257999616324, 38.397122000200746],
            [-83.00294899981985, 38.397055000275827],
            [-83.001959999607791, 38.396852999695547],
            [-83.001359999558161, 38.396737999799626],
            [-83.001245999755341, 38.396716000092589],
            [-83.001079000249078, 38.396679000186118],
            [-83.00091600004248, 38.396635999757301],
            [-83.000756000208895, 38.396577000060546],
            [-83.00059800002515, 38.396508999896859],
            [-83.000444999864271, 38.396431000210136],
            [-83.000301999749126, 38.396330999911022],
            [-83.000163999656877, 38.396220999985474],
            [-83.000037000333577, 38.396102999866493],
            [-82.999992999952653, 38.396048999843252],
            [-82.999927999655313, 38.39596999991916],
            [-82.999823000073334, 38.395825999737383],
            [-82.999717999593031, 38.395662999884699],
            [-82.999608999813091, 38.395534000228885],
            [-82.999279999925122, 38.395080000237435],
            [-82.999308000412526, 38.395581000299337],
            [-82.999552999736608, 38.399902999900057],
            [-82.999540000216115, 38.400061000218642],
            [-82.999741999882488, 38.402338999757475],
            [-83.000885999905236, 38.410592000046144],
            [-83.000731000094547, 38.410608999948664],
            [-83.000490000070116, 38.410712999762083],
            [-83.000178999725492, 38.410945999964824],
            [-82.999937999701075, 38.411185000120341],
            [-82.999634999752359, 38.411396000042387],
            [-82.999018999809223, 38.411729999930493],
            [-82.998592000011953, 38.411896000126632],
            [-82.998326999698079, 38.411922999855392],
            [-82.997976999893709, 38.41179799985342],
            [-82.997930999862959, 38.411684000029105],
            [-82.997544000248681, 38.411219000346264],
            [-82.997000000275548, 38.410665999675416],
            [-82.99665700014387, 38.410420000310708],
            [-82.996232999821345, 38.410265999692726],
            [-82.995855000427881, 38.410374999821265],
            [-82.995571999672364, 38.410460999793685],
            [-82.995422999709447, 38.410590999803325],
            [-82.995338000218936, 38.410663999895675],
            [-82.995058999661367, 38.410812000338794],
            [-82.994365999725318, 38.411048999760659],
            [-82.994200000043975, 38.411273000299524],
            [-82.994190999823147, 38.411506000104396],
            [-82.994203000417016, 38.4118539998247],
            [-82.994045000233271, 38.411856999796818],
            [-82.993526000374501, 38.411906000261993],
            [-82.993143000059845, 38.412012000062816],
            [-82.992560999553589, 38.412203000201252],
            [-82.992086999900664, 38.412231000035376],
            [-82.991624999943298, 38.412111999785509],
            [-82.991169999658638, 38.411844999907657],
            [-82.990901999870005, 38.41151600029368],
            [-82.990803999960733, 38.411030000192042],
            [-82.990680000112164, 38.410500000173094],
            [-82.990525000301474, 38.410120000037885],
            [-82.990372000140596, 38.410002000082045],
            [-82.990215999606676, 38.409988000086443],
            [-82.989799999680073, 38.410090000294055],
            [-82.988983999720389, 38.410451000162304],
            [-82.987957999698409, 38.410932999686295],
            [-82.987790000367227, 38.410891000232446],
            [-82.987726999719726, 38.410794000244032],
            [-82.98767499984119, 38.410657000314316],
            [-82.987535000099101, 38.410386999954483],
            [-82.98721899973161, 38.410056000240886],
            [-82.987059999722959, 38.409933000328778],
            [-82.986892000391776, 38.409804000093096],
            [-82.986451000350797, 38.409592999745904],
            [-82.986340000022736, 38.409426999890435],
            [-82.986497000381561, 38.409174999660969],
            [-82.986579000397327, 38.409003000072332],
            [-82.986692000375228, 38.408776999704124],
            [-82.986801999980088, 38.40855599998423],
            [-82.986904000087335, 38.408319999699664],
            [-82.986955999965872, 38.407998000066641],
            [-82.986925999828642, 38.407790000218668],
            [-82.986687000352347, 38.407426999858821],
            [-82.986597999765593, 38.40723200001807],
            [-82.986581000047153, 38.406926999825743],
            [-82.986656000390212, 38.406699999707968],
            [-82.98699799979866, 38.406323999805004],
            [-82.987181999921674, 38.406042000001918],
            [-82.987207000036037, 38.405741999857256],
            [-82.987116999624348, 38.405356000265456],
            [-82.986972999684312, 38.405184000035078],
            [-82.986756999774244, 38.405045999709841],
            [-82.985751999668665, 38.405001000097698],
            [-82.985186999779131, 38.404920000162164],
            [-82.984888000028405, 38.404828999726476],
            [-82.984773000400679, 38.404735000316499],
            [-82.984732000392782, 38.404613999742729],
            [-82.984606999821011, 38.404248999664659],
            [-82.984503000063924, 38.403973000107982],
            [-82.984256000191721, 38.403622000136359],
            [-82.983793000409449, 38.403278999805018],
            [-82.983693999776946, 38.403207000341581],
            [-82.983660000340066, 38.403093000340384],
            [-82.983723999914176, 38.402912000030909],
            [-82.984000000098689, 38.402461000271238],
            [-82.984036999908596, 38.402204999659894],
            [-82.984045000304533, 38.401906999802712],
            [-82.983990000052955, 38.401757999765394],
            [-82.983799000257235, 38.401632000117822],
            [-82.983559000057724, 38.401600000340004],
            [-82.982901000281785, 38.401603000033781],
            [-82.982611999678468, 38.401592999880698],
            [-82.982343000064958, 38.401445000269554],
            [-82.982020000024775, 38.400978999800245],
            [-82.981639000258241, 38.40068200019671],
            [-82.981327999913645, 38.40058099976433],
            [-82.980788999963394, 38.400575999969298],
            [-82.98025300038617, 38.400530999686282],
            [-82.979983000049444, 38.40042299987828],
            [-82.979881999767102, 38.400297000015748],
            [-82.979916000102293, 38.400132000316162],
            [-82.979926999972932, 38.399572000042383],
            [-82.979884000315238, 38.399310999877173],
            [-82.979758999743439, 38.399153999728526],
            [-82.979552999879132, 38.399066000280776],
            [-82.978589999606342, 38.398856999667075],
            [-82.978366000198662, 38.398872000111886],
            [-82.977634999729474, 38.399162999817975],
            [-82.977080999710608, 38.399310000182254],
            [-82.976806000249312, 38.399331000109321],
            [-82.976458000094766, 38.399171000209464],
            [-82.976251000405526, 38.399101000273973],
            [-82.975483999951322, 38.398916000319211],
            [-82.974970000115434, 38.398623999914399],
            [-82.974746999634348, 38.398621000097044],
            [-82.974456000279531, 38.398706000272547],
            [-82.973942000443628, 38.398926999838835],
            [-82.973560999778812, 38.398957999692136],
            [-82.973345999693649, 38.39895900009595],
            [-82.973092999973673, 38.398961000199577],
            [-82.972718999879859, 38.39879499986057],
            [-82.972540999604618, 38.398644000336603],
            [-82.972395000014743, 38.398350999828978],
            [-82.972383000319184, 38.397720000258552],
            [-82.972331000440661, 38.397389000262038],
            [-82.97213600044698, 38.397053999845603],
            [-82.9717720003989, 38.396789999848664],
            [-82.971487999818478, 38.3966900000461],
            [-82.971044000302754, 38.39661600018767],
            [-82.970980999655254, 38.396564000013491],
            [-82.97090799986033, 38.396416999697834],
            [-82.97103500008194, 38.394830999948091],
            [-82.971069000417117, 38.394390999969971],
            [-82.970978000180537, 38.394063999995893],
            [-82.970819000171858, 38.393764000127135],
            [-82.970647999569337, 38.393665999909651],
            [-82.970496000131661, 38.393669999705622],
            [-82.970065000136458, 38.393785000257019],
            [-82.969444000170441, 38.393862999982062],
            [-82.969008999977262, 38.393811999711048],
            [-82.968803999937847, 38.393804999905683],
            [-82.96816399970524, 38.393951999899514],
            [-82.967634999800737, 38.394137999650141],
            [-82.967187999911985, 38.394176999684767],
            [-82.966598999733023, 38.394103000070487],
            [-82.96606800017868, 38.393921999781362],
            [-82.965822999956302, 38.393863999752313],
            [-82.965309000120413, 38.393891999650769],
            [-82.965166999830174, 38.393854999707251],
            [-82.964940000049467, 38.393613999725979],
            [-82.964805000330259, 38.393493000250487],
            [-82.964534999993504, 38.393251999766733],
            [-82.964252000136284, 38.393129999905014],
            [-82.963760999866594, 38.393087999962759],
            [-82.96321600006857, 38.393116999942251],
            [-82.962896000401443, 38.393209999895284],
            [-82.962640000308397, 38.393390000077765],
            [-82.962118000076586, 38.393951999899514],
            [-82.961769000097121, 38.39413000010979],
            [-82.961480000392129, 38.39415599966874],
            [-82.961078999635802, 38.393988999793393],
            [-82.960714999587736, 38.39392000024241],
            [-82.960486000157189, 38.393991000034461],
            [-82.959949999681669, 38.394315000342594],
            [-82.959056999729086, 38.394981999691481],
            [-82.958897999720421, 38.395031000333063],
            [-82.958619000061162, 38.394764000012223],
            [-82.958208999982361, 38.394524999766816],
            [-82.957427000357839, 38.394236999697064],
            [-82.957171000264808, 38.394241000165479],
            [-82.957061999586543, 38.394340999835023],
            [-82.95667699962209, 38.395057000272089],
            [-82.956483000351639, 38.395659000199018],
            [-82.956388999741989, 38.396029000111241],
            [-82.956254999847701, 38.39607000001353],
            [-82.955563999561477, 38.395626999889267],
            [-82.955303000343889, 38.395618000063664],
            [-82.95522399980284, 38.395657999749531],
            [-82.954915000006366, 38.395816999936493],
            [-82.95420100015393, 38.396102999866493],
            [-82.953540000004935, 38.396169000231232],
            [-82.952977999590146, 38.396341000087965],
            [-82.952631999983737, 38.396539000349698],
            [-82.952519999830741, 38.396732999738802],
            [-82.952550999792876, 38.39694099972494],
            [-82.953020000321246, 38.397775000157942],
            [-82.953201999896123, 38.39808700034407],
            [-82.953452000141382, 38.398502999671095],
            [-82.953560999921322, 38.398886000148764],
            [-82.953423999653978, 38.39929999971195],
            [-82.953141999621678, 38.399475000350002],
            [-82.95251599963278, 38.399688000048002],
            [-82.951914999758259, 38.399753000267175],
            [-82.951749000076902, 38.399660999972305],
            [-82.95138199965578, 38.39935400012299],
            [-82.950899999606918, 38.399001000147919],
            [-82.950424000304182, 38.398687000275125],
            [-82.950045000187487, 38.398336999688489],
            [-82.949785999721414, 38.398277999971818],
            [-82.949387000411562, 38.398372000034627],
            [-82.948994999876078, 38.398547000103015],
            [-82.948703999622936, 38.398671999791937],
            [-82.948233000343066, 38.398994999840248],
            [-82.947973000052045, 38.399343999658775],
            [-82.947875999967692, 38.399776000146638],
            [-82.947854000226371, 38.399895999980423],
            [-82.947798999974779, 38.399974999838555],
            [-82.94761499985178, 38.399958999936608],
            [-82.947412000360501, 38.399778000227606],
            [-82.946850999770618, 38.399393000160096],
            [-82.946145000314104, 38.399183999787759],
            [-82.945891999695789, 38.399278000080507],
            [-82.94534299969979, 38.399599000151383],
            [-82.945244999790503, 38.399656999803788],
            [-82.944658000159663, 38.399508999748932],
            [-82.944453000120248, 38.399457999940495],
            [-82.943849999697605, 38.399407999789666],
            [-82.943108000256046, 38.39932100034595],
            [-82.942867000231644, 38.399194999970625],
            [-82.942233999671743, 38.398853999859341],
            [-82.94209899995252, 38.398935000256444],
            [-82.941963000408407, 38.399208999944953],
            [-82.941325999650559, 38.400484000017826],
            [-82.941170000014935, 38.400553000344374],
            [-82.940796999746027, 38.400521999767086],
            [-82.940297000153834, 38.400475999771643],
            [-82.940058999604133, 38.400553000344374],
            [-82.939841000044254, 38.40065800022527],
            [-82.939769000074236, 38.400862999754274],
            [-82.939821999777664, 38.401166000150027],
            [-82.939835000196467, 38.401445999935007],
            [-82.939699999578934, 38.401554000326492],
            [-82.938911000281763, 38.401887000283267],
            [-82.938703999694184, 38.401815999797492],
            [-82.938620000028607, 38.401651999707802],
            [-82.93823500006414, 38.401134000165911],
            [-82.938040999895378, 38.401046000312483],
            [-82.937855999947445, 38.401085000140711],
            [-82.937578000113106, 38.401202000203263],
            [-82.937322999844966, 38.401308999884073],
            [-82.936839999971227, 38.401490999648416],
            [-82.936500000212604, 38.401492000017186],
            [-82.936255999815131, 38.401372000016821],
            [-82.93602700038457, 38.401160999691456],
            [-82.935848000284437, 38.400730999791087],
            [-82.935956000239472, 38.40042000013554],
            [-82.936311000066709, 38.400041000188516],
            [-82.936439000113239, 38.399783000077882],
            [-82.936398000105342, 38.399494000140322],
            [-82.936209999784381, 38.39931599975975],
            [-82.935531000092041, 38.398796999968738],
            [-82.934593999758519, 38.398053000276306],
            [-82.934290999809832, 38.397948000131862],
            [-82.933922999563791, 38.397980000118295],
            [-82.933469000002333, 38.398144999801538],
            [-82.933111999626973, 38.398204000330729],
            [-82.932956999816255, 38.39813999983798],
            [-82.932586999920417, 38.397884000116512],
            [-82.932109999894436, 38.397608000193273],
            [-82.932025000403939, 38.397558000170996],
            [-82.931659999632657, 38.397473999774071],
            [-82.931237000033349, 38.397525999997775],
            [-82.93087600035831, 38.397703000140368],
            [-82.930538000249499, 38.397827000165094],
            [-82.930304999722694, 38.397688000157032],
            [-82.930211999836288, 38.39761300019358],
            [-82.929619000357661, 38.397150999970343],
            [-82.929167000446043, 38.396979999655699],
            [-82.92862400029783, 38.396931000335023],
            [-82.928045000164616, 38.396970000271182],
            [-82.927133999770362, 38.397248999688365],
            [-82.926871999829544, 38.397252999990187],
            [-82.926104000448746, 38.39711900032102],
            [-82.925773000012612, 38.397174999698052],
            [-82.924875999862095, 38.397585000328093],
            [-82.924782000150756, 38.397571000039271],
            [-82.92339299990563, 38.397369999918496],
            [-82.922916999704569, 38.397311000116687],
            [-82.919790000133148, 38.396952999976648],
            [-82.919252999832722, 38.396924999855543],
            [-82.918841000104052, 38.39705899988428],
            [-82.918564999919553, 38.397071999842339],
            [-82.918056999931423, 38.396986000130617],
            [-82.917742000287163, 38.396958000022302],
            [-82.917462999729594, 38.397032999961148],
            [-82.916938000023023, 38.397447000279499],
            [-82.916811999626333, 38.397546999739035],
            [-82.916589000043572, 38.397678000166401],
            [-82.91632799992766, 38.397832000150309],
            [-82.915944999613032, 38.397886000249827],
            [-82.91557499971718, 38.397825999745606],
            [-82.915344999563402, 38.397787999987194],
            [-82.915081999797664, 38.397820000044447],
            [-82.914758999757481, 38.397988999649876],
            [-82.913921999881396, 38.398576000005036],
            [-82.913213000051826, 38.398888999955176],
            [-82.912711999736416, 38.398949000281121],
            [-82.912366999954898, 38.398863999687308],
            [-82.911954000401352, 38.398756000204884],
            [-82.911782999798803, 38.398711999900179],
            [-82.911621000315421, 38.398669999680308],
            [-82.908082000117034, 38.397748000071743],
            [-82.905944999684294, 38.397191999940389],
            [-82.904392000305933, 38.396783000331659],
            [-82.902579999563187, 38.396311999993465],
            [-82.898387999611757, 38.395225000248367],
            [-82.893228000262951, 38.393881999839159],
            [-82.890663000208036, 38.393209999895284],
            [-82.889910999822433, 38.393013000155996],
            [-82.889817999936028, 38.392990000237219],
            [-82.889736999745168, 38.392969999659051],
            [-82.889677000369034, 38.392949999779376],
            [-82.889597000003079, 38.392926999840562],
            [-82.889530000055927, 38.392913000057909],
            [-82.889385000290972, 38.392874999829473],
            [-82.889287000381685, 38.392848999809956],
            [-82.888986999907729, 38.392769999909738],
            [-82.888899999869082, 38.392746999913676],
            [-82.885010999866353, 38.391721999671027],
            [-82.881859000180569, 38.390891999774404],
            [-82.881789999685296, 38.390875000163064],
            [-82.881767000119083, 38.390868000073432],
            [-82.881736000156934, 38.390860000171308],
            [-82.881148999627783, 38.390706000123075],
            [-82.881102999597033, 38.390694000242704],
            [-82.88104499987071, 38.390677999695001],
            [-82.874687000072498, 38.389003999666798],
            [-82.865260000429217, 38.386522000005712],
            [-82.847623999886892, 38.381880999804373],
            [-82.84703600043116, 38.381722999896603],
            [-82.846756999873577, 38.381652999969781],
            [-82.844720999723165, 38.381116999653131],
            [-82.842036999842534, 38.380408000316784],
            [-82.841583000281105, 38.380290999702716],
            [-82.841359999800019, 38.380230000132087],
            [-82.840753999902631, 38.380070000217337],
            [-82.840341000349042, 38.37996100016516],
            [-82.839490000229276, 38.379736999775027],
            [-82.838474000253029, 38.379470000026039],
            [-82.837649999897423, 38.379253000034254],
            [-82.836658000210647, 38.378990999786922],
            [-82.835617000120052, 38.378717000244187],
            [-82.834511999557051, 38.378425999942984],
            [-82.833299999762232, 38.378107000218478],
            [-82.831814000331036, 38.377716000295393],
            [-82.830327000176609, 38.377323999668654],
            [-82.828958000022965, 38.376963999866611],
            [-82.8269110000019, 38.376424999985105],
            [-82.82281199993686, 38.375346000121638],
            [-82.821728000188585, 38.375059999793315],
            [-82.820011999705301, 38.374611999661127],
            [-82.81997300024554, 38.374598999890978],
            [-82.81994399993323, 38.374591000302139],
            [-82.81745400022136, 38.373935000019316],
            [-82.817286999816801, 38.374328000033429],
            [-82.817275000121214, 38.37502300007457],
            [-82.817234999938236, 38.375159999928336],
            [-82.817193000105448, 38.375502999848344],
            [-82.81739099957386, 38.375697000035849],
            [-82.817603000184278, 38.375930999736859],
            [-82.817636999621172, 38.376027000009259],
            [-82.817655999887734, 38.37616000001475],
            [-82.817711999964217, 38.376477999862757],
            [-82.817728999682672, 38.376579000159808],
            [-82.817701999918484, 38.376682000331485],
            [-82.817136000204059, 38.376880000194937],
            [-82.816682999569196, 38.376995999984153],
            [-82.816161000235695, 38.377205999700074],
            [-82.815945000325641, 38.377421000202936],
            [-82.815858000287008, 38.377629000104321],
            [-82.81598999963316, 38.378179000029768],
            [-82.815966000242028, 38.378348999749747],
            [-82.815852000439222, 38.378624999943959],
            [-82.815709000324091, 38.37888000026684],
            [-82.815628000133231, 38.379166000283121],
            [-82.815198999787825, 38.379735999809427],
            [-82.814896999664043, 38.380072000139194],
            [-82.814755000272129, 38.380165999926987],
            [-82.81447499988964, 38.380236999842971],
            [-82.814229999667276, 38.380335999907103],
            [-82.813996000213848, 38.380556999988265],
            [-82.813909000175215, 38.380773000342401],
            [-82.813826000334529, 38.381150999938328],
            [-82.81381299991574, 38.381594999959006],
            [-82.813724000227282, 38.381755000021698],
            [-82.813534000256482, 38.381910000053011],
            [-82.813144000269133, 38.382026000227143],
            [-82.812622999862242, 38.382250999797833],
            [-82.81229899999714, 38.382424000296872],
            [-82.812134999965608, 38.382598000308157],
            [-82.811979000330012, 38.383217999665185],
            [-82.8119519996675, 38.383310999673689],
            [-82.81186100032923, 38.383487000195437],
            [-82.811555000007488, 38.38383899995425],
            [-82.811223999571354, 38.384147000098352],
            [-82.81085299985061, 38.38473400016381],
            [-82.810501000396414, 38.385410000262986],
            [-82.810145999670851, 38.38593999976775],
            [-82.809790999843599, 38.386305999919479],
            [-82.809337000282184, 38.38663899969503],
            [-82.808892000043258, 38.386989999739775],
            [-82.808844000362683, 38.387097000034473],
            [-82.809022999564505, 38.387153000132216],
            [-82.809237999649653, 38.387169000051564],
            [-82.809600999872814, 38.387221999803195],
            [-82.809865000361768, 38.387355000350738],
            [-82.810042999738684, 38.387451000249783],
            [-82.810273999717381, 38.387576000110812],
            [-82.810414000357767, 38.387680999827033],
            [-82.810686000344347, 38.387884999684985],
            [-82.810835000307264, 38.387996000173572],
            [-82.811036000148704, 38.38816500020971],
            [-82.811149000126619, 38.388351999906114],
            [-82.811187999586352, 38.388530999663381],
            [-82.811204000378197, 38.388605000051157],
            [-82.811212999700729, 38.3886490001697],
            [-82.811187999586352, 38.389018000206306],
            [-82.811141999555602, 38.389294999660585],
            [-82.810994000315915, 38.389719000316262],
            [-82.810816000040674, 38.390047000048021],
            [-82.810507000244186, 38.390485000070591],
            [-82.810457000015489, 38.390554999899038],
            [-82.81036199958092, 38.390679000213403],
            [-82.810253999625886, 38.390819999943439],
            [-82.810169999960308, 38.390928999825931],
            [-82.810093999792329, 38.391028000041935],
            [-82.810070000401183, 38.391097000240364],
            [-82.810029000393314, 38.391216999693917],
            [-82.809990999860162, 38.39132799999684],
            [-82.809985000012375, 38.391343999696609],
            [-82.809959999898027, 38.39159200022317],
            [-82.809955999700065, 38.39163999984072],
            [-82.809964000095974, 38.391709000159224],
            [-82.809984000187455, 38.391873000274522],
            [-82.809994000233218, 38.391956000341395],
            [-82.81003299969295, 38.392040999903919],
            [-82.810066000203221, 38.392112999927392],
            [-82.81014099964797, 38.392276999830514],
            [-82.810286000311251, 38.392403000293314],
            [-82.810350999710266, 38.392460000296467],
            [-82.810482999954758, 38.392623000329223],
            [-82.810564000145604, 38.392722000338203],
            [-82.81064500033645, 38.392812999821537],
            [-82.810637999765461, 38.392985999699533],
            [-82.810636999940542, 38.393023999869648],
            [-82.810568000343551, 38.393208000336642],
            [-82.810395999916111, 38.393409999835683],
            [-82.810190000051776, 38.393665999909651],
            [-82.810046999936645, 38.393844999890476],
            [-82.809841999897245, 38.394118000093584],
            [-82.809726000444599, 38.394274000149117],
            [-82.809651000101525, 38.394373000009828],
            [-82.809455000282966, 38.39454899966217],
            [-82.809383000312934, 38.394614000277492],
            [-82.809081000189153, 38.394822000023346],
            [-82.808871999951762, 38.394966000092623],
            [-82.808645000171055, 38.395120000220949],
            [-82.80853399984295, 38.395194999954334],
            [-82.808225999871382, 38.395341999938331],
            [-82.807993000242888, 38.39545199979316],
            [-82.807600999707404, 38.395568999819851],
            [-82.807522999889599, 38.395592000326381],
            [-82.807225999788685, 38.395654999809061],
            [-82.806993000160176, 38.395703999994538],
            [-82.806398999958333, 38.395731000140039],
            [-82.805945000396889, 38.395756999827341],
            [-82.805751000228142, 38.395772000211309],
            [-82.805486999739188, 38.395910999678911],
            [-82.805248000262893, 38.396094000100092],
            [-82.804919000374909, 38.396511999801895],
            [-82.80473799972664, 38.396802999855097],
            [-82.804597999984537, 38.396981000086896],
            [-82.804389999572109, 38.397250000115896],
            [-82.804033999919938, 38.397556999747785],
            [-82.803672000420022, 38.397746999651162],
            [-82.803198999693677, 38.397913999998735],
            [-82.802771000071502, 38.397965999905963],
            [-82.802002999792393, 38.397874000152989],
            [-82.801648999790061, 38.397822000179588],
            [-82.801313000229399, 38.39783299986567],
            [-82.800930999739663, 38.397886999964449],
            [-82.800406999858026, 38.397899999773621],
            [-82.799874999580481, 38.397867000036896],
            [-82.799507000232751, 38.39796200034769],
            [-82.799138000161804, 38.398159999690051],
            [-82.798923999901561, 38.398381000221441],
            [-82.798760999694935, 38.398587999985345],
            [-82.798608000432367, 38.398834000199251],
            [-82.798503999776997, 38.399118999760987],
            [-82.798527000241521, 38.399619999994499],
            [-82.798508999799878, 38.399857999902054],
            [-82.798379999928429, 38.400028999745317],
            [-82.798210999874044, 38.400148999863156],
            [-82.797982000443497, 38.400230999899527],
            [-82.797660000228205, 38.400241000240982],
            [-82.797200999745584, 38.400221000260643],
            [-82.796980999637569, 38.400303000215303],
            [-82.796765999552392, 38.400488999819217],
            [-82.796466999801666, 38.400630999807852],
            [-82.795812000398769, 38.400752000009312],
            [-82.79528000012121, 38.401012000228427],
            [-82.795019000005297, 38.401083999766314],
            [-82.794812000316071, 38.401057999882781],
            [-82.794297999581858, 38.400823000132213],
            [-82.794027000318508, 38.400765999682115],
            [-82.793792000141877, 38.400782999784013],
            [-82.793542999721538, 38.400935999817023],
            [-82.793454000033066, 38.401183000157857],
            [-82.79327900013088, 38.401953000295521],
            [-82.793248999993665, 38.402064000308151],
            [-82.793094000182961, 38.402360999865351],
            [-82.792929000326509, 38.40247700032333],
            [-82.792669000035517, 38.402530000118645],
            [-82.792094999925169, 38.402473999961877],
            [-82.791778999557664, 38.402417000109715],
            [-82.791571000043518, 38.402427999800622],
            [-82.791408999661812, 38.402606000262054],
            [-82.791252000201283, 38.402912999676026],
            [-82.791067000253378, 38.403413999661723],
            [-82.790797999741542, 38.40387299968198],
            [-82.790530999777843, 38.404236999920101],
            [-82.790284999730545, 38.404362999954493],
            [-82.790072000193533, 38.404398000198832],
            [-82.790051000277145, 38.404400999776506],
            [-82.790016000117049, 38.404407999963844],
            [-82.789430000311128, 38.404458000176035],
            [-82.789143000255947, 38.404497999898474],
            [-82.788969000178668, 38.40458300020309],
            [-82.788796999751213, 38.404728000160816],
            [-82.788745999697596, 38.404924000039436],
            [-82.788737000375065, 38.405131000073972],
            [-82.788868999721245, 38.405320999781118],
            [-82.789220000248832, 38.405745000083044],
            [-82.789693999901758, 38.406281000185693],
            [-82.789970000086285, 38.406619000268613],
            [-82.790119000049188, 38.406875000029174],
            [-82.790049999553901, 38.407078999937035],
            [-82.789616000083953, 38.407450999694575],
            [-82.789180999890775, 38.407925999672614],
            [-82.789036000125819, 38.408335000292482],
            [-82.788889999637632, 38.408703999817234],
            [-82.788846000155019, 38.409094000179913],
            [-82.788904999706247, 38.409464999865563],
            [-82.788820000215765, 38.409683999814391],
            [-82.788651999986257, 38.409916000267231],
            [-82.788527000312783, 38.410217999771262],
            [-82.78850300002334, 38.410377999854724],
            [-82.788647999788296, 38.410581999728976],
            [-82.788871000269367, 38.410733999895712],
            [-82.789248999662831, 38.410918999871065],
            [-82.789288000020903, 38.411033000198358],
            [-82.789161999624213, 38.411348000167671],
            [-82.788902000231516, 38.411947000309652],
            [-82.788848999629749, 38.4120470001223],
            [-82.788518999916874, 38.412666999672773],
            [-82.78826700002179, 38.412905999767034],
            [-82.788048999563586, 38.412973999991053],
            [-82.787793000368865, 38.412911000116928],
            [-82.787666000147269, 38.412832000320073],
            [-82.787383000290049, 38.41265700034667],
            [-82.787039000333465, 38.412421000081331],
            [-82.786753999928095, 38.412271999898621],
            [-82.786368999963628, 38.412216000251291],
            [-82.785934999595369, 38.412271999898621],
            [-82.785433000353336, 38.412148000017829],
            [-82.785223000291055, 38.412102999900597],
            [-82.78498899993933, 38.412148000017829],
            [-82.784787000272971, 38.412248999772181],
            [-82.78468699981552, 38.412312000223501],
            [-82.784480999951228, 38.412437000040185],
            [-82.783769999573508, 38.412842999833629],
            [-82.783275999829087, 38.413013999927266],
            [-82.782931000047597, 38.413198999696306],
            [-82.782768999665905, 38.413373999764801],
            [-82.782690000023166, 38.41392400023723],
            [-82.782658000236125, 38.414130999832338],
            [-82.782561000151759, 38.41437100020169],
            [-82.782401000318174, 38.41447299985326],
            [-82.782011000330826, 38.414553000155529],
            [-82.781387999816673, 38.414788000311155],
            [-82.781142999594309, 38.414796999861636],
            [-82.780925000034415, 38.414663000338507],
            [-82.780698000253693, 38.414416000314134],
            [-82.780408999650362, 38.414130999832338],
            [-82.780068999891753, 38.41390799990382],
            [-82.779644999569229, 38.413906000213807],
            [-82.779462000169431, 38.414010000209018],
            [-82.779334999947807, 38.414154000063583],
            [-82.778922000394246, 38.414776000204888],
            [-82.778683000019655, 38.414933000205572],
            [-82.778389000291781, 38.414953999816682],
            [-82.777670000416478, 38.414864999713672],
            [-82.777402999554468, 38.414846999924663],
            [-82.777226999827377, 38.414938999893955],
            [-82.777067999818726, 38.415483000072335],
            [-82.776974999932293, 38.415712999862841],
            [-82.776924999703581, 38.415838000130421],
            [-82.776883999695713, 38.41590599970656],
            [-82.776824000319564, 38.41601099980619],
            [-82.776772000441028, 38.416101000071741],
            [-82.776645000219432, 38.416319000156456],
            [-82.77657200042448, 38.416622999964147],
            [-82.7764960002565, 38.416938999649318],
            [-82.776302000087739, 38.4173379998455],
            [-82.776114999591684, 38.417516000183582],
            [-82.775831999734464, 38.417690000208779],
            [-82.775536000356766, 38.417799999838635],
            [-82.774522000030345, 38.417972999742972],
            [-82.774136000240972, 38.418057000246883],
            [-82.773932999851382, 38.418153000200476],
            [-82.773762000147173, 38.418313000308842],
            [-82.773655999841949, 38.418607000261524],
            [-82.773633000275737, 38.418795000173873],
            [-82.773689000352221, 38.419125999972387],
            [-82.773747999903449, 38.419304000127894],
            [-82.773906000087209, 38.41959700015223],
            [-82.77403699960847, 38.419799999923789],
            [-82.774246999670737, 38.419991999997499],
            [-82.774421999572937, 38.420076000265226],
            [-82.774609000069006, 38.420122999861242],
            [-82.775548999877245, 38.420202000131695],
            [-82.77573999967295, 38.420254000191235],
            [-82.776119999614565, 38.420416000082746],
            [-82.776230999942626, 38.420478000344822],
            [-82.77673300008297, 38.42105099966907],
            [-82.777020000138151, 38.421419999709407],
            [-82.777056999948059, 38.421540000203237],
            [-82.777072999841607, 38.421793000327256],
            [-82.776665000310899, 38.422435000325443],
            [-82.776365999661834, 38.422753000072738],
            [-82.775870000267602, 38.423305999722828],
            [-82.775317000073642, 38.423960999692916],
            [-82.775070000201438, 38.424260000151179],
            [-82.774738999765333, 38.424711999739131],
            [-82.774641999680952, 38.424956000321501],
            [-82.774774999750349, 38.425446999828694],
            [-82.774798000214886, 38.425479000307078],
            [-82.774954999675401, 38.425703999773539],
            [-82.775018000322916, 38.425793999926846],
            [-82.775066999828397, 38.42596200024142],
            [-82.775184000004273, 38.426129000137436],
            [-82.775209999943513, 38.426318000202947],
            [-82.774777000298485, 38.426784999859869],
            [-82.774865000162038, 38.427102000145688],
            [-82.774958000048457, 38.427434999899724],
            [-82.774985999637536, 38.42753500009033],
            [-82.77464800042705, 38.428087999720958],
            [-82.774371000417617, 38.428561999854217],
            [-82.774122999822183, 38.428741999962725],
            [-82.773709000443716, 38.428775999666982],
            [-82.773152000051795, 38.428884000028887],
            [-82.772958999707953, 38.428944000081977],
            [-82.772752999843632, 38.429066000012639],
            [-82.77255399965199, 38.429185999766517],
            [-82.772394999643339, 38.429703000214097],
            [-82.772309000327922, 38.429982999909022],
            [-82.772061999557408, 38.430225000333962],
            [-82.772038999991196, 38.430251000279043],
            [-82.771450999637125, 38.430835999734718],
            [-82.771193999719188, 38.431091000287743],
            [-82.770895999793368, 38.431591999827951],
            [-82.770598999692439, 38.432092000169057],
            [-82.77044200023191, 38.432486999939712],
            [-82.770365000239025, 38.432703999893505],
            [-82.770288000246111, 38.432922999766149],
            [-82.769879999817121, 38.433165000189554],
            [-82.769826000288774, 38.433197000062691],
            [-82.769571999845553, 38.433346999938699],
            [-82.769392999745392, 38.433472999875143],
            [-82.769191000079033, 38.433615999709815],
            [-82.769114000086134, 38.433667999963333],
            [-82.769047000138997, 38.433714999862516],
            [-82.768956999727308, 38.43377799988896],
            [-82.768556999694212, 38.434057999967038],
            [-82.768385000165082, 38.434176999952847],
            [-82.76828499970766, 38.434246999687346],
            [-82.768211999912737, 38.434299000190038],
            [-82.768161999684011, 38.434334000006601],
            [-82.766229000364063, 38.435679999903257],
            [-82.765927000240282, 38.435897000111872],
            [-82.765887000057305, 38.435925999801725],
            [-82.765840000201635, 38.435957999858502],
            [-82.765773000254484, 38.436004999674253],
            [-82.765650000230849, 38.436091000096354],
            [-82.765173000204868, 38.436425999683749],
            [-82.765114999580234, 38.436466999887735],
            [-82.763461999744464, 38.437617000105668],
            [-82.757784000361809, 38.441526999755055],
            [-82.757370000085018, 38.44181300030489],
            [-82.754661000090053, 38.443678999726409],
            [-82.749101999634789, 38.447508999977209],
            [-82.749028000014931, 38.447561000072938],
            [-82.74603000031496, 38.449638999803454],
            [-82.745112000248028, 38.450275999994567],
            [-82.744867999850541, 38.450445999711192],
            [-82.74453800013768, 38.450673999935631],
            [-82.744169000066719, 38.4509310001364],
            [-82.74360300035228, 38.451322999799423],
            [-82.742174999749096, 38.452323000176577],
            [-82.741604999836682, 38.452717000038106],
            [-82.741121999962957, 38.453059000244806],
            [-82.741044000145152, 38.453112999870065],
            [-82.739607000219436, 38.454119999651844],
            [-82.739294000224973, 38.454340999953821],
            [-82.739177000049125, 38.454424000022897],
            [-82.73905300020057, 38.454512000279976],
            [-82.738786000236857, 38.454698999942345],
            [-82.73857899964932, 38.454839999972897],
            [-82.737965000254306, 38.455270000000951],
            [-82.736372999619576, 38.456365000033017],
            [-82.736107000379121, 38.456546000068137],
            [-82.735992999677975, 38.456624999882827],
            [-82.735873000027368, 38.456701000094803],
            [-82.735643999698539, 38.456864999724161],
            [-82.73410200019083, 38.457921999679684],
            [-82.730562999992458, 38.4603489998212],
            [-82.730342000059522, 38.460499999801115],
            [-82.7301920002717, 38.460602999969396],
            [-82.728597999987159, 38.461717000252342],
            [-82.728445999651171, 38.461823000096352],
            [-82.7280809997782, 38.462079999973895],
            [-82.727921999769549, 38.462190999739128],
            [-82.727766999958845, 38.462300000280194],
            [-82.726754000355669, 38.463010999981016],
            [-82.725787999709837, 38.46369000000243],
            [-82.725457999996962, 38.463920000288248],
            [-82.725141999629457, 38.464142000314936],
            [-82.724750999817189, 38.464416000267562],
            [-82.724128000201361, 38.464853000145453],
            [-82.721936000415326, 38.466390999682389],
            [-82.720131000243597, 38.467655000211096],
            [-82.719973999884758, 38.467768000144964],
            [-82.71982200044711, 38.467874999688824],
            [-82.719747000104036, 38.467929000180554],
            [-82.719705000271247, 38.467959999962709],
            [-82.719667999563001, 38.467984000079795],
            [-82.719504000429779, 38.468098000351119],
            [-82.717059999850363, 38.46981200017845],
            [-82.715044999616339, 38.471225999743915],
            [-82.711831000006285, 38.473465999752996],
            [-82.707578999780395, 38.476415000172992],
            [-82.70746599980248, 38.476491999960004],
            [-82.7072769996566, 38.476619999880633],
            [-82.707233999998905, 38.476651000145836],
            [-82.707193999815928, 38.476680000336536],
            [-82.705703000361865, 38.477719000054336],
            [-82.705582999812947, 38.477802999960694],
            [-82.705455999591337, 38.477889999810721],
            [-82.704016000190876, 38.478891999681728],
            [-82.703837999915663, 38.479011000279577],
            [-82.703673000059226, 38.479128999981029],
            [-82.70359000021854, 38.479185999767665],
            [-82.703374000308472, 38.479337999681526],
            [-82.700206999655791, 38.481539000146533],
            [-82.700147000279642, 38.481584999846312],
            [-82.700021999707857, 38.481670000131516],
            [-82.699938000042266, 38.481726000057826],
            [-82.698819999958786, 38.4825009998318],
            [-82.698612000444626, 38.482647000100407],
            [-82.69525300017132, 38.484982000122876],
            [-82.694254999738448, 38.485675000077642],
            [-82.692615000321439, 38.486814999736268],
            [-82.691887000225307, 38.487320999968034],
            [-82.691699999729252, 38.487449000347404],
            [-82.691519999804186, 38.4875759999168],
            [-82.691503999910665, 38.487586999996331],
            [-82.690851000157593, 38.4880410000235],
            [-82.68980099984617, 38.48877000008946],
            [-82.68959499998185, 38.488913000029029],
            [-82.689432999600143, 38.489028000113869],
            [-82.689056000031599, 38.489288000332223],
            [-82.688958000122298, 38.489356000331959],
            [-82.68718499973761, 38.490587000170684],
            [-82.686787000252679, 38.490865000212338],
            [-82.686706000061832, 38.490921000025132],
            [-82.686532999809458, 38.491041000281072],
            [-82.685414999725964, 38.491818000072442],
            [-82.682282000306785, 38.493985999673839],
            [-82.682191000070191, 38.49404899980734],
            [-82.682107000404599, 38.494107000238621],
            [-82.681796999884881, 38.494322000217828],
            [-82.681103000123926, 38.494800000325348],
            [-82.680546999556924, 38.495182000046384],
            [-82.680410000187877, 38.495277000301137],
            [-82.680314999753335, 38.495342000255256],
            [-82.679872000062559, 38.495647000284393],
            [-82.679077999844154, 38.496195000135209],
            [-82.678411999672306, 38.496654000235473],
            [-82.678239000318257, 38.496773000330904],
            [-82.677892999813523, 38.497011999680559],
            [-82.677865000224443, 38.497030999821341],
            [-82.677829000239427, 38.497055999850943],
            [-82.677685000299377, 38.49715500013604],
            [-82.677655999987067, 38.497175999731638],
            [-82.677608000306492, 38.497208000041027],
            [-82.677295000312043, 38.497424000351451],
            [-82.676376000420191, 38.498057999715975],
            [-82.675629999882389, 38.498571999660484],
            [-82.675526999950236, 38.498645999799074],
            [-82.675470000048819, 38.498681999763015],
            [-82.675414999797226, 38.498719999861699],
            [-82.675336999979422, 38.498773999745396],
            [-82.674929000448742, 38.499054999697606],
            [-82.67441800008757, 38.499407999882962],
            [-82.674377000079687, 38.499436000341419],
            [-82.67434000026978, 38.499461000239364],
            [-82.67429400023903, 38.49948300028305],
            [-82.673920999970107, 38.499750000117437],
            [-82.673833000106555, 38.499811000009203],
            [-82.673772999832124, 38.499852000045664],
            [-82.673704000235148, 38.49989899971586],
            [-82.673616000371595, 38.499960000184487],
            [-82.673545000226483, 38.500008999901098],
            [-82.67345499981478, 38.500070999982647],
            [-82.673335000164215, 38.500154000144256],
            [-82.673155000239134, 38.500278000004322],
            [-82.673070999675232, 38.500339000151932],
            [-82.672905999818795, 38.500452000173652],
            [-82.672121999646166, 38.501011000168397],
            [-82.670863999820597, 38.501905999661957],
            [-82.670427999802499, 38.502213000075614],
            [-82.670140999747318, 38.502420000268529],
            [-82.668969999960396, 38.503252000065693],
            [-82.668843999563691, 38.503343000174404],
            [-82.668723000088193, 38.503428000102559],
            [-82.668532000292473, 38.503566999735824],
            [-82.668338999948631, 38.503703000133925],
            [-82.668045000220758, 38.503912000270951],
            [-82.666344999631008, 38.505122000169919],
            [-82.665819000099546, 38.505496000128552],
            [-82.665422000439506, 38.505778999823249],
            [-82.666470000202793, 38.506764999821883],
            [-82.667033000442487, 38.507261999861967],
            [-82.668165999696271, 38.508259999971607],
            [-82.668226999795635, 38.508321999979934],
            [-82.668277000024347, 38.508363000092196],
            [-82.668529999744351, 38.508720999686005],
            [-82.668620999980931, 38.508840000230926],
            [-82.668949999868914, 38.509273000311737],
            [-82.669996999807282, 38.510340000106929],
            [-82.670402999688136, 38.51071600019953],
            [-82.671067000210186, 38.511298000161368],
            [-82.671207999777167, 38.51142100026496],
            [-82.671340999846564, 38.511541999658903],
            [-82.671617999856011, 38.51179999966854],
            [-82.67185100038283, 38.512015000259055],
            [-82.672048000026308, 38.512207999840228],
            [-82.672270999609083, 38.512422999915323],
            [-82.672423999769961, 38.512569000002394],
            [-82.672704999977341, 38.512835000295503],
            [-82.673000000428431, 38.513116000214147],
            [-82.673270999691781, 38.513375999952451],
            [-82.673582000036404, 38.51369100032408],
            [-82.673858000220918, 38.513998999917078],
            [-82.674136999880176, 38.514274000348124],
            [-82.674509000324178, 38.51457500021138],
            [-82.674818999945572, 38.514824000167543],
            [-82.674989999649796, 38.514960999891898],
            [-82.675274000230232, 38.515208000224071],
            [-82.675635999730176, 38.515581000320338],
            [-82.676081999794008, 38.516125000284397],
            [-82.676547999949321, 38.51678499988455],
            [-82.677205999725274, 38.517671000063778],
            [-82.677271000022614, 38.517772999912758],
            [-82.677636999720491, 38.518354000306715],
            [-82.678065000240977, 38.518974000329735],
            [-82.678588000297708, 38.519708000098838],
            [-82.679045000232207, 38.520322999768986],
            [-82.679174000103629, 38.520533000287067],
            [-82.679573000311791, 38.521079000312952],
            [-82.679728999947415, 38.521292999785359],
            [-82.680128000155591, 38.521791000153819],
            [-82.680338000217873, 38.522066999737689],
            [-82.680540999709137, 38.52233199997702],
            [-82.680657999885, 38.522485000331272],
            [-82.680692000220191, 38.522531999988928],
            [-82.681184000314801, 38.523226000049355],
            [-82.681626000180671, 38.523971000177404],
            [-82.682016000168005, 38.52464499976913],
            [-82.682071000419597, 38.52474400007835],
            [-82.682509000087506, 38.525534999702657],
            [-82.682842999998343, 38.526095999744285],
            [-82.683247000229386, 38.526671000184223],
            [-82.683557999675685, 38.527136000204898],
            [-82.683942999640166, 38.527726999762216],
            [-82.684327999604633, 38.528318000087715],
            [-82.684527999621181, 38.528597999990907],
            [-82.684796000308097, 38.528981999652515],
            [-82.684896999692114, 38.528999999783991],
            [-82.685028999936605, 38.529142999966027],
            [-82.685045999655031, 38.529318999962051],
            [-82.685102999556449, 38.52942300017267],
            [-82.68513600006672, 38.529489000228288],
            [-82.685332999710212, 38.529801999668003],
            [-82.685755000382912, 38.530448999815526],
            [-82.685784999621845, 38.530522000238079],
            [-82.685991000384462, 38.530856999696844],
            [-82.686473000433324, 38.531658999964243],
            [-82.687072999584629, 38.532667000135291],
            [-82.687120000338595, 38.532746000146581],
            [-82.688742000212244, 38.535305999920674],
            [-82.688753000082897, 38.53532000019824],
            [-82.689418000429839, 38.536189999952612],
            [-82.690547000383972, 38.537442000118482],
            [-82.691084999611007, 38.537948000219878],
            [-82.691291000373639, 38.538094999707049],
            [-82.691605000193007, 38.538277000262021],
            [-82.692064999602223, 38.538540999955202],
            [-82.692603999552489, 38.538859000119643],
            [-82.693151999723568, 38.539226000011411],
            [-82.693184000408934, 38.539248999714445],
            [-82.693364000333986, 38.539377999714979],
            [-82.693909000132038, 38.539861999904133],
            [-82.694202000034991, 38.540231000001668],
            [-82.694274999829915, 38.540328000246205],
            [-82.694369000439565, 38.540453000325044],
            [-82.694602000068059, 38.540728000155319],
            [-82.69501600034485, 38.541204000289262],
            [-82.695070999698132, 38.541258999765191],
            [-82.695360000301449, 38.541550000163085],
            [-82.695540000226501, 38.541700000212558],
            [-82.695952999780062, 38.542044999982323],
            [-82.696020999552132, 38.542094999689468],
            [-82.696274999995339, 38.542284000123296],
            [-82.696752999846225, 38.542640000004333],
            [-82.697189999689243, 38.54295999994082],
            [-82.697639000126117, 38.543290000052792],
            [-82.698147000114233, 38.54366799976394],
            [-82.698285000206482, 38.543770000003654],
            [-82.69850199994147, 38.54388399981103],
            [-82.699038000416991, 38.544151999891348],
            [-82.699260000174831, 38.544261000118119],
            [-82.699642999591177, 38.544459000017127],
            [-82.700160999625027, 38.544727999851034],
            [-82.700718000016948, 38.544991999754536],
            [-82.700952000368687, 38.545110000270874],
            [-82.701447999762905, 38.545356999706755],
            [-82.702272000118526, 38.545686000286004],
            [-82.702811000068778, 38.545926000043089],
            [-82.703073999834501, 38.54603399991835],
            [-82.703259999607354, 38.546109999993568],
            [-82.703530999768986, 38.546243000107594],
            [-82.703847999961397, 38.546399000202506],
            [-82.704067000244521, 38.546492000098119],
            [-82.704747999586672, 38.546779999714396],
            [-82.705396000215202, 38.547054000186272],
            [-82.706011000333419, 38.54730999985302],
            [-82.706825999569901, 38.547647999767882],
            [-82.707475999848228, 38.547917000319138],
            [-82.70756000041213, 38.547956999912927],
            [-82.707772999949157, 38.548057999947517],
            [-82.708153999715663, 38.548222000348389],
            [-82.708990999591748, 38.548584000157675],
            [-82.709368999883523, 38.54874800006143],
            [-82.710015999788823, 38.548990000298581],
            [-82.71131100032261, 38.54969200004787],
            [-82.711935999588277, 38.550044000228468],
            [-82.712863999700957, 38.550417000315619],
            [-82.713407999674089, 38.550696999915701],
            [-82.713889999722923, 38.55104299978202],
            [-82.714405000282056, 38.551439000326738],
            [-82.715069999730702, 38.551905000122225],
            [-82.716392999853582, 38.552706999659819],
            [-82.71708099976675, 38.553124000308706],
            [-82.717264999889764, 38.553184999934672],
            [-82.717459000058525, 38.553212000178704],
            [-82.717865999764314, 38.553238999710082],
            [-82.719952000143451, 38.553990999990475],
            [-82.720363999872092, 38.554221999707124],
            [-82.720623000338179, 38.554430999982017],
            [-82.720896999974556, 38.55481500013687],
            [-82.721005999754496, 38.554972999894041],
            [-82.721079000447773, 38.555089000197171],
            [-82.721280000289212, 38.555382000111223],
            [-82.721550999552548, 38.555669999946595],
            [-82.722278999648694, 38.556205999768544],
            [-82.722893999766939, 38.556566000173333],
            [-82.725191999858154, 38.557975999854044],
            [-82.725554000256423, 38.558184999751816],
            [-82.72600199997008, 38.558363000240902],
            [-82.726298000246089, 38.558491999672682],
            [-82.726403999652987, 38.558526000018013],
            [-82.727905000051109, 38.558870999844139],
            [-82.728638000170122, 38.559001999651755],
            [-82.730138999669933, 38.559211000078534],
            [-82.730855999895425, 38.559275999909268],
            [-82.732247999615282, 38.559170999721239],
            [-82.732741000433109, 38.559204000158154],
            [-82.733159000009536, 38.559280999947859],
            [-82.733293999728758, 38.559308000009672],
            [-82.73332999971376, 38.559316000208135],
            [-82.733364999873857, 38.559323000117665],
            [-82.733385999790258, 38.559326999864986],
            [-82.734000999908503, 38.559451000350087],
            [-82.734477000109564, 38.559450000063755],
            [-82.735181999741172, 38.559192000192603],
            [-82.735605000238778, 38.559071000135482],
            [-82.736063999823088, 38.559021000290436],
            [-82.736683000139294, 38.558982999710587],
            [-82.737857000299272, 38.559021000290436],
            [-82.739392999959179, 38.559112999725585],
            [-82.74171299979173, 38.559277000197966],
            [-82.742951000424128, 38.559299000224343],
            [-82.744332000273346, 38.559275999909268],
            [-82.745145999684908, 38.55930699972135],
            [-82.745575000030286, 38.559323999703295],
            [-82.747689999823436, 38.559515999963736],
            [-82.748755000203474, 38.559635999690514],
            [-82.749867000439167, 38.559742000183938],
            [-82.749888000355568, 38.559742000183938],
            [-82.750485999857062, 38.559703999985224],
            [-82.750685999873582, 38.559697999693228],
            [-82.751070000013144, 38.559720999873271],
            [-82.752486000022458, 38.559804000095234],
            [-82.752711000153354, 38.559817000239789],
            [-82.754096000200533, 38.559897999790827],
            [-82.755670000393593, 38.559965999837722],
            [-82.756513000117451, 38.560003000321693],
            [-82.758008999594395, 38.560081000235478],
            [-82.761109000299939, 38.560290999906748],
            [-82.766025000149554, 38.560589000340613],
            [-82.766712000237831, 38.560607000289536],
            [-82.766970999805594, 38.560588000070162],
            [-82.767343000249596, 38.560562000057544],
            [-82.769027000047501, 38.560326999949346],
            [-82.770087000404658, 38.560205999695562],
            [-82.771119000274425, 38.560145999981849],
            [-82.77184599964734, 38.560096999757029],
            [-82.772470999811318, 38.56001500015185],
            [-82.773404999771799, 38.559784999663592],
            [-82.774091999860048, 38.559549000242257],
            [-82.774562000213322, 38.559428000083642],
            [-82.77542199965562, 38.559350999748958],
            [-82.776825000144484, 38.559280999947859],
            [-82.778228999559914, 38.559285999986095],
            [-82.780182999694546, 38.559182999690293],
            [-82.781500999794588, 38.559231999835752],
            [-82.782808000023948, 38.559399000195356],
            [-82.783140000284973, 38.559441000296211],
            [-82.784223000208357, 38.559529000160431],
            [-82.785236999636453, 38.559534999764075],
            [-82.786451999804299, 38.559601000288453],
            [-82.787649000428814, 38.559688999956741],
            [-82.788169999937409, 38.55972200015578],
            [-82.78932200035608, 38.560002000043099],
            [-82.791745999945718, 38.560602000343181],
            [-82.795870999949997, 38.561809999886698],
            [-82.797795999772319, 38.562515000217772],
            [-82.799097000153921, 38.562991000126146],
            [-82.801154000220734, 38.563771999778957],
            [-82.80468900022116, 38.565530000075761],
            [-82.805307999639027, 38.565826000165849],
            [-82.80590400038902, 38.566084000104155],
            [-82.807096000092344, 38.566469000004737],
            [-82.808625999904478, 38.566974000067354],
            [-82.809044000379217, 38.567127999772516],
            [-82.809984000187455, 38.567573000285762],
            [-82.810672000100638, 38.567976000145137],
            [-82.81092800019367, 38.568125999850203],
            [-82.811365000036673, 38.568408000330336],
            [-82.811806999902544, 38.568770000335718],
            [-82.811995000223533, 38.568900999659306],
            [-82.812750999908772, 38.569384999892797],
            [-82.813747999618414, 38.569894999832663],
            [-82.814767999792608, 38.570346000171895],
            [-82.815122999619845, 38.570483000228265],
            [-82.815933999556663, 38.57081799967073],
            [-82.816784999676457, 38.571170000349724],
            [-82.818122999867967, 38.571790000304794],
            [-82.819271999913568, 38.572322999687835],
            [-82.821214000352683, 38.573393000304343],
            [-82.822072999970061, 38.574025000337876],
            [-82.823976000051104, 38.575572999757441],
            [-82.824382999756864, 38.57580400033968],
            [-82.824966999912974, 38.576028999846123],
            [-82.825391000235513, 38.576154999711356],
            [-82.826066999554811, 38.576474000009583],
            [-82.826663000304777, 38.576923999738774],
            [-82.826987000169879, 38.577210000255171],
            [-82.82716200007205, 38.577362999754449],
            [-82.827671999710006, 38.57787900012449],
            [-82.828250000018301, 38.578242000188837],
            [-82.828404999829004, 38.578385000072295],
            [-82.828409999851885, 38.578493000340679],
            [-82.828397000331393, 38.578514000081455],
            [-82.828322999813253, 38.578528999691841],
            [-82.827977000206829, 38.578427000313013],
            [-82.827853000358274, 38.578404999822155],
            [-82.827753999725772, 38.5783880001405],
            [-82.827702999672141, 38.578443999985446],
            [-82.827707999695022, 38.578548000083387],
            [-82.827788999885868, 38.578616000038956],
            [-82.827848000335408, 38.578669999668676],
            [-82.828176000398472, 38.578966999715398],
            [-82.828443000362157, 38.579098000109461],
            [-82.828943999779284, 38.579312999734412],
            [-82.82984199975472, 38.579848000188861],
            [-82.830290000366688, 38.580114000328194],
            [-82.831121000395001, 38.580646999749476],
            [-82.831400999879151, 38.580767999993419],
            [-82.831641999903596, 38.580938000125265],
            [-82.832159999937446, 38.581246999718665],
            [-82.832416000030491, 38.581398999767146],
            [-82.833263999777245, 38.581942999891972],
            [-82.83409999982841, 38.582464000194207],
            [-82.834873999955292, 38.583012999768229],
            [-82.835359000377196, 38.583283999896238],
            [-82.83595699987869, 38.583617000135398],
            [-82.836797999952722, 38.58419399980616],
            [-82.837172999871441, 38.584441999706634],
            [-82.838169999581112, 38.585194000013146],
            [-82.839281999816805, 38.58610799995779],
            [-82.839526000214278, 38.586318000102338],
            [-82.839852999554111, 38.586653000131697],
            [-82.841519999633576, 38.588042000228114],
            [-82.841892999902498, 38.588333000130483],
            [-82.842472000035727, 38.588909999825098],
            [-82.843387999554523, 38.590150999763758],
            [-82.843898000090775, 38.590672000199199],
            [-82.844253999742918, 38.590990999915086],
            [-82.844888999952659, 38.59187999971558],
            [-82.8454909996521, 38.592747999956863],
            [-82.846716999690599, 38.59438400026302],
            [-82.847110999875923, 38.59493399977022],
            [-82.847392999908223, 38.59532799970394],
            [-82.8476170002142, 38.595816999807482],
            [-82.847869000109284, 38.596591000178911],
            [-82.847926000010688, 38.59681599985602],
            [-82.847955000322997, 38.597080000103738],
            [-82.848143999570567, 38.597871000184284],
            [-82.848402000211749, 38.598651000019622],
            [-82.848728999551582, 38.5993809999636],
            [-82.848808999917523, 38.599528999922185],
            [-82.848859999971154, 38.599672000242172],
            [-82.849449999975036, 38.600824999766722],
            [-82.850121000169764, 38.602027000166878],
            [-82.850578999929169, 38.602899999677668],
            [-82.851948999907734, 38.605932000040276],
            [-82.852389999948699, 38.607074000013348],
            [-82.85291100035559, 38.60866100012263],
            [-82.853964999966664, 38.612020999792328],
            [-82.854137000394118, 38.61252099980932],
            [-82.854455000411434, 38.613769000286503],
            [-82.854568000389349, 38.614401000134514],
            [-82.854612999696855, 38.614816999759036],
            [-82.854965000049361, 38.616529999767046],
            [-82.854968000422431, 38.616543999664955],
            [-82.855011999905031, 38.616756000291886],
            [-82.855232000013061, 38.617825999992604],
            [-82.855570000121872, 38.61929199981558],
            [-82.85571900008479, 38.62028100013827],
            [-82.855811000146289, 38.62110999997342],
            [-82.855682000274868, 38.621453000050558],
            [-82.855668000031145, 38.621490999866104],
            [-82.855616999977542, 38.621604999893748],
            [-82.855599000434182, 38.621675000017952],
            [-82.855627000023276, 38.622071000055527],
            [-82.85578199983398, 38.623251999686417],
            [-82.855805000298517, 38.623669000007105],
            [-82.855897000360002, 38.624113999659102],
            [-82.856171999821314, 38.624630000187189],
            [-82.856241000316601, 38.624975999797378],
            [-82.856201000133623, 38.625178000039291],
            [-82.856171999821314, 38.625325000055682],
            [-82.856170999996394, 38.625473999907967],
            [-82.856171999821314, 38.625765000337552],
            [-82.856195000285851, 38.626067000250927],
            [-82.856197999760582, 38.626098000009705],
            [-82.856280999601253, 38.626689000001527],
            [-82.856290999647001, 38.626877999694088],
            [-82.856318000309486, 38.627436999664006],
            [-82.856324999982178, 38.627571000152962],
            [-82.856374000385983, 38.628348999897895],
            [-82.856431000287401, 38.628648000083523],
            [-82.857173999553837, 38.630534000155357],
            [-82.857299999950527, 38.631150999804845],
            [-82.857323000415064, 38.631354000181197],
            [-82.857369000445843, 38.631599999974092],
            [-82.857335000110638, 38.632073000281956],
            [-82.857186000147721, 38.632489999829865],
            [-82.856831000320483, 38.63314899999073],
            [-82.856788999589369, 38.633288000128424],
            [-82.856769000396213, 38.633371000238647],
            [-82.856754000327598, 38.633936999764025],
            [-82.856725999840179, 38.634160000326006],
            [-82.856698000251086, 38.634376999826216],
            [-82.856710999771565, 38.635026000128363],
            [-82.856800000358348, 38.635666000129],
            [-82.856803999657998, 38.635707999834942],
            [-82.856808999680851, 38.635762000022197],
            [-82.856853999886695, 38.636289999943365],
            [-82.856882000374114, 38.636881000126074],
            [-82.856900999742365, 38.63729799977343],
            [-82.85685300006179, 38.637972999654153],
            [-82.856800000358348, 38.638702000272318],
            [-82.856800000358348, 38.638977000152146],
            [-82.856800000358348, 38.639055999771998],
            [-82.856771000046038, 38.63958099966991],
            [-82.856771999870944, 38.640506999915537],
            [-82.856801000183239, 38.641138000039241],
            [-82.856800000358348, 38.641487000208926],
            [-82.856847000214003, 38.64200399973317],
            [-82.856853999886695, 38.642655000097704],
            [-82.856854999711601, 38.642700999933147],
            [-82.856878000176152, 38.64282900029616],
            [-82.856905999765246, 38.6429839999034],
            [-82.856957999643768, 38.643267000159362],
            [-82.856981000108291, 38.643384999921025],
            [-82.857019999568053, 38.643584000066035],
            [-82.857074999819645, 38.643863000107487],
            [-82.857186000147721, 38.6443559997984],
            [-82.857398999684733, 38.644896999733156],
            [-82.857448999913444, 38.645023999885851],
            [-82.857638000059339, 38.645416999987596],
            [-82.857686999564834, 38.645606000120544],
            [-82.857684000090089, 38.645692000060578],
            [-82.857679999892127, 38.645819000207446],
            [-82.857631000386647, 38.645907000160648],
            [-82.857519000233651, 38.645943999861565],
            [-82.857427000172152, 38.645917999884098],
            [-82.857318000392198, 38.645797000026889],
            [-82.857085999690298, 38.645433000140642],
            [-82.85705999975103, 38.64540000004029],
            [-82.856991000154068, 38.645363000058467],
            [-82.856877000351233, 38.645423999923445],
            [-82.856826000297602, 38.645685000150863],
            [-82.85682299992456, 38.645949999962966],
            [-82.856824999574386, 38.646412999723651],
            [-82.856829999597252, 38.646734000236762],
            [-82.856864999757349, 38.647094000058821],
            [-82.85685300006179, 38.647121000077775],
            [-82.856726999665085, 38.647390999708009],
            [-82.856612999862278, 38.647645999827681],
            [-82.856675999611468, 38.648003999768477],
            [-82.856699000076006, 38.648156000150863],
            [-82.856761999825196, 38.648426000090389],
            [-82.856779000441946, 38.648589000294123],
            [-82.856824999574386, 38.648730999889558],
            [-82.8568880002219, 38.648929999921194],
            [-82.856899000092554, 38.648975999938045],
            [-82.856910999788113, 38.649026000288814],
            [-82.856910999788113, 38.649156000055449],
            [-82.856910999788113, 38.649263000031716],
            [-82.856923000381997, 38.649435999884858],
            [-82.856962999666649, 38.649653999871362],
            [-82.85701399972028, 38.64986100007814],
            [-82.857031000337031, 38.649956999899828],
            [-82.857094000086221, 38.650280999839246],
            [-82.857123000398531, 38.650406999848727],
            [-82.857134000269184, 38.65055600018642],
            [-82.85715199981253, 38.650683000130769],
            [-82.857191999995507, 38.651017000224542],
            [-82.857191999995507, 38.651129000184589],
            [-82.857238000026257, 38.651389000268772],
            [-82.857272000361448, 38.651556000267675],
            [-82.857294999927674, 38.65166500027545],
            [-82.857324000239984, 38.651851999960385],
            [-82.857329000262865, 38.651907000311255],
            [-82.857370000270734, 38.652203999652549],
            [-82.857375000293615, 38.652311999681707],
            [-82.857403999707614, 38.652521999701079],
            [-82.857414999578282, 38.652582000094633],
            [-82.857454999761231, 38.652609000150129],
            [-82.857756000060121, 38.65262200032906],
            [-82.857901999649968, 38.652634999804143],
            [-82.857901999649968, 38.652717000270265],
            [-82.857901999649968, 38.652745999651195],
            [-82.857930999962306, 38.652823999838986],
            [-82.857965000297469, 38.652966000160639],
            [-82.858004999582135, 38.653077000196312],
            [-82.858028000046673, 38.653181000181156],
            [-82.85803999974226, 38.653374000299259],
            [-82.858050999612885, 38.653521000022195],
            [-82.858068000229636, 38.653819000062093],
            [-82.858079999925224, 38.653956000055295],
            [-82.858085999772996, 38.654066000290264],
            [-82.858120000108201, 38.654193999993943],
            [-82.858160000291178, 38.654339000105409],
            [-82.858166000138951, 38.654387999854201],
            [-82.858171000161803, 38.654757999910153],
            [-82.858182999857391, 38.65481999985392],
            [-82.858206000321914, 38.654871999652244],
            [-82.858285999789544, 38.655032000251921],
            [-82.85832099994964, 38.65511899975715],
            [-82.858342999690947, 38.655237999997851],
            [-82.858349000437045, 38.655292000201051],
            [-82.858342999690947, 38.655340999999417],
            [-82.858315000101868, 38.655431000186063],
            [-82.858303000406295, 38.655509999905917],
            [-82.858309000254081, 38.655535000260869],
            [-82.85832099994964, 38.65557900024703],
            [-82.858366999980404, 38.65568799974568],
            [-82.858382999873911, 38.655752000281467],
            [-82.858388999721683, 38.655828000010438],
            [-82.858382999873911, 38.655938999820414],
            [-82.858386000246966, 38.655956000073147],
            [-82.858392999919644, 38.655991000209397],
            [-82.858510000095521, 38.656224999738981],
            [-82.858566999996938, 38.656375000240494],
            [-82.858589999563137, 38.656433000237953],
            [-82.858607000179902, 38.656489999851111],
            [-82.858618000050555, 38.65655399967028],
            [-82.858623999898342, 38.656675000301213],
            [-82.858623999898342, 38.656748999786252],
            [-82.858629999746114, 38.656786999833407],
            [-82.858642000340012, 38.656828000156978],
            [-82.858659000058452, 38.656866999792861],
            [-82.858675999776878, 38.65697200021792],
            [-82.858681999624665, 38.65710600020941],
            [-82.858705000089202, 38.657204000096797],
            [-82.858784999556832, 38.657394999950192],
            [-82.858802000173583, 38.657439000196803],
            [-82.858824999739795, 38.657510000027628],
            [-82.858870999770559, 38.657681999987908],
            [-82.85893400041806, 38.65790700025449],
            [-82.858991000319463, 38.658033000179202],
            [-82.859089000228749, 38.658203999973061],
            [-82.859157000000806, 38.658346000152058],
            [-82.859232000343894, 38.658516000292465],
            [-82.859322999682163, 38.658771000097289],
            [-82.859403999873024, 38.659069000041917],
            [-82.859478000391178, 38.659313000212656],
            [-82.859598000041771, 38.659693999794285],
            [-82.859695999951057, 38.660078999901366],
            [-82.859736000134035, 38.660271999671778],
            [-82.859741000156902, 38.660341999917918],
            [-82.859741999981821, 38.660390999768929],
            [-82.859730000286262, 38.660452000166543],
            [-82.859690000103285, 38.660549999684513],
            [-82.859684000255513, 38.66058599996051],
            [-82.859695999951057, 38.660645000334725],
            [-82.859861999632415, 38.661221999981798],
            [-82.859890999944739, 38.661298000219745],
            [-82.859947999846142, 38.661405000298103],
            [-82.859977000158452, 38.661509000116141],
            [-82.859993999876892, 38.661594999905581],
            [-82.860004999747559, 38.661659000073335],
            [-82.860010999595332, 38.661683999684961],
            [-82.860028000212083, 38.661715000173253],
            [-82.86008599993842, 38.661782999884906],
            [-82.860096999809059, 38.661808000154686],
            [-82.860107999679727, 38.661856000143075],
            [-82.86013100014425, 38.662090999709768],
            [-82.860136999992022, 38.66215200006225],
            [-82.860153999710477, 38.662207000220498],
            [-82.860177000175, 38.662262999891887],
            [-82.86023999992419, 38.66238599980548],
            [-82.860296999825607, 38.662521999994347],
            [-82.860348999704129, 38.662726000144097],
            [-82.860383000039334, 38.66288199974273],
            [-82.860413000176564, 38.662966000195162],
            [-82.86066800044469, 38.663570000213106],
            [-82.860911000118932, 38.664038999719978],
            [-82.861002000355526, 38.664214000120488],
            [-82.861116999983253, 38.664417999658752],
            [-82.861243000379943, 38.664685000063969],
            [-82.861431999627527, 38.665055000235498],
            [-82.861609000077848, 38.665381000349207],
            [-82.861741000322326, 38.665665000021747],
            [-82.861839000231612, 38.66588500012994],
            [-82.861918999699256, 38.666083000000086],
            [-82.861970999577778, 38.666181999729794],
            [-82.862004999912969, 38.66627200032179],
            [-82.862074000408242, 38.666384000277063],
            [-82.862240000089614, 38.666696000030264],
            [-82.862348999869553, 38.666910000028125],
            [-82.862372000334091, 38.66697600003608],
            [-82.862411999618743, 38.667066000331481],
            [-82.862435000083281, 38.667121000222487],
            [-82.862548999886101, 38.667368000168615],
            [-82.862630000076948, 38.667513000262538],
            [-82.862681000130578, 38.667623000016995],
            [-82.862721000313542, 38.667748000202351],
            [-82.862727000161328, 38.66780600010761],
            [-82.862721000313542, 38.667873000169486],
            [-82.862697999849019, 38.66793799981366],
            [-82.862686999978351, 38.667965999868791],
            [-82.862692999826137, 38.667995000089704],
            [-82.862710000442888, 38.668012000286282],
            [-82.862789999910518, 38.668064000326183],
            [-82.862816999674692, 38.668092000332045],
            [-82.862835999941282, 38.668111000154468],
            [-82.862944999721222, 38.668301000205233],
            [-82.863013000391575, 38.668428000249669],
            [-82.863122000171515, 38.668615999824496],
            [-82.86328299983002, 38.6689190003015],
            [-82.863339999731437, 38.669036999894971],
            [-82.863425999945164, 38.66920100035032],
            [-82.863545999595743, 38.669439000129067],
            [-82.863723999870984, 38.669784000000973],
            [-82.863764000053948, 38.669874000273495],
            [-82.863850000267689, 38.670035999917886],
            [-82.863896000298439, 38.670166000129406],
            [-82.863929999735305, 38.670234999676381],
            [-82.864003000428553, 38.670379000132982],
            [-82.864011999751057, 38.67039300003529],
            [-82.864851000175292, 38.671674000200476],
            [-82.864903999878749, 38.671750999989818],
            [-82.864915999574293, 38.671816000321343],
            [-82.864939000038845, 38.671877000104033],
            [-82.864990000092462, 38.671965999728251],
            [-82.865058999689438, 38.672107999971338],
            [-82.865149999926032, 38.672234000158575],
            [-82.865195999956796, 38.6722210000326],
            [-82.865964000235905, 38.673319000191668],
            [-82.866738000362801, 38.674334000085466],
            [-82.868508000374447, 38.676316000096868],
            [-82.869269999907459, 38.677134000001026],
            [-82.8699639996684, 38.67787000004909],
            [-82.871137999828392, 38.679115000301515],
            [-82.871373000005036, 38.679416999803195],
            [-82.872158000002585, 38.680317999756078],
            [-82.872495000286463, 38.680660999793368],
            [-82.872874000403158, 38.681048000055362],
            [-82.873452999638062, 38.681619000160893],
            [-82.873774000028433, 38.681899000004364],
            [-82.874095000418805, 38.68223900024487],
            [-82.874595999835904, 38.682705000260206],
            [-82.874795000027547, 38.682891000270764],
            [-82.874969000104812, 38.683050000009565],
            [-82.874991999671025, 38.683082000328866],
            [-82.875281000274342, 38.683466000239385],
            [-82.875761999599973, 38.684168999915016],
            [-82.875974000210391, 38.684536999773243],
            [-82.876105999556543, 38.684893999795584],
            [-82.876175000051845, 38.685020999853279],
            [-82.876358000349953, 38.685679999984174],
            [-82.876447000038397, 38.68602300026614],
            [-82.876546999597508, 38.68641000028034],
            [-82.876621999940582, 38.686608000179397],
            [-82.876638999659022, 38.686640000309993],
            [-82.876741999591189, 38.687046000198116],
            [-82.87677599992638, 38.687149000024419],
            [-82.876816999934263, 38.687254000218935],
            [-82.876873999835666, 38.687453999695727],
            [-82.876905999622721, 38.687543000285849],
            [-82.876919999866416, 38.687581000118016],
            [-82.876987999638487, 38.687832999786174],
            [-82.877011000103025, 38.687891000246339],
            [-82.877062999981547, 38.688063000149874],
            [-82.877092000293871, 38.688122000319147],
            [-82.877155000043061, 38.688323999959685],
            [-82.877206000096692, 38.688445000193305],
            [-82.877225000363254, 38.688513999649579],
            [-82.877228999662904, 38.688530999881422],
            [-82.877298000158206, 38.688770999670957],
            [-82.877314999876631, 38.688837999743129],
            [-82.877360999907381, 38.688958999808605],
            [-82.877417999808799, 38.689142000046175],
            [-82.877447000121109, 38.68927199991527],
            [-82.877493000151858, 38.689465000223692],
            [-82.877509999870313, 38.689576999651699],
            [-82.877520999740966, 38.689678000293981],
            [-82.877550000053276, 38.689839999992039],
            [-82.877566999771716, 38.690055000085223],
            [-82.877572999619503, 38.690167999858815],
            [-82.877560999923915, 38.69023699975692],
            [-82.877560999923915, 38.690446000180373],
            [-82.877555999901062, 38.690523999970559],
            [-82.877560999923915, 38.69073499997468],
            [-82.877572999619503, 38.690923999715856],
            [-82.877572999619503, 38.691153999959006],
            [-82.877579000365586, 38.691231999678436],
            [-82.877579000365586, 38.6914070002138],
            [-82.877579000365586, 38.691496000093473],
            [-82.877579000365586, 38.691770999928011],
            [-82.877566999771716, 38.691976000009291],
            [-82.877539000182608, 38.692170999712424],
            [-82.877533000334836, 38.692294000125543],
            [-82.877518000266221, 38.692406000032769],
            [-82.877515999718085, 38.692423000040897],
            [-82.877520999740966, 38.692504999817245],
            [-82.877447999946014, 38.692894000186151],
            [-82.877447000121109, 38.693127999708111],
            [-82.877441000273322, 38.693189000257732],
            [-82.877406999938145, 38.693329000115604],
            [-82.877360999907381, 38.693560000158456],
            [-82.87732699957219, 38.693679000314376],
            [-82.877292000310405, 38.693916000217769],
            [-82.877281000439751, 38.694023999735805],
            [-82.877274999693654, 38.694227999860686],
            [-82.877268999845882, 38.694526000159129],
            [-82.877257999975228, 38.6947079996743],
            [-82.877240000431883, 38.694859999785123],
            [-82.877220000340387, 38.695052999741797],
            [-82.877068000004414, 38.695808000069128],
            [-82.877016999950797, 38.696277000097659],
            [-82.876982999615606, 38.69646299988225],
            [-82.876961999699219, 38.69655600029423],
            [-82.87696000004938, 38.696575000273064],
            [-82.87683899967557, 38.697323000189179],
            [-82.876827999804917, 38.697404999957278],
            [-82.87677599992638, 38.697666999800326],
            [-82.876765000055727, 38.697737999699584],
            [-82.876695999560425, 38.698079999905403],
            [-82.876662000123559, 38.698188000147262],
            [-82.876586999780486, 38.698522999950839],
            [-82.876546999597508, 38.698662999885158],
            [-82.876472999977665, 38.698979999975656],
            [-82.876415000251356, 38.699259999884383],
            [-82.876380999916165, 38.699484000143833],
            [-82.876307000296308, 38.699766000349186],
            [-82.876283999831784, 38.699842000328715],
            [-82.876272000136211, 38.699913000172018],
            [-82.876248999671688, 38.699970999952164],
            [-82.876215000234808, 38.700156999945278],
            [-82.876197999618057, 38.700205999885618],
            [-82.876185999922498, 38.700272000038282],
            [-82.876169000204058, 38.700350000331341],
            [-82.876129000021095, 38.700568999971537],
            [-82.876082999990331, 38.700774999795648],
            [-82.876055000401237, 38.700970999764841],
            [-82.876036999959581, 38.70107800013303],
            [-82.875991999753737, 38.701300000183117],
            [-82.87596900018751, 38.701375000224303],
            [-82.875871000278224, 38.701823000112704],
            [-82.875807999630723, 38.70218900020128],
            [-82.875728000163079, 38.702563000172553],
            [-82.875630000253807, 38.702924999822692],
            [-82.875498999834221, 38.703442000295553],
            [-82.875487000138676, 38.703486999963268],
            [-82.875479999567659, 38.703511999688537],
            [-82.875379000183642, 38.703891000229497],
            [-82.875349999871304, 38.704031000170964],
            [-82.875309999688341, 38.704172999881685],
            [-82.875217999626841, 38.70446999973737],
            [-82.875211999779054, 38.704805000258602],
            [-82.875183000365055, 38.704954999920481],
            [-82.875123999915502, 38.705115999712227],
            [-82.875051000120578, 38.70531900009113],
            [-82.875036999876869, 38.705357000294846],
            [-82.875000999891867, 38.705483000124808],
            [-82.874979999975466, 38.705553999975713],
            [-82.874971999579529, 38.705580999683328],
            [-82.874934999769621, 38.705706999819597],
            [-82.874892000111913, 38.705858000040948],
            [-82.874837999685226, 38.706046999780447],
            [-82.874733999928168, 38.70631300017714],
            [-82.874600999858785, 38.706805000021291],
            [-82.874564000048849, 38.706935000035855],
            [-82.874491000253926, 38.707104000122037],
            [-82.874476000185311, 38.707138999787141],
            [-82.874462999766521, 38.707206000179852],
            [-82.874431999804386, 38.707370000091416],
            [-82.87439499999445, 38.707570000107097],
            [-82.874359000009449, 38.707774000149627],
            [-82.874283999666361, 38.708134000124225],
            [-82.874133000053632, 38.708772999890883],
            [-82.873989999938516, 38.709435000115725],
            [-82.873840000150665, 38.710052999693801],
            [-82.873712999929069, 38.71053099997966],
            [-82.873630999913317, 38.710713999702101],
            [-82.873533999828922, 38.71115399986774],
            [-82.873476000102599, 38.711291000191679],
            [-82.873270000238293, 38.712329000116952],
            [-82.873064000373958, 38.713471999949959],
            [-82.872382000308562, 38.715816999913194],
            [-82.872233000345645, 38.716217999989112],
            [-82.871968999856691, 38.716971000067446],
            [-82.871757000144584, 38.717826999728089],
            [-82.87174600027393, 38.717965000058285],
            [-82.871630999747893, 38.718288999908118],
            [-82.871110000239298, 38.720507999771549],
            [-82.870909000397859, 38.721655999812683],
            [-82.870764999559498, 38.722338000135366],
            [-82.870741999993271, 38.722424999834779],
            [-82.870619999794542, 38.723111999661896],
            [-82.870522999710147, 38.723514999659528],
            [-82.870425999625766, 38.724244999954571],
            [-82.870187000149485, 38.725461999783519],
            [-82.870022000293048, 38.726324999795374],
            [-82.870012000247314, 38.72642899987995],
            [-82.869997000178699, 38.726580999839022],
            [-82.869962999843509, 38.726958999967501],
            [-82.869884000200784, 38.727271999850664],
            [-82.869885999850624, 38.727398000298713],
            [-82.869873000330131, 38.7277740002258],
            [-82.869878000352983, 38.727805000116589],
            [-82.86990099991921, 38.727921999967478],
            [-82.869889000223651, 38.728064999914373],
            [-82.870025999592698, 38.729179999759673],
            [-82.870136000095854, 38.73007500003029],
            [-82.870222000309582, 38.731063999972903],
            [-82.870301999777212, 38.731958999765801],
            [-82.870325000241749, 38.732404000069565],
            [-82.870273000363213, 38.732728000323],
            [-82.870182000126633, 38.733083000211231],
            [-82.870160000385312, 38.733147000210614],
            [-82.870166000233084, 38.733320999809656],
            [-82.870208000065887, 38.733528999780994],
            [-82.870299000302481, 38.73374900004837],
            [-82.870466999633663, 38.734020000137498],
            [-82.870542999801629, 38.734189999903926],
            [-82.870592000205434, 38.734302000056573],
            [-82.870606000449129, 38.734331000017455],
            [-82.870670000023239, 38.734648000319829],
            [-82.870716000054003, 38.735326000216617],
            [-82.870721000076884, 38.735349000146783],
            [-82.870767000107634, 38.735532000088732],
            [-82.870778999803179, 38.735579999674194],
            [-82.87091100004767, 38.736290000169845],
            [-82.870958999728231, 38.736541999864606],
            [-82.871173999813408, 38.737206999772965],
            [-82.871195999554701, 38.737324000341758],
            [-82.871470999914308, 38.738119999926361],
            [-82.871522999792859, 38.738482000288549],
            [-82.8716030001588, 38.738702000014946],
            [-82.871768999840157, 38.739426999890178],
            [-82.872050000047537, 38.740379999924855],
            [-82.872136000261264, 38.740672999834395],
            [-82.872226999599548, 38.740903999659317],
            [-82.872342000125599, 38.741316000264547],
            [-82.872650999922087, 38.742292999949598],
            [-82.873000999726457, 38.743150000164079],
            [-82.873454000361306, 38.744044000041043],
            [-82.873809000188544, 38.744642999697277],
            [-82.873893999679026, 38.744792000024361],
            [-82.874112999962151, 38.745175000167215],
            [-82.874283999666361, 38.745392000207211],
            [-82.874304999582762, 38.745417999783498],
            [-82.874548000155343, 38.745724000121974],
            [-82.87483400038559, 38.746009999916645],
            [-82.874886000264127, 38.746048000204894],
            [-82.87581400037682, 38.747500999669008],
            [-82.877000000232357, 38.748726999678453],
            [-82.877996999942027, 38.749659999989447],
            [-82.878377999708533, 38.74998899978101],
            [-82.878392999777134, 38.750001000053501],
            [-82.878426000287419, 38.750061999714482],
            [-82.878432999960111, 38.75007399997471],
            [-82.878925000054693, 38.750698000218556],
            [-82.879370000293619, 38.751131999693683],
            [-82.879540000172923, 38.751297999809054],
            [-82.879649999777797, 38.751380999722024],
            [-82.879669999869279, 38.751396000295259],
            [-82.880019999673635, 38.751517000273886],
            [-82.880202999971758, 38.751505999965836],
            [-82.880368999653115, 38.751440999894378],
            [-82.880558999623915, 38.751341000046118],
            [-82.880573999692501, 38.751338000209643],
            [-82.880782000104972, 38.751287000167842],
            [-82.881297999590686, 38.751275999824415],
            [-82.881423999987391, 38.751287000167842],
            [-82.882019999839059, 38.751402999674312],
            [-82.882788000118168, 38.751633999814992],
            [-82.883664000352326, 38.751952999781139],
            [-82.88457499984824, 38.752391999920526],
            [-82.885032999607645, 38.752601000086663],
            [-82.885205000035086, 38.752699000185174],
            [-82.885214000255928, 38.752704999743614],
            [-82.885359999845804, 38.75278800012228],
            [-82.885508999808707, 38.752926000175258],
            [-82.885514999656493, 38.753030000059198],
            [-82.885332000256724, 38.753320999832056],
            [-82.885051000049316, 38.753688999668398],
            [-82.884856000055663, 38.753892000081592],
            [-82.884793000306459, 38.753995999959209],
            [-82.884793000306459, 38.754126000293674],
            [-82.884793000306459, 38.754150000146296],
            [-82.884878999621876, 38.754314000207707],
            [-82.885440000211744, 38.754842000015813],
            [-82.885692999931734, 38.754999000161995],
            [-82.885733000114712, 38.755022999721135],
            [-82.886311000423021, 38.755254000056183],
            [-82.886650000356724, 38.755313999775233],
            [-82.886789000273907, 38.755325999853092],
            [-82.887000000161109, 38.755364000086388],
            [-82.887124999834569, 38.755425000068271],
            [-82.887251000231274, 38.755457999875965],
            [-82.887857999953582, 38.755651000143985],
            [-82.888831000272106, 38.755921000133178],
            [-82.889143000441649, 38.755986000328328],
            [-82.889159000335169, 38.755990000316864],
            [-82.889268000115123, 38.756020000223614],
            [-82.889628999790133, 38.756121999812223],
            [-82.88970900015606, 38.756143999704392],
            [-82.890432000229353, 38.756259999724193],
            [-82.890899000209572, 38.756319999998631],
            [-82.890951999913028, 38.756327000295869],
            [-82.891493000411415, 38.756376000255948],
            [-82.892115000202352, 38.756427999805084],
            [-82.892301999800111, 38.756437000073468],
            [-82.892424999823746, 38.756443000018244],
            [-82.892670000046138, 38.756462000190332],
            [-82.893151000270066, 38.756499000179105],
            [-82.89369900044116, 38.756499999818772],
            [-82.893886000038904, 38.756501000159005],
            [-82.894681999907107, 38.756532000190759],
            [-82.896040000190112, 38.756444999999758],
            [-82.896482000055983, 38.756394999745346],
            [-82.897323999954935, 38.756198000111468],
            [-82.89809300005895, 38.755975999655497],
            [-82.899115999707902, 38.755667000171833],
            [-82.89949900002253, 38.755522000138818],
            [-82.89994199971332, 38.755382000189819],
            [-82.900094999874185, 38.755309000092481],
            [-82.900105999744852, 38.755305000065775],
            [-82.900641000395453, 38.755083999994447],
            [-82.90110599982755, 38.754951999980463],
            [-82.901489000142206, 38.754902999743322],
            [-82.902548999601052, 38.754968999826112],
            [-82.902743999594719, 38.754968999826112],
            [-82.902960000403112, 38.754914000228368],
            [-82.903617000354132, 38.754719999703937],
            [-82.904362000168717, 38.754454999818236],
            [-82.905313999672529, 38.754144000008758],
            [-82.905341000335014, 38.754131999732166],
            [-82.905476999879141, 38.754086000054322],
            [-82.90603900029393, 38.753816999806375],
            [-82.906269000447708, 38.75370700019424],
            [-82.906635000145585, 38.753532000143451],
            [-82.907208000431041, 38.753329000107549],
            [-82.907374000112398, 38.753296000016064],
            [-82.908673999770755, 38.753329000107549],
            [-82.908984000290474, 38.753378000024114],
            [-82.909361999683924, 38.753406000261585],
            [-82.909591000012782, 38.753362000183721],
            [-82.909897000334524, 38.753264000294934],
            [-82.910639999600974, 38.753027000293706],
            [-82.912468000237254, 38.752715000174177],
            [-82.914181000347497, 38.752380000049953],
            [-82.917280000329782, 38.751743999819361],
            [-82.917606999669644, 38.751678000257421],
            [-82.917639000354995, 38.751669999796832],
            [-82.919462999895003, 38.751258999799759],
            [-82.91983199996595, 38.751177999874059],
            [-82.920919000087295, 38.750916999721738],
            [-82.922653999938817, 38.750382999850963],
            [-82.922858000153326, 38.750328000222474],
            [-82.923295999821235, 38.750211999669837],
            [-82.923750000281004, 38.750071000084993],
            [-82.923871999581422, 38.750052000313438],
            [-82.924069999948131, 38.749993000105611],
            [-82.924334000437085, 38.749920000101568],
            [-82.924345000307753, 38.749909000248032],
            [-82.924362000026179, 38.749883000205379],
            [-82.924379999569524, 38.749831999824707],
            [-82.924505999966215, 38.749778999940006],
            [-82.924597000202837, 38.749744999874267],
            [-82.924711999830549, 38.74968800028411],
            [-82.924781000325837, 38.749659999989447],
            [-82.924974999596301, 38.749598999984961],
            [-82.925188000031611, 38.74953899966556],
            [-82.925274000245338, 38.749519000014949],
            [-82.925377000177505, 38.749486000263936],
            [-82.925553999729516, 38.749436999777522],
            [-82.925634000095457, 38.749431999683075],
            [-82.925805999624586, 38.749425000110776],
            [-82.926162000175054, 38.749293000140781],
            [-82.926597000368247, 38.74916800022546],
            [-82.926630999805127, 38.74913699979782],
            [-82.926676999835877, 38.74908700002895],
            [-82.926774999745163, 38.749065000063524],
            [-82.926865999981757, 38.74905300033425],
            [-82.926941000324831, 38.749037999969282],
            [-82.927014999944674, 38.749021000112286],
            [-82.927163999907577, 38.748969000071249],
            [-82.927215999786128, 38.748944000132383],
            [-82.927348000030605, 38.748892999781503],
            [-82.927439000267185, 38.748861999935059],
            [-82.927507999864176, 38.748836999958677],
            [-82.927686000139417, 38.748794000315158],
            [-82.927886000155937, 38.748756999835379],
            [-82.928075000301817, 38.748728999876114],
            [-82.928303999732378, 38.748684999717796],
            [-82.92837099967953, 38.748669000226741],
            [-82.928716000359344, 38.748569999749172],
            [-82.929354999868707, 38.748360999691378],
            [-82.930094999660412, 38.74809999974898],
            [-82.930503999914336, 38.747973000328457],
            [-82.931380999973399, 38.747710999905387],
            [-82.931818999641308, 38.74756899981989],
            [-82.932649999669607, 38.747325000049386],
            [-82.933259999764971, 38.747111000293643],
            [-82.934085999770389, 38.746861000310069],
            [-82.934678000322421, 38.746664000286458],
            [-82.934705000086595, 38.746580999793679],
            [-82.934772999858666, 38.746488000004753],
            [-82.934870999767952, 38.746389999787233],
            [-82.934934000415453, 38.746335999667124],
            [-82.935019999730869, 38.746272000276264],
            [-82.935048000218274, 38.746253000194244],
            [-82.935111999792369, 38.746218999850541],
            [-82.936166000301753, 38.745927999852618],
            [-82.936263000386148, 38.74591499980815],
            [-82.936309000416898, 38.745904999826259],
            [-82.936342999853764, 38.745887999923887],
            [-82.936418000196838, 38.745838999770491],
            [-82.936458000379801, 38.74582199985241],
            [-82.936504000410551, 38.745811999857438],
            [-82.936640999779613, 38.745797000212733],
            [-82.936704000427113, 38.745784000144461],
            [-82.936784999719649, 38.745745999715702],
            [-82.936916000139206, 38.745695999673842],
            [-82.93702499991916, 38.74564700008932],
            [-82.937054000231484, 38.745637000069898],
            [-82.937143999744833, 38.745627000049069],
            [-82.93717999972985, 38.745624999764452],
            [-82.937203000194387, 38.745623000180466],
            [-82.937225999760614, 38.74561700002679],
            [-82.937243000377364, 38.74560499971804],
            [-82.937294000430967, 38.745557999656917],
            [-82.937322999844966, 38.74554299995885],
            [-82.937346000309532, 38.745535000212016],
            [-82.93743199962492, 38.745519000015044],
            [-82.937484000401781, 38.745505999896153],
            [-82.937568999892278, 38.745470000309041],
            [-82.937655999930911, 38.745427000038873],
            [-82.937706999984542, 38.745395000293534],
            [-82.937809999916695, 38.745348999890069],
            [-82.937879000411996, 38.745331999855317],
            [-82.937925000442746, 38.745321999791727],
            [-82.938010999758163, 38.745296999977029],
            [-82.938113999690302, 38.745258999989723],
            [-82.93829699998841, 38.745185000251396],
            [-82.938497999829863, 38.745113000034699],
            [-82.938789999907925, 38.745003000322434],
            [-82.938852999657115, 38.744977999695465],
            [-82.938955999589268, 38.744917999696263],
            [-82.939013000388996, 38.744891000135638],
            [-82.939071000115305, 38.744869000278477],
            [-82.939128000016723, 38.744848000217416],
            [-82.939266000108987, 38.744812000298552],
            [-82.939357000345581, 38.744788000108983],
            [-82.939471999973307, 38.744742000015094],
            [-82.939506000308498, 38.744724000031212],
            [-82.939620999936224, 38.744651000244659],
            [-82.939677999837627, 38.744627000001017],
            [-82.939707000149951, 38.744619999957628],
            [-82.939815999929891, 38.744584999730385],
            [-82.939866999983522, 38.744564000286445],
            [-82.940108000007939, 38.744456999854165],
            [-82.940123000076554, 38.744451000303208],
            [-82.940188000373894, 38.744426000183552],
            [-82.940251000123084, 38.744391999670441],
            [-82.940297000153834, 38.744354999711888],
            [-82.940394000238214, 38.744246000044498],
            [-82.940446000116751, 38.744206999686007],
            [-82.940497999995287, 38.744171999956968],
            [-82.940578000361228, 38.744133000258657],
            [-82.940651999981071, 38.74411100016799],
            [-82.940709999707394, 38.744096999979298],
            [-82.940800999943988, 38.7440639998241],
            [-82.940898000028383, 38.744010000046678],
            [-82.940933000188465, 38.743986000288238],
            [-82.940990000089883, 38.743938999862067],
            [-82.941179000235763, 38.743823999955964],
            [-82.941328000198681, 38.743750999949945],
            [-82.941448999674193, 38.743691000321057],
            [-82.941523000192362, 38.743642999880961],
            [-82.941620000276714, 38.743564999885216],
            [-82.941745999775094, 38.743485000160419],
            [-82.941837999836608, 38.743438000105137],
            [-82.941940999768775, 38.743387999848331],
            [-82.942278999877573, 38.743216999728567],
            [-82.942543000366555, 38.74309199968512],
            [-82.942679999735574, 38.743016000145865],
            [-82.942841000292361, 38.742935999805987],
            [-82.942946999699259, 38.742885999898341],
            [-82.943145000065982, 38.742794000032909],
            [-82.943299000051766, 38.742731000102374],
            [-82.943425000448471, 38.742681999884404],
            [-82.943550999946851, 38.742642000239243],
            [-82.943626000289925, 38.742605000074548],
            [-82.943775000252828, 38.742507999968396],
            [-82.943832000154231, 38.74246199980697],
            [-82.943946999781971, 38.74240699968172],
            [-82.944003999683375, 38.742383999922509],
            [-82.944055999561911, 38.742373000309236],
            [-82.944135999927852, 38.742365000207236],
            [-82.944181999958602, 38.742356000266561],
            [-82.944262000324542, 38.742322000169125],
            [-82.944325000073746, 38.742292000110929],
            [-82.944560000250377, 38.742160000265656],
            [-82.944669000030316, 38.742108000132234],
            [-82.944961000108378, 38.74199799999473],
            [-82.945089000154894, 38.741947000287475],
            [-82.945132999637508, 38.741917999915643],
            [-82.945202000132795, 38.741885000154667],
            [-82.945253000186426, 38.741867999995868],
            [-82.94529900021719, 38.741845999907987],
            [-82.945339000400153, 38.741822000122845],
            [-82.945356000118593, 38.741804999949039],
            [-82.945418999867783, 38.741772000135846],
            [-82.945494000210857, 38.741746999778904],
            [-82.945591000295238, 38.741696999739403],
            [-82.945649000021547, 38.74165899993821],
            [-82.94567699961064, 38.74164300027401],
            [-82.945768999672154, 38.741617999871906],
            [-82.945854999885867, 38.741584000123765],
            [-82.945957999818035, 38.741524000075351],
            [-82.946020999567224, 38.741477999980731],
            [-82.946060999750202, 38.741450999820003],
            [-82.946117999651619, 38.741420000245682],
            [-82.946174999553008, 38.741402999976188],
            [-82.946284000231273, 38.741377000339213],
            [-82.946325000239156, 38.741364000166882],
            [-82.946479000224954, 38.741287000337152],
            [-82.946617000317204, 38.741222999924119],
            [-82.946685000089261, 38.741199999783561],
            [-82.94677700015076, 38.741166999690833],
            [-82.94685699961839, 38.741131999873055],
            [-82.947115000259572, 38.741029999885839],
            [-82.947321999948812, 38.740931000026869],
            [-82.947435999751619, 38.740871999988997],
            [-82.94761400002686, 38.740802000047168],
            [-82.947807000370716, 38.740710000299451],
            [-82.947998000166422, 38.740605000122763],
            [-82.948382000305983, 38.740416999841024],
            [-82.948615999759383, 38.74029000006761],
            [-82.948720000414767, 38.740237000106411],
            [-82.948948999845314, 38.740137999848741],
            [-82.949069000394232, 38.740074999677063],
            [-82.949211999611052, 38.740014999762131],
            [-82.949384000038506, 38.73993299982024],
            [-82.949549999719864, 38.739861999785944],
            [-82.94963099991071, 38.739821000089258],
            [-82.9496939996599, 38.739782999990496],
            [-82.9497570003074, 38.739753000267036],
            [-82.949854000391781, 38.739680000303331],
            [-82.950106000286866, 38.739540000116229],
            [-82.950174999883828, 38.739506999957108],
            [-82.950277999815995, 38.73947600023957],
            [-82.950386999595949, 38.739426999890178],
            [-82.950575999741829, 38.739314000185978],
            [-82.950748000169284, 38.739232000139893],
            [-82.950937000315179, 38.739133999773316],
            [-82.951349000043805, 38.73891800022075],
            [-82.951487000136083, 38.738841999742746],
            [-82.951606999786677, 38.738777999941277],
            [-82.951831000092668, 38.738645000017108],
            [-82.952082999987738, 38.738503000119707],
            [-82.952226000102854, 38.738426000007941],
            [-82.952351999601248, 38.738353000089269],
            [-82.952443999662762, 38.738312000226976],
            [-82.95256400021168, 38.738267999955511],
            [-82.952632999808642, 38.738246000159933],
            [-82.952662000120966, 38.738236999700206],
            [-82.952702000303915, 38.738218000282949],
            [-82.95273599974081, 38.738196999667345],
            [-82.952787999619332, 38.738141999760693],
            [-82.95281600010675, 38.738105999964525],
            [-82.952873999833059, 38.738042000204203],
            [-82.95290800016825, 38.738013000348658],
            [-82.95297099991744, 38.737970999691306],
            [-82.953011000100418, 38.737948999804303],
            [-82.953108000184812, 38.737911000110834],
            [-82.953160000063335, 38.737892999806469],
            [-82.953206000094085, 38.737875000198223],
            [-82.953257999972621, 38.737842999871376],
            [-82.953298999980504, 38.737812000132308],
            [-82.953320999721811, 38.737797000208495],
            [-82.95355500007355, 38.737668000173315],
            [-82.954104999894454, 38.737391999673982],
            [-82.954242999986718, 38.737319000099816],
            [-82.954518000346326, 38.737194000242923],
            [-82.954684000027683, 38.737129999665378],
            [-82.954844999686159, 38.737045000178163],
            [-82.954930999899887, 38.736982999993799],
            [-82.955017000113614, 38.736932000208697],
            [-82.955079999862804, 38.736898000331699],
            [-82.955125000068648, 38.73686800009704],
            [-82.955320000062329, 38.736775000270576],
            [-82.955484000093861, 38.736702000065733],
            [-82.955577999805186, 38.736665000326987],
            [-82.955680999737353, 38.736634999994457],
            [-82.955720999920317, 38.736617999987345],
            [-82.955790000415604, 38.736583999960871],
            [-82.95582399985247, 38.736556000132971],
            [-82.955869999883234, 38.736513000100729],
            [-82.955927999609557, 38.736445999852158],
            [-82.955973999640307, 38.736406000217613],
            [-82.956099000212077, 38.736348999788802],
            [-82.956270999741207, 38.73628699970098],
            [-82.956380000419472, 38.736231999724936],
            [-82.956432000298022, 38.736208000155322],
            [-82.956638000162329, 38.73609400033758],
            [-82.956895999905186, 38.735952000273265],
            [-82.957475000038428, 38.735653000325073],
            [-82.957664000184309, 38.735563000116656],
            [-82.957996000445334, 38.735374999876093],
            [-82.958084000308887, 38.735329000025111],
            [-82.958701000076942, 38.735011999942117],
            [-82.958792000313537, 38.734959000268425],
            [-82.958831999598203, 38.734943999745475],
            [-82.958999000002777, 38.734863000230483],
            [-82.959250999897847, 38.734747999723233],
            [-82.959681000068159, 38.734543000340153],
            [-82.95974800001531, 38.734507000131366],
            [-82.960000999735314, 38.734374999911417],
            [-82.960357000285768, 38.734205999836412],
            [-82.960550999556204, 38.734128000044215],
            [-82.960722999983645, 38.734051000120949],
            [-82.96091799997734, 38.733931999885115],
            [-82.960929999672899, 38.733926000150667],
            [-82.96123000014687, 38.733801999919137],
            [-82.961620999959109, 38.733493999723756],
            [-82.962374999994523, 38.732813000042391],
            [-82.962780999875392, 38.732504999787118],
            [-82.963133000227899, 38.732283999914159],
            [-82.963838999684398, 38.731937000129264],
            [-82.964458000000604, 38.731684000318126],
            [-82.964469999696192, 38.7316789996813],
            [-82.964617999834189, 38.731599999944521],
            [-82.964708000245864, 38.731550999797712],
            [-82.964772999644879, 38.731488999749772],
            [-82.964923000331027, 38.731346000349482],
            [-82.96526599956438, 38.731098999819196],
            [-82.965525999855373, 38.730928999704247],
            [-82.965708000328576, 38.73084299984648],
            [-82.96584800007065, 38.730817999868449],
            [-82.965877000382974, 38.73081299987178],
            [-82.966069999828505, 38.730724999873225],
            [-82.966141999798538, 38.730659999804693],
            [-82.966222000164478, 38.730550000254709],
            [-82.966286999563479, 38.730382000245697],
            [-82.966396000241744, 38.730178000254178],
            [-82.966576999991716, 38.730013000102865],
            [-82.966981000222759, 38.72968000001292],
            [-82.967454000050765, 38.729432000010767],
            [-82.968363999721802, 38.728877000091266],
            [-82.968849000143678, 38.728650000029575],
            [-82.969200999597888, 38.728431000209603],
            [-82.969301999880216, 38.728369000257054],
            [-82.969522999813151, 38.728302000078244],
            [-82.97012000038805, 38.728057000312084],
            [-82.970451999750736, 38.727914000349173],
            [-82.970767000293336, 38.727710999660317],
            [-82.971242999596072, 38.727325999669468],
            [-82.971357000297203, 38.727267999654828],
            [-82.97148899964337, 38.727199999795261],
            [-82.971586999552656, 38.727188999945859],
            [-82.971620999887847, 38.727238000281275],
            [-82.971563999986444, 38.727397000251528],
            [-82.971483999620489, 38.727529000050595],
            [-82.970898999639488, 38.728154999758722],
            [-82.970773000141108, 38.728319999996508],
            [-82.970744999653718, 38.728468000008746],
            [-82.970778999988894, 38.728534000000558],
            [-82.97079300023259, 38.728537000094285],
            [-82.970871000050408, 38.728557000015229],
            [-82.970962000286988, 38.728550999829331],
            [-82.971346000426564, 38.728408000154367],
            [-82.972584000160637, 38.727770000058065],
            [-82.973442999778044, 38.727385999731695],
            [-82.974720999695094, 38.726928999763381],
            [-82.974764000251099, 38.726921000033897],
            [-82.97481500030473, 38.726903999817281],
            [-82.974972999590165, 38.72685299984402],
            [-82.975444999593279, 38.726814999854057],
            [-82.976198999628679, 38.726634000122218],
            [-82.976468000140514, 38.726517000264543],
            [-82.976916999679062, 38.726330000106138],
            [-82.977371000138845, 38.726191999810325],
            [-82.977905999891135, 38.726142000094441],
            [-82.978418000077198, 38.7260749999297],
            [-82.978809999714372, 38.726007999702126],
            [-82.979535000335773, 38.725943000247618],
            [-82.980294000394039, 38.72599600030324],
            [-82.981089000437365, 38.725978999866534],
            [-82.981491000120258, 38.72599600030324],
            [-82.982481000157208, 38.726113000313234],
            [-82.983463999623183, 38.726189999682227],
            [-82.983758000249338, 38.726232000258676],
            [-82.984431999918812, 38.72625999992848],
            [-82.98540500023735, 38.726365000169253],
            [-82.985728000277533, 38.726436000304759],
            [-82.986411000167834, 38.726562000124652],
            [-82.986738000405978, 38.726681000023092],
            [-82.98709300023323, 38.726787999756645],
            [-82.987621000312828, 38.726891999868059],
            [-82.988439999747257, 38.727091999926429],
            [-82.989337999722707, 38.727320000080944],
            [-82.989849999908785, 38.727450999975851],
            [-82.99093600020521, 38.727736000024862],
            [-82.992321000252375, 38.7280950003423],
            [-82.992911000256257, 38.728225000182221],
            [-82.993962000392585, 38.72846499991207],
            [-82.994457999786832, 38.728546999705102],
            [-82.995390999922392, 38.728648999999962],
            [-82.995698999893946, 38.728728000196924],
            [-82.995734000054043, 38.728733000339524],
            [-82.996673999862296, 38.728855000206352],
            [-82.996986000031853, 38.728904000099973],
            [-82.997054999628816, 38.728921999866564],
            [-82.997170999979758, 38.728951999934559],
            [-82.997293000178502, 38.728985000064981],
            [-82.997555999944225, 38.729020000229035],
            [-82.997791000120884, 38.729069000009481],
            [-82.998227999963888, 38.729175000349166],
            [-82.99851599984396, 38.729225000044927],
            [-82.998634999669662, 38.729245999794593],
            [-82.998674999852625, 38.729252999943334],
            [-82.998701999616813, 38.729258000049185],
            [-82.99880100024933, 38.729274999705687],
            [-82.998859999800544, 38.729281999851594],
            [-82.998934000318712, 38.729290000017521],
            [-82.999009999588395, 38.729298000182602],
            [-82.999077000433843, 38.729306000346739],
            [-82.999100999824989, 38.729307999686853],
            [-82.99925999983364, 38.729326000052396],
            [-82.999336999826539, 38.729333000193314],
            [-82.999397000100998, 38.729338000293566],
            [-82.999458000200349, 38.729342999692676],
            [-82.999704000247647, 38.72936400010844],
            [-82.999894000218461, 38.729379999720294],
            [-83.00002700028783, 38.729393999990897],
            [-83.000235999626895, 38.729365000128105],
            [-83.0015880000621, 38.729607000265581],
            [-83.002297999716589, 38.729690000164503],
            [-83.002522000022566, 38.729695000239772],
            [-83.002803000229974, 38.729745000272338],
            [-83.002968000086398, 38.729764999855114],
            [-83.003288999578459, 38.729802999677652],
            [-83.003490000318237, 38.729826999997762],
            [-83.004056999857568, 38.729784000119302],
            [-83.004268999569689, 38.729784000119302],
            [-83.004830999984478, 38.729839000154826],
            [-83.005496000331433, 38.729811999798628],
            [-83.006171999650704, 38.729845000232537],
            [-83.006795999989791, 38.729938999983453],
            [-83.007851000324081, 38.730005000017911],
            [-83.008319999954139, 38.729988999845247],
            [-83.008783999561302, 38.729993999899584],
            [-83.009357999671678, 38.729951000121645],
            [-83.01074400044206, 38.729912999677033],
            [-83.011454999921455, 38.729874999913001],
            [-83.011574999572062, 38.729880999987756],
            [-83.011666999633562, 38.729885000037292],
            [-83.011838000236096, 38.729847000258367],
            [-83.011987000199028, 38.729732000085029],
            [-83.012061999643777, 38.729633999998455],
            [-83.012182000192695, 38.729397000048507],
            [-83.012325000307825, 38.729232000195729],
            [-83.012496999836969, 38.729134000124063],
            [-83.012709000447387, 38.729079000246593],
            [-83.012967000190244, 38.729067999985688],
            [-83.013614999920449, 38.729161000035646],
            [-83.013772000279275, 38.72916400010304],
            [-83.013912999846269, 38.729167000170357],
            [-83.014093999596241, 38.729147999742082],
            [-83.014416999636438, 38.729113000341478],
            [-83.014738000026796, 38.729047000183755],
            [-83.014885000339888, 38.729008999959099],
            [-83.015046999823269, 38.72895900011217],
            [-83.015624000306687, 38.728805000251697],
            [-83.016312000219855, 38.728643999851492],
            [-83.017025000247386, 38.728432000242314],
            [-83.017915999651819, 38.728188000257227],
            [-83.018011000086389, 38.728160999977931],
            [-83.018380000157336, 38.728054000198206],
            [-83.018646000296101, 38.727993999996151],
            [-83.018808999604403, 38.727950999715247],
            [-83.01925800004129, 38.727992999957301],
            [-83.019877000357496, 38.728163000050905],
            [-83.020155000191835, 38.728310999687565],
            [-83.020428000003321, 38.728434000307651],
            [-83.02043899987396, 38.728442999900345],
            [-83.020559000422864, 38.728509999946873],
            [-83.020811000317948, 38.728598999901088],
            [-83.02096000028088, 38.728619999834763],
            [-83.021315000108103, 38.728604000052712],
            [-83.023562000145731, 38.728115999723308],
            [-83.024220999746589, 38.72802799990658],
            [-83.025835999947532, 38.727694000332484],
            [-83.026215000064198, 38.727595000209085],
            [-83.026729999725021, 38.727489999673466],
            [-83.027709999716251, 38.727155999686687],
            [-83.027976999679936, 38.727031000265825],
            [-83.028323000184656, 38.726871000127296],
            [-83.028637999828931, 38.726689999836545],
            [-83.0286500004228, 38.726684000194631],
            [-83.028864999609638, 38.726588000248952],
            [-83.029985000241268, 38.726091000278046],
            [-83.030494999879195, 38.725839000156476],
            [-83.030775000261684, 38.725663999782739],
            [-83.030882000391813, 38.725563000204936],
            [-83.03154900038858, 38.724938999675352],
            [-83.031653999970558, 38.724848999984921],
            [-83.031790000413011, 38.724749000040184],
            [-83.031899000192951, 38.724643000142201],
            [-83.032270999738628, 38.724328999865314],
            [-83.033211000445192, 38.723384999659956],
            [-83.033777999984551, 38.722576999901349],
            [-83.034029999879621, 38.722023000120025],
            [-83.034235999743927, 38.721726999721291],
            [-83.034528999646895, 38.721374999867344],
            [-83.034645999822772, 38.721256999675667],
            [-83.034850000037267, 38.721008999873057],
            [-83.035090000236778, 38.720787000043174],
            [-83.0357890000206, 38.720007999812829],
            [-83.03668799982097, 38.71878299967301],
            [-83.037467999795638, 38.717795000233117],
            [-83.037656000116613, 38.717505000257859],
            [-83.037820999973064, 38.717294000029341],
            [-83.037870000376856, 38.717177000298548],
            [-83.037943000171808, 38.717064999933498],
            [-83.038157000432051, 38.716646999850006],
            [-83.038276000257724, 38.716413000181369],
            [-83.038406999778971, 38.71615400024497],
            [-83.038636999932748, 38.715791000075335],
            [-83.03891200029237, 38.715257999912822],
            [-83.039151999593557, 38.714852000346752],
            [-83.039586999786749, 38.713979000316378],
            [-83.039840000405036, 38.713430000285079],
            [-83.04010900001856, 38.712683000169925],
            [-83.040377999632085, 38.712156000124658],
            [-83.040550000059525, 38.711892000265401],
            [-83.041346999752633, 38.710359999712232],
            [-83.04207999987166, 38.708838999847416],
            [-83.042388999668134, 38.708212999868309],
            [-83.042745000218602, 38.707620000198879],
            [-83.04324300016097, 38.707026999817053],
            [-83.043695999897508, 38.706554999868132],
            [-83.044710000223901, 38.705374999683258],
            [-83.045501000069237, 38.70444600001435],
            [-83.045907999775025, 38.703967999705441],
            [-83.046372000280527, 38.703348000041494],
            [-83.046881000093535, 38.7028160000337],
            [-83.047006999591929, 38.702711000247085],
            [-83.047317000111647, 38.702469999860057],
            [-83.047777000419174, 38.702063000175364],
            [-83.047826999749589, 38.702007000092593],
            [-83.048297000102863, 38.701563999895065],
            [-83.049396999744687, 38.70026799973332],
            [-83.050118999993032, 38.699487999791558],
            [-83.050514000003247, 38.69900999999328],
            [-83.051017999793416, 38.698384000195588],
            [-83.051493999994477, 38.697713999820515],
            [-83.052054999686035, 38.696878999949057],
            [-83.052490999704133, 38.696341000108298],
            [-83.053042000248269, 38.695788000098212],
            [-83.053669999886978, 38.695352999697739],
            [-83.054018000041538, 38.695068000225206],
            [-83.054507999587983, 38.694809999885813],
            [-83.055122999706214, 38.694527999771083],
            [-83.055681999747961, 38.694241000196044],
            [-83.056320000330743, 38.693910999742727],
            [-83.056998000198149, 38.693529000138398],
            [-83.057487999744609, 38.693324000300677],
            [-83.057872999709062, 38.693107999689005],
            [-83.058354999757924, 38.692841000125156],
            [-83.058670000300523, 38.692639999748721],
            [-83.058984000119864, 38.692343999680126],
            [-83.059457999772789, 38.691873000120545],
            [-83.059897000163929, 38.691519000107384],
            [-83.060323000136279, 38.691091999923565],
            [-83.060825000276608, 38.690684999996755],
            [-83.061417999755236, 38.690231999725889],
            [-83.061746999643205, 38.689973000305258],
            [-83.062000000261492, 38.68980799989032],
            [-83.062180000186558, 38.689669000027358],
            [-83.062488999983046, 38.689488000189435],
            [-83.062873000122593, 38.689306999893596],
            [-83.064105000008894, 38.688895000205086],
            [-83.064736000020659, 38.688648000212453],
            [-83.064919000318767, 38.688598000178288],
            [-83.065847000431447, 38.688478000093994],
            [-83.066191000388045, 38.688373000293353],
            [-83.06661300016242, 38.688132999869943],
            [-83.066792000262566, 38.687991999762872],
            [-83.066849999988889, 38.687964999725551],
            [-83.066923999608719, 38.687912000220052],
            [-83.067301999900508, 38.687709000216209],
            [-83.068202000424094, 38.687324000029278],
            [-83.068660000183499, 38.687181999821711],
            [-83.06893499964481, 38.687065999808389],
            [-83.069285000347477, 38.686841000014056],
            [-83.069714999619478, 38.686680999667544],
            [-83.070518999883603, 38.686428000230073],
            [-83.071021000023947, 38.686269000283815],
            [-83.071462000064912, 38.686099000122439],
            [-83.071590000111428, 38.686060000280044],
            [-83.072782999639671, 38.68572500030907],
            [-83.073054999626208, 38.685601999821436],
            [-83.073462000230307, 38.685455999971495],
            [-83.074539000305904, 38.684946000194337],
            [-83.075512999551037, 38.684545000038788],
            [-83.077517999739314, 38.683605000232262],
            [-83.078722000036521, 38.683127000183902],
            [-83.079292999773827, 38.682880999882848],
            [-83.079881000127898, 38.682670999829014],
            [-83.08229600039499, 38.681778999905049],
            [-83.084569000371872, 38.680801000323669],
            [-83.085115999819749, 38.680694999777003],
            [-83.08548300024087, 38.6806439997955],
            [-83.085678000234523, 38.680632999794724],
            [-83.086049999780215, 38.680571999759685],
            [-83.086553999570356, 38.680430000178021],
            [-83.087854999951929, 38.680270000222862],
            [-83.089012000393495, 38.680045000097174],
            [-83.089811999561334, 38.679790000315123],
            [-83.089998000232484, 38.679731000288363],
            [-83.090765999613296, 38.679566000097964],
            [-83.090978000223714, 38.679499999775032],
            [-83.091991999651796, 38.679368000349164],
            [-83.092754000083133, 38.679209000143686],
            [-83.093585000111432, 38.678994999741654],
            [-83.096105999785451, 38.678576000083773],
            [-83.097847000383084, 38.67829499982949],
            [-83.09800800004156, 38.67826700030772],
            [-83.099107999683383, 38.67802600031446],
            [-83.09985300039628, 38.677938999884738],
            [-83.100144999576003, 38.677904999994361],
            [-83.101548999889744, 38.677558999944026],
            [-83.103261999999987, 38.676998000215647],
            [-83.104837999842871, 38.676377000252828],
            [-83.105129999920933, 38.676210999982544],
            [-83.10561699999262, 38.675970000079502],
            [-83.105817999834102, 38.675855000191895],
            [-83.106385000271743, 38.675425999657882],
            [-83.106418999708623, 38.675408999819197],
            [-83.106580000265424, 38.675321999715059],
            [-83.107078000207792, 38.675249999935822],
            [-83.107319000232209, 38.675172999702156],
            [-83.107645999572043, 38.674985999891952],
            [-83.108402000155607, 38.67431599989898],
            [-83.108854000067225, 38.674041000305749],
            [-83.110051999618335, 38.673360000167811],
            [-83.110740000429814, 38.672854000187336],
            [-83.110906000111171, 38.672710999910528],
            [-83.111111999975492, 38.67257999999967],
            [-83.111336000281483, 38.672386999737135],
            [-83.111948999851577, 38.671996999973295],
            [-83.112384000044756, 38.671623000103111],
            [-83.112847999651947, 38.671156000038764],
            [-83.113179999912973, 38.670855000184979],
            [-83.113449000424808, 38.670558999770321],
            [-83.113880000420011, 38.67008500014942],
            [-83.114898999870974, 38.669117999657914],
            [-83.115759000211597, 38.668239000007837],
            [-83.115954000205278, 38.667980999718473],
            [-83.116529000140545, 38.667373999878393],
            [-83.117034999580511, 38.6668410000823],
            [-83.117140999885734, 38.666738999979557],
            [-83.117564000383339, 38.666398999756751],
            [-83.118376999969996, 38.665513999827319],
            [-83.119213999846082, 38.664393000300173],
            [-83.11958600029007, 38.663975999807811],
            [-83.120217000301821, 38.663020000183494],
            [-83.120783999841166, 38.662234000155216],
            [-83.121287999631321, 38.661410000238838],
            [-83.122066999781083, 38.66009799974556],
            [-83.122164999690369, 38.659871999758515],
            [-83.122171000436481, 38.659861999661921],
            [-83.122393000194336, 38.659362000066203],
            [-83.122399000042108, 38.659329000068333],
            [-83.122445000072858, 38.659037999811233],
            [-83.122450999920645, 38.658366999675472],
            [-83.122508999646968, 38.658169999829141],
            [-83.122353999836264, 38.657659000323001],
            [-83.122352000186439, 38.657569999750713],
            [-83.122347999988492, 38.657428999760505],
            [-83.122424999981376, 38.657260999797856],
            [-83.122538999784197, 38.657012000105524],
            [-83.122640000066539, 38.656790999763331],
            [-83.122800999725015, 38.656599000067956],
            [-83.122978000175337, 38.656323999768503],
            [-83.123127000138254, 38.656132000224304],
            [-83.123143000031774, 38.656044000202805],
            [-83.123155999552253, 38.655977999940283],
            [-83.123189999887444, 38.65577000022455],
            [-83.123311000261268, 38.655457000218902],
            [-83.123430999911875, 38.655314000272163],
            [-83.123533999844042, 38.655181999744151],
            [-83.123557000308566, 38.655126000148186],
            [-83.123625999905542, 38.654957000037236],
            [-83.123620000057755, 38.654017999991673],
            [-83.123645999997024, 38.653752999854085],
            [-83.123666000088505, 38.653562000110682],
            [-83.123969999862126, 38.652953000044079],
            [-83.124239000373962, 38.652561000278297],
            [-83.124261999940174, 38.652529000345851],
            [-83.124491000269046, 38.651914000314626],
            [-83.124559999866008, 38.65150799969031],
            [-83.124565999713781, 38.651439000338669],
            [-83.124622999615198, 38.651241999678753],
            [-83.124676000216951, 38.650383999952645],
            [-83.125826999912405, 38.646521999838377],
            [-83.126693000100801, 38.644393000300184],
            [-83.128082000345941, 38.641727999698013],
            [-83.129134000307175, 38.640146000115195],
            [-83.130217000230559, 38.638226999716892],
            [-83.132366000358871, 38.635483000020344],
            [-83.132732999881682, 38.634796999822235],
            [-83.134753999963493, 38.632013000258461],
            [-83.136298999844243, 38.630452000268555],
            [-83.137811000113018, 38.628920999896309],
            [-83.142653000342804, 38.625096000343262],
            [-83.142665000038363, 38.625070999895172],
            [-83.142981000405868, 38.624864999745313],
            [-83.14338200026387, 38.624519999681468],
            [-83.143547999945213, 38.624420999924247],
            [-83.144045999887581, 38.624277999799673],
            [-83.144842999580689, 38.624113999659102],
            [-83.145158000123274, 38.623986999651983],
            [-83.145336000398501, 38.623867000057587],
            [-83.146022999588467, 38.623119999751168],
            [-83.146246999894444, 38.622976999839572],
            [-83.148332000448661, 38.622027999964075],
            [-83.148767999568449, 38.62177500017706],
            [-83.14909999982946, 38.621523000323116],
            [-83.149643999802592, 38.621000999814115],
            [-83.150206000217381, 38.620452000189346],
            [-83.150504000143215, 38.620238999817083],
            [-83.15097899962106, 38.61997999986643],
            [-83.152199999636707, 38.619421000020736],
            [-83.153243000275424, 38.618982000278116],
            [-83.15346800040632, 38.618902000134661],
            [-83.153603000125528, 38.618855000307128],
            [-83.153644000133426, 38.6188389998361],
            [-83.153783000050581, 38.618827000006945],
            [-83.154308999582057, 38.618781999752272],
            [-83.154474000336805, 38.618768000291134],
            [-83.155741000383202, 38.618673999727704],
            [-83.156342000257752, 38.618614999886091],
            [-83.156857999743465, 38.618558999789244],
            [-83.157964000131386, 38.618487999967094],
            [-83.158708999945972, 38.618477000245406],
            [-83.159399000407277, 38.61854500028462],
            [-83.159534000126484, 38.618559999954279],
            [-83.16027300009327, 38.618659000081848],
            [-83.16123600036606, 38.618841000158405],
            [-83.162067000394359, 38.618956000346557],
            [-83.162982999913169, 38.619000000333173],
            [-83.164444999953247, 38.619115999721849],
            [-83.164937000047814, 38.619160000312192],
            [-83.167194999956095, 38.6192090002519],
            [-83.167968000258071, 38.619187000326043],
            [-83.170884999767196, 38.618902000134661],
            [-83.172523000432676, 38.618968000154183],
            [-83.173228000064285, 38.619007000041414],
            [-83.175022000365374, 38.619100000010924],
            [-83.175708999555326, 38.619138999826447],
            [-83.175961000348721, 38.619177000166154],
            [-83.17773700020814, 38.619199000095023],
            [-83.178712000176489, 38.6191879997805],
            [-83.178774000100759, 38.6191879997805],
            [-83.178785999796332, 38.619178999777098],
            [-83.178791999644105, 38.61916800016138],
            [-83.178803000413083, 38.619161999923605],
            [-83.178964000071559, 38.619128000204533],
            [-83.17907799987438, 38.619106999709416],
            [-83.179129999752902, 38.619101000168421],
            [-83.179261999997394, 38.619076999893885],
            [-83.179840000305703, 38.618991000306188],
            [-83.179995000116406, 38.618973000248879],
            [-83.1803049997378, 38.618932000023449],
            [-83.180349999943658, 38.618921999827954],
            [-83.180515999625001, 38.618902000134661],
            [-83.180717000364766, 38.618859999707809],
            [-83.180790999984623, 38.618842000319503],
            [-83.180814000449146, 38.618825999845583],
            [-83.18082600014472, 38.618823000063401],
            [-83.180831000167586, 38.618793000129067],
            [-83.181572999609116, 38.618511000273074],
            [-83.182098000213983, 38.618309000202444],
            [-83.18235599995684, 38.618243000278412],
            [-83.182745000119269, 38.618232999986859],
            [-83.183427000184651, 38.618281999858027],
            [-83.183479000063201, 38.618288000169365],
            [-83.183495999781613, 38.618275000079031],
            [-83.18355299968303, 38.618271000104691],
            [-83.183725000110485, 38.618261999986281],
            [-83.183828000042638, 38.618248999891179],
            [-83.183971999982703, 38.618239999769955],
            [-83.184188999717676, 38.618230000179864],
            [-83.184274999931404, 38.618210999761686],
            [-83.184423999894307, 38.618186999891179],
            [-83.18456199998657, 38.618169999802554],
            [-83.184727999667913, 38.61815699969079],
            [-83.184951000148999, 38.618152000241047],
            [-83.185065999776739, 38.618139000126007],
            [-83.185260999770392, 38.618110000076904],
            [-83.185329000440774, 38.618102000109715],
            [-83.18541499975619, 38.61809599978276],
            [-83.185541000152881, 38.618078999672584],
            [-83.185661999628394, 38.618050999771356],
            [-83.185706999834238, 38.618038000339894],
            [-83.185804999743524, 38.618025999674785],
            [-83.185942000010883, 38.61801200006613],
            [-83.186275000096813, 38.617973999811085],
            [-83.186583999893301, 38.617936000237734],
            [-83.186646999642491, 38.617925999903427],
            [-83.186894000413005, 38.617895000121415],
            [-83.187003000192959, 38.617879000138181],
            [-83.187133999714206, 38.617865999973667],
            [-83.187639000227591, 38.617792000342114],
            [-83.187763999901051, 38.617768000331409],
            [-83.187855999962551, 38.617764000328805],
            [-83.187958999894718, 38.617760000326015],
            [-83.188023000367153, 38.617755000146765],
            [-83.188223000383672, 38.617743000136201],
            [-83.188749999740054, 38.617689999890125],
            [-83.189041999818102, 38.617637999782836],
            [-83.189144999750269, 38.617624000098452],
            [-83.189409000239223, 38.617581000148306],
            [-83.189885000440285, 38.617514000076682],
            [-83.189981999626355, 38.617506000043022],
            [-83.19025100013819, 38.617463000022134],
            [-83.190389000230439, 38.617434999880437],
            [-83.190893000020608, 38.617355000117193],
            [-83.190968000363668, 38.617341999857693],
            [-83.191196999794215, 38.617306000314635],
            [-83.191534999903027, 38.617256999776721],
            [-83.191672000170371, 38.617241999834576],
            [-83.191861000316237, 38.617206999723329],
            [-83.192216999968409, 38.617175000148194],
            [-83.192376999801965, 38.617157999819739],
            [-83.192674999727799, 38.61713199992888],
            [-83.192869999721481, 38.617099000134836],
            [-83.193104999898125, 38.617074999892253],
            [-83.193196000134705, 38.617055999869962],
            [-83.193321999633099, 38.617043999742457],
            [-83.193361999816062, 38.617043999742457],
            [-83.193489000037673, 38.617032999799314],
            [-83.193523000372863, 38.617032999799314],
            [-83.193580000274267, 38.617024999712001],
            [-83.193665999589683, 38.61700699986315],
            [-83.193781000115706, 38.616987999822904],
            [-83.193918000383078, 38.616975000198799],
            [-83.194319000241066, 38.616945000193382],
            [-83.194422000173233, 38.616941000144877],
            [-83.194766000129817, 38.616919999711328],
            [-83.194801000289914, 38.616915999661479],
            [-83.195093000367962, 38.616903000024323],
            [-83.195430999578448, 38.616878999716157],
            [-83.195586000287463, 38.616870000124933],
            [-83.19568900021963, 38.616860999830671],
            [-83.196193000009785, 38.616834999832228],
            [-83.196371000285012, 38.616830000290342],
            [-83.196858000356741, 38.616799000034703],
            [-83.197614000041966, 38.61680800033669],
            [-83.197694000407907, 38.616803000091082],
            [-83.197906000120014, 38.616778000261434],
            [-83.198004000029314, 38.616763000219123],
            [-83.198135000448872, 38.616752999721221],
            [-83.198215999741407, 38.616745000304533],
            [-83.198450999918037, 38.616730999743957],
            [-83.198599999880955, 38.616718000073277],
            [-83.19875999971454, 38.616711000141642],
            [-83.19886900039279, 38.616700000147432],
            [-83.199042999571759, 38.616690000342658],
            [-83.199194999907718, 38.61668200021704],
            [-83.199379000030731, 38.616671999707847],
            [-83.199785999736505, 38.61664500015101],
            [-83.200152000332722, 38.616624999822818],
            [-83.200329999709638, 38.616619000074216],
            [-83.200788000367368, 38.616613000325103],
            [-83.200959999896497, 38.616615000007585],
            [-83.201246999951678, 38.616602000315865],
            [-83.201412999633035, 38.616605000190951],
            [-83.201595999931129, 38.616617999882116],
            [-83.20167600029707, 38.616619000074216],
            [-83.20172200032782, 38.616624000332706],
            [-83.202042999819867, 38.616624000332706],
            [-83.202231999965747, 38.616637000020425],
            [-83.202714000014609, 38.616654999962066],
            [-83.202976999780333, 38.616675000281894],
            [-83.203274999706167, 38.616687999960376],
            [-83.203355000072108, 38.616697000276332],
            [-83.203452999981394, 38.616697999765442],
            [-83.203658999845715, 38.616716999882549],
            [-83.203728000341002, 38.616730000255323],
            [-83.204020000419064, 38.616757999970318],
            [-83.204278000161921, 38.616768999955681],
            [-83.204364000375648, 38.616774999691735],
            [-83.204552999623218, 38.616797999845062],
            [-83.204689999890576, 38.616823999856983],
            [-83.20487900003647, 38.616852000237238],
            [-83.20495400037953, 38.616860999830671],
            [-83.20501700012872, 38.616864999883639],
            [-83.205166000091637, 38.616886000333288],
            [-83.205320999902327, 38.616903000024323],
            [-83.205526999766661, 38.616939999957268],
            [-83.205721999760328, 38.616961999870433],
            [-83.206024999709044, 38.61700400000489],
            [-83.206351999947188, 38.617058999726055],
            [-83.206592999971605, 38.617110000067861],
            [-83.206782000117485, 38.617141999672043],
            [-83.207074000195547, 38.61721300012465],
            [-83.207360000425794, 38.617291999863568],
            [-83.207710000230165, 38.617379000266091],
            [-83.207846999599212, 38.617401000044559],
            [-83.207910000246713, 38.617414000293351],
            [-83.20815100027113, 38.617480999756502],
            [-83.208511999946154, 38.617492999810899],
            [-83.208671999779725, 38.617523000289005],
            [-83.208821999567547, 38.617547999858942],
            [-83.208952999987119, 38.617575999956586],
            [-83.20960400009038, 38.617688999712968],
            [-83.210196999568993, 38.617893999947114],
            [-83.210541000423888, 38.618037000167526],
            [-83.213113000151509, 38.618887999995117],
            [-83.213508000161724, 38.61901899984052],
            [-83.214145000021261, 38.619215999939748],
            [-83.214723000329599, 38.61950199973721],
            [-83.214991999943109, 38.61966700004637],
            [-83.215542999588919, 38.620028999947806],
            [-83.215720000039241, 38.62018800029638],
            [-83.215931999751348, 38.620291000144292],
            [-83.216023999812862, 38.620353999869309],
            [-83.216086999562052, 38.620394999983667],
            [-83.216361999921659, 38.620527000021603],
            [-83.216453999983173, 38.620579000139998],
            [-83.216626000410628, 38.620689999807617],
            [-83.21666499987036, 38.620711999974247],
            [-83.216889000176351, 38.620814000339713],
            [-83.216986000260718, 38.620854000058131],
            [-83.217071999576135, 38.620891000058492],
            [-83.217136000048555, 38.620924000213435],
            [-83.2172790001637, 38.620979999867409],
            [-83.217422000278816, 38.621024000016078],
            [-83.217495999898659, 38.621058000240026],
            [-83.217731000075304, 38.621163999926566],
            [-83.217897999581581, 38.621271000285525],
            [-83.218023999978286, 38.621332999725205],
            [-83.218104000344212, 38.621380000034478],
            [-83.218299000337865, 38.621465000142273],
            [-83.218413000140686, 38.621527000116046],
            [-83.2185050002022, 38.621573000175175],
            [-83.218648000317344, 38.62166099971784],
            [-83.218705000218748, 38.621701999786879],
            [-83.21874700005155, 38.621724999764034],
            [-83.218849000158784, 38.621770000277706],
            [-83.218916999930855, 38.621797000010915],
            [-83.219025999710809, 38.621853999804181],
            [-83.219077999589331, 38.621871999840302],
            [-83.219147000084618, 38.621890999990491],
            [-83.219250000016785, 38.621931999928044],
            [-83.219512999782523, 38.622074999817883],
            [-83.219604999844023, 38.622118999996552],
            [-83.219731000240728, 38.622166999905453],
            [-83.219880000203645, 38.622218000124434],
            [-83.219988999983585, 38.622248000029842],
            [-83.220121000228048, 38.622299000191177],
            [-83.220240999878655, 38.622337000260266],
            [-83.220373000123132, 38.622402999926152],
            [-83.22041300030611, 38.622425000269168],
            [-83.22044699974299, 38.62244699990358],
            [-83.220465000184646, 38.622463999680292],
            [-83.220532999956717, 38.622508000322128],
            [-83.220768000133347, 38.622621000028403],
            [-83.220860000194861, 38.622651999873206],
            [-83.220917000096264, 38.622675000247533],
            [-83.221086000150663, 38.622755999798109],
            [-83.221174999839135, 38.622803999982501],
            [-83.221237999588325, 38.622840999678679],
            [-83.221363999985016, 38.622902999866568],
            [-83.221502000077265, 38.622963999897244],
            [-83.221885000391921, 38.623170999994166],
            [-83.22202299958586, 38.623240999993463],
            [-83.222097000104029, 38.623279000265306],
            [-83.222317000212044, 38.623409999810498],
            [-83.222446999908385, 38.623490999934518],
            [-83.222584000175743, 38.623568000288245],
            [-83.222796999712756, 38.62367499986776],
            [-83.222893999797137, 38.623734999850747],
            [-83.223106000407554, 38.623837000127615],
            [-83.223283999784471, 38.6239359999893],
            [-83.223415000204042, 38.623991000009312],
            [-83.223477999953232, 38.624015000043151],
            [-83.223599000327056, 38.624073000267124],
            [-83.223748000289973, 38.624171999803004],
            [-83.223891000405104, 38.62424800004159],
            [-83.224154000170842, 38.624378999922101],
            [-83.224222999767818, 38.624402999826088],
            [-83.224286000415319, 38.62443599976865],
            [-83.224365999882949, 38.62448099998484],
            [-83.224515999670771, 38.624553000272016],
            [-83.224698999968879, 38.624632000347972],
            [-83.224791000030379, 38.624675000281648],
            [-83.224939000168405, 38.624756999757324],
            [-83.225013999613154, 38.624790000238804],
            [-83.225071000412868, 38.624825000158616],
            [-83.225208999606821, 38.624890000265175],
            [-83.225415000369466, 38.624981000175026],
            [-83.225507000430966, 38.62502099967471],
            [-83.225719000143073, 38.625035000020702],
            [-83.22594799957362, 38.625074000117856],
            [-83.22594799957362, 38.625213999842032],
            [-83.226051000404098, 38.625256000056886],
            [-83.226188999598037, 38.625307000184435],
            [-83.226555000194239, 38.625470000335184],
            [-83.226726999723383, 38.62555100023782],
            [-83.226899000150837, 38.625625999650232],
            [-83.227140000175268, 38.625739000057848],
            [-83.227283000290385, 38.625823999911702],
            [-83.227432000253302, 38.625889999877344],
            [-83.227529000337682, 38.625923999899754],
            [-83.227689999996159, 38.625986000229354],
            [-83.2277760002099, 38.626025999870194],
            [-83.227890000012692, 38.626072999911003],
            [-83.228136999884896, 38.626152999775123],
            [-83.228353999619884, 38.626226999903352],
            [-83.228475999818642, 38.626274999869864],
            [-83.228938999600899, 38.626457000269639],
            [-83.229162000081971, 38.626536999705394],
            [-83.229397000258629, 38.626611000139093],
            [-83.229465999855591, 38.626627000279775],
            [-83.229522999757009, 38.626651000133144],
            [-83.229592000252282, 38.626684999794712],
            [-83.229689000336677, 38.626722000295644],
            [-83.229763999781426, 38.626755999923553],
            [-83.229877999584232, 38.626795999836666],
            [-83.23004499998882, 38.626843000074516],
            [-83.23038899994539, 38.626949999679844],
            [-83.230537000083416, 38.626995999769392],
            [-83.230599999832592, 38.627011999824113],
            [-83.230886999887787, 38.627103999894139],
            [-83.231024000155116, 38.627129000335174],
            [-83.231127999912204, 38.627154000065701],
            [-83.231276999875121, 38.627184000011589],
            [-83.231666000037535, 38.62731300005688],
            [-83.231809000152666, 38.627356999828834],
            [-83.231980999681795, 38.627402999657264],
            [-83.23201599984192, 38.627413000073723],
            [-83.232239000322977, 38.627448000116857],
            [-83.232599999998001, 38.627522999650481],
            [-83.232754999808705, 38.627558999679451],
            [-83.232927000236145, 38.627612999689056],
            [-83.233815000165862, 38.627847999997961],
            [-83.233947000410339, 38.627885999933774],
            [-83.234186999711554, 38.627946999936341],
            [-83.234250000359054, 38.627954000174931],
            [-83.234370999834553, 38.627960999711043],
            [-83.234421999888184, 38.627968999982038],
            [-83.234697000247806, 38.628029999914027],
            [-83.234908999959913, 38.628071999883005],
            [-83.23505799992283, 38.628093999890403],
            [-83.23525899976427, 38.628105000242407],
            [-83.235550999842317, 38.628110999731952],
            [-83.235775000148308, 38.628118999986256],
            [-83.235929000134107, 38.628121000049717],
            [-83.236164000310751, 38.628126000208056],
            [-83.236295999656903, 38.628133999758894],
            [-83.237298000287737, 38.628298999857797],
            [-83.239757000037457, 38.628582999874617],
            [-83.240203999926209, 38.628621000122642],
            [-83.240547000057902, 38.628676000058178],
            [-83.242788000247714, 38.628741000182764],
            [-83.243262999725559, 38.628713000233482],
            [-83.243652999712907, 38.628728999905064],
            [-83.244168000272026, 38.628707000092518],
            [-83.245216999860219, 38.628612999924357],
            [-83.24566399974897, 38.628564000093924],
            [-83.246329000095926, 38.628431000084611],
            [-83.246987999696771, 38.628244999663089],
            [-83.247880999649354, 38.627810000041997],
            [-83.248167999704535, 38.627645000221378],
            [-83.248419999599605, 38.627448000116857],
            [-83.248870999686318, 38.627160999679909],
            [-83.249101999665001, 38.627012999871326],
            [-83.249834999784028, 38.626612000191884],
            [-83.249910000127088, 38.626626000227191],
            [-83.249991000317934, 38.626596000047904],
            [-83.250931999951106, 38.626246000303318],
            [-83.251215999633217, 38.626132999992919],
            [-83.251629000085103, 38.625908000304058],
            [-83.252316000173352, 38.625359000345981],
            [-83.252457999565252, 38.62516100020418],
            [-83.252487999702495, 38.625117999860116],
            [-83.252461999763227, 38.625105999677892],
            [-83.252414000082652, 38.625085000231401],
            [-83.252414000082652, 38.625067999672424],
            [-83.252597000380746, 38.624893999870309],
            [-83.252934999591233, 38.62461900000384],
            [-83.253634000273379, 38.624000000110691],
            [-83.253799999954737, 38.6238939997031],
            [-83.253844000335675, 38.623857999939574],
            [-83.254540999571347, 38.623496999810129],
            [-83.255597999555462, 38.623148999880009],
            [-83.256635000346407, 38.623032999995964],
            [-83.256811999898417, 38.623028000184263],
            [-83.258138000394354, 38.622953000160187],
            [-83.259662000358702, 38.622926000160341],
            [-83.260739000434299, 38.622834999748243],
            [-83.260803999833328, 38.62282399999139],
            [-83.261782000174705, 38.622591999686001],
            [-83.262096999818979, 38.622459999939572],
            [-83.262320000300051, 38.622333999923136],
            [-83.262894000410412, 38.622120000111941],
            [-83.263872999678412, 38.621609999804598],
            [-83.264262999665746, 38.621400999864058],
            [-83.265133999877023, 38.620763999958513],
            [-83.265815999942419, 38.620193000306017],
            [-83.266391999702591, 38.619614999968618],
            [-83.26651499972624, 38.619491000171017],
            [-83.267179000248277, 38.618859999707809],
            [-83.267564000212744, 38.618410999774127],
            [-83.267654999551013, 38.618305000230009],
            [-83.267964000245811, 38.617728999770428],
            [-83.268043999713456, 38.617421000156376],
            [-83.268089999744205, 38.616767999765621],
            [-83.268141999622742, 38.616080999987624],
            [-83.268211000118015, 38.615769000202384],
            [-83.268422999830122, 38.615268999660245],
            [-83.268525999762289, 38.615109000126473],
            [-83.268755000091147, 38.614917999869149],
            [-83.268920999772504, 38.614845999735721],
            [-83.269242000162876, 38.614665000270392],
            [-83.269488000210174, 38.614550000221612],
            [-83.270181999971129, 38.614083000100656],
            [-83.271235999582174, 38.613028999683188],
            [-83.272805999577287, 38.611376999661708],
            [-83.274295000279849, 38.609982999698524],
            [-83.274685000267183, 38.609664000148769],
            [-83.275555999580149, 38.609115000093716],
            [-83.276184999942103, 38.608650999899162],
            [-83.276763000250412, 38.608160000271475],
            [-83.277178000352095, 38.607785999867573],
            [-83.277353000254294, 38.607585000098943],
            [-83.277563000316576, 38.607370999806776],
            [-83.277970999847241, 38.606950000298419],
            [-83.278181999734457, 38.606764999951686],
            [-83.27880400042369, 38.606229999983519],
            [-83.279036000227293, 38.606044000248879],
            [-83.279313000236726, 38.60577200004073],
            [-83.279483000116045, 38.605622999974827],
            [-83.279793999562344, 38.605319999974824],
            [-83.280227999930617, 38.604932999810167],
            [-83.280571000062295, 38.604579000318793],
            [-83.280601000199511, 38.604551000062393],
            [-83.281279999891851, 38.603795999910993],
            [-83.281875999743519, 38.603209000236006],
            [-83.282809999703986, 38.602456999770972],
            [-83.284340000414431, 38.601359000311831],
            [-83.2848380003568, 38.600952999773],
            [-83.285619999981321, 38.600176000242229],
            [-83.286046999778577, 38.599749999913691],
            [-83.286533999850292, 38.599278000281963],
            [-83.2867170001484, 38.599134999879013],
            [-83.287083999671196, 38.598844000231509],
            [-83.287589000184582, 38.598537000021757],
            [-83.287868999668746, 38.59842099965325],
            [-83.288036000073319, 38.598323000127962],
            [-83.288653999666295, 38.598048000193771],
            [-83.290458999838037, 38.597454999895433],
            [-83.290791000099063, 38.597323000231526],
            [-83.291164000367957, 38.597224999909109],
            [-83.291484999860003, 38.597104000014269],
            [-83.292396000254257, 38.596857000083169],
            [-83.293181000251806, 38.596713999771517],
            [-83.293999999686221, 38.596648000341702],
            [-83.294429999856547, 38.596621000270225],
            [-83.294767999965345, 38.596664999913429],
            [-83.296045999882395, 38.596917999795579],
            [-83.297891000237101, 38.597181999668159],
            [-83.299036999909688, 38.597373999859151],
            [-83.300091000419059, 38.597649000269378],
            [-83.301128000311678, 38.597978000182707],
            [-83.30277799977442, 38.59844999993846],
            [-83.303890000010128, 38.598906000098502],
            [-83.305023999987114, 38.599373000014076],
            [-83.305218999980781, 38.599411000292939],
            [-83.305299000346722, 38.599476999990522],
            [-83.305482999571424, 38.599557000031837],
            [-83.30591199991683, 38.599746000310617],
            [-83.306732000074476, 38.600162999677963],
            [-83.308564999835312, 38.601212000321446],
            [-83.308830999974106, 38.601385000302635],
            [-83.309282000060804, 38.60167899997564],
            [-83.310307000257865, 38.602420000090859],
            [-83.310873999797209, 38.602843000267669],
            [-83.311035000353996, 38.60298600030292],
            [-83.311215000279049, 38.603074000182993],
            [-83.311303999967521, 38.60311699970223],
            [-83.311917000435926, 38.60373299968434],
            [-83.312140999843606, 38.603903000202607],
            [-83.312392999738691, 38.604101000059039],
            [-83.312438999769441, 38.604149999754846],
            [-83.312473000104632, 38.604226999810876],
            [-83.312730999847489, 38.604435000287815],
            [-83.312767999657396, 38.604460000206679],
            [-83.313241000383741, 38.604808999905444],
            [-83.313390000346658, 38.604972999960168],
            [-83.313510999822171, 38.605063000216177],
            [-83.313704999990932, 38.60525299968392],
            [-83.313967999756642, 38.605417999774261],
            [-83.314397999926967, 38.605797000195821],
            [-83.314570000354408, 38.605994999740375],
            [-83.315199999642942, 38.606473000019953],
            [-83.315355000351957, 38.606674999724333],
            [-83.315864999989898, 38.607241000072115],
            [-83.31628299956634, 38.607652999933549],
            [-83.316444000123127, 38.607840000023806],
            [-83.316587000238258, 38.608004000171071],
            [-83.31689600003476, 38.60844999974578],
            [-83.316947999913282, 38.608525999796647],
            [-83.317108999571772, 38.608712000117251],
            [-83.31727500015144, 38.609009000150316],
            [-83.317629000153758, 38.609466999788815],
            [-83.317852999561438, 38.609756000010393],
            [-83.31800200042268, 38.60997599981161],
            [-83.318392000410014, 38.610782000148546],
            [-83.31883299955264, 38.611804000020243],
            [-83.318953000101558, 38.61203400031421],
            [-83.319091000193836, 38.61239100028051],
            [-83.319358999982441, 38.612945999891593],
            [-83.319395999792363, 38.613060000164197],
            [-83.319651999885394, 38.61407599991184],
            [-83.319767000411431, 38.614642999652794],
            [-83.319841999856209, 38.615103000251061],
            [-83.319955999659001, 38.615268999660245],
            [-83.319965999704749, 38.616143999901063],
            [-83.319984999971325, 38.616312000101637],
            [-83.32006299978913, 38.616814000069489],
            [-83.320071000185038, 38.616870000124933],
            [-83.320071000185038, 38.617650999988676],
            [-83.320087999903492, 38.617897999942414],
            [-83.320122000238669, 38.61808500000096],
            [-83.320144999804882, 38.61836599996029],
            [-83.320174000117206, 38.618545999747973],
            [-83.320174000117206, 38.619314999863732],
            [-83.320179999964978, 38.619919000105064],
            [-83.320225000170836, 38.62003399996852],
            [-83.320236999866395, 38.620600000204114],
            [-83.320312000209483, 38.621347000089351],
            [-83.320339999798563, 38.621801999908378],
            [-83.320369000110873, 38.621929000275756],
            [-83.3203630002631, 38.622087999921355],
            [-83.320425000187385, 38.622213999668212],
            [-83.320441000080905, 38.622366000003993],
            [-83.320506000378231, 38.622853000239935],
            [-83.320558000256753, 38.623329000296714],
            [-83.320621000005957, 38.623718999766588],
            [-83.320650000318295, 38.624433000221103],
            [-83.320650000318295, 38.624543000158447],
            [-83.320713000067457, 38.624806000083943],
            [-83.320729999785897, 38.624998000052869],
            [-83.320838999565851, 38.625071999969443],
            [-83.320838999565851, 38.62509300012151],
            [-83.320842999763812, 38.625116999786485],
            [-83.320877999923908, 38.625212999769786],
            [-83.320882999946775, 38.625319999702022],
            [-83.320907000236232, 38.625433999959206],
            [-83.320988000427064, 38.625460000349499],
            [-83.321021999863945, 38.625622000085926],
            [-83.321033999559518, 38.625734999798034],
            [-83.321084999613134, 38.62601399983992],
            [-83.321118999948339, 38.626164999782141],
            [-83.321216999857626, 38.626547000242638],
            [-83.321227999728279, 38.626642999715045],
            [-83.321233999576052, 38.626783999935249],
            [-83.321227999728279, 38.626924999878199],
            [-83.321233999576052, 38.626999999958862],
            [-83.321251000192802, 38.627068000338461],
            [-83.321273999759029, 38.627128000289638],
            [-83.321279999606816, 38.62715700020123],
            [-83.321279999606816, 38.627205000246924],
            [-83.32129100037578, 38.627239999689799],
            [-83.321308999919125, 38.627285000251753],
            [-83.321337000406544, 38.627332000169076],
            [-83.32135400012497, 38.627369999676517],
            [-83.321383000437294, 38.627470999654676],
            [-83.321474999600483, 38.627851000104442],
            [-83.321508999935674, 38.627968999982038],
            [-83.321584000278747, 38.628244999663089],
            [-83.321611999867841, 38.628414000318919],
            [-83.321681000363114, 38.628625000221462],
            [-83.32174999996009, 38.628795000003905],
            [-83.321841000196699, 38.629057999773131],
            [-83.321876000356795, 38.629182999888258],
            [-83.321893000075221, 38.629278000026467],
            [-83.321944000128866, 38.629474000002546],
            [-83.321961999672197, 38.629508999741411],
            [-83.322001999855161, 38.629657000012138],
            [-83.322052999908806, 38.629811000026379],
            [-83.322122000404079, 38.629984999826746],
            [-83.322150999818092, 38.630080000305838],
            [-83.322271000366996, 38.63037700028994],
            [-83.322493999949771, 38.630757000075057],
            [-83.322575000140617, 38.63088899998705],
            [-83.322707000385094, 38.63115299978373],
            [-83.322781000004952, 38.631279999730346],
            [-83.322895999632664, 38.631438999694446],
            [-83.323084999778558, 38.631753000044256],
            [-83.323187999710726, 38.631966999878998],
            [-83.323227999893689, 38.632050000115164],
            [-83.323474999765892, 38.632154999718232],
            [-83.323543000436274, 38.632188000303593],
            [-83.32385800008052, 38.63223199989082],
            [-83.323906999586029, 38.632304000114104],
            [-83.323911999608896, 38.632338999874875],
            [-83.323913000332126, 38.632486999917489],
            [-83.323926999677511, 38.63269499985924],
            [-83.323976999906236, 38.632836000107403],
            [-83.324024999586797, 38.632996000092966],
            [-83.324047000226415, 38.63305500003257],
            [-83.324075999640442, 38.633198000196245],
            [-83.324185000318693, 38.633205999882918],
            [-83.324218999755558, 38.633226999757916],
            [-83.324385000335226, 38.633461999910892],
            [-83.324426000343124, 38.633543999863562],
            [-83.324443000061549, 38.633598000277537],
            [-83.324477000396726, 38.633696000041311],
            [-83.324505999810739, 38.633752000247114],
            [-83.324545999993717, 38.63383000005993],
            [-83.32485499979019, 38.6342810001833],
            [-83.324906999668727, 38.634356000288093],
            [-83.32496399957013, 38.634424000006511],
            [-83.325049999783857, 38.634507000204906],
            [-83.325095999814621, 38.634546000061988],
            [-83.325141999845371, 38.634583000014764],
            [-83.325182000028335, 38.634620999889528],
            [-83.325262000394289, 38.634662000267298],
            [-83.325221000386406, 38.634681999775559],
            [-83.325262000394289, 38.63470199998001],
            [-83.325401000311459, 38.634769000132927],
            [-83.325681999620542, 38.634903000250979],
            [-83.325870999766423, 38.635053999717236],
            [-83.326047000391824, 38.635239000084269],
            [-83.326151000148911, 38.635426999763368],
            [-83.326290000066081, 38.635684000206481],
            [-83.326448000249826, 38.636013999656377],
            [-83.326459999945385, 38.636039999718612],
            [-83.326470999816038, 38.636106000104043],
            [-83.32649400028059, 38.636136999732528],
            [-83.326522999694589, 38.636180999702773],
            [-83.326671999657492, 38.636350999812549],
            [-83.326689000274243, 38.636406000133249],
            [-83.326712999665389, 38.636539000083637],
            [-83.326784999635393, 38.6366539999579],
            [-83.326902999636175, 38.636828999900636],
            [-83.326974999606207, 38.636871000328505],
            [-83.327101000002912, 38.636941000285304],
            [-83.327147000033662, 38.636991999819841],
            [-83.327233000247375, 38.637109000183344],
            [-83.327382000210292, 38.637325999878236],
            [-83.327463000401139, 38.637520999703277],
            [-83.327479000294687, 38.637565000227347],
            [-83.327507999708686, 38.637609999922056],
            [-83.327566000333306, 38.637674999665158],
            [-83.327742999885317, 38.637830999790381],
            [-83.327904000442103, 38.637942000118059],
            [-83.327948999749651, 38.637987000277775],
            [-83.327961000343521, 38.638003999878528],
            [-83.328007000374271, 38.638044999724684],
            [-83.328034999963364, 38.638060000227306],
            [-83.328116000154225, 38.638089999819734],
            [-83.328195999621855, 38.638115999830575],
            [-83.328287999683369, 38.638153999937451],
            [-83.328351000330869, 38.638194999697795],
            [-83.328476000004329, 38.638282000001425],
            [-83.328706000158107, 38.638454999702759],
            [-83.328819999960913, 38.638555000317126],
            [-83.328906000174626, 38.638656999859819],
            [-83.329014999954595, 38.638762000310571],
            [-83.329136000328404, 38.638866999905815],
            [-83.329153000046858, 38.638874999661539],
            [-83.329218000344184, 38.638929000269577],
            [-83.329574999821247, 38.639156000249521],
            [-83.330214000228921, 38.639584999858876],
            [-83.330769000072706, 38.63995900004992],
            [-83.331091000287969, 38.640162999905613],
            [-83.331394000236699, 38.640347999716376],
            [-83.331687000139652, 38.640515000189815],
            [-83.332043999616715, 38.640732999953471],
            [-83.332381999725513, 38.640947000344575],
            [-83.332683999849294, 38.641136000338925],
            [-83.332843999682865, 38.641235000170468],
            [-83.333874999727712, 38.641871999940484],
            [-83.334197999767895, 38.642062000139276],
            [-83.334479999800209, 38.64223800004379],
            [-83.334605000371994, 38.642376000264647],
            [-83.334724000197667, 38.642511999856211],
            [-83.334807999863258, 38.642540999859584],
            [-83.334945999955536, 38.642586999768199],
            [-83.335037000192116, 38.642652999738132],
            [-83.335118000382991, 38.642704000119714],
            [-83.335340999965737, 38.64282900029616],
            [-83.335397999867141, 38.642872999666487],
            [-83.33550699964708, 38.642987999902424],
            [-83.335552999677844, 38.643022000235781],
            [-83.335719000257512, 38.643101000308398],
            [-83.335765000288262, 38.643189000091311],
            [-83.33590199965731, 38.643228000135949],
            [-83.336120000115514, 38.643325000244864],
            [-83.336422000239295, 38.643492000095925],
            [-83.337234999825952, 38.643900000162134],
            [-83.337642000430037, 38.644143000274042],
            [-83.337834000050648, 38.644268999851782],
            [-83.33787300040872, 38.644287999679769],
            [-83.338166000311674, 38.644459999813797],
            [-83.338342999863684, 38.644558999964765],
            [-83.338429000077412, 38.644605999783074],
            [-83.338475000108176, 38.644674000301521],
            [-83.338485999978801, 38.644699000228321],
            [-83.338497999674388, 38.644731999949919],
            [-83.34075599958264, 38.646021999737286],
            [-83.340813000382369, 38.6460439998488],
            [-83.341208000392584, 38.646244000106158],
            [-83.341261000096026, 38.646266000149524],
            [-83.34136900005106, 38.646310000215927],
            [-83.341482999853881, 38.646351000221614],
            [-83.341666999976894, 38.646430000132234],
            [-83.341913000024192, 38.646546999821993],
            [-83.341993000390133, 38.646590999715905],
            [-83.342227999668452, 38.646746000306742],
            [-83.342297000163754, 38.646781999803018],
            [-83.342405999943693, 38.646848999889286],
            [-83.342869999550885, 38.647103000066245],
            [-83.34321400040578, 38.647298999714423],
            [-83.343406000026405, 38.647416000090018],
            [-83.343459999554767, 38.647448999963515],
            [-83.344141999620149, 38.647807999944071],
            [-83.344324999918243, 38.64783300018059],
            [-83.345077000303831, 38.648108999854763],
            [-83.345196000129519, 38.648157999655218],
            [-83.346135999937772, 38.648496999734014],
            [-83.346490999765024, 38.64866700009685],
            [-83.347981000292492, 38.64957299984119],
            [-83.348038000193895, 38.649653999871362],
            [-83.348209999723039, 38.649710999967638],
            [-83.348255999753789, 38.649729999755806],
            [-83.348501999801087, 38.649866000123197],
            [-83.348736999977731, 38.650012000302475],
            [-83.348812000320791, 38.650064000083049],
            [-83.349034999903552, 38.650196999943716],
            [-83.349200999584895, 38.650288000001488],
            [-83.349326999981599, 38.650348000161408],
            [-83.349386000431139, 38.650376999799782],
            [-83.349757999976816, 38.650601999860818],
            [-83.350383000140795, 38.650937000045623],
            [-83.350738999792952, 38.651100999860219],
            [-83.351276000093378, 38.651382999921282],
            [-83.351616999676935, 38.65150200005435],
            [-83.351932000219506, 38.65160200000156],
            [-83.35235800019187, 38.651701000106414],
            [-83.352814000301422, 38.651837000239972],
            [-83.353138000166538, 38.651964000018161],
            [-83.353446000138106, 38.652077000299883],
            [-83.353904999722417, 38.652230999850502],
            [-83.354253999701868, 38.652445999972265],
            [-83.35487600039113, 38.652729000039677],
            [-83.355165999921027, 38.6529779998884],
            [-83.355293999967557, 38.653071999673855],
            [-83.355649999619715, 38.653379999778451],
            [-83.355971999834992, 38.653655999831322],
            [-83.356188999569966, 38.653819999735269],
            [-83.356519000181152, 38.654064000249249],
            [-83.357005000427975, 38.654408999836498],
            [-83.357284999912139, 38.654538999656623],
            [-83.357462000362446, 38.654639000275104],
            [-83.357491999601379, 38.654675000014556],
            [-83.357835999557963, 38.654879000067417],
            [-83.358392000124965, 38.65513099982573],
            [-83.358971000258194, 38.655338999994001],
            [-83.359675000064883, 38.655531000260751],
            [-83.360346000259611, 38.655849000272035],
            [-83.360787000300576, 38.656113000029528],
            [-83.361995999722339, 38.656788000166664],
            [-83.362512000106378, 38.657067000002158],
            [-83.362734999689152, 38.657176999668771],
            [-83.36277499987213, 38.657219999722095],
            [-83.362958999995129, 38.657290000145274],
            [-83.363039000361084, 38.657316999829213],
            [-83.363193000346854, 38.657359000174722],
            [-83.363254000446219, 38.657368999919299],
            [-83.363318999845234, 38.657372999816765],
            [-83.363410999906748, 38.657374000141843],
            [-83.363462999785298, 38.657378000038982],
            [-83.363497000120475, 38.657387999780909],
            [-83.363543000151239, 38.657407000338978],
            [-83.363594000204841, 38.657432999654624],
            [-83.36362299961884, 38.657465000202286],
            [-83.363646000083406, 38.657482000092848],
            [-83.363675000395702, 38.657487999929479],
            [-83.363749000015545, 38.657485999984011],
            [-83.363800999894096, 38.657489000252944],
            [-83.363863999643286, 38.657497000034205],
            [-83.363944000009212, 38.657515999861864],
            [-83.36400099991063, 38.657545999727198],
            [-83.36406399965982, 38.657589000260508],
            [-83.364144000025746, 38.657634000007889],
            [-83.364322000300987, 38.657691000068255],
            [-83.364487999982344, 38.657737999690042],
            [-83.364569000173205, 38.657781000108081],
            [-83.364596999762284, 38.657801999797151],
            [-83.364631999922395, 38.657832999861299],
            [-83.364660000409785, 38.657867999781878],
            [-83.364677999953145, 38.657891000081158],
            [-83.364693999846679, 38.657905999936865],
            [-83.364745999725201, 38.657929999839752],
            [-83.364872000121892, 38.657951999802087],
            [-83.364929000023309, 38.657973999757715],
            [-83.364992999597405, 38.658009999925575],
            [-83.365037999803249, 38.658037999653892],
            [-83.365077999986227, 38.658069999931307],
            [-83.365113000146323, 38.658091000237093],
            [-83.3651530003293, 38.658109999907175],
            [-83.365205000207837, 38.658129999886789],
            [-83.36534199957687, 38.658160000196396],
            [-83.365411000072143, 38.658180999774352],
            [-83.365570999905728, 38.658267000052632],
            [-83.365646000248802, 38.658315999920354],
            [-83.365690999556321, 38.658333999920593],
            [-83.365731999564204, 38.658355999758832],
            [-83.365806000082372, 38.658380000212432],
            [-83.365868999831562, 38.658394999965729],
            [-83.366339000184851, 38.658545999738962],
            [-83.366391000063373, 38.658575000267533],
            [-83.366514000087037, 38.658657999852942],
            [-83.366781999875627, 38.65873999973762],
            [-83.367119999984439, 38.658879000046277],
            [-83.367365000206817, 38.658961999980832],
            [-83.367416000260448, 38.658981999722528],
            [-83.367519000192601, 38.659011000074564],
            [-83.367565000223351, 38.659025999695714],
            [-83.367611000254115, 38.659046999721191],
            [-83.367668000155518, 38.659077999947975],
            [-83.36780000040001, 38.659130000162548],
            [-83.367868999996972, 38.659153999655288],
            [-83.367982999799779, 38.659184000237467],
            [-83.36805200029508, 38.659198999822387],
            [-83.368229999671996, 38.659221999694189],
            [-83.368310000037937, 38.659224999890405],
            [-83.368390000403863, 38.659242999662261],
            [-83.368448000130201, 38.659257999936251],
            [-83.36852199975003, 38.659280999789168],
            [-83.368768999622247, 38.659386000182678],
            [-83.368843999965321, 38.659433999689995],
            [-83.368895000018952, 38.65945200011074],
            [-83.36895199992037, 38.659469000231169],
            [-83.369008999821759, 38.659490000126766],
            [-83.369054999852509, 38.659514000200353],
            [-83.369100999883273, 38.659526999827627],
            [-83.369146999914022, 38.659545999818313],
            [-83.36923300012775, 38.659573000054728],
            [-83.369290000029153, 38.65958800025966],
            [-83.369896999751475, 38.65969899985452],
            [-83.370894000359442, 38.659842000165952],
            [-83.371214999851489, 38.659917999763984],
            [-83.371771000418505, 38.660143000020952],
            [-83.372098999583258, 38.660303999652484],
            [-83.372115000375089, 38.660326000288556],
            [-83.372126000245743, 38.660340000052145],
            [-83.372137999941316, 38.660366999989272],
            [-83.372154999659742, 38.660378000298479],
            [-83.37218300014716, 38.660440999868705],
            [-83.372205999713373, 38.660467999767711],
            [-83.372224000155029, 38.660489999651979],
            [-83.372251999744137, 38.660492999795082],
            [-83.372269000360888, 38.660504000084927],
            [-83.372286999904233, 38.660537000242869],
            [-83.372367000270174, 38.66058499968031],
            [-83.372435999867136, 38.660615999942848],
            [-83.373179999856802, 38.660642000197939],
            [-83.373432999576792, 38.660685999852774],
            [-83.374200000030996, 38.660773000206646],
            [-83.374898999814832, 38.660974999878924],
            [-83.374911000408702, 38.660974999878924],
            [-83.375302000220941, 38.661089999819772],
            [-83.375499999689367, 38.661163999653617],
            [-83.375550999742984, 38.661186000025502],
            [-83.375928000209854, 38.661350000225326],
            [-83.376314999824132, 38.661517999715592],
            [-83.376681000420348, 38.661623000336711],
            [-83.377483999961242, 38.661785999973887],
            [-83.377572999649701, 38.661808999716364],
            [-83.380712999639911, 38.6623699999313],
            [-83.381569999607464, 38.662523000247504],
            [-83.382920000392858, 38.662645999714478],
            [-83.383595999712156, 38.662684000140139],
            [-83.383918999752339, 38.662771000171091],
            [-83.384857999735672, 38.663111000084704],
            [-83.3858939998034, 38.663201000328009],
            [-83.387330999729116, 38.663380999773835],
            [-83.388015000342634, 38.663473999696066],
            [-83.388670999570436, 38.663544000319611],
            [-83.389238000008092, 38.663629000233271],
            [-83.390327999604182, 38.663774999717411],
            [-83.391150000309963, 38.663908000074187],
            [-83.392044000087452, 38.664044000178286],
            [-83.39334299992089, 38.664229000054789],
            [-83.393376000431189, 38.664230000284107],
            [-83.394013000290727, 38.664307999890561],
            [-83.394359999722042, 38.664341999926236],
            [-83.394670000241774, 38.664372999965288],
            [-83.394984999886034, 38.664383000133434],
            [-83.395297999880455, 38.66444599968758],
            [-83.39552200018646, 38.664517000287695],
            [-83.396063999611442, 38.664632999674325],
            [-83.396573000322789, 38.66471100024463],
            [-83.397237999771434, 38.664808000025999],
            [-83.39771200032267, 38.664873000348344],
            [-83.398102000310004, 38.664933999733854],
            [-83.398423999626957, 38.665003000114545],
            [-83.398812999789399, 38.665109000051388],
            [-83.399104999867447, 38.665194999726019],
            [-83.399489999831914, 38.665197000157654],
            [-83.399868000123689, 38.665204000265106],
            [-83.40047099964805, 38.665240999819538],
            [-83.400995000428011, 38.665298000138343],
            [-83.401349000430315, 38.665381000349207],
            [-83.402138999552449, 38.665503999817126],
            [-83.402989999672215, 38.665616000272259],
            [-83.403745000430845, 38.665683999786772],
            [-83.40464699970596, 38.665784000275799],
            [-83.405624000222446, 38.665913000286501],
            [-83.406343999922669, 38.666020999986266],
            [-83.406971999561378, 38.666094000132638],
            [-83.407693999809737, 38.666147999866411],
            [-83.408350999760785, 38.666185999836472],
            [-83.408545999754438, 38.666233000196051],
            [-83.408669999603006, 38.666295000026309],
            [-83.408934000091946, 38.666416000332283],
            [-83.409141999606106, 38.666494999859488],
            [-83.409529000118724, 38.666704000185881],
            [-83.409821000196757, 38.666794000121762],
            [-83.410156999757419, 38.666791000242632],
            [-83.41047899997271, 38.666762999728],
            [-83.410607000019226, 38.666751000205494],
            [-83.411021000296003, 38.666714000028485],
            [-83.411935999989893, 38.666543999708828],
            [-83.412506999727199, 38.666436000096539],
            [-83.413408000075719, 38.66626000001559],
            [-83.414056999630816, 38.666122999708975],
            [-83.41451100009057, 38.666158999988987],
            [-83.414824000085034, 38.66622699968925],
            [-83.415443000401211, 38.666426999712321],
            [-83.416030999856972, 38.666593000226094],
            [-83.416189999865622, 38.666654999744623],
            [-83.416204999934251, 38.666661000215562],
            [-83.416865000258326, 38.666812000095391],
            [-83.417179000077667, 38.666885000136745],
            [-83.418543000208444, 38.666940000166797],
            [-83.418805000149263, 38.66694899978512],
            [-83.419585000123959, 38.66700399976601],
            [-83.419816999927534, 38.667128000141801],
            [-83.419797999660972, 38.667230999877773],
            [-83.419705999599458, 38.667303000006982],
            [-83.419647999873149, 38.667320999852649],
            [-83.417480000376557, 38.667732000123479],
            [-83.417524999684076, 38.667881999670534],
            [-83.417748000165147, 38.667964999691662],
            [-83.418554999904018, 38.668116000328368],
            [-83.420148000363639, 38.668120999800571],
            [-83.420606000123058, 38.668132000321428],
            [-83.420920999767333, 38.668220000219385],
            [-83.420977999668736, 38.668224999684327],
            [-83.42141399968682, 38.66815900012628],
            [-83.421716999635521, 38.668220000219385],
            [-83.422192999836597, 38.668357000020634],
            [-83.422668000212738, 38.668341000077859],
            [-83.422874999901978, 38.668346000235687],
            [-83.4231500002616, 38.668407000169474],
            [-83.423488000370384, 38.66839000006668],
            [-83.423819999733098, 38.668416999774237],
            [-83.424095000092706, 38.668478000348927],
            [-83.424279000215719, 38.668483999965694],
            [-83.424507999646266, 38.6685720001324],
            [-83.425350000443544, 38.668614999656455],
            [-83.425624999904841, 38.6685720001324],
            [-83.425860000081471, 38.668594000332554],
            [-83.425979999732078, 38.668653999887539],
            [-83.426152000159533, 38.668665000326563],
            [-83.426336000282532, 38.66864899975122],
            [-83.427184000029285, 38.668698000230641],
            [-83.427378000198033, 38.668753000270755],
            [-83.428965999736477, 38.668829999694907],
            [-83.429475000447837, 38.668791000261081],
            [-83.429847999818421, 38.668829999694907],
            [-83.430380999920899, 38.668962000318544],
            [-83.43039500016458, 38.668965000106709],
            [-83.430837999855385, 38.668979000285525],
            [-83.433181000152459, 38.669053999844145],
            [-83.436082999592969, 38.66920299996864],
            [-83.436769999681246, 38.669214999781602],
            [-83.437481999883857, 38.669215999941265],
            [-83.438688999655795, 38.669218999718794],
            [-83.438998000350594, 38.66921800026055],
            [-83.44065700003415, 38.669382000301248],
            [-83.442095999609691, 38.669597000140534],
            [-83.4453989998065, 38.669990000099418],
            [-83.445510999959495, 38.670011999863839],
            [-83.446155000390064, 38.670109000179046],
            [-83.446773999807931, 38.670245999872492],
            [-83.44739800014699, 38.670426999987022],
            [-83.448137000113803, 38.670733999665821],
            [-83.449047999609732, 38.671184000238128],
            [-83.449948000133318, 38.671530000244623],
            [-83.450904999660011, 38.671849000175762],
            [-83.451746999558964, 38.672095999941924],
            [-83.4526010000518, 38.672374999754489],
            [-83.455207999939532, 38.67311100034442],
            [-83.456066999556924, 38.673407000026081],
            [-83.456366000205989, 38.67354399972028],
            [-83.456794999653056, 38.673839999715497],
            [-83.456851999554473, 38.673878999905575],
            [-83.457070000012678, 38.673966999752821],
            [-83.457237000417265, 38.674002000203977],
            [-83.457752000078059, 38.674035999844321],
            [-83.458107999730231, 38.67401500000647],
            [-83.458870000161539, 38.67385400034361],
            [-83.459558999899627, 38.67383100026202],
            [-83.459654000334197, 38.673827999976403],
            [-83.460784999938156, 38.67394800008185],
            [-83.462181999680894, 38.674210999656189],
            [-83.464779000421188, 38.674830000014055],
            [-83.466599999588141, 38.675136999746684],
            [-83.46729199969927, 38.675237999731777],
            [-83.467710000174009, 38.675348000240881],
            [-83.468019999795402, 38.675450000000879],
            [-83.468132999773303, 38.675475999778939],
            [-83.46848599995073, 38.675634999861629],
            [-83.468948999733016, 38.6758929999191],
            [-83.469266999750332, 38.676092000227861],
            [-83.470337000153236, 38.676782000107849],
            [-83.470805999783281, 38.677084000336841],
            [-83.471158000135787, 38.677302000327977],
            [-83.471413000403913, 38.677499000138042],
            [-83.471926000414911, 38.678005000244575],
            [-83.472528999939257, 38.678572999997037],
            [-83.473694999703326, 38.679608000016778],
            [-83.474066000322409, 38.679889000024914],
            [-83.474427999822339, 38.680238000048682],
            [-83.474929000137749, 38.680716999757848],
            [-83.475381000049381, 38.681167999977959],
            [-83.47583100031116, 38.681618000174517],
            [-83.476248999887602, 38.682040000197034],
            [-83.476659999791337, 38.68243599978944],
            [-83.476886999572059, 38.682671999800675],
            [-83.477393999735256, 38.683140999696754],
            [-83.477812000210008, 38.683482000307805],
            [-83.478843000254855, 38.684326999670574],
            [-83.479003999913346, 38.68443600028835],
            [-83.47983499994163, 38.68511700022772],
            [-83.48144500011972, 38.686291999874541],
            [-83.483134999765397, 38.687586000334321],
            [-83.484384000268449, 38.688591000254853],
            [-83.485524000093264, 38.68947899989886],
            [-83.486612999864406, 38.690275000261792],
            [-83.487524000258659, 38.690828999978848],
            [-83.488623999900469, 38.691559000327409],
            [-83.489203000033697, 38.691915999670051],
            [-83.489598000043912, 38.692250000264295],
            [-83.490188000047795, 38.692596000100288],
            [-83.490285999957081, 38.692705999871848],
            [-83.490629999913679, 38.692898000202334],
            [-83.49094399973302, 38.693106999863183],
            [-83.491199999826051, 38.693223999721994],
            [-83.492390999704469, 38.693857999734149],
            [-83.493636000009559, 38.694518000308484],
            [-83.494855000375395, 38.695144000289062],
            [-83.495825000320863, 38.695637000347602],
            [-83.49685700019063, 38.696136999699583],
            [-83.498264999804022, 38.696749999656276],
            [-83.499146999885937, 38.697127999807293],
            [-83.499911999792005, 38.697455000145943],
            [-83.49994399957906, 38.697473000121178],
            [-83.503676000121288, 38.699002999686513],
            [-83.50566500041603, 38.699772999880238],
            [-83.507032999846459, 38.700254000066408],
            [-83.50790599970756, 38.700538999906797],
            [-83.50870699959863, 38.700796999911944],
            [-83.509294999952687, 38.700935999884862],
            [-83.509802000115883, 38.701095999897468],
            [-83.510372999853203, 38.701212000296231],
            [-83.510814999719059, 38.701315000057441],
            [-83.511423000164612, 38.701404999938298],
            [-83.512008999970533, 38.701554000014035],
            [-83.512495000217328, 38.701697000142929],
            [-83.512814999884483, 38.701790999763084],
            [-83.514298999665868, 38.702044000252315],
            [-83.516585999886459, 38.702368999753062],
            [-83.517405000219185, 38.702451000045194],
            [-83.518561999762426, 38.702661000227778],
            [-83.519416000255262, 38.702831000291091],
            [-83.520883000318193, 38.703061999791338],
            [-83.52114100006105, 38.703079000071021],
            [-83.521466999575978, 38.703034999833612],
            [-83.522538999628694, 38.702788000292657],
            [-83.522841999577409, 38.702727999909214],
            [-83.523249000181494, 38.702716999798405],
            [-83.523983000125426, 38.702782999736812],
            [-83.525100000384001, 38.702937000290987],
            [-83.526080000375217, 38.702904000049948],
            [-83.526743999998942, 38.702854999855099],
            [-83.527402999599786, 38.702745999959397],
            [-83.528370999895458, 38.702641999762598],
            [-83.528760999882778, 38.702668999868656],
            [-83.530022000081402, 38.702631000339565],
            [-83.531294000150666, 38.702450000349977],
            [-83.532158999615845, 38.702328999969701],
            [-83.533676999732421, 38.702180999805641],
            [-83.534487999669224, 38.70203200033523],
            [-83.53657099967532, 38.701589000292628],
            [-83.537384999985179, 38.701390999792935],
            [-83.538627999742133, 38.701205000204951],
            [-83.539372999556718, 38.701100999870214],
            [-83.540123000292468, 38.700997000085245],
            [-83.541612999921625, 38.700706000247351],
            [-83.541888000281247, 38.700634000068604],
            [-83.542387000048521, 38.700553000219003],
            [-83.542869999922289, 38.700467000260993],
            [-83.543675999836239, 38.700282999824111],
            [-83.54460700032196, 38.700058999964],
            [-83.545224000090016, 38.699928000337209],
            [-83.545982000323406, 38.699730000146232],
            [-83.546384000006299, 38.699625000034992],
            [-83.546887999796454, 38.699503999782358],
            [-83.547558000166291, 38.699361999914274],
            [-83.548328000095225, 38.699151000117837],
            [-83.549375999858498, 38.698865999653727],
            [-83.550261000313469, 38.698631999973394],
            [-83.550856000340232, 38.698491000227818],
            [-83.551577999690281, 38.69828700034256],
            [-83.55212699968628, 38.698154999818058],
            [-83.552985000377078, 38.697909999765642],
            [-83.553763999628529, 38.697743999668113],
            [-83.554320000195546, 38.697607000028043],
            [-83.554572999915521, 38.697550999961479],
            [-83.55523300023961, 38.697368000201791],
            [-83.555699000394924, 38.697206000023883],
            [-83.556219000078613, 38.697054999761292],
            [-83.556261999736307, 38.697042999708195],
            [-83.558567000398554, 38.696337000284586],
            [-83.559277999877949, 38.696096000152096],
            [-83.560509999764236, 38.69585400012123],
            [-83.562336999677299, 38.695365000034379],
            [-83.563345999980825, 38.695045999748821],
            [-83.564290999811959, 38.694706000067377],
            [-83.566234000075951, 38.693997999684946],
            [-83.567533999734323, 38.693471000042088],
            [-83.568337000173528, 38.693185000257756],
            [-83.568714999566993, 38.693090999843605],
            [-83.569206999661574, 38.692943000194347],
            [-83.571912000356917, 38.692350000101079],
            [-83.573453000039692, 38.69205299969309],
            [-83.573911999624002, 38.69193299979468],
            [-83.574352999664967, 38.691888999711338],
            [-83.574783999660198, 38.69183999968233],
            [-83.575011000339231, 38.691815000083885],
            [-83.57518399969328, 38.691794999697677],
            [-83.575270999731913, 38.691776999695911],
            [-83.575962000018137, 38.691628000286201],
            [-83.576536000128485, 38.69150400028208],
            [-83.577350000438358, 38.691371999860493],
            [-83.577824999916203, 38.691305999908998],
            [-83.578885000273345, 38.691129999974294],
            [-83.580363000206944, 38.690849999791375],
            [-83.580626999797587, 38.690823000131445],
            [-83.581165999747839, 38.690695999854682],
            [-83.582079999616823, 38.690416000076617],
            [-83.58217699970119, 38.690380999939649],
            [-83.582387999588406, 38.690322000230914],
            [-83.583000000231891, 38.690134000169081],
            [-83.583422999831186, 38.690003999762808],
            [-83.584201999980976, 38.689828000130852],
            [-83.586619999722814, 38.689563999871112],
            [-83.588063000394627, 38.68939899991522],
            [-83.589628000366858, 38.689223000197309],
            [-83.590167000317109, 38.689106999987132],
            [-83.591184000118247, 38.688910999760751],
            [-83.591737000312207, 38.688805000008436],
            [-83.592682000143313, 38.688551999667233],
            [-83.593145999750504, 38.688409999793294],
            [-83.593587999616389, 38.688205999905691],
            [-83.594098000152641, 38.687854999676091],
            [-83.594377999636805, 38.687689999986006],
            [-83.59680799997254, 38.686711999850267],
            [-83.597801000382546, 38.686403000142846],
            [-83.598561000265732, 38.686166999814716],
            [-83.598964999598465, 38.686006000139592],
            [-83.599081999774313, 38.685959000140009],
            [-83.59942099970803, 38.685767000119327],
            [-83.599730000402843, 38.685519999846299],
            [-83.600435000034437, 38.684707000139582],
            [-83.600675000233963, 38.684492000103639],
            [-83.601071000069084, 38.684239999888248],
            [-83.601637999608428, 38.684031000269115],
            [-83.601844000371074, 38.683985000328008],
            [-83.601861000089499, 38.683980999813421],
            [-83.602365999704574, 38.683959000134799],
            [-83.603000999914286, 38.684118000305546],
            [-83.603551999560111, 38.684343000247729],
            [-83.604026999936252, 38.684562999756444],
            [-83.604313999991433, 38.684649999847295],
            [-83.604972999592292, 38.684721000044512],
            [-83.606530999891831, 38.684758999972999],
            [-83.608021000419299, 38.684906999723509],
            [-83.608525000209454, 38.684967000331177],
            [-83.610501000085421, 38.684806000059616],
            [-83.610779999744665, 38.684771999925445],
            [-83.611516000236747, 38.68465299967928],
            [-83.612387000448024, 38.684438000182325],
            [-83.614288999805822, 38.683904999811197],
            [-83.614411999829457, 38.6838650002205],
            [-83.614575999861003, 38.683838999983685],
            [-83.615836000234708, 38.683381999996762],
            [-83.617402999856765, 38.682729000266107],
            [-83.61749800029132, 38.682689999989471],
            [-83.618226000387466, 38.682333000191342],
            [-83.618643999963879, 38.682151000048833],
            [-83.619147999754048, 38.681903999916479],
            [-83.619274000150739, 38.681882000300575],
            [-83.61962399995511, 38.681722000085443],
            [-83.620215999608803, 38.681404999952633],
            [-83.620311000043372, 38.68135399977583],
            [-83.620424999846179, 38.681298000309802],
            [-83.620663000395865, 38.68117299994114],
            [-83.620981000413181, 38.681020000208136],
            [-83.621359999631565, 38.680860000169538],
            [-83.621831999634665, 38.680665999791977],
            [-83.622183999987158, 38.680536999716075],
            [-83.622353000041556, 38.680460000261249],
            [-83.622642999571468, 38.680323999783127],
            [-83.623134999666078, 38.680068000285843],
            [-83.623642999654194, 38.679827000045613],
            [-83.624051999908104, 38.679634999701122],
            [-83.624461000162015, 38.679425999956884],
            [-83.6247280001257, 38.679271999976244],
            [-83.624882000111484, 38.679168000011344],
            [-83.624958000279477, 38.679125999834312],
            [-83.625219000395376, 38.679016000222354],
            [-83.625529999841689, 38.678875999706641],
            [-83.62602299976119, 38.678610999683805],
            [-83.626299999770623, 38.678457000053385],
            [-83.626391999832123, 38.67840399981705],
            [-83.626481000418906, 38.67835499966948],
            [-83.626631000206729, 38.678271999772342],
            [-83.627355999929833, 38.677824999693577],
            [-83.627950999956582, 38.677369999964156],
            [-83.628566000074812, 38.676882999875787],
            [-83.629280999752169, 38.676273000289072],
            [-83.629823999900395, 38.675829999917497],
            [-83.630362999850647, 38.675367000241586],
            [-83.630686999715735, 38.675116000231831],
            [-83.630943999633701, 38.674896999814415],
            [-83.631530000337932, 38.674397000001079],
            [-83.632060999892246, 38.673903000065934],
            [-83.632805999706832, 38.673045999786027],
            [-83.6333809996421, 38.672363999885562],
            [-83.633934999660966, 38.671726999809337],
            [-83.634211999670413, 38.671371000161443],
            [-83.63442500010575, 38.671084000277432],
            [-83.634901000306812, 38.670425999844277],
            [-83.635153000201882, 38.669946999998466],
            [-83.635488999762558, 38.669367000043742],
            [-83.635781999665511, 38.668749000307528],
            [-83.636211999835822, 38.667928000141991],
            [-83.636491000393391, 38.667346000293144],
            [-83.636702000280579, 38.666848000028978],
            [-83.636843999672493, 38.666478000004084],
            [-83.636960000023436, 38.666022999693396],
            [-83.63716699971269, 38.665361000290275],
            [-83.637276000390941, 38.664685000063969],
            [-83.637336999592009, 38.664138999700612],
            [-83.637346999637742, 38.664048999934757],
            [-83.637442000072298, 38.663473000157637],
            [-83.637600000256029, 38.662553999671168],
            [-83.637781999830935, 38.661910999827249],
            [-83.63800199993895, 38.66094000007373],
            [-83.638201000130579, 38.660066999960215],
            [-83.638333000375056, 38.659490000126766],
            [-83.638437000132129, 38.658919999873874],
            [-83.638535000041415, 38.658243000262665],
            [-83.638575000224392, 38.657902999685398],
            [-83.638658999889984, 38.657309999652291],
            [-83.638699999897852, 38.656729999755143],
            [-83.638817999898635, 38.655557999906264],
            [-83.638875999624958, 38.654991000303276],
            [-83.638918000356071, 38.654623999735236],
            [-83.638899000089481, 38.654439000301558],
            [-83.638873000150227, 38.654191000288527],
            [-83.638827999944368, 38.653877999696988],
            [-83.638816000248823, 38.653689000338403],
            [-83.638903000287442, 38.65346600020893],
            [-83.639062000296121, 38.652997999897877],
            [-83.639170000251141, 38.65264500020826],
            [-83.639344000328407, 38.652054999936176],
            [-83.639693000307872, 38.650949000113243],
            [-83.639915999890619, 38.650201000241623],
            [-83.640178999656371, 38.649332000075951],
            [-83.640412000183176, 38.648507999761463],
            [-83.640478000305436, 38.648277000233975],
            [-83.640659000055379, 38.647764999853599],
            [-83.640889000209157, 38.646995999670587],
            [-83.64107300033217, 38.646281000334625],
            [-83.641084000202824, 38.646247999923204],
            [-83.641090999875516, 38.646228000134208],
            [-83.641116999814798, 38.646149000000882],
            [-83.641156000172856, 38.646030999879358],
            [-83.641233000165741, 38.645800000083781],
            [-83.641286999694103, 38.645636000062389],
            [-83.641376000280871, 38.645416000197123],
            [-83.641458000296652, 38.645008000343061],
            [-83.641505999977227, 38.644441999835436],
            [-83.641593999840779, 38.644067000076426],
            [-83.641709000366802, 38.643773000122238],
            [-83.641925000276871, 38.643274000305233],
            [-83.642173999798899, 38.642899000047152],
            [-83.642487999618268, 38.642322000148873],
            [-83.642660000045723, 38.641989000056007],
            [-83.642725000343034, 38.641797999822778],
            [-83.642824999902146, 38.641547999865089],
            [-83.642971000390318, 38.641119000077701],
            [-83.643164999660783, 38.640589000229014],
            [-83.643168000033839, 38.640577999687572],
            [-83.643843000426514, 38.638876000244899],
            [-83.644019999978511, 38.638343000280436],
            [-83.644180999637015, 38.637833000284544],
            [-83.644650999990304, 38.636889000103395],
            [-83.644977000403514, 38.636363000217848],
            [-83.645476000170802, 38.635561000054786],
            [-83.645888999724377, 38.634968000343676],
            [-83.646569999964854, 38.634068000187675],
            [-83.647092000196665, 38.633376000030843],
            [-83.647205999999485, 38.633276999869892],
            [-83.647842000034117, 38.632404000187265],
            [-83.648300999618428, 38.631861000021011],
            [-83.648334999953619, 38.631828999966849],
            [-83.648592999696476, 38.631592000108206],
            [-83.649140999867569, 38.631189000095326],
            [-83.650423999807487, 38.630469000252795],
            [-83.650746000022764, 38.630334000266778],
            [-83.652035999635387, 38.629760000295271],
            [-83.653039000091141, 38.629365999938813],
            [-83.653389999720403, 38.629229999964963],
            [-83.653646999638369, 38.629128999657553],
            [-83.654346000320501, 38.628809000314817],
            [-83.654872999676883, 38.628569000221361],
            [-83.655623000412632, 38.628316999679761],
            [-83.657142000354114, 38.627910000067544],
            [-83.659484999752877, 38.627384000265671],
            [-83.66026999975044, 38.627241999777787],
            [-83.664142999859635, 38.626753999822007],
            [-83.665964999749832, 38.626507000190614],
            [-83.666183000208022, 38.626473999797504],
            [-83.667672999837194, 38.626403000091244],
            [-83.668395000085553, 38.626453000049871],
            [-83.668893000027921, 38.626562000344123],
            [-83.670961999790308, 38.627243999865662],
            [-83.671443000014236, 38.62738100013965],
            [-83.672628999869787, 38.627616999844108],
            [-83.672864000046431, 38.627726999809688],
            [-83.673064000062965, 38.627841999784664],
            [-83.673327999653623, 38.627996000188425],
            [-83.674022000312888, 38.628369999792021],
            [-83.674526000103043, 38.628589000025912],
            [-83.675311000100578, 38.628809000314817],
            [-83.677414000198155, 38.629231999997437],
            [-83.678513999839979, 38.6295059997043],
            [-83.680982999635447, 38.630170999944951],
            [-83.681126999575483, 38.630227000097342],
            [-83.681523000308928, 38.630334000266778],
            [-83.682087000373542, 38.630517000186529],
            [-83.684560000366957, 38.63132099991369],
            [-83.686036999577325, 38.631866999897966],
            [-83.688518999791583, 38.63281200021914],
            [-83.690268999711748, 38.633513999771985],
            [-83.69249700038111, 38.634328999669961],
            [-83.696700000203194, 38.636064999850475],
            [-83.699815999903947, 38.637550000322783],
            [-83.701411000013394, 38.638307000053018],
            [-83.702792999687532, 38.639056999651153],
            [-83.70389099967953, 38.639524999807897],
            [-83.704704000164483, 38.639759999662168],
            [-83.704807999921556, 38.639784000030858],
            [-83.705202999931771, 38.639837999954025],
            [-83.705311999711711, 38.639835000349152],
            [-83.705484000139151, 38.639832000042546],
            [-83.706428999970285, 38.639704999810128],
            [-83.706474000176129, 38.639703999939961],
            [-83.706491999719475, 38.639702000199691],
            [-83.706982000164246, 38.639715999783903],
            [-83.707762999963833, 38.639822999823522],
            [-83.708481999839137, 38.640027999931917],
            [-83.709527000127693, 38.640400000195427],
            [-83.709743999862681, 38.640477999790761],
            [-83.709953000100029, 38.640664000048481],
            [-83.710146000443885, 38.641025000046255],
            [-83.71032100034607, 38.641260999742094],
            [-83.710707999960349, 38.641532000247871],
            [-83.710923000045526, 38.641654999976183],
            [-83.711323999903513, 38.641703000138044],
            [-83.711914999732315, 38.641664999807908],
            [-83.713175999930911, 38.641650999902751],
            [-83.713302000327616, 38.64165900004938],
            [-83.713607999751048, 38.641767999677413],
            [-83.713848999775479, 38.641899999661668],
            [-83.714451000373231, 38.642311999707168],
            [-83.714966000034039, 38.642630000159464],
            [-83.716002999926687, 38.643118999921946],
            [-83.716294000179815, 38.643267000159362],
            [-83.716565000341461, 38.643430999989583],
            [-83.717121000010167, 38.643874999956644],
            [-83.717264000125297, 38.644051000319962],
            [-83.71769699977034, 38.644936000251448],
            [-83.717733999580261, 38.645012000229052],
            [-83.717808999923335, 38.645088999921107],
            [-83.717889000289276, 38.645170999903058],
            [-83.71844999998082, 38.645554999699421],
            [-83.719589999805621, 38.646174999894534],
            [-83.720214999969599, 38.64644900008885],
            [-83.720861999874899, 38.646673999856695],
            [-83.721744999781734, 38.646849999659771],
            [-83.722193000393702, 38.646913999672272],
            [-83.723497000250021, 38.647076000040514],
            [-83.724485999563754, 38.647141000319124],
            [-83.725280999607051, 38.647193999844269],
            [-83.728235999649328, 38.647285999972674],
            [-83.729264000219445, 38.647304999702349],
            [-83.730195999631775, 38.647389999945069],
            [-83.731795999764088, 38.647560999888611],
            [-83.73367700010381, 38.647609000304072],
            [-83.734411000047743, 38.647656000226611],
            [-83.736257000227354, 38.647784000157813],
            [-83.738110999904592, 38.64791300031758],
            [-83.739629000021154, 38.648045000207993],
            [-83.741024000114081, 38.648185999726664],
            [-83.742269000419171, 38.648312999662636],
            [-83.744422999672054, 38.64860699993234],
            [-83.746596000089809, 38.648995999661601],
            [-83.747920000037624, 38.649218999673941],
            [-83.748253999948474, 38.649270000293427],
            [-83.748746999867976, 38.649358000217731],
            [-83.749183999710979, 38.649432000245767],
            [-83.749558999629699, 38.649512000000541],
            [-83.749825999593398, 38.649569000209752],
            [-83.750589999674546, 38.649720000347926],
            [-83.751590999582149, 38.6499460000949],
            [-83.754825000182009, 38.650526999918988],
            [-83.757817999859114, 38.651277000013629],
            [-83.75805700023372, 38.651329999987041],
            [-83.758467000312535, 38.651426999651612],
            [-83.758696999568002, 38.651482000328777],
            [-83.759520000098689, 38.651675000113364],
            [-83.761935000365796, 38.652043999751754],
            [-83.763195999666095, 38.652241000310966],
            [-83.764188000251181, 38.652525000177945],
            [-83.765242999687189, 38.652892000275159],
            [-83.766548000266724, 38.653538000147265],
            [-83.766668999742237, 38.653581999957062],
            [-83.767821000160893, 38.654246999913902],
            [-83.769119999994345, 38.655075000189903],
            [-83.77017799980338, 38.655857000236473],
            [-83.770746999890846, 38.656458999907152],
            [-83.77148699968258, 38.657316999829213],
            [-83.772319000434095, 38.658484000214358],
            [-83.772455999803128, 38.65873999973762],
            [-83.773049000180052, 38.659838999995593],
            [-83.773455000060935, 38.6607209997821],
            [-83.77363099978804, 38.661061000309566],
            [-83.773840999850307, 38.661909000005281],
            [-83.773887999705977, 38.66277400021864],
            [-83.773966000422078, 38.66310099973893],
            [-83.774240000058469, 38.663555000140825],
            [-83.77455700025088, 38.664005000241865],
            [-83.775008000337579, 38.664953999912051],
            [-83.775732000235763, 38.666712999833862],
            [-83.776280000406857, 38.669087999730436],
            [-83.776313000018803, 38.669228999911532],
            [-83.776472000027496, 38.669741999928554],
            [-83.77671700024986, 38.670528000305382],
            [-83.776766999580261, 38.670692000150716],
            [-83.77747200011018, 38.673444000250868],
            [-83.777864999572259, 38.675397000343132],
            [-83.778025000304126, 38.676266999922419],
            [-83.778222999772552, 38.677505999743964],
            [-83.778551999660507, 38.678639999800296],
            [-83.77898600002878, 38.680271000228139],
            [-83.779150999885232, 38.681598999729438],
            [-83.779345999878899, 38.682713000029324],
            [-83.779865999562574, 38.684466000094645],
            [-83.780043999837815, 38.68504800030032],
            [-83.780328000418265, 38.68598700015837],
            [-83.781029999676804, 38.688078999891594],
            [-83.781459000022224, 38.689712000200423],
            [-83.782141999912511, 38.691505999978503],
            [-83.782541000120688, 38.692436000003184],
            [-83.78281300010724, 38.692972000111816],
            [-83.78306800037538, 38.693472999683522],
            [-83.783168999759397, 38.693746999813769],
            [-83.783386000392696, 38.694752000127082],
            [-83.783471999708098, 38.695201999729953],
            [-83.78370100003697, 38.69568500008932],
            [-83.783799999771162, 38.69583199988665],
            [-83.78395299993204, 38.696057999934887],
            [-83.784320000353148, 38.69655199978142],
            [-83.784462999569982, 38.696723000119881],
            [-83.785403000276531, 38.697622999738549],
            [-83.78662900031506, 38.698881000038568],
            [-83.787236000037367, 38.699463000061698],
            [-83.787769000139846, 38.699918000227413],
            [-83.788674999612894, 38.70056600010583],
            [-83.789401999884149, 38.701011000307794],
            [-83.789659999626991, 38.701125999728553],
            [-83.790776999885566, 38.701714000046103],
            [-83.791642000249055, 38.702115000012682],
            [-83.791723000439916, 38.702150000016708],
            [-83.791940999999809, 38.702243999742421],
            [-83.792072000419367, 38.702301000037977],
            [-83.793859999974345, 38.702922000055821],
            [-83.795567000236801, 38.703499000337239],
            [-83.796128999753293, 38.703674999982404],
            [-83.798174000124533, 38.704475999842153],
            [-83.798838999573178, 38.704685000022138],
            [-83.799739000096764, 38.704799999843864],
            [-83.79997900029629, 38.704855000180864],
            [-83.80029399994055, 38.704996999657261],
            [-83.800632000049347, 38.705217000145453],
            [-83.801038999755121, 38.705349000253641],
            [-83.801704000102063, 38.705459000040811],
            [-83.802243000052343, 38.705513999870909],
            [-83.802792999873233, 38.705628999761409],
            [-83.803104000217871, 38.705720999821054],
            [-83.804047000399166, 38.706002000321718],
            [-83.805773999854779, 38.706467999778056],
            [-83.805829999931277, 38.706480999991648],
            [-83.80699099967245, 38.706745999839619],
            [-83.808136000418443, 38.706864999787733],
            [-83.809037999693544, 38.706914000038715],
            [-83.811392999686177, 38.707094999945014],
            [-83.813925000129174, 38.707450999930337],
            [-83.814727999670069, 38.707631999879233],
            [-83.815140000297035, 38.707720999899031],
            [-83.816881999821248, 38.708203000216088],
            [-83.819122000186198, 38.708879000195068],
            [-83.820354000072484, 38.709197000164608],
            [-83.821539999928021, 38.709443999998193],
            [-83.821889999732392, 38.709536999651952],
            [-83.822391000047801, 38.709726000181021],
            [-83.822468000040715, 38.709755999896402],
            [-83.822812999822204, 38.709915000210472],
            [-83.823723000391539, 38.710332999706438],
            [-83.824067000348137, 38.710475000219986],
            [-83.824806000314908, 38.710919999740803],
            [-83.825161999967079, 38.711171999899712],
            [-83.825310999929982, 38.711319999679084],
            [-83.825701999742236, 38.711623000194592],
            [-83.825843000207556, 38.711731999876228],
            [-83.826020999584458, 38.711831000246882],
            [-83.826301999791866, 38.712054999680305],
            [-83.826915000260271, 38.712446000072987],
            [-83.828147000146572, 38.713169999807583],
            [-83.829900000439778, 38.714057999910068],
            [-83.833235000423642, 38.715583999842529],
            [-83.833268999860522, 38.715600999948549],
            [-83.8350280000015, 38.716467999995594],
            [-83.835934000372887, 38.717099000137971],
            [-83.836758999655089, 38.71771800022875],
            [-83.837080000045447, 38.71799899983457],
            [-83.837289000282837, 38.718242000094513],
            [-83.837885000134492, 38.718865000064049],
            [-83.838502999727467, 38.719351000176765],
            [-83.839204000059425, 38.720021999817185],
            [-83.839407000449015, 38.720299000291412],
            [-83.839501999985259, 38.720439999786478],
            [-83.839965999592451, 38.721200999908483],
            [-83.840264000416596, 38.721578000335207],
            [-83.840656999878661, 38.72197599995863],
            [-83.841032999622286, 38.722689000038663],
            [-83.841324999700348, 38.723363000186531],
            [-83.841555999679031, 38.723919000283558],
            [-83.842283999775177, 38.72607000030191],
            [-83.842354999920275, 38.726287000225412],
            [-83.842426000065387, 38.726914999710559],
            [-83.842905999566099, 38.729636000030141],
            [-83.843139000092918, 38.731164000189075],
            [-83.843374000269549, 38.732243000071811],
            [-83.843495999569981, 38.732822999755349],
            [-83.843905999648797, 38.734432999762035],
            [-83.844458000017852, 38.736209000079164],
            [-83.84470400006515, 38.73727800034461],
            [-83.84481500039324, 38.737878999800124],
            [-83.844848999830091, 38.738022000135956],
            [-83.844964000356157, 38.738252000232279],
            [-83.84509700042554, 38.738563999794415],
            [-83.845710999820554, 38.740274999963596],
            [-83.846000000423857, 38.741388000105957],
            [-83.846011000294524, 38.741435999959847],
            [-83.846207000113083, 38.742257000143915],
            [-83.846608999796018, 38.743131999778868],
            [-83.847288000386655, 38.74440199986423],
            [-83.847464000113746, 38.744774999857],
            [-83.847842000405521, 38.745552999991446],
            [-83.848331000127075, 38.746484999964338],
            [-83.848890999993714, 38.747476999682746],
            [-83.850903999679602, 38.750081000183968],
            [-83.851268999552573, 38.750492999681306],
            [-83.851678999631403, 38.750901999748429],
            [-83.851902999937394, 38.751126000003055],
            [-83.852498999789063, 38.75183899987784],
            [-83.853112000257468, 38.752405000186698],
            [-83.853351999558683, 38.752582999982494],
            [-83.853381999695898, 38.752603000175839],
            [-83.853787999576767, 38.752802999699277],
            [-83.854227999792812, 38.752964000285147],
            [-83.854473000015204, 38.753066000037634],
            [-83.854898999987554, 38.753233000244926],
            [-83.85516900032431, 38.753375000273238],
            [-83.855472000272997, 38.753650000264841],
            [-83.855535000022186, 38.753770999925472],
            [-83.85546600042521, 38.754066000276488],
            [-83.855461000402357, 38.754088999775313],
            [-83.85545300000642, 38.754141000290076],
            [-83.855457000204382, 38.75417199994574],
            [-83.855560000136549, 38.754193000066408],
            [-83.855747999559213, 38.754248000219761],
            [-83.855974000413326, 38.754329999834717],
            [-83.8562890000576, 38.754576999882545],
            [-83.856652000280761, 38.754916000252678],
            [-83.857006000283093, 38.755331000235202],
            [-83.857308000406874, 38.755586000344294],
            [-83.8577820000598, 38.755959999696977],
            [-83.858315999987198, 38.756325000311094],
            [-83.858642000400422, 38.756522999934354],
            [-83.859376000344369, 38.756904000221894],
            [-83.859973000020929, 38.757216999874082],
            [-83.860712999812634, 38.75756099983986],
            [-83.861065000165141, 38.757715000040768],
            [-83.861549999688719, 38.757944000129804],
            [-83.861691999978959, 38.75800300007041],
            [-83.862388000288036, 38.758313000262987],
            [-83.863487999929859, 38.758812000094792],
            [-83.864038999575683, 38.759037000348854],
            [-83.864743000280697, 38.759365999651941],
            [-83.86562000033976, 38.759838000314808],
            [-83.866416000207948, 38.760172000171053],
            [-83.868032000233796, 38.760808000256013],
            [-83.869407000235242, 38.761300999917815],
            [-83.870907999735053, 38.761788999746699],
            [-83.87105699969797, 38.761822000114165],
            [-83.871906999992845, 38.76209300013489],
            [-83.872414999980961, 38.762255000338129],
            [-83.87379699965507, 38.762587000279957],
            [-83.874359999894793, 38.762733000221061],
            [-83.875037999762213, 38.762858999747813],
            [-83.875578000435695, 38.762993999894434],
            [-83.876518000243934, 38.763170000106797],
            [-83.877319999959923, 38.763264000121957],
            [-83.878367999723196, 38.763247999695928],
            [-83.878946999856424, 38.763298000052195],
            [-83.879262000399009, 38.76340200023283],
            [-83.880281999674892, 38.763874000117227],
            [-83.881593999927134, 38.764209999758997],
            [-83.882625999796886, 38.764440999776937],
            [-83.883605999788102, 38.764677999700275],
            [-83.884246999845615, 38.764856999930387],
            [-83.88476300022964, 38.765001999908911],
            [-83.886103999895894, 38.765402999865728],
            [-83.887524999928075, 38.765771999953678],
            [-83.888052000182768, 38.765804999879926],
            [-83.889473000214949, 38.765800000231692],
            [-83.889965000309545, 38.765789000023702],
            [-83.890079999937257, 38.765799000021801],
            [-83.89028099977871, 38.765817000295094],
            [-83.890443000160417, 38.765867999760516],
            [-83.890669000116247, 38.765948000318062],
            [-83.89127500001365, 38.766107999763172],
            [-83.892459000219361, 38.766310999873589],
            [-83.894269000413985, 38.766565999973594],
            [-83.895255000252988, 38.766719999653006],
            [-83.896430000237871, 38.76690299974036],
            [-83.897409000404181, 38.767059999969447],
            [-83.899141999707581, 38.767367000177458],
            [-83.90058899967903, 38.767521999714461],
            [-83.901238999957371, 38.767624999857723],
            [-83.90142499973021, 38.767655999960112],
            [-83.901890000060604, 38.767733000065839],
            [-83.903901000096695, 38.768182000163947],
            [-83.906164999852734, 38.768606999651865],
            [-83.906470000349572, 38.768648999796696],
            [-83.906856999963864, 38.768714000305572],
            [-83.907814000388868, 38.76884099994372],
            [-83.90846700014194, 38.768935000192101],
            [-83.909904999892561, 38.769127000269819],
            [-83.910747999616433, 38.769221000141371],
            [-83.912449000031103, 38.769709999889031],
            [-83.912971000262914, 38.769803000239399],
            [-83.913921999941834, 38.769868999849713],
            [-83.914723999657809, 38.769841999920985],
            [-83.91585799963481, 38.769786999879003],
            [-83.917348000162292, 38.769716000118606],
            [-83.917519999691436, 38.769721000192817],
            [-83.917778000332603, 38.769699000283886],
            [-83.918809000377436, 38.769764999990372],
            [-83.919381999764568, 38.769820000049371],
            [-83.920012999776333, 38.769930000040105],
            [-83.92096400035355, 38.77014500016891],
            [-83.921075999608234, 38.770174000280051],
            [-83.921956999865259, 38.770416000095523],
            [-83.922568999610434, 38.770622999723336],
            [-83.923085999819392, 38.770796999747667],
            [-83.924035999673379, 38.770966000061371],
            [-83.925254000214281, 38.771142999654018],
            [-83.925660999920055, 38.771207999991653],
            [-83.926614999972017, 38.771497999752796],
            [-83.926808000315859, 38.771545000243059],
            [-83.927277999770823, 38.771704000315985],
            [-83.928143000134327, 38.771972999676485],
            [-83.92860699974149, 38.772242000123597],
            [-83.928658999620055, 38.772330000083535],
            [-83.928670000388991, 38.772511000256721],
            [-83.92860699974149, 38.772647999877357],
            [-83.928549000015181, 38.772720000334168],
            [-83.928220000127212, 38.7728919999252],
            [-83.927697000070481, 38.772991000283476],
            [-83.927249000356824, 38.773088000289086],
            [-83.926801999569761, 38.773230000030473],
            [-83.926562000268561, 38.773328999919698],
            [-83.926303999627393, 38.773476999794958],
            [-83.926148999816689, 38.773641999662921],
            [-83.926126000250463, 38.77370799992346],
            [-83.926142999968917, 38.773833999678288],
            [-83.926430000024084, 38.774097000250165],
            [-83.926671000048515, 38.774206999948788],
            [-83.928332000280193, 38.774657000005362],
            [-83.928831000047495, 38.774841000125861],
            [-83.928908999865286, 38.774865000015225],
            [-83.930113000162507, 38.775337999776269],
            [-83.93164999964732, 38.77616699994455],
            [-83.932932999587237, 38.776970999655575],
            [-83.934177999892327, 38.777719999879309],
            [-83.935793999918189, 38.778761999677734],
            [-83.935843000322009, 38.778790999787027],
            [-83.936164999638947, 38.779004999794395],
            [-83.937116000216179, 38.779581999814788],
            [-83.937636999724759, 38.77987799991898],
            [-83.938180999697892, 38.780223999893323],
            [-83.938531000400573, 38.780420999721755],
            [-83.938777000447871, 38.780645999759379],
            [-83.939322000245909, 38.781084999855537],
            [-83.9397800000053, 38.781402999830824],
            [-83.9410119998916, 38.782116999695745],
            [-83.941796999889164, 38.782518000082199],
            [-83.943207000050691, 38.783175999799475],
            [-83.944467000424382, 38.783713999904961],
            [-83.944827000274501, 38.783866999720715],
            [-83.945024999742898, 38.783955000042731],
            [-83.947147999931957, 38.784738999899844],
            [-83.948584000032767, 38.785181999758656],
            [-83.950698999825903, 38.785714999780211],
            [-83.952502000347806, 38.786087000307433],
            [-83.95405700027429, 38.786320999972176],
            [-83.955106999687416, 38.786437999866685],
            [-83.956373999733799, 38.786439999707596],
            [-83.956935000323682, 38.786459000294236],
            [-83.957368999793644, 38.786541999922889],
            [-83.958845000077403, 38.787054000034658],
            [-83.959033000398392, 38.787091000264041],
            [-83.959446999776844, 38.787172999947046],
            [-83.960456999905304, 38.787257999962918],
            [-83.96130999967491, 38.787392000243472],
            [-83.961841999952483, 38.787491999985633],
            [-83.96192599961806, 38.787499000025321],
            [-83.962366999659025, 38.787521000045665],
            [-83.964033999738504, 38.787323000318558],
            [-83.964504000091793, 38.787305999778802],
            [-83.965818999818751, 38.787349000024101],
            [-83.967706999831165, 38.787409999969299],
            [-83.969236999643314, 38.787419999737274],
            [-83.971111000310344, 38.787326999950686],
            [-83.972291000318108, 38.787156000071754],
            [-83.973041999980467, 38.78714399974546],
            [-83.973488000044298, 38.787172000036847],
            [-83.97396400024536, 38.787220999820157],
            [-83.974576999815469, 38.787319999894109],
            [-83.975130000009415, 38.787389999729022],
            [-83.976049999726186, 38.787506000064361],
            [-83.976988999709519, 38.787489000268472],
            [-83.977591000307271, 38.787439000062733],
            [-83.978095000097426, 38.787363000130917],
            [-83.978760000444382, 38.787196999887662],
            [-83.979270000082337, 38.787015999873695],
            [-83.979784999743146, 38.786725000272924],
            [-83.980306999974957, 38.786499999810736],
            [-83.98120099975246, 38.786229999999335],
            [-83.982139999735793, 38.786103999737435],
            [-83.982983000357976, 38.78593899999133],
            [-83.98422600011493, 38.785669000156155],
            [-83.98515400022761, 38.785333999989632],
            [-83.985458000001231, 38.785267999984406],
            [-83.986581000107591, 38.784816999714224],
            [-83.987147999646922, 38.784592000233182],
            [-83.98743999972497, 38.784449000056981],
            [-83.987859000024613, 38.784196000066189],
            [-83.98824200033927, 38.783999000163],
            [-83.988936000100225, 38.783740000226338],
            [-83.989520000256334, 38.783536999996805],
            [-83.990086999795665, 38.783385000136491],
            [-83.990233000283851, 38.783354999830934],
            [-83.990717999807444, 38.783277999782506],
            [-83.991513999675632, 38.783091999786286],
            [-83.992064000394862, 38.782987000330941],
            [-83.992471000100636, 38.782872000316473],
            [-83.993862999820507, 38.782569000212447],
            [-83.994368000333878, 38.782447999665564],
            [-83.99498599992684, 38.782216999833778],
            [-83.995611000090832, 38.781914999731406],
            [-83.995776999772175, 38.781849000062813],
            [-83.996447999966932, 38.781718999815354],
            [-83.996698000212177, 38.781672999714083],
            [-83.997355000163196, 38.781607999809687],
            [-83.997719000211276, 38.781568000270028],
            [-83.999363999651138, 38.781271000185008],
            [-83.999926999890818, 38.781005000166985],
            [-83.999942999784366, 38.781005000166985],
            [-84.003098999668097, 38.780553000240687],
            [-84.003213000369215, 38.780537000190847],
            [-84.003410999837612, 38.780503000072898],
            [-84.006278000016337, 38.780193999658458],
            [-84.007551999735426, 38.779861999717639],
            [-84.008301999572893, 38.779656000306183],
            [-84.010269999951248, 38.779115999650031],
            [-84.013433000405982, 38.777903999801275],
            [-84.016850000405626, 38.776706999819631],
            [-84.018426000248496, 38.776220999905973],
            [-84.019569000446353, 38.776034000345149],
            [-84.01982600036429, 38.775961999731919],
            [-84.020283000298775, 38.775878999693418],
            [-84.020342999674924, 38.775857999651507],
            [-84.020712999570776, 38.775729999829274],
            [-84.021981000340389, 38.775352000140415],
            [-84.022792000277221, 38.77512099973341],
            [-84.024005999721851, 38.774939999880104],
            [-84.025954999833644, 38.774349000263932],
            [-84.027453999683615, 38.774166999759693],
            [-84.027623999562934, 38.774126000155334],
            [-84.028028999618883, 38.774075000290082],
            [-84.028339000138601, 38.774003999895157],
            [-84.028582999637749, 38.773932000034009],
            [-84.029343000419274, 38.773706999824498],
            [-84.02980000035376, 38.77359599995458],
            [-84.030155000180997, 38.773508000155807],
            [-84.03052799955158, 38.773434000288717],
            [-84.031026000392274, 38.773339999665474],
            [-84.031902999553026, 38.773093000126956],
            [-84.032096999721773, 38.773028000106223],
            [-84.032784999634956, 38.772796999876597],
            [-84.034358999828001, 38.772469000284545],
            [-84.034522999859533, 38.772427999704234],
            [-84.035697999844416, 38.772255000275742],
            [-84.035820000043159, 38.772227999849378],
            [-84.036102999900379, 38.772166000102708],
            [-84.036319999635353, 38.772106999966141],
            [-84.036652999721298, 38.771996999830478],
            [-84.037402999558722, 38.771843000336126],
            [-84.038313999952976, 38.771629999978153],
            [-84.039459999625564, 38.771405000211381],
            [-84.041426000354093, 38.771086999778944],
            [-84.041751999869035, 38.77103099985991],
            [-84.04375299985935, 38.770670000089716],
            [-84.044576000390038, 38.770557000110252],
            [-84.045400999672239, 38.770662999798695],
            [-84.048809000349365, 38.771326000302338],
            [-84.050315999696963, 38.771490000113303],
            [-84.05111099974026, 38.771464999658278],
            [-84.052709000222748, 38.771226000300921],
            [-84.053772000054664, 38.77106799999892],
            [-84.059457999833214, 38.771144999923877],
            [-84.060057999882844, 38.771165999952622],
            [-84.06024799985363, 38.771188000109575],
            [-84.06110099962325, 38.771199000185462],
            [-84.061743000403993, 38.771226000300921],
            [-84.063095999765792, 38.771195000349081],
            [-84.063479999905354, 38.771200000319638],
            [-84.065582000178011, 38.77110000014158],
            [-84.066172000181894, 38.771050000350115],
            [-84.067380999603657, 38.770863999977941],
            [-84.068676000137458, 38.770687999834401],
            [-84.069054000429233, 38.770594999937387],
            [-84.069821999810031, 38.770511999957023],
            [-84.069935999612838, 38.77049599975561],
            [-84.070779000235035, 38.770413999805214],
            [-84.07137500008669, 38.770500999775152],
            [-84.073334000244216, 38.771005999944407],
            [-84.074165000272529, 38.771209000125651],
            [-84.075069999920657, 38.771400999686186],
            [-84.075514000334692, 38.771481000342739],
            [-84.075753999635864, 38.771507999651078],
            [-84.076428000203663, 38.771566000154095],
            [-84.077116000116831, 38.771615000155855],
            [-84.077941000297358, 38.771741000105969],
            [-84.078410999752322, 38.771839999960633],
            [-84.079487999827933, 38.7720539998137],
            [-84.080415999940598, 38.772224000070715],
            [-84.082226999960128, 38.772613000086203],
            [-84.083184000385131, 38.77283800024486],
            [-84.084212000056922, 38.773121000333134],
            [-84.085361000102552, 38.773414000330398],
            [-84.085710000082003, 38.773572999739081],
            [-84.086506999775111, 38.773819999716487],
            [-84.086777999936757, 38.773865999980728],
            [-84.087413000146512, 38.77389999976112],
            [-84.087951000271829, 38.773896000076206],
            [-84.088455000061984, 38.773929999842295],
            [-84.089359999710155, 38.773979000321233],
            [-84.090495000410385, 38.774105000297645],
            [-84.091008000421354, 38.774165000274877],
            [-84.091622999641288, 38.774235999809235],
            [-84.092207999622289, 38.774365999690851],
            [-84.092460000415684, 38.774421999793098],
            [-84.092970000053626, 38.774614999896123],
            [-84.094115999726199, 38.775163000245044],
            [-84.094275999559756, 38.775223000032625],
            [-84.094525999805015, 38.775339999928498],
            [-84.095341999764699, 38.775574999917559],
            [-84.096751999926241, 38.775913999983018],
            [-84.099157999972519, 38.776589000006638],
            [-84.100516000255496, 38.776934999830971],
            [-84.101169000008582, 38.777167000015815],
            [-84.101456000063749, 38.777269000190316],
            [-84.102740999653506, 38.77766400026551],
            [-84.103672999964147, 38.777900000340829],
            [-84.104871000413581, 38.778228000169385],
            [-84.10798799993924, 38.779033999804923],
            [-84.108582999965989, 38.779232000141029],
            [-84.108806000447061, 38.779314999778869],
            [-84.108863000348478, 38.779332000123048],
            [-84.109065000014851, 38.779413000306846],
            [-84.109373999811325, 38.77960400017713],
            [-84.109918999609377, 38.779972000329082],
            [-84.110118999625897, 38.780098000222544],
            [-84.110989999837173, 38.780548000225522],
            [-84.111746000420723, 38.78086599979445],
            [-84.11178599970539, 38.780915999707723],
            [-84.111712000085546, 38.780965000289079],
            [-84.111338999816638, 38.780959000305415],
            [-84.110577000283612, 38.78084399982145],
            [-84.110377000267079, 38.780844999820395],
            [-84.110250999870374, 38.780904999729806],
            [-84.110210999687411, 38.780982000239909],
            [-84.110215999710277, 38.781020000115404],
            [-84.110520000382209, 38.781152000225894],
            [-84.111430999878138, 38.781509000207748],
            [-84.111677999750341, 38.781596999938522],
            [-84.112324999655641, 38.781825999707678],
            [-84.113739999840035, 38.78219900019743],
            [-84.113963000321107, 38.782241000042106],
            [-84.115074999658503, 38.782372999993179],
            [-84.11526600035252, 38.782473999748291],
            [-84.115555999882446, 38.782572000136604],
            [-84.116776999898079, 38.78319099999149],
            [-84.116969000417001, 38.783260999678774],
            [-84.118037000271784, 38.783594999821261],
            [-84.119469000174618, 38.784003999936246],
            [-84.1195389995965, 38.784023999725896],
            [-84.119602000244001, 38.784051999842134],
            [-84.120157000087787, 38.784348000298436],
            [-84.120706999908691, 38.784556000054224],
            [-84.121308999608146, 38.784752999818963],
            [-84.12174499962623, 38.784950999680966],
            [-84.122598000294175, 38.785263000299857],
            [-84.123287000032235, 38.785480000293326],
            [-84.124910999555695, 38.786110999913397],
            [-84.131741000255332, 38.788468999882866],
            [-84.131886000020287, 38.788519000066458],
            [-84.133266999869491, 38.789028000331925],
            [-84.134991999675293, 38.789578000311153],
            [-84.136241000178359, 38.789924000130071],
            [-84.136292000231975, 38.789935000116976],
            [-84.137370000132492, 38.790166000150791],
            [-84.138675999638622, 38.790408000050114],
            [-84.139318000419351, 38.790523999675891],
            [-84.139730000148006, 38.790601000301066],
            [-84.140566000199186, 38.790879999787386],
            [-84.142120000300764, 38.791398000058578],
            [-84.143041999667332, 38.791711000317477],
            [-84.143984000023721, 38.792001000028648],
            [-84.144078999559966, 38.792029999654808],
            [-84.144558000134083, 38.792187999728583],
            [-84.147211999877484, 38.792861000081615],
            [-84.148148000386072, 38.79307700022639],
            [-84.14858299968094, 38.793195000061488],
            [-84.151869999984243, 38.793966000138923],
            [-84.152942999861878, 38.794217999955052],
            [-84.153629999950141, 38.794372000143085],
            [-84.154225999801795, 38.7945199997557],
            [-84.154742000185834, 38.794641000118894],
            [-84.155183000226799, 38.794766999995304],
            [-84.155692999864755, 38.794887999939228],
            [-84.156364000059483, 38.795052999977216],
            [-84.157314999738361, 38.795202000073751],
            [-84.158540999776889, 38.795340000007457],
            [-84.161594999553373, 38.795834000248519],
            [-84.165066999804594, 38.796356000050885],
            [-84.165897999832893, 38.79647199979896],
            [-84.166866000128536, 38.796626000017753],
            [-84.167743000187599, 38.796735999970281],
            [-84.167857999815325, 38.796742999802376],
            [-84.168160999764041, 38.796763000219102],
            [-84.169134999907484, 38.796916999809106],
            [-84.169662000162162, 38.796971999932111],
            [-84.170920999812651, 38.797194000238953],
            [-84.171123000377307, 38.797230000337059],
            [-84.172669999907882, 38.79753299974228],
            [-84.175231999589769, 38.797938999730817],
            [-84.175290000214403, 38.797949000122131],
            [-84.177456999886076, 38.798245000287096],
            [-84.185737999856798, 38.799308999658663],
            [-84.187529999609737, 38.799489999963718],
            [-84.188260000254019, 38.799564000095302],
            [-84.188626999776815, 38.7995870003287],
            [-84.190856000271097, 38.799738999949383],
            [-84.192175000196031, 38.800062999809008],
            [-84.194470999739139, 38.800524000268027],
            [-84.195731000112858, 38.800698000144429],
            [-84.198004000089725, 38.800900999813251],
            [-84.198943000073072, 38.801117999809513],
            [-84.202562999563966, 38.801951999797048],
            [-84.204667000384774, 38.802357999812493],
            [-84.205879000179593, 38.802685000143214],
            [-84.208947000199757, 38.804131999845069],
            [-84.21064400041648, 38.804776000092517],
            [-84.211047999749212, 38.804917999733433],
            [-84.212010000197083, 38.805255000282379],
            [-84.212750999813679, 38.805629000344503],
            [-84.213114999861759, 38.805835000311433],
            [-84.21335599988619, 38.806075999866721],
            [-84.213566999773377, 38.806283000283415],
            [-84.213623999674795, 38.806344000125755],
            [-84.214010000362478, 38.806787000122199],
            [-84.214187999739394, 38.806972999895386],
            [-84.214376999885275, 38.807187000012185],
            [-84.21475500017705, 38.80754399981987],
            [-84.21644499982277, 38.808888000345306],
            [-84.218203999963734, 38.810162000213253],
            [-84.21879499979255, 38.810645000314352],
            [-84.219718999707254, 38.811474000137522],
            [-84.219790999677286, 38.811539000108397],
            [-84.220387000427266, 38.812055000195834],
            [-84.220846000011576, 38.812487999928344],
            [-84.221504999612435, 38.813103000100149],
            [-84.222328999968042, 38.813926000006518],
            [-84.223877000221819, 38.815627999921539],
            [-84.224205000284883, 38.816050999682354],
            [-84.224868000083703, 38.816846000000069],
            [-84.225298000254014, 38.817461000338355],
            [-84.225916999671895, 38.818470000131335],
            [-84.22634099999442, 38.819293999771773],
            [-84.226752999723089, 38.820204999886968],
            [-84.227362999818453, 38.821302999828816],
            [-84.227567000032948, 38.821670000139122],
            [-84.227932999730825, 38.822461000259167],
            [-84.227938999578612, 38.822559000256845],
            [-84.229225999716505, 38.824923999974125],
            [-84.230035999828402, 38.826215000300209],
            [-84.230219999951416, 38.826560999985418],
            [-84.230459000326022, 38.827393000140447],
            [-84.231015999819633, 38.829344000189167],
            [-84.231681000166574, 38.831967999701774],
            [-84.231772000403197, 38.832389999691557],
            [-84.231863999566386, 38.832719999923583],
            [-84.232304999607322, 38.835431000039222],
            [-84.2324429996996, 38.83727599965848],
            [-84.232453999570239, 38.837829999753033],
            [-84.232533999936194, 38.838356999865709],
            [-84.232798000425163, 38.839212999904376],
            [-84.232940999641954, 38.839680000217527],
            [-84.23294700038808, 38.839725000087306],
            [-84.232950999687716, 38.839736000082233],
            [-84.232973000327334, 38.840201000030575],
            [-84.233098999825728, 38.841009000288089],
            [-84.233416000018124, 38.844558000123001],
            [-84.23347999959222, 38.84511500028691],
            [-84.233543000239735, 38.845603000132598],
            [-84.233617999684498, 38.846679000203302],
            [-84.233652000019674, 38.84742500031377],
            [-84.233662999890328, 38.849270000287092],
            [-84.23362299970735, 38.850094000224267],
            [-84.2336689997381, 38.85135600020579],
            [-84.233703000073291, 38.854023999862243],
            [-84.233662999890328, 38.854110999907469],
            [-84.23343399956147, 38.854271000130836],
            [-84.233422999690831, 38.854309000096052],
            [-84.233565999805933, 38.854491000200092],
            [-84.233628999555123, 38.854780999665039],
            [-84.233640000324101, 38.855675999663852],
            [-84.233609000361966, 38.856415999934342],
            [-84.233600000141138, 38.856615000336305],
            [-84.233503000056757, 38.857169000251957],
            [-84.233395000101723, 38.85895900023349],
            [-84.233380999858028, 38.859199000162405],
            [-84.233376999660052, 38.859265999825936],
            [-84.233364999964493, 38.860396999685044],
            [-84.233082000107274, 38.862443999877385],
            [-84.233032999703468, 38.862795999778072],
            [-84.232837999709801, 38.864662999705544],
            [-84.232688999746884, 38.865222999754856],
            [-84.232598000408601, 38.86564400025221],
            [-84.2325349997611, 38.866086999891337],
            [-84.232532000286369, 38.866106999718333],
            [-84.23251700021774, 38.866239000254005],
            [-84.232431999828947, 38.866952000208421],
            [-84.232265000322684, 38.868671000327026],
            [-84.232104999590788, 38.869993999941357],
            [-84.23196700039685, 38.871557999714099],
            [-84.231954999802966, 38.871860999678333],
            [-84.231944999757232, 38.872107000118788],
            [-84.231882000008028, 38.872298999870978],
            [-84.231675000318802, 38.872452999763659],
            [-84.231567000363754, 38.872513000149219],
            [-84.231784000098742, 38.87272199994284],
            [-84.231846999847932, 38.8729140001319],
            [-84.231859000441816, 38.873436000012752],
            [-84.231909999597136, 38.873814999748063],
            [-84.231986999590021, 38.874574000231242],
            [-84.232014000252505, 38.874826000144544],
            [-84.232035999993826, 38.875064000213513],
            [-84.232035999993826, 38.875076999788831],
            [-84.232117000184672, 38.875895000346048],
            [-84.232041999841599, 38.876514999835891],
            [-84.231933000061659, 38.877431999926976],
            [-84.231995999810849, 38.878783000053886],
            [-84.231995999810849, 38.878945000047011],
            [-84.231995999810849, 38.879090000060025],
            [-84.231984999940195, 38.879364999681954],
            [-84.232058999560039, 38.880122000325557],
            [-84.232144999773766, 38.880858000037648],
            [-84.23236300023197, 38.882350999792052],
            [-84.23240900026272, 38.882894000249308],
            [-84.232528999913328, 38.88382200000747],
            [-84.232574999944077, 38.884255000178875],
            [-84.232593000385734, 38.884379000326504],
            [-84.232780999808412, 38.88538599965667],
            [-84.232913000052875, 38.886148999998547],
            [-84.232896000334449, 38.886763999973226],
            [-84.233021999832815, 38.887632000070056],
            [-84.233303000040223, 38.888740000234257],
            [-84.233646000171873, 38.889887000291445],
            [-84.233830000294915, 38.890398000104192],
            [-84.233949999945494, 38.890821000119615],
            [-84.234052999877662, 38.891379999791731],
            [-84.234661000323214, 38.892692000168807],
            [-84.234666000346081, 38.892778999739868],
            [-84.234620000315331, 38.892905999862698],
            [-84.234390999986459, 38.892930999650908],
            [-84.234413999552686, 38.892955000306308],
            [-84.234420000298783, 38.893001999672677],
            [-84.234420000298783, 38.893062000187236],
            [-84.234407999704914, 38.893112000344232],
            [-84.234385999963607, 38.893176999866455],
            [-84.234339999932857, 38.893252000316956],
            [-84.234339999932857, 38.893265000060666],
            [-84.234350999803496, 38.893275000346001],
            [-84.234385999963607, 38.893279000319886],
            [-84.234494999743546, 38.893326999989021],
            [-84.23455199964495, 38.893380000110433],
            [-84.234585999980126, 38.893418999963373],
            [-84.23463200001089, 38.893427999711307],
            [-84.234688999912294, 38.893433000192239],
            [-84.234929999936725, 38.893437999973635],
            [-84.235244999580999, 38.894080999973603],
            [-84.235302000380713, 38.894239999929404],
            [-84.235607999804159, 38.894670999927875],
            [-84.236566999878974, 38.896124999802545],
            [-84.23705800014865, 38.896707999765155],
            [-84.237742999688777, 38.897468000166668],
            [-84.238423000104333, 38.898048000336402],
            [-84.238639999839322, 38.898427000230235],
            [-84.23932799975249, 38.8990319999956],
            [-84.23973799983132, 38.899609999817066],
            [-84.24016399980367, 38.90036400020972],
            [-84.24074700013486, 38.901106999998511],
            [-84.241230999833519, 38.901856999685279],
            [-84.241512000040913, 38.902179000246406],
            [-84.241768000133959, 38.902365000291589],
            [-84.242435999955646, 38.902606999838923],
            [-84.242739999729253, 38.902793000161083],
            [-84.242979000103858, 38.903064999867588],
            [-84.243186999618004, 38.903412999812886],
            [-84.243191999640871, 38.903468999821534],
            [-84.243358000220539, 38.90372700013971],
            [-84.243450000282053, 38.903869999866203],
            [-84.243529999749668, 38.903998000095669],
            [-84.243575999780418, 38.904078999701142],
            [-84.243600000069875, 38.904153000157528],
            [-84.243605000092757, 38.904166999668377],
            [-84.243621999811168, 38.904226000173132],
            [-84.243627999658969, 38.904257999916915],
            [-84.243661999994146, 38.904309000243387],
            [-84.243759999903446, 38.904394000239982],
            [-84.243834000421614, 38.904469000029145],
            [-84.243947000399515, 38.904551999815268],
            [-84.244034000438148, 38.904619999727792],
            [-84.244068999699934, 38.904645999944435],
            [-84.244119999753551, 38.904692999962293],
            [-84.244200999944425, 38.904772999817112],
            [-84.244298000028792, 38.904876000047906],
            [-84.244457999862362, 38.905080999709647],
            [-84.244627999741667, 38.905288000175815],
            [-84.24487700016202, 38.905589999962437],
            [-84.245163000392282, 38.905959000249517],
            [-84.245300999586235, 38.906155000048265],
            [-84.245478000036556, 38.90638100022165],
            [-84.245529999915092, 38.906444999849271],
            [-84.245558000402497, 38.906467999799666],
            [-84.245611000105953, 38.906490999742573],
            [-84.245656000311783, 38.906511000082027],
            [-84.245695999596435, 38.906520000267896],
            [-84.2457130002132, 38.906530000084665],
            [-84.245724999908759, 38.906543000193949],
            [-84.245748000373283, 38.90658700006221],
            [-84.245770999939509, 38.906711999999828],
            [-84.245862000176118, 38.906845000234171],
            [-84.246027999857461, 38.907120000065213],
            [-84.246069999690263, 38.9071980000369],
            [-84.246191000064087, 38.907384000214961],
            [-84.246473000096387, 38.907905999893124],
            [-84.246548000439446, 38.907985000010825],
            [-84.246642000150786, 38.908144999900223],
            [-84.246726999641297, 38.908360000166752],
            [-84.24679600013657, 38.908475999841805],
            [-84.246836000319547, 38.908537000167314],
            [-84.246928000381061, 38.908720000130359],
            [-84.247031000313228, 38.908891999841288],
            [-84.247134000245396, 38.909068000317014],
            [-84.247219999560784, 38.90921500024487],
            [-84.247386000140466, 38.909455999919679],
            [-84.247518000384943, 38.909614999700949],
            [-84.247603999700345, 38.909704999669849],
            [-84.247684000066272, 38.909792000067227],
            [-84.247752999663263, 38.909859999853637],
            [-84.247868000189314, 38.909992999782141],
            [-84.247925000090717, 38.910052000338105],
            [-84.248057000335194, 38.910201999765405],
            [-84.248182999833574, 38.910334000173599],
            [-84.248274000070154, 38.910417000092728],
            [-84.248469000063835, 38.910567000146735],
            [-84.248555000277562, 38.910659000153522],
            [-84.248640999592965, 38.910767999764076],
            [-84.248961999983322, 38.911134999864402],
            [-84.249081999633944, 38.911294000078662],
            [-84.249151000129217, 38.911403000112095],
            [-84.249351999970671, 38.911677000200783],
            [-84.249454999902838, 38.91183200027227],
            [-84.249620999584195, 38.912049999917357],
            [-84.249684000231696, 38.912142999651941],
            [-84.249724000414673, 38.912254000280505],
            [-84.249793000011636, 38.912391999762015],
            [-84.249844000065266, 38.912513999920925],
            [-84.249935000301875, 38.912723999714835],
            [-84.250039000058933, 38.912723999714835],
            [-84.250814999835654, 38.913935000196666],
            [-84.252147000179377, 38.915797000321739],
            [-84.253806999687853, 38.918136000279887],
            [-84.256211000084306, 38.92148600030675],
            [-84.257038999739564, 38.922649000053106],
            [-84.260444999868525, 38.92471500024908],
            [-84.261347000041951, 38.926196999934788],
            [-84.26222499992592, 38.927347000238186],
            [-84.263927999990415, 38.929077999711161],
            [-84.264887000065244, 38.930058999716621],
            [-84.265694999629005, 38.931433999680159],
            [-84.266867000139158, 38.932950000154321],
            [-84.266908000147041, 38.932959999741051],
            [-84.267102000315788, 38.933009999749849],
            [-84.267382999624886, 38.933295999709763],
            [-84.267446000272386, 38.933438000004124],
            [-84.267560999900127, 38.933592000110302],
            [-84.267744000198206, 38.933768000121617],
            [-84.267842000107521, 38.933933000303348],
            [-84.268247999988375, 38.934404999969701],
            [-84.26852900019577, 38.934783000069487],
            [-84.268643999823496, 38.934887999933771],
            [-84.268700999724899, 38.934980999783583],
            [-84.268827000121604, 38.935068999867255],
            [-84.268998999650734, 38.935316000034831],
            [-84.269515000034772, 38.935832000183588],
            [-84.269595000400713, 38.935915000325501],
            [-84.269658000149903, 38.93612400012637],
            [-84.269737999617533, 38.936277000078142],
            [-84.269821000356515, 38.936349999893174],
            [-84.271752999851572, 38.937786999703974],
            [-84.272408999977685, 38.938820999866934],
            [-84.275024000261325, 38.94089199991604],
            [-84.277878999846166, 38.943158999864004],
            [-84.278452999956528, 38.943614999879649],
            [-84.278991000081874, 38.944205000337078],
            [-84.279634999614117, 38.944908999995441],
            [-84.280387999824612, 38.945731999940286],
            [-84.28255799986934, 38.948153999891062],
            [-84.283788000105801, 38.949527000267146],
            [-84.28463599985254, 38.950475000082498],
            [-84.285157000259446, 38.951055999909208],
            [-84.286535999560542, 38.952541999796026],
            [-84.288776999750368, 38.955643999662733],
            [-84.290155999949747, 38.958260999869879],
            [-84.291299999972509, 38.960054999713869],
            [-84.291966999969276, 38.961122000102392],
            [-84.293060999763313, 38.962874000065],
            [-84.293694000323214, 38.964380999709334],
            [-84.293931000149684, 38.964949000197848],
            [-84.29579599969756, 38.969208999782083],
            [-84.296237999563431, 38.971303000249449],
            [-84.296641999794488, 38.973169999796717],
            [-84.2966150000303, 38.975321999764134],
            [-84.296805999826006, 38.97666000029735],
            [-84.297519999678443, 38.981699000114929],
            [-84.297892999947351, 38.984161999842897],
            [-84.298195999896052, 38.986350000258433],
            [-84.297579999952916, 38.988899000009418],
            [-84.297732000288875, 38.989742999896514],
            [-84.297950999673674, 38.989770000185899],
            [-84.298009000298293, 38.989835999686278],
            [-84.298026000016748, 38.990017000338192],
            [-84.297979999985998, 38.990089000110132],
            [-84.297893999772256, 38.990155000011214],
            [-84.297887999924484, 38.990197999829071],
            [-84.297979999985998, 38.990516999918995],
            [-84.29804899958296, 38.990604000328737],
            [-84.298301000376355, 38.990676000201717],
            [-84.298390000064828, 38.990747000159892],
            [-84.298443999593175, 38.990791000157223],
            [-84.298553000271426, 38.990922999985159],
            [-84.298553000271426, 38.991104999788533],
            [-84.298770999831319, 38.991609000077688],
            [-84.298781999701987, 38.991928000091917],
            [-84.298718999952783, 38.9921370001884],
            [-84.298662000051365, 38.992212999880046],
            [-84.298667999899166, 38.99235100015882],
            [-84.298730999648356, 38.992569999957745],
            [-84.298735999671237, 38.992768000216003],
            [-84.298903000075796, 38.993053000112489],
            [-84.299006000007964, 38.993256999950972],
            [-84.299074999604926, 38.993513999923451],
            [-84.299143000275308, 38.993629999955822],
            [-84.299463999767369, 38.99438199979118],
            [-84.299630000347037, 38.994710999824569],
            [-84.299647000065477, 38.994794000130391],
            [-84.29986499962537, 38.995118000047633],
            [-84.299991000022061, 38.995419999932032],
            [-84.300008999565406, 38.995534999858933],
            [-84.300099999802001, 38.995764999850259],
            [-84.300099999802001, 38.995990000256818],
            [-84.300156999703418, 38.996203999746882],
            [-84.300180000167956, 38.996347000131863],
            [-84.300300999643454, 38.996699000116834],
            [-84.300305999666321, 38.996846999674929],
            [-84.300397999727835, 38.997105000324929],
            [-84.300592999721516, 38.997484000169173],
            [-84.300752999555058, 38.997927999970678],
            [-84.301033999762481, 38.998433000272215],
            [-84.301325999840515, 38.999005000211611],
            [-84.301361000000625, 38.999091999960811],
            [-84.301761999858613, 38.999915999944115],
            [-84.301772999729252, 39.00006099992688],
            [-84.301772999729252, 39.000084000233869],
            [-84.301934000286067, 39.00032600006638],
            [-84.301934000286067, 39.00041399999067],
            [-84.30203700021822, 39.00053999970752],
            [-84.302145999998174, 39.000754000097693],
            [-84.302173999587254, 39.000886000191699],
            [-84.302454999794648, 39.001380000230462],
            [-84.302551999879029, 39.001549999912449],
            [-84.302603999757565, 39.001748000176896],
            [-84.302792999903446, 39.002116000303509],
            [-84.302809999621886, 39.002197999922984],
            [-84.302855999652635, 39.00224700027173],
            [-84.302879000117173, 39.002367999733742],
            [-84.30304499979853, 39.002659999867859],
            [-84.30310300042315, 39.00275799989145],
            [-84.303136999860044, 39.002927999752757],
            [-84.303291999670734, 39.003241000317928],
            [-84.303335000226767, 39.003308000183125],
            [-84.304422000348112, 39.00526099994179],
            [-84.306074000358947, 39.007753000282953],
            [-84.306570999578099, 39.008308999787715],
            [-84.307656000049619, 39.009694999980461],
            [-84.308246000053501, 39.010375000095557],
            [-84.309313000083364, 39.011743000106534],
            [-84.310269999610043, 39.012823999653129],
            [-84.312473999989976, 39.015112999911906],
            [-84.313834999747684, 39.016588000301539],
            [-84.314778999753884, 39.017459000250682],
            [-84.316241999618882, 39.018731000221884],
            [-84.317415999778845, 39.01945199991588],
            [-84.317691999963372, 39.019687999708353],
            [-84.318450000196762, 39.020323000180376],
            [-84.319362000415907, 39.020925000299869],
            [-84.31998500003175, 39.021534000212334],
            [-84.320522000332176, 39.022045000078286],
            [-84.320641000157863, 39.022170000252196],
            [-84.32094900012946, 39.022585000249535],
            [-84.321245000405469, 39.023057999848994],
            [-84.322469999720752, 39.024055000057722],
            [-84.324150000219021, 39.025264000265778],
            [-84.325525000220452, 39.0261249997167],
            [-84.325967999911228, 39.026495000093732],
            [-84.326619999839394, 39.027261999861423],
            [-84.328727000134919, 39.028688999988013],
            [-84.328910000433027, 39.028802000259084],
            [-84.329441999812289, 39.029019000273017],
            [-84.330230000182866, 39.029340999763825],
            [-84.332913000238577, 39.030803000256533],
            [-84.334318000377252, 39.031614999721654],
            [-84.335156999903163, 39.03204300021914],
            [-84.335547999715402, 39.032242000203553],
            [-84.335726999815549, 39.032475999966323],
            [-84.335756000127859, 39.032499000199422],
            [-84.335961999992179, 39.032597999994621],
            [-84.336300999925896, 39.032707999759516],
            [-84.33642399994956, 39.032768999948601],
            [-84.337166000289386, 39.033141000316888],
            [-84.338214000052673, 39.033705999863713],
            [-84.338769999721379, 39.033932000231935],
            [-84.339170999579352, 39.03404700034865],
            [-84.339813000360095, 39.03434800018092],
            [-84.340460000265381, 39.034781999678131],
            [-84.340878999666714, 39.035011999749123],
            [-84.34172099956568, 39.035324999965958],
            [-84.342265000437123, 39.035494999694492],
            [-84.343038999665708, 39.035763999956217],
            [-84.343714999883318, 39.035878999882755],
            [-84.344082000304439, 39.035934000024199],
            [-84.344677000331174, 39.036141999994285],
            [-84.344867000301988, 39.036230000012011],
            [-84.34548499989495, 39.036647000279039],
            [-84.345679999888617, 39.036794999981218],
            [-84.345898000346821, 39.036867000290023],
            [-84.346430999550975, 39.037125000096289],
            [-84.347598999863195, 39.037580000201451],
            [-84.348029000033492, 39.037733000116781],
            [-84.348246999593385, 39.037795999903544],
            [-84.350885000341549, 39.038604999671442],
            [-84.352225000182898, 39.0390229997343],
            [-84.355688000213277, 39.039953000149914],
            [-84.35664499973997, 39.040298999686051],
            [-84.356672000402455, 39.040309000167696],
            [-84.356836000434001, 39.040370999912909],
            [-84.357454999851868, 39.040629000181518],
            [-84.359213999992861, 39.04113900032587],
            [-84.359476999758598, 39.041237999877929],
            [-84.360199000006943, 39.041446000282086],
            [-84.360721000238769, 39.041566999655132],
            [-84.361225000028924, 39.04162099973518],
            [-84.361292999800995, 39.041631000029696],
            [-84.362015999874259, 39.041735999897234],
            [-84.362456000090305, 39.041776000304125],
            [-84.36282099996329, 39.041831000041654],
            [-84.363668999710029, 39.042080000144374],
            [-84.364550999791959, 39.042255000120136],
            [-84.365692000339976, 39.042480999658792],
            [-84.366535999888768, 39.042677999941873],
            [-84.367195000387937, 39.04279299977879],
            [-84.369218999944479, 39.043035999783164],
            [-84.370609999839431, 39.043202999706423],
            [-84.371158999835416, 39.043242000183071],
            [-84.372139999651552, 39.043311999911275],
            [-84.372924999649115, 39.043372000221169],
            [-84.373466000147502, 39.04343499986372],
            [-84.374282999932092, 39.043634999652475],
            [-84.374493999819293, 39.04369900024674],
            [-84.375031999944639, 39.043805000318457],
            [-84.376025000354645, 39.04399400001229],
            [-84.376913000284361, 39.04416300003016],
            [-84.378741000022316, 39.044375000017496],
            [-84.381181000403799, 39.044640999931012],
            [-84.383045000126756, 39.044972000150629],
            [-84.385057999812659, 39.045168999766432],
            [-84.385294999639115, 39.04520100007359],
            [-84.386406999874808, 39.045261999943079],
            [-84.38704299990944, 39.045267000181688],
            [-84.387473000079751, 39.045223999653139],
            [-84.387765000157785, 39.045158000202562],
            [-84.388934000294896, 39.044735999657433],
            [-84.389624999682823, 39.04453000012559],
            [-84.389638999926518, 39.044526000311649],
            [-84.390171000204077, 39.044455999693334],
            [-84.390583999757638, 39.044467999844109],
            [-84.390647000405139, 39.04447600017609],
            [-84.391167999913719, 39.044539000229491],
            [-84.391438000250474, 39.044593999909011],
            [-84.391815999643939, 39.044747999760652],
            [-84.39216499962339, 39.044935000175677],
            [-84.392799000008196, 39.045149000177567],
            [-84.392962000214808, 39.045204000079835],
            [-84.393327999912714, 39.04522599988919],
            [-84.393528999754167, 39.045204000079835],
            [-84.394285000337717, 39.045198999836778],
            [-84.394616999700432, 39.045237999909226],
            [-84.394897999907826, 39.045342000229653],
            [-84.395179000115206, 39.04545199969084],
            [-84.395786999662434, 39.045542000200818],
            [-84.396335999658433, 39.045622999933855],
            [-84.396681000338248, 39.045711000003649],
            [-84.397390999992709, 39.045892000008777],
            [-84.398274999724478, 39.046082000155003],
            [-84.399776000122614, 39.046364000156927],
            [-84.400680999770742, 39.046465000262359],
            [-84.400770000357525, 39.046435000031998],
            [-84.400966000176126, 39.046415000103885],
            [-84.401269999949733, 39.04632100029621],
            [-84.401486999684693, 39.046222999947851],
            [-84.401931999923619, 39.04592399998841],
            [-84.40218800001665, 39.04579099978173],
            [-84.40249000014046, 39.045679999690329],
            [-84.402737000012664, 39.045629999673842],
            [-84.403733999722306, 39.045640999861902],
            [-84.406593000403447, 39.04576900014829],
            [-84.407273999745613, 39.045813000105944],
            [-84.408053999720281, 39.045933999673821],
            [-84.409109000054571, 39.046162000210551],
            [-84.409567999638895, 39.046248000099489],
            [-84.411144000380077, 39.046603000041664],
            [-84.412486999696142, 39.046967000087236],
            [-84.414009999835571, 39.047626000296567],
            [-84.415621999663472, 39.048467999771411],
            [-84.416425000102677, 39.048985999654747],
            [-84.417087000076592, 39.049284000196202],
            [-84.41716499989441, 39.049299999768344],
            [-84.41731899988018, 39.04937800024662],
            [-84.417570999775251, 39.049448999882657],
            [-84.418293999848544, 39.04953299984129],
            [-84.419103000135522, 39.0497749999776],
            [-84.419375999947007, 39.049911000163036],
            [-84.42015500009677, 39.050306000294057],
            [-84.420974000429496, 39.05077299970079],
            [-84.421432000188915, 39.051011000327321],
            [-84.421673000213332, 39.051134999814224],
            [-84.422258000194333, 39.051482000073619],
            [-84.423368999706824, 39.051799999654619],
            [-84.423538999586128, 39.051856000331952],
            [-84.424172999970935, 39.052064999839345],
            [-84.424618000209861, 39.052211999663143],
            [-84.424685999981932, 39.052238999825278],
            [-84.424921999983468, 39.052333000128471],
            [-84.425850000096162, 39.052810999853065],
            [-84.42625599997703, 39.053042000187624],
            [-84.426389000046413, 39.053134000107491],
            [-84.426743999873651, 39.053415000204893],
            [-84.42735700034207, 39.053962999916621],
            [-84.427738000108576, 39.054378999816848],
            [-84.427918999858548, 39.05454299982167],
            [-84.428355999701552, 39.055094000132399],
            [-84.42863000023624, 39.055440000149282],
            [-84.428564000114008, 39.05557900015252],
            [-84.428278999708652, 39.0555319997354],
            [-84.427342000273455, 39.054899000256967],
            [-84.426800999775068, 39.054484999906045],
            [-84.426296999984899, 39.054057000017842],
            [-84.424607000339208, 39.05296400026787],
            [-84.424480999942517, 39.052892999979804],
            [-84.424120000267493, 39.052787999953509],
            [-84.423993999870802, 39.052777000180924],
            [-84.423901999809289, 39.052822000317967],
            [-84.423868000372408, 39.052860000008316],
            [-84.423890999938635, 39.053030000098289],
            [-84.424342999850239, 39.053485999968153],
            [-84.424515000277708, 39.053623000331399],
            [-84.424784999716138, 39.053798000312092],
            [-84.425484000398271, 39.054209999825943],
            [-84.426177000334306, 39.054705000175694],
            [-84.42642900022939, 39.054912999990549],
            [-84.42716800019619, 39.055577999832295],
            [-84.427625999955595, 39.056050000126461],
            [-84.427979999957913, 39.056359999684943],
            [-84.428251000119573, 39.056595999705479],
            [-84.428425000196839, 39.056749999896645],
            [-84.428719999749617, 39.056975999795469],
            [-84.429320999624167, 39.057437999665169],
            [-84.42940699983788, 39.057533999911037],
            [-84.429467999937245, 39.057583000276843],
            [-84.429558000348933, 39.057655000325632],
            [-84.429667000128887, 39.057760000090745],
            [-84.429688000045275, 39.057780999885559],
            [-84.429727000403318, 39.057816999818158],
            [-84.429765999863093, 39.057852999732397],
            [-84.430182999614601, 39.058244999935873],
            [-84.430560999906376, 39.058739999902286],
            [-84.430890999619251, 39.059894000019867],
            [-84.431113000275417, 39.060671999907832],
            [-84.43143999961525, 39.061845000050539],
            [-84.432300999780779, 39.065720000301326],
            [-84.432731999775996, 39.066833999870795],
            [-84.43329900021368, 39.070111000068906],
            [-84.433439999780674, 39.071630999865533],
            [-84.433481999613463, 39.072722999989942],
            [-84.433501999704944, 39.07284400017533],
            [-84.433665999736476, 39.073881999881912],
            [-84.43365999988869, 39.074106999973615],
            [-84.433424999712059, 39.075434999948818],
            [-84.433424999712059, 39.075743000094867],
            [-84.433378999681295, 39.075979000175586],
            [-84.433310999909224, 39.076841000164109],
            [-84.433332999650546, 39.077994000049358],
            [-84.433332999650546, 39.078037000148811],
            [-84.433402000145847, 39.078596999747923],
            [-84.43358000042106, 39.079162999700287],
            [-84.434044000028251, 39.080227999816138],
            [-84.434136000089765, 39.080607000341622],
            [-84.434158999655978, 39.081051999660701],
            [-84.434095999906788, 39.08160600002735],
            [-84.433951999966752, 39.08209499968163],
            [-84.433849000034584, 39.082797999692374],
            [-84.433705999919439, 39.084099000137854],
            [-84.433717999615013, 39.08422499991152],
            [-84.433792000133167, 39.084361999891527],
            [-84.433860999730143, 39.084499000302756],
            [-84.434198999838955, 39.084872999974024],
            [-84.434480000046335, 39.085146999940044],
            [-84.434526000077099, 39.085211999765654],
            [-84.434972000140931, 39.086025999686321],
            [-84.435137999822288, 39.086266999662001],
            [-84.435430999725256, 39.086855000223963],
            [-84.435465000060418, 39.08703299972403],
            [-84.435384999694492, 39.088566999698749],
            [-84.435034999890121, 39.090401000036373],
            [-84.434994999707143, 39.090994000088394],
            [-84.435005999577797, 39.09121899999311],
            [-84.434955000422505, 39.092454000042203],
            [-84.434936999980835, 39.092509999843529],
            [-84.434813000132266, 39.092754999845667],
            [-84.434604999719809, 39.093143999970131],
            [-84.434330000258498, 39.09351399999008],
            [-84.434033000157598, 39.09389300024759],
            [-84.433895000065334, 39.094139999872851],
            [-84.433746000102417, 39.094574000040133],
            [-84.433735000231763, 39.094918999888378],
            [-84.433806000376876, 39.095319000044618],
            [-84.433900999913106, 39.095852000292695],
            [-84.433987000126848, 39.096203999768804],
            [-84.434176000272728, 39.096972000131842],
            [-84.43422999980109, 39.097291999905778],
            [-84.434589999651195, 39.098370999774275],
            [-84.434969999592781, 39.099663999840416],
            [-84.435159999563595, 39.100361999901232],
            [-84.435388000067533, 39.100885000104107],
            [-84.436219000095832, 39.102398000169025],
            [-84.436306999959385, 39.102556999772091],
            [-84.436932000123363, 39.103680000068323],
            [-84.437339999654057, 39.104481999737018],
            [-84.437826999725786, 39.105136999911522],
            [-84.438687000066395, 39.106171999662415],
            [-84.439211999772965, 39.106904000217682],
            [-84.439544000033962, 39.107497000199047],
            [-84.4396169998289, 39.107703000011178],
            [-84.439763000317086, 39.107882000140698],
            [-84.44015199958119, 39.108517999899021],
            [-84.440448999682118, 39.108934000270679],
            [-84.440684999683654, 39.109265000151062],
            [-84.440954000195489, 39.109578000218953],
            [-84.441143000341384, 39.109796999972147],
            [-84.44190499987441, 39.110642999721144],
            [-84.442586000114872, 39.11141199984791],
            [-84.443048999897158, 39.111974999980681],
            [-84.443219999601368, 39.112173999836955],
            [-84.443649999771679, 39.112620000230287],
            [-84.443836000442857, 39.112818000150313],
            [-84.444911999795224, 39.11382599973539],
            [-84.445177000109069, 39.114063000133086],
            [-84.445537999784094, 39.114364999870141],
            [-84.445859999999385, 39.114662999685173],
            [-84.446186000412624, 39.114962999984876],
            [-84.446408999995384, 39.115216000006882],
            [-84.447566000436922, 39.116159999784578],
            [-84.448639000314557, 39.116939999875441],
            [-84.449462999771868, 39.117482999749107],
            [-84.449714999666938, 39.117631000052945],
            [-84.450333999983144, 39.117932999831098],
            [-84.450826000077711, 39.11822999976048],
            [-84.451335999715667, 39.118586000203848],
            [-84.452534000165073, 39.119239000099988],
            [-84.453243999819563, 39.119519000309403],
            [-84.45537600022945, 39.120293999653875],
            [-84.456635999704844, 39.12072199993532],
            [-84.457065999875155, 39.120819999988903],
            [-84.457810999689741, 39.121039000348382],
            [-84.458762000266958, 39.121384999694385],
            [-84.458979999826838, 39.12144000012681],
            [-84.459231999721908, 39.121461999869595],
            [-84.46021400026126, 39.121620000291387],
            [-84.460237999652406, 39.121623999918114],
            [-84.460283999683156, 39.121629999706265],
            [-84.460318000018347, 39.121634000029367],
            [-84.461391999720888, 39.121758000175774],
            [-84.461827999738986, 39.121790999986878],
            [-84.462072999961364, 39.121828000094609],
            [-84.462457999925846, 39.121885000335524],
            [-84.463174000326418, 39.121948999670771],
            [-84.463564000313767, 39.121983000165145],
            [-84.464555000175622, 39.122015999870811],
            [-84.465648999969659, 39.121983000165145],
            [-84.468044000145284, 39.121681000324088],
            [-84.469465000177465, 39.121476999721963],
            [-84.46990600021843, 39.121520999874491],
            [-84.470077999747573, 39.121569999711014],
            [-84.470605999827157, 39.121613999805447],
            [-84.471006999685159, 39.121596999819729],
            [-84.471379000129161, 39.121524000121426],
            [-84.471677000054981, 39.121466000202233],
            [-84.472535999672374, 39.121190999803076],
            [-84.474048999766069, 39.120652000311402],
            [-84.475797000036408, 39.119938000174621],
            [-84.476063000175174, 39.119793000158893],
            [-84.47643300007104, 39.119511000119729],
            [-84.476606000323414, 39.119380000108094],
            [-84.476673000270566, 39.119327999801847],
            [-84.476888000355714, 39.119228000230841],
            [-84.478543999666229, 39.118497999689957],
            [-84.479578000084118, 39.118006999897766],
            [-84.479995999660545, 39.117812000326985],
            [-84.480097999767779, 39.117765000238897],
            [-84.480511000219664, 39.117536000162055],
            [-84.481187000437274, 39.116952000249015],
            [-84.481311000285828, 39.116885000111786],
            [-84.481692000052348, 39.116620000078498],
            [-84.482145999613778, 39.116431999842455],
            [-84.482675000416606, 39.116005000145435],
            [-84.4852439997712, 39.113699999878769],
            [-84.487753999574537, 39.111380000281002],
            [-84.488491999716416, 39.110698000174686],
            [-84.489141999994757, 39.109919999792893],
            [-84.490142000077469, 39.108418999892947],
            [-84.490393000147634, 39.108091000343656],
            [-84.49116999974926, 39.107238000030911],
            [-84.492527000207332, 39.105187000302699],
            [-84.492599000177364, 39.10509899978566],
            [-84.492904999600796, 39.104654000217785],
            [-84.493244000432838, 39.104159000241225],
            [-84.493461000167812, 39.103610000244934],
            [-84.493788000405956, 39.103065999785919],
            [-84.493948000239527, 39.10289600030648],
            [-84.494029000430373, 39.10283900004066],
            [-84.495334999936532, 39.101939999781621],
            [-84.495998999560243, 39.101329999762278],
            [-84.496063999857569, 39.101271000279269],
            [-84.496135999827601, 39.10120500024378],
            [-84.496285999615438, 39.101066999843177],
            [-84.496509000096495, 39.100813999917584],
            [-84.497024999582223, 39.100357999764782],
            [-84.497403999698918, 39.100076000028807],
            [-84.497735999959943, 39.099830999668868],
            [-84.498829999753966, 39.099160000268299],
            [-84.498847000370716, 39.099149000053501],
            [-84.499016000425129, 39.099055000049212],
            [-84.49909199969477, 39.09901099981132],
            [-84.502249000301745, 39.096932000319441],
            [-84.502264000370346, 39.096922000188506],
            [-84.503117000139966, 39.096476000156891],
            [-84.504085000435623, 39.096005999887517],
            [-84.506160999870701, 39.095177000241939],
            [-84.509474999938163, 39.094142999891183],
            [-84.509603999809599, 39.094099999848282],
            [-84.510130000239371, 39.093937999969988],
            [-84.510337999753517, 39.09387299981951],
            [-84.510856999612301, 39.093743000036028],
            [-84.513440999933792, 39.093278000001838],
            [-84.515773000360241, 39.092922000002446],
            [-84.515934000018717, 39.092897000342326],
            [-84.518420000430936, 39.092516999815565],
            [-84.51966200036297, 39.092367999962001],
            [-84.519749000401617, 39.092357999881024],
            [-84.519817999998594, 39.092353999987651],
            [-84.519869000052196, 39.0923500000941],
            [-84.521398999864331, 39.09223800019295],
            [-84.522463000419449, 39.092207999890405],
            [-84.522572000199389, 39.09220499978975],
            [-84.522916999980907, 39.092193999884344],
            [-84.523772000298635, 39.092271999683753],
            [-84.525625999975887, 39.092478000062087],
            [-84.526688999807774, 39.092740000154571],
            [-84.528158000418856, 39.093418999661424],
            [-84.528534000162495, 39.09359199972392],
            [-84.530246000447818, 39.094465000189864],
            [-84.530835999553361, 39.094800000139507],
            [-84.532377000134474, 39.095634999944103],
            [-84.533942000106691, 39.096398000127252],
            [-84.534204999872443, 39.096497000284174],
            [-84.534800999724084, 39.096788000109669],
            [-84.536543000146636, 39.09751400005905],
            [-84.536732000292531, 39.097607000301807],
            [-84.537087999944674, 39.09774699994864],
            [-84.539350000050902, 39.098633999990483],
            [-84.539796999939668, 39.098787999783568],
            [-84.540341999737691, 39.09899800016354],
            [-84.540457000263757, 39.099024999858287],
            [-84.540663000128063, 39.099100999666504],
            [-84.54150500002703, 39.099331000091254],
            [-84.541541999836952, 39.099342000277666],
            [-84.542273000306139, 39.099541000248138],
            [-84.54355600024607, 39.099766999764668],
            [-84.543797000270487, 39.099809999837419],
            [-84.543817000361969, 39.099811999921215],
            [-84.544024000051209, 39.099859000131566],
            [-84.546146000415348, 39.099977000017191],
            [-84.54638999991451, 39.099963999850424],
            [-84.546712999954693, 39.099963999850424],
            [-84.548214000352829, 39.099870999928079],
            [-84.549059999551417, 39.09979899972403],
            [-84.549297000276198, 39.099777999883052],
            [-84.550076000425975, 39.09968499971535],
            [-84.550816000217679, 39.099548000219372],
            [-84.551079999808323, 39.099472000195902],
            [-84.551658000116632, 39.099305999914741],
            [-84.552551999894135, 39.098982999709001],
            [-84.553315999975297, 39.098604000317593],
            [-84.553509000319139, 39.098508999874859],
            [-84.553567999870367, 39.098462999871373],
            [-84.553886999712603, 39.098284999938706],
            [-84.554700000197556, 39.097653999890554],
            [-84.555564999662735, 39.096896999854934],
            [-84.555862999588555, 39.096666000118226],
            [-84.556173000108274, 39.096379999893642],
            [-84.556693999616868, 39.095941000248963],
            [-84.557026999702785, 39.095606000142539],
            [-84.557729999684582, 39.09497000031687],
            [-84.557765999669599, 39.094938000257365],
            [-84.558362000419564, 39.094398000287846],
            [-84.558615000139554, 39.094117999966713],
            [-84.558850000316198, 39.09390000008235],
            [-84.559551999574765, 39.092935000073226],
            [-84.559836000155187, 39.092542000307617],
            [-84.560789000382243, 39.091380999842613],
            [-84.561134000163747, 39.091014999756617],
            [-84.561541999694427, 39.09044599989533],
            [-84.562274999813454, 39.089622000313241],
            [-84.563116999712392, 39.088761000149916],
            [-84.563495000004167, 39.088359999893981],
            [-84.564142999734358, 39.087816000303334],
            [-84.564283000374772, 39.0877100000613],
            [-84.564350000321923, 39.087658999960418],
            [-84.565632000436949, 39.086684000128457],
            [-84.56572699997318, 39.08661199970728],
            [-84.566035999769653, 39.086401000209449],
            [-84.566538999734902, 39.086006999705297],
            [-84.567441999733234, 39.085321999870409],
            [-84.569364000080839, 39.083918999672314],
            [-84.569453999594202, 39.083857999728025],
            [-84.56975900009104, 39.083682999652197],
            [-84.569780999832346, 39.083670999890089],
            [-84.57035900014067, 39.083269999983386],
            [-84.57086399975573, 39.082990000109056],
            [-84.57127600038271, 39.082726000185851],
            [-84.57190599967123, 39.082429999815595],
            [-84.57199799973273, 39.082396999704414],
            [-84.572508000268982, 39.082215999834425],
            [-84.573263999954222, 39.081940999694098],
            [-84.574525000152846, 39.081601000270055],
            [-84.57652500031827, 39.081090000194884],
            [-84.579514999622319, 39.080513000027608],
            [-84.579922000226404, 39.080448000056251],
            [-84.580231999847797, 39.080376000243376],
            [-84.580970999814596, 39.080254999724055],
            [-84.582529000114135, 39.07996599996644],
            [-84.582597999711098, 39.079953000294552],
            [-84.583600000341946, 39.079812000212947],
            [-84.584003999674678, 39.079724000103234],
            [-84.584787000022402, 39.079596000001331],
            [-84.585823999915036, 39.079365000079655],
            [-84.586099000274643, 39.079287999937641],
            [-84.586470999820321, 39.079216000335634],
            [-84.588544999605574, 39.078699999759344],
            [-84.589707999894898, 39.078474999668479],
            [-84.589892999842817, 39.07842399986427],
            [-84.590246000020244, 39.078356000067991],
            [-84.590456999907431, 39.078306000175957],
            [-84.592442000004226, 39.077913999794703],
            [-84.59439500031398, 39.077435999869572],
            [-84.594890999708213, 39.077314999887008],
            [-84.595139000303647, 39.077242999666367],
            [-84.59532300042666, 39.077180000197536],
            [-84.596235999572414, 39.076874000084658],
            [-84.596765000375257, 39.076696000055712],
            [-84.596962000018735, 39.076580000312326],
            [-84.597346000158296, 39.076397000113026],
            [-84.598153999722058, 39.075865000016456],
            [-84.598583999892369, 39.075573000298249],
            [-84.599346000323706, 39.075167000177075],
            [-84.599988000206139, 39.074859999656056],
            [-84.60080699964054, 39.074507999657165],
            [-84.601470000337656, 39.074299000330768],
            [-84.601747000347103, 39.074211000319082],
            [-84.602344000023692, 39.074056999860296],
            [-84.602640000299701, 39.073980000202219],
            [-84.603436000167903, 39.073813999892785],
            [-84.60385000044468, 39.073727000036833],
            [-84.604053999760879, 39.073700999786482],
            [-84.604376999801062, 39.073658999898335],
            [-84.605854999734646, 39.073467999958865],
            [-84.607481999631148, 39.073369000254146],
            [-84.60900599959551, 39.073329999677235],
            [-84.611652999666205, 39.073383999880186],
            [-84.613790000098959, 39.07346000012172],
            [-84.615509000056974, 39.073366000049575],
            [-84.616792999821811, 39.073321999824444],
            [-84.618342999725414, 39.073303999978023],
            [-84.618358999618962, 39.073306000116148],
            [-84.618952999820806, 39.073376000033562],
            [-84.619577000159865, 39.073495999730383],
            [-84.620397000317496, 39.073615999920555],
            [-84.621651999770023, 39.073856999749971],
            [-84.623101000289637, 39.074213999790331],
            [-84.623492999926796, 39.074329999936282],
            [-84.624142000380203, 39.074522999738498],
            [-84.624940999723151, 39.074760999812035],
            [-84.627701999596667, 39.075610000260149],
            [-84.628664999869443, 39.076039999958709],
            [-84.628934000381264, 39.076160000007015],
            [-84.629375000422229, 39.076292000173119],
            [-84.630080000053837, 39.076413999842885],
            [-84.631484000367607, 39.076519000298639],
            [-84.632326000266559, 39.076589999840856],
            [-84.63253200013088, 39.076634000120386],
            [-84.63288199993525, 39.076833000012023],
            [-84.633139999678122, 39.077024999925619],
            [-84.633300000409989, 39.077199999780404],
            [-84.633523999817669, 39.077415000342796],
            [-84.633856000078666, 39.077776999845227],
            [-84.634276000203258, 39.078198000288268],
            [-84.634359999868835, 39.078283000213752],
            [-84.634549000014715, 39.078508000219479],
            [-84.635311000446052, 39.079217000320916],
            [-84.635575000036695, 39.079436000244748],
            [-84.635746999565825, 39.079558000057141],
            [-84.636376999752699, 39.08000700031053],
            [-84.637242000116174, 39.080517999862003],
            [-84.637453999828281, 39.080605999678703],
            [-84.638074999794313, 39.080969000202792],
            [-84.638764000430697, 39.081424000265883],
            [-84.639797999950275, 39.082345999945993],
            [-84.640587000145786, 39.083021000080109],
            [-84.641310000219065, 39.083502000292519],
            [-84.641441999565231, 39.083612000274648],
            [-84.641986000436674, 39.083984999849861],
            [-84.642542000105365, 39.084397000301841],
            [-84.643062999613946, 39.084874999784205],
            [-84.64343900025591, 39.08527900002737],
            [-84.644071999917472, 39.085929999839927],
            [-84.644188000268443, 39.086083000295964],
            [-84.645682000095562, 39.08760399965994],
            [-84.647132000440067, 39.088914000043154],
            [-84.647986999859484, 39.089618000264686],
            [-84.649337999571486, 39.090790999719466],
            [-84.649629999649534, 39.091037999751265],
            [-84.649796000229202, 39.091131000168517],
            [-84.65037500036243, 39.091598000034878],
            [-84.651028000115502, 39.092070999810844],
            [-84.651691999739214, 39.092527999670587],
            [-84.651910000197432, 39.092639000013342],
            [-84.652535000361411, 39.093042999710356],
            [-84.653147999931491, 39.09338299976028],
            [-84.654098999610412, 39.093806999830683],
            [-84.654539999651377, 39.094025999777912],
            [-84.655462999741175, 39.094416000330199],
            [-84.657216000034396, 39.095229000242128],
            [-84.658517000415969, 39.095811999844884],
            [-84.659571000027043, 39.096180000319841],
            [-84.660637000231986, 39.096521000322433],
            [-84.660992000059224, 39.096597000041008],
            [-84.663254999990357, 39.097201999832912],
            [-84.664698999588765, 39.097565000004984],
            [-84.665437999555579, 39.097774000122456],
            [-84.66595999978739, 39.097867000022219],
            [-84.666596999646927, 39.097951999950794],
            [-84.667231999856654, 39.097966000208089],
            [-84.667718999928368, 39.097927999702499],
            [-84.668016000029297, 39.09791199999718],
            [-84.66996400031617, 39.097698000278179],
            [-84.671299000134624, 39.097610000172644],
            [-84.67208999997996, 39.097593999698042],
            [-84.673167999880462, 39.097633000107848],
            [-84.673917999717915, 39.097731000202259],
            [-84.67409000014537, 39.097786000273828],
            [-84.675024000105836, 39.097939999827666],
            [-84.675448000428375, 39.098033999924226],
            [-84.676777000399028, 39.098203999973357],
            [-84.677425000129233, 39.098258999675977],
            [-84.678581999672474, 39.098418000248081],
            [-84.679539000097478, 39.098593999726624],
            [-84.680334999965666, 39.098780999736938],
            [-84.681344000269206, 39.099132999928145],
            [-84.682226000351136, 39.099484000058283],
            [-84.683361000153056, 39.099857000049099],
            [-84.683853000247638, 39.099999999877362],
            [-84.685274000279819, 39.100500000287589],
            [-84.685561000335014, 39.100621000237375],
            [-84.686477999678715, 39.101109000145271],
            [-84.687234000262251, 39.101559999886597],
            [-84.68857300027868, 39.10255099975415],
            [-84.689354000078282, 39.103191999832667],
            [-84.690045000364492, 39.104070999834988],
            [-84.690339000092365, 39.10447000002825],
            [-84.690570999895968, 39.104808000105699],
            [-84.690924000073366, 39.105320999754191],
            [-84.692488000220692, 39.107472999714773],
            [-84.692567999688336, 39.107582999950196],
            [-84.692848999895716, 39.107852000220831],
            [-84.69302200014809, 39.108047000169023],
            [-84.693048000087344, 39.108080000128332],
            [-84.693992000093559, 39.109036999894627],
            [-84.694951999993293, 39.109877999861233],
            [-84.695169999553173, 39.110129999772788],
            [-84.695978000015273, 39.111142999921221],
            [-84.696434999949759, 39.111678000172788],
            [-84.696549999577471, 39.11180499968291],
            [-84.696648000385082, 39.111893000191678],
            [-84.696985999595569, 39.112332000177211],
            [-84.697378999955973, 39.112777000061193],
            [-84.697907999860476, 39.113375999909969],
            [-84.698863999562249, 39.114759000143053],
            [-84.699665000351644, 39.115774999760362],
            [-84.700625000251378, 39.116892999902653],
            [-84.702705999709323, 39.119392000066085],
            [-84.702981999893836, 39.119723000308873],
            [-84.703056000412005, 39.119812000096225],
            [-84.703616000278643, 39.120443999823749],
            [-84.704542999668107, 39.121490000102511],
            [-84.704796000286422, 39.121824999860578],
            [-84.704967999815565, 39.122005999813787],
            [-84.705192999946448, 39.122308999726584],
            [-84.705269999939347, 39.122395000218795],
            [-84.70781699955262, 39.12503900032501],
            [-84.709891000236183, 39.127737999840846],
            [-84.710217999576017, 39.128181999997295],
            [-84.710655000317331, 39.12878699976384],
            [-84.71117599982594, 39.129502000072861],
            [-84.711867000112164, 39.130154999825734],
            [-84.711934999884221, 39.130219000009298],
            [-84.712089999694911, 39.130335999976715],
            [-84.712160000015118, 39.13038799982246],
            [-84.712283999863672, 39.13047999993789],
            [-84.712395000191748, 39.130565000255778],
            [-84.712740999798157, 39.13083000009663],
            [-84.713233999717673, 39.131241000025533],
            [-84.713632000100915, 39.131758000017243],
            [-84.71413800043922, 39.132627999768012],
            [-84.714868000185177, 39.133460999670497],
            [-84.715094999965913, 39.133720000307967],
            [-84.715522999588075, 39.134101000200339],
            [-84.716650999717302, 39.135106999999586],
            [-84.716680000029626, 39.13513299990781],
            [-84.716936999947563, 39.135350999778595],
            [-84.717315000239338, 39.135701999996606],
            [-84.717607000317386, 39.136035999873727],
            [-84.71791699993878, 39.136349000164707],
            [-84.718146000267637, 39.136475999796936],
            [-84.718523999661102, 39.136859999699972],
            [-84.719841999761115, 39.137847999702522],
            [-84.719896000187802, 39.137889999683182],
            [-84.720492000039471, 39.138311999889694],
            [-84.721748000215214, 39.139200999770011],
            [-84.722686000373628, 39.1398260002616],
            [-84.723252000088067, 39.140164000051804],
            [-84.723343000324661, 39.140218999754914],
            [-84.724231000254377, 39.14085500024386],
            [-84.724678999968035, 39.141071000207091],
            [-84.724706999557128, 39.141086000063829],
            [-84.724906999573662, 39.141168999817062],
            [-84.725446000422224, 39.141475000294726],
            [-84.725961000083046, 39.14182200006951],
            [-84.726149000404021, 39.141943999925282],
            [-84.726232000244693, 39.141993999976407],
            [-84.726409999621609, 39.142100000106673],
            [-84.727461999582857, 39.142727000202676],
            [-84.728429000053609, 39.143179000199162],
            [-84.732081000229869, 39.144547000044788],
            [-84.734564000269046, 39.145348000204422],
            [-84.737062000376824, 39.146092999928932],
            [-84.738120000185859, 39.146367999934064],
            [-84.73837799992873, 39.146434000165563],
            [-84.73859499966369, 39.146544000181656],
            [-84.739041999552427, 39.146588000000634],
            [-84.739300000193609, 39.146648000279399],
            [-84.739511999905716, 39.146762999974186],
            [-84.739936000228241, 39.146811999665871],
            [-84.74203299957972, 39.147300000150665],
            [-84.74258300029895, 39.147437000162462],
            [-84.742921000407733, 39.147481000119875],
            [-84.743350999679734, 39.147585000226471],
            [-84.743913000094537, 39.147655999963114],
            [-84.744318999975391, 39.14769400012635],
            [-84.744460000440711, 39.14769400012635],
            [-84.744530999687498, 39.147663000031386],
            [-84.744764000214317, 39.14736499979287],
            [-84.745013999561266, 39.147324000304216],
            [-84.74505899976711, 39.147317000202229],
            [-84.745379000332562, 39.147456000305795],
            [-84.745396999875908, 39.147462999697282],
            [-84.745575000151135, 39.147638000281951],
            [-84.745869999703928, 39.147679999995269],
            [-84.748899000264359, 39.147691000297513],
            [-84.749942999829685, 39.147732000269059],
            [-84.749968999768953, 39.147732000269059],
            [-84.750552999925048, 39.147667000269116],
            [-84.751102999745967, 39.147590000180813],
            [-84.751367000234922, 39.147530000008381],
            [-84.751648000442316, 39.147496999717553],
            [-84.753400999837183, 39.147113999728198],
            [-84.754488999783447, 39.146697000051191],
            [-84.754810000173819, 39.146552000087446],
            [-84.754903000060239, 39.146526000216113],
            [-84.755637999829077, 39.146173000155279],
            [-84.756305999650763, 39.145932999900204],
            [-84.756729999973288, 39.145701999961688],
            [-84.757078999952739, 39.145500999886998],
            [-84.757376999878574, 39.145343000090818],
            [-84.757489000031569, 39.145283999837886],
            [-84.757641000367542, 39.145203000248451],
            [-84.758036000377743, 39.144960000224245],
            [-84.758316999686826, 39.144798999958319],
            [-84.758535000145017, 39.144677999927197],
            [-84.758867000406042, 39.144484000099595],
            [-84.759004999599995, 39.144412999950042],
            [-84.759084999965935, 39.144367999710227],
            [-84.759239999776625, 39.144266999701991],
            [-84.759284000157564, 39.144233000211543],
            [-84.759353999579446, 39.144179999682173],
            [-84.75957200003765, 39.14402799967786],
            [-84.759674999969818, 39.143950999788743],
            [-84.759977999918519, 39.143741000296487],
            [-84.76040800008883, 39.1434130000683],
            [-84.760717999710238, 39.143195000078016],
            [-84.761106999872652, 39.142911999898537],
            [-84.76126199968337, 39.142804999817372],
            [-84.761347999897083, 39.142750999825381],
            [-84.76154299989075, 39.142657000153299],
            [-84.76160599963994, 39.142616000012481],
            [-84.761669000287455, 39.142568999753664],
            [-84.761737999884431, 39.142500000028377],
            [-84.761915000334724, 39.142370999845575],
            [-84.762086999863868, 39.142288999903535],
            [-84.762248000420669, 39.142206000077387],
            [-84.762276000009763, 39.142186000121427],
            [-84.762356000375689, 39.142119000297193],
            [-84.762465000155643, 39.142001999702593],
            [-84.762654000301538, 39.141866999846769],
            [-84.762912000044395, 39.141666999765064],
            [-84.762947000204505, 39.141558000286061],
            [-84.762974999793585, 39.141466000012784],
            [-84.763004000105894, 39.141445999846582],
            [-84.763038000441085, 39.141434999961774],
            [-84.763570999645239, 39.141000999904527],
            [-84.763851999852648, 39.140798999835518],
            [-84.764589000169622, 39.140212000339787],
            [-84.76463100000241, 39.140179000101803],
            [-84.764657999766584, 39.140159000266671],
            [-84.765708000078021, 39.139409999739193],
            [-84.765783000421095, 39.139343999889256],
            [-84.765873999759364, 39.139339000045936],
            [-84.765960999797997, 39.139335999861039],
            [-84.76617800043131, 39.139149999993379],
            [-84.766219000439179, 39.138970999870288],
            [-84.767203999554951, 39.13799999981233],
            [-84.767787999711047, 39.137524000005193],
            [-84.767919999955524, 39.137417999952589],
            [-84.768017000039904, 39.137340999801147],
            [-84.768280999630548, 39.137305999894451],
            [-84.768350000125835, 39.137222999767602],
            [-84.768526999677846, 39.137041999898713],
            [-84.768629999610013, 39.13696000002053],
            [-84.768802000037454, 39.136785000063142],
            [-84.768940000129717, 39.136664000192596],
            [-84.769111999658847, 39.136501000026733],
            [-84.769284000086301, 39.136362999762319],
            [-84.769443999919872, 39.136197999848527],
            [-84.76950099982129, 39.136117000256114],
            [-84.769684999944289, 39.135917999743498],
            [-84.769874000090198, 39.135752000300158],
            [-84.769965000326792, 39.135680999705244],
            [-84.770039999771541, 39.135608999853154],
            [-84.7701150001146, 39.135536000044084],
            [-84.770194999582245, 39.135436999676223],
            [-84.770258000229745, 39.135374999825395],
            [-84.770407000192662, 39.13525400031893],
            [-84.770464000094066, 39.135213999935381],
            [-84.77052699984327, 39.135165999723803],
            [-84.770602000186329, 39.135099000186734],
            [-84.7706699999584, 39.135023000177043],
            [-84.77071599998915, 39.134961999853218],
            [-84.770767999867672, 39.134903999850415],
            [-84.771008000067184, 39.134665000091715],
            [-84.771151000182329, 39.134497999886733],
            [-84.771214999756438, 39.134427000117682],
            [-84.771271999657841, 39.134350000179296],
            [-84.771387000183879, 39.134209000173414],
            [-84.771392000206731, 39.134145000131987],
            [-84.771398000054532, 39.134037000060708],
            [-84.771403999902319, 39.133948000129145],
            [-84.771403999902319, 39.13392700001144],
            [-84.772177000204294, 39.132989000212845],
            [-84.772239999953484, 39.132933999739535],
            [-84.772302999702674, 39.132925999679806],
            [-84.772348999733424, 39.132915999778014],
            [-84.772378000045748, 39.132906999795551],
            [-84.772412000380925, 39.132858000180441],
            [-84.772480999977901, 39.132750000225755],
            [-84.772629999940833, 39.132559000055259],
            [-84.772749999591426, 39.13243300025384],
            [-84.772819000086713, 39.132356000225499],
            [-84.77285900026969, 39.132278000183334],
            [-84.772881999835903, 39.132208000197032],
            [-84.772973000072511, 39.13210700016387],
            [-84.77301400008038, 39.132044000235368],
            [-84.773087999700223, 39.131971000214577],
            [-84.773144999601641, 39.13191099996898],
            [-84.773179999761737, 39.131848999800859],
            [-84.773236999663141, 39.131771999830839],
            [-84.773293999564558, 39.13170900029948],
            [-84.773363000059845, 39.131619000273894],
            [-84.773471999839785, 39.131512999693705],
            [-84.77355200020574, 39.131407000347586],
            [-84.773650000115026, 39.131301000145129],
            [-84.773712999864202, 39.131223000328113],
            [-84.773826999667037, 39.131092999744233],
            [-84.774045000125227, 39.130822999748126],
            [-84.774102000026645, 39.130762999918126],
            [-84.774097000003763, 39.130468999733452],
            [-84.774962000367253, 39.129370999825476],
            [-84.775611999747284, 39.128480999891075],
            [-84.776176999636803, 39.12770800001185],
            [-84.777401000025492, 39.126165999955482],
            [-84.777453999728948, 39.126099000218133],
            [-84.778330999788011, 39.125093999995229],
            [-84.778330999788011, 39.125058000241253],
            [-84.778405000306165, 39.124868000151039],
            [-84.778459999659432, 39.124793000286147],
            [-84.780186000188451, 39.12284100003393],
            [-84.780362999740476, 39.12265100023604],
            [-84.780393999702596, 39.122618000130863],
            [-84.780937999675729, 39.121954000051986],
            [-84.781430999595244, 39.1214160002095],
            [-84.781941000131496, 39.120893999811017],
            [-84.782536999983137, 39.120174000124365],
            [-84.783346000270143, 39.118842000123415],
            [-84.783870000151779, 39.118266000216011],
            [-84.784484000445119, 39.117719000255839],
            [-84.78589100023359, 39.116812999862027],
            [-84.786251000083695, 39.116524000065105],
            [-84.78636300023669, 39.116434000151607],
            [-84.786374999932264, 39.116421000232052],
            [-84.786656000139658, 39.116167999657762],
            [-84.786781999638038, 39.116019999765712],
            [-84.787344000052826, 39.115580999754904],
            [-84.787694999682103, 39.115370999987633],
            [-84.787768000375351, 39.115312999881851],
            [-84.788866000367349, 39.114748000271483],
            [-84.7908980003198, 39.113913000318085],
            [-84.790941999802428, 39.113895999868156],
            [-84.792924000424492, 39.11323700013574],
            [-84.794116000127829, 39.112875000013595],
            [-84.79651100030344, 39.112381000131386],
            [-84.797451000111693, 39.112123000004409],
            [-84.797672999869533, 39.112053999721176],
            [-84.801082000371579, 39.111263000194164],
            [-84.803875999857055, 39.110607999790354],
            [-84.805487999684928, 39.110330999745031],
            [-84.806560999562578, 39.110103999696371],
            [-84.807542000277024, 39.10989100029083],
            [-84.808522000268241, 39.109678000241594],
            [-84.80866100018541, 39.109644000082511],
            [-84.810678999894165, 39.109203999824544],
            [-84.810940000010092, 39.109020999922301],
            [-84.81124799998166, 39.108706000337591],
            [-84.811361999784481, 39.108460999996993],
            [-84.811505999724517, 39.108100000011653],
            [-84.811575000219804, 39.107991000160489],
            [-84.811648999839662, 39.107759999829156],
            [-84.811913000328616, 39.107403000172688],
            [-84.812244999691316, 39.107100999877424],
            [-84.812547999640017, 39.106935999725764],
            [-84.8133279996147, 39.106655999704017],
            [-84.813917999618567, 39.106502999966558],
            [-84.814371000253431, 39.106337999809199],
            [-84.814560000399311, 39.106260999835868],
            [-84.815326999955204, 39.106079999866225],
            [-84.816209999862039, 39.105915000112745],
            [-84.816937000133279, 39.105810000195291],
            [-84.817406999588243, 39.10571700031705],
            [-84.818296000241176, 39.105667999912107],
            [-84.819143999987915, 39.105635000217696],
            [-84.819607999595092, 39.10557999999557],
            [-84.819856000190526, 39.105506999735859],
            [-84.82015499994128, 39.105419000315408],
            [-84.821086000427002, 39.105145999956697],
            [-84.821765999944262, 39.104931999888642],
            [-84.822334000206823, 39.104732999799467],
            [-84.823904000201935, 39.10405500012957],
            [-84.825356000196251, 39.103513999935871],
            [-84.825444000059804, 39.103480999930184],
            [-84.82804799957448, 39.102497999921759],
            [-84.829374999895336, 39.101779000153222],
            [-84.831308999938514, 39.100971999930763],
            [-84.832435000417917, 39.100489000281861],
            [-84.833408999663035, 39.099861000213977],
            [-84.834074999834883, 39.099368999840678],
            [-84.835909000318949, 39.09802899993705],
            [-84.83715799992369, 39.097265000244569],
            [-84.837297999665765, 39.097165000040768],
            [-84.838120000371546, 39.096583999948194],
            [-84.838407000426741, 39.096374999789241],
            [-84.838698999606464, 39.096101000216841],
            [-84.838997000430609, 39.095842999758176],
            [-84.839288999610346, 39.09558999991031],
            [-84.840062999737242, 39.095035000153302],
            [-84.840297999913886, 39.094815000089625],
            [-84.841047999751339, 39.094216999838793],
            [-84.841575000006031, 39.093799000208129],
            [-84.842170999857686, 39.093349000107949],
            [-84.842772999557127, 39.092969999715493],
            [-84.84303600022119, 39.092794000143137],
            [-84.843386000025532, 39.092591000075011],
            [-84.844102000426133, 39.092161999959515],
            [-84.844617999911833, 39.091881999823975],
            [-84.844887000423668, 39.091685000165405],
            [-84.845093000288003, 39.09147099967565],
            [-84.845178999603419, 39.091339000020632],
            [-84.845516999712217, 39.090948000062831],
            [-84.845643000108907, 39.090784000273345],
            [-84.845705999858097, 39.090700999715871],
            [-84.846147999723982, 39.09026799994453],
            [-84.846457000418795, 39.089999000208273],
            [-84.846812000246018, 39.089756999900636],
            [-84.847059000118222, 39.089553000315867],
            [-84.847299000317733, 39.089279000033919],
            [-84.847659999992757, 39.088729000061953],
            [-84.847838000267984, 39.088432999779954],
            [-84.848141000216685, 39.088049000163629],
            [-84.848456999685865, 39.087620000309578],
            [-84.84885199969608, 39.087207999856176],
            [-84.849207000421629, 39.086890000094577],
            [-84.84967100002882, 39.086560000325861],
            [-84.850055000168382, 39.086362999747038],
            [-84.850432999561846, 39.086246999860279],
            [-84.850476000117865, 39.086233000065434],
            [-84.850502999882025, 39.086225000280976],
            [-84.85061599985994, 39.086179999820708],
            [-84.850626999730594, 39.08617299991699],
            [-84.850954999793657, 39.085966999948738],
            [-84.851191999620127, 39.085773000179984],
            [-84.851487999896136, 39.085532999806766],
            [-84.851789000195012, 39.085274999732519],
            [-84.85200599993, 39.085089000066596],
            [-84.852031999869254, 39.085068000028535],
            [-84.854130999768856, 39.083166999670745],
            [-84.855586999961147, 39.082000000009799],
            [-84.856093000299452, 39.081594999863519],
            [-84.856428000035194, 39.081326999779783],
            [-84.857537999722751, 39.080400000189201],
            [-84.858988000067257, 39.079414999918512],
            [-84.861019000194815, 39.077986000027998],
            [-84.86238800034846, 39.077084000168256],
            [-84.862678999703292, 39.076952000089008],
            [-84.862964000108633, 39.076792999935158],
            [-84.864528000255959, 39.076038999928407],
            [-84.86483100020466, 39.075879999809381],
            [-84.865008999581576, 39.075776999865568],
            [-84.866098000251057, 39.075083000028663],
            [-84.867111999679153, 39.074611000058503],
            [-84.86728999995438, 39.074538999868217],
            [-84.867793999744535, 39.074335000208833],
            [-84.869340000348515, 39.073670999968577],
            [-84.869641999573986, 39.073540999912751],
            [-84.869694000350819, 39.073518999858202],
            [-84.869848000336631, 39.073436999974675],
            [-84.870069000269567, 39.073319000315287],
            [-84.871095000291547, 39.072884999776115],
            [-84.87155899989871, 39.07266499966611],
            [-84.872337000223581, 39.072321999926956],
            [-84.872481000163617, 39.07225800016522],
            [-84.873364000070467, 39.071917000020271],
            [-84.874108000060119, 39.071674999750179],
            [-84.874698999888921, 39.071509999692587],
            [-84.874825000285625, 39.071496999857644],
            [-84.874950999784005, 39.071482999925422],
            [-84.874979000271395, 39.071481999830532],
            [-84.87523399964121, 39.071458999736258],
            [-84.875423999612011, 39.071442000207561],
            [-84.875613999582811, 39.071387999913362],
            [-84.876961999820054, 39.071003000170485],
            [-84.878062000360202, 39.07057499998372],
            [-84.878818000045442, 39.070246000031126],
            [-84.879167999849798, 39.070119999702491],
            [-84.879608999890777, 39.070010000305487],
            [-84.880450999789716, 39.069939999839129],
            [-84.880926999990777, 39.069851999971313],
            [-84.88186699979903, 39.069501000223319],
            [-84.882491000138103, 39.069227000170528],
            [-84.883309999572532, 39.068914000221369],
            [-84.883338999884842, 39.068903000171154],
            [-84.88341199967978, 39.06887299970851],
            [-84.884616999801906, 39.068366000074086],
            [-84.884943000215117, 39.068207000102973],
            [-84.885103999873621, 39.068086000336805],
            [-84.885174000193814, 39.067993000225691],
            [-84.885293000019487, 39.067692000075795],
            [-84.885450000378341, 39.067417999974907],
            [-84.885484999640127, 39.067397000256705],
            [-84.885693999877489, 39.067251000117182],
            [-84.885893999894037, 39.067163999842599],
            [-84.887063000031148, 39.066818000086577],
            [-84.887386999896236, 39.066715000168209],
            [-84.888511999652408, 39.06635600021923],
            [-84.889058999998582, 39.066125999671122],
            [-84.889761999980365, 39.065661999802202],
            [-84.890191000325785, 39.065263999925598],
            [-84.890466999611974, 39.064972000285465],
            [-84.891090999951061, 39.064637000266288],
            [-84.891476999740433, 39.064169999779118],
            [-84.893203000269452, 39.062479999783022],
            [-84.893276999889295, 39.062389999932179],
            [-84.893594999906625, 39.062061000190837],
            [-84.894580999745628, 39.060846999857198],
            [-84.894758000195949, 39.060606000244718],
            [-84.894953000189602, 39.060386000224646],
            [-84.895194000214033, 39.060068000245963],
            [-84.895583000376462, 39.059398000204844],
            [-84.895852999814892, 39.058866000316208],
            [-84.895955999747045, 39.058602000120992],
            [-84.896310999574297, 39.057915999712606],
            [-84.896609000398428, 39.057564000309839],
            [-84.896674999622363, 39.057537000091003],
            [-84.89669700026198, 39.057530999730929],
            [-84.896910999623913, 39.057473999772675],
            [-84.897230000364445, 39.057476999955156],
            [-84.897264999626245, 39.057478999844264],
            [-84.89731400003005, 39.057482000026582],
            [-84.897335999771343, 39.057450999996767],
            [-84.897370999931468, 39.057400000345616],
            [-84.897302000334477, 39.05731200019072],
            [-84.897159000219361, 39.057201999668514],
            [-84.897139000127851, 39.05715200013551],
            [-84.897097000295062, 39.057047000163791],
            [-84.897094999746926, 39.056797999806015],
            [-84.897154000196466, 39.056548999965329],
            [-84.897307000357344, 39.055855999719412],
            [-84.897318000227997, 39.055081000064447],
            [-84.897177999587612, 39.054407000184909],
            [-84.896987999616798, 39.053943000027381],
            [-84.896725999675979, 39.053304000235492],
            [-84.896298999878724, 39.052440999832527],
            [-84.895634000430093, 39.05151499999144],
            [-84.894801999678549, 39.050611999786526],
            [-84.893548999875861, 39.049481000343761],
            [-84.893163999911394, 39.049041000057642],
            [-84.892780999596752, 39.048376999776714],
            [-84.892065999919396, 39.046755999951991],
            [-84.891531999992026, 39.046007000195033],
            [-84.889965000369969, 39.043789999988881],
            [-84.889283000304587, 39.04267400002302],
            [-84.888328000427705, 39.041111000279344],
            [-84.887341999690406, 39.039673999915081],
            [-84.887193999552395, 39.039457999674397],
            [-84.886970999969634, 39.039148999742231],
            [-84.886924999938884, 39.039095999721965],
            [-84.886288999904252, 39.038364000207309],
            [-84.886197999667644, 39.038221000342247],
            [-84.886026000138514, 39.038027999675137],
            [-84.88577400024343, 39.037660999992688],
            [-84.885530999670877, 39.037398999832696],
            [-84.88534800027108, 39.037263999861104],
            [-84.885165999797891, 39.037149000095269],
            [-84.88435700040921, 39.036790999729348],
            [-84.883452999687648, 39.036516999728576],
            [-84.881870999996991, 39.035755000130059],
            [-84.881850999905495, 39.035742999894829],
            [-84.881430999780932, 39.035538999771028],
            [-84.880817000385932, 39.035170999809623],
            [-84.880285000108358, 39.034841000338098],
            [-84.87970599997513, 39.034335999706812],
            [-84.878742999702354, 39.03331899991678],
            [-84.878244999759985, 39.032665999907557],
            [-84.878052000314455, 39.032361000084343],
            [-84.877848999924851, 39.032038999698273],
            [-84.877872000389402, 39.031814000213437],
            [-84.877940999986379, 39.031655000275755],
            [-84.878159000444569, 39.031401999861394],
            [-84.878192999881449, 39.031264999664458],
            [-84.878135999980046, 39.031229000154411],
            [-84.878106999667722, 39.031210000076065],
            [-84.877649999733222, 39.031189000056969],
            [-84.877496999572358, 39.031182000281838],
            [-84.877366999876017, 39.031119000180944],
            [-84.876120999746021, 39.030482999705868],
            [-84.874563000344793, 39.029598999831613],
            [-84.872406999645463, 39.028287999661593],
            [-84.871824000212584, 39.027755999918384],
            [-84.868815999568554, 39.02448000008625],
            [-84.866016000235277, 39.021625999988252],
            [-84.86591699960276, 39.021508999691186],
            [-84.865905999732121, 39.021495999723761],
            [-84.865307000405721, 39.020827000321333],
            [-84.864739999968066, 39.020323000180376],
            [-84.864298000102181, 39.019998999837668],
            [-84.864081000367221, 39.019839999843754],
            [-84.8637139999461, 39.019509999979277],
            [-84.863583000424839, 39.019342999896615],
            [-84.861650000206566, 39.017086000238116],
            [-84.86016600042521, 39.01548299999029],
            [-84.857377999889181, 39.012508000309836],
            [-84.854863999887883, 39.009609000280378],
            [-84.852776999683826, 39.006958000068217],
            [-84.852099999641325, 39.006275999969134],
            [-84.851911000393741, 39.00610599977631],
            [-84.851568000262077, 39.005832999827341],
            [-84.850606999639112, 39.004693000291979],
            [-84.849654000310395, 39.003072000178094],
            [-84.848711999954006, 39.000446000316749],
            [-84.848561000341263, 39.000024000176161],
            [-84.848202000316064, 38.999494000133069],
            [-84.848074000269534, 38.998582000123285],
            [-84.847736000160737, 38.998008000078968],
            [-84.846655999712098, 38.996740999692662],
            [-84.844783999593204, 38.995241999864824],
            [-84.840707000167797, 38.991963000237973],
            [-84.839559999772007, 38.99094700030831],
            [-84.838578999955857, 38.989901999823275],
            [-84.837733999683863, 38.988796000297995],
            [-84.83744099978091, 38.988411999937469],
            [-84.836485999904042, 38.986856999881546],
            [-84.835397000132872, 38.984886999676903],
            [-84.834721999740182, 38.983681000347239],
            [-84.834428999837215, 38.983174000322855],
            [-84.834228999820681, 38.982871999858247],
            [-84.83362700012124, 38.981834000040948],
            [-84.833226000263238, 38.981049000281594],
            [-84.832974000368168, 38.980488000316129],
            [-84.832447000113461, 38.979235999897455],
            [-84.832374000318538, 38.979078999769243],
            [-84.831994000376952, 38.978260000288302],
            [-84.83190800016321, 38.978016999702064],
            [-84.830856000201962, 38.9756700000367],
            [-84.830395000069529, 38.974232999999458],
            [-84.830273999695706, 38.973853999964511],
            [-84.830048999564809, 38.972560000345609],
            [-84.830031999846369, 38.970818000207423],
            [-84.829948000180764, 38.969979000267863],
            [-84.829885000431574, 38.969537000034599],
            [-84.829855000294373, 38.969391000233252],
            [-84.829985999815619, 38.968977999959634],
            [-84.830261000175227, 38.968356999686506],
            [-84.830391999696488, 38.967723999652293],
            [-84.83052200029114, 38.967293999994098],
            [-84.831005000164879, 38.966330000078962],
            [-84.831123000165675, 38.96588699993243],
            [-84.831282999999232, 38.965103000307948],
            [-84.831770000070961, 38.963363000232739],
            [-84.832067999996795, 38.962533000067452],
            [-84.832757999559789, 38.961069999838585],
            [-84.83305999968357, 38.960429999860416],
            [-84.833289000012428, 38.960016000154667],
            [-84.833603999656702, 38.959535000100956],
            [-84.834252000285218, 38.958771000313554],
            [-84.835268000261451, 38.957813000125142],
            [-84.835276999583954, 38.957804999767156],
            [-84.836509000368579, 38.956848999733239],
            [-84.837013000158734, 38.956515000257319],
            [-84.837535000390545, 38.956102999994229],
            [-84.838118999648344, 38.95567999991944],
            [-84.838783999995286, 38.955267999691756],
            [-84.839373999999168, 38.954909999793948],
            [-84.839895000406059, 38.954641000079775],
            [-84.840239000362658, 38.954400000203663],
            [-84.840416999739574, 38.954180000041816],
            [-84.840691000274276, 38.953770999869164],
            [-84.840811999749789, 38.953590000173492],
            [-84.840880000420157, 38.953487999766971],
            [-84.841224000376755, 38.953110000185553],
            [-84.841373000339672, 38.952944999919183],
            [-84.841997999605326, 38.952395000215603],
            [-84.842587999609222, 38.951939000090562],
            [-84.842749000166009, 38.951839999878075],
            [-84.842931999565792, 38.95168600028169],
            [-84.843574000346521, 38.951252999891139],
            [-84.845962999776049, 38.949895999823191],
            [-84.846603999833562, 38.949576999772326],
            [-84.8472120002791, 38.949290999807054],
            [-84.847607000289315, 38.949137000261345],
            [-84.848576000409878, 38.94867600005243],
            [-84.848999999834092, 38.948451000189259],
            [-84.849429000179484, 38.948131999923],
            [-84.849522999890809, 38.948035000172823],
            [-84.850064000389196, 38.947428000133627],
            [-84.850226999697526, 38.947204000258701],
            [-84.851876000233645, 38.944929999776654],
            [-84.852663999705925, 38.944047000314661],
            [-84.852925999646743, 38.943777999895296],
            [-84.853741999606441, 38.942941000079784],
            [-84.85479299974277, 38.942096000129354],
            [-84.855323000370518, 38.941632000038126],
            [-84.855729000251372, 38.941173000316773],
            [-84.85584899990198, 38.941039000294396],
            [-84.856263000178757, 38.940676999697843],
            [-84.858075000023192, 38.939352999659391],
            [-84.860476000046603, 38.93768100004754],
            [-84.862057999737274, 38.936823000147356],
            [-84.863169000148048, 38.936082000232538],
            [-84.864498999943635, 38.935051999676944],
            [-84.86664700024707, 38.933226000109563],
            [-84.867684000139676, 38.931993000338387],
            [-84.868100000066292, 38.931506000308424],
            [-84.868861999599304, 38.930937000134286],
            [-84.869974999659917, 38.930043999722514],
            [-84.870615999717415, 38.929397999761449],
            [-84.871344999638467, 38.928557999957313],
            [-84.871929999619482, 38.927702000166619],
            [-84.872090000351349, 38.927493000006521],
            [-84.87228500034503, 38.927306000076861],
            [-84.872565999654114, 38.926949000176585],
            [-84.873128999893808, 38.92609800011585],
            [-84.87330999964378, 38.925850999993386],
            [-84.873682999912688, 38.925493999759418],
            [-84.873991999709176, 38.925246000262078],
            [-84.874518999963868, 38.924580999878344],
            [-84.874938000263526, 38.924152999992714],
            [-84.874949999959071, 38.92414899966154],
            [-84.875379000304491, 38.923562999728567],
            [-84.875750999850155, 38.923062999951846],
            [-84.876088999958966, 38.922530000161956],
            [-84.876919999987265, 38.921668999730855],
            [-84.877550000174125, 38.920812999984413],
            [-84.877837000229292, 38.920357000116582],
            [-84.877934000313672, 38.920149000123295],
            [-84.878214999622756, 38.919258999952547],
            [-84.878346999867233, 38.918940999909729],
            [-84.878607999983146, 38.918083999934247],
            [-84.878668000257605, 38.917887000053277],
            [-84.879280999827699, 38.916200999809881],
            [-84.879309000315118, 38.916102000021773],
            [-84.879081999636071, 38.915628999982133],
            [-84.878874000121925, 38.915233999813594],
            [-84.878828000091175, 38.915075000038165],
            [-84.878857000403485, 38.914081000304812],
            [-84.878822000243403, 38.913498999933871],
            [-84.878747999725235, 38.912994000034679],
            [-84.878530000165341, 38.912389999963921],
            [-84.878243999935066, 38.911878999726547],
            [-84.877526999709588, 38.910764000076313],
            [-84.877309999974599, 38.910269999858073],
            [-84.87732699969304, 38.909792000067227],
            [-84.877333000439137, 38.909675999746703],
            [-84.877275999639437, 38.909479999883132],
            [-84.87724700022541, 38.909413000023207],
            [-84.876811000207312, 38.908725999834687],
            [-84.876169000324907, 38.907923999909954],
            [-84.875791000033132, 38.907533999687949],
            [-84.875327000425955, 38.907133000066452],
            [-84.874960999829739, 38.906742999693009],
            [-84.874930999692509, 38.906738999778455],
            [-84.874822999737489, 38.90672599970506],
            [-84.874765999836072, 38.906702000208639],
            [-84.874599000329809, 38.906433000054548],
            [-84.874392999567164, 38.90591699997254],
            [-84.87421000016738, 38.905625999767992],
            [-84.87406700005225, 38.905477999751625],
            [-84.87345399958383, 38.905082999713656],
            [-84.873230000176164, 38.904874999693448],
            [-84.873076000190366, 38.904666000104598],
            [-84.872743000104435, 38.904023999841009],
            [-84.872399000147851, 38.90328200019438],
            [-84.872153000100553, 38.902822000099746],
            [-84.871883999588718, 38.90239900025469],
            [-84.871138999774161, 38.901454999753319],
            [-84.870623000288433, 38.90090600029118],
            [-84.869981000406014, 38.900334999966233],
            [-84.869237000416348, 38.899851999665863],
            [-84.868663000306, 38.899550999671106],
            [-84.867581000207508, 38.899106000119225],
            [-84.866634999653172, 38.898804999758717],
            [-84.865952999587776, 38.898624000291044],
            [-84.865213999621005, 38.898438000233881],
            [-84.864160000009917, 38.898152000285421],
            [-84.863169000148048, 38.897944000235015],
            [-84.861873999614247, 38.897751999862876],
            [-84.860784999843091, 38.897670000274005],
            [-84.860056999746945, 38.897642000085753],
            [-84.858905000226585, 38.897596000052168],
            [-84.85677700001466, 38.897581000186783],
            [-84.856166999919296, 38.897596999810034],
            [-84.8556749998247, 38.897503000136439],
            [-84.855192999775866, 38.897409000338364],
            [-84.853961999714485, 38.897357999949627],
            [-84.850603000339476, 38.897340999811867],
            [-84.849647999564297, 38.897419000040152],
            [-84.848871999787576, 38.897521999753224],
            [-84.848352999928792, 38.897508000330454],
            [-84.846721999834315, 38.897396999715568],
            [-84.844637000178423, 38.897474999882334],
            [-84.842678999845802, 38.897578999971444],
            [-84.8402920000661, 38.897584999918145],
            [-84.836661999631133, 38.897450000295322],
            [-84.83359799980893, 38.897304000238314],
            [-84.832474999702569, 38.897249999786858],
            [-84.831382999558343, 38.897180000279825],
            [-84.830747000422022, 38.89721399992915],
            [-84.830365999757205, 38.897245000273813],
            [-84.829452999713141, 38.897122999741384],
            [-84.828639000301578, 38.897021999680696],
            [-84.826109000406746, 38.896707999765155],
            [-84.824014999631686, 38.89633199981197],
            [-84.823192999824229, 38.896153999667959],
            [-84.821806000127225, 38.89590100010556],
            [-84.820155999766186, 38.895653999751751],
            [-84.819175999774956, 38.895483999705448],
            [-84.817830000085863, 38.895220000052497],
            [-84.81703300039274, 38.895072999812442],
            [-84.816208000212214, 38.894979000293695],
            [-84.81509099995364, 38.8949460000687],
            [-84.814552999828308, 38.894983999966257],
            [-84.814500999949772, 38.89501799996782],
            [-84.814517999668212, 38.895105000185481],
            [-84.814649999912689, 38.895263999946245],
            [-84.814815999594018, 38.895384999688432],
            [-84.814839000058569, 38.895433999820057],
            [-84.814828000187916, 38.895456999841606],
            [-84.814769999563268, 38.895472999943451],
            [-84.814552999828308, 38.8954680003053],
            [-84.813406000330829, 38.895247999797377],
            [-84.812597000043823, 38.895072000018992],
            [-84.812316999661348, 38.895014000091827],
            [-84.812160000200819, 38.894980000088403],
            [-84.810880999560538, 38.894569000075265],
            [-84.809022999685368, 38.89386400019383],
            [-84.80792300004353, 38.893513000148467],
            [-84.807459000436353, 38.893425000261537],
            [-84.806816999655624, 38.893365000053691],
            [-84.806364999743991, 38.893167000266558],
            [-84.806004000068981, 38.892997999683196],
            [-84.805975999581577, 38.892984000067827],
            [-84.805895000289041, 38.892947000321826],
            [-84.805454000248076, 38.892848000264181],
            [-84.804553999724476, 38.89268899998882],
            [-84.803947000002168, 38.892567999848545],
            [-84.803105000103187, 38.892332000039296],
            [-84.801884000087554, 38.891875999679698],
            [-84.801044999663333, 38.891463000194761],
            [-84.800492000367683, 38.891190000247889],
            [-84.799242999864632, 38.890518999745964],
            [-84.798314999751952, 38.889947999806907],
            [-84.7978679998632, 38.889639999998614],
            [-84.79739300038537, 38.889359000347895],
            [-84.795886000139461, 38.888389000039332],
            [-84.795065999981816, 38.887946000255873],
            [-84.794460999909319, 38.887721000038738],
            [-84.793967999989817, 38.887612999905123],
            [-84.793473000420491, 38.887571999863191],
            [-84.793158999702825, 38.887417999869577],
            [-84.79309299958058, 38.887361999789128],
            [-84.792796000377976, 38.88710899967456],
            [-84.792481999660296, 38.886742999754937],
            [-84.791582000035021, 38.886023000301677],
            [-84.78947100043986, 38.884689999688227],
            [-84.787564000160856, 38.883298000274443],
            [-84.786612999583653, 38.882416000070627],
            [-84.785953000157861, 38.881606000314257],
            [-84.785482999804586, 38.880893999793813],
            [-84.78527500029044, 38.880425000143049],
            [-84.785157000289672, 38.879918999955869],
            [-84.784949999702107, 38.878576999978179],
            [-84.784655000149328, 38.876435999674811],
            [-84.784592000400153, 38.875593000162873],
            [-84.784592000400153, 38.875510000100725],
            [-84.784534999600424, 38.875082000162834],
            [-84.784563000087829, 38.8750579997632],
            [-84.784677999715555, 38.874652000283234],
            [-84.784902000021532, 38.873311999651385],
            [-84.785189999901633, 38.872199000297897],
            [-84.785216999665806, 38.872067000338241],
            [-84.785460000238373, 38.871184999911833],
            [-84.78573499969967, 38.869959999853016],
            [-84.786160999672006, 38.868684999837527],
            [-84.787307000242905, 38.866327999740363],
            [-84.787915999615052, 38.865118000343863],
            [-84.788954000230902, 38.863358000323267],
            [-84.790436000362448, 38.861245999867663],
            [-84.791119000252749, 38.860444999884145],
            [-84.791524000308698, 38.859973999720914],
            [-84.792743999601129, 38.858802999880346],
            [-84.793197000235978, 38.858247999790898],
            [-84.79359700026906, 38.857846000004507],
            [-84.793828000247728, 38.857647999869563],
            [-84.79427500013648, 38.857457999666877],
            [-84.794718999652176, 38.857349000083587],
            [-84.795057999585893, 38.857276999785896],
            [-84.795626999673374, 38.857154999872911],
            [-84.796010999812921, 38.856996000170987],
            [-84.796521000349173, 38.856682999969905],
            [-84.797790999870315, 38.855740000206914],
            [-84.798458999692016, 38.855280999704569],
            [-84.799318000207705, 38.854689999692496],
            [-84.799551999661134, 38.854547999963962],
            [-84.799929999952909, 38.854267000059679],
            [-84.80042299987241, 38.853751000187415],
            [-84.800692000384231, 38.853382999802882],
            [-84.801288000235886, 38.852472000343774],
            [-84.801660999606469, 38.852054999706453],
            [-84.802273000249983, 38.851478000272181],
            [-84.802534000365895, 38.851257000267594],
            [-84.803746999985606, 38.850432999810437],
            [-84.80481700038851, 38.849836000310972],
            [-84.805624000127395, 38.849491000168548],
            [-84.806327000109178, 38.84915699968986],
            [-84.807224000259708, 38.848615000100331],
            [-84.809029000431451, 38.847327000267285],
            [-84.8097509997815, 38.846971000276064],
            [-84.810678999894165, 38.846586000108189],
            [-84.813360000300079, 38.845520999830455],
            [-84.813789999572052, 38.845322999666969],
            [-84.814666999631115, 38.84479600006965],
            [-84.815664000239082, 38.844137000028581],
            [-84.816357000175131, 38.843779999651922],
            [-84.817416999633991, 38.843275000116833],
            [-84.817675000275145, 38.843127000342861],
            [-84.819044000428789, 38.84223800029504],
            [-84.819811999809602, 38.841704999770407],
            [-84.820883999862318, 38.840947000195015],
            [-84.822624999561654, 38.839661999701889],
            [-84.822684999836113, 38.839619000239743],
            [-84.823644999735833, 38.838921000178594],
            [-84.823874000064691, 38.838728999859271],
            [-84.824475999764147, 38.838152000097125],
            [-84.824567999825646, 38.838009000345792],
            [-84.824837000337482, 38.837707000171427],
            [-84.825598999870508, 38.837003999996341],
            [-84.825845999742711, 38.836734999737601],
            [-84.825962999918588, 38.836630000250345],
            [-84.827009999856955, 38.835343000306572],
            [-84.827477999662079, 38.834785999920001],
            [-84.827696000120298, 38.834544000299523],
            [-84.827959999710941, 38.834154000313006],
            [-84.828486000140714, 38.833230000008321],
            [-84.828734999662728, 38.832830000127487],
            [-84.829413000428474, 38.831674999655114],
            [-84.829810000088528, 38.83088699972226],
            [-84.829815999936301, 38.830869999778585],
            [-84.829856000119278, 38.830766000034529],
            [-84.829959000051431, 38.830423999804935],
            [-84.830045000265159, 38.830139999765052],
            [-84.830097000143695, 38.829415000049579],
            [-84.830051000112931, 38.828394000310496],
            [-84.830045000265159, 38.826466000073466],
            [-84.829975999769871, 38.825714000267681],
            [-84.829799000217861, 38.825160000345726],
            [-84.829415000078299, 38.824511999977055],
            [-84.829261000092515, 38.824055999837086],
            [-84.829220999909552, 38.823968000038683],
            [-84.82921099986379, 38.82388200032149],
            [-84.828984999907988, 38.82283699978764],
            [-84.82888199997582, 38.822480000340676],
            [-84.828676000111514, 38.8220400003202],
            [-84.828549999714824, 38.821710999695867],
            [-84.828326000307143, 38.821233999841468],
            [-84.828229000222777, 38.820981000249034],
            [-84.82757599957138, 38.819586000227282],
            [-84.827019999902689, 38.818527000055809],
            [-84.826670000098318, 38.818016000147701],
            [-84.82648699980021, 38.817785000098006],
            [-84.826245999775793, 38.817548999779468],
            [-84.82533500027985, 38.816462000141101],
            [-84.823976999996859, 38.814683000137116],
            [-84.823221000311634, 38.813737999713489],
            [-84.822442000161871, 38.812903999794806],
            [-84.821416000139891, 38.811948999742256],
            [-84.821078000031079, 38.811668000305694],
            [-84.820517000339521, 38.811004000144607],
            [-84.82010399988765, 38.810432999952972],
            [-84.819912000267038, 38.810101999728502],
            [-84.819719999748088, 38.809829000244932],
            [-84.819394000233189, 38.809171000151458],
            [-84.819324999737873, 38.80896699993928],
            [-84.81890700016146, 38.808231000274986],
            [-84.818144999730123, 38.807221000004233],
            [-84.817594999909204, 38.806567999913597],
            [-84.817348000037015, 38.806320999973252],
            [-84.816585999605678, 38.80537599992023],
            [-84.816489000419608, 38.805239000175995],
            [-84.816455999909337, 38.805172999699352],
            [-84.81623099977844, 38.804711999915327],
            [-84.815732999836058, 38.803630000184967],
            [-84.814673000377226, 38.801482999699935],
            [-84.814184999582267, 38.800562999951389],
            [-84.81399100031183, 38.800216999969066],
            [-84.813152999712514, 38.79754799971402],
            [-84.812783999641567, 38.795122000121722],
            [-84.812243000041491, 38.793954000258822],
            [-84.811837000160622, 38.793175999869803],
            [-84.811598999610951, 38.791960000174882],
            [-84.811695999695331, 38.789988000284886],
            [-84.81172099980968, 38.789870000042271],
            [-84.811858999901943, 38.788864000237382],
            [-84.812160000200819, 38.787839000026686],
            [-84.812534000294633, 38.786728999938653],
            [-84.812581999975194, 38.786660999989635],
            [-84.812770000296183, 38.786277999807083],
            [-84.81304499975748, 38.785881999901221],
            [-84.813129000321382, 38.785791000068251],
            [-84.813607000172269, 38.785272999668656],
            [-84.813818999884376, 38.78507500000066],
            [-84.814443000223434, 38.784642000334834],
            [-84.814671999653982, 38.784504999944708],
            [-84.81523400006877, 38.784252000152613],
            [-84.815680999957522, 38.784097999809156],
            [-84.816294000425941, 38.78395000026606],
            [-84.818271000126828, 38.783542999763547],
            [-84.820339000064294, 38.783186000161287],
            [-84.821668000034961, 38.783087999916589],
            [-84.823822000186169, 38.783086999949099],
            [-84.823956999905391, 38.78308500001414],
            [-84.827547000157381, 38.783155999771964],
            [-84.828856999861486, 38.78327100002862],
            [-84.831494999711339, 38.783734999734371],
            [-84.832954000276686, 38.783864999807633],
            [-84.835536999874947, 38.784296000089562],
            [-84.83772100016337, 38.784883000136936],
            [-84.838095000257198, 38.785024000262325],
            [-84.838799999888806, 38.785313999867178],
            [-84.84002599992732, 38.785714999780211],
            [-84.840976999606212, 38.786005000075662],
            [-84.841219000353874, 38.78607100009885],
            [-84.84643999980203, 38.787687000234733],
            [-84.84965299958715, 38.788592999685648],
            [-84.852866000270609, 38.789381999753608],
            [-84.855597999831815, 38.789995999950101],
            [-84.858942999861412, 38.790583999842859],
            [-84.861989000140284, 38.791085999681002],
            [-84.86999800012444, 38.791853999931391],
            [-84.872768000218784, 38.792196999686823],
            [-84.874863999745358, 38.792303999958655],
            [-84.87494900013418, 38.792365999702383],
            [-84.875755999873036, 38.792394999880244],
            [-84.876511999558275, 38.792425999719242],
            [-84.876831000298822, 38.792484000014326],
            [-84.877675999672505, 38.792635000247223],
            [-84.880614999821248, 38.793212999722471],
            [-84.881136000228153, 38.793383999775934],
            [-84.882149999656249, 38.793851000329667],
            [-84.882801999584416, 38.794056000225545],
            [-84.882883999600182, 38.794082000276084],
            [-84.883932000261765, 38.794302000162496],
            [-84.884745999673314, 38.794395999760525],
            [-84.885247999813657, 38.794486999811909],
            [-84.885765000022587, 38.794511000090786],
            [-84.886688000112414, 38.794616999883843],
            [-84.886826000204678, 38.794655000193949],
            [-84.88721000034424, 38.794798000203016],
            [-84.887421000231427, 38.794831000002773],
            [-84.887559000323677, 38.79482499978576],
            [-84.887741999723474, 38.794792999786495],
            [-84.888807999928417, 38.794523999684202],
            [-84.889083000288025, 38.794479999758245],
            [-84.890120000180673, 38.794393000333883],
            [-84.893076999872761, 38.793999000323886],
            [-84.893488999601402, 38.793910999796687],
            [-84.894137000229918, 38.793713000313609],
            [-84.895271000206947, 38.793235999905022],
            [-84.895764000126434, 38.792995000332787],
            [-84.896072999922907, 38.792814000336158],
            [-84.896431999948106, 38.792649000016127],
            [-84.896732000422077, 38.792512000308882],
            [-84.897734999979519, 38.792187999728583],
            [-84.898451000380092, 38.791996000116079],
            [-84.89931400019546, 38.791676999926409],
            [-84.899509000189127, 38.791604999703665],
            [-84.899840999551827, 38.791492999835043],
            [-84.903435000001792, 38.790017000029799],
            [-84.906713000084252, 38.788191999855002],
            [-84.908073000017069, 38.787500999836467],
            [-84.909334000215679, 38.786860000069382],
            [-84.911171000174463, 38.78613199973708],
            [-84.91229900030369, 38.785474999923387],
            [-84.913364999610337, 38.784993999946124],
            [-84.91472600026637, 38.78438499983141],
            [-84.915604000150338, 38.784045000164227],
            [-84.916051999863996, 38.78387899989837],
            [-84.916860000326082, 38.783593999860948],
            [-84.91762799970688, 38.783270000063744],
            [-84.919954000285529, 38.782699000310764],
            [-84.920858999933671, 38.78250800032697],
            [-84.921053999927352, 38.782446999689107],
            [-84.922813000068345, 38.781612999750593],
            [-84.923271999652655, 38.78136600015106],
            [-84.923495999958632, 38.781282000106458],
            [-84.923794999709358, 38.781199999950843],
            [-84.924485999995596, 38.781052999990877],
            [-84.924916000165908, 38.780965000289079],
            [-84.925455000116159, 38.78079399985765],
            [-84.925756000415049, 38.780661999784812],
            [-84.926967000384948, 38.780129999815443],
            [-84.927648999552019, 38.779735000093005],
            [-84.929047000017988, 38.779021000188024],
            [-84.930514000080919, 38.778438999667365],
            [-84.934019999769021, 38.777281000077672],
            [-84.935562000175025, 38.776918000316009],
            [-84.937744999740232, 38.776478999779684],
            [-84.940128000220284, 38.775923999962508],
            [-84.941119000082153, 38.775687999651474],
            [-84.943880999780575, 38.775319999804253],
            [-84.944998000039163, 38.775259000021016],
            [-84.945382000178711, 38.775243000184062],
            [-84.946831999624891, 38.775287000077277],
            [-84.948189999907882, 38.775412999844058],
            [-84.949754000055208, 38.775627000183022],
            [-84.950780000077188, 38.775825000173448],
            [-84.95154099978528, 38.776050000004709],
            [-84.951805000274234, 38.776104000054673],
            [-84.953196999994105, 38.776329999768322],
            [-84.954544000406443, 38.776532000145764],
            [-84.955752999828206, 38.77676799976507],
            [-84.956567000138079, 38.776966000089537],
            [-84.959695000432717, 38.777548000025327],
            [-84.96080599994518, 38.777783999784191],
            [-84.961544999911979, 38.777942999955918],
            [-84.962514000032542, 38.778068999932735],
            [-84.963391000091605, 38.778113000183438],
            [-84.964424999611182, 38.778139999782724],
            [-84.964852000306763, 38.778151000187137],
            [-84.966495999921705, 38.778353000309117],
            [-84.967017000328624, 38.778408000049069],
            [-84.967297999637694, 38.778418999711889],
            [-84.967946000266195, 38.778489999913702],
            [-84.969732999996282, 38.778626999955414],
            [-84.970729999705938, 38.778731000199834],
            [-84.970764000041129, 38.778747999982912],
            [-84.971720999567822, 38.778759000293604],
            [-84.972816000085075, 38.778780000181641],
            [-84.973720999733217, 38.778839999727602],
            [-84.974575000226054, 38.77894999981455],
            [-84.974940999923959, 38.77895499994181],
            [-84.975347999629733, 38.77898800007258],
            [-84.976167999787378, 38.778975999772129],
            [-84.976296999658828, 38.778980999897563],
            [-84.976792000126451, 38.778938000208015],
            [-84.977577000124015, 38.778981999922578],
            [-84.979044000186931, 38.779146000338436],
            [-84.979312999800456, 38.779168000134923],
            [-84.981937000304939, 38.779276999695085],
            [-84.982728000150274, 38.779293000027678],
            [-84.983483999835499, 38.779227000033195],
            [-84.983696000445917, 38.779187999880413],
            [-84.984195000213205, 38.779187999880413],
            [-84.98469900000336, 38.77912199978875],
            [-84.985037000112172, 38.779038999926243],
            [-84.985770000231184, 38.778928999976571],
            [-84.986039999669615, 38.778935000131021],
            [-84.986388999649066, 38.778967000245792],
            [-84.986704000191651, 38.778944999686935],
            [-84.987335000203416, 38.778851000024041],
            [-84.988555000394143, 38.778620999775036],
            [-84.988710000204833, 38.778570999653226],
            [-84.989270999896405, 38.778553999827892],
            [-84.989579999692893, 38.778580999960539],
            [-84.990146000305629, 38.77853399990466],
            [-84.990702999799225, 38.778487999849808],
            [-84.991615000018399, 38.778312000309803],
            [-84.991923999814873, 38.778284000040593],
            [-84.992543000131079, 38.778063999743352],
            [-84.992960999707506, 38.777958999887488],
            [-84.993080000431519, 38.77791899970164],
            [-84.993401999748471, 38.777811000208345],
            [-84.993642999772902, 38.777738999988337],
            [-84.99384299978945, 38.777634999697938],
            [-84.994392999610355, 38.777492000276524],
            [-84.995097000315369, 38.777165999965348],
            [-84.995556999724585, 38.776953000095688],
            [-84.997366999919194, 38.775925000030441],
            [-84.998811000415913, 38.774990999827217],
            [-84.999947999867658, 38.774178000076546],
            [-84.999962999936272, 38.774171000129776],
            [-85.00019200026513, 38.774147000006884],
            [-85.000277999580547, 38.7741369997782],
            [-85.000357999946488, 38.774129999827409],
            [-85.000438000312442, 38.774048999946515],
            [-85.000506999909405, 38.773987999776637],
            [-85.000696000055299, 38.773855999712701],
            [-85.000867999584429, 38.773750999964832],
            [-85.00129199990694, 38.773439000102343],
            [-85.001784999826455, 38.773034000056768],
            [-85.001870000215263, 38.77297499993778],
            [-85.001922000093799, 38.772923999949924],
            [-85.001962000276777, 38.772876999667901],
            [-85.002100000369026, 38.772757000297482],
            [-85.002339999670241, 38.772583000151492],
            [-85.002425999883954, 38.772510000140919],
            [-85.002488999633158, 38.772475999697974],
            [-85.002615000029849, 38.772379999678144],
            [-85.002839000335825, 38.772173000246241],
            [-85.002924999651242, 38.772075000275265],
            [-85.003102000101563, 38.771892000147616],
            [-85.003526000424102, 38.771578999729051],
            [-85.003806999733172, 38.77137999972657],
            [-85.004098999811234, 38.771160999979678],
            [-85.004214000337271, 38.771075999685742],
            [-85.004420000201577, 38.770907999770905],
            [-85.004528999981545, 38.770836000286586],
            [-85.004918999968865, 38.770553000237825],
            [-85.004946999557944, 38.77054300020567],
            [-85.005159000168376, 38.770397000136839],
            [-85.006036000227425, 38.769813999828493],
            [-85.006153000403302, 38.769729000030686],
            [-85.006426000214788, 38.769519000137258],
            [-85.006488999963963, 38.769480000279138],
            [-85.006562999583807, 38.769419999863047],
            [-85.006729000163475, 38.769316000049606],
            [-85.006986999906331, 38.769114000248024],
            [-85.007170000204439, 38.768996999945387],
            [-85.007411000228871, 38.768839000309661],
            [-85.007509000138157, 38.768777999886794],
            [-85.007709000154705, 38.768639999667663],
            [-85.00808700044648, 38.768402000124325],
            [-85.008361999907777, 38.768263999878293],
            [-85.008424999656967, 38.768242999695637],
            [-85.008591000236635, 38.768164999963695],
            [-85.009100999874576, 38.767873000299765],
            [-85.009307999563802, 38.76775200003361],
            [-85.00949099986191, 38.767653000108943],
            [-85.010007000245949, 38.767319999736173],
            [-85.010196000391829, 38.767193000192073],
            [-85.01052799975453, 38.766993999861704],
            [-85.010682999565219, 38.76690299974036],
            [-85.010906000046305, 38.76676200020831],
            [-85.011135000375162, 38.766637000067199],
            [-85.011428000278116, 38.766421999872563],
            [-85.011577000241033, 38.766320000296382],
            [-85.011702999739413, 38.766234999837756],
            [-85.01199499981746, 38.766100000219694],
            [-85.012246999712545, 38.765975999826573],
            [-85.012424000162881, 38.765894999792366],
            [-85.012568000102917, 38.765841999927702],
            [-85.012906000211714, 38.765674999806038],
            [-85.013163999954571, 38.765565999771603],
            [-85.013948999952134, 38.765217999697562],
            [-85.014097999915052, 38.765149000030689],
            [-85.014533000108244, 38.76496099994003],
            [-85.014796999698873, 38.764827999759255],
            [-85.015026000027731, 38.764718000307234],
            [-85.015678999780803, 38.76445899969233],
            [-85.015943000269758, 38.764360000101384],
            [-85.016636000205807, 38.764133000053789],
            [-85.016836000222341, 38.764038000248448],
            [-85.017175000156058, 38.763887999929601],
            [-85.017759000312154, 38.763669000298712],
            [-85.017930999841298, 38.763601000075028],
            [-85.018704000143288, 38.763230000175454],
            [-85.019123000442931, 38.763034000044506],
            [-85.019346000025692, 38.762911999726882],
            [-85.019426000391618, 38.762859999998916],
            [-85.019472000422397, 38.762847000236079],
            [-85.019667000416064, 38.762764000347637],
            [-85.020314000321349, 38.762499000209502],
            [-85.020674999996359, 38.762336000301822],
            [-85.020886999708466, 38.762244999843269],
            [-85.02096200005154, 38.762209000291833],
            [-85.021018999952958, 38.762188999988368],
            [-85.021173999763647, 38.762115000287835],
            [-85.021242000434029, 38.762070999975109],
            [-85.021471999689481, 38.761949999675821],
            [-85.0215920002384, 38.761878999821455],
            [-85.022301999892889, 38.76156300019489],
            [-85.022456999703579, 38.761519000242266],
            [-85.022691999880223, 38.761469000040343],
            [-85.022921000209081, 38.761402000093106],
            [-85.023081999867557, 38.761335999654875],
            [-85.023117999852559, 38.761327000004307],
            [-85.023173999929057, 38.761313999962248],
            [-85.023362000250032, 38.761313999962248],
            [-85.023443000440892, 38.761287999870959],
            [-85.023533999779161, 38.761240000054762],
            [-85.023987000414024, 38.760923999699934],
            [-85.024090000346177, 38.760840000097303],
            [-85.02412999963083, 38.760760999696977],
            [-85.024187000430558, 38.760698000210589],
            [-85.024307999906057, 38.760616000206468],
            [-85.024427999556664, 38.760566999655076],
            [-85.024480000333526, 38.760547999875335],
            [-85.024662999733295, 38.760520000338246],
            [-85.024800999825587, 38.760487999652973],
            [-85.025063999591296, 38.760374999657607],
            [-85.02520199968356, 38.760284999787416],
            [-85.025298999767941, 38.760199999844744],
            [-85.025368000263228, 38.760136000274329],
            [-85.025401999700094, 38.76010499970657],
            [-85.025648999572297, 38.759977999928942],
            [-85.02580299955811, 38.759914000159434],
            [-85.02612999979624, 38.759749000062079],
            [-85.026238999576194, 38.759697999725574],
            [-85.026881000356923, 38.759382999847247],
            [-85.027017999725956, 38.75930500023636],
            [-85.027230000336374, 38.759209000005505],
            [-85.027385000147078, 38.759126999691489],
            [-85.027515999668324, 38.759039000257673],
            [-85.027659999608389, 38.758965000092573],
            [-85.027842999906483, 38.758890999850728],
            [-85.027997999717186, 38.758867999797808],
            [-85.028113000243223, 38.758860000143152],
            [-85.028329999978212, 38.758803999733352],
            [-85.028663000064128, 38.758733999859835],
            [-85.028719999965546, 38.758728999716141],
            [-85.029161000006496, 38.758653000010561],
            [-85.029275999634237, 38.758620999889111],
            [-85.029423999772234, 38.758559999836706],
            [-85.029766000078993, 38.758453999679141],
            [-85.029826000353466, 38.758436999962996],
            [-85.029940000156259, 38.758395000111314],
            [-85.02996199989758, 38.758388000016922],
            [-85.033051999659065, 38.758127999925939],
            [-85.033363999828609, 38.758102000074906],
            [-85.037713000138865, 38.756306000102533],
            [-85.040366000057361, 38.755435999772331],
            [-85.04610000041481, 38.752177000240657],
            [-85.047675000432776, 38.750957000335809],
            [-85.048183000420892, 38.750563999653806],
            [-85.04961500032374, 38.749828999924816],
            [-85.050376000031847, 38.749460999805521],
            [-85.050478000139094, 38.749412000002494],
            [-85.051483000244659, 38.748947000069457],
            [-85.05218399967832, 38.748624000281438],
            [-85.052223000036392, 38.748515000125181],
            [-85.052303000402318, 38.74831199983398],
            [-85.052445999619138, 38.74814200005374],
            [-85.052592000107325, 38.748095000261507],
            [-85.053088000399867, 38.747980000043121],
            [-85.055922999893227, 38.747221000261298],
            [-85.056912000105285, 38.746846000185165],
            [-85.057937000302346, 38.746335999667124],
            [-85.058814000361394, 38.745833000335601],
            [-85.059600000183863, 38.745351000182367],
            [-85.060164000248477, 38.745050999848296],
            [-85.060560000083598, 38.744947000251003],
            [-85.06078699986432, 38.744859000150086],
            [-85.061407000005417, 38.744590999970733],
            [-85.063094000176392, 38.743975000221077],
            [-85.063156999925582, 38.743960000190476],
            [-85.063534000392437, 38.743831000077385],
            [-85.063642000347485, 38.743793000010548],
            [-85.064084000213342, 38.743672000252879],
            [-85.06541900003181, 38.743294000279811],
            [-85.066484000411833, 38.743068000318743],
            [-85.067251999792646, 38.742897999963461],
            [-85.067905000444028, 38.742760999976142],
            [-85.06841500008197, 38.74263500000125],
            [-85.069687999976139, 38.74207099969086],
            [-85.070790000166113, 38.741681000083709],
            [-85.071965000150996, 38.741422999798218],
            [-85.073036000378806, 38.741039999849839],
            [-85.074028999890501, 38.740415999976143],
            [-85.075791000404536, 38.739557000128585],
            [-85.076080999934447, 38.739443000050883],
            [-85.076785999566056, 38.738739999988191],
            [-85.077123999674853, 38.738548000137492],
            [-85.077421999600702, 38.738382999700121],
            [-85.077605999723716, 38.738274000025946],
            [-85.07785699979388, 38.738056000178545],
            [-85.079537000292149, 38.736901999988319],
            [-85.080641000131934, 38.736541999864606],
            [-85.082493999984251, 38.735369000262793],
            [-85.082576000000017, 38.735329000025111],
            [-85.082870999552796, 38.735181000212293],
            [-85.08305999969869, 38.735126000085323],
            [-85.08311800032331, 38.735187999779527],
            [-85.08319799979094, 38.7351329996579],
            [-85.083285999654493, 38.735054000237334],
            [-85.083364000370608, 38.734982000316762],
            [-85.083552999618178, 38.734869999828874],
            [-85.083844999696225, 38.734789000230016],
            [-85.083930999909967, 38.734753000145218],
            [-85.084252000300324, 38.734581999669913],
            [-85.08500799998555, 38.734087999812353],
            [-85.085484000186625, 38.733816000023872],
            [-85.085493000407439, 38.733810000279625],
            [-85.085502999554862, 38.733804999791623],
            [-85.086102999604492, 38.73346200023704],
            [-85.086618999988545, 38.73319200009923],
            [-85.087162999961663, 38.732907000092354],
            [-85.087409000008961, 38.732803000327976],
            [-85.088132999907131, 38.73247099990509],
            [-85.088271999824315, 38.732401000138175],
            [-85.089230000074224, 38.732036999824153],
            [-85.089650000198802, 38.731797000181061],
            [-85.090113999805979, 38.731385000023167],
            [-85.090319999670314, 38.731265000258325],
            [-85.090806999742014, 38.731071999939267],
            [-85.09139099989811, 38.730906999750509],
            [-85.091878999794744, 38.730780999884857],
            [-85.092149000131499, 38.730671999821773],
            [-85.092898000144032, 38.730369000174313],
            [-85.093203999567464, 38.73025300013326],
            [-85.093647000156565, 38.730021000186937],
            [-85.094089999847355, 38.729725999997775],
            [-85.094556999827574, 38.72947900017337],
            [-85.094588999614643, 38.729461999864668],
            [-85.094755000194297, 38.729352999891425],
            [-85.095653999994667, 38.728907000178211],
            [-85.096553999619942, 38.728444999965369],
            [-85.096885999880968, 38.72825299977174],
            [-85.097402000264992, 38.727709000275503],
            [-85.097637000441651, 38.727501000177334],
            [-85.098008999987329, 38.727352000216506],
            [-85.098487999663121, 38.727182000295642],
            [-85.098896000092111, 38.727005000302725],
            [-85.099235000025828, 38.72685299984402],
            [-85.099527999928796, 38.726774999732051],
            [-85.100095000366466, 38.726693000007707],
            [-85.100524999638466, 38.726593999898931],
            [-85.100926000394765, 38.726582999956229],
            [-85.101384000154155, 38.726502000071271],
            [-85.101718999889925, 38.726440999906934],
            [-85.101757000423063, 38.726434000183438],
            [-85.102014000341015, 38.726297000151092],
            [-85.102369999993158, 38.726032999961738],
            [-85.102781999721813, 38.725648000039563],
            [-85.103950999858924, 38.724709000163244],
            [-85.104020000354211, 38.724653999682722],
            [-85.103991000041901, 38.724577000060144],
            [-85.103882000261947, 38.724539000261345],
            [-85.103630000366877, 38.724620999654391],
            [-85.10349599957425, 38.724686000311465],
            [-85.103468999810076, 38.724695999760428],
            [-85.103430000350329, 38.724643000142201],
            [-85.103469999634996, 38.724556000339817],
            [-85.104601999962171, 38.723595000026961],
            [-85.104792999757876, 38.723446000330775],
            [-85.105371999891091, 38.723045000160198],
            [-85.106465999685142, 38.722159999936878],
            [-85.106907999550998, 38.721879999995231],
            [-85.107038999970584, 38.721753000203208],
            [-85.107125000184311, 38.72160500029873],
            [-85.10707400013068, 38.721286000025884],
            [-85.10705700041224, 38.721137999855166],
            [-85.107085000001334, 38.721044999875197],
            [-85.10738899977494, 38.720769999768905],
            [-85.107802000226826, 38.720468000324132],
            [-85.108454999979898, 38.720016999765882],
            [-85.109033000288221, 38.719588999963882],
            [-85.109789999798366, 38.71907800018716],
            [-85.110293999588507, 38.718736999651824],
            [-85.110712000063259, 38.718445999821881],
            [-85.110967000331385, 38.718248999919581],
            [-85.111434000311604, 38.717857999728949],
            [-85.111932000253987, 38.717408999895632],
            [-85.112876000260201, 38.716653999831294],
            [-85.113625000272748, 38.716092999657917],
            [-85.114596999868041, 38.715351999929027],
            [-85.115950999953057, 38.714555999686091],
            [-85.116190000327663, 38.714384999934559],
            [-85.11626399994752, 38.71432500017071],
            [-85.11635600000902, 38.714235999961012],
            [-85.116448000070534, 38.714168000316754],
            [-85.116688000270045, 38.713982000320314],
            [-85.116872000393045, 38.713827999723378],
            [-85.117111999694259, 38.713653000075979],
            [-85.117313000434024, 38.713529999947298],
            [-85.117358999566463, 38.713505999760777],
            [-85.117777000041201, 38.713263000221787],
            [-85.11801200021786, 38.713110999971981],
            [-85.118269999960717, 38.712982999769139],
            [-85.11832699986212, 38.71294699991175],
            [-85.11837299989287, 38.712909000237325],
            [-85.118819999781621, 38.712644000101513],
            [-85.118986000361289, 38.712543999900745],
            [-85.119186000377823, 38.712427000105158],
            [-85.119227000385706, 38.712387999897075],
            [-85.119374999625407, 38.712186999781302],
            [-85.119495999999231, 38.712133999998393],
            [-85.120096000048846, 38.711924999863037],
            [-85.121637999556555, 38.71098599981822],
            [-85.123641999919911, 38.710019000343621],
            [-85.124740999736815, 38.70922300029796],
            [-85.124856000262866, 38.709139999758307],
            [-85.125042000035691, 38.70900500012732],
            [-85.125237999854292, 38.708863999804421],
            [-85.126832999963753, 38.707722000221565],
            [-85.128045999583449, 38.706608999919126],
            [-85.12831699974511, 38.706362000105393],
            [-85.129936000144028, 38.704645000132189],
            [-85.130736000210177, 38.703932999890242],
            [-85.131989999837799, 38.702915999820696],
            [-85.133124999639705, 38.702366999659269],
            [-85.13414800018694, 38.702009000196412],
            [-85.135055000383232, 38.701546000248428],
            [-85.135565999846079, 38.701124000301057],
            [-85.136448999752915, 38.700364999703901],
            [-85.136697000348349, 38.700236000089994],
            [-85.137407000002838, 38.69986699992608],
            [-85.13924099958858, 38.699001000199665],
            [-85.139548999560148, 38.698856000096526],
            [-85.142259000278344, 38.697560999701132],
            [-85.145031999847433, 38.696392999899473],
            [-85.145902000233789, 38.696054999879976],
            [-85.146556999636701, 38.69574899992849],
            [-85.147290999580619, 38.695453000104592],
            [-85.147679999743048, 38.695331999804878],
            [-85.148867000321815, 38.694805000174405],
            [-85.149250999563066, 38.694674000038908],
            [-85.149398999701063, 38.694558000253807],
            [-85.149554000410077, 38.694497999976861],
            [-85.149755000251517, 38.694382999714399],
            [-85.15137600030026, 38.693851000325374],
            [-85.153615999766856, 38.69308799966425],
            [-85.154075000249478, 38.692961999730606],
            [-85.154974000049847, 38.69265999989873],
            [-85.155466999969363, 38.69246199992061],
            [-85.156211999783935, 38.692221000054083],
            [-85.156515999557556, 38.692082999811539],
            [-85.156882000153772, 38.691989999894197],
            [-85.157467000134773, 38.691731999671575],
            [-85.158377999630687, 38.691524000048467],
            [-85.158779000387, 38.691431000105581],
            [-85.1591109997497, 38.69128799978413],
            [-85.15988499987661, 38.691073999744916],
            [-85.160279999886811, 38.691009000074772],
            [-85.161329000373328, 38.690695999854682],
            [-85.161603999834625, 38.690640999846991],
            [-85.162204999709161, 38.690453999785177],
            [-85.162456999604231, 38.690405000175637],
            [-85.163270999914104, 38.690240000055859],
            [-85.16391799981939, 38.690081000166828],
            [-85.164118999660843, 38.689981999832511],
            [-85.164502999800405, 38.689899999968873],
            [-85.164937999993597, 38.689839999992039],
            [-85.165980999733989, 38.68958699980498],
            [-85.166414000277342, 38.689556000166739],
            [-85.167388000420786, 38.689288999966955],
            [-85.167462999865535, 38.689276000133987],
            [-85.168780000140657, 38.689037999700375],
            [-85.170500999748484, 38.688681000019514],
            [-85.171234999692402, 38.688529000101845],
            [-85.173048000260081, 38.688022000181874],
            [-85.173161000237997, 38.688007000324518],
            [-85.17338999966853, 38.687996000053154],
            [-85.173576000339679, 38.688026999666171],
            [-85.174650000042234, 38.688204000117018],
            [-85.17647799978019, 38.688440999928076],
            [-85.177005000034882, 38.688452000131029],
            [-85.177210999899202, 38.688463000332241],
            [-85.177595000038764, 38.688402999851462],
            [-85.178260000385706, 38.688413000168786],
            [-85.178359999944831, 38.688414999951611],
            [-85.17864000032732, 38.688389999857513],
            [-85.178814000404572, 38.688375999969253],
            [-85.179028999591438, 38.688358999700633],
            [-85.180124999933597, 38.688232999852012],
            [-85.180867000273452, 38.688150000192266],
            [-85.181612999912929, 38.688096000226757],
            [-85.183469999963208, 38.688044000013683],
            [-85.185118999601016, 38.687851999978349],
            [-85.186845000130049, 38.687748999761652],
            [-85.187635999975384, 38.687618000027527],
            [-85.188276000207978, 38.687546999900086],
            [-85.188324999713473, 38.687552000118764],
            [-85.188636999882988, 38.687561999853877],
            [-85.188665000370406, 38.687562999757198],
            [-85.188871000234727, 38.687584999730177],
            [-85.189970999876536, 38.687847999679967],
            [-85.190739000155659, 38.68812900028847],
            [-85.191549000267557, 38.688517999910722],
            [-85.19164299997891, 38.688562999853126],
            [-85.19201700007271, 38.688743000040859],
            [-85.192120000004877, 38.688847999999645],
            [-85.19211400015709, 38.688969000048218],
            [-85.1920799998219, 38.689045000281219],
            [-85.191919999988343, 38.689100000113498],
            [-85.191643999803816, 38.689110000333443],
            [-85.191302000395353, 38.689100000113498],
            [-85.191072000241604, 38.689171999982968],
            [-85.191092000333072, 38.689230999938907],
            [-85.191239999572772, 38.689312999868129],
            [-85.192157999639704, 38.689549000337038],
            [-85.192735000123108, 38.689630999901794],
            [-85.193162999745283, 38.689676999719097],
            [-85.194028000108773, 38.689622000330388],
            [-85.195037000412313, 38.68963299965057],
            [-85.195655000005274, 38.689687999731952],
            [-85.196267999575383, 38.689797999767933],
            [-85.197471999872576, 38.690115999749381],
            [-85.197734999638328, 38.690166000124982],
            [-85.197987000431723, 38.690247999683734],
            [-85.198909999623211, 38.690467999967993],
            [-85.199150999647642, 38.690517000235566],
            [-85.19944299972569, 38.690517000235566],
            [-85.199718000085298, 38.690588000220345],
            [-85.200142000407823, 38.690736999692596],
            [-85.201252999920285, 38.690984000185921],
            [-85.201449999563792, 38.691038000075132],
            [-85.201924000115028, 38.691169999710652],
            [-85.202295999660706, 38.691229999974347],
            [-85.202427999905183, 38.691295999996008],
            [-85.203545000163757, 38.691570999898197],
            [-85.204089999961795, 38.691767999693297],
            [-85.204243999947593, 38.691812999694925],
            [-85.204558999591853, 38.691856999825013],
            [-85.204771000202271, 38.691900000085298],
            [-85.205940000339368, 38.69232300030616],
            [-85.20673700003249, 38.692592000067144],
            [-85.207264000287182, 38.692845000144366],
            [-85.208666999877707, 38.693399000292324],
            [-85.208924999620578, 38.693509000231401],
            [-85.209113999766444, 38.69358599966737],
            [-85.2092920000417, 38.693700999808911],
            [-85.20984199986259, 38.693905000153812],
            [-85.210145999636211, 38.694047000339161],
            [-85.210400999904337, 38.694300999987412],
            [-85.21107499957381, 38.694584000101116],
            [-85.213052999997899, 38.695453000104592],
            [-85.214858999994561, 38.696487999959629],
            [-85.217005999574752, 38.697850000197199],
            [-85.21826099992559, 38.698968999989425],
            [-85.219133999786692, 38.699572000053827],
            [-85.219387000404978, 38.699761000283161],
            [-85.221118999883473, 38.701058000233608],
            [-85.221380999824305, 38.701346000208346],
            [-85.221525999589261, 38.701551000189646],
            [-85.221887999987487, 38.702002000183199],
            [-85.223560000089847, 38.70394199976424],
            [-85.223668000044881, 38.704022999981404],
            [-85.225043000046313, 38.70493400004284],
            [-85.22527200037517, 38.705070999667591],
            [-85.225478000239491, 38.705229999885461],
            [-85.225735999982348, 38.705394999777333],
            [-85.226418000047744, 38.705993000005968],
            [-85.226796000339519, 38.706465999798901],
            [-85.226934000431783, 38.706701999755637],
            [-85.227105999960912, 38.706898999936861],
            [-85.228004999761296, 38.708321999842227],
            [-85.228263000402464, 38.708701000123682],
            [-85.229002000369249, 38.709556999983803],
            [-85.229289000424444, 38.709853999906933],
            [-85.230664000425861, 38.711527999912072],
            [-85.231179999911575, 38.712194000199368],
            [-85.231452999723061, 38.712513999953437],
            [-85.231533000089001, 38.712595000272941],
            [-85.233134000046235, 38.714206000022855],
            [-85.233271000313593, 38.714420000240814],
            [-85.233255000420058, 38.714667999777113],
            [-85.233004000349894, 38.714745000263598],
            [-85.232528999973738, 38.714742000291736],
            [-85.232486000316044, 38.71481199983657],
            [-85.232532000346794, 38.714987999671024],
            [-85.232983000433507, 38.715447000036008],
            [-85.233318999994168, 38.715732000300292],
            [-85.233363000375107, 38.715762999808007],
            [-85.233867000165262, 38.716119000086849],
            [-85.234626000223543, 38.716603000252334],
            [-85.234705999691158, 38.71667499977103],
            [-85.235196999960849, 38.717107999756493],
            [-85.235692000428486, 38.717731999980849],
            [-85.235849999713906, 38.718203000255556],
            [-85.235797000010464, 38.718449999810701],
            [-85.23559799981885, 38.718356999837205],
            [-85.235237999968717, 38.717974000268612],
            [-85.235087000355989, 38.718001999669781],
            [-85.235085999632773, 38.718159999689576],
            [-85.235739000284141, 38.719183999929584],
            [-85.237188999730336, 38.721215999812841],
            [-85.237358999609654, 38.72144700018562],
            [-85.237402000165659, 38.721475999757921],
            [-85.237444999823367, 38.721480999707147],
            [-85.237720000182975, 38.721776000298163],
            [-85.237956000184539, 38.721990999700374],
            [-85.238531999944712, 38.722394999829582],
            [-85.238972000160757, 38.722791999697016],
            [-85.239756000333401, 38.723681000199349],
            [-85.239861999740285, 38.723793000007944],
            [-85.240741000347484, 38.724719999693598],
            [-85.242884999554633, 38.727103999842072],
            [-85.244184000286396, 38.728718999939382],
            [-85.245124999919554, 38.729890000098912],
            [-85.245130999767341, 38.729898000196748],
            [-85.245437999914017, 38.730308999814092],
            [-85.245746999710491, 38.730717999868659],
            [-85.245893000198677, 38.730945999663852],
            [-85.246150999941534, 38.731381000057624],
            [-85.246273000140278, 38.731526000067447],
            [-85.246454999715155, 38.731746000196871],
            [-85.247279000070748, 38.732337000171135],
            [-85.247530000140912, 38.732480999665974],
            [-85.2478239998688, 38.732696999765423],
            [-85.248632000330872, 38.73312400027222],
            [-85.248853000263821, 38.733239999855769],
            [-85.249564999568108, 38.733639000349754],
            [-85.249599999728218, 38.7337150000577],
            [-85.249897999654053, 38.73380399983418],
            [-85.249956000278686, 38.73380399983418],
            [-85.251869000405463, 38.734678000085474],
            [-85.252895000427429, 38.735124000207293],
            [-85.254975000060469, 38.736047000322863],
            [-85.255811000111649, 38.736420999732857],
            [-85.256631000269309, 38.736900000160013],
            [-85.257002999814958, 38.737064999819282],
            [-85.257754000375641, 38.737344999812692],
            [-85.258520999931534, 38.737648000000341],
            [-85.258819999682274, 38.737818000241056],
            [-85.25948400020431, 38.73797200029118],
            [-85.25994299978862, 38.738120999823394],
            [-85.261879000379935, 38.738670999947971],
            [-85.262630000042293, 38.738857000147739],
            [-85.263254000381366, 38.738956999964493],
            [-85.265856000246231, 38.739529000064891],
            [-85.267082000284745, 38.73984300010035],
            [-85.267477000294946, 38.739914000153533],
            [-85.268576999936769, 38.740124000282528],
            [-85.26886399999195, 38.740145000331509],
            [-85.269229999689856, 38.740211000044923],
            [-85.271367999947529, 38.740580000057896],
            [-85.272376000426135, 38.740740000321622],
            [-85.274588000303652, 38.741058999917655],
            [-85.275790999877643, 38.741230000300519],
            [-85.277360999872741, 38.741482999931542],
            [-85.277658999798561, 38.741538000067791],
            [-85.279125999861506, 38.741719999719884],
            [-85.280024999661876, 38.741713999938959],
            [-85.280608999817971, 38.741768999897296],
            [-85.281515000189344, 38.741863999916696],
            [-85.282620999678954, 38.741908000074595],
            [-85.284430999873564, 38.742056999802919],
            [-85.285118999786732, 38.742127999756867],
            [-85.286820000201402, 38.742276999726769],
            [-85.28925600038491, 38.742419999664165],
            [-85.290951999878374, 38.742305000114364],
            [-85.291736999875923, 38.742266999936049],
            [-85.292642000422404, 38.742201000020827],
            [-85.292818999974415, 38.742201000020827],
            [-85.292894000317474, 38.742152000139839],
            [-85.293054000151045, 38.741894000154701],
            [-85.293192000243309, 38.741810999722318],
            [-85.293311999893916, 38.741822000122845],
            [-85.293392000259857, 38.741872000074821],
            [-85.293599999773988, 38.742011999894238],
            [-85.29362099969039, 38.742060999871285],
            [-85.293711999926998, 38.742103000225242],
            [-85.29379399994275, 38.742140999790166],
            [-85.294096999891437, 38.742125000233948],
            [-85.294516000191123, 38.742064000097564],
            [-85.295553000083743, 38.742064000097564],
            [-85.295902999888114, 38.74206300025569],
            [-85.296560999664052, 38.742059000187439],
            [-85.297564000119806, 38.741976999789934],
            [-85.298939000121237, 38.741966000113969],
            [-85.300595000330063, 38.742032000246382],
            [-85.301407999916705, 38.741993999922833],
            [-85.301987000049934, 38.741961000196973],
            [-85.30397499962146, 38.741669999661475],
            [-85.304559999602489, 38.741570999989072],
            [-85.305562000233309, 38.741576999782055],
            [-85.306101000183574, 38.741528000173581],
            [-85.3089890002787, 38.74106700016597],
            [-85.310833999735081, 38.740758999768573],
            [-85.311453000051287, 38.740676999980288],
            [-85.31217399957643, 38.740520999730094],
            [-85.312238000048836, 38.740510999693413],
            [-85.312874999908374, 38.74038800024924],
            [-85.313591000308961, 38.740196999792346],
            [-85.314567000102215, 38.739998999729586],
            [-85.315450999833971, 38.739851999657041],
            [-85.31574999958471, 38.739794999876366],
            [-85.316893999607458, 38.73958600005782],
            [-85.318087000034012, 38.73930200021929],
            [-85.319457999837496, 38.739001999696164],
            [-85.320550999806613, 38.738738000211349],
            [-85.323084000074502, 38.738178000239436],
            [-85.323823000041287, 38.738050999987848],
            [-85.324045999624047, 38.737984999679611],
            [-85.328619000240309, 38.737155000237173],
            [-85.332606999977259, 38.736397000226731],
            [-85.333109999942494, 38.736257999833562],
            [-85.333224999570234, 38.736226000183684],
            [-85.333648999892745, 38.736122000346533],
            [-85.334823999877656, 38.735956999910229],
            [-85.33532299964493, 38.735841999762897],
            [-85.336136000129883, 38.735577999808932],
            [-85.336434000055732, 38.735435000185504],
            [-85.336548999683444, 38.735293000212522],
            [-85.336571000323048, 38.735022999988431],
            [-85.336456999621944, 38.734940999920759],
            [-85.336403000093568, 38.734927999978289],
            [-85.336186000358609, 38.734898000317656],
            [-85.335871999640929, 38.734925000152955],
            [-85.335755000363378, 38.734891000021321],
            [-85.335717999655131, 38.734853000102355],
            [-85.335729000424109, 38.734815000163174],
            [-85.335774999556548, 38.734770999839512],
            [-85.336659000186614, 38.734478000241985],
            [-85.337202000334841, 38.734299000204949],
            [-85.33752899967466, 38.734214000151667],
            [-85.338024000142298, 38.734085999905254],
            [-85.338158999861506, 38.734068000038341],
            [-85.338301999976636, 38.734072999807175],
            [-85.33918400005858, 38.73429800025437],
            [-85.339505000448938, 38.734374999911417],
            [-85.339550999581377, 38.734374999911417],
            [-85.339820000093212, 38.73433299991764],
            [-85.339952000337689, 38.734288000047137],
            [-85.340244000415737, 38.734264999775327],
            [-85.342581999791634, 38.733529999742345],
            [-85.342733000302687, 38.733489999876305],
            [-85.344027999938177, 38.733260999826676],
            [-85.345541999856792, 38.733011999673977],
            [-85.346746999978905, 38.73279499985469],
            [-85.347548999694894, 38.732635000011307],
            [-85.348070000101799, 38.732474999809604],
            [-85.348177000231928, 38.732454000308337],
            [-85.348431999601715, 38.732378999936991],
            [-85.34890799980279, 38.732284999892933],
            [-85.350057999673325, 38.732144999926021],
            [-85.350503999737171, 38.732000999753907],
            [-85.351522000261525, 38.731710999966744],
            [-85.352602999636773, 38.731493999699126],
            [-85.353659999620874, 38.731395999927308],
            [-85.354252999997811, 38.731327999792128],
            [-85.355451000447246, 38.731316999877514],
            [-85.356326999783079, 38.73128900008728],
            [-85.356623999884008, 38.73128900008728],
            [-85.356997999977807, 38.731265000258325],
            [-85.357650999730879, 38.73119500001048],
            [-85.359455999902622, 38.731089999860352],
            [-85.359908999639146, 38.731083999887197],
            [-85.360218000333944, 38.730969000303567],
            [-85.360518999734509, 38.730888999783311],
            [-85.360732000169861, 38.730804999876398],
            [-85.360957000300743, 38.730770999885983],
            [-85.361191999579063, 38.730704999858425],
            [-85.362195000034816, 38.73056200029027],
            [-85.363329000011831, 38.730477999998868],
            [-85.363616000067012, 38.730456999910608],
            [-85.364447000095311, 38.730428999783285],
            [-85.365976000082526, 38.730460999927885],
            [-85.366388999636087, 38.730505000103342],
            [-85.366549000367982, 38.730590999667172],
            [-85.366566999911328, 38.730748999883595],
            [-85.366413999750435, 38.730922999717521],
            [-85.366038999831716, 38.731105999786429],
            [-85.365841000363318, 38.73123899973379],
            [-85.366022999938195, 38.731295000043268],
            [-85.366295999749681, 38.731281000145209],
            [-85.367024999670718, 38.731007000186459],
            [-85.368084000202984, 38.730647999785539],
            [-85.36851100000024, 38.730578000334603],
            [-85.369013000140583, 38.730498000077219],
            [-85.369874000306098, 38.730431999797432],
            [-85.370474000355728, 38.730384000256429],
            [-85.37060700042511, 38.730389000283118],
            [-85.371098999621381, 38.73036600015746],
            [-85.37265699992092, 38.730473999982536],
            [-85.373699999661341, 38.730726999874371],
            [-85.373918000119545, 38.730797999879684],
            [-85.374288999840303, 38.730941999673725],
            [-85.374611000055594, 38.731066999960376],
            [-85.37495599983707, 38.731132999653504],
            [-85.375017999761369, 38.731136000338864],
            [-85.375570000130395, 38.731160000211162],
            [-85.375863000033362, 38.731143000302474],
            [-85.376783999575039, 38.731274000195121],
            [-85.378838999992027, 38.731860999931129],
            [-85.379392000185987, 38.731876999684523],
            [-85.380710000286015, 38.731986000011261],
            [-85.38302799957043, 38.732514000268452],
            [-85.383471000159545, 38.732575000152885],
            [-85.384226000019851, 38.732672999708754],
            [-85.384380000005635, 38.732688000007862],
            [-85.385062000071031, 38.732756000249971],
            [-85.386155999865068, 38.73293200004013],
            [-85.388648999949979, 38.733444000212884],
            [-85.389433999947542, 38.733625000210317],
            [-85.389948999608336, 38.733773999701455],
            [-85.390733999605885, 38.733972000204396],
            [-85.391542000067972, 38.734208999691944],
            [-85.392143999767427, 38.734361999865946],
            [-85.39308399957568, 38.734544000287251],
            [-85.39700799973852, 38.735446000166732],
            [-85.397452999977432, 38.735532000088732],
            [-85.398744000313272, 38.735781999795329],
            [-85.402044999961959, 38.736343000257371],
            [-85.403706000193651, 38.736628999786319],
            [-85.404164999777961, 38.736728000003268],
            [-85.40621000014923, 38.736953999708255],
            [-85.406640000319527, 38.736966000069465],
            [-85.40772300024291, 38.737076000250191],
            [-85.408365000125329, 38.737143999818485],
            [-85.408708000256993, 38.737150999894062],
            [-85.410238000069143, 38.737134999920542],
            [-85.412191000378868, 38.736985999732745],
            [-85.414143999790298, 38.736859000164323],
            [-85.415461999890326, 38.736657000286272],
            [-85.415543999906106, 38.736602999812753],
            [-85.415613000401379, 38.736584999879454],
            [-85.415749999770426, 38.736576999829722],
            [-85.415928000045653, 38.736583000042273],
            [-85.415989000145018, 38.736575999911068],
            [-85.416959999915406, 38.736356999864022],
            [-85.41954000003895, 38.735512999951894],
            [-85.421483000302956, 38.734985000139694],
            [-85.421623000045031, 38.734943999745475],
            [-85.421749000441721, 38.73491999974302],
            [-85.422625999602474, 38.734651000156852],
            [-85.422924000426633, 38.734496999953343],
            [-85.423112999674188, 38.734337999667929],
            [-85.42329099994943, 38.734145999896008],
            [-85.42349699981375, 38.733745000215187],
            [-85.423553999715153, 38.733486999990582],
            [-85.423593999898131, 38.733244999682562],
            [-85.423656999647321, 38.733190000167092],
            [-85.423932000006943, 38.733086000113929],
            [-85.424378999895694, 38.733020000122956],
            [-85.424538999729265, 38.73301500028041],
            [-85.424706000133838, 38.73302599993356],
            [-85.425029999998941, 38.733047999935479],
            [-85.425043000417716, 38.73304500003119],
            [-85.425753000072206, 38.732853000287477],
            [-85.425845999958625, 38.732828000312097],
            [-85.426419000244081, 38.732640999854247],
            [-85.426969000064972, 38.732433000100194],
            [-85.427548000198215, 38.732047000346519],
            [-85.427783000374845, 38.731954999832396],
            [-85.428017999653164, 38.731859999946458],
            [-85.428086000323546, 38.731835000324281],
            [-85.428149000072736, 38.731818999860764],
            [-85.42830399988344, 38.731763999948136],
            [-85.42847600031088, 38.7316789996813],
            [-85.428585000090834, 38.731652000020581],
            [-85.428825000290345, 38.731549999808657],
            [-85.428969000230381, 38.731492999709282],
            [-85.429163000399143, 38.731391999962376],
            [-85.429432999837573, 38.731290000079987],
            [-85.429621999983453, 38.731226999811952],
            [-85.429811000129348, 38.731087999869381],
            [-85.429873999878538, 38.731049000033501],
            [-85.430046000305992, 38.730975000286435],
            [-85.430728000371374, 38.730684999838012],
            [-85.431065999581861, 38.730572000318389],
            [-85.431145999947816, 38.730554000266793],
            [-85.431375000276645, 38.730438999830028],
            [-85.43143800002585, 38.730413999710557],
            [-85.431513000368923, 38.730403999660318],
            [-85.431673000202494, 38.73039900033546],
            [-85.431719000233258, 38.730387000272529],
            [-85.431838999883837, 38.73032299990264],
            [-85.431884999914601, 38.730289999689582],
            [-85.431930999945351, 38.730269000246793],
            [-85.432017000159078, 38.73024900010433],
            [-85.432114000243459, 38.7302339999938],
            [-85.432303000389354, 38.730177000245895],
            [-85.432377999834088, 38.730149000008844],
            [-85.43257799985065, 38.730102000287033],
            [-85.4327159999429, 38.730076000039993],
            [-85.433037000333272, 38.729962000246587],
            [-85.433100000082462, 38.729933999925258],
            [-85.433219999733055, 38.729852000322651],
            [-85.433311999794569, 38.729800999650635],
            [-85.433690000086344, 38.729628999918916],
            [-85.433809999736951, 38.729584999904723],
            [-85.433988000012164, 38.729533999742898],
            [-85.434056999609155, 38.729503999919238],
            [-85.43432600012099, 38.72947400008298],
            [-85.434372000151726, 38.729438000122727],
            [-85.434754999568057, 38.729402000144276],
            [-85.435947000169691, 38.72870999968071],
            [-85.43653200015072, 38.728226000217816],
            [-85.437107999910879, 38.727607000040237],
            [-85.437133000025241, 38.727578000152839],
            [-85.437215000041007, 38.727564000227183],
            [-85.437230999934528, 38.727562000137446],
            [-85.437275000315466, 38.72749199976522],
            [-85.437557000347766, 38.727050999907526],
            [-85.438061999962841, 38.726310000262615],
            [-85.438508999851578, 38.725545999665201],
            [-85.438824000394163, 38.724909000024766],
            [-85.439482999995036, 38.723910000121073],
            [-85.440451000290679, 38.722646000069268],
            [-85.440828999684129, 38.722086000094009],
            [-85.441190000257478, 38.721603000042229],
            [-85.441488000183298, 38.721119000095172],
            [-85.441918000353624, 38.720591999869967],
            [-85.441991999973467, 38.720503999897922],
            [-85.44289800034484, 38.719268000182439],
            [-85.443182999851871, 38.71892400005644],
            [-85.443345000233577, 38.718752000073366],
            [-85.443545000250126, 38.7184939996731],
            [-85.444003000009531, 38.718005000205714],
            [-85.444162999843101, 38.717943000318058],
            [-85.444376000278424, 38.717787999662676],
            [-85.446821999609355, 38.715125999875298],
            [-85.447060999983961, 38.714920000041211],
            [-85.447257999627453, 38.714719000035792],
            [-85.447552000253651, 38.714605000273203],
            [-85.44824299964155, 38.714005000112458],
            [-85.448547000313482, 38.71369800032663],
            [-85.450184000255732, 38.711931000043123],
            [-85.450272000119284, 38.711815000210429],
            [-85.450329000020687, 38.711667000053907],
            [-85.450655000433912, 38.710079000216837],
            [-85.450700999566351, 38.709831999773222],
            [-85.450944999963824, 38.708881999711984],
            [-85.451348000369961, 38.708035999858943],
            [-85.451441000256395, 38.707929000088299],
            [-85.451544000188534, 38.707903999804344],
            [-85.451617999808391, 38.707958999856729],
            [-85.451649999595446, 38.708052000040176],
            [-85.451649999595446, 38.708101999794877],
            [-85.451628999679045, 38.708491999765663],
            [-85.451498000157784, 38.709151000282951],
            [-85.451468999845474, 38.709534999758652],
            [-85.451481000439344, 38.7102930001723],
            [-85.451526999571783, 38.710340999890967],
            [-85.451663000014236, 38.710332000121419],
            [-85.451674999709809, 38.7102930001723],
            [-85.451687000303679, 38.710259999821318],
            [-85.451784000388059, 38.710149999709692],
            [-85.452053999826475, 38.709562999661657],
            [-85.452207999812273, 38.709030000026281],
            [-85.452257000216079, 38.708767000146679],
            [-85.452334000208964, 38.708343000126824],
            [-85.452360999973138, 38.7081940001774],
            [-85.452492000392724, 38.707332999883491],
            [-85.452724000196298, 38.705557999984983],
            [-85.453156000016435, 38.70438400028371],
            [-85.453217000115814, 38.704136000122489],
            [-85.453320000047981, 38.703889000178307],
            [-85.45337699994937, 38.703626000315928],
            [-85.453790000401241, 38.702752000208839],
            [-85.453972999801053, 38.7023790002212],
            [-85.454401000321525, 38.701264000051282],
            [-85.454572000025749, 38.700279000220839],
            [-85.454721999813572, 38.699388999856581],
            [-85.455134000440523, 38.698670000225256],
            [-85.455147999785936, 38.698620999933638],
            [-85.455428000168411, 38.697874999789782],
            [-85.4555679999105, 38.697447999686922],
            [-85.455801000437305, 38.696738000253063],
            [-85.455926999935699, 38.696287000015481],
            [-85.456143999670687, 38.695166000034178],
            [-85.45621300016596, 38.694908999848906],
            [-85.456364999603622, 38.693845999845784],
            [-85.456505000244007, 38.693274000028808],
            [-85.456754999590956, 38.692251999939863],
            [-85.456793000124108, 38.690496000325346],
            [-85.456912999774701, 38.688717000174144],
            [-85.456721000154076, 38.686579999702822],
            [-85.456722999803901, 38.6863570003242],
            [-85.456568999818103, 38.685521999709984],
            [-85.456367999976663, 38.684916999828282],
            [-85.45625900019671, 38.684587999785322],
            [-85.456235999732172, 38.68449999967298],
            [-85.456219000013732, 38.684463000254823],
            [-85.456189999701422, 38.68443600028835],
            [-85.456172999982982, 38.684361000016196],
            [-85.456172999982982, 38.684190000279834],
            [-85.456143999670687, 38.684094000064256],
            [-85.456116000081579, 38.684026999757101],
            [-85.456075999898616, 38.683956000273717],
            [-85.456059000180161, 38.683911000238744],
            [-85.456070000050815, 38.68379100000719],
            [-85.456084000294538, 38.68374100008505],
            [-85.456054000157309, 38.683614999817742],
            [-85.455663000345055, 38.682715999942509],
            [-85.455428000168411, 38.68223900024487],
            [-85.455353999650242, 38.682076000186761],
            [-85.455319000388457, 38.681983999865324],
            [-85.455261999588728, 38.681909999810543],
            [-85.455158999656575, 38.681727999994777],
            [-85.454860999730741, 38.681139000184544],
            [-85.454775000415324, 38.680959999797324],
            [-85.454757999798588, 38.680927999931612],
            [-85.454735000232375, 38.680881000102993],
            [-85.454724000361722, 38.68084400021614],
            [-85.454660999714221, 38.680715999758874],
            [-85.454505999903517, 38.680633999794864],
            [-85.454269999901953, 38.680388000040324],
            [-85.45413400035784, 38.680247000099122],
            [-85.453996000265576, 38.680077999664334],
            [-85.453864999846004, 38.679965000084614],
            [-85.453601000255361, 38.679689999753784],
            [-85.452615000416358, 38.678816000303463],
            [-85.452426000270478, 38.678661999711565],
            [-85.452231000276797, 38.67839300017323],
            [-85.451760999923522, 38.677651999684095],
            [-85.451303000164117, 38.677157999771332],
            [-85.450770000061638, 38.676531000150852],
            [-85.450253999677614, 38.675827999782946],
            [-85.450247999829827, 38.67577000006473],
            [-85.450156999593233, 38.675705999885892],
            [-85.450123000156367, 38.675589000134238],
            [-85.45011700030858, 38.675551000245697],
            [-85.45009999969183, 38.675517999993914],
            [-85.449933000185553, 38.6753870003107],
            [-85.449893000002575, 38.675358999651337],
            [-85.449851000169787, 38.675340999722607],
            [-85.449819000382746, 38.675327000086654],
            [-85.449663999673717, 38.675180000236864],
            [-85.449549999870925, 38.6750929998544],
            [-85.449395000060221, 38.674929999651212],
            [-85.449349000029471, 38.674874000067945],
            [-85.449280000432495, 38.674810999870807],
            [-85.449200000066554, 38.674721000194275],
            [-85.449085000438814, 38.674585000032046],
            [-85.448930999554719, 38.674443999879777],
            [-85.448867999805529, 38.674379999918017],
            [-85.44879300036078, 38.674312000246573],
            [-85.448718999842612, 38.674259999835428],
            [-85.448471999970408, 38.674026000323096],
            [-85.448431999787431, 38.673970000032618],
            [-85.448328999855278, 38.673898999689051],
            [-85.448185999740133, 38.67381500013996],
            [-85.448139999709383, 38.673773999723068],
            [-85.448106000272517, 38.673719000033543],
            [-85.448060000241767, 38.673554000010185],
            [-85.448010999837948, 38.673459999754563],
            [-85.447795999752813, 38.673251000213689],
            [-85.447630000071456, 38.673153999947665],
            [-85.447510000420834, 38.673036000126451],
            [-85.44740699959037, 38.672992999750974],
            [-85.447297999810431, 38.672959999722615],
            [-85.447223000365682, 38.672924000056824],
            [-85.447178000159823, 38.672855999703629],
            [-85.447028000372001, 38.672588000199219],
            [-85.446970999572272, 38.672533000299829],
            [-85.446902999800201, 38.672423999787824],
            [-85.446834000203239, 38.672386999737135],
            [-85.446794000020262, 38.672342000142535],
            [-85.446593000178808, 38.672036999885009],
            [-85.446444000215891, 38.671839000348989],
            [-85.446306000123641, 38.671719000214928],
            [-85.446260999917783, 38.671675000325791],
            [-85.446192000320821, 38.671624000229137],
            [-85.44612899967332, 38.671563000230869],
            [-85.446092999688304, 38.671531999797892],
            [-85.445911000113426, 38.6713770002372],
            [-85.445843000341384, 38.671297999784422],
            [-85.445790999564508, 38.67125800016116],
            [-85.445602000316953, 38.671056000039009],
            [-85.445446999607924, 38.670924999905125],
            [-85.445332999805117, 38.670811999902192],
            [-85.44522999987295, 38.670694999866399],
            [-85.445075000062261, 38.670561000052139],
            [-85.44499499969632, 38.67047899967568],
            [-85.444845999733403, 38.67028800035056],
            [-85.444753999671889, 38.670194000014597],
            [-85.444639000044177, 38.670053999777814],
            [-85.444525000241342, 38.66986099971902],
            [-85.444420999585958, 38.669752000048241],
            [-85.444398999844651, 38.669694999768218],
            [-85.444392999996879, 38.669630000316417],
            [-85.444376000278424, 38.669601000056375],
            [-85.444352999813901, 38.669575999701891],
            [-85.444273000346257, 38.669521999747957],
            [-85.444233000163294, 38.669479000067298],
            [-85.444203999850984, 38.669427999808974],
            [-85.444146000124647, 38.669360000343275],
            [-85.443957999803686, 38.669065000221707],
            [-85.44388900020671, 38.668983000235947],
            [-85.4437679998329, 38.668822999941938],
            [-85.443683000342389, 38.668686000331029],
            [-85.443648000182293, 38.668615999824496],
            [-85.443567999816338, 38.668498999706898],
            [-85.443527999633375, 38.668409999980895],
            [-85.443453000188626, 38.66830699983683],
            [-85.443418999853435, 38.66826500030075],
            [-85.443028999866087, 38.667491999914013],
            [-85.443012000147661, 38.66743200008667],
            [-85.442644999726539, 38.666762000235472],
            [-85.442581999977349, 38.666626999878218],
            [-85.442514000205279, 38.666283999924573],
            [-85.442444999709991, 38.666219000181705],
            [-85.442416000295992, 38.666153000177403],
            [-85.442392999831455, 38.666091000224192],
            [-85.441865999576763, 38.665156999931469],
            [-85.441653999864656, 38.664834000162053],
            [-85.441201000128132, 38.663866000062036],
            [-85.44089800017943, 38.662992999843716],
            [-85.440736999622629, 38.662707999844777],
            [-85.440554000222846, 38.662443999845379],
            [-85.440381999795392, 38.661428000162942],
            [-85.440199000395609, 38.660982999972241],
            [-85.440067000151132, 38.660776999913963],
            [-85.439883999853024, 38.660609999666782],
            [-85.439653999699246, 38.660301999785638],
            [-85.439006999793961, 38.659550000295638],
            [-85.438944000044771, 38.659422999937284],
            [-85.438835000264831, 38.659285999878172],
            [-85.438629000400496, 38.65888999988254],
            [-85.438525999570032, 38.658396000276525],
            [-85.438456999973056, 38.657978999937967],
            [-85.438445000277497, 38.657611000327577],
            [-85.438554000057437, 38.65617199987949],
            [-85.438605999935973, 38.655962999680867],
            [-85.438651999966723, 38.655320000290345],
            [-85.4385940002404, 38.654782000166307],
            [-85.438354000040889, 38.653870000213068],
            [-85.438210000100852, 38.653398000317566],
            [-85.438015999932077, 38.652179000239677],
            [-85.437831999809063, 38.651421000008867],
            [-85.437655000257053, 38.650623999969227],
            [-85.437563000195553, 38.650092000111151],
            [-85.437585999761779, 38.649475999771155],
            [-85.437642999663183, 38.649151999699136],
            [-85.437786999603219, 38.648741000137043],
            [-85.437993000365864, 38.648295999700814],
            [-85.438215999948639, 38.647723999955453],
            [-85.438308000010124, 38.647537999780496],
            [-85.438589000217533, 38.64668699970948],
            [-85.4385940002404, 38.646614999901757],
            [-85.438571999600782, 38.64660800008221],
            [-85.438559999905209, 38.646539000221104],
            [-85.438530999592899, 38.646468000040429],
            [-85.438519999722232, 38.646411999947134],
            [-85.438530999592899, 38.646326999947334],
            [-85.438571999600782, 38.646108999660427],
            [-85.438571999600782, 38.645924999771005],
            [-85.438569000126051, 38.645885999790991],
            [-85.438559999905209, 38.645773000268619],
            [-85.438571999600782, 38.645714000273365],
            [-85.4385940002404, 38.645655000229532],
            [-85.438616999806626, 38.645520999866257],
            [-85.438605999935973, 38.64531800032033],
            [-85.4385940002404, 38.645130999718226],
            [-85.438635000248283, 38.645077000275236],
            [-85.438600000088186, 38.644709000336881],
            [-85.438519999722232, 38.643983999722316],
            [-85.438497000156019, 38.642324999649645],
            [-85.438503000003806, 38.64154600017622],
            [-85.438543000186783, 38.64116100009668],
            [-85.438559999905209, 38.640249999925409],
            [-85.438559999905209, 38.639772000198349],
            [-85.43864600011895, 38.638860000031165],
            [-85.439087000159915, 38.63714099998564],
            [-85.439282000153582, 38.636201000190653],
            [-85.439385000085736, 38.635574999746098],
            [-85.439482000170116, 38.634184999710143],
            [-85.439477000147235, 38.63334000011573],
            [-85.439482000170116, 38.632357000086031],
            [-85.439550999767093, 38.631582000274619],
            [-85.439596999797843, 38.630846000271013],
            [-85.439580000079403, 38.630264000173952],
            [-85.439482000170116, 38.628615999998836],
            [-85.439436999964272, 38.627176999697824],
            [-85.439477000147235, 38.626451999994913],
            [-85.439425000268713, 38.625323999984985],
            [-85.439379000237963, 38.625045000065597],
            [-85.439328000184318, 38.624336999895405],
            [-85.439206999810509, 38.623617000023714],
            [-85.439190000092083, 38.622996999800158],
            [-85.439103999878341, 38.621777999835771],
            [-85.439087000159915, 38.621014000112268],
            [-85.439155999756878, 38.620091999902961],
            [-85.439173000373628, 38.6193170001727],
            [-85.439103999878341, 38.618690999696874],
            [-85.438589000217533, 38.616465999998354],
            [-85.438565999752996, 38.616245999743882],
            [-85.438421999812959, 38.615714000194011],
            [-85.438410999942292, 38.615548999915887],
            [-85.438508000026687, 38.615054999825979],
            [-85.438576999623649, 38.614845999735721],
            [-85.438771999617316, 38.61357199996749],
            [-85.438759999921771, 38.612994999864746],
            [-85.43880099992964, 38.612456999973574],
            [-85.438771999617316, 38.610550999775803],
            [-85.438765999769544, 38.610094999901605],
            [-85.4386920001497, 38.608875999675334],
            [-85.438354000040889, 38.606062999677768],
            [-85.438267999827161, 38.605524999753364],
            [-85.438044000419495, 38.604547000024887],
            [-85.437574999891112, 38.603065000264039],
            [-85.43741400023265, 38.602653000035303],
            [-85.437259000421946, 38.602212999782829],
            [-85.435901000138941, 38.598874000083264],
            [-85.435236999616919, 38.597676999708263],
            [-85.435008000186357, 38.597291999972086],
            [-85.434588999886714, 38.596665999681598],
            [-85.434217000341036, 38.596078000187752],
            [-85.433690000086344, 38.595441000098475],
            [-85.433495000092677, 38.595106000349411],
            [-85.433173999702305, 38.594413999872458],
            [-85.432945000271772, 38.59385299990543],
            [-85.431655999585743, 38.591903999960401],
            [-85.431197000001433, 38.591212000214384],
            [-85.430858999892621, 38.590690000335385],
            [-85.430344000231827, 38.590037000309906],
            [-85.429873999878538, 38.58939900011152],
            [-85.428481000333761, 38.587186000176487],
            [-85.428149000072736, 38.586570000026938],
            [-85.427899999652396, 38.586240999792999],
            [-85.427415999953723, 38.585604000194834],
            [-85.427088999715579, 38.58520799970519],
            [-85.42529600013772, 38.582856999782756],
            [-85.424939999587252, 38.582341000063316],
            [-85.424809000066006, 38.582066000002243],
            [-85.424568000041575, 38.581692999835148],
            [-85.424156000312934, 38.580895999948382],
            [-85.423571000331904, 38.579671000252546],
            [-85.422838000212892, 38.578286999883318],
            [-85.421972999849416, 38.576929999997041],
            [-85.420741999788021, 38.574792999918422],
            [-85.420248000043614, 38.573931000158154],
            [-85.420058999897719, 38.573818999708706],
            [-85.41990400008703, 38.573618000339131],
            [-85.419817999873302, 38.573448999829502],
            [-85.419668999910385, 38.573183000291635],
            [-85.419543000412006, 38.572929000251925],
            [-85.419297000364708, 38.572470999940386],
            [-85.419233999717207, 38.572377999940635],
            [-85.41914800040179, 38.572175999941891],
            [-85.419095999624943, 38.572002999807857],
            [-85.418913000225146, 38.57161300017794],
            [-85.418478000031968, 38.570926000078387],
            [-85.418104999763059, 38.570267000025737],
            [-85.417554999942155, 38.569487000170341],
            [-85.417405999979238, 38.569102999735243],
            [-85.417291000351511, 38.568646999933136],
            [-85.417170999802593, 38.567834000079621],
            [-85.41702199983969, 38.567146999667656],
            [-85.416999000273464, 38.566875000283304],
            [-85.41681599997537, 38.566283999990688],
            [-85.416696000324762, 38.566008000071577],
            [-85.416632999677262, 38.565816000296628],
            [-85.416483999714345, 38.565316000143461],
            [-85.416415000117382, 38.565180999779578],
            [-85.416398000398942, 38.565130999970648],
            [-85.416398000398942, 38.565031000248489],
            [-85.416379999957272, 38.564993000036587],
            [-85.416345999622081, 38.564956000014284],
            [-85.41613999975776, 38.56485000018673],
            [-85.416117000191534, 38.56482400031117],
            [-85.416093999727011, 38.564787000201861],
            [-85.416077000008571, 38.564734000182987],
            [-85.416071000160784, 38.564662000280222],
            [-85.416077000008571, 38.564537999654291],
            [-85.416047999696261, 38.564427000232293],
            [-85.416014000259366, 38.564366999827897],
            [-85.415876000167131, 38.564189000159686],
            [-85.415795999801176, 38.564025999879476],
            [-85.415767000387177, 38.563924000278831],
            [-85.415767000387177, 38.563871000325861],
            [-85.415795999801176, 38.563713999984081],
            [-85.415801999648949, 38.563637000026603],
            [-85.415779000082736, 38.563548000045984],
            [-85.415755999618213, 38.563473999899244],
            [-85.41568100017345, 38.563303000350764],
            [-85.415652999686046, 38.56320900019152],
            [-85.415640999990472, 38.562974000309154],
            [-85.415635999967591, 38.562864999651516],
            [-85.415635999967591, 38.562821999907278],
            [-85.415676000150569, 38.562564000198982],
            [-85.415670000302796, 38.562283999756147],
            [-85.415640999990472, 38.561978000126928],
            [-85.415630000119819, 38.561853000236475],
            [-85.415573000218401, 38.561583999847187],
            [-85.415567000370629, 38.561422999795816],
            [-85.415584000089069, 38.561271000328212],
            [-85.415503999723128, 38.560805999697592],
            [-85.415487000004688, 38.560680000309318],
            [-85.415429000278365, 38.560405000213919],
            [-85.415429000278365, 38.560264000214197],
            [-85.415464000438462, 38.560172000144902],
            [-85.415475000309129, 38.560116000106191],
            [-85.415468999563032, 38.559769000072585],
            [-85.415424000255484, 38.559304000261335],
            [-85.415153999918758, 38.558133999688287],
            [-85.415021999674281, 38.556205999768544],
            [-85.415165999614331, 38.554843999767066],
            [-85.415183000231082, 38.55410800013135],
            [-85.41506799970503, 38.552460000180069],
            [-85.415061999857244, 38.551444000207901],
            [-85.41509700001734, 38.550922000058726],
            [-85.415257999675831, 38.549593000345226],
            [-85.415400999790961, 38.547984000012605],
            [-85.415487000004688, 38.546714999826165],
            [-85.415554999776759, 38.544968999780167],
            [-85.415911000327213, 38.543194999909574],
            [-85.416190999811377, 38.542448000342624],
            [-85.416398000398942, 38.54179399969064],
            [-85.416564999905191, 38.541416999801349],
            [-85.416604000263263, 38.54133300029671],
            [-85.41679900025693, 38.541003000339451],
            [-85.416851999960372, 38.540904999758212],
            [-85.417222999681144, 38.540212999869425],
            [-85.417311000443007, 38.540040999940317],
            [-85.417778000423226, 38.539147000089507],
            [-85.417915999617165, 38.538827999922411],
            [-85.417882000180313, 38.53807599986196],
            [-85.417893000050952, 38.537817999878108],
            [-85.41793300023393, 38.537730000140414],
            [-85.418144999946037, 38.537582000019434],
            [-85.418810000292979, 38.537262999938555],
            [-85.419135999807921, 38.537026999664342],
            [-85.419348000418339, 38.536828999682591],
            [-85.419451000350506, 38.536642000175341],
            [-85.419478999939585, 38.536529999937109],
            [-85.419509000076815, 38.536384999871572],
            [-85.419439999581527, 38.535692000149886],
            [-85.419433999733755, 38.5355660003137],
            [-85.419463000046065, 38.53545600034321],
            [-85.419531999643041, 38.535330000093609],
            [-85.420878000230459, 38.533995000005334],
            [-85.421508000417319, 38.533429999926248],
            [-85.422655999739717, 38.532280999837909],
            [-85.423106999826416, 38.531831000259331],
            [-85.424505000292385, 38.530480000109897],
            [-85.425250000106971, 38.529750999852126],
            [-85.426504999559484, 38.528608000117892],
            [-85.426768000223532, 38.528382999735705],
            [-85.426974999912758, 38.528163000149711],
            [-85.427472999855127, 38.527723999687545],
            [-85.427851000146902, 38.52743300028235],
            [-85.427873999713114, 38.52743300028235],
            [-85.428612999679927, 38.526882999822739],
            [-85.428944999940953, 38.526652000133112],
            [-85.430498000217597, 38.52553200023938],
            [-85.431873000219028, 38.52467599975283],
            [-85.43292199980722, 38.524065999705343],
            [-85.434234000059476, 38.523263999847238],
            [-85.434451999619355, 38.523165999698726],
            [-85.435162000172156, 38.522917999874259],
            [-85.436234000224886, 38.522446000023777],
            [-85.436578000181484, 38.522292000189076],
            [-85.436818000380967, 38.522221000053861],
            [-85.437024000245302, 38.522141000332368],
            [-85.437780999755446, 38.521962000035991],
            [-85.439120999596767, 38.521407000072237],
            [-85.43951099958413, 38.521260000223499],
            [-85.440278999863239, 38.520946000057457],
            [-85.442105999776288, 38.520243000046349],
            [-85.443207000141328, 38.519929999793838],
            [-85.444604999708986, 38.519601000194434],
            [-85.445589999723055, 38.519237999865702],
            [-85.446804999890915, 38.51878200005909],
            [-85.447996999594253, 38.518309999793821],
            [-85.449051000103637, 38.51794699998311],
            [-85.449589000228968, 38.517788000250455],
            [-85.449852999819612, 38.517672000228394],
            [-85.450678000000138, 38.517204999866088],
            [-85.452946999779073, 38.515941999735908],
            [-85.453319000223047, 38.51570000007073],
            [-85.454081999580993, 38.51529899998485],
            [-85.455112999625825, 38.514842999826826],
            [-85.455404999703873, 38.514683000061005],
            [-85.456172999982982, 38.514397000287843],
            [-85.457306999959997, 38.513935999660234],
            [-85.457989000025393, 38.513649999731129],
            [-85.458636999755583, 38.513458000021217],
            [-85.460509999699397, 38.512990999735379],
            [-85.46147799999504, 38.512732000245762],
            [-85.462647000132137, 38.512336999821713],
            [-85.462974000370309, 38.512183000149427],
            [-85.463914000178548, 38.511819999668845],
            [-85.464247000264479, 38.51165899996581],
            [-85.464945000223395, 38.511331000072644],
            [-85.465855999719324, 38.510853000008773],
            [-85.466114000360506, 38.510727000260516],
            [-85.466296999760289, 38.510606000199893],
            [-85.467079000283107, 38.51009600005078],
            [-85.467191000436102, 38.510022999997155],
            [-85.4678609999076, 38.509461999801864],
            [-85.468274000359486, 38.509160999650831],
            [-85.46968899964557, 38.508012000107456],
            [-85.470112999968094, 38.50761600019765],
            [-85.471333999983742, 38.506562000036752],
            [-85.472250000400848, 38.505797999760411],
            [-85.472576999740696, 38.505479000076683],
            [-85.473004000436262, 38.505128000094317],
            [-85.473126999561586, 38.505027999882373],
            [-85.474846000417926, 38.503051000252491],
            [-85.475058000130034, 38.502699000015134],
            [-85.475344000360309, 38.502341999684923],
            [-85.47574000019543, 38.501716000341915],
            [-85.475826000409143, 38.501639000086257],
            [-85.47585399999825, 38.501637999698978],
            [-85.476083000327108, 38.501314000017572],
            [-85.476438999979251, 38.500600999726018],
            [-85.476501999728441, 38.500386000207399],
            [-85.476582000094382, 38.500068000161328],
            [-85.476587999942168, 38.500059999699936],
            [-85.476604999660609, 38.499945000350628],
            [-85.47709799958011, 38.49917600018501],
            [-85.477618999987001, 38.498230000160383],
            [-85.477813999980668, 38.4978479997283],
            [-85.47873399969744, 38.496175000013793],
            [-85.479383000150875, 38.494804999924376],
            [-85.479737999978099, 38.493689999905136],
            [-85.479808000298306, 38.493303000304259],
            [-85.479859000351937, 38.493106000063307],
            [-85.480102999851084, 38.492464000108448],
            [-85.480343999875529, 38.491636000150685],
            [-85.480393000279321, 38.491481999803668],
            [-85.480610000014295, 38.490963000032011],
            [-85.480678999611271, 38.490656000187499],
            [-85.480839000343153, 38.490244000186642],
            [-85.481205999865949, 38.488929999771884],
            [-85.481246000048927, 38.488287999874565],
            [-85.481630000188488, 38.48752999982176],
            [-85.483508999980074, 38.484684000091427],
            [-85.483966999739479, 38.484094000117807],
            [-85.484499999841944, 38.483404000242885],
            [-85.484821000232316, 38.482904000302639],
            [-85.485154000318246, 38.482458999815357],
            [-85.485422999931757, 38.482150999650095],
            [-85.486351000044451, 38.480925999694144],
            [-85.486556999908757, 38.480623999866033],
            [-85.48825300030056, 38.47852000015083],
            [-85.488502999647494, 38.478177999705039],
            [-85.488690999968469, 38.477923000259906],
            [-85.488889000335206, 38.477652000343511],
            [-85.490415999774271, 38.475991999894539],
            [-85.492092000074578, 38.474121000324679],
            [-85.49246399962027, 38.473707999964759],
            [-85.492888999767686, 38.47325000006358],
            [-85.494274999639785, 38.471919999829339],
            [-85.49558100004424, 38.470761000167286],
            [-85.496544000317016, 38.469959000247925],
            [-85.497110000031469, 38.469507999950167],
            [-85.49752199976011, 38.469225999985298],
            [-85.498094000220647, 38.46880200029198],
            [-85.499254000136915, 38.46813900014552],
            [-85.499525000298576, 38.467979000026745],
            [-85.499958999768538, 38.467723000223629],
            [-85.499988000080833, 38.467719000307412],
            [-85.500474000327657, 38.467562999885217],
            [-85.503369000095461, 38.466116000022396],
            [-85.504335999667887, 38.465474999675251],
            [-85.504657000058259, 38.465265999878724],
            [-85.504765000013293, 38.465209000340586],
            [-85.504920999648903, 38.465123000150186],
            [-85.505186999787696, 38.465028000237758],
            [-85.505707000369682, 38.464717000270873],
            [-85.507041000363216, 38.464333999939079],
            [-85.508416000364662, 38.463845999658574],
            [-85.510542000028465, 38.463006999803454],
            [-85.5122710000322, 38.46226099973773],
            [-85.514130999557224, 38.461503999855893],
            [-85.514312000205507, 38.461447999696787],
            [-85.515154000104459, 38.460991999797365],
            [-85.51523899959497, 38.460954999748502],
            [-85.515468999748734, 38.460855000129825],
            [-85.515534999870965, 38.460836999846109],
            [-85.51586499958384, 38.460746000218698],
            [-85.516597999702867, 38.460631000030695],
            [-85.516953000428416, 38.460521000229804],
            [-85.517422999883379, 38.460268000051073],
            [-85.517950000138086, 38.459916999996267],
            [-85.51827700037623, 38.459747000085272],
            [-85.518827000197135, 38.459544000072242],
            [-85.519290999804326, 38.45939000009357],
            [-85.519704000256198, 38.459263999674668],
            [-85.520167999863389, 38.459171000329697],
            [-85.520705999988721, 38.459029000047195],
            [-85.521748999729141, 38.458710000112148],
            [-85.521793999934985, 38.458696999990067],
            [-85.521822000422375, 38.458690000139811],
            [-85.523187000378073, 38.458309000029502],
            [-85.524647999694906, 38.457727999986403],
            [-85.525262999813137, 38.457543999918528],
            [-85.530889000215566, 38.456456000262904],
            [-85.531855999787993, 38.456302000023051],
            [-85.5337069999905, 38.455917999710785],
            [-85.534311000238077, 38.455790000324939],
            [-85.534353999895771, 38.455781000255165],
            [-85.536056000135346, 38.45557300012733],
            [-85.53673200035297, 38.455445999750985],
            [-85.537563000381269, 38.455320000181473],
            [-85.538370999945045, 38.455249000154019],
            [-85.539528000386582, 38.455063000137251],
            [-85.540330000102571, 38.454980999727894],
            [-85.541664999921025, 38.454843999899886],
            [-85.541966000219901, 38.454836000045688],
            [-85.542473000383097, 38.454820999964916],
            [-85.542758999715048, 38.454798999653164],
            [-85.54371100011717, 38.454717999982499],
            [-85.544490000266947, 38.454612999883231],
            [-85.544810999759008, 38.454587000270521],
            [-85.546009000208429, 38.45448700026585],
            [-85.546599000212296, 38.454383000170203],
            [-85.546799000228859, 38.454338999976407],
            [-85.548137000420368, 38.45417399989001],
            [-85.548968000448653, 38.454083000299114],
            [-85.549269999674138, 38.454050000194925],
            [-85.549452000147326, 38.454032000323565],
            [-85.550374000412233, 38.453993000235222],
            [-85.551950000255104, 38.453741000021822],
            [-85.55288400021557, 38.45364199989821],
            [-85.554092999637334, 38.453565000333434],
            [-85.555312999828089, 38.453543999990238],
            [-85.555748999846173, 38.453515999992078],
            [-85.557335999559697, 38.453373000183703],
            [-85.5590319999515, 38.453357000148202],
            [-85.560046000277922, 38.453417999912908],
            [-85.561776999931496, 38.45339599987684],
            [-85.562556000081258, 38.453373000183703],
            [-85.563214999682103, 38.453286000299407],
            [-85.563565000384799, 38.45322099970285],
            [-85.563781000294867, 38.453199999962969],
            [-85.565061999686648, 38.452986999743572],
            [-85.56631399966443, 38.452824999760139],
            [-85.567546000449042, 38.452857000063617],
            [-85.568131000430043, 38.452863000118974],
            [-85.570124999849369, 38.452824000102183],
            [-85.571471000436787, 38.452807000286676],
            [-85.572295999719003, 38.452834999856535],
            [-85.574793999826781, 38.452615000230367],
            [-85.574911000002658, 38.452601999713458],
            [-85.575573999801463, 38.452526999770008],
            [-85.576496000066371, 38.452346000204415],
            [-85.577882999763361, 38.452110000182238],
            [-85.57854200026253, 38.452021000140327],
            [-85.579539999797092, 38.451799000094887],
            [-85.580020000196129, 38.45169199991782],
            [-85.581939999995583, 38.451241000064002],
            [-85.582752999582226, 38.451042999855446],
            [-85.58338100011926, 38.450868000306002],
            [-85.583575000288008, 38.450824000079166],
            [-85.585517999653703, 38.450246000044345],
            [-85.586013000121341, 38.450064999681572],
            [-85.586202000267235, 38.449959999846094],
            [-85.587413000237134, 38.449512999942229],
            [-85.590257999776242, 38.448317999929422],
            [-85.591302000239864, 38.447833999960828],
            [-85.591720999641225, 38.447678000151328],
            [-85.592226999979502, 38.447454999675791],
            [-85.592642000081213, 38.447268000234899],
            [-85.593513000292489, 38.446795999972672],
            [-85.594539000314455, 38.446305999749569],
            [-85.594814999600658, 38.446156999814669],
            [-85.595238000098277, 38.445926999882573],
            [-85.595907999569775, 38.445618999859462],
            [-85.596635999665921, 38.445222999707426],
            [-85.597414999815697, 38.444894000151294],
            [-85.597896999864545, 38.444625999960444],
            [-85.598342999928363, 38.444377000130473],
            [-85.598865000160202, 38.444052999836885],
            [-85.599760999587517, 38.443539999973972],
            [-85.601878999753708, 38.442327000284692],
            [-85.602394000312827, 38.442057999901721],
            [-85.602887000232329, 38.441733999752124],
            [-85.603467000190463, 38.441380000141102],
            [-85.604227999898555, 38.440915000238178],
            [-85.605642000258072, 38.439754000150977],
            [-85.606953999611974, 38.438574000324444],
            [-85.607445999706584, 38.437921000339863],
            [-85.608090000137125, 38.437145999931971],
            [-85.608358999750649, 38.436859999889705],
            [-85.608628000262456, 38.436419999669077],
            [-85.608777000225373, 38.436168000010987],
            [-85.608856999693018, 38.435986000336321],
            [-85.608983999914628, 38.435826999866151],
            [-85.609383999947696, 38.435172999759722],
            [-85.609481999856996, 38.435034999716294],
            [-85.60970100014012, 38.434814000101802],
            [-85.609783000155872, 38.434730000086816],
            [-85.609876999867211, 38.434647999793611],
            [-85.611932000284213, 38.432536999721002],
            [-85.613093999850292, 38.431423999943902],
            [-85.613186999736712, 38.431318999729946],
            [-85.613298000064816, 38.431194000214411],
            [-85.613565999853407, 38.43094099994731],
            [-85.613715999641229, 38.430798999703796],
            [-85.613728000235113, 38.430778999736312],
            [-85.61384200003792, 38.430590000086347],
            [-85.613950999817874, 38.430468999883146],
            [-85.614391999858839, 38.430116999866506],
            [-85.61441299977524, 38.430100000332082],
            [-85.614574000332027, 38.42993900032041],
            [-85.614581000004719, 38.429867999952073],
            [-85.614592999700292, 38.429809999916557],
            [-85.614603999570946, 38.429752999811981],
            [-85.614753000432174, 38.429653999856768],
            [-85.614902000395091, 38.429516999801471],
            [-85.615063000053553, 38.42935099998212],
            [-85.61516599998572, 38.429251000194981],
            [-85.61527499976566, 38.429121999969539],
            [-85.615428999751472, 38.428962999865547],
            [-85.615560999995935, 38.428899999860242],
            [-85.615572999691508, 38.428870000173546],
            [-85.616283000244309, 38.428105999729425],
            [-85.616598999713474, 38.427888000029021],
            [-85.617529000374304, 38.42703899992437],
            [-85.618392000189672, 38.426161000313641],
            [-85.61860300007686, 38.425896999667586],
            [-85.618751000214857, 38.425733000038512],
            [-85.6194220004096, 38.424847999715475],
            [-85.619707999741536, 38.424430999965132],
            [-85.619727000008112, 38.424239999780212],
            [-85.619783999909515, 38.424125999882335],
            [-85.619903999560123, 38.4239940001832],
            [-85.61995600033697, 38.423924999716668],
            [-85.620162000201304, 38.423600999826704],
            [-85.62024199966892, 38.423441000170392],
            [-85.620339999578221, 38.423413999819587],
            [-85.620455000104258, 38.423129000349],
            [-85.620487999716232, 38.423045000112687],
            [-85.620547000165757, 38.422852999708383],
            [-85.620579999777732, 38.422744000105808],
            [-85.620590999648371, 38.422607999686591],
            [-85.620631999656268, 38.42206699992385],
            [-85.620539999594754, 38.421353999880665],
            [-85.620506000157874, 38.421144999673274],
            [-85.620501999959927, 38.421098000038342],
            [-85.620479000393701, 38.420922000280264],
            [-85.620542999967796, 38.420427999956026],
            [-85.6207460003574, 38.41983499972963],
            [-85.620900000343184, 38.4194620002622],
            [-85.621118999727983, 38.419068999881276],
            [-85.621153000063174, 38.418990999906029],
            [-85.621285000307651, 38.418585000172428],
            [-85.621409999981111, 38.418252999869814],
            [-85.621414000179072, 38.418244000046045],
            [-85.621903999725546, 38.416943000269058],
            [-85.621938000060723, 38.416937000043241],
            [-85.622011999680566, 38.416770000009656],
            [-85.622087000023626, 38.41660200013434],
            [-85.622245000207386, 38.416324000270151],
            [-85.622866000173403, 38.415019999861762],
            [-85.623051000121322, 38.414387999918958],
            [-85.624062999899607, 38.412326999987705],
            [-85.624349999954788, 38.411738999861861],
            [-85.624763000406645, 38.411057999776844],
            [-85.624832000003622, 38.410959000241021],
            [-85.624960000050152, 38.410859999865693],
            [-85.62496900027098, 38.410918999871065],
            [-85.625151999670763, 38.410871999918434],
            [-85.625227000013837, 38.410853000303277],
            [-85.625319000075351, 38.410765000316523],
            [-85.62555300042709, 38.410336000078303],
            [-85.625617000001185, 38.410101000225055],
            [-85.625642999940453, 38.410022000171658],
            [-85.625868000071335, 38.409609000330946],
            [-85.626268999929337, 38.408734999701082],
            [-85.626831000344112, 38.407668999832019],
            [-85.627063000147729, 38.407112999983056],
            [-85.627559000440257, 38.406430000050541],
            [-85.627672000418173, 38.406216999804592],
            [-85.627679000090865, 38.406207000289861],
            [-85.627903000396856, 38.405811999697328],
            [-85.628881999664856, 38.404291000162885],
            [-85.629059999940083, 38.404043999882916],
            [-85.629402000246841, 38.4034079997204],
            [-85.629577000149041, 38.403115000218762],
            [-85.629837000440034, 38.40261200026999],
            [-85.630239999947847, 38.401883000237923],
            [-85.630600999622857, 38.401125999991677],
            [-85.630930000409151, 38.400372999690951],
            [-85.631434000199292, 38.399292999733937],
            [-85.631833000407468, 38.398427000141979],
            [-85.632338000022557, 38.397145000213165],
            [-85.632826999744083, 38.395640999850549],
            [-85.633010999867111, 38.395060999991074],
            [-85.633035999981459, 38.395003999926168],
            [-85.633203000386032, 38.394647000090941],
            [-85.633441000037408, 38.393773000183572],
            [-85.633657999772382, 38.393167999999449],
            [-85.633954000048391, 38.392194000132093],
            [-85.634292000157203, 38.39125599989589],
            [-85.634999000336933, 38.389115999682076],
            [-85.635048999667333, 38.388905000200452],
            [-85.635082000177619, 38.388765000097898],
            [-85.635288000041953, 38.388161999958363],
            [-85.635602999686199, 38.387397999961863],
            [-85.635723000235117, 38.387152000269126],
            [-85.635843999710644, 38.386904000006723],
            [-85.635991999848642, 38.38654499986928],
            [-85.636165000101002, 38.386125999706948],
            [-85.636172999598614, 38.386106000046865],
            [-85.636231000223248, 38.385908000085841],
            [-85.636394000429846, 38.385355000111858],
            [-85.636894000022053, 38.384168000204433],
            [-85.637182999727059, 38.383261000327593],
            [-85.637232000130865, 38.383109000131405],
            [-85.637434999622144, 38.382294000330909],
            [-85.637453999888706, 38.382218999892153]
          ]
        ]
      },
      "properties": {
        "AREALAND": "12547250449",
        "AREAWATER": "319313629",
        "BASENAME": "4",
        "CDSESSN": "119",
        "CDTYP": "O",
        "CENTLAT": "+38.5299928",
        "CENTLON": "-084.4559329",
        "FUNCSTAT": "N",
        "GEOID": "2104",
        "HU100": null,
        "INTPTLAT": "+38.5253193",
        "INTPTLON": "-084.4541873",
        "LSADC": "C2",
        "MTFCC": "G5200",
        "NAME": "Congressional District 4",
        "OBJECTID": 195,
        "OID": "2119035951821822",
        "POP100": null,
        "STATE": "21",
        "CD119": "04"
      }
    }
  ]
}
