RT,SERIALNO,DIVISION,SPORDER,PUMA,REGION,STATE,ADJINC,PWGTP,AGEP,CIT,CITWP,COW,DDRS,DEAR,DEYE,DOUT,DPHY,DRAT,DRATX,DREM,ENG,FER,GCL,GCM,GCR,HIMRKS,HINS1,HINS2,HINS3,HINS4,HINS5,HINS6,HINS7,INTP,JWMNP,JWRIP,JWTRNS,LANX,MAR,MARHD,MARHM,MARHT,MARHW,MARHYP,MIG,MIL,MLPA,MLPB,MLPCD,MLPE,MLPFG,MLPH,MLPIK,MLPJ,NWAB,NWAV,NWLA,NWLK,NWRE,OIP,PAP,RELSHIPP,RETP,SCH,SCHG,SCHL,SEMP,SEX,SSIP,SSP,WAGP,WKHP,WKL,WKWN,WRK,YOEP,ANC,ANC1P,ANC2P,DECADE,DIS,DRIVESP,ESP,ESR,FOD1P,FOD2P,HICOV,HISP,INDP,JWAP,JWDP,LANP,MIGPUMA,MIGSP,MSP,NAICSP,NATIVITY,NOP,OC,OCCP,PAOC,PERNP,PINCP,POBP,POVPIP,POWPUMA,POWSP,PRIVCOV,PUBCOV,QTRBIR,RAC1P,RAC2P,RAC3P,RACAIAN,RACASN,RACBLK,RACNH,RACNUM,RACPI,RACSOR,RACWHT,RC,SCIENGP,SCIENGRLP,SFN,SFR,SOCP,VPS,WAOB,FAGEP,FANCP,FCITP,FCITWP,FCOWP,FDDRSP,FDEARP,FDEYEP,FDISP,FDOUTP,FDPHYP,FDRATP,FDRATXP,FDREMP,FENGP,FESRP,FFERP,FFODP,FGCLP,FGCMP,FGCRP,FHICOVP,FHIMRKSP,FHINS1P,FHINS2P,FHINS3C,FHINS3P,FHINS4C,FHINS4P,FHINS5C,FHINS5P,FHINS6P,FHINS7P,FHISP,FINDP,FINTP,FJWDP,FJWMNP,FJWRIP,FJWTRNSP,FLANP,FLANXP,FMARP,FMARHDP,FMARHMP,FMARHTP,FMARHWP,FMARHYP,FMIGP,FMIGSP,FMILPP,FMILSP,FOCCP,FOIP,FPAP,FPERNP,FPINCP,FPOBP,FPOWSP,FPRIVCOVP,FPUBCOVP,FRACP,FRELSHIPP,FRETP,FSCHGP,FSCHLP,FSCHP,FSEMP,FSEXP,FSSIP,FSSP,FWAGP,FWKHP,FWKLP,FWKWNP,FWRKP,FYOEP,PWGTP1,PWGTP2,PWGTP3,PWGTP4,PWGTP5,PWGTP6,PWGTP7,PWGTP8,PWGTP9,PWGTP10,PWGTP11,PWGTP12,PWGTP13,PWGTP14,PWGTP15,PWGTP16,PWGTP17,PWGTP18,PWGTP19,PWGTP20,PWGTP21,PWGTP22,PWGTP23,PWGTP24,PWGTP25,PWGTP26,PWGTP27,PWGTP28,PWGTP29,PWGTP30,PWGTP31,PWGTP32,PWGTP33,PWGTP34,PWGTP35,PWGTP36,PWGTP37,PWGTP38,PWGTP39,PWGTP40,PWGTP41,PWGTP42,PWGTP43,PWGTP44,PWGTP45,PWGTP46,PWGTP47,PWGTP48,PWGTP49,PWGTP50,PWGTP51,PWGTP52,PWGTP53,PWGTP54,PWGTP55,PWGTP56,PWGTP57,PWGTP58,PWGTP59,PWGTP60,PWGTP61,PWGTP62,PWGTP63,PWGTP64,PWGTP65,PWGTP66,PWGTP67,PWGTP68,PWGTP69,PWGTP70,PWGTP71,PWGTP72,PWGTP73,PWGTP74,PWGTP75,PWGTP76,PWGTP77,PWGTP78,PWGTP79,PWGTP80
P,2023GQ0000452,8,01,00300,4,56,1019518,44,86,1,,,1,2,2,1,2,,,1,,,2,,,0,2,2,1,1,2,2,2,0,,,,2,3,2,2,1,2,1954,1,4,,,,,,,,,3,5,3,3,3,0,0,37,0,1,,16,0,2,0,10800,0,,3,,,,1,811,999,,1,,,6,,,1,01,,,,,,,4,,1,,,,,0,10800,056,,,,2,1,1,7,7500,011,0,0,0,1,1,0,0,0,,,,,,,,1,0,0,0,0,0,0,0,0,0,0,0,0,0,0,0,0,0,0,0,0,0,0,0,0,0,0,0,0,0,,0,0,0,0,0,0,0,0,0,0,0,0,0,0,0,1,0,1,0,0,0,0,0,0,0,0,1,1,0,0,0,0,0,0,0,1,0,0,0,0,1,0,0,0,0,0,0,68,62,15,35,59,69,41,57,69,20,11,11,30,45,41,44,45,59,79,68,11,32,52,68,14,33,45,19,35,54,66,76,73,46,45,44,42,19,11,72,11,30,51,65,18,29,41,16,34,58,76,66,67,46,42,46,48,19,11,11,69,64,18,30,53,72,45,58,67,15,7,11,37,46,46,46,41,46,66,11
P,2023GQ0001826,8,01,00400,4,56,1019518,50,41,1,,,2,2,2,1,2,,,1,,,2,,,0,2,2,1,1,2,2,2,0,,,,2,5,,,,,,1,4,,,,,,,,,2,5,2,2,3,0,0,38,0,1,,15,0,1,0,16300,0,,3,,2,,4,999,999,,1,,,6,,,1,01,,,,,,,6,,1,,,,,0,16300,056,104,,,2,1,1,1,1000,001,0,0,0,0,1,0,0,1,,,,,,,,1,0,0,0,0,0,0,0,0,0,0,0,0,0,0,0,0,0,0,0,0,0,1,0,1,1,0,0,0,0,,1,1,1,0,0,0,0,0,0,0,0,0,0,0,0,0,0,0,0,0,0,0,0,0,0,0,0,0,0,1,1,0,0,0,0,0,0,0,0,0,0,0,0,0,0,0,0,57,54,53,65,52,43,60,49,46,54,53,52,66,56,56,56,51,62,55,57,48,54,46,55,52,44,56,52,50,49,50,44,55,61,49,61,42,59,52,56,54,52,54,65,55,55,56,52,44,52,47,46,57,50,47,59,53,52,60,47,48,54,43,61,54,47,66,52,50,63,54,51,63,50,41,59,53,68,58,55
P,2023GQ0003145,8,01,00400,4,56,1019518,69,18,1,,1,2,2,2,2,2,,,2,,2,,,,0,1,2,2,2,2,2,2,0,,,,2,5,,,,,,3,4,,,,,,,,,2,5,2,2,3,0,0,38,1300,2,15,16,0,2,0,0,10700,20,1,25,2,,1,195,999,,2,,,6,,,1,01,4871,,,,00490,008,6,4441Z,1,,,4720,,10700,12000,006,,,,1,2,2,1,1000,001,0,0,0,0,1,0,0,1,,,,,,412010,,1,0,0,0,0,0,0,0,0,0,0,0,0,0,0,0,0,0,0,0,0,0,0,0,0,0,,0,,0,,0,0,0,0,0,0,0,0,0,0,0,0,0,0,0,0,0,0,0,0,0,0,0,0,0,0,0,0,0,0,0,0,0,0,0,0,0,0,0,0,0,0,0,0,0,0,0,117,99,62,70,9,54,60,63,66,12,86,75,118,141,10,12,134,87,12,73,116,95,58,89,14,50,64,78,56,10,82,65,124,171,21,14,110,74,11,63,18,10,76,74,109,71,67,65,86,113,80,63,11,11,122,112,10,71,132,56,11,11,68,86,155,62,71,82,71,114,83,55,13,8,107,139,8,65,117,74
P,2023GQ0005297,8,01,00300,4,56,1019518,40,64,1,,,1,2,2,1,1,,,1,,,2,,,0,2,2,2,1,2,2,2,0,,,,2,2,2,2,1,2,1985,1,4,,,,,,,,,3,5,3,3,3,0,0,37,0,1,,19,0,2,1400,0,0,,3,,,,4,999,999,,1,,,6,,,1,01,,,,,,,3,,1,,,,,0,1400,049,,,,2,1,4,1,1000,001,0,0,0,0,1,0,0,1,,,,,,,,1,0,0,0,0,0,0,0,0,0,0,0,0,0,0,0,0,0,0,0,0,0,0,0,0,0,,0,0,0,,0,0,0,0,0,0,0,0,0,0,0,0,0,0,0,1,0,1,0,0,0,0,0,0,1,0,1,0,0,0,0,0,0,1,0,0,0,0,0,0,0,0,0,0,0,0,0,8,17,70,55,32,14,40,27,14,80,89,77,52,40,40,43,45,35,9,9,82,56,31,14,74,58,44,77,55,28,9,9,13,40,39,44,40,65,73,9,77,53,26,13,72,55,39,73,58,32,9,9,13,40,41,45,47,80,88,78,13,17,75,58,32,13,45,27,13,68,78,82,56,40,41,45,40,26,5,81
P,2023GQ0006109,8,01,00500,4,56,1019518,44,29,1,,1,2,2,2,2,2,,,1,,2,,,,0,2,2,2,2,2,2,2,0,,,,2,5,,,,,,1,4,,,,,,,,,3,5,3,3,3,0,0,37,0,1,,17,0,2,0,0,0,,2,,,,1,022,999,,1,,,6,,,2,01,8680,,,,,,6,722Z,1,,,4030,,0,0,056,,,,2,2,3,1,1000,001,0,0,0,0,1,0,0,1,,,,,,352021,,1,0,0,0,0,0,0,0,0,0,0,0,0,0,0,0,0,0,0,0,0,0,0,0,0,0,,0,,0,,0,0,0,0,0,0,0,0,0,0,0,0,0,0,0,0,0,0,0,0,0,0,0,0,0,0,0,0,0,0,0,0,0,0,0,0,0,0,0,0,0,0,0,0,0,0,0,51,54,49,46,46,47,44,48,55,52,50,46,51,51,45,49,49,49,45,43,46,55,49,52,52,61,49,44,56,58,51,46,50,51,39,40,45,58,51,54,59,54,48,41,51,48,44,47,51,51,50,49,46,48,50,49,49,49,56,43,55,50,50,51,52,56,52,39,46,52,52,51,54,46,40,45,44,44,50,50
P,2023GQ0008544,8,01,00200,4,56,1019518,57,79,1,,,2,1,2,2,1,,,2,,,2,,,0,2,2,1,2,2,2,2,0,,,,2,2,2,2,1,2,1961,1,4,,,,,,,,,3,5,3,3,3,0,0,37,0,1,,13,0,2,0,22500,0,,3,,,,1,032,999,,1,,,6,,,1,01,,,,,,,3,,1,,,,,0,22500,046,,,,2,1,1,1,1000,001,0,0,0,0,1,0,0,1,,,,,,,,1,0,0,0,0,0,0,0,0,0,0,0,0,0,0,0,0,0,0,0,0,0,0,0,0,0,0,0,,0,,0,0,0,0,0,0,0,0,0,0,0,0,0,0,0,0,0,0,0,0,0,0,0,0,0,0,1,0,0,0,0,0,0,0,0,0,0,0,0,0,1,0,0,0,0,0,0,55,52,53,59,61,55,53,58,60,61,62,52,53,59,53,57,64,66,63,55,57,57,62,54,53,62,57,59,60,51,52,64,63,59,58,57,60,48,52,54,56,53,52,56,55,51,53,60,59,60,63,53,53,59,55,59,67,67,62,57,57,56,61,54,54,64,59,59,58,50,52,61,62,59,60,59,58,47,53,52
P,2023GQ0010484,8,01,00400,4,56,1019518,97,18,1,,1,2,2,2,2,2,,,2,,,,,,0,2,2,2,1,2,2,2,0,,,11,2,5,,,,,,3,4,,,,,,,,,2,5,2,2,3,0,0,38,0,3,15,18,0,1,0,0,6000,40,1,52,1,,1,032,999,,2,,,1,,,1,01,5090,,,,02600,018,6,4571,1,,,4720,,6000,6000,018,,00400,056,2,1,1,1,1000,001,0,0,0,0,1,0,0,1,,,,,,412010,,1,0,0,0,0,0,0,0,0,0,0,0,0,0,0,0,0,0,0,0,0,0,0,0,0,0,,0,0,0,,0,0,0,0,0,0,0,0,0,1,0,0,0,0,0,0,0,0,0,0,0,0,0,0,0,0,0,0,0,0,0,0,0,0,0,0,0,0,0,0,0,0,0,0,0,0,0,155,154,81,144,138,67,92,101,100,155,112,116,120,130,144,118,125,86,71,105,20,23,145,39,19,120,141,93,88,19,93,27,97,36,22,36,33,154,129,93,148,161,80,122,138,70,78,101,84,158,94,102,94,101,135,124,112,79,82,85,20,20,132,39,20,129,175,99,96,25,100,31,104,30,20,32,38,176,151,106
P,2023GQ0011449,8,01,00400,4,56,1019518,58,18,1,,1,2,2,2,2,2,,,2,,2,,,,0,1,2,2,2,2,2,2,0,10,,10,2,5,,,,,,3,4,,,,,,,,,3,5,3,3,3,0,0,38,0,2,15,18,0,2,0,0,15000,20,1,52,,,4,999,999,,2,,,1,,,1,01,7770,213,125,,00200,056,6,56173,1,,,4251,,15000,15000,056,,00100,056,1,2,3,1,1000,001,0,0,0,0,1,0,0,1,,,,,,373011,,1,0,0,1,0,1,1,1,1,1,1,1,0,0,1,0,1,1,0,0,0,0,1,0,1,1,,1,,1,,1,1,1,1,1,1,1,1,0,1,0,1,1,0,0,0,0,0,0,0,0,1,1,1,1,1,1,1,1,1,1,1,0,1,0,0,0,1,0,1,1,1,1,1,1,0,0,52,48,8,59,50,49,47,8,56,55,127,111,9,13,96,60,8,129,132,66,54,44,8,80,63,42,54,10,47,70,125,103,8,10,153,90,6,110,115,50,81,58,124,63,48,59,56,99,78,51,8,9,104,141,7,48,127,12,8,48,63,51,109,72,71,52,56,129,65,50,8,5,126,85,7,59,100,7,12,59
P,2023GQ0011592,8,01,00400,4,56,1019518,15,20,1,,2,2,2,2,2,2,,,2,,2,,,,2,2,1,2,2,2,2,2,0,,,,2,5,,,,,,3,4,,,,,,,,,2,3,2,2,3,0,0,38,0,2,15,19,0,2,0,0,2500,45,1,3,2,,1,051,999,,2,,,6,,,1,01,8670,,,,00490,008,6,721M,1,,,4720,,2500,2500,008,,,,1,2,1,1,1000,001,0,0,0,0,1,0,0,1,,,,,,412010,,1,0,0,0,0,0,0,0,0,0,0,0,0,0,0,0,0,0,0,0,0,0,0,0,0,0,,0,,0,,0,0,0,0,0,0,0,0,0,0,0,0,0,0,0,0,0,0,0,0,0,0,0,0,0,0,0,0,0,0,0,0,0,0,0,0,0,0,0,0,0,0,0,0,0,0,0,16,5,0,31,23,0,14,24,4,0,16,18,26,15,15,18,14,39,19,16,14,22,23,0,0,21,18,6,22,30,17,14,5,24,20,22,16,5,17,10,24,5,5,27,24,0,13,23,0,0,14,17,28,16,14,14,21,29,15,12,16,25,30,6,0,25,19,0,28,28,19,15,7,12,9,12,18,4,13,15
P,2023GQ0012677,8,01,00400,4,56,1019518,184,20,5,,4,2,2,2,2,2,,,2,1,2,,,,0,1,2,2,2,2,2,2,0,,,11,1,5,,,,,,1,4,,,,,,,,,3,5,3,3,3,0,0,38,0,2,15,19,0,2,0,0,12000,20,1,45,1,2021,1,615,999,8,2,,,1,,,1,01,7870,,,1435,,,6,611M1,2,,,5110,,12000,12000,245,,00400,056,1,2,3,6,4015,004,0,1,0,0,1,0,0,0,,,,,,433021,,4,0,0,0,0,0,0,0,0,0,0,0,0,0,0,0,0,0,0,0,0,0,0,0,0,0,,0,,0,,0,0,0,0,0,0,0,0,0,1,0,0,0,0,0,0,0,0,0,0,0,0,0,0,0,0,0,0,0,0,0,0,0,0,0,0,0,0,0,0,0,0,0,0,0,0,0,26,24,176,351,160,25,153,173,27,170,402,361,335,212,170,194,190,226,37,32,316,261,169,37,206,263,179,220,282,217,34,29,25,252,272,286,166,193,365,308,36,28,217,365,164,28,172,176,38,169,408,330,335,240,185,161,227,193,30,21,368,318,191,32,231,319,187,222,359,168,34,21,35,146,165,194,175,180,318,356
P,2023GQ0013958,8,01,00200,4,56,1019518,17,18,1,,1,2,2,2,2,2,,,2,,2,,,,0,2,2,2,2,2,2,2,0,10,1,01,2,5,,,,,,3,4,,,,,,,,,3,5,3,3,3,0,0,38,0,2,15,18,0,2,0,0,1500,8,1,12,1,,2,032,088,,2,1,,1,,,2,01,5571,120,079,,00100,046,6,45942,1,,,9645,,1500,1500,046,,00100,046,2,2,2,1,1000,001,0,0,0,0,1,0,0,1,,,,,,537065,,1,0,0,0,0,0,0,0,0,0,0,0,0,0,0,0,0,0,0,0,0,0,0,0,0,0,,0,,0,,0,0,0,0,0,0,0,0,0,0,0,0,0,0,0,0,0,0,0,0,0,0,0,0,0,1,1,0,0,0,0,0,0,0,0,0,0,0,0,0,0,1,0,0,0,0,0,21,4,3,13,12,18,16,13,11,14,23,15,18,5,4,25,20,0,15,13,4,18,23,18,15,4,15,15,15,8,5,16,12,25,29,6,3,22,9,13,6,24,27,18,16,0,12,16,21,7,0,13,10,23,20,0,4,20,13,10,27,4,4,16,16,25,16,14,14,16,21,13,24,0,0,29,19,0,15,13
P,2023GQ0015838,8,01,00100,4,56,1019518,25,64,1,,,1,2,1,1,1,,,1,,,2,,,0,2,2,1,1,2,2,2,0,,,,2,5,,,,,,1,4,,,,,,,,,2,5,2,2,3,0,0,38,0,1,,16,0,1,3500,7400,0,,3,,2,,4,999,999,,1,,,6,,,1,02,,,,,,,6,,1,,,,,0,10900,056,69,,,2,1,1,8,8000,015,0,0,0,0,1,0,1,0,,,,,,,,1,0,0,0,0,0,0,0,0,0,0,0,0,0,0,0,0,0,0,0,0,0,1,0,1,1,0,0,0,0,,1,1,1,0,0,0,0,0,0,0,0,0,0,0,0,0,0,0,0,0,0,0,0,0,0,0,0,0,0,1,1,0,0,0,0,0,0,0,0,0,0,0,0,0,0,0,0,24,23,23,29,20,15,20,25,22,18,18,24,30,24,25,21,26,28,25,18,24,23,21,27,24,18,21,24,19,22,19,18,25,22,23,21,20,22,19,17,20,21,25,21,25,21,17,22,18,17,23,24,21,23,20,22,25,26,23,16,21,21,22,28,25,23,25,26,25,27,24,21,29,21,21,22,27,26,17,21
P,2023GQ0018149,8,01,00100,4,56,1019518,192,64,1,,,1,2,2,1,1,,,1,,,2,,,0,2,2,2,1,2,2,2,0,,,,2,2,2,2,1,2,1985,1,4,,,,,,,,,3,5,3,3,3,0,0,37,0,1,,19,0,2,1400,0,0,,3,,,,4,999,999,,1,,,6,,,1,01,,,,,,,3,,1,,,,,0,1400,049,,,,2,1,4,1,1000,001,0,0,0,0,1,0,0,1,,,,,,,,1,0,0,0,0,0,0,0,0,0,0,0,0,0,0,0,0,0,0,0,0,0,0,0,0,0,,0,0,0,,0,0,0,0,0,0,0,0,0,0,0,0,0,0,0,1,0,1,0,0,0,0,0,0,1,0,1,0,0,0,0,0,0,1,0,0,0,0,0,0,0,0,0,0,0,0,0,189,191,196,199,193,201,198,203,193,181,170,190,204,197,191,190,177,160,174,179,179,183,182,197,194,180,181,191,199,218,206,193,178,186,192,189,206,218,202,190,190,195,192,186,176,187,199,209,191,176,173,195,203,200,197,198,187,164,173,183,178,181,181,198,199,184,186,193,192,214,205,184,171,187,199,196,202,213,205,181
P,2023GQ0018495,8,01,00200,4,56,1019518,5,20,1,,1,2,2,2,2,2,,,2,,,,,,0,1,2,2,2,2,2,2,0,,,,2,5,,,,,,3,4,,,,,,,,,3,5,3,3,3,0,0,37,0,1,,16,1000,1,0,0,6200,40,1,16,,,4,999,999,,2,,,6,,,1,01,8680,,,,00200,056,6,722Z,1,,,4020,,7200,7200,048,,,,1,2,2,1,1000,001,0,0,0,0,1,0,0,1,,,,,,352010,,1,0,0,0,0,0,0,0,0,0,0,0,0,0,0,0,0,0,0,0,0,0,0,0,0,0,,0,,0,,0,0,0,0,0,0,0,0,0,0,0,0,0,0,0,0,0,0,0,0,0,0,0,0,0,0,0,0,0,0,0,0,0,0,0,0,0,0,0,0,0,0,0,0,0,0,0,6,10,9,10,6,6,6,4,8,5,5,5,5,6,5,4,7,5,6,6,5,4,5,5,5,8,5,5,4,4,6,6,5,5,5,5,4,7,5,4,9,4,5,6,6,6,6,5,5,6,4,9,6,6,10,4,4,5,5,5,10,10,9,6,5,4,4,6,10,4,11,5,4,5,6,5,5,11,9,4
P,2023GQ0020049,8,01,00100,4,56,1019518,38,88,1,,,1,2,2,1,1,,,2,,,2,,,0,2,2,1,1,2,2,2,0,,,,2,2,2,2,1,2,1954,1,4,,,,,,,,,3,5,3,3,3,0,0,37,0,1,,16,0,2,0,22500,0,,3,,,,4,999,999,,1,,,6,,,1,01,,,,,,,3,,1,,,,,0,22500,056,,,,2,1,1,1,1000,001,0,0,0,0,1,0,0,1,,,,,,,,1,0,0,0,0,0,0,0,0,0,0,0,0,0,0,0,0,0,0,0,0,0,1,0,1,1,0,1,0,1,,1,1,1,0,0,0,0,0,0,0,0,0,0,0,0,0,0,1,0,0,0,0,0,0,0,0,1,0,0,1,1,0,0,0,0,0,0,0,0,0,1,0,0,0,0,0,0,32,33,30,16,16,20,41,38,31,24,38,29,19,42,45,45,42,41,37,43,37,37,30,15,15,19,45,42,32,16,34,31,23,46,45,45,39,33,33,11,33,34,41,44,44,40,30,23,46,43,38,45,37,31,12,16,25,42,37,14,37,36,44,46,46,43,31,23,45,35,34,40,41,35,16,11,19,33,33,44
P,2023GQ0021444,8,01,00500,4,56,1019518,17,79,1,,,1,2,2,1,1,,,2,,,2,,,2,2,1,1,1,2,2,2,9400,,,,2,2,2,2,2,2,1977,1,4,,,,,,,,,3,5,3,3,3,0,0,37,0,1,,19,0,1,0,25400,0,,3,,,,2,097,142,,1,,,6,,,1,01,,,,,,,3,,1,,,,,0,34800,056,,,,1,1,3,1,1000,001,0,0,0,0,1,0,0,1,,,,,,,,1,0,0,0,0,0,0,0,0,0,0,0,0,0,0,0,0,0,0,0,0,0,0,1,0,0,1,0,0,0,,0,0,0,0,0,1,0,0,0,0,0,0,0,0,0,0,0,0,0,0,0,0,0,0,0,0,1,0,0,0,0,0,0,0,0,0,0,0,0,0,0,0,0,0,0,0,0,17,22,16,24,24,18,17,19,19,24,22,21,19,19,19,14,18,24,21,26,21,21,17,21,18,18,18,18,22,19,15,22,21,15,19,20,19,16,15,20,16,21,17,21,18,14,14,22,22,21,20,21,16,14,24,20,24,26,20,17,23,23,16,23,24,25,22,15,19,23,17,22,26,18,16,14,15,15,16,14
P,2023GQ0021805,8,01,00100,4,56,1019518,55,20,1,,1,2,2,2,2,2,,,2,1,,,,,0,2,2,2,2,2,2,2,0,1,,10,1,5,,,,,,3,4,,,,,,,,,3,5,3,3,3,0,0,38,0,1,,16,0,1,0,0,820,48,1,4,1,,4,999,999,,2,,,1,,,2,02,8680,154,097,1200,02303,042,6,722Z,1,,,4030,,820,820,042,5,00100,056,2,2,3,8,8000,015,0,0,0,0,1,0,1,0,,,,,,352021,,1,0,0,0,0,1,1,1,1,1,1,1,0,0,1,1,0,0,0,0,0,0,1,0,1,1,,1,,1,,1,1,1,1,1,1,1,1,0,0,1,1,1,0,0,0,0,0,0,0,0,1,1,1,1,1,1,1,0,1,1,1,0,1,0,1,0,1,0,1,1,1,1,1,1,0,0,536,637,462,137,57,53,60,5,31,6,31,58,78,73,66,5,5,62,70,5,28,5,35,6,48,48,62,106,394,555,441,44,50,67,67,117,93,70,62,5,34,5,25,5,75,60,56,126,393,587,417,60,62,45,57,112,106,62,60,509,426,639,352,106,70,57,78,5,30,0,35,66,75,44,51,6,5,75,53,554
P,2023GQ0022315,8,01,00500,4,56,1019518,25,40,1,,,2,2,2,1,2,,,1,,,2,,,0,2,2,1,1,2,2,2,0,,,,2,5,,,,,,1,4,,,,,,,,,2,5,2,2,3,0,0,38,0,1,,16,0,1,0,16300,0,,3,,2,,4,999,999,,1,,,6,,,1,01,,,,,,,6,,1,,,,,0,16300,056,104,,,2,1,1,1,1000,001,0,0,0,0,1,0,0,1,,,,,,,,1,0,0,0,0,0,0,0,0,0,0,0,0,0,0,0,0,0,0,0,0,0,1,0,1,1,0,0,0,0,,1,1,1,0,0,0,0,0,0,0,0,0,0,0,0,0,0,0,0,0,0,0,0,0,0,0,0,0,0,1,1,0,0,0,0,0,0,0,0,0,0,0,0,0,0,0,0,29,28,27,30,28,23,31,26,27,33,27,28,30,29,25,30,26,34,26,26,24,28,26,24,24,23,31,29,27,26,27,22,30,30,28,31,24,33,24,30,25,27,26,34,25,30,30,26,19,27,24,23,30,27,24,27,28,26,28,23,30,29,26,34,29,24,31,27,25,32,29,26,34,30,22,28,32,37,27,30
P,2023GQ0024195,8,01,00200,4,56,1019518,107,31,1,,,2,2,2,2,2,,,2,,,2,,,0,2,2,2,2,2,2,2,0,,,,2,5,,,,,,1,4,,,,,,,,,2,5,2,2,3,0,0,37,0,2,15,16,0,1,0,0,0,,3,,2,,1,050,999,,2,,,6,,,2,01,,,,,,,6,,1,,,,,0,0,041,,,,2,2,3,1,1000,001,0,0,0,0,1,0,0,1,,,,,,,,1,0,0,0,0,0,0,0,0,0,0,0,0,0,0,0,0,0,0,0,0,0,0,0,0,0,,0,,0,,0,0,0,0,0,0,0,0,0,0,0,0,0,0,0,0,0,0,0,0,0,0,0,0,0,0,0,0,0,0,0,0,0,0,0,0,0,0,0,0,0,0,0,0,0,0,0,129,113,154,184,169,134,7,91,200,115,77,179,128,6,11,10,64,114,110,15,112,101,161,203,171,108,12,99,162,92,94,213,143,6,7,12,82,101,83,11,114,114,163,199,169,138,13,92,208,113,75,171,134,6,12,10,79,105,96,6,107,100,165,209,156,110,10,111,184,109,91,197,122,6,7,11,84,114,85,5
P,2023GQ0024267,8,01,00500,4,56,1019518,101,20,1,,1,2,2,2,2,2,,,2,,,,,,0,2,2,2,2,2,2,2,0,,,,2,5,,,,,,1,4,,,,,,,,,2,5,2,2,3,0,0,38,0,2,15,18,0,1,0,0,0,,2,,2,,4,999,999,,2,,,6,,,2,01,8680,,,,,,6,722Z,1,,,4020,,0,0,056,,,,2,2,4,1,1000,001,0,0,0,0,1,0,0,1,,,,,,352010,,1,0,0,0,0,0,0,0,0,0,0,0,0,0,0,0,0,0,0,0,0,0,1,0,1,0,,0,,0,,0,0,0,0,0,0,0,0,0,0,0,0,0,0,0,0,0,0,0,0,0,0,0,0,0,0,0,0,0,1,0,0,0,0,0,0,0,0,0,0,0,0,0,0,0,0,0,22,114,91,113,169,153,132,190,16,185,16,82,18,17,96,86,103,118,100,87,99,195,16,22,96,87,164,110,91,93,78,135,86,92,22,15,167,189,18,21,156,82,84,75,15,20,92,16,167,16,144,83,200,175,110,122,82,88,103,107,97,9,126,144,89,114,18,82,110,114,93,15,137,118,183,197,15,18,174,154
P,2023HU0000089,8,01,00400,4,56,1019518,95,66,1,,4,2,2,2,2,2,,,2,,,2,,,0,2,2,1,2,2,2,2,0,,,,2,1,2,2,1,2,1986,1,4,,,,,,,,,2,5,2,2,3,0,0,20,12000,1,,23,0,2,0,12400,17000,36,1,12,2,,1,032,999,,2,,,6,4002,6104,1,01,8191,,,,,,1,622M,1,,0,3110,4,17000,41400,030,393,,,2,1,4,1,1000,001,0,0,0,0,1,0,0,1,0,1,1,,,291071,,1,0,0,0,0,0,0,0,0,0,0,0,0,0,0,0,0,0,0,0,0,0,0,0,0,0,0,0,,0,,0,0,0,0,0,0,0,0,0,0,0,0,0,0,0,0,0,0,0,0,0,0,0,0,0,0,0,0,0,0,0,0,0,0,0,0,0,0,0,0,0,0,0,0,0,0,0,86,27,108,108,32,107,160,139,180,96,98,103,91,105,32,29,23,98,190,154,81,33,103,95,29,88,161,141,161,79,88,94,75,109,38,28,24,88,152,32,86,168,93,79,146,107,29,27,28,87,93,76,81,80,143,162,162,106,29,26,106,189,96,90,170,91,27,33,30,126,106,83,82,100,129,176,186,102,39,159
P,2023HU0000089,8,02,00400,4,56,1019518,85,66,1,,7,2,2,2,2,2,,,2,,,2,,,0,2,2,1,2,2,2,2,0,20,1,01,2,1,2,2,1,2,1986,1,4,,,,,,,,,3,5,3,3,3,0,0,21,0,1,,21,0,1,0,0,30000,36,1,52,1,,1,032,999,,2,1,,1,6203,,1,01,3970,110,067,,,,1,3399M,1,,0,0140,,30000,30000,056,393,00400,056,2,1,1,1,1000,001,0,0,0,0,1,0,0,1,0,2,2,,,113051,,1,0,0,0,0,0,0,0,0,0,0,0,0,0,0,0,0,0,0,0,0,0,0,0,0,0,0,0,,0,,0,0,0,0,0,0,0,0,0,0,0,0,0,0,0,0,0,0,0,0,0,0,0,0,0,0,0,0,0,0,0,0,0,0,0,0,0,0,0,0,0,0,0,0,0,0,0,75,27,90,82,31,106,146,130,161,84,75,89,82,103,29,22,22,94,176,154,88,26,81,97,24,84,121,106,132,67,72,74,84,109,33,26,25,73,126,24,77,158,80,66,140,99,25,32,28,79,68,78,73,93,145,152,162,87,26,25,92,166,81,79,174,88,21,26,29,102,79,81,86,106,105,143,168,75,29,141
P,2023HU0000321,8,01,00400,4,56,1019518,74,63,1,,1,2,2,2,2,2,,,2,,,2,,,0,1,2,2,2,2,2,2,0,5,1,01,2,1,2,2,1,2,1983,1,4,,,,,,,,,3,5,3,3,3,0,0,20,0,1,,21,0,1,0,0,85000,40,1,52,1,,1,032,999,,2,1,,1,6207,,1,01,6992,095,055,,,,1,5242,1,,0,4810,,85000,85000,019,440,00400,056,1,2,2,1,1000,001,0,0,0,0,1,0,0,1,0,2,2,,,413021,,1,0,0,0,0,0,0,0,0,0,0,0,0,0,0,0,0,0,0,0,0,0,0,0,0,0,,0,,0,,0,0,0,0,0,0,0,0,0,0,0,0,0,0,0,0,0,0,0,0,0,0,0,0,0,0,0,0,0,0,0,0,0,0,0,0,0,0,0,0,0,0,0,0,0,0,0,139,24,22,81,71,85,102,78,26,73,21,26,106,83,136,70,74,119,72,71,20,150,118,73,83,76,28,65,101,69,119,127,18,83,32,59,64,19,72,88,19,106,104,72,68,88,27,103,113,79,104,107,20,61,22,67,111,26,55,65,117,27,19,52,86,74,127,69,26,109,26,22,112,83,109,82,71,132,97,87
P,2023HU0000321,8,02,00400,4,56,1019518,87,63,1,,1,2,2,2,2,2,,,2,,,2,,,0,1,2,2,2,2,2,2,0,,,,2,1,2,2,1,2,1983,1,4,,,,,,,,,2,5,2,2,3,0,0,21,3600,1,,21,0,2,0,0,0,,2,,2,,2,021,032,,2,,,6,3700,,1,01,7770,,,,,,1,56173,1,,0,5120,4,0,3600,019,440,,,1,2,2,1,1000,001,0,0,0,0,1,0,0,1,0,1,2,,,433031,,1,0,0,0,0,0,0,0,0,0,0,0,0,0,0,0,0,0,0,0,0,0,0,0,0,0,,0,,0,,0,0,0,0,0,0,0,0,0,0,0,0,0,0,0,0,0,0,0,0,0,0,0,0,0,0,0,0,0,0,0,0,0,0,0,0,0,0,0,0,0,0,0,0,0,0,0,136,31,28,90,89,102,138,77,30,100,27,30,123,93,178,87,69,120,80,100,24,187,130,78,97,81,30,83,137,77,107,167,20,85,33,78,79,26,84,84,21,142,107,78,95,103,31,118,141,96,125,143,22,73,26,82,122,30,76,83,143,28,24,66,95,89,137,73,30,111,26,30,146,107,123,86,80,120,93,96
P,2023HU0001176,8,01,00500,4,56,1019518,72,41,1,,3,2,2,2,2,2,,,2,,,2,,,0,1,2,2,2,2,2,2,0,10,1,01,2,1,2,2,1,2,2005,1,4,,,,,,,,,3,5,3,3,3,0,0,20,0,1,,18,0,1,0,0,47100,40,1,52,1,,1,082,999,,2,1,,1,,,1,01,8370,090,049,,,,1,6241,1,,0,5250,,47100,47100,056,268,00500,056,1,2,2,1,1000,001,0,0,0,0,1,0,0,1,0,,,,,434061,,1,0,0,0,0,0,0,0,0,0,0,0,0,0,0,0,0,0,0,0,0,0,0,0,0,0,,0,,0,,0,0,0,0,0,0,0,0,0,0,0,0,0,0,0,0,0,0,0,0,0,0,0,0,0,0,0,0,0,0,0,0,0,0,0,0,0,0,0,0,0,0,0,0,0,0,0,30,19,23,129,70,74,18,129,78,71,101,60,85,112,53,65,78,137,24,146,75,78,65,76,121,16,78,77,19,30,87,132,119,58,25,120,25,89,71,68,18,17,23,152,57,66,27,101,71,68,114,69,68,141,89,78,76,119,21,107,66,76,70,75,142,31,71,82,19,19,80,139,162,82,18,102,24,84,78,83
P,2023HU0001176,8,02,00500,4,56,1019518,29,46,1,,3,2,2,2,2,2,,,2,,2,2,,,0,1,2,2,2,2,2,2,0,5,1,01,2,1,2,2,1,2,2005,1,4,,,,,,,,,3,5,2,3,3,0,0,21,0,2,15,20,0,2,0,0,50000,40,1,52,1,,1,210,999,,2,1,,1,,,1,02,7860,083,043,,,,1,6111,1,,0,2300,2,50000,50000,006,268,00500,056,1,2,3,8,8000,015,0,0,0,0,1,0,1,0,0,,,,,252010,,1,0,0,0,0,1,0,0,0,0,0,0,0,0,0,0,0,0,0,0,0,0,0,0,0,0,,0,,0,,0,0,0,0,0,0,0,0,0,0,0,0,0,0,0,0,0,0,0,0,0,0,0,0,0,0,0,0,0,0,0,0,0,0,0,0,0,0,0,0,0,0,0,0,0,0,0,9,11,7,52,21,24,7,54,48,37,42,26,25,55,22,28,27,61,13,54,29,31,36,42,42,5,26,34,10,12,32,50,48,22,8,49,6,26,36,37,10,6,8,60,20,32,9,35,40,29,41,22,28,52,27,31,36,45,9,61,33,28,23,32,44,9,30,24,9,9,24,49,68,27,8,56,7,30,35,28
P,2023HU0001176,8,03,00500,4,56,1019518,60,17,1,,,2,2,2,2,2,,,2,,,,,,0,1,2,2,2,2,2,2,0,,,,2,5,,,,,,1,4,,,,,,,,,2,5,2,2,2,0,0,25,0,2,14,15,0,1,0,0,0,,3,,2,,2,210,082,,2,,1,6,,,1,02,,,,,,,6,,1,1,1,,,0,0,006,268,,,1,2,3,1,1000,001,0,0,0,0,1,0,0,1,1,,,,,,,1,0,0,0,0,0,0,0,0,0,0,0,0,0,0,0,0,0,0,0,0,0,0,0,0,0,,0,,0,,0,0,0,0,0,0,0,0,0,0,0,0,0,0,0,0,0,0,0,0,0,0,0,0,0,0,0,0,0,0,0,0,0,0,0,0,0,0,0,0,0,0,0,0,0,0,0,14,15,13,83,84,43,17,94,50,64,99,46,65,80,52,60,53,136,31,94,48,70,66,63,101,18,64,55,28,33,84,135,91,58,24,101,16,66,68,73,18,29,26,87,44,69,22,83,54,59,105,47,50,101,55,66,67,66,15,127,85,49,60,99,122,25,53,78,18,16,53,83,157,54,13,77,24,67,46,55
P,2023HU0001176,8,04,00500,4,56,1019518,60,15,1,,,2,2,2,2,2,,,2,,2,,,,0,1,2,2,2,2,2,2,0,,,,2,5,,,,,,1,,,,,,,,,,,,,,,0,0,25,0,2,12,12,0,2,0,0,0,,,,,,2,210,082,,2,,1,,,,1,02,,,,,,,6,,1,1,1,,,,0,006,268,,,1,2,1,1,1000,001,0,0,0,0,1,0,0,1,1,,,,,,,1,0,0,0,0,0,0,0,0,0,0,0,0,0,0,0,0,0,0,0,0,0,0,0,0,0,,0,,0,,0,0,0,0,0,0,0,0,0,0,0,0,0,0,0,0,0,0,0,0,0,0,0,0,0,0,0,0,0,0,0,0,0,0,0,1,0,0,0,0,0,0,0,0,0,0,0,14,15,11,83,82,43,17,94,50,64,99,45,65,82,53,60,53,137,31,94,47,70,64,61,101,16,64,55,30,33,84,135,91,56,24,101,15,65,69,73,20,31,26,85,44,70,22,82,54,58,105,47,50,99,55,68,67,66,16,128,85,48,60,99,123,24,54,78,16,15,55,83,159,54,14,77,25,68,46,57
P,2023HU0001176,8,05,00500,4,56,1019518,60,12,1,,,2,2,2,,2,,,2,,,,,,0,1,2,2,2,2,2,2,,,,,2,5,,,,,,1,,,,,,,,,,,,,,,,,25,,2,08,08,,1,,,,,,,,,2,210,082,,2,,1,,,,1,02,,,,,,,,,1,1,1,,,,,006,268,,,1,2,1,1,1000,001,0,0,0,0,1,0,0,1,1,,,,,,,1,0,0,0,0,0,0,0,0,0,0,0,0,0,0,0,0,0,0,0,0,0,0,0,0,0,,0,,0,,0,0,0,0,0,0,0,0,0,0,0,0,0,0,0,0,0,0,0,0,0,0,0,0,0,0,0,0,0,0,0,0,0,0,0,1,0,0,0,0,0,0,0,0,0,0,0,14,15,13,83,84,43,18,93,51,62,97,46,64,80,52,60,53,136,32,93,47,70,64,63,101,18,65,55,28,34,84,135,91,55,25,101,16,65,66,73,18,31,26,85,43,70,22,81,54,58,103,47,48,99,55,67,67,66,17,129,85,50,60,101,122,22,52,78,19,14,55,83,157,54,13,78,25,67,45,55
P,2023HU0001401,8,01,00300,4,56,1019518,124,62,1,,1,2,2,2,2,2,,,2,,,2,,,2,1,1,2,2,2,2,2,0,,,,2,2,2,2,3,1,2001,1,4,,,,,,,,,1,5,2,3,3,0,0,20,0,1,,17,0,2,0,0,43500,40,1,52,2,,4,999,999,,2,,,2,,,1,01,6992,,,,,,3,5242,1,,0,5840,4,43500,43500,008,275,,,1,2,2,1,1000,001,0,0,0,0,1,0,0,1,0,,,,,439041,,1,0,0,0,0,0,0,0,0,0,0,0,0,0,0,0,0,0,0,0,0,0,0,0,0,0,,0,,0,,0,0,0,0,0,0,0,0,0,0,0,0,0,0,0,0,0,0,0,0,0,0,0,0,0,1,1,0,0,0,0,0,0,0,0,0,0,0,0,0,0,1,0,0,0,0,0,40,34,40,268,116,111,34,204,161,126,235,138,114,180,138,144,124,248,41,243,127,105,124,126,200,40,110,115,41,32,150,189,136,101,53,211,30,123,107,80,243,248,174,49,114,139,195,29,123,130,34,115,130,45,109,145,148,34,209,39,156,129,84,152,40,191,112,151,216,234,136,40,37,148,198,25,233,99,125,123
P,2023HU0001888,8,01,00500,4,56,1019518,55,28,1,,1,2,2,2,2,2,,,2,,,,,,2,2,1,2,2,2,2,2,0,5,1,01,2,5,,,,,,1,4,,,,,,,,,3,5,3,3,3,0,0,20,0,1,,20,0,1,0,0,48000,40,1,52,1,,2,022,032,,2,1,,1,,,1,01,0770,080,040,,,,6,23,1,,0,6200,,48000,48000,008,304,00500,056,1,2,3,1,1000,001,0,0,0,0,1,0,0,1,0,,,,,471011,,1,0,0,0,0,0,0,0,0,0,0,0,0,0,0,0,0,0,0,0,0,0,0,0,0,0,,0,,0,,0,0,0,0,0,0,0,0,0,0,0,0,0,0,0,0,0,0,0,0,0,0,0,0,0,0,0,0,0,0,0,0,0,0,0,0,0,0,0,0,0,0,0,0,0,0,0,67,49,66,97,74,59,14,55,111,37,40,78,58,15,12,19,47,41,64,28,69,65,79,98,118,49,21,62,105,73,50,93,46,15,17,18,55,56,66,76,47,47,21,15,18,38,94,48,15,63,73,18,49,102,110,91,56,62,53,71,52,46,18,18,19,76,79,63,16,49,55,21,68,78,79,93,52,57,44,14
P,2023HU0003114,8,01,00500,4,56,1019518,76,29,1,,1,2,2,2,2,2,,,2,,,,,,1,2,1,2,2,2,2,2,0,5,1,01,2,5,,,,,,1,4,,,,,,,,,3,5,3,3,3,0,0,20,0,1,,19,0,1,0,0,90000,40,1,52,1,,4,999,999,,2,1,,1,,,1,01,0470,101,061,,,,6,2123,1,,0,5000,,90000,90000,056,501,00500,056,1,2,3,1,1000,001,0,0,0,0,1,0,0,1,0,,,,,431011,,1,0,0,0,0,1,0,0,0,0,0,0,0,0,0,0,0,0,0,0,0,0,0,0,0,0,,0,,0,,0,0,0,0,1,1,1,1,1,1,0,0,0,0,0,0,0,0,0,0,0,0,1,1,1,1,1,0,1,0,0,0,0,1,0,0,0,1,0,1,1,1,1,1,1,0,0,94,40,21,147,100,101,89,20,109,54,110,27,58,18,34,159,127,67,92,193,89,49,32,129,91,132,84,26,96,77,64,22,54,22,23,110,164,58,66,126,107,86,26,127,110,119,82,27,139,72,121,19,73,22,24,145,77,59,68,178,64,82,19,117,149,74,94,27,128,91,75,15,60,17,15,144,121,65,59,137
P,2023HU0003114,8,02,00500,4,56,1019518,97,28,1,,1,2,2,2,2,2,,,2,,2,,,,1,2,1,2,2,2,2,2,0,10,1,01,2,5,,,,,,1,4,,,,,,,,,3,5,3,3,3,0,0,22,0,1,,19,0,2,0,0,34500,40,1,52,,,4,999,999,,2,1,,1,,,1,01,4670,165,101,,,,6,4411,1,,0,5610,4,34500,34500,056,226,00500,056,1,2,1,1,1000,001,0,0,0,0,1,0,0,1,0,,,,,435071,,1,0,0,1,0,1,1,1,1,1,1,1,0,0,1,0,1,1,0,0,0,0,1,1,1,1,,1,,1,,1,1,1,0,1,1,1,1,1,1,0,1,1,0,0,0,0,0,1,0,0,1,1,1,1,1,1,1,1,1,1,0,0,1,0,1,1,1,0,1,1,1,1,1,1,0,0,128,83,24,155,99,101,114,22,122,85,137,49,120,35,31,167,168,94,117,169,96,111,23,147,91,86,115,33,164,126,93,31,117,33,17,126,265,121,78,214,97,124,29,165,141,188,95,36,158,106,131,31,73,25,30,172,111,95,92,192,90,115,34,213,98,64,78,30,210,122,90,18,97,28,21,197,167,83,103,143
P,2023HU0003411,8,01,00400,4,56,1019518,48,68,1,,6,2,2,2,2,2,,,2,,,2,,,2,2,1,1,1,2,2,2,0,,,,2,3,2,2,2,2,1999,1,4,,,,,,,,,2,5,2,2,3,0,0,20,48000,2,15,16,0,2,9600,21900,0,,2,,2,,1,291,999,,2,,,6,,,1,24,6380,,,,,,4,492,1,,0,9130,4,0,79500,008,501,,,1,1,2,9,9000,029,0,0,0,0,2,0,1,1,0,,,,,533030,,1,0,0,0,0,0,0,0,0,0,0,0,0,0,0,0,0,0,0,0,0,0,1,0,1,0,0,0,1,0,,1,1,1,0,0,0,0,0,0,0,0,0,0,0,0,0,0,0,0,0,0,0,0,0,0,0,1,0,0,1,1,0,0,0,1,1,0,0,0,1,0,0,0,0,0,0,0,51,52,13,59,66,51,71,18,54,33,101,54,88,114,16,13,58,40,46,88,33,11,56,40,59,37,11,78,53,39,15,83,27,45,102,89,44,37,53,16,54,81,17,43,42,48,116,16,56,61,90,36,53,67,14,14,78,43,43,53,75,27,77,53,52,46,23,77,46,105,10,54,11,10,72,70,55,44,50,23
P,2023HU0004375,8,01,00300,4,56,1019518,152,67,1,,,2,2,2,2,2,,,2,,,2,,,0,1,2,1,2,2,2,2,0,,,,2,3,2,2,1,2,1978,1,4,,,,,,,,,2,5,2,2,3,0,0,20,40700,1,,22,0,2,0,0,0,,3,,2,,1,195,999,,2,,,6,2309,,1,01,,,,,,,4,,1,,0,,4,0,40700,022,280,,,1,1,4,1,1000,001,0,0,0,0,1,0,0,1,0,2,2,,,,,1,0,0,0,0,0,0,0,0,0,0,0,0,0,0,0,0,0,0,0,0,0,1,0,0,1,0,0,,1,,1,1,1,0,0,0,0,0,0,0,0,0,0,0,0,0,0,0,0,0,0,0,0,0,0,0,0,0,0,1,1,0,0,0,0,0,0,0,0,0,0,0,0,0,0,0,0,217,311,67,123,35,157,208,53,198,27,231,179,120,151,119,51,160,272,198,134,267,253,50,176,60,156,101,43,155,54,231,267,208,186,155,39,200,237,94,201,43,59,306,103,238,135,178,265,136,190,43,43,178,169,144,281,154,44,177,121,50,43,263,179,272,150,133,286,177,315,42,45,159,120,160,191,182,42,122,172
P,2023HU0004930,8,01,00200,4,56,1019518,183,50,1,,1,2,2,2,2,2,,,2,,2,2,,,0,1,2,2,2,2,2,2,0,,,11,2,5,,,,,,1,4,,,,,,,,,3,5,3,3,3,0,0,20,0,1,,21,0,2,0,0,58000,40,1,52,1,,1,082,999,,2,,,1,6207,,1,01,6970,,,,,,6,52M2,1,,0,0845,2,58000,58000,018,277,00200,056,1,2,3,1,1000,001,0,0,0,0,1,0,0,1,0,2,2,,,132051,,1,0,0,0,0,0,0,0,0,0,0,0,0,0,0,0,0,0,0,0,0,0,0,0,0,0,,0,,0,,0,0,0,0,0,0,0,0,0,0,0,0,0,0,0,0,0,0,0,0,0,0,0,0,0,0,0,0,0,0,0,0,0,0,0,0,0,0,0,0,0,0,0,0,0,0,0,50,179,298,60,73,345,161,274,277,154,317,209,153,203,55,173,49,157,168,286,80,181,275,72,71,255,143,129,248,196,301,188,194,218,42,141,100,168,229,84,241,213,71,343,212,59,194,139,70,236,58,225,212,197,225,214,267,184,201,57,328,158,62,304,337,45,177,183,53,149,36,171,208,181,254,116,338,178,184,280
P,2023HU0004930,8,02,00200,4,56,1019518,168,12,1,,,2,2,2,,2,,,1,,,,,,0,1,2,2,2,2,2,2,,,,,2,5,,,,,,1,,,,,,,,,,,,,,,,,25,,2,07,07,,1,,,,,,,,,1,082,999,,1,,7,,,,1,01,,,,,,,,,1,7,1,,,,,046,277,,,1,2,3,1,1000,001,0,0,0,0,1,0,0,1,1,,,,,,,1,0,0,0,0,0,0,0,0,0,0,0,0,0,0,0,0,0,0,0,0,0,0,0,0,0,,0,,0,,0,0,0,0,0,0,0,0,0,0,0,0,0,0,0,0,0,0,0,0,0,0,0,0,0,0,0,0,0,0,0,0,0,0,0,0,0,0,0,0,0,0,0,0,0,0,0,50,187,279,39,54,469,138,147,310,156,239,188,138,204,52,147,43,157,210,222,68,171,295,71,63,231,146,131,269,180,184,152,214,148,59,219,75,197,220,61,301,174,63,239,197,71,164,174,78,152,49,190,130,192,222,178,246,154,260,38,302,157,42,318,361,48,196,165,49,182,30,135,217,194,213,154,325,192,197,248
P,2023HU0005089,8,01,00500,4,56,1019518,14,66,1,,,2,2,2,2,2,,,2,,,2,,,2,2,1,1,2,2,2,2,30000,,,,2,5,,,,,,1,4,,,,,,,,,2,5,2,2,3,0,0,20,35000,1,,19,0,2,0,24000,0,,3,,2,,2,032,082,,2,,,6,,,1,01,,,,,,,6,,1,,0,,4,0,89000,008,501,,,1,1,1,1,1000,001,0,0,0,0,1,0,0,1,0,,,,,,,1,0,0,0,0,0,0,0,0,0,0,0,0,0,0,0,0,0,0,0,0,0,0,1,0,0,0,0,,0,,0,0,0,0,0,0,0,0,0,0,0,0,0,0,0,0,0,0,0,0,0,0,0,0,0,0,0,0,0,0,0,0,0,0,0,0,0,0,0,0,0,0,0,0,0,0,0,5,12,12,14,22,12,4,16,3,4,22,23,18,10,14,20,17,34,6,10,4,10,11,10,28,10,4,13,4,6,20,12,30,11,11,17,14,18,4,12,20,10,10,13,5,14,21,13,20,26,4,11,4,18,10,2,14,2,28,13,31,14,15,15,4,9,24,19,18,16,6,13,4,12,13,4,19,4,22,17
P,2023HU0005725,8,01,00400,4,56,1019518,150,76,1,,,2,1,2,2,2,,2,2,,,2,,,0,2,2,1,2,2,2,2,30000,,,,2,1,2,2,1,2,1970,1,2,0,0,0,1,0,0,0,0,2,5,2,2,3,0,0,20,0,1,,21,0,1,0,25000,0,,3,,2,,2,142,429,,1,,,6,4007,,1,01,,,,,,,1,,1,,0,,,0,55000,056,379,,,2,1,3,1,1000,001,0,0,0,0,1,0,0,1,0,1,2,,,,06,1,0,0,0,0,0,0,0,0,0,0,0,0,0,0,0,0,0,0,0,0,0,0,0,0,0,0,0,,0,,0,0,0,0,0,0,0,0,0,0,0,0,0,0,0,0,0,0,0,0,0,0,0,0,0,0,0,0,0,0,0,0,0,0,0,0,0,0,0,0,0,0,0,0,0,0,0,137,45,141,229,241,193,170,179,146,135,101,47,49,56,165,263,134,40,195,53,134,254,168,49,61,63,161,175,118,128,126,234,237,197,154,53,138,250,159,233,142,47,180,234,293,230,120,126,163,112,136,38,38,44,169,298,142,39,167,63,143,290,187,47,31,43,178,154,129,162,136,306,242,248,156,47,165,256,138,231
P,2023HU0005725,8,02,00400,4,56,1019518,102,71,1,,,2,2,2,2,2,,,2,,,2,,,0,2,2,1,2,2,2,2,0,,,,2,1,2,2,1,2,1970,1,4,,,,,,,,,2,5,2,2,3,0,0,21,0,1,,16,0,2,0,13800,0,,3,,2,,2,032,050,,2,,,6,,,1,01,,,,,,,1,,1,,0,,4,0,13800,046,379,,,2,1,3,1,1000,001,0,0,0,0,1,0,0,1,0,,,,,,,1,0,0,0,0,0,0,0,0,0,0,0,0,0,0,0,0,0,0,0,0,0,0,0,0,0,0,0,,0,,0,0,0,0,0,0,0,0,0,0,0,0,0,0,0,0,0,0,0,0,0,0,0,0,0,0,0,0,0,0,0,0,0,0,0,0,0,0,0,0,0,0,0,0,0,0,0,88,38,99,153,191,165,94,106,111,101,88,34,30,36,107,179,102,29,113,35,82,180,115,29,34,27,109,123,86,100,113,171,135,165,111,31,94,159,90,177,103,33,107,155,188,162,76,103,132,84,91,29,27,31,98,179,92,28,132,34,103,203,107,29,21,26,114,112,100,88,100,163,168,190,123,32,100,205,98,146
P,2023HU0006143,8,01,00400,4,56,1019518,71,62,1,,3,2,2,2,2,2,,,2,,,2,,,0,1,2,2,2,2,2,2,0,20,1,01,2,1,2,2,1,2,1977,1,4,,,,,,,,,3,5,3,3,3,0,0,20,0,1,,17,0,2,0,0,42000,40,1,52,1,,1,050,999,,2,1,,1,,,1,01,7860,086,043,,,,1,6111,1,,0,5740,4,42000,42000,046,314,00400,056,1,2,4,1,1000,001,0,0,0,0,1,0,0,1,0,,,,,436014,,1,0,0,0,0,0,0,0,0,0,0,0,0,0,0,0,0,0,0,0,0,0,0,0,0,0,,0,,0,,0,0,0,0,0,1,0,0,0,0,0,0,0,0,0,0,0,0,0,0,0,0,0,1,1,1,1,0,0,0,0,0,0,1,0,0,0,0,0,1,1,1,0,0,0,0,0,73,97,127,21,65,77,18,61,69,24,77,67,67,22,131,135,86,103,19,77,57,63,119,20,80,65,24,66,96,22,57,81,71,21,159,138,94,87,21,58,79,66,114,21,54,69,21,67,70,27,104,73,73,24,110,135,99,120,23,66,65,65,122,18,61,85,18,59,91,21,50,65,121,25,151,144,114,99,14,74
P,2023HU0006143,8,02,00400,4,56,1019518,62,64,1,,,2,2,2,2,2,,,2,,,2,,,0,1,2,2,2,2,2,2,0,,,,2,1,2,2,1,2,1977,1,4,,,,,,,,,3,5,3,3,3,0,0,21,10800,1,,15,0,1,0,11000,0,,3,,,,4,999,999,,2,,,6,,,1,01,,,,,,,1,,1,,0,,,0,21800,046,314,,,1,2,3,1,1000,001,0,0,0,0,1,0,0,1,0,,,,,,,1,0,0,1,0,0,1,1,1,1,1,1,0,0,1,0,1,0,0,0,0,0,1,0,1,1,,1,,1,,1,1,1,0,0,1,0,0,0,0,0,1,0,1,0,1,1,0,1,0,0,1,0,1,1,1,1,1,0,1,1,0,0,1,0,1,1,1,0,1,1,1,0,1,0,0,0,78,85,102,19,51,63,14,62,66,18,55,58,59,21,104,110,98,110,17,59,51,51,112,19,70,60,23,50,70,21,63,59,58,22,158,107,80,70,17,60,74,51,113,19,40,62,16,67,61,21,80,58,67,23,107,114,91,104,17,53,53,57,88,16,59,74,16,53,79,19,50,50,90,22,141,131,102,107,16,68
P,2023HU0006534,8,01,00500,4,56,1019518,105,80,1,,,2,2,2,2,2,,2,2,,,2,,,0,2,2,1,2,2,2,2,440,,,,2,2,2,2,2,2,1971,1,2,0,0,0,0,1,0,0,0,2,5,2,2,2,0,0,20,7000,1,,16,0,1,0,1700,0,,3,,2,,1,032,999,,2,,,6,,,1,01,,,,,,,3,,1,,0,,,0,9140,011,63,,,2,1,1,1,1000,001,0,0,0,0,1,0,0,1,0,,,,,,13,1,0,0,0,0,0,0,0,0,0,0,0,0,0,0,0,0,0,0,0,0,0,0,0,0,0,0,0,,0,,0,0,0,0,0,0,0,0,0,0,0,0,0,0,0,0,0,0,0,0,0,0,0,0,0,0,0,1,0,0,0,0,0,0,0,0,0,0,0,0,0,0,0,0,0,0,0,164,29,104,156,153,192,73,78,105,78,92,40,35,40,98,118,135,30,94,216,90,31,134,165,207,176,97,156,84,107,105,19,42,25,70,197,126,37,102,33,115,145,98,32,28,35,108,131,109,101,80,168,220,166,79,31,91,137,105,24,104,154,123,33,28,31,105,120,119,88,99,159,162,156,121,58,143,155,119,188
P,2023HU0007495,8,01,00400,4,56,1019518,79,77,1,,,2,1,2,2,1,,,2,,,2,,,0,2,2,1,2,2,2,2,100000,,,,2,3,2,2,2,2,1973,1,4,,,,,,,,,2,5,2,2,3,0,0,20,0,1,,20,0,2,0,6000,0,,3,,2,,1,088,999,,1,,,6,,,1,01,,,,,,,4,,1,,0,,4,0,106000,020,501,,,2,1,1,1,1000,001,0,0,0,0,1,0,0,1,0,,,,,,,1,0,0,0,0,0,0,0,0,0,0,0,0,0,0,0,0,0,0,0,0,0,0,0,0,0,0,0,,0,,0,0,0,0,0,0,0,0,0,0,0,0,0,0,0,0,0,0,0,0,0,0,0,0,0,0,0,0,0,0,0,0,0,0,0,0,0,0,0,0,0,0,0,0,0,0,0,29,75,23,73,139,100,105,23,72,118,138,60,71,51,73,61,29,98,93,132,124,91,129,71,20,56,30,163,76,26,33,80,99,92,46,101,166,82,20,25,25,107,37,85,109,75,139,16,86,170,135,78,79,70,82,80,20,77,109,85,115,73,115,62,26,64,25,138,67,21,25,68,78,78,68,86,106,78,26,17
P,2023HU0007743,8,01,00200,4,56,1019518,202,69,1,,1,2,2,2,2,2,,,2,,,2,,,2,2,1,1,2,2,2,2,0,148,2,01,2,2,2,2,2,2,1993,1,4,,,,,,,,,3,5,3,3,3,0,0,20,0,1,,19,0,2,0,0,20800,40,1,52,1,,2,022,050,,2,2,,1,,,1,01,5090,103,040,,,,3,4571,1,,0,4720,4,20800,20800,006,118,00400,031,1,1,1,1,1000,001,0,0,0,0,1,0,0,1,0,,,,,412010,,1,0,0,0,0,0,0,0,0,0,0,0,0,0,0,0,0,0,0,0,0,0,0,0,0,0,0,0,,0,,0,0,0,0,0,0,1,0,0,0,0,0,0,0,0,0,0,0,0,0,0,0,0,1,0,1,1,0,0,0,0,0,0,0,0,0,0,0,0,0,0,1,0,0,0,0,0,165,310,188,72,198,290,63,163,271,307,322,204,195,209,224,213,57,73,60,373,211,359,221,72,225,159,55,215,263,356,327,177,184,226,180,217,95,67,58,349,201,294,214,65,218,171,63,153,240,420,295,173,217,226,191,235,68,70,98,282,178,376,187,76,182,186,64,271,320,235,367,239,232,204,183,228,61,60,52,291
P,2023HU0007743,8,02,00200,4,56,1019518,201,35,1,,1,2,2,2,2,2,,,2,,2,2,,,0,2,2,2,2,2,2,2,0,,,,2,3,2,2,1,2,2011,1,4,,,,,,,,,2,5,2,2,3,0,200,25,0,1,,16,0,2,0,0,0,,2,,2,,2,022,026,,2,,,6,,,2,01,8680,,,,,,4,722Z,1,,0,4055,4,0,200,005,118,,,2,2,1,1,1000,001,0,0,0,0,1,0,0,1,0,,,,,353023,,1,0,0,0,0,0,0,0,0,0,0,0,0,0,0,0,0,0,0,0,0,0,0,0,0,0,,0,,0,,0,0,0,0,0,0,0,0,0,0,0,0,0,0,0,0,0,0,0,0,0,0,0,0,0,0,0,0,0,0,0,0,0,0,0,0,0,0,0,0,0,0,0,0,0,0,0,210,227,197,121,127,254,91,208,365,220,321,172,181,280,176,183,104,85,68,330,146,270,112,83,162,145,96,117,274,381,306,178,229,170,238,237,35,85,54,276,157,352,89,46,278,174,66,205,194,328,228,116,142,166,187,238,63,58,89,285,232,373,202,75,215,215,51,266,348,332,351,405,302,203,200,244,65,68,56,330
P,2023HU0009680,8,01,00400,4,56,1019518,209,86,1,,7,2,2,2,2,2,2,1,2,,,2,,,2,2,1,1,2,2,1,2,0,,,,2,2,2,2,2,2,1975,1,2,0,0,0,0,1,0,0,0,3,5,3,3,3,0,0,20,2000,1,,11,0,1,0,1700,0,,2,,2,,1,924,999,,2,,,6,,,1,01,6170,,,,,,3,484,1,,0,9130,,0,3700,049,25,,,1,1,2,1,1000,001,0,0,0,0,1,0,0,1,0,,,,,533030,13,1,0,0,0,0,0,0,0,0,0,0,0,0,0,0,0,1,0,0,0,0,0,0,0,0,0,0,0,,0,,0,0,0,0,0,0,0,0,0,0,0,0,0,0,0,0,0,0,0,0,0,0,0,0,0,1,1,0,0,0,0,0,0,0,0,0,0,1,0,0,0,1,0,1,0,0,0,172,175,53,176,58,173,259,266,402,219,237,207,220,407,236,69,351,304,78,67,203,233,72,226,73,277,266,285,309,195,302,205,202,283,191,77,367,351,58,61,216,244,77,196,68,165,154,185,407,169,301,225,180,400,254,55,309,352,87,117,211,185,73,282,55,222,266,203,264,198,354,228,154,285,211,73,379,362,64,52
P,2023HU0010089,8,01,00100,4,56,1019518,178,64,1,,,2,2,2,2,1,,,2,,,2,,,0,1,2,1,1,2,2,2,0,,,,2,1,2,2,1,2,1990,1,4,,,,,,,,,3,5,3,3,3,0,0,20,900,1,,14,0,1,0,9400,0,,3,,2,,1,924,999,,1,,,6,,,1,01,,,,,,,1,,1,,0,,,0,10300,048,315,,,1,1,4,1,1000,001,0,0,0,0,1,0,0,1,0,,,,,,,1,0,0,0,0,0,0,0,0,0,0,0,0,0,0,0,0,0,0,0,0,0,1,0,1,1,0,0,0,0,,1,1,1,0,0,0,0,0,0,0,0,0,0,0,0,0,0,0,0,0,0,0,0,1,1,0,1,0,0,1,1,0,0,0,0,0,0,0,0,1,1,0,0,0,0,0,0,122,300,190,181,209,181,323,253,221,45,63,258,292,54,122,286,55,61,200,151,116,217,201,233,222,173,281,191,188,59,63,320,340,62,138,248,53,50,184,187,143,53,177,166,205,193,74,200,148,352,259,49,55,293,153,56,315,220,195,157,198,59,164,144,176,175,75,158,166,294,249,43,74,349,146,56,316,243,219,175
P,2023HU0010089,8,02,00100,4,56,1019518,171,56,1,,1,2,2,2,1,1,,,2,,,2,,,0,1,2,1,1,2,2,2,150,,,,2,1,2,2,1,2,1990,1,4,,,,,,,,,3,5,3,3,3,0,0,21,44400,1,,16,0,2,0,0,8500,15,1,30,2,,1,924,999,,1,,,2,,,1,01,6380,,,,,,1,492,1,,0,5510,4,8500,53050,024,315,,,1,1,3,1,1000,001,0,0,0,0,1,0,0,1,0,,,,,435021,,1,0,0,0,0,1,0,0,0,0,0,0,0,0,0,0,1,0,0,0,0,0,1,0,1,1,0,0,0,0,,1,1,1,0,1,1,0,0,0,0,0,0,0,0,0,0,0,0,0,0,0,0,1,1,1,1,1,0,0,1,1,0,0,1,0,0,0,1,0,1,1,1,1,1,1,0,0,137,299,177,179,193,158,300,228,200,42,63,280,281,57,121,292,56,59,230,172,115,241,201,218,248,159,237,163,198,55,58,297,286,60,146,267,50,41,184,208,114,46,159,151,208,197,61,215,190,309,246,59,58,287,143,48,257,209,160,138,172,53,145,136,186,203,65,167,164,291,221,51,79,330,153,60,318,263,216,161
P,2023HU0010142,8,01,00300,4,56,1019518,43,27,1,,1,2,2,2,2,2,,,2,,2,,,,0,2,2,2,2,1,2,2,0,15,1,01,2,1,2,2,1,2,2018,3,4,,,,,,,,,3,5,3,3,3,0,0,20,0,1,,22,8000,2,0,0,27000,25,1,30,1,,2,032,088,,2,1,,1,3600,4101,1,01,8090,124,080,,02000,028,1,6214,1,,0,3150,4,35000,35000,054,501,00300,056,1,2,2,1,1000,001,0,0,0,0,1,0,0,1,0,1,2,,,291122,,1,0,0,0,0,0,0,0,0,0,0,0,0,0,0,0,0,0,0,0,0,0,0,0,0,0,,0,,0,0,0,0,0,0,0,0,0,0,0,0,0,0,0,0,0,0,0,0,0,0,0,0,0,0,0,0,0,0,0,0,0,0,0,0,0,0,0,0,0,0,0,0,0,0,0,0,0,14,13,14,13,59,37,37,13,77,48,41,67,41,39,72,42,33,49,72,45,78,69,71,73,12,31,46,70,18,47,50,10,28,31,12,41,49,39,14,33,79,75,98,73,12,42,33,51,11,40,56,11,38,40,10,43,53,47,11,29,11,13,17,11,62,42,44,14,59,40,47,72,34,40,87,54,41,61,82,39
P,2023HU0010142,8,02,00300,4,56,1019518,40,28,1,,5,2,2,2,2,2,,2,2,,,,,,0,2,2,2,2,1,2,2,0,10,,10,2,1,2,2,1,2,2018,3,2,1,0,0,0,0,0,0,0,3,5,3,3,3,0,0,21,0,1,,24,0,1,0,0,100000,50,1,52,1,,2,050,051,,2,,,1,5003,,1,01,7980,090,049,,02000,028,1,6212,1,,0,3010,,100000,100000,054,501,01890,001,1,2,4,1,1000,001,0,0,0,0,1,0,0,1,0,1,2,,,291020,01,1,0,0,0,0,0,0,0,0,0,0,0,0,0,0,0,0,0,0,0,0,0,0,0,0,0,,0,,0,0,0,0,0,0,0,0,0,0,0,0,0,0,0,0,0,0,0,0,0,0,0,0,0,0,0,0,0,0,0,0,0,0,0,0,0,0,0,0,0,0,0,0,0,0,0,0,0,16,12,19,14,63,43,31,9,74,41,38,67,51,37,68,43,30,44,74,52,77,86,63,47,15,34,57,72,15,43,41,11,27,29,10,41,41,40,15,32,86,59,97,86,9,33,32,39,10,35,47,12,46,35,10,45,42,46,12,36,11,18,14,9,74,41,50,10,52,41,29,92,35,37,69,57,42,72,97,34
P,2023HU0010307,8,01,00200,4,56,1019518,33,53,1,,,2,2,1,2,1,,,1,,,2,,,0,2,2,2,1,2,2,2,0,,,,2,5,,,,,,1,4,,,,,,,,,2,5,2,2,3,0,0,20,0,1,,14,0,2,0,11000,0,,3,,2,,1,050,999,,1,,,6,,,1,01,,,,,,,6,,1,,0,,4,0,11000,056,70,,,2,1,3,1,1000,001,0,0,0,0,1,0,0,1,0,,,,,,,1,0,0,0,0,0,0,0,0,0,0,0,0,0,0,0,0,0,0,0,0,0,0,0,0,0,,0,0,0,,0,0,0,0,0,0,0,0,0,0,0,0,0,0,0,0,0,0,0,0,0,0,0,0,0,0,0,0,0,0,0,0,0,0,0,0,0,0,0,0,0,0,0,0,0,0,0,49,15,14,16,13,24,10,67,14,30,27,26,29,9,9,28,38,14,33,27,52,50,38,53,74,69,28,47,42,57,68,41,32,29,27,61,55,30,55,11,28,21,15,13,10,23,8,40,14,40,34,27,29,12,10,31,22,9,34,27,41,37,68,50,39,65,50,56,25,64,68,41,52,26,33,57,58,38,57,10
P,2023HU0010589,8,01,00400,4,56,1019518,176,21,1,,1,2,2,2,2,2,,,2,,2,,,,0,2,2,2,2,2,2,2,0,10,1,01,2,5,,,,,,3,4,,,,,,,,,3,5,3,3,3,0,0,20,0,1,,17,0,2,0,0,6400,28,1,40,1,,1,022,999,,2,1,,1,,,2,01,5581,117,076,,00490,008,6,4599,1,,0,4720,4,6400,6400,008,41,00400,056,2,2,4,1,1000,001,0,0,0,0,1,0,0,1,0,,,,,412010,,1,0,0,0,0,0,0,0,0,0,0,0,0,0,0,0,0,0,0,0,0,0,0,0,0,0,,0,,0,,0,0,0,0,0,0,0,0,0,0,0,0,0,0,0,0,0,0,0,0,0,0,0,0,0,0,0,0,0,0,0,0,0,0,0,0,0,0,0,0,0,0,0,0,0,0,0,313,49,150,189,167,55,174,250,148,51,53,200,144,61,338,172,497,294,189,208,67,313,163,221,134,245,194,101,210,329,335,153,150,274,60,198,45,52,157,189,370,68,164,154,225,33,165,384,162,65,69,141,158,45,382,192,303,258,167,149,52,254,146,229,211,271,242,61,166,234,297,184,168,362,39,176,74,58,263,182
P,2023HU0010589,8,02,00400,4,56,1019518,237,20,1,,4,2,2,2,2,2,,,2,,,,,,0,1,2,2,2,2,2,2,0,10,1,01,2,5,,,,,,3,4,,,,,,,,,3,5,3,3,3,0,0,34,0,2,15,16,0,1,0,0,7000,9,1,15,1,,1,022,999,,2,1,,1,,,1,01,0280,096,055,,00500,056,6,114,1,,0,1910,,7000,7000,056,45,00500,056,1,2,4,1,1000,001,0,0,0,0,1,0,0,1,0,,,,,194021,,1,0,0,0,0,0,0,0,0,0,0,0,0,0,0,0,0,0,0,0,0,0,0,0,0,0,,0,,0,,0,0,0,0,0,0,0,0,0,0,0,0,0,0,0,0,0,0,0,0,0,0,0,0,0,0,0,0,0,0,0,0,0,0,0,0,0,0,0,0,0,0,0,0,0,0,0,320,68,279,257,236,79,160,266,236,73,68,302,205,104,434,234,633,312,242,324,96,299,219,277,193,305,233,126,269,568,579,188,191,444,76,168,55,76,235,342,458,80,154,184,256,64,311,358,192,97,66,208,269,89,626,283,354,315,202,186,59,408,254,284,145,279,301,101,236,301,498,256,143,618,55,159,103,83,315,246
P,2023HU0010642,8,01,00300,4,56,1019518,57,82,4,1998,,2,2,2,2,2,,,2,2,,2,,,0,2,2,1,2,2,2,2,0,,,,1,4,2,2,1,2,1963,1,4,,,,,,,,,2,5,2,2,3,0,0,20,0,1,,21,0,2,0,24500,0,,3,,2,1991,1,144,999,6,2,,,6,5007,,1,01,,,,1220,,,5,,2,,0,,4,0,24500,132,201,,,2,1,2,1,1000,001,0,0,0,0,1,0,0,1,0,1,2,,,,,5,0,0,0,0,0,0,0,0,0,0,0,0,0,0,0,0,0,0,0,0,0,0,0,0,0,0,0,,0,,0,0,0,0,0,0,0,0,0,0,0,0,0,0,0,0,0,0,0,0,0,0,0,0,0,0,0,0,0,0,0,0,0,0,0,0,0,0,0,0,0,0,0,0,0,0,0,15,73,56,53,16,80,17,65,67,86,107,65,21,114,67,59,48,56,13,15,47,16,13,107,55,48,57,110,60,47,63,16,52,60,97,26,85,102,58,72,13,52,53,47,17,86,19,69,77,89,100,51,19,92,59,61,72,60,13,17,53,16,11,84,62,58,60,97,62,43,61,16,55,50,96,20,81,118,80,77
P,2023HU0010642,8,02,00300,4,56,1019518,96,58,4,1992,,1,2,2,1,2,,,2,1,,2,,,0,2,2,1,2,2,2,2,0,,,,1,3,2,2,1,2,1993,1,4,,,,,,,,,2,5,2,2,3,0,0,25,0,1,,22,0,2,0,11100,0,,3,,2,1986,1,144,999,5,1,,,6,5007,,1,01,,,,1220,,,4,,2,,0,,4,0,11100,132,201,,,2,1,1,1,1000,001,0,0,0,0,1,0,0,1,0,1,2,,,,,5,0,0,0,0,0,0,0,0,0,0,0,0,0,0,0,0,0,0,0,0,0,0,0,0,0,0,0,,0,,0,0,0,0,0,0,0,0,0,0,0,0,0,0,0,0,0,0,0,0,0,0,0,0,0,0,0,0,0,0,0,0,0,0,0,0,0,0,0,0,0,0,0,0,0,0,0,37,110,122,100,23,104,22,98,154,125,190,100,34,203,99,90,76,97,29,29,87,29,23,230,122,93,72,149,99,87,117,23,70,88,185,28,151,250,99,104,33,79,109,105,26,128,29,110,155,171,160,77,39,168,90,104,88,94,26,28,87,26,20,167,112,91,95,190,107,97,99,32,89,73,152,30,124,206,112,91
P,2023HU0010770,8,01,00500,4,56,1019518,8,78,1,,1,2,2,2,2,1,,,2,,,2,,,0,2,2,1,2,2,2,2,1500,,,,2,3,2,2,2,2,1964,1,4,,,,,,,,,2,5,2,2,3,0,0,20,0,1,,16,0,2,0,16900,0,,2,,2,,2,032,050,,1,,,6,,,1,01,5392,,,,,,4,4552,1,,0,4760,4,0,18400,056,270,,,2,1,1,1,1000,001,0,0,0,0,1,0,0,1,0,,,,,412031,,1,0,0,0,0,0,0,0,0,0,0,0,0,0,0,0,0,0,0,0,0,0,0,0,0,0,0,0,,0,,0,0,0,0,0,0,0,0,0,0,0,0,0,0,0,0,0,0,0,0,0,0,0,0,0,0,0,0,0,0,0,0,0,0,0,0,0,0,0,0,0,0,0,0,0,0,0,7,10,8,4,8,12,7,3,2,6,7,3,13,11,14,12,6,13,1,9,10,8,8,3,8,16,8,2,3,6,9,3,16,8,11,16,9,14,2,6,11,8,9,3,8,15,9,3,3,8,10,3,14,6,13,16,10,12,1,11,7,8,8,3,8,13,9,3,2,9,8,3,11,8,17,12,6,15,3,9
P,2023HU0010770,8,02,00500,4,56,1019518,10,54,1,,1,2,2,2,2,2,,,2,,,2,,,0,1,2,2,2,2,2,2,10,,,,2,5,,,,,,1,4,,,,,,,,,1,5,2,3,3,0,0,25,0,1,,20,0,2,0,0,31300,40,1,52,1,,2,032,050,,2,,,2,,,1,01,1990,,,,,,6,3231,1,,0,4840,4,31300,31310,056,270,,,1,2,1,1,1000,001,0,0,0,0,1,0,0,1,0,,,,,413091,,1,0,0,0,0,0,0,0,0,0,0,0,0,0,0,0,0,0,0,0,0,0,0,0,0,0,,0,,0,,0,0,0,0,0,0,0,0,0,0,0,0,0,0,0,0,0,0,0,0,0,0,0,0,0,0,0,0,0,0,0,0,0,0,0,0,0,0,0,0,0,0,0,0,0,0,0,11,8,9,6,16,21,7,2,1,8,11,4,16,9,16,23,11,14,3,11,14,8,10,3,8,22,12,5,4,6,10,2,24,8,9,14,9,15,2,5,11,17,7,2,11,17,10,3,4,15,9,4,18,6,20,29,10,17,4,10,7,8,8,2,8,15,22,3,4,14,9,4,12,9,23,12,5,14,3,15
P,2023HU0011334,8,01,00500,4,56,1019518,76,48,1,,1,2,2,2,2,2,,2,2,,,2,,,0,1,2,2,2,2,2,2,0,,,11,2,1,2,2,1,2,1994,1,3,,,,,,,,,3,5,3,3,3,0,0,20,0,1,,21,50000,1,0,0,175000,60,1,52,1,,1,210,999,,2,,,1,6203,6201,1,02,7380,,,,,,1,5415,1,,0,1021,,225000,225000,008,501,00500,056,1,2,3,9,9000,029,0,0,0,0,2,0,1,1,0,2,2,,,151252,,1,0,0,0,0,0,0,0,0,0,0,0,0,0,0,0,0,0,0,0,0,0,0,0,0,0,,0,,0,,0,0,0,0,0,0,0,0,0,0,0,0,0,0,0,0,0,0,0,0,0,0,0,0,0,0,0,0,0,0,0,0,0,0,0,0,0,0,0,0,0,0,0,0,0,0,0,128,122,162,26,76,101,133,55,67,87,75,57,21,51,115,30,62,37,92,67,22,101,43,155,65,20,23,76,114,70,124,80,68,97,25,89,87,98,58,37,98,63,101,19,111,94,123,70,59,86,53,68,47,90,130,41,56,20,111,89,23,59,16,133,68,32,27,73,93,74,74,78,152,83,22,98,91,208,64,41
P,2023HU0011334,8,02,00500,4,56,1019518,48,49,1,,3,2,2,2,2,2,,,2,,2,2,,,0,1,2,2,2,2,2,2,0,20,1,01,2,1,2,2,1,2,1994,1,4,,,,,,,,,3,5,3,3,3,0,0,21,0,2,16,22,0,2,0,0,116000,65,1,52,1,,1,051,999,,2,1,,1,2300,,1,01,7860,086,043,,,,1,6111,1,,0,0230,4,116000,116000,056,501,00500,056,1,2,4,1,1000,001,0,0,0,0,1,0,0,1,0,2,2,,,119030,,1,0,0,0,0,0,0,0,0,0,0,0,0,0,0,0,0,0,0,0,0,0,0,0,0,0,,0,,0,,0,0,0,0,0,0,0,0,0,0,0,0,0,0,0,0,0,0,0,0,0,0,0,0,0,0,0,0,0,0,0,0,0,0,0,0,0,0,0,0,0,0,0,0,0,0,0,62,57,102,14,51,92,87,48,43,41,57,64,14,52,102,13,31,17,50,79,15,50,13,112,40,19,12,31,65,36,54,56,67,52,20,83,55,80,36,12,61,42,124,14,97,50,83,61,35,71,38,54,24,52,69,21,41,10,73,78,19,47,10,76,33,15,17,38,76,56,55,36,89,41,12,79,62,113,44,20
P,2023HU0012634,8,01,00300,4,56,1019518,204,60,1,,3,2,2,2,2,2,4,1,2,,,2,,,0,2,2,1,2,1,1,2,0,,,,2,1,2,2,1,2,1992,1,2,1,1,1,0,0,0,0,0,2,5,2,2,3,0,0,20,40000,1,,21,0,2,0,0,0,,2,,2,,1,195,999,,2,,,6,2301,,1,01,7380,,,,,,1,5415,1,,0,5240,4,0,40000,004,501,,,1,1,2,1,1000,001,0,0,0,0,1,0,0,1,0,2,2,,,434051,02,1,0,0,0,0,0,0,0,0,0,0,0,0,0,0,0,0,0,0,0,0,0,1,0,1,1,0,1,,1,0,0,0,1,0,0,0,0,0,0,0,0,0,0,0,0,0,0,0,0,0,0,0,0,0,0,0,0,0,0,1,1,0,0,0,0,0,0,0,0,0,0,0,0,0,0,0,0,71,259,224,241,194,138,317,420,434,202,68,234,298,172,198,358,152,53,71,77,71,235,185,269,169,213,318,340,418,183,67,181,236,175,188,316,184,50,61,48,70,213,225,227,201,175,319,310,278,165,65,201,338,162,229,414,232,69,58,52,72,210,233,193,168,195,317,389,341,194,54,261,339,168,240,366,209,73,60,58
P,2023HU0012634,8,02,00300,4,56,1019518,164,57,1,,3,2,2,2,2,2,,2,2,,,2,,,0,1,2,2,2,1,2,2,0,20,1,01,2,1,2,2,1,2,1992,1,2,1,1,1,0,0,0,0,0,3,5,3,3,3,0,0,21,30000,1,,20,0,1,0,0,34000,25,1,28,1,,2,022,087,,2,1,,1,,,1,01,8590,098,055,,,,1,713Z,1,,0,4251,,34000,64000,056,501,00300,056,1,2,3,1,1000,001,0,0,0,0,1,0,0,1,0,,,,,373011,02,1,0,0,0,0,0,0,0,0,0,0,0,0,0,0,0,0,0,0,0,0,0,1,0,0,1,,1,,1,0,0,1,1,0,0,0,0,0,0,0,0,0,0,0,0,0,0,0,0,0,0,0,0,0,0,0,0,0,0,1,1,0,0,0,0,0,0,0,0,0,0,0,0,0,0,0,0,49,151,189,221,131,111,273,318,375,184,56,236,270,132,146,280,138,39,49,59,53,166,172,210,129,159,281,284,309,133,48,152,206,136,139,267,168,46,57,46,57,162,227,196,149,182,271,244,226,158,52,205,233,127,204,293,170,58,46,39,54,160,180,142,134,161,275,314,281,134,36,176,281,142,188,304,165,59,49,61
P,2023HU0012634,8,03,00300,4,56,1019518,97,25,1,,5,2,2,2,2,2,,2,2,,,,,,0,2,2,2,2,1,2,2,0,20,1,01,2,5,,,,,,3,2,1,0,0,0,0,0,0,0,2,1,2,1,3,0,0,25,0,1,,19,0,1,0,0,29000,40,1,52,1,,2,022,087,,2,1,,1,,,1,01,3170,098,055,,80000,051,6,3335,1,,0,8030,,29000,29000,056,501,00300,056,1,2,3,1,1000,001,0,0,0,0,1,0,0,1,0,,,,,514041,01,1,0,0,0,0,0,0,0,0,0,0,0,0,0,0,0,0,0,0,0,0,0,0,0,0,0,,0,,0,0,0,0,0,0,1,0,1,1,1,1,0,0,0,0,0,0,0,0,0,0,0,0,0,0,0,0,0,0,1,0,0,0,0,0,0,0,0,0,0,0,0,0,0,0,0,0,0,48,92,138,144,74,71,124,140,212,85,28,100,229,88,92,213,66,29,35,37,29,127,92,96,134,98,196,184,143,93,27,84,121,82,81,165,99,37,35,22,38,85,127,123,93,88,148,118,124,92,30,105,243,98,105,197,91,29,30,25,25,132,95,80,146,108,195,180,157,99,17,125,144,81,101,224,83,39,29,24
P,2023HU0012882,8,01,00400,4,56,1019518,63,77,1,,,2,2,2,2,2,,,2,,,2,,,2,1,1,1,2,2,2,2,7000,,,,2,3,2,2,1,2,1969,1,4,,,,,,,,,2,5,2,2,3,0,0,20,35000,1,,22,0,2,0,30400,0,,3,,2,,1,024,999,,2,,,6,5507,,1,01,,,,,,,4,,1,,0,,4,0,72400,024,501,,,1,1,1,1,1000,001,0,0,0,0,1,0,0,1,0,1,2,,,,,1,0,0,0,0,0,0,0,0,0,0,0,0,0,0,0,0,0,0,0,0,0,1,1,0,1,0,0,,1,,1,1,1,0,0,0,0,0,0,0,0,0,0,0,0,0,0,0,0,0,0,0,0,0,0,0,0,0,0,1,1,0,0,0,0,0,0,0,0,0,0,0,0,0,0,0,0,115,49,19,15,17,79,51,67,136,54,89,116,122,76,15,41,116,61,66,126,15,69,88,92,118,56,57,74,60,72,22,36,28,78,79,57,22,50,57,45,80,49,23,21,16,64,68,76,114,94,63,140,88,90,18,52,75,47,110,99,18,40,67,98,114,64,58,48,77,62,17,26,18,83,109,58,21,51,77,21
P,2023HU0012882,8,02,00400,4,56,1019518,151,41,1,,4,2,2,2,2,2,,,2,,2,2,,,0,1,2,2,2,2,2,2,3500,15,1,01,2,5,,,,,,1,4,,,,,,,,,3,5,3,3,3,0,0,25,0,1,,21,0,2,0,0,31000,40,1,52,1,,2,024,129,,2,1,,1,5502,5507,1,01,6770,103,061,,,,6,51921,1,,0,2400,4,31000,34500,056,501,00400,056,1,2,4,1,1000,001,0,0,0,0,1,0,0,1,0,1,2,,,254010,,1,0,0,0,0,0,0,0,0,0,0,0,0,0,0,0,0,0,0,0,0,0,0,0,0,0,,0,,0,,0,0,0,0,0,0,0,0,0,0,0,0,0,0,0,0,0,0,0,0,0,0,0,0,0,0,0,0,0,0,0,0,0,0,0,0,0,0,0,0,0,0,0,0,0,0,0,190,148,37,35,55,130,159,113,283,111,369,343,396,233,33,119,178,85,166,160,46,143,262,264,289,155,110,202,131,161,54,90,64,189,207,97,47,134,186,111,157,93,27,41,48,192,161,101,189,272,127,316,211,161,49,123,167,98,264,279,52,158,214,301,200,124,118,155,222,187,48,68,30,206,214,146,63,129,198,44
P,2023HU0013918,8,01,00300,4,56,1019518,74,33,1,,1,2,2,2,2,2,,,2,,2,2,,,0,1,2,2,2,2,2,2,10,,,11,2,5,,,,,,1,4,,,,,,,,,3,5,3,3,3,0,0,20,0,1,,21,0,2,0,0,41000,40,1,52,1,,2,050,032,,2,,,1,5506,,1,01,6871,,,,,,6,52M3,1,,0,0910,4,41000,41010,026,264,00300,056,1,2,1,1,1000,001,0,0,0,0,1,0,0,1,0,1,2,,,132070,,1,0,0,0,0,0,0,0,0,0,0,0,0,0,0,0,0,0,0,0,0,0,0,0,0,0,,0,,0,,0,0,0,0,0,0,0,0,0,0,0,0,0,0,0,0,0,0,0,0,0,0,0,0,0,0,0,0,0,0,0,0,0,0,0,0,0,0,0,0,0,0,0,0,0,0,0,25,20,72,25,133,65,66,70,151,100,19,123,128,81,97,68,133,27,67,83,112,111,70,101,24,70,81,88,25,78,115,57,21,18,63,86,25,127,74,79,98,113,87,127,25,77,99,62,18,68,177,71,23,27,90,73,22,90,54,84,34,26,70,23,127,99,67,64,142,77,20,57,96,151,73,70,116,21,73,70
P,2023HU0013918,8,02,00300,4,56,1019518,56,36,1,,5,2,2,2,2,2,,,2,,,2,,,0,1,2,2,2,2,2,2,0,10,1,01,2,5,,,,,,1,4,,,,,,,,,3,5,3,3,3,0,0,22,0,1,,21,0,1,0,0,72000,40,1,52,1,,2,032,021,,2,1,,1,6207,,1,01,9490,087,046,,,,6,92M1,1,,0,0910,,72000,72000,031,464,00300,056,1,2,4,1,1000,001,0,0,0,0,1,0,0,1,0,2,2,,,132070,,1,0,0,0,0,0,0,0,0,0,0,0,0,0,0,0,0,0,0,0,0,0,0,0,0,0,,0,,0,,0,0,0,0,0,0,0,0,0,0,0,0,0,0,0,0,0,0,0,0,0,0,0,0,0,0,0,0,0,0,0,0,0,0,0,0,0,0,0,0,0,0,0,0,0,0,0,20,14,54,18,88,47,49,65,87,65,13,74,100,71,60,54,113,22,60,63,90,95,53,78,16,53,64,79,18,60,99,54,17,14,45,56,19,102,57,66,97,121,62,105,17,69,60,47,15,65,116,50,19,21,47,48,20,105,45,55,19,18,52,19,84,71,55,52,87,54,16,43,90,115,52,51,87,16,49,63
P,2023HU0015229,8,01,00400,4,56,1019518,266,38,1,,1,2,2,2,2,2,,,2,,,2,,,2,2,1,2,2,2,2,2,0,15,1,01,2,1,2,2,1,2,2012,1,4,,,,,,,,,3,5,3,3,3,0,0,20,13000,1,,16,0,1,0,0,48000,40,1,52,1,,1,050,999,,2,1,,1,,,1,01,6680,094,052,,,,1,517111,1,,0,7420,,48000,61000,056,366,00400,056,1,2,2,1,1000,001,0,0,0,0,1,0,0,1,0,,,,,499052,,1,0,0,0,0,0,0,0,0,0,0,0,0,0,0,0,0,0,0,0,0,0,0,0,0,0,,0,,0,,0,0,0,0,0,0,0,0,0,0,0,0,0,0,0,0,0,0,0,0,0,0,0,0,0,0,0,0,0,0,0,0,0,0,0,0,0,0,0,0,0,0,0,0,0,0,0,340,494,423,429,214,306,333,206,347,199,64,66,173,444,287,72,309,201,113,298,325,501,452,409,262,267,216,197,261,119,76,117,183,344,356,91,330,231,93,554,249,388,391,344,245,260,327,314,334,94,107,109,261,378,239,72,255,283,104,431,205,379,388,438,289,232,274,312,221,74,116,77,286,480,232,108,179,240,97,365
P,2023HU0015229,8,02,00400,4,56,1019518,242,38,1,,1,2,2,2,2,2,,,2,1,2,2,,,2,2,1,2,2,2,2,2,0,5,1,01,1,1,2,2,1,2,2012,1,4,,,,,,,,,3,5,3,3,3,0,0,21,0,1,,20,0,2,0,0,50000,40,1,52,1,,1,032,999,,2,1,,1,,,1,01,7290,081,041,1110,,,1,5413,1,,0,5000,2,50000,50000,056,366,00400,056,1,2,2,1,1000,001,0,0,0,0,1,0,0,1,0,,,,,431011,,1,0,0,0,0,0,0,0,0,0,0,0,0,0,0,0,0,0,0,0,0,0,0,0,0,0,,0,,0,,0,0,0,0,0,0,0,0,0,0,0,0,0,0,0,0,0,0,0,0,0,0,0,0,0,0,0,0,0,0,0,0,0,0,0,0,0,0,0,0,0,0,0,0,0,0,0,246,342,366,367,244,214,349,249,264,87,88,59,233,462,205,73,192,205,113,267,279,429,408,438,249,209,172,191,183,78,89,109,204,319,322,84,272,227,93,554,168,254,374,319,259,246,286,259,275,75,92,83,234,291,222,71,208,305,92,301,257,455,397,428,238,250,201,216,217,90,95,67,222,419,228,107,226,253,71,366
P,2023HU0015229,8,03,00400,4,56,1019518,185,15,1,,,2,2,2,2,2,,,2,,2,,,,2,2,1,2,2,2,2,2,0,,,,2,5,,,,,,1,,,,,,,,,,,,,,,0,0,25,0,2,11,12,0,2,0,0,0,,,,,,2,050,032,,2,,1,,,,1,01,,,,,,,6,,1,1,1,,,,0,056,366,,,1,2,2,1,1000,001,0,0,0,0,1,0,0,1,1,,,,,,,1,0,0,0,0,0,0,0,0,0,0,0,0,0,0,0,0,0,0,0,0,0,0,0,0,0,,0,,0,,0,0,0,0,0,0,0,0,0,0,0,0,0,0,0,0,0,0,0,0,0,0,0,0,0,0,0,0,0,0,0,0,0,0,0,0,0,0,0,0,0,0,0,0,0,0,0,217,350,248,274,161,131,244,154,256,76,100,49,244,321,138,74,160,183,88,186,196,271,310,321,208,186,148,111,135,69,74,61,142,233,257,73,184,155,87,273,150,211,310,251,235,204,206,203,183,63,76,88,172,278,173,65,157,188,98,260,184,266,239,351,220,129,128,182,153,67,96,51,197,291,179,92,139,174,62,260
P,2023HU0015229,8,04,00400,4,56,1019518,208,9,1,,,2,2,2,,2,,,2,,,,,,2,2,1,2,2,2,2,2,,,,,2,5,,,,,,1,,,,,,,,,,,,,,,,,25,,2,05,06,,1,,,,,,,,,2,050,032,,2,,1,,,,1,01,,,,,,,,,1,1,1,,,,,056,366,,,1,2,2,1,1000,001,0,0,0,0,1,0,0,1,1,,,,,,,1,0,0,0,0,0,0,0,0,0,0,0,0,0,0,0,0,0,0,0,0,0,0,0,0,0,,0,,0,,0,0,0,0,0,0,0,0,0,0,0,0,0,0,0,0,0,0,0,0,0,0,0,0,0,0,0,0,0,0,0,0,0,0,0,0,0,0,0,0,0,0,0,0,0,0,0,223,342,269,287,181,239,258,188,234,100,76,60,248,484,144,59,156,192,105,212,232,313,410,297,184,195,185,146,154,85,83,114,164,282,300,68,241,156,74,474,178,267,337,320,211,180,225,187,253,66,80,77,196,269,207,61,195,198,76,390,174,340,294,432,249,188,152,175,184,61,79,41,186,408,191,118,157,187,86,233
P,2023HU0016355,8,01,00400,4,56,1019518,58,36,1,,3,2,2,2,2,2,,,2,,2,2,,,0,1,2,2,2,2,2,2,0,15,3,01,2,1,2,2,1,2,2013,1,4,,,,,,,,,3,5,3,3,3,0,0,20,0,1,,22,0,2,0,0,50000,50,1,52,1,,1,032,999,,2,3,,1,2300,,1,01,7860,085,043,,,,1,6111,1,,0,2330,3,50000,50000,056,294,00400,056,1,2,3,1,1000,001,0,0,0,0,1,0,0,1,0,2,2,,,252050,,1,0,0,0,0,0,0,0,0,0,0,0,0,0,0,0,0,0,0,0,0,0,0,0,0,0,,0,,0,,0,0,0,0,0,1,0,0,0,0,0,0,0,0,0,0,0,0,0,0,0,0,0,1,1,0,1,0,0,0,0,0,0,1,0,0,0,0,0,1,1,0,0,0,0,0,0,39,44,13,42,53,53,41,17,97,85,118,108,21,21,91,54,24,97,78,46,43,68,22,64,56,56,59,16,56,82,102,102,17,17,89,69,27,120,68,51,39,51,112,61,62,57,55,87,49,95,25,18,108,119,17,70,147,16,12,45,55,46,71,57,70,59,49,111,75,73,21,13,91,115,18,78,106,15,17,57
P,2023HU0016355,8,02,00400,4,56,1019518,89,36,1,,6,2,2,2,2,2,,,2,,,2,,,0,1,2,2,2,2,2,2,0,,,11,2,1,2,2,1,2,2013,1,4,,,,,,,,,3,5,3,3,3,0,0,21,0,1,,21,40000,1,0,0,0,84,1,52,1,,1,032,999,,2,,,1,3699,,1,01,0290,,,,,,1,115,1,,0,4340,,40000,40000,048,294,00400,056,1,2,4,1,1000,001,0,0,0,0,1,0,0,1,0,1,2,,,392011,,1,0,0,0,0,0,0,0,0,0,0,0,0,0,0,0,0,0,0,0,0,0,0,0,0,0,,0,,0,,0,0,0,0,0,0,0,0,0,0,0,0,0,0,0,0,0,0,0,0,0,0,0,0,0,0,0,0,0,0,0,0,0,0,0,0,0,0,0,0,0,0,0,0,0,0,0,55,79,17,66,77,62,57,28,134,111,180,152,32,37,148,107,46,192,114,53,72,103,35,93,78,87,85,22,129,160,153,124,27,34,145,105,39,174,111,93,72,59,109,106,101,69,104,216,72,105,42,26,162,168,23,82,177,23,21,68,84,66,140,75,91,151,133,148,128,127,28,25,155,196,21,96,151,23,39,106
P,2023HU0016355,8,03,00400,4,56,1019518,92,8,1,,,2,2,2,,2,,,2,,,,,,0,1,2,2,2,2,2,2,,,,,2,5,,,,,,1,,,,,,,,,,,,,,,,,25,,2,05,06,,1,,,,,,,,,1,032,999,,2,,1,,,,1,01,,,,,,,,,1,1,1,,,,,056,294,,,1,2,3,1,1000,001,0,0,0,0,1,0,0,1,1,,,,,,,1,0,0,0,0,0,0,0,0,0,0,0,0,0,0,0,0,0,0,0,0,0,0,0,0,0,,0,,0,,0,0,0,0,0,0,0,0,0,0,0,0,0,0,0,0,0,0,0,0,0,0,0,0,0,0,0,0,0,0,0,0,0,0,0,0,0,0,0,0,0,0,0,0,0,0,0,62,71,18,58,55,59,84,33,109,103,247,103,29,34,113,93,28,170,148,69,86,115,34,91,159,128,136,29,107,145,168,200,34,49,134,65,32,146,115,129,72,59,132,103,109,103,89,179,111,126,26,25,173,114,22,83,201,32,19,68,94,89,117,75,76,82,108,215,118,111,35,22,120,156,27,183,168,24,36,76
P,2023HU0016355,8,04,00400,4,56,1019518,89,4,1,,,,2,2,,,,,,,,,,,0,1,2,2,2,2,2,2,,,,,,5,,,,,,1,,,,,,,,,,,,,,,,,25,,2,01,02,,2,,,,,,,,,1,032,999,,2,,1,,,,1,01,,,,,,,,,1,1,1,,,,,056,294,,,1,2,3,1,1000,001,0,0,0,0,1,0,0,1,1,,,,,,,1,0,0,0,0,0,0,1,0,1,0,0,0,0,0,0,0,0,0,0,0,0,0,0,0,0,,0,,0,,0,0,0,0,0,0,0,0,0,0,0,0,0,0,0,0,0,0,0,0,0,0,0,0,0,0,0,0,0,0,0,0,0,0,0,0,0,0,0,0,0,0,0,0,0,0,0,61,116,25,64,100,71,60,33,96,91,138,146,31,28,153,94,47,261,108,56,67,118,32,94,116,81,87,27,79,95,153,100,28,44,171,92,32,163,112,57,77,112,163,112,148,86,81,143,71,122,44,23,115,189,41,89,166,22,16,62,88,108,144,89,76,66,57,135,130,108,19,16,114,153,43,231,257,33,25,91
P,2023HU0016752,8,01,00100,4,56,1019518,28,49,1,,6,2,2,2,2,2,,,2,,1,2,,,1,2,1,2,2,2,2,2,0,,,11,2,1,2,2,1,2,1993,1,4,,,,,,,,,3,5,3,3,3,0,0,20,0,1,,16,25000,2,0,0,0,50,1,52,1,,4,999,999,,2,,,1,,,1,01,7072,,,,,,1,5313,1,,0,0410,4,25000,25000,016,315,00100,056,1,2,1,1,1000,001,0,0,0,0,1,0,0,1,0,,,,,119141,,1,0,0,0,0,0,0,0,0,1,0,0,0,0,1,0,0,0,0,0,0,0,1,0,1,1,,1,,1,,1,1,1,0,0,0,0,0,0,0,0,0,0,0,0,0,0,0,0,0,0,0,0,0,0,0,0,0,0,1,1,0,0,0,0,0,0,0,0,0,0,0,0,0,0,0,0,21,31,22,47,12,19,8,26,7,14,10,4,49,39,7,7,27,13,8,51,45,48,40,86,31,54,29,39,36,46,42,21,50,46,19,34,37,23,22,40,29,19,25,27,8,31,6,23,13,9,9,8,37,32,7,9,30,6,7,57,47,50,35,49,35,46,27,45,30,33,26,40,59,45,30,20,47,44,27,29
P,2023HU0016752,8,02,00100,4,56,1019518,32,51,1,,6,2,2,1,2,2,,,2,,,2,,,1,2,1,2,2,2,2,2,13000,,,11,2,1,2,2,1,2,1993,1,4,,,,,,,,,3,5,3,3,3,0,0,21,0,1,,16,25000,1,0,0,0,40,1,52,1,,4,999,999,,1,,,1,,,1,01,7072,,,,,,1,5313,1,,0,0410,,25000,38000,030,315,00100,056,1,2,1,3,5009,003,1,0,0,0,1,0,0,0,0,,,,,119141,,1,0,0,0,0,0,0,0,0,0,0,0,0,0,0,0,0,0,0,0,0,0,1,0,1,1,,1,,1,,1,1,1,0,0,0,0,0,0,0,0,0,0,0,0,0,0,0,0,0,0,0,0,0,0,0,0,0,0,1,1,0,0,0,0,0,0,0,0,0,0,0,0,0,0,0,0,32,25,22,28,15,24,7,29,9,10,12,8,39,34,9,10,31,10,11,45,41,46,68,73,23,70,62,75,41,29,30,21,52,52,24,35,57,31,22,31,22,19,24,25,7,35,10,38,21,11,4,8,52,44,7,9,27,7,9,56,86,83,65,69,35,47,39,52,19,36,44,34,41,42,26,35,71,39,46,53
P,2023HU0017181,8,01,00500,4,56,1019518,114,45,5,,1,2,2,2,2,2,,,2,3,2,2,,,0,2,2,2,2,2,2,2,0,45,7,01,1,1,2,2,1,2,1997,1,4,,,,,,,,,3,5,3,3,3,0,0,20,0,1,,16,0,2,0,0,25000,40,1,52,1,2005,1,212,999,7,2,6,,1,,,2,02,4265,081,033,1200,,,1,4237,2,,0,9620,2,25000,25000,303,299,00500,056,2,2,4,8,8000,015,0,0,0,0,1,0,1,0,0,,,,,537062,,3,0,0,0,0,0,0,0,0,0,0,0,0,0,0,0,0,0,0,0,0,0,0,0,0,0,,0,,0,,0,0,0,0,0,0,0,0,0,0,0,0,0,0,0,0,0,0,0,0,0,0,0,0,0,0,0,0,0,0,0,0,0,0,0,0,0,0,0,0,0,0,0,0,0,0,0,159,130,131,92,36,38,151,112,204,224,39,225,109,194,173,44,40,135,307,34,26,158,136,43,114,45,30,117,49,122,141,104,140,136,151,125,80,185,141,119,94,108,105,149,62,29,156,161,202,206,58,184,125,231,151,45,38,158,236,30,46,144,164,29,112,85,34,77,41,123,104,124,140,86,157,104,109,113,99,85
P,2023HU0017181,8,02,00500,4,56,1019518,122,45,5,,1,2,2,2,2,2,,,2,3,,2,,,0,2,2,2,2,2,2,2,0,15,2,01,1,1,2,2,1,2,1997,1,4,,,,,,,,,3,5,3,3,3,0,0,21,0,1,,10,0,1,0,0,45000,40,1,52,1,2002,1,212,999,7,2,2,,1,,,2,02,4290,075,033,1200,,,1,4239Z,2,,0,9620,,45000,45000,303,299,00500,056,2,2,2,8,8000,015,0,0,0,0,1,0,1,0,0,,,,,537062,,3,0,0,0,0,1,0,0,0,0,0,0,0,0,0,0,0,0,0,0,0,0,0,0,0,0,,0,,0,,0,0,0,0,0,0,1,0,0,0,0,0,0,0,0,0,0,0,0,0,0,0,0,0,0,0,0,0,0,0,0,0,0,0,0,0,0,0,0,0,0,0,0,0,0,0,0,140,150,128,127,52,46,127,132,191,198,43,224,149,206,131,37,34,160,262,31,34,168,218,49,118,54,32,153,65,111,147,116,126,172,215,112,112,178,153,160,136,116,117,137,64,29,138,153,240,196,53,195,142,278,209,47,57,135,238,33,39,126,159,37,137,112,46,86,46,113,115,139,169,117,193,116,96,113,106,88
P,2023HU0017181,8,03,00500,4,56,1019518,173,16,1,,1,2,2,2,2,2,,,2,1,2,,,,0,2,2,2,2,2,2,2,0,7,1,01,1,5,,,,,,1,,,,,,,,,,3,5,3,3,3,0,0,25,0,2,13,13,0,2,0,0,1200,18,1,18,1,,1,939,999,,2,1,1,1,,,2,02,8680,187,113,1200,,,6,722Z,1,4,1,4030,4,1200,1200,048,299,00500,056,2,2,3,1,1000,001,0,0,0,0,1,0,0,1,1,,,,,352021,,1,0,0,0,0,1,0,1,0,1,0,0,0,0,0,0,0,0,0,0,0,0,0,0,0,0,,0,,0,,0,0,0,0,0,0,0,0,0,0,0,0,0,0,0,0,0,0,0,0,0,0,0,0,0,0,0,0,0,0,0,0,0,0,0,0,0,0,0,0,0,0,0,0,0,0,0,288,215,189,172,65,50,217,194,248,314,54,293,156,284,265,60,61,220,529,44,41,239,209,75,167,74,51,184,59,199,164,138,237,182,296,161,136,324,178,183,236,158,169,224,109,56,232,218,304,290,63,223,184,355,305,54,72,206,323,54,64,185,197,63,193,134,58,110,53,162,162,191,222,140,236,181,190,194,145,113
P,2023HU0019560,8,01,00500,4,56,1019518,113,66,1,,2,2,2,2,2,2,,,2,,,2,,,0,1,2,1,2,2,2,2,0,25,1,01,2,1,2,2,1,2,1977,1,4,,,,,,,,,3,5,3,3,3,0,0,20,3600,1,,16,0,2,0,0,12000,20,1,52,1,,1,089,999,,2,1,,1,,,1,01,8370,069,025,,,,1,6241,1,,0,7800,4,12000,15600,031,460,00500,056,1,1,3,1,1000,001,0,0,0,0,1,0,0,1,0,,,,,513011,,1,0,0,0,0,0,0,0,0,0,0,0,0,0,0,0,0,0,0,0,0,0,0,0,0,0,0,0,,0,,0,0,0,0,0,0,0,0,0,0,0,0,0,0,0,0,0,0,0,0,0,0,0,0,0,0,0,0,0,0,0,0,0,0,0,0,0,0,0,0,0,0,0,0,0,0,0,112,41,26,29,36,162,31,88,43,104,84,115,181,35,26,99,86,31,98,167,226,120,116,129,106,121,115,192,96,181,177,157,235,106,99,232,166,108,207,44,134,34,32,41,35,85,46,146,24,118,96,121,144,40,35,83,117,38,96,163,219,101,115,138,147,182,100,184,85,139,170,217,267,91,102,208,137,80,160,50
P,2023HU0019560,8,02,00500,4,56,1019518,156,66,1,,1,2,2,2,2,2,,2,2,,,2,,,0,1,2,1,2,2,2,2,0,20,1,01,2,1,2,2,1,2,1977,1,2,0,0,1,0,0,0,0,0,3,5,3,3,3,0,0,21,0,1,,17,0,1,0,9000,60000,40,1,52,1,,1,082,999,,2,1,,1,,,1,01,6170,068,025,,,,1,484,1,,0,9130,,60000,69000,038,460,00500,056,1,1,1,1,1000,001,0,0,0,0,1,0,0,1,0,,,,,533030,12,1,0,0,0,0,0,0,0,0,0,0,0,0,0,0,0,0,0,0,0,0,0,0,0,0,0,0,0,,0,,0,0,0,0,0,0,0,0,0,0,0,0,0,0,0,0,0,0,0,0,0,0,0,0,0,0,0,0,1,0,0,0,0,0,0,0,0,0,0,0,0,0,0,0,0,0,0,154,52,35,44,51,187,40,132,62,136,131,139,203,52,41,126,136,42,125,173,346,154,126,194,147,207,147,281,165,243,263,197,330,153,162,373,193,167,297,50,176,41,39,74,50,141,68,215,36,161,159,175,171,46,52,119,139,55,122,252,322,155,135,133,199,262,133,261,125,200,241,273,316,140,143,240,196,146,205,65
P,2023HU0020041,8,01,00100,4,56,1019518,344,30,1,,1,2,2,2,2,2,,,2,,,2,,,0,1,2,2,2,2,2,2,0,15,1,01,2,5,,,,,,3,4,,,,,,,,,3,5,3,3,3,0,0,20,0,1,,21,0,1,0,0,48000,40,1,52,1,,3,996,999,,2,1,,1,3302,,1,01,6471,094,052,,00100,056,6,51311,1,,0,2810,,48000,48000,030,311,00100,056,1,2,4,1,1000,001,0,0,0,0,1,0,0,1,0,2,2,,,273023,,1,0,0,0,0,0,0,0,0,0,0,0,0,0,0,0,0,0,0,0,0,0,0,0,0,0,,0,,0,,0,0,0,0,0,0,0,0,0,0,0,0,0,0,0,0,0,0,0,0,0,0,0,0,0,0,0,0,0,0,0,0,0,0,0,0,0,0,0,0,0,0,0,0,0,0,0,599,384,149,97,244,370,312,367,416,338,343,155,571,554,546,301,121,389,112,443,554,463,106,79,416,384,271,421,352,426,475,159,515,454,505,273,120,475,156,631,387,288,100,188,547,545,393,318,295,546,304,97,485,233,521,412,116,443,126,909,506,325,149,194,465,423,296,390,379,391,273,89,378,254,445,407,203,328,109,439
P,2023HU0020238,8,01,00300,4,56,1019518,176,35,1,,5,2,2,2,2,2,,2,2,,2,2,,,1,2,1,2,2,1,1,2,0,15,1,01,2,5,,,,,,1,1,1,0,0,0,0,0,0,0,3,5,3,3,3,0,0,20,0,1,,19,0,2,0,0,45000,40,1,52,1,,4,999,999,,2,1,,4,,,1,01,9680,085,043,,,,6,92811P2,1,,0,9825,2,45000,45000,056,217,00300,056,1,1,4,1,1000,001,0,0,0,0,1,0,0,1,0,,,,,553010,01,1,0,0,0,0,0,0,0,0,0,0,0,0,0,0,0,0,0,0,0,0,0,1,1,1,1,,1,,1,0,0,0,1,0,0,0,0,0,0,0,0,0,0,0,0,0,0,0,0,0,0,0,0,0,0,0,0,0,0,1,1,0,0,0,0,0,0,0,0,0,0,0,0,0,0,0,0,146,204,253,257,287,212,35,123,213,161,152,324,207,58,50,63,186,196,174,49,156,231,340,276,292,205,52,160,298,191,150,313,155,63,76,67,261,195,192,288,157,195,44,60,49,146,321,214,62,226,165,57,132,267,262,251,163,137,168,346,247,190,56,61,47,129,275,208,64,269,126,56,184,280,347,271,151,134,201,43
P,2023HU0020238,8,02,00300,4,56,1019518,120,8,1,,,2,2,2,,2,,,2,,,,,,0,2,2,2,1,1,2,2,,,,,2,5,,,,,,1,,,,,,,,,,,,,,,,,26,,2,04,05,,2,,,,,,,,,4,999,999,,2,,7,,,,1,01,,,,,,,,,1,7,1,,,,,056,217,,,1,1,1,5,5025,003,1,0,0,0,1,0,0,0,1,,,,,,,1,0,0,0,0,0,0,0,0,0,0,0,0,0,0,0,0,0,0,0,0,0,0,0,0,0,,0,0,0,1,0,0,0,0,0,0,0,0,0,0,0,0,0,0,0,0,0,0,0,0,0,0,0,0,0,0,0,0,0,0,0,0,0,0,0,0,0,0,0,0,0,0,0,0,0,0,0,100,142,240,195,163,118,32,82,151,118,168,245,181,41,32,44,120,109,95,25,150,138,217,202,238,165,32,118,164,108,92,146,117,43,52,36,133,202,130,250,81,116,40,34,27,89,218,152,42,185,135,45,98,203,175,156,87,75,114,188,213,113,34,34,47,112,271,209,56,122,97,41,115,176,197,172,107,126,184,39
P,2023HU0020400,8,01,00200,4,56,1019518,80,59,1,,1,2,2,2,2,2,5,1,2,,,2,,,2,2,1,2,2,1,1,2,0,,,11,2,1,2,2,1,2,1995,1,2,1,1,1,0,0,0,0,0,3,5,3,3,3,0,0,20,153000,1,,22,0,1,0,0,168000,50,1,52,1,,1,195,999,,2,,,1,6402,,1,01,7780,,,,,,1,561M,1,,0,4840,,168000,321000,036,501,00200,056,1,1,1,9,9000,029,0,0,0,0,2,0,1,1,0,2,2,,,413091,02,1,0,0,0,0,0,0,0,0,0,0,0,0,0,0,0,0,0,0,0,0,0,1,1,0,1,,1,,1,0,0,0,1,0,0,0,0,0,0,0,0,0,0,0,0,0,0,0,0,0,0,0,0,0,0,0,0,0,0,1,1,0,0,0,0,0,0,0,0,0,0,0,0,0,0,0,0,25,100,161,130,68,101,86,21,21,24,108,89,71,77,79,128,128,150,81,97,170,87,20,83,65,31,92,143,133,119,89,64,61,74,87,22,17,23,80,21,24,65,121,83,95,135,83,21,18,24,79,90,83,82,88,145,132,114,87,135,129,77,30,82,77,23,77,148,203,108,66,83,69,90,75,25,27,18,89,20
P,2023HU0020400,8,02,00200,4,56,1019518,47,65,1,,6,2,1,2,2,2,,,2,,,2,,,2,2,1,1,2,1,2,2,0,,,,2,1,2,2,2,2,1995,1,4,,,,,,,,,2,1,2,1,3,0,0,21,0,1,,24,4100,2,0,0,0,10,1,38,2,,1,195,999,,1,,,3,5200,,1,01,8370,,,,,,1,6241,1,,0,2006,4,4100,4100,030,501,,,1,1,1,1,1000,001,0,0,0,0,1,0,0,1,0,1,2,,,211019,,1,0,0,0,0,0,0,0,0,0,0,0,0,0,0,0,0,0,0,0,0,0,1,1,0,1,0,0,,1,0,0,1,1,0,0,0,0,0,0,0,0,0,0,0,0,0,0,0,0,0,0,0,0,0,0,0,0,0,0,1,1,0,0,0,0,0,0,0,0,0,0,0,0,0,0,0,0,14,55,95,72,41,71,44,12,14,14,53,63,53,45,50,84,70,83,39,66,116,56,14,58,49,16,47,92,79,74,42,35,40,43,59,16,10,14,53,14,14,39,71,50,54,73,49,15,10,15,43,47,53,41,54,96,89,77,49,73,64,49,18,49,56,13,39,105,112,64,43,53,38,49,48,14,17,12,41,12
P,2023HU0021165,8,01,00500,4,56,1019518,104,39,1,,1,2,2,2,2,2,,,2,,,2,,,1,2,1,2,2,2,2,2,0,30,2,01,2,1,2,2,1,2,2007,1,4,,,,,,,,,3,5,3,3,3,0,0,20,0,1,,21,0,1,0,0,65000,40,1,52,1,,1,032,999,,2,2,,1,3401,,1,01,0770,067,022,,,,1,23,1,,0,6200,,65000,65000,056,217,00500,056,1,2,3,1,1000,001,0,0,0,0,1,0,0,1,0,2,2,,,471011,,1,0,0,0,0,0,0,0,0,0,0,0,0,0,0,0,0,0,0,0,0,0,0,0,0,0,,0,,0,,0,0,0,0,0,0,0,0,0,0,0,0,0,0,0,0,0,0,0,0,0,0,0,0,0,0,0,0,0,0,0,0,0,0,0,0,0,0,0,0,0,0,0,0,0,0,0,46,113,48,94,29,113,112,103,104,28,32,102,111,23,94,98,36,35,31,110,102,172,94,152,101,143,160,165,145,137,106,151,161,104,189,183,139,120,124,171,162,92,168,133,170,118,137,112,99,150,142,125,93,206,154,90,138,152,173,121,86,29,103,31,103,38,34,40,25,83,114,29,36,150,29,30,119,93,103,28
P,2023HU0021165,8,02,00500,4,56,1019518,42,35,1,,4,2,2,2,2,2,,,2,,2,2,,,1,2,1,2,2,2,2,2,0,30,1,01,2,1,2,2,1,2,2007,3,4,,,,,,,,,3,5,3,3,3,0,0,21,0,1,,19,0,2,0,0,1500,4,1,30,1,,1,291,999,,2,1,,1,,,1,23,9480,088,043,,00500,031,1,923,1,,0,3602,2,1500,1500,056,217,00500,056,1,2,2,9,9000,029,0,0,0,0,2,0,1,1,0,,,,,311122,,1,0,0,0,0,1,0,0,0,0,0,0,0,0,0,0,0,0,0,0,0,0,0,1,0,0,,0,,0,,0,0,0,0,0,0,0,0,0,0,0,0,0,0,0,0,0,0,0,0,0,0,0,0,0,0,0,0,0,0,0,0,0,0,0,0,0,0,0,0,0,0,0,0,0,0,0,14,65,16,37,9,38,41,43,66,14,14,43,31,11,39,42,13,15,17,40,39,65,51,84,33,47,56,74,73,56,40,59,64,41,61,75,39,33,62,91,83,31,53,50,59,57,46,40,55,65,50,39,37,76,46,36,63,58,66,67,43,10,34,13,30,11,13,11,12,40,34,10,15,50,13,16,43,32,46,9
P,2023HU0021165,8,03,00500,4,56,1019518,86,9,1,,,1,2,2,,2,,,1,,,,,,1,2,1,2,2,2,2,2,,,,,2,5,,,,,,3,,,,,,,,,,,,,,,,,25,,2,06,06,,1,,,,,,,,,2,032,291,,1,,1,,,,1,23,,,,,00500,031,,,1,1,1,,,,,056,217,,,1,2,2,9,9000,029,0,0,0,0,2,0,1,1,1,,,,,,,1,0,0,0,0,0,0,0,0,0,0,0,0,0,0,0,0,0,0,0,0,0,0,0,0,0,,0,,0,,0,0,0,0,0,0,0,0,0,0,0,0,0,0,0,0,0,0,0,0,0,0,0,0,0,0,0,0,0,0,0,0,0,0,0,0,0,0,0,0,0,0,0,0,0,0,0,22,100,27,60,35,65,102,75,67,24,31,77,82,17,94,92,23,35,40,69,65,154,92,123,85,155,133,119,222,155,103,156,124,102,179,153,88,88,117,182,163,149,187,73,127,120,111,93,77,129,130,85,68,147,97,78,121,85,122,147,112,19,87,43,89,29,25,40,23,62,76,17,35,98,21,23,123,74,60,18
P,2023HU0021165,8,04,00500,4,56,1019518,86,6,1,,,2,2,2,,2,,,2,,,,,,1,2,1,2,2,2,2,2,,,,,2,5,,,,,,3,,,,,,,,,,,,,,,,,25,,2,03,03,,2,,,,,,,,,2,291,032,,2,,1,,,,1,23,,,,,00500,031,,,1,1,1,,,,,056,217,,,1,2,1,9,9000,029,0,0,0,0,2,0,1,1,1,,,,,,,1,0,0,0,0,0,0,0,0,0,0,0,0,0,0,0,0,0,0,0,0,0,0,0,0,0,,0,,0,,0,0,0,0,0,0,0,0,0,0,0,0,0,0,0,0,0,0,0,0,0,0,0,0,0,0,0,0,0,0,0,0,0,0,0,0,0,0,0,0,0,0,0,0,0,0,0,22,98,26,60,36,65,100,73,68,24,31,77,82,16,95,91,23,34,40,70,63,154,91,123,85,155,133,120,223,156,103,156,123,102,180,154,88,86,117,183,165,149,186,73,126,121,111,91,76,130,131,85,68,147,96,77,121,85,123,147,111,18,88,43,86,30,24,39,22,63,77,18,35,99,20,23,122,74,60,18
P,2023HU0021710,8,01,00200,4,56,1019518,12,61,1,,1,2,2,2,2,2,,,2,,,2,,,0,1,2,2,2,2,2,2,62000,65,1,01,2,3,2,2,1,2,2001,2,4,,,,,,,,,3,5,2,3,3,0,0,20,0,1,,21,0,1,0,0,72000,40,1,52,1,,1,050,999,,2,1,,1,1101,,1,01,6080,083,031,,00001,253,4,482,1,,0,7340,,72000,134000,056,501,00500,056,1,2,3,1,1000,001,0,0,0,0,1,0,0,1,0,2,2,,,499071,,1,0,0,0,0,0,0,0,0,0,0,0,0,0,0,0,0,0,0,0,0,0,1,0,0,0,,1,,0,,1,1,1,0,0,1,0,0,0,0,0,0,0,0,0,0,0,0,0,1,0,0,0,1,1,1,1,0,0,1,1,0,0,1,0,0,0,0,0,1,1,1,0,0,0,0,0,5,13,16,12,11,15,11,5,5,5,11,11,18,14,12,17,18,26,15,3,3,12,21,12,14,23,14,3,2,3,14,10,11,13,15,35,23,18,14,22,19,10,2,12,16,2,8,20,29,28,14,18,14,15,12,2,3,4,15,18,22,9,3,11,20,5,13,25,16,12,10,17,10,13,15,3,4,3,11,3
P,2023HU0021895,8,01,00100,4,56,1019518,106,70,1,,,2,2,2,2,2,,,2,,,2,,,0,2,2,1,1,2,2,2,0,,,,2,3,2,2,3,2,1999,1,4,,,,,,,,,2,5,2,2,3,0,0,20,0,1,,18,0,2,13200,13200,0,,3,,2,,2,051,215,,2,,,6,,,1,01,,,,,,,4,,1,,0,,4,0,26400,006,182,,,2,1,4,9,9000,017,1,0,0,0,2,0,0,1,0,,,,,,,1,0,0,0,0,0,0,0,0,0,0,0,0,0,0,0,0,0,0,0,0,0,0,0,0,0,0,0,0,0,,0,0,0,0,0,0,0,0,0,0,0,0,0,0,0,0,0,0,0,0,0,0,0,0,0,0,0,0,0,0,0,0,0,0,0,0,0,0,0,0,0,0,0,0,0,0,0,307,123,157,161,30,104,215,95,91,250,127,26,32,36,92,76,122,92,125,44,136,87,154,100,35,87,189,139,113,104,97,34,43,32,89,122,118,98,112,134,33,26,41,127,118,84,40,120,77,37,141,153,205,169,57,105,103,129,170,199,28,37,40,113,131,98,30,97,157,30,67,179,137,228,139,72,118,125,120,24
P,2023HU0022723,8,01,00400,4,56,1019518,125,38,1,,3,2,2,2,2,2,,,2,,,2,,,0,1,2,2,2,2,2,2,0,7,1,01,2,1,2,2,1,2,2015,1,4,,,,,,,,,3,5,3,3,3,0,0,20,0,1,,21,0,1,0,0,70000,56,1,52,1,,2,050,032,,2,1,,1,5200,,1,01,9470,087,047,,,,1,92MP,1,,0,3740,,70000,70000,056,501,00400,056,1,2,3,1,1000,001,0,0,0,0,1,0,0,1,0,1,2,,,332011,,1,0,0,0,0,0,0,0,0,0,0,0,0,0,0,0,0,0,0,0,0,0,0,0,0,0,,0,,0,,0,0,0,0,0,0,0,0,0,0,0,0,0,0,0,0,0,0,0,0,0,0,0,0,0,0,0,0,0,0,0,0,0,0,0,0,0,0,0,0,0,0,0,0,0,0,0,58,37,33,153,36,155,33,130,143,140,140,32,35,105,120,43,89,113,35,127,144,118,156,211,127,232,147,229,178,243,137,108,124,166,193,140,240,198,136,34,38,29,34,152,51,185,51,137,126,178,120,48,39,98,120,30,128,115,30,134,134,103,106,153,156,217,129,212,177,235,227,153,105,203,232,114,163,175,162,36
P,2023HU0022723,8,02,00400,4,56,1019518,101,38,1,,3,2,2,2,2,2,,,2,,2,2,,,0,1,2,2,2,2,2,2,0,10,1,01,2,1,2,2,1,2,2015,1,4,,,,,,,,,3,5,3,3,3,0,0,21,0,2,16,21,0,2,0,0,50000,40,1,52,1,,1,022,999,,2,1,,1,2313,,1,01,7860,090,049,,,,1,6111,1,,0,2310,4,50000,50000,056,501,00400,056,1,2,2,1,1000,001,0,0,0,0,1,0,0,1,0,2,2,,,252020,,1,0,0,0,0,0,0,0,0,0,0,0,0,0,0,0,0,0,0,0,0,0,0,0,0,0,,0,,0,,0,0,0,0,0,0,0,0,0,0,0,0,0,0,0,0,0,0,0,0,0,0,0,0,0,0,0,0,0,0,0,0,0,0,0,0,0,0,0,0,0,0,0,0,0,0,0,42,31,30,121,30,113,27,120,101,113,98,32,28,93,98,30,76,95,30,107,108,88,111,167,115,176,116,172,133,169,108,111,110,136,154,118,212,169,110,23,28,28,28,115,37,125,37,113,85,140,93,49,34,71,95,30,103,99,32,115,114,87,92,136,120,168,90,157,147,157,176,121,103,174,146,103,139,140,129,30
P,2023HU0022794,8,01,00200,4,56,1019518,10,71,1,,,2,2,2,2,2,,,2,,,2,,,0,2,2,1,2,2,2,2,0,,,,2,3,2,2,1,2,1973,1,4,,,,,,,,,3,5,3,2,3,0,0,20,2400,1,,19,0,1,0,2400,0,,3,,,,1,032,999,,2,,,6,,,1,01,,,,,,,4,,1,,0,,,0,4800,046,33,,,2,1,1,1,1000,001,0,0,0,0,1,0,0,1,0,,,,,,,1,0,0,0,0,0,0,0,0,0,0,0,0,0,0,0,0,0,0,0,0,0,0,0,0,0,0,0,,0,,0,0,0,0,0,0,0,0,0,0,0,0,0,0,0,0,0,0,0,0,0,0,0,0,0,0,0,0,0,0,0,0,0,0,0,0,0,0,0,0,0,0,0,0,0,0,0,10,9,16,7,9,3,3,14,16,3,11,15,2,2,15,10,15,7,10,9,7,7,17,7,9,2,2,16,15,4,9,13,3,3,12,13,18,8,11,11,10,9,3,7,9,13,16,2,3,24,9,2,11,16,16,12,3,10,9,10,9,8,3,8,8,15,19,4,3,13,9,3,17,13,12,11,1,11,10,9
P,2023HU0023619,8,01,00500,4,56,1019518,112,76,1,,3,2,2,2,2,2,,,2,,,2,,,2,2,1,1,2,2,2,2,2100,,,,2,2,2,2,3,2,2005,1,4,,,,,,,,,2,5,2,2,3,0,0,20,31100,1,,22,0,2,0,33000,0,,2,,2,,2,032,026,,2,,,6,6002,,1,01,7860,,,,,,3,6111,1,,0,2320,4,0,66200,028,478,,,1,1,3,1,1000,001,0,0,0,0,1,0,0,1,0,2,2,,,252030,,1,0,0,0,0,0,0,0,0,0,0,0,0,0,0,0,0,0,0,0,0,0,1,0,1,0,0,0,,1,,1,1,1,0,0,0,0,0,0,0,0,0,0,0,0,0,0,0,0,0,0,0,0,0,0,0,0,0,0,1,1,0,0,0,0,0,0,0,0,0,0,0,0,0,0,0,0,29,40,159,106,29,219,178,97,95,35,126,98,107,92,31,155,106,192,153,93,218,150,31,89,183,40,41,98,139,341,119,114,143,153,142,93,173,34,44,92,119,137,44,90,199,42,36,92,77,179,140,90,119,93,153,115,115,38,43,152,36,30,166,124,29,194,228,129,108,40,126,154,108,113,33,141,103,164,192,78
P,2023HU0023619,8,02,00500,4,56,1019518,48,38,1,,3,2,2,2,2,2,,,2,,2,2,,,0,1,2,2,2,2,2,2,0,,,,2,2,2,2,1,2,2014,1,4,,,,,,,,,2,5,2,2,3,0,0,25,0,2,15,19,0,2,0,0,20400,36,1,36,2,,2,032,026,,2,,,6,,,1,01,7860,,,,,,3,6111,1,,0,2545,4,20400,20400,056,478,,,1,2,1,9,9000,017,1,0,0,0,2,0,0,1,0,,,,,259040,,1,0,0,0,0,0,0,0,0,0,0,0,0,0,0,0,0,0,0,0,0,0,0,0,0,0,,0,,0,,0,0,0,0,0,0,0,0,0,0,0,0,0,0,0,0,0,0,0,0,0,0,0,0,0,0,0,0,0,0,0,0,0,0,0,0,0,0,0,0,0,0,0,0,0,0,0,18,13,105,45,11,134,86,40,45,10,52,40,33,70,12,32,63,88,88,29,44,57,31,49,93,15,13,62,34,67,30,54,61,60,64,54,66,12,14,40,59,72,9,44,85,29,14,35,35,90,92,57,38,46,91,33,37,22,14,49,7,11,66,33,22,89,77,36,33,13,59,100,40,50,18,46,31,90,151,34
P,2023HU0023619,8,03,00500,4,56,1019518,35,35,1,,1,2,2,2,2,2,,,2,,,2,,,0,2,2,2,2,2,2,2,0,8,1,01,2,5,,,,,,1,4,,,,,,,,,3,5,3,3,3,0,0,36,0,1,,19,0,1,0,0,13400,35,1,52,1,,1,011,999,,2,1,,1,,,2,01,8680,071,031,,,,6,722Z,1,,0,4020,,13400,13400,056,85,00500,056,2,2,3,1,1000,001,0,0,0,0,1,0,0,1,0,,,,,352010,,1,0,0,0,0,0,0,0,0,0,0,0,0,0,0,0,0,0,0,0,0,0,0,0,0,0,,0,,0,,0,0,0,0,0,0,0,0,0,0,0,0,0,0,0,0,0,0,0,0,0,0,0,0,0,0,0,0,0,0,0,0,0,0,0,0,0,0,0,0,0,0,0,0,0,0,0,11,17,51,27,6,176,64,18,59,8,54,36,23,57,9,25,29,75,72,29,37,50,18,33,54,11,10,25,30,65,34,37,38,32,47,44,50,7,8,24,40,59,6,40,54,21,11,42,21,58,41,35,29,43,59,28,39,12,8,36,6,5,64,35,18,73,61,30,31,9,31,49,38,39,9,42,32,45,112,23
P,2023HU0024196,8,01,00100,4,56,1019518,25,67,1,,,2,2,2,2,2,,2,2,,,2,,,0,1,2,1,2,2,2,2,2600,,,,2,1,2,2,3,2,2001,1,2,1,0,1,0,0,0,0,0,2,5,2,2,3,0,0,20,153000,1,,19,0,1,0,3500,0,,3,,2,,2,431,022,,2,,,6,,,1,01,,,,,,,1,,1,,0,,,0,159100,006,501,,,1,1,4,8,8000,015,0,0,0,0,1,0,1,0,0,,,,,,01,1,0,0,0,0,0,0,0,0,0,0,0,0,0,0,0,0,0,0,0,0,0,1,0,0,1,0,0,,1,,1,1,1,0,0,0,0,0,0,0,0,0,0,0,0,0,0,0,0,0,0,0,0,0,0,0,0,0,0,1,1,0,0,0,0,0,0,0,0,0,0,0,0,0,0,0,0,54,5,7,32,6,22,18,46,22,52,23,35,25,26,8,32,28,6,39,44,28,33,26,34,29,10,41,22,32,29,7,24,7,30,21,9,6,27,26,27,49,10,10,20,6,27,19,42,29,39,27,49,22,22,8,27,22,9,45,34,20,30,31,35,40,7,31,23,33,28,8,22,9,28,21,9,8,29,21,21
P,2023HU0024196,8,02,00100,4,56,1019518,25,57,1,,,2,2,2,2,2,,,2,,,2,,,0,1,2,2,2,2,2,2,10,,,,2,1,2,2,1,2,2001,1,4,,,,,,,,,2,5,2,2,3,0,0,21,78000,1,,20,0,2,0,0,0,,3,,2,,2,022,094,,2,,,6,,,1,01,,,,,,,1,,1,,0,,4,0,78010,053,501,,,1,2,4,8,8000,015,0,0,0,0,1,0,1,0,0,,,,,,,1,0,0,0,0,0,0,0,0,0,0,0,0,0,0,0,0,0,0,0,0,0,0,0,0,0,,0,,0,,0,0,0,0,0,0,0,0,0,0,0,0,0,0,0,0,0,0,0,0,0,0,0,0,0,0,0,0,0,0,0,0,0,0,0,0,0,0,0,0,0,0,0,0,0,0,0,44,7,8,29,4,26,19,49,25,39,18,38,20,24,11,27,27,7,32,38,23,32,25,37,32,9,34,23,36,25,7,24,5,28,26,8,7,32,24,24,42,9,9,22,6,28,21,40,26,32,24,45,22,19,9,33,17,8,42,32,20,32,25,35,38,9,29,20,32,25,7,19,7,35,21,8,7,29,20,21
P,2023HU0024231,8,01,00200,4,56,1019518,9,83,1,,,2,1,2,2,2,,,2,,,2,,,0,2,2,1,2,2,2,2,0,,,,2,2,2,2,3,2,1999,1,4,,,,,,,,,2,5,2,2,3,0,0,20,28100,1,,16,0,1,0,23100,0,,3,,2,,2,050,022,,1,,,6,,,1,01,,,,,,,3,,1,,0,,,0,51200,029,355,,,2,1,3,1,1000,001,0,0,0,0,1,0,0,1,0,,,,,,,1,0,0,0,0,0,0,0,0,0,0,0,0,0,0,0,0,0,0,0,0,0,0,0,0,0,0,0,,0,,0,0,0,0,0,0,0,0,0,0,0,0,0,0,0,0,0,0,0,0,0,0,0,0,0,0,0,0,0,0,0,0,0,0,0,1,0,0,0,0,0,0,0,0,0,0,0,15,9,17,11,11,14,9,1,20,14,3,8,10,2,12,4,6,9,9,2,12,9,17,8,8,21,11,3,21,19,3,10,7,3,12,3,12,10,9,17,3,16,1,10,14,3,8,15,2,3,13,12,9,14,12,19,10,8,8,11,3,13,3,6,8,3,9,13,1,3,17,11,9,16,10,15,11,13,11,3
P,2023HU0024581,8,01,00200,4,56,1019518,10,74,1,,,2,2,2,2,2,,,2,,,2,,,0,2,2,1,2,2,2,2,0,,,,2,2,2,2,1,2,1969,1,4,,,,,,,,,2,5,2,2,3,0,0,20,43500,1,,21,0,2,0,19100,0,,3,,2,,2,032,022,,2,,,6,2304,,1,01,,,,,,,3,,1,,0,,4,0,62600,046,440,,,2,1,4,1,1000,001,0,0,0,0,1,0,0,1,0,2,2,,,,,1,0,0,0,0,0,0,0,0,0,0,0,0,0,0,0,0,0,0,0,0,0,1,0,1,1,0,0,,1,,1,1,1,0,0,0,0,0,0,0,0,0,0,0,0,0,0,0,0,0,0,0,0,0,0,0,0,0,0,1,1,0,0,0,0,0,0,0,0,0,0,0,0,0,0,0,0,11,3,16,18,3,10,8,3,11,2,9,9,9,16,11,17,9,9,14,3,11,2,18,21,1,10,10,3,12,3,7,8,9,15,9,17,9,10,16,3,7,2,17,19,3,8,7,3,9,3,8,11,9,11,9,20,11,10,15,2,9,3,14,13,3,9,11,3,12,4,12,12,7,10,8,19,14,17,21,3
P,2023HU0026564,8,01,00400,4,56,1019518,120,33,1,,4,2,2,2,2,2,,,2,,2,2,,,0,1,2,2,2,2,2,2,0,6,1,01,2,5,,,,,,1,4,,,,,,,,,3,5,3,3,3,3600,0,20,0,1,,22,0,2,0,0,70000,40,1,52,,,3,996,999,,2,1,,1,2300,,1,01,7870,085,045,,,,6,611M1,1,,0,0230,2,70000,73600,056,359,00400,056,1,2,2,1,1000,001,0,0,0,0,1,0,0,1,0,2,2,,,119030,,1,1,0,0,0,1,0,0,0,1,1,0,0,0,0,0,1,1,0,0,0,0,0,0,0,0,,0,,0,,0,0,0,0,1,1,1,1,1,1,0,0,1,0,0,0,0,0,0,0,0,1,1,1,1,1,1,0,1,0,0,0,0,1,0,0,0,1,0,1,1,1,1,1,1,0,0,92,91,39,94,149,51,46,228,163,139,248,136,169,61,93,104,35,123,29,48,124,143,221,128,43,238,209,48,124,130,28,159,33,79,104,110,259,156,183,271,110,167,52,93,182,56,39,233,130,131,216,126,167,136,91,100,46,165,40,33,99,108,189,132,27,175,241,42,139,117,34,135,38,108,125,97,142,103,159,184
P,2023HU0026564,8,02,00400,4,56,1019518,104,13,1,,,2,2,2,,2,,,2,,,,,,0,1,2,2,2,2,2,2,,,,,2,5,,,,,,1,,,,,,,,,,,,,,,,,25,,2,10,11,,2,,,,,,,,,3,996,999,,2,,7,,,,1,01,,,,,,,,,1,7,1,,,,,056,359,,,1,2,3,1,1000,001,0,0,0,0,1,0,0,1,1,,,,,,,1,0,0,0,0,0,0,0,0,0,0,0,0,0,0,0,0,0,0,0,0,0,0,0,0,0,,0,,0,,0,0,0,0,0,0,0,0,0,0,0,0,0,0,0,0,0,0,0,0,0,0,0,0,0,0,0,0,0,0,0,0,0,0,0,0,0,0,0,0,0,0,0,0,0,0,0,75,71,32,76,106,36,31,194,185,116,166,124,152,60,77,81,34,134,32,44,109,118,216,99,29,195,236,49,102,104,27,123,31,75,90,92,203,152,180,229,95,126,43,88,212,56,40,208,110,117,170,137,166,128,66,76,36,112,37,23,78,80,163,97,25,146,269,50,122,96,29,95,39,104,96,72,102,93,143,263
P,2023HU0026850,8,01,00100,4,56,1019518,127,28,4,2018,1,2,2,2,2,2,,,2,2,1,,,,0,1,2,2,2,2,2,2,0,60,2,01,1,5,,,,,,3,4,,,,,,,,,3,5,3,3,3,0,0,20,0,1,,16,0,2,0,0,20000,40,1,52,1,2018,1,210,999,8,2,2,,1,,,1,02,8590,070,019,1200,00100,056,6,713Z,2,,0,4230,1,20000,20000,303,83,00100,056,1,2,1,9,9000,029,0,0,0,0,2,0,1,1,0,,,,,372012,,3,0,0,0,0,0,0,0,0,0,0,0,0,0,0,0,0,0,0,0,0,0,0,0,0,0,,0,,0,,0,0,0,0,0,0,0,0,0,0,0,0,0,0,0,0,0,0,0,0,0,0,0,0,0,0,0,0,0,0,0,0,0,0,0,0,0,0,0,0,0,0,0,0,0,0,0,38,37,130,192,155,45,197,107,53,172,302,313,214,74,212,231,146,202,49,29,128,124,103,57,147,114,135,115,167,122,53,48,28,150,159,110,96,137,182,214,32,57,90,249,195,31,178,125,41,165,296,270,196,87,159,237,124,211,52,30,178,153,126,33,111,138,143,134,210,143,42,61,33,84,149,109,120,98,149,178
P,2023HU0026850,8,02,00100,4,56,1019518,88,28,5,,1,2,2,2,2,2,,,2,4,,,,,0,2,2,2,2,2,2,2,0,60,2,01,1,5,,,,,,3,4,,,,,,,,,3,5,3,3,3,0,0,22,0,1,,16,0,1,0,0,20000,40,1,52,1,2021,1,239,999,8,2,2,,1,,,2,21,8660,070,019,1200,00100,056,6,7211,2,,0,8300,,20000,20000,373,129,00100,056,2,2,4,9,9000,029,0,0,0,0,2,0,1,1,0,,,,,516011,,3,0,0,0,0,0,0,0,0,0,0,0,0,0,0,0,0,0,0,0,0,0,0,0,0,0,,0,,0,,0,0,0,0,0,0,0,0,0,0,0,0,0,0,0,0,0,0,0,0,0,0,0,0,0,0,0,0,0,0,0,0,0,0,0,0,0,0,0,0,0,0,0,0,0,0,0,24,29,98,149,160,35,98,81,43,118,198,188,173,60,103,145,103,140,35,19,94,85,72,37,124,99,94,83,151,81,29,31,19,118,124,76,83,106,151,144,26,39,59,142,152,25,112,76,35,105,175,175,127,68,134,191,111,124,44,25,104,91,79,25,106,114,87,91,174,97,31,44,30,77,101,85,78,75,117,114
P,2023HU0026850,8,03,00100,4,56,1019518,133,4,1,,,,2,2,,,,,,,,,,,0,2,2,2,1,2,2,2,,,,,,5,,,,,,3,,,,,,,,,,,,,,,,,25,,1,,01,,2,,,,,,,,,2,210,239,,2,,7,,,,1,02,,,,,00100,056,,,1,8,1,,,,,048,83,,,2,1,2,9,9000,029,0,0,0,0,2,0,1,1,1,,,,,,,1,0,0,0,0,0,0,0,0,0,0,0,0,0,0,0,0,0,0,0,0,0,0,0,0,0,,0,0,0,,0,0,0,0,0,0,0,0,0,0,0,0,0,0,0,0,0,0,0,0,0,0,0,0,0,0,0,0,0,0,0,0,0,0,0,0,0,0,0,0,0,0,0,0,0,0,0,54,44,123,214,246,45,179,131,59,171,278,265,199,99,194,217,165,221,74,30,135,118,90,59,170,153,149,116,171,124,36,47,34,140,210,103,107,152,161,193,51,52,92,234,213,46,181,122,51,171,199,227,188,103,226,241,162,189,56,38,177,137,111,44,157,157,135,116,184,131,53,71,36,116,151,118,146,128,209,166
P,2023HU0026850,8,04,00100,4,56,1019518,132,0,1,,,,2,2,,,,,,,,,,,0,2,2,2,1,2,2,2,,,,,,5,,,,,,,,,,,,,,,,,,,,,,,25,,,,,,1,,,,,,,,,2,210,239,,2,,7,,,,1,02,,,,,,,,,1,8,1,,,,,056,83,,,2,1,1,9,9000,029,0,0,0,0,2,0,1,1,1,,,,,,,1,0,0,0,0,0,0,0,0,0,0,0,0,0,0,0,0,0,0,0,0,0,0,0,0,0,,0,0,0,,0,0,0,0,0,0,0,0,0,0,0,0,0,0,0,0,0,0,0,0,0,0,0,0,0,0,0,0,0,0,0,0,0,0,0,0,0,0,0,0,0,0,0,0,0,0,0,54,44,125,212,246,45,180,133,60,171,278,264,198,99,194,218,166,221,73,30,135,118,91,59,170,152,148,117,169,125,36,48,34,139,208,104,107,153,160,193,51,51,91,234,215,44,182,123,51,170,200,227,187,103,226,239,161,189,57,37,176,135,111,43,156,156,135,115,184,131,53,71,37,116,151,119,146,128,209,166
P,2023HU0028975,8,01,00400,4,56,1019518,73,61,1,,1,2,2,2,2,2,,,2,,,2,,,0,1,2,2,2,2,2,2,0,49,1,01,2,1,2,2,2,2,1984,1,4,,,,,,,,,3,5,3,3,3,0,0,20,0,1,,16,0,1,0,0,112000,40,1,52,1,,2,082,097,,2,1,,1,,,1,01,4585,103,055,,,,1,4251,1,,0,4710,,112000,112000,056,501,00400,056,1,2,4,1,1000,001,0,0,0,0,1,0,0,1,0,,,,,411012,,1,0,0,0,0,0,0,0,0,0,0,0,0,0,0,0,0,0,0,0,0,0,0,0,0,0,,0,,0,,0,0,0,0,0,0,0,0,0,0,0,0,0,0,0,0,0,0,0,0,0,0,0,0,0,0,0,0,0,0,0,0,0,0,0,0,0,0,0,0,0,0,0,0,0,0,0,32,73,66,29,69,19,81,126,88,68,73,31,68,126,79,122,136,21,74,67,19,79,56,24,92,17,182,141,63,75,72,20,57,126,81,104,114,20,77,86,119,62,72,141,66,143,25,24,74,84,58,131,85,18,71,19,30,133,55,74,112,92,68,103,59,126,29,19,81,88,71,93,64,23,86,25,19,129,76,81
P,2023HU0028975,8,02,00400,4,56,1019518,86,64,4,1972,1,2,2,2,2,2,,,2,,,2,,,0,1,2,2,2,2,2,2,0,32,1,01,2,1,2,2,1,2,1984,1,4,,,,,,,,,3,5,3,3,3,0,0,21,0,1,,21,0,2,0,0,37400,24,1,52,1,1964,1,032,999,3,2,1,,1,3700,,1,01,0770,109,064,,,,1,23,2,,0,5120,4,37400,37400,110,501,00400,056,1,2,2,1,1000,001,0,0,0,0,1,0,0,1,0,1,2,,,433031,,5,0,0,0,0,0,0,0,0,0,0,0,0,0,0,0,0,0,1,0,0,0,0,0,0,0,,0,,0,,0,0,0,0,0,0,0,0,0,0,0,0,0,0,0,0,0,0,0,0,0,0,0,0,0,0,0,0,0,0,0,0,0,0,0,1,0,0,0,0,0,0,0,0,0,0,0,30,92,82,31,89,23,109,125,96,92,99,37,78,140,105,151,125,20,85,94,24,98,62,24,104,17,185,179,83,84,64,28,68,128,87,137,142,25,90,83,134,83,75,150,93,166,28,27,91,101,69,173,95,21,81,23,33,148,72,96,137,100,93,126,65,149,30,20,97,91,72,133,84,30,98,25,22,117,71,89
P,2023HU0029926,8,01,00300,4,56,1019518,17,83,1,,,2,2,2,2,2,,,2,,,2,,,2,2,1,1,2,2,2,2,0,,,,2,2,2,2,1,2,1958,1,4,,,,,,,,,2,5,2,2,2,0,0,20,9100,1,,17,0,2,0,25200,0,,3,,2,,2,022,020,,2,,,6,,,1,01,,,,,,,3,,1,,0,,4,0,34300,046,236,,,1,1,1,1,1000,001,0,0,0,0,1,0,0,1,0,,,,,,,1,0,0,0,0,0,0,0,0,0,0,0,0,0,0,0,0,0,0,0,0,0,1,0,1,0,0,0,,1,,1,1,1,0,0,0,0,0,0,0,0,0,0,0,0,0,0,0,0,0,0,0,0,0,0,0,0,0,0,1,1,0,0,0,0,0,0,0,0,0,0,0,0,0,0,0,0,15,4,19,6,16,18,6,16,26,4,4,29,16,16,27,19,33,19,16,29,17,5,15,5,13,13,5,21,30,5,4,23,18,25,31,26,29,19,18,5,13,31,16,21,15,13,29,15,4,26,35,5,17,17,4,18,7,16,15,4,21,34,19,27,16,16,26,19,6,28,33,5,15,18,5,17,4,16,18,34
P,2023HU0030246,8,01,00200,4,56,1019518,102,76,1,,,2,1,2,1,1,2,1,2,,,2,,,0,2,2,1,2,1,1,2,450,,,,2,1,2,2,3,2,2021,1,2,0,0,0,1,0,0,0,0,2,5,2,2,3,0,0,20,35800,1,,13,0,1,0,25900,0,,3,,2,,2,050,022,,1,,,6,,,1,01,,,,,,,1,,1,,0,,,0,62150,053,392,,,1,1,1,1,1000,001,0,0,0,0,1,0,0,1,0,,,,,,06,1,0,0,0,0,0,0,0,0,0,0,0,0,0,0,0,0,0,0,0,0,0,0,0,0,0,0,0,,0,0,0,0,0,0,0,0,0,0,0,0,0,0,0,0,0,0,0,0,0,0,0,0,0,0,0,0,0,0,0,0,0,0,0,0,0,0,0,0,0,0,0,0,0,0,0,0,0,117,93,160,208,35,24,193,111,23,200,164,88,86,39,122,94,104,107,37,92,91,110,190,151,32,37,164,79,30,154,184,95,119,39,97,120,102,96,25,71,101,144,33,29,180,195,29,96,185,27,37,79,92,145,81,92,105,141,169,86,147,83,26,43,154,166,29,100,182,39,27,98,105,182,119,134,146,110,166,91
P,2023HU0030246,8,02,00200,4,56,1019518,61,71,1,,,2,2,2,2,2,,,2,,,2,,,2,2,1,1,2,2,2,2,0,,,,2,1,2,2,2,2,2021,1,4,,,,,,,,,2,5,2,2,3,0,0,21,0,2,15,20,0,2,0,9300,0,,3,,2,,2,022,032,,2,,,6,,,1,01,,,,,,,1,,1,,0,,4,0,9300,006,392,,,1,1,1,1,1000,001,0,0,0,0,1,0,0,1,0,,,,,,,1,0,0,0,0,0,0,0,0,0,0,0,0,0,0,0,0,0,0,0,0,0,0,0,0,0,0,0,,0,,0,0,0,0,0,0,0,0,0,0,0,0,0,0,0,0,0,0,0,0,0,0,0,0,0,0,0,0,0,0,0,0,0,0,0,0,0,0,0,0,0,0,0,0,0,0,0,63,62,95,115,18,15,124,61,18,118,101,61,67,20,58,44,60,63,20,52,56,63,133,96,19,23,86,57,19,89,94,52,62,22,68,73,61,68,17,55,48,66,21,15,106,107,13,64,123,18,22,51,46,79,55,66,57,69,120,53,71,56,15,24,101,76,19,62,108,22,17,69,58,102,70,73,85,69,100,46
P,2023HU0030719,8,01,00100,4,56,1019518,146,42,1,,7,2,2,2,2,2,,,2,,2,2,,,0,2,2,2,2,2,2,2,15000,5,4,01,2,1,2,2,1,2,2009,1,4,,,,,,,,,3,5,3,3,3,0,0,20,0,1,,18,30000,2,0,0,50000,35,1,52,1,,4,999,999,,2,4,,1,,,2,02,0770,092,052,,,,1,23,1,,0,5860,2,80000,95000,048,501,00100,056,2,2,4,9,9000,029,0,0,0,0,2,0,1,1,0,,,,,439061,,1,0,0,0,0,0,0,1,0,1,1,0,0,0,0,0,0,0,0,0,0,0,1,0,0,0,,0,,0,,0,1,1,0,0,0,1,1,0,0,0,0,0,0,0,0,0,0,0,0,0,0,0,0,0,0,0,0,1,0,1,0,0,0,0,0,0,0,0,0,0,0,1,0,0,0,0,35,108,150,50,166,100,344,311,155,107,154,69,121,236,238,216,192,53,124,120,51,169,129,41,139,66,311,204,126,208,143,53,137,195,176,251,206,44,134,144,235,140,122,233,158,373,42,58,170,100,113,401,137,56,215,38,34,262,161,114,273,163,107,181,141,336,65,112,176,99,118,242,116,47,202,50,31,192,166,160
P,2023HU0030719,8,02,00100,4,56,1019518,191,41,1,,7,2,2,2,2,2,,,2,,,2,,,0,2,2,2,2,2,2,2,0,15,2,01,2,1,2,2,1,2,2009,1,4,,,,,,,,,3,5,3,3,3,0,0,21,0,1,,21,0,1,0,0,95000,55,1,52,1,,4,999,999,,2,2,,1,3301,,2,01,0770,094,052,,,,1,23,1,,0,6442,,95000,95000,012,501,00100,056,2,2,1,1,1000,001,0,0,0,0,1,0,0,1,0,2,2,,,472152,,1,0,0,0,0,0,0,0,0,0,0,0,0,0,0,0,0,0,1,0,0,0,1,0,1,1,,1,,1,,1,1,1,0,0,0,1,1,0,0,0,0,0,0,0,0,0,0,0,0,0,0,0,0,0,0,0,0,1,1,1,0,0,0,0,0,0,0,0,0,0,0,0,0,0,0,0,45,207,228,83,187,94,395,288,182,214,237,64,137,238,216,352,317,71,148,186,63,177,189,56,239,54,342,317,168,279,183,53,194,232,167,307,295,61,206,208,284,183,174,278,128,275,63,66,191,201,173,314,159,71,219,50,54,392,220,172,356,206,173,261,284,315,63,105,211,175,182,335,241,55,198,60,56,322,181,238
P,2023HU0030719,8,03,00100,4,56,1019518,173,10,1,,,2,2,2,,2,,,2,1,,,,,0,1,2,2,2,2,2,2,,,,,1,5,,,,,,1,,,,,,,,,,,,,,,,,25,,3,07,08,,2,,,,,,,,,4,999,999,,2,,1,,,,1,02,,,,1200,,,,,1,1,1,,,,,006,501,,,1,2,3,9,9000,029,0,0,0,0,2,0,1,1,1,,,,,,,1,0,0,0,0,0,0,0,0,0,0,0,0,0,0,0,0,0,0,0,0,0,1,0,1,1,,1,,1,,1,1,1,0,0,0,0,0,0,0,1,0,0,0,0,0,0,0,0,0,0,0,0,0,0,0,0,0,0,1,1,0,0,0,0,0,0,0,0,0,0,0,0,0,0,0,0,38,139,193,57,118,104,570,279,164,160,221,104,201,223,203,197,207,77,128,135,57,202,160,63,141,53,393,212,135,219,178,143,180,297,217,255,312,50,123,170,266,143,207,392,178,313,65,75,150,173,119,354,120,66,299,59,59,244,187,153,227,145,200,274,167,396,98,130,169,125,193,284,157,48,212,50,36,190,178,196
P,2023HU0030719,8,04,00100,4,56,1019518,163,7,1,,,2,2,2,,2,,,2,,,,,,0,2,2,2,1,2,2,2,,,,,2,5,,,,,,1,,,,,,,,,,,,,,,,,25,,3,04,05,,1,,,,,,,,,4,999,999,,2,,1,,,,1,02,,,,,,,,,1,1,1,,,,,012,501,,,2,1,1,9,9000,029,0,0,0,0,2,0,1,1,1,,,,,,,1,0,0,0,0,0,1,0,1,1,0,1,0,0,1,0,0,0,0,0,0,0,1,0,1,1,,1,0,1,,1,1,1,0,0,0,0,0,0,0,0,0,0,0,0,0,0,0,0,0,0,0,0,0,0,0,0,0,0,1,1,0,0,0,0,0,0,0,0,0,0,0,0,0,0,0,0,34,141,188,53,109,98,568,257,160,158,208,91,194,217,193,197,203,73,130,129,53,194,162,60,139,45,346,199,127,209,176,125,165,276,174,241,313,49,123,167,249,134,206,362,176,283,58,64,141,176,119,322,112,64,275,56,58,240,189,154,216,133,193,259,142,375,96,102,146,123,187,267,156,44,209,50,34,185,162,185
P,2023HU0030719,8,05,00100,4,56,1019518,234,38,1,,1,2,2,2,2,2,,,2,,,2,,,0,1,2,2,2,2,2,2,0,10,2,01,2,5,,,,,,1,4,,,,,,,,,3,5,3,3,3,0,0,28,0,1,,21,0,1,0,0,50000,99,1,52,1,,4,999,999,,2,2,,1,6402,,1,01,0490,156,097,,,,6,213,1,,0,6260,,50000,50000,012,501,04100,036,1,2,3,1,1000,001,0,0,0,0,1,0,0,1,0,2,2,,,472061,,1,0,0,0,0,1,1,0,1,1,1,1,0,0,1,0,0,0,1,0,0,0,1,0,1,1,,1,,1,,1,1,1,0,1,1,1,0,1,0,0,0,1,0,0,0,0,0,0,0,0,1,1,1,1,1,1,0,1,1,1,0,0,1,0,0,0,1,0,1,1,1,1,1,1,0,0,72,273,145,71,225,113,405,388,183,336,222,74,255,350,180,335,342,111,241,177,65,212,308,68,258,53,410,427,175,339,240,74,300,294,221,352,332,61,196,323,374,253,235,361,187,403,66,80,185,311,214,273,177,103,244,70,80,471,254,160,559,236,242,288,325,379,81,122,247,233,278,297,206,70,286,49,51,279,235,376
P,2023HU0030719,8,06,00100,4,56,1019518,108,65,3,,1,2,2,2,2,2,,,2,1,,1,,2,0,2,2,1,2,2,2,2,0,10,1,01,1,2,2,2,2,2,2006,1,4,,,,,,,,,3,5,3,3,3,0,0,29,3300,1,,16,20000,1,0,24000,30000,36,1,52,1,1958,4,999,999,2,2,1,,1,,,1,02,0770,081,040,1200,,,3,23,1,,0,8740,,50000,77300,312,501,00100,056,2,1,1,9,9000,029,0,0,0,0,2,0,1,1,0,,,,,519061,,3,0,0,0,0,1,0,0,0,0,0,0,0,0,0,0,0,0,0,0,0,0,1,0,1,1,0,1,,1,,1,1,1,0,1,0,1,1,1,1,1,1,0,0,0,0,0,0,1,0,0,0,1,1,1,0,1,1,1,1,1,0,0,1,0,0,0,0,0,0,1,0,1,0,1,0,0,38,122,51,23,133,43,151,202,95,189,104,40,126,185,108,151,151,41,122,95,23,116,182,42,80,32,231,156,82,135,102,43,131,139,100,153,142,45,112,156,253,126,125,182,134,181,27,32,102,175,113,152,74,44,147,25,42,194,121,72,161,86,95,105,107,212,51,52,129,80,107,140,94,41,117,34,21,122,141,133
P,2023HU0031770,8,01,00500,4,56,1019518,71,21,1,,1,2,2,2,2,2,,,2,,,,,,0,2,2,2,1,2,2,2,0,90,2,01,2,5,,,,,,1,4,,,,,,,,,3,5,3,3,3,0,0,20,0,1,,17,0,1,0,0,43000,50,1,52,1,,2,032,088,,2,2,,1,,,1,01,0770,094,037,,,,6,23,1,,0,6260,,43000,43000,019,248,00500,056,2,1,1,1,1000,001,0,0,0,0,1,0,0,1,0,,,,,472061,,1,0,0,0,0,0,0,0,0,0,0,0,0,0,0,0,0,0,0,0,0,0,0,0,0,0,,0,0,0,,0,0,0,0,0,0,0,0,0,0,0,0,0,0,0,0,0,0,0,0,0,0,0,0,0,0,0,0,0,0,0,0,0,0,0,0,0,0,0,0,0,0,0,0,0,0,0,133,70,84,158,98,35,15,14,118,58,40,82,60,133,119,67,92,28,64,28,88,73,64,126,73,15,25,27,106,80,82,49,55,175,57,138,52,20,138,27,71,74,59,131,96,18,15,16,58,46,100,90,55,161,100,122,77,17,95,27,125,68,100,82,79,22,29,36,106,78,51,51,64,80,99,132,136,17,85,15
P,2023HU0031770,8,02,00500,4,56,1019518,62,20,1,,1,2,2,2,2,2,,,2,,1,,,,0,2,2,2,1,2,2,2,0,7,2,01,2,5,,,,,,1,4,,,,,,,,,3,5,3,3,3,0,0,22,0,1,,19,0,2,0,0,13000,15,1,30,1,,1,142,999,,2,2,,1,,,1,01,8680,116,076,,,,6,722Z,1,,0,4110,4,13000,13000,049,84,00500,056,2,1,3,1,1000,001,0,0,0,0,1,0,0,1,0,,,,,353031,,1,0,0,0,0,0,0,0,0,0,0,0,0,0,0,0,0,0,0,0,0,0,0,0,0,0,,0,0,0,,0,0,0,0,0,0,0,0,0,0,0,0,0,0,0,0,0,0,0,0,0,0,0,0,0,0,0,0,0,0,0,0,0,0,0,0,0,0,0,0,0,0,0,0,0,0,0,114,60,79,118,58,27,16,15,118,44,79,56,50,148,83,80,62,19,57,29,125,76,60,95,49,9,15,20,77,49,65,52,58,149,76,134,56,16,106,15,100,58,72,111,61,18,15,15,63,49,110,65,66,191,100,83,66,18,58,26,94,71,64,88,72,15,18,18,93,64,54,54,65,91,102,132,51,10,73,12
P,2023HU0031770,8,03,00500,4,56,1019518,73,0,1,,,,2,2,,,,,,,,,,,0,2,2,2,1,2,2,2,,,,,,5,,,,,,,,,,,,,,,,,,,,,,,25,,,,,,2,,,,,,,,,2,142,032,,2,,5,,,,1,01,,,,,,,,,1,5,1,,,,,056,248,,,2,1,3,1,1000,001,0,0,0,0,1,0,0,1,1,,,,,,,1,0,0,0,0,0,0,0,0,0,0,0,0,0,0,0,0,0,0,0,0,0,0,0,0,0,,0,0,0,,0,0,0,0,0,0,0,0,0,0,0,0,0,0,0,0,0,0,0,0,0,0,0,0,0,0,0,0,0,0,0,0,0,0,0,0,0,0,0,0,0,0,0,0,0,0,0,177,83,67,110,49,18,20,12,120,76,87,41,78,175,152,101,68,22,58,27,94,88,71,125,63,19,29,25,87,89,68,53,81,146,121,213,62,21,83,23,106,71,129,170,103,18,19,18,112,62,85,82,103,149,112,102,73,20,65,24,120,63,133,158,97,26,14,20,104,86,106,59,49,100,102,88,63,17,73,23
P,2023HU0031770,8,04,00500,4,56,1019518,47,18,1,,1,2,2,2,2,2,,,2,,,,,,0,2,2,2,1,2,2,2,0,,,,2,5,,,,,,1,4,,,,,,,,,2,5,2,2,3,0,0,28,0,2,14,14,0,1,0,0,16000,50,1,8,2,,1,032,999,,2,,,6,,,1,01,0770,,,,,,6,23,1,,0,6260,,16000,16000,019,248,,,2,1,1,1,1000,001,0,0,0,0,1,0,0,1,0,,,,,472061,,1,0,0,0,0,0,0,0,0,0,0,0,0,0,0,0,0,0,0,0,0,0,0,0,0,0,,0,0,0,,0,0,0,0,0,0,0,0,0,0,0,0,0,0,0,0,0,0,0,0,0,0,0,0,0,0,0,0,0,0,0,0,0,0,0,0,0,0,0,0,0,0,0,0,0,0,0,107,53,46,137,102,13,28,11,53,39,42,43,56,96,105,57,56,26,55,20,60,54,47,69,44,12,16,13,73,45,38,32,40,79,51,69,38,14,44,13,74,35,60,67,35,13,14,14,56,35,55,37,51,73,83,46,48,20,39,16,91,44,35,76,73,15,22,22,51,48,47,54,42,94,82,89,138,13,56,12
P,2023HU0032727,8,01,00100,4,56,1019518,30,74,1,,,2,2,2,2,2,,,2,,,2,,,2,2,1,1,2,2,2,2,170,,,,2,1,2,2,1,2,1970,1,4,,,,,,,,,2,5,2,2,3,0,0,20,14800,1,,21,0,2,0,14100,0,,3,,2,,1,020,999,,2,,,6,2304,,1,01,,,,,,,1,,1,,0,,4,0,29070,056,501,,,1,1,3,1,1000,001,0,0,0,0,1,0,0,1,0,2,2,,,,,1,0,0,0,0,0,0,0,0,0,0,0,0,0,0,0,0,0,0,0,0,0,1,0,1,0,0,0,,1,,1,1,1,0,0,0,0,0,0,0,0,0,0,0,0,0,0,0,0,0,0,0,0,0,0,0,0,0,0,1,1,0,0,0,0,0,0,0,0,0,0,0,0,0,0,0,0,9,28,42,31,32,43,48,41,59,31,8,31,55,33,32,52,36,11,8,10,11,37,38,21,31,36,42,54,49,30,11,31,48,30,29,55,36,7,7,7,10,29,31,30,31,34,46,65,54,33,9,35,62,25,22,48,33,10,9,10,11,37,33,32,35,28,61,54,41,30,9,34,41,39,31,42,30,12,10,8
P,2023HU0032727,8,02,00100,4,56,1019518,45,75,1,,6,2,2,2,2,2,,,2,,,2,,,2,2,1,1,2,2,2,2,820,30,1,01,2,1,2,2,1,2,1970,1,4,,,,,,,,,3,5,3,3,3,0,0,21,0,1,,21,60000,1,0,11100,0,72,1,52,1,,1,088,999,,2,1,,1,2309,,1,01,8770,112,067,,,,1,8111Z,1,,0,7160,,60000,71920,056,501,00100,056,1,1,4,1,1000,001,0,0,0,0,1,0,0,1,0,2,2,,,493022,,1,0,0,0,0,0,0,0,0,0,0,0,0,0,0,0,0,0,0,0,0,0,1,0,1,0,0,0,,1,,1,1,1,0,0,0,0,0,0,0,0,0,0,0,0,0,0,0,0,0,0,0,0,0,0,0,0,0,0,1,1,0,0,0,0,0,0,0,0,0,0,0,0,0,0,0,0,11,38,64,48,50,52,58,56,77,51,11,36,88,41,35,65,44,15,10,12,12,55,50,39,53,50,73,68,64,44,13,40,73,38,44,88,57,13,11,10,12,43,48,44,40,40,73,69,81,39,14,45,90,38,31,81,40,15,16,11,13,43,42,51,43,43,71,60,66,54,14,46,91,48,37,72,46,15,13,11
P,2023HU0033231,8,01,00100,4,56,1019518,149,37,1,,7,2,2,2,2,2,,,2,,,2,,,0,1,2,2,2,2,2,2,0,,,11,2,1,2,2,1,2,2016,1,4,,,,,,,,,3,5,3,3,3,0,0,20,0,1,,21,0,1,0,0,394000,40,1,52,1,,2,012,098,,2,,,1,6210,,1,01,6970,,,,,,1,52M2,1,,0,4820,,394000,394000,048,501,00100,056,1,2,3,1,1000,001,0,0,0,0,1,0,0,1,0,2,2,,,413031,,1,0,0,0,0,0,0,0,0,0,0,0,0,0,0,0,0,0,0,0,0,0,0,0,0,0,,0,,0,,0,0,0,0,0,0,0,0,0,0,0,0,0,0,0,0,0,0,0,0,0,0,0,0,0,0,0,0,0,0,0,0,0,0,0,0,0,0,0,0,0,0,0,0,0,0,0,304,184,74,45,168,199,164,143,141,227,160,53,215,123,275,167,57,119,38,209,309,158,41,39,201,163,138,120,256,252,151,39,170,126,288,100,33,145,54,50,29,156,192,244,120,119,175,148,139,55,197,271,43,178,39,166,211,109,247,51,46,149,254,272,198,130,112,241,159,42,112,315,65,159,37,168,331,202,240,309
P,2023HU0033231,8,02,00100,4,56,1019518,151,37,1,,1,2,2,2,2,2,,,2,,2,2,,,0,1,2,2,2,2,2,2,0,,,11,2,1,2,2,1,2,2016,1,4,,,,,,,,,3,5,3,3,3,0,0,21,0,1,,21,0,2,0,0,394000,40,1,52,1,,1,190,999,,2,,,1,6207,,1,01,7470,,,,,,1,5418,1,,0,0705,3,394000,394000,026,501,00100,056,1,2,2,1,1000,001,0,0,0,0,1,0,0,1,0,2,2,,,131082,,1,0,0,0,0,0,0,0,0,0,0,0,0,0,0,0,0,0,0,0,0,0,0,0,0,0,,0,,0,,0,0,0,0,0,0,0,0,0,0,0,0,0,0,0,0,0,0,0,0,0,0,0,0,0,0,0,0,0,0,0,0,0,0,0,0,0,0,0,0,0,0,0,0,0,0,0,313,158,83,44,132,178,154,163,139,233,128,47,209,121,242,142,63,132,44,184,224,187,52,43,205,155,170,120,186,280,190,51,162,147,268,123,41,144,66,46,31,150,184,322,182,137,155,128,153,55,226,279,43,149,36,152,183,149,291,50,50,130,304,295,172,139,99,195,134,38,132,312,51,149,38,175,389,172,245,271
P,2023HU0033231,8,03,00100,4,56,1019518,135,7,1,,,2,2,2,,2,,,2,,,,,,0,1,2,2,2,2,2,2,,,,,2,5,,,,,,1,,,,,,,,,,,,,,,,,25,,3,02,03,,1,,,,,,,,,3,996,999,,2,,1,,,,1,01,,,,,,,,,1,1,1,,,,,048,501,,,1,2,3,1,1000,001,0,0,0,0,1,0,0,1,1,,,,,,,1,0,0,0,0,0,0,0,0,0,0,0,0,0,0,0,0,0,0,0,0,0,0,0,0,0,,0,,0,,0,0,0,0,0,0,0,0,0,0,0,0,0,0,0,0,0,0,0,0,0,0,0,0,0,0,0,0,0,0,0,0,0,0,0,0,0,0,0,0,0,0,0,0,0,0,0,262,169,63,49,112,127,166,160,115,212,107,45,207,108,190,142,57,119,41,160,171,176,56,41,160,145,159,120,175,219,156,58,165,135,214,104,35,109,46,41,29,133,180,318,134,122,128,111,120,45,197,269,37,149,30,140,218,129,250,34,46,117,294,235,163,152,98,142,123,31,115,410,38,131,40,126,327,136,263,226
P,2023HU0033231,8,04,00100,4,56,1019518,157,5,1,,,2,2,2,,2,,,2,,,,,,0,1,2,2,2,2,2,2,,,,,2,5,,,,,,1,,,,,,,,,,,,,,,,,25,,3,01,02,,2,,,,,,,,,3,996,999,,2,,1,,,,1,01,,,,,,,,,1,1,1,,,,,048,501,,,1,2,4,1,1000,001,0,0,0,0,1,0,0,1,1,,,,,,,1,0,0,0,0,0,0,0,0,0,0,0,0,0,0,0,0,0,0,0,0,0,0,0,0,0,,0,,0,,0,0,0,0,0,0,0,0,0,0,0,0,0,0,0,0,0,0,0,0,0,0,0,0,0,0,0,0,0,0,0,0,0,0,0,0,0,0,0,0,0,0,0,0,0,0,0,308,177,63,43,135,163,169,180,144,316,146,47,243,148,257,150,59,130,38,187,260,179,54,47,173,173,164,136,233,332,181,45,215,167,261,100,36,153,49,65,36,134,187,316,154,133,152,175,173,64,194,258,44,180,41,162,238,145,245,45,52,133,272,296,179,167,95,170,168,43,133,364,62,156,47,148,307,179,209,270
P,2023HU0033570,8,01,00200,4,56,1019518,33,69,1,,,2,2,1,2,1,,,1,,,2,,,0,2,2,1,1,2,2,2,0,,,,2,1,2,2,1,2,1986,1,4,,,,,,,,,3,5,3,3,3,0,0,20,0,1,,17,0,1,0,13200,0,,3,,,,4,999,999,,1,,,6,,,1,01,,,,,,,1,,1,,0,,,0,13200,031,337,,,2,1,4,1,1000,001,0,0,0,0,1,0,0,1,0,,,,,,,1,0,0,0,0,0,0,0,0,0,0,0,0,0,0,0,1,0,0,0,0,0,0,0,0,0,0,0,0,0,,0,0,0,0,0,1,0,0,0,0,0,0,0,1,1,1,1,1,0,0,0,1,0,1,1,1,1,0,0,0,0,0,0,1,0,0,0,1,0,1,1,1,0,1,0,0,0,52,33,30,10,12,63,53,9,37,51,12,11,35,28,59,32,28,39,30,45,9,34,32,43,53,9,10,57,38,10,43,53,31,31,9,29,41,33,30,33,49,30,28,7,7,58,65,10,36,71,9,10,35,31,52,34,38,37,32,39,8,29,32,49,56,6,9,67,31,11,57,72,37,26,10,35,33,43,33,37
P,2023HU0033570,8,02,00200,4,56,1019518,32,63,1,,,2,2,1,2,2,,,2,,,2,,,0,2,2,1,2,2,2,2,22000,,,,2,1,2,2,1,2,1986,1,4,,,,,,,,,3,5,3,3,3,0,0,21,0,1,,16,0,2,0,24400,0,,3,,,,4,999,999,,1,,,6,,,1,01,,,,,,,1,,1,,0,,4,0,46400,006,337,,,2,1,1,1,1000,001,0,0,0,0,1,0,0,1,0,,,,,,,1,0,0,0,0,0,1,0,0,1,1,1,0,0,1,0,1,0,0,0,0,0,0,0,0,0,0,0,,0,,0,0,0,0,0,1,0,0,0,0,0,0,0,1,1,1,1,1,0,0,0,1,0,1,1,1,1,0,0,0,0,0,0,1,0,0,0,1,0,1,1,1,0,1,0,0,0,64,36,25,11,11,53,55,9,35,52,16,9,32,28,43,31,28,32,30,39,10,23,27,52,55,11,15,65,27,9,42,44,34,26,6,25,29,37,34,29,46,32,34,7,8,77,64,10,37,56,11,10,26,30,46,34,32,32,36,34,11,30,27,44,54,7,9,53,27,13,51,54,34,27,10,28,40,32,26,35
P,2023HU0036212,8,01,00500,4,56,1019518,54,63,1,,1,2,2,2,2,2,,,2,,,2,,,1,2,1,2,2,2,2,2,0,10,1,01,2,1,2,2,1,2,1982,1,4,,,,,,,,,3,5,3,3,3,0,0,20,7100,1,,16,0,1,0,17900,14200,20,1,52,1,,1,026,999,,2,1,,1,,,1,01,8170,096,055,,,,1,6216,1,,0,3602,,14200,39200,008,360,00500,056,1,2,1,1,1000,001,0,0,0,0,1,0,0,1,0,,,,,311122,,1,0,0,0,0,0,0,0,0,0,0,0,0,0,0,0,0,0,0,0,0,0,0,0,0,0,,0,,0,,0,0,0,0,0,0,0,0,0,0,0,0,0,0,0,0,0,0,0,0,0,0,0,0,0,0,0,0,0,0,0,0,0,0,0,0,0,0,0,0,0,0,0,0,0,0,0,71,18,21,13,53,105,64,15,62,47,17,56,86,65,92,54,48,52,65,16,40,83,88,81,60,14,44,89,52,48,84,49,14,21,20,49,59,50,62,77,67,16,16,17,48,100,60,18,52,48,12,52,85,85,98,59,44,41,50,19,44,82,84,75,49,15,53,90,48,56,96,52,16,23,17,62,61,58,59,65
P,2023HU0036212,8,02,00500,4,56,1019518,53,61,1,,1,2,2,2,2,2,,,2,,,2,,,0,2,2,1,2,2,2,2,0,10,1,01,2,1,2,2,1,2,1982,1,4,,,,,,,,,3,5,3,3,3,0,0,21,0,1,,16,0,2,0,17600,8500,12,1,52,1,,1,097,999,,2,1,,1,,,1,01,8370,096,055,,,,1,6241,1,,0,3602,4,8500,26100,024,360,00500,056,2,1,2,1,1000,001,0,0,0,0,1,0,0,1,0,,,,,311122,,1,0,0,0,0,0,0,0,0,0,0,0,0,0,0,0,0,0,0,0,0,0,0,0,0,0,0,0,,0,,0,0,0,0,0,0,0,0,0,0,0,0,0,0,0,0,0,0,0,0,0,0,0,0,0,0,0,0,0,0,0,0,0,0,0,0,0,0,0,0,0,0,0,0,0,0,0,74,18,22,15,53,90,67,13,70,45,21,59,76,62,97,49,45,51,62,15,44,87,81,80,51,14,40,78,49,54,88,48,15,19,18,48,54,46,63,87,64,16,16,17,56,108,65,18,41,49,12,53,77,78,92,54,48,43,47,19,40,89,83,73,46,15,46,79,42,52,86,56,17,23,17,62,60,69,48,72
P,2023HU0036212,8,03,00500,4,56,1019518,89,36,1,,1,2,2,2,1,2,,,1,,2,2,,,0,2,2,1,1,2,2,2,0,10,2,01,2,5,,,,,,1,4,,,,,,,,,3,5,3,3,3,0,0,25,0,1,,16,0,2,0,9200,10600,20,1,52,1,,2,097,026,,1,2,,1,,,1,01,4971,108,067,,,,6,44511,1,,0,9620,4,10600,19800,056,360,00500,056,2,1,1,1,1000,001,0,0,0,0,1,0,0,1,0,,,,,537062,,1,0,0,0,0,0,0,0,0,0,0,0,0,0,0,0,0,0,0,0,0,0,0,0,0,0,0,0,0,0,,0,0,0,0,0,0,0,0,0,0,0,0,0,0,0,0,0,0,0,0,0,0,0,0,0,0,0,0,0,0,0,0,0,0,0,0,0,0,0,0,0,0,0,0,0,0,0,99,29,31,22,85,152,117,27,88,109,30,90,130,96,153,107,98,93,106,32,72,128,132,144,82,22,95,110,71,91,99,83,26,35,26,77,132,78,85,91,117,35,32,30,76,154,92,28,104,103,21,79,140,135,124,73,55,67,107,30,61,117,165,181,94,26,119,165,59,82,178,124,25,32,37,83,73,87,85,147
P,2023HU0039307,8,01,00200,4,56,1019518,29,68,1,,6,2,2,2,2,2,2,1,2,,,2,,,0,2,2,1,2,1,1,2,27300,,,11,2,1,2,2,1,2,1978,1,2,0,1,1,0,0,0,0,0,3,5,3,3,3,0,0,20,41000,1,,22,150000,1,0,0,394000,60,1,52,1,,2,032,022,,2,,,1,3606,,1,01,0180,,,,,,1,112,1,,0,0205,,544000,612300,056,501,00200,056,1,1,1,1,1000,001,0,0,0,0,1,0,0,1,0,1,2,,,119013,04,1,0,0,0,0,0,0,0,0,0,0,0,0,0,0,0,0,0,0,0,0,0,0,0,0,0,0,0,,0,0,0,0,0,0,0,0,0,0,0,0,0,0,0,0,0,0,0,0,0,0,0,0,0,0,0,0,0,0,0,0,0,0,0,0,0,0,0,0,0,0,0,0,0,0,0,0,0,30,51,27,8,26,33,10,22,55,47,50,22,28,29,36,25,7,8,7,41,28,57,31,8,27,28,9,26,53,59,44,31,27,32,38,29,7,7,8,32,31,52,20,12,44,24,8,27,45,61,45,30,27,28,36,35,10,6,8,36,22,54,30,8,33,32,9,30,37,46,51,42,29,25,33,29,8,12,8,50
P,2023HU0039307,8,02,00200,4,56,1019518,31,68,1,,8,2,2,2,2,1,,2,2,,,2,,,0,2,2,1,2,1,1,2,0,,,11,2,1,2,2,1,2,1978,1,2,1,1,1,0,0,0,0,0,3,5,3,3,3,0,0,21,54000,1,,23,0,2,0,0,0,60,1,52,1,,2,089,022,,1,,,1,1103,,1,01,0180,,,,,,1,112,1,,0,3250,4,0,54000,056,501,00200,056,1,1,4,1,1000,001,0,0,0,0,1,0,0,1,0,1,2,,,291131,02,1,0,0,0,0,0,0,0,0,0,0,0,0,0,0,0,0,0,0,0,0,0,0,0,0,0,0,0,,0,0,0,0,0,0,0,0,0,0,0,0,0,0,0,0,0,0,0,0,0,0,0,0,0,0,0,1,1,0,0,0,0,0,0,0,0,0,0,1,0,0,0,1,0,0,0,0,0,31,52,28,7,28,37,11,27,60,44,53,24,29,31,31,31,10,10,8,45,30,49,30,9,37,33,11,34,43,63,51,30,27,32,37,34,10,8,9,38,37,63,24,14,41,24,9,28,44,76,48,32,27,37,44,37,9,6,10,39,28,55,33,10,32,30,9,34,43,43,49,33,29,31,34,32,9,8,10,56
P,2023HU0039325,8,01,00100,4,56,1019518,18,94,1,,,2,2,2,2,2,,2,2,,,2,,,2,2,1,1,2,2,2,2,770,,,,2,1,2,2,1,2,1954,1,2,0,0,0,0,0,1,0,0,2,5,2,2,3,0,0,20,0,1,,11,0,1,0,22300,0,,3,,2,,1,082,999,,2,,,6,,,1,01,,,,,,,1,,1,,0,,,0,23070,038,181,,,1,1,4,1,1000,001,0,0,0,0,1,0,0,1,0,,,,,,09,1,0,0,0,0,0,0,0,0,0,0,0,0,0,0,0,0,0,0,0,0,0,0,0,0,0,0,0,,0,,0,0,0,0,0,0,0,0,0,0,0,0,0,0,0,0,1,0,0,0,0,0,0,0,0,0,0,0,0,0,0,0,0,0,0,0,0,0,0,0,0,0,0,0,0,0,0,25,6,20,28,31,17,18,16,18,13,4,22,38,8,20,4,16,38,18,18,4,39,17,3,5,17,19,20,18,19,31,21,4,32,23,24,16,9,15,28,5,38,15,3,6,15,17,13,18,19,35,25,6,41,19,21,16,7,23,4,33,10,18,23,21,15,15,16,17,16,6,18,34,6,16,4,22,49,14,5
P,2023HU0039325,8,02,00100,4,56,1019518,20,86,1,,,1,1,1,1,1,,,2,,,2,,,2,2,1,1,2,2,2,2,770,,,,2,1,2,2,1,2,1954,1,4,,,,,,,,,2,5,2,2,3,0,0,21,0,1,,11,0,2,0,8400,0,,3,,2,,1,026,999,,1,,,6,,,1,01,,,,,,,1,,1,,0,,4,0,9170,038,181,,,1,1,2,1,1000,001,0,0,0,0,1,0,0,1,0,,,,,,,1,0,0,0,0,0,0,0,0,0,0,0,0,0,0,0,0,0,0,0,0,0,0,0,0,0,0,0,,0,,0,0,0,0,0,0,0,0,0,0,0,0,0,0,0,0,0,0,0,0,0,0,0,0,0,0,0,0,0,0,0,0,0,0,0,0,0,0,0,0,0,0,0,0,0,0,0,26,5,17,36,44,21,23,21,15,13,5,32,45,9,22,5,18,34,17,21,6,25,18,4,5,15,18,18,20,20,29,21,4,30,27,36,22,9,24,40,5,31,17,5,7,17,17,12,21,18,32,28,8,36,22,30,19,9,26,5,31,5,13,30,25,15,16,17,20,14,6,21,35,7,18,6,19,40,15,5
P,2023HU0040557,8,01,00100,4,56,1019518,19,63,1,,1,2,2,2,2,2,,2,2,,,2,,,1,2,1,2,2,2,2,2,36000,,,,2,3,2,2,3,2,2014,1,2,0,1,0,0,0,0,0,0,2,5,2,2,3,0,0,20,6000,1,,16,0,2,0,32500,0,,2,,2,,2,089,142,,2,,,6,,,1,01,0380,,,,,,4,2121,1,,0,9005,4,0,74500,056,471,,,1,2,4,1,1000,001,0,0,0,0,1,0,0,1,0,,,,,531000,04,1,0,0,0,0,0,0,0,0,0,0,0,0,0,0,0,0,0,0,0,0,0,0,0,0,0,,0,,0,,0,0,0,0,0,0,0,0,0,0,0,0,0,0,0,0,0,0,0,0,0,0,0,0,0,0,0,0,0,0,0,0,0,0,0,0,0,0,0,0,0,0,0,0,0,0,0,21,36,32,20,22,18,17,20,4,19,43,5,14,8,21,32,18,33,7,5,17,25,28,15,19,22,15,13,7,20,25,5,22,5,17,30,28,35,4,7,18,32,31,21,16,18,18,20,6,17,28,8,15,5,20,30,19,29,4,7,17,25,28,18,22,22,19,22,7,21,22,7,24,6,20,37,17,24,8,4
P,2023HU0040591,8,01,00400,4,56,1019518,143,55,1,,3,2,2,2,2,2,,,2,,,2,,,0,1,2,2,2,2,2,2,0,,,,2,3,2,2,1,2,1988,1,4,,,,,,,,,1,5,2,3,3,0,0,20,0,1,,20,0,2,0,0,24000,40,1,52,1,,2,032,050,,2,,,2,,,1,01,7860,,,,,,4,6111,1,,0,2545,4,24000,24000,056,214,,,1,2,2,1,1000,001,0,0,0,0,1,0,0,1,0,,,,,259040,,1,0,0,0,0,0,0,0,0,0,0,0,0,0,0,0,0,0,0,0,0,0,0,0,0,0,,0,,0,,0,0,0,0,0,0,0,0,0,0,0,0,0,0,0,0,0,0,0,0,0,0,0,0,0,0,0,0,0,0,0,0,0,0,0,0,0,0,0,0,0,0,0,0,0,0,0,239,247,137,162,156,270,44,221,170,52,42,56,127,243,56,161,123,120,141,254,132,170,236,223,42,156,166,148,46,120,119,152,186,134,187,44,199,39,42,134,219,241,110,161,144,247,39,300,155,44,34,44,126,228,43,152,171,131,116,237,143,151,231,221,47,180,148,159,48,178,143,147,252,154,111,40,233,39,48,132
P,2023HU0040591,8,02,00400,4,56,1019518,56,78,1,,,2,2,2,2,2,,,2,,,2,,,0,2,2,1,2,2,2,2,0,,,,2,2,2,2,1,2,1965,1,4,,,,,,,,,2,5,2,2,3,0,0,29,0,1,,16,0,2,0,19200,0,,3,,2,,2,924,032,,2,,,6,,,1,01,,,,,,,3,,1,,0,,4,0,19200,056,214,,,2,1,2,1,1000,001,0,0,0,0,1,0,0,1,0,,,,,,,1,0,0,0,0,0,0,0,0,0,0,0,0,0,0,0,0,0,0,0,0,0,0,0,0,0,0,0,,0,,0,0,0,0,0,0,0,0,0,0,0,0,0,0,0,0,0,0,0,0,0,0,0,0,0,0,1,0,0,0,0,0,0,0,0,0,0,0,0,0,1,0,0,0,0,0,0,59,76,78,57,37,129,18,70,63,23,13,20,68,75,13,90,48,47,58,113,75,87,101,108,13,61,43,50,15,40,42,53,104,71,58,14,78,11,16,60,116,132,52,62,48,115,18,132,63,16,7,12,64,95,13,69,44,58,45,94,50,77,111,57,17,58,56,37,15,69,42,59,57,56,33,13,97,17,28,40
P,2023HU0040632,8,01,00100,4,56,1019518,60,86,1,,,2,1,2,2,1,,,2,,,2,,,2,1,1,1,2,2,2,2,0,,,,2,2,2,2,1,2,1959,1,4,,,,,,,,,2,3,2,2,2,0,0,20,25500,1,,18,0,2,0,13600,0,,3,,2,,1,022,999,,1,,,6,,,1,01,,,,,,,3,,1,,0,,4,0,39100,056,271,,,1,1,2,1,1000,001,0,0,0,0,1,0,0,1,0,,,,,,,1,0,0,0,0,0,0,0,0,0,0,0,0,0,0,0,0,0,0,0,0,0,1,0,1,0,0,0,,1,,1,1,1,0,0,0,0,0,0,0,0,0,0,0,0,0,0,0,0,0,0,0,0,1,0,0,1,0,0,1,1,0,0,0,0,0,0,0,0,1,0,0,0,0,0,0,0,18,23,119,85,17,95,100,65,45,19,80,60,53,64,17,65,70,111,89,57,26,20,85,85,18,118,139,63,44,14,64,72,57,56,21,64,38,82,109,52,96,108,15,61,149,19,22,54,61,102,49,60,87,52,105,79,60,17,18,62,107,89,21,55,95,23,17,85,83,74,64,69,54,85,105,46,76,15,16,56
P,2023HU0041393,8,01,00100,4,56,1019518,415,42,1,,1,2,2,2,2,2,,,2,,2,2,,,0,1,2,2,2,2,2,2,0,10,1,01,2,1,2,2,1,2,2010,1,4,,,,,,,,,3,5,3,3,3,0,0,20,0,1,,21,0,2,0,0,95000,45,1,52,1,,1,050,999,,2,1,,1,1303,,1,01,7590,090,049,,,,1,5614,1,,0,0120,3,95000,95000,013,350,00100,056,1,2,3,1,1000,001,0,0,0,0,1,0,0,1,0,2,2,,,113031,,1,0,0,0,0,0,0,0,0,0,0,0,0,0,0,0,0,0,0,0,0,0,0,0,0,0,,0,,0,,0,0,0,0,0,0,0,0,0,0,0,0,0,0,0,0,0,0,0,0,0,0,0,0,0,0,0,0,0,0,0,0,0,0,0,0,0,0,0,0,0,0,0,0,0,0,0,680,373,233,115,362,590,437,420,457,648,449,143,445,352,709,351,147,338,129,474,688,376,184,131,542,531,468,420,422,595,403,130,543,381,678,432,137,345,219,659,555,402,99,162,568,386,398,461,418,632,407,129,748,352,615,406,104,584,148,827,563,406,145,152,387,364,293,370,498,593,373,135,864,500,493,530,163,429,133,596
P,2023HU0041393,8,02,00100,4,56,1019518,415,46,1,,2,2,2,2,2,2,,,2,,,2,,,0,1,2,2,2,2,2,2,0,10,1,01,2,1,2,2,1,2,2010,1,4,,,,,,,,,3,5,3,3,3,0,0,21,0,1,,21,0,1,0,0,10000,50,1,52,1,,1,050,999,,2,1,,1,1303,,1,01,7470,096,055,,,,1,5418,1,,0,4800,,10000,10000,047,350,00100,056,1,2,2,1,1000,001,0,0,0,0,1,0,0,1,0,2,2,,,413011,,1,0,0,0,0,0,0,0,0,0,0,0,0,0,0,0,0,0,0,0,0,0,0,0,0,0,,0,,0,,0,0,0,0,0,0,0,0,0,0,0,0,0,0,0,0,0,0,0,0,0,0,0,0,0,0,0,0,0,0,0,0,0,0,0,0,0,0,0,0,0,0,0,0,0,0,0,653,422,207,115,485,581,524,496,441,607,432,132,404,382,635,354,147,300,173,591,500,372,146,178,464,451,437,392,392,572,478,173,813,458,646,424,97,357,142,685,456,380,129,256,529,330,444,489,298,447,489,192,759,466,597,431,105,462,148,711,498,520,126,142,389,504,358,359,568,560,367,145,712,458,489,429,112,410,163,477
P,2023HU0041393,8,03,00100,4,56,1019518,371,9,1,,,2,2,2,,2,,,2,,,,,,0,1,2,2,2,2,2,2,,,,,2,5,,,,,,1,,,,,,,,,,,,,,,,,25,,2,05,05,,1,,,,,,,,,1,050,999,,2,,1,,,,1,01,,,,,,,,,1,1,1,,,,,056,350,,,1,2,1,1,1000,001,0,0,0,0,1,0,0,1,1,,,,,,,1,0,0,0,0,0,0,0,0,0,0,0,0,0,0,0,0,0,0,0,0,0,0,0,0,0,,0,,0,,0,0,0,0,0,0,0,0,0,0,0,0,0,0,0,0,0,0,0,0,0,0,0,0,0,0,0,0,0,0,0,0,0,0,0,0,0,0,0,0,0,0,0,0,0,0,0,570,399,180,132,281,409,475,396,388,603,395,135,443,312,528,341,130,305,119,394,513,367,191,130,427,476,447,424,377,476,338,152,559,359,532,366,115,267,145,592,489,356,96,159,412,343,335,390,326,508,353,123,630,360,506,391,120,514,128,586,487,363,142,124,379,387,289,270,448,498,323,175,643,417,501,391,136,332,144,485
P,2023HU0041393,8,04,00100,4,56,1019518,372,5,1,,,2,2,2,,2,,,2,,,,,,0,1,2,2,2,2,2,2,,,,,2,5,,,,,,1,,,,,,,,,,,,,,,,,25,,2,02,02,,1,,,,,,,,,1,050,999,,2,,1,,,,1,01,,,,,,,,,1,1,1,,,,,056,350,,,1,2,2,1,1000,001,0,0,0,0,1,0,0,1,1,,,,,,,1,0,0,0,0,0,0,0,0,0,0,0,0,0,0,0,0,0,0,0,0,0,0,0,0,0,,0,,0,,0,0,0,0,0,0,0,0,0,0,0,0,0,0,0,0,0,0,0,0,0,0,0,0,0,0,0,0,0,0,0,0,0,0,0,0,0,0,0,0,0,0,0,0,0,0,0,570,399,181,132,281,408,475,398,387,604,396,134,443,313,527,340,130,305,121,396,514,368,190,130,427,476,446,426,375,477,338,151,559,360,531,366,116,267,145,592,488,356,97,158,413,344,335,390,328,509,353,123,631,360,504,391,120,515,131,586,488,363,141,125,378,388,291,270,448,497,323,174,643,417,503,391,134,331,144,483
P,2023HU0041455,8,01,00400,4,56,1019518,80,22,1,,1,2,2,2,2,2,,,2,,2,,,,0,2,2,2,2,2,2,2,0,,,,2,5,,,,,,3,4,,,,,,,,,3,5,3,3,3,0,0,20,0,1,,18,0,2,0,0,0,,2,,,,4,999,999,,2,,,6,,,2,01,8680,,,,00100,056,6,722Z,1,,0,4110,4,0,0,036,0,,,2,2,4,1,1000,001,0,0,0,0,1,0,0,1,0,,,,,353031,,1,0,0,1,0,1,1,1,1,1,1,1,0,0,1,0,1,1,0,0,0,0,1,0,1,1,,1,,1,,1,1,1,0,1,1,0,0,0,0,0,1,1,0,0,0,0,0,1,1,0,1,1,1,1,1,1,1,0,1,1,0,0,1,0,1,1,1,0,1,1,1,0,1,0,0,0,149,27,20,90,96,96,110,96,22,64,24,19,127,75,117,68,97,170,72,81,172,22,24,112,71,67,136,105,24,78,23,29,157,67,160,97,100,160,81,68,185,39,26,67,95,80,132,99,21,74,23,16,140,75,144,80,78,114,69,77,139,25,28,95,102,81,190,64,22,81,26,29,145,69,127,86,109,113,86,66
P,2023HU0041455,8,02,00400,4,56,1019518,102,21,1,,1,2,2,2,2,2,,,2,,2,,,,0,1,2,2,2,2,2,2,0,10,1,01,2,5,,,,,,3,4,,,,,,,,,3,5,3,3,3,0,0,34,0,2,15,16,0,2,0,0,33000,40,1,52,,,4,999,999,,2,1,,1,,,1,01,5392,093,052,,00100,056,6,4552,1,,0,4055,4,33000,33000,008,213,00400,056,1,2,3,1,1000,001,0,0,0,0,1,0,0,1,0,,,,,353023,,1,0,0,1,0,1,1,1,1,1,1,1,0,0,1,0,1,1,0,0,0,0,1,0,1,1,,1,,1,,1,1,1,0,1,1,1,1,1,1,0,1,1,0,0,0,0,0,1,1,0,1,1,1,1,1,1,1,1,1,1,1,0,1,1,1,1,1,0,1,1,1,1,1,1,0,0,179,48,29,110,132,103,131,109,33,76,31,26,180,107,154,95,115,146,74,82,225,24,31,159,90,75,174,142,27,102,32,36,218,96,183,90,111,217,109,100,238,47,23,92,139,109,172,84,25,95,22,22,193,108,211,109,98,119,89,95,165,37,43,158,107,73,220,86,26,104,35,35,136,95,151,96,159,146,116,76
P,2023HU0041455,8,03,00400,4,56,1019518,101,21,1,,1,2,2,2,2,2,,,2,,2,,,,2,2,1,2,2,2,2,2,0,3,1,01,2,5,,,,,,3,4,,,,,,,,,3,5,3,3,3,0,0,34,0,2,15,16,0,2,0,0,25000,40,1,2,,,4,999,999,,2,1,,1,,,1,01,7280,099,060,,00200,056,6,5412,1,,0,0800,4,25000,25000,056,161,00400,056,1,2,3,1,1000,001,0,0,0,0,1,0,0,1,0,,,,,132011,,1,0,0,1,0,1,1,1,1,1,1,1,0,0,1,0,1,1,0,0,0,0,1,1,1,1,,1,,1,,1,1,1,0,1,1,1,1,1,1,0,1,1,0,0,0,0,0,1,1,0,1,1,1,1,1,1,1,1,1,1,1,0,1,1,1,1,1,0,1,1,1,1,1,1,0,0,178,49,27,112,132,102,131,110,33,76,29,26,181,105,154,96,115,144,73,81,225,23,31,158,87,77,175,143,28,103,33,37,218,96,184,89,111,218,110,99,239,46,23,93,139,109,171,84,23,95,21,21,192,106,211,109,98,120,89,94,163,36,41,156,107,72,219,87,28,102,35,34,135,95,150,97,161,146,117,76
P,2023HU0041876,8,01,00100,4,56,1019518,37,68,1,,,2,1,2,2,2,,,2,,,2,,,2,2,1,1,2,2,2,2,0,,,,2,1,2,2,1,2,1976,1,4,,,,,,,,,2,5,2,2,3,0,0,20,0,1,,19,0,1,0,30000,0,,3,,2,,1,051,999,,1,,,6,,,1,01,,,,,,,1,,1,,0,,,0,30000,056,233,,,1,1,3,1,1000,001,0,0,0,0,1,0,0,1,0,,,,,,,1,0,0,0,0,0,0,0,0,0,0,0,0,0,0,0,0,0,0,0,0,0,1,0,1,0,0,0,,1,,1,1,1,0,0,0,0,0,0,0,0,0,0,0,0,0,0,0,0,0,0,0,0,0,0,0,0,0,0,1,1,0,0,0,0,0,0,0,0,0,0,0,0,0,0,0,0,37,30,30,33,47,63,10,66,27,39,11,10,15,31,35,96,9,32,50,12,62,82,10,10,39,50,44,30,48,13,37,37,45,67,15,54,32,55,34,35,31,44,29,28,60,55,11,66,43,52,10,12,14,34,40,112,13,44,64,12,50,60,13,9,38,49,35,31,58,10,38,34,40,44,10,36,33,79,29,34
P,2023HU0041876,8,02,00100,4,56,1019518,34,64,1,,6,2,2,2,2,2,,,2,,,2,,,0,2,2,2,2,2,2,2,0,,,,2,1,2,2,1,2,1976,1,4,,,,,,,,,2,5,2,2,3,0,0,21,0,1,,16,0,2,0,12000,0,,2,,2,,1,032,999,,2,,,6,,,2,01,8680,,,,,,1,722Z,1,,0,4000,4,0,12000,048,233,,,2,2,4,1,1000,001,0,0,0,0,1,0,0,1,0,,,,,351011,,1,0,0,0,0,0,0,0,0,0,0,0,0,0,0,0,0,0,0,0,0,0,0,0,0,0,,0,,0,,0,0,0,0,0,0,0,0,0,0,0,0,0,0,0,0,0,0,0,0,0,0,0,0,0,0,0,0,0,0,0,0,0,0,0,0,0,0,0,0,0,0,0,0,0,0,0,31,28,36,31,43,73,10,67,30,30,8,12,12,29,47,83,10,31,41,9,49,79,9,10,44,44,35,32,55,11,31,36,31,61,17,50,37,67,32,31,28,38,24,29,55,54,11,63,42,41,10,10,14,29,42,136,11,40,56,10,49,64,10,9,35,59,34,27,56,11,36,30,37,55,8,32,30,81,27,32
P,2023HU0042623,8,01,00400,4,56,1019518,114,35,1,,1,2,2,2,2,2,,,2,,,2,,,2,1,1,2,2,2,2,2,0,15,1,01,2,1,2,2,1,2,2013,1,4,,,,,,,,,3,5,3,3,3,0,0,20,0,1,,21,0,1,0,0,100000,48,1,52,1,,1,195,999,,2,1,,1,4101,,1,01,2570,063,021,,,,1,327M,1,,0,8990,,100000,100000,056,364,00400,056,1,2,4,1,1000,001,0,0,0,0,1,0,0,1,0,2,2,,,5191XX,,1,0,0,0,0,0,0,0,0,0,0,0,0,0,0,0,0,0,0,0,0,0,0,0,0,0,,0,,0,,0,0,0,0,0,0,0,0,0,0,0,0,0,0,0,0,0,0,0,0,0,0,0,0,0,0,0,0,0,0,0,0,0,0,0,0,0,0,0,0,0,0,0,0,0,0,0,257,34,131,120,115,54,93,117,102,75,34,94,86,24,241,109,175,181,110,85,195,32,160,73,121,57,104,192,131,46,30,113,113,27,174,98,199,272,131,84,243,54,120,87,108,34,129,211,129,35,35,115,119,24,185,136,188,189,120,96,125,33,82,86,123,39,163,243,130,32,41,114,170,30,160,133,167,228,99,105
P,2023HU0042623,8,02,00400,4,56,1019518,103,35,1,,1,2,2,2,2,2,,,2,,2,2,,,0,1,2,2,2,2,2,2,0,15,1,01,2,1,2,2,1,2,2013,1,4,,,,,,,,,3,5,3,3,3,0,0,21,0,1,,19,0,2,0,0,44000,40,1,52,1,,1,195,999,,2,1,,1,,,1,01,6992,091,049,,,,1,5242,1,,0,0860,3,44000,44000,025,364,00400,056,1,2,3,1,1000,001,0,0,0,0,1,0,0,1,0,,,,,132053,,1,0,0,0,0,0,0,0,0,0,0,0,0,0,0,0,0,0,0,0,0,0,0,0,0,0,,0,,0,,0,0,0,0,0,0,0,0,0,0,0,0,0,0,0,0,0,0,0,0,0,0,0,0,0,0,0,0,0,0,0,0,0,0,0,0,0,0,0,0,0,0,0,0,0,0,0,185,24,114,103,132,39,99,144,77,33,48,86,115,25,172,112,109,185,112,76,167,27,144,77,116,45,82,186,92,30,33,105,126,24,158,89,162,267,133,84,162,36,115,81,113,32,114,172,105,28,29,87,108,19,173,132,153,204,108,66,154,39,84,83,101,42,118,169,125,38,35,101,132,26,157,131,208,241,74,104
P,2023HU0042623,8,03,00400,4,56,1019518,89,11,1,,,2,2,2,,2,,,2,,,,,,0,1,2,2,2,2,2,2,,,,,2,5,,,,,,1,,,,,,,,,,,,,,,,,25,,2,08,09,,1,,,,,,,,,1,195,999,,2,,1,,,,1,01,,,,,,,,,1,1,1,,,,,056,364,,,1,2,2,1,1000,001,0,0,0,0,1,0,0,1,1,,,,,,,1,0,0,0,0,0,0,0,0,0,0,0,0,0,0,0,0,0,0,0,0,0,0,0,0,0,,0,,0,,0,0,0,0,0,0,0,0,0,0,0,0,0,0,0,0,0,0,0,0,0,0,0,0,0,0,0,0,0,0,0,0,0,0,0,0,0,0,0,0,0,0,0,0,0,0,0,169,24,82,80,97,43,74,107,68,38,41,88,122,26,122,87,90,172,103,61,138,20,145,53,86,40,89,141,77,32,32,112,102,22,146,73,144,184,106,72,171,37,104,82,94,23,90,125,98,23,26,79,90,17,159,114,145,134,88,86,105,29,64,85,106,31,90,135,106,25,29,63,110,24,132,142,143,179,87,67
P,2023HU0042623,8,04,00400,4,56,1019518,124,10,1,,,2,2,2,,2,,,2,,,,,,0,1,2,2,2,2,2,2,,,,,2,5,,,,,,1,,,,,,,,,,,,,,,,,25,,2,06,07,,2,,,,,,,,,1,195,999,,2,,1,,,,1,01,,,,,,,,,1,1,1,,,,,056,364,,,1,2,4,1,1000,001,0,0,0,0,1,0,0,1,1,,,,,,,1,0,0,0,0,0,0,0,0,0,0,0,0,0,0,0,0,0,0,0,0,0,0,0,0,0,,0,,0,,0,0,0,0,0,0,0,0,0,0,0,0,0,0,0,0,0,0,0,0,0,0,0,0,0,0,0,0,0,0,0,0,0,0,0,0,0,0,0,0,0,0,0,0,0,0,0,268,49,142,142,147,49,152,116,84,48,34,100,156,38,233,121,169,253,143,70,205,47,176,87,138,46,124,200,103,34,28,122,124,32,245,96,304,296,163,86,219,41,110,204,293,39,113,193,90,33,38,102,159,25,188,162,158,216,126,115,185,33,91,175,189,35,112,267,117,35,49,110,158,32,238,166,230,236,81,85
P,2023HU0042623,8,05,00400,4,56,1019518,88,7,1,,,2,2,2,,2,,,2,,,,,,0,1,2,2,2,2,2,2,,,,,2,5,,,,,,1,,,,,,,,,,,,,,,,,25,,2,05,06,,1,,,,,,,,,1,195,999,,2,,1,,,,1,01,,,,,,,,,1,1,1,,,,,056,364,,,1,2,2,1,1000,001,0,0,0,0,1,0,0,1,1,,,,,,,1,0,0,0,0,0,0,0,0,0,0,0,0,0,0,0,0,0,0,0,0,0,0,0,0,0,,0,,0,,0,0,0,0,0,0,0,0,0,0,0,0,0,0,0,0,0,0,0,0,0,0,0,0,0,0,0,0,0,0,0,0,0,0,0,0,0,0,0,0,0,0,0,0,0,0,0,168,23,84,81,97,43,72,107,68,39,40,88,122,26,121,88,90,174,104,61,138,19,145,52,86,41,89,142,79,33,32,111,101,22,147,73,145,185,108,72,171,36,104,82,92,24,90,125,97,23,26,79,90,19,161,114,144,132,88,86,104,29,63,84,106,32,91,137,107,25,28,62,110,26,132,142,144,179,88,67
P,2023HU0042623,8,06,00400,4,56,1019518,112,2,1,,,,2,2,,,,,,,,,,,0,1,2,2,2,2,2,2,,,,,,5,,,,,,1,,,,,,,,,,,,,,,,,25,,,,,,2,,,,,,,,,1,195,999,,2,,1,,,,1,01,,,,,,,,,1,1,1,,,,,008,364,,,1,2,2,1,1000,001,0,0,0,0,1,0,0,1,1,,,,,,,1,0,0,0,0,0,0,0,0,0,0,0,0,0,0,0,0,0,0,0,0,0,0,0,0,0,,0,,0,,0,0,0,0,0,0,0,0,0,0,0,0,0,0,0,0,0,0,0,0,0,0,0,0,0,0,0,0,0,0,0,0,0,0,0,0,0,0,0,0,0,0,0,0,0,0,0,269,26,109,194,197,48,113,141,99,40,33,77,115,29,244,113,218,211,98,68,180,31,145,126,143,43,90,175,85,34,22,99,147,29,245,77,188,332,153,109,247,47,91,106,158,36,106,197,97,23,35,107,99,28,174,176,185,156,112,78,145,48,102,101,117,39,103,171,109,46,35,131,166,46,217,139,216,226,81,107
P,2023HU0043151,8,01,00300,4,56,1019518,260,73,1,,,2,2,2,2,2,,,2,,,2,,,2,2,1,1,2,2,2,2,50000,,,,2,1,2,2,3,2,1984,1,4,,,,,,,,,2,5,2,2,3,0,0,20,0,1,,20,0,1,0,36000,0,,3,,2,,1,087,999,,2,,,6,,,1,01,,,,,,,1,,1,,0,,,0,86000,042,501,,,1,1,4,1,1000,001,0,0,0,0,1,0,0,1,0,,,,,,,1,0,0,0,0,0,0,0,0,0,0,0,0,0,0,0,0,0,0,0,0,0,0,1,0,0,0,0,,0,,0,0,0,0,0,1,0,0,0,0,0,0,0,0,0,0,0,0,0,0,0,0,0,0,0,0,1,0,0,0,0,0,0,0,0,0,0,0,0,0,0,0,0,0,0,0,0,309,222,94,281,353,94,74,414,312,284,290,270,424,258,260,191,86,321,77,109,247,274,473,224,87,475,405,93,297,210,79,226,79,284,218,240,411,267,380,84,248,222,399,235,66,374,410,70,229,239,125,258,94,310,285,336,432,218,347,368,366,266,81,290,390,100,69,411,287,290,429,275,356,236,262,226,98,262,80,437
P,2023HU0043151,8,02,00300,4,56,1019518,248,72,1,,,2,2,2,2,2,,,2,,,2,,,2,2,1,1,2,2,2,2,5000,,,,2,1,2,2,3,2,1984,1,4,,,,,,,,,2,5,2,2,3,0,0,21,0,1,,21,0,2,0,16000,0,,3,,2,,1,087,999,,2,,,6,2310,,1,01,,,,,,,1,,1,,0,,4,0,21000,056,501,,,1,1,3,1,1000,001,0,0,0,0,1,0,0,1,0,2,2,,,,,1,0,0,0,0,0,0,0,0,0,0,0,0,0,0,0,0,0,0,0,0,0,0,1,0,0,0,0,,0,,0,0,0,0,0,1,0,0,0,0,0,0,0,0,0,0,0,0,0,0,0,0,0,0,0,0,1,0,0,0,0,0,0,0,0,0,0,0,0,0,0,0,0,0,0,0,0,255,201,116,270,355,88,88,427,331,230,299,216,373,209,222,182,87,300,77,92,221,289,485,211,91,435,395,87,268,218,65,224,82,299,195,218,357,252,344,69,266,222,409,236,63,361,381,71,198,227,122,261,81,286,253,304,452,201,319,354,330,261,71,249,384,96,68,444,274,261,396,262,434,224,229,216,89,244,72,461
P,2023HU0043913,8,01,00300,4,56,1019518,225,36,1,,5,2,2,2,2,2,,2,2,,,2,,,0,2,2,1,1,2,2,2,3000,15,1,01,2,5,,,,,,1,3,,,,,,,,,3,5,3,2,3,0,0,20,0,1,,19,0,1,0,0,60000,60,1,52,,,4,999,999,,2,1,,4,,,1,01,9790,085,043,,,,6,92811P6,1,,0,9830,,60000,63000,056,401,00300,056,2,1,4,1,1000,001,0,0,0,0,1,0,0,1,0,,,,,559830,,1,0,0,0,0,1,0,0,0,1,1,0,0,1,0,0,1,0,0,0,0,0,0,0,0,0,0,0,0,0,,0,0,0,0,1,1,1,1,1,1,0,1,1,0,0,0,0,0,0,0,0,1,1,1,1,1,1,0,1,0,0,0,0,1,0,1,0,1,0,1,1,1,1,1,1,0,0,277,474,82,260,59,73,150,55,268,312,194,209,382,212,66,232,356,506,234,193,302,72,375,233,403,354,240,346,86,290,277,198,51,202,278,201,82,67,281,226,237,83,377,202,377,401,236,388,59,277,235,172,49,284,350,234,88,81,228,244,196,341,66,211,46,57,245,63,320,289,236,169,302,246,88,259,351,462,255,196
P,2023HU0043974,8,01,00300,4,56,1019518,65,35,1,,2,2,2,2,2,2,,,2,,,2,,,0,2,2,2,2,2,2,2,0,10,1,01,2,5,,,,,,1,4,,,,,,,,,3,5,3,3,3,0,0,20,0,1,,18,0,1,0,0,52000,40,1,52,1,,1,210,999,,2,1,,1,,,2,01,6380,072,031,,,,6,492,1,,0,5510,,52000,52000,032,339,00300,056,2,2,4,1,1000,001,0,0,0,0,1,0,0,1,0,,,,,435021,,1,0,0,0,0,0,0,0,0,0,0,0,0,0,0,0,0,0,0,0,0,0,0,0,0,0,,0,,0,,0,0,0,0,0,0,0,0,0,0,0,0,0,0,0,0,0,0,0,0,0,0,0,0,0,0,0,0,0,0,0,0,0,0,0,0,0,0,0,0,0,0,0,0,0,0,0,61,17,65,19,106,139,57,58,49,18,54,102,61,146,127,20,61,22,76,68,59,20,54,19,119,119,69,52,57,23,63,115,67,125,108,20,73,19,68,67,58,23,60,19,93,113,82,66,53,21,76,116,67,135,98,16,73,23,64,66,56,16,71,26,88,111,67,61,54,21,78,104,71,114,109,17,59,17,52,77
P,2023HU0043974,8,02,00300,4,56,1019518,110,34,1,,2,2,2,2,2,2,,,2,,,2,,,0,2,2,2,2,2,2,2,0,10,1,01,2,5,,,,,,1,4,,,,,,,,,3,5,3,3,3,0,0,34,0,1,,18,0,1,0,0,40000,40,1,52,1,,1,903,999,,2,1,,1,,,2,01,2970,036,007,,,,6,33299M,1,,0,7010,,40000,40000,039,261,00300,056,2,2,4,1,1000,001,0,0,0,0,1,0,0,1,0,,,,,492011,,1,0,0,0,0,0,0,0,0,0,0,0,0,0,0,0,0,0,0,0,0,0,0,0,0,0,,0,,0,,0,0,0,0,0,0,0,0,0,0,0,0,0,0,0,0,0,0,0,0,0,0,0,0,0,0,0,0,0,0,0,0,0,0,0,0,0,0,0,0,0,0,0,0,0,0,0,127,30,101,31,174,211,112,116,105,25,98,149,120,265,217,41,106,33,106,82,89,32,96,40,242,205,100,67,81,43,115,145,105,205,187,31,109,41,121,101,128,36,108,37,175,209,152,127,102,39,123,186,144,208,166,24,78,25,99,144,78,32,120,40,176,179,87,103,141,47,120,164,110,177,135,40,83,26,97,106
P,2023HU0044574,8,01,00100,4,56,1019518,90,58,1,,2,2,2,2,2,2,,,2,,,2,,,0,1,2,2,2,2,2,2,0,,,11,2,1,2,2,1,2,1986,3,4,,,,,,,,,2,5,2,2,3,0,0,20,58000,1,,19,0,1,0,0,15000,36,1,52,1,,2,091,142,,2,,,1,,,1,01,8191,,,,00500,031,1,622M,1,,0,3930,,15000,73000,031,501,00100,056,1,2,2,1,1000,001,0,0,0,0,1,0,0,1,0,,,,,339030,,1,0,0,0,0,0,0,0,0,0,0,0,0,0,0,0,0,0,0,0,0,0,0,0,0,0,,0,,0,,0,0,0,0,0,0,0,0,0,1,0,0,0,0,0,0,0,0,0,0,0,0,0,0,0,0,0,0,0,0,0,0,0,0,0,0,0,0,0,0,0,0,0,0,0,0,0,75,82,183,138,153,116,25,77,172,90,89,140,99,29,25,25,97,119,79,165,97,101,32,24,29,86,108,98,28,85,89,24,86,137,159,147,93,72,88,18,107,71,140,157,147,85,26,118,152,85,93,185,130,23,22,26,85,92,91,165,98,100,29,31,26,68,181,80,21,92,90,25,74,177,178,130,82,110,98,24
P,2023HU0044574,8,02,00100,4,56,1019518,90,58,1,,2,2,2,2,2,2,,,2,,,2,,,0,1,2,2,2,2,2,2,0,5,1,01,2,1,2,2,1,2,1986,3,4,,,,,,,,,3,5,3,3,3,0,0,21,0,1,,24,0,2,0,0,56000,36,1,28,1,,2,050,032,,2,1,,1,6104,6107,1,01,8090,089,049,,00500,031,1,6214,1,,0,3258,4,56000,56000,029,501,00100,056,1,2,1,1,1000,001,0,0,0,0,1,0,0,1,0,2,1,,,2911XX,,1,0,0,0,0,0,0,0,0,0,0,0,0,0,0,0,0,0,0,0,0,0,0,0,0,0,,0,,0,,0,0,0,0,0,0,0,0,0,0,0,0,0,0,0,0,0,0,0,0,0,0,0,0,0,0,0,0,0,0,0,0,0,0,0,0,0,0,0,0,0,0,0,0,0,0,0,82,96,211,178,147,111,23,68,139,90,98,143,102,33,24,26,86,131,83,143,85,111,28,24,40,77,110,91,27,89,101,26,97,156,138,178,90,70,93,20,78,74,138,163,173,89,26,103,192,88,117,210,109,26,22,29,81,94,99,173,88,104,29,35,28,73,154,73,21,96,97,26,85,178,154,135,73,102,99,26
P,2023HU0044685,8,01,00200,4,56,1019518,22,65,1,,2,2,2,2,2,2,,,2,,,2,,,0,2,2,1,2,2,2,2,0,25,1,01,2,1,2,2,2,2,1996,1,4,,,,,,,,,2,5,2,2,3,0,0,20,3500,1,,21,0,2,0,0,81000,55,1,52,1,,2,021,022,,2,1,,1,6107,,1,01,8191,078,034,,,,1,622M,1,,0,0350,4,81000,84500,020,501,00200,056,2,1,4,1,1000,001,0,0,0,0,1,0,0,1,0,2,1,,,119111,,1,0,0,0,0,0,0,0,0,0,0,0,0,0,0,0,0,0,0,0,0,0,0,0,0,0,0,0,,0,,0,0,0,0,0,0,1,1,1,1,0,0,0,0,0,0,0,0,0,0,0,0,0,0,0,0,0,0,1,0,0,0,0,0,0,0,0,0,0,0,0,0,0,0,0,0,0,5,24,20,23,29,29,37,38,37,16,8,24,39,23,21,36,21,6,5,46,39,17,19,19,28,25,9,7,5,25,33,20,5,20,20,5,28,37,39,38,35,22,22,22,20,20,9,6,5,35,39,24,6,26,22,6,20,38,43,6,5,21,22,20,21,16,40,48,35,18,7,25,39,22,20,37,21,6,8,6
P,2023HU0044685,8,02,00200,4,56,1019518,22,67,1,,1,2,2,2,2,2,,,2,,,2,,,0,2,2,1,2,2,2,2,0,3,1,01,2,1,2,2,2,2,1996,1,4,,,,,,,,,3,5,3,3,3,0,0,21,0,1,,16,0,1,0,19100,10000,50,1,52,1,,4,999,999,,2,1,,1,,,1,01,8770,094,055,,,,1,8111Z,1,,0,7150,,10000,29100,031,501,00200,056,2,1,2,1,1000,001,0,0,0,0,1,0,0,1,0,,,,,493021,,1,0,0,0,0,0,0,0,0,0,0,0,0,0,0,0,0,0,0,0,0,0,0,0,0,0,0,0,,0,,0,0,0,0,0,0,0,0,0,0,0,0,0,0,0,0,0,0,0,0,0,0,0,0,0,0,0,0,0,0,0,0,0,0,0,0,0,0,0,0,0,0,0,0,0,0,0,6,21,22,23,24,29,42,36,41,21,10,23,40,21,22,32,18,6,5,45,38,24,22,17,22,22,8,7,7,27,31,22,5,24,25,6,25,34,36,35,37,22,18,21,20,25,10,7,6,31,42,25,9,22,21,6,23,38,39,7,6,22,22,20,26,20,40,44,30,23,7,31,41,19,21,35,22,7,7,7
P,2023HU0046009,8,01,00100,4,56,1019518,17,66,1,,1,2,2,2,2,2,,,2,,,2,,,0,1,2,2,2,2,2,2,0,,,,2,1,2,2,2,2,2007,1,4,,,,,,,,,2,5,2,2,3,17000,0,20,30000,1,,18,0,2,0,0,0,,2,,2,,1,935,999,,2,,,6,,,1,01,5071,,,,,,1,45611,1,,0,4760,4,0,47000,027,501,,,1,2,1,1,1000,001,0,0,0,0,1,0,0,1,0,,,,,412031,,1,0,0,0,0,0,0,0,0,0,0,0,0,0,0,0,0,0,0,0,0,0,0,0,0,0,,0,,0,,0,0,0,0,0,0,0,0,0,0,0,0,0,0,0,0,0,0,0,0,0,0,0,0,0,0,0,0,0,0,0,0,0,0,0,0,0,0,0,0,0,0,0,0,0,0,0,18,21,6,14,30,4,4,34,12,20,22,24,38,18,15,13,7,22,5,5,15,14,33,19,4,25,32,5,13,22,5,17,7,21,14,23,31,13,29,25,20,21,5,13,33,4,3,34,13,15,25,29,37,22,16,12,6,17,6,4,18,15,33,17,5,29,25,5,17,15,5,25,7,22,20,17,26,13,34,28
P,2023HU0046009,8,02,00100,4,56,1019518,25,64,1,,1,2,2,2,2,2,,,2,,,2,,,0,1,2,2,2,2,2,2,0,5,1,01,2,1,2,2,3,2,2007,1,4,,,,,,,,,3,5,3,3,3,0,0,21,20000,1,,21,0,1,0,0,50000,40,1,52,1,,2,022,195,,2,1,,1,5004,,1,01,0470,092,052,,,,1,2123,1,,0,1935,,50000,70000,056,501,00100,056,1,2,4,1,1000,001,0,0,0,0,1,0,0,1,0,1,2,,,1940XX,,1,0,0,0,0,0,0,0,0,0,0,0,0,0,0,0,0,0,0,0,0,0,0,0,0,0,,0,,0,,0,0,0,0,0,0,0,0,0,0,0,0,0,0,0,0,0,0,0,0,0,0,0,0,0,0,0,0,0,0,0,0,0,0,0,0,0,0,0,0,0,0,0,0,0,0,0,25,26,5,24,39,6,7,46,32,31,44,30,60,28,22,20,7,35,8,7,18,19,45,20,8,41,47,9,19,24,7,21,9,33,27,41,46,27,50,43,28,23,7,22,48,7,6,41,31,34,37,35,56,32,25,18,7,31,9,7,26,20,36,23,11,50,51,9,20,16,6,38,8,32,36,23,43,21,43,32
P,2023HU0046792,8,01,00100,4,56,1019518,243,73,1,,,2,2,2,2,2,,,2,,,2,,,2,2,1,1,2,2,2,2,0,,,,2,1,2,2,1,2,1972,1,4,,,,,,,,,2,5,2,2,3,0,0,20,2000,1,,21,0,2,0,6000,0,,3,,2,,2,022,050,,2,,,6,2304,,1,01,,,,,,,1,,1,,0,,4,0,8000,039,322,,,1,1,2,1,1000,001,0,0,0,0,1,0,0,1,0,2,2,,,,,1,0,0,0,0,0,0,0,0,0,0,0,0,0,0,0,0,0,0,0,0,0,0,0,0,0,0,0,,0,,0,0,0,0,0,0,0,0,0,0,0,0,0,0,0,0,0,0,0,0,0,0,0,0,0,0,0,1,0,0,0,0,0,0,0,0,0,0,0,0,0,0,0,0,0,0,0,77,215,257,280,343,364,219,348,75,446,77,217,71,71,292,272,250,260,214,242,272,446,80,83,201,257,445,292,285,222,212,427,275,203,69,73,347,379,69,90,356,270,257,268,74,62,202,71,377,76,341,263,450,311,222,268,249,223,209,263,204,57,387,342,234,271,79,267,249,327,302,86,191,202,308,362,114,112,462,366
P,2023HU0046792,8,02,00100,4,56,1019518,223,74,1,,7,2,2,2,2,2,,2,2,,,2,,,2,2,1,1,2,2,1,2,0,20,1,01,2,1,2,2,1,2,1972,1,2,0,0,0,1,0,0,0,0,3,5,3,3,3,0,0,21,22200,1,,18,0,1,0,0,27700,30,1,50,1,,1,088,999,,2,1,,1,,,1,01,0180,089,046,,,,1,112,1,,0,0205,,27700,49900,039,322,00100,056,1,1,2,1,1000,001,0,0,0,0,1,0,0,1,0,,,,,119013,06,1,0,0,0,0,0,0,0,0,0,0,0,0,0,0,0,0,0,0,0,0,0,0,0,0,0,0,0,,0,,0,0,0,0,0,1,1,0,0,0,0,0,0,1,1,1,1,1,0,0,0,0,0,0,0,0,1,1,0,0,0,0,0,0,0,0,0,0,0,0,0,0,0,0,0,0,0,72,188,212,222,290,338,219,343,60,442,87,212,65,67,279,266,227,238,196,225,215,366,83,73,175,228,440,283,255,222,194,362,285,230,65,65,344,357,67,74,284,237,226,229,65,65,204,71,367,84,306,212,392,300,206,262,256,194,161,216,200,55,321,280,221,282,72,260,228,316,278,82,187,202,342,323,101,111,402,307
P,2023HU0047244,8,01,00400,4,56,1019518,61,80,1,,,2,1,2,2,2,,,2,,,2,,,0,1,2,1,2,2,2,2,0,,,,2,1,2,2,1,2,1962,1,4,,,,,,,,,2,5,2,2,3,0,0,20,6500,1,,21,0,2,0,11100,0,,3,,2,,2,022,094,,1,,,6,2312,,1,01,,,,,,,1,,1,,0,,4,0,17600,040,399,,,1,1,1,1,1000,001,0,0,0,0,1,0,0,1,0,2,2,,,,,1,0,0,0,0,0,0,0,0,0,0,0,0,0,0,0,0,0,0,0,0,0,0,0,0,0,0,0,,0,,0,0,0,0,0,0,0,0,0,0,0,0,0,0,0,0,0,0,0,0,0,0,0,0,0,0,0,0,0,0,0,0,0,0,0,0,0,0,0,0,0,0,0,0,0,0,0,102,12,97,102,12,68,41,39,88,15,59,60,53,86,58,114,71,62,83,34,53,18,85,122,16,37,88,26,73,15,48,91,55,121,46,105,61,51,78,117,68,120,31,27,110,55,66,74,83,78,56,49,57,20,86,22,57,72,16,70,49,86,17,13,112,89,64,104,51,82,59,71,73,12,63,19,66,49,16,21
P,2023HU0047244,8,02,00400,4,56,1019518,59,82,1,,,1,1,1,1,1,,2,2,,,2,,,0,1,2,1,2,2,2,2,0,,,,2,1,2,2,1,2,1962,1,2,0,0,0,0,1,0,0,0,2,5,2,2,3,0,0,21,48000,1,,22,0,1,0,7800,0,,3,,2,,2,032,094,,1,,,6,2406,2410,1,01,,,,,,,1,,1,,0,,,0,55800,029,399,,,1,1,4,9,9000,017,1,0,0,0,2,0,0,1,0,1,2,,,,13,1,0,0,0,0,0,0,0,0,0,0,0,0,0,0,0,0,0,0,0,0,0,0,0,0,0,0,0,,0,,0,0,0,0,0,0,0,0,0,0,0,0,0,0,0,0,0,0,0,0,0,0,0,0,0,0,0,0,0,0,0,0,0,0,0,0,0,0,0,0,0,0,0,0,0,0,0,69,13,117,91,13,54,84,29,104,14,66,66,54,85,68,82,37,74,113,26,45,25,83,114,24,39,56,18,89,21,25,76,40,133,107,90,43,72,81,52,85,98,21,21,89,45,52,84,48,110,65,93,55,18,99,34,61,54,15,75,48,65,23,9,74,92,51,119,59,107,79,95,112,10,52,24,60,55,38,28
P,2023HU0047369,8,01,00500,4,56,1019518,30,44,1,,1,2,2,2,2,2,,,1,,2,2,,,0,1,2,2,2,2,2,2,0,,,11,2,1,2,2,1,2,1996,1,4,,,,,,,,,3,5,3,3,3,0,0,20,0,1,,20,0,2,0,0,60000,28,1,52,,,4,999,999,,1,,,1,,,1,01,7980,,,,,,1,6212,1,,0,3310,2,60000,60000,056,501,00500,056,1,2,4,1,1000,001,0,0,0,0,1,0,0,1,0,,,,,291292,,1,1,0,0,0,1,1,1,1,1,1,1,0,0,1,0,1,1,0,0,0,0,1,0,1,1,,1,,1,,1,1,1,0,1,1,0,0,0,1,0,1,0,1,1,1,1,1,1,0,0,1,1,1,1,1,1,1,0,1,1,0,0,1,0,0,0,1,0,1,1,1,1,1,1,0,0,30,30,50,41,7,28,38,66,29,32,46,9,28,9,8,28,11,53,26,34,32,32,8,28,50,31,10,10,27,34,9,40,31,53,38,34,59,9,28,27,37,28,9,30,46,28,12,9,31,34,13,65,27,39,47,26,50,6,32,28,28,28,59,38,11,32,62,57,30,27,51,10,26,9,9,21,6,46,36,34
P,2023HU0047369,8,02,00500,4,56,1019518,32,50,1,,1,2,2,2,2,2,,,2,,,2,,,0,1,2,2,2,2,2,2,0,20,1,01,2,1,2,2,1,2,1996,1,4,,,,,,,,,3,5,3,3,3,0,0,21,0,3,15,18,0,1,0,0,120000,50,1,52,,,4,999,999,,2,1,,1,,,1,01,4670,089,046,,,,1,4411,1,,0,4760,,120000,120000,017,501,00500,056,1,2,3,1,1000,001,0,0,0,0,1,0,0,1,0,,,,,412031,,1,1,0,0,0,1,1,1,1,1,1,1,0,0,1,0,1,0,0,0,0,0,1,0,1,1,,1,,1,,1,1,1,0,1,1,1,1,1,1,0,1,0,1,1,1,1,1,1,0,0,1,1,1,1,1,1,1,1,1,1,0,0,1,1,0,1,1,0,1,1,1,1,1,1,0,0,38,29,59,47,10,31,41,59,36,27,59,8,35,12,9,36,10,48,28,37,42,26,8,42,62,35,12,10,37,28,8,41,41,56,31,38,54,8,31,31,57,37,9,43,39,34,15,8,33,43,14,76,34,50,45,35,48,7,37,33,29,35,51,38,8,35,64,54,30,28,38,12,33,8,13,25,6,51,33,38
P,2023HU0047369,8,03,00500,4,56,1019518,40,13,1,,,2,2,2,,2,,,2,,,,,,0,1,2,2,2,2,2,2,,,,,2,5,,,,,,1,,,,,,,,,,,,,,,,,25,,2,09,09,,1,,,,,,,,,4,999,999,,2,,1,,,,1,01,,,,,,,,,1,1,1,,,,,056,501,,,1,2,4,1,1000,001,0,0,0,0,1,0,0,1,1,,,,,,,1,0,0,0,0,0,1,1,1,1,0,1,0,0,1,0,0,0,0,0,0,0,1,0,1,1,,1,,1,,1,1,1,0,0,0,0,0,0,0,0,1,0,0,0,0,0,0,1,0,0,0,0,0,0,0,0,1,0,1,1,0,0,0,1,1,1,0,0,0,0,0,0,0,0,0,0,46,43,59,64,10,31,58,94,48,40,63,12,43,12,11,33,9,57,29,51,61,39,10,37,57,46,13,13,62,52,11,60,47,70,49,41,59,13,45,33,44,33,17,36,61,40,15,12,37,41,14,90,30,55,78,41,89,12,48,33,38,41,82,58,14,41,85,88,31,36,83,12,35,11,16,37,9,53,39,43
P,2023HU0047398,8,01,00200,4,56,1019518,59,76,1,,,2,2,2,1,1,,2,2,,,2,,,2,2,1,1,2,2,1,2,15600,,,,2,2,2,2,1,2,1992,1,2,0,0,0,1,0,0,0,0,2,5,2,2,3,0,0,20,28300,1,,20,0,2,0,23900,0,,3,,2,,1,050,999,,1,,,6,,,1,01,,,,,,,3,,1,,0,,4,0,67800,046,473,,,1,1,4,1,1000,001,0,0,0,0,1,0,0,1,0,,,,,,06,1,0,0,0,0,0,1,0,0,1,1,1,0,0,1,0,0,0,0,0,0,0,0,0,0,0,0,0,,0,,0,0,0,0,0,0,0,0,0,0,0,0,1,1,1,1,1,1,0,0,0,0,0,0,0,0,0,1,0,0,0,0,0,0,0,0,0,0,0,0,0,0,0,0,0,0,0,112,19,96,107,20,28,55,46,116,60,55,41,84,125,39,55,17,10,67,51,96,16,53,113,29,20,89,98,131,93,50,61,52,79,31,43,25,22,62,52,112,16,60,93,12,19,64,74,126,54,80,46,70,122,49,65,17,13,76,63,104,23,83,101,18,23,72,69,87,76,50,42,55,77,31,56,39,18,68,39
P,2023HU0047849,8,01,00100,4,56,1019518,16,81,1,,,2,2,2,2,2,,,2,,,2,,,2,2,1,1,2,2,2,2,6000,,,,2,2,2,2,2,2,1982,1,4,,,,,,,,,2,5,2,2,3,0,0,20,0,1,,21,0,2,0,12000,0,,3,,2,,1,050,999,,2,,,6,2304,,1,01,,,,,,,3,,1,,0,,4,0,18000,056,124,,,1,1,4,1,1000,001,0,0,0,0,1,0,0,1,0,2,2,,,,,1,0,0,0,0,0,0,0,0,0,0,0,0,0,0,0,0,0,0,0,0,0,0,0,0,0,0,0,,0,,0,0,0,0,0,0,0,0,0,0,0,0,0,0,0,0,0,0,0,0,0,0,0,0,0,0,0,0,0,0,0,0,0,0,0,0,0,0,0,0,0,0,0,0,0,0,0,14,4,4,3,4,12,4,17,4,16,12,13,19,4,3,15,17,3,15,13,24,14,13,15,13,30,18,23,17,29,22,30,34,17,15,27,25,12,25,28,17,25,30,28,22,14,24,13,30,16,13,12,14,24,24,14,16,27,17,16,5,13,10,16,11,4,14,4,16,5,5,5,4,12,13,4,4,18,7,5
P,2023HU0048550,8,01,00200,4,56,1019518,14,34,1,,1,2,2,2,2,2,,2,2,,,2,,,0,1,2,2,2,2,2,2,0,3,1,01,2,5,,,,,,3,2,1,0,0,0,0,0,0,0,3,5,3,3,3,0,0,20,0,1,,19,0,1,0,0,65000,55,1,52,1,,4,999,999,,2,1,,1,,,1,01,0770,073,034,,00200,056,6,23,1,,0,6305,,65000,65000,010,418,00200,056,1,2,1,2,3000,002,0,0,1,0,1,0,0,0,0,,,,,472070,01,1,0,0,0,0,0,0,0,0,0,0,0,0,0,0,0,0,0,0,0,0,0,0,0,0,0,,0,,0,,0,0,0,0,0,0,0,0,0,0,0,0,0,0,0,0,0,0,0,0,0,0,0,0,0,0,0,0,0,0,0,0,0,0,0,0,0,0,0,0,0,0,0,0,0,0,0,26,33,21,11,7,20,8,14,34,2,15,27,19,24,5,3,1,7,3,21,17,27,11,18,11,29,20,29,40,19,10,12,19,15,4,3,53,46,3,13,27,14,29,18,5,23,10,16,14,3,34,12,9,25,7,9,34,14,6,33,21,17,21,39,6,26,24,11,12,11,14,4,19,18,1,6,26,14,5,10
P,2023HU0048742,8,01,00100,4,56,1019518,350,61,1,,1,2,2,2,2,2,,,2,,,2,,,0,2,2,2,2,2,2,2,0,7,1,01,2,2,2,2,3,2,2012,1,4,,,,,,,,,3,5,3,3,3,0,0,20,12000,1,,20,0,2,0,0,35000,40,1,52,1,,1,032,999,,2,1,,1,,,2,01,8191,089,049,,,,3,622M,1,,0,4230,4,35000,47000,038,421,00100,056,2,2,2,1,1000,001,0,0,0,0,1,0,0,1,0,,,,,372012,,1,0,0,0,0,0,0,0,0,0,0,0,0,0,0,0,0,0,0,0,0,0,0,0,0,0,,0,,0,,0,0,0,0,0,0,0,0,0,0,0,0,0,0,0,0,0,0,0,0,0,0,0,0,0,0,0,0,0,0,0,0,0,0,0,0,0,0,0,0,0,0,0,0,0,0,0,518,322,425,137,101,290,382,305,631,382,105,310,117,153,539,369,562,399,423,426,474,290,582,95,124,314,374,434,597,311,111,277,142,144,441,390,433,261,368,374,624,398,459,116,123,308,338,319,659,339,103,341,160,125,674,389,519,301,277,406,454,332,614,112,99,318,478,346,527,413,137,317,94,127,506,330,485,304,437,416
P,2023HU0048742,8,02,00100,4,56,1019518,345,25,1,,5,2,2,2,2,2,,,2,,,,,,0,2,2,2,2,2,2,2,0,5,1,01,2,5,,,,,,1,4,,,,,,,,,3,5,3,3,3,0,0,25,0,1,,16,0,1,0,0,29000,30,1,52,1,,1,032,999,,2,1,,1,,,2,01,6370,080,040,,,,6,491,1,,0,5550,,29000,29000,056,421,00100,056,2,2,1,1,1000,001,0,0,0,0,1,0,0,1,0,,,,,435052,,1,0,0,0,0,0,0,0,0,0,0,0,0,0,0,0,0,0,0,0,0,0,0,0,0,0,,0,,0,,0,0,0,0,0,0,0,0,0,0,0,0,0,0,0,0,0,0,0,0,0,0,0,0,0,0,0,0,0,0,0,0,0,0,0,0,0,0,0,0,0,0,0,0,0,0,0,365,251,468,128,173,366,302,421,528,629,80,331,138,135,482,379,522,460,397,388,469,328,553,88,98,271,482,457,460,326,121,264,170,181,441,413,411,227,299,378,490,319,511,164,138,406,282,401,566,389,93,215,187,161,458,404,554,312,210,441,427,343,639,112,136,275,483,421,474,389,137,233,82,121,498,527,447,212,430,335
P,2023HU0048742,8,03,00100,4,56,1019518,270,24,1,,1,2,2,2,2,2,,,2,,,,,,0,2,2,2,2,2,2,2,0,,,,2,5,,,,,,1,4,,,,,,,,,2,5,2,2,3,0,0,25,0,1,,17,0,1,0,0,21000,40,1,28,2,,1,032,999,,2,,,6,,,2,01,0770,,,,,,6,23,1,,0,6515,,21000,21000,056,421,,,2,2,1,1,1000,001,0,0,0,0,1,0,0,1,0,,,,,472181,,1,0,0,0,0,0,0,0,0,0,0,0,0,0,0,0,0,0,0,0,0,0,0,0,0,0,,0,,0,,0,0,0,0,0,0,0,0,0,0,0,0,0,0,0,0,0,0,0,0,0,0,0,0,0,0,0,0,0,0,0,0,0,0,0,0,0,0,0,0,0,0,0,0,0,0,0,543,291,278,94,90,198,247,315,309,304,116,225,66,104,322,225,454,418,489,369,481,266,397,86,78,206,282,287,237,215,157,211,106,126,342,236,331,301,288,258,354,331,375,75,99,240,407,420,427,267,72,174,138,105,481,480,378,209,209,205,326,272,415,89,81,194,449,530,447,283,106,194,84,92,395,380,369,204,262,383
P,2023HU0049063,8,01,00200,4,56,1019518,46,56,1,,,1,2,2,1,1,,,1,,,2,,,0,2,2,1,1,2,2,2,0,,,,2,2,2,2,2,2,1998,3,4,,,,,,,,,2,5,2,2,3,0,0,20,0,1,,20,0,2,8800,1400,0,,3,,2,,3,996,999,,1,,,6,,,1,01,,,,,00200,056,3,,1,,0,,4,0,10200,031,66,,,2,1,2,1,1000,001,0,0,0,0,1,0,0,1,0,,,,,,,1,0,0,0,0,0,0,0,0,0,0,0,0,0,0,0,0,0,0,0,0,0,0,0,0,0,0,0,1,0,,0,0,0,0,0,0,0,0,0,0,0,0,0,0,0,0,0,0,0,0,0,0,0,0,0,0,0,0,0,0,0,0,0,0,0,0,0,0,0,0,0,0,0,0,0,0,0,19,53,42,48,47,13,40,46,124,75,22,13,73,63,12,78,77,47,50,39,14,39,51,64,39,12,64,50,61,78,14,9,77,42,13,72,63,51,48,54,12,41,54,47,42,16,44,54,68,76,14,17,66,35,12,86,77,45,46,46,19,55,33,39,58,17,41,51,85,80,12,21,95,42,16,82,97,50,46,52
P,2023HU0050013,8,01,00300,4,56,1019518,184,28,4,2014,5,2,2,2,2,2,,2,2,,,,,,0,1,2,2,2,1,2,2,0,25,1,01,2,3,1,2,1,2,2019,1,1,1,0,0,0,0,0,0,0,3,5,3,3,3,0,0,20,0,1,,22,0,1,0,0,108000,40,1,52,1,2005,1,252,999,7,2,1,,4,5200,,1,03,9680,093,049,,,,4,92811P2,2,,0,8600,,108000,108000,373,501,00300,056,1,2,3,9,9000,029,0,0,0,0,2,0,1,1,0,1,2,,,518010,01,3,0,0,0,0,0,0,0,0,0,0,0,0,0,0,0,0,0,0,0,0,0,0,0,0,0,,0,,0,0,0,0,0,0,0,0,0,0,0,0,0,0,0,0,0,0,0,0,0,0,0,0,0,0,0,0,0,0,0,0,0,0,0,0,0,0,0,0,0,0,0,0,0,0,0,0,0,266,216,290,240,172,315,144,59,293,369,53,264,166,43,214,52,190,195,125,61,237,192,316,169,243,252,174,52,191,437,41,207,226,61,211,59,259,185,170,215,72,173,53,221,173,60,151,287,65,64,265,172,210,316,180,364,151,200,191,265,53,190,60,180,210,45,164,304,67,56,216,189,206,522,183,390,185,148,206,57
P,2023HU0050036,8,01,00200,4,56,1019518,237,46,1,,1,2,2,2,2,2,,,2,,2,2,,,0,1,2,2,2,2,2,2,1000,5,1,01,2,2,2,2,1,2,1999,1,4,,,,,,,,,3,5,3,3,3,31000,0,20,0,1,,21,0,2,0,0,40000,40,1,52,1,,2,032,082,,2,1,,1,6203,,1,01,6992,088,048,,,,3,5242,1,,0,4810,2,40000,72000,038,343,00200,056,1,2,4,1,1000,001,0,0,0,0,1,0,0,1,0,2,2,,,413021,,1,0,0,0,0,0,0,0,0,0,0,0,0,0,0,0,0,0,0,0,0,0,0,0,0,0,,0,,0,,0,0,0,0,0,0,0,0,0,0,0,0,0,0,0,0,0,0,0,0,0,0,0,0,0,0,0,0,0,0,0,0,0,0,0,0,0,0,0,0,0,0,0,0,0,0,0,338,92,237,440,440,200,243,237,224,419,66,202,477,70,164,54,225,459,231,356,80,285,214,72,78,191,305,295,210,222,341,306,80,367,198,330,403,67,218,60,467,76,254,328,416,271,298,259,249,131,82,279,433,67,240,80,297,304,198,307,69,396,286,78,80,281,287,311,202,251,317,230,80,354,172,310,232,131,233,63
P,2023HU0050036,8,02,00200,4,56,1019518,171,12,1,,,2,2,2,,2,,,2,,,,,,0,1,2,2,2,2,2,2,,,,,2,5,,,,,,1,,,,,,,,,,,,,,,,,25,,2,09,10,,2,,,,,,,,,2,032,082,,2,,7,,,,1,01,,,,,,,,,1,7,1,,,,,056,343,,,1,2,2,1,1000,001,0,0,0,0,1,0,0,1,1,,,,,,,1,0,0,0,0,0,0,0,0,0,0,0,0,0,0,0,0,0,0,0,0,0,0,0,0,0,,0,,0,,0,0,0,0,0,0,0,0,0,0,0,0,0,0,0,0,0,0,0,0,0,0,0,0,0,0,0,0,0,0,0,0,0,0,0,0,0,0,0,0,0,0,0,0,0,0,0,260,51,148,288,296,162,235,208,198,261,45,139,301,50,130,41,187,313,170,235,59,217,127,47,56,171,222,181,161,172,255,200,63,262,133,273,291,48,153,46,299,57,152,239,234,160,211,134,166,115,52,203,324,45,172,55,176,194,146,197,53,299,192,63,55,221,212,223,136,175,235,160,51,318,154,251,178,108,209,44
P,2023HU0050036,8,03,00200,4,56,1019518,294,37,1,,1,2,2,2,2,2,,,2,,2,2,,,0,1,2,2,2,2,2,2,0,5,1,01,2,3,2,2,1,2,2010,1,4,,,,,,,,,3,5,3,3,3,0,0,34,0,1,,16,0,2,0,0,85000,45,1,52,1,,3,996,999,,2,1,,1,,,1,01,6992,083,043,,,,4,5242,1,,0,4810,4,85000,85000,056,501,00200,056,1,2,3,9,9000,029,0,0,0,0,2,0,1,1,0,,,,,413021,,1,0,0,0,0,0,0,0,0,0,0,0,0,0,0,0,0,0,0,0,0,0,0,0,0,0,,0,,0,,0,0,0,0,0,0,0,0,0,0,0,0,0,0,0,0,0,1,0,0,0,0,0,0,0,1,1,0,0,0,0,0,0,0,0,0,0,0,0,0,0,1,0,0,0,0,0,351,126,218,379,383,332,408,191,357,547,86,256,682,65,250,107,216,360,244,472,110,400,203,101,66,159,405,261,248,177,442,480,56,552,322,549,962,82,334,79,449,96,277,273,361,275,400,415,252,129,144,416,384,110,340,76,435,373,226,241,109,537,245,95,91,349,424,367,258,321,392,284,118,645,254,413,171,159,398,157
P,2023HU0050036,8,04,00200,4,56,1019518,170,10,1,,,2,2,2,,2,,,2,,,,,,0,1,2,2,2,2,2,2,,,,,2,5,,,,,,1,,,,,,,,,,,,,,,,,34,,2,07,08,,2,,,,,,,,,3,996,999,,2,,,,,,1,01,,,,,,,,,1,,0,,,,,056,,,,1,2,2,1,1000,001,0,0,0,0,1,0,0,1,0,,,,,,,1,0,0,0,0,0,0,0,0,0,0,0,0,0,0,0,0,0,0,0,0,0,0,0,0,0,,0,,0,,0,0,0,0,0,0,0,0,0,0,0,0,0,0,0,0,0,0,0,0,0,0,0,0,0,0,0,0,0,0,0,0,0,0,1,1,0,0,0,0,0,0,0,0,0,0,0,260,49,148,288,296,162,235,208,197,260,45,140,301,50,130,41,187,314,172,236,59,217,127,49,56,172,222,183,162,169,256,199,64,262,134,273,291,46,152,46,300,57,153,238,234,159,211,134,165,116,52,204,323,45,172,54,174,194,147,198,53,299,192,61,55,219,212,222,138,175,236,162,51,318,155,252,179,108,210,46
P,2023HU0050036,8,05,00200,4,56,1019518,271,5,1,,,2,2,2,,2,,,2,,,,,,0,1,2,2,2,2,2,2,,,,,2,5,,,,,,1,,,,,,,,,,,,,,,,,34,,2,02,01,,1,,,,,,,,,3,996,999,,2,,,,,,1,01,,,,,,,,,1,,0,,,,,056,,,,1,2,2,1,1000,001,0,0,0,0,1,0,0,1,0,,,,,,,1,0,0,0,0,0,0,0,0,0,0,0,0,0,0,0,0,0,0,0,0,0,0,0,0,0,,0,,0,,0,0,0,0,0,0,0,0,0,0,0,0,0,0,0,0,0,0,0,0,0,0,0,0,0,0,0,0,0,0,0,0,0,0,0,0,0,0,0,0,0,0,0,0,0,0,0,452,100,260,488,446,219,294,252,253,405,63,201,640,84,223,59,240,601,245,455,116,425,255,76,102,238,308,410,247,231,448,364,81,351,232,352,470,67,229,66,636,89,288,431,461,316,298,270,230,155,85,330,484,89,254,94,370,276,218,345,88,430,288,82,78,352,303,317,234,325,320,240,95,481,224,356,316,165,221,77
P,2023HU0050574,8,01,00300,4,56,1019518,57,94,1,,,2,2,2,2,2,,,2,,,2,,,2,2,1,1,2,2,2,2,0,,,,2,2,2,2,1,2,1948,1,4,,,,,,,,,2,5,2,2,3,0,0,20,4400,1,,16,0,2,0,16000,0,,3,,2,,2,021,050,,2,,,6,,,1,01,,,,,,,3,,1,,0,,4,0,20400,039,145,,,1,1,2,1,1000,001,0,0,0,0,1,0,0,1,0,,,,,,,1,0,0,0,0,0,0,0,0,0,0,0,0,0,0,0,0,0,0,0,0,0,1,0,1,0,0,0,,1,,1,1,1,0,0,0,0,0,0,0,0,0,0,0,0,0,0,0,0,0,0,0,0,0,0,0,0,0,0,1,1,0,0,0,0,0,0,0,0,0,0,0,0,0,0,0,0,51,73,58,88,17,81,57,18,12,15,63,108,20,68,67,59,49,93,73,89,80,88,13,63,56,49,17,65,60,47,107,53,53,18,99,26,15,60,59,72,49,54,55,81,17,86,67,20,12,15,59,86,19,53,58,59,73,104,78,98,91,96,12,49,60,58,18,57,62,43,107,53,55,14,96,20,14,70,80,79
P,2023HU0050778,8,01,00100,4,56,1019518,54,63,1,,7,2,2,2,2,2,,,2,,,2,,,1,2,1,2,2,2,2,2,0,,,,2,1,2,2,2,2,1988,1,4,,,,,,,,,2,5,2,2,3,3200,0,20,860,1,,21,0,1,0,0,0,,2,,2,,1,032,999,,2,,,6,6200,,1,01,6992,,,,,,1,5242,1,,0,4810,,0,4060,056,170,,,1,2,3,1,1000,001,0,0,0,0,1,0,0,1,0,2,2,,,413021,,1,0,0,0,0,0,0,0,0,0,0,0,0,0,0,0,0,0,0,0,0,0,0,0,0,0,,0,,0,,0,0,0,0,0,0,0,0,0,0,0,0,0,0,0,0,0,0,0,0,0,0,0,0,0,0,0,0,0,0,0,0,0,0,0,0,0,0,0,0,0,0,0,0,0,0,0,76,48,19,14,53,68,52,46,59,91,54,16,99,61,88,51,16,71,14,16,16,58,111,79,59,51,38,57,55,14,52,80,15,46,16,51,94,42,88,61,106,42,13,16,51,51,51,70,52,86,55,18,129,47,75,50,15,55,16,17,17,60,97,105,51,40,62,47,43,16,53,87,13,62,18,46,84,65,99,81
P,2023HU0050778,8,02,00100,4,56,1019518,54,61,1,,1,2,2,2,2,2,,,2,,,2,,,1,2,1,2,2,2,2,2,0,5,1,01,2,1,2,2,1,2,1988,1,4,,,,,,,,,3,5,3,3,3,0,0,21,12000,1,,21,0,2,0,0,18000,20,1,52,1,,1,082,999,,2,1,,1,2300,,1,01,8070,095,055,,,,1,62132,1,,0,3245,4,18000,30000,056,170,00100,056,1,2,4,1,1000,001,0,0,0,0,1,0,0,1,0,2,2,,,29112X,,1,0,0,0,0,0,0,0,0,0,0,0,0,0,0,0,0,0,0,0,0,0,0,0,0,0,,0,,0,,0,0,0,0,0,0,0,0,0,0,0,0,0,0,0,0,0,0,0,0,0,0,0,0,0,0,0,0,0,0,0,0,0,0,0,0,0,0,0,0,0,0,0,0,0,0,0,82,55,21,17,50,65,47,40,48,90,57,15,102,66,80,50,15,78,14,14,15,66,96,81,81,45,37,53,55,14,59,91,16,55,13,62,90,41,94,65,79,44,14,16,59,53,51,61,65,88,69,21,110,52,74,60,14,55,17,18,16,61,101,118,55,44,52,43,41,17,55,91,15,62,15,47,73,60,98,89
P,2023HU0050936,8,01,00400,4,56,1019518,94,87,1,,,2,2,2,1,2,,,2,,,2,,,0,2,2,1,2,2,2,2,0,,,,2,2,2,2,1,2,1973,1,4,,,,,,,,,2,5,2,2,3,0,0,20,8400,1,,18,0,1,0,16300,0,,3,,2,,1,032,999,,1,,,6,,,1,01,,,,,,,3,,1,,0,,,0,24700,056,174,,,2,1,2,1,1000,001,0,0,0,0,1,0,0,1,0,,,,,,,1,0,0,0,0,0,0,1,1,1,1,0,0,0,0,0,0,0,0,0,0,0,0,0,0,0,0,0,,0,,0,0,0,0,0,0,0,0,0,0,0,0,0,0,0,0,0,1,0,0,0,0,0,0,1,0,1,0,0,0,0,0,0,0,0,0,0,0,0,0,0,0,0,0,0,0,0,78,86,148,145,165,124,35,69,180,143,93,138,99,34,31,27,52,84,108,156,113,97,30,26,27,159,179,85,38,104,103,26,80,203,129,105,89,68,95,33,89,82,118,159,175,112,44,83,98,76,99,128,137,37,32,27,61,108,94,235,96,77,29,36,28,83,117,88,23,106,93,36,126,143,119,103,108,137,74,26
P,2023HU0051469,8,01,00100,4,56,1019518,305,67,1,,1,2,2,2,2,2,,,2,1,,2,,,2,1,1,1,2,2,2,2,2000,60,1,01,1,1,2,2,1,2,1977,1,4,,,,,,,,,3,5,3,3,3,0,0,20,0,1,,19,0,1,0,0,150000,60,1,52,1,,2,050,032,,2,1,,1,,,1,01,0770,094,043,1200,,,2,23,1,,0,6200,,150000,152000,027,501,00100,056,1,1,4,1,1000,001,0,0,0,0,1,0,0,1,0,,,,,471011,,1,0,0,0,0,0,0,0,0,0,0,0,0,0,0,0,0,0,0,0,0,0,0,0,0,0,0,0,,0,,0,0,0,0,0,0,0,0,0,0,0,0,0,0,0,0,0,0,0,0,0,0,0,0,0,0,0,0,0,0,0,0,0,0,0,0,0,0,0,0,0,0,0,0,0,0,0,296,269,434,255,305,96,70,448,421,122,375,391,100,97,276,348,465,289,300,278,276,433,561,247,372,151,95,366,382,113,277,554,110,103,430,345,538,387,257,242,396,312,126,283,323,507,373,93,108,436,375,92,470,480,313,294,145,345,251,276,272,305,106,271,425,543,371,77,78,442,401,95,434,579,343,299,126,352,205,287
P,2023HU0051999,8,01,00300,4,56,1019518,100,31,1,,1,2,2,2,2,2,,2,2,,,2,,,0,2,2,2,2,1,1,2,0,15,1,01,2,1,2,1,1,2,2023,3,3,,,,,,,,,3,5,3,3,3,0,0,20,0,1,,18,0,1,0,0,105000,45,1,52,1,,1,050,999,,2,1,,1,,,1,01,7380,211,124,,00300,056,1,5415,1,,0,4220,,105000,105000,029,501,00300,056,1,1,3,1,1000,001,0,0,0,0,1,0,0,1,0,,,,,37201X,,1,0,0,0,0,0,0,0,0,0,0,0,0,0,0,0,0,0,0,0,0,0,1,0,1,1,,1,,1,0,0,0,1,0,0,0,0,0,0,0,0,0,0,0,1,1,0,1,0,0,0,0,0,0,0,0,0,0,0,1,1,0,0,0,0,0,0,0,0,0,0,0,0,0,0,0,0,104,33,167,136,39,120,123,32,110,22,109,93,111,224,104,147,103,113,165,140,66,137,35,36,146,85,104,122,125,207,105,122,93,21,104,24,77,98,34,34,101,24,143,150,25,101,104,23,114,41,115,80,149,169,96,146,76,87,130,198,94,221,23,28,191,123,76,159,129,166,101,80,123,24,85,46,97,113,33,26
P,2023HU0051999,8,02,00300,4,56,1019518,49,27,1,,1,2,2,2,2,2,,,2,,2,,,,0,1,2,2,2,2,2,2,0,15,1,01,2,1,2,1,1,2,2023,3,4,,,,,,,,,3,5,3,3,3,0,0,21,0,1,,20,0,2,0,0,48000,45,1,52,1,,4,999,999,,2,1,,1,,,1,01,8070,091,049,,00300,056,1,62132,1,,0,5110,4,48000,48000,056,501,00300,056,1,2,1,1,1000,001,0,0,0,0,1,0,0,1,0,,,,,433021,,1,0,0,0,0,0,0,0,0,0,0,0,0,0,0,0,0,0,0,0,0,0,0,0,0,0,,0,,0,,0,0,0,0,0,0,0,0,0,0,0,0,0,0,1,1,0,1,0,0,0,0,0,0,0,0,0,0,0,0,0,0,0,0,0,0,0,0,0,0,0,0,0,0,0,0,0,51,17,95,77,16,53,56,14,53,12,53,54,59,103,53,69,45,66,92,79,35,61,16,16,65,41,53,77,73,89,44,59,48,10,66,13,45,50,18,17,51,12,93,69,15,51,43,10,48,19,60,41,72,92,47,80,50,52,72,71,43,99,11,14,112,66,43,75,47,65,55,42,57,12,48,21,49,68,16,13
P,2023HU0053102,8,01,00500,4,56,1019518,83,22,1,,3,2,2,2,2,2,,,1,,,,,,2,2,1,2,2,2,2,2,0,5,1,01,2,5,,,,,,1,4,,,,,,,,,3,5,3,3,3,0,0,20,0,1,,18,0,1,0,0,23500,40,1,40,1,,2,098,032,,1,1,,1,,,1,01,8570,089,049,,,,6,712,1,,0,9620,,23500,23500,012,150,00500,056,1,2,3,1,1000,001,0,0,0,0,1,0,0,1,0,,,,,537062,,1,0,0,0,0,0,0,0,0,0,0,0,0,0,0,0,0,0,0,0,0,0,0,0,0,0,,0,,0,,0,0,0,0,0,0,0,0,0,0,0,0,0,0,0,0,0,0,0,0,0,0,0,0,0,0,0,0,0,0,0,0,0,0,0,0,0,0,0,0,0,0,0,0,0,0,0,115,26,58,108,121,53,52,60,28,76,78,31,84,141,81,39,124,114,116,80,112,19,85,79,120,34,114,183,34,110,92,15,95,57,80,58,78,118,146,127,27,131,112,119,30,161,58,71,137,59,65,209,65,78,103,150,29,24,23,79,18,143,123,68,26,176,64,95,155,52,62,93,91,72,66,173,28,24,40,61
P,2023HU0053102,8,02,00500,4,56,1019518,58,21,1,,1,2,2,2,2,2,,,2,,2,,,,0,1,2,2,2,2,2,2,0,10,1,01,2,5,,,,,,1,4,,,,,,,,,3,5,3,3,3,0,0,22,0,1,,19,0,2,0,0,33300,40,1,52,1,,1,050,999,,2,1,,1,,,1,01,8390,228,133,,,,6,6243,1,,0,4640,4,33300,33300,012,213,00500,056,1,2,4,1,1000,001,0,0,0,0,1,0,0,1,0,,,,,399041,,1,0,0,0,0,0,0,0,0,0,0,0,0,0,0,0,0,0,0,0,0,0,0,0,0,0,,0,,0,,0,0,0,0,0,0,0,0,0,0,0,0,0,0,0,0,0,0,0,0,0,0,0,0,0,0,0,1,0,0,0,0,0,0,0,0,0,0,0,0,0,0,0,0,0,0,0,83,23,61,65,109,28,42,54,23,44,71,15,54,75,44,19,76,90,80,69,107,18,69,53,101,18,83,93,18,48,66,18,59,48,50,27,76,79,82,102,19,78,64,84,28,115,61,60,95,49,56,108,58,70,61,82,22,19,16,61,24,116,63,43,22,83,43,49,78,34,41,73,48,67,56,111,23,17,19,56
P,2023HU0055539,8,01,00400,4,56,1019518,45,50,1,,1,2,2,2,2,2,,,2,,,2,,,0,1,2,2,2,2,2,2,0,15,1,01,2,1,2,2,3,2,2016,1,4,,,,,,,,,3,5,3,3,3,0,0,20,0,1,,18,0,1,0,0,90000,40,1,52,1,,1,050,999,,2,1,,1,,,1,01,0370,091,049,,,,1,211,1,,0,0110,,90000,90000,056,501,00400,056,1,2,4,1,1000,001,0,0,0,0,1,0,0,1,0,,,,,113021,,1,0,0,0,0,0,0,0,0,0,0,0,0,0,0,0,0,0,0,0,0,0,0,0,0,0,,0,,0,,0,0,0,0,0,0,0,0,0,0,0,0,0,0,0,0,0,0,0,0,0,0,0,0,0,0,0,0,0,0,0,0,0,0,0,0,0,0,0,0,0,0,0,0,0,0,0,41,33,37,94,13,83,50,10,11,11,39,58,14,49,46,51,59,69,69,96,83,68,12,47,40,44,10,68,72,43,70,60,53,16,83,11,10,39,49,47,61,46,43,88,12,72,47,16,12,15,45,92,10,49,54,49,54,73,70,60,54,93,9,35,51,42,14,49,38,43,53,55,44,11,75,12,12,51,54,35
P,2023HU0055539,8,02,00400,4,56,1019518,32,52,1,,1,2,2,2,2,2,,,2,,,2,,,0,1,2,1,2,2,2,2,0,,,,2,1,2,2,3,2,2016,1,4,,,,,,,,,2,5,2,2,3,14800,0,21,153000,1,,18,0,2,0,20900,0,,2,,2,,3,996,999,,2,,,6,,,1,01,7970,,,,,,1,6211,1,,0,3515,4,0,188700,056,501,,,1,1,3,1,1000,001,0,0,0,0,1,0,0,1,0,,,,,292072,,1,0,0,0,0,0,0,0,0,0,0,0,0,0,0,0,0,0,0,0,0,0,1,0,0,1,0,0,,1,,1,1,1,0,0,0,0,0,0,0,0,0,0,0,0,0,0,0,0,0,0,0,0,0,0,0,0,0,0,1,1,0,0,0,0,0,0,0,0,0,0,0,0,0,0,0,0,28,28,27,68,8,47,40,9,8,8,29,48,12,32,36,38,47,57,47,68,54,61,8,40,35,29,8,37,41,34,49,37,42,12,59,9,8,28,39,35,42,35,26,69,9,51,34,12,11,9,32,50,9,44,35,36,42,59,51,48,41,64,7,34,41,30,9,39,28,32,36,39,36,8,55,8,9,28,37,29
P,2023HU0056082,8,01,00400,4,56,1019518,122,19,1,,1,2,2,2,2,2,,,2,,2,,,,0,1,2,2,1,2,2,2,0,15,1,01,2,5,,,,,,1,4,,,,,,,,,3,5,3,3,3,0,0,20,0,1,,15,0,2,0,0,8000,40,1,21,1,,3,996,999,,2,1,,1,,,1,01,7680,091,049,,,,6,5616,1,,0,3930,4,8000,8000,056,52,00400,056,1,1,1,1,1000,001,0,0,0,0,1,0,0,1,0,,,,,339030,,1,0,0,0,0,1,0,0,0,0,0,0,0,0,0,0,0,0,0,0,0,0,0,0,0,0,,0,0,0,,0,0,0,0,1,1,1,1,0,0,0,0,0,0,0,0,0,0,0,0,0,0,1,1,1,1,1,0,0,0,0,0,0,1,0,0,0,1,0,1,1,1,1,1,1,0,0,192,232,47,50,209,151,36,195,93,147,105,120,78,113,62,192,80,141,260,114,84,147,108,109,263,119,121,109,152,37,35,30,39,176,109,88,36,311,169,177,45,103,250,212,161,28,226,40,79,118,138,107,121,108,181,39,193,121,47,147,126,37,126,114,29,100,89,138,37,152,191,130,254,58,100,202,175,29,101,64
P,2023HU0056082,8,02,00400,4,56,1019518,178,19,1,,1,2,2,2,2,2,,,2,,,,,,0,1,2,2,2,2,2,2,0,15,1,01,2,5,,,,,,1,4,,,,,,,,,3,5,3,3,3,0,0,22,0,1,,16,0,1,0,0,24000,38,1,52,,,4,999,999,,2,1,,1,,,1,01,5392,097,055,,,,6,4552,1,,0,9645,,24000,24000,008,156,00400,056,1,2,2,2,3000,002,0,0,1,0,1,0,0,0,0,,,,,537065,,1,0,0,1,0,1,1,1,1,1,1,1,0,0,1,0,1,0,0,0,0,0,1,0,1,1,,1,,1,,1,1,1,0,1,1,1,1,1,1,0,1,1,0,0,0,0,0,1,0,0,1,1,1,1,1,1,1,1,1,1,0,0,1,0,1,1,1,0,1,1,1,1,1,1,0,0,225,181,50,88,208,303,60,247,182,253,161,250,239,127,49,251,149,145,250,158,197,233,135,191,357,252,177,149,379,74,54,38,54,230,128,211,60,381,222,479,60,187,290,387,168,39,376,49,154,197,200,144,171,150,285,40,293,199,39,210,168,64,135,228,52,154,165,186,101,153,252,217,274,78,141,283,272,65,152,99
P,2023HU0057569,8,01,00100,4,56,1019518,261,63,1,,6,2,2,2,2,2,,,2,1,,2,,,1,2,1,2,2,2,2,2,-3400,10,1,01,1,1,2,2,2,2,2010,1,4,,,,,,,,,3,5,3,3,3,0,0,20,0,1,,19,10000,1,0,0,0,10,1,52,1,,2,022,084,,2,1,,1,,,1,01,7072,066,025,1170,,,1,5313,1,,0,0410,,10000,6600,023,84,00100,056,1,2,4,1,1000,001,0,0,0,0,1,0,0,1,0,,,,,119141,,1,0,0,0,0,0,0,0,0,0,0,0,0,0,0,0,0,0,0,0,0,0,0,0,0,0,,0,,0,,0,0,0,0,0,0,0,0,0,0,0,0,0,0,0,0,0,0,0,0,0,0,0,0,0,1,1,0,0,0,0,0,0,0,0,0,0,1,0,0,0,0,0,0,0,0,0,395,68,369,316,329,351,248,254,335,184,86,266,407,104,245,82,277,402,268,344,68,330,295,87,123,285,183,309,326,249,456,202,82,442,258,462,239,91,462,327,81,375,234,83,105,261,373,293,209,243,364,333,109,381,287,437,296,96,331,95,311,84,361,492,320,218,261,265,320,242,70,267,372,94,227,63,305,441,257,82
P,2023HU0057569,8,02,00100,4,56,1019518,226,50,1,,6,2,2,2,2,2,,,2,1,2,2,,,1,2,1,2,2,2,2,2,0,,,,1,1,2,2,1,2,2010,1,4,,,,,,,,,2,5,2,2,3,0,0,21,0,1,,21,14000,2,0,0,0,35,1,12,2,,1,011,999,,2,,,6,1501,5507,1,01,6570,,,1170,,,1,5121,1,,0,2710,1,14000,14000,009,84,,,1,2,2,1,1000,001,0,0,0,0,1,0,0,1,0,1,2,,,272012,,1,0,0,0,0,0,0,0,0,0,0,0,0,0,0,0,0,0,0,0,0,0,0,0,0,0,,0,,0,,0,0,0,0,0,0,0,0,0,0,0,0,0,0,0,0,0,0,0,0,0,0,0,0,0,0,0,0,0,0,0,0,0,0,0,0,0,0,0,0,0,0,0,0,0,0,0,330,76,317,250,246,216,175,235,250,172,80,315,343,85,243,68,236,412,241,262,57,283,221,75,95,196,180,270,264,253,417,189,89,383,255,362,221,109,326,387,77,353,210,73,112,277,264,214,179,195,292,223,73,264,214,426,279,102,329,103,283,78,287,423,306,278,198,226,300,205,88,169,266,92,176,59,283,321,198,78
P,2023HU0057569,8,03,00100,4,56,1019518,408,3,1,,,,2,2,,,,,,,,,,,0,1,2,2,2,2,2,2,,,,,,5,,,,,,1,,,,,,,,,,,,,,,,,25,,3,01,01,,1,,,,,,,,,2,084,050,,2,,2,,,,1,01,,,,,,,,,1,1,1,,,,,056,84,,,1,2,4,1,1000,001,0,0,0,0,1,0,0,1,1,,,,,,,1,0,0,0,0,0,0,0,0,0,0,0,0,0,0,0,0,0,0,0,0,0,0,0,0,0,,0,,0,,0,0,0,0,0,0,0,0,0,0,0,0,0,0,0,0,0,0,0,0,0,0,0,0,0,0,0,0,0,0,0,0,0,0,0,0,0,0,0,0,0,0,0,0,0,0,0,530,160,480,476,444,378,457,560,463,369,139,412,471,196,442,155,422,450,376,436,125,412,450,154,217,574,395,374,414,411,634,319,208,596,307,722,497,185,518,614,169,485,322,155,215,319,602,531,377,471,568,373,158,530,371,568,435,162,555,150,321,186,566,546,488,459,337,349,500,310,133,469,591,213,374,193,523,589,329,197
P,2023HU0058241,8,01,00400,4,56,1019518,8,53,1,,1,2,2,2,2,2,,,2,,,2,,,0,1,2,2,2,2,2,2,0,,,,2,1,2,2,2,2,2011,1,4,,,,,,,,,2,5,2,2,3,0,0,20,0,1,,16,0,2,0,0,0,,2,,2,,1,032,999,,2,,,6,,,1,01,8470,,,,,,1,6244,1,,0,4600,4,0,0,036,137,,,1,2,1,1,1000,001,0,0,0,0,1,0,0,1,0,,,,,399011,,1,0,0,0,0,1,0,0,0,0,0,0,0,0,0,0,0,0,0,0,0,0,0,0,0,0,,0,,0,,0,0,0,0,0,0,0,0,0,0,0,0,0,0,0,0,0,0,0,0,0,0,0,0,0,0,0,0,0,0,0,0,0,0,0,0,0,0,0,0,0,0,0,0,0,0,0,6,12,6,9,6,1,3,5,1,13,2,13,9,10,14,10,7,10,8,11,11,7,2,14,15,10,9,2,10,8,7,9,3,8,7,13,12,1,3,9,15,6,3,13,15,6,7,3,10,8,6,9,3,10,9,15,14,2,3,1,5,13,9,11,7,3,3,9,2,12,2,10,9,11,11,8,8,7,8,2
P,2023HU0058241,8,02,00400,4,56,1019518,12,47,1,,4,2,2,2,2,2,,,2,,,2,,,0,1,2,2,2,2,2,2,0,2,1,01,2,1,2,2,1,2,2011,1,4,,,,,,,,,3,5,3,3,3,0,0,21,0,1,,16,0,1,0,0,27000,50,1,52,1,,2,931,291,,2,1,,1,,,1,24,0770,094,055,,,,1,23,1,,0,6730,,27000,27000,006,137,00400,056,1,2,1,9,9000,029,0,0,0,0,2,0,1,1,0,,,,,474051,,1,0,0,0,0,0,0,0,0,0,0,0,0,0,0,0,0,0,0,0,0,0,0,0,0,0,,0,,0,,0,0,0,0,0,0,1,0,0,0,0,0,0,0,0,0,0,0,0,0,0,0,0,0,0,0,0,0,0,0,0,0,0,0,0,0,0,0,0,0,0,0,0,0,0,0,0,12,15,9,17,10,3,4,13,2,23,5,25,15,19,16,11,10,12,9,9,11,10,1,14,24,16,9,5,12,8,18,13,4,13,9,24,18,4,3,13,18,8,1,22,15,9,8,3,10,15,14,17,3,11,9,26,20,2,4,2,11,27,11,14,12,4,3,17,4,23,7,16,12,18,14,15,10,14,9,5
P,2023HU0058747,8,01,00500,4,56,1019518,277,47,5,,1,2,2,2,2,2,,,2,,,2,,,0,1,2,2,2,2,2,2,0,30,3,01,2,1,2,2,1,2,2002,1,4,,,,,,,,,3,5,3,3,3,0,0,20,0,1,,23,0,1,0,0,135000,40,1,52,1,2021,1,239,999,8,2,3,,1,6206,,1,21,3291,052,013,,,,1,333MS,2,,0,8990,,135000,135000,373,501,11000,049,1,2,4,8,8000,015,0,0,0,0,1,0,1,0,0,2,2,,,5191XX,,3,0,0,0,0,0,0,0,0,0,0,0,0,0,0,0,0,0,0,0,0,0,1,0,1,1,,1,,1,,1,1,1,0,0,0,0,0,0,0,0,0,0,0,0,0,0,0,0,0,0,0,0,0,0,1,1,0,0,1,1,0,0,0,0,0,0,0,0,0,0,1,0,0,0,0,0,250,370,327,551,453,173,289,504,281,111,509,323,96,192,196,100,240,177,249,336,293,385,118,320,87,209,273,131,263,369,121,82,412,281,265,411,218,464,254,153,223,287,360,206,437,301,246,371,313,94,385,447,146,410,321,95,283,78,177,510,243,205,63,253,115,314,282,105,294,434,66,156,466,341,388,390,215,370,243,109
P,2023HU0058747,8,02,00500,4,56,1019518,139,42,5,,1,2,2,2,2,2,,,2,,2,2,,,0,1,2,2,2,2,2,2,0,,,,2,1,2,2,1,2,2002,1,4,,,,,,,,,3,1,1,1,2,0,0,21,0,1,,16,0,2,0,0,35000,48,1,52,2,2021,1,239,999,8,2,,,3,,,1,21,7580,,,,,,1,5613,2,,0,8990,4,35000,35000,373,501,,,1,2,4,8,8000,015,0,0,0,0,1,0,1,0,0,,,,,5191XX,,3,0,0,0,0,0,0,0,0,0,0,0,0,0,0,0,0,0,0,0,0,0,1,0,1,1,,1,,1,,1,1,1,0,0,0,0,0,0,0,0,0,0,0,0,0,0,0,0,0,0,0,0,0,0,1,1,0,0,1,1,0,0,0,0,0,0,0,0,0,0,1,0,0,0,0,0,120,131,199,193,236,75,139,300,153,74,264,225,40,109,122,36,121,66,151,196,136,204,35,130,49,147,118,57,140,172,46,36,274,120,141,297,114,294,115,53,135,122,194,130,224,201,157,171,144,40,217,257,61,159,169,50,157,34,87,318,150,116,30,95,68,134,102,57,141,217,44,59,232,163,162,185,125,164,114,47
P,2023HU0058747,8,03,00500,4,56,1019518,116,23,5,,1,2,2,2,2,2,,,2,,,,,,0,1,2,2,2,2,2,2,0,30,2,01,2,5,,,,,,3,4,,,,,,,,,3,5,3,3,3,0,0,25,0,1,,16,0,1,0,0,30000,40,1,52,1,2021,1,239,999,8,2,2,,1,,,1,21,5791,052,013,,35000,049,6,4MS,2,,0,4720,,30000,30000,373,501,00500,056,1,2,3,8,8000,015,0,0,0,0,1,0,1,0,0,,,,,412010,,3,0,0,0,0,0,0,0,0,0,0,0,0,0,0,0,0,0,0,0,0,0,1,0,1,1,,1,,1,,1,1,1,0,0,0,1,0,0,0,0,0,0,0,0,0,0,0,0,0,0,0,0,0,0,1,1,0,1,1,1,0,0,0,0,0,0,0,0,0,0,1,0,0,0,0,0,117,183,147,227,133,145,116,137,177,31,336,132,23,146,74,48,81,61,131,121,91,120,54,181,43,81,85,42,87,116,35,28,154,66,87,284,114,160,106,26,82,137,75,90,154,145,101,179,74,53,185,151,42,180,139,26,132,50,60,162,63,88,31,94,77,112,88,44,146,193,25,83,247,153,166,220,94,160,186,35
P,2023HU0058747,8,04,00500,4,56,1019518,65,20,5,,1,2,2,2,2,2,,,2,,2,,,,0,1,2,2,2,2,2,2,0,,,,2,5,,,,,,1,4,,,,,,,,,3,1,1,1,2,0,0,25,0,3,15,16,0,2,0,0,50000,50,1,52,2,2021,1,239,999,8,2,,,3,,,1,21,7580,,,,,,6,5613,2,,0,9640,4,50000,50000,373,501,,,1,2,3,8,8000,015,0,0,0,0,1,0,1,0,0,,,,,537064,,3,0,0,0,0,0,0,0,0,0,0,0,0,0,0,0,0,0,0,0,0,0,1,0,1,1,,1,,1,,1,1,1,0,0,0,0,0,0,0,0,0,0,0,0,0,0,0,0,0,0,0,0,0,0,1,1,0,0,1,1,0,0,0,0,0,0,0,0,0,0,1,0,0,0,0,0,61,75,86,91,89,74,82,89,106,26,189,141,12,72,54,17,50,32,100,70,48,79,28,82,30,75,44,19,53,54,19,15,108,43,55,215,55,119,53,17,62,63,47,76,80,110,72,103,41,28,108,119,27,92,91,14,100,23,27,98,42,45,16,36,58,81,48,27,69,83,19,38,126,85,85,121,65,76,113,18
P,2023HU0059500,8,01,00400,4,56,1019518,200,24,1,,1,2,2,2,2,2,,,1,,,,,,0,2,2,2,2,2,2,2,0,15,1,01,2,5,,,,,,1,4,,,,,,,,,3,5,3,3,3,0,0,20,0,2,15,18,0,1,0,0,12300,40,1,47,1,,2,026,142,,1,1,,1,,,2,01,4971,133,085,,,,6,44511,1,,0,4030,,12300,12300,022,78,00400,056,2,2,2,1,1000,001,0,0,0,0,1,0,0,1,0,,,,,352021,,1,0,0,0,0,0,0,0,0,0,0,0,0,0,0,0,0,0,0,0,0,0,0,0,0,0,,0,,0,,0,0,0,0,0,0,0,0,0,0,0,0,0,0,0,0,0,0,0,0,0,0,0,0,0,0,0,0,0,0,0,0,0,0,0,0,0,0,0,0,0,0,0,0,0,0,0,65,68,167,181,265,287,185,292,157,58,370,208,257,213,97,150,53,425,200,296,60,64,183,211,196,310,242,287,198,52,290,190,260,249,90,153,73,421,174,73,299,258,167,220,192,162,225,83,178,370,74,158,56,232,348,227,432,75,183,46,310,322,198,178,190,169,174,69,236,416,83,147,77,205,276,274,376,61,191,327
P,2023HU0059500,8,02,00400,4,56,1019518,83,21,1,,1,2,2,2,2,2,,,1,,2,,,,0,2,2,2,1,2,2,2,0,30,1,01,2,5,,,,,,3,4,,,,,,,,,3,5,3,3,3,0,0,22,0,1,,18,0,2,0,0,12100,40,1,48,1,,2,917,032,,1,1,,1,,,1,01,7780,094,049,,00400,056,6,561M,1,,0,0530,4,12100,12100,048,77,00400,056,2,1,2,9,9000,017,1,0,0,0,2,0,0,1,0,,,,,131023,,1,0,0,0,0,0,0,0,0,0,0,0,0,0,0,0,0,0,0,0,0,0,0,0,0,0,,0,0,0,,0,0,0,0,0,0,0,0,0,0,0,0,0,0,0,0,0,0,0,0,0,0,0,0,0,0,0,0,0,0,0,0,0,0,0,0,0,0,0,0,0,0,0,0,0,0,0,29,31,78,60,113,94,95,115,104,23,138,76,165,71,24,73,21,117,101,130,25,29,77,68,86,96,59,152,118,31,135,59,121,103,49,55,23,133,84,31,178,176,95,61,84,64,113,24,69,143,28,50,23,52,129,82,142,20,58,23,132,151,77,82,94,74,63,31,96,254,36,77,26,108,145,75,145,30,87,191
P,2023HU0059520,8,01,00400,4,56,1019518,75,37,1,,1,2,2,2,2,2,,,2,,,2,,,0,1,2,2,2,2,2,2,0,10,1,01,2,1,2,2,1,2,2012,1,4,,,,,,,,,3,5,3,3,3,0,0,20,0,1,,20,50000,1,0,0,55000,42,1,52,1,,1,082,999,,2,1,,1,,,1,01,7970,093,052,,,,1,6211,1,,0,3323,,105000,105000,016,427,00400,056,1,2,1,1,1000,001,0,0,0,0,1,0,0,1,0,,,,,292034,,1,0,0,0,0,0,0,0,0,0,0,0,0,0,0,0,0,0,0,0,0,0,0,0,0,0,,0,,0,,0,0,0,0,0,0,0,0,0,0,0,0,0,0,0,0,0,0,0,0,0,0,0,0,0,0,0,0,0,0,0,0,0,0,0,0,0,0,0,0,0,0,0,0,0,0,0,137,79,112,20,22,81,73,78,141,86,23,84,25,25,119,82,128,71,75,90,125,74,169,24,22,83,77,83,107,88,24,67,16,18,127,74,119,64,78,87,133,69,140,25,31,76,65,90,184,67,17,73,21,24,112,72,121,58,82,99,137,83,114,19,17,80,91,81,104,74,22,80,20,22,156,75,106,89,67,72
P,2023HU0059520,8,02,00400,4,56,1019518,71,33,1,,2,2,2,2,2,2,,,2,,2,2,,,0,1,2,2,2,2,2,2,0,10,1,01,2,1,2,2,1,2,2012,1,4,,,,,,,,,3,5,3,3,3,0,0,21,0,1,,21,0,2,0,0,25000,13,1,40,1,,2,142,082,,2,1,,1,6107,,1,01,8191,068,027,,,,1,622M,1,,0,3255,3,25000,25000,016,427,00400,056,1,2,4,1,1000,001,0,0,0,0,1,0,0,1,0,2,1,,,291141,,1,0,0,0,0,0,0,0,0,0,0,0,0,0,0,0,0,0,0,0,0,0,0,0,0,0,,0,,0,,0,0,0,0,0,0,0,0,0,0,0,0,0,0,0,0,0,0,0,0,0,0,0,0,0,0,0,0,0,0,0,0,0,0,0,0,0,0,0,0,0,0,0,0,0,0,0,116,90,99,15,20,72,87,85,107,77,13,78,18,31,146,69,175,58,65,73,128,67,145,26,25,75,79,81,89,69,22,81,17,15,118,61,128,74,59,89,105,59,123,18,19,67,58,82,133,55,24,63,19,43,126,83,107,55,83,80,105,64,177,22,17,71,74,64,116,55,29,93,25,26,102,66,78,84,67,66
P,2023HU0059520,8,03,00400,4,56,1019518,58,7,1,,,2,2,2,,2,,,2,,,,,,0,1,2,2,2,2,2,2,,,,,2,5,,,,,,1,,,,,,,,,,,,,,,,,25,,2,02,03,,1,,,,,,,,,2,082,142,,2,,1,,,,1,01,,,,,,,,,1,1,1,,,,,056,427,,,1,2,2,1,1000,001,0,0,0,0,1,0,0,1,1,,,,,,,1,0,0,0,0,0,0,0,0,0,0,0,0,0,0,0,0,0,0,0,0,0,0,0,0,0,,0,,0,,0,0,0,0,0,0,0,0,0,0,0,0,0,0,0,0,0,0,0,0,0,0,0,0,0,0,0,0,0,0,0,0,0,0,0,0,0,0,0,0,0,0,0,0,0,0,0,112,72,89,15,17,66,59,65,89,66,13,64,20,26,102,52,117,54,55,72,96,53,118,19,18,57,64,75,79,56,18,64,14,15,95,61,107,53,62,60,102,64,109,19,21,54,48,67,127,51,16,70,14,17,91,57,89,48,74,84,96,63,105,17,12,60,69,65,87,48,15,53,19,21,103,60,93,72,49,53
P,2023HU0059520,8,04,00400,4,56,1019518,54,5,1,,,2,2,2,,2,,,2,,,,,,0,1,2,2,2,2,2,2,,,,,2,5,,,,,,1,,,,,,,,,,,,,,,,,25,,3,01,02,,2,,,,,,,,,2,082,142,,2,,1,,,,1,01,,,,,,,,,1,1,1,,,,,056,427,,,1,2,2,1,1000,001,0,0,0,0,1,0,0,1,1,,,,,,,1,0,0,0,0,0,0,0,0,0,0,0,0,0,0,0,0,0,0,0,0,0,0,0,0,0,,0,,0,,0,0,0,0,0,0,0,0,0,0,0,0,0,0,0,0,0,0,0,0,0,0,0,0,0,0,0,0,0,0,0,0,0,0,0,0,0,0,0,0,0,0,0,0,0,0,0,97,59,82,13,17,64,53,55,91,56,14,60,15,24,113,55,120,50,53,56,88,53,102,16,14,63,61,63,77,53,17,55,13,14,95,50,100,53,54,66,83,46,89,16,20,55,46,63,116,46,15,55,14,20,98,66,89,44,61,65,82,56,106,15,12,56,55,57,86,45,19,56,17,18,85,53,79,74,48,46
P,2023HU0059719,8,01,00500,4,56,1019518,53,59,1,,1,2,2,2,2,2,,,2,,,2,,,0,1,2,2,2,2,2,2,200,10,1,01,2,3,2,2,2,2,2002,1,4,,,,,,,,,3,5,3,3,3,0,0,20,0,1,,20,0,1,0,0,80000,40,1,52,1,,2,032,051,,2,1,,1,,,1,01,7970,090,049,,,,4,6211,1,,0,3200,,80000,80200,046,501,00500,056,1,2,4,1,1000,001,0,0,0,0,1,0,0,1,0,,,,,291124,,1,0,0,0,0,0,0,0,0,0,0,0,0,0,0,0,0,0,0,0,0,0,0,0,0,0,,0,,0,,0,0,0,0,0,0,0,0,0,0,0,0,0,0,0,0,0,0,0,0,0,0,0,0,0,0,0,0,0,0,0,0,0,0,0,0,0,0,0,0,0,0,0,0,0,0,0,59,85,85,94,49,54,51,55,56,14,15,15,55,95,47,16,57,51,17,16,50,14,18,19,58,56,40,58,62,67,90,86,67,22,79,80,46,51,92,72,77,94,72,99,47,58,57,47,66,13,14,14,46,83,51,19,60,53,16,14,49,14,17,14,55,64,46,49,57,119,86,113,43,20,62,96,44,65,102,93
P,2023HU0061543,8,01,00100,4,56,1019518,175,42,1,,2,2,2,2,2,2,,,1,,2,2,,,0,2,2,2,1,2,2,2,0,148,1,01,2,5,,,,,,1,4,,,,,,,,,3,5,3,3,3,600,0,20,0,1,,20,0,2,0,0,31000,40,1,52,1,,2,087,032,,1,1,,1,,,1,01,7970,119,040,,,,6,6211,1,,0,3645,2,31000,31600,042,134,00100,056,2,1,4,9,9000,017,1,0,0,0,2,0,0,1,0,,,,,319092,,1,0,0,0,0,0,0,0,0,0,0,0,0,0,0,0,0,0,0,0,0,0,0,0,0,0,,0,0,0,,0,0,0,0,0,0,0,0,0,0,0,0,0,0,0,0,0,0,0,0,0,0,0,0,0,0,0,0,0,0,0,0,0,0,0,0,0,0,0,0,0,0,0,0,0,0,0,60,197,150,116,179,169,261,240,242,193,62,210,280,188,205,359,210,36,55,214,260,173,222,219,148,230,110,73,49,141,223,135,55,163,168,66,187,360,266,346,197,128,126,155,170,201,60,56,97,173,181,143,85,231,194,48,155,286,244,49,66,241,242,190,157,178,352,241,155,179,76,191,260,152,177,393,214,74,60,68
P,2023HU0061543,8,02,00100,4,56,1019518,205,19,1,,1,2,2,2,2,2,,,1,,,,,,0,2,2,2,2,2,2,2,0,60,,10,2,5,,,,,,1,4,,,,,,,,,3,5,3,3,3,0,0,25,0,1,,16,0,1,0,0,1200,24,1,16,1,,2,087,032,,1,,,1,,,2,01,5392,106,055,,,,6,4552,1,,0,4720,,1200,1200,042,134,00100,056,2,2,3,9,9000,017,1,0,0,0,2,0,0,1,0,,,,,412010,,1,0,0,0,0,0,0,0,0,0,0,0,0,0,0,0,0,0,0,0,0,0,0,0,0,0,,0,,0,,0,0,0,0,0,0,1,0,0,0,0,0,0,0,0,0,0,0,0,0,0,0,0,0,0,0,0,0,0,0,0,0,0,0,0,0,0,0,0,0,0,0,0,0,0,0,0,90,256,102,98,203,196,258,321,244,278,53,255,460,275,172,326,226,52,82,179,246,202,328,260,158,207,125,89,44,171,311,182,79,204,208,70,203,358,246,473,224,165,159,183,240,292,64,67,92,251,232,120,94,331,197,67,195,317,273,44,97,268,328,217,183,191,422,282,173,216,112,164,222,175,224,347,192,62,71,94
P,2023HU0061543,8,03,00100,4,56,1019518,59,10,1,,,2,2,2,,2,,,1,,,,,,0,2,2,2,1,2,2,2,,,,,2,5,,,,,,1,,,,,,,,,,,,,,,,,25,,2,06,06,,1,,,,,,,,,2,087,032,,1,,7,,,,1,01,,,,,,,,,1,7,1,,,,,042,134,,,2,1,3,9,9000,017,1,0,0,0,2,0,0,1,1,,,,,,,1,0,0,0,0,0,0,0,0,0,0,0,0,0,0,0,0,0,0,0,0,0,0,0,0,0,,0,0,0,,0,0,0,0,0,0,0,0,0,0,0,0,0,0,0,0,0,0,0,0,0,0,0,0,0,0,0,0,0,0,0,0,0,0,0,0,0,0,0,0,0,0,0,0,0,0,0,15,68,74,47,38,66,122,79,106,101,32,81,90,71,65,124,69,10,15,70,153,66,45,70,82,55,25,51,14,45,63,44,23,60,59,17,63,184,149,83,149,55,39,44,86,80,18,30,21,39,74,36,20,68,65,17,49,150,186,42,15,55,104,77,54,58,141,71,70,98,50,89,99,51,81,102,61,17,9,30
P,2023HU0061978,8,01,00500,4,56,1019518,49,38,1,,2,2,2,2,2,2,,,2,,2,2,,,2,1,1,2,2,2,2,2,0,148,1,01,2,5,,,,,,1,4,,,,,,,,,3,5,3,3,3,0,0,20,0,1,,21,0,2,0,0,62000,40,1,52,1,,2,022,050,,2,1,,1,5404,,1,01,9170,136,073,,,,6,813M,1,,0,0420,4,62000,62000,056,400,00500,056,1,2,3,1,1000,001,0,0,0,0,1,0,0,1,0,2,2,,,119151,,1,0,0,0,0,0,0,0,0,0,0,0,0,0,0,0,0,0,0,0,0,0,1,0,0,0,,1,,1,,1,1,1,0,0,0,0,0,0,0,0,0,0,0,0,0,0,0,0,0,0,0,0,0,0,0,0,0,0,1,1,0,0,0,0,0,0,0,0,0,0,0,0,0,0,0,0,33,39,73,118,100,39,12,67,74,55,47,74,47,14,13,14,55,71,56,100,40,44,15,17,20,38,79,61,17,40,57,20,44,90,67,85,64,45,48,81,73,49,16,14,11,44,79,48,17,48,56,10,43,98,91,62,45,45,54,18,66,50,123,73,90,77,15,44,95,53,49,86,42,13,18,14,68,41,53,20
P,2023HU0062053,8,01,00200,4,56,1019518,47,58,1,,2,2,2,2,2,2,,,2,,,2,,,0,1,2,2,2,2,2,2,0,5,1,01,2,1,2,2,1,2,1989,1,4,,,,,,,,,3,5,3,3,3,0,0,20,0,1,,22,0,1,0,0,72000,40,1,52,1,,1,022,999,,2,1,,1,2311,,1,01,9160,095,055,,,,1,8131,1,,0,2040,,72000,72000,006,447,00200,056,1,2,2,1,1000,001,0,0,0,0,1,0,0,1,0,2,1,,,212011,,1,0,0,0,0,0,0,0,0,0,0,0,0,0,0,0,0,0,0,0,0,0,0,0,0,0,,0,,0,,0,0,0,0,0,0,0,0,0,0,0,0,0,0,0,0,0,0,0,0,0,0,0,0,0,0,0,0,0,0,0,0,0,0,0,0,0,0,0,0,0,0,0,0,0,0,0,65,72,47,56,34,13,20,45,17,79,16,55,49,72,58,50,52,34,52,46,108,49,11,104,77,56,62,14,42,57,64,48,14,41,45,90,75,14,17,39,15,61,95,17,20,43,33,72,63,57,35,51,77,67,64,15,18,59,64,80,37,15,54,42,58,64,56,42,83,14,70,17,41,13,19,43,63,80,45,14
P,2023HU0062053,8,02,00200,4,56,1019518,27,55,1,,2,2,2,2,2,2,,,2,,,2,,,0,1,2,2,2,2,2,2,0,5,1,01,2,1,2,2,1,2,1989,1,4,,,,,,,,,3,5,3,3,3,0,0,21,0,1,,20,0,2,0,0,18000,40,1,36,1,,2,089,082,,2,1,,1,,,1,01,7860,095,055,,,,1,6111,1,,0,2310,4,18000,18000,008,447,00200,056,1,2,1,1,1000,001,0,0,0,0,1,0,0,1,0,,,,,252020,,1,0,0,0,0,0,0,0,0,0,0,0,0,0,0,0,0,0,0,0,0,0,0,0,0,0,,0,,0,,0,0,0,0,0,0,0,0,0,0,0,0,0,0,0,0,0,0,0,0,0,0,0,0,0,0,0,0,0,0,0,0,0,0,0,0,0,0,0,0,0,0,0,0,0,0,0,38,49,20,31,24,8,9,22,9,48,11,33,25,41,40,28,27,20,23,24,50,19,7,52,47,34,39,8,22,25,26,25,9,20,23,46,44,8,9,19,7,32,42,10,10,28,23,44,29,28,24,30,34,31,35,11,8,36,44,38,26,9,28,22,28,40,40,24,38,10,40,8,26,7,12,23,33,34,21,8
P,2023HU0062156,8,01,00100,4,56,1019518,371,40,1,,2,2,2,2,2,2,,,2,,,2,,,0,1,2,2,2,2,2,2,0,,,,2,5,,,,,,1,4,,,,,,,,,1,5,2,3,3,0,0,20,0,1,,21,0,1,0,0,100000,52,1,52,1,,4,999,999,,2,,,2,3301,,1,01,0680,,,,,,6,22132,1,,0,8620,,100000,100000,006,501,,,1,2,1,1,1000,001,0,0,0,0,1,0,0,1,0,2,2,,,518031,,1,0,0,0,0,0,0,0,0,0,0,0,0,0,0,0,0,0,0,0,0,0,0,0,0,0,,0,,0,,0,0,0,0,0,0,0,0,0,0,0,0,0,0,0,0,0,0,0,0,0,0,0,0,0,0,0,0,0,0,0,0,0,0,0,0,0,0,0,0,0,0,0,0,0,0,0,133,449,339,194,152,123,106,349,122,359,117,360,328,389,415,143,132,359,340,372,455,487,498,356,475,447,401,610,459,574,327,534,633,446,503,315,265,634,665,603,541,437,258,508,581,435,562,303,545,454,669,350,475,412,507,810,546,276,293,405,353,111,132,413,441,430,478,143,418,116,354,116,140,128,105,335,389,110,112,115
P,2023HU0062604,8,01,00300,4,56,1019518,100,70,1,,,2,1,1,2,2,,,2,,,2,,,2,2,1,1,2,2,2,2,0,,,,2,3,2,2,3,2,2005,1,4,,,,,,,,,2,5,2,2,3,0,0,20,28000,1,,19,0,2,0,26500,0,,3,,2,,2,022,050,,1,,,6,,,1,01,,,,,,,4,,1,,0,,4,0,54500,032,375,,,1,1,2,1,1000,001,0,0,0,0,1,0,0,1,0,,,,,,,1,0,0,0,0,0,0,0,0,0,0,0,0,0,0,0,0,0,0,0,0,0,1,0,0,0,0,0,,1,,1,1,1,0,0,0,0,0,0,0,0,0,0,0,0,0,0,0,0,0,0,0,0,0,0,0,1,0,0,1,1,0,0,1,0,0,0,0,0,0,1,0,0,0,0,0,0,33,108,313,112,29,98,127,120,38,107,28,126,91,142,96,98,90,161,169,96,110,191,119,28,147,26,33,146,103,178,116,86,108,103,144,30,32,65,86,167,223,110,32,126,147,100,107,90,189,99,183,27,103,30,76,122,120,28,27,92,113,29,89,138,81,153,203,33,97,32,93,89,27,97,27,157,203,97,126,30
P,2023HU0062604,8,02,00300,4,56,1019518,110,70,1,,1,2,1,2,2,2,,,2,,,2,,,0,2,2,1,2,2,2,2,11000,,,,2,3,2,2,3,2,1995,1,4,,,,,,,,,2,5,2,2,3,0,0,22,0,1,,16,0,1,0,23400,0,,2,,2,,2,022,032,,1,,,6,,,1,01,8680,,,,,,4,722Z,1,,0,4150,,0,34400,056,236,,,2,1,2,1,1000,001,0,0,0,0,1,0,0,1,0,,,,,359031,,1,0,0,0,0,1,0,0,0,0,0,0,0,0,0,0,0,0,0,0,0,0,1,0,0,0,0,0,,1,,1,1,1,0,1,1,0,0,0,0,0,0,0,0,0,0,0,1,0,0,0,0,1,1,1,0,1,0,0,1,1,0,0,1,0,0,0,0,0,1,1,0,0,0,0,0,0,42,119,259,127,28,112,107,116,40,139,28,171,114,175,122,111,91,188,168,117,124,179,119,28,136,31,39,166,122,169,140,88,107,98,171,33,37,69,99,208,225,112,35,138,157,115,118,88,216,110,194,29,117,31,86,142,113,33,31,104,126,31,102,167,87,166,198,29,102,38,99,102,23,110,31,169,228,111,148,29
P,2023HU0063003,8,01,00300,4,56,1019518,141,30,1,,2,2,2,2,2,2,,,2,,2,2,,,0,1,2,2,2,2,2,2,0,10,1,01,2,1,2,2,1,2,2016,1,4,,,,,,,,,3,5,2,3,3,0,0,20,0,2,16,22,0,2,0,0,58000,40,1,52,1,,4,999,999,,2,1,,1,6107,,1,01,7860,095,054,,,,1,6111,1,,0,3255,1,58000,58000,008,501,00300,056,1,2,3,1,1000,001,0,0,0,0,1,0,0,1,0,2,1,,,291141,,1,0,0,0,0,1,0,0,0,0,0,0,0,0,0,0,0,0,0,0,0,0,0,0,0,0,,0,,0,,0,0,0,0,0,0,0,0,0,0,0,0,0,0,0,0,0,0,0,0,0,0,0,0,0,0,0,0,0,0,0,0,0,0,0,0,0,0,0,0,0,0,0,0,0,0,0,154,141,154,199,161,36,43,34,233,339,152,59,164,93,47,142,170,273,225,44,110,107,160,138,141,220,291,190,161,44,132,204,111,141,223,187,38,33,45,228,120,131,136,150,162,43,50,35,128,218,181,41,143,159,51,173,253,206,204,42,231,152,115,128,154,244,218,225,157,39,137,242,110,157,289,144,46,33,42,270
P,2023HU0063003,8,02,00300,4,56,1019518,188,30,1,,1,2,2,2,2,2,,,2,,,2,,,0,1,2,2,2,2,2,2,0,80,1,01,2,1,2,2,1,2,2016,1,4,,,,,,,,,2,1,2,2,3,0,0,21,0,1,,20,0,1,0,0,80000,40,1,52,1,,4,999,999,,2,1,,1,,,1,01,8770,086,031,,,,1,8111Z,1,,0,8810,,80000,80000,056,501,01000,008,1,2,2,1,1000,001,0,0,0,0,1,0,0,1,0,,,,,519120,,1,0,0,0,0,0,0,0,0,0,0,0,0,0,0,0,0,0,0,0,0,0,0,0,0,0,,0,,0,,0,0,0,0,0,0,0,0,0,0,0,0,0,0,0,0,0,1,0,0,0,0,0,0,0,0,0,0,0,0,0,0,0,0,0,0,0,0,0,0,0,0,0,0,0,0,0,230,189,163,247,210,56,73,66,265,323,193,57,246,161,52,220,284,319,283,44,139,147,212,206,178,308,374,212,194,64,193,314,151,151,304,208,42,46,61,265,227,240,162,220,213,77,56,45,205,367,203,53,252,187,53,183,273,288,245,70,208,195,153,197,198,310,245,291,247,56,187,322,183,196,262,215,57,42,55,364
P,2023HU0063003,8,03,00300,4,56,1019518,111,5,1,,,2,2,2,,2,,,2,,,,,,0,1,2,2,2,2,2,2,,,,,2,5,,,,,,1,,,,,,,,,,,,,,,,,25,,2,02,01,,2,,,,,,,,,4,999,999,,2,,1,,,,1,01,,,,,,,,,1,1,1,,,,,056,501,,,1,2,1,1,1000,001,0,0,0,0,1,0,0,1,1,,,,,,,1,0,0,0,0,0,0,0,0,0,0,0,0,0,0,0,0,0,0,0,0,0,0,0,0,0,,0,,0,,0,0,0,0,0,0,0,0,0,0,0,0,0,0,0,0,0,0,0,0,0,0,0,0,0,0,0,0,0,0,0,0,0,0,0,1,0,0,0,0,0,0,0,0,0,0,0,140,106,100,155,97,24,28,33,185,196,88,34,135,89,29,134,163,171,196,37,98,95,122,126,117,202,176,158,161,36,98,188,101,95,173,122,35,39,35,204,129,125,100,119,104,37,37,37,107,205,110,31,101,102,33,126,209,195,180,36,124,108,94,106,106,144,182,195,103,32,100,201,95,120,206,121,41,26,28,229
P,2023HU0063266,8,01,00500,4,56,1019518,21,54,1,,1,2,2,2,2,2,,,2,,,2,,,0,2,2,2,2,2,2,1,240,20,1,01,2,1,2,2,1,2,1999,1,4,,,,,,,,,3,5,3,3,3,0,0,20,0,1,,19,0,1,0,0,69000,40,1,52,1,,1,917,999,,2,1,,1,,,2,02,9090,090,047,,,,2,8129,1,,0,0960,,69000,69240,056,433,00500,056,2,2,4,3,5013,003,1,0,0,0,1,0,0,0,0,,,,,1320XX,,1,0,0,0,0,0,0,0,0,0,0,0,0,0,0,0,0,0,0,0,0,0,0,0,0,0,,0,,0,,0,0,0,0,0,0,1,1,0,0,0,0,0,0,0,0,0,1,0,0,0,0,0,1,1,1,1,0,0,0,0,0,0,1,0,0,0,0,0,0,1,1,0,0,0,0,0,24,19,25,4,27,47,30,19,24,21,19,22,6,25,41,7,21,11,20,39,5,20,9,37,20,7,6,21,18,17,28,26,45,27,7,32,13,22,20,46,7,15,7,40,23,11,5,20,22,16,25,19,35,36,6,27,23,28,17,8,35,17,32,6,29,45,40,19,18,17,20,26,8,21,28,6,22,7,21,6
P,2023HU0063266,8,02,00500,4,56,1019518,16,28,1,,1,2,2,2,2,2,,,2,,,,,,0,2,2,2,2,2,2,1,360,25,1,01,2,5,,,,,,1,4,,,,,,,,,3,5,3,3,3,0,0,25,0,1,,16,40000,1,0,0,2000,40,1,52,1,,1,215,999,,2,1,,1,,,2,02,8980,123,079,,,,6,812112,1,,0,4500,,42000,42360,056,433,00500,056,2,2,2,9,9000,017,1,0,0,0,2,0,0,1,0,,,,,395011,,1,0,0,0,0,0,0,0,0,0,0,0,0,0,0,0,0,0,0,0,0,0,0,0,0,0,,0,,0,,0,0,0,0,0,0,0,0,0,0,0,0,0,0,0,0,0,0,0,0,0,0,0,0,0,0,0,0,0,0,0,0,0,0,0,0,0,0,0,0,0,0,0,0,0,0,0,23,12,21,6,21,37,28,12,21,19,22,16,4,20,34,9,14,7,21,36,6,12,5,29,15,4,4,14,13,14,12,23,38,15,6,20,16,20,13,18,6,18,3,29,17,8,4,15,18,16,14,12,22,23,2,19,13,26,18,8,22,22,28,7,22,27,33,13,14,27,21,27,8,19,31,4,13,5,16,6
P,2023HU0063266,8,03,00500,4,56,1019518,16,19,1,,1,2,2,2,2,2,,,2,,,,,,0,2,2,2,2,2,2,1,360,30,1,01,2,5,,,,,,1,4,,,,,,,,,3,5,3,3,3,0,0,25,0,1,,16,0,1,0,0,22200,40,1,52,1,,1,215,999,,2,1,,1,,,2,02,8590,112,067,,,,6,713Z,1,,0,0440,,22200,22560,056,433,00500,056,2,2,3,9,9000,017,1,0,0,0,2,0,0,1,0,,,,,1191XX,,1,0,0,0,0,0,0,0,0,0,0,0,0,0,0,0,0,0,0,0,0,0,1,0,1,0,,0,,0,,0,0,0,0,0,1,0,0,0,0,0,0,0,0,0,0,0,0,0,0,0,0,0,1,1,1,1,0,0,1,0,0,0,1,0,0,0,0,0,1,1,1,0,0,0,0,0,23,12,21,6,20,37,28,12,22,20,22,15,5,20,34,9,14,7,21,36,4,12,5,29,17,4,4,15,13,13,14,23,37,15,5,20,16,19,14,19,4,18,3,29,18,8,5,14,17,17,14,12,24,23,3,19,14,26,17,7,21,23,27,7,21,26,32,13,15,27,20,27,8,19,31,6,13,5,15,6
P,2023HU0063266,8,04,00500,4,56,1019518,28,16,1,,,2,2,2,2,2,,,2,,2,,,,0,2,2,2,2,2,2,1,240,,,,2,5,,,,,,1,,,,,,,,,,2,5,2,2,3,0,0,25,0,2,14,14,0,2,0,0,0,,3,,2,,1,215,999,,2,,5,6,,,2,02,,,,,,,6,,1,5,1,,4,0,240,056,433,,,2,2,2,9,9000,017,1,0,0,0,2,0,0,1,1,,,,,,,1,0,0,0,0,0,0,0,0,0,0,0,0,0,0,0,0,0,0,0,0,0,0,0,0,0,,0,,0,,0,0,0,0,0,0,0,0,0,0,0,0,0,0,0,0,0,0,0,0,0,0,0,0,0,0,0,0,0,0,0,0,0,0,0,0,0,0,0,0,0,0,0,0,0,0,0,36,26,36,7,32,31,46,22,21,25,30,21,8,24,43,7,28,9,39,33,6,26,10,47,26,7,7,22,41,39,35,29,46,31,12,49,19,45,36,54,10,44,8,35,23,9,11,25,29,20,29,23,35,26,7,44,27,32,24,9,60,20,50,12,30,61,41,34,27,24,22,23,11,28,38,6,29,8,19,8
P,2023HU0064794,8,01,00100,4,56,1019518,244,78,1,,,2,2,2,2,2,,,2,,,2,,,0,2,2,1,2,2,2,2,11200,,,,2,2,2,2,2,2,1992,1,4,,,,,,,,,2,5,2,2,3,0,0,20,14200,1,,21,0,2,0,31700,0,,3,,2,,1,032,999,,2,,,6,2306,,1,01,,,,,,,3,,1,,0,,4,0,57100,031,403,,,2,1,2,1,1000,001,0,0,0,0,1,0,0,1,0,2,2,,,,,1,0,0,0,0,0,0,0,0,0,0,0,0,0,0,0,0,0,0,0,0,0,0,0,0,0,0,0,,0,,0,0,0,0,0,0,0,0,0,0,0,0,0,0,0,0,0,0,0,0,0,0,0,0,0,0,0,0,0,0,0,0,0,0,0,0,0,0,0,0,0,0,0,0,0,0,0,306,346,317,262,100,236,311,293,188,270,202,82,109,108,196,223,236,248,244,77,344,297,364,233,104,264,407,325,228,449,214,53,96,101,262,319,283,238,336,66,365,352,348,208,93,226,281,248,214,319,218,116,99,86,252,180,245,283,285,71,319,277,344,266,116,317,398,298,260,393,281,86,80,82,252,218,221,229,271,70
P,2023HU0065042,8,01,00300,4,56,1019518,76,62,1,,1,2,1,2,2,2,5,1,2,,,2,,,0,2,2,2,2,1,1,2,0,,,,2,3,2,2,2,2,1990,1,2,0,1,1,0,0,0,0,0,2,5,2,2,3,25800,0,20,0,1,,19,0,2,0,3100,28000,30,1,40,2,,2,011,082,,1,,,6,,,1,01,5491,,,,,,4,4595,1,,0,8740,4,28000,56900,051,501,,,1,1,2,1,1000,001,0,0,0,0,1,0,0,1,0,,,,,519061,04,1,0,0,0,0,0,0,0,0,0,0,0,0,0,0,0,0,0,0,0,0,0,0,0,0,0,,0,,0,0,0,0,1,0,0,0,0,0,0,0,0,0,0,0,0,0,0,0,0,0,0,0,0,0,0,0,0,0,0,0,0,0,0,0,0,0,0,0,0,0,0,0,0,0,0,0,0,176,74,19,144,24,52,75,84,93,81,89,157,22,65,83,28,24,67,158,73,77,20,70,74,78,21,123,124,118,101,25,77,49,101,29,84,89,21,79,19,27,95,136,26,132,86,71,54,80,66,72,17,170,81,67,147,131,70,20,91,97,123,67,91,72,134,24,22,23,25,121,87,72,29,101,52,70,113,76,129
P,2023HU0065042,8,02,00300,4,56,1019518,37,25,1,,1,2,2,2,2,2,,,2,,,,,,0,1,2,2,2,2,2,2,0,60,1,01,2,1,2,2,1,2,2019,3,4,,,,,,,,,3,5,3,3,3,0,0,25,0,1,,20,0,1,0,0,40000,40,1,52,1,,1,195,999,,2,1,,1,,,1,01,8090,118,067,,00300,056,1,6214,1,,0,3620,,40000,40000,008,501,00300,056,1,2,1,1,1000,001,0,0,0,0,1,0,0,1,0,,,1,1,312020,,1,0,0,0,0,0,0,0,0,0,0,0,0,0,0,0,0,0,0,0,0,0,0,0,0,0,,0,,0,,0,0,0,0,0,0,0,0,0,0,0,0,0,0,1,0,0,0,0,1,0,0,0,0,0,0,0,0,0,0,0,0,0,0,0,0,0,0,0,0,0,0,0,0,0,0,0,123,28,14,92,9,26,32,31,48,34,37,69,18,30,36,15,10,39,79,37,31,10,36,27,61,10,76,67,42,54,10,33,28,48,12,46,47,15,46,9,15,37,81,15,65,43,35,21,38,37,34,9,127,48,31,69,50,33,11,44,37,78,25,36,60,73,14,12,11,12,41,40,30,13,43,34,29,62,38,54
P,2023HU0065042,8,03,00300,4,56,1019518,41,24,1,,1,2,2,2,2,2,,,2,,2,,,,0,1,2,2,2,2,2,2,0,60,1,01,2,1,2,2,1,2,2019,3,4,,,,,,,,,3,5,3,3,3,0,0,32,0,1,,20,0,2,0,0,27300,35,1,52,1,,1,195,999,,2,1,,1,,,1,01,8170,100,049,,00790,030,1,6216,1,,0,3602,4,27300,27300,006,501,00300,056,1,2,4,1,1000,001,0,0,0,0,1,0,0,1,0,,,1,1,311122,,1,0,0,0,0,0,0,0,0,0,0,0,0,0,0,0,0,0,0,0,0,0,0,0,0,0,,0,,0,,0,0,0,0,0,0,0,0,0,0,0,0,0,0,0,0,0,0,0,1,0,0,0,0,0,0,0,0,0,0,0,0,0,0,0,0,0,0,0,0,0,0,0,0,0,0,0,107,29,12,105,13,29,33,51,56,41,45,81,16,38,38,14,12,41,80,36,38,11,47,49,50,11,67,79,53,63,14,34,33,71,13,38,48,12,43,11,16,42,87,19,81,67,47,25,45,43,34,9,90,48,34,70,63,39,10,33,36,65,34,46,47,68,14,11,13,17,62,39,41,18,68,38,32,66,49,68
P,2023HU0065739,8,01,00400,4,56,1019518,120,30,1,,1,2,2,2,2,2,,2,2,,,2,,,0,1,2,2,2,2,2,2,0,3,1,01,2,5,,,,,,1,2,1,0,0,0,0,0,0,0,3,5,3,3,3,0,0,20,0,1,,19,0,1,0,0,50000,60,1,52,1,,1,032,999,,2,1,,1,,,1,01,8680,079,040,,,,6,722Z,1,,0,0310,,50000,50000,056,318,00400,056,1,2,4,1,1000,001,0,0,0,0,1,0,0,1,0,,,,,119051,01,1,0,0,0,0,0,0,0,0,0,0,0,0,0,0,0,0,0,0,0,0,0,0,0,0,0,,0,,0,,0,0,0,0,0,0,0,0,0,0,0,0,0,0,0,0,0,0,0,0,0,0,0,0,0,0,0,0,0,0,0,0,0,0,0,0,0,0,0,0,0,0,0,0,0,0,0,88,38,151,189,131,29,42,104,77,29,184,173,258,225,141,245,64,127,96,107,100,45,137,160,138,47,27,137,161,27,207,87,179,153,98,209,40,177,179,136,90,39,134,157,131,39,43,128,118,38,236,75,195,180,103,330,29,135,122,111,117,46,119,220,131,56,31,88,77,41,239,116,191,216,182,152,38,134,83,118
P,2023HU0065739,8,02,00400,4,56,1019518,120,39,1,,1,2,2,2,2,2,,,2,,,2,,,0,1,2,2,2,2,2,2,0,15,1,01,2,5,,,,,,1,4,,,,,,,,,3,5,3,3,3,0,0,24,0,1,,15,0,1,0,0,31000,38,1,52,1,,1,051,999,,2,1,,1,,,1,01,1691,055,016,,,,6,315M,1,,0,9630,,31000,31000,008,197,00400,056,1,2,2,1,1000,001,0,0,0,0,1,0,0,1,0,,,,,537063,,1,0,0,0,0,0,0,0,0,0,0,0,0,0,0,0,0,0,0,0,0,0,0,0,0,0,,0,,0,,0,0,0,0,0,0,0,0,0,0,0,0,0,0,0,0,0,0,0,0,0,0,0,0,0,0,0,0,0,0,0,0,0,0,0,0,0,0,0,0,0,0,0,0,0,0,0,114,42,120,197,141,37,36,101,119,59,165,116,177,200,153,240,54,106,117,92,152,39,119,174,97,39,35,112,155,40,228,132,172,177,97,184,41,110,138,133,109,46,118,174,136,32,38,141,100,40,223,136,193,185,114,285,34,85,142,134,98,40,96,180,120,42,41,142,98,33,263,102,215,215,109,181,27,148,138,101
P,2023HU0066893,8,01,00300,4,56,1019518,119,67,1,,,2,1,1,1,1,5,1,1,,,2,,,2,2,1,1,2,1,1,2,0,,,,2,3,2,2,2,2,1987,1,2,0,0,1,0,0,0,0,0,2,5,2,2,3,16800,0,20,17700,1,,19,0,1,0,18200,0,,3,,2,,1,021,999,,1,,,6,,,1,01,,,,,,,4,,1,,0,,,0,52700,008,371,,,1,1,2,1,1000,001,0,0,0,0,1,0,0,1,0,,,,,,12,1,0,0,0,0,0,0,0,0,0,0,0,0,0,0,0,0,0,0,0,0,0,0,0,0,0,0,0,,0,0,0,0,0,0,0,0,0,0,0,0,0,0,0,0,0,0,0,0,0,0,0,0,0,1,0,0,1,0,0,0,0,0,0,0,0,0,0,0,0,0,0,0,0,0,0,0,0,233,154,40,231,104,146,112,35,139,36,217,137,28,34,149,142,95,96,132,46,38,154,241,39,152,32,130,236,116,153,49,137,128,157,105,119,132,75,102,34,33,111,238,37,121,28,147,202,88,150,55,146,191,174,145,169,117,102,130,211,196,127,43,186,115,184,152,35,115,36,187,165,25,24,145,105,111,114,129,175
P,2023HU0067607,8,01,00400,4,56,1019518,58,74,1,,,2,2,2,2,2,,2,2,,,2,,,0,1,2,1,2,2,1,2,5800,,,,2,1,2,2,1,2,1999,1,2,0,0,0,1,0,0,0,0,2,5,2,2,3,0,0,20,27500,1,,22,0,1,0,22100,0,,3,,2,,1,050,999,,2,,,6,5507,,1,01,,,,,,,1,,1,,0,,,0,55400,019,501,,,1,1,2,1,1000,001,0,0,0,0,1,0,0,1,0,1,2,,,,06,1,0,0,0,0,0,0,0,0,0,0,0,0,0,0,0,0,0,0,0,0,0,1,0,0,1,0,0,,1,,1,1,1,0,0,0,0,0,0,0,0,0,0,0,0,0,0,0,0,0,0,0,0,0,0,0,0,0,0,1,1,0,0,0,0,0,0,0,0,0,0,0,0,0,0,0,0,92,67,71,106,56,16,19,14,59,70,62,53,55,90,117,94,46,22,58,110,16,59,60,20,58,101,101,89,62,55,54,61,70,17,16,17,66,71,48,95,16,58,63,14,60,91,98,117,55,60,56,75,65,16,18,18,57,99,68,20,99,63,69,137,56,17,17,17,54,68,59,45,67,87,84,100,59,16,45,14
P,2023HU0067607,8,02,00400,4,56,1019518,56,75,1,,3,2,2,2,2,2,,,2,,,2,,,0,2,2,1,2,2,2,2,430,,,,2,1,2,2,2,2,1999,1,4,,,,,,,,,2,5,2,2,3,9800,0,21,6200,1,,18,0,2,0,20900,0,,2,,2,,2,087,021,,2,,,6,,,1,01,7860,,,,,,1,6111,1,,0,2545,4,0,37330,056,501,,,2,1,4,1,1000,001,0,0,0,0,1,0,0,1,0,,,,,259040,,1,0,0,0,0,0,0,0,0,0,0,0,0,0,0,0,0,0,0,0,0,0,0,0,0,0,0,0,,0,,0,0,0,0,0,0,0,0,0,0,0,0,0,0,0,0,0,0,0,0,0,0,0,0,0,0,0,0,0,0,0,0,0,0,0,0,0,0,0,0,0,0,0,0,0,0,0,97,60,79,105,51,15,19,16,58,79,59,49,51,69,103,106,46,21,60,84,17,71,56,17,51,87,109,97,59,43,50,53,67,19,14,11,62,85,46,94,16,48,55,18,68,90,93,115,43,51,54,58,62,16,16,19,61,102,53,18,89,76,79,116,43,15,20,14,52,79,61,45,53,97,81,100,53,16,47,15
P,2023HU0068168,8,01,00200,4,56,1019518,19,33,1,,2,2,2,2,2,2,,,2,,,2,,,0,1,2,2,2,2,2,2,0,7,1,01,2,1,2,2,1,2,2015,1,4,,,,,,,,,3,5,3,3,3,0,0,20,0,1,,20,-6000,1,0,0,135000,40,1,52,1,,2,032,050,,2,1,,1,,,1,01,0570,079,039,,,,1,2211P,1,,0,7410,,129000,129000,056,321,00200,056,1,2,2,1,1000,001,0,0,0,0,1,0,0,1,0,,,,,499051,,1,0,0,0,0,0,0,0,0,0,0,0,0,0,0,0,0,0,0,0,0,0,0,0,0,0,,0,,0,,0,0,0,0,0,0,0,0,0,0,0,0,0,0,0,0,0,0,0,0,0,0,0,0,0,0,0,0,0,0,0,0,0,0,0,0,0,0,0,0,0,0,0,0,0,0,0,6,26,24,16,21,6,19,19,46,57,9,8,32,18,5,18,27,25,21,11,24,21,19,20,22,40,30,25,6,10,38,45,5,9,17,6,9,20,13,15,8,18,17,11,11,6,17,14,52,59,8,9,88,35,4,31,64,27,22,15,40,9,10,14,17,40,14,14,9,5,20,50,15,30,24,4,6,18,21,14
P,2023HU0068168,8,02,00200,4,56,1019518,64,30,1,,1,2,2,2,2,2,,,2,,1,2,,,0,1,2,2,2,2,2,2,0,,,,2,1,2,2,1,2,2015,1,4,,,,,,,,,2,5,2,2,3,1500,0,21,0,1,,20,0,2,0,0,0,,2,,2,,1,924,999,,2,,,6,,,1,01,8191,,,,,,1,622M,1,,0,3620,3,0,1500,056,321,,,1,2,1,3,5013,003,1,0,0,0,1,0,0,0,0,,,,,312020,,1,0,0,0,0,0,0,0,0,0,0,0,0,0,0,0,0,0,0,0,0,0,0,0,0,0,,0,,0,,0,0,0,0,0,0,0,0,0,0,0,0,0,0,0,0,0,0,0,0,0,0,0,0,0,0,0,0,0,0,0,0,0,0,0,0,0,0,0,0,0,0,0,0,0,0,0,37,67,45,55,44,15,54,59,100,147,31,32,113,79,25,84,76,65,70,43,98,63,55,52,61,64,69,91,25,16,96,203,30,68,100,26,18,61,78,87,24,46,77,87,85,54,73,45,82,82,16,15,80,59,15,111,96,58,68,53,114,71,50,53,87,135,67,45,15,26,73,143,30,74,134,26,17,44,57,60
P,2023HU0068168,8,03,00200,4,56,1019518,33,7,1,,,2,2,2,,2,,,2,,,,,,0,1,2,2,2,2,2,2,,,,,2,5,,,,,,1,,,,,,,,,,,,,,,,,25,,3,04,04,,2,,,,,,,,,1,924,999,,2,,2,,,,1,01,,,,,,,,,1,1,1,,,,,056,321,,,1,2,1,3,5013,003,1,0,0,0,1,0,0,0,1,,,,,,,1,0,0,0,0,0,0,0,0,0,0,0,0,0,0,0,0,0,0,0,0,0,0,0,0,0,,0,,0,,0,0,0,0,0,0,0,0,0,0,0,0,0,0,0,0,0,0,0,0,0,0,0,0,0,0,0,0,0,0,0,0,0,0,0,0,0,0,0,0,0,0,0,0,0,0,0,22,46,27,27,22,5,21,50,56,54,14,21,55,50,13,36,4,34,34,26,49,49,35,29,31,48,36,43,19,19,40,51,16,48,56,10,8,34,37,43,19,33,43,32,42,29,25,23,34,37,8,9,37,27,12,72,42,32,51,28,60,34,46,34,42,100,45,18,8,13,41,59,23,28,58,29,10,24,42,45
P,2023HU0068168,8,04,00200,4,56,1019518,35,5,1,,,2,2,2,,2,,,2,,,,,,0,1,2,2,2,2,2,2,,,,,2,5,,,,,,1,,,,,,,,,,,,,,,,,25,,3,02,01,,2,,,,,,,,,1,924,999,,2,,2,,,,1,01,,,,,,,,,1,1,1,,,,,056,321,,,1,2,2,3,5013,003,1,0,0,0,1,0,0,0,1,,,,,,,1,0,0,0,0,0,0,0,0,0,0,0,0,0,0,0,0,0,0,0,0,0,0,0,0,0,,0,,0,,0,0,0,0,0,0,0,0,0,0,0,0,0,0,0,0,0,0,0,0,0,0,0,0,0,0,0,0,0,0,0,0,0,0,0,0,0,0,0,0,0,0,0,0,0,0,0,20,46,27,28,20,4,22,48,57,52,15,19,54,52,13,36,4,33,33,24,47,50,35,30,31,48,36,43,20,19,41,50,16,49,56,10,7,33,36,42,20,32,43,32,43,27,23,25,32,37,9,10,36,27,11,72,43,32,51,28,59,35,45,34,42,99,46,19,8,13,43,60,22,28,56,28,10,25,42,45
P,2023HU0068168,8,05,00200,4,56,1019518,33,2,1,,,,2,2,,,,,,,,,,,0,1,2,2,2,2,2,2,,,,,,5,,,,,,1,,,,,,,,,,,,,,,,,25,,,,,,2,,,,,,,,,1,924,999,,2,,2,,,,1,01,,,,,,,,,1,1,1,,,,,056,321,,,1,2,1,3,5013,003,1,0,0,0,1,0,0,0,1,,,,,,,1,0,0,0,0,0,0,0,0,0,0,0,0,0,0,0,0,0,0,0,0,0,0,0,0,0,,0,,0,,0,0,0,0,0,0,0,0,0,0,0,0,0,0,0,0,0,0,0,0,0,0,0,0,0,0,0,0,0,0,0,0,0,0,0,0,0,0,0,0,0,0,0,0,0,0,0,22,47,27,28,21,5,21,50,57,53,14,21,54,50,15,36,4,33,34,26,48,50,35,30,32,49,37,42,19,20,40,50,16,48,56,10,8,35,37,43,19,32,44,31,44,29,24,23,33,36,9,10,37,28,12,73,42,32,52,28,58,34,46,34,43,100,44,18,9,13,41,59,23,28,57,29,11,24,41,44
P,2023HU0068168,8,06,00200,4,56,1019518,113,0,1,,,,2,2,,,,,,,,,,,0,1,2,2,2,2,2,2,,,,,,5,,,,,,,,,,,,,,,,,,,,,,,25,,,,,,2,,,,,,,,,1,924,999,,2,,2,,,,1,01,,,,,,,,,1,1,1,,,,,056,321,,,1,2,3,1,1000,001,0,0,0,0,1,0,0,1,1,,,,,,,1,0,0,0,0,0,0,0,0,0,0,0,0,0,0,0,0,0,0,0,0,0,0,0,0,0,,0,,0,,0,0,0,0,0,0,0,0,0,0,0,0,0,0,0,0,0,0,0,0,0,0,0,0,0,0,0,0,0,0,0,0,0,0,0,0,0,0,0,0,0,0,0,0,0,0,0,45,139,131,100,87,25,97,154,150,158,37,42,172,76,30,173,257,166,113,72,172,136,113,106,171,189,128,138,24,27,170,217,42,112,214,51,35,78,75,89,47,138,120,109,147,51,92,70,142,167,39,40,171,150,42,139,149,110,134,87,248,129,87,94,88,141,85,75,34,37,112,227,59,109,373,81,44,105,98,153
P,2023HU0068462,8,01,00200,4,56,1019518,13,79,1,,,2,2,2,2,2,,,2,,,2,,,0,2,2,1,2,2,2,2,540,,,,2,2,2,2,1,2,1967,1,4,,,,,,,,,3,3,2,2,2,0,0,20,18800,1,,17,0,2,0,5300,0,,3,,2,,2,920,021,,2,,,6,,,1,01,,,,,,,3,,1,,0,,4,0,24640,031,499,,,2,1,4,9,9000,017,1,0,0,0,2,0,0,1,0,,,,,,,1,0,0,0,0,0,0,0,0,0,0,0,0,0,0,0,0,0,0,0,0,0,0,0,0,0,0,0,,0,,0,0,0,0,0,0,0,0,0,0,0,0,0,0,0,0,0,0,0,0,0,0,0,0,0,0,1,1,0,0,0,0,0,1,0,0,0,0,0,0,0,0,0,0,0,0,0,6,13,19,19,8,29,19,7,12,20,17,25,16,22,15,23,12,30,19,11,19,15,3,7,33,4,5,17,14,15,14,7,8,3,16,3,5,3,4,13,11,12,16,27,13,19,20,19,17,9,16,18,14,27,11,21,16,33,30,11,11,15,5,5,18,4,3,7,11,24,17,6,18,6,14,3,4,3,4,15
P,2023HU0068462,8,02,00200,4,56,1019518,15,55,1,,7,2,2,2,2,2,,,2,,,2,,,0,2,2,2,2,2,2,2,0,45,1,01,2,1,2,2,1,2,1990,3,4,,,,,,,,,2,3,2,2,2,0,0,32,0,1,,20,0,1,0,0,65000,40,1,52,1,,1,089,999,,2,1,,1,,,2,01,6170,073,025,,02200,008,2,484,1,,0,9130,,65000,65000,008,499,00200,056,2,2,4,1,1000,001,0,0,0,0,1,0,0,1,0,,,,,533030,,1,0,0,0,0,0,0,0,1,1,0,0,0,0,0,0,0,0,0,0,0,0,0,0,0,0,,0,,0,,0,0,0,0,0,0,0,0,0,0,0,0,0,0,0,0,0,0,0,0,0,0,0,0,0,0,0,0,0,0,0,0,0,0,0,0,0,0,0,0,0,0,0,0,0,0,0,13,10,29,43,6,29,47,16,15,12,13,17,17,34,12,24,34,28,28,18,13,11,3,7,11,4,10,13,16,19,19,5,13,4,17,7,1,3,3,17,11,13,17,21,16,25,21,19,17,13,11,20,10,32,12,19,31,17,19,21,15,14,5,4,18,3,3,12,23,20,15,10,16,3,21,6,6,7,3,19
P,2023HU0068462,8,03,00200,4,56,1019518,10,67,1,,1,2,2,2,2,2,,,2,,,2,,,0,2,2,2,2,2,2,2,0,5,,10,2,1,2,2,1,2,1990,3,4,,,,,,,,,2,3,2,2,2,0,0,34,0,1,,20,0,2,0,0,10000,20,1,52,1,,1,032,999,,2,,,1,,,2,01,7880,095,055,,02200,008,2,611M2,1,,0,4030,4,10000,10000,030,70,00200,056,2,2,4,1,1000,001,0,0,0,0,1,0,0,1,0,,,,,352021,,1,1,0,0,0,0,0,0,0,0,0,0,0,0,0,0,1,0,0,0,0,0,1,0,0,0,,0,,1,,0,1,1,0,0,0,0,0,0,0,0,0,0,0,0,0,0,0,0,0,0,0,0,0,0,0,0,0,0,0,1,0,1,0,0,0,0,0,0,0,0,0,0,0,1,0,0,6,5,15,22,5,22,21,9,8,7,6,14,8,20,10,14,23,22,13,10,8,6,1,4,8,3,5,8,9,12,9,4,8,2,12,3,2,3,3,8,6,8,9,17,9,11,17,11,7,9,5,11,7,19,8,11,13,13,14,11,8,8,3,1,8,3,3,9,14,10,9,5,12,2,11,2,2,3,3,14
P,2023HU0068991,8,01,00200,4,56,1019518,75,62,1,,6,2,2,2,2,2,,,2,,,2,,,1,2,1,2,2,2,2,2,0,2,1,01,2,1,2,2,2,2,1995,1,4,,,,,,,,,2,5,2,2,3,0,0,20,0,1,,19,60000,2,0,0,0,40,1,52,1,,1,195,999,,2,1,,1,,,1,01,8670,082,043,,,,1,721M,1,,0,5400,2,60000,60000,056,201,00200,056,1,2,4,1,1000,001,0,0,0,0,1,0,0,1,0,,,,,434171,,1,0,0,0,0,0,0,0,0,0,0,0,0,0,0,0,0,0,0,0,0,0,0,0,0,0,,0,,0,,0,0,0,0,0,0,1,0,0,0,0,0,0,0,0,0,0,0,0,0,0,0,0,0,0,0,0,0,0,0,0,0,0,0,0,0,0,0,0,0,0,0,0,0,0,0,0,71,18,79,183,112,102,92,68,63,80,64,22,30,31,71,109,90,32,90,23,90,109,72,20,26,33,57,81,104,66,100,122,86,128,76,16,73,100,62,149,67,22,66,123,121,102,65,78,83,87,72,26,28,24,83,136,57,20,62,20,100,108,74,26,25,30,67,72,98,71,62,120,134,122,73,25,85,98,102,150
P,2023HU0068991,8,02,00200,4,56,1019518,53,73,1,,,2,2,2,2,2,,,2,,,2,,,0,2,2,1,2,2,2,2,0,,,,2,1,2,2,3,2,1995,1,4,,,,,,,,,2,5,2,2,3,0,0,21,0,1,,16,0,1,0,18000,0,,3,,2,,4,999,999,,2,,,6,,,1,01,,,,,,,1,,1,,0,,,0,18000,026,201,,,2,1,1,1,1000,001,0,0,0,0,1,0,0,1,0,,,,,,,1,0,0,0,0,0,0,0,0,0,0,0,0,0,0,0,0,0,0,0,0,0,0,0,0,0,0,0,,0,,0,0,0,0,0,0,0,0,0,0,0,0,0,0,0,0,0,0,1,0,0,0,0,0,0,0,0,0,0,0,0,1,0,0,0,0,0,0,0,0,0,0,0,0,0,0,0,43,13,58,106,73,102,63,45,41,50,39,16,20,19,56,81,60,22,46,14,57,80,62,15,16,18,40,56,66,61,64,78,71,112,60,13,60,75,45,106,42,15,50,91,80,75,54,55,59,76,52,14,18,15,57,123,53,14,43,12,61,89,49,16,21,18,42,63,60,46,52,91,81,77,58,14,58,91,51,100
P,2023HU0068991,8,03,00200,4,56,1019518,116,14,1,,,2,2,2,,2,,,2,,,,,,0,2,2,2,1,2,2,2,,,,,2,5,,,,,,1,,,,,,,,,,,,,,,,,25,,2,10,10,,2,,,,,,,,,4,999,999,,2,,3,,,,1,01,,,,,,,,,1,1,1,,,,,029,201,,,2,1,4,1,1000,001,0,0,0,0,1,0,0,1,1,,,,,,,1,0,0,0,0,0,0,0,0,0,0,0,0,0,0,0,0,0,0,0,0,0,0,0,0,0,,0,0,0,,0,0,0,1,0,0,0,0,0,0,0,0,1,0,0,0,0,0,0,0,0,0,0,0,0,0,0,0,0,0,0,1,1,0,0,0,0,0,0,0,0,0,0,0,0,0,0,120,33,125,276,178,255,127,88,96,93,68,35,41,35,108,153,130,57,125,30,160,209,134,38,39,39,72,111,167,108,142,179,160,191,107,28,114,173,108,194,115,41,113,201,186,219,102,106,120,137,102,34,47,30,87,201,109,39,100,26,178,196,135,39,43,39,85,113,127,97,93,141,192,209,80,40,158,174,188,211
P,2023HU0068991,8,04,00200,4,56,1019518,90,18,1,,3,2,2,2,2,2,,,2,,,,,,0,2,2,2,1,2,2,2,0,,,,2,5,,,,,,1,4,,,,,,,,,2,5,2,2,3,0,0,26,0,2,14,14,0,1,0,0,2000,32,1,12,2,,1,195,999,,2,,,6,,,1,01,9080,,,,,,6,8122,1,,0,4251,,2000,2000,056,201,,,2,1,4,8,8000,015,0,0,0,0,1,0,1,0,0,,,,,373011,,1,0,0,0,0,0,0,0,0,0,0,0,0,0,0,0,0,0,0,0,0,0,0,0,0,0,,0,0,0,,0,0,0,0,0,0,0,0,0,0,0,0,0,0,0,0,0,0,0,0,0,0,0,0,0,0,0,0,0,0,0,1,0,0,1,0,0,0,0,0,0,0,0,0,0,0,0,55,29,92,174,95,136,120,74,47,60,40,27,29,52,103,93,77,41,107,21,174,122,129,53,25,39,66,58,68,197,147,150,120,130,130,24,121,81,70,119,48,33,88,182,96,111,118,132,57,93,83,21,18,29,114,144,66,34,64,25,179,124,65,35,29,28,68,92,81,81,99,162,184,110,94,35,161,146,105,122
P,2023HU0068991,8,05,00200,4,56,1019518,50,17,1,,1,2,2,2,2,2,,,2,,,,,,0,2,2,2,1,2,2,2,0,45,1,01,2,5,,,,,,1,4,,,,,,,,,2,5,2,2,2,0,0,26,0,2,13,14,0,1,0,0,2000,30,1,15,1,,4,999,999,,2,1,3,1,,,1,02,0180,091,043,,,,6,112,1,1,1,6050,,2000,2000,056,201,00200,056,2,1,2,8,8000,015,0,0,0,0,1,0,1,0,1,,,,,4520XX,,1,0,0,0,0,0,0,0,0,0,0,0,0,0,0,0,0,0,0,0,0,0,0,0,0,0,,0,0,0,,0,0,0,0,0,0,0,0,0,0,0,0,0,0,0,0,0,0,0,0,0,0,0,0,0,0,0,0,0,0,0,0,0,0,0,0,0,0,0,0,0,0,0,0,0,0,0,32,11,68,119,55,65,112,41,28,50,49,19,17,14,51,86,79,18,49,15,38,72,80,25,10,13,98,48,44,52,56,101,60,80,45,21,93,71,53,83,66,37,37,67,80,57,42,108,57,48,65,10,14,16,49,81,34,17,43,14,95,153,38,12,25,15,39,123,63,52,53,45,61,72,46,22,35,77,60,84
P,2023HU0068991,8,06,00200,4,56,1019518,48,15,1,,,2,2,2,2,2,,,2,,,,,,0,2,2,2,1,2,2,2,0,,,,2,5,,,,,,1,,,,,,,,,,,,,,,0,0,26,0,2,12,12,0,1,0,0,0,,,,,,4,999,999,,2,,3,,,,1,02,,,,,,,6,,1,1,1,,,,0,056,201,,,2,1,1,8,8000,015,0,0,0,0,1,0,1,0,1,,,,,,,1,0,0,0,0,0,0,0,0,0,0,0,0,0,0,0,0,0,0,0,0,0,0,0,0,0,,0,0,0,,0,0,0,0,0,0,0,0,0,0,0,0,0,0,0,0,0,0,0,0,0,0,0,0,0,0,0,0,0,0,0,0,0,0,0,0,0,0,0,0,0,0,0,0,0,0,0,31,10,70,119,54,65,111,42,30,48,50,21,17,14,51,86,79,17,49,15,39,72,80,25,12,15,99,47,44,52,57,102,60,80,44,21,93,71,53,82,65,37,36,65,80,56,41,107,57,47,64,11,15,16,48,82,34,17,43,15,95,151,36,11,27,15,40,122,63,52,54,46,61,72,47,22,36,77,59,83
P,2023HU0069216,8,01,00100,4,56,1019518,33,68,2,,,2,2,2,2,2,,,2,,,2,,,2,2,1,1,2,2,2,2,0,,,,2,1,2,2,1,2,1976,1,4,,,,,,,,,2,5,2,2,3,0,0,20,0,1,,19,0,2,0,1500,0,,3,,2,1957,1,032,999,2,2,,,6,,,1,01,,,,,,,1,,1,,0,,4,0,1500,066,303,,,1,1,1,1,1000,001,0,0,0,0,1,0,0,1,0,,,,,,,2,0,0,0,0,0,0,0,0,0,0,0,0,0,0,0,0,0,0,0,0,0,0,0,0,0,0,0,,0,,0,0,0,0,0,0,0,0,0,0,0,0,0,0,0,0,0,0,0,0,0,0,0,0,0,0,1,0,0,0,0,0,0,0,0,0,0,0,0,0,1,0,0,0,0,0,0,9,53,31,63,28,7,39,9,55,45,9,9,38,36,32,25,31,67,37,47,9,59,43,49,33,12,26,8,62,30,11,10,35,36,40,40,35,63,29,64,9,63,39,46,33,10,29,9,64,34,12,8,30,29,27,32,30,67,38,48,12,49,34,78,39,10,38,9,51,43,10,12,31,36,35,35,43,57,31,55
P,2023HU0069216,8,02,00100,4,56,1019518,31,73,1,,,2,2,2,2,2,,,2,,,2,,,2,2,1,1,2,2,2,2,0,,,,2,1,2,2,1,2,1976,1,4,,,,,,,,,2,5,2,2,3,0,0,21,27100,1,,18,0,1,0,26600,0,,3,,2,,1,032,999,,2,,,6,,,1,01,,,,,,,1,,1,,0,,,0,53700,008,303,,,1,1,1,1,1000,001,0,0,0,0,1,0,0,1,0,,,,,,,1,0,0,0,0,0,0,0,0,0,0,0,0,0,0,0,0,0,0,0,0,0,0,1,0,0,0,0,,0,,0,0,0,0,0,0,0,0,0,0,0,0,0,0,0,0,0,0,0,0,0,0,0,0,0,0,1,0,0,0,0,0,0,1,0,0,0,0,0,0,1,0,0,0,0,0,0,10,47,26,50,25,8,41,9,45,45,11,9,34,33,30,26,29,60,33,43,7,48,44,43,28,9,26,9,56,30,9,8,36,40,38,36,33,60,29,53,7,56,35,39,29,12,30,10,64,38,12,6,27,27,26,31,33,59,28,39,11,48,26,64,34,8,35,9,47,42,8,11,31,36,40,29,37,57,26,47
P,2023HU0069554,8,01,00100,4,56,1019518,174,65,1,,1,2,2,2,2,2,,,2,,,2,,,0,2,2,1,1,2,2,2,0,,,,2,3,2,2,3,2,1984,1,4,,,,,,,,,2,5,2,2,3,0,0,20,0,1,,20,0,2,0,8600,0,,2,,2,,2,089,022,,2,,,6,,,1,01,8370,,,,,,4,6241,1,,0,5740,4,0,8600,027,60,,,2,1,2,1,1000,001,0,0,0,0,1,0,0,1,0,,,,,436014,,1,0,0,0,0,0,0,0,0,0,0,0,0,0,0,0,0,0,0,0,0,0,0,0,0,0,0,0,0,0,,0,0,0,0,0,0,0,0,0,0,0,0,0,0,0,0,0,0,0,0,0,0,0,0,0,0,0,0,0,0,0,0,0,0,0,0,0,0,0,0,0,0,0,0,0,0,0,144,177,213,46,137,218,271,265,69,37,231,207,59,247,215,154,152,50,187,181,181,205,171,54,197,162,316,361,54,82,222,163,67,241,318,176,173,73,179,193,164,137,250,71,191,199,301,265,63,51,316,205,47,325,275,167,191,40,201,151,240,219,160,64,191,152,319,286,44,48,262,191,51,197,321,189,159,46,137,192
P,2023HU0069693,8,01,00300,4,56,1019518,122,63,1,,1,2,2,2,2,2,,,2,,,2,,,0,2,2,2,2,2,2,2,0,,,,2,2,2,2,2,2,2013,1,4,,,,,,,,,2,5,2,2,3,0,0,20,24000,1,,16,0,2,0,0,0,,2,,2,,1,939,999,,2,,,6,,,2,01,5392,,,,,,3,4552,1,,0,9645,4,0,24000,056,152,,,2,2,3,1,1000,001,0,0,0,0,1,0,0,1,0,,,,,537065,,1,0,0,0,0,0,0,0,0,0,0,0,0,0,0,0,0,0,0,0,0,0,0,0,0,0,,0,,0,,0,0,0,0,0,0,0,0,0,0,0,0,0,0,0,0,0,0,0,0,0,0,0,0,0,0,0,0,0,0,0,0,0,0,0,0,0,0,0,0,0,0,0,0,0,0,0,231,51,112,259,210,90,129,98,190,118,38,141,229,33,131,40,114,211,125,29,245,36,110,222,188,139,123,105,122,91,38,146,142,33,154,36,115,166,107,31,246,46,102,239,174,110,129,90,166,104,31,112,269,33,116,45,134,214,111,32,300,32,87,211,180,128,135,146,122,112,38,169,220,38,109,29,128,167,123,37
P,2023HU0069971,8,01,00500,4,56,1019518,93,79,1,,,2,2,2,2,2,,,2,,,2,,,0,2,2,1,2,2,2,2,0,,,,2,1,2,2,1,2,1969,1,4,,,,,,,,,2,5,2,2,3,0,0,20,24000,1,,21,0,1,0,43200,0,,3,,2,,1,022,999,,2,,,6,6203,,1,01,,,,,,,1,,1,,0,,,0,67200,056,501,,,2,1,1,1,1000,001,0,0,0,0,1,0,0,1,0,2,2,,,,,1,0,0,0,0,0,0,0,0,0,0,0,0,0,0,0,0,0,0,0,0,0,0,0,0,0,0,0,,0,,0,0,0,0,0,0,0,0,0,0,0,0,0,0,0,0,0,0,0,0,0,0,0,0,0,0,0,0,0,0,0,0,0,0,0,0,0,0,0,0,0,0,0,0,0,0,0,101,70,149,83,122,35,29,93,82,87,124,135,41,105,26,24,149,80,134,88,95,114,26,91,25,152,167,92,92,91,33,85,184,87,169,214,25,87,21,98,87,73,84,103,126,27,32,108,123,114,143,112,39,88,25,49,125,83,173,81,83,96,33,115,24,185,167,74,108,88,26,78,148,91,172,172,18,88,28,87
P,2023HU0069971,8,02,00500,4,56,1019518,85,72,1,,,2,2,2,2,2,,,2,,,2,,,0,2,2,1,2,2,2,2,0,,,,2,1,2,2,1,2,1969,1,4,,,,,,,,,2,5,2,2,3,0,0,21,7200,1,,16,0,2,0,16000,0,,3,,2,,1,022,999,,2,,,6,,,1,01,,,,,,,1,,1,,0,,4,0,23200,056,501,,,2,1,3,1,1000,001,0,0,0,0,1,0,0,1,0,,,,,,,1,0,0,0,0,0,0,0,0,0,0,0,0,0,0,0,0,0,0,0,0,0,0,0,0,0,0,0,,0,,0,0,0,0,0,0,0,0,0,0,0,0,0,0,0,0,0,0,0,0,0,0,0,0,0,0,0,0,0,0,0,0,0,0,0,0,0,0,0,0,0,0,0,0,0,0,0,90,61,115,80,113,28,30,88,75,99,133,122,31,74,23,28,158,82,158,87,82,85,18,70,21,132,152,88,89,88,29,81,143,79,162,169,21,79,21,83,72,72,73,71,150,23,23,95,92,108,156,100,31,82,23,37,145,92,164,76,86,77,30,88,20,175,182,75,90,88,27,65,136,81,126,125,23,82,23,80
P,2023HU0070888,8,01,00100,4,56,1019518,33,69,1,,,2,2,2,2,2,,,2,,,2,,,0,1,2,1,2,2,2,2,0,,,,2,1,2,2,1,2,1972,1,4,,,,,,,,,2,5,2,2,3,0,0,20,0,1,,16,0,2,0,9000,0,,3,,2,,2,003,022,,2,,,6,,,1,01,,,,,,,1,,1,,0,,4,0,9000,056,194,,,1,1,3,1,1000,001,0,0,0,0,1,0,0,1,0,,,,,,,1,0,0,0,0,0,0,0,0,0,0,0,0,0,0,0,0,0,0,0,0,0,0,0,0,0,0,0,,0,,0,0,0,0,0,0,0,0,0,0,0,0,0,0,0,0,0,0,0,0,0,0,0,0,0,0,0,0,0,0,0,0,0,0,0,0,0,0,0,0,0,0,0,0,0,0,0,63,41,9,52,26,34,9,10,9,41,32,80,15,20,50,44,26,32,35,10,38,41,30,31,55,11,42,32,29,68,11,34,34,56,37,68,53,10,8,38,54,63,7,45,34,31,9,9,9,41,35,61,13,37,57,54,34,34,42,12,28,29,41,32,49,13,43,31,32,57,11,26,29,47,30,46,48,12,7,31
P,2023HU0070888,8,02,00100,4,56,1019518,26,71,1,,,2,2,2,2,2,,,2,,,2,,,0,1,2,1,2,2,2,2,0,,,,2,1,2,2,1,2,1972,1,4,,,,,,,,,2,5,2,2,3,0,0,21,0,2,15,20,0,1,0,26000,0,,3,,2,,2,022,008,,2,,,6,,,1,01,,,,,,,1,,1,,0,,,0,26000,056,194,,,1,1,1,1,1000,001,0,0,0,0,1,0,0,1,0,,,,,,,1,0,0,0,0,0,0,0,0,0,0,0,0,0,0,0,0,0,0,0,0,0,0,0,0,0,0,0,,0,,0,0,0,0,0,0,0,0,0,0,0,0,0,0,0,0,0,0,0,0,0,0,0,0,0,0,0,0,0,0,0,0,0,0,1,1,0,0,0,0,0,0,0,0,0,0,0,47,37,6,40,19,27,8,8,7,28,26,44,11,22,43,40,25,22,20,8,26,34,24,24,50,10,32,22,19,49,6,24,34,47,38,66,38,6,6,23,37,51,6,35,26,23,7,9,10,37,22,50,11,22,50,44,34,32,26,7,20,25,30,23,45,10,28,22,25,44,9,25,29,30,23,42,37,10,6,24
P,2023HU0071739,8,01,00200,4,56,1019518,11,75,1,,,2,2,2,2,2,,,2,,,2,,,0,2,2,1,2,2,2,2,0,,,,2,3,2,2,1,2,1967,1,4,,,,,,,,,2,5,2,2,3,0,0,20,0,1,,19,0,2,0,15100,0,,3,,2,,2,021,032,,2,,,6,,,1,01,,,,,,,4,,1,,0,,4,0,15100,031,142,,,2,1,1,1,1000,001,0,0,0,0,1,0,0,1,0,,,,,,,1,0,0,0,0,0,0,0,0,0,0,0,0,0,0,0,0,0,0,0,0,0,0,0,0,0,0,0,,0,,0,0,0,0,0,0,0,0,0,0,0,0,0,0,0,0,0,0,0,0,0,0,0,0,0,0,0,0,0,0,0,0,0,0,0,0,0,0,0,0,0,0,0,0,0,0,0,2,10,15,14,16,12,17,19,18,12,3,12,18,11,13,22,14,4,3,4,4,13,12,11,14,11,16,16,22,15,4,13,20,10,13,23,18,5,3,25,25,13,13,13,9,10,3,5,1,10,19,10,4,17,14,3,14,15,14,22,23,12,16,8,8,16,3,5,4,16,25,12,3,15,11,3,12,17,24,4
P,2023HU0071739,8,02,00200,4,56,1019518,10,54,1,,,1,2,1,1,1,,,1,1,,2,,,0,2,2,2,1,2,2,2,0,,,,1,3,2,2,1,2,2000,1,4,,,,,,,,,2,5,2,2,3,0,0,25,0,1,,24,0,2,11000,0,0,,3,,2,,2,200,021,,1,,,6,4801,,1,23,,,,1200,,,4,,1,,0,,4,0,11000,031,142,,,2,1,1,1,1000,001,0,0,0,0,1,0,0,1,0,2,2,,,,,1,0,0,0,0,0,0,0,0,0,0,0,0,0,0,0,0,0,1,0,0,0,0,0,0,0,,0,0,0,,0,0,0,0,0,0,0,0,0,0,0,0,0,0,0,0,0,0,0,0,0,0,0,0,0,0,0,0,0,0,0,0,0,0,0,0,0,0,0,0,0,0,0,0,0,0,0,3,4,10,17,7,12,23,17,21,6,2,10,16,14,8,14,34,5,3,5,2,7,7,8,5,8,19,9,28,13,4,10,27,6,9,26,3,1,2,13,14,11,4,7,10,8,3,3,1,8,9,5,3,10,12,4,17,11,10,32,16,13,12,4,8,11,1,4,5,12,23,24,3,9,10,4,8,16,20,3
P,2023HU0072312,8,01,00300,4,56,1019518,81,82,1,,6,2,2,2,2,2,,2,2,,,1,,2,0,2,2,1,2,2,2,2,50000,,,11,2,2,2,2,1,1,1965,1,2,0,0,0,1,0,0,0,0,3,5,3,3,3,0,0,20,0,1,,19,-6000,1,0,1400,0,40,1,52,1,,1,195,999,,2,,,1,,,1,01,4771,,,,,,3,4491,1,,0,4950,,-6000,45400,029,414,00300,056,2,1,2,1,1000,001,0,0,0,0,1,0,0,1,0,,,,,419091,06,1,0,0,0,0,0,0,0,0,0,0,0,0,0,0,0,0,0,0,0,0,0,0,0,0,0,0,0,,0,,0,0,0,0,0,0,0,0,0,0,0,0,0,0,0,0,0,0,0,0,0,0,0,0,0,0,0,0,0,0,0,0,0,0,0,0,0,0,0,0,0,0,0,0,0,0,0,68,64,67,27,162,27,93,136,130,134,75,22,152,74,68,81,102,27,26,76,91,62,80,26,121,21,92,155,152,129,81,26,138,86,64,84,69,25,30,70,65,76,91,23,133,24,81,153,127,123,88,25,151,87,78,84,89,21,20,74,77,87,82,23,129,26,97,140,127,129,114,25,154,116,69,97,92,21,25,100
P,2023HU0072312,8,02,00300,4,56,1019518,127,53,1,,1,2,2,2,2,2,,,2,,,2,,,1,2,1,2,2,2,2,2,0,,,11,2,5,,,,,,1,4,,,,,,,,,3,5,3,3,3,0,0,25,0,1,,19,0,2,0,0,45000,40,1,52,1,,1,195,995,,2,,,1,,,1,01,4771,,,,,,6,4491,1,,0,6765,2,45000,45000,006,414,00300,056,1,2,3,1,1000,001,0,0,0,0,1,0,0,1,0,,,1,3,4740XX,,1,0,0,0,0,0,0,0,0,0,0,0,0,0,0,0,0,0,0,0,0,0,1,0,0,0,,0,,0,,0,1,0,0,0,0,0,0,0,0,0,0,0,0,0,0,0,0,0,0,0,0,0,0,0,0,0,0,0,0,1,0,0,0,0,0,0,0,0,0,0,0,0,0,0,0,0,165,74,158,54,193,28,107,216,304,235,126,33,241,138,127,161,134,42,47,125,112,91,138,42,194,34,130,245,194,221,142,32,160,140,123,99,112,54,38,107,145,116,132,52,213,33,113,247,251,266,115,34,226,147,131,160,115,36,36,99,92,106,128,37,219,34,123,280,230,204,128,31,183,181,126,197,112,37,32,123
P,2023HU0072312,8,03,00300,4,56,1019518,103,43,1,,1,2,2,2,2,2,,2,2,,2,2,,,2,2,1,2,2,2,2,2,0,20,,09,2,3,2,2,1,2,2002,1,2,1,0,0,0,0,0,0,0,3,5,3,3,3,0,0,25,0,1,,21,0,2,0,0,40000,28,1,25,1,,1,195,999,,2,,,1,6107,,1,01,8191,074,031,,,,4,622M,1,,0,3255,4,40000,40000,056,414,00300,056,1,2,1,1,1000,001,0,0,0,0,1,0,0,1,0,2,1,,,291141,01,1,0,0,0,0,0,0,0,0,0,0,0,0,0,0,0,0,0,0,0,0,0,0,0,0,0,,0,,0,,0,0,0,0,0,0,0,0,0,0,0,0,0,0,0,0,0,0,0,0,0,0,0,0,0,0,0,0,0,0,0,0,0,0,0,0,0,0,0,0,0,0,0,0,0,0,0,135,71,92,37,139,24,73,145,227,150,95,26,168,96,90,108,104,36,44,101,102,93,89,35,180,25,101,214,178,186,99,27,165,114,95,95,117,54,41,87,112,108,111,36,151,27,109,179,189,215,116,32,144,95,96,111,102,25,28,89,82,118,98,39,185,26,99,186,145,211,117,29,178,124,95,141,97,30,26,116
P,2023HU0072312,8,04,00300,4,56,1019518,137,13,1,,,2,2,2,,2,,,2,,,,,,2,2,1,2,2,2,2,2,,,,,2,5,,,,,,1,,,,,,,,,,,,,,,,,30,,2,08,09,,1,,,,,,,,,3,996,999,,2,,7,,,,1,01,,,,,,,,,1,7,0,,,,,008,414,,,1,2,4,1,1000,001,0,0,0,0,1,0,0,1,1,,,1,5,,,1,0,0,0,0,0,0,0,0,1,0,0,0,0,1,0,0,0,0,0,0,0,0,0,0,0,,0,,0,,0,0,0,0,0,0,0,0,0,0,0,0,0,0,0,0,0,0,0,0,0,0,0,0,0,0,0,0,0,0,0,0,0,0,0,0,0,0,0,0,0,0,0,0,0,0,0,156,129,114,74,189,36,122,198,232,222,165,44,233,138,117,134,117,52,48,135,164,147,132,66,183,37,155,199,198,261,137,39,197,114,136,116,111,63,48,99,141,208,133,36,164,52,136,235,209,216,182,46,201,118,136,128,117,48,32,116,147,160,132,49,212,46,116,253,160,222,237,40,228,141,121,224,134,57,45,176
P,2023HU0072979,8,01,00100,4,56,1019518,133,68,1,,7,2,2,2,2,2,,,2,,,1,,2,2,2,1,1,2,2,2,2,0,50,1,01,2,3,2,2,3,2,1990,1,4,,,,,,,,,3,5,3,3,3,0,0,20,0,1,,14,0,2,0,0,110000,45,1,52,1,,1,924,999,,2,1,,1,,,1,01,8660,080,031,,,,4,7211,1,,0,0340,4,110000,110000,006,501,00100,056,1,1,1,1,1000,001,0,0,0,0,1,0,0,1,0,,,,,119081,,1,0,0,0,0,1,0,0,0,0,0,0,0,0,0,0,0,0,0,0,0,0,1,1,1,0,0,0,,1,,1,1,1,0,0,1,1,1,0,0,0,0,0,0,0,0,0,1,0,0,0,0,0,1,1,1,1,0,0,1,1,0,0,1,0,0,0,0,0,1,0,1,1,0,0,0,0,133,248,96,41,261,199,55,114,70,60,146,48,207,146,115,158,137,217,120,44,148,243,186,35,199,158,39,152,123,50,123,58,161,118,162,207,154,159,104,33,175,233,169,33,174,189,40,158,141,34,103,49,117,101,135,187,205,195,119,34,157,214,156,38,190,250,50,134,108,48,141,51,226,156,115,298,112,176,179,44
P,2023HU0072979,8,02,00100,4,56,1019518,96,45,1,,2,2,2,2,2,2,,,2,,2,2,,,0,1,2,2,2,2,2,2,0,3,1,01,2,3,2,2,1,2,2008,1,4,,,,,,,,,3,5,3,3,3,0,0,25,0,1,,16,0,2,0,0,19000,5,1,52,1,,1,924,999,,2,1,,1,,,1,01,9160,076,037,,,,4,8131,1,,0,4220,2,19000,19000,006,501,00100,056,1,2,3,1,1000,001,0,0,0,0,1,0,0,1,0,,,1,3,37201X,,1,0,0,0,0,1,0,0,0,0,0,0,0,0,0,0,0,0,0,0,0,0,1,0,1,1,,1,,1,,1,1,1,0,1,1,1,1,0,0,0,0,0,0,0,1,0,1,1,0,0,1,1,1,1,1,1,0,1,1,1,0,0,1,0,0,1,1,0,1,1,1,1,1,1,0,0,133,152,69,50,224,129,46,156,54,26,104,28,88,60,91,138,101,130,96,28,94,202,96,45,255,102,23,98,52,27,134,39,96,63,89,174,145,134,58,27,87,124,118,61,126,113,34,153,59,21,114,25,49,86,99,160,148,163,92,30,50,182,118,33,98,150,71,73,61,33,139,33,173,72,42,241,116,215,115,27
P,2023HU0072979,8,03,00100,4,56,1019518,128,10,1,,,2,2,2,,2,,,2,,,,,,0,1,2,2,2,2,2,2,,,,,2,5,,,,,,3,,,,,,,,,,,,,,,,,30,,2,07,07,,1,,,,,,,,,1,924,999,,2,,7,,,,1,01,,,,,02400,048,,,1,7,0,,,,,040,501,,,1,2,4,1,1000,001,0,0,0,0,1,0,0,1,1,,,1,5,,,1,0,0,0,0,0,1,1,1,1,0,1,0,0,1,0,0,0,0,0,0,0,1,0,1,1,,1,,1,,1,1,1,0,0,0,0,0,0,0,0,0,0,0,0,0,0,0,1,1,0,0,0,0,0,0,0,0,0,1,1,0,0,0,1,1,1,0,0,0,0,0,0,0,0,0,0,119,200,104,41,208,202,70,123,75,74,124,61,145,125,140,143,147,183,120,45,98,200,151,44,219,157,42,128,105,45,120,64,119,97,151,174,164,164,104,35,150,210,131,36,184,191,38,141,139,30,101,38,105,158,167,210,127,231,161,26,167,181,126,39,222,210,40,128,134,36,128,43,166,120,116,358,112,173,202,46
P,2023HU0073054,8,01,00400,4,56,1019518,56,52,1,,1,2,2,2,2,2,,,2,,,2,,,0,2,2,2,2,2,2,2,0,20,1,01,2,5,,,,,,1,4,,,,,,,,,3,5,3,3,3,0,0,20,0,1,,16,0,1,0,0,30000,40,1,52,1,,3,996,999,,2,1,,1,,,2,01,0490,059,017,,,,6,213,1,,0,7340,,30000,30000,006,129,00400,056,2,2,2,1,1000,001,0,0,0,0,1,0,0,1,0,,,,,499071,,1,0,0,0,0,0,0,0,0,0,0,0,0,0,0,0,0,0,0,0,0,0,0,0,0,0,,0,,0,,0,0,0,0,0,0,1,0,0,0,0,0,0,0,0,0,0,0,0,0,0,0,0,0,0,0,0,0,0,0,0,0,0,0,0,0,0,0,0,0,0,0,0,0,0,0,0,68,17,52,77,87,113,61,58,55,47,98,13,12,13,39,83,47,23,80,138,44,22,71,64,60,86,95,102,69,68,65,18,21,14,44,85,41,19,53,133,95,28,74,100,86,89,59,59,60,84,82,23,11,14,51,70,66,20,69,84,33,16,55,66,74,113,61,83,100,46,36,14,21,15,37,92,50,17,40,123
P,2023HU0073054,8,02,00400,4,56,1019518,226,29,1,,,2,2,2,1,2,,,2,,,,,,0,2,2,2,2,2,2,2,0,,,,2,5,,,,,,1,4,,,,,,,,,2,5,2,2,3,0,0,25,0,1,,16,0,1,0,0,0,,3,,2,,3,996,999,,1,,,6,,,2,01,,,,,,,6,,1,,0,,,0,0,006,129,,,2,2,4,1,1000,001,0,0,0,0,1,0,0,1,0,,,,,,,1,0,0,0,0,0,0,0,0,0,0,0,0,0,0,0,0,0,0,0,0,0,0,0,0,0,,0,,0,,0,0,0,0,0,0,0,0,0,0,0,0,0,0,0,0,0,0,0,0,0,0,0,0,0,0,0,0,0,0,0,0,0,0,0,0,0,0,0,0,0,0,0,0,0,0,0,188,100,192,278,241,294,274,255,159,255,232,60,74,66,237,591,280,102,211,380,219,112,261,263,318,308,272,329,233,261,315,80,51,69,245,303,142,77,264,453,304,110,198,296,366,451,218,206,293,246,175,89,112,76,223,287,243,107,217,295,211,84,283,246,348,406,221,229,227,188,182,118,101,68,178,237,237,81,172,358
P,2023HU0073054,8,03,00400,4,56,1019518,225,27,1,,,2,2,2,2,1,,,2,,,,,,0,2,2,2,2,2,2,2,0,,,,2,5,,,,,,1,4,,,,,,,,,2,5,2,2,3,0,0,25,0,1,,17,0,1,0,0,0,,3,,2,,3,996,999,,1,,,6,,,2,01,,,,,,,6,,1,,0,,,0,0,006,129,,,2,2,4,1,1000,001,0,0,0,0,1,0,0,1,0,,,,,,,1,0,0,0,0,0,0,0,0,0,0,0,0,0,0,0,0,0,0,0,0,0,0,0,0,0,,0,,0,,0,0,0,0,0,0,0,0,0,0,0,0,0,0,0,0,0,0,0,0,0,0,0,0,0,0,0,0,0,0,0,0,0,0,0,0,0,0,0,0,0,0,0,0,0,0,0,188,100,192,277,242,293,273,254,159,256,232,59,74,65,239,589,281,101,210,380,220,113,261,263,318,307,271,329,233,260,317,78,52,69,246,303,142,76,263,452,305,111,198,297,366,451,217,207,293,246,176,89,111,78,223,287,243,106,217,295,210,85,281,246,348,406,220,229,229,190,182,119,101,68,178,235,238,82,173,358
P,2023HU0073263,8,01,00500,4,56,1019518,9,81,1,,,2,2,2,2,2,,,2,,,2,,,2,2,1,1,2,2,2,2,0,,,,2,2,2,2,3,2,1978,1,4,,,,,,,,,2,5,2,2,3,0,0,20,26000,1,,18,0,1,0,24000,0,,3,,2,,2,022,032,,2,,,6,,,1,01,,,,,,,3,,1,,0,,,0,50000,008,350,,,1,1,3,1,1000,001,0,0,0,0,1,0,0,1,0,,,,,,,1,0,0,0,0,0,0,0,0,0,0,0,0,0,0,0,0,0,0,0,0,0,1,1,0,1,0,0,,1,,1,1,1,0,0,0,0,0,0,0,0,0,0,0,0,0,0,0,0,0,0,0,0,0,0,0,0,0,0,1,1,0,0,0,0,0,0,0,0,0,0,0,0,0,0,0,0,3,13,16,3,5,12,1,2,9,7,12,9,10,9,10,18,8,8,3,10,3,20,13,1,12,18,2,4,8,12,12,11,12,9,7,13,8,9,3,8,2,20,15,2,6,14,3,3,8,7,17,9,13,9,7,14,7,8,3,10,3,17,13,3,6,11,3,1,8,7,15,10,11,9,9,15,9,11,3,7
P,2023HU0073667,8,01,00500,4,56,1019518,16,50,1,,7,2,2,2,2,2,,,2,,,2,,,0,1,2,2,2,2,2,2,0,1,,10,2,1,2,2,1,2,1990,1,4,,,,,,,,,3,5,3,3,3,0,0,20,0,1,,16,0,1,0,0,40000,40,1,52,1,,1,939,999,,2,,,1,,,1,01,1790,094,055,,,,1,316M,1,,0,8335,,40000,40000,049,408,00500,056,1,2,2,1,1000,001,0,0,0,0,1,0,0,1,0,,,,,516040,,1,0,0,0,0,0,0,0,0,1,0,1,0,0,0,0,0,0,0,0,0,0,0,0,0,0,,0,,0,,0,0,0,0,0,0,0,1,0,0,0,0,0,0,0,0,0,0,0,0,0,0,0,0,0,0,0,0,0,0,0,0,0,0,0,0,0,0,0,0,0,0,0,0,0,0,0,20,31,14,7,13,8,35,13,3,7,17,19,19,22,25,24,13,6,25,3,13,4,9,22,17,37,7,12,27,38,13,15,32,12,13,5,12,23,3,29,15,23,15,5,13,7,32,17,5,3,14,17,24,26,21,31,11,3,23,6,25,5,12,22,9,29,7,27,19,16,12,21,17,14,24,6,23,29,4,27
P,2023HU0073667,8,02,00500,4,56,1019518,18,49,1,,4,2,2,2,2,2,,,2,,2,2,,,0,1,2,2,2,2,2,2,0,15,1,01,2,1,2,2,1,2,1990,1,4,,,,,,,,,3,5,3,3,3,0,0,21,0,1,,16,0,2,0,0,40000,40,1,52,1,,1,022,999,,2,1,,1,,,1,01,8192,091,049,,,,1,6222,1,,0,5120,4,40000,40000,049,408,00500,056,1,2,1,1,1000,001,0,0,0,0,1,0,0,1,0,,,,,433031,,1,0,0,0,0,0,0,0,0,0,0,0,0,0,0,0,0,0,0,0,0,0,0,0,0,0,,0,,0,,0,0,0,0,0,0,0,0,0,0,0,0,0,0,0,0,0,0,0,0,0,0,0,0,0,0,0,0,0,0,0,0,0,0,0,0,0,0,0,0,0,0,0,0,0,0,0,18,33,15,7,17,5,48,29,3,5,16,21,14,16,19,26,24,6,28,6,15,3,13,33,23,27,7,14,28,32,16,17,20,18,14,3,19,28,5,24,11,23,17,6,26,6,31,21,5,8,13,26,24,19,12,25,19,6,31,5,25,6,17,32,20,24,7,30,17,23,19,18,17,15,19,4,19,36,5,45
P,2023HU0074064,8,01,00300,4,56,1019518,76,73,1,,,2,2,2,2,2,,,2,,,2,,,2,2,1,1,2,2,2,2,19800,,,,2,5,,,,,,1,4,,,,,,,,,2,5,2,2,2,0,0,20,46400,1,,21,0,1,0,20400,0,,3,,2,,1,051,999,,2,,,6,5004,,1,01,,,,,,,6,,1,,0,,,0,86600,056,501,,,1,1,1,1,1000,001,0,0,0,0,1,0,0,1,0,1,2,,,,,1,0,0,0,0,0,0,0,0,0,0,0,0,0,0,0,0,0,0,0,0,0,0,0,0,0,0,0,,0,,0,0,0,0,0,0,0,0,0,0,0,0,0,0,0,0,0,0,0,0,0,0,0,0,0,0,0,0,0,0,0,0,0,0,0,0,0,0,0,0,0,0,0,0,0,0,0,25,27,23,26,106,65,64,23,170,82,69,131,64,83,151,89,64,69,133,99,25,27,21,27,133,81,70,24,140,64,91,122,53,67,112,81,89,56,107,72,22,20,22,23,118,73,78,21,104,65,88,140,80,71,147,98,77,81,125,69,22,23,27,23,113,81,81,23,142,82,60,156,64,59,138,68,74,86,135,65
P,2023HU0074346,8,01,00400,4,56,1019518,138,45,1,,1,2,2,2,2,2,,,2,,,2,,,2,2,1,2,2,2,2,2,0,25,1,01,2,3,1,2,1,2,2011,1,4,,,,,,,,,3,5,3,3,3,0,0,20,0,1,,14,0,1,0,0,41600,40,1,52,1,,2,088,098,,2,1,,1,,,1,01,0770,093,049,,,,4,23,1,,0,6260,,41600,41600,056,170,00400,056,1,2,1,1,1000,001,0,0,0,0,1,0,0,1,0,,,,,472061,,1,0,0,0,0,0,0,0,0,0,0,0,0,0,0,0,0,0,0,0,0,0,0,0,0,0,,0,,0,,0,0,0,0,0,0,0,0,0,0,0,0,0,0,0,0,0,0,0,0,0,0,0,0,0,0,0,0,0,0,0,0,0,0,0,0,0,0,0,0,0,0,0,0,0,0,0,39,97,46,113,147,135,173,144,208,140,136,290,157,39,192,235,53,101,147,217,259,136,198,128,103,150,50,144,50,120,172,53,147,232,46,42,206,139,135,218,228,116,219,131,187,127,45,108,34,89,150,50,173,274,46,35,255,144,158,40,38,101,45,160,157,134,257,138,188,147,155,285,135,36,322,217,41,114,116,54
P,2023HU0074346,8,02,00400,4,56,1019518,165,40,1,,1,2,2,2,2,2,,,2,,2,2,,,0,1,2,2,2,2,2,2,0,20,1,01,2,3,2,2,1,2,2001,1,4,,,,,,,,,3,5,3,3,3,10000,0,22,0,1,,20,0,2,0,0,33300,40,1,52,1,,2,032,050,,2,1,,1,,,1,01,4871,116,073,,,,4,4441Z,1,,0,4760,4,33300,43300,031,275,00400,056,1,2,1,1,1000,001,0,0,0,0,1,0,0,1,0,,,,,412031,,1,0,0,0,0,0,0,0,0,0,0,0,0,0,0,0,0,0,0,0,0,0,0,0,0,0,,0,,0,,0,0,0,0,0,0,0,0,0,0,0,0,0,0,0,0,0,0,0,0,0,0,0,0,0,0,0,0,0,0,0,0,0,0,0,0,0,0,0,0,0,0,0,0,0,0,0,63,141,57,142,152,143,217,178,265,183,169,361,195,57,245,250,48,130,191,305,266,142,273,160,152,155,46,176,55,156,173,70,185,274,52,56,227,156,176,286,293,170,346,153,206,181,45,165,44,128,153,59,195,282,48,47,248,149,207,57,52,120,43,149,195,179,232,186,214,138,200,386,208,43,353,292,44,135,146,62
P,2023HU0074346,8,03,00400,4,56,1019518,160,14,1,,,2,2,2,,2,,,2,,,,,,0,1,2,2,2,2,2,2,,,,,2,5,,,,,,1,,,,,,,,,,,,,,,,,27,,2,11,11,,1,,,,,,,,,2,032,050,,2,,5,,,,1,01,,,,,,,,,1,5,1,,,,,031,170,,,1,2,4,1,1000,001,0,0,0,0,1,0,0,1,1,,,,,,,1,0,0,0,0,0,0,0,0,0,0,0,0,0,0,0,0,0,0,0,0,0,0,0,0,0,,0,,0,,0,0,0,0,0,0,0,0,0,0,0,0,0,0,0,0,0,0,0,0,0,0,0,0,0,0,0,0,0,0,0,0,0,0,0,0,0,0,0,0,0,0,0,0,0,0,0,70,155,49,128,141,158,227,159,241,177,155,290,185,64,258,230,51,117,159,293,275,131,269,166,147,141,46,207,53,144,165,69,174,267,48,54,231,151,180,282,296,176,317,150,191,192,46,145,47,122,169,56,159,300,50,39,228,146,181,56,41,106,44,143,180,174,245,202,216,136,185,330,193,48,369,260,45,137,132,55
P,2023HU0074346,8,04,00400,4,56,1019518,147,12,1,,,2,2,2,,2,,,2,,,,,,0,1,2,2,2,2,2,2,,,,,2,5,,,,,,1,,,,,,,,,,,,,,,,,27,,2,09,09,,2,,,,,,,,,2,032,050,,2,,5,,,,1,01,,,,,,,,,1,5,1,,,,,031,170,,,1,2,2,1,1000,001,0,0,0,0,1,0,0,1,1,,,,,,,1,0,0,0,0,0,0,0,0,0,0,0,0,0,0,0,0,0,0,0,0,0,0,0,0,0,,0,,0,,0,0,0,0,0,0,0,0,0,0,0,0,0,0,0,0,0,0,0,0,0,0,0,0,0,0,0,0,0,0,0,0,0,0,0,0,0,0,0,0,0,0,0,0,0,0,0,61,125,47,117,141,154,203,138,245,148,150,269,141,62,287,240,52,107,158,227,252,135,234,132,109,156,46,176,52,134,154,57,175,254,47,43,214,151,155,311,240,124,260,124,182,196,43,139,42,112,159,45,146,335,53,46,225,133,149,44,35,97,44,128,163,162,199,174,213,124,224,356,174,43,303,232,37,141,129,47
P,2023HU0074408,8,01,00500,4,56,1019518,97,79,1,,,2,1,2,2,2,,,2,,,2,,,0,1,2,1,2,2,2,2,0,,,,2,2,2,2,1,2,1966,1,4,,,,,,,,,2,5,2,2,2,0,0,20,75000,1,,18,0,1,0,43200,0,,3,,2,,2,050,026,,1,,,6,,,1,01,,,,,,,3,,1,,0,,,0,118200,031,501,,,1,1,3,1,1000,001,0,0,0,0,1,0,0,1,0,,,,,,,1,0,0,0,0,0,0,0,1,1,0,0,0,0,0,0,0,0,0,0,0,0,1,0,0,1,0,0,,1,,1,1,1,0,0,1,0,0,0,0,0,0,0,0,0,0,0,0,0,0,0,0,0,1,0,0,1,0,0,1,1,0,0,0,0,0,0,0,0,0,0,0,0,0,0,0,0,101,155,114,93,104,163,99,126,40,83,22,91,108,142,29,21,192,82,28,95,35,117,32,33,166,66,130,113,107,162,97,112,30,23,67,100,89,187,96,167,107,113,109,128,87,166,90,124,37,64,30,83,105,119,29,24,142,91,29,86,29,103,35,41,191,87,170,88,134,142,104,129,21,31,101,117,86,120,93,140
P,2023HU0075033,8,01,00400,4,56,1019518,28,52,1,,1,2,2,2,2,2,,,1,,,2,,,0,1,2,2,2,2,2,2,0,10,1,01,2,1,2,2,2,2,2001,1,4,,,,,,,,,3,5,3,3,3,0,0,20,0,1,,17,0,2,0,0,42000,36,1,52,1,,2,924,920,,1,1,,1,,,1,01,5081,105,064,,,,1,4561Z,1,,0,3520,4,42000,42000,056,501,00400,056,1,2,2,9,9000,017,1,0,0,0,2,0,0,1,0,,,,,292081,,1,0,0,0,0,0,0,0,0,0,0,0,0,0,0,0,0,0,0,0,0,0,0,0,0,0,,0,,0,,0,0,0,0,0,0,0,0,0,0,0,0,0,0,0,0,0,0,0,0,0,0,0,0,0,0,1,0,0,0,0,0,0,0,0,0,0,0,0,0,1,0,0,0,0,0,0,35,41,25,41,55,25,34,42,30,22,48,48,61,49,25,41,21,34,32,7,35,29,20,7,11,39,19,13,38,41,9,7,11,10,37,5,31,9,30,52,43,43,34,47,53,19,47,45,22,32,70,35,50,33,25,40,27,38,21,7,29,28,26,10,7,33,22,11,31,38,13,7,11,10,32,8,27,10,22,63
P,2023HU0075033,8,02,00400,4,56,1019518,28,59,1,,7,2,2,2,2,2,,2,2,,,2,,,0,1,2,2,2,2,2,2,0,25,1,01,2,1,2,2,1,2,2001,1,2,0,0,1,0,0,0,0,0,3,5,3,3,3,0,0,21,0,1,,16,55000,1,0,0,78000,40,1,52,1,,2,924,032,,2,1,,1,,,1,01,0770,075,031,,,,1,23,1,,0,0440,,133000,133000,055,501,00400,056,1,2,4,9,9000,017,1,0,0,0,2,0,0,1,0,,,,,1191XX,12,1,0,0,0,0,0,0,0,0,0,0,0,0,0,0,0,0,0,0,0,0,0,0,0,0,0,,0,,0,,0,0,0,0,0,0,0,0,0,0,0,0,0,0,0,0,0,0,0,0,0,0,0,0,0,0,0,0,0,0,0,0,0,0,0,0,0,0,0,0,0,0,0,0,0,0,0,34,43,25,42,55,24,33,42,31,22,47,49,62,49,26,42,22,35,34,8,38,29,21,7,11,38,20,13,39,42,9,7,10,10,39,5,31,9,29,52,43,46,35,46,53,20,44,48,22,31,69,34,49,36,28,38,28,39,22,7,29,26,26,9,7,32,23,9,32,36,13,7,12,10,31,9,27,10,24,63
P,2023HU0075123,8,01,00500,4,56,1019518,9,69,1,,1,2,2,2,2,2,,,2,,,2,,,0,2,2,1,2,2,2,2,0,2,,10,2,5,,,,,,1,4,,,,,,,,,3,5,3,3,3,0,0,20,0,1,,21,0,1,0,24000,7800,24,1,16,1,,1,082,999,,2,,,1,5200,,1,01,7071,092,053,,,,6,531M,1,,0,4220,,7800,31800,030,177,00500,056,2,1,1,1,1000,001,0,0,0,0,1,0,0,1,0,1,2,,,37201X,,1,0,0,0,0,0,0,0,0,0,0,0,0,0,0,0,0,0,0,0,0,0,0,0,0,0,0,0,,0,,0,0,0,0,0,0,0,0,0,0,0,0,0,0,0,0,0,0,0,0,0,0,0,0,0,0,0,0,0,0,0,0,0,0,0,0,0,0,0,0,0,0,0,0,0,0,0,15,7,1,3,3,6,7,7,6,11,12,12,13,4,3,8,16,7,7,17,3,9,13,13,14,10,7,8,9,7,3,3,3,11,13,10,1,8,8,13,3,6,14,14,16,11,8,8,8,9,2,3,1,5,11,9,3,9,10,3,16,7,3,3,1,6,9,7,8,10,16,13,12,8,3,9,11,6,9,2
P,2023HU0075123,8,02,00500,4,56,1019518,8,41,1,,1,2,1,1,2,2,,,1,,,2,,,0,2,2,2,2,2,2,2,0,,,,2,3,2,2,1,2,2007,1,4,,,,,,,,,3,5,3,3,3,0,600,33,0,1,,15,0,1,0,0,0,,2,,,,4,999,999,,1,,,3,,,2,01,0770,,,,,,4,23,1,,0,6355,,0,600,041,177,,,2,2,3,1,1000,001,0,0,0,0,1,0,0,1,0,,,,,472111,,1,0,0,1,0,1,1,1,1,1,1,1,0,0,1,0,1,0,0,0,0,0,1,0,1,1,,1,,1,,1,1,1,0,1,1,0,0,0,0,0,1,1,1,1,1,1,1,1,0,0,1,1,1,1,1,1,1,0,1,1,0,0,1,0,1,1,1,0,1,1,1,0,1,0,0,0,17,4,3,4,4,5,8,12,7,7,8,11,9,2,2,11,20,5,7,10,2,13,12,19,22,9,7,5,4,3,3,1,3,6,6,7,3,6,5,10,1,6,14,31,11,6,5,11,5,7,1,1,2,5,9,8,2,7,9,1,6,6,4,3,2,7,12,7,5,10,25,10,13,4,2,10,15,8,7,2
P,2023HU0075123,8,03,00500,4,56,1019518,6,44,1,,1,2,2,2,2,2,,,2,,,2,,,0,2,2,2,2,2,2,2,0,2,,10,2,1,2,2,1,2,2001,1,4,,,,,,,,,3,5,3,3,3,0,0,34,0,1,,18,0,1,0,0,52000,50,1,46,,,4,999,999,,2,,,1,,,2,01,0770,092,053,,,,2,23,1,,0,7210,,52000,52000,056,330,00500,056,2,2,1,1,1000,001,0,0,0,0,1,0,0,1,0,,,,,493031,,1,0,0,1,0,1,1,1,1,1,1,1,0,0,1,0,1,0,0,0,0,0,1,0,1,1,,1,,1,,1,1,1,0,1,1,1,1,0,1,0,1,1,1,1,1,1,1,1,0,0,1,1,1,1,1,1,1,1,1,1,0,0,1,0,1,1,1,0,1,1,1,1,1,1,0,0,16,5,2,3,4,5,7,12,8,8,9,11,9,1,2,11,21,4,7,11,3,13,11,18,21,9,7,7,4,4,4,2,1,6,7,8,2,5,4,10,2,5,15,32,11,7,7,10,4,6,3,1,1,7,8,7,3,8,7,1,6,6,4,1,1,8,12,7,6,11,26,10,12,6,1,9,16,7,7,1
P,2023HU0075360,8,01,00500,4,56,1019518,37,70,1,,,2,2,2,2,2,,,2,,,2,,,2,2,1,1,2,2,2,2,24000,,,,2,2,2,2,2,2,1994,1,4,,,,,,,,,2,5,2,2,3,0,0,20,8300,1,,18,0,2,0,26200,0,,3,,2,,2,050,026,,2,,,6,,,1,01,,,,,,,3,,1,,0,,4,0,58500,041,402,,,1,1,2,9,9000,017,1,0,0,0,2,0,0,1,0,,,,,,,1,0,0,0,0,0,0,0,0,0,0,0,0,0,0,0,0,0,0,0,0,0,0,0,0,0,0,0,,0,,0,0,0,0,0,0,0,0,0,0,0,0,0,0,0,0,0,0,0,0,0,0,0,0,0,0,0,0,0,0,0,0,0,0,0,0,0,0,0,0,0,0,0,0,0,0,0,74,35,27,36,64,34,10,40,70,57,28,35,62,9,29,7,11,31,13,50,10,42,30,45,11,42,64,32,18,15,51,32,12,61,35,69,55,40,59,37,52,43,46,42,52,33,11,28,52,58,38,33,59,14,32,16,13,42,11,38,9,36,35,36,13,41,56,34,9,10,40,40,14,63,31,70,57,55,76,43
P,2023HU0075417,8,01,00300,4,56,1019518,70,28,1,,3,2,2,2,1,2,,,2,,,,,,0,1,2,2,2,2,2,2,0,20,1,01,2,5,,,,,,1,4,,,,,,,,,3,5,3,3,3,0,0,20,760,1,,16,0,1,0,0,33600,40,1,52,1,,3,996,999,,1,1,,1,,,1,01,7860,125,080,,,,6,6111,1,,0,4220,,33600,34360,056,221,00300,056,1,2,3,1,1000,001,0,0,0,0,1,0,0,1,0,,,,,37201X,,1,0,0,0,0,0,0,0,0,0,0,0,0,0,0,0,0,0,0,0,0,0,0,0,0,0,,0,,0,,0,0,0,0,0,0,0,0,0,0,0,0,0,0,0,0,0,0,0,0,0,0,0,0,0,0,0,0,0,0,0,0,0,0,0,0,0,0,0,0,0,0,0,0,0,0,0,93,118,89,66,123,88,94,14,19,62,55,84,162,69,23,71,25,22,120,86,59,139,65,47,207,83,155,24,19,60,58,77,132,68,18,68,18,21,136,57,96,119,74,73,101,72,101,14,19,71,68,83,175,65,21,78,23,20,101,78,77,147,54,75,173,89,124,17,18,75,50,74,117,64,16,82,19,29,149,60
P,2023HU0075417,8,02,00300,4,56,1019518,72,29,1,,1,2,2,2,1,2,,,1,,2,,,,0,1,2,2,1,2,2,2,0,15,,12,2,5,,,,,,1,4,,,,,,,,,3,5,3,3,3,0,0,34,0,1,,16,0,2,0,0,21000,30,1,52,1,,1,931,999,,1,,,1,,,1,01,5090,166,101,,,,6,4571,1,,0,4720,4,21000,21000,056,135,00300,056,1,1,2,1,1000,001,0,0,0,0,1,0,0,1,0,,,,,412010,,1,0,0,0,0,0,0,0,0,0,0,0,0,0,0,0,0,0,0,0,0,0,0,0,0,0,,0,0,0,,0,0,0,0,0,0,0,0,0,0,0,0,0,0,0,0,0,0,0,0,0,0,0,0,0,0,0,0,0,0,0,0,0,0,0,0,0,0,0,0,0,0,0,0,0,0,0,98,118,78,75,95,61,98,22,23,63,58,80,143,66,24,76,25,27,114,70,60,114,75,82,172,76,118,26,21,70,71,52,126,81,22,63,20,28,119,65,104,136,83,70,129,87,111,19,20,94,79,71,146,76,19,73,25,19,102,60,64,122,62,92,149,87,100,21,20,81,76,55,105,69,19,83,15,23,120,61
P,2023HU0075787,8,01,00100,4,56,1019518,173,28,1,,3,2,2,2,2,2,,,2,,,,,,0,1,2,2,2,2,2,2,0,12,1,01,2,1,2,2,1,2,2020,3,4,,,,,,,,,3,5,3,3,3,0,0,20,0,1,,20,0,1,0,0,52000,50,1,52,1,,4,999,999,,2,1,,1,,,1,01,9470,057,017,,00100,056,1,92MP,1,,0,3870,,52000,52000,056,448,00100,056,1,2,4,1,1000,001,0,0,0,0,1,0,0,1,0,,,,,333050,,1,0,0,0,0,1,0,0,0,0,0,0,0,0,0,0,0,0,0,0,0,0,0,0,0,0,,0,,0,,0,0,0,0,1,1,0,0,0,0,0,0,0,0,0,0,0,0,0,1,0,0,1,1,1,1,1,0,0,0,0,0,0,1,0,0,0,0,0,1,1,1,0,0,0,0,0,33,138,156,53,71,60,43,179,59,145,87,314,236,163,123,53,58,213,172,169,176,392,390,187,164,162,169,221,149,311,232,324,260,238,196,184,187,251,285,109,39,157,140,64,62,62,53,160,67,153,61,276,239,214,155,44,52,157,126,125,175,332,350,179,140,156,197,222,180,275,186,291,257,236,292,187,192,262,264,83
P,2023HU0075787,8,02,00100,4,56,1019518,82,28,1,,1,2,2,2,2,2,,,2,,1,,,,0,1,2,2,2,2,2,2,0,8,1,01,2,1,2,2,1,2,2020,3,4,,,,,,,,,3,5,3,3,3,0,0,21,0,1,,20,0,2,0,0,38000,40,1,52,,,4,999,999,,2,1,,1,,,1,01,9080,095,055,,00100,056,1,8122,1,,0,9620,4,38000,38000,056,448,00100,056,1,2,4,1,1000,001,0,0,0,0,1,0,0,1,0,,,,,537062,,1,0,0,1,0,1,1,1,1,1,1,1,0,0,1,0,1,1,0,0,0,0,1,0,1,1,,1,,1,,1,1,1,0,1,1,1,1,1,1,0,1,0,1,0,1,1,0,1,1,0,1,1,1,1,1,1,1,1,1,1,0,0,1,0,1,1,1,0,1,1,1,1,1,1,0,0,20,76,80,24,38,26,19,87,24,82,34,115,85,76,68,27,28,76,88,69,93,154,181,87,85,64,75,125,83,177,85,155,130,122,98,90,82,98,175,41,18,62,85,26,27,33,31,89,30,74,23,104,98,75,70,22,23,72,80,74,75,150,151,71,65,87,103,128,95,137,90,134,124,118,125,73,96,173,126,32
P,2023HU0076654,8,01,00100,4,56,1019518,16,63,1,,3,2,2,2,2,2,,,2,,,2,,,2,1,1,2,2,2,2,2,0,,,,2,5,,,,,,1,4,,,,,,,,,1,5,2,3,3,0,0,20,0,1,,22,0,2,0,0,65000,40,1,36,2,,2,087,022,,2,,,2,5506,,1,01,7860,,,,,,6,6111,1,,0,2320,4,65000,65000,056,415,,,1,2,2,1,1000,001,0,0,0,0,1,0,0,1,0,1,2,,,252030,,1,0,0,0,0,0,0,0,0,0,0,0,0,0,0,0,0,0,1,0,0,0,1,0,0,0,,1,,1,,1,1,1,0,0,0,0,0,0,0,0,0,0,0,0,0,0,0,0,0,0,0,0,0,0,0,0,0,0,1,1,0,0,0,0,0,0,0,0,0,0,0,0,0,0,0,0,5,16,19,4,16,4,19,22,17,13,9,4,13,23,19,25,31,7,13,20,23,17,14,32,25,20,4,3,21,23,11,19,8,4,21,4,3,24,15,13,5,18,16,4,17,4,21,31,22,12,9,3,15,24,20,26,17,4,14,16,21,16,16,28,22,30,5,4,16,22,14,17,13,5,15,4,3,30,21,20
P,2023HU0077638,8,01,00500,4,56,1019518,245,55,1,,4,2,2,2,2,2,,2,2,,,2,,,0,1,2,2,2,2,2,2,0,28,1,01,2,1,2,2,1,2,1990,1,2,0,1,1,0,0,0,0,0,3,5,3,3,3,0,0,20,27000,1,,19,0,1,0,0,41000,40,1,52,1,,2,032,050,,2,1,,1,,,1,01,8370,111,067,,,,1,6241,1,,0,2016,,41000,68000,053,456,00200,056,1,2,4,1,1000,001,0,0,0,0,1,0,0,1,0,,,,,211093,04,1,0,0,0,0,0,0,0,0,0,0,0,0,0,0,0,0,0,0,0,0,0,0,0,0,0,,0,,0,,0,0,0,0,0,0,0,0,0,0,0,0,0,0,0,0,0,0,0,0,0,0,0,0,0,0,0,0,0,0,0,0,0,0,0,0,0,0,0,0,0,0,0,0,0,0,0,90,238,296,219,217,361,250,82,141,102,277,267,290,331,262,320,298,472,275,325,273,231,93,221,203,60,320,400,339,414,261,216,249,264,281,93,95,96,217,84,67,189,322,233,230,346,233,66,157,145,231,223,353,258,206,386,392,449,270,354,409,203,85,279,227,94,346,350,289,350,301,229,190,238,305,95,104,64,194,76
P,2023HU0077638,8,02,00500,4,56,1019518,164,52,1,,1,2,2,2,2,2,,,2,,,2,,,0,1,2,2,2,2,2,2,0,2,1,01,2,1,2,2,1,2,1990,1,4,,,,,,,,,3,5,3,3,3,0,0,21,0,1,,19,0,2,0,0,24000,30,1,52,1,,2,032,050,,2,1,,1,,,1,01,8980,106,067,,,,1,812112,1,,0,4510,4,24000,24000,042,456,00500,056,1,2,4,1,1000,001,0,0,0,0,1,0,0,1,0,,,,,395012,,1,0,0,0,0,0,0,0,0,0,0,0,0,0,0,0,0,0,0,0,0,0,0,0,0,0,,0,,0,,0,0,0,0,0,0,0,0,0,0,0,0,0,0,0,0,0,0,0,0,0,0,0,0,0,0,0,0,0,0,0,0,0,0,0,0,0,0,0,0,0,0,0,0,0,0,0,58,208,236,193,189,213,160,76,75,72,225,185,148,182,141,185,191,255,196,187,197,211,88,229,171,52,186,271,241,284,190,133,181,134,113,64,76,65,117,49,37,180,265,196,177,214,174,66,78,91,204,162,189,172,127,232,224,266,165,218,234,175,92,254,136,62,205,255,179,289,229,123,141,132,145,62,70,56,102,41
P,2023HU0077668,8,01,00500,4,56,1019518,20,60,1,,3,2,2,2,2,2,,,2,,,1,,2,0,2,2,2,2,2,2,1,1200,,,,2,3,2,2,1,2,1978,1,4,,,,,,,,,2,5,2,2,3,0,0,20,0,1,,21,0,2,0,0,0,,2,,2,,1,917,999,,2,,,6,2304,,2,01,8470,,,,,,4,6244,1,,0,2360,4,0,1200,056,154,,,2,2,4,3,5013,003,1,0,0,0,1,0,0,0,0,2,2,,,2530XX,,1,0,0,0,0,0,0,0,0,0,0,0,0,0,0,0,0,0,0,0,0,0,0,0,0,0,,0,,0,,0,0,0,0,0,0,0,0,0,0,0,0,0,0,0,0,0,0,0,0,0,0,0,0,0,0,0,0,0,0,0,0,0,0,0,0,0,0,0,0,0,0,0,0,0,0,0,30,19,24,14,17,17,5,44,32,6,21,13,29,56,26,46,6,21,36,10,46,20,18,14,23,30,9,18,23,5,24,5,14,42,21,40,4,17,27,34,6,14,19,27,26,18,30,18,5,24,13,29,31,10,22,5,42,28,7,25,9,23,12,22,24,19,35,20,8,39,27,38,25,3,21,12,47,36,12,7
P,2023HU0077668,8,02,00500,4,56,1019518,39,44,1,,3,2,2,2,2,2,,,2,,,2,,,0,2,2,2,2,2,2,1,1200,2,1,01,2,3,2,2,1,2,2000,1,4,,,,,,,,,3,5,3,3,3,0,0,25,0,1,,16,0,1,0,0,34600,40,1,52,1,,1,917,999,,2,1,,1,,,2,01,8590,262,143,,,,4,713Z,1,,0,5120,,34600,35800,056,154,00500,056,2,2,2,3,5013,003,1,0,0,0,1,0,0,0,0,,,1,3,433031,,1,0,0,0,0,0,0,0,0,0,0,0,0,0,0,0,0,0,0,0,0,0,0,0,0,0,,0,,0,,0,0,0,0,0,0,0,1,1,0,0,0,0,0,0,0,0,1,0,0,0,0,0,0,0,1,1,0,0,0,0,0,0,0,0,0,0,0,0,0,0,1,0,0,0,0,0,72,26,37,38,40,32,12,51,77,13,52,17,49,67,58,75,11,39,67,12,77,44,42,30,43,36,14,33,60,14,34,11,30,61,37,54,15,37,54,73,14,34,41,48,38,41,42,37,13,67,36,56,56,12,27,11,64,49,11,48,9,44,38,43,27,38,105,45,10,66,35,71,36,15,45,16,73,48,12,11
P,2023HU0077668,8,03,00500,4,56,1019518,44,8,1,,,2,2,2,,2,,,2,,,,,,0,2,2,2,2,2,2,1,,,,,2,5,,,,,,1,,,,,,,,,,,,,,,,,30,,2,04,04,,2,,,,,,,,,1,917,999,,2,,5,,,,2,01,,,,,,,,,1,5,0,,,,,056,154,,,2,2,1,3,5013,003,1,0,0,0,1,0,0,0,1,,,1,6,,,1,0,0,0,0,0,0,0,0,0,0,0,0,0,0,0,0,0,0,0,0,0,0,0,0,0,,0,,0,,0,0,0,0,0,0,0,0,0,0,0,0,0,0,0,0,0,0,0,0,0,0,0,0,0,0,0,0,0,0,0,0,0,0,0,0,0,0,0,0,0,0,0,0,0,0,0,77,57,47,35,60,35,12,58,82,14,48,22,48,64,51,62,11,37,65,11,101,50,38,31,38,40,14,39,71,21,49,10,43,72,58,77,13,41,63,68,15,31,52,46,37,45,60,36,14,70,35,54,62,18,46,14,93,53,14,69,11,57,49,40,31,50,101,50,12,65,35,88,37,11,39,16,87,50,18,15
P,2023HU0077803,8,01,00400,4,56,1019518,238,34,5,,7,2,2,2,2,2,,,2,1,2,2,,,0,1,2,2,2,2,2,2,3600,15,1,01,1,1,2,2,1,2,2017,1,4,,,,,,,,,3,5,3,3,3,0,0,20,0,1,,16,0,2,0,0,25000,35,1,52,1,2007,1,210,999,7,2,1,,1,,,1,02,7690,109,067,1200,,,1,5617Z,2,,0,4200,2,25000,28600,303,355,00400,056,1,2,4,8,8000,015,0,0,0,0,1,0,1,0,0,,,,,371011,,3,0,0,0,0,0,0,0,0,0,0,0,0,0,0,0,0,0,0,0,0,0,0,0,0,0,,0,,0,,0,0,0,0,0,0,0,0,0,0,0,0,0,0,0,0,0,0,0,0,0,0,0,0,0,0,0,0,0,0,0,0,0,0,0,0,0,0,0,0,0,0,0,0,0,0,0,302,316,284,110,300,335,84,210,323,73,307,77,248,255,247,451,204,305,237,313,240,66,262,322,74,91,356,262,217,353,259,312,262,314,245,64,221,87,292,88,229,362,203,108,459,441,138,268,229,106,242,72,189,196,192,332,352,394,197,350,197,106,246,292,69,90,347,277,208,446,231,403,204,255,225,70,207,117,232,89
P,2023HU0077803,8,02,00400,4,56,1019518,282,35,4,2018,1,2,2,2,2,2,,,2,1,,2,,,0,1,2,2,2,2,2,2,0,20,1,01,1,1,2,2,1,2,2017,1,4,,,,,,,,,3,5,3,3,3,0,0,21,0,1,,16,0,1,0,0,78000,40,1,52,1,2007,1,210,999,7,2,1,,1,,,1,02,3570,062,019,1200,,,1,336M,2,,0,7700,,78000,78000,303,355,00400,056,1,2,1,8,8000,015,0,0,0,0,1,0,1,0,0,,,,,511011,,3,0,0,0,1,0,0,0,0,0,0,0,0,0,0,0,0,0,0,0,0,0,0,0,0,0,,0,,0,,0,0,0,0,0,0,0,0,0,0,0,0,0,0,0,0,0,0,0,0,0,0,0,0,0,0,0,0,0,0,0,0,0,0,0,0,0,0,0,0,0,0,0,0,0,0,1,265,372,216,109,458,475,90,377,234,89,398,138,405,348,232,421,258,433,265,373,218,69,211,369,113,103,320,431,228,394,484,495,362,371,230,92,297,126,264,90,290,368,240,118,360,401,95,288,226,138,438,102,222,285,234,453,305,374,281,366,316,109,260,426,84,119,378,378,287,537,492,429,291,343,220,128,295,110,259,128
P,2023HU0077803,8,03,00400,4,56,1019518,204,15,1,,,2,2,2,2,2,,,2,1,,,,,0,1,2,2,2,2,2,2,0,,,,1,5,,,,,,1,,,,,,,,,,,,,,,0,0,25,0,2,12,12,0,1,0,0,0,,,,,,1,210,999,,2,,1,,,,1,02,,,,1200,,,6,,1,4,1,,,,0,056,355,,,1,2,3,8,8000,015,0,0,0,0,1,0,1,0,1,,,,,,,1,0,0,0,0,0,0,0,0,0,0,0,0,0,0,0,0,0,0,0,0,0,0,0,0,0,,0,,0,,0,0,0,0,0,0,0,0,0,0,0,0,0,0,0,0,0,0,0,0,0,0,0,0,0,0,0,0,0,0,0,0,0,0,0,0,0,0,0,0,0,0,0,0,0,0,0,185,252,176,71,281,258,79,196,158,81,221,120,257,259,250,288,167,291,206,308,232,57,184,308,86,68,357,268,164,335,250,303,206,195,161,72,196,77,222,56,197,272,178,93,302,338,79,241,159,73,228,79,196,296,211,269,239,319,186,313,221,62,261,363,68,71,322,233,177,323,244,295,212,181,147,67,157,73,217,80
P,2023HU0077803,8,04,00400,4,56,1019518,295,13,1,,,2,2,2,,2,,,2,,,,,,0,1,2,2,2,2,2,2,,,,,2,5,,,,,,1,,,,,,,,,,,,,,,,,25,,2,10,10,,1,,,,,,,,,1,210,999,,2,,1,,,,1,02,,,,,,,,,1,4,1,,,,,056,355,,,1,2,3,8,8000,015,0,0,0,0,1,0,1,0,1,,,,,,,1,0,0,0,0,0,0,0,0,0,0,0,0,0,0,0,0,0,0,0,0,0,0,0,0,0,,0,,0,,0,0,0,0,0,0,0,0,0,0,0,0,0,0,0,0,0,0,0,0,0,0,0,0,0,0,0,0,0,0,0,0,0,0,0,0,0,0,0,0,0,0,0,0,0,0,0,359,438,330,144,381,490,95,270,228,103,254,90,294,288,333,431,205,475,296,412,276,93,444,479,133,105,405,454,278,587,280,360,314,299,253,81,303,97,283,80,243,418,343,140,714,416,109,375,347,118,271,97,224,281,282,383,345,474,329,541,293,93,276,465,117,170,408,235,240,488,234,459,281,244,364,100,204,154,323,137
P,2023HU0078041,8,01,00100,4,56,1019518,80,28,1,,2,2,2,2,2,2,,,2,,2,,,,0,1,2,2,2,2,2,2,0,7,1,01,2,1,2,2,1,2,2020,1,4,,,,,,,,,3,5,3,3,3,0,0,20,0,1,,22,0,2,0,0,27600,24,1,52,1,,4,999,999,,2,1,,1,5404,,1,01,8191,092,052,,,,1,622M,1,,0,2014,1,27600,27600,056,488,00100,056,1,2,3,1,1000,001,0,0,0,0,1,0,0,1,0,2,2,,,211029,,1,0,0,0,0,0,0,0,0,0,0,0,0,0,0,0,0,0,0,0,0,0,0,0,0,0,,0,,0,,0,0,0,0,0,1,0,0,0,0,0,0,0,0,0,0,0,0,0,0,0,0,0,1,1,1,1,0,0,0,0,0,0,1,0,0,0,0,0,1,1,1,0,0,0,0,0,179,78,21,71,314,89,72,118,89,27,21,33,127,88,85,108,93,105,176,24,148,101,25,61,115,65,77,113,88,27,24,28,80,65,63,92,63,95,139,33,144,79,26,86,228,84,72,121,106,22,26,27,113,126,75,82,80,132,182,26,109,66,27,85,124,77,90,129,83,23,30,21,67,75,61,59,73,156,108,23
P,2023HU0078041,8,02,00100,4,56,1019518,152,28,1,,1,2,2,2,2,2,,,2,,,,,,0,1,2,2,2,2,2,2,0,10,1,01,2,1,2,2,1,2,2020,1,4,,,,,,,,,3,5,3,3,3,0,0,21,0,1,,16,0,1,0,0,90000,42,1,52,,,4,999,999,,2,1,,1,,,1,01,0380,090,049,,,,1,2121,1,,0,6305,,90000,90000,056,488,00100,056,1,2,4,1,1000,001,0,0,0,0,1,0,0,1,0,,,,,472070,,1,0,0,1,0,1,1,1,1,1,1,1,0,0,1,0,1,0,0,0,0,0,1,0,1,1,,1,,1,,1,1,1,0,1,1,1,1,1,1,0,1,0,1,0,1,1,0,1,0,0,1,1,1,1,1,1,1,1,1,1,0,0,1,0,1,1,1,0,1,1,1,1,1,1,0,0,290,125,32,152,505,191,133,191,199,40,43,95,327,149,141,211,163,232,301,46,236,229,54,119,195,138,169,179,143,43,55,58,152,107,114,168,130,219,218,80,265,168,37,183,429,155,111,186,207,35,60,65,224,301,151,135,174,253,270,42,238,148,54,171,234,125,162,224,141,39,53,43,119,125,133,124,128,231,201,45
P,2023HU0078041,8,03,00100,4,56,1019518,134,0,1,,,,2,2,,,,,,,,,,,0,1,2,2,2,2,2,2,,,,,,5,,,,,,,,,,,,,,,,,,,,,,,25,,,,,,1,,,,,,,,,4,999,999,,2,,1,,,,1,01,,,,,,,,,1,1,1,,,,,056,488,,,1,2,4,1,1000,001,0,0,0,0,1,0,0,1,1,,,,,,,1,0,0,1,0,0,0,1,1,1,0,0,0,0,0,0,0,0,0,0,0,0,1,0,1,1,,1,,1,,1,1,1,0,0,0,0,0,0,0,0,0,0,0,0,0,0,0,0,0,0,0,0,0,0,0,0,1,0,1,1,0,0,0,0,0,0,0,0,0,0,0,0,0,0,0,0,266,123,40,143,279,152,144,210,151,39,22,56,170,115,121,136,192,237,286,47,148,137,43,170,254,98,100,250,150,39,50,62,227,127,112,153,98,213,169,45,244,163,42,141,321,125,109,263,133,39,40,50,166,157,121,122,156,247,258,45,192,113,51,203,232,115,106,180,111,33,41,44,163,165,95,115,128,216,226,34
P,2023HU0078189,8,01,00500,4,56,1019518,43,64,1,,1,2,2,2,2,2,,2,2,,,2,,,0,2,2,2,2,1,2,2,10,,,,2,3,2,2,2,2,1984,1,2,0,1,1,0,0,0,0,0,2,5,2,2,3,900,0,20,25000,1,,21,0,2,0,15000,0,,2,,2,,1,142,999,,2,,,6,6000,,1,01,8660,,,,,,4,7211,1,,0,4110,4,0,40910,025,262,,,1,2,4,1,1000,001,0,0,0,0,1,0,0,1,0,2,2,,,353031,04,1,0,0,0,0,1,0,0,0,0,0,0,0,0,0,0,0,0,0,0,0,0,0,0,0,0,,0,,0,0,0,0,0,0,0,0,0,0,0,0,0,0,0,0,0,0,0,1,0,0,0,0,1,0,0,0,0,0,0,0,0,0,0,0,0,0,0,0,0,0,0,0,0,0,0,0,0,50,45,39,14,51,38,62,72,15,11,85,49,12,83,87,37,47,13,37,56,52,40,49,94,38,48,11,15,88,64,11,39,83,12,14,34,39,71,43,53,49,50,39,105,43,47,15,13,58,74,13,42,64,12,11,53,50,69,43,28,43,52,47,14,41,42,62,57,11,16,74,48,12,111,83,50,36,17,32,45
P,2023HU0078543,8,01,00200,4,56,1019518,44,56,1,,6,2,1,2,1,1,,,2,,,2,,,0,2,2,2,2,2,2,2,0,,,,2,5,,,,,,1,4,,,,,,,,,2,2,2,1,3,0,0,20,0,1,,16,600,2,0,0,0,13,1,20,2,,2,200,026,,1,,,3,,,2,23,8470,,,,,,6,6244,1,,0,4600,4,600,600,056,236,,,2,2,1,1,1000,001,0,0,0,0,1,0,0,1,0,,,,,399011,,1,0,0,0,0,0,0,0,0,0,0,0,0,0,0,0,0,0,0,0,0,0,0,0,0,0,,0,,0,,0,0,0,0,0,0,0,0,0,0,0,0,0,0,0,0,0,0,0,0,0,0,0,0,0,0,0,0,0,0,0,0,0,0,0,0,0,0,0,0,0,0,0,0,0,0,0,27,27,20,73,40,49,69,10,33,27,131,110,16,10,46,47,15,76,77,59,75,54,9,32,85,34,40,20,48,50,72,48,11,11,71,48,12,54,69,54,51,76,52,24,62,42,33,89,51,77,10,12,69,69,18,42,54,14,14,38,20,33,125,48,30,37,60,60,26,39,11,30,76,60,13,34,74,20,18,43
P,2023HU0078543,8,02,00200,4,56,1019518,66,29,1,,6,2,2,2,2,2,,,2,,,,,,0,2,2,2,2,2,2,2,0,3,1,01,2,5,,,,,,1,4,,,,,,,,,3,5,3,3,3,0,0,25,0,1,,19,36100,1,0,0,0,40,1,50,1,,2,210,026,,2,1,,1,,,2,23,8970,106,067,,,,6,812111,1,,0,4500,,36100,36100,056,236,00200,056,2,2,3,1,1000,001,0,0,0,0,1,0,0,1,0,,,,,395011,,1,0,0,0,0,0,0,0,0,0,0,0,0,0,0,0,0,0,0,0,0,0,0,0,0,0,,0,,0,,0,0,0,0,0,0,0,0,0,0,0,0,0,0,0,0,0,0,0,0,0,0,0,0,0,0,0,0,0,0,0,0,0,0,0,0,0,0,0,0,0,0,0,0,0,0,0,71,36,17,135,58,90,106,25,102,32,106,91,17,21,86,52,39,132,115,141,43,51,12,50,50,65,147,16,79,98,152,89,27,10,85,86,8,112,96,53,51,83,44,70,68,61,116,116,47,86,12,9,67,98,24,57,141,17,16,115,50,86,112,55,80,45,40,155,100,72,35,54,122,89,16,85,84,26,25,59
P,2023HU0078543,8,03,00200,4,56,1019518,35,55,1,,1,2,2,2,2,2,,,2,,,2,,,0,2,2,2,2,2,2,2,0,,,,2,3,2,2,2,2,2002,1,4,,,,,,,,,3,2,1,3,1,2500,0,28,0,1,,14,0,1,0,0,15000,40,1,34,2,,2,200,026,,2,,,3,,,2,23,7590,,,,,,4,5614,1,,0,9645,,15000,17500,056,236,,,2,2,2,1,1000,001,0,0,0,0,1,0,0,1,0,,,,,537065,,1,0,0,0,0,0,0,0,0,0,0,0,0,0,0,0,0,0,0,0,0,0,0,0,0,0,,0,,0,,0,0,0,0,0,0,0,0,0,0,0,0,0,0,0,0,0,0,0,0,0,0,0,0,0,0,0,0,0,0,0,0,0,0,0,0,0,0,0,0,0,0,0,0,0,0,0,19,14,18,87,21,43,82,10,33,17,79,80,11,12,39,37,21,79,69,55,43,29,4,28,54,25,48,12,50,51,49,38,11,7,63,48,4,41,45,40,29,61,20,15,51,30,29,81,35,58,5,6,42,57,14,30,42,8,11,37,19,27,95,35,24,29,41,56,31,39,11,55,65,45,12,33,63,18,16,45
P,2023HU0078754,8,01,00300,4,56,1019518,129,88,1,,,2,1,2,2,1,,2,2,,,2,,,2,1,1,1,2,2,2,2,90000,,,,2,1,2,2,2,2,1965,1,3,,,,,,,,,3,5,2,2,3,69000,0,20,6000,1,,21,0,1,0,9400,0,,3,,,,1,290,999,,1,,,6,6203,,1,02,,,,,,,1,,1,,0,,,0,174400,008,501,,,1,1,1,1,1000,001,0,0,0,0,1,0,0,1,0,2,2,,,,,1,0,0,0,0,0,0,0,0,0,0,0,0,0,0,0,0,0,0,0,0,0,1,0,0,1,0,0,,1,,1,1,1,0,0,0,0,0,0,0,0,0,0,0,0,0,0,0,0,0,0,0,0,0,0,0,1,0,0,1,1,0,0,1,0,0,0,0,0,0,0,0,0,0,0,0,0,155,188,40,42,51,35,206,169,283,57,218,104,120,241,113,125,273,104,116,112,95,26,222,254,205,180,52,183,133,221,45,113,121,37,114,139,55,92,88,96,117,44,179,188,232,314,35,163,241,236,31,94,131,60,117,161,60,136,108,118,100,156,49,39,35,34,190,155,140,54,261,126,139,326,104,111,265,111,91,119
P,2023HU0078754,8,02,00300,4,56,1019518,95,80,1,,,2,2,2,2,2,,,2,,,2,,,0,2,2,1,2,2,2,2,0,,,,2,1,2,2,1,2,1965,1,4,,,,,,,,,2,5,2,2,2,0,0,21,0,1,,20,0,2,0,0,0,,3,,2,,1,176,999,,2,,,6,,,1,01,,,,,,,1,,1,,0,,4,0,0,019,501,,,2,1,4,1,1000,001,0,0,0,0,1,0,0,1,0,,,,,,,1,0,0,0,0,0,0,0,0,0,0,0,0,0,0,0,0,0,0,0,0,0,1,0,0,0,0,0,,1,,1,1,1,0,0,0,0,0,0,0,0,0,0,0,0,0,0,0,0,0,0,0,0,0,0,0,0,1,0,1,1,0,0,0,0,0,0,0,0,0,0,0,0,0,0,0,0,98,181,28,33,30,20,175,113,99,31,174,108,114,115,106,123,139,86,73,82,85,24,154,160,140,143,30,102,86,126,28,77,80,32,93,142,26,76,96,108,100,31,141,168,159,175,36,94,85,143,26,82,93,25,90,107,34,106,92,97,123,159,21,24,24,26,160,99,103,22,171,87,83,194,86,94,168,83,120,125
P,2023HU0079019,8,01,00400,4,56,1019518,14,80,1,,1,2,1,2,2,1,,,2,,,1,5,1,2,2,1,1,1,2,2,2,0,15,5,01,2,3,2,2,2,2,1961,1,4,,,,,,,,,2,5,2,3,2,0,0,20,5000,1,,16,0,2,19800,16900,5800,10,1,52,1,,4,999,999,,1,5,,1,,,1,01,9070,103,061,,,,4,8123,1,,0,4220,4,5800,47500,008,170,00400,056,1,1,2,1,1000,001,0,0,0,0,1,0,0,1,0,,,,,37201X,,1,0,0,0,0,0,0,0,0,0,0,0,0,0,0,0,0,0,0,0,0,0,0,0,0,0,0,0,1,0,,0,0,0,0,0,1,0,0,0,0,0,1,0,0,0,0,0,0,0,0,0,0,0,1,1,0,1,0,0,0,0,0,0,1,0,0,0,0,0,0,1,0,0,0,0,0,0,4,5,5,9,18,14,15,15,14,25,19,12,3,11,21,18,13,20,15,27,21,23,19,11,13,17,10,11,4,4,5,17,22,10,3,14,17,5,9,4,6,2,5,16,14,12,13,13,22,24,18,14,5,13,21,13,11,21,18,21,30,23,23,15,11,11,13,14,5,4,3,13,21,19,2,12,17,3,12,6
P,2023HU0079019,8,02,00400,4,56,1019518,15,37,1,,1,2,2,2,1,2,,,1,,,2,,,0,2,2,2,2,2,2,2,0,,,,2,3,2,2,1,2,2007,3,4,,,,,,,,,2,1,2,1,2,0,600,30,0,1,,17,0,1,0,0,0,,2,,2,,4,999,999,,1,,,3,,,2,01,0770,,,,00400,056,4,23,1,,0,6355,,0,600,056,170,,,2,2,4,1,1000,001,0,0,0,0,1,0,0,1,0,,,,,472111,,1,0,0,0,0,0,0,0,0,0,0,0,0,0,0,0,0,0,0,0,0,0,0,0,0,0,,0,,0,,0,0,0,0,0,0,0,0,0,0,0,1,0,0,0,0,0,0,0,0,0,0,0,0,0,0,0,0,0,0,0,0,0,0,0,0,0,0,0,0,0,0,0,0,0,0,0,3,3,7,18,11,15,18,20,21,17,18,11,5,21,20,13,27,26,14,30,19,21,14,11,11,13,15,10,7,6,5,23,24,8,6,22,7,5,13,4,3,5,2,12,23,12,14,15,18,22,13,10,5,8,24,13,13,23,14,33,29,36,31,17,14,10,15,21,6,7,4,24,25,22,5,20,22,4,14,6
P,2023HU0079019,8,03,00400,4,56,1019518,10,16,1,,3,2,1,1,2,2,,,2,,2,,,,0,2,2,2,1,2,2,2,0,5,5,01,2,5,,,,,,1,,,,,,,,,,1,1,2,2,2,0,0,30,0,2,12,13,0,2,0,0,1800,8,1,8,1,,4,999,999,,1,5,,1,,,1,01,8570,083,043,,,,6,712,1,,0,4251,4,1800,1800,048,170,00400,056,2,1,4,1,1000,001,0,0,0,0,1,0,0,1,1,,,,,373011,,1,0,0,0,0,0,0,0,0,0,0,0,0,0,0,0,0,0,0,0,0,0,0,0,0,0,,0,0,0,,0,0,0,0,0,0,0,0,0,0,0,1,0,0,0,0,0,0,0,0,0,0,0,0,0,0,0,0,0,0,0,0,1,0,0,0,0,0,0,0,0,0,0,0,0,0,0,2,5,5,6,8,7,11,16,15,24,18,9,4,10,12,9,11,15,12,21,15,17,15,10,11,12,9,12,5,4,3,11,15,9,2,11,14,4,8,4,3,6,3,10,16,10,12,11,14,21,13,16,4,6,14,11,8,14,18,24,21,19,17,12,11,10,14,13,3,2,4,8,15,9,4,8,10,3,10,4
P,2023HU0079019,8,04,00400,4,56,1019518,23,15,1,,,2,2,2,2,2,,,2,,,,,,0,2,2,2,1,2,2,2,0,,,,2,5,,,,,,1,,,,,,,,,,,,,,,1800,0,30,0,2,11,12,0,1,0,0,0,,,,,,4,999,999,,2,,,,,,1,01,,,,,,,6,,1,,0,,,,1800,048,170,,,2,1,2,1,1000,001,0,0,0,0,1,0,0,1,1,,,,,,,1,0,0,0,0,0,0,0,0,0,0,0,0,0,0,0,0,0,0,0,0,0,0,0,0,0,,0,0,0,,0,0,0,0,0,0,0,0,0,0,0,1,0,0,0,0,0,0,0,0,0,0,0,0,0,0,0,0,0,0,0,0,1,0,0,0,0,0,0,0,0,0,0,0,0,0,0,5,9,9,30,17,13,23,38,30,43,30,30,13,18,23,26,19,55,24,33,47,45,53,30,17,24,19,12,9,11,6,35,37,17,6,19,36,9,26,7,8,8,8,14,34,33,27,38,32,35,46,16,4,19,35,19,16,32,31,46,63,45,30,29,28,19,19,35,8,5,6,20,30,29,8,24,23,5,21,9
P,2023HU0079555,8,01,00100,4,56,1019518,60,71,1,,2,2,2,2,2,2,,,2,,,2,,,2,1,1,1,2,2,2,2,0,,,,2,1,2,2,1,2,1970,1,4,,,,,,,,,2,3,2,2,2,0,0,20,18200,1,,21,0,2,0,8200,0,,2,,2,,1,022,999,,2,,,6,2309,,1,01,7860,,,,,,1,6111,1,,0,2320,4,0,26400,017,501,,,1,1,3,1,1000,001,0,0,0,0,1,0,0,1,0,2,2,,,252030,,1,0,0,0,0,0,0,0,0,0,0,0,0,0,0,0,0,0,0,0,0,0,1,0,0,1,0,0,,1,,1,1,1,0,0,0,0,0,0,0,0,0,0,0,0,0,0,0,0,0,0,0,0,0,0,0,0,0,0,1,1,0,0,0,0,0,0,0,0,0,0,0,0,0,0,0,0,112,61,81,54,55,68,15,52,96,17,46,18,69,115,59,106,22,54,94,18,94,69,56,42,57,59,15,56,127,20,82,17,48,104,60,90,16,59,108,18,107,64,55,63,65,67,19,50,95,20,61,20,61,92,56,103,17,54,94,18,122,67,69,50,59,62,17,81,79,16,60,21,48,116,58,83,20,66,96,23
P,2023HU0079555,8,02,00100,4,56,1019518,53,72,1,,,2,2,2,2,2,,2,2,,,2,,,2,1,1,1,2,2,2,2,0,,,,2,1,2,2,1,2,1970,1,3,,,,,,,,,2,5,2,2,3,0,0,21,39400,1,,19,0,1,0,26600,0,,3,,2,,2,032,050,,2,,,6,,,1,01,,,,,,,1,,1,,0,,,0,66000,017,501,,,1,1,2,1,1000,001,0,0,0,0,1,0,0,1,0,,,,,,,1,0,0,0,0,0,0,0,0,0,0,0,0,0,0,0,0,0,0,0,0,0,1,0,0,1,0,0,,1,,1,1,1,0,0,0,0,0,0,0,0,0,0,0,0,0,0,0,0,0,0,0,0,0,0,0,0,0,0,1,1,0,0,0,0,0,0,0,0,0,0,0,0,0,0,0,0,106,68,60,45,51,53,13,44,75,17,45,14,66,93,54,93,19,51,68,13,69,66,52,42,57,45,15,52,104,15,65,16,44,87,58,87,12,58,93,16,84,62,47,59,65,52,16,41,85,19,56,17,50,91,51,108,14,45,97,14,93,54,71,47,55,51,11,65,71,11,51,17,43,98,51,80,18,53,83,22
P,2023HU0079585,8,01,00100,4,56,1019518,141,52,1,,1,2,2,2,2,2,,,2,,,2,,,0,1,2,2,2,2,2,2,0,10,1,01,2,1,2,2,1,2,2003,1,4,,,,,,,,,3,5,3,3,3,0,0,20,0,1,,22,0,1,0,0,90000,60,1,52,,,1,125,999,,2,1,,1,2414,,1,01,0180,096,055,,,,1,112,1,,0,0205,,90000,90000,026,501,00100,056,1,2,2,1,1000,001,0,0,0,0,1,0,0,1,0,1,2,,,119013,,1,0,0,0,0,1,1,1,1,1,1,1,0,0,1,0,1,0,0,0,0,0,1,0,1,1,,1,,1,,1,1,1,0,1,1,1,1,1,1,0,0,0,1,1,1,1,1,0,0,0,1,1,1,1,1,1,0,1,1,1,0,0,1,0,0,0,1,0,1,1,1,1,1,1,0,0,38,174,319,92,158,39,157,249,190,121,154,214,98,172,68,110,253,41,117,26,67,191,232,116,196,49,145,200,199,139,138,160,190,185,42,131,250,35,141,94,37,134,207,172,289,48,114,203,228,107,134,92,119,124,45,156,221,50,134,55,37,120,190,141,324,44,108,186,225,161,187,115,162,148,37,183,234,44,122,34
P,2023HU0079585,8,02,00100,4,56,1019518,77,52,1,,1,2,2,2,2,2,,,2,,,2,,,0,1,2,2,2,2,2,2,0,10,1,01,2,1,2,2,1,2,2003,1,4,,,,,,,,,3,5,3,3,3,0,0,21,0,1,,22,0,2,0,0,200000,40,1,52,,,4,999,999,,2,1,,1,2304,,1,01,7270,090,049,,,,1,5411,1,,0,2100,2,200000,200000,026,501,00100,056,1,2,4,1,1000,001,0,0,0,0,1,0,0,1,0,2,2,,,2310XX,,1,0,0,1,0,1,1,1,1,1,1,1,0,0,1,0,1,0,1,0,0,0,1,0,1,1,,1,,1,,1,1,1,0,1,1,1,1,1,1,0,1,0,1,1,1,1,1,1,0,0,1,1,1,1,1,1,1,1,1,1,0,0,1,0,1,1,1,0,1,1,1,1,1,1,0,0,19,117,141,50,86,17,94,141,123,77,99,123,61,80,31,77,139,16,69,18,31,102,152,80,125,23,84,126,126,89,59,78,94,83,34,61,130,27,67,30,30,78,114,88,169,29,58,118,121,58,73,59,84,73,22,85,125,25,72,32,21,71,101,79,161,28,72,112,118,82,125,60,84,80,22,99,121,24,63,20
P,2023HU0079585,8,03,00100,4,56,1019518,105,15,1,,,2,2,2,2,2,,,2,,2,,,,0,1,2,2,1,2,2,2,0,,,,2,5,,,,,,1,,,,,,,,,,,,,,,0,0,25,0,2,12,12,0,2,1900,0,0,,,,,,4,999,999,,2,,1,,,,1,01,,,,,,,6,,1,1,1,,,,1900,056,501,,,1,1,4,1,1000,001,0,0,0,0,1,0,0,1,1,,,,,,,1,0,0,1,0,0,1,1,1,1,1,1,0,0,1,0,0,1,0,0,0,0,1,0,1,1,,1,1,1,,1,1,1,0,0,1,0,0,0,0,0,1,1,0,0,0,0,0,1,0,0,0,0,1,1,0,1,1,0,1,1,0,0,1,1,1,1,0,0,1,1,0,0,0,0,0,0,38,139,229,66,131,39,103,191,200,121,98,126,53,98,38,93,213,19,122,29,32,135,242,144,174,31,117,155,138,108,99,134,183,107,33,104,151,33,109,55,25,71,134,138,180,25,78,195,162,84,157,162,129,92,33,95,155,35,89,31,37,134,174,110,202,42,100,119,169,102,126,94,136,91,20,130,189,42,132,25
P,2023HU0079585,8,04,00100,4,56,1019518,105,30,5,,6,2,2,2,2,2,,,2,2,2,2,,,2,2,1,2,2,2,2,2,0,15,1,01,1,1,2,2,1,2,2019,1,4,,,,,,,,,3,5,3,3,3,0,0,34,0,1,,16,39000,2,0,0,0,40,1,52,,2009,4,999,999,7,2,1,,1,,,1,02,5791,079,037,1200,,,2,4MS,2,,0,5710,4,39000,39000,303,247,00100,056,1,2,4,8,8000,015,0,0,0,0,1,0,1,0,0,,,,,436011,,3,0,0,1,0,1,1,1,1,1,1,1,0,0,1,1,1,1,0,0,0,0,1,1,1,1,,1,,1,,1,1,1,0,1,1,1,1,1,1,1,1,1,1,1,1,1,1,1,0,0,1,1,1,1,1,1,1,1,1,1,0,0,1,0,1,1,1,0,1,1,1,1,1,1,0,1,39,107,118,60,163,50,131,236,175,85,96,185,122,148,37,75,149,25,122,16,46,149,238,110,153,49,137,147,164,89,86,160,109,114,52,89,141,23,76,36,25,121,141,106,285,56,83,204,156,84,101,111,125,160,37,138,150,23,83,25,33,96,155,92,163,38,146,282,182,91,110,80,92,110,46,118,106,25,118,29
P,2023HU0079585,8,05,00100,4,56,1019518,170,30,1,,7,2,2,2,2,2,,,2,,2,2,,,0,1,2,2,2,2,2,2,0,8,1,01,2,4,2,2,1,2,2014,1,4,,,,,,,,,3,5,3,3,3,0,0,34,0,1,,21,0,2,0,0,30000,40,1,52,,,4,999,999,,2,1,,1,1303,,1,01,6871,092,052,,,,5,52M3,1,,0,0120,4,30000,30000,056,190,00100,056,1,2,2,1,1000,001,0,0,0,0,1,0,0,1,0,2,2,,,113031,,1,0,0,1,0,1,1,1,1,1,1,1,0,0,1,0,1,1,1,0,0,0,1,0,1,1,,1,,1,,1,1,1,0,1,1,1,1,1,1,0,1,1,1,1,1,1,1,1,0,0,1,1,1,1,1,1,1,1,1,1,0,0,1,0,1,1,1,0,1,1,1,1,1,1,0,0,57,289,259,86,211,46,197,274,204,178,118,237,212,181,60,168,259,41,212,38,64,233,441,155,231,40,226,277,179,217,132,230,265,185,64,165,193,36,200,78,46,147,197,222,337,86,132,272,246,174,250,112,164,218,42,189,338,51,145,51,61,144,214,209,244,60,193,203,283,177,278,132,124,148,67,150,296,58,111,48
P,2023HU0079740,8,01,00500,4,56,1019518,21,76,1,,,2,2,2,2,2,,,2,,,2,,,0,2,2,1,2,2,2,2,1000,,,,2,1,2,2,2,2,1990,1,4,,,,,,,,,2,5,2,2,3,0,0,20,0,1,,21,0,2,0,12000,0,,3,,2,,2,111,050,,2,,,6,6000,1902,1,01,,,,,,,1,,1,,0,,4,0,13000,056,328,,,2,1,4,1,1000,001,0,0,0,0,1,0,0,1,0,2,2,,,,,1,0,0,0,0,0,0,0,0,0,0,0,0,0,0,0,0,0,0,0,0,0,0,0,0,0,0,0,,0,,0,0,0,0,0,1,0,0,0,0,0,0,0,0,0,0,0,0,0,0,0,0,0,0,0,0,1,0,0,0,0,0,0,0,0,0,0,0,0,0,0,0,0,0,0,0,0,22,46,29,20,7,6,25,33,7,36,20,19,22,26,22,21,5,37,24,25,40,23,19,42,27,16,43,21,20,26,45,8,6,7,7,35,21,20,7,22,6,17,30,7,18,19,6,21,20,19,6,35,48,32,29,7,25,22,40,49,21,7,7,20,36,42,21,7,34,6,20,20,22,21,25,21,51,9,31,6
P,2023HU0079740,8,02,00500,4,56,1019518,42,72,1,,1,2,2,2,2,2,,,2,,,2,,,0,1,2,1,2,2,2,2,0,10,1,01,2,1,2,2,2,2,1990,1,4,,,,,,,,,3,5,3,3,3,0,0,21,0,1,,19,0,1,0,18000,29100,40,1,52,1,,1,020,999,,2,1,,1,,,1,01,4691,072,031,,,,1,4413,1,,0,4750,,29100,47100,031,328,00500,056,1,1,3,1,1000,001,0,0,0,0,1,0,0,1,0,,,,,412022,,1,0,0,0,0,0,0,0,0,0,0,0,0,0,0,0,0,0,0,0,0,0,0,0,0,0,0,0,,0,,0,0,0,0,0,0,0,0,0,0,0,0,0,0,0,0,0,0,0,0,0,0,0,0,0,0,0,0,0,0,0,0,0,0,0,0,0,0,0,0,0,0,0,0,0,0,0,42,76,52,39,13,15,45,80,13,56,45,47,39,46,41,43,11,72,49,50,64,50,36,92,40,35,79,37,43,46,92,14,12,11,15,71,37,42,13,48,13,52,64,14,32,35,16,37,38,50,13,56,66,79,63,13,48,46,73,57,45,15,15,46,67,71,41,9,62,16,44,41,42,37,38,42,88,15,50,13
P,2023HU0080677,8,01,00500,4,56,1019518,68,67,1,,,2,2,2,2,2,,,2,,,2,,,1,2,1,1,1,2,2,2,0,,,,2,1,2,2,2,2,1999,1,4,,,,,,,,,2,5,2,2,3,0,0,20,0,1,,01,0,1,0,9100,0,,3,,2,,1,939,999,,2,,,6,,,1,01,,,,,,,1,,1,,0,,,0,9100,049,92,,,1,1,3,1,1000,001,0,0,0,0,1,0,0,1,0,,,,,,,1,0,0,0,0,0,0,0,0,0,0,0,0,0,0,0,0,0,0,0,0,0,1,0,1,1,0,0,0,0,,1,1,1,0,0,0,0,0,0,0,0,0,0,0,0,0,0,0,0,0,0,0,0,0,0,0,0,1,0,1,1,0,0,0,0,0,0,0,0,0,0,0,0,0,0,0,0,64,66,87,57,63,22,26,126,98,19,83,139,18,19,74,76,132,80,71,53,55,69,95,61,62,16,18,93,129,20,72,135,19,24,62,91,96,62,71,77,62,75,97,63,64,21,23,126,114,24,75,104,18,17,62,65,114,76,65,62,61,78,122,75,73,18,21,97,113,28,73,98,20,16,58,76,97,59,73,60
P,2023HU0080677,8,02,00500,4,56,1019518,60,65,1,,,2,2,2,2,1,,,2,1,,2,,,0,2,2,1,1,2,2,2,0,,,,1,1,2,2,2,2,1999,1,4,,,,,,,,,2,5,2,2,3,0,0,21,0,1,,21,0,2,0,7800,0,,3,,2,,1,939,999,,1,,,6,6004,,1,01,,,,1155,,,1,,1,,0,,4,0,7800,056,92,,,2,1,2,1,1000,001,0,0,0,0,1,0,0,1,0,2,2,,,,,1,0,0,0,0,0,0,0,0,0,0,0,0,0,0,0,0,0,0,0,0,0,0,0,0,0,0,0,0,0,,0,0,0,0,0,0,0,0,0,0,1,0,0,0,0,0,0,0,0,0,0,0,0,0,0,0,0,0,0,0,0,0,0,0,0,0,0,0,0,0,0,0,0,0,0,0,0,54,50,68,49,59,18,21,108,85,20,70,117,17,16,63,72,112,68,70,46,51,56,85,52,65,15,19,96,105,23,69,111,17,20,58,77,83,59,67,57,51,60,77,55,56,18,20,107,110,18,75,91,17,16,58,59,126,75,53,53,58,68,101,69,63,16,20,96,100,22,67,113,19,15,47,72,91,50,65,64
P,2023HU0080940,8,01,00500,4,56,1019518,164,72,1,,,2,2,2,2,1,,,2,,,2,,,2,2,1,1,2,2,2,2,0,,,,2,1,2,2,2,2,1985,1,4,,,,,,,,,3,5,2,2,3,0,0,20,3600,1,,20,0,1,0,2300,0,,3,,2,,2,022,210,,1,,,6,,,1,01,,,,,,,1,,1,,0,,,0,5900,020,104,,,1,1,4,1,1000,001,0,0,0,0,1,0,0,1,0,,,,,,,1,0,0,0,0,0,0,0,0,0,0,0,0,0,0,0,0,0,0,0,0,0,0,0,0,0,0,0,,0,,0,0,0,0,0,0,0,0,0,0,0,0,0,0,0,0,0,0,0,0,0,0,0,0,0,0,0,0,0,0,0,0,0,0,0,0,0,0,0,0,0,0,0,0,0,0,0,64,187,178,182,287,223,173,249,49,306,45,166,52,56,142,111,162,132,165,129,135,313,64,41,174,205,213,121,196,134,182,263,129,178,70,54,246,257,52,70,177,137,177,203,43,48,153,43,294,49,273,214,285,309,210,157,144,162,131,142,213,58,241,367,184,168,53,159,132,138,110,38,180,160,275,275,40,76,247,281
P,2023HU0080940,8,02,00500,4,56,1019518,145,74,1,,,1,2,2,1,1,,,2,,,2,,,2,2,1,1,2,2,2,2,0,,,,2,1,2,2,2,2,1985,1,4,,,,,,,,,2,5,2,2,3,0,0,21,0,1,,01,0,2,0,12800,0,,3,,2,,1,210,999,,1,,,6,,,1,02,,,,,,,1,,1,,0,,4,0,12800,008,104,,,1,1,3,1,1000,001,0,0,0,0,1,0,0,1,0,,,,,,,1,0,0,0,0,0,0,0,0,0,0,0,0,0,0,0,0,0,0,0,0,0,0,0,0,0,0,0,,0,,0,0,0,0,0,0,0,0,0,0,0,0,0,0,0,0,0,0,0,0,0,0,0,0,0,0,1,0,0,0,0,0,0,0,0,0,0,0,0,1,0,0,0,0,0,0,0,81,154,174,188,295,173,114,223,32,380,59,135,59,44,113,99,130,119,134,113,143,226,50,36,160,194,173,155,203,97,123,288,198,116,71,55,198,198,55,45,195,157,150,156,35,45,174,37,280,59,272,169,322,233,138,134,122,121,99,186,219,50,207,222,175,196,31,130,147,145,89,38,158,140,293,224,37,65,211,174
P,2023HU0081187,8,01,00400,4,56,1019518,69,62,1,,2,2,2,2,2,2,,2,2,,,2,,,0,2,2,2,2,1,2,2,27000,,,,2,1,2,2,1,2,1982,1,2,1,1,1,0,0,0,0,0,2,5,2,2,3,0,0,20,23000,1,,22,0,1,0,0,0,,2,,2,,1,050,999,,2,,,6,6203,,1,01,7390,,,,,,1,5416,1,,0,0010,,0,50000,037,501,,,1,2,1,1,1000,001,0,0,0,0,1,0,0,1,0,2,2,,,1110XX,02,1,0,0,0,0,0,0,0,0,0,0,0,0,0,0,0,0,0,0,0,0,0,0,0,0,0,,0,,0,0,0,0,0,0,0,0,0,0,0,0,0,0,0,0,0,0,0,0,0,0,0,0,0,0,0,0,0,0,0,0,0,0,0,0,0,0,0,0,0,0,0,0,0,0,0,0,0,36,26,63,74,81,74,64,155,87,20,106,85,103,54,24,72,16,117,76,96,20,17,71,63,79,73,89,119,64,21,105,65,116,71,24,67,21,96,64,101,22,16,66,86,67,79,78,120,56,27,114,83,138,55,23,72,20,105,52,106,21,19,61,59,82,68,63,132,73,24,137,67,124,82,25,67,22,122,88,113
P,2023HU0081187,8,02,00400,4,56,1019518,82,64,1,,8,2,2,2,2,2,3,1,2,,,2,,,0,1,2,2,2,1,1,2,50000,,,,2,1,2,2,2,2,1982,1,2,1,1,1,0,0,0,0,0,2,5,2,2,3,7000,0,21,18000,1,,20,0,2,0,0,0,24,1,6,2,,1,051,999,,2,,,6,,,1,01,4981,,,,,,1,4452,1,,0,4760,4,0,75000,025,501,,,1,1,2,1,1000,001,0,0,0,0,1,0,0,1,0,,,,,412031,02,1,0,0,0,0,0,0,0,0,0,0,0,0,0,0,0,0,0,0,0,0,0,1,0,1,1,,1,,1,0,0,0,1,0,0,0,0,0,0,0,0,0,0,0,0,0,0,0,0,0,0,0,0,0,0,0,0,0,0,1,1,0,0,0,0,0,0,0,0,0,0,0,0,0,0,0,0,34,33,79,82,105,91,86,153,96,28,140,96,119,61,31,90,17,119,86,131,23,19,79,67,91,77,89,153,85,24,93,85,137,72,25,88,25,124,78,97,22,22,66,90,94,93,93,138,70,36,138,110,153,67,26,86,23,119,71,137,26,21,83,71,91,83,69,143,87,22,142,94,163,104,28,70,24,111,83,124
P,2023HU0081348,8,01,00400,4,56,1019518,174,24,1,,1,2,2,2,2,2,,,2,,,,,,0,1,2,2,2,2,2,2,0,7,1,01,2,5,,,,,,1,4,,,,,,,,,3,5,3,3,3,0,0,20,0,1,,20,0,1,0,0,45500,40,1,52,1,,2,051,024,,2,1,,1,,,1,01,2870,087,047,,,,6,332M,1,,0,1545,,45500,45500,056,291,00400,056,1,2,4,1,1000,001,0,0,0,0,1,0,0,1,0,,,,,17301X,,1,0,0,0,0,0,0,0,0,0,0,0,0,0,0,0,0,0,0,0,0,0,0,0,0,0,,0,,0,,0,0,0,0,0,0,0,0,0,0,0,0,0,0,0,0,0,0,0,0,0,0,0,0,0,0,0,0,0,0,0,0,0,0,0,0,0,0,0,0,0,0,0,0,0,0,0,197,260,206,156,424,71,165,155,152,54,158,326,130,58,90,122,180,56,333,153,223,336,281,204,264,73,243,183,172,52,153,252,112,56,71,147,191,65,253,255,156,208,221,198,337,39,183,252,191,59,189,288,176,74,56,165,226,53,289,130,189,240,267,176,262,40,169,264,194,64,271,210,190,47,37,237,173,60,299,177
P,2023HU0082116,8,01,00100,4,56,1019518,63,67,1,,1,2,2,2,2,1,,,2,,,2,,,2,2,1,1,1,2,2,2,0,,,,2,1,2,2,3,2,2005,1,4,,,,,,,,,2,5,2,2,3,0,0,20,0,1,,16,0,1,0,18000,0,,2,,2,,1,026,999,,1,,,6,,,1,01,0770,,,,,,1,23,1,,0,6355,,0,18000,049,265,,,1,1,2,1,1000,001,0,0,0,0,1,0,0,1,0,,,,,472111,,1,0,0,0,0,0,0,0,0,0,0,0,0,0,0,0,0,0,0,0,0,0,0,0,0,0,0,0,0,0,,0,0,0,0,0,0,0,0,0,0,0,0,0,0,0,0,0,0,0,0,0,0,0,0,0,0,0,0,0,0,0,0,0,0,0,0,0,0,0,0,0,0,0,0,0,0,0,16,69,93,61,73,90,43,15,14,21,67,44,55,60,77,128,130,113,51,19,17,51,115,96,76,117,66,15,15,21,69,59,77,84,82,156,107,114,74,95,104,85,27,61,61,20,58,87,111,112,64,62,46,64,83,18,26,26,64,98,91,51,19,68,72,15,58,121,101,107,46,60,73,52,69,20,21,17,58,16
P,2023HU0082116,8,02,00100,4,56,1019518,42,50,1,,1,2,2,2,2,2,,,2,,2,2,,,1,2,1,2,2,2,2,2,0,15,1,01,2,1,2,2,2,2,2005,1,4,,,,,,,,,3,5,3,3,3,0,0,21,0,1,,16,0,2,0,0,30000,40,1,52,1,,1,918,999,,2,1,,1,,,1,01,6871,097,055,,,,1,52M3,1,,0,5160,4,30000,30000,030,265,00100,056,1,2,3,1,1000,001,0,0,0,0,1,0,0,1,0,,,,,433071,,1,0,0,0,0,0,0,0,0,0,0,0,0,0,0,0,0,0,0,0,0,0,0,0,0,0,,0,,0,,0,0,0,0,0,0,0,0,1,0,0,0,0,0,0,0,0,0,0,0,0,0,0,0,0,0,0,0,0,0,0,0,0,0,0,0,0,0,0,0,0,0,0,0,0,0,0,11,49,69,35,42,95,36,10,13,11,31,32,46,36,42,68,81,67,32,12,12,36,61,67,36,72,63,11,12,12,45,42,51,44,57,87,62,94,42,66,58,48,14,42,39,13,49,57,59,62,32,48,49,45,64,16,11,14,43,80,85,39,11,52,38,12,52,87,69,58,32,35,47,42,50,12,9,13,36,15
P,2023HU0083477,8,01,00500,4,56,1019518,49,62,1,,,1,2,2,1,1,,,2,,,2,,,0,2,2,2,2,2,2,2,0,,,,2,1,2,2,1,2,2013,1,4,,,,,,,,,2,5,2,2,3,0,0,20,0,1,,19,0,2,0,0,0,,3,,2,,1,051,999,,1,,,6,,,2,01,,,,,,,1,,1,,0,,4,0,0,056,98,,,2,2,4,1,1000,001,0,0,0,0,1,0,0,1,0,,,,,,,1,0,0,0,0,0,0,0,0,0,0,0,0,0,0,0,0,0,0,0,0,0,0,0,0,0,,0,,0,,0,0,0,0,0,0,0,0,0,0,0,0,0,0,0,0,0,0,0,0,0,0,0,0,0,0,0,0,0,0,0,0,0,0,0,0,0,0,0,0,0,0,0,0,0,0,0,64,78,42,111,82,56,58,60,33,80,57,93,43,77,80,72,61,69,47,60,10,15,43,16,19,32,45,54,40,20,53,17,60,15,14,15,12,58,52,51,24,15,55,14,9,50,51,47,54,14,48,15,39,20,21,13,15,55,60,55,93,85,48,64,75,54,52,49,50,83,50,70,36,92,112,79,62,37,51,67
P,2023HU0083477,8,02,00500,4,56,1019518,46,62,1,,1,2,2,2,2,1,,,2,,,2,,,0,2,2,2,2,2,2,2,0,5,1,01,2,1,2,2,1,2,2013,1,4,,,,,,,,,3,5,3,3,3,0,0,21,0,1,,16,0,1,0,0,20000,40,1,52,1,,1,195,999,,1,1,,1,,,2,01,0770,077,037,,,,1,23,1,,0,9130,,20000,20000,036,98,00500,056,2,2,4,1,1000,001,0,0,0,0,1,0,0,1,0,,,,,533030,,1,0,0,0,0,0,0,0,0,0,0,0,0,0,0,0,0,0,0,0,0,0,0,0,0,0,,0,,0,,0,0,0,0,0,0,0,0,0,0,0,0,0,0,0,0,0,0,0,0,0,0,0,0,0,0,0,0,0,0,0,0,0,0,0,0,0,0,0,0,0,0,0,0,0,0,0,63,71,35,85,74,56,56,58,39,78,53,94,37,69,77,75,70,56,44,58,9,16,46,13,14,30,39,57,40,21,47,13,45,11,13,11,13,53,43,43,25,14,53,12,8,44,51,49,41,12,37,14,43,17,16,11,15,53,53,49,83,79,49,62,73,42,51,54,48,76,48,68,33,77,107,78,67,37,48,57
P,2023HU0084683,8,01,00300,4,56,1019518,63,21,1,,5,2,2,2,2,2,,2,2,,,,,,0,2,2,2,2,1,2,2,0,,,,2,1,2,2,1,2,2020,1,2,1,0,0,0,0,0,0,0,2,5,2,2,3,0,0,20,0,1,,19,0,1,0,0,45000,60,1,52,2,,1,022,999,,2,,,6,,,1,01,9680,,,,,,1,92811P2,1,,0,3710,,45000,45000,053,187,,,1,2,4,1,1000,001,0,0,0,0,1,0,0,1,0,,,,,331012,01,1,0,0,0,0,0,0,0,0,0,0,0,0,0,0,0,0,0,0,0,0,0,0,0,0,0,,0,,0,0,0,0,0,0,0,0,0,0,0,0,0,0,0,0,0,0,0,0,0,0,0,0,0,0,0,1,1,0,0,0,0,0,0,0,0,0,0,0,0,0,0,1,0,0,0,0,0,60,15,106,47,86,115,48,61,121,74,53,67,105,17,22,18,19,144,90,85,88,143,20,43,74,15,64,92,27,61,59,61,19,98,78,69,126,17,73,62,76,17,116,70,66,114,63,45,123,51,76,59,82,23,16,22,24,78,67,52,65,148,25,53,62,22,50,59,14,60,56,66,20,179,104,105,135,25,86,64
P,2023HU0084683,8,02,00300,4,56,1019518,43,23,1,,5,2,2,2,2,2,,,2,,1,,,,2,2,1,2,2,1,2,2,0,,,,2,1,2,2,1,2,2020,1,4,,,,,,,,,2,5,2,2,3,0,0,21,0,1,,16,0,2,0,0,0,,2,,2,,2,917,924,,2,,,6,,,1,01,8680,,,,,,1,722Z,1,,0,4055,1,0,0,053,187,,,1,2,1,5,5025,003,1,0,0,0,1,0,0,0,0,,,,,353023,,1,0,0,0,0,0,0,0,0,0,0,0,0,0,0,0,0,0,0,0,0,0,1,1,0,1,,1,,0,0,0,0,0,0,0,0,0,0,0,0,0,0,0,0,0,0,0,0,0,0,0,0,0,0,0,0,0,0,0,1,1,0,0,0,0,0,0,0,0,0,0,0,0,0,0,0,0,41,13,97,37,37,97,50,36,68,57,50,51,82,11,12,9,15,78,31,40,67,64,12,28,47,13,52,64,18,35,36,31,13,65,65,52,56,17,53,49,33,13,90,40,30,67,37,30,76,58,60,54,50,11,10,11,17,55,32,31,67,76,13,40,49,15,49,49,11,33,51,40,12,76,60,80,107,21,69,68
P,2023HU0084683,8,03,00300,4,56,1019518,40,0,1,,,,2,2,,,,,,,,,,,0,2,2,2,2,1,2,2,,,,,,5,,,,,,,,,,,,,,,,,,,,,,,25,,,,,,2,,,,,,,,,2,924,917,,2,,4,,,,1,01,,,,,,,,,1,1,1,,,,,056,187,,,1,2,3,5,5025,003,1,0,0,0,1,0,0,0,1,,,,,,,1,0,0,0,0,0,0,0,0,0,0,0,0,0,0,0,0,0,0,0,0,0,0,0,0,0,,0,,0,0,0,0,0,0,0,0,0,0,0,0,0,0,0,0,0,0,0,0,0,0,0,0,0,0,0,0,0,0,0,0,0,0,0,0,0,0,0,0,0,0,0,0,0,0,0,0,0,47,12,95,36,29,76,41,34,67,47,48,42,77,12,12,9,14,79,31,35,65,66,12,31,53,11,45,64,13,33,37,23,11,70,62,42,58,23,49,46,35,12,85,41,28,60,37,32,73,63,54,47,50,12,9,11,14,43,33,27,56,73,12,40,50,13,48,53,10,37,46,33,10,73,58,78,86,19,58,59
P,2023HU0084818,8,01,00300,4,56,1019518,111,79,1,,,2,2,2,2,2,,2,2,,,2,,,0,2,2,1,2,2,1,2,0,,,,2,1,2,2,3,2,2003,1,2,0,0,0,1,0,0,0,0,2,5,2,2,3,0,0,20,7600,1,,20,0,1,0,23000,0,,3,,2,,2,022,032,,2,,,6,,,1,01,,,,,,,1,,1,,0,,,0,30600,008,313,,,2,1,3,1,1000,001,0,0,0,0,1,0,0,1,0,,,,,,06,1,0,0,0,0,0,0,0,0,0,0,0,0,0,0,0,0,0,0,0,0,0,0,0,0,0,0,0,,0,,0,0,0,0,0,0,0,0,0,0,0,0,0,0,0,0,0,0,0,0,0,0,0,0,0,0,0,0,0,0,0,0,0,0,0,0,0,0,0,0,0,0,0,0,0,0,0,85,110,120,149,184,118,48,144,37,118,25,79,34,94,140,199,129,38,115,165,32,23,231,112,104,170,86,213,136,121,102,31,167,41,111,104,34,119,164,179,87,116,137,123,193,100,35,110,31,130,31,87,38,117,153,183,119,36,140,137,46,34,208,126,101,176,94,194,120,116,143,34,117,35,108,92,46,96,158,153
P,2023HU0084818,8,02,00300,4,56,1019518,126,68,1,,,2,2,2,2,2,,,2,,,2,,,0,2,2,1,2,2,2,2,0,,,,2,1,2,2,3,2,2003,1,4,,,,,,,,,2,5,2,2,3,0,0,21,6000,1,,16,0,2,0,20700,0,,3,,2,,1,032,999,,2,,,6,,,1,01,,,,,,,1,,1,,0,,4,0,26700,040,313,,,2,1,3,1,1000,001,0,0,0,0,1,0,0,1,0,,,,,,,1,0,0,0,0,0,0,0,0,0,0,0,0,0,0,0,0,0,0,0,0,0,0,0,0,0,0,0,,0,,0,0,0,0,0,0,0,0,0,0,0,0,0,0,0,0,0,0,0,0,0,0,0,0,0,0,0,0,0,0,0,0,0,0,0,0,0,0,0,0,0,0,0,0,0,0,0,99,123,191,177,171,126,52,161,54,121,32,84,32,121,155,220,133,42,166,201,34,33,249,128,157,203,85,220,149,151,104,35,189,47,132,105,44,134,140,175,125,150,156,154,191,106,38,114,32,152,43,114,40,134,195,237,117,40,146,160,44,37,225,146,127,205,105,250,137,140,134,42,129,30,130,97,48,124,170,160
P,2023HU0086472,8,01,00500,4,56,1019518,87,53,1,,1,2,2,2,2,2,,,2,,,2,,,0,1,2,2,2,2,2,2,0,10,1,01,2,3,2,2,1,2,1995,1,4,,,,,,,,,3,5,3,3,3,0,0,20,0,1,,16,0,1,0,0,38100,40,1,52,1,,4,999,999,,2,1,,1,,,1,01,7181,099,058,,,,4,532M2,1,,0,5100,,38100,38100,053,250,00500,056,1,2,3,1,1000,001,0,0,0,0,1,0,0,1,0,,,,,433011,,1,0,0,0,0,0,0,0,0,0,0,0,0,0,0,0,0,0,0,0,0,0,0,0,0,0,,0,,0,,0,0,0,0,0,0,0,0,0,0,0,0,0,0,0,0,0,0,0,0,0,0,0,0,0,0,0,0,0,0,0,0,0,0,0,0,0,0,0,0,0,0,0,0,0,0,0,77,105,81,111,175,222,187,143,76,117,121,155,69,104,76,104,149,100,111,20,85,19,84,91,28,36,32,33,77,21,103,26,89,93,89,114,29,22,77,145,84,204,90,100,137,209,145,93,78,135,111,120,76,111,65,103,115,136,137,31,101,30,73,81,27,21,24,24,93,25,62,22,129,96,83,86,30,31,122,96
P,2023HU0086879,8,01,00300,4,56,1019518,255,27,1,,1,2,2,2,2,2,,2,2,,,,,,0,1,2,2,2,1,1,2,0,10,1,01,2,5,,,,,,1,2,1,0,0,0,0,0,0,0,3,5,3,3,3,0,0,20,0,1,,19,0,1,0,0,58000,60,1,52,1,,2,084,094,,2,1,,1,,,1,01,4691,081,040,,,,6,4413,1,,0,4700,,58000,58000,006,373,00300,056,1,1,1,1,1000,001,0,0,0,0,1,0,0,1,0,,,,,411011,01,1,0,0,0,0,0,0,0,0,0,0,0,0,0,0,0,0,0,0,0,0,0,1,0,0,1,,1,,1,0,0,1,1,0,0,0,0,0,0,0,0,0,0,0,0,0,0,0,0,0,0,0,0,0,0,0,0,0,0,1,1,0,0,0,0,0,0,0,0,0,0,0,0,0,0,0,0,100,295,134,277,314,422,293,286,216,371,289,301,103,222,257,87,333,346,97,84,217,97,270,319,122,248,119,208,298,247,407,98,228,303,390,271,242,235,277,237,107,224,107,280,315,356,262,293,227,365,308,282,104,226,252,78,385,360,111,107,264,81,250,333,116,252,127,263,296,219,399,99,214,282,385,262,216,258,321,223
P,2023HU0086879,8,02,00300,4,56,1019518,423,21,1,,1,2,2,2,2,2,,,2,,,,,,0,1,2,2,2,2,2,2,0,15,1,01,2,5,,,,,,3,4,,,,,,,,,3,5,3,3,3,0,0,24,0,2,15,21,0,1,0,0,45000,40,1,45,1,,1,087,999,,2,1,,1,3600,,1,01,8191,073,031,,00300,008,6,622M,1,,0,3402,,45000,45000,008,289,00300,008,1,2,2,1,1000,001,0,0,0,0,1,0,0,1,0,1,2,,,292043,,1,0,0,0,0,0,0,0,0,0,0,0,0,0,0,0,0,0,0,0,0,0,0,0,0,0,,0,,0,,0,0,0,0,0,0,0,0,0,0,0,0,0,0,0,0,0,0,0,0,0,0,0,0,0,0,0,0,0,0,0,0,0,0,0,0,0,0,0,0,0,0,0,0,0,0,0,119,432,131,339,712,544,450,580,510,720,515,533,124,340,546,166,540,569,217,144,455,176,486,615,145,375,140,437,607,367,653,171,428,524,571,346,511,289,412,454,170,377,168,488,628,736,517,565,409,485,503,434,95,403,420,152,652,511,230,158,372,134,566,593,154,426,145,419,473,337,694,179,445,747,605,302,384,372,513,402
P,2023HU0086879,8,03,00300,4,56,1019518,243,28,1,,5,2,2,2,2,2,,2,2,,,,,,0,1,2,2,2,1,2,2,0,15,1,01,2,5,,,,,,2,1,1,0,0,0,0,0,0,0,3,5,3,3,3,0,0,34,0,1,,19,0,1,0,0,73000,50,1,52,1,,1,094,999,,2,1,,4,,,1,01,9680,085,043,,00001,110,6,92811P2,1,,0,3710,,73000,73000,017,469,00300,056,1,2,4,1,1000,001,0,0,0,0,1,0,0,1,0,,,,,331012,01,1,0,0,0,0,0,0,0,0,0,0,0,0,0,0,0,0,0,0,0,0,0,1,0,0,1,,1,,1,0,0,1,1,0,0,0,0,0,0,0,0,0,0,0,0,0,0,0,0,0,0,0,0,0,0,0,0,0,0,1,1,0,0,0,0,0,0,0,0,0,0,0,0,0,0,0,0,119,250,133,289,250,328,232,264,223,323,285,258,102,223,255,95,307,355,97,77,213,100,270,355,137,232,106,212,239,235,430,77,195,326,381,230,253,313,261,227,115,203,109,292,286,334,261,303,214,413,282,257,101,240,226,78,331,300,113,98,219,80,239,338,126,239,120,276,291,252,357,89,185,280,360,261,178,238,280,194
P,2023HU0086879,8,04,00300,4,56,1019518,242,26,1,,5,2,2,2,2,2,,2,2,,,,,,0,1,2,2,2,1,2,2,0,15,1,01,2,5,,,,,,1,1,1,0,0,0,0,0,0,0,3,5,3,3,3,0,0,34,0,1,,19,0,1,0,0,52000,50,1,52,1,,2,032,050,,2,1,,4,,,1,01,9680,085,043,,,,6,92811P2,1,,0,3710,,52000,52000,042,334,00300,056,1,2,4,1,1000,001,0,0,0,0,1,0,0,1,0,,,,,331012,01,1,0,0,0,0,0,0,0,0,0,0,0,0,0,0,0,0,0,0,0,0,0,1,0,0,1,,1,,1,0,0,1,1,0,0,0,0,0,0,0,0,0,0,0,0,0,0,0,0,0,0,0,0,0,0,0,0,0,0,1,1,0,0,0,0,0,0,0,0,0,0,0,0,0,0,0,0,119,250,133,289,249,329,232,262,224,322,285,256,103,224,254,94,307,355,97,77,211,99,270,355,137,233,107,212,240,235,431,77,195,326,380,230,252,314,261,227,117,202,110,291,286,333,261,303,214,412,282,258,103,241,226,78,332,300,111,98,220,80,239,337,127,239,120,275,292,252,357,89,186,280,360,261,178,238,282,193
P,2023HU0087031,8,01,00100,4,56,1019518,10,66,1,,1,2,1,2,2,2,,,2,,,2,,,0,2,2,1,2,2,2,2,0,20,1,01,2,5,,,,,,1,4,,,,,,,,,2,5,2,2,3,0,0,20,0,1,,14,0,1,0,32000,20000,40,1,52,1,,4,999,999,,1,1,,1,,,1,01,4691,074,031,,,,6,4413,1,,0,9130,,20000,52000,056,365,00100,056,2,1,4,1,1000,001,0,0,0,0,1,0,0,1,0,,,,,533030,,1,0,0,0,0,1,0,0,0,1,1,0,0,0,0,0,0,0,0,0,0,0,0,0,0,0,0,0,,0,,0,0,0,0,1,0,1,0,0,0,0,0,0,0,0,0,0,0,0,0,0,0,1,0,0,1,1,0,0,0,0,0,0,0,0,0,0,1,1,0,0,1,1,0,1,0,0,11,13,8,11,9,3,3,9,3,19,3,14,11,16,19,12,10,10,9,11,17,9,3,19,12,10,12,2,11,11,9,9,3,8,9,16,16,3,3,11,13,10,3,18,16,10,8,3,10,12,8,10,2,9,9,18,20,3,2,3,9,14,9,6,8,4,3,12,4,23,4,20,7,14,17,9,14,16,10,2
P,2023HU0087272,8,01,00500,4,56,1019518,8,60,1,,2,2,2,2,2,2,,,2,1,,2,,,0,2,2,2,2,2,2,2,0,10,1,01,1,3,2,2,2,2,1985,1,4,,,,,,,,,3,5,3,3,3,0,0,20,0,1,,19,0,2,0,0,27000,40,1,52,1,,1,211,999,,2,1,,1,,,2,02,8370,090,049,1200,,,4,6241,1,,0,5400,4,27000,27000,008,174,00500,056,2,2,4,8,8000,015,0,0,0,0,1,0,1,0,0,,,,,434171,,1,0,0,0,0,0,0,0,0,0,0,0,0,0,0,0,0,0,0,0,0,0,0,0,0,0,,0,,0,,0,0,0,0,0,0,0,0,0,0,0,0,0,0,0,0,0,0,0,0,0,0,0,0,0,0,0,0,0,0,0,0,0,0,0,0,0,0,0,0,0,0,0,0,0,0,0,8,3,2,15,2,8,9,12,13,15,7,12,2,12,11,2,5,8,9,13,11,8,8,6,5,2,17,9,8,11,2,9,5,7,1,6,3,2,11,11,7,9,15,2,14,9,7,2,2,2,8,8,16,3,8,10,8,8,6,2,2,10,5,8,5,16,2,6,5,7,12,2,10,8,14,9,13,19,2,8
P,2023HU0088586,8,01,00300,4,56,1019518,66,70,1,,,2,2,2,2,2,,,2,,,2,,,0,2,2,1,2,2,2,2,85000,,,,2,1,2,2,1,2,1980,1,4,,,,,,,,,2,5,2,2,3,0,0,20,5000,1,,21,0,1,0,25000,0,,3,,2,,1,022,999,,2,,,6,6203,,1,01,,,,,,,1,,1,,0,,,0,115000,006,501,,,2,1,1,1,1000,001,0,0,0,0,1,0,0,1,0,2,2,,,,,1,0,0,0,0,0,0,0,0,0,0,0,0,0,0,0,0,0,0,0,0,0,0,0,0,0,0,0,,0,,0,0,0,0,0,0,0,0,0,0,0,0,0,0,0,0,0,0,0,0,0,0,0,0,0,0,0,0,0,0,0,0,0,0,0,0,0,0,0,0,0,0,0,0,0,0,0,76,68,73,25,104,59,70,18,92,21,17,114,119,60,67,69,59,17,108,21,61,61,73,112,23,72,65,100,64,93,118,18,15,63,63,75,69,82,17,21,72,64,58,125,19,70,70,102,69,102,122,18,26,70,63,85,61,116,19,111,80,60,52,20,102,64,70,20,76,18,18,122,89,61,60,52,75,16,123,111
P,2023HU0088586,8,02,00300,4,56,1019518,62,69,1,,,2,2,2,2,2,,,2,,,2,,,0,2,2,1,2,2,2,2,0,,,,2,1,2,2,1,2,1980,1,4,,,,,,,,,2,5,2,2,3,0,0,21,10000,1,,19,0,2,0,13000,0,,3,,2,,1,148,999,,2,,,6,,,1,01,,,,,,,1,,1,,0,,4,0,23000,006,501,,,2,1,4,1,1000,001,0,0,0,0,1,0,0,1,0,,,,,,,1,0,0,0,0,0,0,0,0,0,0,0,0,0,0,0,0,0,0,0,0,0,0,0,0,0,0,0,,0,,0,0,0,0,0,0,0,0,0,0,0,0,0,0,0,0,0,0,0,0,0,0,0,0,0,0,0,0,0,0,0,0,0,0,0,0,0,0,0,0,0,0,0,0,0,0,0,63,60,90,24,106,56,83,20,98,17,17,90,104,50,57,66,59,16,106,18,54,65,75,106,25,65,64,92,59,97,97,17,16,66,57,68,59,76,14,18,77,63,60,126,19,66,65,102,59,97,117,16,21,65,57,77,64,106,16,107,72,59,47,18,102,61,69,21,70,17,17,117,107,58,52,48,69,15,113,117
P,2023HU0088887,8,01,00500,4,56,1019518,50,84,1,,,2,1,2,2,2,5,1,2,,,2,,,2,2,1,1,2,1,1,2,0,,,,2,2,2,2,1,2,1980,1,2,0,0,0,1,0,0,0,0,2,5,2,2,3,19500,0,20,3300,1,,16,0,1,0,18000,0,,3,,2,,4,999,999,,1,,,6,,,1,01,,,,,,,3,,1,,0,,,0,40800,020,285,,,1,1,4,1,1000,001,0,0,0,0,1,0,0,1,0,,,,,,06,1,0,0,0,0,0,0,0,0,0,0,0,0,0,0,0,0,0,0,0,0,0,1,0,1,0,0,0,,1,0,1,0,1,0,0,1,0,0,0,0,0,0,0,0,0,0,0,0,0,0,0,0,0,0,0,0,1,0,0,1,1,0,0,0,0,0,0,0,0,0,0,0,0,0,0,0,0,46,78,58,41,61,69,81,81,53,64,41,93,61,52,49,52,82,85,50,16,51,20,44,42,19,16,18,17,39,17,43,15,74,60,39,47,15,17,42,78,58,112,47,35,71,71,105,105,43,75,52,93,66,56,46,53,69,72,51,17,48,15,45,41,8,14,17,14,48,13,50,16,59,48,50,50,16,18,43,77
P,2023HU0089168,8,01,00400,4,56,1019518,403,42,5,,1,2,2,2,2,2,,,2,4,2,2,,,0,1,2,2,2,2,2,2,0,8,1,01,1,4,2,2,1,2,2010,1,4,,,,,,,,,3,5,3,3,3,0,0,20,0,1,,19,0,2,0,0,42000,40,1,52,1,2017,1,222,999,8,2,1,,1,,,1,07,8680,093,053,1200,,,5,722Z,2,,0,4140,2,42000,42000,313,173,00400,056,1,2,3,3,5017,003,1,0,0,0,1,0,0,0,0,,,,,359021,,3,0,0,0,0,0,1,1,1,1,1,1,0,0,1,0,0,1,0,0,0,0,1,0,1,1,,1,,1,,0,0,1,0,0,1,1,1,1,1,0,0,1,1,1,1,1,1,0,0,0,0,0,1,1,1,1,0,0,1,1,0,0,1,0,1,1,1,0,1,1,1,1,0,1,0,0,526,140,338,602,416,361,526,624,335,528,170,440,143,316,340,354,146,115,674,269,175,335,689,423,597,449,163,550,164,341,398,120,488,196,514,655,456,431,492,646,524,135,392,750,384,449,435,408,349,538,184,460,171,368,341,317,161,150,482,431,167,542,583,245,670,585,163,534,134,412,333,200,354,141,574,590,427,366,464,526
P,2023HU0089168,8,02,00400,4,56,1019518,296,18,1,,1,2,2,2,2,2,,,2,1,,,,,0,1,2,2,2,2,2,2,0,,,,1,5,,,,,,1,4,,,,,,,,,3,5,3,3,3,0,0,25,0,2,14,16,0,1,0,0,0,,2,,,,4,999,999,,2,,,6,,,1,07,7290,,,1200,,,6,5413,1,,0,1545,,0,0,008,173,,,1,2,1,3,5017,003,1,0,0,0,1,0,0,0,0,,,,,17301X,,1,0,0,1,0,1,1,1,1,1,1,1,0,0,1,1,1,0,0,0,0,0,1,0,1,1,,1,,1,,1,1,1,0,1,1,0,0,0,0,1,1,1,0,0,0,0,0,1,0,0,1,1,1,1,1,1,1,0,1,1,0,0,1,1,1,1,1,0,1,1,1,0,1,0,0,0,307,138,336,355,284,314,301,267,334,302,104,427,220,271,289,326,110,110,441,218,97,250,393,378,405,350,89,277,162,306,390,108,274,191,413,424,479,328,329,435,326,123,289,397,290,300,284,361,287,464,121,288,123,302,303,237,133,103,308,360,123,392,449,250,423,357,104,389,92,291,327,116,268,126,447,464,288,293,317,387
P,2023HU0089168,8,03,00400,4,56,1019518,235,14,1,,,2,2,2,,2,,,2,1,,,,,0,1,2,2,2,2,2,2,,,,,1,5,,,,,,1,,,,,,,,,,,,,,,,,25,,2,09,10,,1,,,,,,,,,4,999,999,,2,,7,,,,1,07,,,,1200,,,,,1,8,1,,,,,008,173,,,1,2,2,3,5017,003,1,0,0,0,1,0,0,0,1,,,,,,,1,0,0,1,0,0,1,1,1,1,0,1,0,0,1,1,0,0,0,0,0,0,1,0,1,1,,1,,1,,1,1,1,0,0,0,0,0,0,0,1,1,0,0,0,0,0,0,1,0,0,0,0,0,0,0,0,1,0,1,1,0,0,0,1,1,1,0,0,0,0,0,0,0,0,0,0,263,101,280,331,231,187,247,263,259,270,87,287,164,220,209,238,93,86,376,164,78,227,337,292,286,292,76,231,120,247,298,69,239,134,343,363,307,287,235,362,245,103,237,322,213,241,256,267,213,380,101,263,94,240,255,188,100,86,260,247,89,286,353,197,428,314,78,305,76,222,261,88,206,91,366,347,229,251,281,274
P,2023HU0089838,8,01,00500,4,56,1019518,253,39,1,,3,2,2,2,2,2,,,2,,2,2,,,0,1,2,2,2,2,2,2,0,15,1,01,2,1,2,2,1,2,2007,1,4,,,,,,,,,3,5,3,3,3,0,0,20,0,1,,22,0,2,0,0,68000,40,1,52,1,,3,996,999,,2,1,,1,2307,,1,01,7860,088,046,,,,1,6111,1,,0,2330,1,68000,68000,056,449,00500,056,1,2,1,1,1000,001,0,0,0,0,1,0,0,1,0,2,2,,,252050,,1,0,0,0,0,0,0,0,0,0,0,0,0,0,0,0,0,0,0,0,0,0,0,0,0,0,,0,,0,,0,0,0,0,0,0,0,0,0,0,0,0,0,0,0,0,0,0,0,0,0,0,0,0,0,0,0,0,0,0,0,0,0,0,0,0,0,0,0,0,0,0,0,0,0,0,0,90,67,279,318,92,404,416,203,187,90,344,274,311,354,85,203,210,326,383,296,79,78,417,249,95,351,382,273,272,89,245,326,208,190,93,232,362,395,371,267,365,360,84,257,332,86,111,270,264,323,257,308,197,236,477,221,260,77,83,263,358,367,80,290,444,82,90,217,192,446,227,319,443,262,334,280,262,69,87,248
P,2023HU0089838,8,02,00500,4,56,1019518,309,41,1,,7,2,2,2,2,2,,,2,,,2,,,0,1,2,2,2,2,2,2,0,15,1,01,2,1,2,2,1,2,2007,1,4,,,,,,,,,3,5,3,3,3,0,0,21,0,1,,23,0,1,0,0,40000,50,1,52,1,,1,195,999,,2,1,,1,5506,,1,01,7990,097,055,,,,1,62131,1,,0,3000,,40000,40000,056,449,00500,056,1,2,4,1,1000,001,0,0,0,0,1,0,0,1,0,1,2,,,291011,,1,0,0,0,0,0,0,0,0,0,0,0,0,0,0,0,0,0,0,0,0,0,0,0,0,0,,0,,0,,0,0,0,0,1,0,0,0,0,0,0,0,0,0,0,0,0,0,0,0,0,0,1,0,0,0,0,0,1,0,0,0,0,0,0,0,0,0,0,0,0,0,0,0,0,0,0,115,69,339,413,128,415,509,272,244,110,386,352,416,380,107,303,278,362,471,358,102,143,510,306,138,462,466,322,340,118,318,346,219,233,111,300,393,417,388,323,407,400,110,367,406,93,136,340,320,340,292,379,242,305,545,255,316,98,106,259,440,471,120,284,540,128,111,329,293,591,315,354,463,295,369,390,347,90,120,321
P,2023HU0089838,8,03,00500,4,56,1019518,291,3,1,,,,2,2,,,,,,,,,,,0,1,2,2,2,2,2,2,,,,,,5,,,,,,1,,,,,,,,,,,,,,,,,25,,2,01,02,,2,,,,,,,,,3,996,999,,2,,1,,,,1,01,,,,,,,,,1,1,1,,,,,056,449,,,1,2,3,1,1000,001,0,0,0,0,1,0,0,1,1,,,,,,,1,0,0,0,0,0,0,0,0,0,0,0,0,0,0,0,0,0,0,0,0,0,0,0,0,0,,0,,0,,0,0,0,0,0,0,0,0,0,0,0,0,0,0,0,0,0,0,0,0,0,0,0,0,0,0,0,0,0,0,0,0,0,0,0,0,0,0,0,0,0,0,0,0,0,0,0,95,112,399,287,106,415,463,224,212,184,404,325,343,380,113,279,324,292,304,307,92,134,436,266,123,401,514,367,298,134,242,385,273,207,111,177,404,441,350,384,347,471,130,219,405,108,97,303,319,425,267,318,240,263,483,379,305,100,106,205,565,452,100,350,698,92,91,272,281,416,288,301,434,277,361,349,234,90,170,423
P,2023HU0090064,8,01,00400,4,56,1019518,313,55,1,,1,2,2,2,2,2,,2,2,,,2,,,0,1,2,2,2,2,2,2,0,60,2,01,2,1,2,2,2,2,1991,1,2,0,0,1,0,0,0,0,0,3,5,3,3,3,0,0,20,0,1,,17,0,1,0,0,100000,50,1,52,1,,1,032,999,,2,2,,1,,,1,01,0380,062,015,,,,1,2121,1,,0,6200,,100000,100000,046,501,00400,056,1,2,4,1,1000,001,0,0,0,0,1,0,0,1,0,,,,,471011,12,1,0,0,0,0,0,0,0,0,0,0,0,0,0,0,0,0,0,0,0,0,0,0,0,0,0,,0,,0,,0,0,0,0,0,0,0,0,0,0,0,0,0,0,0,0,0,0,0,0,0,0,0,0,0,0,0,0,0,0,0,0,0,0,0,0,0,0,0,0,0,0,0,0,0,0,0,403,304,118,132,104,297,328,342,288,260,375,476,460,362,154,372,380,342,309,141,448,290,107,116,123,297,331,363,245,261,466,508,322,309,175,342,426,312,350,174,399,378,131,118,116,291,360,400,272,332,438,431,385,250,136,438,480,360,323,100,485,326,159,126,113,372,296,297,282,236,487,317,390,284,93,312,378,290,331,123
P,2023HU0090064,8,02,00400,4,56,1019518,167,50,1,,1,2,2,2,2,2,,,2,,2,2,,,0,1,2,2,2,2,2,2,0,10,,10,2,1,2,2,1,2,1991,1,4,,,,,,,,,3,5,3,3,3,0,0,21,0,1,,19,0,2,0,0,40000,40,1,52,1,,1,032,999,,2,,,1,,,1,01,8191,087,046,,,,1,622M,1,,0,3500,4,40000,40000,056,501,00400,056,1,2,2,1,1000,001,0,0,0,0,1,0,0,1,0,,,,,292061,,1,0,0,0,0,0,0,0,0,0,0,0,0,0,0,0,0,0,0,0,0,0,0,0,0,0,,0,,0,,0,0,0,0,0,0,0,0,0,0,0,0,0,0,0,0,0,0,0,0,0,0,0,0,0,0,0,0,0,0,0,0,0,0,0,0,0,0,0,0,0,0,0,0,0,0,0,185,190,55,80,46,129,238,220,144,144,263,206,218,152,68,248,194,175,147,80,258,193,76,63,44,129,209,257,155,155,285,226,152,134,83,205,235,174,190,80,194,217,54,64,67,142,238,230,139,205,261,223,204,169,67,234,257,191,177,42,253,164,92,74,67,166,159,156,152,167,227,182,191,162,51,136,219,156,181,81
P,2023HU0091105,8,01,00100,4,56,1019518,40,68,1,,,1,2,2,1,1,,,2,,,2,,,0,2,2,1,2,1,2,2,6300,,,,2,2,2,2,1,2,1985,1,4,,,,,,,,,2,5,2,2,3,0,0,20,12000,1,,16,0,2,0,11700,0,,3,,2,,1,088,999,,1,,,6,,,1,01,,,,,,,3,,1,,0,,4,0,30000,049,208,,,1,1,1,1,1000,001,0,0,0,0,1,0,0,1,0,,,,,,,1,0,0,0,0,0,0,0,0,0,0,0,0,0,0,0,0,0,0,0,0,0,0,0,0,0,0,0,,0,0,0,0,0,0,0,0,0,0,0,0,0,0,0,0,0,0,0,1,0,0,0,0,0,0,0,0,0,0,0,0,0,0,0,0,0,0,0,0,0,0,0,0,0,0,0,0,0,33,37,59,62,15,9,49,32,11,83,62,36,39,7,42,37,43,47,12,42,46,30,12,18,77,71,13,39,59,14,12,39,42,78,43,45,41,48,75,42,47,49,91,72,13,13,65,32,10,62,62,35,29,13,51,35,48,49,14,46,38,30,10,13,65,58,16,50,61,10,10,29,35,64,48,34,43,38,55,38
P,2023HU0091154,8,01,00300,4,56,1019518,87,82,1,,,2,2,2,2,2,,2,2,,,2,,,2,2,1,1,2,2,2,2,426000,,,,2,2,2,2,1,2,1985,1,3,,,,,,,,,2,1,2,2,3,0,0,20,47400,1,,19,0,1,0,26900,0,,3,,2,,1,032,999,,2,,,6,,,1,01,,,,,,,3,,1,,0,,,0,500300,008,501,,,1,1,3,1,1000,001,0,0,0,0,1,0,0,1,0,,,,,,,1,0,0,0,0,0,0,0,0,0,0,0,0,0,0,0,0,0,0,0,0,0,0,0,0,0,0,0,,0,,0,0,0,0,0,0,0,0,0,0,0,0,0,0,0,0,0,0,0,0,0,0,0,0,0,0,0,0,0,0,0,0,0,0,0,0,0,0,0,0,0,0,0,0,0,0,0,76,167,89,68,90,28,33,83,23,148,25,143,110,166,165,79,91,86,74,79,151,81,29,162,135,95,91,28,93,74,86,86,26,84,78,168,144,22,29,103,120,68,27,127,169,85,100,29,84,87,73,74,34,89,90,144,170,28,25,26,89,167,75,81,88,32,30,78,29,128,27,127,100,143,121,80,91,78,102,29
P,2023HU0091369,8,01,00100,4,56,1019518,62,36,1,,5,2,2,2,2,2,,,2,,2,2,,,0,1,2,2,2,2,2,2,0,20,1,01,2,5,,,,,,1,4,,,,,,,,,3,5,3,3,3,0,0,20,0,1,,21,0,2,0,0,58000,40,1,52,1,,2,050,022,,2,1,,1,3301,,1,01,8570,089,046,,,,6,712,1,,0,3960,4,58000,58000,006,373,00100,056,1,2,2,1,1000,001,0,0,0,0,1,0,0,1,0,2,2,,,33909X,,1,0,0,0,0,0,0,0,0,0,0,0,0,0,0,0,0,0,0,0,0,0,0,0,0,0,,0,,0,,0,0,0,0,0,0,0,0,0,0,0,0,0,0,0,0,0,0,0,0,0,0,0,0,0,0,0,0,0,0,0,0,0,0,0,0,0,0,0,0,0,0,0,0,0,0,0,93,51,92,20,85,52,72,29,58,93,65,15,25,67,42,14,93,46,92,85,18,77,22,125,69,79,98,88,76,23,46,161,99,45,74,99,15,77,24,61,122,48,115,18,56,66,74,20,96,105,45,24,13,46,112,16,115,77,131,75,20,81,17,119,115,65,70,127,34,20,76,82,163,75,33,89,17,70,21,88
P,2023HU0091976,8,01,00400,4,56,1019518,95,58,1,,1,2,2,2,2,2,,2,2,,,1,,2,0,1,2,2,2,2,2,2,0,2,1,01,2,1,2,2,1,2,1986,1,2,0,0,1,0,0,0,0,0,3,5,3,3,3,0,0,20,0,1,,20,0,2,0,0,112000,50,1,52,1,,3,996,999,,2,1,,1,,,1,01,6992,085,046,,,,1,5242,1,,0,0110,4,112000,112000,008,501,00400,056,1,2,4,1,1000,001,0,0,0,0,1,0,0,1,0,,,,,113021,12,1,0,0,0,0,0,0,0,0,0,0,0,0,0,0,0,0,0,0,0,0,0,0,0,0,0,,0,,0,,0,0,0,0,0,0,0,0,0,0,0,0,0,0,0,0,0,0,0,0,0,0,0,0,0,0,0,0,0,0,0,0,0,0,0,0,0,0,0,0,0,0,0,0,0,0,0,153,104,30,162,91,189,114,24,81,42,159,94,28,31,114,129,74,73,95,187,182,91,24,156,86,118,75,20,86,35,146,106,21,22,172,110,105,117,116,36,22,64,145,21,113,28,100,162,94,138,30,158,170,126,146,114,105,112,108,22,30,105,148,35,83,36,81,113,92,178,36,92,172,176,111,101,67,93,85,124
P,2023HU0091976,8,02,00400,4,56,1019518,114,66,1,,,1,1,2,1,1,,2,1,,,1,,2,0,1,2,1,2,2,2,2,0,,,,2,1,2,2,2,2,1986,1,2,0,0,1,0,0,0,0,0,2,5,2,2,3,0,0,21,12000,1,,17,0,1,0,0,0,,3,,2,,1,210,999,,1,,,6,,,1,02,,,,,,,1,,1,,0,,,0,12000,031,501,,,1,1,2,1,1000,001,0,0,0,0,1,0,0,1,0,,,,,,12,1,0,0,0,0,0,0,0,0,0,0,0,0,0,0,0,0,0,0,0,0,0,0,0,0,0,0,0,,0,,0,0,0,0,0,0,0,0,0,0,0,0,0,0,0,0,0,0,0,0,0,0,0,0,0,0,0,0,0,0,0,0,0,0,0,0,0,0,0,0,0,0,0,0,0,0,0,213,152,39,156,93,134,144,34,116,48,169,108,37,37,101,133,146,95,161,135,253,89,34,223,93,143,104,35,128,37,166,132,34,33,144,96,114,124,183,34,31,84,149,28,184,46,99,180,110,108,56,131,234,183,107,126,129,166,123,42,46,110,148,32,102,43,141,160,95,222,42,153,146,189,112,114,115,90,106,132
P,2023HU0091976,8,03,00400,4,56,1019518,191,35,1,,1,2,2,2,2,2,,,2,,,2,,,0,1,2,2,2,2,2,2,0,40,1,01,2,5,,,,,,1,4,,,,,,,,,3,5,3,3,3,0,0,25,0,1,,20,0,1,0,0,35000,40,1,52,1,,1,210,999,,2,1,,1,,,1,02,5392,138,085,,,,6,4552,1,,0,9620,,35000,35000,020,501,00300,056,1,2,1,1,1000,001,0,0,0,0,1,0,0,1,0,,,1,3,537062,,1,0,0,0,0,0,0,0,0,0,0,0,0,0,0,0,0,0,0,0,0,0,0,0,0,0,,0,,0,,0,0,0,0,0,0,0,0,0,0,0,0,0,0,0,0,0,0,0,0,0,0,0,0,0,0,0,0,0,0,0,0,0,0,0,0,0,0,0,0,0,0,0,0,0,0,0,454,237,68,465,233,236,200,38,225,65,240,188,86,47,177,221,169,144,220,203,274,148,61,398,253,259,188,65,153,66,293,192,67,55,236,188,209,192,275,86,77,143,198,64,244,75,210,188,193,233,64,267,319,284,229,246,162,208,252,59,56,159,339,91,155,38,186,403,177,288,101,118,225,416,222,244,182,142,189,224
P,2023HU0091976,8,04,00400,4,56,1019518,68,12,1,,,2,2,2,,2,,,1,,,,,,0,1,2,2,2,2,2,2,,,,,2,5,,,,,,1,,,,,,,,,,,,,,,,,30,,2,08,09,,1,,,,,,,,,2,210,142,,1,,5,,,,1,02,,,,,,,,,1,5,0,,,,,056,501,,,1,2,2,1,1000,001,0,0,0,0,1,0,0,1,1,,,1,6,,,1,0,0,0,0,0,0,0,0,0,0,0,0,0,0,0,0,0,0,0,0,0,0,0,0,0,,0,,0,,0,0,0,0,0,0,0,0,0,0,0,0,0,0,0,0,0,0,0,0,0,0,0,0,0,0,0,0,0,0,0,0,0,0,0,0,0,0,0,0,0,0,0,0,0,0,0,139,114,29,87,66,82,83,14,78,20,118,63,43,21,68,101,92,69,78,74,139,62,15,155,59,92,58,15,87,25,138,84,17,24,106,60,81,81,76,18,16,66,94,15,91,24,78,106,62,81,29,82,157,107,85,74,95,121,68,21,25,62,114,25,67,20,75,116,68,124,30,65,102,139,67,66,62,78,69,77
P,2023HU0092050,8,01,00400,4,56,1019518,76,45,1,,1,2,2,2,2,2,,,2,1,,2,,,0,1,2,2,2,2,2,2,0,7,1,01,1,1,2,2,1,2,2001,1,4,,,,,,,,,3,5,3,3,3,0,0,20,0,1,,22,0,1,0,0,120000,40,1,52,1,,2,032,026,,2,1,,1,4101,2602,1,01,8090,103,063,1170,,,1,6214,1,,0,3258,,120000,120000,056,501,00400,056,1,2,2,1,1000,001,0,0,0,0,1,0,0,1,0,2,2,,,2911XX,,1,0,0,0,0,0,0,0,0,0,0,0,0,0,0,0,0,0,0,0,0,0,0,0,0,0,,0,,0,,0,0,0,0,0,0,0,0,0,0,0,0,0,0,0,0,0,0,0,0,0,0,0,0,0,0,0,0,0,0,0,0,0,0,0,0,0,0,0,0,0,0,0,0,0,0,0,23,59,73,74,81,91,78,160,22,149,28,106,31,39,59,66,85,77,90,116,76,197,28,28,57,46,149,112,98,80,66,115,54,143,25,11,65,124,20,27,146,82,89,95,32,24,84,25,105,21,151,46,96,108,95,104,85,69,59,66,71,16,75,129,69,90,20,71,56,76,97,18,83,75,103,167,31,23,172,126
P,2023HU0092050,8,02,00400,4,56,1019518,211,45,1,,4,2,2,2,2,2,,,2,,2,2,,,0,1,2,2,2,2,2,2,0,10,1,01,2,1,2,2,1,2,2001,1,4,,,,,,,,,3,5,3,3,3,0,0,21,0,1,,20,0,2,0,0,40000,36,1,52,1,,1,235,999,,2,1,,1,,,1,01,7860,093,052,,,,1,6111,1,,0,3545,2,40000,40000,056,501,00400,056,1,2,4,1,1000,001,0,0,0,0,1,0,0,1,0,,,,,292090,,1,0,0,0,0,0,0,0,0,0,0,0,0,0,0,0,0,0,0,0,0,0,0,0,0,0,,0,,0,,0,0,0,0,0,0,0,0,0,0,0,0,0,0,0,0,0,0,0,0,0,0,0,0,0,0,0,0,0,0,0,0,0,0,0,0,0,0,0,0,0,0,0,0,0,0,0,64,169,153,216,373,338,197,400,50,436,87,283,69,89,165,211,239,153,274,291,231,358,51,78,144,133,480,371,250,235,239,368,176,241,55,55,201,283,71,76,271,258,213,210,110,52,202,60,304,71,444,159,268,282,310,271,205,211,161,162,209,64,261,283,198,242,63,252,183,189,224,62,258,245,253,311,75,79,507,333
P,2023HU0092050,8,03,00400,4,56,1019518,225,19,1,,1,2,2,2,2,2,,,2,,,,,,0,1,2,2,2,2,2,2,0,8,1,01,2,5,,,,,,1,4,,,,,,,,,3,5,3,3,3,0,0,25,0,1,,18,0,1,0,0,20000,30,1,52,1,,2,026,032,,2,1,,1,,,1,01,4971,098,058,,,,6,44511,1,,0,4720,,20000,20000,056,501,00400,056,1,2,4,1,1000,001,0,0,0,0,1,0,0,1,0,,,,,412010,,1,0,0,0,0,0,0,0,0,0,0,0,0,0,0,0,0,0,0,0,0,0,0,0,0,0,,0,,0,,0,0,0,0,0,0,0,0,0,0,0,0,0,0,0,0,0,0,0,0,0,0,0,0,0,0,0,0,0,0,0,0,0,0,0,0,0,0,0,0,0,0,0,0,0,0,0,79,159,199,275,290,396,172,453,74,441,109,268,50,97,205,206,309,167,232,358,320,316,69,106,184,134,483,409,260,293,228,275,139,235,85,53,231,353,63,82,317,295,186,235,86,64,314,51,264,72,355,154,421,447,368,250,186,228,164,135,234,71,350,345,150,182,79,411,181,191,294,70,196,247,292,284,116,86,539,322
P,2023HU0092050,8,04,00400,4,56,1019518,109,15,1,,,2,2,2,2,2,,,2,,2,,,,0,1,2,2,2,2,2,2,0,,,,2,5,,,,,,1,,,,,,,,,,,,,,,0,0,25,0,2,12,13,0,2,0,0,0,,,,,,2,032,026,,2,,1,,,,1,01,,,,,,,6,,1,1,1,,,,0,056,501,,,1,2,2,1,1000,001,0,0,0,0,1,0,0,1,1,,,,,,,1,0,0,0,0,0,0,0,0,0,0,0,0,0,0,0,0,0,0,0,0,0,0,0,0,0,,0,,0,,0,0,0,0,0,0,0,0,0,0,0,0,0,0,0,0,0,0,0,0,0,0,0,0,0,0,0,0,0,0,0,0,0,0,0,0,0,0,0,0,0,0,0,0,0,0,0,38,94,67,100,150,140,87,194,34,238,68,166,44,40,77,148,140,93,143,145,112,162,28,43,84,75,262,166,134,130,142,150,73,126,27,25,100,124,41,27,156,133,132,111,49,30,105,29,135,38,241,103,142,203,159,157,101,97,116,94,107,24,112,146,108,90,28,153,83,108,167,32,140,99,137,191,32,34,310,174
P,2023HU0092306,8,01,00400,4,56,1019518,68,56,1,,1,2,2,2,2,2,,,2,,,2,,,0,1,2,2,2,2,2,2,0,10,1,01,2,1,2,2,1,2,2019,1,4,,,,,,,,,3,5,3,3,3,0,0,20,0,1,,16,0,2,0,0,42000,40,1,52,,,4,999,999,,2,1,,1,,,1,01,0770,084,043,,,,1,23,1,,0,5120,4,42000,42000,056,501,00400,056,1,2,4,1,1000,001,0,0,0,0,1,0,0,1,0,,,,,433031,,1,0,0,1,0,1,1,1,1,1,1,1,0,0,1,0,1,0,0,0,0,0,1,0,1,1,,1,,1,,1,1,1,0,1,1,1,1,1,1,0,1,0,1,1,1,1,1,1,0,0,1,1,1,1,1,1,1,1,1,1,0,0,1,0,1,1,1,0,1,1,1,1,1,1,0,0,72,76,119,120,19,121,71,62,19,21,20,90,76,134,26,73,78,52,67,19,22,18,55,56,77,75,123,23,67,68,64,117,22,73,75,103,63,119,115,52,77,65,18,25,118,20,77,71,103,143,120,69,65,19,121,64,18,68,70,113,133,110,71,63,51,89,20,97,76,65,65,17,161,90,76,24,59,20,16,71
P,2023HU0092306,8,02,00400,4,56,1019518,60,61,1,,1,2,2,2,2,2,,,2,,,2,,,0,1,2,2,2,2,2,2,0,20,1,01,2,1,2,2,3,2,2019,1,4,,,,,,,,,3,5,3,3,3,0,0,21,0,1,,18,0,1,0,0,200000,40,1,52,,,4,999,999,,2,1,,1,,,1,01,4891,089,046,,,,1,4442,1,,0,4760,,200000,200000,046,501,00400,056,1,2,3,1,1000,001,0,0,0,0,1,0,0,1,0,,,,,412031,,1,0,0,1,0,1,1,1,1,1,1,1,0,0,1,0,1,0,0,0,0,0,1,0,1,1,,1,,1,,1,1,1,0,1,1,1,1,1,1,0,1,0,1,1,1,1,1,1,0,0,1,1,1,1,1,1,1,1,1,1,0,0,1,0,1,1,1,0,1,1,1,1,1,1,0,0,77,66,96,111,15,98,57,65,17,17,14,79,66,120,21,59,88,55,62,16,19,14,53,53,69,70,123,20,50,64,70,86,17,70,75,80,54,94,94,54,71,52,18,23,87,18,62,71,89,112,92,55,59,18,118,54,18,58,51,89,111,97,50,50,49,76,18,88,66,58,65,13,120,80,72,22,52,21,17,65
P,2023HU0092522,8,01,00400,4,56,1019518,57,67,1,,7,2,2,2,2,2,,,2,,,2,,,2,2,1,1,2,2,2,2,12000,4,1,01,2,4,2,2,1,2,1980,1,4,,,,,,,,,3,5,3,3,3,0,0,20,0,1,,21,0,1,0,36000,103000,50,1,52,1,,1,088,999,,2,1,,1,3600,,1,01,7390,094,055,,,,5,5416,1,,0,6200,,103000,151000,008,501,00400,056,1,1,2,1,1000,001,0,0,0,0,1,0,0,1,0,1,2,,,471011,,1,0,0,0,0,0,0,0,0,0,0,0,0,0,0,0,0,0,0,0,0,0,1,0,0,0,0,0,,1,,1,1,1,0,0,0,0,0,1,1,0,0,0,0,0,0,0,0,0,0,0,0,0,0,0,0,0,0,0,1,1,0,0,0,0,0,0,0,0,0,0,0,0,0,0,0,0,17,57,102,57,97,17,57,86,108,67,56,52,55,60,18,56,87,23,64,18,17,60,95,61,110,18,56,93,114,53,51,58,66,60,14,64,117,12,56,17,17,57,98,48,115,17,46,117,115,53,47,80,62,68,17,54,97,16,74,20,19,55,103,77,114,18,57,100,98,51,51,48,63,53,14,55,94,16,52,13
P,2023HU0092522,8,02,00400,4,56,1019518,61,36,1,,1,2,2,2,2,2,,,2,,,2,,,0,1,2,2,2,2,2,2,0,10,1,01,2,5,,,,,,3,4,,,,,,,,,3,5,3,3,3,0,0,25,0,1,,20,0,1,0,0,50000,99,1,52,1,,1,088,999,,2,1,,1,,,1,01,0490,048,013,,00400,056,6,213,1,,0,6260,,50000,50000,056,501,00400,056,1,2,2,1,1000,001,0,0,0,0,1,0,0,1,0,,,,,472061,,1,0,0,0,0,0,0,0,0,0,0,0,0,0,0,0,0,0,0,0,0,0,0,0,0,0,,0,,0,,0,0,0,0,0,0,0,0,0,0,0,0,0,0,0,0,0,0,0,1,0,0,0,0,0,0,0,0,0,0,0,0,0,0,0,0,0,0,0,0,0,0,0,0,0,0,0,13,44,129,79,54,19,71,65,99,86,65,60,105,44,11,100,90,21,55,27,28,67,143,67,108,20,50,90,111,79,47,73,66,50,18,64,93,7,83,24,22,74,128,58,122,23,63,133,169,64,31,73,89,67,15,56,66,14,67,23,20,58,108,54,114,21,71,64,75,55,46,69,35,47,19,44,90,20,76,11
P,2023HU0093585,8,01,00500,4,56,1019518,59,58,1,,1,2,2,2,2,2,,,2,,,2,,,0,1,2,2,2,2,2,2,0,10,1,01,2,4,2,2,2,2,1996,1,4,,,,,,,,,3,5,3,3,3,0,0,20,0,1,,19,0,2,0,0,60000,40,1,52,1,,1,022,999,,2,1,,1,,,1,01,8191,087,046,,,,5,622M,1,,0,3323,4,60000,60000,012,299,00500,056,1,2,1,1,1000,001,0,0,0,0,1,0,0,1,0,,,,,292034,,1,0,0,0,0,0,0,0,0,0,0,0,0,0,0,0,0,0,0,0,0,0,0,0,0,0,,0,,0,,0,0,0,0,0,0,0,0,0,0,0,0,0,0,0,0,0,0,0,0,0,0,0,0,0,0,0,0,0,0,0,0,0,0,0,0,0,0,0,0,0,0,0,0,0,0,0,127,18,106,61,21,13,17,57,83,17,77,70,64,61,85,82,62,57,78,55,16,118,17,78,106,104,96,49,16,94,70,51,58,57,22,17,61,63,48,47,103,26,98,42,22,26,20,53,78,20,59,72,69,55,97,132,64,55,64,64,16,85,20,57,97,106,83,46,19,117,56,52,56,65,16,15,60,68,46,61
P,2023HU0093585,8,02,00500,4,56,1019518,86,19,3,,1,2,2,2,2,2,,,2,1,2,,,,0,1,2,2,2,2,2,2,0,,,,1,5,,,,,,1,4,,,,,,,,,2,5,2,2,3,0,0,25,0,1,,18,0,2,0,0,0,,2,,2,2018,2,022,427,8,2,,,6,,,1,01,8680,,,4500,,,6,722Z,1,,0,4150,4,0,0,235,299,,,1,2,1,1,1000,001,0,0,0,0,1,0,0,1,0,,,,,359031,,4,0,0,0,0,0,0,0,0,0,0,0,0,0,0,0,0,0,0,0,0,0,1,0,0,1,,1,,1,,1,1,1,0,0,0,0,0,0,0,0,0,0,0,0,0,0,0,0,0,0,0,0,0,0,0,0,0,0,1,1,0,0,0,0,0,0,0,0,0,0,0,0,0,0,0,0,149,27,173,88,32,33,26,83,128,22,114,91,79,112,101,128,88,76,117,102,24,148,34,95,162,142,179,63,22,101,83,87,74,69,27,26,97,70,57,64,149,36,129,74,40,38,35,85,143,33,80,88,134,106,135,141,82,87,93,109,28,112,24,84,181,134,159,74,21,125,69,74,69,94,29,20,82,71,74,93
P,2023HU0094200,8,01,00500,4,56,1019518,120,34,1,,1,2,2,2,2,2,5,1,2,,,2,,,0,2,2,2,2,1,2,2,0,7,1,01,2,4,2,2,1,2,2016,1,2,1,0,0,0,0,0,0,0,3,5,3,3,3,12000,0,20,0,1,,21,0,1,0,0,52000,50,1,52,1,,3,996,999,,2,1,,1,1301,,1,01,4670,080,040,,,,5,4411,1,,0,4700,,52000,64000,032,408,00500,056,1,2,4,9,9000,029,0,0,0,0,2,0,1,1,0,1,2,,,411011,01,1,0,0,0,0,0,0,0,0,0,0,0,0,0,0,0,0,0,0,0,0,0,0,0,0,0,,0,,0,0,0,0,0,0,0,0,0,0,0,0,0,0,0,0,0,0,0,0,0,0,0,0,0,0,0,0,0,0,0,0,0,0,0,0,0,0,0,0,0,0,0,0,0,0,0,0,0,170,189,75,94,103,96,106,37,31,49,128,182,111,35,119,143,46,132,232,172,222,249,87,101,128,134,107,41,52,64,105,214,131,40,113,172,34,139,203,158,136,121,105,123,119,100,169,36,35,34,134,155,104,30,128,107,36,124,226,204,173,171,158,146,180,140,198,57,46,42,101,184,135,32,110,125,36,130,220,181
P,2023HU0095390,8,01,00500,4,56,1019518,71,82,1,,,2,1,2,2,2,,,2,,,2,,,0,2,2,1,2,2,2,2,20300,,,,2,2,2,2,1,2,1962,1,4,,,,,,,,,2,5,2,2,3,0,0,20,32000,1,,21,0,2,0,19000,0,,3,,2,,2,022,032,,1,,,6,2304,,1,01,,,,,,,3,,1,,0,,4,0,71300,056,493,,,2,1,4,1,1000,001,0,0,0,0,1,0,0,1,0,2,2,,,,,1,0,0,0,0,0,0,0,0,0,0,0,0,0,0,0,0,0,0,0,0,0,0,0,0,0,0,0,,0,,0,0,0,0,0,0,0,0,0,0,0,0,0,0,0,0,0,0,0,0,0,0,0,0,0,0,0,0,0,0,0,0,0,0,0,0,0,0,0,0,0,0,0,0,0,0,0,19,24,55,115,115,67,30,125,19,79,73,73,77,86,79,127,26,77,66,59,71,70,103,64,83,105,68,61,83,125,20,26,22,24,106,95,69,18,118,21,123,93,57,18,22,84,112,22,131,67,76,76,84,53,68,24,113,70,77,96,65,78,23,64,77,21,74,76,76,23,104,105,117,122,22,78,67,117,25,105
P,2023HU0095884,8,01,00300,4,56,1019518,106,62,1,,1,2,2,2,2,2,,,2,,,2,,,0,1,2,2,2,2,2,2,0,,,,2,1,2,2,2,2,2016,1,4,,,,,,,,,3,5,3,2,3,0,0,20,0,1,,16,0,2,0,0,19000,38,1,49,,,4,999,999,,2,,,6,,,1,01,5090,,,,,,1,4571,1,,0,4720,4,19000,19000,008,214,,,1,2,2,1,1000,001,0,0,0,0,1,0,0,1,0,,,,,412010,,1,0,0,0,0,0,1,0,1,1,0,1,0,0,0,0,1,0,0,0,0,0,0,0,0,0,,0,,0,,0,0,0,0,1,1,0,0,0,0,0,1,0,0,0,0,0,0,1,0,0,0,1,1,1,0,1,0,0,0,0,0,0,1,0,0,0,0,0,1,1,0,0,0,1,0,0,30,103,107,80,179,182,129,162,35,166,40,95,33,38,98,92,98,91,126,106,93,31,148,246,127,105,27,107,126,87,130,29,90,98,157,182,31,30,194,157,24,88,120,101,207,114,99,182,35,157,44,82,40,35,100,108,95,108,104,106,112,35,164,179,106,112,38,120,102,97,103,31,112,104,174,166,32,34,211,184
P,2023HU0095884,8,02,00300,4,56,1019518,76,65,1,,1,2,1,2,2,1,,,2,,,2,,,0,2,2,1,2,2,2,2,0,,,,2,1,2,2,2,2,2016,1,4,,,,,,,,,3,5,3,3,3,0,0,21,21800,1,,16,0,1,0,1300,0,,2,,,,4,999,999,,1,,,6,,,1,01,3990,,,,,,1,3MS,1,,0,9600,,0,23100,039,214,,,2,1,3,1,1000,001,0,0,0,0,1,0,0,1,0,,,,,537051,,1,0,0,0,0,0,1,1,1,1,1,1,0,0,1,0,1,0,0,0,0,0,0,0,0,0,0,0,,0,,0,0,0,0,1,1,0,0,0,0,0,1,0,0,0,0,0,0,0,0,0,0,1,1,1,0,1,0,0,0,0,0,0,1,0,0,1,0,0,0,0,0,0,0,0,0,0,21,66,76,62,104,161,100,114,30,131,22,62,25,31,75,68,73,70,78,83,60,21,119,156,102,78,20,90,94,62,96,21,71,71,97,146,26,19,119,142,15,58,87,74,150,94,76,134,23,119,36,65,31,28,77,88,60,80,75,73,73,27,121,131,83,86,32,75,79,73,66,22,69,70,120,116,24,24,154,131
P,2023HU0095891,8,01,00400,4,56,1019518,70,61,1,,1,2,2,2,2,2,,,2,,,2,,,0,1,2,2,2,2,2,2,0,10,1,01,2,1,2,2,3,2,2019,1,4,,,,,,,,,3,5,3,3,3,0,0,20,0,1,,17,0,1,0,0,88000,47,1,52,1,,1,032,999,,2,1,,1,,,1,01,2390,084,043,,,,1,3262M,1,,0,5240,,88000,88000,031,501,00400,056,1,2,1,1,1000,001,0,0,0,0,1,0,0,1,0,,,,,434051,,1,0,0,0,0,0,0,0,0,0,0,0,0,0,0,0,0,0,0,0,0,0,0,0,0,0,,0,,0,,0,0,0,0,0,0,0,0,0,0,0,0,0,0,0,0,0,0,0,0,0,0,0,0,0,0,0,0,0,0,0,0,0,0,0,0,0,0,0,0,0,0,0,0,0,0,0,160,98,77,114,18,53,50,125,79,58,20,75,66,134,19,20,78,18,73,51,69,108,98,61,66,119,21,77,21,22,104,25,154,67,72,73,85,65,21,23,25,66,72,21,103,67,71,20,58,61,118,63,76,24,118,110,77,114,65,57,66,17,16,71,74,20,114,76,112,129,84,129,26,69,103,74,19,74,102,132
P,2023HU0095891,8,02,00400,4,56,1019518,81,64,1,,2,2,2,2,2,2,,,1,,,2,,,0,1,2,2,2,2,2,2,0,20,1,01,2,1,2,2,2,2,2019,1,4,,,,,,,,,2,1,2,2,2,0,0,21,0,1,,18,0,2,0,0,28000,40,1,42,1,,2,022,032,,1,1,,1,,,1,01,8370,110,067,,,,1,6241,1,,0,0420,4,28000,28000,046,501,00400,056,1,2,3,1,1000,001,0,0,0,0,1,0,0,1,0,,,,,119151,,1,0,0,0,0,1,1,0,0,1,1,1,0,0,1,0,0,0,0,0,0,0,0,0,0,0,,0,,0,,0,0,0,0,1,0,0,0,0,0,0,0,0,1,1,1,1,1,0,0,0,0,1,0,0,0,0,0,0,0,0,0,0,0,0,0,0,0,0,0,0,0,1,0,1,0,0,155,125,94,127,24,64,68,124,87,80,26,85,76,148,26,25,73,19,83,72,82,134,107,65,76,125,23,98,27,23,93,33,185,68,76,96,106,83,24,22,28,89,74,23,147,78,84,23,72,75,143,83,84,29,136,131,85,129,88,71,80,18,22,89,82,25,123,83,133,131,86,186,34,89,115,78,21,66,96,142
P,2023HU0097512,8,01,00400,4,56,1019518,77,69,1,,7,2,2,2,2,2,2,1,2,,,2,,,0,2,2,1,2,2,1,2,12000,,,,2,1,2,2,1,2,1970,1,2,0,0,0,1,0,0,0,0,2,5,2,2,3,0,0,20,7800,1,,18,0,1,0,30300,0,,2,,2,,1,022,999,,2,,,6,,,1,01,7390,,,,,,1,5416,1,,0,0710,,0,50100,015,501,,,2,1,3,1,1000,001,0,0,0,0,1,0,0,1,0,,,,,131111,06,1,0,0,0,0,0,0,0,0,0,0,0,0,0,0,0,0,0,0,0,0,0,0,0,0,0,0,0,,0,,0,0,0,0,0,0,0,0,0,0,0,0,0,0,0,0,0,0,0,0,0,0,0,0,0,0,0,0,0,0,0,0,0,0,0,0,0,0,0,0,0,0,0,0,0,0,0,19,108,74,55,94,26,71,87,155,134,18,27,127,104,25,122,131,79,88,101,118,76,79,91,80,149,73,86,20,22,144,119,22,85,127,23,25,68,66,76,24,87,80,70,88,22,62,96,173,118,17,24,120,91,22,143,133,72,105,105,131,94,78,76,63,126,77,85,22,19,115,126,28,88,133,24,22,84,64,67
P,2023HU0097512,8,02,00400,4,56,1019518,90,71,1,,7,2,2,2,2,2,,,2,,,2,,,2,2,1,1,2,2,2,2,12000,,,,2,1,2,2,1,2,1970,1,4,,,,,,,,,2,5,2,2,3,0,0,21,27000,1,,20,0,2,0,22400,0,,2,,2,,1,022,999,,2,,,6,,,1,01,7390,,,,,,1,5416,1,,0,5860,4,0,61400,056,501,,,1,1,4,1,1000,001,0,0,0,0,1,0,0,1,0,,,,,439061,,1,0,0,0,0,0,0,0,0,0,0,0,0,0,0,0,0,0,0,0,0,0,1,0,1,0,0,0,,1,,1,1,1,0,0,0,0,0,0,0,0,0,0,0,0,0,0,0,0,0,0,0,0,0,0,0,0,0,0,1,1,0,0,0,0,0,0,0,0,0,0,0,0,0,0,0,0,23,116,89,76,96,27,83,96,180,163,24,30,144,107,28,155,153,91,100,109,122,94,102,89,97,155,98,112,23,26,172,146,19,85,161,25,25,83,77,97,27,98,94,81,98,24,71,97,189,125,23,25,138,91,25,156,138,87,118,104,155,102,91,85,67,133,106,99,26,23,156,143,26,96,176,28,26,115,90,75
P,2023HU0097706,8,01,00200,4,56,1019518,88,25,1,,,2,2,2,2,2,,,2,,2,,,,0,1,2,2,1,2,2,2,0,,,,2,1,2,2,1,2,2017,1,4,,,,,,,,,2,5,2,2,3,0,0,20,0,1,,16,0,2,0,0,0,,3,,2,,2,089,032,,2,,,6,,,1,01,,,,,,,1,,1,,0,,1,0,0,056,174,,,1,1,3,1,1000,001,0,0,0,0,1,0,0,1,0,,,,,,,1,0,0,0,0,0,0,0,0,0,0,0,0,0,0,0,0,0,0,0,0,0,0,0,0,0,,0,0,0,,0,0,0,0,0,0,0,0,0,0,0,0,0,0,0,0,0,0,0,0,0,0,0,0,0,0,0,0,0,0,0,0,0,0,0,0,0,0,0,0,0,0,0,0,0,0,0,117,110,85,23,44,169,120,28,68,117,46,28,70,87,123,95,137,117,90,75,153,117,79,25,37,139,116,26,119,136,27,21,74,127,112,104,75,67,93,123,131,75,89,25,36,200,141,38,126,128,22,33,80,75,150,88,87,90,92,67,150,90,90,21,17,150,183,22,82,140,26,23,96,51,115,120,120,133,87,105
P,2023HU0097706,8,02,00200,4,56,1019518,185,25,1,,1,2,2,2,2,2,,,2,,,,,,2,2,1,2,2,2,2,2,0,15,2,01,2,1,2,2,1,2,2017,1,4,,,,,,,,,3,5,3,3,3,0,0,21,0,1,,13,0,1,0,0,70000,50,1,52,1,,1,924,999,,2,2,,1,,,1,01,0170,079,037,,,,1,111,1,,0,6050,,70000,70000,046,174,00200,056,1,2,1,1,1000,001,0,0,0,0,1,0,0,1,0,,,,,4520XX,,1,0,0,0,0,0,0,0,0,0,0,0,0,0,0,0,0,0,0,0,0,0,0,1,0,0,,0,,0,,0,0,0,0,0,0,0,0,0,0,0,0,0,0,0,0,0,0,0,0,0,0,0,0,0,0,0,0,0,0,0,0,0,0,0,0,0,0,0,0,0,0,0,0,0,0,0,221,166,142,43,85,263,280,67,181,199,80,80,191,145,253,214,200,190,215,164,233,221,261,63,69,367,282,50,218,297,68,48,159,266,197,258,206,144,158,337,234,218,136,46,76,364,240,60,305,280,68,63,143,234,312,154,186,139,138,115,312,191,266,57,32,249,454,53,142,273,48,61,207,133,287,309,268,241,204,258
P,2023HU0097706,8,03,00200,4,56,1019518,127,5,1,,,2,2,2,,2,,,2,,,,,,0,2,2,2,1,2,2,2,,,,,2,5,,,,,,1,,,,,,,,,,,,,,,,,25,,1,,01,,2,,,,,,,,,1,924,999,,2,,2,,,,1,01,,,,,,,,,1,1,1,,,,,056,174,,,2,1,2,1,1000,001,0,0,0,0,1,0,0,1,1,,,,,,,1,0,0,0,0,0,0,0,0,0,0,0,0,0,0,0,0,0,0,0,0,0,1,0,0,0,,0,0,0,,0,1,0,0,0,0,0,0,0,0,0,0,0,0,0,0,0,0,0,0,0,0,0,0,0,0,0,0,0,0,1,0,0,0,0,0,0,0,0,0,0,0,0,0,0,0,0,219,161,143,40,40,315,222,41,132,141,35,38,98,101,148,89,143,182,157,129,210,122,161,56,46,190,152,34,150,185,34,33,133,130,173,128,108,127,156,116,215,136,138,33,37,322,267,45,129,255,27,41,121,73,148,112,138,130,138,103,289,140,116,32,32,210,203,34,123,211,25,31,174,130,153,189,176,144,211,137
P,2023HU0097706,8,04,00200,4,56,1019518,129,3,1,,,,2,2,,,,,,,,,,,0,2,2,2,1,2,2,2,,,,,,5,,,,,,1,,,,,,,,,,,,,,,,,25,,1,,01,,1,,,,,,,,,1,924,999,,2,,2,,,,1,01,,,,,,,,,1,1,1,,,,,056,174,,,2,1,3,1,1000,001,0,0,0,0,1,0,0,1,1,,,,,,,1,0,0,0,0,0,0,0,0,0,0,0,0,0,0,0,0,0,0,0,0,0,0,0,0,0,,0,0,0,,0,0,0,0,0,0,0,0,0,0,0,0,0,0,0,0,0,0,0,0,0,0,0,0,0,0,0,0,0,0,0,0,0,0,0,0,0,0,0,0,0,0,0,0,0,0,0,155,120,155,52,34,219,213,46,122,186,38,44,95,100,143,99,176,175,140,130,183,107,142,70,53,198,155,42,132,189,39,46,187,151,140,111,107,115,108,146,171,118,113,39,40,275,232,52,131,227,34,55,130,96,162,117,146,127,125,107,234,124,171,63,26,180,191,31,116,186,27,40,185,113,147,131,160,156,139,147
P,2023HU0097706,8,05,00200,4,56,1019518,127,2,1,,,,2,2,,,,,,,,,,,0,2,2,2,1,2,2,2,,,,,,5,,,,,,1,,,,,,,,,,,,,,,,,25,,,,,,1,,,,,,,,,1,924,999,,2,,2,,,,1,01,,,,,,,,,1,1,1,,,,,046,174,,,2,1,1,1,1000,001,0,0,0,0,1,0,0,1,1,,,,,,,1,0,0,0,0,0,0,1,0,1,0,0,0,0,0,0,0,0,0,0,0,0,0,0,0,0,,0,0,0,,0,0,0,0,0,0,0,0,0,0,0,0,0,0,0,0,0,0,0,0,0,0,0,0,0,0,0,0,0,0,0,0,0,0,0,0,0,0,0,0,0,0,0,0,0,0,0,155,120,155,52,34,221,212,46,122,186,37,47,97,100,143,99,176,173,138,130,180,105,144,72,52,198,155,43,132,188,40,46,184,151,142,112,108,115,110,146,173,116,113,39,40,275,232,51,131,228,33,53,132,96,164,117,147,128,125,109,233,122,170,63,27,180,192,31,116,184,29,42,183,113,148,130,159,155,139,147
P,2023HU0097706,8,06,00200,4,56,1019518,58,1,1,,,,2,2,,,,,,,,,,,0,2,2,2,1,2,2,2,,,,,,5,,,,,,1,,,,,,,,,,,,,,,,,25,,,,,,2,,,,,,,,,1,924,999,,2,,2,,,,1,01,,,,,,,,,1,1,1,,,,,046,174,,,2,1,3,1,1000,001,0,0,0,0,1,0,0,1,1,,,,,,,1,0,0,0,0,0,0,0,0,0,0,0,0,0,0,0,0,0,0,0,0,0,0,0,0,0,,0,0,0,,0,0,0,0,0,0,0,0,0,0,0,0,0,0,0,0,0,0,0,0,0,0,0,0,0,0,0,0,0,0,0,0,0,0,0,0,0,0,0,0,0,0,0,0,0,0,0,76,67,57,13,19,158,115,26,60,87,16,18,48,39,61,44,80,90,64,53,96,50,63,39,24,73,64,13,69,105,17,17,92,77,85,70,47,48,55,89,82,52,59,14,15,130,137,25,74,110,15,22,52,34,75,45,61,70,64,46,119,59,51,19,14,78,82,13,57,95,15,16,77,57,87,102,69,60,73,82
P,2023HU0097769,8,01,00500,4,56,1019518,11,75,1,,2,2,2,1,2,2,,,2,,,2,,,0,2,2,1,2,2,2,2,0,4,1,01,2,4,2,2,2,2,2012,1,4,,,,,,,,,3,5,3,3,3,0,0,20,0,1,,18,0,2,0,10500,19200,40,1,52,1,,2,022,050,,1,1,,1,,,1,01,8191,074,035,,,,5,622M,1,,0,5310,4,19200,29700,056,211,00500,056,2,1,4,1,1000,001,0,0,0,0,1,0,0,1,0,,,,,434111,,1,0,0,0,0,0,0,0,0,0,0,0,0,0,0,0,0,0,0,0,0,0,0,0,0,0,0,0,,0,,0,0,0,0,0,0,0,0,0,0,0,0,0,0,0,0,0,0,0,0,0,0,0,0,0,0,0,0,0,0,0,0,0,0,0,0,0,0,0,0,0,0,0,0,0,0,0,11,10,10,19,24,9,10,4,4,16,21,4,11,22,4,4,9,7,16,8,11,12,12,12,24,8,11,4,3,20,20,2,11,20,3,2,15,12,22,11,14,10,12,12,19,11,14,2,4,22,18,2,10,16,4,3,12,12,22,9,11,12,11,17,22,6,11,4,4,15,23,3,9,18,3,3,9,11,24,8
P,2023HU0097973,8,01,00100,4,56,1019518,97,33,1,,1,2,2,2,2,2,,,2,1,,2,,,0,1,2,2,2,2,2,2,0,1,,10,1,5,,,,,,3,4,,,,,,,,,3,5,3,3,3,0,0,20,0,1,,16,0,1,0,0,61000,40,1,52,1,,4,999,999,,2,,,1,,,1,01,9070,094,055,1200,02700,048,6,8123,1,,0,7210,,61000,61000,048,398,00100,056,1,2,3,1,1000,001,0,0,0,0,1,0,0,1,0,,,,,493031,,1,0,0,0,0,0,0,0,0,0,0,0,0,0,0,0,0,0,0,0,0,0,0,0,0,0,,0,,0,,0,0,0,0,0,0,0,0,0,0,0,0,0,0,0,0,0,0,0,0,0,0,0,0,0,0,0,0,0,0,0,0,0,0,0,0,0,0,0,0,0,0,0,0,0,0,0,30,179,208,39,86,142,33,34,111,109,184,165,112,161,96,137,123,94,26,86,154,43,28,131,85,26,184,173,77,86,33,128,115,114,74,25,84,104,168,107,129,31,26,291,160,42,140,140,98,83,26,80,96,83,108,39,80,74,122,130,30,120,195,66,107,202,36,27,107,77,156,106,74,94,88,232,107,71,41,58
P,2023HU0097973,8,02,00100,4,56,1019518,45,35,5,,1,2,2,2,2,2,,,2,4,,2,,,0,1,2,2,2,2,2,2,0,1,,10,1,5,,,,,,3,4,,,,,,,,,3,5,3,3,3,0,0,34,0,1,,21,0,1,0,0,42400,40,1,52,1,2007,1,249,999,7,2,,,1,5504,,1,22,9070,094,055,1200,00400,056,6,8123,2,,0,8740,,42400,42400,374,277,00100,056,1,2,2,8,8000,015,0,0,0,0,1,0,1,0,0,1,2,,,519061,,3,0,0,0,0,0,0,0,0,0,0,0,0,0,0,0,0,0,1,0,0,0,0,0,0,0,,0,,0,,0,0,0,0,0,0,0,0,0,0,0,0,0,0,0,0,0,0,0,1,0,0,0,0,0,0,0,0,0,0,0,0,0,0,0,1,0,0,0,0,0,0,0,0,1,0,1,36,70,90,17,36,62,11,30,52,49,52,54,41,47,59,69,107,45,9,35,43,12,10,79,64,15,233,51,28,77,24,46,61,45,32,14,29,33,122,31,59,19,7,80,147,13,110,49,45,109,24,31,58,55,57,17,24,41,116,86,26,56,189,15,25,83,14,25,45,30,59,38,42,45,44,86,70,35,11,84
P,2023HU0097973,8,03,00100,4,56,1019518,105,25,5,,1,2,2,2,2,2,,,2,3,2,,,,0,1,2,2,2,2,2,2,0,1,,10,1,5,,,,,,3,4,,,,,,,,,3,5,3,3,3,0,0,34,0,1,,16,0,2,0,0,42400,40,1,52,1,2014,1,249,999,8,2,,,1,,,1,22,9070,094,055,1200,00100,056,6,8123,2,,0,8990,4,42400,42400,312,277,00100,056,1,2,1,8,8000,015,0,0,0,0,1,0,1,0,0,,,,,5191XX,,3,0,0,0,0,0,0,0,0,0,0,0,0,0,0,0,0,0,0,0,0,0,0,0,0,0,,0,,0,,0,0,0,0,0,0,0,0,0,0,0,0,0,0,0,0,0,0,0,0,0,0,0,0,0,0,0,0,0,0,0,0,0,0,0,0,0,0,0,0,0,0,0,0,0,0,1,44,145,85,29,136,269,31,46,115,93,146,167,148,161,112,145,92,126,40,70,184,30,31,192,90,40,223,151,94,98,34,134,122,100,124,27,66,86,116,112,163,43,23,158,182,48,140,180,86,96,28,107,146,156,153,42,82,73,128,73,39,167,189,31,85,246,52,58,124,90,187,78,64,132,152,155,65,57,45,122
P,2023HU0098135,8,01,00400,4,56,1019518,69,74,1,,,2,1,2,2,2,,,2,,,2,,,0,2,2,1,2,2,2,2,0,,,,2,4,2,2,1,2,1973,1,4,,,,,,,,,2,5,2,2,3,0,0,20,3900,1,,16,0,1,0,21000,0,,3,,2,,1,032,999,,1,,,6,,,1,01,,,,,,,5,,1,,0,,,0,24900,056,173,,,2,1,4,1,1000,001,0,0,0,0,1,0,0,1,0,,,,,,,1,0,0,0,0,0,0,0,0,0,0,0,0,0,0,0,0,0,0,0,0,0,0,0,0,0,0,0,,0,,0,0,0,0,0,0,0,0,0,0,0,0,0,0,0,0,0,0,0,0,0,0,0,0,0,0,0,0,0,0,0,0,0,0,0,0,0,0,0,0,0,0,0,0,0,0,0,17,81,69,71,74,60,105,100,114,74,23,69,118,63,67,100,62,23,19,22,20,74,64,92,63,57,100,129,97,71,30,71,142,73,62,125,87,19,16,110,108,79,64,84,72,57,18,23,21,67,119,98,24,67,63,23,57,113,125,136,102,70,67,79,75,53,21,29,19,68,147,62,17,70,64,18,79,90,91,21
P,2023HU0098486,8,01,00200,4,56,1019518,136,27,1,,1,2,2,2,2,2,,,2,,,,,,1,2,1,2,2,2,2,2,0,,,11,2,1,2,2,1,2,2021,3,4,,,,,,,,,3,5,3,3,3,0,0,20,0,1,,19,0,1,0,0,30000,40,1,52,,,4,999,999,,2,,,1,,,1,01,0770,,,,53000,049,1,23,1,,0,6355,,30000,30000,035,101,00200,056,1,2,1,1,1000,001,0,0,0,0,1,0,0,1,0,,,,,472111,,1,0,0,0,0,1,1,1,1,1,1,1,0,0,1,0,1,0,0,0,0,0,1,1,1,1,,1,,1,,1,1,1,0,1,1,0,0,0,1,0,1,0,1,1,1,1,1,1,1,0,1,1,1,1,1,1,0,0,1,1,0,0,1,0,0,0,1,0,1,1,1,1,1,1,0,0,126,97,138,194,54,23,178,122,38,219,352,179,163,36,166,203,140,137,42,127,124,191,56,44,187,267,44,156,309,35,50,122,129,277,81,181,143,108,170,233,101,194,158,251,69,39,118,132,63,187,294,159,134,56,127,118,127,97,21,99,115,99,58,42,147,227,59,140,191,48,44,156,105,186,108,168,273,234,251,156
P,2023HU0098486,8,02,00200,4,56,1019518,61,28,1,,6,2,2,2,2,2,,,2,,2,,,,2,2,1,2,2,2,2,2,0,,,,2,1,2,2,1,2,2021,3,4,,,,,,,,,3,5,3,3,3,0,0,21,0,1,,19,6000,2,0,0,0,36,1,16,,,4,999,999,,2,,,6,,,1,01,8170,,,,53000,049,1,6216,1,,0,3601,1,6000,6000,035,101,,,1,2,1,1,1000,001,0,0,0,0,1,0,0,1,0,,,,,311121,,1,0,0,1,0,1,1,1,1,1,1,1,0,0,1,0,1,1,0,0,0,0,1,1,1,1,,1,,1,,1,1,1,0,1,1,0,0,0,0,0,1,0,1,1,1,1,1,1,1,0,1,1,1,1,1,1,1,0,1,1,0,0,1,0,1,1,1,0,1,1,1,1,1,1,0,0,66,58,76,101,24,13,71,46,13,114,201,62,50,19,76,93,92,74,14,48,81,100,16,15,85,91,18,74,161,16,19,54,55,124,43,72,50,43,99,78,51,61,101,124,28,21,66,77,24,77,86,70,67,17,55,68,59,57,12,55,48,49,18,13,74,129,23,63,101,22,25,57,41,68,40,55,121,131,103,52
P,2023HU0098486,8,03,00200,4,56,1019518,87,5,1,,,2,2,2,,2,,,2,,,,,,0,2,2,2,1,2,2,2,,,,,2,5,,,,,,3,,,,,,,,,,,,,,,,,25,,3,01,01,,1,,,,,,,,,4,999,999,,2,,2,,,,1,01,,,,,53000,049,,,1,1,1,,,,,056,101,,,2,1,1,1,1000,001,0,0,0,0,1,0,0,1,1,,,,,,,1,0,0,1,0,0,1,1,1,1,0,1,0,0,1,0,0,0,0,0,0,0,1,0,1,1,,1,0,1,,1,1,1,0,0,0,0,0,0,0,0,1,0,0,0,0,0,0,1,1,0,0,0,0,0,0,0,1,0,1,1,0,0,0,1,1,1,0,0,0,0,0,0,0,0,0,0,105,81,118,139,23,25,116,63,29,141,133,92,81,27,108,93,97,96,29,73,121,117,33,39,118,119,29,105,158,22,22,74,83,117,85,100,82,97,161,94,82,101,152,136,24,30,111,95,35,135,122,93,83,22,65,96,80,72,27,74,95,76,22,19,121,186,36,81,156,37,25,73,79,133,62,81,146,170,203,69
P,2023HU0098486,8,04,00200,4,56,1019518,89,3,1,,,,2,2,,,,,,,,,,,0,2,2,2,1,2,2,2,,,,,,5,,,,,,3,,,,,,,,,,,,,,,,,25,,3,01,01,,1,,,,,,,,,4,999,999,,2,,2,,,,1,01,,,,,53000,049,,,1,1,1,,,,,056,101,,,2,1,4,1,1000,001,0,0,0,0,1,0,0,1,1,,,,,,,1,0,0,1,0,0,0,1,1,1,0,0,0,0,0,0,0,0,0,0,0,0,1,0,1,1,,1,0,1,,1,1,1,0,0,0,0,0,0,0,0,0,0,0,0,0,0,0,1,1,0,0,0,0,0,0,0,1,0,1,1,0,0,0,1,1,1,0,0,0,0,0,0,0,0,0,0,88,66,146,235,21,20,131,79,26,191,160,96,77,23,89,92,122,117,26,92,98,92,31,48,141,137,25,127,186,21,27,116,143,150,57,80,72,79,115,97,73,100,131,202,32,30,108,110,27,144,135,128,117,22,64,91,99,83,18,88,81,66,36,44,118,160,24,82,150,32,26,107,87,151,53,65,160,152,166,78
P,2023HU0098486,8,05,00200,4,56,1019518,41,1,1,,,,2,2,,,,,,,,,,,1,2,1,2,2,2,2,2,,,,,,5,,,,,,3,,,,,,,,,,,,,,,,,25,,,,,,2,,,,,,,,,4,999,999,,2,,2,,,,1,01,,,,,53000,049,,,1,1,1,,,,,056,101,,,1,2,3,1,1000,001,0,0,0,0,1,0,0,1,1,,,,,,,1,0,0,1,0,0,0,1,1,1,0,0,0,0,0,0,0,0,0,0,0,0,1,0,1,1,,1,,1,,1,1,1,0,0,0,0,0,0,0,0,0,0,0,0,0,0,0,1,1,0,0,0,0,0,0,0,1,0,1,1,0,0,0,0,0,0,0,0,0,0,0,0,0,0,0,0,44,38,54,61,13,14,70,47,13,90,68,37,38,8,38,42,54,60,12,38,52,43,14,25,59,50,10,40,97,13,11,44,71,75,34,50,32,34,59,60,34,45,69,75,12,14,64,55,15,70,61,51,48,9,29,36,42,46,10,39,43,31,9,14,62,69,11,36,75,17,15,43,36,76,32,49,71,60,87,44
P,2023HU0099274,8,01,00500,4,56,1019518,68,62,1,,3,2,2,2,2,2,,,2,,,2,,,0,1,2,2,2,2,2,2,0,5,4,01,2,1,2,2,2,2,1989,1,4,,,,,,,,,3,5,3,3,3,0,0,20,0,1,,20,0,2,0,0,40000,40,1,52,1,,1,924,999,,2,4,,1,,,1,01,7860,053,016,,,,1,6111,1,,0,4220,4,40000,40000,056,501,00500,056,1,2,1,1,1000,001,0,0,0,0,1,0,0,1,0,,,,,37201X,,1,0,0,0,0,0,0,0,0,0,0,0,0,0,0,0,0,0,0,0,0,0,0,0,0,0,,0,,0,,0,0,0,0,0,0,0,0,0,0,0,0,0,0,0,0,0,0,0,0,0,0,0,0,0,0,0,0,0,0,0,0,0,0,0,0,0,0,0,0,0,0,0,0,0,0,0,100,62,74,106,63,27,102,93,19,74,76,20,56,27,83,57,84,105,58,108,16,83,64,20,67,137,14,15,128,65,71,136,54,155,109,66,72,23,53,92,20,56,69,17,54,144,14,19,125,52,91,135,67,97,56,82,90,19,52,16,132,74,75,115,76,22,88,96,22,66,74,20,53,36,67,59,118,99,60,19
P,2023HU0099274,8,02,00500,4,56,1019518,102,76,1,,1,2,2,2,2,2,,,2,,,2,,,0,1,2,1,2,2,2,2,0,148,2,01,2,1,2,2,3,2,1989,1,4,,,,,,,,,3,5,3,3,3,0,0,21,0,1,,11,0,1,0,22800,33000,40,1,52,1,,1,924,999,,2,2,,1,,,1,01,0270,085,022,,,,1,1133,1,,0,6130,,33000,55800,056,501,00500,056,1,1,2,1,1000,001,0,0,0,0,1,0,0,1,0,,,,,454020,,1,0,0,0,0,0,0,0,0,0,0,0,0,0,0,0,0,0,0,0,0,0,0,0,0,0,1,0,,0,,0,0,0,0,0,0,1,0,0,0,0,0,0,0,0,0,0,0,0,0,0,0,0,0,0,0,0,0,0,0,0,0,0,0,0,0,0,0,0,0,0,0,0,0,0,0,0,189,95,103,126,100,45,181,147,30,114,101,39,106,43,97,65,121,159,99,138,29,130,107,30,89,177,24,25,166,88,126,168,108,205,106,100,105,36,78,142,34,63,89,36,96,226,27,30,199,76,129,231,112,169,82,98,102,24,93,24,175,109,129,257,111,25,151,142,37,86,112,32,74,47,133,106,97,135,94,29
P,2023HU0099274,8,03,00500,4,56,1019518,39,32,1,,1,2,2,2,2,2,,,2,,,2,,,0,1,2,2,2,2,2,2,0,75,1,01,2,5,,,,,,1,4,,,,,,,,,3,5,3,3,3,0,0,25,0,1,,18,0,1,0,0,35000,40,1,52,1,,1,924,999,,2,1,,1,,,1,01,3170,078,024,,,,6,3335,1,,0,8030,,35000,35000,049,501,57000,049,1,2,3,1,1000,001,0,0,0,0,1,0,0,1,0,,,,,514041,,1,0,0,0,0,0,0,0,0,0,0,0,0,0,0,0,0,0,0,0,0,0,0,0,0,0,,0,,0,,0,0,0,0,0,0,0,0,0,0,0,0,0,0,0,0,0,0,0,0,0,0,0,0,0,0,0,0,0,0,0,0,0,0,0,0,0,0,0,0,0,0,0,0,0,0,0,74,45,38,84,59,14,92,52,7,70,57,12,44,27,48,46,47,66,58,40,8,38,45,5,24,95,11,7,91,34,23,52,35,45,71,32,36,17,19,37,18,25,61,12,26,100,10,12,98,34,26,57,43,42,47,27,55,14,21,12,52,29,31,92,65,15,63,52,9,34,57,10,23,28,49,38,52,80,49,10
P,2023HU0099274,8,04,00500,4,56,1019518,37,30,1,,3,2,2,2,2,2,,2,2,,,2,,,0,1,2,2,2,2,2,2,0,8,1,01,2,5,,,,,,1,2,1,0,0,0,0,0,0,0,3,5,3,3,3,0,0,25,0,1,,20,0,1,0,0,38000,40,1,52,1,,1,924,999,,2,1,,1,,,1,01,0770,083,043,,,,6,23,1,,0,7200,,38000,38000,049,501,00500,056,1,2,2,1,1000,001,0,0,0,0,1,0,0,1,0,,,,,493023,01,1,0,0,0,0,0,0,0,0,0,0,0,0,0,0,0,0,0,0,0,0,0,0,0,0,0,,0,,0,,0,0,0,0,0,0,1,0,0,0,0,0,0,0,0,0,0,0,0,0,1,0,0,0,0,0,0,0,0,0,0,0,0,0,0,0,0,0,0,0,0,0,0,0,0,0,0,75,44,40,83,58,14,92,53,7,70,58,10,44,27,47,46,45,65,57,41,8,38,44,7,24,94,12,7,93,34,24,52,36,43,70,32,36,16,18,36,19,26,61,10,25,100,10,10,100,35,26,57,43,41,47,25,56,14,22,12,53,28,31,93,64,15,64,52,8,33,58,9,24,28,51,38,51,78,48,10
P,2023HU0101175,8,01,00300,4,56,1019518,53,25,1,,4,2,2,2,2,2,,,2,,,,,,0,1,2,2,2,2,2,2,0,10,1,01,2,5,,,,,,1,4,,,,,,,,,3,5,3,3,3,0,0,20,0,2,15,19,0,1,0,0,50000,50,1,52,1,,3,996,999,,2,1,,1,,,1,01,9470,078,037,,,,6,92MP,1,,0,0060,,50000,50000,056,318,00300,056,1,2,3,1,1000,001,0,0,0,0,1,0,0,1,0,,,,,112030,,1,0,0,0,0,0,0,0,0,0,0,0,0,0,0,0,0,0,0,0,0,0,0,0,0,0,,0,,0,,0,0,0,0,0,0,0,0,0,0,0,0,0,0,0,0,0,0,0,0,0,0,0,0,0,0,0,0,0,0,0,0,0,0,0,0,0,0,0,0,0,0,0,0,0,0,0,19,95,26,22,50,53,80,79,15,40,48,61,26,49,39,61,93,54,51,63,46,52,42,37,140,81,53,53,60,92,13,105,61,14,17,22,49,112,19,19,95,16,122,95,53,47,12,11,80,44,45,59,157,58,50,46,16,63,51,55,52,62,43,44,25,14,60,57,57,12,76,20,46,76,84,113,45,23,119,81
P,2023HU0101175,8,02,00300,4,56,1019518,56,25,1,,1,2,2,2,2,2,,,2,,2,,,,0,1,2,2,2,2,2,2,0,10,1,01,2,5,,,,,,3,4,,,,,,,,,3,5,3,3,3,0,0,22,0,1,,19,0,2,0,0,30000,36,1,52,1,,3,996,999,,2,1,,1,,,1,01,7980,093,052,,00300,056,6,6212,1,,0,3310,4,30000,30000,031,190,00300,056,1,2,1,1,1000,001,0,0,0,0,1,0,0,1,0,,,,,291292,,1,0,0,0,0,0,0,0,0,0,0,0,0,0,0,0,0,0,0,0,0,0,0,0,0,0,,0,,0,,0,0,0,0,0,0,0,0,0,0,0,0,0,0,0,0,0,0,0,0,0,0,1,0,0,0,0,0,0,0,0,0,0,0,0,0,0,0,0,0,0,0,0,0,0,0,0,18,112,19,24,48,50,98,107,15,51,52,68,22,52,46,64,105,64,48,53,48,42,48,57,102,78,47,55,82,103,15,96,65,15,21,24,58,109,18,22,95,21,136,89,69,65,13,15,81,54,56,59,128,64,50,47,20,68,47,50,47,53,53,57,23,15,48,60,65,13,120,18,49,88,98,111,45,20,108,92
P,2023HU0101282,8,01,00500,4,56,1019518,27,67,1,,1,2,1,2,2,2,4,1,2,,,2,,,0,2,2,1,2,1,1,2,0,5,1,01,2,1,2,2,3,2,2006,1,2,0,1,1,0,0,0,0,0,3,5,3,3,3,16800,0,20,44000,1,,20,0,1,0,19200,6000,12,1,52,1,,2,050,032,,1,1,,1,,,1,01,8680,197,118,,,,1,722Z,1,,0,4040,,6000,86000,008,501,00500,056,1,1,3,1,1000,001,0,0,0,0,1,0,0,1,0,,,,,353011,04,1,0,0,0,0,0,0,0,0,0,0,0,0,0,0,0,0,0,0,0,0,0,0,0,0,0,0,0,,0,0,0,0,0,0,0,0,0,0,0,0,0,0,0,0,0,0,0,0,0,0,0,0,0,0,0,0,0,0,0,0,0,0,0,0,0,0,0,0,0,0,0,0,0,0,0,0,0,23,27,6,31,7,31,9,7,9,7,31,29,7,7,27,9,5,30,24,44,42,50,24,50,22,44,33,32,26,25,52,49,33,25,42,41,26,50,45,41,29,35,52,32,56,26,43,46,49,48,26,27,39,48,25,42,51,30,26,5,8,8,29,11,27,6,23,20,24,28,9,7,24,24,8,26,31,10,7,28
P,2023HU0101282,8,02,00500,4,56,1019518,17,61,1,,1,2,2,2,2,2,,2,2,,,2,,,0,2,2,2,2,1,2,2,0,5,1,01,2,1,2,2,1,2,2006,1,3,,,,,,,,,3,5,3,3,3,10800,0,21,0,1,,20,0,2,0,0,20000,2,1,52,1,,1,939,999,,2,1,,1,,,1,01,8680,155,097,,,,1,722Z,1,,0,5120,4,20000,30800,008,501,00500,056,1,2,2,1,1000,001,0,0,0,0,1,0,0,1,0,,,,,433031,,1,0,0,0,0,0,0,0,0,0,0,0,0,0,0,0,0,0,0,0,0,0,0,0,0,0,,0,,0,0,0,0,0,0,0,0,0,0,0,0,0,0,0,0,0,0,0,0,0,0,0,0,0,0,0,0,0,0,0,0,0,0,0,0,0,0,0,0,0,0,0,0,0,0,0,0,0,18,17,6,22,4,17,3,5,6,5,21,18,5,4,15,6,4,18,18,25,29,34,18,31,14,29,20,23,18,17,33,30,21,17,30,22,16,32,27,24,20,20,28,21,46,20,26,27,30,27,16,20,26,25,16,34,34,17,17,5,5,5,18,4,16,4,13,11,16,17,5,5,16,23,5,16,18,8,4,19
P,2023HU0101282,8,03,00500,4,56,1019518,14,85,1,,,2,2,2,1,1,,,2,,,2,,,2,2,1,1,2,2,2,2,3300,,,,2,2,2,2,1,2,1955,1,4,,,,,,,,,2,5,2,2,3,0,0,29,19000,1,,17,0,2,0,20000,0,,3,,2,,1,032,999,,1,,,6,,,1,01,,,,,,,3,,1,,0,,4,0,42300,008,501,,,1,1,1,1,1000,001,0,0,0,0,1,0,0,1,0,,,,,,,1,0,0,0,0,0,0,0,0,0,0,0,0,0,0,0,0,0,0,0,0,0,0,0,0,0,0,0,,0,,0,0,0,0,0,0,0,0,0,0,0,0,0,0,0,0,0,0,0,0,0,0,0,0,0,0,0,0,0,0,0,0,0,0,0,0,0,0,0,0,0,0,0,0,0,0,0,10,15,4,20,4,15,5,4,4,6,15,13,4,4,15,5,2,14,16,23,26,25,14,28,13,21,19,15,15,13,21,35,19,15,22,18,18,25,20,14,16,17,23,15,34,16,17,23,40,25,12,17,31,20,11,28,23,14,18,6,4,5,16,5,12,4,17,12,13,16,5,6,12,17,9,13,14,6,3,16
P,2023HU0101353,8,01,00300,4,56,1019518,80,57,1,,3,2,2,2,2,2,2,1,2,,,2,,,0,1,2,2,2,2,2,2,0,20,1,01,2,1,2,2,1,2,1992,1,2,1,1,1,0,0,0,0,0,3,5,3,3,3,0,0,20,16000,1,,16,0,1,0,0,90000,50,1,52,1,,1,939,999,,2,1,,1,,,1,01,9470,074,031,,,,1,92MP,1,,0,3870,,90000,106000,006,501,00300,056,1,2,2,8,8000,015,0,0,0,0,1,0,1,0,0,,,,,333050,02,1,0,0,0,0,0,0,0,0,0,0,0,0,0,0,0,0,0,0,0,0,0,0,0,0,0,,0,,0,,0,0,0,0,0,0,0,0,0,0,0,0,0,0,0,0,0,0,0,0,0,0,0,0,0,0,0,0,0,0,0,0,0,0,0,0,0,0,0,0,0,0,0,0,0,0,0,136,122,32,181,73,66,17,23,28,85,86,185,22,66,136,74,82,78,67,23,86,86,95,89,169,26,79,70,65,109,20,74,82,137,94,148,131,27,29,92,28,19,173,26,75,96,166,155,155,86,83,27,141,69,27,74,70,75,76,167,86,73,82,70,19,118,93,94,81,21,104,69,77,24,78,27,23,140,174,107
P,2023HU0101353,8,02,00300,4,56,1019518,99,54,1,,,2,2,2,2,1,,,2,,,2,,,0,1,2,2,2,2,2,2,0,,,,2,1,2,2,2,2,1992,1,4,,,,,,,,,2,5,2,2,3,0,0,21,0,1,,16,0,2,0,3600,0,,3,,2,,1,939,999,,1,,,6,,,1,01,,,,,,,1,,1,,0,,4,0,3600,056,501,,,1,2,4,8,8000,015,0,0,0,0,1,0,1,0,0,,,,,,,1,0,0,0,0,0,0,0,0,0,0,0,0,0,0,0,0,0,0,0,0,0,0,0,0,0,,0,,0,,0,0,0,0,0,0,0,0,0,0,0,0,0,0,0,0,0,0,0,0,0,0,0,0,0,0,0,0,0,0,0,0,0,0,0,0,0,0,0,0,0,0,0,0,0,0,0,204,143,43,221,101,89,21,31,40,126,92,167,30,90,219,117,100,104,76,27,84,91,130,84,169,30,111,99,83,151,28,90,84,179,125,174,131,25,27,106,36,21,159,41,120,113,166,203,200,115,79,27,180,93,28,120,96,113,101,205,84,80,103,86,26,128,97,107,109,24,118,80,89,33,93,41,28,160,191,101
P,2023HU0101762,8,01,00500,4,56,1019518,64,70,1,,,2,2,2,2,2,,,2,,,2,,,0,1,2,1,2,2,2,2,1100,,,,2,1,2,2,1,2,1978,1,4,,,,,,,,,2,5,2,2,3,0,0,20,62000,1,,21,0,1,0,18000,0,,3,,2,,2,091,082,,2,,,6,1303,,1,01,,,,,,,1,,1,,0,,,0,81100,049,501,,,1,1,3,1,1000,001,0,0,0,0,1,0,0,1,0,2,2,,,,,1,0,0,0,0,0,0,0,0,0,0,0,0,0,0,0,0,0,0,0,0,0,1,0,0,1,0,0,,1,,1,1,1,0,0,0,0,0,0,0,0,0,0,0,0,0,0,0,0,0,0,0,0,0,0,0,0,0,0,1,1,0,0,0,0,0,0,0,0,0,0,0,0,0,0,0,0,20,20,52,99,59,20,72,68,21,59,108,104,98,62,61,64,55,66,22,23,87,114,52,21,60,82,64,56,101,64,22,22,19,57,76,65,60,64,115,109,20,23,98,119,45,16,83,55,16,82,109,75,91,66,51,63,73,65,17,15,104,106,62,20,61,118,54,54,98,70,22,19,21,54,59,60,73,89,125,99
P,2023HU0101762,8,02,00500,4,56,1019518,56,69,1,,,2,2,2,2,2,,,2,,,2,,,0,1,2,1,2,2,2,2,0,,,,2,1,2,2,1,2,1978,1,4,,,,,,,,,2,5,2,2,3,0,0,21,10300,1,,21,0,2,0,12600,0,,3,,2,,2,022,050,,2,,,6,1303,,1,01,,,,,,,1,,1,,0,,4,0,22900,039,501,,,1,1,1,1,1000,001,0,0,0,0,1,0,0,1,0,2,2,,,,,1,0,0,0,0,0,0,0,0,0,0,0,0,0,0,0,0,0,0,0,0,0,1,0,0,1,0,0,,1,,1,1,1,0,0,0,0,0,0,0,0,0,0,0,0,0,0,0,0,0,0,0,0,0,0,0,0,0,0,1,1,0,0,0,0,0,0,0,0,0,0,0,0,0,0,0,0,18,15,40,84,52,19,58,58,18,58,89,89,88,48,54,59,46,56,21,20,79,92,48,18,64,78,61,59,84,66,21,19,17,53,70,54,52,58,107,81,17,19,79,105,40,14,70,47,16,63,107,65,86,59,48,59,83,63,16,14,99,92,50,18,53,94,54,53,85,55,20,23,19,47,46,56,68,73,111,105
P,2023HU0102899,8,01,00300,4,56,1019518,338,38,1,,,2,2,2,2,2,,,1,,,2,,,0,2,2,1,2,2,2,2,0,,,,2,4,2,2,1,2,2018,3,4,,,,,,,,,2,5,2,2,3,0,0,20,0,1,,19,0,1,0,5700,0,,3,,2,,4,999,999,,1,,,6,,,1,01,,,,,00400,056,5,,1,,0,,,0,5700,006,30,,,2,1,3,1,1000,001,0,0,0,0,1,0,0,1,0,,,,,,,1,0,0,0,0,0,0,0,0,0,0,0,0,0,0,0,0,0,0,0,0,0,0,0,0,0,0,0,,0,,0,0,0,0,0,0,0,0,0,0,0,0,0,0,0,0,0,1,0,0,0,0,0,0,0,0,1,0,0,0,0,0,0,0,0,0,0,0,0,0,1,0,0,0,0,0,0,118,116,376,119,551,219,283,327,549,365,112,399,486,447,404,422,437,90,401,405,95,124,398,109,623,262,423,373,548,338,135,424,397,436,292,353,613,76,335,306,92,116,390,103,561,289,405,338,429,300,148,403,459,529,336,361,685,108,385,338,93,98,406,94,512,302,437,390,475,299,106,417,510,469,468,337,480,94,306,344
P,2023HU0102899,8,02,00300,4,56,1019518,650,17,1,,9,2,2,2,2,2,,,2,,2,,,,0,2,2,2,1,2,2,2,0,,,,2,5,,,,,,3,4,,,,,,,,,2,1,2,1,3,0,0,25,3500,2,13,13,0,2,0,0,0,,3,,2,,4,999,999,,2,,6,3,,,1,01,9920,,,,00400,056,6,999920,1,5,1,9920,4,0,3500,016,30,,,2,1,4,1,1000,001,0,0,0,0,1,0,0,1,1,,,,,999920,,1,0,0,0,0,0,0,0,0,0,0,0,0,0,0,0,0,0,0,0,0,0,0,0,0,0,,0,0,0,,0,0,0,0,0,0,0,0,0,0,0,0,0,0,0,0,0,0,0,0,0,0,0,0,0,0,0,0,0,0,0,0,0,0,0,0,0,0,0,0,0,0,0,0,0,0,0,336,267,674,255,1021,374,579,764,1315,556,235,808,871,920,672,676,698,128,1044,673,217,281,700,253,1143,636,635,735,1181,520,284,812,639,1028,618,627,969,151,753,688,222,248,811,252,865,541,749,637,750,686,291,662,879,658,638,785,986,231,654,679,231,226,852,265,790,492,876,623,823,717,240,717,1024,708,844,756,926,251,653,582
P,2023HU0102899,8,03,00300,4,56,1019518,548,13,1,,,2,2,2,,2,,,2,,,,,,0,2,2,2,1,2,2,2,,,,,2,5,,,,,,3,,,,,,,,,,,,,,,,,25,,2,10,10,,1,,,,,,,,,4,999,999,,2,,6,,,,1,01,,,,,00400,056,,,1,5,1,,,,,016,30,,,2,1,3,1,1000,001,0,0,0,0,1,0,0,1,1,,,,,,,1,0,0,0,0,0,0,0,0,0,0,0,0,0,0,0,0,0,0,0,0,0,0,0,0,0,,0,0,0,,0,0,0,0,0,0,0,0,0,0,0,0,0,0,0,0,0,0,0,0,0,0,0,0,0,0,0,0,0,0,0,0,0,0,0,0,0,0,0,0,0,0,0,0,0,0,0,214,238,575,268,718,302,514,530,927,518,232,682,815,752,659,672,611,146,552,635,190,260,727,257,863,488,708,530,687,504,214,539,548,623,555,494,827,166,541,434,179,232,612,164,801,611,650,575,641,416,245,708,639,608,576,584,902,198,579,534,192,195,648,160,821,516,535,627,669,504,218,670,808,629,592,735,763,204,642,600
P,2023HU0102899,8,04,00300,4,56,1019518,548,7,1,,,2,2,2,,2,,,2,,,,,,0,2,2,2,1,2,2,2,,,,,2,5,,,,,,3,,,,,,,,,,,,,,,,,25,,2,04,04,,1,,,,,,,,,4,999,999,,2,,6,,,,1,01,,,,,00400,056,,,1,5,1,,,,,056,30,,,2,1,2,1,1000,001,0,0,0,0,1,0,0,1,1,,,,,,,1,0,0,0,0,0,0,0,0,0,0,0,0,0,0,0,0,0,0,0,0,0,0,0,0,0,,0,0,0,,0,0,0,0,0,0,0,0,0,0,0,0,0,0,0,0,0,0,0,0,0,0,0,0,0,0,0,0,0,0,0,0,0,0,0,0,0,0,0,0,0,0,0,0,0,0,0,215,238,575,265,719,303,514,531,927,518,232,682,816,753,658,673,612,146,551,635,191,261,726,255,862,487,707,530,689,502,214,538,547,623,554,493,829,166,539,434,179,232,612,163,801,611,652,576,643,416,245,708,639,608,576,583,902,198,580,534,191,195,647,160,822,517,533,625,669,505,215,672,808,628,593,735,763,206,643,600
P,2023HU0103066,8,01,00500,4,56,1019518,75,42,1,,2,2,2,2,2,2,,,2,,,2,,,0,1,2,2,2,2,2,2,0,,,11,2,1,2,2,1,2,2011,1,4,,,,,,,,,3,5,3,3,3,0,0,20,0,1,,19,0,1,0,0,36000,60,1,14,1,,2,012,082,,2,,,1,,,1,01,9160,,,,,,1,8131,1,,0,2040,,36000,36000,042,136,00500,056,1,2,1,1,1000,001,0,0,0,0,1,0,0,1,0,,,,,212011,,1,0,0,0,0,0,0,0,0,0,0,0,0,0,0,0,0,0,0,0,0,0,1,0,1,1,,1,,1,,1,1,1,0,0,0,0,0,0,0,0,0,0,0,0,0,0,0,0,0,0,0,0,0,0,0,0,0,0,1,1,0,0,0,0,0,0,0,0,0,0,0,0,0,0,0,0,26,105,64,72,106,190,78,93,28,154,25,70,21,25,69,59,72,83,71,82,70,131,19,14,66,72,156,73,74,113,67,147,89,87,18,16,207,130,16,26,87,69,92,78,23,32,83,23,105,16,111,81,116,128,65,81,65,70,94,97,71,19,143,163,80,83,22,65,68,83,76,23,75,82,115,139,19,18,149,116
P,2023HU0103066,8,02,00500,4,56,1019518,60,38,1,,2,2,2,2,2,2,,,2,,2,2,,,0,1,2,2,2,2,2,2,0,,,,2,1,2,2,1,2,2011,1,4,,,,,,,,,2,5,2,2,3,0,0,21,0,1,,22,0,2,0,0,5000,20,1,40,2,,1,012,999,,2,,,6,6402,,1,01,9160,,,,,,1,8131,1,,0,5740,2,5000,5000,042,136,,,1,2,4,1,1000,001,0,0,0,0,1,0,0,1,0,2,2,,,436014,,1,0,0,0,0,0,0,0,0,0,0,0,0,0,0,0,0,0,0,0,0,0,1,0,1,1,,1,,1,,1,1,1,0,0,0,0,0,0,0,0,0,0,0,0,0,0,0,0,0,0,0,0,0,0,0,0,0,0,1,1,0,0,0,0,0,0,0,0,0,0,0,0,0,0,0,0,16,92,65,58,108,177,64,83,19,117,17,59,12,17,56,54,65,54,79,58,52,88,19,13,66,73,133,51,54,81,50,111,66,71,17,15,154,98,18,16,75,60,64,59,19,28,78,19,111,14,88,62,96,111,57,60,60,63,71,70,49,16,90,96,64,74,23,47,51,74,64,20,65,68,81,89,22,19,99,85
P,2023HU0103066,8,03,00500,4,56,1019518,64,9,1,,,2,2,2,,2,,,2,,,,,,0,2,2,2,1,2,2,2,,,,,2,5,,,,,,1,,,,,,,,,,,,,,,,,25,,3,05,05,,2,,,,,,,,,2,012,082,,2,,2,,,,1,01,,,,,,,,,1,1,1,,,,,042,136,,,2,1,3,1,1000,001,0,0,0,0,1,0,0,1,1,,,,,,,1,0,0,0,0,0,0,0,0,0,0,0,0,0,0,0,0,0,0,0,0,0,0,0,0,0,,0,0,0,,0,0,0,0,0,0,0,0,0,0,0,0,0,0,0,0,0,0,0,0,0,0,0,0,0,0,0,0,0,0,0,0,0,0,0,0,0,0,0,0,0,0,0,0,0,0,0,17,64,75,79,124,180,84,81,15,117,22,63,13,20,59,49,51,61,90,55,57,108,19,17,70,93,140,70,58,69,50,107,73,77,16,17,107,94,23,16,76,54,62,68,20,32,97,15,83,20,125,59,113,135,62,60,60,78,72,62,59,20,87,103,66,95,22,52,45,64,75,19,62,88,105,99,19,19,107,89
P,2023HU0103066,8,04,00500,4,56,1019518,56,6,1,,,2,2,2,,2,,,2,,,,,,0,2,2,2,1,2,2,2,,,,,2,5,,,,,,1,,,,,,,,,,,,,,,,,25,,3,03,03,,1,,,,,,,,,2,012,082,,2,,2,,,,1,01,,,,,,,,,1,1,1,,,,,042,136,,,2,1,2,1,1000,001,0,0,0,0,1,0,0,1,1,,,,,,,1,0,0,0,0,0,0,0,0,0,0,0,0,0,0,0,0,0,0,0,0,0,0,0,0,0,,0,0,0,,0,0,0,0,0,0,0,0,0,0,0,0,0,0,0,0,0,0,0,0,0,0,0,0,0,0,0,0,0,0,0,0,0,0,0,0,0,0,0,0,0,0,0,0,0,0,0,16,76,62,52,104,120,59,69,22,129,18,49,14,16,56,55,46,54,79,67,58,95,17,14,56,62,106,45,63,69,49,101,68,59,13,14,139,91,15,16,57,55,56,48,21,22,60,20,106,16,100,66,92,89,60,56,47,58,55,77,60,18,85,96,59,73,18,49,46,60,80,17,63,61,99,85,18,16,81,86
P,2023HU0103954,8,01,00500,4,56,1019518,26,76,3,,,2,2,2,2,2,,,2,4,,2,,,0,2,2,1,1,2,2,2,0,,,,1,3,2,2,1,2,1976,1,4,,,,,,,,,2,5,2,2,3,0,0,20,0,1,,01,0,2,0,4000,0,,3,,2,1973,1,210,999,4,2,,,6,,,1,02,,,,1200,,,4,,1,,0,,4,0,4000,303,27,,,2,1,2,8,8000,015,0,0,0,0,1,0,1,0,0,,,,,,,3,1,0,0,0,0,0,0,0,0,0,0,0,0,0,0,1,0,0,0,0,0,0,0,0,0,0,0,0,0,,0,0,0,0,0,0,0,0,0,0,0,0,0,0,0,0,0,1,0,0,0,0,0,0,0,0,0,0,0,0,0,0,0,0,0,0,0,0,0,0,0,0,0,0,0,0,0,46,36,23,8,54,31,38,36,19,35,61,35,25,20,48,10,8,8,8,18,5,26,21,32,8,27,29,9,35,38,10,27,26,25,6,45,38,45,41,31,7,21,22,33,8,32,23,9,26,28,8,32,29,26,8,43,41,48,39,36,34,34,24,9,49,31,27,34,24,30,40,30,36,30,41,10,7,8,9,25
P,2023HU0104504,8,01,00400,4,56,1019518,117,63,1,,4,2,2,2,2,2,,,2,,,2,,,0,1,2,2,2,2,2,2,0,,,11,2,5,,,,,,1,4,,,,,,,,,3,5,3,3,3,0,0,20,0,1,,22,0,2,0,0,60000,40,1,52,1,,2,082,022,,2,,,1,2403,,1,01,7870,,,,,,6,611M1,1,,0,0800,4,60000,60000,056,501,00400,056,1,2,3,1,1000,001,0,0,0,0,1,0,0,1,0,1,2,,,132011,,1,0,0,0,0,0,0,0,0,0,0,0,0,0,0,0,0,0,0,0,0,0,0,0,0,0,,0,,0,,0,0,0,0,0,0,0,0,0,0,0,0,0,0,0,0,0,0,0,0,0,0,0,0,0,0,0,0,0,0,0,0,0,0,0,0,0,0,0,0,0,0,0,0,0,0,0,240,89,153,119,103,247,109,50,197,229,47,154,125,33,146,44,88,81,90,64,209,123,169,137,96,135,141,47,246,154,20,129,77,36,138,42,120,131,100,220,41,109,41,142,115,32,105,137,41,28,171,119,105,168,250,210,128,138,90,162,42,147,35,106,111,63,102,188,34,29,189,180,137,137,128,215,131,94,81,35
P,2023HU0104504,8,02,00400,4,56,1019518,137,50,1,,4,2,2,2,2,2,,,2,,,2,,,0,1,2,2,2,2,2,2,0,,,11,2,3,2,2,1,2,2000,1,4,,,,,,,,,3,5,3,3,3,0,0,28,0,1,,21,0,1,0,0,55000,40,1,52,1,,2,082,049,,2,,,1,6212,,1,01,7870,,,,,,4,611M1,1,,0,1108,,55000,55000,056,501,00400,056,1,2,2,1,1000,001,0,0,0,0,1,0,0,1,0,2,2,,,151299,,1,0,0,0,0,0,0,0,0,0,0,0,0,0,0,0,0,0,0,0,0,0,0,0,0,0,,0,,0,,0,0,0,0,0,0,0,0,0,0,0,0,0,0,0,0,0,0,0,0,0,0,0,0,0,0,0,0,0,0,0,0,0,0,0,0,0,0,0,0,0,0,0,0,0,0,0,184,168,142,130,118,237,154,51,225,204,59,204,154,66,119,54,129,63,107,54,236,89,217,212,117,140,228,85,255,171,23,195,110,44,133,28,182,148,134,195,69,116,34,207,171,42,118,113,50,30,119,116,148,246,240,227,128,177,153,179,41,198,65,138,85,45,115,269,49,33,254,155,89,232,116,315,175,94,163,63
P,2023HU0104674,8,01,00400,4,56,1019518,61,67,1,,1,2,2,2,2,2,,,2,,,2,,,0,2,2,1,2,2,2,2,0,,,,2,1,2,2,1,2,1984,1,4,,,,,,,,,2,5,2,2,3,0,0,20,0,1,,21,0,1,0,30700,0,,2,,2,,2,032,051,,2,,,6,5004,,1,01,0770,,,,,,1,23,1,,0,5860,,0,30700,042,251,,,2,1,2,1,1000,001,0,0,0,0,1,0,0,1,0,1,2,,,439061,,1,0,0,0,0,0,0,0,0,0,0,0,0,0,0,0,0,0,0,0,0,0,0,0,0,0,0,0,,0,,0,0,0,0,0,0,0,0,0,0,0,0,0,0,0,0,0,0,0,0,0,0,0,0,0,0,0,0,0,0,0,0,0,0,0,0,0,0,0,0,0,0,0,0,0,0,0,50,28,95,64,76,15,52,15,20,87,118,60,59,67,58,15,85,61,61,17,61,102,14,70,61,103,46,108,98,17,25,66,88,74,47,98,22,54,48,92,54,23,88,64,69,15,56,18,19,87,97,76,73,65,54,21,84,59,72,18,53,111,16,67,66,90,50,137,113,17,22,55,64,73,55,85,21,44,48,101
P,2023HU0104674,8,02,00400,4,56,1019518,69,68,1,,,2,2,2,2,2,,,2,,,2,,,0,2,2,1,2,2,2,2,0,,,,2,1,2,2,2,2,1984,1,4,,,,,,,,,2,5,2,2,3,0,0,21,0,1,,18,0,2,0,14700,0,,3,,2,,2,022,939,,2,,,6,,,1,01,,,,,,,1,,1,,0,,4,0,14700,036,251,,,2,1,2,1,1000,001,0,0,0,0,1,0,0,1,0,,,,,,,1,0,0,0,0,0,0,0,0,0,0,0,0,0,0,0,0,0,0,0,0,0,0,0,0,0,0,0,,0,,0,0,0,0,0,0,0,0,0,0,0,0,0,0,0,0,0,0,0,0,0,0,0,0,0,0,0,0,0,0,0,0,0,0,0,0,0,0,0,0,0,0,0,0,0,0,0,58,28,112,86,79,16,60,15,23,106,149,71,68,67,65,18,97,70,69,19,60,125,18,69,72,106,61,143,115,21,29,79,77,75,60,109,23,65,59,120,61,26,101,73,76,17,63,18,21,92,125,79,85,66,59,23,87,71,81,17,64,121,19,75,68,95,68,158,129,18,29,63,60,81,71,100,21,61,68,114
P,2023HU0105610,8,01,00100,4,56,1019518,9,72,1,,,2,2,2,2,2,,2,1,,,2,,,0,2,2,1,2,1,1,2,0,,,,2,3,2,2,1,2,1982,1,2,0,0,0,1,0,0,0,0,2,5,2,2,3,27600,0,20,9200,1,,18,0,1,0,18400,0,,3,,2,,1,050,999,,1,,,6,,,1,01,,,,,,,4,,1,,0,,,0,55200,056,388,,,1,1,4,1,1000,001,0,0,0,0,1,0,0,1,0,,,,,,06,1,0,0,0,0,0,0,0,0,0,0,0,0,0,0,0,0,0,0,0,0,0,0,0,0,0,0,0,,0,0,0,0,0,0,0,0,0,0,0,0,0,0,0,0,0,0,0,0,0,0,0,0,0,0,0,0,0,0,0,0,0,0,0,0,0,0,0,0,0,0,0,0,0,0,0,0,0,3,7,15,9,12,2,9,15,16,12,15,9,11,10,3,12,16,3,8,4,4,8,21,10,13,4,12,22,18,10,7,9,12,10,3,8,16,3,11,4,1,12,17,11,16,2,9,18,16,14,9,10,10,9,2,11,21,3,7,2,3,8,13,7,14,4,12,19,16,15,13,11,7,8,3,10,25,5,12,2
