RT,SERIALNO,DIVISION,PUMA,REGION,STATE,ADJHSG,ADJINC,WGTP,NP,TYPEHUGQ,ACCESSINET,ACR,AGS,BATH,BDSP,BLD,BROADBND,COMPOTHX,CONP,DIALUP,ELEFP,ELEP,FS,FULFP,FULP,GASFP,GASP,HFL,HISPEED,HOTWAT,INSP,LAPTOP,MHP,MRGI,MRGP,MRGT,MRGX,OTHSVCEX,REFR,RMSP,RNTM,RNTP,RWAT,RWATPR,SATELLITE,SINK,SMARTPHONE,SMP,STOV,TABLET,TEL,TEN,VACDUR,VACOTH,VACS,VALP,VEH,WATFP,WATP,YRBLT,CPLT,FINCP,FPARC,GRNTP,GRPIP,HHL,HHLANP,HHLDRAGEP,HHLDRHISP,HHLDRRAC1P,HHT,HHT2,HINCP,HUGCL,HUPAC,HUPAOC,HUPARC,KIT,LNGI,MULTG,MV,NOC,NPF,NPP,NR,NRC,OCPIP,PARTNER,PLM,PLMPRP,PSF,R18,R60,R65,RESMODE,SMOCP,SMX,SRNT,SVAL,TAXAMT,WIF,WKEXREL,WORKSTAT,FACCESSP,FACRP,FAGSP,FBATHP,FBDSP,FBLDP,FBROADBNDP,FCOMPOTHXP,FCONP,FDIALUPP,FELEP,FFINCP,FFSP,FFULP,FGASP,FGRNTP,FHFLP,FHINCP,FHISPEEDP,FHOTWATP,FINSP,FKITP,FLAPTOPP,FMHP,FMRGIP,FMRGP,FMRGTP,FMRGXP,FMVP,FOTHSVCEXP,FPLMP,FPLMPRP,FREFRP,FRMSP,FRNTMP,FRNTP,FRWATP,FRWATPRP,FSATELLITEP,FSINKP,FSMARTPHONP,FSMOCP,FSMP,FSMXHP,FSMXSP,FSTOVP,FTABLETP,FTAXP,FTELP,FTENP,FVACDURP,FVACOTHP,FVACSP,FVALP,FVEHP,FWATP,FYRBLTP,WGTP1,WGTP2,WGTP3,WGTP4,WGTP5,WGTP6,WGTP7,WGTP8,WGTP9,WGTP10,WGTP11,WGTP12,WGTP13,WGTP14,WGTP15,WGTP16,WGTP17,WGTP18,WGTP19,WGTP20,WGTP21,WGTP22,WGTP23,WGTP24,WGTP25,WGTP26,WGTP27,WGTP28,WGTP29,WGTP30,WGTP31,WGTP32,WGTP33,WGTP34,WGTP35,WGTP36,WGTP37,WGTP38,WGTP39,WGTP40,WGTP41,WGTP42,WGTP43,WGTP44,WGTP45,WGTP46,WGTP47,WGTP48,WGTP49,WGTP50,WGTP51,WGTP52,WGTP53,WGTP54,WGTP55,WGTP56,WGTP57,WGTP58,WGTP59,WGTP60,WGTP61,WGTP62,WGTP63,WGTP64,WGTP65,WGTP66,WGTP67,WGTP68,WGTP69,WGTP70,WGTP71,WGTP72,WGTP73,WGTP74,WGTP75,WGTP76,WGTP77,WGTP78,WGTP79,WGTP80
H,2023HU0000089,8,00400,4,56,1000000,1019518,95,2,1,1,1,,1,4,02,1,2,0,2,3,100,2,2,,4,70,1,1,9,1900,1,,,,,3,2,1,9,,,1,9,2,1,1,,1,1,1,2,,,,160000,4,3,1000,1970,1,71400,4,,,1,9500,66,01,1,1,02,71400,0,4,4,4,1,1,1,7,0,2,0,0,0,9,0,1,9,0,0,2,2,3,516,,0,1,1250,2,04,03,0,0,0,0,0,0,0,0,0,0,0,0,0,0,0,0,0,0,0,0,0,0,0,0,0,0,0,0,0,0,0,0,0,0,0,0,0,0,0,0,0,0,0,0,0,0,0,0,0,0,0,0,0,0,0,0,0,86,27,108,108,32,107,160,138,180,96,98,104,91,105,31,28,23,98,190,155,81,33,102,95,28,89,161,141,162,79,89,94,75,110,39,29,24,89,152,32,86,168,92,79,147,107,28,27,27,87,92,76,81,80,144,163,163,106,30,26,107,189,95,90,170,91,27,32,30,127,107,83,82,100,129,177,187,102,38,158
H,2023HU0000321,8,00400,4,56,1000000,1019518,74,2,1,1,1,,1,2,02,1,2,0,2,3,100,2,2,,4,40,1,1,9,1500,1,,,,,3,2,1,5,,,1,9,2,1,1,,1,1,1,2,,,,250000,2,3,200,1950,1,88600,4,,,1,9500,63,01,1,1,02,88600,0,4,4,4,1,1,1,7,0,2,0,0,0,5,0,1,9,0,0,2,0,3,394,,0,1,1350,1,03,03,0,0,0,0,0,0,0,0,0,0,0,0,1,0,0,0,0,0,0,0,0,0,0,0,0,0,0,0,0,0,0,0,0,0,0,0,0,0,0,0,0,0,0,0,0,0,0,0,0,0,0,0,0,0,0,0,0,139,24,23,81,71,84,102,78,26,72,21,26,106,83,135,71,74,119,72,72,20,150,119,74,84,76,28,64,102,69,120,127,17,83,32,60,64,19,72,89,19,106,105,72,67,89,27,103,114,79,104,108,20,61,22,67,110,26,55,65,118,27,18,52,86,74,128,70,26,109,25,21,111,83,108,82,70,133,97,88
H,2023HU0001176,8,00500,4,56,1000000,1019518,72,5,1,1,1,,1,5,02,1,2,,2,3,200,2,2,,4,100,1,1,9,,1,,,,,,2,1,10,2,1300,1,9,2,1,1,,1,1,1,3,,,,,3,3,700,1970,1,97100,2,1658,20,1,9500,41,01,1,1,01,97100,0,2,2,2,1,1,1,4,3,5,0,0,3,,0,1,9,0,1,0,0,1,,,1,0,,2,01,01,0,0,0,0,0,0,0,0,0,0,0,0,0,1,0,1,0,0,0,0,0,0,0,0,0,0,0,0,0,0,0,0,0,0,0,0,0,0,0,0,0,0,0,0,0,0,0,0,0,0,0,0,0,0,0,0,0,30,20,24,128,69,74,18,129,78,71,101,60,86,113,54,64,78,137,24,145,76,78,65,76,121,16,77,77,19,30,88,132,119,58,25,120,25,88,71,68,18,18,24,152,57,66,27,101,70,68,114,70,68,141,89,78,75,119,22,107,66,75,71,74,142,32,71,81,20,19,80,139,162,82,18,103,24,84,79,83
H,2023HU0001401,8,00300,4,56,1000000,1019518,124,1,1,1,1,,1,5,02,1,2,0,2,3,160,2,2,,2,,1,1,9,4500,1,,1,1000,1,1,2,1,11,,,1,9,2,1,2,,1,1,1,1,,,,350000,1,3,860,1960,,,,,,1,9500,62,01,1,6,05,43500,0,4,4,4,1,1,1,4,0,,0,0,0,34,0,1,9,0,0,1,0,3,1232,3,0,1,2250,,,,0,0,0,0,1,0,0,0,0,0,0,0,0,0,0,0,0,1,0,0,0,0,0,0,0,0,0,0,0,0,0,0,0,0,0,0,0,0,0,0,0,0,0,0,0,0,0,0,0,0,0,0,0,0,0,0,0,39,34,40,267,116,111,33,204,161,127,235,138,114,180,138,144,124,248,41,242,127,105,123,126,200,41,109,114,41,33,150,189,136,101,52,211,30,123,107,80,243,248,174,50,114,139,196,28,124,129,33,115,130,45,109,144,148,34,210,38,157,128,84,152,39,191,112,150,217,233,136,40,37,148,198,25,234,100,125,122
H,2023HU0001888,8,00500,4,56,1000000,1019518,55,1,1,1,,,1,2,06,1,2,,2,3,40,2,2,,4,40,1,1,9,,1,,,,,,2,1,5,2,880,1,9,2,1,1,,1,1,1,3,,,,,1,1,,1990,,,,960,24,1,9500,28,01,1,4,09,48000,0,4,4,4,1,1,1,3,0,,0,0,0,,0,1,9,0,0,0,0,3,,,1,0,,,,,0,0,0,0,0,0,0,0,0,0,0,0,0,0,0,0,0,0,0,0,0,0,0,0,0,0,0,0,0,0,0,0,0,0,0,0,0,0,0,0,0,0,0,0,0,0,0,0,0,0,0,0,0,0,0,0,0,67,49,67,98,74,59,13,55,112,37,40,78,58,15,12,19,47,42,64,27,69,65,78,99,117,49,21,62,105,72,50,93,46,15,17,18,55,55,67,76,47,48,22,15,17,38,94,48,16,62,73,19,49,102,111,91,56,62,53,70,52,47,17,18,18,76,79,63,15,49,54,20,67,78,79,92,52,57,43,15
H,2023HU0003114,8,00500,4,56,1000000,1019518,76,2,1,1,1,,1,4,02,1,2,0,2,3,50,2,2,,4,210,1,1,9,3000,1,,2,800,1,1,2,1,7,,,1,9,2,1,1,,1,1,1,1,,,,214000,3,3,960,1970,3,,,,,1,9500,29,01,1,5,04,124500,0,4,4,4,1,1,1,3,0,,0,1,0,13,2,1,9,0,0,0,0,3,1390,3,0,1,1050,,,,0,0,0,0,0,0,0,0,0,0,0,0,0,0,0,0,0,1,0,0,0,0,0,0,0,0,0,0,0,0,0,0,0,0,0,0,0,0,0,0,0,0,0,0,0,0,0,0,0,0,0,0,0,0,0,0,0,94,39,20,147,100,102,89,20,109,53,110,27,58,18,33,159,127,67,91,193,88,50,32,129,91,132,84,26,96,78,63,22,54,22,23,110,165,58,67,126,107,87,26,128,110,119,82,27,139,73,122,19,73,22,24,145,76,59,68,178,64,82,18,117,150,73,94,27,127,91,75,15,59,17,16,144,121,65,59,137
H,2023HU0003411,8,00400,4,56,1000000,1019518,48,1,1,1,1,,1,3,02,1,2,0,2,3,50,2,2,,4,90,1,1,9,1600,1,,1,1500,1,1,2,1,9,,,1,9,2,1,1,,1,2,1,1,,,,300000,1,3,280,1970,,,,,,1,9500,68,24,9,6,05,79500,0,4,4,4,1,1,1,5,0,,0,0,0,25,0,1,9,0,0,1,1,3,1663,3,0,1,575,,,,0,0,0,0,0,0,1,0,0,0,0,0,0,0,0,0,0,1,0,0,0,0,0,0,0,0,0,0,0,0,0,0,0,0,0,0,0,0,0,0,0,0,0,0,0,0,0,0,0,0,0,0,0,0,0,0,0,51,52,12,58,66,51,71,19,54,33,101,53,89,114,16,13,58,39,45,87,34,11,57,40,59,36,12,79,54,39,14,83,27,45,102,89,44,37,53,16,54,80,18,43,41,49,117,15,56,61,90,36,53,67,14,14,78,43,43,54,76,27,78,53,52,46,23,77,45,106,10,54,11,10,72,70,56,44,50,22
H,2023HU0004375,8,00300,4,56,1000000,1019518,151,1,1,1,1,,1,5,02,1,1,0,2,3,100,2,2,,4,200,1,1,9,1100,1,,,,,3,2,1,10,,,1,9,2,1,1,,1,1,1,2,,,,430000,1,3,100,2010,,,,,,1,9500,67,01,1,6,05,40700,0,4,4,4,1,1,1,4,0,,0,0,0,19,0,1,9,0,0,1,1,3,654,,0,1,3050,,,,0,0,0,0,0,0,0,0,0,0,0,0,0,0,1,0,0,0,0,0,0,0,0,0,0,0,0,0,0,0,0,0,0,0,0,0,0,0,0,0,0,1,0,0,0,0,0,0,0,0,0,0,0,0,0,0,0,217,310,67,123,36,157,208,53,199,27,231,180,119,152,119,51,161,272,199,134,267,253,50,176,60,157,101,44,155,54,230,267,207,186,156,39,200,237,94,201,43,59,307,103,237,136,178,265,135,189,42,43,177,169,145,279,154,44,178,121,50,44,263,179,272,150,133,286,176,314,42,45,159,119,160,191,182,42,123,172
H,2023HU0004930,8,00200,4,56,1000000,1019518,183,2,1,1,1,,1,3,02,1,2,0,2,3,280,2,2,,3,,3,1,9,3000,1,,1,1200,1,1,2,1,5,,,1,9,2,1,1,360,1,1,1,1,,,,275000,3,3,1300,2000,,58000,2,,,1,9500,50,01,1,3,06,58000,0,2,2,2,1,1,1,5,1,2,0,0,1,40,0,1,9,0,1,0,0,3,1948,1,0,1,1450,1,13,13,0,0,0,0,0,0,0,0,0,0,0,0,0,0,0,0,0,0,0,0,0,0,0,0,0,0,0,0,0,0,0,0,0,0,0,0,0,0,0,0,0,0,0,0,0,0,0,0,0,0,0,0,0,0,0,0,0,50,180,297,60,73,345,162,274,278,153,317,208,152,203,55,173,49,158,168,286,79,181,274,72,71,254,142,128,248,196,301,188,195,219,42,140,99,169,229,85,241,212,71,342,212,59,193,139,70,236,58,225,213,196,225,214,267,185,201,56,327,158,62,303,337,45,177,182,54,149,37,170,208,181,255,115,338,177,184,279
H,2023HU0005089,8,00500,4,56,1000000,1019518,14,1,1,1,2,1,1,2,02,1,2,0,2,3,180,2,2,,4,100,3,2,9,2000,1,,,,,3,2,1,4,,,1,9,2,1,1,,1,2,1,2,,,,500000,2,3,800,1980,,,,,,1,9500,66,01,1,6,05,89000,0,4,4,4,1,1,1,7,0,,0,0,0,9,0,1,9,0,0,1,1,3,684,,0,1,2050,,,,0,0,0,0,0,0,0,0,0,0,0,0,0,0,0,0,0,0,0,0,0,0,0,0,0,0,0,0,0,0,0,0,0,0,0,0,0,0,0,0,0,0,0,0,0,0,0,0,0,0,0,0,0,0,0,0,0,5,12,12,14,22,12,4,17,2,4,23,23,17,10,14,20,17,34,5,10,3,10,12,10,28,10,4,13,4,6,20,12,30,11,11,17,15,18,4,13,20,10,11,13,6,14,21,13,19,26,4,12,4,18,10,2,13,3,27,12,30,13,15,14,3,9,24,19,19,16,5,13,4,12,13,4,19,4,22,18
H,2023HU0005725,8,00400,4,56,1000000,1019518,150,2,1,1,1,,1,3,02,1,2,0,2,3,80,2,2,,4,100,1,1,9,1800,1,,,,,3,2,1,5,,,1,9,2,1,1,,1,1,1,2,,,,175000,2,3,150,2000,1,68800,4,,,1,9500,76,01,1,1,02,68800,0,4,4,4,1,1,1,6,0,2,0,0,0,8,0,1,9,0,0,2,2,3,463,,0,1,1450,0,09,09,0,0,0,0,0,0,0,0,0,0,0,0,0,0,0,0,0,0,0,0,0,0,0,0,0,0,0,0,0,0,0,0,0,0,0,0,0,0,0,0,0,0,0,0,0,0,0,0,0,0,0,0,0,0,0,0,0,137,44,141,229,242,192,170,179,146,135,101,46,49,56,166,264,134,40,196,53,135,253,168,49,61,63,161,175,118,128,125,234,238,197,154,53,138,251,159,233,142,47,180,234,294,231,120,126,163,112,136,38,39,45,169,298,142,39,167,63,143,289,188,47,30,43,178,155,130,162,136,306,242,248,156,47,165,256,138,232
H,2023HU0006143,8,00400,4,56,1000000,1019518,71,2,1,1,1,,1,2,02,1,2,0,2,3,50,2,3,1200,4,60,6,2,9,1600,1,,,,,3,2,1,7,,,1,9,1,1,1,,1,1,1,2,,,,300000,5,3,400,2000,1,63800,4,,,1,9500,62,01,1,1,02,63800,0,4,4,4,1,1,1,6,0,2,0,0,0,9,0,1,9,0,0,2,0,3,481,,0,1,1250,1,03,07,0,0,0,0,0,0,0,0,0,0,0,1,0,0,0,0,0,1,0,0,0,0,0,0,0,0,0,0,0,0,0,0,0,0,0,0,0,0,0,0,0,0,0,0,0,0,0,0,0,0,0,0,0,0,0,0,0,72,98,127,21,65,77,17,60,69,24,77,67,67,22,131,134,86,103,19,76,57,63,119,20,79,65,24,66,96,22,57,81,71,21,159,138,94,88,21,57,79,65,114,22,54,69,20,67,70,28,104,73,73,23,110,136,99,120,23,66,65,65,123,19,61,85,17,59,91,21,50,65,121,25,150,144,114,98,15,73
H,2023HU0006534,8,00500,4,56,1000000,1019518,104,1,1,3,2,1,1,3,01,,2,0,,3,80,2,2,,4,100,2,,9,0,2,100,,,,3,,1,5,,,1,9,,1,1,,1,2,1,2,,,,1000,2,3,1500,1990,,,,,,1,9500,80,01,1,4,09,9140,0,4,4,4,1,1,1,7,0,,0,0,0,42,0,1,9,0,0,1,1,1,320,,0,0,75,,,,0,0,0,0,0,0,0,0,0,0,1,0,1,1,1,0,0,0,0,0,1,0,0,1,0,0,0,0,1,0,0,0,0,0,0,0,0,0,0,0,0,1,0,0,0,0,0,1,0,0,0,0,0,1,0,1,0,164,29,104,156,152,192,73,79,105,78,91,40,35,40,97,118,135,30,94,216,89,31,134,165,207,176,97,155,83,108,105,20,42,25,70,197,126,37,102,33,115,144,98,32,28,35,108,131,109,101,80,168,219,166,79,31,91,136,104,24,104,154,123,33,28,30,105,120,119,88,99,159,163,156,121,58,143,155,118,188
H,2023HU0007495,8,00400,4,56,1000000,1019518,78,1,1,1,1,,1,5,02,1,2,0,2,3,110,2,2,,4,80,1,1,9,2600,1,,,,,3,2,1,10,,,1,9,2,1,1,,1,1,1,2,,,,480000,1,3,1500,1939,,,,,,1,9500,77,01,1,6,05,106000,0,4,4,4,1,1,1,5,0,,0,0,0,8,0,1,9,0,0,1,1,3,669,,0,1,1650,,,,0,0,0,0,0,0,1,0,0,0,0,0,0,0,0,0,0,0,0,0,0,0,0,0,0,0,0,0,0,0,0,0,0,0,0,0,0,0,0,0,0,0,0,0,0,0,0,0,0,0,0,0,0,0,0,0,0,30,75,23,72,138,100,105,23,72,117,138,60,71,51,73,60,29,98,93,132,124,91,129,70,21,57,30,163,75,26,33,80,100,92,46,101,166,82,20,25,25,106,37,86,108,74,140,17,85,171,134,78,78,71,83,80,20,77,109,85,116,73,116,62,26,63,25,137,67,21,25,68,78,78,68,86,106,78,26,17
H,2023HU0007743,8,00200,4,56,1000000,1019518,202,2,1,1,1,,1,3,01,1,2,0,2,3,120,1,2,,4,140,1,2,9,0,1,5000,,,,3,2,1,6,,,1,9,1,1,1,,1,2,1,2,,,,6000,1,3,320,1990,,21000,4,,,1,9500,69,01,1,3,07,21000,0,4,4,4,1,1,1,4,0,2,0,0,0,40,0,1,9,0,0,1,1,3,705,,0,0,25,1,13,13,0,0,0,0,0,0,0,0,0,0,0,1,0,0,0,0,0,1,0,0,0,0,0,0,0,0,0,0,0,0,0,0,0,0,0,0,0,0,0,0,0,1,0,0,0,0,0,1,0,0,0,0,0,1,0,1,0,165,309,189,72,198,289,63,164,271,307,323,203,195,208,224,213,57,73,60,373,210,358,220,72,225,160,55,214,263,357,327,177,184,226,180,217,96,67,58,349,201,294,214,65,218,171,62,153,241,420,295,173,217,226,191,236,68,70,98,282,179,376,188,75,182,186,64,270,320,235,367,239,232,204,183,229,61,60,52,291
H,2023HU0008289,8,00400,4,56,1000000,1019518,60,0,1,,,,1,2,05,,,,,,,,,,,,,,9,,,,,,,,,1,4,2,1300,1,9,,1,,,1,,,,1,,2,,,,,1939,,,,,,,,,,,,,,,,,,1,,,,,,,,,,,1,9,,,,,2,,,1,0,,,,,0,0,0,0,0,0,0,0,0,0,0,0,0,0,0,0,0,0,0,0,0,0,0,0,0,0,0,0,0,0,0,0,0,0,0,0,0,0,0,0,0,0,0,0,0,0,0,0,0,0,0,0,0,0,0,0,1,107,121,20,50,16,52,48,20,72,16,76,129,54,55,65,18,65,86,58,58,97,86,17,47,14,79,63,14,57,17,105,93,54,64,57,16,60,115,64,65,15,11,105,60,95,56,63,115,51,71,20,17,63,58,53,87,49,21,65,69,19,16,72,72,123,55,53,128,64,92,20,21,68,53,47,102,51,15,60,57
H,2023HU0009680,8,00400,4,56,1000000,1019518,210,1,1,1,3,1,1,4,01,1,2,,2,3,100,2,3,150,3,,6,1,9,,1,,,,,,2,1,9,,,1,9,2,1,1,,1,2,1,4,,,,,2,3,4,1990,,,,,,1,9500,86,01,1,4,09,3700,0,4,4,4,1,1,1,5,0,,0,0,0,,0,1,9,0,0,1,1,1,,,1,0,,,,,0,0,0,0,0,0,0,0,0,0,0,0,0,0,1,0,1,1,0,0,0,0,0,0,0,0,0,0,0,0,0,0,0,0,0,0,0,0,0,0,0,0,0,0,0,0,0,0,0,0,0,0,0,0,0,0,0,171,175,53,176,58,173,259,266,403,219,238,206,220,407,235,68,351,304,79,67,203,233,72,227,73,277,266,285,308,195,303,204,202,283,191,77,367,351,59,61,216,244,77,196,68,164,154,185,407,169,301,224,180,400,254,55,310,352,87,116,211,186,73,283,54,223,266,203,263,198,354,228,154,284,211,73,379,361,64,52
H,2023HU0010089,8,00100,4,56,1000000,1019518,177,2,1,1,,,1,2,05,1,2,,2,3,90,1,2,,4,90,3,1,9,,2,,,,,,2,1,5,2,370,1,9,2,1,1,,1,1,1,3,,,,,1,1,,2000,1,63350,4,550,10,1,9500,64,01,1,1,02,63350,0,4,4,4,1,1,1,2,0,2,0,0,0,,0,1,9,0,0,1,0,1,,,1,0,,1,08,07,0,0,0,0,0,0,0,0,0,0,0,1,0,1,1,1,0,1,0,0,0,0,0,0,0,0,0,0,0,0,0,0,0,0,0,0,0,0,0,0,0,0,0,0,0,0,0,0,0,0,0,0,0,0,0,0,1,122,300,190,181,208,181,322,253,221,45,62,258,292,53,122,286,56,61,200,151,116,218,201,232,222,173,281,191,187,59,63,320,340,62,138,248,53,49,185,187,143,53,177,167,205,193,75,199,148,352,258,49,55,292,154,55,315,220,195,157,198,58,164,144,176,176,76,158,166,294,249,43,74,350,147,55,316,243,220,175
H,2023HU0010142,8,00300,4,56,1000000,1019518,42,2,1,1,1,,1,3,03,1,2,,2,1,,2,2,,1,,3,1,9,,1,,,,,,2,1,13,2,1900,1,9,2,1,1,,1,1,1,3,,,,,1,1,,1939,1,135000,4,1900,17,1,9500,27,01,1,1,02,135000,0,4,4,4,1,1,1,1,0,2,0,0,0,,0,1,9,0,0,0,0,3,,,1,0,,2,04,01,0,0,0,0,0,0,0,0,0,0,0,0,0,0,0,0,0,0,0,0,0,0,0,0,0,0,0,0,0,0,0,0,0,0,0,0,0,0,0,0,0,0,0,0,0,0,0,0,0,0,0,0,0,0,0,0,0,15,14,14,14,59,38,38,13,77,48,40,67,41,40,72,43,32,49,71,45,78,69,71,73,12,31,46,69,18,48,50,10,28,31,12,42,49,39,14,34,78,74,99,73,13,42,32,51,11,40,56,12,38,41,10,43,53,47,11,29,11,13,17,11,63,42,44,13,58,40,47,73,35,40,86,54,41,61,82,39
H,2023HU0010307,8,00200,4,56,1000000,1019518,34,1,1,1,,,1,2,05,1,2,,2,3,40,1,2,,3,,3,2,9,,2,,,,,,2,1,6,2,500,1,9,2,1,1,,1,2,1,3,,,,,0,1,,1960,,,,540,59,1,9500,53,01,1,6,05,11000,0,4,4,4,1,1,1,3,0,,0,0,0,,0,1,9,0,0,0,0,3,,,1,0,,,,,0,0,0,0,0,0,0,0,0,0,0,0,0,0,0,0,0,0,0,0,0,0,0,0,0,0,0,0,0,0,0,0,0,0,0,0,0,0,0,0,0,0,0,0,0,0,0,0,0,0,0,0,0,0,0,0,0,49,15,15,17,12,24,10,67,14,29,27,26,29,8,9,27,37,14,34,27,52,50,39,54,74,68,27,48,42,57,68,41,31,30,27,60,55,30,56,11,27,21,14,14,10,23,8,40,14,41,34,27,29,11,9,31,22,9,34,27,41,38,69,50,39,65,49,56,25,64,68,42,52,25,33,58,58,38,57,10
H,2023HU0010589,8,00400,4,56,1000000,1019518,177,2,1,2,,,1,2,09,,2,,,1,,2,2,,1,,1,,9,,1,,,,,,,1,3,2,1300,1,9,,1,1,,1,2,1,3,,,,,0,1,,2010,,,,1300,101,1,9500,21,01,1,7,08,13400,0,4,4,4,1,1,1,1,0,,0,1,0,,0,1,9,0,0,0,0,3,,,1,0,,,,,0,0,0,0,0,0,0,0,0,0,0,0,0,0,0,0,0,0,0,0,0,0,0,0,0,0,0,0,0,0,0,0,0,0,0,0,0,0,0,0,0,0,0,0,0,0,0,0,0,0,0,0,0,0,0,0,0,313,50,151,189,167,55,175,250,148,52,53,201,144,62,338,172,497,294,190,208,67,313,163,220,134,245,194,101,211,328,336,154,150,274,60,198,46,52,157,189,370,68,164,155,225,32,165,384,161,65,68,141,158,45,381,192,304,257,167,148,51,254,146,229,212,270,242,62,166,233,297,184,168,362,40,176,74,59,263,182
H,2023HU0010642,8,00300,4,56,1000000,1019518,57,2,1,1,1,,1,5,02,1,2,0,2,3,340,2,2,,2,,1,1,9,1500,1,,1,1400,1,1,2,1,9,,,1,9,2,1,1,,1,2,1,1,,,,328000,2,3,1000,1960,,35600,4,,,3,1220,82,01,1,3,07,35600,0,4,4,4,1,1,1,2,0,2,0,0,0,61,0,1,9,0,0,1,1,3,1823,3,0,1,2050,0,15,15,0,0,0,0,0,0,0,0,0,0,0,0,0,0,0,0,0,0,0,0,0,0,0,0,0,0,0,0,0,0,0,0,0,0,0,0,0,0,0,0,0,0,0,0,0,0,0,0,0,0,0,0,0,0,0,0,0,16,73,57,52,15,80,16,65,67,86,107,64,20,114,67,59,48,56,12,15,46,16,13,107,56,49,56,111,60,46,63,16,51,60,98,25,85,103,58,72,14,53,54,47,16,86,20,69,77,88,100,50,19,91,59,61,72,60,14,16,53,16,12,84,63,57,60,96,62,44,61,17,55,50,95,20,81,118,80,77
H,2023HU0010770,8,00500,4,56,1000000,1019518,8,2,1,1,1,,1,3,01,1,2,0,2,3,130,2,2,,4,70,1,1,9,530,1,0,,,,3,2,1,5,,,1,9,2,1,1,,1,1,1,2,,,,200000,3,3,470,2000,,49710,4,,,1,9500,78,01,1,3,07,49710,0,4,4,4,1,1,1,3,0,2,0,0,0,10,0,1,9,0,0,1,1,2,396,,0,0,1350,1,15,15,0,0,0,0,0,0,0,0,0,0,0,0,0,0,0,0,0,0,0,0,0,0,0,0,0,0,0,0,0,0,0,0,0,0,0,0,0,0,0,0,0,0,0,0,0,0,0,0,0,0,0,0,0,0,0,0,0,8,10,8,4,8,13,7,2,1,7,6,2,13,11,15,12,7,13,2,9,10,8,8,3,8,16,8,3,3,7,9,2,16,8,11,16,9,14,2,6,11,8,8,2,8,15,9,3,3,8,9,2,14,5,13,15,10,12,2,11,6,8,8,3,8,13,9,3,2,8,8,3,10,8,17,12,7,15,3,8
H,2023HU0011334,8,00500,4,56,1000000,1019518,76,2,1,1,1,,1,3,02,1,2,0,2,3,60,2,2,,4,90,1,1,9,2400,1,,1,3200,1,1,2,1,7,,,1,9,2,1,2,,1,1,1,1,,,,3000000,4,3,80,2010,1,341000,4,,,1,9500,48,02,9,1,02,341000,0,4,4,4,1,1,1,5,0,2,0,0,0,12,0,1,9,0,0,0,0,3,3357,3,0,1,11500,2,01,01,0,0,0,0,0,0,0,0,0,0,0,0,0,0,0,0,0,0,0,0,0,0,0,0,0,1,0,0,0,0,0,0,0,0,0,0,0,0,0,0,0,1,0,0,0,0,0,0,0,0,0,0,0,0,0,0,0,129,123,161,26,76,101,132,55,67,87,75,56,21,51,115,31,62,37,92,67,22,101,43,155,64,20,24,76,113,70,124,80,69,97,25,89,87,98,58,36,98,63,100,19,112,94,123,69,59,85,53,68,47,89,130,42,57,20,111,89,23,58,16,133,67,32,27,73,93,75,74,78,152,83,22,98,91,209,64,41
H,2023HU0012634,8,00300,4,56,1000000,1019518,204,3,1,1,1,,1,4,03,1,2,0,2,3,200,2,2,,2,,1,1,9,1500,1,,1,1500,1,1,2,1,7,,,1,9,2,1,1,,1,1,1,1,,,,350000,3,3,1000,2020,1,133000,4,,,1,9500,60,01,1,1,02,133000,0,4,4,4,1,1,1,3,0,3,0,0,0,16,0,1,9,0,0,1,0,3,1783,3,0,1,3350,2,08,03,0,0,0,0,0,0,0,0,0,0,0,0,0,0,0,0,0,0,0,0,0,0,0,0,0,0,0,0,0,0,0,0,0,0,0,0,0,0,0,0,0,0,0,0,0,0,0,0,0,0,0,0,0,0,0,0,0,71,258,223,242,194,137,316,420,434,202,68,233,298,173,198,357,152,53,71,77,71,234,185,270,170,213,317,340,418,183,67,180,236,175,188,316,184,50,61,48,69,213,225,227,200,174,319,310,278,164,64,202,337,162,228,414,232,69,58,53,71,210,233,194,168,195,317,388,341,194,55,262,340,167,241,366,209,72,60,58
H,2023HU0012882,8,00400,4,56,1000000,1019518,63,2,1,1,3,1,1,4,02,2,2,0,1,3,70,2,3,20,4,210,2,2,9,6600,1,,1,1900,1,1,2,1,11,,,1,9,2,1,2,,1,2,1,1,,,,475000,3,2,,1970,,106900,4,,,1,9500,77,01,1,3,07,106900,0,4,4,4,1,1,1,7,0,2,0,0,0,24,0,1,9,0,0,1,1,3,2182,3,0,0,2150,1,15,15,0,0,0,0,0,0,1,0,0,0,0,0,0,1,0,0,0,0,0,0,0,0,0,0,0,0,0,0,0,0,0,0,0,0,0,0,0,0,0,0,0,1,0,0,0,0,0,0,0,0,0,0,0,0,0,0,0,115,50,18,15,17,79,51,67,135,55,90,117,121,76,14,41,116,61,66,126,15,70,89,92,118,56,58,74,60,72,22,36,28,78,80,57,22,50,57,45,80,50,23,22,17,64,68,75,115,94,63,140,88,90,18,52,75,46,110,99,18,41,67,98,115,64,58,48,77,63,17,26,18,83,109,58,21,50,78,21
H,2023HU0013839,8,00500,4,56,1000000,1019518,17,0,1,,1,,1,3,01,,,,,,,,,,,,,,9,,,,,,,,,1,6,,,1,9,,1,,,1,,,,7,,5,,,,,1990,,,,,,,,,,,,,,,,,,1,,,,,,,,,,,1,9,,,,,2,,,0,0,,,,,0,0,0,0,1,0,0,0,0,0,0,0,0,0,0,0,0,0,0,0,0,0,0,0,0,0,0,0,0,0,0,0,0,1,0,0,0,0,0,0,0,0,0,0,0,0,0,0,0,0,1,0,0,0,0,0,1,26,35,15,17,30,32,13,28,30,15,16,18,15,30,19,28,19,29,24,23,4,5,18,17,6,4,16,4,5,15,12,14,18,4,15,4,18,6,6,23,29,28,14,23,24,26,17,28,23,17,18,15,16,28,13,29,18,27,28,11,6,6,16,20,4,4,15,5,5,19,17,18,17,5,16,6,14,5,5,16
H,2023HU0013918,8,00300,4,56,1000000,1019518,74,2,1,1,1,,1,3,02,1,2,0,2,3,220,2,2,,4,50,1,1,9,2100,1,,1,1600,1,1,2,1,7,,,1,9,2,1,1,,1,1,1,1,,,,340000,2,3,400,1950,3,,,,,1,9500,33,01,1,7,04,113010,0,4,4,4,1,1,1,3,0,,0,1,0,20,4,1,9,0,0,0,0,1,1903,3,0,1,1650,,,,0,0,0,0,0,0,0,0,0,0,0,0,0,0,0,0,0,0,0,0,0,0,0,0,0,0,0,0,0,0,0,0,0,0,0,0,0,0,0,0,0,0,0,0,0,0,0,0,0,0,0,0,0,0,0,0,0,25,20,72,24,133,64,66,70,151,100,19,122,128,81,97,68,134,27,67,83,113,110,70,101,24,71,81,89,26,78,114,57,21,19,63,86,25,127,74,79,98,114,87,127,25,77,99,63,19,67,178,72,23,26,90,73,22,89,54,83,34,27,71,23,128,98,67,63,143,76,20,56,97,151,73,70,116,21,72,70
H,2023HU0015229,8,00400,4,56,1000000,1019518,266,4,1,1,2,1,1,3,01,1,2,0,2,3,80,2,2,,4,80,1,1,9,0,1,5000,,,,3,2,1,5,,,1,9,2,1,1,,1,1,1,2,,,,50000,3,3,960,1960,1,111000,2,,,3,1110,38,01,1,1,01,111000,0,2,2,2,1,1,1,4,2,4,0,0,2,8,0,1,9,0,1,0,0,2,761,,0,0,1250,2,01,01,0,0,0,0,0,0,0,0,0,0,0,0,0,0,0,0,0,0,0,0,1,0,0,1,0,0,0,0,0,0,0,0,0,0,0,0,0,0,0,0,0,1,0,0,0,0,0,0,0,0,0,0,0,0,0,0,0,341,495,423,430,213,306,334,206,347,199,64,66,173,444,287,72,308,201,113,299,325,501,451,409,263,268,217,197,261,119,76,117,183,344,356,91,331,231,93,554,250,388,391,344,245,260,327,314,334,94,107,109,261,379,239,73,255,282,103,432,205,380,388,438,290,232,274,312,220,74,117,76,286,480,232,108,180,240,98,365
H,2023HU0016355,8,00400,4,56,1000000,1019518,58,4,1,1,3,1,1,4,02,1,2,0,2,3,220,2,3,300,4,500,2,1,9,0,2,,1,1600,1,1,2,1,12,,,1,9,2,1,1,,1,2,1,1,,,,600000,3,2,,1980,1,90000,3,,,1,9500,36,01,1,1,01,90000,0,3,3,3,1,1,1,4,2,4,0,0,2,31,0,1,9,0,1,0,0,3,2345,3,0,0,0,2,01,01,0,0,0,0,0,0,0,0,0,0,0,1,0,0,0,0,0,1,0,0,0,0,0,0,0,0,0,0,0,0,0,0,0,0,0,0,0,0,0,0,0,0,0,0,0,0,0,0,0,0,0,0,0,0,0,0,0,39,44,13,42,53,53,41,17,98,85,118,108,20,21,91,53,24,97,78,46,43,68,22,64,56,57,59,16,56,82,101,102,17,17,88,69,28,120,69,51,39,51,112,61,62,57,56,87,50,95,25,17,109,120,18,70,147,16,12,46,55,46,70,57,70,59,49,111,76,73,21,13,90,115,19,78,106,15,17,57
H,2023HU0016752,8,00100,4,56,1000000,1019518,28,2,1,1,3,1,1,3,02,1,2,,2,1,,2,2,,1,,3,2,9,,1,,,,,,2,1,7,,,1,9,1,1,1,,1,1,1,4,,,,,2,2,,1990,1,63000,4,,,1,9500,49,01,1,1,02,63000,0,4,4,4,1,1,1,4,0,2,0,0,0,,0,1,9,0,0,0,0,3,,,0,0,,2,01,01,0,0,0,0,0,0,0,0,0,0,0,0,0,0,0,0,0,0,0,0,0,0,0,0,0,0,0,0,0,0,0,0,0,0,0,0,0,0,0,0,0,0,0,0,0,0,0,0,0,0,0,0,0,0,0,0,0,21,30,21,47,12,19,8,27,7,14,9,5,49,39,6,7,27,13,8,50,45,47,40,86,31,54,28,39,36,45,42,21,50,46,19,34,37,23,22,40,29,19,25,27,7,32,6,23,13,9,10,9,37,32,7,8,30,7,7,57,46,50,35,49,34,46,27,44,31,33,25,40,60,45,30,19,48,44,26,29
H,2023HU0017181,8,00500,4,56,1000000,1019518,114,3,1,1,1,,1,2,01,1,2,0,2,3,60,2,2,,4,130,1,1,9,0,1,4000,,,,3,2,1,3,,,1,9,1,1,1,,1,1,1,2,,,,20000,3,3,1200,1970,1,71200,2,,,2,1200,45,02,8,1,01,71200,0,2,2,2,1,1,1,5,1,3,0,0,1,11,0,1,9,0,1,0,0,3,630,,0,0,75,3,01,01,0,0,0,0,0,0,0,0,0,0,0,0,0,0,1,0,0,0,0,0,0,0,0,0,0,0,0,0,0,0,0,0,0,0,0,0,0,0,0,0,0,1,0,0,0,0,0,0,0,0,0,0,0,0,0,1,0,158,130,131,92,36,38,152,113,204,223,40,225,109,194,173,45,39,135,307,33,26,158,136,44,114,45,30,116,49,123,141,104,140,135,151,125,80,185,141,118,94,108,105,150,61,29,157,162,202,206,58,185,125,231,152,45,38,158,236,30,46,144,164,29,112,85,34,78,41,123,104,124,140,87,157,104,109,113,100,85
H,2023HU0019560,8,00500,4,56,1000000,1019518,114,2,1,1,2,1,1,2,02,1,2,0,2,3,130,2,2,,4,160,1,1,9,0,1,,,,,3,2,1,4,,,1,9,2,1,1,,1,1,1,2,,,,200000,3,3,240,1940,1,84600,4,,,1,9500,66,01,1,1,02,84600,0,4,4,4,1,1,1,4,0,2,0,0,0,7,0,1,9,0,0,2,2,3,481,,0,1,2050,2,04,01,0,0,0,0,0,0,1,0,0,0,0,0,0,0,0,0,0,0,0,0,0,0,0,0,0,0,0,0,0,0,0,0,0,0,0,0,0,0,0,0,0,0,0,0,0,0,0,0,0,0,0,0,0,0,0,0,0,113,41,26,29,36,162,31,88,44,104,84,115,181,35,26,99,86,30,99,167,227,120,116,128,106,121,115,191,95,182,178,157,235,106,99,231,166,108,207,44,134,34,32,41,35,85,46,146,24,118,97,121,145,39,35,83,117,37,96,163,220,101,115,137,147,181,100,184,85,139,169,216,266,91,102,209,137,80,159,50
H,2023HU0020041,8,00100,4,56,1000000,1019518,343,1,1,1,,,1,3,05,1,2,,2,1,,2,2,,3,,3,1,9,,1,,,,,,2,1,5,2,1000,1,9,2,1,1,,1,2,1,3,,,,,1,1,,2000,,,,1000,25,1,9500,30,01,1,4,09,48000,0,4,4,4,1,1,1,1,0,,0,0,0,,0,1,9,0,0,0,0,3,,,1,0,,,,,0,0,0,0,0,0,0,0,0,0,0,0,0,0,0,0,0,0,0,0,0,0,0,0,0,0,0,0,0,0,0,0,0,0,0,0,0,0,0,0,0,0,0,0,0,0,0,0,0,0,0,0,0,0,0,0,0,599,383,150,97,244,370,312,367,416,338,344,155,572,554,546,300,122,390,112,443,555,462,106,78,416,384,270,421,352,425,474,159,516,454,506,273,120,474,157,631,387,289,101,189,547,544,393,319,295,546,303,97,485,233,521,412,116,443,126,909,506,325,149,194,465,423,296,390,378,391,273,89,378,255,445,407,203,328,108,438
H,2023HU0020238,8,00300,4,56,1000000,1019518,175,2,1,1,1,,1,3,03,1,2,90,2,3,80,2,2,,3,,3,1,9,1800,1,,1,1400,1,1,2,1,5,,,1,9,2,1,1,,1,2,1,1,,,,290000,1,3,960,2000,,45000,2,,,1,9500,35,01,1,3,06,45000,0,2,2,2,1,1,1,2,1,2,0,0,1,44,0,1,9,0,1,0,0,3,1650,3,0,1,1250,1,13,13,0,0,0,0,0,0,0,0,1,0,0,0,0,0,0,0,0,0,0,0,0,0,0,0,0,0,0,0,0,0,0,0,0,0,0,0,0,0,0,0,0,1,0,0,0,0,0,0,0,0,0,0,0,0,0,0,0,147,204,253,257,288,212,35,123,213,161,151,324,207,57,50,63,187,196,174,49,156,231,340,277,292,206,51,160,298,191,149,313,155,64,76,67,261,194,191,288,156,196,44,60,49,146,321,214,62,225,165,57,131,266,262,251,164,137,169,346,248,190,56,61,48,129,276,208,64,270,126,56,183,279,347,271,151,133,201,44
H,2023HU0020359,8,00300,4,56,1000000,1019518,144,0,1,,,,1,2,08,,,,,,,,,,,,,,9,,,,,,,,,1,4,2,890,1,9,,1,,,2,,,,6,,2,,,,,1960,,,,,,,,,,,,,,,,,,2,,,,,,,,,,,1,9,,,,,2,,,1,0,,,,,0,0,0,0,0,0,0,0,0,0,0,0,0,0,0,0,0,0,0,0,0,1,0,0,0,0,0,0,0,0,0,0,1,0,0,1,0,0,0,0,0,0,0,0,0,0,0,0,0,0,0,0,0,0,0,0,0,205,49,148,127,173,49,166,234,130,43,42,120,146,58,256,133,236,235,141,139,42,241,125,142,146,287,145,32,122,247,233,138,145,281,44,152,45,40,150,148,41,265,150,154,177,213,162,44,127,235,257,141,151,240,48,145,44,41,132,156,222,35,175,178,107,42,138,229,126,41,47,148,143,43,221,138,234,249,144,149
H,2023HU0020400,8,00200,4,56,1000000,1019518,79,2,1,1,3,3,1,4,02,1,2,0,2,3,300,2,2,,2,,2,2,9,2300,1,,1,2000,1,1,2,1,8,,,1,9,1,1,1,,1,2,1,1,,,,400000,2,2,,1990,1,325100,4,,,1,9500,59,01,9,1,02,325100,0,4,4,4,1,1,1,3,0,2,0,0,0,8,0,1,9,0,0,1,1,3,2300,3,0,0,2150,2,02,02,0,0,0,0,0,0,0,0,0,0,0,0,0,0,0,0,0,0,0,0,0,0,0,0,0,0,0,0,0,0,0,0,0,0,0,0,0,0,0,0,0,0,0,0,0,0,0,0,0,0,0,0,0,0,0,0,0,25,100,160,129,68,101,86,21,21,24,108,89,71,78,78,128,127,150,81,97,170,87,20,82,65,31,92,144,133,120,90,64,61,74,88,22,17,23,79,22,24,65,121,82,95,135,83,21,18,24,79,91,83,82,89,145,131,113,86,134,130,77,31,81,77,23,76,148,203,108,66,82,69,90,75,25,26,17,89,20
H,2023HU0020591,8,00500,4,56,1000000,1019518,18,0,1,,1,,1,2,02,,,,,,,,,,,,,,9,,,,,,,,,1,4,,,1,9,,1,,,1,,,,7,7,7,,,,,1939,,,,,,,,,,,,,,,,,,1,,,,,,,,,,,1,9,,,,,2,,,0,0,,,,,0,1,0,0,0,0,0,0,0,0,0,0,0,0,0,0,0,0,0,0,0,0,0,0,0,0,0,0,0,0,0,0,0,0,0,0,0,0,0,0,0,0,0,0,0,0,0,0,0,0,0,0,0,0,0,0,0,16,30,40,31,19,22,16,17,17,5,5,5,18,27,17,6,20,23,4,4,20,6,5,3,21,18,13,17,18,30,32,27,16,6,15,31,21,14,28,4,16,4,6,6,20,19,15,22,17,27,36,31,17,4,15,28,18,18,34,31,19,34,28,35,18,15,18,16,18,5,4,5,17,33,18,6,17,22,5,26
H,2023HU0021165,8,00500,4,56,1000000,1019518,104,4,1,1,2,4,1,3,02,1,2,0,2,3,90,2,2,,4,50,1,1,9,1900,1,,2,720,2,2,2,1,6,,,1,9,2,1,1,,1,1,1,1,,,,200000,3,3,840,1970,1,66500,2,,,1,9500,39,01,1,1,01,66500,0,2,2,2,1,1,1,4,2,4,0,0,2,24,0,1,9,0,1,0,0,2,1343,3,0,1,3050,2,02,01,0,0,0,0,0,0,0,0,0,0,0,0,0,0,0,0,0,0,0,0,0,0,0,0,0,0,0,0,0,0,0,0,0,0,0,0,0,0,0,0,0,1,0,0,0,0,0,1,0,0,0,0,0,0,0,0,0,46,114,49,93,28,112,112,103,105,27,32,102,110,23,95,97,36,34,31,109,102,172,95,153,102,144,159,165,145,137,106,150,161,104,189,183,139,119,125,171,161,92,168,133,171,118,137,112,98,149,143,125,93,205,155,91,138,152,174,121,87,29,103,32,103,39,35,40,25,83,114,29,36,151,29,30,119,92,104,27
H,2023HU0021710,8,00200,4,56,1000000,1019518,11,1,1,1,1,,1,5,02,1,2,,2,3,100,2,3,500,3,,5,1,9,,1,,,,,,2,1,9,,,1,9,2,1,1,,1,2,1,4,,,,,3,3,750,1939,,,,,,1,9500,61,01,1,4,09,134000,0,4,4,4,1,1,1,4,0,,0,0,0,,0,1,9,0,0,1,0,1,,,1,0,,,,,0,0,0,0,0,0,0,0,0,0,0,0,0,0,1,0,0,1,0,0,0,0,0,0,0,0,0,0,0,0,0,0,0,0,0,0,0,0,0,0,0,0,0,0,0,0,0,0,0,0,0,0,0,0,0,0,0,6,13,16,12,11,15,11,5,6,4,11,12,18,14,12,17,19,26,15,3,4,12,21,12,14,23,15,3,1,3,14,10,11,13,15,35,23,19,14,22,20,10,1,12,16,2,8,20,29,27,14,18,14,15,12,2,3,3,15,18,21,9,3,11,19,4,13,25,16,12,10,16,11,13,15,3,3,4,11,3
H,2023HU0021895,8,00100,4,56,1000000,1019518,107,1,1,1,,,1,1,07,1,2,,2,3,90,1,2,,3,,3,1,9,,2,,,,,,2,1,3,2,640,1,9,2,1,1,,1,2,1,3,,,,,1,1,,2020,,,,730,33,1,9500,70,01,9,6,05,26400,0,4,4,4,1,1,1,3,0,,0,0,0,,0,1,9,0,0,1,1,3,,,1,0,,,,,0,0,0,0,0,0,0,0,0,0,0,0,0,0,0,0,0,0,0,0,0,0,0,0,0,0,0,0,0,0,0,0,0,0,0,0,0,0,0,0,0,0,0,0,0,0,0,0,0,0,0,0,0,0,0,0,0,307,124,157,162,31,103,216,94,91,251,127,26,32,35,92,76,122,92,125,45,136,86,153,100,35,87,189,139,113,103,96,34,42,32,89,123,117,98,112,135,32,27,41,126,118,84,40,120,77,38,141,153,205,169,58,106,102,128,170,199,28,38,41,112,132,98,30,97,157,29,67,179,137,228,138,71,119,125,120,24
H,2023HU0022723,8,00400,4,56,1000000,1019518,125,2,1,1,1,,1,3,02,1,2,0,2,3,150,2,2,,4,40,1,1,9,1500,1,,2,1300,1,1,2,1,6,,,1,9,2,1,1,,1,1,1,1,,,,200000,2,3,800,1950,1,120000,4,,,1,9500,38,01,1,1,02,120000,0,4,4,4,1,1,1,4,0,2,0,0,0,17,0,1,9,0,0,0,0,3,1682,3,0,1,1250,2,01,01,0,0,0,0,0,0,0,0,0,0,0,0,0,0,0,0,0,0,0,0,0,0,0,0,0,0,0,0,0,0,0,0,0,0,0,0,0,0,0,0,0,0,0,0,0,0,0,1,0,0,0,0,0,0,0,0,0,57,37,33,153,37,154,34,131,143,139,140,33,35,104,121,43,89,113,35,127,145,118,155,211,127,231,148,229,177,243,137,109,125,165,193,139,239,198,136,34,37,29,34,152,51,184,51,138,126,178,119,49,38,98,119,30,128,114,29,133,134,102,106,154,156,217,129,212,178,235,227,153,106,203,231,113,164,176,162,36
H,2023HU0022794,8,00200,4,56,1000000,1019518,10,1,1,1,1,,1,3,02,1,2,0,2,3,190,2,2,,4,220,2,1,9,1500,1,,1,620,1,1,2,1,7,,,1,9,2,1,1,,1,1,1,1,,,,290000,2,3,1200,2000,,,,,,1,9500,71,01,1,4,09,4800,0,4,4,4,1,1,1,6,0,,0,0,0,101,0,1,9,0,0,1,1,1,1130,3,0,1,0,,,,0,0,0,0,0,0,0,0,0,0,0,0,0,1,0,0,0,0,0,0,0,0,0,0,0,0,0,0,0,0,0,0,0,0,0,0,0,0,0,0,0,1,0,0,0,0,0,0,0,0,0,0,0,0,0,0,0,11,9,16,7,9,3,3,14,16,2,11,14,2,3,15,10,15,6,10,10,7,7,17,7,10,3,3,16,15,4,8,13,3,3,12,13,18,8,11,11,10,9,3,7,10,13,15,3,3,23,9,1,11,16,16,11,3,10,8,10,10,9,3,8,7,16,18,4,3,13,8,3,17,13,12,12,1,10,10,8
H,2023HU0023231,8,00200,4,56,1000000,1019518,306,0,1,,1,,1,2,01,,,,,,,,,,,,,,9,,,,,,,,,1,4,2,700,1,9,,1,,,1,,,,3,,1,,,,,1960,,,,,,,,,,,,,,,,,,1,,,,,,,,,,,1,9,,,,,2,,,1,0,,,,,0,0,0,0,0,0,0,0,0,0,0,0,0,0,0,0,0,0,0,0,0,0,0,0,0,0,0,0,0,0,0,0,0,0,0,1,0,0,0,0,0,0,0,0,0,0,0,0,0,0,0,0,0,0,0,0,0,280,87,368,318,93,96,371,297,294,338,278,426,308,123,468,396,611,288,117,493,292,93,431,344,127,75,334,382,325,303,297,500,305,109,505,242,385,264,92,85,370,495,102,280,502,406,297,389,315,323,338,120,277,447,108,257,87,256,500,113,325,491,88,278,350,508,446,322,322,324,286,99,257,449,89,330,112,363,554,644
H,2023HU0023619,8,00500,4,56,1000000,1019518,111,3,1,1,1,,1,5,02,1,2,0,2,3,60,2,2,,4,80,1,1,9,880,1,,,,,3,2,1,10,,,1,9,2,1,1,,1,1,1,2,,,,350000,3,3,840,1970,,86600,4,,,1,9500,76,01,1,3,07,100000,0,4,4,4,1,1,1,4,0,2,0,1,0,6,0,1,9,0,0,1,1,3,463,,0,1,2150,1,15,15,0,0,0,0,0,0,0,0,0,0,0,0,0,0,0,0,0,0,0,0,0,0,0,0,0,0,0,0,0,0,0,0,0,0,0,0,0,0,0,0,0,0,0,0,0,0,0,0,0,0,0,0,0,0,0,0,0,28,40,159,106,29,219,177,97,95,35,126,97,107,91,31,155,107,191,153,93,217,151,31,89,183,40,42,98,139,341,118,114,143,153,143,93,174,34,44,93,119,137,44,90,200,42,36,92,76,179,140,91,120,93,152,115,115,38,42,153,37,29,166,125,29,194,228,129,108,39,127,154,109,114,33,141,104,164,192,78
H,2023HU0024196,8,00100,4,56,1000000,1019518,25,2,1,1,2,1,1,4,02,1,2,0,2,3,310,2,2,,3,,3,1,9,2500,1,,1,1800,1,1,2,1,10,,,1,9,2,1,1,,1,1,1,1,,,,400000,2,3,860,1990,1,237110,4,,,1,9500,67,01,8,1,02,237110,0,4,4,4,1,1,1,4,0,2,0,0,0,11,0,1,9,0,0,1,1,3,2182,3,0,1,2050,0,09,09,0,0,0,0,0,0,0,0,0,0,0,0,0,0,0,0,0,0,0,0,0,0,0,0,0,1,0,0,0,0,0,0,0,0,0,0,0,0,0,0,0,1,0,0,0,0,0,0,0,0,0,0,0,0,0,0,0,54,5,6,32,7,23,19,47,23,52,23,35,25,25,7,32,28,6,39,44,28,33,26,34,29,10,41,22,32,29,8,24,8,30,21,9,6,27,26,28,48,10,10,21,6,28,20,43,29,39,27,49,23,21,8,27,22,9,45,34,19,29,31,35,39,8,31,23,34,28,8,22,9,28,21,9,8,29,22,21
H,2023HU0024231,8,00200,4,56,1000000,1019518,9,1,1,1,1,,1,3,02,2,2,0,2,3,130,2,2,,4,140,2,1,9,1100,1,,1,590,1,1,2,1,9,,,1,9,2,1,1,140,1,2,1,1,,,,195000,2,3,430,1950,,,,,,1,9500,83,01,1,4,09,51200,0,4,4,4,1,1,1,7,0,,0,0,0,24,0,1,9,0,0,1,1,1,1036,2,0,1,925,,,,0,0,0,0,0,0,0,0,0,0,0,0,0,0,0,0,1,0,0,0,1,0,0,0,0,0,0,0,0,0,0,0,0,0,0,0,0,0,0,0,0,0,0,0,0,0,0,1,0,0,0,0,0,0,0,0,0,15,9,17,11,12,14,9,2,20,14,3,8,10,2,12,3,6,9,10,1,13,9,17,8,9,21,11,3,21,19,4,9,8,3,12,3,12,9,9,17,3,15,1,11,14,3,8,15,1,3,13,11,9,14,13,20,9,8,8,11,3,13,3,6,8,3,9,13,2,3,17,11,9,16,10,16,12,13,12,3
H,2023HU0024581,8,00200,4,56,1000000,1019518,10,1,1,1,1,,1,3,02,1,2,0,2,3,300,2,2,,3,,3,2,9,2300,1,,,,,3,2,1,8,,,1,9,2,1,1,,1,1,1,2,,,,189000,3,3,100,1970,,,,,,1,9500,74,01,1,6,05,62600,0,4,4,4,1,1,1,5,0,,0,0,0,12,0,1,9,0,0,1,1,1,604,,0,1,1250,,,,0,0,0,0,0,0,0,0,0,0,0,0,0,0,0,0,0,0,0,0,0,0,0,0,0,0,0,0,0,0,0,0,0,0,0,0,0,0,0,0,0,0,0,0,0,0,0,0,0,0,0,0,0,0,0,0,0,10,3,16,17,3,11,8,3,11,3,9,9,8,16,11,16,10,10,14,3,11,2,18,21,1,10,10,3,11,3,7,7,9,14,9,16,9,10,16,3,6,3,18,18,3,8,7,3,9,3,8,11,9,12,9,21,11,11,15,3,8,3,14,13,4,9,11,3,11,4,12,12,7,10,8,18,15,17,21,3
H,2023HU0026564,8,00400,4,56,1000000,1019518,120,2,1,1,1,,1,4,02,1,2,0,2,3,50,2,2,,4,80,1,1,9,0,2,,1,1200,1,1,2,1,8,,,1,9,2,1,1,,1,1,1,1,,,,200000,1,3,70,1970,,73600,2,,,1,9500,33,01,1,3,06,73600,0,2,2,2,1,1,1,3,1,2,0,0,1,22,0,1,9,0,1,0,0,3,1336,3,0,1,1850,1,13,13,0,0,0,0,0,0,0,0,0,0,0,1,0,0,0,0,0,1,0,0,0,0,0,0,0,0,0,0,0,0,0,0,0,0,0,0,0,0,0,0,0,0,0,0,0,0,0,0,0,0,0,0,0,0,0,0,0,92,91,40,94,149,50,45,228,162,139,248,136,170,61,94,104,35,123,29,48,124,143,221,129,44,237,210,49,125,131,29,160,33,79,104,110,259,156,182,272,110,168,52,92,181,56,38,232,129,132,216,127,166,136,91,101,46,166,40,34,99,107,188,133,27,175,240,42,139,117,35,135,38,108,124,96,142,103,159,184
H,2023HU0026850,8,00100,4,56,1000000,1019518,127,4,1,3,1,,1,3,02,,2,,,3,260,1,2,,3,,3,,9,,1,,,,,,,1,5,2,1300,1,9,,1,1,,1,2,1,3,,,,,2,1,,2000,3,20000,1,1560,47,2,1200,28,02,9,3,03,40000,0,1,1,1,1,2,1,1,2,3,0,1,2,,4,1,9,0,1,0,0,2,,,1,0,,1,13,13,0,0,0,0,0,0,0,0,0,0,0,0,0,0,0,1,0,0,0,0,0,0,0,0,0,0,0,0,0,0,0,0,0,0,0,1,0,0,0,0,0,0,0,0,0,0,0,0,0,0,0,0,0,0,0,0,1,37,38,129,191,155,45,197,108,53,173,302,313,214,75,212,231,146,203,48,30,129,125,103,57,147,115,135,115,167,122,54,48,27,151,160,110,95,136,182,214,31,57,89,248,194,32,177,125,41,165,296,269,196,86,159,238,124,210,52,30,178,153,126,32,111,138,143,134,210,143,42,61,33,84,149,108,120,98,148,177
H,2023HU0028148,8,00500,4,56,1000000,1019518,19,0,1,,2,,1,1,02,,,,,,,,,,,,,,9,,,,,,,,,1,3,,,2,9,,1,,,1,,,,7,7,7,,,,,1980,,,,,,,,,,,,,,,,,,1,,,,,,,,,,,2,9,,,,,2,,,0,0,,,,,0,0,0,0,0,0,0,0,0,0,0,0,0,0,0,0,0,0,0,0,0,0,0,0,0,0,0,0,0,0,0,0,0,0,0,0,0,0,0,0,0,0,0,0,0,0,0,0,0,0,0,0,0,0,0,0,0,5,5,5,24,6,21,6,17,22,27,16,4,7,16,18,6,18,19,5,20,18,19,17,33,18,33,18,34,33,29,37,16,18,34,29,18,35,30,21,35,28,34,30,14,30,16,34,24,21,16,20,32,29,19,21,39,21,17,36,20,20,20,20,4,23,6,18,6,6,5,5,16,20,5,5,20,7,6,17,5
H,2023HU0028975,8,00400,4,56,1000000,1019518,73,2,1,1,1,,1,3,02,1,2,0,2,3,90,2,3,120,4,80,1,1,9,1200,1,,,,,3,2,1,8,,,1,9,2,1,1,,1,1,1,2,,,,350000,2,3,600,1970,1,149400,4,,,1,9500,61,01,1,1,02,149400,0,4,4,4,1,1,1,6,0,2,0,0,0,5,0,1,9,0,0,2,0,1,626,,0,1,3550,2,02,01,0,0,0,0,0,0,0,0,0,0,0,0,0,1,0,0,0,0,0,0,0,0,0,0,0,0,0,0,0,0,0,0,0,0,0,0,0,0,0,0,0,1,0,0,0,0,0,0,0,0,0,0,0,0,0,0,0,32,73,67,29,68,19,81,127,88,67,73,31,68,126,79,122,136,21,74,67,19,80,56,23,92,18,181,141,63,75,72,20,57,125,82,103,114,20,77,86,120,62,72,141,66,142,24,24,73,84,59,131,85,18,70,19,30,132,55,74,112,93,69,103,59,126,29,19,82,88,71,93,64,23,86,25,19,128,75,81
H,2023HU0029926,8,00300,4,56,1000000,1019518,17,1,1,1,1,,1,3,02,2,2,0,2,3,110,2,3,1300,4,30,1,1,9,5100,1,,,,,3,2,1,8,,,1,9,2,1,1,,1,2,1,2,,,,150000,2,3,650,1950,,,,,,1,9500,83,01,1,6,05,34300,0,4,4,4,1,1,1,7,0,,0,0,0,28,0,1,9,0,0,1,1,1,796,,0,1,825,,,,0,0,0,0,0,0,1,0,0,1,0,0,0,0,0,0,0,0,1,0,0,0,0,0,0,0,0,0,0,1,0,0,0,0,0,0,0,0,1,0,0,0,0,0,0,0,0,0,0,0,0,0,0,0,0,0,0,15,5,20,6,16,18,5,16,26,4,5,30,17,15,27,19,33,19,15,29,16,5,16,5,13,12,5,21,31,5,4,24,19,24,32,26,29,19,18,6,13,31,16,21,15,13,29,15,5,26,34,5,16,17,5,19,7,17,15,4,21,33,19,28,16,17,26,18,6,29,33,4,15,18,5,17,5,16,18,33
H,2023HU0030246,8,00200,4,56,1000000,1019518,101,2,1,2,2,1,1,3,01,,2,0,,3,140,2,3,60,3,,3,,9,2000,1,0,1,900,1,1,,1,4,,,1,9,,1,1,,1,1,1,1,,,,220000,1,2,,2000,1,71450,4,,,1,9500,76,01,1,1,02,71450,0,4,4,4,1,1,1,3,0,2,0,0,0,18,0,1,9,0,0,2,2,3,1045,3,0,0,2550,0,09,09,0,0,0,0,0,0,0,0,0,0,0,0,0,0,0,0,0,0,0,0,0,0,0,0,0,0,0,0,0,0,0,0,0,0,0,0,0,0,0,0,0,0,0,0,0,0,0,0,0,0,0,0,0,0,0,0,0,117,93,160,209,35,25,193,111,23,200,164,88,86,39,122,94,104,107,37,92,92,110,190,151,32,37,164,80,30,154,184,95,119,39,97,120,103,95,24,71,101,144,33,29,180,196,29,96,184,27,37,79,92,144,81,93,106,141,168,86,148,83,25,43,154,166,29,100,182,38,26,98,105,182,120,134,146,110,167,92
H,2023HU0030719,8,00100,4,56,1000000,1019518,147,6,1,2,1,,1,4,02,,1,0,,3,380,2,2,,4,40,3,,9,2000,1,,2,5300,1,1,,1,8,,,1,9,,1,1,130,1,1,1,1,,,,2400000,3,3,30,1970,1,317300,2,,,2,1200,42,02,9,1,01,317300,1,2,2,2,1,1,2,3,2,6,0,0,2,23,0,1,9,0,1,1,1,3,6019,2,0,1,12500,3,01,01,0,0,0,0,0,0,0,0,0,0,0,1,0,0,0,0,0,1,0,0,0,0,0,0,0,0,0,0,0,0,0,0,0,0,0,0,0,0,0,0,0,0,0,0,0,0,0,0,0,0,0,0,0,0,0,0,0,35,109,150,50,165,100,343,311,155,108,155,70,122,236,238,216,192,53,123,121,51,168,129,41,139,66,311,204,126,208,143,54,138,196,176,251,206,45,134,145,235,140,122,233,159,373,41,58,170,100,113,402,138,57,215,37,34,262,161,114,274,164,108,181,141,336,65,111,176,100,118,242,116,47,202,50,31,192,166,160
H,2023HU0031770,8,00500,4,56,1000000,1019518,71,4,1,1,1,,1,3,01,1,2,,2,3,350,2,2,,4,50,1,1,9,,2,,,,,,2,1,5,2,1200,1,9,2,1,1,,1,2,1,3,,,,,3,1,,2010,3,59000,1,1600,27,1,9500,21,01,1,2,03,72000,0,1,1,1,1,1,1,2,1,3,0,1,1,,2,1,9,0,1,0,0,3,,,1,0,,2,10,10,0,0,0,0,0,0,0,0,0,0,0,0,0,0,0,0,0,0,0,0,0,0,0,0,0,0,0,0,0,0,0,0,0,0,0,0,0,0,0,0,0,0,0,0,0,0,0,0,0,0,0,0,0,0,0,0,0,133,70,83,158,98,35,15,14,118,58,39,81,61,132,119,67,92,28,64,28,89,74,64,126,72,16,25,28,105,80,82,50,55,175,57,137,52,19,137,26,71,75,58,131,95,19,15,16,58,46,99,90,55,162,101,122,77,17,94,27,125,68,100,82,78,22,28,36,106,79,52,51,64,80,99,132,136,17,85,15
H,2023HU0032379,8,00200,4,56,1000000,1019518,282,0,1,,1,,1,3,02,,,,,,,,,,,,,,9,,,,,,,,,1,6,,,1,9,,1,,,1,,,,1,,4,200000,,,,2000,,,,,,,,,,,,,,,,,,1,,,,,,,,,,,1,9,,,,,2,,,0,1,,,,,0,0,0,0,0,0,0,0,0,0,0,0,0,0,0,0,0,0,0,0,0,0,0,0,0,0,0,0,0,0,0,0,0,0,0,0,0,0,0,0,0,0,0,0,0,0,0,0,0,0,0,0,0,0,0,0,0,439,276,199,293,491,298,100,272,463,531,255,230,483,114,253,106,97,264,107,266,78,294,232,315,118,236,524,352,88,81,274,270,83,582,271,380,353,243,495,271,98,267,325,259,80,219,466,357,84,87,313,375,75,411,339,401,466,235,460,356,513,265,277,256,320,275,121,297,504,510,264,311,402,70,277,89,104,335,87,347
H,2023HU0032727,8,00100,4,56,1000000,1019518,31,2,1,1,3,6,1,4,02,1,2,0,2,3,150,2,3,200,4,150,1,1,9,5000,1,,,,,3,2,1,8,,,1,9,2,1,1,,1,2,1,2,,,,1100000,4,3,840,1990,1,100990,4,,,1,9500,74,01,1,1,02,100990,0,4,4,4,1,1,1,6,0,2,0,0,0,15,0,1,9,0,0,2,2,3,1283,,0,0,5750,1,07,03,0,0,0,0,0,0,0,0,0,0,0,0,0,0,0,0,0,0,0,0,0,0,0,0,0,0,0,0,0,0,0,0,0,0,0,0,0,0,0,0,0,0,0,0,0,0,0,0,0,0,0,0,0,0,0,0,0,10,28,42,32,32,43,48,41,59,31,8,31,55,34,33,52,36,12,8,9,11,36,38,21,30,37,42,55,49,30,11,31,48,29,29,55,36,6,8,7,9,28,31,30,31,33,46,65,54,33,9,35,62,25,22,49,33,11,10,9,11,37,33,32,35,28,60,54,41,30,10,34,41,39,31,42,30,13,9,8
H,2023HU0033231,8,00100,4,56,1000000,1019518,150,4,1,1,1,,1,5,02,1,2,0,2,3,240,2,2,,4,80,1,1,9,9100,1,,,,,3,2,1,7,,,1,9,2,1,1,,1,1,1,2,,,,5625000,2,3,40,2000,1,788000,2,,,1,9500,37,01,1,1,01,788000,0,3,3,3,1,1,1,3,2,4,0,0,2,5,0,1,9,0,1,0,0,3,3123,,0,1,24500,2,01,01,0,0,0,0,0,0,0,0,0,0,0,0,0,0,0,0,0,0,0,0,0,0,0,0,0,0,0,0,0,0,0,0,0,0,0,0,0,0,0,0,0,0,0,0,0,0,0,0,0,0,0,0,0,0,0,0,0,303,184,75,46,168,199,164,142,142,227,161,52,215,123,275,167,58,119,38,210,308,158,42,40,201,164,138,120,257,252,151,39,170,125,288,100,33,144,53,50,29,155,191,244,121,119,175,148,139,55,197,272,43,178,38,166,210,110,246,50,46,149,253,272,198,130,111,241,159,43,113,315,65,159,37,168,332,201,240,310
H,2023HU0033570,8,00200,4,56,1000000,1019518,34,2,1,1,1,,1,3,01,1,2,,2,3,80,2,2,,4,160,1,2,9,,1,,,,,,2,1,8,2,900,1,9,1,1,1,,1,2,1,3,,,,,2,3,40,1970,1,59600,4,1143,23,1,9500,69,01,1,1,02,59600,0,4,4,4,1,1,1,1,0,2,0,0,0,,0,1,9,0,0,2,1,1,,,1,0,,0,09,09,0,1,0,0,0,0,1,0,0,0,1,1,0,1,1,1,0,1,0,0,0,0,0,0,0,0,0,0,0,0,0,0,0,1,0,0,0,0,0,0,0,0,0,0,0,0,0,0,0,0,0,0,0,0,0,0,1,52,33,30,10,12,64,54,9,37,51,11,11,35,29,58,32,28,39,31,44,10,34,32,42,53,9,11,56,38,10,42,54,31,31,9,29,41,34,29,32,49,30,28,7,7,58,65,10,36,71,9,10,35,31,52,34,39,37,32,38,7,29,32,49,57,7,10,67,31,11,56,73,36,26,10,35,34,43,34,37
H,2023HU0034770,8,00100,4,56,1000000,1019518,269,0,1,,1,,1,2,02,,,,,,,,,,,,,,9,,,,,,,,,1,5,,,1,9,,1,,,1,,,,4,,5,,,,,2010,,,,,,,,,,,,,,,,,,1,,,,,,,,,,,1,9,,,,,2,,,0,0,,,,,0,1,0,1,1,1,0,0,0,0,0,0,0,0,0,0,0,0,0,0,0,1,0,0,0,0,0,0,0,0,1,0,1,1,0,0,1,0,0,1,0,0,0,0,0,1,0,0,0,0,0,0,0,0,0,0,1,226,94,286,77,522,444,298,287,314,79,256,407,286,428,511,114,256,112,289,259,209,382,285,538,108,74,242,291,197,359,250,72,295,89,98,398,210,460,236,295,297,101,256,71,414,523,249,224,259,69,243,420,269,376,370,104,273,83,322,288,229,420,276,413,85,83,262,289,282,419,329,105,263,81,95,427,302,417,231,239
H,2023HU0036212,8,00500,4,56,1000000,1019518,54,3,1,1,2,1,1,3,02,1,2,0,2,3,120,2,3,600,4,30,1,2,9,1000,1,,1,1800,1,1,2,1,6,,,1,9,1,1,1,,1,1,1,1,,,,600000,3,3,840,2010,1,85100,4,,,1,9500,63,01,1,1,02,85100,0,4,4,4,1,1,1,5,0,3,0,0,0,29,0,1,9,0,0,2,0,1,2070,3,0,1,3350,3,05,01,0,0,0,0,0,0,0,0,0,0,0,0,0,0,0,0,1,0,0,0,0,0,0,0,0,0,0,0,0,0,0,0,0,0,0,0,0,0,0,0,0,1,0,0,0,0,0,0,0,0,0,0,0,0,0,1,0,71,18,21,13,53,105,64,15,62,48,17,56,85,65,93,54,48,53,65,17,40,83,89,80,59,14,44,89,52,49,84,48,14,22,20,48,59,50,62,77,66,16,15,17,47,100,61,18,52,48,12,52,84,85,98,59,44,41,50,19,43,83,84,75,50,15,53,91,48,56,96,51,17,22,17,63,61,57,58,65
H,2023HU0039307,8,00200,4,56,1000000,1019518,30,2,1,1,3,6,1,4,02,1,2,0,2,3,440,2,2,,4,100,2,2,9,2000,1,,,,,3,2,1,10,,,1,9,1,1,1,,1,2,1,2,,,,300000,3,2,,1940,1,666300,4,,,1,9500,68,01,1,1,02,666300,0,4,4,4,1,1,1,5,0,2,0,0,0,2,0,1,9,0,0,2,2,3,853,,0,0,1750,2,01,01,0,0,0,0,0,0,0,0,0,0,0,1,0,0,0,0,0,1,0,0,0,0,0,0,0,0,0,0,0,0,0,0,0,0,0,0,0,0,0,0,0,0,0,0,0,0,0,0,0,0,0,0,0,0,0,0,0,31,51,27,8,26,32,10,23,55,46,50,22,27,28,36,25,7,8,7,41,28,58,30,8,27,28,9,27,53,59,44,31,26,32,39,29,8,7,8,31,31,52,20,12,44,24,8,27,45,61,45,30,27,29,37,36,10,7,8,37,23,54,30,8,33,32,10,30,38,46,51,42,29,25,34,29,9,12,8,50
H,2023HU0039325,8,00100,4,56,1000000,1019518,18,2,1,3,1,,1,2,01,,2,0,,3,70,2,2,,4,90,1,,9,0,2,460,,,,3,,1,4,,,1,9,,1,2,,1,2,1,2,,,,20000,2,3,700,1970,1,32240,4,,,1,9500,94,01,1,1,02,32240,0,4,4,4,1,1,1,7,0,2,0,0,0,11,0,1,9,0,0,2,2,1,300,,0,0,525,0,09,09,0,0,0,0,0,0,0,0,0,0,0,0,0,0,0,0,0,0,0,0,0,0,0,0,0,0,0,0,0,0,0,0,0,0,0,0,0,0,0,0,0,0,0,0,0,0,0,0,0,0,0,0,0,0,0,0,0,25,5,20,28,30,16,19,16,18,14,4,22,39,8,20,4,15,39,18,18,4,40,18,3,5,17,20,20,18,19,30,21,5,31,23,24,16,9,15,28,4,39,15,4,7,16,16,12,18,18,35,25,6,41,18,20,15,8,23,4,32,9,18,24,22,15,16,17,17,15,5,19,34,6,16,4,22,48,13,5
H,2023HU0039725,8,00200,4,56,1000000,1019518,55,0,1,,1,,1,2,01,,,,,,,,,,,,,,9,,,,,,,,,1,4,2,580,1,9,,1,,,1,,,,3,,1,,,,,1970,,,,,,,,,,,,,,,,,,1,,,,,,,,,,,1,9,,,,,3,,,1,0,,,,,0,1,0,1,1,1,0,0,0,0,0,0,0,0,0,0,0,0,0,0,0,1,0,0,0,0,0,0,0,0,1,0,1,1,1,1,1,0,0,1,0,0,0,0,0,1,0,0,0,0,1,0,1,0,0,0,1,84,54,11,56,56,57,19,53,15,104,50,76,55,75,49,119,111,14,70,53,52,17,44,19,22,79,60,116,57,54,89,52,92,20,16,44,39,47,96,90,20,52,107,49,52,43,91,70,96,17,60,22,49,46,66,13,16,78,51,69,59,88,53,85,63,15,80,17,59,59,15,60,13,82,91,58,69,65,16,20
H,2023HU0040557,8,00100,4,56,1000000,1019518,18,1,1,1,1,,1,4,02,1,2,0,2,3,60,2,3,680,3,,8,2,9,1800,1,,2,910,1,1,2,1,7,,,1,9,1,1,1,,1,1,1,1,,,,425000,2,3,340,2000,,,,,,1,9500,63,01,1,6,05,74500,0,4,4,4,1,1,1,3,0,,0,0,0,19,0,1,9,0,0,1,0,3,1205,3,0,1,3150,,,,0,0,0,0,0,0,0,0,0,0,0,0,0,0,0,0,0,0,0,0,0,0,0,0,0,0,0,0,0,0,0,0,0,0,0,0,0,0,0,0,0,0,0,0,0,0,0,0,0,0,0,0,0,0,0,0,0,20,36,32,20,22,18,17,21,3,18,43,5,14,8,20,31,17,34,6,5,17,25,28,16,19,22,15,13,7,20,25,5,22,5,17,29,27,35,4,6,18,32,30,21,16,18,18,20,5,17,29,7,15,5,20,30,19,30,4,6,16,26,29,18,22,22,20,21,6,21,22,7,24,6,19,36,17,25,8,4
H,2023HU0040591,8,00400,4,56,1000000,1019518,143,2,1,1,1,,1,3,01,1,2,0,2,3,70,2,2,,4,60,3,1,9,220,1,300,,,,3,2,1,4,,,1,9,2,1,2,,1,1,1,2,,,,96000,4,3,50,2010,,43200,4,,,1,9500,55,01,1,3,07,43200,0,4,4,4,1,1,1,5,0,2,0,0,0,7,0,1,9,0,0,1,1,3,238,,0,0,725,1,13,13,0,0,0,0,0,0,0,0,0,0,0,1,0,0,0,0,0,1,0,0,0,0,0,0,0,0,0,0,0,0,0,0,0,0,0,0,0,0,0,0,0,0,0,0,0,0,0,0,0,0,0,0,0,0,0,0,0,239,247,137,162,157,270,44,221,170,52,42,56,127,244,56,161,123,119,141,253,132,170,236,223,42,156,165,148,46,119,118,152,186,134,187,44,200,38,42,135,219,240,110,162,144,248,40,300,155,45,35,44,126,227,44,152,171,131,116,237,142,151,231,221,46,180,148,159,49,178,143,148,252,155,111,40,234,39,48,133
H,2023HU0040632,8,00100,4,56,1000000,1019518,61,1,1,1,1,,1,4,02,1,2,0,2,3,50,2,2,,4,40,1,1,9,1300,1,,,,,3,2,1,6,,,1,9,2,1,2,,1,2,1,2,,,,250000,1,3,890,1939,,,,,,1,9500,86,01,1,6,05,39100,0,4,4,4,1,1,1,7,0,,0,0,0,12,0,1,9,0,0,1,1,1,402,,0,1,1550,,,,0,0,0,0,0,0,1,0,0,0,0,0,0,0,0,0,0,1,0,0,0,0,0,0,0,0,0,0,0,0,0,0,0,0,0,0,0,0,0,0,0,0,0,0,0,0,0,0,0,0,0,0,0,0,0,0,0,18,23,118,85,17,96,100,65,45,18,80,60,53,63,17,64,69,111,89,56,25,19,85,84,18,117,140,63,44,14,64,72,57,56,22,64,37,82,109,53,96,108,15,61,148,19,22,54,61,102,49,59,87,51,105,79,60,16,17,62,106,89,21,55,96,22,17,85,83,74,64,70,54,85,105,47,77,16,16,56
H,2023HU0041393,8,00100,4,56,1000000,1019518,415,4,1,1,1,,1,3,02,1,2,0,2,3,240,2,2,,3,,3,1,9,2400,1,,2,2300,1,1,2,1,4,,,1,9,2,1,1,300,1,1,1,1,,,,1500000,2,3,1200,1990,1,105000,2,,,1,9500,42,01,1,1,01,105000,0,3,3,3,1,1,1,4,2,4,0,0,2,36,0,1,9,0,1,0,0,3,3140,2,0,1,6500,2,01,01,0,0,0,0,0,0,0,0,0,0,0,0,0,0,0,0,0,0,0,0,0,0,0,0,0,0,0,0,0,0,0,0,0,0,0,0,0,0,0,0,0,1,1,0,0,0,0,0,0,0,0,0,0,0,0,0,0,680,373,233,115,362,590,437,419,458,647,449,143,445,352,710,351,148,339,129,473,687,376,184,131,542,532,468,420,422,595,403,130,543,381,678,432,137,345,219,658,554,402,99,162,568,386,399,460,418,632,407,129,747,352,615,406,103,584,148,827,563,405,146,153,387,365,292,370,498,592,373,136,865,500,493,530,164,429,133,597
H,2023HU0041455,8,00400,4,56,1000000,1019518,80,3,1,1,,,1,2,07,1,2,,2,3,40,2,2,,2,,1,1,9,,1,,,,,,2,1,5,2,780,1,9,2,1,1,,1,1,1,3,,,,,1,3,100,1970,,,,828,17,1,9500,22,01,1,7,08,58000,0,4,4,4,1,1,1,1,0,,0,1,0,,0,1,9,0,0,0,0,3,,,1,0,,,,,1,0,0,1,1,1,1,1,0,1,1,0,1,1,1,1,1,1,1,0,0,1,1,0,0,0,0,0,1,1,1,0,1,1,1,1,1,0,1,1,1,0,0,0,0,1,1,0,1,1,0,0,0,0,1,1,1,150,27,20,90,95,96,109,96,22,63,23,19,127,75,117,68,97,170,71,81,172,22,24,112,72,67,136,105,23,77,23,30,157,67,160,97,101,160,81,68,184,39,26,68,95,79,132,99,20,74,22,15,140,75,144,80,78,114,69,77,138,25,28,96,103,80,190,64,22,81,26,28,145,69,127,87,109,113,86,66
H,2023HU0041876,8,00100,4,56,1000000,1019518,37,2,1,1,1,,1,3,02,1,2,0,2,3,430,2,2,,4,60,1,1,9,600,1,,,,,3,2,1,5,,,1,9,1,1,1,,1,1,1,2,,,,285000,2,3,1500,1970,1,42000,4,,,1,9500,68,01,1,1,02,42000,0,4,4,4,1,1,1,7,0,2,0,0,0,22,0,1,9,0,0,2,1,3,786,,0,1,1450,0,09,09,0,0,0,0,0,0,0,0,0,0,0,0,0,0,1,0,0,0,0,0,0,0,0,0,0,0,0,0,0,0,0,0,0,0,0,0,0,0,0,0,0,1,0,0,0,0,0,0,0,0,0,0,0,0,0,0,0,37,29,30,34,47,63,10,65,27,40,12,10,15,31,35,96,9,32,50,12,63,82,11,10,39,50,44,30,49,12,37,36,45,66,15,54,33,56,35,35,31,44,30,27,60,56,11,67,43,52,10,11,13,34,39,111,13,45,64,12,49,60,13,9,38,48,34,31,57,9,37,34,40,44,10,35,32,80,30,33
H,2023HU0042623,8,00400,4,56,1000000,1019518,114,6,1,1,3,1,1,4,02,1,2,0,2,3,190,2,2,,4,200,2,2,9,1600,1,,1,1900,1,1,2,1,7,,,1,9,1,1,1,,1,1,1,1,,,,360000,2,2,,2010,1,144000,3,,,1,9500,35,01,1,1,01,144000,0,3,3,3,1,1,1,3,4,6,0,0,4,19,0,1,9,0,1,0,0,3,2290,3,0,0,2250,2,01,01,0,0,0,0,0,0,0,0,0,0,0,0,0,0,0,0,0,0,0,0,0,0,0,0,0,0,0,0,0,0,0,0,0,0,0,0,0,0,0,0,0,0,0,0,0,0,0,0,0,0,0,0,0,0,0,0,0,256,34,132,121,115,55,94,117,102,76,34,94,86,24,241,109,175,182,111,84,195,31,160,74,121,58,103,192,131,47,30,113,114,27,174,99,199,272,131,84,243,54,120,87,108,34,130,212,128,34,35,115,119,25,186,136,187,188,120,96,125,33,83,86,123,39,162,244,129,31,41,114,171,31,160,133,166,228,99,105
H,2023HU0043151,8,00300,4,56,1000000,1019518,260,2,1,1,2,1,1,2,02,2,2,0,2,3,160,2,2,,4,150,2,2,9,0,2,,,,,3,2,1,3,,,1,9,1,1,1,,1,1,1,2,,,,600000,1,2,,2010,1,107000,4,,,1,9500,73,01,1,1,02,107000,0,4,4,4,1,1,1,3,0,2,0,0,0,6,0,1,9,0,0,2,2,2,523,,0,1,2550,0,09,09,0,0,0,0,0,0,0,0,0,0,0,1,0,0,0,0,0,1,0,0,1,0,0,0,0,0,0,0,0,0,0,0,0,0,0,0,0,0,0,0,0,0,0,0,0,0,0,0,0,0,0,0,0,0,0,0,0,310,222,95,281,354,94,74,415,312,284,290,269,425,259,261,191,86,321,77,108,247,274,473,224,87,475,405,92,297,209,78,225,78,283,218,240,410,268,380,83,247,222,399,235,66,374,411,71,230,239,125,258,94,309,284,336,431,218,347,368,366,266,82,291,390,99,69,411,288,289,430,275,357,236,262,226,98,262,80,437
H,2023HU0043913,8,00300,4,56,1000000,1019518,226,1,1,3,,,1,2,09,,2,,,1,,1,2,,1,,9,,9,,2,,,,,,,1,6,2,890,1,9,,1,2,,1,2,1,3,,,,,0,1,,1980,,,,890,17,1,9500,36,01,1,4,09,63000,0,4,4,4,1,1,1,5,0,,0,0,0,,0,1,9,0,0,0,0,1,,,1,0,,,,,0,0,0,0,1,0,0,0,0,0,0,0,0,0,0,1,0,1,0,0,0,0,0,0,0,0,0,0,0,0,0,0,0,1,0,1,0,0,0,0,0,0,0,0,0,0,0,0,0,0,0,0,0,0,0,0,1,277,473,82,260,59,73,150,55,268,313,194,208,382,213,66,232,356,507,234,193,302,72,374,233,403,354,239,346,87,289,277,198,50,203,279,201,82,68,280,226,237,84,377,203,376,401,236,388,59,276,235,173,49,283,350,233,87,81,228,245,195,341,66,212,45,58,245,63,320,289,236,169,302,246,88,259,351,463,255,195
H,2023HU0043974,8,00300,4,56,1000000,1019518,65,2,1,1,,,1,1,06,1,2,,2,1,,2,2,,3,,3,1,9,,2,,,,,,2,1,2,2,100,1,9,2,1,1,,1,2,1,3,,,,,2,1,,1990,,,,100,1,1,9500,35,01,1,5,12,92000,0,4,4,4,1,1,1,2,0,,0,1,0,,0,1,9,0,0,0,0,3,,,1,0,,,,,0,0,0,0,0,0,0,0,0,0,0,0,0,0,0,0,0,0,0,0,0,0,0,0,0,0,0,0,0,0,0,0,0,0,0,0,0,0,0,0,0,0,0,0,0,0,0,0,0,0,0,0,0,0,0,0,0,61,17,64,19,107,139,58,58,49,18,54,102,60,147,128,20,61,22,76,67,60,20,53,19,119,118,69,52,57,24,63,115,66,125,107,20,74,19,68,67,59,23,60,19,94,113,83,66,52,20,76,116,66,135,98,15,73,23,65,66,55,17,71,25,87,112,67,60,54,21,78,104,70,113,110,17,59,18,52,77
H,2023HU0044574,8,00100,4,56,1000000,1019518,90,2,1,1,2,1,1,3,02,1,2,0,2,3,80,2,2,,4,40,1,1,9,1500,1,,1,3100,1,1,2,1,6,,,1,9,2,1,1,,1,1,1,1,,,,450000,3,2,,2000,1,129000,4,,,1,9500,58,01,1,1,02,129000,0,4,4,4,1,1,1,1,0,2,0,0,0,30,0,1,9,0,0,0,0,3,3220,3,0,1,4050,2,02,01,0,0,0,0,0,0,0,0,0,0,0,0,0,0,0,0,0,0,0,0,0,0,0,0,0,0,0,0,0,0,0,0,0,0,0,0,0,0,0,0,0,0,0,0,0,0,0,0,0,0,0,0,0,0,0,0,0,75,81,183,137,152,116,26,77,171,90,89,140,99,30,26,26,97,119,79,166,97,102,33,24,29,87,108,98,28,85,88,23,86,137,159,147,93,72,88,18,106,71,139,157,147,85,26,117,153,84,93,185,130,23,22,26,85,92,91,165,98,101,29,31,26,68,181,80,22,93,90,25,74,177,177,131,82,111,98,24
H,2023HU0044685,8,00200,4,56,1000000,1019518,22,2,1,1,1,,1,3,02,1,2,0,1,3,80,2,2,,4,210,1,1,9,1200,1,,,,,3,2,1,7,,,1,9,2,1,1,,1,1,1,2,,,,250000,3,3,500,1939,1,113600,4,,,1,9500,65,01,1,1,02,113600,0,4,4,4,1,1,1,7,0,2,0,0,0,6,0,1,9,0,0,2,2,2,553,,0,1,1450,2,01,01,0,0,0,0,0,0,0,0,0,0,0,0,0,0,0,0,0,0,0,0,0,0,0,0,0,0,0,0,0,0,0,0,0,0,0,0,0,0,0,0,0,0,0,0,0,0,0,0,0,0,0,0,0,0,0,0,0,5,23,20,23,29,29,37,37,37,16,9,24,40,23,21,36,21,7,5,45,39,17,19,19,28,25,10,8,6,25,33,20,5,19,21,6,28,37,39,38,35,22,21,22,20,20,9,6,6,35,39,24,7,27,21,6,21,38,43,6,5,21,22,20,21,16,40,47,35,18,7,25,40,23,20,37,21,6,7,7
H,2023HU0046009,8,00100,4,56,1000000,1019518,18,2,1,1,1,,1,2,02,1,2,0,2,3,200,2,2,,2,,1,1,9,1300,1,,,,,3,2,1,4,,,1,9,2,1,1,,1,1,1,2,,,,25000,5,3,1200,1939,1,117000,4,,,1,9500,66,01,1,1,02,117000,0,4,4,4,1,1,1,5,0,2,0,0,0,6,0,1,9,0,0,2,1,3,538,,0,1,1550,1,07,03,0,0,0,0,0,0,1,0,0,0,0,0,0,0,0,0,0,0,0,0,0,0,0,0,0,0,0,0,0,0,0,0,0,0,0,0,0,0,0,0,0,0,0,0,0,0,0,0,0,0,0,0,0,0,0,0,0,18,21,6,14,29,4,4,34,12,20,23,23,37,17,15,13,7,21,6,6,15,14,33,19,4,26,31,6,13,22,5,16,8,21,14,23,31,13,29,26,20,21,4,14,33,4,3,35,13,15,25,29,37,22,15,12,7,17,5,4,18,14,33,17,6,30,26,5,17,15,5,26,7,22,20,17,26,12,34,29
H,2023HU0046586,8,00500,4,56,1000000,1019518,135,0,1,,3,,2,1,02,,,,,,,,,,,,,,9,,,,,,,,,2,2,,,2,9,,2,,,2,,,,2,4,7,,,,,1939,,,,,,,,,,,,,,,,,,2,,,,,,,,,,,2,9,,,,,2,,,0,0,,,,,0,0,0,0,0,0,0,0,0,0,0,0,0,0,0,0,0,0,0,0,0,0,0,0,0,0,0,0,0,0,0,0,0,0,0,0,0,0,0,0,0,0,0,0,0,0,0,0,0,0,1,1,0,0,0,0,0,151,43,134,215,150,131,137,230,94,235,42,153,45,137,110,122,42,40,283,137,209,147,36,148,45,40,225,100,196,128,159,195,124,205,42,43,167,150,121,195,122,48,132,153,169,170,148,226,111,232,40,150,52,132,128,155,42,38,259,155,235,117,39,147,40,40,213,129,270,141,140,212,120,204,32,32,149,133,123,213
H,2023HU0046792,8,00100,4,56,1000000,1019518,242,2,1,1,3,1,1,3,02,2,2,0,1,3,60,2,2,,4,300,2,2,9,0,1,,,,,3,2,1,9,,,1,9,2,1,1,,1,2,1,2,,,,300000,3,3,1800,1990,1,57900,4,,,1,9500,73,01,1,1,02,57900,0,4,4,4,1,1,1,7,0,2,0,0,0,14,0,1,9,0,0,2,2,1,673,,0,0,1950,1,08,03,0,0,0,0,0,0,0,0,0,0,0,1,0,1,0,0,0,1,0,0,0,0,0,0,0,0,0,0,0,0,0,0,0,0,0,0,0,0,0,0,0,1,0,0,0,0,0,0,0,0,0,0,0,0,0,0,0,77,215,257,281,342,364,219,348,75,446,78,217,72,71,292,271,251,261,214,243,272,446,81,83,200,257,445,292,285,221,212,427,276,204,68,73,347,379,69,90,356,269,257,269,74,62,202,72,377,76,340,263,451,311,221,268,250,222,208,263,204,57,387,342,234,271,79,267,249,326,302,86,191,201,308,362,115,113,462,366
H,2023HU0047244,8,00400,4,56,1000000,1019518,61,2,1,1,1,,1,1,02,1,2,0,2,3,130,2,2,,4,60,1,2,9,1800,1,,2,620,2,1,1,1,3,,,1,9,2,1,1,,1,2,1,1,,,,200000,2,3,960,1960,1,73400,4,,,1,9500,80,01,1,1,02,73400,0,4,4,4,1,1,1,7,0,2,0,0,0,20,0,1,9,0,0,2,2,3,1236,3,0,1,2350,0,09,09,0,0,0,0,0,0,0,0,0,0,0,0,0,0,0,0,0,0,0,0,0,0,0,0,0,0,0,0,0,0,0,0,0,0,0,0,0,0,0,0,0,0,0,0,0,0,0,0,0,0,0,0,0,0,0,0,0,102,12,97,102,12,68,41,39,88,15,59,60,53,87,58,114,70,63,83,33,53,18,85,121,15,37,88,26,73,15,48,91,55,121,45,106,61,51,78,117,67,120,31,27,110,55,67,74,83,78,56,49,56,20,86,21,57,72,16,70,48,86,18,12,112,90,65,103,51,83,59,72,73,12,62,19,66,48,15,21
H,2023HU0047369,8,00500,4,56,1000000,1019518,30,3,1,1,3,1,1,3,02,1,2,0,2,3,300,2,3,1000,3,,6,2,9,400,1,,,,,3,2,1,4,,,1,9,1,1,1,,1,2,1,2,,,,1000000,2,2,,1970,1,180000,2,,,1,9500,44,01,1,1,01,180000,0,2,2,2,1,1,1,5,1,3,0,0,1,5,0,1,9,0,1,0,0,3,754,,0,0,4050,2,04,01,1,0,0,0,0,0,1,1,0,1,1,1,0,1,0,0,0,1,1,0,1,0,1,0,0,0,0,0,0,1,0,0,0,0,0,0,0,0,1,0,1,1,0,0,0,0,1,1,0,0,0,0,0,1,0,1,0,30,30,50,41,7,27,37,65,29,33,47,10,27,9,8,28,10,53,26,34,32,31,8,28,50,31,10,10,27,34,8,40,31,52,39,34,59,10,29,26,37,28,10,30,46,28,12,9,32,33,12,65,27,39,47,27,49,6,32,28,28,28,60,39,11,32,62,57,30,28,51,10,27,8,9,22,5,46,36,35
H,2023HU0047398,8,00200,4,56,1000000,1019518,59,1,1,1,1,,1,4,02,2,2,0,1,3,60,2,2,,4,110,1,2,9,3800,1,,,,,3,2,1,6,,,1,9,2,1,1,,1,1,1,2,,,,950000,2,3,920,2000,,,,,,1,9500,76,01,1,6,05,67800,0,4,4,4,1,1,1,5,0,,0,0,0,15,0,1,9,0,0,1,1,1,834,,0,1,3250,,,,0,0,0,0,0,0,0,0,0,0,0,0,0,0,0,0,0,0,0,0,0,0,0,0,0,0,0,0,0,0,0,0,0,0,0,0,0,0,0,0,0,0,0,0,0,0,0,0,0,0,0,0,0,0,0,0,0,112,19,96,107,20,28,56,46,116,60,55,40,84,124,39,54,16,10,67,51,96,17,52,113,30,20,90,97,131,93,49,61,52,79,31,43,26,23,62,52,113,16,60,93,12,19,64,74,125,54,79,45,70,121,49,64,17,14,76,62,104,23,82,101,18,23,72,69,87,76,50,42,55,77,31,56,39,18,69,39
H,2023HU0047849,8,00100,4,56,1000000,1019518,16,1,1,1,3,1,1,3,01,1,2,,2,1,,2,2,,4,620,2,2,9,,1,,,,,,2,1,8,,,1,9,1,1,1,,1,2,1,4,,,,,2,2,,1980,,,,,,1,9500,81,01,1,6,05,18000,0,4,4,4,1,1,1,5,0,,0,0,0,,0,1,9,0,0,1,1,3,,,1,0,,,,,0,0,0,0,0,0,0,0,0,0,0,0,0,0,0,0,0,0,0,0,0,0,0,0,0,0,0,0,0,0,0,0,0,0,0,0,0,0,0,0,0,0,0,0,0,0,0,0,0,0,0,0,0,0,0,0,0,14,5,5,3,4,12,4,17,4,16,12,13,19,3,4,14,16,3,15,13,25,15,13,15,13,30,18,23,17,29,23,31,34,17,15,27,26,13,25,28,17,25,30,28,23,13,23,12,31,16,12,12,14,23,25,14,16,27,18,16,5,13,11,15,12,4,13,5,15,5,5,5,4,12,13,5,4,19,6,5
H,2023HU0048550,8,00200,4,56,1000000,1019518,14,1,1,1,,,1,0,08,1,2,,2,1,,2,2,,3,,3,2,9,,2,,,,,,2,1,1,2,550,1,9,2,1,1,,1,2,1,3,,,,,1,1,,1939,,,,550,10,1,9500,34,01,2,4,09,65000,0,4,4,4,1,1,1,1,0,,0,0,0,,0,1,9,0,0,0,0,2,,,1,0,,,,,0,0,0,0,0,0,0,0,0,0,0,0,0,0,0,0,0,0,0,0,0,0,0,0,0,0,0,0,0,0,0,0,0,0,0,0,0,0,0,0,0,0,0,0,0,0,0,0,0,0,0,0,0,0,0,0,1,26,33,21,11,6,20,8,14,33,3,15,27,19,24,4,3,1,7,4,21,16,27,11,18,11,29,20,28,40,19,10,12,19,15,4,3,53,47,4,14,28,14,29,18,5,24,11,16,14,2,34,12,9,25,7,9,34,15,7,33,21,16,21,39,6,26,24,11,13,11,14,4,19,18,1,6,26,15,5,11
H,2023HU0048742,8,00100,4,56,1000000,1019518,350,3,1,1,1,,1,3,02,2,2,0,2,3,200,2,2,,4,120,1,1,9,810,1,,1,1200,1,1,2,1,10,,,1,9,2,1,1,,1,1,1,1,,,,350000,3,3,600,1950,,97000,4,,,1,9500,61,01,1,3,07,97000,0,4,4,4,1,1,1,4,0,3,0,0,0,19,0,1,9,0,0,1,0,2,1570,3,0,1,2250,3,13,13,0,0,0,0,0,0,0,0,0,0,0,0,0,0,0,0,0,0,0,0,1,0,0,0,0,0,0,0,0,0,0,0,0,0,0,0,0,0,0,0,0,0,0,0,0,0,0,1,0,0,0,0,0,0,0,0,0,517,322,425,137,101,289,382,305,631,381,105,311,116,153,539,368,562,399,423,426,473,290,581,95,125,314,374,434,597,311,110,277,142,143,441,390,433,261,368,374,623,398,460,117,122,308,339,319,659,339,103,340,160,126,675,389,519,301,277,407,455,332,613,112,99,318,478,346,528,413,137,317,95,127,506,331,484,304,437,416
H,2023HU0049063,8,00200,4,56,1000000,1019518,46,1,1,1,1,,1,4,02,2,2,,2,3,200,2,2,,4,230,1,1,9,,1,,,,,,2,1,8,,,1,9,2,1,2,,1,2,1,4,,,,,1,3,2000,1960,,,,,,1,9500,56,01,1,6,05,10200,0,4,4,4,1,1,1,1,0,,0,0,0,,0,1,9,0,0,0,0,3,,,1,0,,,,,0,0,0,0,0,0,1,0,0,0,0,0,0,0,0,0,0,0,0,0,0,0,0,0,0,0,0,0,0,0,0,0,0,0,0,0,0,0,0,0,0,0,0,0,0,0,0,0,0,0,0,0,0,0,0,0,0,19,53,42,47,47,14,40,46,124,75,22,13,73,63,12,77,77,47,51,39,13,39,51,64,39,12,64,51,62,77,13,10,77,41,13,72,62,51,48,54,12,41,54,47,43,16,45,55,67,76,14,17,66,35,13,85,78,45,47,45,20,54,33,38,58,17,42,51,85,79,12,21,95,42,16,82,98,51,47,53
H,2023HU0050013,8,00300,4,56,1000000,1019518,184,1,1,2,,,1,0,06,,2,,,3,80,2,2,,1,,1,,9,,1,,,,,,,1,1,2,1100,1,9,,1,1,,1,2,1,3,,,,,1,1,,1990,,,,1180,13,1,9500,28,03,9,4,09,108000,0,4,4,4,1,1,1,3,0,,0,0,0,,0,1,9,0,0,0,0,3,,,1,0,,,,,0,0,0,0,0,0,0,0,0,0,0,0,0,0,0,0,0,0,0,0,0,0,0,0,0,0,0,0,0,0,0,0,0,0,0,0,0,0,0,0,0,0,0,0,0,0,0,0,0,0,0,0,0,0,0,0,0,266,216,290,240,172,316,144,59,293,369,52,263,166,43,213,52,190,195,125,61,237,192,315,169,243,251,173,51,192,436,42,207,225,62,211,59,258,186,171,215,71,173,53,221,172,60,151,288,64,64,265,173,211,314,180,363,151,200,192,264,53,190,59,180,210,44,165,304,67,56,216,188,206,521,183,390,185,147,206,58
H,2023HU0050036,8,00200,4,56,1000000,1019518,237,5,1,1,1,,1,5,02,1,2,0,2,3,250,2,2,,4,50,1,1,9,2900,1,,1,1100,1,1,2,1,11,,,1,9,2,1,1,,1,1,1,1,,,,350000,3,3,120,2000,,72000,2,,,1,9500,46,01,1,3,06,157000,0,3,2,2,1,1,1,5,1,2,0,1,1,11,0,1,9,0,1,0,0,3,1410,3,0,1,1250,1,13,13,0,0,0,0,0,0,0,0,0,0,0,0,0,0,0,0,0,1,0,0,0,0,0,0,0,0,0,0,0,0,0,0,0,0,0,0,0,0,0,0,0,1,0,0,0,0,0,0,0,0,0,0,0,0,0,1,0,338,93,237,440,439,200,243,238,224,420,67,203,477,70,164,54,226,458,231,356,79,285,213,72,78,190,305,296,210,221,341,306,80,367,197,330,402,68,218,59,468,76,253,328,416,271,298,259,249,130,82,278,433,66,239,80,297,304,198,308,68,395,286,78,80,280,287,312,201,252,317,230,79,353,172,309,232,131,233,63
H,2023HU0050574,8,00300,4,56,1000000,1019518,56,1,1,1,1,,1,4,02,2,2,0,2,3,160,2,2,,4,160,1,1,9,1300,2,,,,,3,2,1,6,,,1,9,2,1,2,,1,2,1,2,,,,300000,1,3,720,1950,,,,,,1,9500,94,01,1,6,05,20400,0,4,4,4,1,1,1,7,0,,0,0,0,35,0,1,9,0,0,1,1,3,601,,0,1,1350,,,,0,0,0,0,0,0,0,0,0,0,0,0,0,0,0,0,0,0,0,0,0,0,0,0,0,0,0,0,0,0,0,0,0,0,0,0,0,0,0,0,0,0,0,0,0,0,0,0,0,0,0,0,0,0,0,0,0,50,73,58,88,17,81,57,17,12,14,62,108,21,68,68,59,48,93,73,88,81,88,12,63,56,48,18,66,61,47,108,53,53,18,99,26,15,60,58,72,48,53,55,81,17,86,67,20,12,15,59,86,19,52,58,59,72,104,78,99,90,96,11,49,60,58,18,56,62,43,107,52,55,14,96,21,14,70,80,79
H,2023HU0050778,8,00100,4,56,1000000,1019518,54,2,1,1,1,,1,4,02,1,2,0,2,3,100,2,2,,4,150,1,1,9,2100,1,,,,,3,2,1,8,,,1,9,2,1,1,,1,1,1,2,,,,600000,3,3,80,1990,1,34060,4,,,1,9500,63,01,1,1,02,34060,0,4,4,4,1,1,1,6,0,2,0,0,0,27,0,1,9,0,0,2,0,3,769,,0,1,4050,1,08,07,0,0,0,0,0,0,0,0,0,0,0,0,0,0,0,0,0,0,0,0,0,0,0,0,0,0,0,0,0,0,0,0,0,0,0,0,0,0,0,0,0,0,0,0,0,0,0,0,0,0,0,0,0,0,0,0,0,77,47,18,14,53,68,52,45,59,91,53,15,99,60,89,51,17,70,14,16,16,58,112,79,59,51,37,57,56,15,53,80,15,46,16,51,94,42,88,61,106,42,14,15,51,51,51,70,52,85,55,18,130,47,76,51,14,55,16,17,17,61,97,105,51,40,62,47,43,16,53,87,13,62,18,46,84,65,100,81
H,2023HU0050936,8,00400,4,56,1000000,1019518,95,1,1,3,1,,1,3,02,,2,0,,3,50,2,2,,4,180,1,,9,1300,2,,,,,3,,1,4,,,1,9,,1,2,,1,2,1,2,,,,300000,1,3,40,2000,,,,,,1,9500,87,01,1,4,09,24700,0,4,4,4,1,1,1,5,0,,0,0,0,22,0,1,9,0,0,1,1,1,463,,0,1,1450,,,,0,0,0,0,0,0,0,0,0,0,0,0,0,0,0,0,0,1,0,0,0,0,0,0,0,0,0,0,0,0,0,0,0,0,0,0,0,0,0,0,0,0,0,0,0,0,0,0,0,0,0,0,0,0,0,0,0,78,85,148,146,164,124,35,69,180,142,93,138,98,34,32,27,52,84,109,156,113,96,30,25,28,159,179,85,38,104,103,26,80,203,129,104,90,68,95,33,90,82,118,158,175,112,44,83,98,76,99,128,137,37,32,27,61,108,94,235,96,77,29,36,28,83,117,87,22,106,92,36,127,142,119,103,108,138,74,26
H,2023HU0051469,8,00100,4,56,1000000,1019518,305,1,1,2,1,,1,3,02,,2,,,2,,2,2,,3,,3,,9,,1,,,,,,,1,4,,,1,9,,1,1,,1,1,1,4,,,,,2,2,,2010,,,,,,2,1200,67,01,1,4,09,152000,0,4,4,4,1,1,1,3,0,,0,0,0,,0,1,9,0,0,1,1,2,,,1,0,,,,,0,0,0,0,0,0,0,0,0,0,0,0,0,0,0,0,0,0,0,0,0,0,0,0,0,0,0,0,0,0,0,0,0,0,0,0,0,0,0,0,0,0,0,0,0,0,0,0,0,0,0,0,0,0,0,0,0,296,268,435,256,305,96,70,447,422,122,375,391,101,97,275,348,465,288,300,277,276,433,561,247,371,152,95,366,381,113,277,554,110,103,430,344,538,387,256,242,396,312,127,283,324,507,373,94,108,436,374,92,470,480,313,293,144,346,251,276,272,304,107,271,424,543,371,77,78,442,402,95,434,579,342,299,126,352,205,288
H,2023HU0051999,8,00300,4,56,1000000,1019518,99,2,1,1,1,,1,3,02,1,2,0,2,3,220,2,2,,4,220,1,1,9,1200,1,,,,,3,2,1,4,,,1,9,2,1,1,,1,1,1,2,,,,1200000,3,3,1500,2010,1,153000,4,,,1,9500,31,01,1,1,02,153000,0,4,4,4,1,1,1,1,0,2,0,0,0,9,0,1,9,0,0,0,0,3,1207,,0,1,6500,2,01,01,0,0,0,0,0,0,0,0,0,0,0,0,0,0,0,0,0,0,0,0,0,0,0,0,0,0,0,0,0,0,0,0,0,0,0,0,0,0,0,0,0,0,0,0,0,0,0,0,0,0,0,0,0,0,0,0,0,104,32,167,135,39,121,122,32,110,21,108,93,111,224,103,146,102,113,165,140,67,137,34,36,146,84,104,122,125,207,105,122,93,21,103,23,77,98,34,34,100,24,143,150,25,102,105,23,113,41,115,79,149,168,96,145,76,87,130,198,94,221,23,27,191,122,77,158,129,166,102,80,123,24,85,47,97,112,33,26
H,2023HU0053102,8,00500,4,56,1000000,1019518,83,2,1,1,1,,1,2,01,1,2,,2,3,60,2,2,,4,60,1,1,9,,2,,,,,,2,1,4,2,850,1,9,2,1,1,,1,2,1,3,,,,,2,1,,1970,3,,,970,20,1,9500,22,01,1,5,04,56800,0,4,4,4,1,1,1,1,0,,0,1,0,,2,1,9,0,0,0,0,2,,,1,0,,,,,0,0,0,0,0,0,0,0,0,0,0,0,0,0,0,0,0,0,0,0,0,0,0,0,0,0,0,0,0,0,0,0,0,0,0,0,0,0,0,0,0,0,0,0,0,0,0,0,0,0,0,0,0,0,0,0,1,115,26,58,108,121,53,52,60,28,76,78,32,84,141,81,38,124,114,116,80,112,18,85,79,120,34,114,182,34,110,93,15,95,56,80,58,78,117,146,127,27,131,112,119,30,161,58,72,137,59,65,209,66,78,103,150,28,25,24,79,19,143,123,68,27,175,64,96,155,52,61,92,91,73,66,172,28,24,39,61
H,2023HU0055539,8,00400,4,56,1000000,1019518,45,2,1,1,1,,1,3,02,1,2,0,2,3,80,2,2,,4,200,1,1,9,2100,1,,1,1900,1,1,2,1,4,,,1,9,2,1,1,,1,1,1,1,,,,330000,2,3,1500,2010,1,278700,4,,,1,9500,50,01,1,1,02,278700,0,4,4,4,1,1,1,3,0,2,0,0,0,10,0,1,9,0,0,0,0,3,2305,3,0,1,2650,1,03,03,0,0,0,0,0,0,0,0,0,0,0,0,0,0,0,0,0,0,0,0,0,0,0,0,0,0,0,0,0,0,0,0,0,0,0,0,0,0,0,0,0,0,0,0,0,0,0,0,0,0,0,0,0,0,0,0,0,40,33,37,94,14,83,50,10,11,10,39,59,14,49,47,51,60,70,70,95,82,68,11,47,40,44,11,68,72,43,70,60,53,15,83,11,10,39,49,47,61,46,43,88,13,72,47,16,13,15,46,91,10,48,54,49,54,73,69,60,54,93,10,35,51,43,14,48,38,43,54,54,44,11,75,11,13,50,53,36
H,2023HU0056082,8,00400,4,56,1000000,1019518,122,2,1,1,,,1,1,09,1,2,,2,3,40,2,2,,1,,1,1,9,,2,,,,,,2,1,3,2,700,1,9,2,1,1,,1,2,1,3,,,,,2,1,,1980,3,,,740,28,1,9500,19,01,1,7,04,32000,0,4,4,4,1,1,1,1,0,,0,1,0,,4,1,9,0,0,0,0,3,,,1,0,,,,,0,0,0,0,0,0,0,0,0,0,0,0,0,0,0,0,0,1,0,0,0,0,0,0,0,0,0,0,0,0,0,0,0,0,0,0,0,0,0,0,0,0,0,0,0,0,0,0,0,0,0,0,0,0,0,0,0,193,232,47,50,210,152,35,195,93,147,104,120,79,113,61,191,80,141,260,114,84,147,108,108,263,120,120,109,152,37,35,30,39,175,109,88,37,311,168,178,45,103,249,212,161,28,225,40,79,118,138,106,121,108,181,39,193,122,46,147,126,37,126,114,28,100,90,138,37,152,191,130,254,58,100,202,175,29,101,64
H,2023HU0057569,8,00100,4,56,1000000,1019518,261,3,1,1,1,,1,3,02,1,2,0,2,3,80,2,2,,4,80,1,1,9,3000,1,,,,,3,2,1,4,,,1,9,2,1,1,,1,1,1,2,,,,3500000,3,3,780,2010,1,20600,1,,,3,1170,63,01,1,1,01,20600,0,1,1,1,1,1,1,5,1,3,0,0,1,101,0,1,9,0,1,1,0,2,2517,,0,1,24500,2,05,03,0,0,0,0,0,0,0,0,0,0,0,1,0,0,0,0,0,1,0,0,0,0,0,0,0,0,0,0,0,0,0,0,0,0,0,0,0,0,0,0,0,0,0,0,0,0,0,0,0,0,0,0,0,0,0,0,0,395,68,369,317,329,351,248,255,335,185,86,266,407,105,244,82,278,403,268,344,69,329,296,87,122,286,182,309,327,249,457,202,82,442,257,462,238,91,461,327,81,375,234,83,105,262,372,293,209,243,365,333,109,380,287,437,296,96,331,95,311,84,361,491,319,219,261,266,320,242,70,267,371,94,226,63,306,440,256,83
H,2023HU0058241,8,00400,4,56,1000000,1019518,8,2,1,1,1,,1,1,02,1,2,0,2,3,300,2,2,,3,,3,2,9,0,2,,,,,3,2,1,6,,,1,9,2,1,1,,1,2,1,2,,,,1100,1,3,1700,1939,1,27000,4,,,1,9500,53,01,1,1,02,27000,0,4,4,4,1,1,1,3,0,2,0,0,0,20,0,1,9,0,0,0,0,3,448,,0,1,75,1,07,03,0,0,0,0,0,0,0,0,0,0,0,0,0,0,0,0,0,0,0,0,0,0,0,0,0,0,0,0,0,0,0,0,0,0,0,0,0,0,0,0,0,0,0,0,0,0,0,0,0,0,0,0,0,0,0,0,0,6,12,7,9,7,1,3,6,2,13,3,14,8,11,15,10,7,10,7,10,11,7,3,15,16,10,9,3,11,8,7,9,3,8,7,13,12,2,3,9,15,7,3,13,15,6,7,2,10,9,6,9,2,10,9,15,14,2,3,1,5,13,8,11,8,2,3,8,1,12,3,10,9,12,11,8,8,7,8,1
H,2023HU0058747,8,00500,4,56,1000000,1019518,277,4,1,1,2,1,1,3,01,1,2,0,2,3,160,2,2,,4,30,1,2,9,900,1,8400,,,,3,2,1,5,,,1,9,1,1,1,,1,1,1,2,,,,25000,2,3,50,1970,1,250000,4,,,1,9500,47,21,8,1,02,250000,0,4,4,4,1,1,1,1,0,4,0,0,0,5,0,1,9,0,0,0,0,3,980,,0,0,125,3,01,02,0,0,0,1,0,0,0,0,0,0,0,1,0,0,1,0,0,1,0,0,0,0,0,0,0,0,0,0,0,0,1,0,0,0,0,0,0,0,0,0,0,1,0,0,0,0,0,0,0,0,0,0,0,0,0,0,0,250,370,327,551,454,173,289,504,281,111,510,323,96,193,196,100,241,177,249,336,293,384,118,320,87,209,272,131,264,369,122,82,412,280,265,412,218,464,255,153,222,287,361,206,436,301,247,371,313,94,384,447,145,410,322,94,283,78,177,510,243,206,63,254,115,314,282,105,295,433,66,156,466,341,387,390,216,370,243,109
H,2023HU0059500,8,00400,4,56,1000000,1019518,201,2,1,1,,,1,0,05,1,2,,2,3,40,2,2,,3,,3,1,9,,1,,,,,,2,1,1,2,600,1,9,2,1,1,,1,1,1,3,,,,,1,1,,1939,3,,,640,31,1,9500,24,01,1,5,04,24400,0,4,4,4,1,1,1,1,0,,0,1,0,,2,1,9,0,0,0,0,2,,,1,0,,,,,0,0,0,0,0,0,0,0,0,0,0,0,0,0,0,0,0,0,0,0,0,0,0,0,0,0,0,0,0,0,0,0,0,0,0,0,0,0,0,0,0,0,0,0,0,0,0,0,0,0,0,0,0,0,0,0,0,65,68,168,181,265,287,184,291,158,58,370,208,257,213,98,150,53,425,200,296,60,64,182,210,196,310,241,288,198,52,290,190,261,249,90,153,73,421,175,73,299,259,167,220,193,162,225,83,178,370,74,158,56,231,347,227,432,75,183,46,310,322,198,178,190,170,175,69,236,416,84,147,77,205,276,274,376,61,191,327
H,2023HU0059520,8,00400,4,56,1000000,1019518,75,4,1,1,2,1,1,3,02,1,2,0,2,3,30,2,2,,4,20,1,1,9,1500,1,,1,1300,1,1,2,1,8,,,1,9,2,1,1,,1,1,1,1,,,,275000,2,3,300,2010,1,130000,2,,,1,9500,37,01,1,1,01,130000,0,3,3,3,1,1,1,5,2,4,0,0,2,13,0,1,9,0,1,0,0,3,1375,3,0,1,1850,2,02,01,0,0,0,0,0,0,0,0,0,0,0,0,0,0,0,0,0,0,0,0,0,0,0,0,0,0,0,0,0,0,0,0,0,0,0,0,0,0,0,0,0,0,0,0,0,0,0,0,0,0,0,0,0,0,0,0,0,137,80,111,20,22,81,74,78,142,86,23,83,25,25,119,81,128,72,76,90,124,75,169,23,22,83,78,82,107,88,24,66,16,17,128,74,119,64,77,87,132,69,139,25,32,76,64,90,184,67,16,73,21,24,113,72,121,59,82,99,137,83,115,19,17,80,92,80,104,74,21,79,19,23,156,76,106,89,67,73
H,2023HU0059719,8,00500,4,56,1000000,1019518,53,1,1,1,1,,1,3,02,1,2,0,2,3,60,2,2,,4,50,1,1,9,550,1,,2,1900,2,1,2,1,6,,,1,9,2,1,1,,1,1,1,1,,,,650000,1,3,50,1970,,,,,,1,9500,59,01,1,4,09,80200,0,4,4,4,1,1,1,4,0,,0,0,0,33,0,1,9,0,0,0,0,3,2231,3,0,1,2050,,,,0,0,0,0,0,0,0,0,0,0,0,0,0,0,0,0,0,0,0,0,0,0,0,0,0,0,0,0,0,0,0,0,0,0,0,0,0,0,0,0,0,0,0,0,0,0,0,0,0,0,0,0,0,0,0,0,0,60,85,85,95,49,55,52,55,55,13,15,15,54,95,48,17,56,51,17,16,50,14,18,19,58,56,40,58,61,66,90,87,67,22,80,81,45,51,91,72,78,94,71,99,47,58,58,47,66,14,14,13,47,83,51,19,61,53,17,14,49,14,17,14,55,64,46,50,56,120,86,114,43,20,62,95,45,64,102,93
H,2023HU0061543,8,00100,4,56,1000000,1019518,175,3,1,1,1,,1,3,01,1,2,0,1,3,150,2,2,,4,50,1,2,9,0,1,5000,,,,3,2,1,5,,,1,9,2,1,1,,1,2,1,2,,,,6000,1,3,600,1970,,32800,2,,,1,9500,42,01,9,3,06,32800,0,2,2,2,1,1,1,3,1,3,0,0,1,25,0,1,9,0,1,0,0,3,673,,0,0,75,2,13,13,0,0,0,0,0,0,0,0,0,0,0,0,0,0,0,0,0,0,0,0,0,0,0,0,0,0,0,0,0,0,0,0,0,0,0,0,0,0,0,0,0,1,0,0,0,0,0,0,0,0,0,0,0,0,0,1,0,59,197,149,116,179,168,261,241,243,194,62,210,280,188,205,359,210,37,56,213,259,173,222,219,147,229,110,72,49,141,223,135,55,164,168,66,187,360,266,346,197,128,125,156,171,201,60,56,97,173,180,143,85,232,194,48,156,286,244,49,66,241,243,190,158,178,351,242,155,180,77,192,260,153,178,393,214,74,60,68
H,2023HU0061978,8,00500,4,56,1000000,1019518,50,1,1,1,1,,1,3,02,1,2,,2,3,50,2,2,,4,170,1,1,9,,1,,,,,,2,1,7,2,200,1,9,2,1,1,,1,2,1,3,,,,,1,3,50,1939,,,,424,8,1,9500,38,01,1,6,05,62000,0,4,4,4,1,1,1,5,0,,0,0,0,,0,1,9,0,0,0,0,3,,,1,0,,,,,0,0,0,0,0,0,0,0,0,0,0,0,0,0,0,0,0,0,0,0,0,0,0,0,0,0,0,0,0,0,0,0,0,0,0,0,0,0,0,0,0,0,0,0,0,0,0,0,0,0,0,0,0,0,0,0,0,33,39,73,118,100,39,12,67,75,55,47,74,47,14,13,14,55,71,57,100,40,44,16,17,21,39,79,62,17,41,56,19,44,90,67,86,64,45,49,81,73,48,15,13,11,44,79,47,16,49,57,11,43,98,91,62,46,46,54,17,67,50,123,73,90,77,16,44,95,53,48,86,42,13,18,13,67,42,53,20
H,2023HU0062053,8,00200,4,56,1000000,1019518,46,2,1,1,1,,1,3,02,1,2,0,2,3,200,2,2,,4,90,1,1,9,2000,1,,1,1300,1,1,2,1,8,,,1,9,2,1,1,,1,1,1,1,,,,375000,3,3,600,2000,1,90000,4,,,1,9500,58,01,1,1,02,90000,0,4,4,4,1,1,1,2,0,2,0,0,0,22,0,1,9,0,0,0,0,3,1640,3,0,1,2350,2,02,01,0,0,0,0,0,0,0,0,0,0,0,0,0,0,0,0,0,0,0,0,0,0,0,0,0,0,0,0,0,0,0,0,0,0,0,0,0,0,0,0,0,0,0,0,0,0,0,0,0,0,0,0,0,0,0,0,0,64,71,47,57,33,13,19,45,17,79,16,55,49,73,58,50,52,35,51,46,108,49,12,104,77,56,61,14,41,56,64,48,14,41,44,89,75,14,17,40,15,61,95,17,20,42,33,72,62,58,35,51,76,67,63,15,18,60,63,80,37,15,54,42,58,64,56,42,84,14,70,17,41,13,19,43,63,80,45,14
H,2023HU0062156,8,00100,4,56,1000000,1019518,371,1,1,1,,,1,1,05,1,2,,2,1,,2,2,,3,,3,1,9,,1,,,,,,2,1,2,2,600,1,9,2,1,1,,1,2,1,3,,,,,1,1,,1950,,,,600,7,1,9500,40,01,1,4,09,100000,0,4,4,4,1,1,1,4,0,,0,0,0,,0,1,9,0,0,0,0,2,,,1,0,,,,,0,0,0,0,0,0,0,0,0,0,0,0,0,0,0,0,0,0,0,0,0,0,0,0,0,0,0,0,0,0,0,0,0,0,0,0,0,0,0,0,0,0,0,0,0,0,0,0,0,0,0,0,0,0,0,0,1,133,449,339,194,151,123,106,349,122,359,117,360,328,390,414,143,132,359,340,372,455,486,497,357,476,446,400,609,459,574,327,534,634,446,503,315,265,635,665,603,541,436,258,509,581,435,563,303,545,454,668,351,476,413,506,810,546,276,293,405,353,111,132,413,441,431,478,143,418,116,354,116,139,129,105,335,390,110,111,115
H,2023HU0062604,8,00300,4,56,1000000,1019518,100,2,1,1,,,1,1,05,1,2,,2,2,,2,2,,3,,3,1,9,,1,,,,,,2,1,3,2,600,1,9,2,1,1,,1,2,1,3,,,,,2,2,,1950,3,,,600,8,1,9500,70,01,1,7,04,88900,0,4,4,4,1,1,1,4,0,,0,1,0,,4,1,9,0,0,2,2,3,,,1,0,,,,,0,0,0,0,0,0,0,0,0,0,0,0,0,0,0,0,0,1,0,0,0,0,0,0,0,0,0,0,0,0,0,0,0,0,0,0,0,0,0,0,0,0,0,0,0,0,0,0,0,0,0,0,0,0,0,0,0,33,109,314,112,29,99,127,121,39,107,28,125,90,142,96,97,90,161,170,96,110,191,119,28,148,27,33,146,103,177,116,86,107,102,145,30,32,65,87,167,222,110,32,127,147,100,107,90,190,100,183,26,102,30,76,122,119,28,27,92,112,29,89,138,81,153,203,33,97,32,92,88,26,96,27,158,203,97,126,30
H,2023HU0063003,8,00300,4,56,1000000,1019518,141,3,1,1,1,,1,3,02,1,2,0,2,3,300,2,2,,2,,1,1,9,1500,1,,1,2300,1,1,2,1,7,,,1,9,2,1,1,,1,1,1,1,,,,499000,3,3,90,2010,1,138000,2,,,1,9500,30,01,1,1,01,138000,0,1,1,1,1,1,1,3,1,3,0,0,1,23,0,1,9,0,1,0,0,1,2608,3,0,1,3050,2,01,01,0,0,0,0,0,0,0,0,0,0,0,0,0,0,0,0,1,0,0,0,1,0,0,0,0,0,0,0,0,0,0,0,0,0,0,0,0,0,0,0,0,0,0,0,0,0,0,1,0,0,0,0,0,0,0,0,0,154,141,154,199,161,36,43,34,234,339,152,59,164,93,47,142,170,273,225,44,110,107,159,138,142,219,290,190,161,44,131,204,110,140,223,188,38,33,44,228,120,131,136,150,161,43,50,35,128,218,182,40,143,158,50,172,252,206,204,43,231,152,116,128,154,243,218,225,157,39,137,242,110,157,289,144,46,33,42,270
H,2023HU0063266,8,00500,4,56,1000000,1019518,22,4,1,1,2,1,1,4,02,1,2,0,2,3,140,2,2,,4,300,2,2,9,0,1,,,,,3,2,1,6,,,1,9,2,1,1,,1,1,1,2,,,,250000,3,3,240,2010,,134400,2,,,1,9500,54,02,3,2,10,134400,0,2,2,2,1,1,1,4,1,4,0,0,1,5,0,1,9,0,1,0,0,2,564,,0,1,1250,3,10,10,0,0,0,0,0,0,0,0,0,0,0,1,0,0,0,0,0,1,0,0,0,0,0,0,0,0,0,0,1,0,0,0,0,0,0,0,0,0,0,0,0,0,0,0,0,0,0,0,0,0,0,0,0,1,0,0,1,24,18,25,4,28,47,30,19,25,20,19,21,6,25,41,8,20,10,21,40,5,19,9,37,20,7,5,21,19,17,28,25,44,27,7,31,13,22,20,46,7,15,6,40,23,11,5,20,21,16,25,19,34,36,6,26,22,28,17,9,35,16,31,6,29,45,40,19,19,18,21,27,8,21,28,5,21,7,21,6
H,2023HU0064794,8,00100,4,56,1000000,1019518,244,1,1,1,1,,1,4,02,2,2,0,2,3,120,2,2,,4,150,2,1,9,1000,1,,,,,3,2,1,10,,,1,9,2,1,1,,1,2,1,2,,,,300000,3,3,1200,1980,,,,,,1,9500,78,01,1,6,05,57100,0,4,4,4,1,1,1,7,0,,0,0,0,12,0,1,9,0,0,1,1,2,574,,0,1,1450,,,,0,0,0,0,0,0,0,0,0,0,0,0,0,0,0,0,0,0,0,0,0,0,0,0,0,0,0,0,0,0,0,0,0,0,0,0,0,0,0,0,0,0,0,0,0,0,0,0,0,0,0,0,0,0,0,0,0,306,346,317,262,101,236,311,293,188,270,202,82,109,108,196,223,236,247,244,77,345,298,364,234,105,264,407,325,228,450,213,54,96,101,261,319,284,237,336,66,365,353,348,208,93,225,281,248,213,319,219,116,99,85,252,180,245,283,285,71,319,277,344,266,116,317,398,298,260,393,281,86,80,82,251,218,221,228,271,71
H,2023HU0065042,8,00300,4,56,1000000,1019518,76,3,1,1,1,,1,3,02,1,2,0,2,3,150,2,2,,4,150,1,1,9,800,1,,1,940,1,1,2,1,7,,,1,9,2,1,1,,1,1,1,1,,,,350000,3,3,1200,1950,,124200,4,,,1,9500,62,01,1,3,07,124200,0,4,4,4,1,1,1,4,0,3,0,0,0,13,0,1,9,1,0,1,0,3,1340,3,0,1,1450,3,14,15,0,0,0,0,0,0,0,0,0,0,0,0,0,0,0,0,0,0,0,0,0,0,0,0,0,0,0,0,0,0,0,0,0,0,0,0,0,0,0,0,0,0,0,0,0,0,0,0,0,0,0,0,0,0,0,0,0,176,74,19,144,24,52,75,84,93,81,89,156,22,65,82,28,24,67,158,72,77,20,70,75,78,22,123,124,118,101,25,77,48,101,29,84,89,20,79,19,26,95,136,26,132,86,71,54,80,67,72,18,170,81,67,147,130,71,19,92,96,123,67,91,72,134,24,23,23,25,120,87,71,30,101,52,70,113,75,129
H,2023HU0065739,8,00400,4,56,1000000,1019518,119,2,1,1,,,1,2,05,1,2,,2,3,70,2,2,,3,,3,1,9,,1,,,,,,2,1,4,2,670,1,9,2,1,1,,1,1,1,3,,,,,2,1,,1970,4,,,740,11,1,9500,30,01,1,5,04,81000,0,4,4,4,1,1,1,4,0,,0,1,0,,1,1,9,0,0,0,0,3,,,1,0,,,,,0,0,0,0,0,0,0,0,0,0,0,0,0,0,0,0,0,0,0,0,0,0,0,0,0,0,0,0,0,0,0,0,0,0,0,0,0,0,0,0,0,0,0,0,0,0,0,0,0,0,0,0,0,0,0,0,0,88,38,151,188,131,30,41,104,77,29,185,173,258,225,141,245,64,127,96,108,101,46,136,160,138,48,27,137,160,27,206,86,179,153,98,209,39,176,178,136,90,39,134,157,132,39,43,127,119,38,236,75,195,179,104,330,28,135,122,111,118,46,119,219,131,56,32,88,77,41,239,117,190,216,183,153,39,134,83,118
H,2023HU0066893,8,00300,4,56,1000000,1019518,119,1,1,3,,,1,1,05,,2,,,3,210,2,2,,4,100,1,,9,,2,,,,,,,1,4,2,500,1,9,,1,1,,1,2,1,3,,,,,1,2,,1939,,,,810,18,1,9500,67,01,1,4,09,52700,0,4,4,4,1,1,1,5,0,,0,0,0,,0,1,9,0,0,1,1,3,,,1,0,,,,,0,0,0,0,0,0,0,0,0,0,0,0,0,0,0,0,0,1,0,0,0,0,0,0,0,0,0,0,0,0,0,0,0,0,0,0,0,0,0,0,0,0,0,0,0,0,0,0,0,0,0,0,0,0,0,0,0,233,154,40,231,104,145,111,34,139,36,216,136,28,34,149,142,95,96,131,47,38,154,242,39,151,33,130,236,115,153,48,136,128,157,105,118,133,75,102,34,33,112,238,37,121,28,147,202,88,150,54,146,191,173,145,169,117,102,130,210,196,127,44,187,114,184,152,36,115,36,188,165,25,25,146,105,112,114,129,175
H,2023HU0067492,8,00200,4,56,1000000,1019518,239,0,1,,3,,1,2,02,,,,,,,,,,,,,,9,,,,,,,,,1,4,,,1,9,,1,,,1,,,,4,,5,,,,,2010,,,,,,,,,,,,,,,,,,1,,,,,,,,,,,1,9,,,,,2,,,0,0,,,,,0,0,0,0,0,0,0,0,0,0,0,0,0,0,0,0,0,0,0,0,0,0,0,0,0,0,0,0,0,0,0,0,0,0,0,0,0,0,0,0,0,0,0,0,0,0,0,0,0,0,0,0,0,0,0,0,1,358,205,230,333,238,94,83,83,238,244,262,220,200,281,349,375,245,78,245,91,418,274,243,348,253,97,76,94,279,250,237,274,223,337,391,360,185,74,242,91,446,297,266,352,239,87,86,84,250,266,223,261,239,381,323,333,265,84,268,72,273,230,249,323,188,76,83,89,286,217,210,222,279,347,370,363,209,86,190,78
H,2023HU0067607,8,00400,4,56,1000000,1019518,58,2,1,1,1,,1,3,02,1,2,0,2,3,90,2,2,,4,150,1,2,9,1000,1,,1,1100,1,1,2,1,9,,,1,9,2,1,1,,1,1,1,1,,,,290000,2,3,90,1970,1,92730,4,,,1,9500,74,01,1,1,02,92730,0,4,4,4,1,1,1,6,0,2,0,0,0,17,0,1,9,0,0,2,2,3,1348,3,0,1,7500,0,09,09,0,0,0,0,0,0,0,0,0,0,0,0,0,0,0,0,0,0,0,0,0,1,0,0,0,0,0,0,0,0,0,0,1,0,0,0,0,0,0,0,0,0,0,0,0,0,0,0,0,0,0,0,0,0,0,0,0,92,67,72,106,56,16,19,15,60,70,63,52,55,91,118,95,46,23,58,109,16,59,60,21,58,101,101,89,62,55,54,60,69,17,15,17,66,71,49,95,16,58,63,14,59,91,98,116,56,60,56,76,65,16,18,17,57,98,67,20,99,63,69,136,56,16,17,17,55,68,59,45,66,88,84,100,59,16,45,14
H,2023HU0068168,8,00200,4,56,1000000,1019518,19,6,1,1,1,,1,5,02,1,2,0,2,3,150,2,3,300,4,60,1,2,9,1400,1,,1,1500,1,1,2,1,9,,,1,9,1,1,1,,1,1,1,1,,,,320000,3,3,1200,1970,1,130500,3,,,1,9500,33,01,1,1,01,130500,0,3,3,3,1,1,1,4,4,6,0,0,4,17,0,1,9,0,1,0,0,3,1835,3,0,1,1550,1,03,03,0,0,0,0,0,0,0,0,0,0,0,0,0,0,0,0,0,0,0,0,0,0,0,0,0,0,0,0,0,0,0,0,0,0,0,0,0,0,0,0,0,0,0,0,0,0,0,0,0,0,0,0,0,0,0,0,0,6,26,23,16,20,6,20,19,47,57,9,7,32,17,5,17,27,25,21,11,24,21,19,20,23,41,30,25,5,10,38,46,5,10,16,7,9,20,13,15,8,18,16,11,11,7,17,14,52,59,8,9,88,35,5,31,64,27,23,15,40,10,9,14,16,40,14,15,8,5,20,50,14,31,24,4,6,18,21,14
H,2023HU0068462,8,00200,4,56,1000000,1019518,14,3,1,1,1,,1,4,02,1,2,0,2,3,110,2,3,450,4,100,2,2,9,1300,1,,,,,3,2,1,7,,,1,9,2,1,2,,1,2,1,2,,,,200000,3,3,720,1990,,89640,4,,,1,9500,79,01,9,3,07,99640,0,4,4,4,1,1,1,6,0,2,0,1,0,6,0,1,9,0,0,2,2,1,512,,0,1,1150,1,15,15,0,0,0,0,0,0,0,0,0,0,0,1,0,1,0,0,0,1,0,0,0,0,0,0,0,0,0,0,0,0,0,0,0,0,0,0,0,0,0,0,0,1,0,0,0,0,0,0,0,0,0,0,0,0,0,0,0,7,13,19,19,9,30,19,7,12,20,16,24,16,22,15,22,12,31,19,11,19,15,3,6,34,4,5,17,14,16,13,7,9,3,17,3,5,3,5,14,12,12,17,27,13,19,20,20,18,9,15,18,13,26,10,21,16,34,30,11,10,15,5,5,19,4,3,7,11,24,17,6,17,6,14,3,4,2,4,14
H,2023HU0068991,8,00200,4,56,1000000,1019518,76,6,1,1,3,3,1,3,02,1,2,0,2,3,250,2,2,,4,300,2,1,9,1300,1,,,,,3,2,1,13,,,1,9,2,1,1,,1,1,1,2,,,,70000,6,3,1100,2000,1,82000,2,,,1,9500,62,01,1,1,01,82000,0,2,2,2,1,1,1,5,3,6,0,0,3,14,0,1,9,0,1,2,1,1,979,,0,0,2750,3,03,07,0,0,0,0,0,0,0,0,0,0,0,0,0,0,0,0,0,0,0,0,0,0,0,0,0,0,0,0,0,0,0,0,0,0,0,0,0,0,0,0,0,0,0,0,0,0,0,0,0,0,0,0,0,0,0,0,0,71,18,79,183,112,103,91,68,62,79,64,22,29,32,71,109,90,32,89,22,90,109,72,20,26,33,56,81,103,66,100,122,86,128,76,17,73,99,62,149,67,23,65,124,121,102,65,78,82,87,72,26,28,24,82,136,57,20,63,19,100,108,74,25,26,30,68,73,98,70,62,119,134,122,72,25,86,98,103,149
H,2023HU0069216,8,00100,4,56,1000000,1019518,34,2,1,1,1,,1,3,02,1,2,0,2,3,110,2,3,500,3,,6,1,9,2300,1,,,,,3,2,1,7,,,1,9,2,1,1,,1,1,1,2,,,,200000,3,3,1000,1980,1,55200,4,,,1,9500,68,01,1,1,02,55200,0,4,4,4,1,1,1,7,0,2,0,0,0,12,0,1,9,0,0,2,2,2,531,,0,1,1250,0,09,09,0,0,0,0,0,0,0,0,0,0,0,1,0,0,0,0,0,1,0,0,1,0,0,0,0,0,0,0,0,0,0,0,0,0,0,0,0,0,0,0,0,0,0,0,0,0,0,0,0,0,0,0,0,0,0,0,0,9,52,31,63,28,7,39,9,56,45,9,9,38,36,32,26,32,67,36,47,10,59,43,48,33,12,26,8,62,31,11,10,36,35,40,40,35,63,29,64,8,64,39,45,33,11,30,9,64,34,11,8,30,28,27,32,31,66,38,48,12,49,33,78,38,10,38,9,51,43,11,12,30,36,35,34,43,58,31,55
H,2023HU0069554,8,00100,4,56,1000000,1019518,174,1,1,1,,,1,2,05,1,2,,2,3,60,2,1,,1,,1,1,9,,1,,,,,,2,1,4,2,780,1,9,2,1,1,,1,2,1,3,,,,,0,1,,1950,,,,840,101,1,9500,65,01,1,6,05,8600,0,4,4,4,1,1,1,4,0,,0,0,0,,0,1,9,0,0,1,1,1,,,1,0,,,,,0,0,0,0,0,0,0,0,0,0,0,0,0,0,0,0,0,0,0,0,0,0,0,0,0,0,0,0,0,0,0,0,0,0,0,0,0,0,0,0,0,0,0,0,0,0,0,0,0,0,0,0,0,0,0,0,0,143,177,213,46,137,218,271,265,69,37,231,206,59,246,215,155,152,50,187,181,181,205,171,54,197,163,316,361,53,82,222,164,67,241,318,176,173,73,179,192,163,138,250,71,191,199,300,265,63,51,316,205,48,325,275,167,192,41,201,150,240,219,161,63,191,153,320,286,44,48,262,192,50,197,320,189,160,46,137,193
H,2023HU0069693,8,00300,4,56,1000000,1019518,121,1,1,1,1,,1,1,02,2,2,0,2,3,100,2,2,,2,,1,1,9,2500,1,,1,910,1,1,2,1,6,,,1,9,2,1,2,,1,2,1,1,,,,180000,1,3,750,1950,,,,,,1,9500,63,01,1,6,05,24000,0,4,4,4,1,1,1,5,0,,0,0,0,54,0,1,9,0,0,1,0,3,1073,3,0,1,1450,,,,0,0,0,0,0,0,1,0,0,0,0,0,0,0,0,0,0,0,0,0,0,0,0,0,0,0,0,0,0,0,0,0,0,0,0,0,0,0,0,0,0,0,0,0,0,0,0,0,0,0,0,0,0,0,0,0,0,231,51,113,259,210,90,129,99,191,118,38,140,229,32,131,41,113,210,124,29,244,35,110,222,188,138,123,105,122,91,38,147,142,32,156,37,115,166,107,31,246,47,102,239,173,110,130,90,166,104,31,112,268,33,116,45,133,214,110,32,299,32,88,211,180,128,135,146,122,111,39,168,221,38,109,28,128,167,123,37
H,2023HU0069971,8,00500,4,56,1000000,1019518,93,2,1,1,1,,1,4,02,1,2,0,2,3,170,2,2,,4,270,1,1,9,1300,1,,,,,3,2,1,9,,,1,9,2,1,1,,1,1,1,2,,,,450000,2,3,580,1939,1,90400,4,,,1,9500,79,01,1,1,02,90400,0,4,4,4,1,1,1,7,0,2,0,0,0,11,0,1,9,0,0,2,2,3,809,,0,1,2550,0,09,09,0,0,0,0,0,0,0,0,0,0,0,0,0,0,0,0,0,0,0,0,0,0,0,0,0,0,0,0,0,0,0,0,0,0,0,0,0,0,0,0,0,0,0,0,0,0,0,0,0,0,0,0,0,0,0,0,0,101,70,149,83,123,35,29,93,82,88,124,135,41,105,26,24,149,80,134,88,96,115,27,91,24,153,167,92,92,92,33,84,184,88,170,215,25,87,20,98,88,73,85,103,127,28,32,108,123,114,143,113,40,88,25,48,125,83,174,81,84,97,32,115,25,185,167,74,108,89,27,78,147,92,173,172,18,88,28,87
H,2023HU0070888,8,00100,4,56,1000000,1019518,33,2,1,1,1,,1,3,02,2,2,0,2,3,110,2,2,,4,80,1,1,9,0,1,,,,,3,2,1,7,,,1,9,2,1,2,,1,2,1,2,,,,250000,2,3,1200,1980,1,35000,4,,,1,9500,69,01,1,1,02,35000,0,4,4,4,1,1,1,7,0,2,0,0,0,12,0,1,9,0,0,2,2,3,350,,0,1,725,0,09,09,0,0,0,0,0,0,0,0,0,0,0,0,0,0,0,0,0,0,0,0,0,0,0,0,0,0,0,0,0,0,0,0,0,0,0,0,0,0,0,0,0,0,0,0,0,0,0,0,0,0,0,0,0,0,0,0,0,62,41,9,51,26,33,10,10,9,41,32,80,15,20,50,44,27,32,35,10,37,41,30,32,54,11,42,32,30,68,11,35,34,56,37,68,52,9,9,38,54,63,7,46,34,31,10,9,9,41,35,61,13,38,57,54,34,34,43,12,28,29,40,31,49,12,42,31,33,56,11,26,29,47,30,46,48,12,7,30
H,2023HU0071739,8,00200,4,56,1000000,1019518,11,2,1,1,1,,1,2,02,1,2,0,2,3,90,1,2,,4,60,1,2,9,0,1,,,,,3,2,1,8,,,1,9,2,1,1,,1,1,2,2,,,,54000,2,3,1000,1939,,26100,4,,,2,1200,75,01,1,3,07,26100,0,4,4,4,1,1,1,7,0,2,0,0,0,12,0,1,9,0,0,1,1,1,269,,0,1,425,0,15,15,0,0,0,0,0,0,1,0,0,1,0,0,0,1,0,0,0,0,1,0,0,0,0,0,0,0,0,0,0,1,0,0,0,0,0,0,0,0,1,0,0,1,0,0,0,0,0,0,0,0,0,0,0,0,0,0,0,2,10,15,13,16,12,17,19,17,12,3,11,18,11,13,22,14,5,3,4,4,13,12,11,14,11,16,16,22,14,4,13,21,10,13,23,18,4,3,26,25,13,13,13,9,9,4,5,1,10,19,10,5,17,14,3,14,15,13,22,23,12,16,8,8,16,3,5,4,16,25,12,3,16,11,3,12,17,25,4
H,2023HU0072312,8,00300,4,56,1000000,1019518,81,4,1,1,2,1,1,7,02,1,2,0,2,3,340,2,2,,4,200,1,1,9,2000,1,,,,,3,2,1,17,,,1,9,2,1,1,,1,1,1,2,,,,500000,5,2,,1980,,130400,2,,,1,9500,82,01,1,2,11,130400,1,2,4,2,1,1,2,7,0,4,0,0,1,11,0,1,9,1,1,1,1,3,1144,,0,1,5250,3,10,10,0,0,0,0,0,0,0,0,0,0,0,0,0,0,0,0,0,0,0,0,0,0,0,0,0,0,0,0,0,0,0,0,0,0,0,0,0,0,0,0,0,0,0,0,0,0,0,0,0,0,0,0,0,0,0,0,0,68,64,66,27,162,27,92,135,130,134,75,21,151,74,69,80,102,27,25,75,91,62,80,26,120,21,92,155,152,129,81,27,138,86,65,84,68,25,30,69,65,77,92,22,133,23,81,153,127,123,87,24,150,87,78,83,89,22,20,74,76,86,82,23,129,25,97,140,127,129,113,25,155,115,69,96,91,22,25,100
H,2023HU0072979,8,00100,4,56,1000000,1019518,133,3,1,1,1,,1,2,02,1,2,,2,1,,2,2,,1,,3,2,9,,1,,,,,,2,1,10,,,1,9,1,1,1,,1,2,1,4,,,,,2,1,,1960,,129000,2,,,1,9500,68,01,1,3,07,129000,1,2,4,2,1,1,2,4,0,3,0,0,1,,0,1,9,1,1,1,1,3,,,1,0,,2,13,13,0,0,0,0,0,0,0,0,0,0,0,1,0,0,0,0,0,1,0,0,0,0,0,0,0,0,0,0,0,0,0,0,0,0,0,0,0,0,0,0,0,0,0,0,0,0,0,0,0,0,0,0,0,0,0,0,0,133,248,96,42,261,199,56,113,70,60,145,48,207,146,115,157,138,217,120,44,148,242,186,35,200,158,39,152,123,50,123,59,161,117,162,207,153,159,104,33,175,233,169,34,174,189,40,158,141,35,103,48,117,102,135,187,204,194,119,34,157,213,157,38,190,250,50,133,107,48,140,52,227,156,115,298,112,176,179,44
H,2023HU0073054,8,00400,4,56,1000000,1019518,56,3,1,1,1,,1,4,02,1,2,0,2,3,190,2,2,,4,90,1,1,9,1100,1,,,,,3,2,1,9,,,1,9,2,1,1,,1,2,1,2,,,,240000,2,3,1100,1970,,30000,4,,,1,9500,52,01,1,2,11,30000,0,4,4,4,1,1,1,1,0,3,0,0,0,19,0,1,9,0,0,0,0,3,463,,0,1,0,1,10,10,0,0,0,0,0,0,0,0,0,0,0,0,0,0,0,0,0,0,0,0,0,0,0,0,0,0,0,0,0,0,0,0,0,0,0,0,0,0,0,0,0,0,0,0,0,0,0,0,0,0,0,0,0,0,0,0,0,67,17,52,76,86,113,61,58,56,47,98,13,13,12,39,83,47,22,80,137,44,22,71,63,60,87,95,103,69,68,64,17,21,14,44,85,41,19,53,134,95,28,74,99,85,90,60,59,61,84,81,23,11,14,51,70,66,19,69,84,33,16,55,66,74,113,61,83,100,46,36,14,20,14,37,92,50,16,40,124
H,2023HU0073263,8,00500,4,56,1000000,1019518,9,1,1,2,1,,1,3,01,,2,0,,3,50,2,2,,4,70,1,,9,600,1,800,,,,3,,1,6,,,1,9,,1,2,,1,2,1,2,,,,150000,1,3,90,2010,,,,,,1,9500,81,01,1,4,09,50000,0,4,4,4,1,1,1,4,0,,0,0,0,8,0,1,9,0,0,1,1,3,313,,0,0,825,,,,0,0,0,0,0,0,0,0,0,0,0,0,0,1,0,0,0,0,0,0,0,0,0,0,0,0,0,0,0,0,0,0,0,0,0,0,0,0,0,0,0,1,0,0,0,0,0,0,0,0,0,0,0,0,0,0,0,3,13,17,3,6,12,1,3,10,7,12,9,10,10,9,17,7,8,3,9,3,20,13,2,12,18,3,4,8,11,12,11,12,9,7,12,8,9,3,7,3,20,15,2,6,13,3,3,8,7,17,9,13,10,6,14,7,8,3,10,3,17,14,3,6,12,3,1,8,7,15,9,10,8,8,15,9,11,2,7
H,2023HU0073667,8,00500,4,56,1000000,1019518,16,2,1,1,2,1,1,3,02,1,2,0,2,3,210,2,3,500,4,150,6,1,9,2000,1,,,,,3,2,1,9,,,1,9,2,1,1,600,1,2,1,1,,,,480000,3,3,80,1990,1,80000,4,,,1,9500,50,01,1,1,02,80000,0,4,4,4,1,1,1,3,0,2,0,0,0,21,0,1,9,0,0,0,0,3,1413,2,0,1,2850,2,01,01,0,0,0,0,0,0,0,0,0,0,0,0,0,0,0,0,0,0,0,0,0,0,0,0,0,0,0,0,0,0,0,0,0,0,0,0,0,0,0,0,0,0,0,0,0,0,0,0,0,0,0,0,0,0,0,0,0,20,31,14,6,13,8,35,13,3,7,16,19,19,21,24,24,13,6,25,3,13,4,10,22,17,36,8,12,26,37,12,15,32,12,13,5,11,23,3,29,15,24,14,5,13,8,33,16,4,3,14,17,24,26,21,31,11,3,23,6,26,5,13,23,9,29,8,27,19,17,12,20,17,14,24,6,23,29,5,28
H,2023HU0074064,8,00300,4,56,1000000,1019518,76,1,1,1,1,,1,3,02,1,2,0,1,3,60,2,2,,4,150,1,1,9,1600,2,,,,,3,2,1,7,,,1,9,2,1,2,,1,2,1,2,,,,175000,1,3,380,1950,,,,,,1,9500,73,01,1,4,09,86600,0,4,4,4,1,1,1,7,0,,0,0,0,6,0,1,9,0,0,1,1,1,463,,0,1,1050,,,,0,0,0,0,0,0,0,0,0,0,0,0,0,0,0,0,0,0,0,0,0,0,0,0,0,0,0,0,0,0,0,0,0,0,0,0,0,0,0,0,0,0,0,0,0,0,0,0,0,0,0,0,0,0,0,0,0,24,27,23,26,105,65,64,22,171,83,69,131,63,83,150,89,65,70,133,99,25,27,21,27,134,81,69,23,140,64,90,122,53,67,112,81,89,56,107,71,22,21,23,23,117,73,78,21,103,65,88,140,80,70,147,98,76,82,125,68,22,23,27,23,113,81,82,23,143,82,61,156,65,59,138,68,75,86,136,65
H,2023HU0074346,8,00400,4,56,1000000,1019518,138,4,1,1,2,1,1,3,02,1,2,0,2,3,180,2,2,,4,80,1,1,9,2000,1,,1,900,1,1,2,1,4,,,1,9,2,1,2,,1,2,1,1,,,,252000,2,2,,1980,3,41600,2,,,1,9500,45,01,1,2,03,84900,0,2,2,2,1,1,1,4,2,3,0,1,2,16,2,1,9,0,1,0,0,2,1160,3,0,1,1250,1,10,10,0,0,0,0,0,0,0,0,0,0,0,0,0,0,0,0,0,0,0,0,1,0,0,0,0,0,0,0,0,0,0,0,0,0,0,0,0,0,0,0,0,0,0,0,0,0,0,0,0,0,0,0,0,0,0,0,0,39,96,46,112,147,134,172,144,208,140,136,291,157,40,192,235,53,101,148,216,259,136,197,127,103,149,50,143,50,120,172,53,146,232,46,42,206,138,135,219,227,115,219,131,187,127,45,108,34,90,150,49,173,274,46,34,254,144,159,40,38,101,45,160,157,134,258,138,189,147,156,285,136,35,322,217,40,115,115,54
H,2023HU0074408,8,00500,4,56,1000000,1019518,97,1,1,3,1,,1,4,02,,2,0,,3,30,2,2,,4,100,1,,9,650,2,,,,,3,,1,8,,,1,9,,1,2,,1,2,1,2,,,,650000,2,3,780,1939,,,,,,1,9500,79,01,1,4,09,118200,0,4,4,4,1,1,1,7,0,,0,0,0,6,0,1,9,0,0,1,1,1,545,,0,1,3550,,,,0,0,0,0,0,0,0,0,0,0,0,0,0,1,0,0,0,1,0,0,0,0,0,0,0,0,0,0,0,0,0,0,0,0,0,0,0,0,0,0,0,1,0,0,0,0,0,0,0,0,0,0,0,0,0,1,0,101,155,114,93,104,163,99,127,41,83,22,91,108,141,29,21,192,82,28,95,35,117,33,34,166,66,130,113,107,162,97,111,30,23,66,100,90,188,96,167,107,114,108,128,86,166,91,125,37,65,30,83,105,119,29,24,143,91,30,86,28,103,34,41,190,88,170,88,133,141,103,129,21,30,101,118,87,120,94,140
H,2023HU0075033,8,00400,4,56,1000000,1019518,29,2,1,1,1,,1,3,02,1,2,0,2,3,120,2,2,,4,140,1,1,9,1400,1,,1,840,1,1,2,1,5,,,1,9,2,1,1,,1,1,1,1,,,,230000,3,3,980,1960,1,175000,4,,,1,9500,52,01,9,1,02,175000,0,4,4,4,1,1,1,6,0,2,0,0,0,8,0,1,9,0,0,0,0,3,1182,3,0,1,1950,2,01,01,0,0,0,0,0,0,0,0,0,0,0,1,0,0,0,0,0,1,0,0,0,0,0,0,0,0,0,0,0,0,0,0,0,0,0,0,0,0,0,0,0,0,0,0,0,0,0,0,0,0,0,0,0,0,0,0,0,35,41,24,41,55,25,34,42,31,22,49,48,61,49,25,41,22,33,32,7,35,28,20,7,11,39,20,13,38,41,10,7,12,9,37,4,31,10,30,52,43,43,34,47,52,19,47,45,22,32,70,34,50,33,25,40,27,38,21,7,29,27,26,9,7,33,22,11,31,38,13,7,10,10,32,9,27,9,23,63
H,2023HU0075123,8,00500,4,56,1000000,1019518,9,3,1,1,,,1,2,04,1,2,0,2,3,230,2,2,,4,50,1,1,9,1400,1,,1,600,1,1,2,1,5,,,1,9,2,1,1,,1,2,1,1,,,,275000,2,3,1200,1970,,32400,4,,,1,9500,69,01,1,2,11,84400,0,4,4,4,1,1,1,3,0,2,0,1,0,14,0,1,9,0,0,1,1,3,980,3,0,0,1450,1,11,10,0,0,0,0,0,0,0,0,0,0,0,1,0,0,0,0,0,1,0,0,0,0,0,0,0,0,0,0,0,0,0,0,0,0,0,0,0,0,0,0,0,0,0,0,0,0,0,0,0,0,0,0,0,0,0,0,0,15,7,1,3,3,7,8,6,5,11,12,11,12,5,3,9,16,7,7,18,3,9,13,14,14,10,7,9,8,7,3,3,3,12,13,10,1,7,8,13,3,5,14,14,16,11,8,8,8,8,1,3,1,5,10,8,4,9,9,3,16,7,3,4,2,6,9,7,7,9,16,13,12,8,3,10,11,6,9,2
H,2023HU0075360,8,00500,4,56,1000000,1019518,38,1,1,1,3,1,1,3,02,1,2,0,2,3,70,2,3,1200,4,80,6,2,9,2800,1,,,,,3,2,1,4,,,1,9,2,1,1,,1,2,1,2,,,,700000,1,2,,2000,,,,,,1,9500,70,01,9,6,05,58500,0,4,4,4,1,1,1,5,0,,0,0,0,15,0,1,9,0,0,1,1,3,738,,0,0,3050,,,,0,0,0,0,0,0,0,0,0,0,0,0,0,0,0,0,0,0,0,0,0,0,0,0,0,0,0,0,0,0,0,0,0,0,0,0,0,0,0,0,0,0,0,0,0,0,0,0,0,0,0,0,0,0,0,0,0,74,35,27,36,64,34,9,39,69,57,28,35,62,9,29,8,11,30,13,50,11,42,31,45,12,42,64,33,18,15,51,32,12,61,35,69,56,40,59,37,53,44,46,43,52,33,10,28,53,57,39,33,60,13,31,16,13,42,10,39,9,37,35,36,13,41,56,33,10,9,41,39,14,63,31,69,57,56,76,44
H,2023HU0075417,8,00300,4,56,1000000,1019518,69,2,1,1,,,1,2,05,1,2,,2,3,60,2,2,,2,,1,1,9,,1,,,,,,2,1,6,2,980,1,9,2,1,1,,1,2,1,3,,,,,1,1,,1990,,,,1040,23,1,9500,28,01,1,5,12,55360,0,4,4,4,1,1,1,4,0,,0,1,0,,0,1,9,0,0,0,0,3,,,1,0,,,,,0,0,0,0,0,0,0,0,0,0,0,0,0,0,0,0,0,0,0,0,0,0,0,0,0,0,0,0,0,0,0,0,0,0,0,0,0,0,0,0,0,0,0,0,0,0,0,0,0,0,0,0,0,0,0,0,0,93,117,89,66,124,88,94,15,19,61,54,84,162,69,23,71,26,22,119,86,59,138,64,47,207,83,155,24,19,61,58,77,132,68,18,68,17,22,136,56,96,120,75,73,100,72,101,13,19,71,68,83,175,65,21,78,23,20,101,78,77,147,54,75,173,88,124,17,17,75,50,74,117,64,16,82,18,29,149,60
H,2023HU0075787,8,00100,4,56,1000000,1019518,173,2,1,1,1,,1,3,02,1,2,0,2,3,180,2,2,,2,,3,1,9,3600,1,,1,2000,1,1,2,1,4,,,1,9,2,1,1,,1,1,1,1,,,,800000,2,3,590,2000,1,90000,4,,,1,9500,28,01,1,1,02,90000,0,4,4,4,1,1,1,1,0,2,0,0,0,30,0,1,9,0,0,0,0,3,2229,3,0,1,1550,2,01,01,0,0,0,0,0,0,0,0,0,0,1,1,0,0,1,0,0,1,0,0,1,0,0,0,0,0,0,0,0,0,0,0,0,0,0,0,0,0,0,0,0,1,0,0,0,0,0,1,0,0,0,0,0,1,0,1,0,34,138,156,54,72,60,43,179,59,145,87,313,236,164,122,54,59,213,172,169,177,392,391,187,164,163,169,222,148,311,231,324,260,238,197,184,187,251,284,109,39,158,141,65,63,62,54,160,67,153,61,276,240,215,155,44,52,157,126,125,175,332,350,179,139,156,197,222,180,274,186,291,257,235,293,186,192,263,264,83
H,2023HU0076654,8,00100,4,56,1000000,1019518,16,1,1,1,1,,1,2,01,1,2,0,2,3,60,2,2,,4,20,1,1,9,820,1,300,,,,3,2,1,7,,,1,9,2,1,1,,1,1,1,2,,,,40000,2,3,720,1980,,,,,,1,9500,63,01,1,6,05,65000,0,4,4,4,1,1,1,6,0,,0,0,0,5,0,1,9,0,0,1,0,3,260,,0,0,325,,,,0,0,0,0,0,0,0,0,0,0,0,0,0,0,0,0,0,0,0,0,0,0,0,0,0,0,0,0,0,0,0,0,0,0,0,0,0,0,0,0,0,0,0,0,0,0,0,0,0,0,0,0,0,0,0,0,0,5,15,19,4,16,4,19,22,17,12,9,4,14,23,18,25,32,7,13,20,23,17,13,32,24,21,4,3,20,22,12,19,8,4,20,4,4,24,15,13,5,17,15,4,17,4,21,31,21,12,9,2,15,25,20,26,17,4,15,16,20,16,16,28,21,30,5,4,16,22,15,17,13,5,15,4,2,30,21,20
H,2023HU0077638,8,00500,4,56,1000000,1019518,245,2,1,1,1,,1,3,02,1,2,0,2,3,180,2,2,,4,100,1,1,9,2400,2,,1,1200,1,1,2,1,7,,,1,9,2,1,1,,1,1,1,1,,,,300000,3,3,900,1970,1,92000,4,,,1,9500,55,01,1,1,02,92000,0,4,4,4,1,1,1,3,0,2,0,0,0,20,0,1,9,0,0,0,0,2,1555,3,0,1,2150,2,02,01,0,0,0,0,0,0,0,0,0,0,0,0,0,0,0,0,0,0,0,0,1,0,0,0,0,0,0,0,0,0,0,0,0,0,0,0,0,0,0,0,0,0,0,0,0,0,0,1,0,0,0,0,0,0,0,0,0,90,238,296,218,217,361,250,82,141,101,277,267,290,331,262,319,299,472,275,325,273,231,93,220,203,60,319,400,340,414,261,216,250,264,281,92,95,96,218,84,66,190,322,232,231,346,233,66,157,145,230,223,353,258,206,385,392,449,270,353,409,202,86,280,227,93,346,350,289,350,301,229,190,238,305,95,104,64,194,76
H,2023HU0077668,8,00500,4,56,1000000,1019518,20,3,1,3,2,1,1,2,02,,2,0,,3,200,1,2,,4,150,1,,9,0,2,,,,,3,,1,4,,,1,9,,1,2,,1,2,1,2,,,,500000,1,3,240,1980,,37000,2,,,1,9500,60,01,3,3,07,37000,1,2,4,2,1,1,2,5,0,3,0,0,1,12,0,1,9,1,1,1,0,2,370,,0,1,0,1,15,15,0,0,0,0,0,0,0,0,0,0,0,1,0,0,0,0,0,1,0,0,0,0,0,0,0,0,0,0,0,0,0,0,0,0,0,0,0,0,0,0,0,0,0,0,0,0,0,0,0,0,0,0,0,1,0,0,0,29,19,24,14,17,17,5,44,32,7,21,13,29,56,27,45,6,21,36,9,45,20,19,14,22,30,10,18,23,5,24,5,14,41,21,40,4,17,26,34,6,13,19,26,27,18,30,18,6,24,14,30,31,11,22,5,42,28,7,25,9,23,12,21,23,19,35,21,7,39,27,38,25,3,21,12,47,36,12,7
H,2023HU0077803,8,00400,4,56,1000000,1019518,237,4,1,1,1,,1,4,02,1,2,0,2,3,70,2,2,,4,250,1,1,9,1300,1,,1,2000,1,1,2,1,8,,,1,9,2,1,1,,1,1,1,1,,,,400000,2,3,770,1970,1,106600,2,,,2,1200,34,02,8,1,01,106600,0,2,2,2,1,1,1,1,2,4,0,0,2,27,0,1,9,0,1,0,0,2,2384,3,0,1,2250,2,01,01,0,0,0,0,0,0,0,0,0,0,0,0,0,0,0,0,0,0,0,0,1,0,0,0,0,0,0,0,0,0,0,0,0,0,0,0,0,0,0,0,0,0,0,0,0,0,0,1,0,0,0,0,0,0,0,0,0,301,316,284,110,300,335,85,210,324,73,308,77,248,255,247,452,203,305,237,313,239,66,263,322,74,91,355,262,217,353,258,312,262,315,245,64,221,88,292,89,229,362,204,109,459,440,138,268,229,106,243,73,188,196,192,332,352,394,197,350,197,106,247,292,69,89,347,277,207,446,231,402,204,255,225,70,207,118,232,88
H,2023HU0078041,8,00100,4,56,1000000,1019518,81,3,1,1,1,,1,3,02,1,2,0,2,3,140,2,2,,2,,1,1,9,1200,1,,1,1800,1,1,2,1,5,,,1,9,2,1,1,,1,1,1,1,,,,389000,2,3,700,2010,1,117600,1,,,1,9500,28,01,1,1,01,117600,0,1,1,1,1,1,1,2,1,3,0,0,1,20,0,1,9,0,1,0,0,3,1998,3,0,1,1450,2,04,01,0,0,0,0,0,0,0,0,0,0,0,1,0,0,0,0,0,1,0,0,0,0,0,0,0,0,0,0,0,0,0,0,0,0,0,0,0,0,0,0,0,0,0,0,0,0,0,0,0,0,0,0,0,0,0,0,0,179,78,21,71,314,90,71,117,89,27,21,34,127,87,85,108,93,105,177,24,148,102,25,61,115,65,77,113,88,27,25,29,80,64,62,92,63,95,140,33,144,78,25,86,229,83,72,121,106,21,26,28,113,125,75,81,80,132,183,26,109,66,28,85,125,77,90,129,83,23,30,21,68,75,61,60,73,156,107,23
H,2023HU0078189,8,00500,4,56,1000000,1019518,43,1,1,1,1,,1,1,02,1,2,0,2,3,40,2,2,,4,40,2,2,9,1100,1,,2,550,2,1,2,1,5,,,1,9,1,1,1,550,1,1,1,1,,,,350000,1,2,,2000,,,,,,1,9500,64,01,1,6,05,40910,0,4,4,4,1,1,1,3,0,,0,0,0,42,0,1,9,0,0,1,0,3,1426,2,0,1,1850,,,,0,0,0,0,0,0,0,0,0,0,0,0,0,0,0,0,0,0,0,0,0,0,0,0,0,0,0,0,0,0,0,0,0,0,0,0,0,0,0,0,0,0,0,0,0,0,0,0,0,0,0,0,0,0,0,0,0,49,45,39,14,52,38,61,71,15,10,85,48,12,83,87,37,47,12,38,57,51,41,49,94,38,48,11,14,88,64,11,39,83,13,15,34,39,72,43,53,49,50,39,105,43,47,15,12,58,74,12,43,64,13,10,53,50,69,43,27,43,53,47,14,42,42,62,57,11,16,75,48,13,111,83,50,36,16,33,46
H,2023HU0078543,8,00200,4,56,1000000,1019518,43,3,1,1,2,1,1,4,02,1,2,0,2,3,150,2,2,,4,150,1,1,9,1700,1,,1,1000,1,1,2,1,11,,,1,9,2,1,1,,1,1,1,1,,,,400000,4,3,430,1980,,54200,4,,,1,9500,56,23,1,3,07,54200,0,4,4,4,1,1,1,7,0,3,0,0,0,30,0,1,9,0,0,0,0,3,1336,3,0,1,2150,3,14,14,0,0,0,0,0,0,0,0,0,0,0,0,0,0,0,0,0,0,0,0,0,0,0,0,0,0,0,0,0,0,0,0,0,0,0,0,0,0,0,0,0,0,0,0,0,0,0,0,0,0,0,0,0,0,0,0,0,26,27,20,72,40,49,70,9,33,28,131,110,16,10,47,47,14,76,77,59,75,55,8,31,86,34,39,20,49,50,71,49,11,12,71,47,12,53,69,54,51,76,52,24,62,42,32,89,52,77,11,13,69,69,18,43,54,14,14,38,20,33,126,49,30,37,61,60,26,39,11,29,75,60,12,34,74,20,19,43
H,2023HU0078754,8,00300,4,56,1000000,1019518,128,2,1,1,1,,1,3,02,1,2,0,2,3,130,2,2,,4,80,1,2,9,0,1,,,,,3,2,1,6,,,1,9,2,1,1,,1,1,1,2,,,,450000,2,3,220,2000,1,174400,4,,,1,9500,88,02,1,1,02,174400,0,4,4,4,1,1,1,5,0,2,0,0,0,3,0,1,9,0,0,2,2,1,441,,0,1,2550,0,09,09,0,0,0,0,0,0,0,0,0,0,0,1,0,1,0,0,0,1,0,0,0,0,0,0,0,0,0,0,0,0,0,0,0,0,0,0,0,0,0,0,0,1,0,0,0,0,0,0,0,0,0,0,0,0,0,0,0,154,188,40,42,52,35,206,170,284,57,217,104,120,242,113,125,273,104,116,112,95,26,222,254,205,180,52,183,133,221,44,113,121,37,113,139,55,92,89,96,117,44,179,187,232,315,34,163,241,236,32,94,130,60,117,160,60,136,108,118,99,156,49,39,34,35,190,155,140,55,262,126,139,325,104,111,265,111,92,118
H,2023HU0079019,8,00400,4,56,1000000,1019518,14,4,1,1,1,,1,3,02,1,2,,2,3,120,2,2,,4,60,1,1,9,,1,,,,,,2,1,7,2,1000,1,9,2,1,1,,1,1,1,3,,,,,2,3,770,1950,,51700,2,1244,29,1,9500,80,01,1,3,07,51700,1,2,4,2,1,1,1,5,0,4,1,0,2,,0,1,9,0,1,1,1,1,,,1,0,,2,14,13,0,0,0,0,0,0,0,0,0,0,0,1,0,0,0,1,0,1,0,0,0,0,0,0,0,0,0,0,0,0,0,0,0,0,0,1,0,0,0,0,0,0,0,0,0,0,0,0,0,0,0,0,0,0,0,0,0,4,5,5,9,18,15,15,15,14,26,19,12,4,11,22,18,13,20,16,27,21,23,19,11,13,17,10,11,3,4,5,17,21,9,3,14,17,5,10,4,5,2,5,16,14,13,13,13,21,25,18,13,5,13,21,14,11,21,17,22,30,23,22,15,11,11,12,14,5,3,4,12,20,19,2,12,17,2,12,5
H,2023HU0079555,8,00100,4,56,1000000,1019518,60,2,1,1,1,,1,2,02,1,2,0,2,3,50,2,2,,4,30,1,1,9,1400,1,,,,,3,2,1,5,,,1,9,2,1,1,,1,1,1,2,,,,225000,1,3,610,2010,1,92400,4,,,1,9500,71,01,1,1,02,92400,0,4,4,4,1,1,1,5,0,2,0,0,0,6,0,1,9,0,0,2,2,1,443,,0,1,2350,0,09,09,0,0,0,0,0,0,0,0,0,0,0,0,0,0,0,0,0,0,0,0,0,0,0,0,0,0,0,0,1,0,0,0,0,0,0,0,0,0,0,0,0,0,0,0,0,0,0,0,0,0,0,0,0,0,0,0,1,112,61,80,54,56,69,15,52,96,16,46,18,70,116,59,106,22,54,94,19,94,69,56,42,58,59,15,56,127,21,83,18,47,104,60,91,17,59,109,18,106,64,54,63,64,67,19,50,95,20,61,19,62,92,56,102,17,54,93,18,121,66,69,50,60,62,17,81,80,17,60,21,48,116,57,83,20,66,95,24
H,2023HU0079585,8,00100,4,56,1000000,1019518,141,5,1,1,1,,1,4,02,1,2,0,2,3,120,2,2,,4,40,1,1,9,2200,1,,1,5300,1,1,2,1,9,,,1,9,2,1,1,,1,1,1,1,,,,3500000,5,3,50,1990,1,291900,2,,,2,1200,52,01,1,1,01,360900,0,2,2,2,1,1,1,6,1,3,0,1,1,18,0,1,9,0,1,0,0,3,5464,3,0,1,13500,2,01,01,0,0,0,0,0,0,0,0,0,0,0,1,0,0,0,0,0,1,0,0,0,0,0,0,0,0,0,0,0,0,0,0,0,0,0,0,0,0,0,0,0,0,0,0,0,0,0,0,0,0,0,0,0,0,0,0,0,38,175,319,92,158,39,158,249,189,120,155,214,98,172,69,111,253,41,118,26,68,190,232,117,196,49,144,199,198,139,138,160,190,185,42,131,250,35,142,93,37,134,207,172,289,48,115,203,229,106,134,92,119,124,46,156,221,51,133,54,37,120,190,141,323,44,108,187,225,161,187,115,162,148,37,183,234,44,121,35
H,2023HU0079740,8,00500,4,56,1000000,1019518,22,2,1,1,2,2,1,3,02,1,2,0,2,3,120,2,2,,4,60,1,1,9,2000,1,,1,1700,1,1,2,1,6,,,1,9,2,1,1,,1,2,1,1,,,,500000,4,2,,2010,1,60100,4,,,1,9500,76,01,1,1,02,60100,0,4,4,4,1,1,1,5,0,2,0,0,0,38,0,1,9,0,0,2,2,2,1880,3,0,1,1550,1,07,03,0,0,0,0,0,0,1,0,0,0,0,1,0,1,0,0,0,1,0,0,0,0,0,0,0,0,0,0,0,0,0,0,0,0,0,0,0,0,0,0,0,1,0,0,0,0,0,0,0,0,0,0,0,0,0,0,0,22,45,30,20,7,6,25,33,7,36,19,19,23,26,23,21,5,36,25,25,40,23,19,43,26,17,43,21,20,26,46,7,6,7,8,35,21,20,7,21,7,17,30,6,18,20,6,21,21,20,6,35,48,32,29,8,25,21,40,48,21,7,7,19,35,42,20,7,34,6,20,20,22,22,25,21,51,9,31,6
H,2023HU0080677,8,00500,4,56,1000000,1019518,67,2,1,1,1,,1,3,02,1,2,0,2,3,260,1,2,,3,,3,1,9,1300,1,,2,680,2,1,2,1,6,,,1,9,2,1,1,,1,1,1,1,,,,231000,1,3,950,1970,1,16900,4,,,3,1155,67,01,1,1,02,16900,0,4,4,4,1,1,1,7,0,2,0,0,0,92,0,1,9,0,0,2,2,1,1290,3,0,1,1950,0,09,09,0,0,0,0,0,0,0,0,0,0,0,0,0,0,0,0,0,0,0,0,0,0,0,0,1,1,1,0,0,0,0,0,0,0,0,0,0,0,0,0,0,1,0,0,0,0,0,0,0,0,0,0,0,0,0,0,0,63,66,86,57,64,22,27,126,98,19,83,139,18,18,73,77,132,80,72,52,55,69,95,62,62,16,17,93,129,20,72,135,19,23,61,91,96,62,71,77,62,76,97,62,63,22,23,126,115,24,76,105,18,17,63,64,113,76,65,62,61,79,122,75,72,18,21,97,114,28,72,99,20,16,59,77,97,59,73,60
H,2023HU0080940,8,00500,4,56,1000000,1019518,165,2,1,1,1,,1,4,02,1,2,0,2,3,50,2,2,,4,230,1,1,9,1500,1,,2,950,2,1,2,1,8,,,1,9,2,1,1,,1,2,1,1,,,,310000,1,3,300,1980,1,18700,4,,,1,9500,72,01,1,1,02,18700,0,4,4,4,1,1,1,4,0,2,0,0,0,100,0,1,9,0,0,2,2,1,1559,3,0,1,2150,0,09,09,0,0,0,0,0,0,1,0,0,0,0,1,0,1,0,0,0,1,0,0,0,0,0,0,0,0,0,0,0,0,0,0,0,0,0,0,0,0,0,0,0,1,0,0,0,0,0,0,0,0,0,0,0,0,0,0,0,64,188,178,181,287,223,173,248,50,305,45,166,53,57,142,111,162,132,165,129,135,313,64,41,174,205,213,121,196,134,182,264,130,178,70,54,246,256,52,70,177,137,177,203,44,48,154,43,294,50,273,213,285,310,210,157,144,162,131,142,213,58,241,367,184,167,53,158,131,138,110,39,180,161,275,274,39,76,247,281
H,2023HU0081187,8,00400,4,56,1000000,1019518,69,2,1,1,1,,1,3,02,1,2,0,2,3,80,2,2,,4,30,1,1,9,1200,1,,,,,3,2,1,8,,,1,9,2,1,1,,1,1,1,2,,,,450000,3,2,,2020,1,125000,4,,,1,9500,62,01,1,1,02,125000,0,4,4,4,1,1,1,3,0,2,0,0,0,4,0,1,9,0,0,2,0,3,414,,0,1,2450,1,08,09,0,0,0,0,0,0,0,0,0,0,0,0,0,0,0,0,0,0,0,0,0,0,0,0,0,0,0,0,0,0,0,0,0,0,0,0,0,0,0,0,0,0,0,0,0,0,0,0,0,0,0,0,0,0,0,0,0,36,27,62,75,81,75,63,155,87,20,105,85,103,54,24,72,17,117,76,96,20,17,71,63,79,74,88,119,64,21,104,65,115,70,24,67,20,97,65,101,22,16,66,86,66,80,78,120,57,27,114,84,137,56,23,72,21,105,52,106,21,20,61,58,82,69,64,132,73,23,137,67,124,82,25,67,21,122,87,113
H,2023HU0081348,8,00400,4,56,1000000,1019518,174,1,1,1,1,,1,2,02,1,2,0,2,3,40,2,2,,4,30,6,1,9,1600,1,,1,680,1,1,2,1,3,,,1,9,2,1,1,,1,2,1,1,,,,300000,1,3,580,1950,,,,,,1,9500,24,01,1,4,09,45500,0,4,4,4,1,1,1,3,0,,0,0,0,21,0,1,9,0,0,0,0,3,798,3,0,1,1650,,,,0,0,0,0,0,0,0,0,0,0,0,0,0,0,0,0,0,0,0,0,0,0,0,0,0,0,0,0,0,0,0,0,0,0,0,0,0,0,0,0,0,0,0,0,0,0,0,0,0,0,0,0,0,0,0,0,0,197,260,206,156,424,71,165,155,152,54,158,326,130,58,91,122,180,56,334,154,224,336,281,204,264,72,242,183,172,52,153,252,113,56,71,147,191,65,253,255,155,207,221,198,336,39,182,252,190,59,188,288,176,73,56,165,225,53,289,130,188,240,267,176,262,40,170,264,194,65,271,210,190,47,36,237,172,59,298,178
H,2023HU0082116,8,00100,4,56,1000000,1019518,63,2,1,1,2,1,1,3,01,1,2,0,2,3,4,2,2,,3,,3,2,9,0,2,4,1,2500,1,1,2,1,5,,,1,9,2,1,1,4,1,2,1,1,,,,750000,2,3,4,2000,1,48000,4,,,1,9500,67,01,1,1,02,48000,0,4,4,4,1,1,1,4,0,2,0,0,0,63,0,1,9,0,0,1,1,3,2509,2,0,0,2550,1,07,07,0,0,0,0,0,0,0,0,0,0,0,0,0,0,0,0,0,0,0,0,0,0,0,0,0,0,0,0,0,0,0,0,0,0,0,0,0,0,0,0,0,0,0,0,0,0,0,0,0,0,0,0,0,0,0,0,0,16,69,93,61,74,90,43,14,13,21,67,45,54,60,77,128,131,113,50,18,17,52,115,97,76,116,66,16,15,21,68,59,77,83,82,156,106,113,74,95,105,86,27,60,61,20,57,87,111,112,64,62,45,64,83,19,26,26,64,98,91,51,18,68,73,15,58,121,101,106,46,60,73,51,69,21,21,18,57,16
H,2023HU0083477,8,00500,4,56,1000000,1019518,50,2,1,1,1,,1,2,01,1,2,0,2,3,160,2,2,,4,100,1,1,9,0,1,10000,,,,3,2,1,4,,,1,9,1,1,1,,1,1,1,2,,,,12000,2,3,480,1980,1,20000,4,,,1,9500,62,01,1,1,02,20000,0,4,4,4,1,1,1,6,0,2,0,0,0,68,0,1,9,0,0,2,0,2,1135,,0,0,25,1,07,03,0,0,0,0,0,0,0,0,0,0,0,0,0,0,0,0,0,0,0,0,0,0,0,1,0,0,0,0,0,0,0,0,0,0,0,0,0,0,0,0,0,1,0,0,0,0,0,1,0,0,0,0,0,1,0,0,0,63,78,42,110,82,57,59,60,34,80,57,93,44,78,81,73,60,69,46,60,10,16,43,16,20,33,45,55,40,19,53,16,60,14,14,15,12,59,52,51,24,16,55,14,9,50,52,46,54,13,48,16,39,21,21,14,16,54,61,55,93,85,48,64,75,54,52,48,50,83,51,70,36,92,112,79,63,37,51,67
H,2023HU0083810,8,00200,4,56,1000000,1019518,42,0,1,,2,,1,4,02,,,,,,,,,,,,,,9,,,,,,,,,1,13,,,1,9,,1,,,1,,,,5,,5,,,,,2000,,,,,,,,,,,,,,,,,,1,,,,,,,,,,,1,9,,,,,2,,,0,0,,,,,0,1,0,1,1,0,0,0,0,0,0,0,0,0,0,0,0,0,0,0,0,1,0,0,0,0,0,0,0,0,1,0,1,1,0,0,1,0,0,1,0,0,0,0,0,1,0,0,0,0,0,0,0,0,0,0,0,57,46,57,39,67,81,59,57,12,31,49,34,34,68,45,12,15,15,40,12,41,43,36,51,120,70,66,33,16,50,62,31,26,61,45,11,11,11,47,62,50,60,50,40,13,12,10,49,75,33,8,35,46,15,52,72,59,68,41,66,32,42,41,43,16,15,16,33,80,52,12,30,41,14,41,67,53,79,60,17
H,2023HU0084683,8,00300,4,56,1000000,1019518,64,3,1,1,1,,1,2,03,1,2,,2,1,,2,2,,1,,1,2,9,,1,,,,,,2,1,4,2,1100,1,9,2,1,1,,1,1,1,3,,,,,2,1,,2010,1,45000,1,1100,29,1,9500,21,01,1,1,01,45000,0,1,1,1,1,1,1,1,1,3,0,0,1,,0,1,9,0,1,0,0,3,,,1,0,,1,03,09,0,0,0,0,0,0,0,0,0,0,0,1,0,0,0,0,0,1,0,0,0,0,0,0,0,0,0,0,0,0,0,0,0,0,0,0,0,0,0,0,0,0,0,0,0,0,0,0,0,0,0,0,0,0,0,0,0,61,15,107,47,87,115,48,62,122,74,53,67,105,17,22,18,19,144,89,84,88,143,20,43,75,15,63,92,27,61,58,61,18,98,78,69,126,17,72,62,75,18,116,70,66,113,64,45,123,51,76,59,81,22,16,23,23,77,67,52,64,148,25,53,61,22,50,60,13,60,56,66,20,178,103,105,136,25,86,65
H,2023HU0084818,8,00300,4,56,1000000,1019518,110,2,1,1,3,1,1,3,02,1,2,0,2,3,90,2,2,,4,40,2,1,9,2200,1,,1,910,1,1,2,1,5,,,1,9,2,1,1,,1,2,1,1,,,,320000,2,2,,2010,1,57300,4,,,1,9500,79,01,1,1,02,57300,0,4,4,4,1,1,1,4,0,2,0,0,0,22,0,1,9,0,0,2,2,3,1040,3,0,0,1950,0,09,09,0,0,0,0,0,0,0,0,0,0,0,0,0,0,0,0,0,0,0,0,0,0,0,0,0,0,0,0,0,0,0,0,0,0,0,0,0,0,0,0,0,0,0,0,0,0,0,0,0,0,0,0,0,0,0,0,0,85,110,121,149,184,118,48,145,37,118,25,78,35,94,140,200,129,38,114,165,32,23,231,113,104,170,85,213,137,121,101,31,167,41,111,104,34,120,164,179,88,116,138,123,192,101,34,109,31,130,31,88,38,117,152,183,118,36,140,137,46,33,208,127,101,175,94,194,120,116,144,34,117,35,107,92,45,95,157,152
H,2023HU0086472,8,00500,4,56,1000000,1019518,87,1,1,1,1,,1,3,01,1,2,0,1,3,40,2,2,,4,60,1,2,9,560,1,0,,,,3,2,1,5,,,1,9,2,1,1,,1,1,1,2,,,,10000,1,3,1600,1970,,,,,,1,9500,53,01,1,4,09,38100,0,4,4,4,1,1,1,6,0,,0,0,0,9,0,1,9,0,0,0,0,3,282,,0,0,25,,,,0,0,0,0,0,0,0,0,0,0,0,0,0,0,0,0,0,0,0,0,0,0,0,1,0,0,0,0,0,0,0,0,0,0,0,0,0,0,0,0,0,1,0,0,0,0,0,0,0,0,0,0,0,0,0,1,0,77,105,81,111,175,221,188,143,77,117,120,154,70,105,76,105,149,100,111,21,84,19,84,91,28,37,32,34,78,21,103,26,89,93,89,114,30,23,77,145,84,205,89,100,138,208,145,93,78,135,111,120,77,111,65,103,115,137,138,31,101,30,74,82,27,21,23,24,93,25,61,22,128,95,82,87,31,31,122,97
H,2023HU0086879,8,00300,4,56,1000000,1019518,255,4,1,1,1,,1,3,02,1,2,0,2,3,310,2,2,,2,,1,1,9,1200,1,,1,1000,1,1,2,1,5,,,1,9,2,1,1,,1,1,1,1,,,,280000,6,3,80,1939,4,,,,,1,9500,27,01,1,5,04,228000,0,4,4,4,1,1,1,3,0,,0,1,0,7,1,1,9,0,0,0,0,3,1317,3,0,1,1250,,,,0,0,0,0,0,0,0,0,0,0,0,0,0,0,0,0,0,0,0,0,0,0,0,0,0,0,0,0,0,0,0,0,0,0,0,0,0,0,0,0,0,0,0,0,0,0,0,0,0,0,0,0,0,0,0,0,0,101,295,134,277,315,421,292,286,217,372,288,301,102,221,257,87,333,346,97,85,217,97,270,320,122,248,119,207,298,247,407,99,228,303,391,270,241,236,278,237,108,223,108,279,315,356,262,293,227,364,309,283,104,225,253,77,383,360,110,107,263,82,250,333,116,252,127,263,297,219,400,98,214,281,385,262,217,258,321,224
H,2023HU0087031,8,00100,4,56,1000000,1019518,10,1,1,1,1,,1,2,02,1,2,,2,3,140,2,3,1200,4,100,2,2,9,,2,,,,,,2,1,4,,,1,9,2,1,1,,1,2,1,4,,,,,2,3,1200,1970,,,,,,1,9500,66,01,1,4,09,52000,0,4,4,4,1,1,1,3,0,,0,0,0,,0,1,9,0,0,1,1,1,,,1,0,,,,,0,1,0,0,0,0,0,0,0,0,0,0,0,0,0,0,1,1,0,0,0,0,0,0,0,0,0,0,0,0,0,0,0,0,0,0,0,0,0,0,0,0,0,0,0,0,0,0,0,0,0,0,0,0,0,0,0,11,13,9,11,8,2,3,9,2,18,4,15,11,17,19,12,11,10,9,11,17,9,2,19,11,10,12,2,12,10,9,9,3,8,9,17,16,3,3,10,13,10,2,18,16,10,8,3,10,12,7,10,3,8,8,18,20,3,2,2,9,14,8,6,7,4,2,11,3,23,4,19,7,14,16,9,14,16,10,2
H,2023HU0087272,8,00500,4,56,1000000,1019518,8,1,1,1,1,,1,2,01,1,2,0,2,3,90,2,2,,4,90,1,2,9,300,2,3100,,,,3,2,1,4,,,1,9,2,1,1,,1,2,1,2,,,,25000,1,2,,2000,,,,,,2,1200,60,02,8,6,05,27000,0,4,4,4,1,1,1,5,0,,0,0,0,22,0,1,9,0,0,1,0,2,490,,0,0,325,,,,0,0,0,0,0,0,0,0,0,0,0,0,0,0,0,0,0,0,0,0,0,0,0,0,0,0,0,0,0,0,0,0,0,0,0,0,0,0,0,0,0,1,0,0,0,0,0,0,0,0,0,0,0,0,0,1,0,8,3,3,15,2,8,9,12,12,15,7,13,3,11,11,3,5,8,9,13,12,8,8,6,5,3,16,8,8,10,3,9,5,7,1,6,2,3,11,11,7,9,15,3,14,9,6,2,2,2,8,8,15,3,7,10,8,7,6,3,2,10,5,8,4,16,3,6,6,6,12,3,10,8,14,9,13,19,2,8
H,2023HU0088586,8,00300,4,56,1000000,1019518,66,2,1,1,1,,1,3,02,1,2,0,2,3,30,2,2,,4,90,1,1,9,1800,1,,,,,3,2,1,10,,,1,9,2,1,1,,1,2,1,2,,,,475000,1,3,750,1940,1,138000,4,,,1,9500,70,01,1,1,02,138000,0,4,4,4,1,1,1,7,0,2,0,0,0,6,0,1,9,0,0,2,2,3,670,,0,1,4050,0,09,09,0,0,0,0,0,0,0,0,0,0,0,0,0,0,0,0,0,0,0,0,0,0,0,0,0,0,0,0,0,0,0,0,0,0,0,0,0,0,0,0,0,0,0,0,0,0,0,0,0,0,0,0,0,0,0,0,0,77,67,72,25,105,59,69,19,92,21,18,113,118,61,67,68,59,17,108,21,61,62,72,112,23,71,64,100,64,93,118,18,15,63,64,75,69,82,17,20,73,64,58,125,18,70,70,103,69,101,122,19,25,70,63,85,61,116,19,111,81,59,52,20,102,65,70,20,76,18,17,121,89,61,60,51,75,16,123,111
H,2023HU0088887,8,00500,4,56,1000000,1019518,50,1,1,1,1,,1,2,02,2,2,0,2,3,60,2,2,,4,90,1,1,9,0,2,,,,,3,2,1,5,,,1,9,2,1,2,,1,1,1,2,,,,100000,2,3,80,1950,,,,,,1,9500,84,01,1,4,09,40800,0,4,4,4,1,1,1,7,0,,0,0,0,6,0,1,9,0,0,1,1,1,192,,0,1,425,,,,0,0,0,0,0,0,1,0,0,0,0,0,0,1,0,0,0,1,0,0,0,0,0,0,0,0,0,0,0,0,0,0,0,0,0,0,0,0,0,0,0,1,0,0,0,0,0,0,0,0,0,0,0,0,0,0,0,45,78,58,42,61,69,81,81,52,64,41,94,61,52,50,52,83,85,50,16,52,20,43,43,19,15,19,17,38,17,43,15,75,60,39,47,16,17,42,78,58,112,47,35,71,72,105,104,44,75,52,93,66,56,46,53,70,72,51,17,48,15,44,42,8,15,17,14,47,13,51,16,59,47,49,50,16,19,43,77
H,2023HU0089168,8,00400,4,56,1000000,1019518,403,3,1,3,,,1,2,07,,2,,,3,30,2,2,,4,10,1,,9,,2,,,,,,,1,3,2,620,1,9,,1,2,,1,2,1,3,,,,,0,3,800,1950,,42000,2,727,21,2,1200,42,07,3,3,06,42000,0,2,2,2,1,1,1,3,1,3,0,0,1,,0,1,9,0,1,0,0,2,,,1,0,,1,13,13,0,0,0,0,0,0,0,0,0,0,1,1,1,1,1,1,1,1,0,0,0,0,0,0,0,0,0,0,0,0,0,0,0,0,0,0,0,0,0,0,0,0,0,0,0,0,0,0,0,0,0,0,0,0,0,1,0,526,140,338,602,417,361,525,624,335,529,170,439,143,316,341,354,146,116,674,268,175,336,689,423,597,448,163,550,164,341,397,121,488,196,514,655,455,431,491,647,524,136,391,751,385,449,435,408,349,538,183,460,170,369,340,317,161,150,482,432,166,541,583,245,671,586,162,534,134,412,332,200,354,140,574,589,427,366,464,526
H,2023HU0089838,8,00500,4,56,1000000,1019518,253,3,1,1,3,1,1,4,02,1,2,0,2,3,80,2,2,,4,80,2,1,9,1500,1,,,,,3,2,1,8,,,1,9,2,1,1,,1,1,1,2,,,,500000,4,3,1200,2000,1,108000,1,,,1,9500,39,01,1,1,01,108000,0,1,1,1,1,1,1,2,1,3,0,0,1,7,0,1,9,0,1,0,0,3,639,,0,0,3050,2,01,01,0,0,0,0,0,0,0,0,0,0,0,0,0,0,0,0,0,0,0,0,0,0,0,0,0,0,0,0,0,0,0,0,0,0,0,0,0,0,0,0,0,0,0,0,0,0,0,0,0,0,0,0,0,0,0,0,0,90,67,279,318,92,404,416,203,187,90,344,273,310,354,86,203,211,326,383,297,79,78,417,248,96,350,382,273,272,89,245,325,208,190,94,232,362,395,372,267,365,360,84,258,332,86,111,270,264,323,257,308,196,236,477,221,261,77,82,263,358,367,79,290,444,82,90,218,191,446,227,319,443,262,334,279,262,69,88,248
H,2023HU0090064,8,00400,4,56,1000000,1019518,313,2,1,1,1,,1,3,02,1,2,0,2,3,150,2,2,,4,100,1,1,9,2500,1,,2,1300,2,1,2,1,8,,,1,9,2,1,1,,1,1,1,1,,,,385000,2,3,120,1939,1,140000,4,,,1,9500,55,01,1,1,02,140000,0,4,4,4,1,1,1,6,0,2,0,0,0,17,0,1,9,0,0,0,0,3,1939,3,0,1,2050,2,01,01,0,0,0,0,0,0,0,0,0,0,0,0,0,0,0,0,0,0,0,0,0,0,0,0,0,0,0,0,0,0,0,0,0,0,0,0,0,0,0,0,0,0,0,0,0,0,0,0,0,0,0,0,0,0,0,0,0,403,303,118,132,105,297,329,342,288,259,375,475,459,362,154,372,380,341,310,142,447,291,108,116,122,296,331,362,244,261,467,507,322,310,175,342,426,312,350,174,399,378,132,118,116,290,359,400,272,332,439,431,385,250,136,439,481,361,322,100,486,325,158,126,112,373,296,296,282,236,487,317,390,285,94,311,379,291,331,123
H,2023HU0091105,8,00100,4,56,1000000,1019518,41,1,1,1,1,,1,2,02,1,2,0,2,3,170,2,2,,3,,3,2,9,3000,2,,,,,3,2,1,4,,,1,9,1,1,1,,1,2,1,2,,,,50000,1,3,840,1960,,,,,,1,9500,68,01,1,6,05,30000,0,4,4,4,1,1,1,5,0,,0,0,0,20,0,1,9,0,0,1,1,2,505,,0,1,175,,,,0,0,0,0,0,0,0,0,0,0,1,0,0,0,0,0,0,0,0,0,1,0,0,0,0,0,0,0,0,0,0,0,0,0,0,0,0,0,0,0,0,1,0,0,0,0,0,0,0,0,0,0,0,0,0,1,0,33,37,60,62,14,9,48,32,11,82,62,36,39,7,41,38,43,47,12,41,46,30,12,19,77,70,13,39,59,15,11,39,42,78,44,46,41,47,75,42,47,49,91,73,13,13,64,31,11,62,62,35,29,13,51,35,49,49,14,45,37,29,11,14,65,58,16,50,62,10,10,30,34,65,48,34,43,38,55,38
H,2023HU0091154,8,00300,4,56,1000000,1019518,87,1,1,3,1,,1,3,02,,2,0,,3,60,2,3,320,4,340,1,,9,1800,2,,,,,3,,1,5,,,1,9,,1,2,,1,2,1,2,,,,450000,2,3,340,1960,,,,,,1,9500,82,01,1,4,09,500300,0,4,4,4,1,1,1,7,0,,0,0,0,2,0,1,9,0,0,1,1,1,826,,0,1,2650,,,,0,0,0,0,0,0,0,0,0,0,0,0,0,1,0,0,0,0,0,0,0,0,0,0,0,0,0,0,0,0,0,0,0,0,0,0,0,0,0,0,0,1,0,0,0,0,0,0,0,0,0,0,0,0,0,0,0,76,166,88,68,89,28,33,82,23,149,25,143,110,165,165,79,90,86,73,80,151,81,28,162,135,95,91,27,93,74,86,86,26,83,79,168,145,22,29,104,121,68,27,127,167,84,100,29,85,87,73,73,33,89,90,144,169,28,26,26,89,168,76,81,89,31,30,79,29,128,27,127,100,143,122,81,90,77,103,29
H,2023HU0091369,8,00100,4,56,1000000,1019518,62,1,1,1,1,,1,2,02,1,2,0,2,3,30,2,2,,4,30,1,1,9,1000,1,,1,1000,1,1,2,1,10,,,1,9,2,1,1,,1,1,1,1,,,,200000,2,3,2000,1960,,,,,,1,9500,36,01,1,6,05,58000,0,4,4,4,1,1,1,3,0,,0,0,0,25,0,1,9,0,0,0,0,3,1227,3,0,1,1250,,,,0,0,0,0,0,0,0,0,0,0,0,0,0,1,0,0,0,0,0,0,0,0,0,0,0,0,0,0,0,0,0,0,0,0,0,0,0,0,0,0,0,1,0,0,0,0,0,0,0,0,0,0,0,0,0,0,0,93,51,92,20,85,52,72,29,58,93,66,15,25,68,42,14,93,46,91,84,18,78,22,125,69,80,99,89,76,23,47,161,98,45,75,99,14,77,24,60,121,47,114,18,56,66,74,20,96,105,45,25,13,47,112,16,115,77,131,76,20,81,17,118,115,65,70,128,34,20,76,81,163,75,33,89,17,69,22,88
H,2023HU0091976,8,00400,4,56,1000000,1019518,95,4,1,1,1,,1,4,03,1,2,0,2,3,350,2,2,,3,,3,1,9,1300,1,,1,1400,1,1,2,1,7,,,1,9,2,1,1,,1,1,1,1,,,,599000,3,3,1500,2000,1,159000,2,,,1,9500,58,01,1,1,02,159000,1,2,4,2,1,1,2,5,0,4,0,0,1,14,0,1,9,1,1,1,1,3,1875,3,0,1,2550,2,03,07,0,0,0,0,0,0,0,0,0,0,0,0,0,0,0,0,0,0,0,0,0,0,0,0,0,0,0,0,0,0,0,0,0,0,0,0,0,0,0,0,0,0,0,0,0,0,0,0,0,0,0,0,0,0,0,0,0,154,104,30,162,91,188,114,24,82,42,159,94,28,32,115,129,74,73,95,187,183,91,24,157,85,118,75,20,86,35,146,105,20,23,173,111,105,118,116,36,22,63,146,22,113,28,99,163,94,138,30,158,170,126,146,115,105,113,108,21,30,105,148,35,83,36,81,113,92,178,35,92,172,177,111,101,67,92,85,124
H,2023HU0092050,8,00400,4,56,1000000,1019518,75,4,1,1,1,,1,5,02,1,2,0,2,3,60,2,2,,4,260,1,1,9,1800,1,,1,1300,1,1,2,1,13,,,1,9,2,1,1,,1,1,1,1,,,,400000,6,3,1500,1970,1,180000,2,,,3,1170,45,01,1,1,01,180000,0,2,2,2,1,1,1,4,1,4,0,0,1,12,0,1,9,0,1,0,0,3,1745,3,0,1,2050,3,01,01,0,0,0,0,0,0,0,0,0,0,0,0,0,0,0,0,0,0,0,0,1,0,0,0,0,0,0,0,0,0,0,0,0,0,0,0,0,0,0,0,0,0,0,0,0,0,0,0,0,0,0,0,0,0,0,0,0,23,59,74,73,81,92,78,160,22,148,28,106,32,40,60,66,85,77,90,117,77,197,28,29,57,45,149,112,98,81,66,115,54,143,26,11,65,124,20,27,147,82,89,95,33,25,83,26,104,20,152,46,96,108,96,104,85,70,60,66,71,16,75,128,70,90,20,71,55,76,97,19,83,75,103,167,31,23,171,127
H,2023HU0092306,8,00400,4,56,1000000,1019518,68,2,1,1,1,,1,4,02,1,2,0,2,3,80,2,2,,4,200,1,1,9,2400,1,,,,,3,2,1,9,,,1,9,2,1,1,,1,2,1,2,,,,220000,2,3,1000,1939,1,242000,4,,,1,9500,56,01,1,1,02,242000,0,4,4,4,1,1,1,6,0,2,0,0,0,3,0,1,9,0,0,1,0,3,651,,0,1,1050,2,01,01,0,0,0,0,0,0,0,0,0,0,0,1,0,0,0,0,0,1,0,0,0,0,0,0,0,0,0,0,0,0,0,0,0,0,0,0,0,0,0,0,0,0,0,0,0,0,0,0,0,0,0,0,0,0,0,0,0,73,76,119,120,19,121,71,62,19,21,20,90,76,135,25,73,77,52,68,19,22,17,55,56,76,75,122,23,68,68,64,116,22,72,76,103,64,119,114,52,77,65,18,24,118,21,77,71,103,143,120,69,65,20,120,64,18,68,70,114,134,110,70,63,52,88,20,97,76,65,65,16,160,90,76,24,59,20,16,71
H,2023HU0092522,8,00400,4,56,1000000,1019518,57,2,1,1,1,,1,3,02,1,2,0,2,3,120,2,2,,4,220,1,1,9,1500,1,,,,,3,2,1,10,,,1,9,2,1,1,,1,1,1,2,,,,250000,3,3,500,1939,,201000,4,,,1,9500,67,01,1,2,11,201000,0,4,4,4,1,1,1,6,0,2,0,0,0,4,0,1,9,0,0,1,1,3,636,,0,1,1550,2,10,10,0,0,0,0,0,0,0,0,0,0,0,0,0,0,0,0,0,0,0,0,0,0,0,0,0,0,0,0,0,0,0,0,0,0,0,0,0,0,0,0,0,0,0,0,0,0,0,0,0,0,0,0,0,0,0,0,0,17,56,102,58,97,17,56,87,109,67,57,51,55,60,19,56,86,23,64,18,17,60,95,61,111,19,56,93,114,53,50,58,65,60,15,63,117,12,56,17,17,57,98,47,115,18,47,116,115,53,47,81,61,68,17,54,96,16,74,19,18,55,102,77,114,18,58,100,98,52,50,48,62,53,15,55,94,15,52,13
H,2023HU0093585,8,00500,4,56,1000000,1019518,60,2,1,1,1,,1,2,02,1,2,,2,3,40,2,2,,4,50,1,1,9,,1,,,,,,2,1,4,2,850,1,9,2,1,1,,1,2,1,3,,,,,2,3,1200,1970,,60000,4,1040,21,5,4500,58,01,1,3,07,60000,0,4,4,4,1,1,1,3,0,2,0,0,0,,0,1,9,0,0,0,0,3,,,1,0,,1,13,13,0,0,0,0,0,0,0,0,0,0,0,0,0,0,0,0,0,0,0,0,0,0,0,0,0,0,0,0,0,0,0,0,0,0,0,0,0,0,0,0,0,0,0,0,0,0,0,0,0,0,0,0,0,0,0,0,0,126,18,106,61,21,14,17,57,83,17,78,70,64,61,85,82,63,57,78,55,16,118,17,78,106,104,97,49,16,94,69,51,57,56,21,17,61,63,48,47,103,26,98,43,22,26,20,53,78,19,59,72,69,55,98,132,65,55,64,64,16,85,21,56,98,106,83,46,19,116,56,52,56,65,16,15,59,68,47,61
H,2023HU0093860,8,00200,4,56,1000000,1019518,287,0,1,,1,,1,4,02,,,,,,,,,,,,,,9,,,,,,,,,1,10,,,1,9,,1,,,1,,,,4,2,7,,,,,1970,,,,,,,,,,,,,,,,,,1,,,,,,,,,,,1,9,,,,,2,,,0,0,,,,,0,1,0,1,1,0,0,0,0,0,0,0,0,0,0,0,0,0,0,0,0,1,0,0,0,0,0,0,0,0,1,0,1,1,0,0,1,0,0,1,0,0,0,0,0,1,0,0,0,0,0,0,0,0,0,0,1,88,100,409,332,122,413,389,311,297,92,294,318,267,252,98,309,285,478,452,235,112,82,427,321,94,516,590,267,246,93,246,256,332,316,93,282,307,358,455,317,466,545,119,259,360,101,87,233,315,404,303,324,257,274,544,284,272,105,91,295,441,480,96,283,476,91,73,240,285,370,307,283,317,307,423,321,278,101,97,267
H,2023HU0094200,8,00500,4,56,1000000,1019518,120,1,1,1,,,1,2,05,1,2,,2,3,90,2,2,,3,,3,1,9,,1,,,,,,2,1,3,2,750,1,9,2,1,1,,1,2,1,3,,,,,1,1,,1980,,,,840,16,1,9500,34,01,9,4,09,64000,0,4,4,4,1,1,1,2,0,,0,0,0,,0,1,9,0,0,0,0,3,,,1,0,,,,,0,0,0,0,0,0,0,0,0,0,0,0,0,0,0,0,0,0,0,0,0,0,0,0,0,0,0,0,0,0,0,0,0,0,0,0,0,0,0,0,0,0,0,0,0,0,0,0,0,0,0,0,0,0,0,0,0,169,189,74,94,103,96,106,37,31,48,127,183,111,35,118,143,46,132,233,172,223,249,87,101,128,134,108,40,52,63,105,214,131,39,113,173,34,140,203,159,136,122,105,123,119,99,169,37,35,35,134,155,104,29,127,107,36,123,225,205,173,171,159,146,179,140,199,56,46,41,101,185,135,32,110,126,36,130,221,180
H,2023HU0095390,8,00500,4,56,1000000,1019518,71,1,1,1,1,,1,2,02,2,2,0,1,3,70,2,2,,4,290,1,1,9,500,1,,,,,3,2,1,9,,,1,9,2,1,1,,1,2,1,2,,,,200000,1,3,1200,1960,,,,,,1,9500,82,01,1,6,05,71300,0,4,4,4,1,1,1,7,0,,0,0,0,10,0,1,9,0,0,1,1,3,598,,0,1,1150,,,,0,0,0,0,0,0,0,0,0,0,0,0,0,0,1,0,0,0,0,0,0,0,0,0,0,0,0,0,0,0,0,0,0,0,0,0,0,0,0,0,0,1,0,0,0,0,0,0,0,0,0,0,0,0,0,0,0,19,24,55,115,115,67,29,125,19,79,73,73,78,86,80,127,26,77,65,59,71,70,103,64,84,105,68,62,82,124,20,26,21,24,106,95,69,18,118,21,122,93,58,18,22,84,112,22,130,67,77,77,84,54,68,24,113,70,77,96,65,78,23,64,77,21,74,76,76,24,104,105,116,122,23,78,66,117,26,106
H,2023HU0095884,8,00300,4,56,1000000,1019518,106,2,1,1,1,,1,2,01,1,2,0,2,3,150,2,2,,4,150,1,2,9,0,1,6000,,,,3,2,1,7,,,1,9,2,1,1,,1,2,1,2,,,,120000,1,3,580,1980,1,42100,4,,,1,9500,62,01,1,1,02,42100,0,4,4,4,1,1,1,4,0,2,0,0,0,24,0,1,9,0,0,2,1,1,859,,0,0,125,1,06,09,0,1,0,0,0,0,0,0,0,0,0,1,0,0,0,0,0,1,0,0,1,0,0,1,0,0,0,0,0,0,0,0,0,0,0,0,0,0,0,0,0,1,0,0,0,0,0,1,0,0,0,0,0,1,0,0,0,30,103,107,80,180,182,129,162,35,166,40,95,33,38,97,92,98,91,125,106,92,31,147,246,127,106,26,107,126,88,131,28,89,97,157,182,31,29,194,158,24,88,120,102,206,114,99,182,35,158,44,83,40,34,101,107,96,109,104,106,111,36,164,179,106,111,39,120,102,97,103,30,113,104,174,166,33,34,211,184
H,2023HU0095891,8,00400,4,56,1000000,1019518,71,2,1,1,1,,1,3,02,1,2,0,2,3,130,2,3,1200,4,50,1,1,9,2000,2,,1,930,1,1,2,1,6,,,1,9,2,1,1,,1,1,1,1,,,,450000,4,3,1400,1980,1,116000,4,,,1,9500,61,01,1,1,02,116000,0,4,4,4,1,1,1,5,0,2,0,0,0,14,0,1,9,0,0,2,0,1,1327,3,0,1,2750,2,02,01,0,0,0,0,0,0,0,0,0,0,0,0,0,0,0,0,0,0,0,0,1,0,0,0,1,1,1,1,0,0,0,0,0,0,0,0,0,0,0,0,0,1,1,1,1,0,0,1,0,0,0,0,0,1,0,0,0,160,98,77,113,19,53,51,125,79,58,20,74,65,135,19,20,78,18,73,50,70,107,97,62,66,118,21,76,21,22,104,25,154,66,72,73,85,64,20,22,25,66,72,21,103,67,72,21,58,61,119,63,75,23,118,110,77,114,65,57,66,16,16,72,74,21,114,76,112,130,83,129,26,69,102,74,19,74,102,132
H,2023HU0097512,8,00400,4,56,1000000,1019518,78,2,1,1,1,,1,5,02,1,2,0,2,3,100,2,2,,4,60,1,1,9,1800,1,,,,,3,2,1,13,,,1,9,2,1,1,,1,2,1,2,,,,850000,2,3,70,1939,1,111500,4,,,1,9500,69,01,1,1,02,111500,0,4,4,4,1,1,1,5,0,2,0,0,0,6,0,1,9,0,0,2,2,3,570,,0,1,3050,0,09,09,0,0,0,0,0,0,0,0,0,0,0,0,0,0,0,0,0,0,0,0,0,0,0,0,0,0,0,0,0,0,0,0,0,0,0,0,0,0,0,0,0,0,0,0,0,0,0,0,0,0,0,0,0,0,0,0,0,20,108,74,55,93,26,70,86,155,134,18,26,127,104,25,123,132,78,88,101,119,76,79,91,80,149,73,85,20,22,144,120,22,85,127,24,25,67,66,75,24,88,81,70,89,22,61,95,173,118,17,24,121,91,21,143,133,72,105,106,131,94,78,75,64,125,78,85,22,19,114,126,28,88,132,24,22,83,64,67
H,2023HU0097706,8,00200,4,56,1000000,1019518,88,6,1,1,1,,1,2,02,1,2,0,2,3,200,2,2,,4,180,1,2,9,3000,1,,1,1300,1,1,2,1,4,,,1,9,2,1,1,,1,2,1,1,,,,275000,2,3,1500,1939,1,70000,3,,,1,9500,25,01,1,1,01,70000,0,1,1,1,1,1,1,3,4,6,0,0,4,31,0,1,9,0,1,0,0,3,1805,3,0,1,1550,1,07,03,0,0,0,0,0,0,0,0,0,0,0,0,0,0,0,0,0,0,0,0,0,0,0,0,0,0,0,0,0,0,0,0,0,0,0,0,0,0,0,0,0,0,0,0,0,0,0,0,0,0,0,0,0,0,0,0,0,117,110,84,24,44,169,120,27,67,118,46,28,70,87,122,95,136,117,89,75,154,118,80,25,37,138,116,25,119,136,27,21,74,127,113,104,74,67,93,122,131,75,88,25,36,200,141,38,126,128,22,32,79,75,150,89,88,89,92,66,149,90,90,22,17,150,183,22,82,139,26,23,96,52,115,120,120,133,87,106
H,2023HU0097769,8,00500,4,56,1000000,1019518,10,1,1,1,1,,1,2,02,1,2,0,2,3,160,2,3,120,3,,3,1,9,400,2,,,,,3,2,1,3,,,1,9,2,1,1,,1,1,1,2,,,,50000,2,3,1000,1939,,,,,,1,9500,75,01,1,6,05,29700,0,4,4,4,1,1,1,3,0,,0,0,0,12,0,1,9,0,0,1,1,3,301,,0,1,175,,,,0,0,0,0,0,0,0,0,0,0,0,0,0,0,0,0,0,0,0,0,0,0,0,0,0,0,0,0,0,0,0,0,0,0,0,0,0,0,0,0,0,0,0,0,0,0,0,0,0,0,0,0,0,0,0,0,0,12,9,11,19,23,9,10,4,4,17,21,4,11,23,4,4,10,7,16,8,11,12,12,11,24,8,12,3,3,20,20,3,10,20,3,3,15,12,22,12,14,11,11,12,18,11,14,3,4,22,18,3,9,16,4,2,12,12,22,9,11,12,11,17,22,7,10,5,4,16,24,4,9,18,3,2,9,10,24,7
H,2023HU0097973,8,00100,4,56,1000000,1019518,97,3,1,1,1,,1,3,02,1,2,,2,1,,2,2,,3,,3,2,9,,2,,,,,,2,1,5,2,4100,1,9,2,1,1,,1,2,1,3,,,,,3,1,,2000,,,,4100,34,2,1200,33,01,1,5,12,145800,0,4,4,4,1,1,1,1,0,,0,1,0,,0,1,9,0,0,0,0,2,,,1,0,,,,,0,0,0,0,0,0,0,0,0,0,0,0,0,0,0,0,0,0,0,0,0,0,0,0,0,0,0,0,0,0,0,0,0,0,0,0,0,0,0,0,0,0,0,0,0,0,0,0,0,0,0,0,0,0,0,0,1,30,179,208,39,86,142,34,34,111,109,184,166,113,161,95,137,124,95,26,86,154,43,28,131,85,26,183,173,77,86,33,128,115,114,74,25,83,103,168,107,129,32,26,291,160,41,140,140,98,82,26,80,96,83,108,40,81,74,122,130,30,120,195,66,106,202,36,27,108,77,156,105,73,93,87,231,108,71,40,58
H,2023HU0098135,8,00400,4,56,1000000,1019518,69,1,1,1,1,,1,4,02,2,2,0,2,3,50,2,2,,4,80,1,1,9,1500,2,,1,1600,1,1,2,1,12,,,1,9,2,1,2,,1,2,1,1,,,,450000,4,3,1500,1970,,,,,,1,9500,74,01,1,4,09,24900,0,4,4,4,1,1,1,7,0,,0,0,0,89,0,1,9,0,0,1,1,3,1855,3,0,1,2450,,,,0,0,0,0,0,0,0,0,0,0,0,0,0,0,0,0,0,0,0,0,0,0,0,0,0,0,0,0,0,0,0,0,0,0,0,0,0,0,0,0,0,0,0,0,0,0,0,0,0,0,0,0,0,0,0,0,0,17,81,69,70,74,61,105,100,114,74,22,69,118,63,67,100,62,23,19,23,21,74,64,92,62,57,100,128,97,72,30,72,142,73,62,125,87,19,16,110,108,78,64,84,73,58,18,23,22,67,119,97,24,67,63,23,57,113,125,137,102,70,67,78,76,53,21,28,18,69,146,63,17,70,63,18,79,90,90,21
H,2023HU0098486,8,00200,4,56,1000000,1019518,136,5,1,1,1,,1,2,02,1,2,0,2,3,100,2,2,,4,110,1,1,9,0,1,,,,,3,2,1,5,,,1,9,2,1,1,,1,1,1,2,,,,1100,2,3,90,1940,1,36000,3,,,1,9500,27,01,1,1,01,36000,0,1,1,1,1,1,1,4,3,5,0,0,3,7,0,1,9,0,1,0,0,3,224,,0,1,75,2,02,03,0,0,0,0,0,0,0,0,0,0,0,1,0,0,0,0,0,1,0,0,1,0,0,0,0,0,0,0,0,0,0,0,0,0,0,0,0,0,0,0,0,0,0,0,0,0,0,1,0,0,0,0,0,0,0,0,0,127,98,138,193,54,23,179,122,39,220,353,179,162,36,166,202,139,137,43,128,125,191,56,44,188,266,44,155,309,35,50,122,129,277,82,181,143,108,170,233,101,194,159,251,69,40,118,131,63,188,294,160,134,57,127,117,127,97,21,99,114,98,58,43,146,227,59,140,192,48,44,156,105,185,107,167,273,234,251,156
H,2023HU0099274,8,00500,4,56,1000000,1019518,69,4,1,1,1,,1,5,02,1,2,0,2,3,130,2,3,1800,3,,6,1,9,800,1,,,,,3,2,1,10,,,1,9,2,1,1,,1,1,1,2,,,,325000,5,3,600,1980,1,168800,4,,,1,9500,62,01,1,1,02,168800,0,4,4,4,1,1,1,7,0,4,0,0,0,4,0,1,9,0,0,2,1,3,551,,0,1,1850,3,01,01,0,0,0,0,0,0,0,0,0,0,0,0,0,0,0,0,0,0,0,0,0,0,0,0,0,0,0,0,0,0,0,0,0,0,0,0,0,0,0,0,0,0,0,0,0,0,0,0,0,0,0,0,0,0,0,0,0,100,61,75,106,64,27,102,94,20,74,76,20,56,28,84,57,83,105,57,108,15,83,64,20,67,137,15,16,128,65,71,137,54,155,109,66,72,22,53,93,20,55,69,17,55,144,15,19,125,52,91,135,67,97,56,83,90,19,52,17,132,74,74,114,76,22,88,97,22,66,74,20,53,36,67,59,118,98,59,18
H,2023HU0101175,8,00300,4,56,1000000,1019518,53,2,1,1,1,,1,3,03,1,2,150,2,3,180,2,2,,2,,1,1,9,1200,1,,2,950,1,1,2,1,8,,,1,9,2,1,1,,1,1,1,1,,,,220000,2,3,800,1960,3,,,,,1,9500,25,01,1,5,04,80000,0,4,4,4,1,1,1,3,0,,0,1,0,22,2,1,9,0,0,0,0,3,1447,3,0,1,1450,,,,0,0,0,0,0,0,0,0,0,0,0,0,0,0,1,0,0,0,0,0,1,0,0,0,0,0,0,0,0,0,0,0,0,0,0,0,0,0,0,0,0,1,0,0,0,0,0,1,0,0,0,0,0,0,0,1,0,19,95,25,23,49,54,80,79,14,40,48,61,25,49,39,61,93,55,52,62,47,52,42,37,140,81,53,53,60,91,12,105,60,14,17,23,49,112,19,19,95,16,123,95,52,47,12,11,80,44,45,58,157,58,50,47,16,63,51,55,52,62,42,44,26,13,60,58,57,12,75,20,46,76,84,113,46,22,120,81
H,2023HU0101282,8,00500,4,56,1000000,1019518,27,3,1,1,3,1,1,3,02,1,2,0,2,3,300,2,3,750,3,,3,2,9,900,1,,,,,3,2,1,9,,,1,9,2,1,1,510,1,2,1,1,,,,500000,4,2,,1940,1,159100,4,,,1,9500,67,01,1,1,02,159100,0,4,4,4,1,1,1,6,0,3,0,0,0,9,0,1,9,0,0,2,2,3,1127,2,0,0,2150,2,05,01,0,0,0,0,0,0,0,0,0,0,0,0,0,0,0,0,0,0,0,0,0,0,0,0,0,0,0,0,0,0,0,0,0,0,0,0,0,0,0,0,0,0,0,0,0,0,0,0,0,0,0,0,0,0,0,0,0,22,27,7,31,7,31,9,7,9,7,32,29,8,7,27,8,5,29,24,44,42,50,25,51,22,44,32,31,26,25,53,49,33,25,41,40,26,50,45,42,28,35,53,32,57,26,43,46,49,48,26,26,39,48,25,42,51,30,26,5,9,9,30,11,26,5,24,20,24,28,9,7,23,24,9,26,31,10,7,28
H,2023HU0101353,8,00300,4,56,1000000,1019518,80,2,1,1,1,,1,2,02,1,2,0,2,3,300,2,2,,2,,1,1,9,3600,1,,1,1000,1,1,2,1,4,,,1,9,2,1,1,,1,1,1,1,,,,250000,2,3,100,1939,1,109600,4,,,1,9500,57,01,8,1,02,109600,0,4,4,4,1,1,1,5,0,2,0,0,0,14,0,1,9,0,0,0,0,3,1308,3,0,1,825,1,03,03,0,0,0,0,0,0,0,0,0,0,0,0,0,0,0,0,0,0,0,0,0,0,0,0,0,0,0,0,0,0,0,0,0,0,0,0,0,0,0,0,0,0,0,0,0,0,0,0,0,0,0,0,0,0,0,0,0,137,122,32,181,74,66,17,23,28,86,86,184,22,66,136,74,82,78,67,22,86,87,95,89,169,26,78,69,65,109,20,73,82,136,94,148,131,28,28,92,28,18,173,26,75,96,166,156,156,86,83,27,141,69,26,73,71,75,77,167,87,73,82,70,19,118,93,94,81,22,105,69,78,24,78,28,24,140,174,107
H,2023HU0101762,8,00500,4,56,1000000,1019518,64,2,1,1,1,,1,3,02,1,2,0,2,3,70,2,2,,4,60,1,1,9,850,1,,,,,3,2,1,7,,,1,9,2,1,1,,1,1,1,2,,,,375000,3,3,840,1990,1,104000,4,,,1,9500,70,01,1,1,02,104000,0,4,4,4,1,1,1,3,0,2,0,0,0,5,0,1,9,0,0,2,2,3,442,,0,1,2050,0,09,09,0,0,0,0,0,0,0,0,0,0,0,0,0,0,0,0,0,0,0,0,0,0,0,0,0,0,0,0,0,0,0,0,0,0,0,0,0,0,0,0,0,0,0,0,0,0,0,0,0,0,0,0,0,0,0,0,0,20,19,51,100,59,20,72,69,22,60,108,104,98,62,61,64,55,66,22,24,87,113,53,20,59,82,64,56,101,64,22,21,19,57,76,65,60,64,115,109,20,24,98,119,46,16,83,55,16,81,109,75,91,66,52,62,73,65,18,14,104,106,62,20,62,117,54,54,98,70,22,19,21,53,58,61,74,89,126,99
H,2023HU0102899,8,00300,4,56,1000000,1019518,338,4,1,1,1,,1,3,02,1,2,,2,3,190,1,2,,4,200,1,1,9,,1,,,,,,2,1,6,2,1500,1,9,2,1,1,,1,1,1,3,,,,,1,3,180,1939,,9200,2,1905,101,1,9500,38,01,1,2,10,9200,0,2,2,2,1,1,1,1,3,4,0,0,3,,0,1,9,0,1,0,0,2,,,1,0,,0,12,12,0,0,0,0,0,0,0,0,0,0,0,1,0,0,1,1,1,1,0,0,0,0,0,0,0,0,0,0,0,0,0,0,0,0,0,0,0,0,0,0,0,0,0,0,0,0,0,0,0,0,0,0,0,0,0,1,0,119,115,376,119,552,219,282,327,550,365,112,398,486,447,404,421,438,89,401,404,95,123,397,109,624,262,421,373,549,338,135,424,397,437,292,352,612,76,334,305,92,115,392,103,559,290,405,338,430,300,148,404,459,528,336,360,683,109,385,338,92,99,407,94,512,301,438,390,475,298,106,417,510,468,467,338,481,94,307,344
H,2023HU0103066,8,00500,4,56,1000000,1019518,75,4,1,1,1,,1,3,02,1,2,,2,3,100,2,2,,4,90,1,1,9,,1,,,,,,2,1,8,,,1,9,2,1,1,,1,1,1,4,,,,,1,3,360,1940,1,41000,2,,,1,9500,42,01,1,1,01,41000,0,2,2,2,1,1,1,1,2,4,0,0,2,,0,1,9,0,1,0,0,3,,,1,0,,2,05,03,0,0,0,0,0,0,0,0,0,0,0,0,0,0,0,0,0,0,0,0,0,0,0,0,0,0,0,0,0,0,0,0,0,0,0,0,0,0,0,0,0,0,0,0,0,0,0,0,0,0,0,0,0,0,0,0,0,26,106,65,73,106,190,77,93,28,154,25,70,21,25,69,59,71,83,72,82,70,130,20,14,66,72,155,74,74,114,68,147,89,87,19,16,208,130,16,26,86,70,92,78,23,32,83,23,105,17,111,81,115,127,65,81,66,69,94,97,71,19,143,163,80,83,22,64,68,82,76,23,74,83,114,139,19,18,149,116
H,2023HU0103126,8,00100,4,56,1000000,1019518,258,0,1,,2,,2,3,02,,,,,,,,,,,,,,9,,,,,,,,,2,9,,,2,9,,1,,,2,,,,5,,5,,,,,1990,,,,,,,,,,,,,,,,,,2,,,,,,,,,,,2,9,,,,,2,,,0,0,,,,,0,0,0,0,1,0,0,0,0,0,0,0,0,0,0,0,0,0,0,0,0,1,0,0,0,0,0,0,0,0,0,0,0,1,0,0,0,0,0,1,0,0,0,0,0,0,0,0,0,0,1,0,0,0,0,0,1,56,413,243,83,300,208,263,450,73,482,77,387,330,262,241,82,237,499,246,84,273,254,444,347,83,75,71,262,308,251,242,234,484,463,397,287,70,223,370,239,97,331,257,73,218,282,234,435,87,426,71,355,288,287,244,70,269,379,262,78,317,278,399,226,94,92,96,254,273,322,291,266,383,398,482,235,74,234,433,284
H,2023HU0103954,8,00500,4,56,1000000,1019518,25,1,1,3,,,1,1,06,,2,,,1,,1,2,,1,,1,,9,,2,,,,,,,1,3,2,250,1,9,,1,2,,1,2,1,3,,,,,1,1,,1970,,,,250,75,2,1200,76,02,8,6,05,4000,0,4,4,4,1,2,1,5,0,,0,0,0,,0,1,9,0,0,1,1,2,,,1,0,,,,,0,0,0,0,0,0,0,0,0,0,0,0,0,0,0,0,0,0,0,0,0,0,0,0,0,0,0,0,0,0,0,0,0,0,0,0,0,0,0,0,0,0,0,0,0,0,0,0,0,0,0,0,0,0,0,0,1,47,37,23,8,54,30,39,36,19,36,61,35,25,19,48,10,8,8,8,19,5,26,22,32,8,27,29,9,35,37,10,27,25,24,7,44,38,45,41,30,6,20,21,33,8,31,23,8,26,28,8,32,29,26,8,42,41,49,39,36,34,34,23,9,49,30,27,34,24,30,41,29,35,30,41,10,7,8,9,25
H,2023HU0104504,8,00400,4,56,1000000,1019518,117,2,1,1,1,,1,4,02,1,2,0,2,3,120,2,2,,4,120,1,1,9,3500,1,,,,,3,2,1,10,,,1,9,2,1,1,,1,1,1,2,,,,500000,4,3,1200,1960,,115000,4,,,1,9500,63,01,1,3,07,115000,0,4,4,4,1,1,1,7,0,2,0,0,0,9,0,1,9,0,0,1,0,3,886,,0,1,3050,2,13,13,0,0,0,0,0,0,0,0,0,0,0,0,0,0,0,0,0,0,0,0,0,0,0,0,0,0,0,0,0,0,0,0,0,0,0,0,0,0,0,0,0,0,0,0,0,0,0,0,0,0,0,0,0,0,0,0,0,240,89,153,119,103,247,109,50,197,229,47,153,125,33,146,45,87,81,89,65,209,124,169,138,96,136,141,46,247,154,20,129,76,36,138,42,120,131,100,219,41,108,41,143,115,33,105,136,41,28,172,118,105,167,249,211,128,138,90,161,42,147,35,106,111,63,102,188,34,28,190,180,137,137,129,215,131,94,81,35
H,2023HU0104674,8,00400,4,56,1000000,1019518,61,2,1,1,1,,1,3,02,1,1,0,2,3,80,2,2,,4,70,1,1,9,1200,1,,,,,3,2,1,7,,,1,9,2,1,1,,1,1,1,2,,,,285000,3,3,70,1970,1,45400,4,,,1,9500,67,01,1,1,02,45400,0,4,4,4,1,1,1,7,0,2,0,0,0,10,0,1,9,0,0,2,2,1,393,,0,1,1650,0,09,09,0,0,0,0,0,0,0,0,0,0,0,0,0,1,0,0,0,0,0,0,0,0,0,0,0,0,0,0,0,0,0,0,0,0,0,0,0,0,0,0,0,1,0,0,0,0,0,0,0,0,0,0,0,0,0,0,0,50,28,95,64,76,16,52,15,21,87,118,61,60,67,58,15,85,61,61,18,60,102,14,70,60,102,46,108,98,18,25,66,87,74,47,98,22,54,49,92,54,23,87,64,69,15,56,17,19,88,98,75,73,65,54,22,85,59,71,19,53,111,16,67,66,91,50,136,114,17,22,55,63,73,55,85,20,44,48,101
H,2023HU0105137,8,00400,4,56,1000000,1019518,72,0,1,,,,1,0,04,,,,,,,,,,,,,,9,,,,,,,,,1,1,,,1,9,,1,,,1,,,,3,2,7,,,,,1970,,,,,,,,,,,,,,,,,,1,,,,,,,,,,,1,9,,,,,2,,,0,0,,,,,0,0,0,0,0,0,0,0,0,0,0,0,0,0,0,0,0,0,0,0,0,0,0,0,0,0,0,0,0,0,0,0,0,0,0,0,0,0,0,0,0,0,0,0,0,0,0,0,0,0,0,0,0,0,0,0,0,17,77,80,78,93,69,126,145,118,63,19,93,104,62,69,127,91,18,22,24,29,63,51,67,70,77,133,119,111,76,18,67,134,87,91,107,65,25,18,21,25,62,57,76,88,57,137,134,156,89,22,71,143,72,72,132,78,15,20,21,21,69,65,92,80,64,120,129,121,59,19,65,107,74,56,131,80,22,22,16
H,2023HU0105610,8,00100,4,56,1000000,1019518,9,1,1,3,1,,1,3,02,,2,0,,3,70,2,2,,4,280,2,,9,1300,2,,,,,3,,1,6,,,1,9,,1,1,,1,2,1,2,,,,200000,2,3,1100,1950,,,,,,1,9500,72,01,1,4,09,55200,0,4,4,4,1,1,1,7,0,,0,0,0,14,0,1,9,0,0,1,1,1,646,,0,1,1150,,,,0,0,0,0,0,0,0,0,0,0,0,0,0,0,0,0,0,0,0,0,0,0,0,0,0,0,0,0,0,0,0,0,0,0,0,0,0,0,0,0,0,0,0,0,0,0,0,0,0,0,0,0,0,1,0,0,0,2,7,16,9,13,2,9,15,16,11,14,9,10,10,4,12,16,4,9,4,4,9,21,10,13,4,12,22,18,10,8,9,11,9,3,9,17,3,10,4,1,12,17,11,16,2,9,18,17,13,9,10,10,8,3,11,20,3,8,3,3,8,13,6,14,4,12,19,17,15,13,12,8,9,2,9,24,5,12,2
H,2023GQ0000452,8,00300,4,56,1000000,1019518,0,1,2,,,,,,,,,,,,,2,,,,,,,,,,,,,,,,,,,,,,,,,,,,,,,,,,,,,,,,,,,,,,,,,,,,,,,,,,,,,,,,,,,,,,,,,,,,,,,,,,,,,,,,,,,,,0,,,,,,,,,,,,,,,,,,,,,,,,,,,,,,,,,,,,,,,,,,,,,0,0,0,0,0,0,0,0,0,0,0,0,0,0,0,0,0,0,0,0,0,0,0,0,0,0,0,0,0,0,0,0,0,0,0,0,0,0,0,0,0,0,0,0,0,0,0,0,0,0,0,0,0,0,0,0,0,0,0,0,0,0,0,0,0,0,0,0,0,0,0,0,0,0,0,0,0,0,0,0
H,2023GQ0001826,8,00400,4,56,1000000,1019518,0,1,3,,,,,,,,,,,,,2,,,,,,,,,,,,,,,,,,,,,,,,,,,,,,,,,,,,,,,,,,,,,,,,,,,,,,,,,,,,,,,,,,,,,,,,,,,,,,,,,,,,,,,,,,,,,0,,,,,,,,,,,,,,,,,,,,,,,,,,,,,,,,,,,,,,,,,,,,,0,0,0,0,0,0,0,0,0,0,0,0,0,0,0,0,0,0,0,0,0,0,0,0,0,0,0,0,0,0,0,0,0,0,0,0,0,0,0,0,0,0,0,0,0,0,0,0,0,0,0,0,0,0,0,0,0,0,0,0,0,0,0,0,0,0,0,0,0,0,0,0,0,0,0,0,0,0,0,0
H,2023GQ0003145,8,00400,4,56,1000000,1019518,0,1,3,,,,,,,,,,,,,2,,,,,,,,,,,,,,,,,,,,,,,,,,,,,,,,,,,,,,,,,,,,,,,,,,,,,,,,,,,,,,,,,,,,,,,,,,,,,,,,,,,,,,,,,,,,,0,,,,,,,,,,,,,,,,,,,,,,,,,,,,,,,,,,,,,,,,,,,,,0,0,0,0,0,0,0,0,0,0,0,0,0,0,0,0,0,0,0,0,0,0,0,0,0,0,0,0,0,0,0,0,0,0,0,0,0,0,0,0,0,0,0,0,0,0,0,0,0,0,0,0,0,0,0,0,0,0,0,0,0,0,0,0,0,0,0,0,0,0,0,0,0,0,0,0,0,0,0,0
H,2023GQ0005297,8,00300,4,56,1000000,1019518,0,1,2,,,,,,,,,,,,,2,,,,,,,,,,,,,,,,,,,,,,,,,,,,,,,,,,,,,,,,,,,,,,,,,,,,,,,,,,,,,,,,,,,,,,,,,,,,,,,,,,,,,,,,,,,,,0,,,,,,,,,,,,,,,,,,,,,,,,,,,,,,,,,,,,,,,,,,,,,0,0,0,0,0,0,0,0,0,0,0,0,0,0,0,0,0,0,0,0,0,0,0,0,0,0,0,0,0,0,0,0,0,0,0,0,0,0,0,0,0,0,0,0,0,0,0,0,0,0,0,0,0,0,0,0,0,0,0,0,0,0,0,0,0,0,0,0,0,0,0,0,0,0,0,0,0,0,0,0
H,2023GQ0006109,8,00500,4,56,1000000,1019518,0,1,2,,,,,,,,,,,,,2,,,,,,,,,,,,,,,,,,,,,,,,,,,,,,,,,,,,,,,,,,,,,,,,,,,,,,,,,,,,,,,,,,,,,,,,,,,,,,,,,,,,,,,,,,,,,0,,,,,,,,,,,,,,,,,,,,,,,,,,,,,,,,,,,,,,,,,,,,,0,0,0,0,0,0,0,0,0,0,0,0,0,0,0,0,0,0,0,0,0,0,0,0,0,0,0,0,0,0,0,0,0,0,0,0,0,0,0,0,0,0,0,0,0,0,0,0,0,0,0,0,0,0,0,0,0,0,0,0,0,0,0,0,0,0,0,0,0,0,0,0,0,0,0,0,0,0,0,0
H,2023GQ0008544,8,00200,4,56,1000000,1019518,0,1,2,,,,,,,,,,,,,2,,,,,,,,,,,,,,,,,,,,,,,,,,,,,,,,,,,,,,,,,,,,,,,,,,,,,,,,,,,,,,,,,,,,,,,,,,,,,,,,,,,,,,,,,,,,,0,,,,,,,,,,,,,,,,,,,,,,,,,,,,,,,,,,,,,,,,,,,,,0,0,0,0,0,0,0,0,0,0,0,0,0,0,0,0,0,0,0,0,0,0,0,0,0,0,0,0,0,0,0,0,0,0,0,0,0,0,0,0,0,0,0,0,0,0,0,0,0,0,0,0,0,0,0,0,0,0,0,0,0,0,0,0,0,0,0,0,0,0,0,0,0,0,0,0,0,0,0,0
H,2023GQ0010484,8,00400,4,56,1000000,1019518,0,1,3,,,,,,,,,,,,,2,,,,,,,,,,,,,,,,,,,,,,,,,,,,,,,,,,,,,,,,,,,,,,,,,,,,,,,,,,,,,,,,,,,,,,,,,,,,,,,,,,,,,,,,,,,,,0,,,,,,,,,,,,,,,,,,,,,,,,,,,,,,,,,,,,,,,,,,,,,0,0,0,0,0,0,0,0,0,0,0,0,0,0,0,0,0,0,0,0,0,0,0,0,0,0,0,0,0,0,0,0,0,0,0,0,0,0,0,0,0,0,0,0,0,0,0,0,0,0,0,0,0,0,0,0,0,0,0,0,0,0,0,0,0,0,0,0,0,0,0,0,0,0,0,0,0,0,0,0
H,2023GQ0011449,8,00400,4,56,1000000,1019518,0,1,3,,,,,,,,,,,,,2,,,,,,,,,,,,,,,,,,,,,,,,,,,,,,,,,,,,,,,,,,,,,,,,,,,,,,,,,,,,,,,,,,,,,,,,,,,,,,,,,,,,,,,,,,,,,1,,,,,,,,,,,,,,,,,,,,,,,,,,,,,,,,,,,,,,,,,,,,,0,0,0,0,0,0,0,0,0,0,0,0,0,0,0,0,0,0,0,0,0,0,0,0,0,0,0,0,0,0,0,0,0,0,0,0,0,0,0,0,0,0,0,0,0,0,0,0,0,0,0,0,0,0,0,0,0,0,0,0,0,0,0,0,0,0,0,0,0,0,0,0,0,0,0,0,0,0,0,0
H,2023GQ0011592,8,00400,4,56,1000000,1019518,0,1,3,,,,,,,,,,,,,2,,,,,,,,,,,,,,,,,,,,,,,,,,,,,,,,,,,,,,,,,,,,,,,,,,,,,,,,,,,,,,,,,,,,,,,,,,,,,,,,,,,,,,,,,,,,,0,,,,,,,,,,,,,,,,,,,,,,,,,,,,,,,,,,,,,,,,,,,,,0,0,0,0,0,0,0,0,0,0,0,0,0,0,0,0,0,0,0,0,0,0,0,0,0,0,0,0,0,0,0,0,0,0,0,0,0,0,0,0,0,0,0,0,0,0,0,0,0,0,0,0,0,0,0,0,0,0,0,0,0,0,0,0,0,0,0,0,0,0,0,0,0,0,0,0,0,0,0,0
H,2023GQ0012677,8,00400,4,56,1000000,1019518,0,1,3,,,,,,,,,,,,,2,,,,,,,,,,,,,,,,,,,,,,,,,,,,,,,,,,,,,,,,,,,,,,,,,,,,,,,,,,,,,,,,,,,,,,,,,,,,,,,,,,,,,,,,,,,,,0,,,,,,,,,,,,,,,,,,,,,,,,,,,,,,,,,,,,,,,,,,,,,0,0,0,0,0,0,0,0,0,0,0,0,0,0,0,0,0,0,0,0,0,0,0,0,0,0,0,0,0,0,0,0,0,0,0,0,0,0,0,0,0,0,0,0,0,0,0,0,0,0,0,0,0,0,0,0,0,0,0,0,0,0,0,0,0,0,0,0,0,0,0,0,0,0,0,0,0,0,0,0
H,2023GQ0013958,8,00200,4,56,1000000,1019518,0,1,3,,,,,,,,,,,,,2,,,,,,,,,,,,,,,,,,,,,,,,,,,,,,,,,,,,,,,,,,,,,,,,,,,,,,,,,,,,,,,,,,,,,,,,,,,,,,,,,,,,,,,,,,,,,0,,,,,,,,,,,,,,,,,,,,,,,,,,,,,,,,,,,,,,,,,,,,,0,0,0,0,0,0,0,0,0,0,0,0,0,0,0,0,0,0,0,0,0,0,0,0,0,0,0,0,0,0,0,0,0,0,0,0,0,0,0,0,0,0,0,0,0,0,0,0,0,0,0,0,0,0,0,0,0,0,0,0,0,0,0,0,0,0,0,0,0,0,0,0,0,0,0,0,0,0,0,0
H,2023GQ0015838,8,00100,4,56,1000000,1019518,0,1,3,,,,,,,,,,,,,1,,,,,,,,,,,,,,,,,,,,,,,,,,,,,,,,,,,,,,,,,,,,,,,,,,,,,,,,,,,,,,,,,,,,,,,,,,,,,,,,,,,,,,,,,,,,,0,,,,,,,,,,,,,,,,,,,,,,,,,,,,,,,,,,,,,,,,,,,,,0,0,0,0,0,0,0,0,0,0,0,0,0,0,0,0,0,0,0,0,0,0,0,0,0,0,0,0,0,0,0,0,0,0,0,0,0,0,0,0,0,0,0,0,0,0,0,0,0,0,0,0,0,0,0,0,0,0,0,0,0,0,0,0,0,0,0,0,0,0,0,0,0,0,0,0,0,0,0,0
H,2023GQ0018149,8,00100,4,56,1000000,1019518,0,1,2,,,,,,,,,,,,,2,,,,,,,,,,,,,,,,,,,,,,,,,,,,,,,,,,,,,,,,,,,,,,,,,,,,,,,,,,,,,,,,,,,,,,,,,,,,,,,,,,,,,,,,,,,,,0,,,,,,,,,,,,,,,,,,,,,,,,,,,,,,,,,,,,,,,,,,,,,0,0,0,0,0,0,0,0,0,0,0,0,0,0,0,0,0,0,0,0,0,0,0,0,0,0,0,0,0,0,0,0,0,0,0,0,0,0,0,0,0,0,0,0,0,0,0,0,0,0,0,0,0,0,0,0,0,0,0,0,0,0,0,0,0,0,0,0,0,0,0,0,0,0,0,0,0,0,0,0
H,2023GQ0018495,8,00200,4,56,1000000,1019518,0,1,2,,,,,,,,,,,,,2,,,,,,,,,,,,,,,,,,,,,,,,,,,,,,,,,,,,,,,,,,,,,,,,,,,,,,,,,,,,,,,,,,,,,,,,,,,,,,,,,,,,,,,,,,,,,0,,,,,,,,,,,,,,,,,,,,,,,,,,,,,,,,,,,,,,,,,,,,,0,0,0,0,0,0,0,0,0,0,0,0,0,0,0,0,0,0,0,0,0,0,0,0,0,0,0,0,0,0,0,0,0,0,0,0,0,0,0,0,0,0,0,0,0,0,0,0,0,0,0,0,0,0,0,0,0,0,0,0,0,0,0,0,0,0,0,0,0,0,0,0,0,0,0,0,0,0,0,0
H,2023GQ0020049,8,00100,4,56,1000000,1019518,0,1,2,,,,,,,,,,,,,2,,,,,,,,,,,,,,,,,,,,,,,,,,,,,,,,,,,,,,,,,,,,,,,,,,,,,,,,,,,,,,,,,,,,,,,,,,,,,,,,,,,,,,,,,,,,,0,,,,,,,,,,,,,,,,,,,,,,,,,,,,,,,,,,,,,,,,,,,,,0,0,0,0,0,0,0,0,0,0,0,0,0,0,0,0,0,0,0,0,0,0,0,0,0,0,0,0,0,0,0,0,0,0,0,0,0,0,0,0,0,0,0,0,0,0,0,0,0,0,0,0,0,0,0,0,0,0,0,0,0,0,0,0,0,0,0,0,0,0,0,0,0,0,0,0,0,0,0,0
H,2023GQ0021444,8,00500,4,56,1000000,1019518,0,1,2,,,,,,,,,,,,,2,,,,,,,,,,,,,,,,,,,,,,,,,,,,,,,,,,,,,,,,,,,,,,,,,,,,,,,,,,,,,,,,,,,,,,,,,,,,,,,,,,,,,,,,,,,,,0,,,,,,,,,,,,,,,,,,,,,,,,,,,,,,,,,,,,,,,,,,,,,0,0,0,0,0,0,0,0,0,0,0,0,0,0,0,0,0,0,0,0,0,0,0,0,0,0,0,0,0,0,0,0,0,0,0,0,0,0,0,0,0,0,0,0,0,0,0,0,0,0,0,0,0,0,0,0,0,0,0,0,0,0,0,0,0,0,0,0,0,0,0,0,0,0,0,0,0,0,0,0
H,2023GQ0021805,8,00100,4,56,1000000,1019518,0,1,3,,,,,,,,,,,,,2,,,,,,,,,,,,,,,,,,,,,,,,,,,,,,,,,,,,,,,,,,,,,,,,,,,,,,,,,,,,,,,,,,,,,,,,,,,,,,,,,,,,,,,,,,,,,1,,,,,,,,,,,,,,,,,,,,,,,,,,,,,,,,,,,,,,,,,,,,,0,0,0,0,0,0,0,0,0,0,0,0,0,0,0,0,0,0,0,0,0,0,0,0,0,0,0,0,0,0,0,0,0,0,0,0,0,0,0,0,0,0,0,0,0,0,0,0,0,0,0,0,0,0,0,0,0,0,0,0,0,0,0,0,0,0,0,0,0,0,0,0,0,0,0,0,0,0,0,0
H,2023GQ0022315,8,00500,4,56,1000000,1019518,0,1,3,,,,,,,,,,,,,2,,,,,,,,,,,,,,,,,,,,,,,,,,,,,,,,,,,,,,,,,,,,,,,,,,,,,,,,,,,,,,,,,,,,,,,,,,,,,,,,,,,,,,,,,,,,,0,,,,,,,,,,,,,,,,,,,,,,,,,,,,,,,,,,,,,,,,,,,,,0,0,0,0,0,0,0,0,0,0,0,0,0,0,0,0,0,0,0,0,0,0,0,0,0,0,0,0,0,0,0,0,0,0,0,0,0,0,0,0,0,0,0,0,0,0,0,0,0,0,0,0,0,0,0,0,0,0,0,0,0,0,0,0,0,0,0,0,0,0,0,0,0,0,0,0,0,0,0,0
H,2023GQ0024195,8,00200,4,56,1000000,1019518,0,1,2,,,,,,,,,,,,,2,,,,,,,,,,,,,,,,,,,,,,,,,,,,,,,,,,,,,,,,,,,,,,,,,,,,,,,,,,,,,,,,,,,,,,,,,,,,,,,,,,,,,,,,,,,,,0,,,,,,,,,,,,,,,,,,,,,,,,,,,,,,,,,,,,,,,,,,,,,0,0,0,0,0,0,0,0,0,0,0,0,0,0,0,0,0,0,0,0,0,0,0,0,0,0,0,0,0,0,0,0,0,0,0,0,0,0,0,0,0,0,0,0,0,0,0,0,0,0,0,0,0,0,0,0,0,0,0,0,0,0,0,0,0,0,0,0,0,0,0,0,0,0,0,0,0,0,0,0
H,2023GQ0024267,8,00500,4,56,1000000,1019518,0,1,3,,,,,,,,,,,,,2,,,,,,,,,,,,,,,,,,,,,,,,,,,,,,,,,,,,,,,,,,,,,,,,,,,,,,,,,,,,,,,,,,,,,,,,,,,,,,,,,,,,,,,,,,,,,0,,,,,,,,,,,,,,,,,,,,,,,,,,,,,,,,,,,,,,,,,,,,,0,0,0,0,0,0,0,0,0,0,0,0,0,0,0,0,0,0,0,0,0,0,0,0,0,0,0,0,0,0,0,0,0,0,0,0,0,0,0,0,0,0,0,0,0,0,0,0,0,0,0,0,0,0,0,0,0,0,0,0,0,0,0,0,0,0,0,0,0,0,0,0,0,0,0,0,0,0,0,0
