state	office_family	fact_field	status	value	authority_url	authority_type	legal_locator	paraphrase	effective_date	direct_derived	derivation_chain	review_required	notes
NM	governor	office_existence	KNOWN	EXISTS	https://laws.nmonesource.com/	State Constitution	N.M. Const. art. V, § 1	Executive department consists of governor, lieutenant governor, secretary of state, state auditor, state treasurer, attorney general, and commissioner of public lands	1912-01-06	DIRECT	none	false	none
NM	governor	selection_type	KNOWN	ELECTED_GENERAL	https://laws.nmonesource.com/	State Constitution	N.M. Const. art. V, § 1	Elected at general election on joint ticket with lieutenant governor	1912-01-06	DIRECT	none	false	Joint ticket with Lt Gov
NM	governor	term_length_years	KNOWN	4	https://laws.nmonesource.com/	State Constitution	N.M. Const. art. V, § 1	Holds office for four years beginning January 1 next after election	1912-01-06	DIRECT	none	false	none
NM	governor	term_limit	KNOWN	2_CONSECUTIVE	https://laws.nmonesource.com/	State Constitution	N.M. Const. art. V, § 1	No person shall be eligible to hold any executive office for more than two consecutive terms; ineligible until full term has intervened	1912-01-06	DIRECT	none	false	Must sit out one full 4-year term
NM	governor	min_age	KNOWN	30	https://laws.nmonesource.com/	State Constitution	N.M. Const. art. V, § 3	Must be at least thirty years of age	1912-01-06	DIRECT	none	false	none
NM	governor	us_citizenship	KNOWN	CITIZEN_REQUIRED	https://laws.nmonesource.com/	State Constitution	N.M. Const. art. V, § 3	Must be a citizen of the United States	1912-01-06	DIRECT	none	false	No explicit duration stated
NM	governor	state_residence_years	KNOWN	5	https://laws.nmonesource.com/	State Constitution	N.M. Const. art. V, § 3	Must have resided continuously in New Mexico for five years next preceding election	1912-01-06	DIRECT	none	false	none
NM	governor	district_residence	NOT_APPLICABLE	null	https://laws.nmonesource.com/	State Constitution	N.M. Const. art. V, § 3	Statewide executive office	1912-01-06	DIRECT	none	false	none
NM	governor	elector_required	KNOWN	true	https://laws.nmonesource.com/	State Constitution	N.M. Const. art. VII, § 2	Every citizen of the US who is a qualified elector is qualified to hold any public office	1912-01-06	DERIVED	N.M. Const. art. VII, § 2 elector requirements	false	General qualification for civil office
NM	governor	professional_qualification	NOT_APPLICABLE	null	https://laws.nmonesource.com/	State Constitution	N.M. Const. art. V, § 3	No bar or professional license required for governor	1912-01-06	DIRECT	none	false	none
NM	lt_governor	office_existence	KNOWN	EXISTS	https://laws.nmonesource.com/	State Constitution	N.M. Const. art. V, § 1	Member of executive department, acts as governor in vacancy	1912-01-06	DIRECT	none	false	none
NM	lt_governor	selection_type	KNOWN	ELECTED_GENERAL_JOINT	https://laws.nmonesource.com/	State Constitution	N.M. Const. art. V, § 1	Elected jointly with governor by casting of single vote	1912-01-06	DIRECT	none	false	Joint ticket
NM	lt_governor	term_length_years	KNOWN	4	https://laws.nmonesource.com/	State Constitution	N.M. Const. art. V, § 1	Serves four-year term concurrent with governor	1912-01-06	DIRECT	none	false	none
NM	lt_governor	term_limit	KNOWN	2_CONSECUTIVE	https://laws.nmonesource.com/	State Constitution	N.M. Const. art. V, § 1	Max two consecutive terms, one full term reset	1912-01-06	DIRECT	none	false	none
NM	lt_governor	min_age	KNOWN	30	https://laws.nmonesource.com/	State Constitution	N.M. Const. art. V, § 3	Same qualifications as governor: at least thirty years of age	1912-01-06	DIRECT	none	false	none
NM	lt_governor	us_citizenship	KNOWN	CITIZEN_REQUIRED	https://laws.nmonesource.com/	State Constitution	N.M. Const. art. V, § 3	Citizen of the United States	1912-01-06	DIRECT	none	false	none
NM	lt_governor	state_residence_years	KNOWN	5	https://laws.nmonesource.com/	State Constitution	N.M. Const. art. V, § 3	Continuous resident of New Mexico for five years next preceding election	1912-01-06	DIRECT	none	false	Exempt from seat-of-government residency in Art V Sec 1
NM	lt_governor	district_residence	NOT_APPLICABLE	null	https://laws.nmonesource.com/	State Constitution	N.M. Const. art. V, § 3	Statewide office	1912-01-06	DIRECT	none	false	none
NM	lt_governor	elector_required	KNOWN	true	https://laws.nmonesource.com/	State Constitution	N.M. Const. art. VII, § 2	Qualified elector under general constitutional rule	1912-01-06	DERIVED	N.M. Const. art. VII, § 2	false	none
NM	lt_governor	professional_qualification	NOT_APPLICABLE	null	https://laws.nmonesource.com/	State Constitution	N.M. Const. art. V, § 3	No bar or professional license required	1912-01-06	DIRECT	none	false	none
NM	attorney_general	office_existence	KNOWN	EXISTS	https://laws.nmonesource.com/	State Constitution	N.M. Const. art. V, § 1	Executive department officer	1912-01-06	DIRECT	none	false	none
NM	attorney_general	selection_type	KNOWN	ELECTED_GENERAL	https://laws.nmonesource.com/	State Constitution	N.M. Const. art. V, § 1	Elected statewide at general election	1912-01-06	DIRECT	none	false	none
NM	attorney_general	term_length_years	KNOWN	4	https://laws.nmonesource.com/	State Constitution	N.M. Const. art. V, § 1	Serves four-year term	1912-01-06	DIRECT	none	false	none
NM	attorney_general	term_limit	KNOWN	2_CONSECUTIVE	https://laws.nmonesource.com/	State Constitution	N.M. Const. art. V, § 1	Max two consecutive terms, one full term reset	1912-01-06	DIRECT	none	false	none
NM	attorney_general	min_age	KNOWN	30	https://laws.nmonesource.com/	State Constitution	N.M. Const. art. V, § 3	At least thirty years of age	1912-01-06	DIRECT	none	false	none
NM	attorney_general	us_citizenship	KNOWN	CITIZEN_REQUIRED	https://laws.nmonesource.com/	State Constitution	N.M. Const. art. V, § 3	Citizen of the United States	1912-01-06	DIRECT	none	false	none
NM	attorney_general	state_residence_years	KNOWN	5	https://laws.nmonesource.com/	State Constitution	N.M. Const. art. V, § 3	Continuous resident of New Mexico for five years next preceding election	1912-01-06	DIRECT	none	false	Must reside at seat of government (Santa Fe) during term
NM	attorney_general	district_residence	NOT_APPLICABLE	null	https://laws.nmonesource.com/	State Constitution	N.M. Const. art. V, § 3	Statewide office	1912-01-06	DIRECT	none	false	none
NM	attorney_general	elector_required	KNOWN	true	https://laws.nmonesource.com/	State Constitution	N.M. Const. art. VII, § 2	Qualified elector	1912-01-06	DERIVED	N.M. Const. art. VII, § 2	false	none
NM	attorney_general	professional_qualification	KNOWN	BAR_ADMISSION	https://laws.nmonesource.com/	State Constitution	N.M. Const. art. V, § 3	Licensed attorney of the supreme court of New Mexico in good standing	1912-01-06	DIRECT	none	false	Mandatory bar admission
NM	secretary_of_state	office_existence	KNOWN	EXISTS	https://laws.nmonesource.com/	State Constitution	N.M. Const. art. V, § 1	Executive department officer	1912-01-06	DIRECT	none	false	none
NM	secretary_of_state	selection_type	KNOWN	ELECTED_GENERAL	https://laws.nmonesource.com/	State Constitution	N.M. Const. art. V, § 1	Elected statewide at general election	1912-01-06	DIRECT	none	false	none
NM	secretary_of_state	term_length_years	KNOWN	4	https://laws.nmonesource.com/	State Constitution	N.M. Const. art. V, § 1	Serves four-year term	1912-01-06	DIRECT	none	false	none
NM	secretary_of_state	term_limit	KNOWN	2_CONSECUTIVE	https://laws.nmonesource.com/	State Constitution	N.M. Const. art. V, § 1	Max two consecutive terms, one full term reset	1912-01-06	DIRECT	none	false	none
NM	secretary_of_state	min_age	KNOWN	30	https://laws.nmonesource.com/	State Constitution	N.M. Const. art. V, § 3	At least thirty years of age	1912-01-06	DIRECT	none	false	none
NM	secretary_of_state	us_citizenship	KNOWN	CITIZEN_REQUIRED	https://laws.nmonesource.com/	State Constitution	N.M. Const. art. V, § 3	Citizen of the United States	1912-01-06	DIRECT	none	false	none
NM	secretary_of_state	state_residence_years	KNOWN	5	https://laws.nmonesource.com/	State Constitution	N.M. Const. art. V, § 3	Continuous resident of New Mexico for five years next preceding election	1912-01-06	DIRECT	none	false	Must reside at seat of government
NM	secretary_of_state	district_residence	NOT_APPLICABLE	null	https://laws.nmonesource.com/	State Constitution	N.M. Const. art. V, § 3	Statewide office	1912-01-06	DIRECT	none	false	none
NM	secretary_of_state	elector_required	KNOWN	true	https://laws.nmonesource.com/	State Constitution	N.M. Const. art. VII, § 2	Qualified elector	1912-01-06	DERIVED	N.M. Const. art. VII, § 2	false	none
NM	secretary_of_state	professional_qualification	NOT_APPLICABLE	null	https://laws.nmonesource.com/	State Constitution	N.M. Const. art. V, § 3	No bar or professional license required	1912-01-06	DIRECT	none	false	none
NM	lower_legislator	office_existence	KNOWN	EXISTS	https://laws.nmonesource.com/	State Constitution	N.M. Const. art. IV, § 1	House of Representatives	1912-01-06	DIRECT	none	false	70 members
NM	lower_legislator	selection_type	KNOWN	ELECTED_GENERAL	https://laws.nmonesource.com/	State Constitution	N.M. Const. art. IV, § 4	Elected by qualified electors of legislative district	1912-01-06	DIRECT	none	false	none
NM	lower_legislator	term_length_years	KNOWN	2	https://laws.nmonesource.com/	State Constitution	N.M. Const. art. IV, § 4	Elected for terms of two years	1912-01-06	DIRECT	none	false	none
NM	lower_legislator	term_limit	NO_REQUIREMENT_FOUND	null	https://laws.nmonesource.com/	State Constitution	N.M. Const. art. IV	No term limit provisions for state legislators	1912-01-06	DIRECT	none	false	No legislative term limits
NM	lower_legislator	min_age	KNOWN	21	https://laws.nmonesource.com/	State Constitution	N.M. Const. art. IV, § 3	Must be at least twenty-one years of age at the time of election	1912-01-06	DIRECT	none	false	none
NM	lower_legislator	us_citizenship	KNOWN	CITIZEN_REQUIRED	https://laws.nmonesource.com/	State Constitution	N.M. Const. art. VII, § 2	Must be qualified elector (US citizen)	1912-01-06	DERIVED	N.M. Const. art. VII, § 2	false	Derived from qualified elector status
NM	lower_legislator	state_residence_years	NO_REQUIREMENT_FOUND	null	https://laws.nmonesource.com/	State Constitution	N.M. Const. art. IV, § 3	No explicit state residency duration separate from district residency	1912-01-06	DIRECT	none	false	Disproves 1-year fallback
NM	lower_legislator	district_residence	KNOWN	RESIDENCE_AT_ELECTION	https://laws.nmonesource.com/	State Constitution	N.M. Const. art. IV, § 3	Must reside in district; permanent removal from district is deemed resignation	1912-01-06	DIRECT	none	false	Deemed resignation upon move
NM	lower_legislator	elector_required	KNOWN	true	https://laws.nmonesource.com/	State Constitution	N.M. Const. art. VII, § 2	Qualified elector in the district	1912-01-06	DERIVED	N.M. Const. art. VII, § 2	false	none
NM	lower_legislator	professional_qualification	NOT_APPLICABLE	null	https://laws.nmonesource.com/	State Constitution	N.M. Const. art. IV, § 3	No professional qualification	1912-01-06	DIRECT	none	false	none
NM	upper_legislator	office_existence	KNOWN	EXISTS	https://laws.nmonesource.com/	State Constitution	N.M. Const. art. IV, § 1	Senate of the State of New Mexico	1912-01-06	DIRECT	none	false	42 members
NM	upper_legislator	selection_type	KNOWN	ELECTED_GENERAL	https://laws.nmonesource.com/	State Constitution	N.M. Const. art. IV, § 4	Elected by qualified electors of senatorial district	1912-01-06	DIRECT	none	false	none
NM	upper_legislator	term_length_years	KNOWN	4	https://laws.nmonesource.com/	State Constitution	N.M. Const. art. IV, § 4	Elected for terms of four years	1912-01-06	DIRECT	none	false	none
NM	upper_legislator	term_limit	NO_REQUIREMENT_FOUND	null	https://laws.nmonesource.com/	State Constitution	N.M. Const. art. IV	No term limit provisions for senators	1912-01-06	DIRECT	none	false	No legislative term limits
NM	upper_legislator	min_age	KNOWN	25	https://laws.nmonesource.com/	State Constitution	N.M. Const. art. IV, § 3	Must be at least twenty-five years of age at the time of election	1912-01-06	DIRECT	none	false	none
NM	upper_legislator	us_citizenship	KNOWN	CITIZEN_REQUIRED	https://laws.nmonesource.com/	State Constitution	N.M. Const. art. VII, § 2	Must be qualified elector (US citizen)	1912-01-06	DERIVED	N.M. Const. art. VII, § 2	false	none
NM	upper_legislator	state_residence_years	NO_REQUIREMENT_FOUND	null	https://laws.nmonesource.com/	State Constitution	N.M. Const. art. IV, § 3	No explicit state residency duration separate from district residency	1912-01-06	DIRECT	none	false	none
NM	upper_legislator	district_residence	KNOWN	RESIDENCE_AT_ELECTION	https://laws.nmonesource.com/	State Constitution	N.M. Const. art. IV, § 3	Must reside in district; removal from district is deemed resignation	1912-01-06	DIRECT	none	false	Deemed resignation upon move
NM	upper_legislator	elector_required	KNOWN	true	https://laws.nmonesource.com/	State Constitution	N.M. Const. art. VII, § 2	Qualified elector	1912-01-06	DERIVED	N.M. Const. art. VII, § 2	false	none
NM	upper_legislator	professional_qualification	NOT_APPLICABLE	null	https://laws.nmonesource.com/	State Constitution	N.M. Const. art. IV, § 3	No professional qualification	1912-01-06	DIRECT	none	false	none
NM	nebraska_unicameral	office_existence	OFFICE_DOES_NOT_EXIST	null	https://laws.nmonesource.com/	State Constitution	N.M. Const. art. IV, § 1	New Mexico has bicameral legislature (Senate and House of Representatives)	1912-01-06	DIRECT	none	false	Unicameral N/A in NM
NY	governor	office_existence	KNOWN	EXISTS	https://www.nysenate.gov/legislation/laws/CNS	State Constitution	N.Y. Const. art. IV, § 1	The executive power shall be vested in the governor	1894-01-01	DIRECT	none	false	none
NY	governor	selection_type	KNOWN	ELECTED_GENERAL	https://www.nysenate.gov/legislation/laws/CNS	State Constitution	N.Y. Const. art. IV, § 1	Chosen at the general election on a single vote cast jointly with lieutenant governor	1894-01-01	DIRECT	none	false	Joint ticket
NY	governor	term_length_years	KNOWN	4	https://www.nysenate.gov/legislation/laws/CNS	State Constitution	N.Y. Const. art. IV, § 1	Holds office for four years	1938-01-01	DIRECT	none	false	none
NY	governor	term_limit	NO_REQUIREMENT_FOUND	null	https://www.nysenate.gov/legislation/laws/CNS	State Constitution	N.Y. Const. art. IV	No constitutional or statutory term limit for governor	1894-01-01	DIRECT	none	false	No term limits in NY
NY	governor	min_age	KNOWN	30	https://www.nysenate.gov/legislation/laws/CNS	State Constitution	N.Y. Const. art. IV, § 2	No person shall be eligible to the office of governor, except a citizen of the US, of the age of not less than thirty years	1894-01-01	DIRECT	none	false	none
NY	governor	us_citizenship	KNOWN	CITIZEN_REQUIRED	https://www.nysenate.gov/legislation/laws/CNS	State Constitution	N.Y. Const. art. IV, § 2	Must be a citizen of the United States	1894-01-01	DIRECT	none	false	No duration specified
NY	governor	state_residence_years	KNOWN	5	https://www.nysenate.gov/legislation/laws/CNS	State Constitution	N.Y. Const. art. IV, § 2	Resident of the state for five years next preceding election	1894-01-01	DIRECT	none	false	none
NY	governor	district_residence	NOT_APPLICABLE	null	https://www.nysenate.gov/legislation/laws/CNS	State Constitution	N.Y. Const. art. IV, § 2	Statewide office	1894-01-01	DIRECT	none	false	none
NY	governor	elector_required	KNOWN	true	https://www.nysenate.gov/legislation/laws/POB	Consolidated Laws	N.Y. Pub. Off. Law § 3	No person shall be capable of holding a civil office who shall not, at the time he shall be chosen, be a citizen of the US, a resident of the state, and if it be a local office, a resident of the political subdivision	1909-02-17	DIRECT	none	false	General public officers law
NY	governor	professional_qualification	NOT_APPLICABLE	null	https://www.nysenate.gov/legislation/laws/CNS	State Constitution	N.Y. Const. art. IV, § 2	No professional qualification	1894-01-01	DIRECT	none	false	none
NY	lt_governor	office_existence	KNOWN	EXISTS	https://www.nysenate.gov/legislation/laws/CNS	State Constitution	N.Y. Const. art. IV, § 1	Lieutenant governor chosen at same time and for same term as governor	1894-01-01	DIRECT	none	false	none
NY	lt_governor	selection_type	KNOWN	ELECTED_GENERAL_JOINT	https://www.nysenate.gov/legislation/laws/CNS	State Constitution	N.Y. Const. art. IV, § 1	Elected jointly with governor on single vote	1894-01-01	DIRECT	none	false	Joint ticket
NY	lt_governor	term_length_years	KNOWN	4	https://www.nysenate.gov/legislation/laws/CNS	State Constitution	N.Y. Const. art. IV, § 1	Four-year term	1938-01-01	DIRECT	none	false	none
NY	lt_governor	term_limit	NO_REQUIREMENT_FOUND	null	https://www.nysenate.gov/legislation/laws/CNS	State Constitution	N.Y. Const. art. IV	No term limit	1894-01-01	DIRECT	none	false	none
NY	lt_governor	min_age	KNOWN	30	https://www.nysenate.gov/legislation/laws/CNS	State Constitution	N.Y. Const. art. IV, § 2	Same qualifications as governor: at least thirty years of age	1894-01-01	DIRECT	none	false	none
NY	lt_governor	us_citizenship	KNOWN	CITIZEN_REQUIRED	https://www.nysenate.gov/legislation/laws/CNS	State Constitution	N.Y. Const. art. IV, § 2	Citizen of the United States	1894-01-01	DIRECT	none	false	none
NY	lt_governor	state_residence_years	KNOWN	5	https://www.nysenate.gov/legislation/laws/CNS	State Constitution	N.Y. Const. art. IV, § 2	Resident of the state for five years next preceding election	1894-01-01	DIRECT	none	false	none
NY	lt_governor	district_residence	NOT_APPLICABLE	null	https://www.nysenate.gov/legislation/laws/CNS	State Constitution	N.Y. Const. art. IV, § 2	Statewide office	1894-01-01	DIRECT	none	false	none
NY	lt_governor	elector_required	KNOWN	true	https://www.nysenate.gov/legislation/laws/POB	Consolidated Laws	N.Y. Pub. Off. Law § 3	Public officer qualification	1909-02-17	DIRECT	none	false	none
NY	lt_governor	professional_qualification	NOT_APPLICABLE	null	https://www.nysenate.gov/legislation/laws/CNS	State Constitution	N.Y. Const. art. IV, § 2	No professional qualification	1894-01-01	DIRECT	none	false	none
NY	attorney_general	office_existence	KNOWN	EXISTS	https://www.nysenate.gov/legislation/laws/CNS	State Constitution	N.Y. Const. art. V, § 1	The comptroller and attorney-general shall be chosen at the same general election as the governor and hold office for the same term	1894-01-01	DIRECT	none	false	none
NY	attorney_general	selection_type	KNOWN	ELECTED_GENERAL	https://www.nysenate.gov/legislation/laws/CNS	State Constitution	N.Y. Const. art. V, § 1	Elected statewide at general election	1894-01-01	DIRECT	none	false	Elected separately from governor
NY	attorney_general	term_length_years	KNOWN	4	https://www.nysenate.gov/legislation/laws/CNS	State Constitution	N.Y. Const. art. V, § 1	Four-year term	1938-01-01	DIRECT	none	false	none
NY	attorney_general	term_limit	NO_REQUIREMENT_FOUND	null	https://www.nysenate.gov/legislation/laws/CNS	State Constitution	N.Y. Const. art. V	No term limit	1894-01-01	DIRECT	none	false	No term limits in NY
NY	attorney_general	min_age	KNOWN	18	https://www.nysenate.gov/legislation/laws/POB	Consolidated Laws	N.Y. Pub. Off. Law § 3	No separate age in Art. V; general civil office age requirement is 18 years of age	1909-02-17	DERIVED	N.Y. Pub. Off. Law § 3 civil office qualification	false	Age 18 under Public Officers Law
NY	attorney_general	us_citizenship	KNOWN	CITIZEN_REQUIRED	https://www.nysenate.gov/legislation/laws/POB	Consolidated Laws	N.Y. Pub. Off. Law § 3	Citizen of the United States	1909-02-17	DIRECT	none	false	none
NY	attorney_general	state_residence_years	NO_REQUIREMENT_FOUND	null	https://www.nysenate.gov/legislation/laws/CNS	State Constitution	N.Y. Const. art. V, § 1	Constitution sets no fixed duration; N.Y. Pub. Off. Law § 3 requires residency at time of choosing	1894-01-01	DIRECT	none	false	PR #72 5-year fallback disproved
NY	attorney_general	district_residence	NOT_APPLICABLE	null	https://www.nysenate.gov/legislation/laws/CNS	State Constitution	N.Y. Const. art. V, § 1	Statewide office	1894-01-01	DIRECT	none	false	none
NY	attorney_general	elector_required	KNOWN	true	https://www.nysenate.gov/legislation/laws/POB	Consolidated Laws	N.Y. Pub. Off. Law § 3	Qualified voter/elector requirement under public officers law	1909-02-17	DIRECT	none	false	none
NY	attorney_general	professional_qualification	KNOWN	BAR_ADMISSION	https://www.nysenate.gov/legislation/laws/EXC	Consolidated Laws	N.Y. Exec. Law § 60 et seq.	Head of department of law; must be admitted to practice law in New York State	1951-01-01	DERIVED	Statutory head of Department of Law & judiciary representation requirements	false	Admitted attorney
NY	secretary_of_state	office_existence	KNOWN	EXISTS	https://www.nysenate.gov/legislation/laws/CNS	State Constitution	N.Y. Const. art. V, § 4	Department of State established; head is Secretary of State	1926-01-01	DIRECT	none	false	Executive department head
NY	secretary_of_state	selection_type	KNOWN	APPOINTED_GOVERNOR	https://www.nysenate.gov/legislation/laws/CNS	State Constitution	N.Y. Const. art. V, § 4	Appointed by the governor by and with the advice and consent of the senate	1926-01-01	DIRECT	none	false	NON-ELECTED; disproves PR #72 elected assumption
NY	secretary_of_state	term_length_years	KNOWN	4	https://www.nysenate.gov/legislation/laws/CNS	State Constitution	N.Y. Const. art. V, § 4	Holds office until end of term of governor by whom appointed and until successor is appointed and qualified	1926-01-01	DIRECT	none	false	Serves coterminous with governor
NY	secretary_of_state	term_limit	NO_REQUIREMENT_FOUND	null	https://www.nysenate.gov/legislation/laws/CNS	State Constitution	N.Y. Const. art. V	No term limit	1926-01-01	DIRECT	none	false	none
NY	secretary_of_state	min_age	KNOWN	18	https://www.nysenate.gov/legislation/laws/POB	Consolidated Laws	N.Y. Pub. Off. Law § 3	At least eighteen years of age	1909-02-17	DIRECT	none	false	Statutory public officers law
NY	secretary_of_state	us_citizenship	KNOWN	CITIZEN_REQUIRED	https://www.nysenate.gov/legislation/laws/POB	Consolidated Laws	N.Y. Pub. Off. Law § 3	Citizen of the United States	1909-02-17	DIRECT	none	false	none
NY	secretary_of_state	state_residence_years	NO_REQUIREMENT_FOUND	null	https://www.nysenate.gov/legislation/laws/POB	Consolidated Laws	N.Y. Pub. Off. Law § 3	Resident of state at time of appointment; no multi-year duration specified	1909-02-17	DIRECT	none	false	none
NY	secretary_of_state	district_residence	NOT_APPLICABLE	null	https://www.nysenate.gov/legislation/laws/POB	Consolidated Laws	N.Y. Pub. Off. Law § 3	Statewide appointment	1909-02-17	DIRECT	none	false	none
NY	secretary_of_state	elector_required	KNOWN	true	https://www.nysenate.gov/legislation/laws/POB	Consolidated Laws	N.Y. Pub. Off. Law § 3	Must meet qualifications of public officer	1909-02-17	DIRECT	none	false	none
NY	secretary_of_state	professional_qualification	NOT_APPLICABLE	null	https://www.nysenate.gov/legislation/laws/EXC	Consolidated Laws	N.Y. Exec. Law § 90	No professional license required	1951-01-01	DIRECT	none	false	none
NY	lower_legislator	office_existence	KNOWN	EXISTS	https://www.nysenate.gov/legislation/laws/CNS	State Constitution	N.Y. Const. art. III, § 1	Assembly of the State of New York	1894-01-01	DIRECT	none	false	150 members
NY	lower_legislator	selection_type	KNOWN	ELECTED_GENERAL	https://www.nysenate.gov/legislation/laws/CNS	State Constitution	N.Y. Const. art. III, § 2	Chosen by the electors of the assembly districts	1894-01-01	DIRECT	none	false	none
NY	lower_legislator	term_length_years	KNOWN	2	https://www.nysenate.gov/legislation/laws/CNS	State Constitution	N.Y. Const. art. III, § 2	Elected for two years	1894-01-01	DIRECT	none	false	none
NY	lower_legislator	term_limit	NO_REQUIREMENT_FOUND	null	https://www.nysenate.gov/legislation/laws/CNS	State Constitution	N.Y. Const. art. III	No term limit for assembly members	1894-01-01	DIRECT	none	false	No legislative term limits
NY	lower_legislator	min_age	KNOWN	18	https://www.nysenate.gov/legislation/laws/POB	Consolidated Laws	N.Y. Pub. Off. Law § 3	Not stated in Art. III § 7; statutory civil office age of 18 years applies	1909-02-17	DERIVED	N.Y. Pub. Off. Law § 3	false	none
NY	lower_legislator	us_citizenship	KNOWN	CITIZEN_REQUIRED	https://www.nysenate.gov/legislation/laws/CNS	State Constitution	N.Y. Const. art. III, § 7	No person shall serve as a member of the legislature unless he or she is a citizen of the United States	1894-01-01	DIRECT	none	false	none
NY	lower_legislator	state_residence_years	KNOWN	5	https://www.nysenate.gov/legislation/laws/CNS	State Constitution	N.Y. Const. art. III, § 7	Been a resident of the state of New York for five years	1894-01-01	DIRECT	none	false	Notice: 5-year state residence for legislators!
NY	lower_legislator	district_residence	KNOWN	RESIDENT_1_YEAR	https://www.nysenate.gov/legislation/laws/CNS	State Constitution	N.Y. Const. art. III, § 7	Resident of assembly district for the twelve months immediately preceding election (county resident in redistricting)	1894-01-01	DIRECT	none	false	none
NY	lower_legislator	elector_required	KNOWN	true	https://www.nysenate.gov/legislation/laws/POB	Consolidated Laws	N.Y. Pub. Off. Law § 3	Public officer requirement	1909-02-17	DIRECT	none	false	none
NY	lower_legislator	professional_qualification	NOT_APPLICABLE	null	https://www.nysenate.gov/legislation/laws/CNS	State Constitution	N.Y. Const. art. III, § 7	No professional qualification	1894-01-01	DIRECT	none	false	none
NY	upper_legislator	office_existence	KNOWN	EXISTS	https://www.nysenate.gov/legislation/laws/CNS	State Constitution	N.Y. Const. art. III, § 1	Senate of the State of New York	1894-01-01	DIRECT	none	false	63 members
NY	upper_legislator	selection_type	KNOWN	ELECTED_GENERAL	https://www.nysenate.gov/legislation/laws/CNS	State Constitution	N.Y. Const. art. III, § 2	Chosen by the electors of the senate districts	1894-01-01	DIRECT	none	false	none
NY	upper_legislator	term_length_years	KNOWN	2	https://www.nysenate.gov/legislation/laws/CNS	State Constitution	N.Y. Const. art. III, § 2	Senators elected for two years	1894-01-01	DIRECT	none	false	Senate is 2-year term
NY	upper_legislator	term_limit	NO_REQUIREMENT_FOUND	null	https://www.nysenate.gov/legislation/laws/CNS	State Constitution	N.Y. Const. art. III	No term limit	1894-01-01	DIRECT	none	false	none
NY	upper_legislator	min_age	KNOWN	18	https://www.nysenate.gov/legislation/laws/POB	Consolidated Laws	N.Y. Pub. Off. Law § 3	Statutory civil office age of 18 years applies	1909-02-17	DERIVED	N.Y. Pub. Off. Law § 3	false	none
NY	upper_legislator	us_citizenship	KNOWN	CITIZEN_REQUIRED	https://www.nysenate.gov/legislation/laws/CNS	State Constitution	N.Y. Const. art. III, § 7	Citizen of the United States	1894-01-01	DIRECT	none	false	none
NY	upper_legislator	state_residence_years	KNOWN	5	https://www.nysenate.gov/legislation/laws/CNS	State Constitution	N.Y. Const. art. III, § 7	Resident of the state of New York for five years	1894-01-01	DIRECT	none	false	5-year state residence
NY	upper_legislator	district_residence	KNOWN	RESIDENT_1_YEAR	https://www.nysenate.gov/legislation/laws/CNS	State Constitution	N.Y. Const. art. III, § 7	Resident of senate district for twelve months immediately preceding election	1894-01-01	DIRECT	none	false	none
NY	upper_legislator	elector_required	KNOWN	true	https://www.nysenate.gov/legislation/laws/POB	Consolidated Laws	N.Y. Pub. Off. Law § 3	Public officer requirement	1909-02-17	DIRECT	none	false	none
NY	upper_legislator	professional_qualification	NOT_APPLICABLE	null	https://www.nysenate.gov/legislation/laws/CNS	State Constitution	N.Y. Const. art. III, § 7	No professional qualification	1894-01-01	DIRECT	none	false	none
NY	nebraska_unicameral	office_existence	OFFICE_DOES_NOT_EXIST	null	https://www.nysenate.gov/legislation/laws/CNS	State Constitution	N.Y. Const. art. III, § 1	New York has bicameral legislature (Senate and Assembly)	1894-01-01	DIRECT	none	false	Unicameral N/A in NY
NC	governor	office_existence	KNOWN	EXISTS	https://www.ncleg.gov/Laws/Constitution/Article3	State Constitution	N.C. Const. art. III, § 1	The executive power shall be vested in the Governor	1971-07-01	DIRECT	none	false	none
NC	governor	selection_type	KNOWN	ELECTED_GENERAL	https://www.ncleg.gov/Laws/Constitution/Article3	State Constitution	N.C. Const. art. III, § 2	Elected by the qualified voters of the State	1971-07-01	DIRECT	none	false	Elected separately from Lt Gov
NC	governor	term_length_years	KNOWN	4	https://www.ncleg.gov/Laws/Constitution/Article3	State Constitution	N.C. Const. art. III, § 2	Holds office for term of four years	1971-07-01	DIRECT	none	false	none
NC	governor	term_limit	KNOWN	2_CONSECUTIVE	https://www.ncleg.gov/Laws/Constitution/Article3	State Constitution	N.C. Const. art. III, § 2	No person elected to the office of Governor for two consecutive terms shall be eligible for election to that office for the next succeeding term	1971-07-01	DIRECT	none	false	Consecutive limit only
NC	governor	min_age	KNOWN	30	https://www.ncleg.gov/Laws/Constitution/Article3	State Constitution	N.C. Const. art. III, § 2	Must have attained the age of 30 years	1971-07-01	DIRECT	none	false	none
NC	governor	us_citizenship	KNOWN	CITIZEN_5_YEARS	https://www.ncleg.gov/Laws/Constitution/Article3	State Constitution	N.C. Const. art. III, § 2	Citizen of the United States for five years	1971-07-01	DIRECT	none	false	Exact constitutional duration
NC	governor	state_residence_years	KNOWN	2	https://www.ncleg.gov/Laws/Constitution/Article3	State Constitution	N.C. Const. art. III, § 2	Resided in this State for two years immediately preceding election	1971-07-01	DIRECT	none	false	2 YEARS (disproves PR #72 5-year fallback!)
NC	governor	district_residence	NOT_APPLICABLE	null	https://www.ncleg.gov/Laws/Constitution/Article3	State Constitution	N.C. Const. art. III, § 2	Statewide office	1971-07-01	DIRECT	none	false	none
NC	governor	elector_required	KNOWN	true	https://www.ncleg.gov/Laws/Constitution/Article6	State Constitution	N.C. Const. art. VI, § 6	Every qualified voter in North Carolina who is 21 years of age is eligible for office except as otherwise provided	1971-07-01	DERIVED	N.C. Const. art. VI, § 6	false	none
NC	governor	professional_qualification	NOT_APPLICABLE	null	https://www.ncleg.gov/Laws/Constitution/Article3	State Constitution	N.C. Const. art. III, § 2	No professional qualification	1971-07-01	DIRECT	none	false	none
NC	lt_governor	office_existence	KNOWN	EXISTS	https://www.ncleg.gov/Laws/Constitution/Article3	State Constitution	N.C. Const. art. III, § 2	Lieutenant Governor elected at same time as governor	1971-07-01	DIRECT	none	false	none
NC	lt_governor	selection_type	KNOWN	ELECTED_GENERAL	https://www.ncleg.gov/Laws/Constitution/Article3	State Constitution	N.C. Const. art. III, § 2	Elected separately from governor by qualified voters	1971-07-01	DIRECT	none	false	Separately elected
NC	lt_governor	term_length_years	KNOWN	4	https://www.ncleg.gov/Laws/Constitution/Article3	State Constitution	N.C. Const. art. III, § 2	Holds office for term of four years	1971-07-01	DIRECT	none	false	none
NC	lt_governor	term_limit	KNOWN	2_CONSECUTIVE	https://www.ncleg.gov/Laws/Constitution/Article3	State Constitution	N.C. Const. art. III, § 2	No person elected to office for two consecutive terms eligible for next succeeding term	1971-07-01	DIRECT	none	false	Same limit as governor
NC	lt_governor	min_age	KNOWN	30	https://www.ncleg.gov/Laws/Constitution/Article3	State Constitution	N.C. Const. art. III, § 2	Same qualifications as governor: attained age of 30 years	1971-07-01	DIRECT	none	false	none
NC	lt_governor	us_citizenship	KNOWN	CITIZEN_5_YEARS	https://www.ncleg.gov/Laws/Constitution/Article3	State Constitution	N.C. Const. art. III, § 2	Citizen of the United States for five years	1971-07-01	DIRECT	none	false	none
NC	lt_governor	state_residence_years	KNOWN	2	https://www.ncleg.gov/Laws/Constitution/Article3	State Constitution	N.C. Const. art. III, § 2	Resided in this State for two years immediately preceding election	1971-07-01	DIRECT	none	false	2 YEARS (disproves PR #72 fallback!)
NC	lt_governor	district_residence	NOT_APPLICABLE	null	https://www.ncleg.gov/Laws/Constitution/Article3	State Constitution	N.C. Const. art. III, § 2	Statewide office	1971-07-01	DIRECT	none	false	none
NC	lt_governor	elector_required	KNOWN	true	https://www.ncleg.gov/Laws/Constitution/Article6	State Constitution	N.C. Const. art. VI, § 6	Qualified voter under Art. VI	1971-07-01	DERIVED	N.C. Const. art. VI, § 6	false	none
NC	lt_governor	professional_qualification	NOT_APPLICABLE	null	https://www.ncleg.gov/Laws/Constitution/Article3	State Constitution	N.C. Const. art. III, § 2	No professional qualification	1971-07-01	DIRECT	none	false	none
NC	attorney_general	office_existence	KNOWN	EXISTS	https://www.ncleg.gov/Laws/Constitution/Article3	State Constitution	N.C. Const. art. III, § 7	Council of State officer	1971-07-01	DIRECT	none	false	none
NC	attorney_general	selection_type	KNOWN	ELECTED_GENERAL	https://www.ncleg.gov/Laws/Constitution/Article3	State Constitution	N.C. Const. art. III, § 7	Elected by the qualified voters of the State	1971-07-01	DIRECT	none	false	none
NC	attorney_general	term_length_years	KNOWN	4	https://www.ncleg.gov/Laws/Constitution/Article3	State Constitution	N.C. Const. art. III, § 7	Holds office for term of four years	1971-07-01	DIRECT	none	false	none
NC	attorney_general	term_limit	NO_REQUIREMENT_FOUND	null	https://www.ncleg.gov/Laws/Constitution/Article3	State Constitution	N.C. Const. art. III, § 7	No term limits for Council of State officers	1971-07-01	DIRECT	none	false	Disproves PR #72 term limit fallback
NC	attorney_general	min_age	KNOWN	21	https://www.ncleg.gov/Laws/Constitution/Article6	State Constitution	N.C. Const. art. VI, § 6	No separate age in Art. III § 7; general qualification is 21 years of age	1971-07-01	DERIVED	N.C. Const. art. VI, § 6	false	Age 21 (disproves PR #72 30-year fallback)
NC	attorney_general	us_citizenship	KNOWN	CITIZEN_REQUIRED	https://www.ncleg.gov/Laws/Constitution/Article6	State Constitution	N.C. Const. art. VI, § 1	Every person born in the US and every person who has been naturalized	1971-07-01	DERIVED	N.C. Const. art. VI, § 1 elector status	false	none
NC	attorney_general	state_residence_years	NO_REQUIREMENT_FOUND	null	https://www.ncleg.gov/Laws/Constitution/Article3	State Constitution	N.C. Const. art. III, § 7	Constitution requires qualified voter residency (N.C. Gen. Stat. § 163-55 30-day residency); no 5-year requirement	1971-07-01	DERIVED	N.C. Const. art. VI & N.C.G.S. § 163-55	false	Disproves PR #72 5-year fallback
NC	attorney_general	district_residence	NOT_APPLICABLE	null	https://www.ncleg.gov/Laws/Constitution/Article3	State Constitution	N.C. Const. art. III, § 7	Statewide office	1971-07-01	DIRECT	none	false	none
NC	attorney_general	elector_required	KNOWN	true	https://www.ncleg.gov/Laws/Constitution/Article6	State Constitution	N.C. Const. art. VI, § 6	Every qualified voter eligible for office	1971-07-01	DIRECT	none	false	none
NC	attorney_general	professional_qualification	KNOWN	BAR_ADMISSION	https://www.ncleg.gov/Laws/Constitution/Article3	State Constitution	N.C. Const. art. III, § 7	No person shall be eligible as Attorney General unless he is authorized to practice law in the courts of this State	1971-07-01	DIRECT	none	false	Explicit constitutional bar requirement
NC	secretary_of_state	office_existence	KNOWN	EXISTS	https://www.ncleg.gov/Laws/Constitution/Article3	State Constitution	N.C. Const. art. III, § 7	Council of State officer	1971-07-01	DIRECT	none	false	none
NC	secretary_of_state	selection_type	KNOWN	ELECTED_GENERAL	https://www.ncleg.gov/Laws/Constitution/Article3	State Constitution	N.C. Const. art. III, § 7	Elected by the qualified voters of the State	1971-07-01	DIRECT	none	false	none
NC	secretary_of_state	term_length_years	KNOWN	4	https://www.ncleg.gov/Laws/Constitution/Article3	State Constitution	N.C. Const. art. III, § 7	Holds office for term of four years	1971-07-01	DIRECT	none	false	none
NC	secretary_of_state	term_limit	NO_REQUIREMENT_FOUND	null	https://www.ncleg.gov/Laws/Constitution/Article3	State Constitution	N.C. Const. art. III, § 7	No term limits for Secretary of State	1971-07-01	DIRECT	none	false	Disproves PR #72 fallback
NC	secretary_of_state	min_age	KNOWN	21	https://www.ncleg.gov/Laws/Constitution/Article6	State Constitution	N.C. Const. art. VI, § 6	General qualification: 21 years of age	1971-07-01	DERIVED	N.C. Const. art. VI, § 6	false	Disproves PR #72 30-year fallback
NC	secretary_of_state	us_citizenship	KNOWN	CITIZEN_REQUIRED	https://www.ncleg.gov/Laws/Constitution/Article6	State Constitution	N.C. Const. art. VI, § 1	Qualified voter requirement (US citizen)	1971-07-01	DERIVED	N.C. Const. art. VI, § 1	false	none
NC	secretary_of_state	state_residence_years	NO_REQUIREMENT_FOUND	null	https://www.ncleg.gov/Laws/Constitution/Article3	State Constitution	N.C. Const. art. III, § 7	No 5-year requirement; qualified voter residency applies	1971-07-01	DIRECT	none	false	Disproves PR #72 5-year fallback
NC	secretary_of_state	district_residence	NOT_APPLICABLE	null	https://www.ncleg.gov/Laws/Constitution/Article3	State Constitution	N.C. Const. art. III, § 7	Statewide office	1971-07-01	DIRECT	none	false	none
NC	secretary_of_state	elector_required	KNOWN	true	https://www.ncleg.gov/Laws/Constitution/Article6	State Constitution	N.C. Const. art. VI, § 6	Qualified voter requirement	1971-07-01	DIRECT	none	false	none
NC	secretary_of_state	professional_qualification	NOT_APPLICABLE	null	https://www.ncleg.gov/Laws/Constitution/Article3	State Constitution	N.C. Const. art. III, § 7	No professional qualification	1971-07-01	DIRECT	none	false	none
NC	lower_legislator	office_existence	KNOWN	EXISTS	https://www.ncleg.gov/Laws/Constitution/Article2	State Constitution	N.C. Const. art. II, § 1	House of Representatives of North Carolina	1971-07-01	DIRECT	none	false	120 members
NC	lower_legislator	selection_type	KNOWN	ELECTED_GENERAL	https://www.ncleg.gov/Laws/Constitution/Article2	State Constitution	N.C. Const. art. II, § 2	Elected by qualified voters of respective representative districts	1971-07-01	DIRECT	none	false	none
NC	lower_legislator	term_length_years	KNOWN	2	https://www.ncleg.gov/Laws/Constitution/Article2	State Constitution	N.C. Const. art. II, § 2	Elected for term of two years	1971-07-01	DIRECT	none	false	none
NC	lower_legislator	term_limit	NO_REQUIREMENT_FOUND	null	https://www.ncleg.gov/Laws/Constitution/Article2	State Constitution	N.C. Const. art. II	No term limit for House members	1971-07-01	DIRECT	none	false	No legislative term limits
NC	lower_legislator	min_age	KNOWN	21	https://www.ncleg.gov/Laws/Constitution/Article2	State Constitution	N.C. Const. art. II, § 7	Qualified voter of the State (minimum age 21 under Art. VI § 6 / Art. II § 7)	1971-07-01	DERIVED	N.C. Const. art. II § 7 & art. VI § 6	false	none
NC	lower_legislator	us_citizenship	KNOWN	CITIZEN_REQUIRED	https://www.ncleg.gov/Laws/Constitution/Article6	State Constitution	N.C. Const. art. VI, § 1	Qualified voter requirement	1971-07-01	DERIVED	N.C. Const. art. VI, § 1	false	none
NC	lower_legislator	state_residence_years	NO_REQUIREMENT_FOUND	null	https://www.ncleg.gov/Laws/Constitution/Article2	State Constitution	N.C. Const. art. II, § 7	No separate multi-year state residence for House (unlike Senate which requires 2 years)	1971-07-01	DIRECT	none	false	Distinct from Senate
NC	lower_legislator	district_residence	KNOWN	RESIDENT_1_YEAR	https://www.ncleg.gov/Laws/Constitution/Article2	State Constitution	N.C. Const. art. II, § 7	Resided in the district for which chosen for one year immediately preceding election	1971-07-01	DIRECT	none	false	none
NC	lower_legislator	elector_required	KNOWN	true	https://www.ncleg.gov/Laws/Constitution/Article2	State Constitution	N.C. Const. art. II, § 7	Qualified voter of the State	1971-07-01	DIRECT	none	false	none
NC	lower_legislator	professional_qualification	NOT_APPLICABLE	null	https://www.ncleg.gov/Laws/Constitution/Article2	State Constitution	N.C. Const. art. II, § 7	No professional qualification	1971-07-01	DIRECT	none	false	none
NC	upper_legislator	office_existence	KNOWN	EXISTS	https://www.ncleg.gov/Laws/Constitution/Article2	State Constitution	N.C. Const. art. II, § 1	Senate of North Carolina	1971-07-01	DIRECT	none	false	50 members
NC	upper_legislator	selection_type	KNOWN	ELECTED_GENERAL	https://www.ncleg.gov/Laws/Constitution/Article2	State Constitution	N.C. Const. art. II, § 2	Elected by qualified voters of respective senatorial districts	1971-07-01	DIRECT	none	false	none
NC	upper_legislator	term_length_years	KNOWN	2	https://www.ncleg.gov/Laws/Constitution/Article2	State Constitution	N.C. Const. art. II, § 2	Elected for term of two years	1971-07-01	DIRECT	none	false	none
NC	upper_legislator	term_limit	NO_REQUIREMENT_FOUND	null	https://www.ncleg.gov/Laws/Constitution/Article2	State Constitution	N.C. Const. art. II	No term limit for senators	1971-07-01	DIRECT	none	false	none
NC	upper_legislator	min_age	KNOWN	25	https://www.ncleg.gov/Laws/Constitution/Article2	State Constitution	N.C. Const. art. II, § 6	At least 25 years of age	1971-07-01	DIRECT	none	false	none
NC	upper_legislator	us_citizenship	KNOWN	CITIZEN_REQUIRED	https://www.ncleg.gov/Laws/Constitution/Article6	State Constitution	N.C. Const. art. VI, § 1	Qualified voter requirement	1971-07-01	DERIVED	N.C. Const. art. VI, § 1	false	none
NC	upper_legislator	state_residence_years	KNOWN	2	https://www.ncleg.gov/Laws/Constitution/Article2	State Constitution	N.C. Const. art. II, § 6	Resided in the State as a citizen for two years immediately preceding election	1971-07-01	DIRECT	none	false	2 YEARS state residence (distinct from House)
NC	upper_legislator	district_residence	KNOWN	RESIDENT_1_YEAR	https://www.ncleg.gov/Laws/Constitution/Article2	State Constitution	N.C. Const. art. II, § 6	Resided in the district for which chosen for one year immediately preceding election	1971-07-01	DIRECT	none	false	none
NC	upper_legislator	elector_required	KNOWN	true	https://www.ncleg.gov/Laws/Constitution/Article2	State Constitution	N.C. Const. art. II, § 6	Qualified voter of the State	1971-07-01	DIRECT	none	false	none
NC	upper_legislator	professional_qualification	NOT_APPLICABLE	null	https://www.ncleg.gov/Laws/Constitution/Article2	State Constitution	N.C. Const. art. II, § 6	No professional qualification	1971-07-01	DIRECT	none	false	none
NC	nebraska_unicameral	office_existence	OFFICE_DOES_NOT_EXIST	null	https://www.ncleg.gov/Laws/Constitution/Article2	State Constitution	N.C. Const. art. II, § 1	North Carolina has bicameral General Assembly	1971-07-01	DIRECT	none	false	Unicameral N/A in NC
ND	governor	office_existence	KNOWN	EXISTS	https://www.ndlegis.gov/constit/a05.pdf	State Constitution	N.D. Const. art. V, § 1	The executive power is vested in the governor	1997-01-01	DIRECT	none	false	none
ND	governor	selection_type	KNOWN	ELECTED_GENERAL_JOINT	https://www.ndlegis.gov/constit/a05.pdf	State Constitution	N.D. Const. art. V, § 3	Elected jointly on a single ticket with lieutenant governor	1997-01-01	DIRECT	none	false	Joint ticket
ND	governor	term_length_years	KNOWN	4	https://www.ndlegis.gov/constit/a05.pdf	State Constitution	N.D. Const. art. V, § 1	Elected for term of four years	1997-01-01	DIRECT	none	false	none
ND	governor	term_limit	KNOWN	2_ELECTIONS_LIFETIME	https://www.ndlegis.gov/constit/a05.pdf	State Constitution	N.D. Const. art. V, § 13	No person may be elected to the office of governor more than twice (Measure 1, 2022)	2023-01-01	DIRECT	none	false	Lifetime limit approved Nov 2022 Measure 1
ND	governor	min_age	KNOWN	30	https://www.ndlegis.gov/constit/a05.pdf	State Constitution	N.D. Const. art. V, § 4	Must be at least thirty years old on the day of the election	1997-01-01	DIRECT	none	false	Specified on day of election
ND	governor	us_citizenship	KNOWN	CITIZEN_REQUIRED	https://www.ndlegis.gov/constit/a05.pdf	State Constitution	N.D. Const. art. V, § 4	Qualified elector of this state (US citizen under Art. II § 1)	1997-01-01	DERIVED	N.D. Const. art. II, § 1	false	No duration specified
ND	governor	state_residence_years	KNOWN	5	https://www.ndlegis.gov/constit/a05.pdf	State Constitution	N.D. Const. art. V, § 4	Resident of this state for the five years preceding election to office	1997-01-01	DIRECT	none	false	none
ND	governor	district_residence	NOT_APPLICABLE	null	https://www.ndlegis.gov/constit/a05.pdf	State Constitution	N.D. Const. art. V, § 4	Statewide office	1997-01-01	DIRECT	none	false	none
ND	governor	elector_required	KNOWN	true	https://www.ndlegis.gov/constit/a05.pdf	State Constitution	N.D. Const. art. V, § 4	Qualified elector of this state	1997-01-01	DIRECT	none	false	none
ND	governor	professional_qualification	NOT_APPLICABLE	null	https://www.ndlegis.gov/constit/a05.pdf	State Constitution	N.D. Const. art. V, § 4	No professional qualification	1997-01-01	DIRECT	none	false	none
ND	lt_governor	office_existence	KNOWN	EXISTS	https://www.ndlegis.gov/constit/a05.pdf	State Constitution	N.D. Const. art. V, § 1	Executive department officer	1997-01-01	DIRECT	none	false	none
ND	lt_governor	selection_type	KNOWN	ELECTED_GENERAL_JOINT	https://www.ndlegis.gov/constit/a05.pdf	State Constitution	N.D. Const. art. V, § 3	Elected jointly on single ticket with governor	1997-01-01	DIRECT	none	false	Joint ticket
ND	lt_governor	term_length_years	KNOWN	4	https://www.ndlegis.gov/constit/a05.pdf	State Constitution	N.D. Const. art. V, § 1	Four-year term concurrent with governor	1997-01-01	DIRECT	none	false	none
ND	lt_governor	term_limit	NO_REQUIREMENT_FOUND	null	https://www.ndlegis.gov/constit/a05.pdf	State Constitution	N.D. Const. art. V, § 13	Measure 1 limit explicitly applies to governor; no limit on lieutenant governor	2023-01-01	DIRECT	none	false	Measure 1 textual scope
ND	lt_governor	min_age	KNOWN	30	https://www.ndlegis.gov/constit/a05.pdf	State Constitution	N.D. Const. art. V, § 4	Must be at least thirty years old on the day of the election	1997-01-01	DIRECT	none	false	none
ND	lt_governor	us_citizenship	KNOWN	CITIZEN_REQUIRED	https://www.ndlegis.gov/constit/a05.pdf	State Constitution	N.D. Const. art. V, § 4	Qualified elector (US citizen)	1997-01-01	DERIVED	N.D. Const. art. II, § 1	false	none
ND	lt_governor	state_residence_years	KNOWN	5	https://www.ndlegis.gov/constit/a05.pdf	State Constitution	N.D. Const. art. V, § 4	Resident of this state for the five years preceding election	1997-01-01	DIRECT	none	false	none
ND	lt_governor	district_residence	NOT_APPLICABLE	null	https://www.ndlegis.gov/constit/a05.pdf	State Constitution	N.D. Const. art. V, § 4	Statewide office	1997-01-01	DIRECT	none	false	none
ND	lt_governor	elector_required	KNOWN	true	https://www.ndlegis.gov/constit/a05.pdf	State Constitution	N.D. Const. art. V, § 4	Qualified elector of this state	1997-01-01	DIRECT	none	false	none
ND	lt_governor	professional_qualification	NOT_APPLICABLE	null	https://www.ndlegis.gov/constit/a05.pdf	State Constitution	N.D. Const. art. V, § 4	No professional qualification	1997-01-01	DIRECT	none	false	none
ND	attorney_general	office_existence	KNOWN	EXISTS	https://www.ndlegis.gov/constit/a05.pdf	State Constitution	N.D. Const. art. V, § 2	Elected executive official	1997-01-01	DIRECT	none	false	none
ND	attorney_general	selection_type	KNOWN	ELECTED_GENERAL	https://www.ndlegis.gov/constit/a05.pdf	State Constitution	N.D. Const. art. V, § 2	Elected by the qualified electors of the state	1997-01-01	DIRECT	none	false	none
ND	attorney_general	term_length_years	KNOWN	4	https://www.ndlegis.gov/constit/a05.pdf	State Constitution	N.D. Const. art. V, § 2	Elected for term of four years	1997-01-01	DIRECT	none	false	none
ND	attorney_general	term_limit	NO_REQUIREMENT_FOUND	null	https://www.ndlegis.gov/constit/a05.pdf	State Constitution	N.D. Const. art. V	No term limit for attorney general (Measure 1 applies to governor only)	1997-01-01	DIRECT	none	false	none
ND	attorney_general	min_age	KNOWN	25	https://www.ndlegis.gov/constit/a05.pdf	State Constitution	N.D. Const. art. V, § 4	At least twenty-five years of age on the day of the election	1997-01-01	DIRECT	none	false	Age 25 (not 30)
ND	attorney_general	us_citizenship	KNOWN	CITIZEN_REQUIRED	https://www.ndlegis.gov/constit/a05.pdf	State Constitution	N.D. Const. art. V, § 4	Qualified elector (US citizen)	1997-01-01	DERIVED	N.D. Const. art. II, § 1	false	none
ND	attorney_general	state_residence_years	KNOWN	5	https://www.ndlegis.gov/constit/a05.pdf	State Constitution	N.D. Const. art. V, § 4	Resident of this state for the five years preceding election	1997-01-01	DIRECT	none	false	none
ND	attorney_general	district_residence	NOT_APPLICABLE	null	https://www.ndlegis.gov/constit/a05.pdf	State Constitution	N.D. Const. art. V, § 4	Statewide office	1997-01-01	DIRECT	none	false	none
ND	attorney_general	elector_required	KNOWN	true	https://www.ndlegis.gov/constit/a05.pdf	State Constitution	N.D. Const. art. V, § 4	Qualified elector of this state	1997-01-01	DIRECT	none	false	none
ND	attorney_general	professional_qualification	KNOWN	BAR_ADMISSION	https://www.ndlegis.gov/constit/a05.pdf	State Constitution	N.D. Const. art. V, § 4	The attorney general must be licensed to practice law in this state	1997-01-01	DIRECT	none	false	Explicit constitutional requirement
ND	secretary_of_state	office_existence	KNOWN	EXISTS	https://www.ndlegis.gov/constit/a05.pdf	State Constitution	N.D. Const. art. V, § 2	Elected executive official	1997-01-01	DIRECT	none	false	none
ND	secretary_of_state	selection_type	KNOWN	ELECTED_GENERAL	https://www.ndlegis.gov/constit/a05.pdf	State Constitution	N.D. Const. art. V, § 2	Elected by the qualified electors of the state	1997-01-01	DIRECT	none	false	none
ND	secretary_of_state	term_length_years	KNOWN	4	https://www.ndlegis.gov/constit/a05.pdf	State Constitution	N.D. Const. art. V, § 2	Elected for term of four years	1997-01-01	DIRECT	none	false	none
ND	secretary_of_state	term_limit	NO_REQUIREMENT_FOUND	null	https://www.ndlegis.gov/constit/a05.pdf	State Constitution	N.D. Const. art. V	No term limit for secretary of state	1997-01-01	DIRECT	none	false	none
ND	secretary_of_state	min_age	KNOWN	25	https://www.ndlegis.gov/constit/a05.pdf	State Constitution	N.D. Const. art. V, § 4	At least twenty-five years of age on the day of the election	1997-01-01	DIRECT	none	false	Age 25 (not 30)
ND	secretary_of_state	us_citizenship	KNOWN	CITIZEN_REQUIRED	https://www.ndlegis.gov/constit/a05.pdf	State Constitution	N.D. Const. art. V, § 4	Qualified elector (US citizen)	1997-01-01	DERIVED	N.D. Const. art. II, § 1	false	none
ND	secretary_of_state	state_residence_years	KNOWN	5	https://www.ndlegis.gov/constit/a05.pdf	State Constitution	N.D. Const. art. V, § 4	Resident of this state for the five years preceding election	1997-01-01	DIRECT	none	false	none
ND	secretary_of_state	district_residence	NOT_APPLICABLE	null	https://www.ndlegis.gov/constit/a05.pdf	State Constitution	N.D. Const. art. V, § 4	Statewide office	1997-01-01	DIRECT	none	false	none
ND	secretary_of_state	elector_required	KNOWN	true	https://www.ndlegis.gov/constit/a05.pdf	State Constitution	N.D. Const. art. V, § 4	Qualified elector of this state	1997-01-01	DIRECT	none	false	none
ND	secretary_of_state	professional_qualification	NOT_APPLICABLE	null	https://www.ndlegis.gov/constit/a05.pdf	State Constitution	N.D. Const. art. V, § 4	No professional qualification	1997-01-01	DIRECT	none	false	none
ND	lower_legislator	office_existence	KNOWN	EXISTS	https://www.ndlegis.gov/constit/a04.pdf	State Constitution	N.D. Const. art. IV, § 1	House of Representatives of North Dakota	1889-11-02	DIRECT	none	false	94 members
ND	lower_legislator	selection_type	KNOWN	ELECTED_GENERAL	https://www.ndlegis.gov/constit/a04.pdf	State Constitution	N.D. Const. art. IV, § 2	Elected by qualified electors of representative districts	1889-11-02	DIRECT	none	false	none
ND	lower_legislator	term_length_years	KNOWN	4	https://www.ndlegis.gov/constit/a04.pdf	State Constitution	N.D. Const. art. IV, § 3	Elected for terms of four years (staggered)	1889-11-02	DIRECT	none	false	House serves 4-year terms!
ND	lower_legislator	term_limit	KNOWN	8_YEARS_LIFETIME	https://www.ndlegis.gov/constit/a04.pdf	State Constitution	N.D. Const. art. IV, § 16	No individual may be elected or appointed to serve as a member of the house of representatives for a cumulative period of more than eight years (Measure 1, 2022)	2023-01-01	DIRECT	none	false	8-year lifetime cap per chamber
ND	lower_legislator	min_age	KNOWN	18	https://www.ndlegis.gov/constit/a04.pdf	State Constitution	N.D. Const. art. IV, § 5 & art. II, § 1	Must be a qualified elector in the district on the day of election (qualified elector requires 18 years of age)	1889-11-02	DERIVED	N.D. Const. art. II, § 1 elector age	false	none
ND	lower_legislator	us_citizenship	KNOWN	CITIZEN_REQUIRED	https://www.ndlegis.gov/constit/a02.pdf	State Constitution	N.D. Const. art. II, § 1	Qualified elector (US citizen)	1889-11-02	DERIVED	N.D. Const. art. II, § 1	false	none
ND	lower_legislator	state_residence_years	KNOWN	1	https://www.ndlegis.gov/constit/a04.pdf	State Constitution	N.D. Const. art. IV, § 5	Resident of the state for one year immediately prior to that election	1889-11-02	DIRECT	none	false	none
ND	lower_legislator	district_residence	KNOWN	RESIDENT_AT_ELECTION	https://www.ndlegis.gov/constit/a04.pdf	State Constitution	N.D. Const. art. IV, § 5	Qualified elector in the district on the day of election and must reside in the district from which selected	1889-11-02	DIRECT	none	false	none
ND	lower_legislator	elector_required	KNOWN	true	https://www.ndlegis.gov/constit/a04.pdf	State Constitution	N.D. Const. art. IV, § 5	Qualified elector in the district	1889-11-02	DIRECT	none	false	none
ND	lower_legislator	professional_qualification	NOT_APPLICABLE	null	https://www.ndlegis.gov/constit/a04.pdf	State Constitution	N.D. Const. art. IV, § 5	No professional qualification	1889-11-02	DIRECT	none	false	none
ND	upper_legislator	office_existence	KNOWN	EXISTS	https://www.ndlegis.gov/constit/a04.pdf	State Constitution	N.D. Const. art. IV, § 1	Senate of North Dakota	1889-11-02	DIRECT	none	false	47 members
ND	upper_legislator	selection_type	KNOWN	ELECTED_GENERAL	https://www.ndlegis.gov/constit/a04.pdf	State Constitution	N.D. Const. art. IV, § 2	Elected by qualified electors of senatorial districts	1889-11-02	DIRECT	none	false	none
ND	upper_legislator	term_length_years	KNOWN	4	https://www.ndlegis.gov/constit/a04.pdf	State Constitution	N.D. Const. art. IV, § 3	Elected for terms of four years (staggered)	1889-11-02	DIRECT	none	false	none
ND	upper_legislator	term_limit	KNOWN	8_YEARS_LIFETIME	https://www.ndlegis.gov/constit/a04.pdf	State Constitution	N.D. Const. art. IV, § 16	No individual may be elected or appointed to serve as a member of the senate for a cumulative period of more than eight years (Measure 1, 2022)	2023-01-01	DIRECT	none	false	8-year lifetime cap per chamber
ND	upper_legislator	min_age	KNOWN	18	https://www.ndlegis.gov/constit/a04.pdf	State Constitution	N.D. Const. art. IV, § 5 & art. II, § 1	Qualified elector in the district on day of election (age 18)	1889-11-02	DERIVED	N.D. Const. art. II, § 1	false	Senate and House have identical age requirements
ND	upper_legislator	us_citizenship	KNOWN	CITIZEN_REQUIRED	https://www.ndlegis.gov/constit/a02.pdf	State Constitution	N.D. Const. art. II, § 1	Qualified elector (US citizen)	1889-11-02	DERIVED	N.D. Const. art. II, § 1	false	none
ND	upper_legislator	state_residence_years	KNOWN	1	https://www.ndlegis.gov/constit/a04.pdf	State Constitution	N.D. Const. art. IV, § 5	Resident of the state for one year immediately prior to that election	1889-11-02	DIRECT	none	false	none
ND	upper_legislator	district_residence	KNOWN	RESIDENT_AT_ELECTION	https://www.ndlegis.gov/constit/a04.pdf	State Constitution	N.D. Const. art. IV, § 5	Qualified elector in district on day of election and must reside in district	1889-11-02	DIRECT	none	false	none
ND	upper_legislator	elector_required	KNOWN	true	https://www.ndlegis.gov/constit/a04.pdf	State Constitution	N.D. Const. art. IV, § 5	Qualified elector in the district	1889-11-02	DIRECT	none	false	none
ND	upper_legislator	professional_qualification	NOT_APPLICABLE	null	https://www.ndlegis.gov/constit/a04.pdf	State Constitution	N.D. Const. art. IV, § 5	No professional qualification	1889-11-02	DIRECT	none	false	none
ND	nebraska_unicameral	office_existence	OFFICE_DOES_NOT_EXIST	null	https://www.ndlegis.gov/constit/a04.pdf	State Constitution	N.D. Const. art. IV, § 1	North Dakota has bicameral Legislative Assembly	1889-11-02	DIRECT	none	false	Unicameral N/A in ND
OH	governor	office_existence	KNOWN	EXISTS	https://codes.ohio.gov/ohio-constitution/section-3.1	State Constitution	Ohio Const. art. III, § 1	The executive department shall consist of a governor, lieutenant governor, secretary of state, auditor of state, treasurer of state, and an attorney general	1851-09-01	DIRECT	none	false	none
OH	governor	selection_type	KNOWN	ELECTED_GENERAL_JOINT	https://codes.ohio.gov/ohio-constitution/section-3.1b	State Constitution	Ohio Const. art. III, § 1b	Lieutenant governor shall be elected jointly with the governor by the casting by each elector of a single vote	1978-01-01	DIRECT	none	false	Joint ticket
OH	governor	term_length_years	KNOWN	4	https://codes.ohio.gov/ohio-constitution/section-3.2	State Constitution	Ohio Const. art. III, § 2	Chosen for terms of four years	1954-11-02	DIRECT	none	false	none
OH	governor	term_limit	KNOWN	2_CONSECUTIVE	https://codes.ohio.gov/ohio-constitution/section-3.2	State Constitution	Ohio Const. art. III, § 2	No person shall hold the office of governor for a period longer than two consecutive terms of four years; ineligible until four full years have elapsed	1995-01-01	DIRECT	none	false	Must sit out 4 years before running again
OH	governor	min_age	KNOWN	18	https://codes.ohio.gov/ohio-constitution/section-15.4	State Constitution	Ohio Const. art. XV, § 4 & art. V, § 1	No person elected or appointed to office unless possessed of qualifications of an elector (age 18 under art. V § 1); no 30-year requirement in Art. III	1851-09-01	DERIVED	Ohio Const. art. XV § 4 elector rule & art. V § 1	false	Disproves 30-year PR #72 fallback!
OH	governor	us_citizenship	KNOWN	CITIZEN_REQUIRED	https://codes.ohio.gov/ohio-constitution/section-5.1	State Constitution	Ohio Const. art. V, § 1	Every citizen of the United States	1851-09-01	DERIVED	Ohio Const. art. V, § 1 elector qualification	false	No duration specified
OH	governor	state_residence_years	NO_REQUIREMENT_FOUND	null	https://codes.ohio.gov/ohio-constitution/section-3.2	State Constitution	Ohio Const. art. III	No 5-year requirement; 30-day elector residence under R.C. 3503.01	1851-09-01	DERIVED	R.C. 3503.01 30-day voter residence	false	Disproves PR #72 5-year fallback
OH	governor	district_residence	NOT_APPLICABLE	null	https://codes.ohio.gov/ohio-constitution/section-3.1	State Constitution	Ohio Const. art. III	Statewide office	1851-09-01	DIRECT	none	false	none
OH	governor	elector_required	KNOWN	true	https://codes.ohio.gov/ohio-constitution/section-15.4	State Constitution	Ohio Const. art. XV, § 4	No person shall be elected or appointed to any office unless possessed of the qualifications of an elector	1851-09-01	DIRECT	none	false	Foundational Ohio eligibility requirement
OH	governor	professional_qualification	NOT_APPLICABLE	null	https://codes.ohio.gov/ohio-constitution/section-3.1	State Constitution	Ohio Const. art. III	No professional qualification	1851-09-01	DIRECT	none	false	none
OH	lt_governor	office_existence	KNOWN	EXISTS	https://codes.ohio.gov/ohio-constitution/section-3.1	State Constitution	Ohio Const. art. III, § 1	Executive department officer	1851-09-01	DIRECT	none	false	none
OH	lt_governor	selection_type	KNOWN	ELECTED_GENERAL_JOINT	https://codes.ohio.gov/ohio-constitution/section-3.1b	State Constitution	Ohio Const. art. III, § 1b	Elected jointly with governor on single vote	1978-01-01	DIRECT	none	false	Joint ticket
OH	lt_governor	term_length_years	KNOWN	4	https://codes.ohio.gov/ohio-constitution/section-3.2	State Constitution	Ohio Const. art. III, § 2	Chosen for terms of four years	1954-11-02	DIRECT	none	false	none
OH	lt_governor	term_limit	KNOWN	2_CONSECUTIVE	https://codes.ohio.gov/ohio-constitution/section-3.2	State Constitution	Ohio Const. art. III, § 2	No person shall hold office for period longer than two consecutive terms of four years	1995-01-01	DIRECT	none	false	none
OH	lt_governor	min_age	KNOWN	18	https://codes.ohio.gov/ohio-constitution/section-15.4	State Constitution	Ohio Const. art. XV, § 4 & art. V, § 1	Qualified elector requirement (age 18)	1851-09-01	DERIVED	Ohio Const. art. XV § 4 & art. V § 1	false	Disproves 30-year fallback
OH	lt_governor	us_citizenship	KNOWN	CITIZEN_REQUIRED	https://codes.ohio.gov/ohio-constitution/section-5.1	State Constitution	Ohio Const. art. V, § 1	Citizen of the United States	1851-09-01	DERIVED	Ohio Const. art. V, § 1	false	none
OH	lt_governor	state_residence_years	NO_REQUIREMENT_FOUND	null	https://codes.ohio.gov/ohio-constitution/section-3.2	State Constitution	Ohio Const. art. III	No multi-year residence requirement; 30-day elector residence	1851-09-01	DIRECT	none	false	Disproves 5-year fallback
OH	lt_governor	district_residence	NOT_APPLICABLE	null	https://codes.ohio.gov/ohio-constitution/section-3.1	State Constitution	Ohio Const. art. III	Statewide office	1851-09-01	DIRECT	none	false	none
OH	lt_governor	elector_required	KNOWN	true	https://codes.ohio.gov/ohio-constitution/section-15.4	State Constitution	Ohio Const. art. XV, § 4	Qualified elector requirement	1851-09-01	DIRECT	none	false	none
OH	lt_governor	professional_qualification	NOT_APPLICABLE	null	https://codes.ohio.gov/ohio-constitution/section-3.1	State Constitution	Ohio Const. art. III	No professional qualification	1851-09-01	DIRECT	none	false	none
OH	attorney_general	office_existence	KNOWN	EXISTS	https://codes.ohio.gov/ohio-constitution/section-3.1	State Constitution	Ohio Const. art. III, § 1	Executive department officer	1851-09-01	DIRECT	none	false	none
OH	attorney_general	selection_type	KNOWN	ELECTED_GENERAL	https://codes.ohio.gov/ohio-constitution/section-3.1	State Constitution	Ohio Const. art. III, § 1	Elected statewide at general election	1851-09-01	DIRECT	none	false	none
OH	attorney_general	term_length_years	KNOWN	4	https://codes.ohio.gov/ohio-constitution/section-3.2	State Constitution	Ohio Const. art. III, § 2	Chosen for terms of four years	1954-11-02	DIRECT	none	false	none
OH	attorney_general	term_limit	KNOWN	2_CONSECUTIVE	https://codes.ohio.gov/ohio-constitution/section-3.2	State Constitution	Ohio Const. art. III, § 2	No person shall hold office for period longer than two consecutive terms of four years	1995-01-01	DIRECT	none	false	Same 2-consecutive term limit
OH	attorney_general	min_age	KNOWN	18	https://codes.ohio.gov/ohio-constitution/section-15.4	State Constitution	Ohio Const. art. XV, § 4	Qualified elector requirement (age 18)	1851-09-01	DERIVED	Ohio Const. art. XV § 4 & art. V § 1	false	Disproves 30-year fallback
OH	attorney_general	us_citizenship	KNOWN	CITIZEN_REQUIRED	https://codes.ohio.gov/ohio-constitution/section-5.1	State Constitution	Ohio Const. art. V, § 1	Citizen of the United States	1851-09-01	DERIVED	Ohio Const. art. V, § 1	false	none
OH	attorney_general	state_residence_years	NO_REQUIREMENT_FOUND	null	https://codes.ohio.gov/ohio-constitution/section-3.2	State Constitution	Ohio Const. art. III	No multi-year residence requirement	1851-09-01	DIRECT	none	false	none
OH	attorney_general	district_residence	NOT_APPLICABLE	null	https://codes.ohio.gov/ohio-constitution/section-3.1	State Constitution	Ohio Const. art. III	Statewide office	1851-09-01	DIRECT	none	false	none
OH	attorney_general	elector_required	KNOWN	true	https://codes.ohio.gov/ohio-constitution/section-15.4	State Constitution	Ohio Const. art. XV, § 4	Qualified elector requirement	1851-09-01	DIRECT	none	false	none
OH	attorney_general	professional_qualification	KNOWN	BAR_ADMISSION	https://codes.ohio.gov/ohio-revised-code/section-109.02	Ohio Revised Code	R.C. 109.02	Attorney general is chief law officer; must be admitted to practice as attorney at law in Ohio	1953-10-01	DIRECT	none	false	Licensed attorney in Ohio
OH	secretary_of_state	office_existence	KNOWN	EXISTS	https://codes.ohio.gov/ohio-constitution/section-3.1	State Constitution	Ohio Const. art. III, § 1	Executive department officer	1851-09-01	DIRECT	none	false	none
OH	secretary_of_state	selection_type	KNOWN	ELECTED_GENERAL	https://codes.ohio.gov/ohio-constitution/section-3.1	State Constitution	Ohio Const. art. III, § 1	Elected statewide at general election	1851-09-01	DIRECT	none	false	none
OH	secretary_of_state	term_length_years	KNOWN	4	https://codes.ohio.gov/ohio-constitution/section-3.2	State Constitution	Ohio Const. art. III, § 2	Chosen for terms of four years	1954-11-02	DIRECT	none	false	none
OH	secretary_of_state	term_limit	KNOWN	2_CONSECUTIVE	https://codes.ohio.gov/ohio-constitution/section-3.2	State Constitution	Ohio Const. art. III, § 2	No person shall hold office for period longer than two consecutive terms of four years	1995-01-01	DIRECT	none	false	Same 2-consecutive term limit
OH	secretary_of_state	min_age	KNOWN	18	https://codes.ohio.gov/ohio-constitution/section-15.4	State Constitution	Ohio Const. art. XV, § 4	Qualified elector requirement (age 18)	1851-09-01	DERIVED	Ohio Const. art. XV § 4 & art. V § 1	false	Disproves 30-year fallback
OH	secretary_of_state	us_citizenship	KNOWN	CITIZEN_REQUIRED	https://codes.ohio.gov/ohio-constitution/section-5.1	State Constitution	Ohio Const. art. V, § 1	Citizen of the United States	1851-09-01	DERIVED	Ohio Const. art. V, § 1	false	none
OH	secretary_of_state	state_residence_years	NO_REQUIREMENT_FOUND	null	https://codes.ohio.gov/ohio-constitution/section-3.2	State Constitution	Ohio Const. art. III	No multi-year residence requirement	1851-09-01	DIRECT	none	false	none
OH	secretary_of_state	district_residence	NOT_APPLICABLE	null	https://codes.ohio.gov/ohio-constitution/section-3.1	State Constitution	Ohio Const. art. III	Statewide office	1851-09-01	DIRECT	none	false	none
OH	secretary_of_state	elector_required	KNOWN	true	https://codes.ohio.gov/ohio-constitution/section-15.4	State Constitution	Ohio Const. art. XV, § 4	Qualified elector requirement	1851-09-01	DIRECT	none	false	none
OH	secretary_of_state	professional_qualification	NOT_APPLICABLE	null	https://codes.ohio.gov/ohio-constitution/section-3.1	State Constitution	Ohio Const. art. III	No professional qualification	1851-09-01	DIRECT	none	false	none
OH	lower_legislator	office_existence	KNOWN	EXISTS	https://codes.ohio.gov/ohio-constitution/section-2.1	State Constitution	Ohio Const. art. II, § 1	House of Representatives of the State of Ohio	1851-09-01	DIRECT	none	false	99 members
OH	lower_legislator	selection_type	KNOWN	ELECTED_GENERAL	https://codes.ohio.gov/ohio-constitution/section-2.2	State Constitution	Ohio Const. art. II, § 2	Elected biennially by the electors of the respective districts	1851-09-01	DIRECT	none	false	none
OH	lower_legislator	term_length_years	KNOWN	2	https://codes.ohio.gov/ohio-constitution/section-2.2	State Constitution	Ohio Const. art. II, § 2	Elected for terms of two years	1851-09-01	DIRECT	none	false	none
OH	lower_legislator	term_limit	KNOWN	4_CONSECUTIVE	https://codes.ohio.gov/ohio-constitution/section-2.2	State Constitution	Ohio Const. art. II, § 2	No person shall hold the office of representative for a period longer than four consecutive terms of two years	1993-01-01	DIRECT	none	false	Max 8 consecutive years (4 terms)
OH	lower_legislator	min_age	KNOWN	18	https://codes.ohio.gov/ohio-constitution/section-15.4	State Constitution	Ohio Const. art. XV, § 4	Possessed of the qualifications of an elector (age 18 under art. V § 1)	1851-09-01	DERIVED	Ohio Const. art. XV § 4 & art. V § 1	false	No 21-year requirement in Art. II
OH	lower_legislator	us_citizenship	KNOWN	CITIZEN_REQUIRED	https://codes.ohio.gov/ohio-constitution/section-5.1	State Constitution	Ohio Const. art. V, § 1	Citizen of the United States	1851-09-01	DERIVED	Ohio Const. art. V, § 1	false	none
OH	lower_legislator	state_residence_years	NO_REQUIREMENT_FOUND	null	https://codes.ohio.gov/ohio-constitution/section-2.3	State Constitution	Ohio Const. art. II, § 3	Constitution specifies 1-year district residence; no independent multi-year state duration	1851-09-01	DIRECT	none	false	none
OH	lower_legislator	district_residence	KNOWN	RESIDENT_1_YEAR	https://codes.ohio.gov/ohio-constitution/section-2.3	State Constitution	Ohio Const. art. II, § 3	Resided in their respective districts, one year next preceding their election	1851-09-01	DIRECT	none	false	Except when absent on public business
OH	lower_legislator	elector_required	KNOWN	true	https://codes.ohio.gov/ohio-constitution/section-15.4	State Constitution	Ohio Const. art. XV, § 4	Possessed of the qualifications of an elector	1851-09-01	DIRECT	none	false	none
OH	lower_legislator	professional_qualification	NOT_APPLICABLE	null	https://codes.ohio.gov/ohio-constitution/section-2.3	State Constitution	Ohio Const. art. II, § 3	No professional qualification	1851-09-01	DIRECT	none	false	none
OH	upper_legislator	office_existence	KNOWN	EXISTS	https://codes.ohio.gov/ohio-constitution/section-2.1	State Constitution	Ohio Const. art. II, § 1	Senate of the State of Ohio	1851-09-01	DIRECT	none	false	33 members
OH	upper_legislator	selection_type	KNOWN	ELECTED_GENERAL	https://codes.ohio.gov/ohio-constitution/section-2.2	State Constitution	Ohio Const. art. II, § 2	Elected by the electors of the respective districts	1851-09-01	DIRECT	none	false	none
OH	upper_legislator	term_length_years	KNOWN	4	https://codes.ohio.gov/ohio-constitution/section-2.2	State Constitution	Ohio Const. art. II, § 2	Elected for terms of four years (staggered)	1851-09-01	DIRECT	none	false	none
OH	upper_legislator	term_limit	KNOWN	2_CONSECUTIVE	https://codes.ohio.gov/ohio-constitution/section-2.2	State Constitution	Ohio Const. art. II, § 2	No person shall hold the office of senator for a period longer than two consecutive terms of four years	1993-01-01	DIRECT	none	false	Max 8 consecutive years (2 terms)
OH	upper_legislator	min_age	KNOWN	18	https://codes.ohio.gov/ohio-constitution/section-15.4	State Constitution	Ohio Const. art. XV, § 4	Possessed of qualifications of an elector (age 18 under art. V § 1)	1851-09-01	DERIVED	Ohio Const. art. XV § 4 & art. V § 1	false	No 25-year requirement in Art. II
OH	upper_legislator	us_citizenship	KNOWN	CITIZEN_REQUIRED	https://codes.ohio.gov/ohio-constitution/section-5.1	State Constitution	Ohio Const. art. V, § 1	Citizen of the United States	1851-09-01	DERIVED	Ohio Const. art. V, § 1	false	none
OH	upper_legislator	state_residence_years	NO_REQUIREMENT_FOUND	null	https://codes.ohio.gov/ohio-constitution/section-2.3	State Constitution	Ohio Const. art. II, § 3	No independent multi-year state duration	1851-09-01	DIRECT	none	false	none
OH	upper_legislator	district_residence	KNOWN	RESIDENT_1_YEAR	https://codes.ohio.gov/ohio-constitution/section-2.3	State Constitution	Ohio Const. art. II, § 3	Resided in their respective districts, one year next preceding their election	1851-09-01	DIRECT	none	false	Except when absent on public business
OH	upper_legislator	elector_required	KNOWN	true	https://codes.ohio.gov/ohio-constitution/section-15.4	State Constitution	Ohio Const. art. XV, § 4	Possessed of qualifications of an elector	1851-09-01	DIRECT	none	false	none
OH	upper_legislator	professional_qualification	NOT_APPLICABLE	null	https://codes.ohio.gov/ohio-constitution/section-2.3	State Constitution	Ohio Const. art. II, § 3	No professional qualification	1851-09-01	DIRECT	none	false	none
OH	nebraska_unicameral	office_existence	OFFICE_DOES_NOT_EXIST	null	https://codes.ohio.gov/ohio-constitution/section-2.1	State Constitution	Ohio Const. art. II, § 1	Ohio has bicameral General Assembly	1851-09-01	DIRECT	none	false	Unicameral N/A in OH
OK	governor	office_existence	KNOWN	EXISTS	https://www.oscn.net/applications/oscn/DeliverDocument.asp?CiteID=84869	State Constitution	Okla. Const. art. VI, § 1	Executive authority vested in governor and executive officers	1907-11-16	DIRECT	none	false	none
OK	governor	selection_type	KNOWN	ELECTED_GENERAL	https://www.oscn.net/applications/oscn/DeliverDocument.asp?CiteID=84872	State Constitution	Okla. Const. art. VI, § 4	Elected at general election by qualified electors	1907-11-16	DIRECT	none	false	Elected separately from Lt Gov
OK	governor	term_length_years	KNOWN	4	https://www.oscn.net/applications/oscn/DeliverDocument.asp?CiteID=84872	State Constitution	Okla. Const. art. VI, § 4	Holds office for term of four years	1907-11-16	DIRECT	none	false	none
OK	governor	term_limit	KNOWN	8_YEARS_LIFETIME	https://www.oscn.net/applications/oscn/DeliverDocument.asp?CiteID=84872	State Constitution	Okla. Const. art. VI, § 4	No person shall be eligible to serve as Governor for a period of time in excess of eight (8) years	1966-05-03	DIRECT	none	false	8-year lifetime cap (State Question 436)
OK	governor	min_age	KNOWN	31	https://www.oscn.net/applications/oscn/DeliverDocument.asp?CiteID=84871	State Constitution	Okla. Const. art. VI, § 3	Citizen of the United States of the age of not less than thirty-one (31) years	1907-11-16	DIRECT	none	false	31 YEARS (disproves PR #72 30-year fallback!)
OK	governor	us_citizenship	KNOWN	CITIZEN_REQUIRED	https://www.oscn.net/applications/oscn/DeliverDocument.asp?CiteID=84871	State Constitution	Okla. Const. art. VI, § 3	Citizen of the United States	1907-11-16	DIRECT	none	false	No duration specified
OK	governor	state_residence_years	KNOWN	10	https://www.oscn.net/applications/oscn/DeliverDocument.asp?CiteID=84871	State Constitution	Okla. Const. art. VI, § 3	Ten (10) years next preceding election a qualified elector of this state	1907-11-16	DIRECT	none	false	10 YEARS elector/residence (disproves PR #72 5-year fallback!)
OK	governor	district_residence	NOT_APPLICABLE	null	https://www.oscn.net/applications/oscn/DeliverDocument.asp?CiteID=84871	State Constitution	Okla. Const. art. VI, § 3	Statewide office	1907-11-16	DIRECT	none	false	none
OK	governor	elector_required	KNOWN	true	https://www.oscn.net/applications/oscn/DeliverDocument.asp?CiteID=84871	State Constitution	Okla. Const. art. VI, § 3	Qualified elector of this state for ten years	1907-11-16	DIRECT	none	false	Explicit 10-year elector requirement
OK	governor	professional_qualification	NOT_APPLICABLE	null	https://www.oscn.net/applications/oscn/DeliverDocument.asp?CiteID=84871	State Constitution	Okla. Const. art. VI, § 3	No professional qualification	1907-11-16	DIRECT	none	false	none
OK	lt_governor	office_existence	KNOWN	EXISTS	https://www.oscn.net/applications/oscn/DeliverDocument.asp?CiteID=84869	State Constitution	Okla. Const. art. VI, § 1	Executive department officer	1907-11-16	DIRECT	none	false	none
OK	lt_governor	selection_type	KNOWN	ELECTED_GENERAL	https://www.oscn.net/applications/oscn/DeliverDocument.asp?CiteID=84872	State Constitution	Okla. Const. art. VI, § 4	Elected separately from governor (SQ 798 failed 2018)	1907-11-16	DIRECT	none	false	Separately elected
OK	lt_governor	term_length_years	KNOWN	4	https://www.oscn.net/applications/oscn/DeliverDocument.asp?CiteID=84872	State Constitution	Okla. Const. art. VI, § 4	Holds office for term of four years	1907-11-16	DIRECT	none	false	none
OK	lt_governor	term_limit	KNOWN	8_YEARS_LIFETIME	https://www.oscn.net/applications/oscn/DeliverDocument.asp?CiteID=84872	State Constitution	Okla. Const. art. VI, § 4	No person shall be eligible to serve as Lieutenant Governor for period in excess of eight years	1966-05-03	DIRECT	none	false	8-year lifetime cap
OK	lt_governor	min_age	KNOWN	31	https://www.oscn.net/applications/oscn/DeliverDocument.asp?CiteID=84871	State Constitution	Okla. Const. art. VI, § 3	Age of not less than thirty-one (31) years	1907-11-16	DIRECT	none	false	31 YEARS (disproves PR #72 30-year fallback!)
OK	lt_governor	us_citizenship	KNOWN	CITIZEN_REQUIRED	https://www.oscn.net/applications/oscn/DeliverDocument.asp?CiteID=84871	State Constitution	Okla. Const. art. VI, § 3	Citizen of the United States	1907-11-16	DIRECT	none	false	none
OK	lt_governor	state_residence_years	KNOWN	10	https://www.oscn.net/applications/oscn/DeliverDocument.asp?CiteID=84871	State Constitution	Okla. Const. art. VI, § 3	Ten (10) years next preceding election a qualified elector of this state	1907-11-16	DIRECT	none	false	10 YEARS
OK	lt_governor	district_residence	NOT_APPLICABLE	null	https://www.oscn.net/applications/oscn/DeliverDocument.asp?CiteID=84871	State Constitution	Okla. Const. art. VI, § 3	Statewide office	1907-11-16	DIRECT	none	false	none
OK	lt_governor	elector_required	KNOWN	true	https://www.oscn.net/applications/oscn/DeliverDocument.asp?CiteID=84871	State Constitution	Okla. Const. art. VI, § 3	Qualified elector of this state for ten years	1907-11-16	DIRECT	none	false	none
OK	lt_governor	professional_qualification	NOT_APPLICABLE	null	https://www.oscn.net/applications/oscn/DeliverDocument.asp?CiteID=84871	State Constitution	Okla. Const. art. VI, § 3	No professional qualification	1907-11-16	DIRECT	none	false	none
OK	attorney_general	office_existence	KNOWN	EXISTS	https://www.oscn.net/applications/oscn/DeliverDocument.asp?CiteID=84869	State Constitution	Okla. Const. art. VI, § 1	Executive department officer	1907-11-16	DIRECT	none	false	none
OK	attorney_general	selection_type	KNOWN	ELECTED_GENERAL	https://www.oscn.net/applications/oscn/DeliverDocument.asp?CiteID=84872	State Constitution	Okla. Const. art. VI, § 4	Elected at general election by qualified electors	1907-11-16	DIRECT	none	false	none
OK	attorney_general	term_length_years	KNOWN	4	https://www.oscn.net/applications/oscn/DeliverDocument.asp?CiteID=84872	State Constitution	Okla. Const. art. VI, § 4	Holds office for term of four years	1907-11-16	DIRECT	none	false	none
OK	attorney_general	term_limit	KNOWN	8_YEARS_LIFETIME	https://www.oscn.net/applications/oscn/DeliverDocument.asp?CiteID=84872	State Constitution	Okla. Const. art. VI, § 4	No person shall be eligible to serve as Attorney General for period in excess of eight years	2010-11-02	DIRECT	none	false	State Question 747 (2010) added 8-year limit for AG/SOS/etc.
OK	attorney_general	min_age	KNOWN	31	https://www.oscn.net/applications/oscn/DeliverDocument.asp?CiteID=84871	State Constitution	Okla. Const. art. VI, § 3	Age of not less than thirty-one (31) years	1907-11-16	DIRECT	none	false	31 YEARS
OK	attorney_general	us_citizenship	KNOWN	CITIZEN_REQUIRED	https://www.oscn.net/applications/oscn/DeliverDocument.asp?CiteID=84871	State Constitution	Okla. Const. art. VI, § 3	Citizen of the United States	1907-11-16	DIRECT	none	false	none
OK	attorney_general	state_residence_years	KNOWN	10	https://www.oscn.net/applications/oscn/DeliverDocument.asp?CiteID=84871	State Constitution	Okla. Const. art. VI, § 3	Ten (10) years next preceding election a qualified elector of this state	1907-11-16	DIRECT	none	false	10 YEARS
OK	attorney_general	district_residence	NOT_APPLICABLE	null	https://www.oscn.net/applications/oscn/DeliverDocument.asp?CiteID=84871	State Constitution	Okla. Const. art. VI, § 3	Statewide office	1907-11-16	DIRECT	none	false	none
OK	attorney_general	elector_required	KNOWN	true	https://www.oscn.net/applications/oscn/DeliverDocument.asp?CiteID=84871	State Constitution	Okla. Const. art. VI, § 3	Qualified elector of this state for ten years	1907-11-16	DIRECT	none	false	none
OK	attorney_general	professional_qualification	KNOWN	BAR_ADMISSION	https://www.oscn.net/applications/oscn/DeliverDocument.asp?CiteID=102871	Oklahoma Statutes	74 O.S. § 18	Chief law officer; licensed attorney admitted to practice in Oklahoma courts	1939-01-01	DIRECT	none	false	Bar admission required
OK	secretary_of_state	office_existence	KNOWN	EXISTS	https://www.oscn.net/applications/oscn/DeliverDocument.asp?CiteID=84869	State Constitution	Okla. Const. art. VI, § 1	The Secretary of State shall be appointed by the Governor by and with the consent of the Senate	1975-01-13	DIRECT	none	false	Appointed office (State Question 505, 1975)
OK	secretary_of_state	selection_type	KNOWN	APPOINTED_GOVERNOR	https://www.oscn.net/applications/oscn/DeliverDocument.asp?CiteID=84869	State Constitution	Okla. Const. art. VI, § 1	Appointed by Governor with consent of Senate	1975-01-13	DIRECT	none	false	NON-ELECTED; disproves PR #72 elected assumption
OK	secretary_of_state	term_length_years	KNOWN	4	https://www.oscn.net/applications/oscn/DeliverDocument.asp?CiteID=84869	State Constitution	Okla. Const. art. VI, § 1	Term of four years to run concurrently with the term of the Governor	1975-01-13	DIRECT	none	false	Coterminous with governor
OK	secretary_of_state	term_limit	NO_REQUIREMENT_FOUND	null	https://www.oscn.net/applications/oscn/DeliverDocument.asp?CiteID=84872	State Constitution	Okla. Const. art. VI, § 4	SQ 747 limits apply to elective executive officers; SOS is appointed	1975-01-13	DIRECT	none	false	none
OK	secretary_of_state	min_age	KNOWN	31	https://www.oscn.net/applications/oscn/DeliverDocument.asp?CiteID=84871	State Constitution	Okla. Const. art. VI, § 3	Not less than thirty-one (31) years of age	1907-11-16	DIRECT	none	false	31 YEARS applies to appointment
OK	secretary_of_state	us_citizenship	KNOWN	CITIZEN_REQUIRED	https://www.oscn.net/applications/oscn/DeliverDocument.asp?CiteID=84871	State Constitution	Okla. Const. art. VI, § 3	Citizen of the United States	1907-11-16	DIRECT	none	false	none
OK	secretary_of_state	state_residence_years	KNOWN	10	https://www.oscn.net/applications/oscn/DeliverDocument.asp?CiteID=84871	State Constitution	Okla. Const. art. VI, § 3	Ten years qualified elector next preceding appointment	1907-11-16	DIRECT	none	false	10 YEARS
OK	secretary_of_state	district_residence	NOT_APPLICABLE	null	https://www.oscn.net/applications/oscn/DeliverDocument.asp?CiteID=84871	State Constitution	Okla. Const. art. VI, § 3	Statewide office	1907-11-16	DIRECT	none	false	none
OK	secretary_of_state	elector_required	KNOWN	true	https://www.oscn.net/applications/oscn/DeliverDocument.asp?CiteID=84871	State Constitution	Okla. Const. art. VI, § 3	Qualified elector of this state for ten years	1907-11-16	DIRECT	none	false	none
OK	secretary_of_state	professional_qualification	NOT_APPLICABLE	null	https://www.oscn.net/applications/oscn/DeliverDocument.asp?CiteID=84871	State Constitution	Okla. Const. art. VI, § 3	No professional qualification	1907-11-16	DIRECT	none	false	none
OK	lower_legislator	office_existence	KNOWN	EXISTS	https://www.oscn.net/applications/oscn/DeliverDocument.asp?CiteID=84797	State Constitution	Okla. Const. art. V, § 1	House of Representatives of Oklahoma	1907-11-16	DIRECT	none	false	101 members
OK	lower_legislator	selection_type	KNOWN	ELECTED_GENERAL	https://www.oscn.net/applications/oscn/DeliverDocument.asp?CiteID=84814	State Constitution	Okla. Const. art. V, § 10	Elected by qualified electors of legislative districts	1907-11-16	DIRECT	none	false	none
OK	lower_legislator	term_length_years	KNOWN	2	https://www.oscn.net/applications/oscn/DeliverDocument.asp?CiteID=84814	State Constitution	Okla. Const. art. V, § 10	Chosen for term of two years	1907-11-16	DIRECT	none	false	none
OK	lower_legislator	term_limit	KNOWN	12_YEARS_LIFETIME_COMBINED	https://www.oscn.net/applications/oscn/DeliverDocument.asp?CiteID=84822	State Constitution	Okla. Const. art. V, § 17A	Eligible to serve no more than 12 years in Oklahoma Legislature total across both chambers (SQ 632)	1990-11-06	DIRECT	none	false	Combined 12-year legislative cap
OK	lower_legislator	min_age	KNOWN	21	https://www.oscn.net/applications/oscn/DeliverDocument.asp?CiteID=84821	State Constitution	Okla. Const. art. V, § 17	At least twenty-one years of age at the time of election	1907-11-16	DIRECT	none	false	none
OK	lower_legislator	us_citizenship	KNOWN	CITIZEN_REQUIRED	https://www.oscn.net/applications/oscn/DeliverDocument.asp?CiteID=84775	State Constitution	Okla. Const. art. III, § 1	Qualified elector (US citizen)	1907-11-16	DERIVED	Okla. Const. art. III, § 1	false	none
OK	lower_legislator	state_residence_years	NO_REQUIREMENT_FOUND	null	https://www.oscn.net/applications/oscn/DeliverDocument.asp?CiteID=84821	State Constitution	Okla. Const. art. V, § 17	No explicit multi-year state residence; elector status requires residency	1907-11-16	DIRECT	none	false	Disproves PR #72 1-year fallback
OK	lower_legislator	district_residence	KNOWN	RESIDENCE_DURING_TERM	https://www.oscn.net/applications/oscn/DeliverDocument.asp?CiteID=84821	State Constitution	Okla. Const. art. V, § 17	Qualified electors in respective counties/districts and reside in counties/districts during term	1907-11-16	DIRECT	none	false	none
OK	lower_legislator	elector_required	KNOWN	true	https://www.oscn.net/applications/oscn/DeliverDocument.asp?CiteID=84821	State Constitution	Okla. Const. art. V, § 17	Qualified electors in their respective counties or districts	1907-11-16	DIRECT	none	false	none
OK	lower_legislator	professional_qualification	NOT_APPLICABLE	null	https://www.oscn.net/applications/oscn/DeliverDocument.asp?CiteID=84821	State Constitution	Okla. Const. art. V, § 17	No professional qualification	1907-11-16	DIRECT	none	false	none
OK	upper_legislator	office_existence	KNOWN	EXISTS	https://www.oscn.net/applications/oscn/DeliverDocument.asp?CiteID=84797	State Constitution	Okla. Const. art. V, § 1	Senate of the State of Oklahoma	1907-11-16	DIRECT	none	false	48 members
OK	upper_legislator	selection_type	KNOWN	ELECTED_GENERAL	https://www.oscn.net/applications/oscn/DeliverDocument.asp?CiteID=84813	State Constitution	Okla. Const. art. V, § 9	Elected by qualified electors of senatorial districts	1907-11-16	DIRECT	none	false	none
OK	upper_legislator	term_length_years	KNOWN	4	https://www.oscn.net/applications/oscn/DeliverDocument.asp?CiteID=84813	State Constitution	Okla. Const. art. V, § 9	Chosen for term of four years (staggered)	1907-11-16	DIRECT	none	false	none
OK	upper_legislator	term_limit	KNOWN	12_YEARS_LIFETIME_COMBINED	https://www.oscn.net/applications/oscn/DeliverDocument.asp?CiteID=84822	State Constitution	Okla. Const. art. V, § 17A	Eligible to serve no more than 12 years in Oklahoma Legislature total across both chambers	1990-11-06	DIRECT	none	false	Combined 12-year legislative cap
OK	upper_legislator	min_age	KNOWN	25	https://www.oscn.net/applications/oscn/DeliverDocument.asp?CiteID=84821	State Constitution	Okla. Const. art. V, § 17	At least twenty-five years of age at the time of election	1907-11-16	DIRECT	none	false	none
OK	upper_legislator	us_citizenship	KNOWN	CITIZEN_REQUIRED	https://www.oscn.net/applications/oscn/DeliverDocument.asp?CiteID=84775	State Constitution	Okla. Const. art. III, § 1	Qualified elector (US citizen)	1907-11-16	DERIVED	Okla. Const. art. III, § 1	false	none
OK	upper_legislator	state_residence_years	NO_REQUIREMENT_FOUND	null	https://www.oscn.net/applications/oscn/DeliverDocument.asp?CiteID=84821	State Constitution	Okla. Const. art. V, § 17	No explicit multi-year state residence	1907-11-16	DIRECT	none	false	none
OK	upper_legislator	district_residence	KNOWN	RESIDENCE_DURING_TERM	https://www.oscn.net/applications/oscn/DeliverDocument.asp?CiteID=84821	State Constitution	Okla. Const. art. V, § 17	Qualified electors in respective districts and reside in districts during term	1907-11-16	DIRECT	none	false	none
OK	upper_legislator	elector_required	KNOWN	true	https://www.oscn.net/applications/oscn/DeliverDocument.asp?CiteID=84821	State Constitution	Okla. Const. art. V, § 17	Qualified electors in their respective districts	1907-11-16	DIRECT	none	false	none
OK	upper_legislator	professional_qualification	NOT_APPLICABLE	null	https://www.oscn.net/applications/oscn/DeliverDocument.asp?CiteID=84821	State Constitution	Okla. Const. art. V, § 17	No professional qualification	1907-11-16	DIRECT	none	false	none
OK	nebraska_unicameral	office_existence	OFFICE_DOES_NOT_EXIST	null	https://www.oscn.net/applications/oscn/DeliverDocument.asp?CiteID=84797	State Constitution	Okla. Const. art. V, § 1	Oklahoma has bicameral legislature (Senate and House of Representatives)	1907-11-16	DIRECT	none	false	Unicameral N/A in OK
OR	governor	office_existence	KNOWN	EXISTS	https://www.oregonlegislature.gov/bills_laws/Pages/OrConst.aspx	State Constitution	Or. Const. art. V, § 1	Chief executive power of the State shall be vested in a Governor	1859-02-14	DIRECT	none	false	none
OR	governor	selection_type	KNOWN	ELECTED_GENERAL	https://www.oregonlegislature.gov/bills_laws/Pages/OrConst.aspx	State Constitution	Or. Const. art. V, § 4	Chosen by the qualified electors of the State	1859-02-14	DIRECT	none	false	none
OR	governor	term_length_years	KNOWN	4	https://www.oregonlegislature.gov/bills_laws/Pages/OrConst.aspx	State Constitution	Or. Const. art. V, § 1	Holds office for the term of four years	1859-02-14	DIRECT	none	false	none
OR	governor	term_limit	KNOWN	8_OF_12_YEARS	https://www.oregonlegislature.gov/bills_laws/Pages/OrConst.aspx	State Constitution	Or. Const. art. V, § 1	No person shall be eligible to such office more than eight, in any period of twelve years	1859-02-14	DIRECT	none	false	8 out of 12 years rule
OR	governor	min_age	KNOWN	30	https://www.oregonlegislature.gov/bills_laws/Pages/OrConst.aspx	State Constitution	Or. Const. art. V, § 2	Attained the age of thirty years	1859-02-14	DIRECT	none	false	none
OR	governor	us_citizenship	KNOWN	CITIZEN_REQUIRED	https://www.oregonlegislature.gov/bills_laws/Pages/OrConst.aspx	State Constitution	Or. Const. art. V, § 2	Citizen of the United States	1859-02-14	DIRECT	none	false	No duration specified
OR	governor	state_residence_years	KNOWN	3	https://www.oregonlegislature.gov/bills_laws/Pages/OrConst.aspx	State Constitution	Or. Const. art. V, § 2	Resident within this State for three years next preceding his election	1859-02-14	DIRECT	none	false	3 YEARS (disproves PR #72 5-year fallback!)
OR	governor	district_residence	NOT_APPLICABLE	null	https://www.oregonlegislature.gov/bills_laws/Pages/OrConst.aspx	State Constitution	Or. Const. art. V, § 2	Statewide office	1859-02-14	DIRECT	none	false	none
OR	governor	elector_required	KNOWN	true	https://www.oregonlegislature.gov/bills_laws/Pages/OrConst.aspx	State Constitution	Or. Const. art. II, § 2	Elector under voter qualifications	1859-02-14	DERIVED	Or. Const. art. II, § 2	false	none
OR	governor	professional_qualification	NOT_APPLICABLE	null	https://www.oregonlegislature.gov/bills_laws/Pages/OrConst.aspx	State Constitution	Or. Const. art. V, § 2	No professional qualification	1859-02-14	DIRECT	none	false	none
OR	lt_governor	office_existence	OFFICE_DOES_NOT_EXIST	null	https://www.oregonlegislature.gov/bills_laws/Pages/OrConst.aspx	State Constitution	Or. Const. art. V, § 8a	Oregon has NO Lieutenant Governor; gubernatorial succession passes to Secretary of State, State Treasurer, Senate President, House Speaker	1859-02-14	DIRECT	none	false	OFFICE_DOES_NOT_EXIST; disproves PR #72 fallback!
OR	attorney_general	office_existence	KNOWN	EXISTS	https://www.oregonlegislature.gov/bills_laws/ors/ors180.html	Enacted Statutes	ORS 180.010	Office of Attorney General created by statute	1891-05-21	DIRECT	none	false	Statutory executive office
OR	attorney_general	selection_type	KNOWN	ELECTED_GENERAL	https://www.oregonlegislature.gov/bills_laws/ors/ors180.html	Enacted Statutes	ORS 180.020	Elected by the electors of this state at the regular general election	1891-05-21	DIRECT	none	false	none
OR	attorney_general	term_length_years	KNOWN	4	https://www.oregonlegislature.gov/bills_laws/ors/ors180.html	Enacted Statutes	ORS 180.020	Holds office for the term of four years	1891-05-21	DIRECT	none	false	none
OR	attorney_general	term_limit	NO_REQUIREMENT_FOUND	null	https://www.oregonlegislature.gov/bills_laws/ors/ors180.html	Enacted Statutes	ORS Chapter 180	No term limit exists for Attorney General in Oregon	1891-05-21	DIRECT	none	false	Disproves PR #72 fallback
OR	attorney_general	min_age	KNOWN	18	https://sos.oregon.gov/voting-elections/Pages/default.aspx	Election Manuals	ORS 247.012 & Or. Const. art. II, § 2	Qualified elector requirement (age 18); no higher age in statute	1859-02-14	DERIVED	Or. Const. art. II, § 2 elector age	false	Disproves 30-year fallback
OR	attorney_general	us_citizenship	KNOWN	CITIZEN_REQUIRED	https://www.oregonlegislature.gov/bills_laws/Pages/OrConst.aspx	State Constitution	Or. Const. art. II, § 2	Citizen of the United States	1859-02-14	DERIVED	Or. Const. art. II, § 2	false	none
OR	attorney_general	state_residence_years	NO_REQUIREMENT_FOUND	null	https://www.oregonlegislature.gov/bills_laws/ors/ors180.html	Enacted Statutes	ORS Chapter 180	No multi-year residence requirement; resident voter under election laws	1891-05-21	DIRECT	none	false	Disproves 5-year fallback
OR	attorney_general	district_residence	NOT_APPLICABLE	null	https://www.oregonlegislature.gov/bills_laws/ors/ors180.html	Enacted Statutes	ORS Chapter 180	Statewide office	1891-05-21	DIRECT	none	false	none
OR	attorney_general	elector_required	KNOWN	true	https://sos.oregon.gov/voting-elections/Pages/default.aspx	Election Manuals	ORS 249.031 & Or. Const. art. II, § 2	Registered elector of the State of Oregon	1859-02-14	DIRECT	none	false	none
OR	attorney_general	professional_qualification	NO_REQUIREMENT_FOUND	null	https://www.oregonlegislature.gov/bills_laws/ors/ors180.html	Enacted Statutes	ORS Chapter 180	No statutory or constitutional requirement that AG be licensed attorney; differs from District Attorneys (ORS 8.630)	1891-05-21	DIRECT	none	false	No bar admission required
OR	secretary_of_state	office_existence	KNOWN	EXISTS	https://www.oregonlegislature.gov/bills_laws/Pages/OrConst.aspx	State Constitution	Or. Const. art. VI, § 1	Secretary of State established as constitutional executive officer	1859-02-14	DIRECT	none	false	First in line of gubernatorial succession
OR	secretary_of_state	selection_type	KNOWN	ELECTED_GENERAL	https://www.oregonlegislature.gov/bills_laws/Pages/OrConst.aspx	State Constitution	Or. Const. art. VI, § 1	Chosen by the qualified electors of the State	1859-02-14	DIRECT	none	false	none
OR	secretary_of_state	term_length_years	KNOWN	4	https://www.oregonlegislature.gov/bills_laws/Pages/OrConst.aspx	State Constitution	Or. Const. art. VI, § 1	Holds office for term of four years	1859-02-14	DIRECT	none	false	none
OR	secretary_of_state	term_limit	KNOWN	8_OF_12_YEARS	https://www.oregonlegislature.gov/bills_laws/Pages/OrConst.aspx	State Constitution	Or. Const. art. VI, § 1	No person shall be eligible to such office more than eight in any period of twelve years	1859-02-14	DIRECT	none	false	8 out of 12 years rule
OR	secretary_of_state	min_age	KNOWN	18	https://www.oregonlegislature.gov/bills_laws/Pages/OrConst.aspx	State Constitution	Or. Const. art. II, § 2	Qualified elector requirement (age 18); no separate age in Art. VI	1859-02-14	DERIVED	Or. Const. art. II, § 2	false	Disproves 30-year fallback
OR	secretary_of_state	us_citizenship	KNOWN	CITIZEN_REQUIRED	https://www.oregonlegislature.gov/bills_laws/Pages/OrConst.aspx	State Constitution	Or. Const. art. II, § 2	Citizen of the United States	1859-02-14	DERIVED	Or. Const. art. II, § 2	false	none
OR	secretary_of_state	state_residence_years	NO_REQUIREMENT_FOUND	null	https://www.oregonlegislature.gov/bills_laws/Pages/OrConst.aspx	State Constitution	Or. Const. art. VI, § 1	No multi-year residence requirement stated in Art. VI	1859-02-14	DIRECT	none	false	Disproves 5-year fallback
OR	secretary_of_state	district_residence	NOT_APPLICABLE	null	https://www.oregonlegislature.gov/bills_laws/Pages/OrConst.aspx	State Constitution	Or. Const. art. VI, § 1	Statewide office	1859-02-14	DIRECT	none	false	none
OR	secretary_of_state	elector_required	KNOWN	true	https://www.oregonlegislature.gov/bills_laws/Pages/OrConst.aspx	State Constitution	Or. Const. art. II, § 2	Elector under general qualifications	1859-02-14	DERIVED	Or. Const. art. II, § 2	false	none
OR	secretary_of_state	professional_qualification	NOT_APPLICABLE	null	https://www.oregonlegislature.gov/bills_laws/Pages/OrConst.aspx	State Constitution	Or. Const. art. VI, § 1	No professional qualification	1859-02-14	DIRECT	none	false	none
OR	lower_legislator	office_existence	KNOWN	EXISTS	https://www.oregonlegislature.gov/bills_laws/Pages/OrConst.aspx	State Constitution	Or. Const. art. IV, § 1	House of Representatives of the State of Oregon	1859-02-14	DIRECT	none	false	60 members
OR	lower_legislator	selection_type	KNOWN	ELECTED_GENERAL	https://www.oregonlegislature.gov/bills_laws/Pages/OrConst.aspx	State Constitution	Or. Const. art. IV, § 3	Chosen by the electors of the respective districts	1859-02-14	DIRECT	none	false	none
OR	lower_legislator	term_length_years	KNOWN	2	https://www.oregonlegislature.gov/bills_laws/Pages/OrConst.aspx	State Constitution	Or. Const. art. IV, § 4	Elected for terms of two years	1859-02-14	DIRECT	none	false	none
OR	lower_legislator	term_limit	NO_REQUIREMENT_FOUND	null	https://www.oregonlegislature.gov/bills_laws/Pages/OrConst.aspx	State Constitution	Or. Const. art. IV	Measure 3 (1992) term limits invalidated by Oregon Supreme Court in Lehman v. Bradbury (2002); unexcused absence limit in Art. IV § 15 (Measure 113, 2022)	2002-01-01	HISTORICAL	Lehman v. Bradbury, 333 Or. 231 (2002)	true	No general term limit; Measure 113 disqualification for 10 unexcused absences
OR	lower_legislator	min_age	KNOWN	21	https://www.oregonlegislature.gov/bills_laws/Pages/OrConst.aspx	State Constitution	Or. Const. art. IV, § 8	At least twenty-one years of age	1859-02-14	DIRECT	none	false	none
OR	lower_legislator	us_citizenship	KNOWN	CITIZEN_REQUIRED	https://www.oregonlegislature.gov/bills_laws/Pages/OrConst.aspx	State Constitution	Or. Const. art. IV, § 8	Citizen of the United States	1859-02-14	DIRECT	none	false	No duration specified
OR	lower_legislator	state_residence_years	KNOWN	1	https://www.oregonlegislature.gov/bills_laws/Pages/OrConst.aspx	State Constitution	Or. Const. art. IV, § 8	Inhabitant of the district/county one year next preceding election	1859-02-14	DIRECT	none	false	District/county inhabitancy for 1 year
OR	lower_legislator	district_residence	KNOWN	RESIDENT_1_YEAR	https://www.oregonlegislature.gov/bills_laws/Pages/OrConst.aspx	State Constitution	Or. Const. art. IV, § 8	Inhabitant of county or district one year next preceding election	1859-02-14	DIRECT	none	false	none
OR	lower_legislator	elector_required	KNOWN	true	https://www.oregonlegislature.gov/bills_laws/Pages/OrConst.aspx	State Constitution	Or. Const. art. II, § 2	Qualified elector	1859-02-14	DERIVED	Or. Const. art. II, § 2	false	none
OR	lower_legislator	professional_qualification	NOT_APPLICABLE	null	https://www.oregonlegislature.gov/bills_laws/Pages/OrConst.aspx	State Constitution	Or. Const. art. IV, § 8	No professional qualification	1859-02-14	DIRECT	none	false	none
OR	upper_legislator	office_existence	KNOWN	EXISTS	https://www.oregonlegislature.gov/bills_laws/Pages/OrConst.aspx	State Constitution	Or. Const. art. IV, § 1	Senate of the State of Oregon	1859-02-14	DIRECT	none	false	30 members
OR	upper_legislator	selection_type	KNOWN	ELECTED_GENERAL	https://www.oregonlegislature.gov/bills_laws/Pages/OrConst.aspx	State Constitution	Or. Const. art. IV, § 3	Chosen by electors of respective districts	1859-02-14	DIRECT	none	false	none
OR	upper_legislator	term_length_years	KNOWN	4	https://www.oregonlegislature.gov/bills_laws/Pages/OrConst.aspx	State Constitution	Or. Const. art. IV, § 4	Elected for terms of four years (staggered)	1859-02-14	DIRECT	none	false	none
OR	upper_legislator	term_limit	NO_REQUIREMENT_FOUND	null	https://www.oregonlegislature.gov/bills_laws/Pages/OrConst.aspx	State Constitution	Or. Const. art. IV	No term limit (invalidated by Lehman v. Bradbury); Measure 113 disqualification for 10 unexcused absences	2002-01-01	HISTORICAL	Lehman v. Bradbury, 333 Or. 231 (2002)	true	none
OR	upper_legislator	min_age	KNOWN	21	https://www.oregonlegislature.gov/bills_laws/Pages/OrConst.aspx	State Constitution	Or. Const. art. IV, § 8	At least twenty-one years of age	1859-02-14	DIRECT	none	false	21 YEARS for Senate (not 25!)
OR	upper_legislator	us_citizenship	KNOWN	CITIZEN_REQUIRED	https://www.oregonlegislature.gov/bills_laws/Pages/OrConst.aspx	State Constitution	Or. Const. art. IV, § 8	Citizen of the United States	1859-02-14	DIRECT	none	false	none
OR	upper_legislator	state_residence_years	KNOWN	1	https://www.oregonlegislature.gov/bills_laws/Pages/OrConst.aspx	State Constitution	Or. Const. art. IV, § 8	Inhabitant of the county/district for one year next preceding election	1859-02-14	DIRECT	none	false	none
OR	upper_legislator	district_residence	KNOWN	RESIDENT_1_YEAR	https://www.oregonlegislature.gov/bills_laws/Pages/OrConst.aspx	State Constitution	Or. Const. art. IV, § 8	Inhabitant of county or district one year next preceding election	1859-02-14	DIRECT	none	false	none
OR	upper_legislator	elector_required	KNOWN	true	https://www.oregonlegislature.gov/bills_laws/Pages/OrConst.aspx	State Constitution	Or. Const. art. II, § 2	Qualified elector	1859-02-14	DERIVED	Or. Const. art. II, § 2	false	none
OR	upper_legislator	professional_qualification	NOT_APPLICABLE	null	https://www.oregonlegislature.gov/bills_laws/Pages/OrConst.aspx	State Constitution	Or. Const. art. IV, § 8	No professional qualification	1859-02-14	DIRECT	none	false	none
OR	nebraska_unicameral	office_existence	OFFICE_DOES_NOT_EXIST	null	https://www.oregonlegislature.gov/bills_laws/Pages/OrConst.aspx	State Constitution	Or. Const. art. IV, § 1	Oregon has bicameral Legislative Assembly	1859-02-14	DIRECT	none	false	Unicameral N/A in OR
PA	governor	office_existence	KNOWN	EXISTS	https://www.legis.state.pa.us/cfdocs/legis/LI/consCheck.cfm?txtType=HTM&ttl=00&div=0&chpt=4&sctn=1	State Constitution	Pa. Const. art. IV, § 1	The supreme executive power shall be vested in the Governor	1968-04-23	DIRECT	none	false	none
PA	governor	selection_type	KNOWN	ELECTED_GENERAL_JOINT	https://www.legis.state.pa.us/cfdocs/legis/LI/consCheck.cfm?txtType=HTM&ttl=00&div=0&chpt=4&sctn=4	State Constitution	Pa. Const. art. IV, § 4	Chosen at general election; single vote cast jointly for candidates of same party for Governor and Lieutenant Governor	1968-04-23	DIRECT	none	false	Joint ticket
PA	governor	term_length_years	KNOWN	4	https://www.legis.state.pa.us/cfdocs/legis/LI/consCheck.cfm?txtType=HTM&ttl=00&div=0&chpt=4&sctn=3	State Constitution	Pa. Const. art. IV, § 3	Holds office for term of four years	1968-04-23	DIRECT	none	false	none
PA	governor	term_limit	KNOWN	2_CONSECUTIVE	https://www.legis.state.pa.us/cfdocs/legis/LI/consCheck.cfm?txtType=HTM&ttl=00&div=0&chpt=4&sctn=3	State Constitution	Pa. Const. art. IV, § 3	Eligible to succeed himself for only one additional term (max 2 consecutive terms)	1968-04-23	DIRECT	none	false	May run again after sitting out
PA	governor	min_age	KNOWN	30	https://www.legis.state.pa.us/cfdocs/legis/LI/consCheck.cfm?txtType=HTM&ttl=00&div=0&chpt=4&sctn=5	State Constitution	Pa. Const. art. IV, § 5	Attained the age of thirty years	1968-04-23	DIRECT	none	false	none
PA	governor	us_citizenship	KNOWN	CITIZEN_REQUIRED	https://www.legis.state.pa.us/cfdocs/legis/LI/consCheck.cfm?txtType=HTM&ttl=00&div=0&chpt=4&sctn=5	State Constitution	Pa. Const. art. IV, § 5	Citizen of the United States	1968-04-23	DIRECT	none	false	No duration specified
PA	governor	state_residence_years	KNOWN	7	https://www.legis.state.pa.us/cfdocs/legis/LI/consCheck.cfm?txtType=HTM&ttl=00&div=0&chpt=4&sctn=5	State Constitution	Pa. Const. art. IV, § 5	Seven years next preceding election an inhabitant of this Commonwealth	1968-04-23	DIRECT	none	false	7 YEARS inhabitancy (disproves PR #72 5-year fallback!)
PA	governor	district_residence	NOT_APPLICABLE	null	https://www.legis.state.pa.us/cfdocs/legis/LI/consCheck.cfm?txtType=HTM&ttl=00&div=0&chpt=4&sctn=5	State Constitution	Pa. Const. art. IV, § 5	Statewide office	1968-04-23	DIRECT	none	false	none
PA	governor	elector_required	KNOWN	true	https://www.legis.state.pa.us/cfdocs/legis/LI/consCheck.cfm?txtType=HTM&ttl=00&div=0&chpt=7&sctn=1	State Constitution	Pa. Const. art. VII, § 1	Qualified elector	1968-04-23	DERIVED	Pa. Const. art. VII, § 1	false	none
PA	governor	professional_qualification	NOT_APPLICABLE	null	https://www.legis.state.pa.us/cfdocs/legis/LI/consCheck.cfm?txtType=HTM&ttl=00&div=0&chpt=4&sctn=5	State Constitution	Pa. Const. art. IV, § 5	No professional qualification	1968-04-23	DIRECT	none	false	none
PA	lt_governor	office_existence	KNOWN	EXISTS	https://www.legis.state.pa.us/cfdocs/legis/LI/consCheck.cfm?txtType=HTM&ttl=00&div=0&chpt=4&sctn=1	State Constitution	Pa. Const. art. IV, § 1	Executive department officer	1968-04-23	DIRECT	none	false	President of the Senate
PA	lt_governor	selection_type	KNOWN	ELECTED_GENERAL_JOINT	https://www.legis.state.pa.us/cfdocs/legis/LI/consCheck.cfm?txtType=HTM&ttl=00&div=0&chpt=4&sctn=4	State Constitution	Pa. Const. art. IV, § 4	Chosen jointly with governor by single vote in general election	1968-04-23	DIRECT	none	false	Joint ticket
PA	lt_governor	term_length_years	KNOWN	4	https://www.legis.state.pa.us/cfdocs/legis/LI/consCheck.cfm?txtType=HTM&ttl=00&div=0&chpt=4&sctn=4	State Constitution	Pa. Const. art. IV, § 4	Term of four years concurrent with governor	1968-04-23	DIRECT	none	false	none
PA	lt_governor	term_limit	KNOWN	2_CONSECUTIVE	https://www.legis.state.pa.us/cfdocs/legis/LI/consCheck.cfm?txtType=HTM&ttl=00&div=0&chpt=4&sctn=4	State Constitution	Pa. Const. art. IV, § 4	Eligible to succeed himself for only one additional term (max 2 consecutive terms)	1968-04-23	DIRECT	none	false	Same as governor
PA	lt_governor	min_age	KNOWN	30	https://www.legis.state.pa.us/cfdocs/legis/LI/consCheck.cfm?txtType=HTM&ttl=00&div=0&chpt=4&sctn=5	State Constitution	Pa. Const. art. IV, § 5	Attained the age of thirty years	1968-04-23	DIRECT	none	false	none
PA	lt_governor	us_citizenship	KNOWN	CITIZEN_REQUIRED	https://www.legis.state.pa.us/cfdocs/legis/LI/consCheck.cfm?txtType=HTM&ttl=00&div=0&chpt=4&sctn=5	State Constitution	Pa. Const. art. IV, § 5	Citizen of the United States	1968-04-23	DIRECT	none	false	none
PA	lt_governor	state_residence_years	KNOWN	7	https://www.legis.state.pa.us/cfdocs/legis/LI/consCheck.cfm?txtType=HTM&ttl=00&div=0&chpt=4&sctn=5	State Constitution	Pa. Const. art. IV, § 5	Seven years next preceding election an inhabitant of this Commonwealth	1968-04-23	DIRECT	none	false	7 YEARS inhabitancy
PA	lt_governor	district_residence	NOT_APPLICABLE	null	https://www.legis.state.pa.us/cfdocs/legis/LI/consCheck.cfm?txtType=HTM&ttl=00&div=0&chpt=4&sctn=5	State Constitution	Pa. Const. art. IV, § 5	Statewide office	1968-04-23	DIRECT	none	false	none
PA	lt_governor	elector_required	KNOWN	true	https://www.legis.state.pa.us/cfdocs/legis/LI/consCheck.cfm?txtType=HTM&ttl=00&div=0&chpt=7&sctn=1	State Constitution	Pa. Const. art. VII, § 1	Qualified elector	1968-04-23	DERIVED	Pa. Const. art. VII, § 1	false	none
PA	lt_governor	professional_qualification	NOT_APPLICABLE	null	https://www.legis.state.pa.us/cfdocs/legis/LI/consCheck.cfm?txtType=HTM&ttl=00&div=0&chpt=4&sctn=5	State Constitution	Pa. Const. art. IV, § 5	No professional qualification	1968-04-23	DIRECT	none	false	none
PA	attorney_general	office_existence	KNOWN	EXISTS	https://www.legis.state.pa.us/cfdocs/legis/LI/consCheck.cfm?txtType=HTM&ttl=00&div=0&chpt=4&sctn=4.1	State Constitution	Pa. Const. art. IV, § 4.1	An Attorney General shall be chosen by the qualified electors of the Commonwealth	1978-05-16	DIRECT	none	false	Elected pursuant to 1978 constitutional amendment
PA	attorney_general	selection_type	KNOWN	ELECTED_GENERAL	https://www.legis.state.pa.us/cfdocs/legis/LI/consCheck.cfm?txtType=HTM&ttl=00&div=0&chpt=4&sctn=4.1	State Constitution	Pa. Const. art. IV, § 4.1	Elected statewide at general election	1978-05-16	DIRECT	none	false	none
PA	attorney_general	term_length_years	KNOWN	4	https://www.legis.state.pa.us/cfdocs/legis/LI/consCheck.cfm?txtType=HTM&ttl=00&div=0&chpt=4&sctn=4.1	State Constitution	Pa. Const. art. IV, § 4.1	Holds office for term of four years	1978-05-16	DIRECT	none	false	none
PA	attorney_general	term_limit	KNOWN	2_CONSECUTIVE	https://www.legis.state.pa.us/cfdocs/legis/LI/consCheck.cfm?txtType=HTM&ttl=00&div=0&chpt=4&sctn=4.1	State Constitution	Pa. Const. art. IV, § 4.1	No person may serve more than two consecutive terms for Attorney General	1978-05-16	DIRECT	none	false	Two consecutive terms max
PA	attorney_general	min_age	KNOWN	30	https://www.legis.state.pa.us/cfdocs/legis/LI/consCheck.cfm?txtType=HTM&ttl=00&div=0&chpt=4&sctn=5	State Constitution	Pa. Const. art. IV, § 5	Attained the age of thirty years	1978-05-16	DIRECT	none	false	none
PA	attorney_general	us_citizenship	KNOWN	CITIZEN_REQUIRED	https://www.legis.state.pa.us/cfdocs/legis/LI/consCheck.cfm?txtType=HTM&ttl=00&div=0&chpt=4&sctn=5	State Constitution	Pa. Const. art. IV, § 5	Citizen of the United States	1978-05-16	DIRECT	none	false	none
PA	attorney_general	state_residence_years	KNOWN	7	https://www.legis.state.pa.us/cfdocs/legis/LI/consCheck.cfm?txtType=HTM&ttl=00&div=0&chpt=4&sctn=5	State Constitution	Pa. Const. art. IV, § 5	Seven years next preceding election an inhabitant of this Commonwealth	1978-05-16	DIRECT	none	false	7 YEARS inhabitancy
PA	attorney_general	district_residence	NOT_APPLICABLE	null	https://www.legis.state.pa.us/cfdocs/legis/LI/consCheck.cfm?txtType=HTM&ttl=00&div=0&chpt=4&sctn=5	State Constitution	Pa. Const. art. IV, § 5	Statewide office	1978-05-16	DIRECT	none	false	none
PA	attorney_general	elector_required	KNOWN	true	https://www.legis.state.pa.us/cfdocs/legis/LI/consCheck.cfm?txtType=HTM&ttl=00&div=0&chpt=7&sctn=1	State Constitution	Pa. Const. art. VII, § 1	Qualified elector	1978-05-16	DERIVED	Pa. Const. art. VII, § 1	false	none
PA	attorney_general	professional_qualification	KNOWN	BAR_ADMISSION	https://www.legis.state.pa.us/cfdocs/legis/LI/consCheck.cfm?txtType=HTM&ttl=00&div=0&chpt=4&sctn=5	State Constitution	Pa. Const. art. IV, § 5	No person shall be eligible to the office of Attorney General except a member of the bar of the Supreme Court of Pennsylvania	1978-05-16	DIRECT	none	false	Explicit constitutional bar requirement
PA	secretary_of_state	office_existence	KNOWN	EXISTS	https://www.legis.state.pa.us/cfdocs/legis/LI/consCheck.cfm?txtType=HTM&ttl=00&div=0&chpt=4&sctn=8	State Constitution	Pa. Const. art. IV, § 8	Secretary of the Commonwealth appointed by Governor	1968-04-23	DIRECT	none	false	Functional equivalent of Secretary of State
PA	secretary_of_state	selection_type	KNOWN	APPOINTED_GOVERNOR	https://www.legis.state.pa.us/cfdocs/legis/LI/consCheck.cfm?txtType=HTM&ttl=00&div=0&chpt=4&sctn=8	State Constitution	Pa. Const. art. IV, § 8	Appointed by the Governor by and with the advice and consent of two-thirds of the members of the Senate	1968-04-23	DIRECT	none	false	NON-ELECTED; 2/3 Senate confirmation
PA	secretary_of_state	term_length_years	KNOWN	4	https://www.legis.state.pa.us/cfdocs/legis/LI/consCheck.cfm?txtType=HTM&ttl=00&div=0&chpt=4&sctn=8	State Constitution	Pa. Const. art. IV, § 8	Serves at the pleasure of the Governor during governor's term	1968-04-23	DIRECT	none	false	Serves at pleasure
PA	secretary_of_state	term_limit	NO_REQUIREMENT_FOUND	null	https://www.legis.state.pa.us/cfdocs/legis/LI/consCheck.cfm?txtType=HTM&ttl=00&div=0&chpt=4&sctn=8	State Constitution	Pa. Const. art. IV, § 8	No term limit	1968-04-23	DIRECT	none	false	none
PA	secretary_of_state	min_age	KNOWN	18	https://www.legis.state.pa.us/cfdocs/legis/LI/consCheck.cfm?txtType=HTM&ttl=00&div=0&chpt=7&sctn=1	State Constitution	Pa. Const. art. VII, § 1 & 71 P.S. § 66	Qualified elector under general civil office laws	1968-04-23	DERIVED	Pa. Const. art. VII, § 1	false	No separate constitutional age
PA	secretary_of_state	us_citizenship	KNOWN	CITIZEN_REQUIRED	https://www.legis.state.pa.us/cfdocs/legis/LI/consCheck.cfm?txtType=HTM&ttl=00&div=0&chpt=7&sctn=1	State Constitution	Pa. Const. art. VII, § 1	Citizen of the United States	1968-04-23	DERIVED	Pa. Const. art. VII, § 1	false	none
PA	secretary_of_state	state_residence_years	NO_REQUIREMENT_FOUND	null	https://www.legis.state.pa.us/cfdocs/legis/LI/consCheck.cfm?txtType=HTM&ttl=00&div=0&chpt=4&sctn=8	State Constitution	Pa. Const. art. IV, § 8	No multi-year residence required by constitution	1968-04-23	DIRECT	none	false	Disproves PR #72 fallback
PA	secretary_of_state	district_residence	NOT_APPLICABLE	null	https://www.legis.state.pa.us/cfdocs/legis/LI/consCheck.cfm?txtType=HTM&ttl=00&div=0&chpt=4&sctn=8	State Constitution	Pa. Const. art. IV, § 8	Statewide office	1968-04-23	DIRECT	none	false	none
PA	secretary_of_state	elector_required	KNOWN	true	https://www.legis.state.pa.us/cfdocs/legis/LI/consCheck.cfm?txtType=HTM&ttl=00&div=0&chpt=7&sctn=1	State Constitution	Pa. Const. art. VII, § 1	Qualified elector	1968-04-23	DERIVED	Pa. Const. art. VII, § 1	false	none
PA	secretary_of_state	professional_qualification	NOT_APPLICABLE	null	https://www.legis.state.pa.us/cfdocs/legis/LI/consCheck.cfm?txtType=HTM&ttl=00&div=0&chpt=4&sctn=8	State Constitution	Pa. Const. art. IV, § 8	No professional qualification	1968-04-23	DIRECT	none	false	none
PA	lower_legislator	office_existence	KNOWN	EXISTS	https://www.legis.state.pa.us/cfdocs/legis/LI/consCheck.cfm?txtType=HTM&ttl=00&div=0&chpt=2&sctn=1	State Constitution	Pa. Const. art. II, § 1	House of Representatives of Pennsylvania	1968-04-23	DIRECT	none	false	203 members
PA	lower_legislator	selection_type	KNOWN	ELECTED_GENERAL	https://www.legis.state.pa.us/cfdocs/legis/LI/consCheck.cfm?txtType=HTM&ttl=00&div=0&chpt=2&sctn=2	State Constitution	Pa. Const. art. II, § 2	Chosen at general election by electors of representative districts	1968-04-23	DIRECT	none	false	none
PA	lower_legislator	term_length_years	KNOWN	2	https://www.legis.state.pa.us/cfdocs/legis/LI/consCheck.cfm?txtType=HTM&ttl=00&div=0&chpt=2&sctn=3	State Constitution	Pa. Const. art. II, § 3	Elected for terms of two years	1968-04-23	DIRECT	none	false	none
PA	lower_legislator	term_limit	NO_REQUIREMENT_FOUND	null	https://www.legis.state.pa.us/cfdocs/legis/LI/consCheck.cfm?txtType=HTM&ttl=00&div=0&chpt=2	State Constitution	Pa. Const. art. II	No term limits for representatives	1968-04-23	DIRECT	none	false	No legislative term limits
PA	lower_legislator	min_age	KNOWN	21	https://www.legis.state.pa.us/cfdocs/legis/LI/consCheck.cfm?txtType=HTM&ttl=00&div=0&chpt=2&sctn=5	State Constitution	Pa. Const. art. II, § 5	At least twenty-one years of age	1968-04-23	DIRECT	none	false	none
PA	lower_legislator	us_citizenship	KNOWN	CITIZEN_REQUIRED	https://www.legis.state.pa.us/cfdocs/legis/LI/consCheck.cfm?txtType=HTM&ttl=00&div=0&chpt=2&sctn=5	State Constitution	Pa. Const. art. II, § 5	Citizens and inhabitants of the State the four years...	1968-04-23	DIRECT	none	false	Explicit citizenship and inhabitancy
PA	lower_legislator	state_residence_years	KNOWN	4	https://www.legis.state.pa.us/cfdocs/legis/LI/consCheck.cfm?txtType=HTM&ttl=00&div=0&chpt=2&sctn=5	State Constitution	Pa. Const. art. II, § 5	Citizens and inhabitants of the State the four years next preceding their election	1968-04-23	DIRECT	none	false	4 YEARS (disproves PR #72 1-year fallback!)
PA	lower_legislator	district_residence	KNOWN	RESIDENT_1_YEAR	https://www.legis.state.pa.us/cfdocs/legis/LI/consCheck.cfm?txtType=HTM&ttl=00&div=0&chpt=2&sctn=5	State Constitution	Pa. Const. art. II, § 5	Inhabitants of their respective districts one year next preceding their election and reside in districts during term	1968-04-23	DIRECT	none	false	Must reside in district during term
PA	lower_legislator	elector_required	KNOWN	true	https://www.legis.state.pa.us/cfdocs/legis/LI/consCheck.cfm?txtType=HTM&ttl=00&div=0&chpt=7&sctn=1	State Constitution	Pa. Const. art. VII, § 1	Qualified elector	1968-04-23	DERIVED	Pa. Const. art. VII, § 1	false	none
PA	lower_legislator	professional_qualification	NOT_APPLICABLE	null	https://www.legis.state.pa.us/cfdocs/legis/LI/consCheck.cfm?txtType=HTM&ttl=00&div=0&chpt=2&sctn=5	State Constitution	Pa. Const. art. II, § 5	No professional qualification	1968-04-23	DIRECT	none	false	none
PA	upper_legislator	office_existence	KNOWN	EXISTS	https://www.legis.state.pa.us/cfdocs/legis/LI/consCheck.cfm?txtType=HTM&ttl=00&div=0&chpt=2&sctn=1	State Constitution	Pa. Const. art. II, § 1	Senate of Pennsylvania	1968-04-23	DIRECT	none	false	50 members
PA	upper_legislator	selection_type	KNOWN	ELECTED_GENERAL	https://www.legis.state.pa.us/cfdocs/legis/LI/consCheck.cfm?txtType=HTM&ttl=00&div=0&chpt=2&sctn=2	State Constitution	Pa. Const. art. II, § 2	Chosen at general election by electors of senatorial districts	1968-04-23	DIRECT	none	false	none
PA	upper_legislator	term_length_years	KNOWN	4	https://www.legis.state.pa.us/cfdocs/legis/LI/consCheck.cfm?txtType=HTM&ttl=00&div=0&chpt=2&sctn=3	State Constitution	Pa. Const. art. II, § 3	Elected for terms of four years (staggered)	1968-04-23	DIRECT	none	false	none
PA	upper_legislator	term_limit	NO_REQUIREMENT_FOUND	null	https://www.legis.state.pa.us/cfdocs/legis/LI/consCheck.cfm?txtType=HTM&ttl=00&div=0&chpt=2	State Constitution	Pa. Const. art. II	No term limits for senators	1968-04-23	DIRECT	none	false	none
PA	upper_legislator	min_age	KNOWN	25	https://www.legis.state.pa.us/cfdocs/legis/LI/consCheck.cfm?txtType=HTM&ttl=00&div=0&chpt=2&sctn=5	State Constitution	Pa. Const. art. II, § 5	At least twenty-five years of age	1968-04-23	DIRECT	none	false	none
PA	upper_legislator	us_citizenship	KNOWN	CITIZEN_REQUIRED	https://www.legis.state.pa.us/cfdocs/legis/LI/consCheck.cfm?txtType=HTM&ttl=00&div=0&chpt=2&sctn=5	State Constitution	Pa. Const. art. II, § 5	Citizens and inhabitants of the State the four years...	1968-04-23	DIRECT	none	false	none
PA	upper_legislator	state_residence_years	KNOWN	4	https://www.legis.state.pa.us/cfdocs/legis/LI/consCheck.cfm?txtType=HTM&ttl=00&div=0&chpt=2&sctn=5	State Constitution	Pa. Const. art. II, § 5	Citizens and inhabitants of the State the four years next preceding their election	1968-04-23	DIRECT	none	false	4 YEARS (disproves PR #72 1-year fallback!)
PA	upper_legislator	district_residence	KNOWN	RESIDENT_1_YEAR	https://www.legis.state.pa.us/cfdocs/legis/LI/consCheck.cfm?txtType=HTM&ttl=00&div=0&chpt=2&sctn=5	State Constitution	Pa. Const. art. II, § 5	Inhabitants of their respective districts one year next preceding their election and reside in districts during term	1968-04-23	DIRECT	none	false	none
PA	upper_legislator	elector_required	KNOWN	true	https://www.legis.state.pa.us/cfdocs/legis/LI/consCheck.cfm?txtType=HTM&ttl=00&div=0&chpt=7&sctn=1	State Constitution	Pa. Const. art. VII, § 1	Qualified elector	1968-04-23	DERIVED	Pa. Const. art. VII, § 1	false	none
PA	upper_legislator	professional_qualification	NOT_APPLICABLE	null	https://www.legis.state.pa.us/cfdocs/legis/LI/consCheck.cfm?txtType=HTM&ttl=00&div=0&chpt=2&sctn=5	State Constitution	Pa. Const. art. II, § 5	No professional qualification	1968-04-23	DIRECT	none	false	none
PA	nebraska_unicameral	office_existence	OFFICE_DOES_NOT_EXIST	null	https://www.legis.state.pa.us/cfdocs/legis/LI/consCheck.cfm?txtType=HTM&ttl=00&div=0&chpt=2&sctn=1	State Constitution	Pa. Const. art. II, § 1	Pennsylvania has bicameral General Assembly	1968-04-23	DIRECT	none	false	Unicameral N/A in PA
RI	governor	office_existence	KNOWN	EXISTS	http://webserver.rilegislature.gov//Statutes/TITLE00/CONSTITUTION/Const_09.htm	State Constitution	R.I. Const. art. IX, § 1	Chief executive power of this state shall be vested in a governor	1986-12-04	DIRECT	none	false	none
RI	governor	selection_type	KNOWN	ELECTED_GENERAL	http://webserver.rilegislature.gov//Statutes/TITLE00/CONSTITUTION/Const_04.htm	State Constitution	R.I. Const. art. IV, § 1	Elected by the people separately from lieutenant governor	1986-12-04	DIRECT	none	false	Separate ticket
RI	governor	term_length_years	KNOWN	4	http://webserver.rilegislature.gov//Statutes/TITLE00/CONSTITUTION/Const_04.htm	State Constitution	R.I. Const. art. IV, § 1	Elected for terms of four years	1994-01-01	DIRECT	none	false	Changed from 2 to 4 years in 1994
RI	governor	term_limit	KNOWN	2_CONSECUTIVE	http://webserver.rilegislature.gov//Statutes/TITLE00/CONSTITUTION/Const_04.htm	State Constitution	R.I. Const. art. IV, § 1	No person shall serve consecutive terms for a total of more than eight (8) years	1994-01-01	DIRECT	none	false	Two consecutive terms max
RI	governor	min_age	KNOWN	18	http://webserver.rilegislature.gov//Statutes/TITLE00/CONSTITUTION/Const_03.htm	State Constitution	R.I. Const. art. III, § 1 & art. II, § 1	No person eligible unless qualified elector for such office (age 18 under Art. II § 1); no 30-year requirement in Art. IX	1986-12-04	DERIVED	R.I. Const. art. III § 1 & art. II § 1	false	Disproves 30-year fallback!
RI	governor	us_citizenship	KNOWN	CITIZEN_REQUIRED	http://webserver.rilegislature.gov//Statutes/TITLE00/CONSTITUTION/Const_02.htm	State Constitution	R.I. Const. art. II, § 1	Every citizen of the United States	1986-12-04	DERIVED	R.I. Const. art. II, § 1	false	none
RI	governor	state_residence_years	NO_REQUIREMENT_FOUND	null	http://webserver.rilegislature.gov//Statutes/TITLE00/CONSTITUTION/Const_02.htm	State Constitution	R.I. Const. art. II, § 1	30 days residence in state required for elector; no 5-year constitutional requirement	1986-12-04	DERIVED	R.I. Const. art. II, § 1	false	Disproves 5-year fallback!
RI	governor	district_residence	NOT_APPLICABLE	null	http://webserver.rilegislature.gov//Statutes/TITLE00/CONSTITUTION/Const_09.htm	State Constitution	R.I. Const. art. IX, § 1	Statewide office	1986-12-04	DIRECT	none	false	none
RI	governor	elector_required	KNOWN	true	http://webserver.rilegislature.gov//Statutes/TITLE00/CONSTITUTION/Const_03.htm	State Constitution	R.I. Const. art. III, § 1	No person shall be eligible to any civil office unless he be a qualified elector for such office	1986-12-04	DIRECT	none	false	Foundational RI eligibility rule
RI	governor	professional_qualification	NOT_APPLICABLE	null	http://webserver.rilegislature.gov//Statutes/TITLE00/CONSTITUTION/Const_09.htm	State Constitution	R.I. Const. art. IX, § 1	No professional qualification	1986-12-04	DIRECT	none	false	none
RI	lt_governor	office_existence	KNOWN	EXISTS	http://webserver.rilegislature.gov//Statutes/TITLE00/CONSTITUTION/Const_09.htm	State Constitution	R.I. Const. art. IX, § 1	Lieutenant governor elected by the people	1986-12-04	DIRECT	none	false	none
RI	lt_governor	selection_type	KNOWN	ELECTED_GENERAL	http://webserver.rilegislature.gov//Statutes/TITLE00/CONSTITUTION/Const_04.htm	State Constitution	R.I. Const. art. IV, § 1	Elected separately from governor at general election	1986-12-04	DIRECT	none	false	Separate ballot
RI	lt_governor	term_length_years	KNOWN	4	http://webserver.rilegislature.gov//Statutes/TITLE00/CONSTITUTION/Const_04.htm	State Constitution	R.I. Const. art. IV, § 1	Elected for terms of four years	1994-01-01	DIRECT	none	false	none
RI	lt_governor	term_limit	KNOWN	2_CONSECUTIVE	http://webserver.rilegislature.gov//Statutes/TITLE00/CONSTITUTION/Const_04.htm	State Constitution	R.I. Const. art. IV, § 1	No person shall serve consecutive terms for total of more than eight years	1994-01-01	DIRECT	none	false	Two consecutive terms max
RI	lt_governor	min_age	KNOWN	18	http://webserver.rilegislature.gov//Statutes/TITLE00/CONSTITUTION/Const_03.htm	State Constitution	R.I. Const. art. III, § 1 & art. II, § 1	Qualified elector (age 18)	1986-12-04	DERIVED	R.I. Const. art. III § 1 & art. II § 1	false	Disproves 30-year fallback
RI	lt_governor	us_citizenship	KNOWN	CITIZEN_REQUIRED	http://webserver.rilegislature.gov//Statutes/TITLE00/CONSTITUTION/Const_02.htm	State Constitution	R.I. Const. art. II, § 1	Citizen of the United States	1986-12-04	DERIVED	R.I. Const. art. II, § 1	false	none
RI	lt_governor	state_residence_years	NO_REQUIREMENT_FOUND	null	http://webserver.rilegislature.gov//Statutes/TITLE00/CONSTITUTION/Const_02.htm	State Constitution	R.I. Const. art. II, § 1	30 days elector residence; no 5-year requirement	1986-12-04	DIRECT	none	false	Disproves 5-year fallback
RI	lt_governor	district_residence	NOT_APPLICABLE	null	http://webserver.rilegislature.gov//Statutes/TITLE00/CONSTITUTION/Const_09.htm	State Constitution	R.I. Const. art. IX, § 1	Statewide office	1986-12-04	DIRECT	none	false	none
RI	lt_governor	elector_required	KNOWN	true	http://webserver.rilegislature.gov//Statutes/TITLE00/CONSTITUTION/Const_03.htm	State Constitution	R.I. Const. art. III, § 1	Qualified elector requirement	1986-12-04	DIRECT	none	false	none
RI	lt_governor	professional_qualification	NOT_APPLICABLE	null	http://webserver.rilegislature.gov//Statutes/TITLE00/CONSTITUTION/Const_09.htm	State Constitution	R.I. Const. art. IX, § 1	No professional qualification	1986-12-04	DIRECT	none	false	none
RI	attorney_general	office_existence	KNOWN	EXISTS	http://webserver.rilegislature.gov//Statutes/TITLE00/CONSTITUTION/Const_04.htm	State Constitution	R.I. Const. art. IV, § 1	General officer of the state	1986-12-04	DIRECT	none	false	none
RI	attorney_general	selection_type	KNOWN	ELECTED_GENERAL	http://webserver.rilegislature.gov//Statutes/TITLE00/CONSTITUTION/Const_04.htm	State Constitution	R.I. Const. art. IV, § 1	Elected statewide at general election	1986-12-04	DIRECT	none	false	none
RI	attorney_general	term_length_years	KNOWN	4	http://webserver.rilegislature.gov//Statutes/TITLE00/CONSTITUTION/Const_04.htm	State Constitution	R.I. Const. art. IV, § 1	Elected for terms of four years	1994-01-01	DIRECT	none	false	none
RI	attorney_general	term_limit	KNOWN	2_CONSECUTIVE	http://webserver.rilegislature.gov//Statutes/TITLE00/CONSTITUTION/Const_04.htm	State Constitution	R.I. Const. art. IV, § 1	No person shall serve consecutive terms for total of more than eight years	1994-01-01	DIRECT	none	false	Two consecutive terms max
RI	attorney_general	min_age	KNOWN	18	http://webserver.rilegislature.gov//Statutes/TITLE00/CONSTITUTION/Const_03.htm	State Constitution	R.I. Const. art. III, § 1 & art. II, § 1	Qualified elector (age 18)	1986-12-04	DERIVED	R.I. Const. art. III § 1 & art. II § 1	false	none
RI	attorney_general	us_citizenship	KNOWN	CITIZEN_REQUIRED	http://webserver.rilegislature.gov//Statutes/TITLE00/CONSTITUTION/Const_02.htm	State Constitution	R.I. Const. art. II, § 1	Citizen of the United States	1986-12-04	DERIVED	R.I. Const. art. II, § 1	false	none
RI	attorney_general	state_residence_years	NO_REQUIREMENT_FOUND	null	http://webserver.rilegislature.gov//Statutes/TITLE00/CONSTITUTION/Const_02.htm	State Constitution	R.I. Const. art. II, § 1	No 5-year requirement; 30 days elector residence	1986-12-04	DIRECT	none	false	Disproves 5-year fallback
RI	attorney_general	district_residence	NOT_APPLICABLE	null	http://webserver.rilegislature.gov//Statutes/TITLE00/CONSTITUTION/Const_04.htm	State Constitution	R.I. Const. art. IV, § 1	Statewide office	1986-12-04	DIRECT	none	false	none
RI	attorney_general	elector_required	KNOWN	true	http://webserver.rilegislature.gov//Statutes/TITLE00/CONSTITUTION/Const_03.htm	State Constitution	R.I. Const. art. III, § 1	Qualified elector requirement	1986-12-04	DIRECT	none	false	none
RI	attorney_general	professional_qualification	KNOWN	BAR_ADMISSION	http://webserver.rilegislature.gov//Statutes/TITLE42/42-9/INDEX.htm	General Laws	R.I. Gen. Laws § 42-9-1 et seq.	Head of department of attorney general; must be member of the Rhode Island bar in good standing to practice before courts	1956-01-01	DERIVED	R.I. Gen. Laws § 42-9-1 & Supreme Court bar rules	false	Admitted attorney
RI	secretary_of_state	office_existence	KNOWN	EXISTS	http://webserver.rilegislature.gov//Statutes/TITLE00/CONSTITUTION/Const_04.htm	State Constitution	R.I. Const. art. IV, § 1	General officer of the state	1986-12-04	DIRECT	none	false	none
RI	secretary_of_state	selection_type	KNOWN	ELECTED_GENERAL	http://webserver.rilegislature.gov//Statutes/TITLE00/CONSTITUTION/Const_04.htm	State Constitution	R.I. Const. art. IV, § 1	Elected statewide at general election	1986-12-04	DIRECT	none	false	none
RI	secretary_of_state	term_length_years	KNOWN	4	http://webserver.rilegislature.gov//Statutes/TITLE00/CONSTITUTION/Const_04.htm	State Constitution	R.I. Const. art. IV, § 1	Elected for terms of four years	1994-01-01	DIRECT	none	false	none
RI	secretary_of_state	term_limit	KNOWN	2_CONSECUTIVE	http://webserver.rilegislature.gov//Statutes/TITLE00/CONSTITUTION/Const_04.htm	State Constitution	R.I. Const. art. IV, § 1	No person shall serve consecutive terms for total of more than eight years	1994-01-01	DIRECT	none	false	Two consecutive terms max
RI	secretary_of_state	min_age	KNOWN	18	http://webserver.rilegislature.gov//Statutes/TITLE00/CONSTITUTION/Const_03.htm	State Constitution	R.I. Const. art. III, § 1 & art. II, § 1	Qualified elector (age 18)	1986-12-04	DERIVED	R.I. Const. art. III § 1 & art. II § 1	false	Disproves 30-year fallback
RI	secretary_of_state	us_citizenship	KNOWN	CITIZEN_REQUIRED	http://webserver.rilegislature.gov//Statutes/TITLE00/CONSTITUTION/Const_02.htm	State Constitution	R.I. Const. art. II, § 1	Citizen of the United States	1986-12-04	DERIVED	R.I. Const. art. II, § 1	false	none
RI	secretary_of_state	state_residence_years	NO_REQUIREMENT_FOUND	null	http://webserver.rilegislature.gov//Statutes/TITLE00/CONSTITUTION/Const_02.htm	State Constitution	R.I. Const. art. II, § 1	30 days elector residence; no 5-year requirement	1986-12-04	DIRECT	none	false	Disproves 5-year fallback
RI	secretary_of_state	district_residence	NOT_APPLICABLE	null	http://webserver.rilegislature.gov//Statutes/TITLE00/CONSTITUTION/Const_04.htm	State Constitution	R.I. Const. art. IV, § 1	Statewide office	1986-12-04	DIRECT	none	false	none
RI	secretary_of_state	elector_required	KNOWN	true	http://webserver.rilegislature.gov//Statutes/TITLE00/CONSTITUTION/Const_03.htm	State Constitution	R.I. Const. art. III, § 1	Qualified elector requirement	1986-12-04	DIRECT	none	false	none
RI	secretary_of_state	professional_qualification	NOT_APPLICABLE	null	http://webserver.rilegislature.gov//Statutes/TITLE00/CONSTITUTION/Const_04.htm	State Constitution	R.I. Const. art. IV, § 1	No professional qualification	1986-12-04	DIRECT	none	false	none
RI	lower_legislator	office_existence	KNOWN	EXISTS	http://webserver.rilegislature.gov//Statutes/TITLE00/CONSTITUTION/Const_06.htm	State Constitution	R.I. Const. art. VI, § 1	House of Representatives of Rhode Island	1986-12-04	DIRECT	none	false	75 members
RI	lower_legislator	selection_type	KNOWN	ELECTED_GENERAL	http://webserver.rilegislature.gov//Statutes/TITLE00/CONSTITUTION/Const_04.htm	State Constitution	R.I. Const. art. IV, § 1	Elected biennially in even-numbered years by electors of representative districts	1986-12-04	DIRECT	none	false	none
RI	lower_legislator	term_length_years	KNOWN	2	http://webserver.rilegislature.gov//Statutes/TITLE00/CONSTITUTION/Const_04.htm	State Constitution	R.I. Const. art. IV, § 1	Elected for terms of two years	1986-12-04	DIRECT	none	false	none
RI	lower_legislator	term_limit	NO_REQUIREMENT_FOUND	null	http://webserver.rilegislature.gov//Statutes/TITLE00/CONSTITUTION/Const_04.htm	State Constitution	R.I. Const. art. IV	No term limit for general assembly members	1986-12-04	DIRECT	none	false	No legislative term limits
RI	lower_legislator	min_age	KNOWN	18	http://webserver.rilegislature.gov//Statutes/TITLE00/CONSTITUTION/Const_03.htm	State Constitution	R.I. Const. art. III, § 1 & art. II, § 1	Qualified elector (age 18); no 21-year requirement in Art. VI	1986-12-04	DERIVED	R.I. Const. art. III § 1 & art. II § 1	false	Age 18
RI	lower_legislator	us_citizenship	KNOWN	CITIZEN_REQUIRED	http://webserver.rilegislature.gov//Statutes/TITLE00/CONSTITUTION/Const_02.htm	State Constitution	R.I. Const. art. II, § 1	Citizen of the United States	1986-12-04	DERIVED	R.I. Const. art. II, § 1	false	none
RI	lower_legislator	state_residence_years	NO_REQUIREMENT_FOUND	null	http://webserver.rilegislature.gov//Statutes/TITLE00/CONSTITUTION/Const_02.htm	State Constitution	R.I. Const. art. II, § 1	30 days elector residence	1986-12-04	DIRECT	none	false	Disproves 1-year fallback
RI	lower_legislator	district_residence	KNOWN	RESIDENCE_AT_ELECTION	http://webserver.rilegislature.gov//Statutes/TITLE00/CONSTITUTION/Const_03.htm	State Constitution	R.I. Const. art. III, § 1	Qualified elector for such office (district elector)	1986-12-04	DIRECT	none	false	none
RI	lower_legislator	elector_required	KNOWN	true	http://webserver.rilegislature.gov//Statutes/TITLE00/CONSTITUTION/Const_03.htm	State Constitution	R.I. Const. art. III, § 1	Qualified elector for such office	1986-12-04	DIRECT	none	false	none
RI	lower_legislator	professional_qualification	NOT_APPLICABLE	null	http://webserver.rilegislature.gov//Statutes/TITLE00/CONSTITUTION/Const_06.htm	State Constitution	R.I. Const. art. VI	No professional qualification	1986-12-04	DIRECT	none	false	none
RI	upper_legislator	office_existence	KNOWN	EXISTS	http://webserver.rilegislature.gov//Statutes/TITLE00/CONSTITUTION/Const_06.htm	State Constitution	R.I. Const. art. VI, § 1	Senate of Rhode Island	1986-12-04	DIRECT	none	false	38 members
RI	upper_legislator	selection_type	KNOWN	ELECTED_GENERAL	http://webserver.rilegislature.gov//Statutes/TITLE00/CONSTITUTION/Const_04.htm	State Constitution	R.I. Const. art. IV, § 1	Elected biennially in even-numbered years by electors of senatorial districts	1986-12-04	DIRECT	none	false	none
RI	upper_legislator	term_length_years	KNOWN	2	http://webserver.rilegislature.gov//Statutes/TITLE00/CONSTITUTION/Const_04.htm	State Constitution	R.I. Const. art. IV, § 1	Senators elected for terms of two years	1986-12-04	DIRECT	none	false	Senate serves 2-year terms
RI	upper_legislator	term_limit	NO_REQUIREMENT_FOUND	null	http://webserver.rilegislature.gov//Statutes/TITLE00/CONSTITUTION/Const_04.htm	State Constitution	R.I. Const. art. IV	No term limit for senators	1986-12-04	DIRECT	none	false	none
RI	upper_legislator	min_age	KNOWN	18	http://webserver.rilegislature.gov//Statutes/TITLE00/CONSTITUTION/Const_03.htm	State Constitution	R.I. Const. art. III, § 1 & art. II, § 1	Qualified elector (age 18); no 25-year requirement in Art. VI	1986-12-04	DERIVED	R.I. Const. art. III § 1 & art. II § 1	false	Age 18
RI	upper_legislator	us_citizenship	KNOWN	CITIZEN_REQUIRED	http://webserver.rilegislature.gov//Statutes/TITLE00/CONSTITUTION/Const_02.htm	State Constitution	R.I. Const. art. II, § 1	Citizen of the United States	1986-12-04	DERIVED	R.I. Const. art. II, § 1	false	none
RI	upper_legislator	state_residence_years	NO_REQUIREMENT_FOUND	null	http://webserver.rilegislature.gov//Statutes/TITLE00/CONSTITUTION/Const_02.htm	State Constitution	R.I. Const. art. II, § 1	30 days elector residence	1986-12-04	DIRECT	none	false	none
RI	upper_legislator	district_residence	KNOWN	RESIDENCE_AT_ELECTION	http://webserver.rilegislature.gov//Statutes/TITLE00/CONSTITUTION/Const_03.htm	State Constitution	R.I. Const. art. III, § 1	Qualified elector in district	1986-12-04	DIRECT	none	false	none
RI	upper_legislator	elector_required	KNOWN	true	http://webserver.rilegislature.gov//Statutes/TITLE00/CONSTITUTION/Const_03.htm	State Constitution	R.I. Const. art. III, § 1	Qualified elector for such office	1986-12-04	DIRECT	none	false	none
RI	upper_legislator	professional_qualification	NOT_APPLICABLE	null	http://webserver.rilegislature.gov//Statutes/TITLE00/CONSTITUTION/Const_06.htm	State Constitution	R.I. Const. art. VI	No professional qualification	1986-12-04	DIRECT	none	false	none
RI	nebraska_unicameral	office_existence	OFFICE_DOES_NOT_EXIST	null	http://webserver.rilegislature.gov//Statutes/TITLE00/CONSTITUTION/Const_06.htm	State Constitution	R.I. Const. art. VI, § 1	Rhode Island has bicameral General Assembly	1986-12-04	DIRECT	none	false	Unicameral N/A in RI
SC	governor	office_existence	KNOWN	EXISTS	https://www.scstatehouse.gov/scconstitution/scconst.php	State Constitution	S.C. Const. art. IV, § 1	The supreme executive authority of this State shall be vested in a Chief Magistrate... styled "The Governor of the State of South Carolina"	1895-12-04	DIRECT	none	false	none
SC	governor	selection_type	KNOWN	ELECTED_GENERAL_JOINT	https://www.scstatehouse.gov/scconstitution/scconst.php	State Constitution	S.C. Const. art. IV, § 8	Elected jointly with Lieutenant Governor by casting of single vote	2018-01-01	DIRECT	none	false	Joint ticket effective 2018 (ratified amendment)
SC	governor	term_length_years	KNOWN	4	https://www.scstatehouse.gov/scconstitution/scconst.php	State Constitution	S.C. Const. art. IV, § 3	Elected for term of four years	1926-01-01	DIRECT	none	false	none
SC	governor	term_limit	KNOWN	2_CONSECUTIVE	https://www.scstatehouse.gov/scconstitution/scconst.php	State Constitution	S.C. Const. art. IV, § 3	No person shall be elected Governor for more than two successive terms	1982-01-01	DIRECT	none	false	Successive terms limit (2 terms)
SC	governor	min_age	KNOWN	30	https://www.scstatehouse.gov/scconstitution/scconst.php	State Constitution	S.C. Const. art. IV, § 2	Have attained the age of thirty years by the date of election	1895-12-04	DIRECT	none	false	none
SC	governor	us_citizenship	KNOWN	CITIZEN_5_YEARS	https://www.scstatehouse.gov/scconstitution/scconst.php	State Constitution	S.C. Const. art. IV, § 2	Citizen of the United States and citizen and resident of South Carolina for five years next preceding election	1895-12-04	DIRECT	none	false	Explicit 5-year citizenship
SC	governor	state_residence_years	KNOWN	5	https://www.scstatehouse.gov/scconstitution/scconst.php	State Constitution	S.C. Const. art. IV, § 2	Citizen and resident of South Carolina for five years next preceding election	1895-12-04	DIRECT	none	false	none
SC	governor	district_residence	NOT_APPLICABLE	null	https://www.scstatehouse.gov/scconstitution/scconst.php	State Constitution	S.C. Const. art. IV, § 2	Statewide office	1895-12-04	DIRECT	none	false	none
SC	governor	elector_required	KNOWN	true	https://www.scstatehouse.gov/scconstitution/scconst.php	State Constitution	S.C. Const. art. XVII, § 1	Every qualified elector eligible to any office	1895-12-04	DERIVED	S.C. Const. art. XVII, § 1	false	Art. IV § 2 unenforceable religious test omitted under US Const Art VI cl 3
SC	governor	professional_qualification	NOT_APPLICABLE	null	https://www.scstatehouse.gov/scconstitution/scconst.php	State Constitution	S.C. Const. art. IV, § 2	No professional qualification	1895-12-04	DIRECT	none	false	none
SC	lt_governor	office_existence	KNOWN	EXISTS	https://www.scstatehouse.gov/scconstitution/scconst.php	State Constitution	S.C. Const. art. IV, § 8	Lieutenant Governor elected jointly with governor	1895-12-04	DIRECT	none	false	Joint ticket effective 2018
SC	lt_governor	selection_type	KNOWN	ELECTED_GENERAL_JOINT	https://www.scstatehouse.gov/scconstitution/scconst.php	State Constitution	S.C. Const. art. IV, § 8	Elected jointly with governor on single ballot	2018-01-01	DIRECT	none	false	Joint ticket
SC	lt_governor	term_length_years	KNOWN	4	https://www.scstatehouse.gov/scconstitution/scconst.php	State Constitution	S.C. Const. art. IV, § 8	Elected for term of four years concurrent with governor	1895-12-04	DIRECT	none	false	none
SC	lt_governor	term_limit	KNOWN	2_CONSECUTIVE	https://www.scstatehouse.gov/scconstitution/scconst.php	State Constitution	S.C. Const. art. IV, § 8	No person shall be elected Lieutenant Governor for more than two successive terms	2018-01-01	DIRECT	none	false	Successive terms limit (effective 2018)
SC	lt_governor	min_age	KNOWN	30	https://www.scstatehouse.gov/scconstitution/scconst.php	State Constitution	S.C. Const. art. IV, § 9	Qualifications of Lieutenant Governor shall be the same as for Governor (attained age 30)	1895-12-04	DIRECT	none	false	none
SC	lt_governor	us_citizenship	KNOWN	CITIZEN_5_YEARS	https://www.scstatehouse.gov/scconstitution/scconst.php	State Constitution	S.C. Const. art. IV, § 9	Same qualifications as governor: citizen of US for five years	1895-12-04	DIRECT	none	false	none
SC	lt_governor	state_residence_years	KNOWN	5	https://www.scstatehouse.gov/scconstitution/scconst.php	State Constitution	S.C. Const. art. IV, § 9	Same qualifications as governor: resident of SC for five years next preceding election	1895-12-04	DIRECT	none	false	none
SC	lt_governor	district_residence	NOT_APPLICABLE	null	https://www.scstatehouse.gov/scconstitution/scconst.php	State Constitution	S.C. Const. art. IV, § 9	Statewide office	1895-12-04	DIRECT	none	false	none
SC	lt_governor	elector_required	KNOWN	true	https://www.scstatehouse.gov/scconstitution/scconst.php	State Constitution	S.C. Const. art. XVII, § 1	Qualified elector	1895-12-04	DERIVED	S.C. Const. art. XVII, § 1	false	none
SC	lt_governor	professional_qualification	NOT_APPLICABLE	null	https://www.scstatehouse.gov/scconstitution/scconst.php	State Constitution	S.C. Const. art. IV, § 9	No professional qualification	1895-12-04	DIRECT	none	false	none
SC	attorney_general	office_existence	KNOWN	EXISTS	https://www.scstatehouse.gov/scconstitution/scconst.php	State Constitution	S.C. Const. art. VI, § 7	Constitutional officer of the Executive Department	1895-12-04	DIRECT	none	false	none
SC	attorney_general	selection_type	KNOWN	ELECTED_GENERAL	https://www.scstatehouse.gov/scconstitution/scconst.php	State Constitution	S.C. Const. art. VI, § 7	Elected by the qualified electors of the State	1895-12-04	DIRECT	none	false	none
SC	attorney_general	term_length_years	KNOWN	4	https://www.scstatehouse.gov/scconstitution/scconst.php	State Constitution	S.C. Const. art. VI, § 7	Elected for term of four years	1926-01-01	DIRECT	none	false	none
SC	attorney_general	term_limit	NO_REQUIREMENT_FOUND	null	https://www.scstatehouse.gov/scconstitution/scconst.php	State Constitution	S.C. Const. art. VI, § 7	No term limit for Attorney General	1895-12-04	DIRECT	none	false	No term limits
SC	attorney_general	min_age	KNOWN	18	https://www.scstatehouse.gov/scconstitution/scconst.php	State Constitution	S.C. Const. art. XVII, § 1 & art. II, § 4	Every qualified elector eligible to office (voting age 18); no separate age in Art. VI	1895-12-04	DERIVED	S.C. Const. art. XVII § 1 & art. II § 4	false	Age 18
SC	attorney_general	us_citizenship	KNOWN	CITIZEN_REQUIRED	https://www.scstatehouse.gov/scconstitution/scconst.php	State Constitution	S.C. Const. art. II, § 3	Citizen of the United States	1895-12-04	DERIVED	S.C. Const. art. II, § 3	false	none
SC	attorney_general	state_residence_years	NO_REQUIREMENT_FOUND	null	https://www.scstatehouse.gov/scconstitution/scconst.php	State Constitution	S.C. Const. art. VI, § 7	No 5-year constitutional requirement	1895-12-04	DIRECT	none	false	Disproves 5-year fallback
SC	attorney_general	district_residence	NOT_APPLICABLE	null	https://www.scstatehouse.gov/scconstitution/scconst.php	State Constitution	S.C. Const. art. VI, § 7	Statewide office	1895-12-04	DIRECT	none	false	none
SC	attorney_general	elector_required	KNOWN	true	https://www.scstatehouse.gov/scconstitution/scconst.php	State Constitution	S.C. Const. art. XVII, § 1	Qualified elector	1895-12-04	DIRECT	none	false	none
SC	attorney_general	professional_qualification	NO_REQUIREMENT_FOUND	null	https://www.scstatehouse.gov/code/t01c007.php	Enacted Statutes	S.C. Code Ann. § 1-7-10 et seq.	Neither constitution nor general statutes establish explicit bar admission requirement for elected AG; practical appearances governed by court rules	1895-12-04	DIRECT	none	false	No explicit constitutional bar mandate
SC	secretary_of_state	office_existence	KNOWN	EXISTS	https://www.scstatehouse.gov/scconstitution/scconst.php	State Constitution	S.C. Const. art. VI, § 7	Constitutional officer of the Executive Department	1895-12-04	DIRECT	none	false	none
SC	secretary_of_state	selection_type	KNOWN	ELECTED_GENERAL	https://www.scstatehouse.gov/scconstitution/scconst.php	State Constitution	S.C. Const. art. VI, § 7	Elected by the qualified electors of the State	1895-12-04	DIRECT	none	false	none
SC	secretary_of_state	term_length_years	KNOWN	4	https://www.scstatehouse.gov/scconstitution/scconst.php	State Constitution	S.C. Const. art. VI, § 7	Elected for term of four years	1926-01-01	DIRECT	none	false	none
SC	secretary_of_state	term_limit	NO_REQUIREMENT_FOUND	null	https://www.scstatehouse.gov/scconstitution/scconst.php	State Constitution	S.C. Const. art. VI, § 7	No term limit for Secretary of State	1895-12-04	DIRECT	none	false	none
SC	secretary_of_state	min_age	KNOWN	18	https://www.scstatehouse.gov/scconstitution/scconst.php	State Constitution	S.C. Const. art. XVII, § 1 & art. II, § 4	Qualified elector (age 18)	1895-12-04	DERIVED	S.C. Const. art. XVII § 1 & art. II § 4	false	Age 18
SC	secretary_of_state	us_citizenship	KNOWN	CITIZEN_REQUIRED	https://www.scstatehouse.gov/scconstitution/scconst.php	State Constitution	S.C. Const. art. II, § 3	Citizen of the United States	1895-12-04	DERIVED	S.C. Const. art. II, § 3	false	none
SC	secretary_of_state	state_residence_years	NO_REQUIREMENT_FOUND	null	https://www.scstatehouse.gov/scconstitution/scconst.php	State Constitution	S.C. Const. art. VI, § 7	No multi-year residence requirement in Art. VI	1895-12-04	DIRECT	none	false	Disproves 5-year fallback
SC	secretary_of_state	district_residence	NOT_APPLICABLE	null	https://www.scstatehouse.gov/scconstitution/scconst.php	State Constitution	S.C. Const. art. VI, § 7	Statewide office	1895-12-04	DIRECT	none	false	none
SC	secretary_of_state	elector_required	KNOWN	true	https://www.scstatehouse.gov/scconstitution/scconst.php	State Constitution	S.C. Const. art. XVII, § 1	Qualified elector	1895-12-04	DIRECT	none	false	none
SC	secretary_of_state	professional_qualification	NOT_APPLICABLE	null	https://www.scstatehouse.gov/scconstitution/scconst.php	State Constitution	S.C. Const. art. VI, § 7	No professional qualification	1895-12-04	DIRECT	none	false	none
SC	lower_legislator	office_existence	KNOWN	EXISTS	https://www.scstatehouse.gov/scconstitution/scconst.php	State Constitution	S.C. Const. art. III, § 1	House of Representatives of South Carolina	1895-12-04	DIRECT	none	false	124 members
SC	lower_legislator	selection_type	KNOWN	ELECTED_GENERAL	https://www.scstatehouse.gov/scconstitution/scconst.php	State Constitution	S.C. Const. art. III, § 2	Chosen by the qualified electors of the respective districts	1895-12-04	DIRECT	none	false	none
SC	lower_legislator	term_length_years	KNOWN	2	https://www.scstatehouse.gov/scconstitution/scconst.php	State Constitution	S.C. Const. art. III, § 6	Chosen for term of two years	1895-12-04	DIRECT	none	false	none
SC	lower_legislator	term_limit	NO_REQUIREMENT_FOUND	null	https://www.scstatehouse.gov/scconstitution/scconst.php	State Constitution	S.C. Const. art. III	No term limit for representatives	1895-12-04	DIRECT	none	false	No legislative term limits
SC	lower_legislator	min_age	KNOWN	21	https://www.scstatehouse.gov/scconstitution/scconst.php	State Constitution	S.C. Const. art. III, § 7	At least twenty-one years of age	1895-12-04	DIRECT	none	false	none
SC	lower_legislator	us_citizenship	KNOWN	CITIZEN_REQUIRED	https://www.scstatehouse.gov/scconstitution/scconst.php	State Constitution	S.C. Const. art. II, § 3	Citizen of the United States	1895-12-04	DERIVED	S.C. Const. art. II, § 3	false	none
SC	lower_legislator	state_residence_years	NO_REQUIREMENT_FOUND	null	https://www.scstatehouse.gov/scconstitution/scconst.php	State Constitution	S.C. Const. art. III, § 7	No multi-year state residence requirement separate from district residence	1895-12-04	DIRECT	none	false	Disproves 1-year fallback
SC	lower_legislator	district_residence	KNOWN	RESIDENCE_AT_FILING	https://www.scstatehouse.gov/scconstitution/scconst.php	State Constitution	S.C. Const. art. III, § 7	Legal resident of the district at the time they file for office	1895-12-04	DIRECT	none	false	Residence tested at filing
SC	lower_legislator	elector_required	KNOWN	true	https://www.scstatehouse.gov/scconstitution/scconst.php	State Constitution	S.C. Const. art. III, § 7	Duly qualified elector in the district	1895-12-04	DIRECT	none	false	none
SC	lower_legislator	professional_qualification	NOT_APPLICABLE	null	https://www.scstatehouse.gov/scconstitution/scconst.php	State Constitution	S.C. Const. art. III, § 7	No professional qualification	1895-12-04	DIRECT	none	false	none
SC	upper_legislator	office_existence	KNOWN	EXISTS	https://www.scstatehouse.gov/scconstitution/scconst.php	State Constitution	S.C. Const. art. III, § 1	Senate of South Carolina	1895-12-04	DIRECT	none	false	46 members
SC	upper_legislator	selection_type	KNOWN	ELECTED_GENERAL	https://www.scstatehouse.gov/scconstitution/scconst.php	State Constitution	S.C. Const. art. III, § 8	Chosen by the qualified electors of the respective senatorial districts	1895-12-04	DIRECT	none	false	none
SC	upper_legislator	term_length_years	KNOWN	4	https://www.scstatehouse.gov/scconstitution/scconst.php	State Constitution	S.C. Const. art. III, § 8	Elected for terms of four years (all elected together every four years)	1895-12-04	DIRECT	none	false	Senate serves 4-year terms
SC	upper_legislator	term_limit	NO_REQUIREMENT_FOUND	null	https://www.scstatehouse.gov/scconstitution/scconst.php	State Constitution	S.C. Const. art. III	No term limit for senators	1895-12-04	DIRECT	none	false	none
SC	upper_legislator	min_age	KNOWN	25	https://www.scstatehouse.gov/scconstitution/scconst.php	State Constitution	S.C. Const. art. III, § 7	At least twenty-five years of age	1895-12-04	DIRECT	none	false	none
SC	upper_legislator	us_citizenship	KNOWN	CITIZEN_REQUIRED	https://www.scstatehouse.gov/scconstitution/scconst.php	State Constitution	S.C. Const. art. II, § 3	Citizen of the United States	1895-12-04	DERIVED	S.C. Const. art. II, § 3	false	none
SC	upper_legislator	state_residence_years	NO_REQUIREMENT_FOUND	null	https://www.scstatehouse.gov/scconstitution/scconst.php	State Constitution	S.C. Const. art. III, § 7	No multi-year state residence requirement	1895-12-04	DIRECT	none	false	none
SC	upper_legislator	district_residence	KNOWN	RESIDENCE_AT_FILING	https://www.scstatehouse.gov/scconstitution/scconst.php	State Constitution	S.C. Const. art. III, § 7	Legal resident of the district at the time they file for office	1895-12-04	DIRECT	none	false	Residence tested at filing
SC	upper_legislator	elector_required	KNOWN	true	https://www.scstatehouse.gov/scconstitution/scconst.php	State Constitution	S.C. Const. art. III, § 7	Duly qualified elector in the district	1895-12-04	DIRECT	none	false	none
SC	upper_legislator	professional_qualification	NOT_APPLICABLE	null	https://www.scstatehouse.gov/scconstitution/scconst.php	State Constitution	S.C. Const. art. III, § 7	No professional qualification	1895-12-04	DIRECT	none	false	none
SC	nebraska_unicameral	office_existence	OFFICE_DOES_NOT_EXIST	null	https://www.scstatehouse.gov/scconstitution/scconst.php	State Constitution	S.C. Const. art. III, § 1	South Carolina has bicameral General Assembly	1895-12-04	DIRECT	none	false	Unicameral N/A in SC

